UDI,Product ID,Type,Air temperature [K],Process temperature [K],Rotational speed [rpm],Torque [Nm],Tool wear [min],Machine failure,Failure Mode,TWF,HDF,PWF,OSF,RNF,RUL [min],Health Index [%]
1,M10000,M,296.6,307.8,1291.0,33.8,0.0,0,No Failure,0,0,0,0,0,220.0,100.0
2,L10001,L,302.0,312.4,1452.0,35.2,3.0,0,No Failure,0,0,0,0,0,218.0,99.1
3,H10002,H,302.1,312.0,1427.0,26.3,5.0,0,No Failure,0,0,0,0,0,217.0,98.7
4,M10003,M,299.2,310.9,1168.0,39.6,10.0,0,No Failure,0,0,0,0,0,213.4,97.0
5,L10004,L,301.0,311.0,1168.0,37.3,14.0,0,No Failure,0,0,0,0,0,210.7,95.8
6,H10005,H,299.6,310.5,1168.0,58.2,17.0,0,No Failure,0,0,0,0,0,207.5,94.3
7,M10006,M,300.5,312.5,1213.0,48.6,23.0,0,No Failure,0,0,0,0,0,203.7,92.6
8,M10007,M,298.0,308.8,1347.0,34.9,27.0,0,No Failure,0,0,0,0,0,202.9,92.2
9,L10008,L,301.1,310.1,1566.0,23.3,31.0,0,No Failure,0,0,0,0,0,202.0,91.8
10,L10009,L,297.1,305.9,1436.0,17.2,34.0,1,PWF (Power Failure),0,0,1,0,0,4.4,81.3
11,L10010,L,296.7,306.4,1351.0,29.7,36.0,0,No Failure,0,0,0,0,0,196.4,89.3
12,H10011,H,299.8,310.5,1463.0,26.7,39.0,0,No Failure,0,0,0,0,0,197.6,89.8
13,M10012,M,299.7,310.1,1320.0,43.5,44.0,0,No Failure,0,0,0,0,0,190.1,86.4
14,H10013,H,300.5,312.7,1168.0,38.6,48.0,0,No Failure,0,0,0,0,0,189.5,86.1
15,L10014,L,298.9,309.3,1270.0,40.2,53.0,0,No Failure,0,0,0,0,0,183.9,83.6
16,L10015,L,303.4,313.1,1168.0,30.5,55.0,0,No Failure,0,0,0,0,0,180.5,82.1
17,M10016,M,300.3,309.2,1168.0,41.5,58.0,0,No Failure,0,0,0,0,0,169.1,76.9
18,L10017,L,300.5,311.7,1168.0,25.8,61.0,1,PWF (Power Failure),0,0,1,0,0,1.5,75.5
19,H10018,H,300.4,310.4,1168.0,39.1,63.0,0,No Failure,0,0,0,0,0,179.8,81.7
20,M10019,M,301.9,310.4,1168.0,48.3,68.0,1,HDF (Heat Dissipation),0,1,0,0,0,1.4,70.7
21,M10020,M,301.1,311.1,1168.0,36.3,71.0,0,No Failure,0,0,0,0,0,174.6,79.4
22,L10021,L,300.9,309.9,1168.0,44.4,75.0,0,No Failure,0,0,0,0,0,156.0,70.9
23,H10022,H,301.4,311.0,1350.0,20.2,78.0,1,PWF (Power Failure),0,0,1,0,0,1.4,70.0
24,H10023,H,296.8,306.8,1365.0,19.4,84.0,1,PWF (Power Failure),0,0,1,0,0,6.3,69.4
25,M10024,M,296.9,306.0,1168.0,43.3,89.0,0,No Failure,0,0,0,0,0,149.7,68.1
26,L10025,L,299.9,309.4,1430.0,50.5,92.0,0,No Failure,0,0,0,0,0,151.2,68.7
27,L10026,L,299.7,309.0,1168.0,37.6,95.0,0,No Failure,0,0,0,0,0,149.1,67.8
28,L10027,L,301.1,310.4,1168.0,61.5,97.0,0,No Failure,0,0,0,0,0,133.8,60.8
29,L10028,L,300.1,309.1,1370.0,25.6,99.0,0,No Failure,0,0,0,0,0,154.2,70.1
30,M10029,M,301.1,310.6,1168.0,33.2,101.0,0,No Failure,0,0,0,0,0,151.6,68.9
31,M10030,M,297.8,306.9,1168.0,41.4,104.0,0,No Failure,0,0,0,0,0,140.7,63.9
32,H10031,H,300.1,310.7,1256.0,44.6,108.0,0,No Failure,0,0,0,0,0,148.0,67.3
33,L10032,L,297.7,307.9,1168.0,34.2,114.0,0,No Failure,0,0,0,0,0,146.4,66.6
34,L10033,L,300.8,312.0,1180.0,-27.7,116.0,0,No Failure,0,0,0,0,0,143.9,65.4
35,L10034,L,296.7,308.6,1342.0,46.2,118.0,0,No Failure,0,0,0,0,0,135.4,61.5
36,L10035,L,300.7,301.37,1208.0,41.3,121.0,0,No Failure,0,0,0,0,0,136.8,62.2
37,L10036,L,297.5,307.9,1345.0,36.6,123.0,0,No Failure,0,0,0,0,0,138.9,63.1
38,L10037,L,299.4,310.1,1168.0,45.0,126.0,0,No Failure,0,0,0,0,0,130.5,59.3
39,L10038,L,301.7,312.2,1168.0,38.6,129.0,0,No Failure,0,0,0,0,0,133.4,60.6
40,M10039,M,300.5,310.6,1168.0,38.6,131.0,0,No Failure,0,0,0,0,0,134.5,61.2
41,L10040,L,305.94,307.2,1168.0,38.2,135.0,0,No Failure,0,0,0,0,0,129.7,58.9
42,H10041,H,298.9,307.9,1220.0,31.8,138.0,0,No Failure,0,0,0,0,0,126.9,57.7
43,M10042,M,297.4,308.2,1209.0,30.8,143.0,0,No Failure,0,0,0,0,0,132.9,60.4
44,L10043,L,297.1,307.1,1366.0,34.7,147.0,0,No Failure,0,0,0,0,0,124.7,56.7
45,H10044,H,300.3,311.7,1280.0,40.3,149.0,0,No Failure,0,0,0,0,0,124.0,56.3
46,H10045,H,301.1,312.0,1168.0,21.3,154.0,1,PWF (Power Failure),0,0,1,0,0,3.9,51.6
47,L10046,L,300.9,310.3,1305.0,49.4,160.0,0,No Failure,0,0,0,0,0,98.3,44.7
48,L10047,L,301.2,312.4,1295.0,40.2,162.0,0,No Failure,0,0,0,0,0,109.6,49.8
49,M10048,M,300.1,307.5,1357.0,29.3,164.0,1,HDF (Heat Dissipation),0,1,0,0,0,7.3,50.4
50,L10049,L,299.7,311.6,1661.41,56.2,167.0,0,No Failure,0,0,0,0,0,90.2,41.0
51,L10050,L,307.54,306.9,1670.13,40.4,170.0,0,No Failure,0,0,0,0,0,89.7,40.8
52,L10051,L,,309.9,1168.0,26.6,172.0,1,PWF (Power Failure),0,0,1,0,0,7.9,46.3
53,M10052,M,297.8,308.2,1304.0,55.7,175.0,0,No Failure,0,0,0,0,0,89.4,40.6
54,M10053,M,298.6,309.7,1168.0,53.5,,0,No Failure,0,0,0,0,0,88.6,40.3
55,M10054,M,300.3,310.0,1168.0,30.9,183.0,0,No Failure,0,0,0,0,0,104.5,47.5
56,M10055,M,300.0,307.9,1188.0,36.8,187.0,1,HDF (Heat Dissipation),0,1,0,0,0,3.6,34.9
57,L10056,L,314.92,315.4,1168.0,35.4,191.0,0,No Failure,0,0,0,0,0,92.1,41.9
58,M10057,M,297.7,307.5,1624.0,21.1,193.0,0,No Failure,0,0,0,0,0,106.9,48.6
59,L10058,L,299.9,307.9,1230.0,43.2,197.0,1,HDF (Heat Dissipation),0,1,0,0,0,1.1,28.6
60,L10059,L,297.6,307.6,1168.0,48.5,199.0,0,No Failure,0,0,0,0,0,74.5,33.9
61,M10060,M,299.5,308.4,1168.0,46.6,202.0,0,No Failure,0,0,0,0,0,67.2,30.6
62,L10061,L,299.6,310.2,1168.0,40.3,206.0,0,No Failure,0,0,0,0,0,79.5,36.2
63,M10062,M,301.7,311.5,1329.0,49.4,208.0,1,TWF (Tool Wear Failure),1,0,0,0,0,3.3,32.2
64,M10063,M,299.4,311.4,1168.0,28.6,212.0,1,PWF (Power Failure),0,0,1,0,0,6.0,38.7
65,M10064,M,299.8,309.5,1203.0,58.2,,1,OSF (Overstrain Failure),0,0,0,1,0,4.6,23.9
66,M10065,M,299.4,309.8,1303.0,32.3,220.0,0,No Failure,0,0,0,0,0,84.1,38.2
67,M10066,M,297.7,307.5,1281.0,33.4,223.0,0,No Failure,0,0,0,0,0,79.4,36.1
68,L10067,L,299.0,307.4,1248.0,34.2,227.0,1,HDF (Heat Dissipation),0,1,0,0,0,6.6,27.0
69,L10068,L,299.5,309.3,1285.0,33.5,230.0,1,TWF (Tool Wear Failure),1,0,0,0,0,7.0,32.3
70,L10069,L,300.3,311.1,1168.0,38.1,233.0,0,No Failure,0,0,0,0,0,64.2,29.2
71,L10070,L,301.2,311.8,1168.0,37.7,0.0,0,No Failure,0,0,0,0,0,220.0,100.0
72,L10071,L,299.8,309.5,1269.0,41.3,2.0,0,No Failure,0,0,0,0,0,216.2,98.3
73,H10072,H,299.8,308.3,1168.0,31.8,5.0,1,HDF (Heat Dissipation),0,1,0,0,0,7.0,91.1
74,L10073,L,297.1,307.7,1168.0,41.7,11.0,0,No Failure,0,0,0,0,0,212.4,96.5
75,L10074,L,301.2,298.83,1168.0,29.1,14.0,0,No Failure,0,0,0,0,0,204.8,93.1
76,L10075,L,299.0,309.8,1168.0,47.3,17.0,0,No Failure,0,0,0,0,0,207.7,94.4
77,L10076,L,301.6,311.3,1168.0,47.2,20.0,0,No Failure,0,0,0,0,0,202.2,91.9
78,M10077,M,302.6,310.9,1168.0,39.9,23.0,1,HDF (Heat Dissipation),0,1,0,0,0,7.0,84.6
79,M10078,M,299.9,310.4,1310.0,33.5,27.0,0,No Failure,0,0,0,0,0,203.1,92.3
80,M10079,M,298.4,308.4,1168.0,43.1,30.0,0,No Failure,0,0,0,0,0,199.7,90.8
81,M10080,M,300.2,311.6,1168.0,31.1,33.0,0,No Failure,0,0,0,0,0,199.8,90.8
82,L10081,L,300.9,310.9,1178.0,40.3,37.0,0,No Failure,0,0,0,0,0,194.8,88.5
83,H10082,H,299.7,309.7,1238.0,38.5,40.0,0,No Failure,0,0,0,0,0,194.6,88.4
84,L10083,L,299.2,309.6,1168.0,66.3,45.0,0,No Failure,0,0,0,0,0,182.3,82.9
85,L10084,L,301.3,310.7,1373.0,27.7,47.0,0,No Failure,0,0,0,0,0,189.5,86.1
86,L10085,L,301.2,310.6,1695.0,13.3,49.0,1,PWF (Power Failure),0,0,1,0,0,7.4,78.4
87,M10086,M,299.6,309.5,1299.0,33.6,52.0,0,No Failure,0,0,0,0,0,186.8,84.9
88,L10087,L,297.3,306.4,1168.0,22.8,56.0,1,PWF (Power Failure),0,0,1,0,0,3.6,70.8
89,L10088,L,301.1,310.9,1386.0,32.7,59.0,0,No Failure,0,0,0,0,0,181.9,82.7
90,M10089,M,298.9,310.8,1264.0,27.0,62.0,0,No Failure,0,0,0,0,0,177.3,80.6
91,L10090,L,300.7,322.53,1168.0,31.0,66.0,0,No Failure,0,0,0,0,0,178.5,81.1
92,M10091,M,300.5,310.8,1224.0,29.4,68.0,0,No Failure,0,0,0,0,0,178.2,81.0
93,L10092,L,296.9,308.5,1168.0,49.6,71.0,0,No Failure,0,0,0,0,0,167.6,76.2
94,L10093,L,300.4,309.6,1168.0,39.5,74.0,0,No Failure,0,0,0,0,0,161.1,73.2
95,L10094,L,301.2,313.7,1168.0,50.8,77.0,0,No Failure,0,0,0,0,0,162.7,73.9
96,M10095,M,301.4,310.9,1299.0,40.4,79.0,0,No Failure,0,0,0,0,0,164.4,74.7
97,L10096,L,300.5,312.5,1168.0,49.3,83.0,0,No Failure,0,0,0,0,0,158.9,72.2
98,L10097,L,296.7,308.7,1168.0,37.0,86.0,0,No Failure,0,0,0,0,0,163.1,74.1
99,L10098,L,302.6,310.8,1168.0,55.9,88.0,1,HDF (Heat Dissipation),0,1,0,0,0,2.1,60.0
100,H10099,H,301.0,312.5,1400.0,44.7,90.0,0,No Failure,0,0,0,0,0,160.0,72.7
101,H10100,H,298.1,307.8,1168.0,32.2,95.0,0,No Failure,0,0,0,0,0,159.4,72.4
102,M10101,M,298.9,308.3,1168.0,46.2,100.0,0,No Failure,0,0,0,0,0,144.0,65.5
103,L10102,L,300.7,311.2,1168.0,40.3,103.0,0,No Failure,0,0,0,0,0,149.8,68.1
104,H10103,H,301.5,310.5,1418.0,38.0,105.0,0,No Failure,0,0,0,0,0,152.1,69.2
105,M10104,M,299.4,309.9,1168.0,41.0,111.0,0,No Failure,0,0,0,0,0,146.1,66.4
106,M10105,M,301.8,310.9,1168.0,47.5,115.0,0,No Failure,0,0,0,0,0,129.5,58.8
107,L10106,L,297.1,307.3,1455.0,18.8,119.0,1,PWF (Power Failure),0,0,1,0,0,2.1,60.1
108,L10107,L,298.4,309.7,1224.0,36.5,122.0,0,No Failure,0,0,0,0,0,139.6,63.5
109,L10108,L,296.6,307.0,1216.0,46.8,125.0,0,No Failure,0,0,0,0,0,129.9,59.0
110,H10109,H,298.7,308.3,1168.0,42.5,127.0,0,No Failure,0,0,0,0,0,132.3,60.1
111,L10110,L,303.0,313.5,1233.0,28.7,132.0,0,No Failure,0,0,0,0,0,136.6,62.1
112,L10111,L,304.0,312.6,1587.0,16.3,135.0,1,PWF (Power Failure),0,0,1,0,0,6.1,57.0
113,L10112,L,300.8,310.0,1204.0,57.0,138.0,0,No Failure,0,0,0,0,0,103.4,47.0
114,M10113,M,299.2,308.8,1293.0,38.1,140.0,0,No Failure,0,0,0,0,0,126.3,57.4
115,L10114,L,308.98,310.7,1168.0,55.1,144.0,0,No Failure,0,0,0,0,0,109.0,49.6
116,H10115,H,301.2,311.6,1248.0,47.9,147.0,0,No Failure,0,0,0,0,0,119.6,54.4
117,M10116,M,297.5,308.0,1357.0,32.1,152.0,0,No Failure,0,0,0,0,0,126.3,57.4
118,M10117,M,299.3,296.88,1403.0,15.0,155.0,1,PWF (Power Failure),0,0,1,0,0,6.3,53.2
119,L10118,L,302.9,312.1,1269.0,35.4,159.0,0,No Failure,0,0,0,0,0,109.9,50.0
120,M10119,M,298.5,310.0,1168.0,,162.0,0,No Failure,0,0,0,0,0,113.4,51.6
121,M10120,M,299.0,308.3,1340.0,44.5,165.0,0,No Failure,0,0,0,0,0,103.6,47.1
122,M10121,M,300.4,310.8,1360.0,28.9,169.0,0,No Failure,0,0,0,0,0,118.8,54.0
123,L10122,L,300.9,310.8,1168.0,41.8,172.0,0,No Failure,0,0,0,0,0,100.1,45.5
124,L10123,L,299.2,309.8,1168.0,41.8,175.0,0,No Failure,0,0,0,0,0,99.1,45.1
125,L10124,L,300.5,309.9,1168.0,49.9,178.0,0,No Failure,0,0,0,0,0,81.8,37.2
126,L10125,L,301.5,312.6,1241.0,36.9,180.0,0,No Failure,0,0,0,0,0,100.9,45.9
127,L10126,L,312.54,315.3,1327.0,44.4,182.0,0,No Failure,0,0,0,0,0,91.4,41.6
128,L10127,L,300.1,311.1,1168.0,42.9,185.0,0,No Failure,0,0,0,0,0,91.0,41.4
129,L10128,L,300.3,310.5,666.7,48.8,187.0,0,No Failure,0,0,0,0,0,83.0,37.7
130,M10129,M,303.1,312.7,1236.0,31.8,189.0,0,No Failure,0,0,0,0,0,100.0,45.5
131,L10130,L,299.4,312.2,1643.0,9.3,193.0,1,PWF (Power Failure),0,0,1,0,0,1.3,46.5
132,H10131,H,298.0,307.0,1319.0,37.6,196.0,0,No Failure,0,0,0,0,0,90.6,41.2
133,M10132,M,300.8,311.7,1213.0,37.7,202.0,0,No Failure,0,0,0,0,0,89.2,40.6
134,L10133,L,302.3,312.6,1297.0,28.4,205.0,0,No Failure,0,0,0,0,0,94.9,43.1
135,M10134,M,301.0,310.9,1409.0,24.9,208.0,1,TWF (Tool Wear Failure),1,0,0,0,0,5.6,43.8
136,L10135,L,300.2,310.4,1168.0,34.3,211.0,1,TWF (Tool Wear Failure),1,0,0,0,0,2.8,38.1
137,H10136,H,297.8,307.3,1168.0,38.9,213.0,1,TWF (Tool Wear Failure),1,0,0,0,0,4.6,35.8
138,L10137,L,300.3,310.7,1168.0,41.0,0.0,0,No Failure,0,0,0,0,0,220.0,100.0
139,M10138,M,302.6,312.9,1535.0,-32.74,3.0,1,PWF (Power Failure),0,0,1,0,0,2.7,89.3
140,L10139,L,298.2,310.9,1418.0,22.5,6.0,1,PWF (Power Failure),0,0,1,0,0,0.5,92.7
141,L10140,L,309.58,311.1,1168.0,51.3,8.0,0,No Failure,0,0,0,0,0,214.0,97.3
142,L10141,L,299.7,310.2,1338.0,38.1,10.0,0,No Failure,0,0,0,0,0,213.3,97.0
143,H10142,H,299.2,309.8,1168.0,40.0,12.0,0,No Failure,0,0,0,0,0,212.3,96.5
144,M10143,M,300.9,312.7,1168.0,82.31,18.0,1,PWF (Power Failure),0,0,1,0,0,7.8,88.5
145,L10144,L,301.2,310.2,1194.0,40.0,22.0,0,No Failure,0,0,0,0,0,194.0,88.2
146,L10145,L,301.2,311.0,1168.0,-11.31,24.0,0,No Failure,0,0,0,0,0,202.0,91.8
147,L10146,L,289.73,,1168.0,33.8,26.0,1,HDF (Heat Dissipation),0,1,0,0,0,5.5,82.9
148,M10147,M,297.5,308.1,1411.0,25.4,29.0,0,No Failure,0,0,0,0,0,201.9,91.8
149,L10148,L,300.9,311.7,1168.0,31.3,32.0,0,No Failure,0,0,0,0,0,199.9,90.9
150,L10149,L,299.5,308.5,1168.0,59.7,34.0,0,No Failure,0,0,0,0,0,181.9,82.7
151,H10150,H,303.8,315.2,1240.0,36.5,-261.91,0,No Failure,0,0,0,0,0,197.5,89.8
152,H10151,H,303.8,313.1,1168.0,47.9,42.0,0,No Failure,0,0,0,0,0,183.6,83.5
153,L10152,L,304.0,313.7,1168.0,38.0,48.0,0,No Failure,0,0,0,0,0,184.6,83.9
154,M10153,M,298.8,308.9,1419.0,36.9,50.0,0,No Failure,0,0,0,0,0,187.9,85.4
155,L10154,L,301.5,313.1,1168.0,33.6,53.0,0,No Failure,0,0,0,0,0,186.0,84.5
156,M10155,M,302.0,311.1,1168.0,53.5,56.0,0,No Failure,0,0,0,0,0,169.0,76.8
157,L10156,L,301.8,312.1,1196.0,43.7,60.0,0,No Failure,0,0,0,0,0,177.9,80.8
158,M10157,M,299.8,310.6,1508.0,32.1,63.0,0,No Failure,0,0,0,0,0,181.2,82.3
159,M10158,M,302.8,313.4,1168.0,36.1,66.0,0,No Failure,0,0,0,0,0,177.9,80.8
160,M10159,M,300.5,311.1,1168.0,50.8,,0,No Failure,0,0,0,0,0,170.4,77.4
161,L10160,L,300.7,311.5,1764.0,11.6,73.0,1,PWF (Power Failure),0,0,1,0,0,3.2,73.1
162,H10161,H,297.7,307.1,1403.0,43.1,76.0,0,No Failure,0,0,0,0,0,168.7,76.7
163,L10162,L,301.6,313.3,1177.0,45.4,82.0,0,No Failure,0,0,0,0,0,161.6,73.4
164,L10163,L,300.0,309.9,1183.0,,85.0,0,No Failure,0,0,0,0,0,164.9,75.0
165,M10164,M,301.3,311.1,1213.0,41.5,87.0,0,No Failure,0,0,0,0,0,159.8,72.6
166,L10165,L,300.9,312.2,1168.0,45.0,90.0,0,No Failure,0,0,0,0,0,156.1,71.0
167,H10166,H,300.8,310.2,1243.0,27.7,93.0,0,No Failure,0,0,0,0,0,155.2,70.5
168,H10167,H,300.4,310.7,1168.0,48.4,98.0,0,No Failure,0,0,0,0,0,152.8,69.5
169,L10168,L,301.9,,1168.0,43.0,103.0,0,No Failure,0,0,0,0,0,140.4,63.8
170,H10169,H,300.1,312.6,1168.0,38.5,106.0,0,No Failure,0,0,0,0,0,152.6,69.4
171,L10170,L,297.9,310.2,1168.0,41.0,112.0,0,No Failure,0,0,0,0,0,143.2,65.1
172,M10171,M,301.5,311.4,,47.1,114.0,0,No Failure,0,0,0,0,0,139.2,63.3
173,L10172,L,299.0,309.5,1168.0,63.2,117.0,0,No Failure,0,0,0,0,0,124.2,56.4
174,H10173,H,298.1,308.1,1168.0,46.1,120.0,0,No Failure,0,0,0,0,0,139.1,63.2
175,L10174,L,298.7,308.4,1168.0,48.1,125.0,0,No Failure,0,0,0,0,0,125.6,57.1
176,L10175,L,301.0,311.1,1241.0,41.9,128.0,0,No Failure,0,0,0,0,0,131.5,59.8
177,L10176,L,300.3,310.3,1334.0,59.0,131.0,0,No Failure,0,0,0,0,0,116.0,52.7
178,H10177,H,296.7,305.2,1356.0,25.3,133.0,1,HDF (Heat Dissipation),0,1,0,0,0,3.7,60.2
179,H10178,H,299.8,310.1,1179.0,22.6,138.0,1,PWF (Power Failure),0,0,1,0,0,7.0,55.2
180,M10179,M,302.6,312.6,1168.0,41.5,144.0,0,No Failure,0,0,0,0,0,123.8,56.3
181,H10180,H,299.7,310.0,1188.0,46.6,148.0,0,No Failure,0,0,0,0,0,119.9,54.5
182,H10181,H,300.2,310.1,1447.0,14.3,153.0,1,PWF (Power Failure),0,0,1,0,0,7.7,54.3
183,M10182,M,302.4,312.0,1265.0,40.0,158.0,0,No Failure,0,0,0,0,0,112.5,51.1
184,L10183,L,302.0,312.9,1251.0,38.2,162.0,0,No Failure,0,0,0,0,0,111.6,50.7
185,M10184,M,302.4,312.9,1168.0,47.4,164.0,0,No Failure,0,0,0,0,0,105.1,47.8
186,M10185,M,295.5,306.9,1168.0,44.3,168.0,0,No Failure,0,0,0,0,0,105.1,47.8
187,L10186,L,303.7,314.2,1373.0,21.9,171.0,1,PWF (Power Failure),0,0,1,0,0,6.5,47.4
188,L10187,L,301.7,311.5,1291.0,29.2,173.0,0,No Failure,0,0,0,0,0,112.2,51.0
189,M10188,M,305.0,315.6,1168.0,-22.92,175.0,0,No Failure,0,0,0,0,0,112.3,51.0
190,L10189,L,299.1,307.1,1168.0,47.4,179.0,1,HDF (Heat Dissipation),0,1,0,0,0,6.4,31.1
191,H10190,H,297.4,309.5,,43.7,181.0,0,No Failure,0,0,0,0,0,100.2,45.5
192,L10191,L,300.6,310.9,1204.0,33.8,187.0,0,No Failure,0,0,0,0,0,99.8,45.4
193,L10192,L,300.1,312.3,1338.0,41.4,190.0,0,No Failure,0,0,0,0,0,89.2,40.5
194,H10193,H,301.7,310.8,1386.0,29.4,192.0,0,No Failure,0,0,0,0,0,104.3,47.4
195,L10194,L,313.41,311.4,1168.0,60.5,198.0,1,OSF (Overstrain Failure),0,0,0,1,0,5.6,22.2
196,L10195,L,300.4,310.8,1385.0,45.7,201.0,0,No Failure,0,0,0,0,0,76.4,34.7
197,M10196,M,300.1,310.5,1245.0,47.9,203.0,0,No Failure,0,0,0,0,0,77.2,35.1
198,H10197,H,301.5,311.8,1170.0,53.8,207.0,0,No Failure,0,0,0,0,0,72.4,32.9
199,L10198,L,300.1,310.3,1168.0,50.2,213.0,1,TWF (Tool Wear Failure),1,0,0,0,0,0.7,28.2
200,L10199,L,300.0,309.4,1168.0,40.3,215.0,0,No Failure,0,0,0,0,0,66.8,30.4
201,M10200,M,302.4,310.9,1236.0,38.2,218.0,1,HDF (Heat Dissipation),0,1,0,0,0,2.2,29.2
202,H10201,H,302.8,313.1,1168.0,52.9,0.0,0,No Failure,0,0,0,0,0,220.0,100.0
203,M10202,M,302.5,311.2,1168.0,40.3,6.0,0,No Failure,0,0,0,0,0,201.7,91.7
204,L10203,L,300.3,308.9,1168.0,32.5,10.0,1,HDF (Heat Dissipation),0,1,0,0,0,7.0,90.1
205,L10204,L,296.7,306.3,1196.0,59.7,13.0,0,No Failure,0,0,0,0,0,205.2,93.3
206,L10205,L,300.3,310.7,1168.0,30.6,16.0,0,No Failure,0,0,0,0,0,208.4,94.7
207,L10206,L,299.2,311.2,1597.0,22.7,19.0,0,No Failure,0,0,0,0,0,209.0,95.0
208,M10207,M,300.4,311.4,1222.0,49.9,21.0,0,No Failure,0,0,0,0,0,205.0,93.2
209,L10208,L,299.4,310.8,1225.0,32.7,25.0,0,No Failure,0,0,0,0,0,204.1,92.8
210,M10209,M,300.6,311.3,1230.0,44.4,28.0,0,No Failure,0,0,0,0,0,200.8,91.3
211,M10210,M,289.98,309.1,1217.0,58.2,32.0,0,No Failure,0,0,0,0,0,195.7,88.9
212,M10211,M,298.3,310.8,,26.3,36.0,1,PWF (Power Failure),0,0,1,0,0,1.2,86.2
213,L10212,L,312.38,311.5,1279.0,39.6,39.0,0,No Failure,0,0,0,0,0,183.8,83.5
214,H10213,H,298.9,308.5,1212.0,54.8,42.0,0,No Failure,0,0,0,0,0,185.6,84.4
215,M10214,M,300.6,310.3,1168.0,46.8,47.0,0,No Failure,0,0,0,0,0,183.9,83.6
216,M10215,M,302.3,313.2,1168.0,38.2,51.0,0,No Failure,0,0,0,0,0,186.8,84.9
217,L10216,L,302.3,311.3,1168.0,63.9,54.0,0,No Failure,0,0,0,0,0,164.5,74.8
218,L10217,L,312.37,312.9,1168.0,39.0,57.0,0,No Failure,0,0,0,0,0,181.6,82.5
219,H10218,H,301.2,311.8,1206.0,44.0,60.0,0,No Failure,0,0,0,0,0,180.2,81.9
220,L10219,L,301.9,,1168.0,56.5,65.0,0,No Failure,0,0,0,0,0,169.4,77.0
221,L10220,L,303.1,325.64,1168.0,49.8,68.0,0,No Failure,0,0,0,0,0,169.8,77.2
222,L10221,L,301.4,312.9,1194.0,53.2,70.0,0,No Failure,0,0,0,0,0,166.9,75.8
223,M10222,M,297.3,307.3,1187.0,31.0,72.0,0,No Failure,0,0,0,0,0,176.0,80.0
224,H10223,H,299.7,310.2,1178.0,52.3,76.0,0,No Failure,0,0,0,0,0,166.4,75.6
225,L10224,L,301.9,311.2,1168.0,41.7,81.0,0,No Failure,0,0,0,0,0,156.4,71.1
226,H10225,H,299.5,308.5,1175.0,32.5,83.0,0,No Failure,0,0,0,0,0,158.8,72.2
227,L10226,L,303.6,315.4,1168.0,42.2,89.0,0,No Failure,0,0,0,0,0,158.3,72.0
228,M10227,M,300.5,309.7,1341.0,41.9,92.0,0,No Failure,0,0,0,0,0,154.5,70.2
229,M10228,M,300.8,311.4,1187.0,58.7,95.0,0,No Failure,0,0,0,0,0,147.5,67.1
230,L10229,L,302.7,313.2,1286.0,43.8,98.0,0,No Failure,0,0,0,0,0,151.1,68.7
231,L10230,L,300.3,311.5,1381.0,32.2,100.0,0,No Failure,0,0,0,0,0,156.7,71.2
232,L10231,L,301.0,309.3,1308.0,29.9,103.0,1,HDF (Heat Dissipation),0,1,0,0,0,2.0,66.2
233,H10232,H,302.3,313.2,1168.0,-17.45,106.0,0,No Failure,0,0,0,0,0,152.1,69.1
234,M10233,M,298.0,307.9,1294.0,26.5,111.0,0,No Failure,0,0,0,0,0,148.5,67.5
235,H10234,H,300.2,309.6,1168.0,32.8,115.0,0,No Failure,0,0,0,0,0,143.6,65.3
236,H10235,H,302.2,311.9,1439.0,37.6,121.0,0,No Failure,0,0,0,0,0,143.5,65.2
237,L10236,L,300.8,311.8,1168.0,35.8,127.0,0,No Failure,0,0,0,0,0,136.8,62.2
238,M10237,M,303.3,314.0,1168.0,47.3,130.0,0,No Failure,0,0,0,0,0,129.0,58.6
239,L10238,L,297.8,307.7,1168.0,32.6,133.0,0,No Failure,0,0,0,0,0,134.4,61.1
240,L10239,L,297.6,306.5,1413.0,15.3,135.0,1,PWF (Power Failure),0,0,1,0,0,2.9,56.6
241,H10240,H,302.1,311.0,1407.0,23.1,138.0,1,PWF (Power Failure),0,0,1,0,0,7.3,59.1
242,M10241,M,312.52,313.0,1255.0,39.8,143.0,0,No Failure,0,0,0,0,0,125.8,57.2
243,L10242,L,300.3,309.0,1168.0,34.1,146.0,0,No Failure,0,0,0,0,0,111.6,50.7
244,M10243,M,301.4,311.3,1448.0,27.6,149.0,0,No Failure,0,0,0,0,0,131.8,59.9
245,M10244,M,302.0,314.7,1168.0,59.6,153.0,0,No Failure,0,0,0,0,0,102.5,46.6
246,H10245,H,299.2,309.7,1168.0,48.3,157.0,0,No Failure,0,0,0,0,0,112.4,51.1
247,M10246,M,299.4,310.1,1168.0,39.4,163.0,0,No Failure,0,0,0,0,0,113.0,51.3
248,L10247,L,301.0,309.9,1302.0,42.3,166.0,0,No Failure,0,0,0,0,0,97.7,44.4
249,L10248,L,302.3,311.1,1168.0,37.3,169.0,0,No Failure,0,0,0,0,0,94.6,43.0
250,L10249,L,298.6,309.4,1168.0,27.5,172.0,1,PWF (Power Failure),0,0,1,0,0,1.7,47.2
251,M10250,M,300.3,310.0,1168.0,50.3,174.0,0,No Failure,0,0,0,0,0,92.0,41.8
252,H10251,H,300.3,311.5,1199.0,48.5,178.0,0,No Failure,0,0,0,0,0,97.9,44.5
253,L10252,L,301.5,311.6,1386.0,20.2,183.0,1,PWF (Power Failure),0,0,1,0,0,4.2,43.3
254,L10253,L,300.7,314.3,1323.0,42.3,185.0,0,No Failure,0,0,0,0,0,91.6,41.7
255,L10254,L,299.7,309.2,1168.0,43.4,188.0,0,No Failure,0,0,0,0,0,82.8,37.6
256,M10255,M,303.0,313.4,1168.0,36.8,190.0,0,No Failure,0,0,0,0,0,97.9,44.5
257,H10256,H,299.7,308.9,1196.0,61.0,193.0,0,No Failure,0,0,0,0,0,66.5,30.2
258,L10257,L,300.2,311.3,1168.0,59.9,199.0,1,OSF (Overstrain Failure),0,0,0,1,0,4.0,27.7
259,L10258,L,297.9,308.4,1168.0,36.2,201.0,0,No Failure,0,0,0,0,0,87.9,40.0
260,M10259,M,299.4,308.5,1224.0,37.8,-99.46,0,No Failure,0,0,0,0,0,78.9,35.9
261,L10260,L,301.7,311.5,1327.0,36.6,207.0,0,No Failure,0,0,0,0,0,82.4,37.4
262,H10261,H,301.3,312.8,1408.0,33.9,210.0,1,TWF (Tool Wear Failure),1,0,0,0,0,5.0,41.6
263,L10262,L,301.8,313.2,1200.0,30.8,215.0,0,No Failure,0,0,0,0,0,85.7,38.9
264,L10263,L,301.7,310.4,1170.0,45.1,217.0,0,No Failure,0,0,0,0,0,51.5,23.4
265,H10264,H,304.5,314.1,1168.0,59.6,0.0,0,No Failure,0,0,0,0,0,215.6,98.0
266,L10265,L,299.4,311.3,1168.0,55.5,5.0,0,No Failure,0,0,0,0,0,216.1,98.2
267,L10266,L,297.8,307.7,1168.0,47.9,8.0,0,No Failure,0,0,0,0,0,213.1,96.9
268,L10267,L,298.9,309.2,1615.0,15.9,10.0,1,PWF (Power Failure),0,0,1,0,0,6.5,87.6
269,L10268,L,299.5,310.6,1425.0,21.4,13.0,1,PWF (Power Failure),0,0,1,0,0,4.3,89.1
270,L10269,L,299.0,307.8,1168.0,50.6,15.0,0,No Failure,0,0,0,0,0,195.6,88.9
271,L10270,L,300.9,310.1,1215.0,56.2,17.0,0,No Failure,0,0,0,0,0,198.5,90.2
272,L10271,L,303.0,312.8,1182.0,,19.0,0,No Failure,0,0,0,0,0,204.3,92.8
273,L10272,L,303.5,314.8,1384.0,36.9,22.0,0,No Failure,0,0,0,0,0,205.4,93.4
274,M10273,M,301.7,312.8,1173.0,53.5,25.0,0,No Failure,0,0,0,0,0,201.6,91.7
275,M10274,M,304.6,315.4,1200.0,47.5,28.0,0,No Failure,0,0,0,0,0,200.4,91.1
276,L10275,L,300.1,310.1,1168.0,51.4,31.0,0,No Failure,0,0,0,0,0,196.8,89.5
277,L10276,L,297.8,309.0,1187.0,21.4,34.0,1,PWF (Power Failure),0,0,1,0,0,2.9,81.2
278,M10277,M,302.7,312.6,1372.0,43.4,36.0,0,No Failure,0,0,0,0,0,195.2,88.7
279,H10278,H,297.5,308.2,1198.0,57.7,39.0,0,No Failure,0,0,0,0,0,191.4,87.0
280,H10279,H,299.4,310.4,1168.0,45.3,44.0,0,No Failure,0,0,0,0,0,190.5,86.6
281,L10280,L,301.7,313.5,1168.0,49.5,49.0,0,No Failure,0,0,0,0,0,183.9,83.6
282,L10281,L,300.6,310.6,1173.0,40.4,52.0,0,No Failure,0,0,0,0,0,184.5,83.9
283,L10282,L,300.4,310.1,1168.0,41.1,54.0,0,No Failure,0,0,0,0,0,179.6,81.6
284,L10283,L,298.7,310.1,1168.0,54.0,56.0,0,No Failure,0,0,0,0,0,177.2,80.6
285,M10284,M,300.8,312.3,1212.0,33.3,59.0,0,No Failure,0,0,0,0,0,183.2,83.3
286,L10285,L,302.6,312.2,1397.0,32.3,62.0,0,No Failure,0,0,0,0,0,179.8,81.7
287,L10286,L,300.8,309.8,1168.0,35.2,65.0,0,No Failure,0,0,0,0,0,166.7,75.8
288,L10287,L,299.3,310.6,1369.0,40.2,68.0,0,No Failure,0,0,0,0,0,173.7,78.9
289,M10288,M,298.5,307.0,1481.0,23.9,70.0,0,No Failure,0,0,0,0,0,177.4,80.7
290,L10289,L,299.3,307.7,1168.0,47.3,74.0,1,HDF (Heat Dissipation),0,1,0,0,0,3.8,67.7
291,H10290,H,301.5,311.3,1168.0,38.4,76.0,0,No Failure,0,0,0,0,0,169.5,77.1
292,L10291,L,301.4,311.5,1262.0,48.5,82.0,0,No Failure,0,0,0,0,0,160.1,72.8
293,H10292,H,299.4,308.3,1279.0,18.8,85.0,1,PWF (Power Failure),0,0,1,0,0,5.6,65.6
294,L10293,L,296.8,307.0,1168.0,48.6,90.0,0,No Failure,0,0,0,0,0,154.2,70.1
295,H10294,H,301.6,311.9,1168.0,53.4,92.0,0,No Failure,0,0,0,0,0,154.6,70.3
296,H10295,H,299.2,308.7,1243.0,44.4,98.0,0,No Failure,0,0,0,0,0,150.2,68.3
297,H10296,H,302.1,314.1,1252.0,40.3,103.0,0,No Failure,0,0,0,0,0,153.6,69.8
298,H10297,H,299.5,309.9,1210.0,48.7,109.0,0,No Failure,0,0,0,0,0,145.1,66.0
299,M10298,M,299.0,310.1,1168.0,52.7,115.0,0,No Failure,0,0,0,0,0,136.1,61.8
300,M10299,M,301.1,309.6,1240.0,45.2,118.0,1,HDF (Heat Dissipation),0,1,0,0,0,2.9,56.8
301,M10300,M,305.1,313.6,1168.0,46.0,121.0,1,HDF (Heat Dissipation),0,1,0,0,0,5.0,54.4
302,L10301,L,302.2,312.7,1168.0,56.6,124.0,0,No Failure,0,0,0,0,0,123.3,56.1
303,M10302,M,301.1,313.0,1168.0,47.6,126.0,0,No Failure,0,0,0,0,0,131.6,59.8
304,M10303,M,301.5,310.5,1492.0,32.0,129.0,0,No Failure,0,0,0,0,0,140.5,63.9
305,H10304,H,297.7,307.8,1375.0,52.7,133.0,0,No Failure,0,0,0,0,0,125.9,57.2
306,L10305,L,298.8,307.6,1203.0,38.8,138.0,0,No Failure,0,0,0,0,0,114.1,51.9
307,L10306,L,296.3,305.6,1168.0,40.3,140.0,0,No Failure,0,0,0,0,0,116.8,53.1
308,M10307,M,304.0,314.2,1168.0,41.1,142.0,0,No Failure,0,0,0,0,0,125.4,57.0
309,L10308,L,303.6,313.1,1194.0,49.7,146.0,0,No Failure,0,0,0,0,0,106.7,48.5
310,L10309,L,301.5,310.2,1168.0,57.5,,0,No Failure,0,0,0,0,0,88.7,40.3
311,L10310,L,301.1,309.8,1168.0,40.2,152.0,0,No Failure,0,0,0,0,0,102.2,46.4
312,L10311,L,298.1,306.2,1168.0,57.3,155.0,1,HDF (Heat Dissipation),0,1,0,0,0,3.9,35.3
313,L10312,L,300.5,311.0,1201.0,41.6,158.0,0,No Failure,0,0,0,0,0,111.0,50.5
314,L10313,L,304.1,314.7,1168.0,54.0,161.0,0,No Failure,0,0,0,0,0,97.0,44.1
315,L10314,L,301.1,311.7,1168.0,42.0,163.0,0,No Failure,0,0,0,0,0,107.2,48.7
316,L10315,L,299.8,308.9,1230.0,35.1,166.0,0,No Failure,0,0,0,0,0,103.3,46.9
317,L10316,L,297.7,308.7,1168.0,59.2,169.0,0,No Failure,0,0,0,0,0,85.6,38.9
318,M10317,M,303.3,314.0,1245.0,34.1,171.0,0,No Failure,0,0,0,0,0,112.7,51.2
319,L10318,L,300.7,310.7,1217.0,33.5,175.0,0,No Failure,0,0,0,0,0,107.8,49.0
320,H10319,H,297.7,307.5,1168.0,27.4,178.0,1,PWF (Power Failure),0,0,1,0,0,3.2,46.5
321,H10320,H,299.2,308.6,,,183.0,0,No Failure,0,0,0,0,0,83.9,38.1
322,L10321,L,298.6,308.8,1168.0,55.0,188.0,0,No Failure,0,0,0,0,0,75.2,34.2
323,L10322,L,300.6,312.2,1168.0,43.7,191.0,0,No Failure,0,0,0,0,0,85.9,39.0
324,M10323,M,301.2,312.3,1239.0,30.2,193.0,0,No Failure,0,0,0,0,0,103.0,46.8
325,H10324,H,300.0,309.7,1300.0,39.9,197.0,0,No Failure,0,0,0,0,0,91.4,41.6
326,M10325,M,291.9,312.8,1301.0,37.0,202.0,0,No Failure,0,0,0,0,0,90.0,40.9
327,H10326,H,301.0,309.9,1281.0,29.7,206.0,0,No Failure,0,0,0,0,0,90.1,41.0
328,M10327,M,302.8,313.5,1168.0,35.1,212.0,1,TWF (Tool Wear Failure),1,0,0,0,0,1.7,39.0
329,M10328,M,300.2,309.4,1168.0,45.1,215.0,0,No Failure,0,0,0,0,0,63.3,28.8
330,L10329,L,306.4,317.1,1168.0,33.9,-298.73,0,No Failure,0,0,0,0,0,220.0,100.0
331,M10330,M,299.9,312.9,1183.0,-5.01,2.0,0,No Failure,0,0,0,0,0,218.6,99.4
332,L10331,L,299.3,308.7,1434.0,22.2,6.0,1,PWF (Power Failure),0,0,1,0,0,4.8,92.4
333,M10332,M,299.0,311.9,1168.0,56.8,9.0,0,No Failure,0,0,0,0,0,213.2,96.9
334,H10333,H,290.78,311.0,1262.0,36.1,13.0,0,No Failure,0,0,0,0,0,211.9,96.3
335,L10334,L,297.8,307.1,,48.7,19.0,0,No Failure,0,0,0,0,0,198.8,90.4
336,M10335,M,301.4,310.6,1168.0,41.9,22.0,0,No Failure,0,0,0,0,0,196.5,89.3
337,L10336,L,297.5,309.9,1203.0,44.0,25.0,0,No Failure,0,0,0,0,0,202.4,92.0
338,M10337,M,301.2,311.7,1330.0,76.79,27.0,0,No Failure,0,0,0,0,0,203.9,92.7
339,L10338,L,298.5,307.9,1295.0,32.4,30.0,0,No Failure,0,0,0,0,0,196.9,89.5
340,H10339,H,300.2,322.35,1364.0,32.6,32.0,0,No Failure,0,0,0,0,0,199.9,90.8
341,L10340,L,302.0,312.4,1168.0,40.3,38.0,0,No Failure,0,0,0,0,0,194.1,88.2
342,H10341,H,305.1,315.1,1168.0,53.3,40.0,0,No Failure,0,0,0,0,0,191.6,87.1
343,H10342,H,299.0,309.3,1168.0,44.3,45.0,0,No Failure,0,0,0,0,0,190.1,86.4
344,M10343,M,300.6,312.4,1250.0,31.0,50.0,0,No Failure,0,0,0,0,0,189.5,86.1
345,M10344,M,299.6,308.5,1168.0,40.9,54.0,0,No Failure,0,0,0,0,0,172.0,78.2
346,M10345,M,299.3,309.9,1307.0,39.2,57.0,0,No Failure,0,0,0,0,0,182.6,83.0
347,H10346,H,299.6,309.5,1283.0,36.5,61.0,0,No Failure,0,0,0,0,0,181.1,82.3
348,L10347,L,302.4,311.9,1168.0,39.8,66.0,0,No Failure,0,0,0,0,0,169.7,77.1
349,M10348,M,300.0,311.1,1168.0,47.6,69.0,0,No Failure,0,0,0,0,0,171.6,78.0
350,L10349,L,305.0,313.5,1168.0,32.8,72.0,1,HDF (Heat Dissipation),0,1,0,0,0,2.6,71.7
351,M10350,M,301.7,309.3,1220.0,36.5,75.0,1,HDF (Heat Dissipation),0,1,0,0,0,6.2,67.1
352,L10351,L,299.1,309.3,1169.0,49.8,78.0,0,No Failure,0,0,0,0,0,162.4,73.8
353,M10352,M,300.3,310.2,1178.0,44.7,81.0,0,No Failure,0,0,0,0,0,163.3,74.2
354,M10353,M,299.5,308.1,1185.0,52.8,85.0,0,No Failure,0,0,0,0,0,142.5,64.8
355,L10354,L,302.4,310.7,1168.0,54.4,89.0,1,HDF (Heat Dissipation),0,1,0,0,0,0.9,60.5
356,M10355,M,298.0,309.9,1168.0,26.4,91.0,1,PWF (Power Failure),0,0,1,0,0,7.4,68.7
357,M10356,M,298.5,309.0,1168.0,42.9,94.0,0,No Failure,0,0,0,0,0,156.5,71.1
358,M10357,M,299.9,309.9,1456.0,34.9,98.0,0,No Failure,0,0,0,0,0,158.1,71.8
359,L10358,L,302.2,314.4,1349.0,28.0,101.0,0,No Failure,0,0,0,0,0,158.6,72.1
360,M10359,M,303.2,314.2,1257.0,32.1,104.0,0,No Failure,0,0,0,0,0,155.9,70.9
361,H10360,H,303.4,315.2,1240.0,37.0,107.0,0,No Failure,0,0,0,0,0,152.8,69.5
362,L10361,L,301.9,310.7,1168.0,37.1,113.0,0,No Failure,0,0,0,0,0,131.9,60.0
363,L10362,L,300.8,309.6,1307.0,33.9,115.0,0,No Failure,0,0,0,0,0,138.5,62.9
364,L10363,L,302.4,313.0,1251.0,39.9,118.0,0,No Failure,0,0,0,0,0,139.8,63.6
365,M10364,M,298.9,309.3,1168.0,64.5,120.0,0,No Failure,0,0,0,0,0,124.6,56.6
366,L10365,L,297.6,308.8,1366.0,22.7,124.0,1,PWF (Power Failure),0,0,1,0,0,6.1,60.6
367,M10366,M,301.7,310.1,1289.0,51.4,126.0,1,HDF (Heat Dissipation),0,1,0,0,0,6.6,53.5
368,M10367,M,299.1,309.8,1168.0,39.8,129.0,0,No Failure,0,0,0,0,0,135.0,61.4
369,L10368,L,300.8,300.87,1168.0,35.6,132.0,0,No Failure,0,0,0,0,0,133.7,60.8
370,H10369,H,301.2,312.1,1363.0,19.8,135.0,1,PWF (Power Failure),0,0,1,0,0,3.1,56.8
371,M10370,M,301.4,311.0,1168.0,47.6,140.0,0,No Failure,0,0,0,0,0,117.3,53.3
372,L10371,L,302.7,313.2,1461.0,25.6,144.0,0,No Failure,0,0,0,0,0,134.5,61.1
373,L10372,L,302.5,311.7,1168.0,48.3,147.0,0,No Failure,0,0,0,0,0,103.9,47.2
374,L10373,L,301.3,311.0,1168.0,57.4,149.0,0,No Failure,0,0,0,0,0,99.8,45.4
375,L10374,L,300.2,309.2,1337.0,27.2,152.0,0,No Failure,0,0,0,0,0,123.3,56.1
376,L10375,L,301.2,310.4,1168.0,,155.0,0,No Failure,0,0,0,0,0,94.9,43.1
377,H10376,H,299.9,309.7,1168.0,40.3,158.0,0,No Failure,0,0,0,0,0,116.0,52.7
378,L10377,L,300.6,310.1,1471.0,19.1,164.0,1,PWF (Power Failure),0,0,1,0,0,2.2,48.7
379,L10378,L,305.7,314.9,1331.0,28.0,167.0,0,No Failure,0,0,0,0,0,114.3,51.9
380,M10379,M,292.3,310.0,1235.0,41.8,170.0,0,No Failure,0,0,0,0,0,93.8,42.6
381,M10380,M,301.8,313.8,1287.0,44.0,173.0,0,No Failure,0,0,0,0,0,102.0,46.4
382,H10381,H,299.7,309.2,1168.0,24.2,177.0,1,PWF (Power Failure),0,0,1,0,0,5.7,42.2
383,M10382,M,302.8,313.1,1168.0,40.3,183.0,0,No Failure,0,0,0,0,0,98.9,45.0
384,L10383,L,302.4,310.6,1168.0,48.2,186.0,1,HDF (Heat Dissipation),0,1,0,0,0,6.1,29.3
385,L10384,L,302.4,313.8,1168.0,50.0,188.0,0,No Failure,0,0,0,0,0,80.9,36.8
386,H10385,H,301.4,311.6,1231.0,35.9,191.0,0,No Failure,0,0,0,0,0,101.1,46.0
387,M10386,M,302.9,312.5,1168.0,44.4,196.0,0,No Failure,0,0,0,0,0,81.5,37.0
388,H10387,H,303.3,312.9,1198.0,50.7,200.0,0,No Failure,0,0,0,0,0,76.1,34.6
389,L10388,L,301.5,312.4,1168.0,48.5,206.0,0,No Failure,0,0,0,0,0,69.4,31.6
390,H10389,H,300.8,307.8,1195.0,48.9,209.0,1,HDF (Heat Dissipation),1,1,0,0,0,6.1,19.6
391,M10390,M,302.6,311.8,1271.0,41.1,214.0,0,No Failure,0,0,0,0,0,71.2,32.3
392,L10391,L,299.4,309.3,1168.0,39.1,217.0,1,TWF (Tool Wear Failure),1,0,0,0,0,6.4,33.0
393,M10392,M,299.7,309.6,1168.0,42.7,220.0,0,No Failure,0,0,0,0,0,70.4,32.0
394,M10393,M,300.9,313.4,1168.0,32.4,0.0,0,No Failure,0,0,0,0,0,220.0,100.0
395,L10394,L,297.9,307.6,1168.0,51.1,4.0,0,No Failure,0,0,0,0,0,213.7,97.1
396,L10395,L,302.5,313.5,1442.0,24.7,7.0,0,No Failure,0,0,0,0,0,214.0,97.3
397,H10396,H,299.3,311.1,1199.0,35.0,9.0,0,No Failure,0,0,0,0,0,214.4,97.5
398,L10397,L,300.2,310.9,1234.0,93.74,14.0,0,No Failure,0,0,0,0,0,210.5,95.7
399,L10398,L,300.6,309.9,1168.0,44.7,17.0,0,No Failure,0,0,0,0,0,200.3,91.0
400,L10399,L,301.1,309.8,1196.0,46.6,19.0,0,No Failure,0,0,0,0,0,192.0,87.3
401,L10400,L,300.4,311.1,1168.0,54.9,21.0,0,No Failure,0,0,0,0,0,203.8,92.7
402,H10401,H,300.9,312.5,1168.0,40.8,23.0,0,No Failure,0,0,0,0,0,205.1,93.2
403,M10402,M,300.9,311.4,804.22,32.8,29.0,0,No Failure,0,0,0,0,0,202.0,91.8
404,L10403,L,300.2,311.4,1168.0,38.5,33.0,0,No Failure,0,0,0,0,0,197.9,89.9
405,H10404,H,299.6,312.2,1605.0,36.8,35.0,0,No Failure,0,0,0,0,0,198.1,90.0
406,H10405,H,303.0,313.8,1168.0,45.2,41.0,0,No Failure,0,0,0,0,0,192.6,87.5
407,L10406,L,297.2,306.1,1349.0,29.3,47.0,0,No Failure,0,0,0,0,0,186.2,84.6
408,H10407,H,300.7,310.8,1319.0,38.2,50.0,0,No Failure,0,0,0,0,0,188.3,85.6
409,L10408,L,300.2,311.6,1168.0,56.2,55.0,0,No Failure,0,0,0,0,0,177.3,80.6
410,H10409,H,301.8,311.6,1168.0,41.8,57.0,0,No Failure,0,0,0,0,0,180.6,82.1
411,M10410,M,298.4,309.9,,29.5,63.0,0,No Failure,0,0,0,0,0,182.1,82.8
412,M10411,M,300.1,310.0,1168.0,36.6,66.0,0,No Failure,0,0,0,0,0,176.6,80.3
413,L10412,L,300.8,311.1,1451.0,17.7,70.0,1,PWF (Power Failure),0,0,1,0,0,6.4,72.6
414,H10413,H,303.0,312.6,1446.0,39.4,73.0,0,No Failure,0,0,0,0,0,173.2,78.7
415,L10414,L,301.6,,1168.0,56.5,78.0,0,No Failure,0,0,0,0,0,159.2,72.4
416,L10415,L,298.9,309.1,1178.0,28.1,80.0,1,PWF (Power Failure),0,0,1,0,0,5.5,73.7
417,L10416,L,300.2,308.6,1525.0,25.4,82.0,0,No Failure,0,0,0,0,0,171.4,77.9
418,M10417,M,302.6,312.2,1224.0,33.5,85.0,0,No Failure,0,0,0,0,0,163.0,74.1
419,L10418,L,298.9,307.7,1168.0,49.2,88.0,0,No Failure,0,0,0,0,0,142.1,64.6
420,H10419,H,300.9,310.5,1168.0,,91.0,0,No Failure,0,0,0,0,0,149.2,67.8
421,M10420,M,301.0,310.2,1168.0,44.5,97.0,0,No Failure,0,0,0,0,0,144.8,65.8
422,L10421,L,300.4,311.4,,27.1,101.0,1,PWF (Power Failure),0,0,1,0,0,1.7,66.3
423,L10422,L,,316.9,1168.0,39.8,104.0,0,No Failure,0,0,0,0,0,149.4,67.9
424,L10423,L,300.3,310.9,1368.0,57.9,107.0,0,No Failure,0,0,0,0,0,135.7,61.7
425,M10424,M,301.9,300.43,1250.0,,110.0,0,No Failure,0,0,0,0,0,137.8,62.7
426,H10425,H,299.7,309.6,1261.0,41.4,114.0,0,No Failure,0,0,0,0,0,145.0,65.9
427,L10426,L,302.0,310.7,1168.0,42.4,120.0,0,No Failure,0,0,0,0,0,122.4,55.6
428,H10427,H,302.6,312.5,1359.0,24.5,122.0,1,PWF (Power Failure),0,0,1,0,0,2.0,64.6
429,L10428,L,300.0,310.6,1168.0,50.0,127.0,0,No Failure,0,0,0,0,0,126.0,57.3
430,H10429,H,301.0,312.0,1168.0,48.5,129.0,0,No Failure,0,0,0,0,0,131.5,59.8
431,H10430,H,289.91,309.9,1511.0,20.1,135.0,1,PWF (Power Failure),0,0,1,0,0,6.6,59.0
432,M10431,M,299.0,310.3,1233.0,26.7,141.0,1,PWF (Power Failure),0,0,1,0,0,2.9,58.0
433,M10432,M,302.9,313.2,1384.0,30.3,144.0,0,No Failure,0,0,0,0,0,132.6,60.3
434,H10433,H,300.1,309.9,1210.0,47.5,147.0,0,No Failure,0,0,0,0,0,117.8,53.5
435,L10434,L,296.7,307.6,1226.0,32.5,153.0,0,No Failure,0,0,0,0,0,122.8,55.8
436,L10435,L,304.2,315.1,1168.0,44.0,,0,No Failure,0,0,0,0,0,110.2,50.1
437,L10436,L,299.6,309.1,1186.0,38.2,159.0,0,No Failure,0,0,0,0,0,108.1,49.1
438,M10437,M,300.6,311.0,1168.0,40.7,162.0,0,No Failure,0,0,0,0,0,112.5,51.1
439,M10438,M,304.0,313.7,1168.0,45.0,166.0,0,No Failure,0,0,0,0,0,102.6,46.6
440,M10439,M,300.8,308.8,1168.0,42.7,170.0,1,HDF (Heat Dissipation),0,1,0,0,0,2.1,37.9
441,H10440,H,300.8,311.2,1169.0,39.8,174.0,0,No Failure,0,0,0,0,0,108.3,49.2
442,L10441,L,298.9,307.6,1279.0,43.3,180.0,0,No Failure,0,0,0,0,0,84.3,38.3
443,M10442,M,298.1,308.4,1272.0,42.2,183.0,0,No Failure,0,0,0,0,0,97.0,44.1
444,L10443,L,300.8,309.3,1169.0,37.9,187.0,1,HDF (Heat Dissipation),0,1,0,0,0,7.4,35.8
445,L10444,L,301.7,311.0,1168.0,35.7,190.0,0,No Failure,0,0,0,0,0,88.0,40.0
446,M10445,M,301.6,311.2,1200.0,58.8,193.0,0,No Failure,0,0,0,0,0,68.3,31.0
447,H10446,H,300.2,311.4,1258.0,35.6,197.0,0,No Failure,0,0,0,0,0,97.7,44.4
448,M10447,M,301.1,310.6,1168.0,53.7,202.0,0,No Failure,0,0,0,0,0,66.0,30.0
449,L10448,L,297.8,306.7,1168.0,33.1,206.0,0,No Failure,0,0,0,0,0,76.3,34.7
450,M10449,M,301.9,312.3,1168.0,1.83,209.0,0,No Failure,0,0,0,0,0,72.7,33.1
451,L10450,L,301.4,311.2,1168.0,57.8,212.0,1,OSF (Overstrain Failure),0,0,0,1,0,3.7,23.2
452,H10451,H,304.6,315.4,1417.0,36.6,215.0,1,TWF (Tool Wear Failure),1,0,0,0,0,6.1,38.8
453,M10452,M,301.1,310.1,1226.0,33.3,220.0,0,No Failure,0,0,0,0,0,73.1,33.2
454,L10453,L,299.4,309.6,1168.0,35.7,224.0,1,TWF (Tool Wear Failure),1,0,0,0,0,3.0,33.4
455,L10454,L,301.0,313.5,1482.0,39.8,226.0,0,No Failure,0,0,0,0,0,66.6,30.3
456,L10455,L,300.5,310.3,1168.0,43.2,573.67,1,TWF (Tool Wear Failure),1,0,0,0,0,3.5,26.5
457,H10456,H,301.9,312.1,1168.0,39.6,231.0,0,No Failure,0,0,0,0,0,71.9,32.7
458,L10457,L,301.1,309.4,1195.0,35.8,0.0,1,HDF (Heat Dissipation),0,1,0,0,0,3.9,91.5
459,M10458,M,298.8,307.9,1168.0,59.5,3.0,0,No Failure,0,0,0,0,0,207.8,94.5
460,M10459,M,298.2,308.7,1305.0,38.0,6.0,0,No Failure,0,0,0,0,0,216.1,98.2
461,M10460,M,301.6,311.3,1168.0,33.8,9.0,0,No Failure,0,0,0,0,0,211.1,95.9
462,L10461,L,303.6,314.2,1216.0,48.3,12.0,0,No Failure,0,0,0,0,0,211.2,96.0
463,H10462,H,301.2,311.6,1168.0,48.5,14.0,0,No Failure,0,0,0,0,0,210.4,95.6
464,L10463,L,302.6,311.3,1168.0,54.1,20.0,0,No Failure,0,0,0,0,0,190.4,86.5
465,M10464,M,302.9,313.9,1168.0,59.3,23.0,0,No Failure,0,0,0,0,0,202.4,92.0
466,M10465,M,301.6,310.4,1168.0,43.5,27.0,0,No Failure,0,0,0,0,0,188.5,85.7
467,M10466,M,299.6,308.8,1256.0,37.1,30.0,0,No Failure,0,0,0,0,0,193.8,88.1
468,H10467,H,301.5,311.7,1461.0,21.0,33.0,1,PWF (Power Failure),0,0,1,0,0,6.6,84.5
469,L10468,L,303.3,314.9,1210.0,30.6,38.0,0,No Failure,0,0,0,0,0,196.3,89.2
470,M10469,M,302.1,311.1,1168.0,42.1,40.0,0,No Failure,0,0,0,0,0,182.1,82.8
471,L10470,L,302.5,312.6,1578.0,28.2,43.0,0,No Failure,0,0,0,0,0,193.8,88.1
472,L10471,L,300.3,310.5,1470.0,24.1,46.0,0,No Failure,0,0,0,0,0,190.6,86.7
473,L10472,L,300.7,311.4,1186.0,40.7,48.0,0,No Failure,0,0,0,0,0,187.2,85.1
474,L10473,L,300.9,312.1,1168.0,47.8,50.0,0,No Failure,0,0,0,0,0,183.7,83.5
475,L10474,L,301.0,310.6,1268.0,37.5,53.0,0,No Failure,0,0,0,0,0,181.6,82.5
476,L10475,L,303.2,314.2,1177.0,49.0,55.0,0,No Failure,0,0,0,0,0,179.6,81.6
477,L10476,L,296.9,308.2,1168.0,46.2,57.0,0,No Failure,0,0,0,0,0,179.1,81.4
478,M10477,M,301.2,313.0,1168.0,51.5,335.38,0,No Failure,0,0,0,0,0,177.3,80.6
479,M10478,M,301.0,311.5,1168.0,61.7,,0,No Failure,0,0,0,0,0,170.9,77.7
480,L10479,L,298.7,308.9,1298.0,66.1,66.0,0,No Failure,0,0,0,0,0,154.1,70.1
481,L10480,L,302.3,311.8,1168.0,47.3,68.0,0,No Failure,0,0,0,0,0,165.3,75.1
482,L10481,L,299.8,308.3,1168.0,35.4,70.0,1,HDF (Heat Dissipation),0,1,0,0,0,2.9,71.7
483,M10482,M,300.5,310.2,1203.0,40.6,73.0,0,No Failure,0,0,0,0,0,168.3,76.5
484,L10483,L,304.5,314.6,1168.0,5.45,76.0,0,No Failure,0,0,0,0,0,161.2,73.3
485,L10484,L,302.9,312.8,1269.0,31.1,367.94,0,No Failure,0,0,0,0,0,170.3,77.4
486,L10485,L,302.2,312.8,1168.0,54.5,81.0,0,No Failure,0,0,0,0,0,157.9,71.8
487,L10486,L,301.8,310.3,1262.0,38.3,84.0,1,HDF (Heat Dissipation),0,1,0,0,0,1.0,68.8
488,L10487,L,300.8,310.6,1292.0,42.3,87.0,0,No Failure,0,0,0,0,0,158.2,71.9
489,M10488,M,304.7,316.7,1501.0,31.9,89.0,0,No Failure,0,0,0,0,0,165.2,75.1
490,M10489,M,302.6,313.6,1403.0,26.8,93.0,0,No Failure,0,0,0,0,0,165.4,75.2
491,M10490,M,299.8,310.4,1179.0,37.2,96.0,0,No Failure,0,0,0,0,0,158.1,71.9
492,M10491,M,298.6,309.0,1216.0,53.0,99.0,0,No Failure,0,0,0,0,0,147.6,67.1
493,M10492,M,302.2,311.8,1168.0,33.0,102.0,0,No Failure,0,0,0,0,0,152.2,69.2
494,L10493,L,301.0,309.2,1225.0,,106.0,1,HDF (Heat Dissipation),0,1,0,0,0,2.7,54.5
495,M10494,M,298.6,309.1,1380.0,34.3,108.0,0,No Failure,0,0,0,0,0,152.1,69.1
496,M10495,M,301.9,309.5,1461.0,29.3,112.0,0,No Failure,0,0,0,0,0,152.7,69.4
497,L10496,L,300.7,310.4,1358.0,42.5,115.0,0,No Failure,0,0,0,0,0,138.9,63.1
498,M10497,M,302.1,312.1,1168.0,46.8,117.0,0,No Failure,0,0,0,0,0,138.4,62.9
499,L10498,L,301.9,311.5,1168.0,41.9,121.0,0,No Failure,0,0,0,0,0,131.9,60.0
500,M10499,M,300.0,312.2,1172.0,41.5,123.0,0,No Failure,0,0,0,0,0,137.8,62.6
501,M10500,M,302.3,314.1,1168.0,56.0,126.0,0,No Failure,0,0,0,0,0,125.8,57.2
502,H10501,H,300.2,311.2,1217.0,40.9,130.0,0,No Failure,0,0,0,0,0,135.8,61.7
503,H10502,H,300.4,309.5,1363.0,35.3,136.0,0,No Failure,0,0,0,0,0,132.3,60.2
504,M10503,M,300.2,312.1,1327.0,28.7,142.0,0,No Failure,0,0,0,0,0,135.1,61.4
505,M10504,M,303.2,313.8,1168.0,52.7,145.0,0,No Failure,0,0,0,0,0,114.2,51.9
506,M10505,M,300.6,309.7,1351.0,35.7,148.0,0,No Failure,0,0,0,0,0,121.9,55.4
507,L10506,L,303.6,313.6,1216.0,36.7,,0,No Failure,0,0,0,0,0,120.3,54.7
508,H10507,H,304.4,315.4,1168.0,50.5,153.0,0,No Failure,0,0,0,0,0,113.5,51.6
509,L10508,L,299.8,309.2,1168.0,60.5,159.0,0,No Failure,0,0,0,0,0,85.7,39.0
510,L10509,L,295.9,306.0,1168.0,93.93,161.0,0,No Failure,0,0,0,0,0,108.1,49.1
511,L10510,L,303.0,313.3,1193.0,38.6,163.0,0,No Failure,0,0,0,0,0,110.5,50.2
512,H10511,H,300.5,309.4,1240.0,39.9,165.0,0,No Failure,0,0,0,0,0,103.8,47.2
513,L10512,L,299.6,309.3,1168.0,35.4,170.0,0,No Failure,0,0,0,0,0,105.8,48.1
514,L10513,L,300.1,309.1,1168.0,36.4,172.0,0,No Failure,0,0,0,0,0,95.8,43.5
515,L10514,L,300.4,311.3,1168.0,36.5,174.0,0,No Failure,0,0,0,0,0,105.3,47.9
516,L10515,L,303.5,312.6,1168.0,49.1,176.0,0,No Failure,0,0,0,0,0,80.8,36.7
517,L10516,L,301.4,311.7,1267.0,39.1,178.0,0,No Failure,0,0,0,0,0,99.9,45.4
518,M10517,M,303.5,312.1,1261.0,53.6,181.0,0,No Failure,0,0,0,0,0,75.4,34.3
519,L10518,L,302.0,310.9,1168.0,38.8,185.0,0,No Failure,0,0,0,0,0,83.4,37.9
520,H10519,H,300.6,,1209.0,36.3,188.0,0,No Failure,0,0,0,0,0,89.9,40.9
521,H10520,H,300.5,310.2,1199.0,52.8,193.0,0,No Failure,0,0,0,0,0,80.0,36.4
522,L10521,L,302.2,312.4,1168.0,40.2,198.0,0,No Failure,0,0,0,0,0,85.1,38.7
523,L10522,L,302.6,313.0,1225.0,38.7,201.0,0,No Failure,0,0,0,0,0,84.9,38.6
524,M10523,M,303.0,311.2,1294.0,,203.0,1,HDF (Heat Dissipation),0,1,0,0,0,6.3,33.3
525,L10524,L,300.7,310.5,1182.0,54.7,207.0,1,OSF (Overstrain Failure),0,0,0,1,0,5.4,26.7
526,L10525,L,301.5,310.7,1168.0,43.1,209.0,0,No Failure,0,0,0,0,0,65.2,29.6
527,H10526,H,302.2,312.7,1275.0,52.5,212.0,0,No Failure,0,0,0,0,0,70.2,31.9
528,H10527,H,300.5,310.2,1168.0,37.7,218.0,0,No Failure,0,0,0,0,0,79.1,35.9
529,M10528,M,299.1,309.0,1171.0,50.9,223.0,1,TWF (Tool Wear Failure),1,0,0,0,0,0.1,26.5
530,L10529,L,299.7,309.0,1199.0,42.4,226.0,1,TWF (Tool Wear Failure),1,0,0,0,0,0.4,25.2
531,M10530,M,300.7,312.4,1168.0,48.8,229.0,1,TWF (Tool Wear Failure),1,0,0,0,0,1.8,26.3
532,M10531,M,302.4,311.1,1168.0,49.7,0.0,0,No Failure,0,0,0,0,0,205.7,93.5
533,L10532,L,303.4,313.0,1214.0,30.6,4.0,0,No Failure,0,0,0,0,0,213.4,97.0
534,M10533,M,298.7,308.8,1168.0,40.7,7.0,0,No Failure,0,0,0,0,0,215.4,97.9
535,L10534,L,,309.8,1181.0,49.6,10.0,0,No Failure,0,0,0,0,0,209.3,95.1
536,L10535,L,300.5,309.7,1168.0,51.2,13.0,0,No Failure,0,0,0,0,0,201.5,91.6
537,M10536,M,302.6,310.8,1168.0,52.5,16.0,1,HDF (Heat Dissipation),0,1,0,0,0,3.7,85.7
538,L10537,L,300.2,309.5,1168.0,41.0,20.0,0,No Failure,0,0,0,0,0,198.6,90.3
539,L10538,L,300.4,309.4,1168.0,55.4,22.0,0,No Failure,0,0,0,0,0,192.0,87.3
540,H10539,H,298.6,310.3,1208.0,33.4,25.0,0,No Failure,0,0,0,0,0,204.8,93.1
541,H10540,H,302.0,314.3,1222.0,25.1,30.0,1,PWF (Power Failure),0,0,1,0,0,0.6,84.9
542,M10541,M,300.9,310.8,1277.0,37.2,36.0,0,No Failure,0,0,0,0,0,196.0,89.1
543,H10542,H,300.0,308.6,1217.0,52.0,40.0,0,No Failure,0,0,0,0,0,177.5,80.7
544,H10543,H,300.7,311.4,1168.0,29.1,45.0,0,No Failure,0,0,0,0,0,186.9,85.0
545,L10544,L,303.2,312.2,1476.0,25.3,50.0,0,No Failure,0,0,0,0,0,190.4,86.6
546,L10545,L,299.4,308.9,1414.0,22.8,52.0,1,PWF (Power Failure),0,0,1,0,0,1.8,80.7
547,L10546,L,299.7,309.1,1168.0,47.4,54.0,0,No Failure,0,0,0,0,0,174.3,79.2
548,L10547,L,303.4,312.9,1695.18,25.5,56.0,1,PWF (Power Failure),0,0,1,0,0,4.2,76.7
549,M10548,M,301.3,310.9,608.22,45.5,58.0,0,No Failure,0,0,0,0,0,175.6,79.8
550,L10549,L,302.4,311.1,1212.0,36.7,62.0,0,No Failure,0,0,0,0,0,165.5,75.2
551,L10550,L,301.9,311.2,1282.0,32.3,65.0,0,No Failure,0,0,0,0,0,173.6,78.9
552,L10551,L,301.1,312.1,1180.0,30.0,68.0,0,No Failure,0,0,0,0,0,175.3,79.7
553,L10552,L,300.6,310.6,1168.0,42.1,71.0,0,No Failure,0,0,0,0,0,170.8,77.6
554,H10553,H,302.7,312.8,1277.0,32.5,73.0,0,No Failure,0,0,0,0,0,175.8,79.9
555,L10554,L,303.3,311.1,1236.0,40.0,79.0,1,HDF (Heat Dissipation),0,1,0,0,0,6.1,66.2
556,L10555,L,303.1,303.75,1289.0,44.0,81.0,0,No Failure,0,0,0,0,0,163.0,74.1
557,L10556,L,299.0,297.85,1226.0,46.1,83.0,0,No Failure,0,0,0,0,0,153.6,69.8
558,L10557,L,303.5,314.6,1346.0,49.3,85.0,0,No Failure,0,0,0,0,0,157.5,71.6
559,M10558,M,300.5,310.7,1234.0,85.41,88.0,0,No Failure,0,0,0,0,0,161.1,73.2
560,L10559,L,299.8,309.2,1381.0,29.5,91.0,0,No Failure,0,0,0,0,0,162.0,73.7
561,L10560,L,300.9,309.2,1168.0,44.7,93.0,1,HDF (Heat Dissipation),0,1,0,0,0,1.1,61.6
562,L10561,L,302.7,314.9,1168.0,46.6,96.0,0,No Failure,0,0,0,0,0,150.9,68.6
563,H10562,H,302.2,313.0,1262.0,38.2,99.0,0,No Failure,0,0,0,0,0,157.2,71.5
564,M10563,M,300.7,311.6,1168.0,37.1,105.0,0,No Failure,0,0,0,0,0,152.4,69.3
565,M10564,M,302.7,314.5,1168.0,64.8,-261.09,0,No Failure,0,0,0,0,0,134.0,60.9
566,M10565,M,301.4,311.6,1168.0,27.1,111.0,1,PWF (Power Failure),0,0,1,0,0,7.5,64.2
567,M10566,M,300.2,311.6,1177.0,44.9,114.0,0,No Failure,0,0,0,0,0,141.7,64.4
568,L10567,L,299.9,309.4,1168.0,50.5,117.0,0,No Failure,0,0,0,0,0,127.6,58.0
569,L10568,L,301.9,312.6,1224.0,36.6,120.0,0,No Failure,0,0,0,0,0,140.8,64.0
570,M10569,M,301.0,310.4,1169.0,38.3,122.0,0,No Failure,0,0,0,0,0,134.0,60.9
571,L10570,L,298.7,308.2,1212.0,36.0,125.0,0,No Failure,0,0,0,0,0,132.8,60.3
572,H10571,H,302.7,312.8,1229.0,40.0,127.0,0,No Failure,0,0,0,0,0,138.3,62.9
573,L10572,L,300.3,309.0,1168.0,49.0,133.0,0,No Failure,0,0,0,0,0,108.1,49.1
574,M10573,M,304.1,314.4,1231.0,38.0,135.0,0,No Failure,0,0,0,0,0,132.4,60.2
575,H10574,H,298.7,308.4,1168.0,71.1,138.0,0,No Failure,0,0,0,0,0,101.8,46.3
576,M10575,M,300.9,308.9,1290.0,35.5,143.0,1,HDF (Heat Dissipation),0,1,0,0,0,3.5,52.3
577,H10576,H,299.9,309.4,1168.0,53.8,147.0,1,RNF (Random Failure),0,0,0,0,1,4.5,49.8
578,M10577,M,299.4,309.1,1338.0,45.4,153.0,0,No Failure,0,0,0,0,0,113.0,51.4
579,H10578,H,300.3,311.2,1181.0,41.1,157.0,0,No Failure,0,0,0,0,0,118.2,53.7
580,L10579,L,304.4,314.7,,54.7,163.0,0,No Failure,0,0,0,0,0,94.8,43.1
581,L10580,L,301.5,312.9,1196.0,24.0,166.0,1,PWF (Power Failure),0,0,1,0,0,2.5,46.0
582,M10581,M,299.8,310.3,1168.0,44.3,168.0,0,No Failure,0,0,0,0,0,105.1,47.8
583,L10582,L,297.9,307.3,1168.0,32.8,172.0,0,No Failure,0,0,0,0,0,103.9,47.2
584,L10583,L,298.1,308.0,1270.0,35.6,174.0,0,No Failure,0,0,0,0,0,105.5,47.9
585,H10584,H,300.2,309.9,1168.0,35.2,177.0,0,No Failure,0,0,0,0,0,107.2,48.7
586,M10585,M,300.1,310.6,1168.0,30.4,183.0,0,No Failure,0,0,0,0,0,106.6,48.5
587,L10586,L,300.8,310.9,1359.0,23.5,187.0,1,PWF (Power Failure),0,0,1,0,0,7.7,44.9
588,L10587,L,297.1,306.5,1220.0,43.9,189.0,0,No Failure,0,0,0,0,0,81.0,36.8
589,L10588,L,301.0,311.0,1168.0,39.3,191.0,0,No Failure,0,0,0,0,0,90.9,41.3
590,L10589,L,303.0,313.5,1223.0,37.0,194.0,0,No Failure,0,0,0,0,0,91.6,41.6
591,H10590,H,304.1,313.1,1168.0,47.6,196.0,0,No Failure,0,0,0,0,0,75.4,34.3
592,L10591,L,297.8,308.1,1168.0,44.5,202.0,0,No Failure,0,0,0,0,0,77.2,35.1
593,L10592,L,299.8,308.2,1258.0,37.3,204.0,1,HDF (Heat Dissipation),0,1,0,0,0,6.3,32.3
594,M10593,M,299.7,310.8,1201.0,70.5,207.0,1,OSF (Overstrain Failure),0,0,0,1,0,2.3,20.4
595,L10594,L,,312.0,1168.0,50.2,210.0,0,No Failure,0,0,0,0,0,64.3,29.2
596,L10595,L,299.0,,1168.0,64.4,213.0,1,OSF (Overstrain Failure),0,0,0,1,0,7.8,22.9
597,M10596,M,304.2,313.1,1199.0,35.9,0.0,0,No Failure,0,0,0,0,0,207.9,94.5
598,M10597,M,301.3,312.4,1168.0,42.5,4.0,0,No Failure,0,0,0,0,0,217.3,98.8
599,H10598,H,301.0,311.9,1456.0,27.6,7.0,0,No Failure,0,0,0,0,0,215.9,98.2
600,M10599,M,304.1,313.9,1264.0,36.7,13.0,0,No Failure,0,0,0,0,0,210.0,95.5
601,L10600,L,301.2,310.8,1273.0,34.2,16.0,0,No Failure,0,0,0,0,0,206.6,93.9
602,M10601,M,301.9,310.8,1168.0,70.0,18.0,0,No Failure,0,0,0,0,0,191.7,87.1
603,H10602,H,299.8,308.5,1326.0,33.1,22.0,0,No Failure,0,0,0,0,0,199.5,90.7
604,M10603,M,298.7,307.9,1384.0,37.7,28.0,0,No Failure,0,0,0,0,0,199.6,90.7
605,H10604,H,300.1,308.8,1338.0,25.5,32.0,0,No Failure,0,0,0,0,0,189.1,86.0
606,M10605,M,305.1,316.7,1207.0,45.3,38.0,0,No Failure,0,0,0,0,0,193.8,88.1
607,H10606,H,302.3,310.8,1334.0,31.0,42.0,1,HDF (Heat Dissipation),0,1,0,0,0,2.2,85.1
608,L10607,L,301.7,311.8,1222.0,49.2,47.0,0,No Failure,0,0,0,0,0,185.4,84.3
609,M10608,M,299.4,309.8,1507.0,22.1,49.0,1,PWF (Power Failure),0,0,1,0,0,2.0,83.6
610,L10609,L,302.8,313.2,1168.0,38.8,52.0,0,No Failure,0,0,0,0,0,185.0,84.1
611,M10610,M,298.8,309.2,1414.0,21.5,54.0,1,PWF (Power Failure),0,0,1,0,0,2.9,78.6
612,M10611,M,298.4,309.3,1278.0,35.1,57.0,0,No Failure,0,0,0,0,0,183.9,83.6
613,H10612,H,300.2,309.8,1247.0,37.1,60.0,0,No Failure,0,0,0,0,0,178.7,81.2
614,H10613,H,304.7,314.8,1168.0,34.0,66.0,0,No Failure,0,0,0,0,0,179.6,81.6
615,L10614,L,304.6,314.3,1322.0,35.0,72.0,0,No Failure,0,0,0,0,0,171.5,78.0
616,M10615,M,300.4,311.7,1434.0,49.7,74.0,0,No Failure,0,0,0,0,0,167.2,76.0
617,M10616,M,300.0,312.1,1168.0,15.32,77.0,0,No Failure,0,0,0,0,0,160.0,72.7
618,L10617,L,298.2,307.0,1168.0,43.4,81.0,0,No Failure,0,0,0,0,0,150.1,68.2
619,L10618,L,301.3,309.3,1210.0,31.4,84.0,1,HDF (Heat Dissipation),0,1,0,0,0,3.5,66.4
620,L10619,L,301.5,312.1,1289.0,40.6,87.0,0,No Failure,0,0,0,0,0,160.5,73.0
621,M10620,M,302.6,313.7,1168.0,36.5,89.0,0,No Failure,0,0,0,0,0,163.0,74.1
622,L10621,L,302.8,314.8,1168.0,48.9,93.0,0,No Failure,0,0,0,0,0,151.8,69.0
623,H10622,H,300.8,311.5,1168.0,42.9,95.0,0,No Failure,0,0,0,0,0,157.5,71.6
624,L10623,L,302.2,313.6,1256.0,24.2,101.0,1,PWF (Power Failure),0,0,1,0,0,2.2,65.4
625,H10624,H,299.9,311.6,1300.0,51.0,104.0,0,No Failure,0,0,0,0,0,147.3,67.0
626,L10625,L,302.2,313.7,1168.0,49.7,109.0,0,No Failure,0,0,0,0,0,139.5,63.4
627,M10626,M,300.3,311.2,1255.0,55.0,111.0,0,No Failure,0,0,0,0,0,137.6,62.5
628,L10627,L,302.0,310.7,1168.0,34.8,114.0,0,No Failure,0,0,0,0,0,131.7,59.9
629,M10628,M,301.9,311.9,1168.0,43.0,116.0,0,No Failure,0,0,0,0,0,141.5,64.3
630,H10629,H,301.3,311.6,1370.0,28.2,120.0,0,No Failure,0,0,0,0,0,150.0,68.2
631,H10630,H,302.6,312.5,1168.0,39.5,125.0,0,No Failure,0,0,0,0,0,138.8,63.1
632,H10631,H,298.4,308.4,1356.0,44.0,130.0,0,No Failure,0,0,0,0,0,133.8,60.8
633,L10632,L,299.3,310.9,1283.0,33.6,135.0,0,No Failure,0,0,0,0,0,133.4,60.6
634,L10633,L,300.7,309.9,1287.0,43.4,138.0,0,No Failure,0,0,0,0,0,117.6,53.5
635,L10634,L,298.6,309.4,1168.0,41.7,140.0,0,No Failure,0,0,0,0,0,123.4,56.1
636,L10635,L,300.5,310.8,1272.0,35.5,142.0,0,No Failure,0,0,0,0,0,127.3,57.9
637,M10636,M,300.5,309.6,1730.45,54.0,144.0,0,No Failure,0,0,0,0,0,106.5,48.4
638,M10637,M,303.6,312.5,1168.0,37.7,147.0,0,No Failure,0,0,0,0,0,112.7,51.2
639,M10638,M,301.5,309.8,1168.0,41.3,150.0,1,HDF (Heat Dissipation),0,1,0,0,0,1.7,46.0
640,H10639,H,303.1,,1191.0,25.3,154.0,1,PWF (Power Failure),0,0,1,0,0,2.8,52.2
641,M10640,M,301.7,311.6,1168.0,45.2,160.0,0,No Failure,0,0,0,0,0,108.7,49.4
642,H10641,H,300.2,309.4,1313.0,-10.83,163.0,0,No Failure,0,0,0,0,0,114.3,52.0
643,L10642,L,301.4,309.5,1168.0,49.6,168.0,1,HDF (Heat Dissipation),0,1,0,0,0,4.4,34.2
644,L10643,L,302.5,312.9,1183.0,26.9,170.0,1,PWF (Power Failure),0,0,1,0,0,0.9,47.7
645,M10644,M,303.3,313.1,1260.0,44.3,172.0,0,No Failure,0,0,0,0,0,100.7,45.8
646,H10645,H,301.0,310.3,1365.0,18.2,176.0,1,PWF (Power Failure),0,0,1,0,0,4.4,46.2
647,L10646,L,,307.2,1168.0,,182.0,0,No Failure,0,0,0,0,0,78.5,35.7
648,M10647,M,298.1,307.9,1292.0,38.3,184.0,0,No Failure,0,0,0,0,0,98.9,44.9
649,M10648,M,300.6,311.1,1237.0,44.0,187.0,0,No Failure,0,0,0,0,0,92.5,42.0
650,L10649,L,297.0,306.7,1168.0,34.0,190.0,0,No Failure,0,0,0,0,0,94.3,42.9
651,L10650,L,304.4,313.2,1168.0,30.5,192.0,0,No Failure,0,0,0,0,0,85.3,38.8
652,H10651,H,302.3,312.2,1168.0,35.7,195.0,0,No Failure,0,0,0,0,0,97.8,44.4
653,M10652,M,300.1,311.1,1168.0,41.9,201.0,0,No Failure,0,0,0,0,0,85.2,38.7
654,L10653,L,299.2,309.2,1247.0,45.8,204.0,0,No Failure,0,0,0,0,0,74.2,33.7
655,H10654,H,303.0,313.1,1337.0,43.0,206.0,0,No Failure,0,0,0,0,0,84.4,38.4
656,L10655,L,299.2,308.9,1373.0,30.6,0.0,0,No Failure,0,0,0,0,0,219.0,99.5
657,H10656,H,299.4,308.5,1311.0,58.4,3.0,0,No Failure,0,0,0,0,0,212.3,96.5
658,L10657,L,299.8,308.9,1170.0,43.3,8.0,0,No Failure,0,0,0,0,0,204.5,93.0
659,M10658,M,301.4,309.7,1384.0,33.8,11.0,0,No Failure,0,0,0,0,0,208.2,94.6
660,L10659,L,302.3,313.5,1168.0,44.2,15.0,0,No Failure,0,0,0,0,0,209.4,95.2
661,L10660,L,303.3,313.8,1168.0,42.6,17.0,0,No Failure,0,0,0,0,0,208.2,94.6
662,H10661,H,303.1,313.2,1168.0,38.2,20.0,0,No Failure,0,0,0,0,0,207.3,94.2
663,L10662,L,301.2,311.5,1177.0,37.1,26.0,0,No Failure,0,0,0,0,0,202.8,92.2
664,L10663,L,303.0,313.3,1428.0,49.8,28.0,0,No Failure,0,0,0,0,0,199.3,90.6
665,L10664,L,300.0,309.3,1168.0,57.3,31.0,0,No Failure,0,0,0,0,0,188.0,85.5
666,M10665,M,297.9,307.6,1303.0,19.6,33.0,1,PWF (Power Failure),0,0,1,0,0,6.5,80.9
667,H10666,H,300.0,309.5,1265.0,52.3,36.0,0,No Failure,0,0,0,0,0,190.5,86.6
668,H10667,H,299.7,312.2,1168.0,40.2,42.0,0,No Failure,0,0,0,0,0,192.9,87.7
669,L10668,L,300.1,311.1,1168.0,42.4,47.0,0,No Failure,0,0,0,0,0,187.4,85.2
670,L10669,L,299.5,309.7,1202.0,53.5,49.0,0,No Failure,0,0,0,0,0,182.7,83.1
671,L10670,L,300.4,311.8,1541.0,13.5,,1,PWF (Power Failure),0,0,1,0,0,6.5,77.7
672,M10671,M,302.3,313.5,1278.0,48.1,55.0,0,No Failure,0,0,0,0,0,181.2,82.4
673,H10672,H,304.3,312.9,1228.0,52.8,58.0,1,HDF (Heat Dissipation),0,1,0,0,0,1.0,75.1
674,M10673,M,298.1,307.9,1336.0,33.1,64.0,0,No Failure,0,0,0,0,0,179.2,81.4
675,M10674,M,298.9,308.9,1452.0,26.1,67.0,0,No Failure,0,0,0,0,0,180.9,82.2
676,L10675,L,299.8,310.4,1168.0,56.4,70.0,0,No Failure,0,0,0,0,0,165.5,75.2
677,H10676,H,302.6,312.4,1478.0,22.4,73.0,1,PWF (Power Failure),0,0,1,0,0,6.5,77.5
678,L10677,L,300.8,310.7,1176.0,44.2,79.0,0,No Failure,0,0,0,0,0,163.2,74.2
679,L10678,L,299.9,309.4,1168.0,50.2,81.0,0,No Failure,0,0,0,0,0,154.5,70.2
680,L10679,L,302.5,313.5,1168.0,44.0,83.0,0,No Failure,0,0,0,0,0,161.6,73.4
681,L10680,L,302.9,311.5,1336.0,45.6,86.0,0,No Failure,0,0,0,0,0,151.6,68.9
682,L10681,L,301.2,310.8,1348.0,-13.84,88.0,0,No Failure,0,0,0,0,0,159.8,72.6
683,L10682,L,299.7,307.9,1240.0,44.6,91.0,1,HDF (Heat Dissipation),0,1,0,0,0,2.7,63.2
684,L10683,L,301.7,310.7,1168.0,32.9,94.0,0,No Failure,0,0,0,0,0,149.1,67.8
685,M10684,M,300.8,311.1,1381.0,34.2,97.0,0,No Failure,0,0,0,0,0,159.1,72.3
686,L10685,L,300.8,311.1,1168.0,40.4,101.0,0,No Failure,0,0,0,0,0,151.1,68.7
687,L10686,L,300.3,310.0,1558.0,24.6,103.0,0,No Failure,0,0,0,0,0,159.5,72.5
688,H10687,H,302.9,314.0,1324.0,45.8,106.0,0,No Failure,0,0,0,0,0,148.7,67.6
689,M10688,M,301.6,313.0,1613.0,15.2,112.0,1,PWF (Power Failure),0,0,1,0,0,7.2,63.3
690,M10689,M,303.0,312.9,1233.0,43.6,116.0,0,No Failure,0,0,0,0,0,140.2,63.7
691,L10690,L,303.6,313.9,1168.0,44.6,119.0,0,No Failure,0,0,0,0,0,135.8,61.7
692,H10691,H,302.0,311.5,1266.0,32.1,122.0,0,No Failure,0,0,0,0,0,142.4,64.7
693,L10692,L,300.3,310.9,,27.7,128.0,0,No Failure,0,0,0,0,0,142.4,64.7
694,L10693,L,303.1,311.9,1297.0,35.9,131.0,0,No Failure,0,0,0,0,0,126.1,57.3
695,H10694,H,302.0,313.8,1168.0,46.4,134.0,0,No Failure,0,0,0,0,0,129.5,58.9
696,M10695,M,305.9,317.0,1335.0,43.5,139.0,0,No Failure,0,0,0,0,0,125.6,57.1
697,M10696,M,301.7,310.5,1264.0,28.9,143.0,0,No Failure,0,0,0,0,0,124.5,56.6
698,M10697,M,302.4,311.6,1186.0,41.1,147.0,0,No Failure,0,0,0,0,0,113.3,51.5
699,M10698,M,301.7,312.1,1168.0,42.6,151.0,0,No Failure,0,0,0,0,0,118.2,53.7
700,L10699,L,301.0,310.7,1168.0,42.2,154.0,0,No Failure,0,0,0,0,0,109.9,50.0
701,L10700,L,300.7,311.2,1168.0,30.1,156.0,0,No Failure,0,0,0,0,0,119.9,54.5
702,L10701,L,301.7,311.3,1439.0,41.6,159.0,0,No Failure,0,0,0,0,0,110.2,50.1
703,L10702,L,302.1,313.6,1196.0,49.2,161.0,0,No Failure,0,0,0,0,0,101.6,46.2
704,H10703,H,303.3,,1498.0,45.4,164.0,0,No Failure,0,0,0,0,0,110.0,50.0
705,L10704,L,301.7,314.1,1171.0,44.1,170.0,0,No Failure,0,0,0,0,0,100.2,45.6
706,M10705,M,300.3,310.9,1168.0,56.4,172.0,0,No Failure,0,0,0,0,0,91.0,41.3
707,M10706,M,300.6,309.3,1177.0,41.7,175.0,0,No Failure,0,0,0,0,0,88.6,40.3
708,M10707,M,298.8,310.9,1317.0,31.6,178.0,0,No Failure,0,0,0,0,0,110.7,50.3
709,L10708,L,304.2,315.3,1317.0,31.6,181.0,0,No Failure,0,0,0,0,0,106.0,48.2
710,L10709,L,300.2,310.6,1388.0,41.8,183.0,0,No Failure,0,0,0,0,0,93.6,42.5
711,H10710,H,302.9,313.5,1294.0,25.6,186.0,1,PWF (Power Failure),0,0,1,0,0,4.6,47.7
712,M10711,M,301.7,310.5,1168.0,36.9,192.0,0,No Failure,0,0,0,0,0,83.4,37.9
713,H10712,H,301.7,309.9,1250.0,44.6,-124.75,1,HDF (Heat Dissipation),0,1,0,0,0,0.9,33.4
714,H10713,H,301.0,311.0,1256.0,51.7,202.0,0,No Failure,0,0,0,0,0,78.1,35.5
715,M10714,M,299.8,311.2,1168.0,24.6,208.0,1,PWF (Power Failure),0,0,1,0,1,0.7,35.7
716,L10715,L,299.4,309.8,661.66,41.0,211.0,0,No Failure,0,0,0,0,0,75.3,34.2
717,M10716,M,304.3,316.0,1253.0,39.3,214.0,0,No Failure,0,0,0,0,0,79.6,36.2
718,L10717,L,301.4,312.7,1288.0,96.99,217.0,1,TWF (Tool Wear Failure),1,0,0,0,0,2.5,32.7
719,M10718,M,303.2,313.2,1168.0,41.4,0.0,0,No Failure,0,0,0,0,0,220.0,100.0
720,H10719,H,303.7,314.9,1208.0,39.7,4.0,0,No Failure,0,0,0,0,0,217.4,98.8
721,M10720,M,300.4,311.9,1357.0,53.9,9.0,0,No Failure,0,0,0,0,0,213.4,97.0
722,L10721,L,301.9,311.8,1168.0,52.4,13.0,0,No Failure,0,0,0,0,0,209.1,95.0
723,L10722,L,301.2,311.0,1168.0,61.4,16.0,0,No Failure,0,0,0,0,0,204.9,93.1
724,H10723,H,299.1,309.2,1186.0,39.9,19.0,0,No Failure,0,0,0,0,0,207.8,94.5
725,L10724,L,300.8,308.4,1236.0,35.9,324.24,1,HDF (Heat Dissipation),0,1,0,0,0,2.8,82.6
726,L10725,L,302.2,312.5,1323.0,30.3,26.0,0,No Failure,0,0,0,0,0,203.8,92.7
727,L10726,L,300.3,311.0,1179.0,34.8,28.0,0,No Failure,0,0,0,0,0,201.8,91.7
728,L10727,L,300.6,310.7,1168.0,47.1,30.0,0,No Failure,0,0,0,0,0,198.3,90.1
729,L10728,L,300.8,311.1,1168.0,48.7,33.0,0,No Failure,0,0,0,0,0,195.8,89.0
730,M10729,M,305.0,315.0,1193.0,46.8,35.0,0,No Failure,0,0,0,0,0,195.6,88.9
731,L10730,L,297.9,296.56,1168.0,33.4,38.0,1,HDF (Heat Dissipation),0,1,0,0,0,3.4,78.9
732,L10731,L,302.1,313.8,1168.0,33.4,40.0,0,No Failure,0,0,0,0,0,194.4,88.4
733,L10732,L,300.7,310.3,1168.0,59.6,42.0,0,No Failure,0,0,0,0,0,182.1,82.8
734,L10733,L,300.0,309.4,1180.0,31.7,44.0,0,No Failure,0,0,0,0,0,185.7,84.4
735,L10734,L,300.7,312.1,1168.0,54.2,46.0,0,No Failure,0,0,0,0,0,184.8,84.0
736,M10735,M,302.4,313.4,1168.0,44.0,48.0,0,No Failure,0,0,0,0,0,187.3,85.1
737,L10736,L,302.5,312.8,1252.0,32.7,52.0,0,No Failure,0,0,0,0,0,186.9,85.0
738,L10737,L,301.5,312.3,1325.0,28.2,54.0,0,No Failure,0,0,0,0,0,187.1,85.0
739,L10738,L,303.1,311.9,1168.0,33.1,56.0,0,No Failure,0,0,0,0,0,171.0,77.7
740,L10739,L,303.4,313.3,1168.0,44.2,59.0,0,No Failure,0,0,0,0,0,177.3,80.6
741,L10740,L,,313.9,1459.0,30.9,61.0,0,No Failure,0,0,0,0,0,181.9,82.7
742,L10741,L,300.2,309.5,1168.0,55.5,64.0,0,No Failure,0,0,0,0,0,162.8,74.0
743,H10742,H,302.0,311.0,1243.0,37.9,67.0,0,No Failure,0,0,0,0,0,168.5,76.6
744,L10743,L,,312.1,1168.0,47.0,73.0,0,No Failure,0,0,0,0,0,167.3,76.0
745,M10744,M,299.7,309.8,1208.0,46.2,75.0,0,No Failure,0,0,0,0,0,167.9,76.3
746,L10745,L,298.3,308.9,1168.0,56.2,78.0,0,No Failure,0,0,0,0,0,159.4,72.4
747,L10746,L,297.5,306.1,1168.0,35.6,81.0,0,No Failure,0,0,0,0,0,151.7,68.9
748,L10747,L,301.3,308.8,1168.0,41.1,83.0,1,HDF (Heat Dissipation),0,1,0,0,0,6.2,61.6
749,M10748,M,301.7,312.6,1365.0,26.0,85.0,0,No Failure,0,0,0,0,0,168.1,76.4
750,H10749,H,299.0,320.16,1286.0,41.0,89.0,0,No Failure,0,0,0,0,0,154.4,70.2
751,L10750,L,303.0,312.4,1168.0,51.4,94.0,0,No Failure,0,0,0,0,0,143.1,65.0
752,L10751,L,301.4,309.2,1168.0,42.2,97.0,1,HDF (Heat Dissipation),0,1,0,0,0,1.9,58.4
753,L10752,L,303.6,314.6,1209.0,63.1,100.0,0,No Failure,0,0,0,0,0,138.1,62.8
754,L10753,L,301.8,312.2,1168.0,45.2,103.0,0,No Failure,0,0,0,0,0,146.7,66.7
755,M10754,M,299.2,309.5,1168.0,34.6,105.0,0,No Failure,0,0,0,0,0,153.8,69.9
756,L10755,L,302.0,312.3,1168.0,44.6,108.0,0,No Failure,0,0,0,0,0,143.6,65.3
757,L10756,L,302.3,310.2,1323.0,25.4,110.0,1,HDF (Heat Dissipation),0,1,0,0,0,0.2,61.5
758,H10757,H,300.1,309.1,1232.0,32.0,112.0,0,No Failure,0,0,0,0,0,142.9,65.0
759,L10758,L,298.5,308.0,1264.0,27.8,118.0,0,No Failure,0,0,0,0,0,141.0,64.1
760,L10759,L,301.3,310.6,1168.0,40.2,121.0,0,No Failure,0,0,0,0,0,129.9,59.0
761,M10760,M,299.3,309.0,1175.0,39.4,123.0,0,No Failure,0,0,0,0,0,135.9,61.8
762,L10761,L,303.1,326.06,1168.0,52.1,126.0,0,No Failure,0,0,0,0,0,125.2,56.9
763,L10762,L,300.4,311.4,1233.0,39.0,129.0,0,No Failure,0,0,0,0,0,133.1,60.5
764,L10763,L,304.2,312.7,1302.0,30.0,131.0,1,HDF (Heat Dissipation),0,1,0,0,0,0.6,58.6
765,H10764,H,297.3,307.3,1168.0,55.6,133.0,0,No Failure,0,0,0,0,0,123.9,56.3
766,L10765,L,,312.1,1791.0,10.6,139.0,1,PWF (Power Failure),0,0,1,0,0,6.9,58.2
767,L10766,L,303.7,312.8,1188.0,40.4,142.0,0,No Failure,0,0,0,0,0,113.2,51.5
768,L10767,L,299.5,309.3,1240.0,42.2,144.0,0,No Failure,0,0,0,0,0,118.3,53.8
769,L10768,L,300.8,311.3,1168.0,39.9,147.0,0,No Failure,0,0,0,0,0,120.1,54.6
770,M10769,M,300.4,310.4,1240.0,45.0,150.0,0,No Failure,0,0,0,0,0,116.9,53.1
771,L10770,L,299.9,310.6,1267.0,41.1,154.0,0,No Failure,0,0,0,0,0,114.3,51.9
772,M10771,M,301.6,311.7,1168.0,45.0,156.0,0,No Failure,0,0,0,0,0,112.7,51.2
773,M10772,M,298.8,308.5,1459.0,34.0,160.0,0,No Failure,0,0,0,0,0,119.7,54.4
774,H10773,H,300.9,309.7,1491.0,25.4,164.0,0,No Failure,0,0,0,0,0,126.7,57.6
775,L10774,L,,312.2,1358.0,39.5,169.0,0,No Failure,0,0,0,0,0,105.6,48.0
776,H10775,H,300.7,310.8,1624.0,29.7,171.0,0,No Failure,0,0,0,0,0,119.0,54.1
777,M10776,M,299.3,308.3,1168.0,32.7,176.0,0,No Failure,0,0,0,0,0,99.9,45.4
778,L10777,L,303.0,313.6,1235.0,51.6,180.0,0,No Failure,0,0,0,0,0,85.1,38.7
779,M10778,M,302.4,313.7,1168.0,55.6,183.0,0,No Failure,0,0,0,0,0,83.5,38.0
780,H10779,H,299.2,308.5,1182.0,51.4,186.0,0,No Failure,0,0,0,0,0,81.9,37.2
781,L10780,L,298.8,308.1,1168.0,49.6,191.0,0,No Failure,0,0,0,0,0,71.4,32.5
782,H10781,H,299.4,308.6,1168.0,40.6,193.0,0,No Failure,0,0,0,0,0,86.5,39.3
783,L10782,L,302.1,310.4,660.91,50.2,198.0,1,HDF (Heat Dissipation),0,1,0,0,0,3.0,24.8
784,M10783,M,301.6,313.6,1413.0,43.6,201.0,0,No Failure,0,0,0,0,0,83.4,37.9
785,H10784,H,302.5,312.1,1168.0,59.5,205.0,0,No Failure,0,0,0,0,0,63.5,28.9
786,L10785,L,300.5,309.6,1191.0,30.8,210.0,0,No Failure,0,0,0,0,0,78.9,35.9
787,H10786,H,299.4,308.3,1168.0,46.7,213.0,0,No Failure,0,0,0,0,0,63.7,28.9
788,L10787,L,302.8,312.4,1168.0,,219.0,1,PWF (Power Failure),0,0,1,0,0,3.5,32.2
789,M10788,M,300.1,309.4,1253.0,46.8,221.0,1,TWF (Tool Wear Failure),1,0,0,0,0,3.1,27.2
790,M10789,M,301.4,312.8,1402.0,22.8,224.0,1,PWF (Power Failure),0,0,1,0,0,5.7,36.8
791,L10790,L,298.3,307.1,1286.0,27.9,227.0,0,No Failure,0,0,0,0,0,72.3,32.9
792,L10791,L,300.1,308.6,1388.0,27.2,0.0,0,No Failure,0,0,0,0,0,215.9,98.1
793,L10792,L,302.9,313.5,1278.0,42.5,2.0,0,No Failure,0,0,0,0,0,218.6,99.4
794,L10793,L,299.8,309.7,1168.0,43.5,5.0,0,No Failure,0,0,0,0,0,215.4,97.9
795,L10794,L,302.6,312.4,1168.0,64.5,8.0,0,No Failure,0,0,0,0,0,211.2,96.0
796,L10795,L,296.9,307.5,1217.0,39.1,10.0,0,No Failure,0,0,0,0,0,213.3,96.9
797,L10796,L,300.1,310.2,1168.0,47.7,12.0,0,No Failure,0,0,0,0,0,211.3,96.0
798,L10797,L,300.8,310.8,1168.0,41.6,15.0,0,No Failure,0,0,0,0,0,209.7,95.3
799,M10798,M,304.2,312.8,613.66,46.9,17.0,0,No Failure,0,0,0,0,0,192.7,87.6
800,M10799,M,299.0,307.3,1182.0,,20.0,1,HDF (Heat Dissipation),0,1,0,0,0,1.4,85.4
801,M10800,M,302.3,311.6,1261.0,51.0,24.0,0,No Failure,0,0,0,0,0,196.9,89.5
802,L10801,L,303.0,311.9,1319.0,29.5,27.0,0,No Failure,0,0,0,0,0,197.0,89.5
803,H10802,H,299.8,310.1,1549.0,15.5,30.0,1,PWF (Power Failure),0,0,1,0,0,4.0,82.9
804,M10803,M,300.4,308.6,1168.0,44.2,35.0,1,HDF (Heat Dissipation),0,1,0,0,0,3.0,80.1
805,L10804,L,301.3,310.9,1331.0,21.9,38.0,1,PWF (Power Failure),0,0,1,0,0,6.7,79.8
806,L10805,L,298.4,308.2,1168.0,53.1,40.0,0,No Failure,0,0,0,0,0,187.5,85.2
807,M10806,M,300.3,310.3,1385.0,34.5,42.0,0,No Failure,0,0,0,0,0,193.6,88.0
808,L10807,L,303.4,313.8,1215.0,29.6,45.0,0,No Failure,0,0,0,0,0,191.3,86.9
809,M10808,M,302.0,311.7,1168.0,67.0,48.0,0,No Failure,0,0,0,0,0,177.9,80.9
810,H10809,H,300.8,,1168.0,39.8,51.0,0,No Failure,0,0,0,0,0,179.6,81.6
811,L10810,L,,312.5,1295.0,37.9,56.0,0,No Failure,0,0,0,0,0,182.6,83.0
812,L10811,L,302.1,311.8,1168.0,47.5,59.0,0,No Failure,0,0,0,0,0,173.9,79.1
813,H10812,H,302.5,313.9,1168.0,48.2,62.0,0,No Failure,0,0,0,0,0,177.5,80.7
814,M10813,M,300.1,309.8,1230.0,51.4,68.0,0,No Failure,0,0,0,0,0,168.0,76.3
815,L10814,L,303.8,313.8,1168.0,26.7,71.0,1,PWF (Power Failure),0,0,1,0,0,6.2,74.0
816,H10815,H,303.4,313.3,1299.0,45.4,73.0,0,No Failure,0,0,0,0,0,170.4,77.4
817,H10816,H,302.3,312.5,1168.0,37.1,79.0,0,No Failure,0,0,0,0,0,170.4,77.4
818,M10817,M,299.5,309.1,1168.0,30.8,85.0,0,No Failure,0,0,0,0,0,162.9,74.0
819,M10818,M,299.2,309.3,1168.0,40.5,88.0,0,No Failure,0,0,0,0,0,161.7,73.5
820,L10819,L,300.5,312.0,1646.0,21.9,92.0,0,No Failure,0,0,0,0,0,166.7,75.8
821,L10820,L,301.2,312.2,1168.0,,95.0,0,No Failure,0,0,0,0,0,150.2,68.3
822,M10821,M,297.9,309.0,1254.0,37.1,97.0,0,No Failure,0,0,0,0,0,157.5,71.6
823,L10822,L,301.9,310.6,1379.0,35.2,101.0,0,No Failure,0,0,0,0,0,150.2,68.3
824,M10823,M,303.4,312.2,1168.0,38.6,103.0,0,No Failure,0,0,0,0,0,139.6,63.5
825,H10824,H,302.1,312.3,1168.0,38.3,106.0,0,No Failure,0,0,0,0,0,152.7,69.4
826,L10825,L,299.8,310.6,1332.0,51.4,111.0,0,No Failure,0,0,0,0,0,136.9,62.2
827,M10826,M,299.6,309.1,1316.0,29.0,113.0,0,No Failure,0,0,0,0,0,149.3,67.9
828,L10827,L,301.6,310.9,1234.0,36.2,116.0,0,No Failure,0,0,0,0,0,137.1,62.3
829,H10828,H,300.8,312.2,1208.0,37.8,119.0,0,No Failure,0,0,0,0,0,144.8,65.8
830,L10829,L,301.8,312.5,1291.0,29.3,125.0,0,No Failure,0,0,0,0,0,143.0,65.0
831,M10830,M,302.1,313.2,1172.0,41.6,127.0,0,No Failure,0,0,0,0,0,135.1,61.4
832,M10831,M,303.0,312.6,1262.0,32.8,130.0,0,No Failure,0,0,0,0,0,136.0,61.8
833,L10832,L,299.0,308.5,1583.0,26.0,134.0,0,No Failure,0,0,0,0,0,140.1,63.7
834,M10833,M,301.4,312.3,1168.0,45.3,136.0,0,No Failure,0,0,0,0,0,126.3,57.4
835,M10834,M,300.4,310.1,1182.0,55.5,139.0,0,No Failure,0,0,0,0,0,113.1,51.4
836,M10835,M,300.9,310.3,1168.0,40.5,142.0,0,No Failure,0,0,0,0,0,119.3,54.2
837,M10836,M,302.6,311.7,1341.0,39.0,146.0,0,No Failure,0,0,0,0,0,120.1,54.6
838,H10837,H,302.8,312.3,1235.0,38.8,150.0,0,No Failure,0,0,0,0,0,119.7,54.4
839,L10838,L,303.5,314.4,1168.0,34.8,155.0,0,No Failure,0,0,0,0,0,119.4,54.3
840,M10839,M,301.8,,1168.0,51.7,158.0,1,HDF (Heat Dissipation),0,1,0,0,0,6.4,40.5
841,L10840,L,300.8,311.4,1168.0,40.9,162.0,0,No Failure,0,0,0,0,0,109.0,49.5
842,M10841,M,300.6,309.9,1535.0,18.2,165.0,1,PWF (Power Failure),0,0,1,0,0,7.2,49.5
843,M10842,M,297.9,307.7,1226.0,-1.17,169.0,0,No Failure,0,0,0,0,0,95.3,43.3
844,L10843,L,303.4,313.3,1168.0,49.5,172.0,0,No Failure,0,0,0,0,0,92.1,41.9
845,L10844,L,300.4,310.2,1168.0,46.0,174.0,0,No Failure,0,0,0,0,0,93.2,42.4
846,H10845,H,301.9,311.6,1759.0,12.4,176.0,1,PWF (Power Failure),0,0,1,0,0,3.1,49.8
847,L10846,L,302.2,311.8,1168.0,40.0,181.0,0,No Failure,0,0,0,0,0,92.5,42.1
848,M10847,M,298.8,308.2,1168.0,48.9,184.0,0,No Failure,0,0,0,0,0,83.0,37.7
849,L10848,L,299.4,310.7,1168.0,,187.0,0,No Failure,0,0,0,0,0,88.6,40.3
850,H10849,H,303.8,313.8,1168.0,42.1,190.0,0,No Failure,0,0,0,0,0,95.8,43.5
851,L10850,L,301.5,311.4,1168.0,49.0,195.0,0,No Failure,0,0,0,0,0,75.8,34.4
852,L10851,L,300.0,309.4,1200.0,41.4,198.0,0,No Failure,0,0,0,0,0,77.1,35.0
853,H10852,H,300.8,310.4,1213.0,52.0,200.0,0,No Failure,0,0,0,0,0,75.0,34.1
854,H10853,H,303.0,312.4,1168.0,41.6,206.0,0,No Failure,0,0,0,0,0,79.3,36.0
855,L10854,L,302.7,313.5,1168.0,40.8,212.0,0,No Failure,0,0,0,0,0,74.8,34.0
856,L10855,L,298.4,307.6,1168.0,48.9,215.0,1,TWF (Tool Wear Failure),1,0,0,0,0,5.0,24.3
857,M10856,M,303.9,311.7,1230.0,36.0,217.0,1,HDF (Heat Dissipation),0,1,0,0,0,2.4,27.4
858,H10857,H,302.7,312.8,1311.0,29.0,0.0,0,No Failure,0,0,0,0,0,220.0,100.0
859,L10858,L,300.7,310.4,1168.0,40.0,6.0,0,No Failure,0,0,0,0,0,212.6,96.6
860,M10859,M,298.9,308.3,1168.0,45.9,9.0,0,No Failure,0,0,0,0,0,207.2,94.2
861,M10860,M,302.9,313.8,1175.0,49.3,12.0,0,No Failure,0,0,0,0,0,211.5,96.1
862,M10861,M,301.9,309.2,1168.0,,15.0,1,HDF (Heat Dissipation),0,1,0,0,0,3.6,81.7
863,M10862,M,298.4,310.0,1340.0,39.3,19.0,0,No Failure,0,0,0,0,0,207.5,94.3
864,M10863,M,300.6,311.7,1168.0,38.3,22.0,0,No Failure,0,0,0,0,0,205.7,93.5
865,L10864,L,306.6,316.0,,34.1,26.0,0,No Failure,0,0,0,0,0,196.9,89.5
866,H10865,H,301.0,310.5,1290.0,42.5,29.0,0,No Failure,0,0,0,0,0,197.5,89.8
867,H10866,H,299.7,310.2,1277.0,23.6,34.0,1,PWF (Power Failure),0,0,1,0,0,4.2,83.3
868,M10867,M,299.2,309.7,1196.0,40.2,39.0,0,No Failure,0,0,0,0,0,194.2,88.3
869,L10868,L,304.2,313.6,1168.0,68.5,42.0,0,No Failure,0,0,0,0,0,177.7,80.8
870,L10869,L,302.5,310.9,1168.0,25.0,44.0,1,HDF (Heat Dissipation),0,1,1,0,0,2.8,70.9
871,M10870,M,303.5,315.6,1207.0,41.6,47.0,0,No Failure,0,0,0,0,0,188.6,85.7
872,L10871,L,301.4,312.4,1188.0,43.8,50.0,0,No Failure,0,0,0,0,0,184.9,84.0
873,H10872,H,303.2,313.4,1268.0,45.1,53.0,0,No Failure,0,0,0,0,0,184.5,83.9
874,L10873,L,299.4,309.6,1350.0,30.3,58.0,0,No Failure,0,0,0,0,0,183.9,83.6
875,M10874,M,301.3,311.9,1168.0,45.2,60.0,0,No Failure,0,0,0,0,0,178.7,81.2
876,H10875,H,301.5,312.2,1296.0,34.7,63.0,0,No Failure,0,0,0,0,0,181.2,82.4
877,L10876,L,303.5,,1168.0,25.7,,1,HDF (Heat Dissipation),0,1,1,0,0,1.2,62.9
878,L10877,L,301.5,311.1,1180.0,49.5,71.0,0,No Failure,0,0,0,0,0,163.3,74.2
879,M10878,M,299.8,309.3,1168.0,46.6,-277.23,0,No Failure,0,0,0,0,0,163.7,74.4
880,M10879,M,301.1,310.9,1492.0,30.3,76.0,0,No Failure,0,0,0,0,0,173.9,79.0
881,L10880,L,297.9,308.7,1201.0,34.6,80.0,0,No Failure,0,0,0,0,0,168.2,76.5
882,M10881,M,296.8,305.0,1168.0,34.2,82.0,1,HDF (Heat Dissipation),0,1,0,0,0,7.3,67.6
883,H10882,H,302.5,311.2,1363.0,23.6,86.0,1,PWF (Power Failure),0,0,1,0,0,7.5,70.5
884,L10883,L,300.3,309.6,1168.0,47.6,91.0,0,No Failure,0,0,0,0,0,146.3,66.5
885,L10884,L,300.5,310.7,1168.0,48.0,93.0,0,No Failure,0,0,0,0,0,152.3,69.2
886,L10885,L,302.4,313.2,1442.0,36.7,95.0,0,No Failure,0,0,0,0,0,157.3,71.5
887,L10886,L,303.5,315.1,1168.0,39.7,98.0,0,No Failure,0,0,0,0,0,153.5,69.8
888,L10887,L,301.9,311.6,1168.0,41.1,101.0,0,No Failure,0,0,0,0,0,147.4,67.0
889,L10888,L,304.4,315.2,1225.0,42.4,103.0,0,No Failure,0,0,0,0,0,148.5,67.5
890,M10889,M,301.9,312.6,1347.0,26.5,106.0,0,No Failure,0,0,0,0,0,156.2,71.0
891,L10890,L,301.5,312.0,1168.0,44.9,110.0,0,No Failure,0,0,0,0,0,142.0,64.5
892,H10891,H,301.4,311.4,1503.0,28.2,113.0,0,No Failure,0,0,0,0,0,154.1,70.0
893,L10892,L,298.6,308.2,1172.0,46.8,118.0,0,No Failure,0,0,0,0,0,130.5,59.3
894,L10893,L,302.7,311.6,1325.0,29.4,120.0,0,No Failure,0,0,0,0,0,140.0,63.6
895,M10894,M,296.5,305.4,1385.0,27.0,123.0,0,No Failure,0,0,0,0,0,144.5,65.7
896,H10895,H,299.9,310.2,1168.0,39.7,126.0,0,No Failure,0,0,0,0,0,139.2,63.3
897,L10896,L,301.0,310.9,1168.0,39.5,132.0,0,No Failure,0,0,0,0,0,129.5,58.9
898,L10897,L,299.5,309.1,1168.0,41.0,135.0,0,No Failure,0,0,0,0,0,123.0,55.9
899,L10898,L,300.1,310.8,1333.0,31.1,137.0,0,No Failure,0,0,0,0,0,134.2,61.0
900,M10899,M,304.2,314.0,1172.0,42.0,139.0,0,No Failure,0,0,0,0,0,124.5,56.6
901,L10900,L,302.9,312.0,1168.0,43.0,142.0,0,No Failure,0,0,0,0,0,111.0,50.4
902,L10901,L,299.7,309.4,1168.0,51.7,,0,No Failure,0,0,0,0,0,107.9,49.1
903,L10902,L,300.1,310.9,608.93,41.9,148.0,0,No Failure,0,0,0,0,0,117.7,53.5
904,L10903,L,298.6,307.6,1168.0,34.0,151.0,0,No Failure,0,0,0,0,0,111.8,50.8
905,H10904,H,302.2,312.4,1173.0,26.5,153.0,1,PWF (Power Failure),0,0,1,0,0,3.7,53.2
906,M10905,M,300.5,310.4,1365.0,24.7,159.0,0,No Failure,0,0,0,0,0,120.7,54.8
907,L10906,L,297.4,306.6,1531.0,43.2,163.0,0,No Failure,0,0,0,0,0,106.0,48.2
908,L10907,L,301.1,310.8,1168.0,100.26,166.0,0,No Failure,0,0,0,0,0,96.0,43.6
909,L10908,L,301.7,310.1,1281.0,31.1,168.0,1,HDF (Heat Dissipation),0,1,0,0,0,6.7,46.7
910,L10909,L,302.6,312.7,1168.0,42.6,170.0,0,No Failure,0,0,0,0,0,101.7,46.2
911,M10910,M,300.8,309.4,1168.0,38.3,172.0,1,HDF (Heat Dissipation),0,1,0,0,0,3.3,42.1
912,H10911,H,300.2,311.3,1416.0,47.2,176.0,0,No Failure,0,0,0,0,0,100.4,45.6
913,H10912,H,304.5,314.4,1168.0,48.7,182.0,0,No Failure,0,0,0,0,0,93.8,42.6
914,H10913,H,300.9,310.3,1435.0,17.3,188.0,1,PWF (Power Failure),0,0,1,0,0,7.7,44.7
915,H10914,H,302.2,313.4,1168.0,50.3,194.0,0,No Failure,0,0,0,0,0,85.1,38.7
916,H10915,H,299.9,308.9,1168.0,42.5,199.0,0,No Failure,0,0,0,0,0,78.5,35.7
917,L10916,L,302.1,311.4,1282.0,34.7,204.0,0,No Failure,0,0,0,0,0,82.6,37.5
918,L10917,L,298.3,306.5,1348.0,35.0,206.0,1,HDF (Heat Dissipation),0,1,0,0,0,7.6,35.5
919,L10918,L,300.1,311.4,1207.0,40.3,208.0,0,No Failure,0,0,0,0,0,78.2,35.5
920,M10919,M,307.78,310.6,1301.0,35.0,210.0,0,No Failure,0,0,0,0,0,87.2,39.6
921,L10920,L,299.8,308.1,1318.0,30.6,213.0,1,HDF (Heat Dissipation),0,1,0,0,0,5.9,35.1
922,H10921,H,303.1,312.3,1521.0,32.9,216.0,1,TWF (Tool Wear Failure),1,0,0,0,0,3.8,40.4
923,M10922,M,299.8,309.9,1524.0,29.6,221.0,1,TWF (Tool Wear Failure),1,0,0,0,0,7.2,39.4
924,M10923,M,302.2,311.7,1168.0,53.5,225.0,1,OSF (Overstrain Failure),0,0,0,1,0,0.9,22.4
925,L10924,L,303.6,313.6,1327.0,40.6,228.0,1,TWF (Tool Wear Failure),1,0,0,0,0,6.4,29.2
926,L10925,L,300.8,310.7,1341.0,62.5,0.0,0,No Failure,0,0,0,0,0,213.4,97.0
927,L10926,L,302.7,313.1,1240.0,43.7,3.0,0,No Failure,0,0,0,0,0,217.9,99.0
928,H10927,H,301.8,310.8,1168.0,45.9,5.0,0,No Failure,0,0,0,0,0,205.6,93.5
929,M10928,M,301.1,311.3,1257.0,-22.78,10.0,0,No Failure,0,0,0,0,0,214.0,97.3
930,M10929,M,302.2,311.1,1211.0,37.8,14.0,0,No Failure,0,0,0,0,0,199.4,90.6
931,L10930,L,304.2,313.8,1168.0,40.7,18.0,0,No Failure,0,0,0,0,0,203.3,92.4
932,L10931,L,299.7,308.0,1312.0,33.6,21.0,1,HDF (Heat Dissipation),0,1,0,0,0,1.0,89.2
933,L10932,L,299.1,308.7,1387.0,35.4,23.0,0,No Failure,0,0,0,0,0,203.9,92.7
934,M10933,M,299.0,308.4,1168.0,44.2,26.0,0,No Failure,0,0,0,0,0,195.6,88.9
935,M10934,M,302.6,313.5,1168.0,44.4,30.0,0,No Failure,0,0,0,0,0,199.5,90.7
936,L10935,L,302.9,312.8,1168.0,26.6,34.0,1,PWF (Power Failure),0,0,1,0,0,5.2,83.4
937,H10936,H,299.9,310.0,1195.0,42.8,37.0,0,No Failure,0,0,0,0,0,195.7,88.9
938,L10937,L,297.0,307.0,1179.0,45.5,43.0,0,No Failure,0,0,0,0,0,189.3,86.1
939,H10938,H,299.6,307.5,1168.0,34.1,45.0,1,HDF (Heat Dissipation),0,1,0,0,0,5.7,77.0
940,L10939,L,301.8,309.8,1543.0,33.1,51.0,0,No Failure,0,0,0,0,0,187.4,85.2
941,L10940,L,300.7,310.4,1168.0,44.4,-264.83,0,No Failure,0,0,0,0,0,179.3,81.5
942,H10941,H,301.2,311.5,1525.0,14.3,55.0,1,PWF (Power Failure),0,0,1,0,0,5.4,77.2
943,L10942,L,299.9,309.7,1322.0,40.0,61.0,0,No Failure,0,0,0,0,0,177.4,80.6
944,L10943,L,302.7,311.8,1199.0,56.3,64.0,0,No Failure,0,0,0,0,0,160.3,72.9
945,L10944,L,301.5,311.3,1655.0,14.0,67.0,1,PWF (Power Failure),0,0,1,0,0,0.6,74.0
946,L10945,L,301.9,311.6,1168.0,48.2,70.0,0,No Failure,0,0,0,0,0,165.7,75.3
947,M10946,M,301.1,,1168.0,45.4,73.0,0,No Failure,0,0,0,0,0,169.7,77.1
948,H10947,H,301.8,312.5,1391.0,25.6,76.0,0,No Failure,0,0,0,0,0,174.7,79.4
949,H10948,H,301.7,311.1,1168.0,45.2,81.0,0,No Failure,0,0,0,0,0,159.2,72.4
950,L10949,L,299.2,309.2,1211.0,50.0,87.0,0,No Failure,0,0,0,0,0,155.6,70.7
951,M10950,M,301.5,311.8,1331.0,28.2,90.0,0,No Failure,0,0,0,0,0,166.4,75.7
952,L10951,L,302.2,312.6,1416.0,32.9,93.0,0,No Failure,0,0,0,0,0,160.7,73.1
953,L10952,L,302.9,314.6,1225.0,40.3,95.0,0,No Failure,0,0,0,0,0,155.2,70.6
954,L10953,L,301.6,311.6,1189.0,49.8,97.0,0,No Failure,0,0,0,0,0,148.3,67.4
955,H10954,H,299.1,310.3,1218.0,34.6,100.0,0,No Failure,0,0,0,0,0,158.4,72.0
956,H10955,H,299.3,308.1,1315.0,39.6,105.0,0,No Failure,0,0,0,0,0,145.6,66.2
957,M10956,M,300.0,309.4,1346.0,33.4,111.0,0,No Failure,0,0,0,0,0,148.0,67.3
958,M10957,M,301.1,309.0,1168.0,40.2,114.0,1,HDF (Heat Dissipation),0,1,0,0,0,6.9,55.2
959,L10958,L,300.6,310.8,1251.0,50.5,118.0,0,No Failure,0,0,0,0,0,132.3,60.1
960,M10959,M,298.8,309.4,1168.0,41.1,120.0,0,No Failure,0,0,0,0,0,140.1,63.7
961,M10960,M,298.8,306.2,1168.0,36.4,123.0,1,HDF (Heat Dissipation),0,1,0,0,0,8.0,51.2
962,L10961,L,297.0,307.2,1168.0,39.7,126.0,0,No Failure,0,0,0,0,0,134.5,61.2
963,L10962,L,295.2,305.8,1349.0,32.0,129.0,0,No Failure,0,0,0,0,0,138.5,62.9
964,L10963,L,300.6,311.1,1371.0,30.1,131.0,0,No Failure,0,0,0,0,0,138.7,63.0
965,H10964,H,305.0,313.8,1173.0,52.0,134.0,0,No Failure,0,0,0,0,0,112.5,51.1
966,L10965,L,304.0,314.8,1168.0,56.4,140.0,0,No Failure,0,0,0,0,0,111.0,50.5
967,H10966,H,299.0,309.0,1514.0,22.1,142.0,0,No Failure,0,0,0,0,0,133.4,60.7
968,L10967,L,301.1,311.7,1168.0,45.8,148.0,0,No Failure,0,0,0,0,0,114.2,51.9
969,M10968,M,298.1,308.0,1279.0,48.6,151.0,0,No Failure,0,0,0,0,0,112.4,51.1
970,L10969,L,298.4,308.8,1482.0,27.9,,0,No Failure,0,0,0,0,0,125.9,57.2
971,L10970,L,298.6,309.7,1184.0,35.3,158.0,0,No Failure,0,0,0,0,0,117.0,53.2
972,L10971,L,300.4,310.2,1168.0,34.2,161.0,0,No Failure,0,0,0,0,0,113.9,51.8
973,L10972,L,300.4,310.7,1168.0,59.0,163.0,0,No Failure,0,0,0,0,0,90.6,41.2
974,H10973,H,301.2,312.4,1168.0,56.5,166.0,0,No Failure,0,0,0,0,0,99.3,45.2
975,L10974,L,302.0,311.9,1168.0,30.8,171.0,0,No Failure,0,0,0,0,0,111.2,50.5
976,M10975,M,300.2,309.1,1203.0,25.4,173.0,1,PWF (Power Failure),0,0,1,0,0,4.5,41.5
977,L10976,L,300.8,311.5,1168.0,47.7,176.0,0,No Failure,0,0,0,0,0,92.2,41.9
978,L10977,L,298.8,310.2,1168.0,45.4,178.0,0,No Failure,0,0,0,0,0,93.2,42.4
979,M10978,M,298.3,309.6,1168.0,52.4,181.0,0,No Failure,0,0,0,0,0,88.2,40.1
980,L10979,L,298.1,308.8,1247.0,29.4,184.0,0,No Failure,0,0,0,0,0,106.6,48.4
981,H10980,H,301.9,309.6,1168.0,47.2,187.0,1,HDF (Heat Dissipation),0,1,0,0,0,2.0,30.7
982,H10981,H,300.1,309.5,1168.0,32.7,193.0,0,No Failure,0,0,0,0,0,96.4,43.8
983,M10982,M,297.4,306.8,1168.0,46.2,199.0,0,No Failure,0,0,0,0,0,75.3,34.2
984,L10983,L,300.6,310.6,1283.0,39.6,203.0,0,No Failure,0,0,0,0,0,82.4,37.5
985,L10984,L,298.5,310.2,1168.0,59.0,206.0,1,OSF (Overstrain Failure),0,0,0,1,0,2.1,25.7
986,H10985,H,303.7,312.6,1170.0,44.5,209.0,1,TWF (Tool Wear Failure),1,0,0,0,0,6.8,31.2
987,L10986,L,299.7,311.9,1260.0,36.9,0.0,0,No Failure,0,0,0,0,0,220.0,100.0
988,L10987,L,302.0,311.6,1222.0,41.4,3.0,0,No Failure,0,0,0,0,0,213.9,97.2
989,L10988,L,302.7,311.9,1287.0,39.0,5.0,0,No Failure,0,0,0,0,0,210.9,95.9
990,M10989,M,299.0,309.8,1307.0,28.5,7.0,0,No Failure,0,0,0,0,0,215.8,98.1
991,M10990,M,300.9,311.8,1218.0,59.2,10.0,0,No Failure,0,0,0,0,0,212.3,96.5
992,M10991,M,301.7,312.3,1216.0,56.0,13.0,0,No Failure,0,0,0,0,0,210.3,95.6
993,M10992,M,300.9,310.1,1315.0,38.2,17.0,0,No Failure,0,0,0,0,0,204.2,92.8
994,L10993,L,301.4,311.9,1168.0,47.0,20.0,0,No Failure,0,0,0,0,0,205.6,93.4
995,H10994,H,298.3,307.3,1168.0,60.5,23.0,0,No Failure,0,0,0,0,0,191.8,87.2
996,L10995,L,301.7,310.9,1168.0,52.4,29.0,0,No Failure,0,0,0,0,0,189.3,86.1
997,M10996,M,299.8,309.7,1185.0,36.9,31.0,0,No Failure,0,0,0,0,0,199.0,90.4
998,L10997,L,,310.5,1168.0,39.1,35.0,0,No Failure,0,0,0,0,0,187.6,85.3
999,H10998,H,302.4,313.5,1403.0,22.8,38.0,1,PWF (Power Failure),0,0,1,0,0,6.2,84.8
1000,L10999,L,301.9,311.3,1168.0,47.7,44.0,0,No Failure,0,0,0,0,0,181.4,82.5
1001,L11000,L,301.3,311.1,1203.0,52.4,47.0,0,No Failure,0,0,0,0,0,182.4,82.9
1002,L11001,L,301.9,311.0,1168.0,52.5,50.0,0,No Failure,0,0,0,0,0,172.4,78.3
1003,L11002,L,301.9,312.9,1168.0,47.0,52.0,0,No Failure,0,0,0,0,0,182.5,82.9
1004,L11003,L,303.4,312.7,1168.0,43.5,55.0,0,No Failure,0,0,0,0,0,173.7,79.0
1005,M11004,M,300.6,311.7,1372.0,30.0,58.0,0,No Failure,0,0,0,0,0,184.9,84.0
1006,L11005,L,301.0,312.1,1168.0,43.2,61.0,0,No Failure,0,0,0,0,0,177.3,80.6
1007,H11006,H,302.4,312.0,1168.0,33.7,64.0,0,No Failure,0,0,0,0,0,176.5,80.2
1008,L11007,L,299.8,309.8,1264.0,45.3,69.0,0,No Failure,0,0,0,0,0,170.9,77.7
1009,M11008,M,298.3,307.8,1168.0,32.4,71.0,0,No Failure,0,0,0,0,0,170.6,77.5
1010,L11009,L,301.6,312.1,1168.0,45.2,75.0,0,No Failure,0,0,0,0,0,166.7,75.8
1011,M11010,M,300.3,310.1,1168.0,53.2,78.0,0,No Failure,0,0,0,0,0,160.7,73.0
1012,M11011,M,298.5,308.1,1168.0,43.8,81.0,0,No Failure,0,0,0,0,0,160.4,72.9
1013,L11012,L,301.6,311.6,1168.0,43.3,85.0,0,No Failure,0,0,0,0,0,160.5,73.0
1014,H11013,H,303.2,311.6,1168.0,,87.0,1,HDF (Heat Dissipation),0,1,0,0,0,5.7,64.7
1015,L11014,L,297.7,307.6,1168.0,57.7,93.0,0,No Failure,0,0,0,0,0,145.8,66.3
1016,L11015,L,302.5,313.1,1168.0,38.9,96.0,0,No Failure,0,0,0,0,0,155.4,70.6
1017,M11016,M,296.1,306.2,1294.0,45.2,99.0,0,No Failure,0,0,0,0,0,151.8,69.0
1018,H11017,H,299.9,310.9,1168.0,55.1,103.0,0,No Failure,0,0,0,0,0,145.9,66.3
1019,L11018,L,304.0,313.6,1168.0,,108.0,0,No Failure,0,0,0,0,0,137.8,62.6
1020,L11019,L,300.1,309.6,1406.0,20.0,111.0,1,PWF (Power Failure),0,0,1,0,0,4.4,61.3
1021,H11020,H,300.8,309.7,1279.0,32.8,114.0,0,No Failure,0,0,0,0,0,142.6,64.8
1022,M11021,M,302.0,301.03,1168.0,47.5,119.0,0,No Failure,0,0,0,0,0,132.2,60.1
1023,H11022,H,297.6,309.6,1344.0,36.0,123.0,0,No Failure,0,0,0,0,0,143.4,65.2
1024,M11023,M,300.8,311.1,1291.0,54.4,128.0,0,No Failure,0,0,0,0,0,125.4,57.0
1025,M11024,M,300.8,310.2,,58.6,132.0,0,No Failure,0,0,0,0,0,114.9,52.2
1026,L11025,L,304.0,313.0,1344.0,34.1,135.0,0,No Failure,0,0,0,0,0,128.3,58.3
1027,H11026,H,298.4,306.8,1253.0,29.7,138.0,1,HDF (Heat Dissipation),0,1,0,0,0,6.9,56.6
1028,L11027,L,300.0,309.2,1250.0,36.4,144.0,0,No Failure,0,0,0,0,0,118.2,53.7
1029,M11028,M,299.0,309.8,1191.0,35.8,147.0,0,No Failure,0,0,0,0,0,126.4,57.4
1030,L11029,L,298.8,308.4,1200.0,55.4,151.0,0,No Failure,0,0,0,0,0,99.0,45.0
1031,M11030,M,302.7,311.7,1270.0,29.6,153.0,0,No Failure,0,0,0,0,0,119.9,54.5
1032,M11031,M,300.7,309.9,1168.0,47.4,156.0,0,No Failure,0,0,0,0,0,101.9,46.3
1033,M11032,M,299.6,310.2,1318.0,53.9,,0,No Failure,0,0,0,0,0,102.2,46.4
1034,H11033,H,299.7,309.6,1168.0,48.2,163.0,0,No Failure,0,0,0,0,0,107.3,48.8
1035,L11034,L,299.6,309.0,1168.0,44.4,168.0,0,No Failure,0,0,0,0,0,94.7,43.1
1036,M11035,M,299.8,309.5,1168.0,38.4,170.0,0,No Failure,0,0,0,0,0,106.0,48.2
1037,L11036,L,298.3,310.5,1212.0,58.5,174.0,0,No Failure,0,0,0,0,0,82.4,37.4
1038,L11037,L,300.1,311.3,1231.0,37.5,177.0,0,No Failure,0,0,0,0,0,102.3,46.5
1039,L11038,L,300.0,311.5,1168.0,49.5,180.0,0,No Failure,0,0,0,0,0,87.3,39.7
1040,L11039,L,299.2,307.4,1189.0,38.4,183.0,1,HDF (Heat Dissipation),0,1,0,0,0,0.2,35.2
1041,L11040,L,300.9,310.7,1175.0,21.6,186.0,1,PWF (Power Failure),0,0,1,0,0,7.1,40.8
1042,M11041,M,301.0,310.4,1168.0,37.3,189.0,0,No Failure,0,0,0,0,0,91.5,41.6
1043,M11042,M,299.6,310.1,1168.0,38.4,192.0,0,No Failure,0,0,0,0,0,95.0,43.2
1044,M11043,M,300.3,311.4,1233.0,38.6,196.0,0,No Failure,0,0,0,0,0,92.1,41.9
1045,L11044,L,304.5,314.8,1168.0,33.4,199.0,0,No Failure,0,0,0,0,0,92.6,42.1
1046,L11045,L,304.4,313.5,1168.0,46.3,201.0,0,No Failure,0,0,0,0,0,65.8,29.9
1047,L11046,L,298.7,308.0,1168.0,47.4,203.0,0,No Failure,0,0,0,0,0,65.2,29.7
1048,M11047,M,298.9,309.5,1315.0,36.9,205.0,0,No Failure,0,0,0,0,0,88.2,40.1
1049,H11048,H,298.7,298.47,1168.0,36.9,209.0,1,TWF (Tool Wear Failure),1,0,0,0,0,6.9,40.4
1050,L11049,L,302.5,312.6,1168.0,29.5,0.0,0,No Failure,0,0,0,0,0,214.7,97.6
1051,M11050,M,299.9,310.0,1334.0,42.5,3.0,0,No Failure,0,0,0,0,0,218.0,99.1
1052,L11051,L,301.0,311.1,1168.0,53.8,7.0,0,No Failure,0,0,0,0,0,214.7,97.6
1053,L11052,L,304.2,314.5,1168.0,53.8,9.0,0,No Failure,0,0,0,0,0,213.1,96.9
1054,L11053,L,300.6,311.3,1168.0,34.0,11.0,0,No Failure,0,0,0,0,0,212.9,96.8
1055,L11054,L,301.8,312.4,1168.0,59.9,13.0,0,No Failure,0,0,0,0,0,209.6,95.3
1056,M11055,M,301.5,311.5,1183.0,36.4,15.0,0,No Failure,0,0,0,0,0,210.4,95.6
1057,H11056,H,299.5,309.5,1429.0,29.8,18.0,0,No Failure,0,0,0,0,0,209.4,95.2
1058,L11057,L,302.5,312.4,1320.0,26.4,23.0,0,No Failure,0,0,0,0,0,201.5,91.6
1059,M11058,M,299.0,308.2,1168.0,29.2,25.0,0,No Failure,0,0,0,0,0,189.9,86.3
1060,M11059,M,303.0,312.2,1168.0,43.3,28.0,0,No Failure,0,0,0,0,0,192.2,87.4
1061,H11060,H,299.5,310.0,1282.0,37.4,,0,No Failure,0,0,0,0,0,200.5,91.1
1062,M11061,M,299.7,309.0,1168.0,33.7,36.0,0,No Failure,0,0,0,0,0,189.8,86.3
1063,L11062,L,298.6,309.4,1226.0,31.5,39.0,0,No Failure,0,0,0,0,0,195.5,88.8
1064,M11063,M,298.9,308.8,1297.0,29.1,41.0,0,No Failure,0,0,0,0,0,194.7,88.5
1065,L11064,L,299.8,310.6,1168.0,31.1,44.0,0,No Failure,0,0,0,0,0,192.4,87.5
1066,H11065,H,296.2,306.8,1168.0,50.2,47.0,0,No Failure,0,0,0,0,0,187.3,85.2
1067,L11066,L,300.1,310.9,1179.0,58.0,52.0,0,No Failure,0,0,0,0,0,179.0,81.4
1068,M11067,M,299.6,309.1,1168.0,58.7,54.0,0,No Failure,0,0,0,0,0,173.3,78.8
1069,L11068,L,302.0,312.4,1288.0,46.9,58.0,0,No Failure,0,0,0,0,0,178.2,81.0
1070,L11069,L,301.3,312.0,1168.0,35.1,61.0,0,No Failure,0,0,0,0,0,180.3,82.0
1071,H11070,H,299.3,307.7,1283.0,33.3,64.0,1,HDF (Heat Dissipation),0,1,0,0,0,1.8,76.9
1072,M11071,M,299.7,311.4,1168.0,47.6,69.0,0,No Failure,0,0,0,0,0,171.6,78.0
1073,L11072,L,300.1,312.4,1168.0,37.5,73.0,0,No Failure,0,0,0,0,0,171.5,77.9
1074,H11073,H,303.2,314.1,1168.0,44.1,75.0,0,No Failure,0,0,0,0,0,170.2,77.4
1075,H11074,H,299.0,309.8,1220.0,59.3,81.0,0,No Failure,0,0,0,0,0,160.0,72.7
1076,L11075,L,299.2,309.8,1168.0,42.2,87.0,0,No Failure,0,0,0,0,0,159.7,72.6
1077,M11076,M,298.5,308.2,1168.0,62.8,89.0,0,No Failure,0,0,0,0,0,146.8,66.7
1078,L11077,L,297.8,307.7,1193.0,28.7,92.0,0,No Failure,0,0,0,0,0,156.7,71.2
1079,M11078,M,301.1,312.1,1226.0,44.5,94.0,0,No Failure,0,0,0,0,0,155.6,70.7
1080,L11079,L,300.9,297.28,1168.0,43.1,98.0,0,No Failure,0,0,0,0,0,140.5,63.9
1081,L11080,L,302.8,311.7,1236.0,30.2,101.0,0,No Failure,0,0,0,0,0,146.9,66.8
1082,H11081,H,302.4,312.0,1171.0,48.0,104.0,0,No Failure,0,0,0,0,0,144.5,65.7
1083,H11082,H,304.8,315.5,1168.0,55.3,110.0,0,No Failure,0,0,0,0,0,140.7,64.0
1084,H11083,H,300.4,309.5,1315.0,62.0,115.0,0,No Failure,0,0,0,0,0,127.0,57.7
1085,H11084,H,300.0,309.8,1168.0,44.1,120.0,0,No Failure,0,0,0,0,0,138.1,62.8
1086,M11085,M,298.1,308.0,1361.0,21.0,126.0,1,PWF (Power Failure),0,0,1,0,0,6.2,58.0
1087,M11086,M,301.7,310.7,1289.0,44.8,129.0,0,No Failure,0,0,0,0,0,124.4,56.5
1088,M11087,M,300.7,308.3,1168.0,47.4,132.0,1,HDF (Heat Dissipation),0,1,0,0,0,3.4,46.0
1089,L11088,L,301.6,310.6,1168.0,-7.27,135.0,0,No Failure,0,0,0,0,0,119.1,54.2
1090,L11089,L,298.4,308.7,1209.0,42.2,137.0,0,No Failure,0,0,0,0,0,125.0,56.8
1091,L11090,L,301.1,311.6,1223.0,35.2,140.0,0,No Failure,0,0,0,0,0,128.8,58.6
1092,M11091,M,300.8,311.3,1168.0,38.7,142.0,0,No Failure,0,0,0,0,0,127.3,57.9
1093,L11092,L,300.7,300.05,,50.2,145.0,0,No Failure,0,0,0,0,0,112.5,51.1
1094,L11093,L,299.2,308.6,1280.0,53.9,147.0,0,No Failure,0,0,0,0,0,103.3,47.0
1095,M11094,M,302.6,311.8,1422.0,27.3,150.0,0,No Failure,0,0,0,0,0,130.5,59.3
1096,L11095,L,304.1,314.5,1208.0,34.9,153.0,0,No Failure,0,0,0,0,0,120.6,54.8
1097,L11096,L,298.5,308.3,1431.0,24.1,155.0,0,No Failure,0,0,0,0,0,124.0,56.4
1098,H11097,H,301.7,312.6,1168.0,58.4,157.0,0,No Failure,0,0,0,0,0,104.4,47.4
1099,H11098,H,295.3,305.7,1168.0,48.7,162.0,0,No Failure,0,0,0,0,0,108.7,49.4
1100,L11099,L,301.6,312.9,1476.0,20.0,168.0,1,PWF (Power Failure),0,0,1,0,0,2.3,48.4
1101,L11100,L,,306.6,1260.0,39.4,170.0,0,No Failure,0,0,0,0,0,100.8,45.8
1102,L11101,L,299.5,310.6,1168.0,37.2,173.0,0,No Failure,0,0,0,0,0,105.3,47.8
1103,M11102,M,298.1,310.1,1198.0,32.4,176.0,0,No Failure,0,0,0,0,0,111.2,50.5
1104,H11103,H,300.0,310.1,1244.0,50.4,179.0,0,No Failure,0,0,0,0,0,95.4,43.4
1105,L11104,L,301.9,312.4,1168.0,50.1,185.0,0,No Failure,0,0,0,0,0,83.0,37.7
1106,M11105,M,297.1,306.2,1237.0,42.7,187.0,0,No Failure,0,0,0,0,0,85.4,38.8
1107,L11106,L,299.8,310.7,1286.0,33.6,191.0,0,No Failure,0,0,0,0,0,97.5,44.3
1108,L11107,L,299.5,310.6,1197.0,33.7,194.0,0,No Failure,0,0,0,0,0,95.4,43.4
1109,H11108,H,303.3,312.8,1168.0,40.4,196.0,0,No Failure,0,0,0,0,0,88.1,40.0
1110,L11109,L,301.2,311.8,1168.0,35.4,202.0,0,No Failure,0,0,0,0,0,88.2,40.1
1111,L11110,L,298.3,308.6,1168.0,39.9,204.0,0,No Failure,0,0,0,0,0,81.4,37.0
1112,L11111,L,299.6,310.0,1278.0,45.6,206.0,0,No Failure,0,0,0,0,0,73.0,33.2
1113,M11112,M,303.2,314.0,1453.0,24.7,208.0,0,No Failure,0,0,0,0,0,99.1,45.0
1114,H11113,H,301.7,312.2,1168.0,32.4,211.0,1,TWF (Tool Wear Failure),1,0,0,0,0,0.2,42.0
1115,H11114,H,298.7,308.6,1213.0,39.7,216.0,0,No Failure,0,0,0,0,0,80.4,36.5
1116,L11115,L,299.9,310.7,1168.0,55.7,0.0,0,No Failure,0,0,0,0,0,220.0,100.0
1117,L11116,L,300.0,311.1,1302.0,48.5,3.0,0,No Failure,0,0,0,0,0,217.8,99.0
1118,M11117,M,299.4,,1456.0,40.0,6.0,0,No Failure,0,0,0,0,0,216.0,98.2
1119,L11118,L,297.3,307.3,1170.0,44.0,10.0,0,No Failure,0,0,0,0,0,213.0,96.8
1120,H11119,H,299.2,307.4,1168.0,39.0,13.0,1,HDF (Heat Dissipation),0,1,0,0,0,5.4,87.2
1121,M11120,M,302.9,313.5,1244.0,50.8,19.0,0,No Failure,0,0,0,0,0,206.3,93.8
1122,L11121,L,299.7,310.9,1168.0,44.3,23.0,0,No Failure,0,0,0,0,0,203.8,92.6
1123,H11122,H,300.2,309.9,1370.0,52.8,316.68,0,No Failure,0,0,0,0,0,201.2,91.5
1124,L11123,L,300.6,310.7,1172.0,26.4,31.0,1,PWF (Power Failure),0,0,1,0,0,2.7,84.6
1125,L11124,L,304.4,314.2,1312.0,31.9,33.0,0,No Failure,0,0,0,0,0,197.9,90.0
1126,M11125,M,300.4,310.0,1168.0,42.7,36.0,0,No Failure,0,0,0,0,0,191.3,87.0
1127,M11126,M,302.3,312.5,1168.0,44.9,40.0,0,No Failure,0,0,0,0,0,192.5,87.5
1128,M11127,M,299.3,308.5,1168.0,64.0,44.0,0,No Failure,0,0,0,0,0,176.4,80.2
1129,M11128,M,299.9,309.7,1435.0,21.9,47.0,1,PWF (Power Failure),0,0,1,0,0,4.8,81.6
1130,H11129,H,300.4,309.5,1201.0,39.7,50.0,0,No Failure,0,0,0,0,0,178.1,80.9
1131,H11130,H,299.0,309.6,1198.0,39.2,55.0,0,No Failure,0,0,0,0,0,184.9,84.0
1132,M11131,M,300.0,310.2,1381.0,42.4,,0,No Failure,0,0,0,0,0,178.9,81.3
1133,L11132,L,301.9,311.5,1168.0,57.3,65.0,0,No Failure,0,0,0,0,0,164.7,74.8
1134,M11133,M,298.9,308.9,1235.0,48.8,67.0,0,No Failure,0,0,0,0,0,172.5,78.4
1135,H11134,H,300.3,310.1,1189.0,24.0,71.0,1,PWF (Power Failure),0,0,1,0,0,4.7,70.9
1136,L11135,L,301.6,312.7,1168.0,55.3,76.0,0,No Failure,0,0,0,0,0,161.3,73.3
1137,L11136,L,298.9,308.5,1186.0,55.1,79.0,0,No Failure,0,0,0,0,0,154.7,70.3
1138,L11137,L,302.3,312.9,1191.0,42.6,82.0,0,No Failure,0,0,0,0,0,163.0,74.1
1139,L11138,L,300.5,309.8,1585.0,23.8,85.0,0,No Failure,0,0,0,0,0,170.5,77.5
1140,M11139,M,300.0,310.8,1168.0,38.5,88.0,0,No Failure,0,0,0,0,0,162.6,73.9
1141,L11140,L,296.7,307.7,,44.7,92.0,0,No Failure,0,0,0,0,0,154.8,70.4
1142,M11141,M,299.7,310.8,1168.0,50.0,95.0,0,No Failure,0,0,0,0,0,152.1,69.1
1143,H11142,H,301.0,312.5,1451.0,22.3,99.0,1,PWF (Power Failure),0,0,1,0,0,5.3,70.0
1144,H11143,H,303.5,313.8,1325.0,,105.0,0,No Failure,0,0,0,0,0,156.6,71.2
1145,L11144,L,301.3,312.5,1168.0,51.0,111.0,0,No Failure,0,0,0,0,0,137.2,62.4
1146,L11145,L,302.3,313.9,1168.0,55.0,,0,No Failure,0,0,0,0,0,133.0,60.4
1147,M11146,M,298.1,307.0,1168.0,44.3,115.0,0,No Failure,0,0,0,0,0,129.3,58.8
1148,H11147,H,300.1,309.5,1168.0,51.5,118.0,0,No Failure,0,0,0,0,0,130.6,59.4
1149,L11148,L,302.5,311.0,1211.0,44.6,124.0,1,HDF (Heat Dissipation),0,1,0,0,0,2.0,52.9
1150,H11149,H,298.7,309.8,1168.0,49.6,126.0,0,No Failure,0,0,0,0,0,132.8,60.4
1151,L11150,L,302.0,310.5,1168.0,41.5,131.0,1,HDF (Heat Dissipation),0,1,0,0,0,7.4,51.5
1152,H11151,H,301.6,309.8,1261.0,44.8,134.0,1,HDF (Heat Dissipation),0,1,0,0,0,5.8,52.5
1153,L11152,L,300.8,309.7,1374.0,27.8,140.0,0,No Failure,0,0,0,0,0,131.4,59.7
1154,L11153,L,299.7,308.0,1168.0,47.2,142.0,1,HDF (Heat Dissipation),0,1,0,0,0,7.2,44.8
1155,M11154,M,298.5,308.8,1304.0,27.5,145.0,0,No Failure,0,0,0,0,0,133.0,60.5
1156,L11155,L,303.5,312.4,1168.0,,148.0,0,No Failure,0,0,0,0,0,100.9,45.8
1157,L11156,L,301.4,309.7,1183.0,35.6,-127.26,1,HDF (Heat Dissipation),0,1,0,0,0,2.9,46.6
1158,L11157,L,,310.9,1227.0,43.7,154.0,0,No Failure,0,0,0,0,0,111.9,50.8
1159,L11158,L,299.5,309.5,1168.0,30.5,156.0,0,No Failure,0,0,0,0,0,120.9,55.0
1160,M11159,M,300.3,308.4,1380.0,35.0,159.0,0,No Failure,0,0,0,0,0,113.6,51.6
1161,L11160,L,300.6,309.9,1168.0,43.7,163.0,0,No Failure,0,0,0,0,0,97.8,44.5
1162,M11161,M,301.0,310.9,1227.0,47.5,166.0,0,No Failure,0,0,0,0,0,102.6,46.6
1163,H11162,H,301.6,311.2,1239.0,50.9,169.0,0,No Failure,0,0,0,0,0,98.3,44.7
1164,L11163,L,298.9,308.6,1398.0,28.5,174.0,0,No Failure,0,0,0,0,0,113.0,51.4
1165,L11164,L,297.6,308.8,1441.0,25.0,177.0,0,No Failure,0,0,0,0,0,114.8,52.2
1166,H11165,H,300.4,312.5,1229.0,30.2,180.0,0,No Failure,0,0,0,0,0,113.2,51.5
1167,H11166,H,308.42,306.8,1168.0,29.3,186.0,0,No Failure,0,0,0,0,0,101.2,46.0
1168,M11167,M,299.7,308.4,1168.0,55.7,191.0,0,No Failure,0,0,0,0,0,63.1,28.7
1169,H11168,H,299.3,309.1,1202.0,53.4,194.0,0,No Failure,0,0,0,0,0,79.9,36.3
1170,L11169,L,301.1,311.3,1168.0,30.0,199.0,0,No Failure,0,0,0,0,0,93.0,42.3
1171,L11170,L,303.8,313.7,1229.0,57.1,202.0,1,OSF (Overstrain Failure),0,0,0,1,0,5.9,27.7
1172,M11171,M,296.7,307.3,1176.0,52.8,204.0,0,No Failure,0,0,0,0,0,71.0,32.3
1173,L11172,L,304.3,316.5,1323.0,23.7,208.0,1,PWF (Power Failure),0,0,1,0,0,4.4,38.5
1174,M11173,M,299.8,308.1,1232.0,29.7,211.0,1,HDF (Heat Dissipation),0,1,0,0,0,4.1,34.7
1175,M11174,M,300.9,310.4,1346.0,23.4,215.0,1,PWF (Power Failure),1,0,1,0,0,5.8,37.1
1176,M11175,M,297.7,309.2,1252.0,39.1,0.0,0,No Failure,0,0,0,0,0,220.0,100.0
1177,L11176,L,302.0,311.5,1269.0,40.2,3.0,0,No Failure,0,0,0,0,0,214.0,97.3
1178,L11177,L,300.3,311.1,1571.0,40.2,6.0,0,No Failure,0,0,0,0,0,215.9,98.1
1179,L11178,L,300.1,310.7,1419.0,19.7,8.0,1,PWF (Power Failure),0,0,1,0,0,6.3,88.0
1180,L11179,L,296.7,307.9,1278.0,25.7,11.0,1,PWF (Power Failure),0,0,1,0,0,0.3,92.5
1181,M11180,M,300.3,312.2,1168.0,42.6,13.0,0,No Failure,0,0,0,0,0,211.2,96.0
1182,L11181,L,301.7,312.0,1168.0,46.2,17.0,0,No Failure,0,0,0,0,0,207.8,94.5
1183,L11182,L,299.8,308.1,1254.0,19.8,19.0,1,HDF (Heat Dissipation),0,1,1,0,0,0.9,78.5
1184,L11183,L,302.3,311.6,1479.0,27.2,21.0,0,No Failure,0,0,0,0,0,207.3,94.2
1185,L11184,L,302.2,314.4,1168.0,50.2,23.0,0,No Failure,0,0,0,0,0,203.0,92.3
1186,H11185,H,299.0,307.6,1220.0,27.8,26.0,0,No Failure,0,0,0,0,0,183.9,83.6
1187,L11186,L,303.1,313.6,1168.0,39.9,32.0,0,No Failure,0,0,0,0,0,198.3,90.1
1188,H11187,H,300.3,307.8,1355.0,26.8,35.0,1,HDF (Heat Dissipation),0,1,0,0,0,1.7,86.1
1189,L11188,L,300.3,308.9,1226.0,48.3,40.0,1,HDF (Heat Dissipation),0,1,0,0,0,0.2,80.5
1190,M11189,M,300.4,311.3,1425.0,19.8,,1,PWF (Power Failure),0,0,1,0,0,1.8,79.3
1191,L11190,L,300.3,310.3,1276.0,37.0,46.0,0,No Failure,0,0,0,0,0,189.5,86.2
1192,L11191,L,295.4,305.0,1168.0,49.4,49.0,0,No Failure,0,0,0,0,0,179.5,81.6
1193,H11192,H,299.8,309.0,1168.0,46.1,52.0,0,No Failure,0,0,0,0,0,176.1,80.1
1194,H11193,H,297.7,305.7,1286.0,35.4,58.0,1,HDF (Heat Dissipation),0,1,0,0,0,1.7,77.1
1195,H11194,H,303.1,313.8,1307.0,33.0,64.0,0,No Failure,0,0,0,0,0,181.1,82.3
1196,L11195,L,303.0,312.7,1244.0,37.7,69.0,0,No Failure,0,0,0,0,0,171.3,77.9
1197,L11196,L,301.7,310.2,1444.0,27.1,72.0,0,No Failure,0,0,0,0,0,176.2,80.1
1198,M11197,M,299.7,309.7,1168.0,39.0,74.0,0,No Failure,0,0,0,0,0,171.6,78.0
1199,L11198,L,298.3,308.9,1168.0,39.2,78.0,0,No Failure,0,0,0,0,0,167.3,76.1
1200,M11199,M,299.0,308.8,1169.0,35.8,80.0,0,No Failure,0,0,0,0,0,166.8,75.8
1201,M11200,M,303.6,313.7,1168.0,50.0,83.0,0,No Failure,0,0,0,0,0,160.7,73.0
1202,M11201,M,298.9,308.9,1297.0,29.3,87.0,0,No Failure,0,0,0,0,0,167.7,76.2
1203,H11202,H,295.9,305.2,1284.0,23.0,91.0,1,PWF (Power Failure),0,0,1,0,0,4.5,65.8
1204,M11203,M,302.0,312.1,1180.0,34.7,96.0,0,No Failure,0,0,0,0,0,159.4,72.5
1205,L11204,L,302.8,303.01,1168.0,41.2,99.0,0,No Failure,0,0,0,0,0,152.0,69.1
1206,L11205,L,303.1,314.1,1168.0,38.9,102.0,0,No Failure,0,0,0,0,0,151.3,68.8
1207,M11206,M,302.0,312.8,1194.0,38.5,105.0,0,No Failure,0,0,0,0,0,151.6,68.9
1208,L11207,L,302.3,311.6,1256.0,28.7,109.0,0,No Failure,0,0,0,0,0,146.6,66.6
1209,L11208,L,300.2,310.8,651.43,30.2,111.0,0,No Failure,0,0,0,0,0,151.0,68.7
1210,L11209,L,296.4,306.9,1285.0,35.1,113.0,0,No Failure,0,0,0,0,0,146.5,66.6
1211,M11210,M,300.2,309.5,1338.0,34.3,116.0,0,No Failure,0,0,0,0,0,143.6,65.3
1212,H11211,H,301.2,310.7,1168.0,108.16,119.0,0,No Failure,0,0,0,0,0,131.3,59.7
1213,M11212,M,299.9,310.6,1168.0,42.6,125.0,0,No Failure,0,0,0,0,0,135.7,61.7
1214,L11213,L,299.8,311.2,1336.0,34.7,128.0,0,No Failure,0,0,0,0,0,137.0,62.3
1215,L11214,L,298.4,306.6,1168.0,51.0,130.0,1,HDF (Heat Dissipation),0,1,0,0,0,2.0,46.9
1216,M11215,M,298.3,309.9,1168.0,44.5,,0,No Failure,0,0,0,0,0,129.6,58.9
1217,L11216,L,303.4,314.6,1326.0,26.4,136.0,0,No Failure,0,0,0,0,0,134.9,61.3
1218,M11217,M,303.5,313.7,1647.0,7.6,138.0,1,PWF (Power Failure),0,0,1,0,0,3.7,59.8
1219,M11218,M,300.1,309.9,1452.0,78.75,141.0,0,No Failure,0,0,0,0,0,137.3,62.4
1220,L11219,L,300.6,311.0,1189.0,45.9,145.0,0,No Failure,0,0,0,0,0,116.3,52.8
1221,L11220,L,,307.7,1499.0,48.9,148.0,0,No Failure,0,0,0,0,0,111.5,50.7
1222,L11221,L,301.2,311.0,1276.0,23.4,151.0,1,PWF (Power Failure),0,0,1,0,0,7.6,51.1
1223,H11222,H,303.3,311.8,1288.0,46.6,153.0,1,HDF (Heat Dissipation),0,1,0,0,0,7.6,48.1
1224,M11223,M,297.3,305.6,1168.0,46.2,158.0,1,HDF (Heat Dissipation),0,1,0,0,0,3.3,41.7
1225,L11224,L,300.9,313.2,1168.0,54.0,162.0,0,No Failure,0,0,0,0,0,96.2,43.7
1226,H11225,H,301.0,311.1,1168.0,49.5,164.0,0,No Failure,0,0,0,0,0,106.6,48.5
1227,L11226,L,301.0,311.2,1219.0,53.5,170.0,0,No Failure,0,0,0,0,0,90.6,41.2
1228,L11227,L,303.0,313.0,1168.0,,173.0,0,No Failure,0,0,0,0,0,97.3,44.2
1229,H11228,H,303.7,312.9,1230.0,44.5,176.0,0,No Failure,0,0,0,0,0,95.1,43.2
1230,L11229,L,299.6,309.3,1188.0,36.6,182.0,0,No Failure,0,0,0,0,0,96.7,43.9
1231,L11230,L,301.3,311.4,1168.0,48.2,185.0,0,No Failure,0,0,0,0,0,85.1,38.7
1232,M11231,M,300.2,310.0,1168.0,26.7,188.0,1,PWF (Power Failure),0,0,1,0,0,5.5,42.2
1233,L11232,L,298.9,308.1,1258.0,38.6,191.0,0,No Failure,0,0,0,0,0,85.0,38.6
1234,M11233,M,300.5,311.0,1168.0,45.4,193.0,0,No Failure,0,0,0,0,0,86.9,39.5
1235,L11234,L,301.3,311.5,1352.0,54.1,196.0,0,No Failure,0,0,0,0,0,70.1,31.9
1236,L11235,L,300.4,310.8,1168.0,35.2,199.0,0,No Failure,0,0,0,0,0,90.4,41.1
1237,L11236,L,298.5,309.2,1264.0,49.7,493.75,0,No Failure,0,0,0,0,0,70.9,32.2
1238,L11237,L,299.2,309.0,1387.0,38.0,205.0,0,No Failure,0,0,0,0,0,82.5,37.5
1239,L11238,L,299.2,309.0,1168.0,49.9,,0,No Failure,0,0,0,0,0,64.0,29.1
1240,L11239,L,298.5,310.0,1168.0,32.0,0.0,0,No Failure,0,0,0,0,0,220.0,100.0
1241,H11240,H,300.6,309.7,1168.0,47.3,2.0,0,No Failure,0,0,0,0,0,208.7,94.9
1242,L11241,L,300.8,308.9,1278.0,39.0,8.0,1,HDF (Heat Dissipation),0,1,0,0,0,2.5,91.0
1243,L11242,L,301.8,312.4,1556.0,28.1,10.0,0,No Failure,0,0,0,0,0,213.9,97.2
1244,L11243,L,298.5,307.9,1168.0,38.5,13.0,0,No Failure,0,0,0,0,0,204.7,93.0
1245,L11244,L,299.0,307.9,1168.0,53.2,-316.23,0,No Failure,0,0,0,0,0,196.5,89.3
1246,L11245,L,302.8,313.7,1197.0,29.8,17.0,0,No Failure,0,0,0,0,0,207.7,94.4
1247,M11246,M,299.7,309.6,1290.0,25.2,20.0,1,PWF (Power Failure),0,0,1,0,0,6.3,89.5
1248,L11247,L,300.1,308.8,1326.0,44.0,23.0,0,No Failure,0,0,0,0,0,196.7,89.4
1249,H11248,H,299.7,311.6,1281.0,23.2,26.0,1,PWF (Power Failure),0,0,1,0,0,1.2,84.8
1250,H11249,H,302.0,310.4,1168.0,,32.0,1,HDF (Heat Dissipation),0,1,0,0,0,1.8,81.5
1251,L11250,L,302.1,312.0,1171.0,55.4,37.0,0,No Failure,0,0,0,0,0,190.3,86.5
1252,L11251,L,302.0,310.1,1193.0,50.4,,1,HDF (Heat Dissipation),0,1,0,0,0,1.8,77.0
1253,L11252,L,300.0,310.3,1168.0,39.9,42.0,0,No Failure,0,0,0,0,0,191.5,87.0
1254,M11253,M,298.4,307.8,1168.0,56.6,45.0,0,No Failure,0,0,0,0,0,179.6,81.6
1255,L11254,L,303.5,314.3,1168.0,53.5,48.0,0,No Failure,0,0,0,0,0,183.5,83.4
1256,H11255,H,301.5,311.5,1168.0,34.7,51.0,0,No Failure,0,0,0,0,0,188.6,85.7
1257,M11256,M,299.2,310.6,1168.0,54.4,57.0,0,No Failure,0,0,0,0,0,177.9,80.8
1258,H11257,H,302.5,312.1,1204.0,30.9,61.0,0,No Failure,0,0,0,0,0,179.3,81.5
1259,M11258,M,299.0,307.4,1456.0,38.0,67.0,0,No Failure,0,0,0,0,0,176.5,80.2
1260,H11259,H,302.5,312.7,1379.0,22.1,70.0,1,PWF (Power Failure),0,0,1,0,0,1.2,74.8
1261,L11260,L,302.6,312.3,1202.0,41.5,76.0,0,No Failure,0,0,0,0,0,164.4,74.7
1262,L11261,L,298.3,306.5,1168.0,37.1,79.0,1,HDF (Heat Dissipation),0,1,0,0,0,2.6,67.2
1263,L11262,L,301.0,309.9,1168.0,35.5,404.48,0,No Failure,0,0,0,0,0,154.4,70.2
1264,H11263,H,301.4,310.7,1185.0,38.3,85.0,0,No Failure,0,0,0,0,0,158.4,72.0
1265,M11264,M,304.7,316.3,1245.0,34.2,91.0,0,No Failure,0,0,0,0,0,162.8,74.0
1266,H11265,H,298.6,309.3,1207.0,40.4,368.51,0,No Failure,0,0,0,0,0,158.7,72.1
1267,L11266,L,302.5,312.2,1168.0,52.8,101.0,0,No Failure,0,0,0,0,0,140.3,63.8
1268,H11267,H,300.0,310.5,1431.0,29.4,103.0,0,No Failure,0,0,0,0,0,159.3,72.4
1269,L11268,L,297.7,305.7,1168.0,48.6,109.0,1,HDF (Heat Dissipation),0,1,0,0,0,0.1,53.8
1270,L11269,L,299.7,298.7,1168.0,42.2,111.0,0,No Failure,0,0,0,0,0,136.5,62.0
1271,H11270,H,299.9,310.3,1168.0,43.7,114.0,0,No Failure,0,0,0,0,0,144.5,65.7
1272,L11271,L,298.0,308.2,1168.0,39.7,119.0,0,No Failure,0,0,0,0,0,139.3,63.3
1273,L11272,L,300.5,310.0,1168.0,32.8,122.0,0,No Failure,0,0,0,0,0,136.8,62.2
1274,M11273,M,301.7,311.7,1168.0,44.4,125.0,0,No Failure,0,0,0,0,0,134.5,61.1
1275,L11274,L,300.4,310.7,1168.0,45.2,128.0,0,No Failure,0,0,0,0,0,129.0,58.6
1276,L11275,L,298.9,308.9,1391.0,32.0,131.0,0,No Failure,0,0,0,0,0,137.2,62.4
1277,L11276,L,299.7,310.6,1367.0,26.6,134.0,0,No Failure,0,0,0,0,0,139.7,63.5
1278,L11277,L,299.9,310.2,1168.0,40.9,137.0,0,No Failure,0,0,0,0,0,126.1,57.3
1279,H11278,H,300.3,310.8,1168.0,47.5,140.0,0,No Failure,0,0,0,0,0,124.6,56.7
1280,M11279,M,301.9,313.6,1247.0,50.1,146.0,0,No Failure,0,0,0,0,0,115.5,52.5
1281,L11280,L,300.4,311.2,1186.0,52.0,149.0,0,No Failure,0,0,0,0,0,108.0,49.1
1282,L11281,L,297.4,309.1,1368.0,43.7,151.0,0,No Failure,0,0,0,0,0,114.0,51.8
1283,L11282,L,298.9,308.2,1168.0,37.4,153.0,0,No Failure,0,0,0,0,0,110.6,50.3
1284,M11283,M,300.2,308.6,1168.0,40.0,155.0,1,HDF (Heat Dissipation),0,1,0,0,0,1.0,45.5
1285,H11284,H,301.9,311.8,1204.0,27.6,158.0,1,PWF (Power Failure),0,0,1,0,0,1.6,53.8
1286,H11285,H,302.2,312.0,1344.0,33.2,163.0,0,No Failure,0,0,0,0,0,119.9,54.5
1287,L11286,L,303.1,314.6,1168.0,39.5,169.0,0,No Failure,0,0,0,0,0,105.6,48.0
1288,L11287,L,300.1,309.0,1168.0,37.3,171.0,0,No Failure,0,0,0,0,0,94.4,42.9
1289,L11288,L,301.3,311.2,1168.0,40.9,173.0,0,No Failure,0,0,0,0,0,100.3,45.6
1290,M11289,M,297.3,307.7,1875.16,26.3,176.0,0,No Failure,0,0,0,0,0,117.1,53.2
1291,L11290,L,300.7,310.8,1535.0,28.5,180.0,0,No Failure,0,0,0,0,0,110.0,50.0
1292,M11291,M,297.9,307.7,1265.0,47.8,183.0,0,No Failure,0,0,0,0,0,89.7,40.8
1293,M11292,M,299.8,310.2,1168.0,31.7,,0,No Failure,0,0,0,0,0,105.7,48.1
1294,L11293,L,305.3,316.4,1168.0,33.2,190.0,0,No Failure,0,0,0,0,0,98.6,44.8
1295,L11294,L,300.4,311.9,,41.0,192.0,0,No Failure,0,0,0,0,0,88.3,40.1
1296,L11295,L,298.3,308.3,1361.0,30.7,194.0,0,No Failure,0,0,0,0,0,98.9,45.0
1297,L11296,L,300.6,309.8,1168.0,51.1,196.0,0,No Failure,0,0,0,0,0,64.9,29.5
1298,L11297,L,298.9,310.4,1179.0,27.4,199.0,1,PWF (Power Failure),0,0,1,0,0,2.3,40.1
1299,M11298,M,298.1,307.0,1168.0,40.0,201.0,0,No Failure,0,0,0,0,0,75.2,34.2
1300,L11299,L,303.6,315.4,1168.0,32.5,205.0,0,No Failure,0,0,0,0,0,89.8,40.8
1301,L11300,L,301.8,313.1,1342.0,-4.91,207.0,0,No Failure,0,0,0,0,0,77.3,35.1
1302,M11301,M,300.5,312.0,1168.0,35.0,209.0,0,No Failure,0,0,0,0,0,87.8,39.9
1303,M11302,M,299.1,309.8,1168.0,39.8,0.0,0,No Failure,0,0,0,0,0,220.0,100.0
1304,L11303,L,299.3,307.2,1346.0,52.2,3.0,1,HDF (Heat Dissipation),0,1,0,0,0,2.3,94.6
1305,H11304,H,302.6,311.6,1255.0,33.1,6.0,0,No Failure,0,0,0,0,0,207.8,94.4
1306,H11305,H,300.4,310.7,1170.0,33.0,12.0,0,No Failure,0,0,0,0,0,212.7,96.7
1307,M11306,M,294.3,303.6,1177.0,36.8,-346.42,0,No Failure,0,0,0,0,0,200.7,91.2
1308,M11307,M,304.2,313.9,1168.0,54.7,22.0,0,No Failure,0,0,0,0,0,200.4,91.1
1309,L11308,L,309.75,310.8,1185.0,39.1,25.0,0,No Failure,0,0,0,0,0,203.1,92.3
1310,H11309,H,300.4,310.2,1168.0,52.3,27.0,0,No Failure,0,0,0,0,0,198.8,90.3
1311,L11310,L,301.8,310.6,1168.0,38.2,391.36,0,No Failure,0,0,0,0,0,185.4,84.3
1312,H11311,H,300.7,311.6,1168.0,51.9,35.0,0,No Failure,0,0,0,0,0,195.4,88.8
1313,M11312,M,301.2,311.7,1168.0,44.1,41.0,0,No Failure,0,0,0,0,0,192.0,87.3
1314,L11313,L,,308.8,1168.0,101.69,44.0,0,No Failure,0,0,0,0,0,186.4,84.7
1315,L11314,L,297.6,308.3,1382.0,25.6,46.0,0,No Failure,0,0,0,0,0,190.1,86.4
1316,M11315,M,300.3,310.4,1269.0,24.2,49.0,1,PWF (Power Failure),0,0,1,0,0,6.2,79.9
1317,M11316,M,302.4,313.7,1168.0,50.7,53.0,0,No Failure,0,0,0,0,0,181.9,82.7
1318,L11317,L,289.53,308.8,1266.0,50.6,56.0,0,No Failure,0,0,0,0,0,178.4,81.1
1319,M11318,M,298.5,309.8,1168.0,64.2,58.0,0,No Failure,0,0,0,0,0,174.0,79.1
1320,H11319,H,302.0,310.1,1337.0,25.1,61.0,1,HDF (Heat Dissipation),0,1,0,0,0,2.8,76.4
1321,L11320,L,299.0,309.5,1168.0,44.9,66.0,0,No Failure,0,0,0,0,0,173.2,78.7
1322,L11321,L,299.0,308.6,1228.0,29.8,68.0,0,No Failure,0,0,0,0,0,174.0,79.1
1323,L11322,L,,308.2,1287.0,32.6,71.0,0,No Failure,0,0,0,0,0,168.4,76.6
1324,M11323,M,299.7,310.9,1168.0,35.0,73.0,0,No Failure,0,0,0,0,0,173.8,79.0
1325,L11324,L,296.9,307.8,1168.0,43.8,77.0,0,No Failure,0,0,0,0,0,165.9,75.4
1326,H11325,H,298.8,306.8,1254.0,33.4,79.0,1,HDF (Heat Dissipation),0,1,0,0,0,6.1,70.3
1327,L11326,L,300.2,310.9,1168.0,40.3,85.0,0,No Failure,0,0,0,0,0,162.0,73.7
1328,M11327,M,300.2,,1168.0,48.3,87.0,0,No Failure,0,0,0,0,0,158.6,72.1
1329,L11328,L,301.9,311.2,1176.0,51.3,90.0,0,No Failure,0,0,0,0,0,145.0,65.9
1330,L11329,L,303.1,312.3,1168.0,46.9,92.0,0,No Failure,0,0,0,0,0,144.8,65.8
1331,M11330,M,302.5,310.9,1289.0,44.5,95.0,1,HDF (Heat Dissipation),0,1,0,0,0,3.5,65.3
1332,L11331,L,301.4,311.1,1214.0,38.6,99.0,0,No Failure,0,0,0,0,0,150.4,68.4
1333,M11332,M,299.5,309.3,1168.0,34.3,102.0,0,No Failure,0,0,0,0,0,153.7,69.9
1334,H11333,H,298.6,309.4,1329.0,94.27,105.0,0,No Failure,0,0,0,0,0,149.6,68.0
1335,H11334,H,299.8,310.1,1251.0,29.5,111.0,0,No Failure,0,0,0,0,0,154.5,70.2
1336,H11335,H,300.8,309.7,1174.0,41.2,-226.22,0,No Failure,0,0,0,0,0,131.9,60.0
1337,L11336,L,301.2,311.4,1240.0,29.2,122.0,0,No Failure,0,0,0,0,0,144.7,65.8
1338,M11337,M,300.9,310.6,1243.0,39.6,124.0,0,No Failure,0,0,0,0,0,135.7,61.7
1339,H11338,H,299.5,308.6,1168.0,29.5,127.0,0,No Failure,0,0,0,0,0,129.9,59.1
1340,L11339,L,301.1,309.5,1282.0,36.0,133.0,1,HDF (Heat Dissipation),0,1,0,0,0,7.3,55.0
1341,L11340,L,302.0,312.6,1168.0,33.2,136.0,0,No Failure,0,0,0,0,0,133.1,60.5
1342,H11341,H,301.3,311.7,1268.0,32.0,139.0,0,No Failure,0,0,0,0,0,136.3,61.9
1343,L11342,L,299.7,310.3,1321.0,39.1,144.0,0,No Failure,0,0,0,0,0,122.9,55.8
1344,M11343,M,298.2,296.99,1678.0,15.8,441.54,1,PWF (Power Failure),0,0,1,0,0,0.2,54.8
1345,H11344,H,298.2,308.4,1481.0,22.0,150.0,1,PWF (Power Failure),0,0,1,0,0,2.8,57.5
1346,M11345,M,298.5,307.1,1168.0,48.0,155.0,0,No Failure,0,0,0,0,0,95.5,43.4
1347,L11346,L,300.2,309.2,1184.0,41.5,158.0,0,No Failure,0,0,0,0,0,100.1,45.5
1348,L11347,L,300.6,310.6,1168.0,32.8,161.0,0,No Failure,0,0,0,0,0,117.5,53.4
1349,L11348,L,297.2,307.5,1247.0,49.7,164.0,0,No Failure,0,0,0,0,0,98.9,45.0
1350,L11349,L,298.8,307.2,1182.0,33.6,166.0,1,HDF (Heat Dissipation),0,1,0,0,0,3.4,43.6
1351,M11350,M,300.1,309.0,1173.0,34.2,168.0,0,No Failure,0,0,0,0,0,102.4,46.5
1352,H11351,H,298.1,307.7,1210.0,32.2,172.0,0,No Failure,0,0,0,0,0,112.0,50.9
1353,L11352,L,300.5,311.5,1282.0,59.1,178.0,0,No Failure,0,0,0,0,0,78.6,35.7
1354,L11353,L,299.1,308.3,1205.0,42.4,180.0,0,No Failure,0,0,0,0,0,86.4,39.3
1355,H11354,H,298.4,308.5,1168.0,42.0,183.0,0,No Failure,0,0,0,0,0,100.5,45.7
1356,L11355,L,299.8,321.1,1168.0,44.7,189.0,0,No Failure,0,0,0,0,0,86.2,39.2
1357,M11356,M,300.4,321.17,1402.0,21.5,192.0,1,PWF (Power Failure),0,0,1,0,0,4.5,43.0
1358,L11357,L,298.2,308.5,1193.0,34.1,,0,No Failure,0,0,0,0,0,93.7,42.6
1359,M11358,M,299.2,307.9,1293.0,44.5,199.0,0,No Failure,0,0,0,0,0,74.8,34.0
1360,L11359,L,300.5,309.8,1360.0,40.0,517.94,0,No Failure,0,0,0,0,0,79.9,36.3
1361,M11360,M,298.3,309.7,1168.0,62.1,204.0,1,OSF (Overstrain Failure),0,0,0,1,0,2.7,27.5
1362,L11361,L,296.7,308.2,1168.0,34.6,208.0,1,TWF (Tool Wear Failure),1,0,0,0,0,1.8,38.8
1363,M11362,M,296.9,307.7,1168.0,49.4,210.0,0,No Failure,0,0,0,0,0,70.5,32.1
1364,L11363,L,298.9,310.0,1168.0,48.1,0.0,0,No Failure,0,0,0,0,0,220.0,100.0
1365,L11364,L,297.3,305.5,1330.0,41.4,3.0,1,HDF (Heat Dissipation),0,1,0,0,0,0.2,94.7
1366,M11365,M,299.0,308.1,1348.0,43.2,6.0,0,No Failure,0,0,0,0,0,211.9,96.3
1367,L11366,L,302.7,312.4,1228.0,37.1,10.0,0,No Failure,0,0,0,0,0,210.4,95.7
1368,L11367,L,297.2,309.6,1319.0,20.3,13.0,1,PWF (Power Failure),0,0,1,0,0,7.3,86.7
1369,L11368,L,299.1,308.8,1168.0,43.5,15.0,0,No Failure,0,0,0,0,0,206.2,93.7
1370,L11369,L,303.5,314.2,1168.0,44.3,17.0,0,No Failure,0,0,0,0,0,208.0,94.5
1371,L11370,L,300.4,310.8,1649.62,45.9,20.0,0,No Failure,0,0,0,0,0,205.7,93.5
1372,H11371,H,299.0,309.4,1183.0,40.6,23.0,0,No Failure,0,0,0,0,0,205.1,93.2
1373,L11372,L,299.4,309.4,1196.0,49.7,29.0,0,No Failure,0,0,0,0,0,198.6,90.3
1374,H11373,H,300.4,309.2,1228.0,31.3,31.0,0,No Failure,0,0,0,0,0,189.7,86.2
1375,H11374,H,302.7,310.0,1217.0,54.7,37.0,1,HDF (Heat Dissipation),0,1,0,0,0,7.2,75.3
1376,L11375,L,298.7,310.0,1285.0,30.1,43.0,0,No Failure,0,0,0,0,0,193.3,87.9
1377,M11376,M,298.3,307.7,1168.0,38.9,46.0,0,No Failure,0,0,0,0,0,183.3,83.3
1378,H11377,H,297.1,305.2,1168.0,46.8,49.0,1,HDF (Heat Dissipation),0,1,0,0,0,1.5,75.4
1379,M11378,M,299.8,310.2,1278.0,34.9,55.0,0,No Failure,0,0,0,0,0,185.2,84.2
1380,L11379,L,297.1,307.5,1168.0,47.5,59.0,0,No Failure,0,0,0,0,0,177.2,80.6
1381,L11380,L,298.8,309.6,1168.0,,61.0,0,No Failure,0,0,0,0,0,179.8,81.7
1382,L11381,L,298.0,309.1,1168.0,41.2,64.0,0,No Failure,0,0,0,0,0,176.0,80.0
1383,M11382,M,301.5,310.6,1198.0,38.2,66.0,0,No Failure,0,0,0,0,0,167.2,76.0
1384,H11383,H,298.7,307.8,1302.0,34.2,69.0,0,No Failure,0,0,0,0,0,171.8,78.1
1385,H11384,H,300.3,310.0,1168.0,62.5,74.0,0,No Failure,0,0,0,0,0,160.7,73.0
1386,L11385,L,296.7,307.5,1396.0,31.6,79.0,0,No Failure,0,0,0,0,0,170.3,77.4
1387,M11386,M,299.8,307.7,1235.0,17.1,82.0,1,HDF (Heat Dissipation),0,1,1,0,0,6.8,61.1
1388,L11387,L,297.4,307.5,1328.0,32.0,86.0,0,No Failure,0,0,0,0,0,165.6,75.3
1389,H11388,H,298.8,309.7,1168.0,41.3,88.0,0,No Failure,0,0,0,0,0,162.8,74.0
1390,L11389,L,303.6,314.5,1168.0,36.2,93.0,0,No Failure,0,0,0,0,0,158.9,72.2
1391,H11390,H,301.3,312.0,1168.0,95.01,96.0,0,No Failure,0,0,0,0,0,153.3,69.7
1392,H11391,H,299.4,310.5,1175.0,49.8,101.0,0,No Failure,0,0,0,0,0,150.0,68.2
1393,L11392,L,305.3,312.6,1286.0,36.8,107.0,1,HDF (Heat Dissipation),0,1,0,0,0,5.2,59.0
1394,L11393,L,297.9,309.5,1507.0,23.2,110.0,0,No Failure,0,0,0,0,0,152.5,69.3
1395,H11394,H,301.7,312.0,1246.0,27.2,112.0,0,No Failure,0,0,0,0,0,148.4,67.4
1396,L11395,L,296.8,308.1,1371.0,39.7,118.0,0,No Failure,0,0,0,0,0,140.0,63.6
1397,M11396,M,299.1,307.9,1441.0,24.4,120.0,0,No Failure,0,0,0,0,0,147.4,67.0
1398,H11397,H,297.1,305.3,1168.0,36.3,124.0,1,HDF (Heat Dissipation),0,1,0,0,0,6.3,55.8
1399,M11398,M,300.0,311.8,1177.0,54.2,129.0,0,No Failure,0,0,0,0,0,124.8,56.7
1400,L11399,L,299.7,308.8,1168.0,43.4,133.0,0,No Failure,0,0,0,0,0,116.9,53.2
1401,L11400,L,299.0,308.7,1168.0,40.5,136.0,0,No Failure,0,0,0,0,0,123.8,56.3
1402,L11401,L,301.5,312.0,1314.0,29.6,139.0,0,No Failure,0,0,0,0,0,134.2,61.0
1403,H11402,H,298.5,309.3,1221.0,41.8,142.0,0,No Failure,0,0,0,0,0,127.4,57.9
1404,L11403,L,300.1,311.2,615.53,37.4,148.0,0,No Failure,0,0,0,0,0,121.7,55.3
1405,L11404,L,301.0,311.2,1329.0,42.4,150.0,0,No Failure,0,0,0,0,0,115.8,52.7
1406,L11405,L,296.9,,1168.0,47.3,153.0,0,No Failure,0,0,0,0,0,97.2,44.2
1407,H11406,H,298.2,308.9,1168.0,49.0,155.0,0,No Failure,0,0,0,0,0,113.2,51.5
1408,L11407,L,299.6,310.3,1168.0,41.3,161.0,0,No Failure,0,0,0,0,0,109.3,49.7
1409,H11408,H,300.7,308.9,1180.0,45.1,163.0,1,HDF (Heat Dissipation),0,1,0,0,0,0.3,41.4
1410,M11409,M,302.1,313.5,1312.0,34.9,169.0,0,No Failure,0,0,0,0,0,113.2,51.5
1411,H11410,H,299.1,306.6,1168.0,51.3,172.0,1,HDF (Heat Dissipation),0,1,0,0,0,0.7,32.7
1412,H11411,H,299.0,310.0,1220.0,31.1,178.0,0,No Failure,0,0,0,0,0,113.6,51.6
1413,H11412,H,298.0,307.4,1171.0,37.9,184.0,0,No Failure,0,0,0,0,0,97.0,44.1
1414,H11413,H,300.1,310.8,1168.0,52.4,190.0,0,No Failure,0,0,0,0,0,85.9,39.0
1415,L11414,L,299.0,309.5,1365.0,35.2,196.0,0,No Failure,0,0,0,0,0,92.4,42.0
1416,M11415,M,299.0,309.0,,26.6,198.0,0,No Failure,0,0,0,0,0,103.9,47.2
1417,M11416,M,299.3,309.8,1186.0,35.9,202.0,0,No Failure,0,0,0,0,0,91.2,41.5
1418,M11417,M,300.5,310.4,1199.0,53.9,205.0,1,TWF (Tool Wear Failure),1,0,0,0,0,4.6,30.9
1419,H11418,H,298.5,309.2,1513.0,17.3,209.0,1,PWF (Power Failure),0,0,1,0,0,3.0,39.9
1420,H11419,H,298.1,310.3,1317.0,41.0,215.0,0,No Failure,0,0,0,0,0,80.6,36.7
1421,M11420,M,300.3,309.0,1491.0,33.7,221.0,0,No Failure,0,0,0,0,0,81.8,37.2
1422,L11421,L,294.1,300.9,1168.0,38.3,0.0,1,HDF (Heat Dissipation),0,1,0,0,0,3.6,85.0
1423,L11422,L,298.4,308.0,1211.0,36.5,2.0,0,No Failure,0,0,0,0,0,214.5,97.5
1424,L11423,L,297.4,306.9,1271.0,49.6,5.0,0,No Failure,0,0,0,0,0,212.4,96.5
1425,L11424,L,301.7,311.3,1168.0,40.5,7.0,0,No Failure,0,0,0,0,0,210.8,95.8
1426,L11425,L,298.7,307.8,1168.0,50.1,10.0,0,No Failure,0,0,0,0,0,202.7,92.1
1427,L11426,L,298.5,309.4,1168.0,52.8,12.0,0,No Failure,0,0,0,0,0,210.9,95.9
1428,L11427,L,299.4,308.0,1168.0,40.3,14.0,0,No Failure,0,0,0,0,0,195.1,88.7
1429,M11428,M,298.4,308.9,1242.0,36.4,16.0,0,No Failure,0,0,0,0,0,209.8,95.3
1430,L11429,L,298.8,309.4,1168.0,43.8,19.0,0,No Failure,0,0,0,0,0,206.6,93.9
1431,H11430,H,299.6,309.9,1168.0,45.7,21.0,0,No Failure,0,0,0,0,0,205.9,93.6
1432,M11431,M,298.7,309.2,1226.0,28.5,27.0,0,No Failure,0,0,0,0,0,200.0,90.9
1433,L11432,L,298.7,309.6,1378.0,42.4,30.0,0,No Failure,0,0,0,0,0,199.2,90.5
1434,L11433,L,297.6,307.7,1168.0,37.5,32.0,0,No Failure,0,0,0,0,0,198.7,90.3
1435,L11434,L,297.4,307.1,1168.0,35.8,34.0,0,No Failure,0,0,0,0,0,194.4,88.4
1436,H11435,H,299.6,310.1,1168.0,33.1,37.0,0,No Failure,0,0,0,0,0,197.5,89.8
1437,L11436,L,300.0,310.6,1447.0,33.7,42.0,0,No Failure,0,0,0,0,0,193.0,87.7
1438,M11437,M,296.9,307.8,1168.0,52.6,45.0,0,No Failure,0,0,0,0,0,187.2,85.1
1439,H11438,H,300.8,309.1,1168.0,36.4,49.0,1,HDF (Heat Dissipation),0,1,0,0,0,5.6,77.6
1440,H11439,H,300.8,310.6,1168.0,51.4,54.0,0,No Failure,0,0,0,0,0,179.9,81.8
1441,L11440,L,301.2,310.1,1175.0,41.3,60.0,0,No Failure,0,0,0,0,0,166.6,75.7
1442,L11441,L,300.0,310.6,1418.0,28.7,63.0,0,No Failure,0,0,0,0,0,181.4,82.5
1443,L11442,L,300.6,311.3,1278.0,41.9,66.0,0,No Failure,0,0,0,0,0,174.4,79.3
1444,L11443,L,303.4,313.1,1260.0,28.1,68.0,0,No Failure,0,0,0,0,0,173.6,78.9
1445,L11444,L,298.9,308.2,1208.0,46.1,71.0,0,No Failure,0,0,0,0,0,161.7,73.5
1446,M11445,M,297.6,308.2,1174.0,37.9,74.0,0,No Failure,0,0,0,0,0,172.0,78.2
1447,H11446,H,296.7,306.6,1168.0,48.6,77.0,0,No Failure,0,0,0,0,0,166.0,75.5
1448,M11447,M,302.6,314.0,1236.0,54.3,83.0,0,No Failure,0,0,0,0,0,158.7,72.1
1449,M11448,M,302.6,314.4,1318.0,22.6,87.0,1,PWF (Power Failure),0,0,1,0,0,1.3,69.2
1450,L11449,L,297.8,308.8,1425.0,35.4,91.0,0,No Failure,0,0,0,0,0,160.6,73.0
1451,H11450,H,298.1,308.3,1239.0,27.9,94.0,0,No Failure,0,0,0,0,0,160.4,72.9
1452,M11451,M,298.8,310.6,1168.0,61.6,99.0,0,No Failure,0,0,0,0,0,142.9,65.0
1453,H11452,H,301.6,311.8,1168.0,35.6,103.0,0,No Failure,0,0,0,0,0,156.1,70.9
1454,H11453,H,297.1,306.6,1328.0,26.8,108.0,0,No Failure,0,0,0,0,0,153.1,69.6
1455,L11454,L,295.9,305.2,1168.0,62.4,114.0,0,No Failure,0,0,0,0,0,119.5,54.3
1456,L11455,L,303.3,312.6,1350.0,32.7,117.0,0,No Failure,0,0,0,0,0,142.5,64.8
1457,L11456,L,300.0,310.0,1515.0,23.8,120.0,0,No Failure,0,0,0,0,0,149.4,67.9
1458,L11457,L,300.2,310.7,1327.0,28.4,122.0,0,No Failure,0,0,0,0,0,145.5,66.2
1459,H11458,H,299.0,307.6,1168.0,41.4,124.0,0,No Failure,0,0,0,0,0,124.0,56.4
1460,L11459,L,289.42,309.8,1211.0,40.5,130.0,0,No Failure,0,0,0,0,0,127.0,57.7
1461,M11460,M,296.7,306.9,1326.0,31.6,132.0,0,No Failure,0,0,0,0,0,139.0,63.2
1462,M11461,M,297.9,308.5,1168.0,35.1,135.0,0,No Failure,0,0,0,0,0,134.5,61.2
1463,L11462,L,299.6,309.6,1168.0,40.5,139.0,0,No Failure,0,0,0,0,0,125.1,56.8
1464,L11463,L,295.3,305.5,1199.0,53.2,141.0,0,No Failure,0,0,0,0,0,113.0,51.3
1465,M11464,M,298.8,307.6,1168.0,43.3,-192.97,0,No Failure,0,0,0,0,0,109.1,49.6
1466,M11465,M,298.7,307.8,1296.0,34.4,148.0,0,No Failure,0,0,0,0,0,120.8,54.9
1467,L11466,L,298.8,308.7,1185.0,37.7,152.0,0,No Failure,0,0,0,0,0,117.6,53.5
1468,L11467,L,298.4,308.9,1168.0,47.7,155.0,1,RNF (Random Failure),0,0,0,0,1,5.6,48.8
1469,M11468,M,297.6,307.8,1168.0,56.8,157.0,0,No Failure,0,0,0,0,0,101.9,46.3
1470,L11469,L,296.1,305.3,1233.0,29.0,160.0,0,No Failure,0,0,0,0,0,112.6,51.2
1471,H11470,H,299.6,309.4,1168.0,51.1,162.0,0,No Failure,0,0,0,0,0,104.5,47.5
1472,L11471,L,298.8,310.3,1344.0,36.9,168.0,0,No Failure,0,0,0,0,0,108.9,49.5
1473,L11472,L,296.9,307.4,1183.0,23.8,170.0,1,PWF (Power Failure),0,0,1,0,0,5.9,45.0
1474,L11473,L,299.5,309.3,1325.0,21.8,173.0,1,PWF (Power Failure),0,0,1,0,0,7.1,44.9
1475,M11474,M,298.8,307.8,1178.0,53.3,175.0,0,No Failure,0,0,0,0,0,80.7,36.7
1476,M11475,M,298.5,307.8,1168.0,54.5,179.0,0,No Failure,0,0,0,0,0,79.9,36.3
1477,L11476,L,295.5,305.5,1344.0,34.3,182.0,0,No Failure,0,0,0,0,0,102.5,46.6
1478,H11477,H,300.6,310.9,1168.0,37.9,185.0,0,No Failure,0,0,0,0,0,103.0,46.8
1479,L11478,L,297.1,307.7,1908.93,22.2,191.0,1,PWF (Power Failure),0,0,1,0,0,5.2,44.1
1480,L11479,L,299.5,309.9,1168.0,47.6,193.0,0,No Failure,0,0,0,0,0,80.0,36.3
1481,L11480,L,297.9,307.5,1310.0,39.7,196.0,0,No Failure,0,0,0,0,0,84.6,38.5
1482,L11481,L,298.6,308.1,1249.0,24.5,198.0,1,PWF (Power Failure),0,0,1,0,0,4.1,37.7
1483,M11482,M,301.4,313.4,1168.0,42.0,-112.07,0,No Failure,0,0,0,0,0,85.8,39.0
1484,L11483,L,300.3,309.7,1298.0,26.1,204.0,0,No Failure,0,0,0,0,0,87.3,39.7
1485,M11484,M,301.4,310.1,1169.0,45.6,206.0,1,TWF (Tool Wear Failure),1,0,0,0,0,4.0,28.8
1486,L11485,L,299.9,308.3,1338.0,29.2,209.0,1,HDF (Heat Dissipation),0,1,0,0,0,2.7,38.0
1487,H11486,H,300.0,309.6,1168.0,43.4,211.0,1,TWF (Tool Wear Failure),1,0,0,0,0,1.8,34.7
1488,L11487,L,296.1,307.0,1281.0,33.5,217.0,1,TWF (Tool Wear Failure),1,0,0,0,0,5.0,36.8
1489,H11488,H,298.8,308.2,1585.0,16.3,0.0,1,PWF (Power Failure),0,0,1,0,0,3.6,90.0
1490,L11489,L,298.9,310.4,1168.0,93.64,5.0,0,No Failure,0,0,0,0,0,216.3,98.3
1491,L11490,L,301.5,311.5,1168.0,50.5,7.0,0,No Failure,0,0,0,0,0,214.8,97.6
1492,H11491,H,298.4,309.5,1264.0,34.8,10.0,0,No Failure,0,0,0,0,0,213.8,97.2
1493,M11492,M,299.8,309.0,1322.0,42.7,16.0,0,No Failure,0,0,0,0,0,204.7,93.0
1494,M11493,M,299.7,309.0,1338.0,44.4,19.0,0,No Failure,0,0,0,0,0,203.6,92.5
1495,L11494,L,301.4,311.5,1168.0,44.7,22.0,0,No Failure,0,0,0,0,0,204.4,92.9
1496,M11495,M,299.1,309.6,1259.0,57.3,25.0,0,No Failure,0,0,0,0,0,201.1,91.4
1497,H11496,H,300.8,310.6,1277.0,44.2,28.0,0,No Failure,0,0,0,0,0,199.9,90.9
1498,M11497,M,296.2,306.5,1200.0,36.4,34.0,0,No Failure,0,0,0,0,0,198.2,90.1
1499,L11498,L,296.4,307.0,1168.0,44.3,38.0,0,No Failure,0,0,0,0,0,193.2,87.8
1500,M11499,M,295.2,303.8,1168.0,35.7,41.0,0,No Failure,0,0,0,0,0,178.5,81.1
1501,M11500,M,300.7,310.4,1244.0,29.3,45.0,0,No Failure,0,0,0,0,0,190.2,86.5
1502,H11501,H,300.5,310.0,1168.0,52.2,49.0,0,No Failure,0,0,0,0,0,180.0,81.8
1503,L11502,L,300.9,310.4,1168.0,45.3,55.0,0,No Failure,0,0,0,0,0,175.4,79.7
1504,L11503,L,298.1,308.5,1276.0,21.4,58.0,1,PWF (Power Failure),0,0,1,0,0,3.1,75.0
1505,H11504,H,298.3,307.8,1168.0,33.2,61.0,0,No Failure,0,0,0,0,0,177.4,80.6
1506,M11505,M,299.1,307.1,1266.0,47.6,66.0,1,HDF (Heat Dissipation),0,1,0,0,0,2.3,71.6
1507,M11506,M,301.9,311.7,1407.0,24.4,70.0,0,No Failure,0,0,0,0,0,173.8,79.0
1508,L11507,L,311.91,311.2,1285.0,32.5,73.0,0,No Failure,0,0,0,0,0,165.7,75.3
1509,L11508,L,300.7,311.2,1168.0,66.6,75.0,0,No Failure,0,0,0,0,0,157.0,71.4
1510,M11509,M,299.9,310.7,1284.0,36.7,77.0,0,No Failure,0,0,0,0,0,170.6,77.5
1511,L11510,L,301.7,309.5,1168.0,50.8,81.0,1,HDF (Heat Dissipation),0,1,0,0,0,2.5,61.6
1512,L11511,L,298.8,308.0,1184.0,55.0,84.0,0,No Failure,0,0,0,0,0,146.5,66.6
1513,M11512,M,298.6,309.0,1196.0,30.9,87.0,0,No Failure,0,0,0,0,0,166.9,75.9
1514,M11513,M,299.0,307.6,1168.0,42.7,91.0,0,No Failure,0,0,0,0,0,143.2,65.1
1515,H11514,H,297.5,308.3,1238.0,60.6,94.0,0,No Failure,0,0,0,0,0,149.7,68.1
1516,L11515,L,298.9,309.9,1229.0,44.6,99.0,0,No Failure,0,0,0,0,0,149.9,68.2
1517,L11516,L,297.2,307.0,1168.0,63.7,101.0,0,No Failure,0,0,0,0,0,134.8,61.3
1518,H11517,H,301.1,310.3,1407.0,33.6,103.0,0,No Failure,0,0,0,0,0,155.6,70.7
1519,L11518,L,300.2,307.9,1368.0,58.0,109.0,1,HDF (Heat Dissipation),0,1,0,0,0,5.9,57.2
1520,L11519,L,301.8,312.6,1341.0,40.2,111.0,0,No Failure,0,0,0,0,0,144.4,65.6
1521,L11520,L,296.3,308.3,1168.0,36.7,114.0,0,No Failure,0,0,0,0,0,144.7,65.8
1522,M11521,M,302.7,314.5,1271.0,46.4,116.0,0,No Failure,0,0,0,0,0,139.4,63.3
1523,H11522,H,296.4,306.2,1168.0,38.9,119.0,0,No Failure,0,0,0,0,0,141.9,64.5
1524,M11523,M,297.1,306.0,1168.0,39.2,124.0,0,No Failure,0,0,0,0,0,126.6,57.5
1525,M11524,M,298.1,308.9,1168.0,44.9,479.98,0,No Failure,0,0,0,0,0,132.1,60.0
1526,L11525,L,301.6,311.5,1406.0,21.9,131.0,1,PWF (Power Failure),0,0,1,0,0,0.5,58.7
1527,L11526,L,299.6,310.1,1323.0,32.0,133.0,0,No Failure,0,0,0,0,0,135.9,61.8
1528,L11527,L,298.8,309.1,1306.0,47.2,135.0,0,No Failure,0,0,0,0,0,122.4,55.6
1529,L11528,L,297.8,307.9,1195.0,49.9,137.0,0,No Failure,0,0,0,0,0,118.7,54.0
1530,L11529,L,296.7,307.7,1315.0,43.6,140.0,0,No Failure,0,0,0,0,0,121.8,55.4
1531,L11530,L,301.3,312.4,1187.0,42.8,143.0,0,No Failure,0,0,0,0,0,120.4,54.7
1532,L11531,L,300.7,310.2,1219.0,44.0,145.0,0,No Failure,0,0,0,0,0,112.8,51.3
1533,M11532,M,301.7,310.8,1168.0,49.6,147.0,0,No Failure,0,0,0,0,0,105.3,47.9
1534,M11533,M,299.9,307.4,1326.0,25.7,151.0,1,HDF (Heat Dissipation),0,1,0,0,0,0.9,51.0
1535,L11534,L,294.5,304.2,1257.0,34.9,154.0,0,No Failure,0,0,0,0,0,117.4,53.4
1536,L11535,L,297.0,305.9,1408.0,39.3,156.0,0,No Failure,0,0,0,0,0,112.5,51.2
1537,M11536,M,300.0,310.4,1168.0,42.0,158.0,0,No Failure,0,0,0,0,0,114.0,51.8
1538,M11537,M,298.5,308.2,1619.0,18.9,162.0,1,PWF (Power Failure),0,0,1,0,0,1.3,52.5
1539,H11538,H,298.2,308.0,1293.0,27.4,166.0,0,No Failure,0,0,0,0,0,120.0,54.6
1540,L11539,L,297.2,308.0,1297.0,39.8,171.0,0,No Failure,0,0,0,0,0,103.9,47.2
1541,H11540,H,300.9,311.3,1273.0,50.1,173.0,0,No Failure,0,0,0,0,0,99.9,45.4
1542,L11541,L,300.0,309.9,1386.0,35.8,179.0,0,No Failure,0,0,0,0,0,102.5,46.6
1543,L11542,L,300.1,311.8,1252.0,33.3,181.0,0,No Failure,0,0,0,0,0,104.2,47.4
1544,L11543,L,298.1,308.8,1168.0,45.3,183.0,0,No Failure,0,0,0,0,0,89.7,40.8
1545,L11544,L,299.5,309.1,1189.0,36.7,470.32,0,No Failure,0,0,0,0,0,93.5,42.5
1546,L11545,L,296.8,306.4,1168.0,,187.0,0,No Failure,0,0,0,0,0,78.6,35.7
1547,L11546,L,299.0,309.8,1240.0,37.8,189.0,0,No Failure,0,0,0,0,0,94.0,42.7
1548,M11547,M,294.6,304.8,1191.0,28.8,191.0,0,No Failure,0,0,0,0,0,100.0,45.4
1549,L11548,L,296.4,305.3,1168.0,54.2,195.0,0,No Failure,0,0,0,0,0,58.7,26.7
1550,L11549,L,298.6,309.5,1172.0,52.4,197.0,0,No Failure,0,0,0,0,0,71.4,32.4
1551,L11550,L,303.5,314.8,1168.0,30.4,200.0,0,No Failure,0,0,0,0,0,93.3,42.4
1552,L11551,L,295.9,307.1,1301.0,44.0,203.0,0,No Failure,0,0,0,0,0,77.1,35.0
1553,L11552,L,296.9,,1212.0,36.7,206.0,1,TWF (Tool Wear Failure),1,0,0,0,0,4.8,38.2
1554,L11553,L,299.6,311.7,1280.0,46.2,209.0,0,No Failure,0,0,0,0,0,70.1,31.9
1555,L11554,L,302.4,314.1,1168.0,31.2,0.0,0,No Failure,0,0,0,0,0,220.0,100.0
1556,M11555,M,299.5,309.8,1168.0,48.7,2.0,0,No Failure,0,0,0,0,0,218.6,99.4
1557,H11556,H,300.4,310.2,1168.0,51.9,5.0,0,No Failure,0,0,0,0,0,214.3,97.4
1558,L11557,L,298.6,306.8,1295.0,30.5,10.0,1,HDF (Heat Dissipation),0,1,0,0,0,2.6,91.6
1559,M11558,M,298.2,308.2,1175.0,40.7,13.0,0,No Failure,0,0,0,0,0,211.4,96.1
1560,H11559,H,299.3,309.8,1268.0,52.2,16.0,0,No Failure,0,0,0,0,0,208.7,94.9
1561,H11560,H,298.0,308.0,1354.0,30.0,21.0,0,No Failure,0,0,0,0,0,207.6,94.3
1562,M11561,M,300.5,308.6,1168.0,33.3,26.0,1,HDF (Heat Dissipation),0,1,0,0,0,2.4,83.1
1563,H11562,H,296.3,306.0,1447.0,46.6,30.0,0,No Failure,0,0,0,0,0,199.7,90.8
1564,H11563,H,300.8,311.4,1168.0,38.4,35.0,0,No Failure,0,0,0,0,0,197.8,89.9
1565,M11564,M,299.2,,1430.0,24.2,41.0,0,No Failure,0,0,0,0,0,190.8,86.7
1566,L11565,L,298.8,309.0,1192.0,36.8,45.0,0,No Failure,0,0,0,0,0,190.3,86.5
1567,L11566,L,296.2,306.6,1194.0,57.5,48.0,0,No Failure,0,0,0,0,0,182.3,82.9
1568,L11567,L,297.4,308.5,1238.0,60.6,51.0,0,No Failure,0,0,0,0,0,179.0,81.4
1569,L11568,L,301.3,313.0,1168.0,33.6,53.0,0,No Failure,0,0,0,0,0,186.0,84.5
1570,L11569,L,298.8,308.4,1414.0,-15.65,55.0,0,No Failure,0,0,0,0,0,185.0,84.1
1571,L11570,L,299.6,309.8,1168.0,35.4,57.0,0,No Failure,0,0,0,0,0,182.8,83.1
1572,M11571,M,297.6,307.8,1168.0,58.0,60.0,0,No Failure,0,0,0,0,0,174.5,79.3
1573,M11572,M,299.1,309.7,1168.0,48.4,63.0,0,No Failure,0,0,0,0,0,175.5,79.8
1574,H11573,H,296.7,307.2,1168.0,54.6,66.0,0,No Failure,0,0,0,0,0,172.7,78.5
1575,L11574,L,299.3,310.7,1168.0,50.0,71.0,0,No Failure,0,0,0,0,0,167.5,76.1
1576,L11575,L,299.8,307.5,1168.0,26.8,73.0,1,HDF (Heat Dissipation),0,1,1,0,0,0.2,62.0
1577,M11576,M,299.7,310.1,1354.0,30.5,75.0,0,No Failure,0,0,0,0,0,174.4,79.3
1578,H11577,H,297.5,308.0,1288.0,77.07,79.0,0,No Failure,0,0,0,0,0,172.0,78.2
1579,H11578,H,298.5,308.3,1279.0,34.8,85.0,0,No Failure,0,0,0,0,0,166.1,75.5
1580,H11579,H,300.1,307.8,1367.0,33.2,91.0,1,HDF (Heat Dissipation),0,1,0,0,0,3.0,71.0
1581,H11580,H,298.7,308.6,1444.0,34.4,97.0,0,No Failure,0,0,0,0,0,160.4,72.9
1582,L11581,L,298.6,307.9,1168.0,46.4,103.0,0,No Failure,0,0,0,0,0,138.3,62.9
1583,L11582,L,302.5,314.2,1354.0,41.4,105.0,0,No Failure,0,0,0,0,0,147.7,67.1
1584,L11583,L,297.4,307.8,1168.0,52.2,107.0,0,No Failure,0,0,0,0,0,139.4,63.4
1585,M11584,M,301.1,300.52,1168.0,42.5,109.0,0,No Failure,0,0,0,0,0,137.8,62.6
1586,H11585,H,297.0,304.9,1283.0,33.2,113.0,1,HDF (Heat Dissipation),0,1,0,0,0,0.6,61.7
1587,L11586,L,300.3,310.9,1178.0,41.9,118.0,0,No Failure,0,0,0,0,0,138.4,62.9
1588,M11587,M,300.4,311.1,1428.0,24.9,120.0,0,No Failure,0,0,0,0,0,148.7,67.6
1589,L11588,L,298.2,308.0,1501.0,16.9,123.0,1,PWF (Power Failure),0,0,1,0,0,2.2,59.7
1590,L11589,L,296.9,307.5,1193.0,46.4,125.0,0,No Failure,0,0,0,0,0,130.2,59.2
1591,L11590,L,295.5,305.2,1168.0,,127.0,0,No Failure,0,0,0,0,0,122.6,55.7
1592,L11591,L,298.0,319.4,1168.0,40.7,129.0,0,No Failure,0,0,0,0,0,131.7,59.9
1593,H11592,H,300.0,311.0,1276.0,36.1,131.0,0,No Failure,0,0,0,0,0,138.4,62.9
1594,L11593,L,297.1,305.5,1181.0,26.6,137.0,1,HDF (Heat Dissipation),0,1,1,0,0,3.7,48.3
1595,H11594,H,299.3,307.9,620.97,51.7,140.0,1,HDF (Heat Dissipation),0,1,0,0,0,0.3,48.3
1596,M11595,M,296.4,308.4,1340.0,44.9,145.0,0,No Failure,0,0,0,0,0,120.4,54.7
1597,L11596,L,298.7,309.6,1168.0,42.9,149.0,0,No Failure,0,0,0,0,0,116.1,52.8
1598,L11597,L,297.0,305.7,1283.0,40.0,152.0,0,No Failure,0,0,0,0,0,107.1,48.7
1599,H11598,H,298.9,307.3,1235.0,35.3,154.0,1,HDF (Heat Dissipation),0,1,0,0,0,1.2,49.8
1600,L11599,L,298.2,308.4,836.05,28.9,160.0,0,No Failure,0,0,0,0,0,121.9,55.4
1601,H11600,H,296.9,305.8,1168.0,42.5,162.0,0,No Failure,0,0,0,0,0,101.7,46.2
1602,L11601,L,297.9,307.6,1212.0,34.6,168.0,0,No Failure,0,0,0,0,0,108.1,49.1
1603,M11602,M,297.4,307.4,1168.0,35.8,170.0,0,No Failure,0,0,0,0,0,111.7,50.8
1604,H11603,H,296.7,306.6,1168.0,57.2,173.0,0,No Failure,0,0,0,0,0,92.5,42.1
1605,L11604,L,301.0,323.42,1168.0,39.5,179.0,0,No Failure,0,0,0,0,0,98.8,44.9
1606,L11605,L,298.4,310.2,1459.0,15.5,,1,PWF (Power Failure),0,0,1,0,0,6.6,45.9
1607,H11606,H,295.1,304.6,1404.0,81.99,185.0,0,No Failure,0,0,0,0,0,105.1,47.8
1608,L11607,L,297.9,306.8,1288.0,30.0,191.0,0,No Failure,0,0,0,0,0,93.7,42.6
1609,L11608,L,300.7,311.1,1168.0,38.6,193.0,0,No Failure,0,0,0,0,0,90.4,41.1
1610,L11609,L,288.36,309.3,1168.0,25.8,196.0,1,PWF (Power Failure),0,0,1,0,0,7.5,39.0
1611,L11610,L,301.8,311.4,1179.0,44.3,198.0,0,No Failure,0,0,0,0,0,75.9,34.5
1612,M11611,M,297.5,308.4,1186.0,37.0,200.0,0,No Failure,0,0,0,0,0,91.3,41.5
1613,M11612,M,300.0,309.2,1181.0,35.2,203.0,0,No Failure,0,0,0,0,0,82.6,37.5
1614,L11613,L,300.9,310.9,1398.0,41.5,,0,No Failure,0,0,0,0,0,78.1,35.5
1615,H11614,H,299.9,308.7,1421.0,39.2,208.0,0,No Failure,0,0,0,0,0,85.6,38.9
1616,L11615,L,296.6,306.6,1235.0,38.7,214.0,0,No Failure,0,0,0,0,0,76.1,34.6
1617,L11616,L,,307.2,1168.0,37.8,0.0,0,No Failure,0,0,0,0,0,218.9,99.5
1618,M11617,M,301.1,311.7,1239.0,39.8,3.0,0,No Failure,0,0,0,0,0,218.0,99.1
1619,H11618,H,297.6,309.4,1168.0,93.91,7.0,0,No Failure,0,0,0,0,0,215.4,97.9
1620,L11619,L,300.8,310.4,1370.0,42.2,13.0,0,No Failure,0,0,0,0,0,209.6,95.3
1621,L11620,L,298.3,306.3,1168.0,51.3,16.0,1,HDF (Heat Dissipation),0,1,0,0,0,2.8,84.6
1622,M11621,M,299.3,309.1,1168.0,34.5,18.0,0,No Failure,0,0,0,0,0,206.5,93.8
1623,H11622,H,296.5,306.8,1168.0,,22.0,0,No Failure,0,0,0,0,0,205.6,93.4
1624,L11623,L,297.9,308.1,1170.0,64.5,27.0,0,No Failure,0,0,0,0,0,197.7,89.9
1625,L11624,L,297.5,307.3,1168.0,39.6,29.0,0,No Failure,0,0,0,0,0,198.1,90.1
1626,M11625,M,299.4,310.9,1168.0,40.0,32.0,0,No Failure,0,0,0,0,0,198.9,90.4
1627,L11626,L,299.2,309.3,1169.0,27.4,36.0,1,PWF (Power Failure),0,0,1,0,0,0.7,84.5
1628,L11627,L,299.9,309.8,1363.0,32.9,38.0,0,No Failure,0,0,0,0,0,195.4,88.8
1629,L11628,L,298.1,307.3,1431.0,38.9,40.0,0,No Failure,0,0,0,0,0,192.4,87.5
1630,L11629,L,297.3,305.6,1168.0,45.3,42.0,1,HDF (Heat Dissipation),0,1,0,0,0,3.0,77.9
1631,L11630,L,299.3,309.6,1168.0,46.5,44.0,0,No Failure,0,0,0,0,0,188.4,85.6
1632,H11631,H,297.2,307.4,1168.0,43.3,46.0,0,No Failure,0,0,0,0,0,189.6,86.2
1633,M11632,M,301.0,309.9,1517.0,48.0,52.0,0,No Failure,0,0,0,0,0,183.4,83.4
1634,M11633,M,298.8,308.8,1307.0,30.0,56.0,0,No Failure,0,0,0,0,0,186.1,84.6
1635,H11634,H,298.4,308.3,1168.0,44.9,59.0,0,No Failure,0,0,0,0,0,179.5,81.6
1636,L11635,L,299.8,309.2,1486.0,40.1,64.0,0,No Failure,0,0,0,0,0,176.4,80.2
1637,L11636,L,298.9,308.1,1168.0,41.2,67.0,0,No Failure,0,0,0,0,0,165.2,75.1
1638,H11637,H,296.0,317.5,1242.0,36.4,70.0,0,No Failure,0,0,0,0,0,176.3,80.1
1639,L11638,L,297.1,306.9,1168.0,30.5,76.0,0,No Failure,0,0,0,0,0,168.5,76.6
1640,M11639,M,300.9,310.3,1559.0,27.8,79.0,0,No Failure,0,0,0,0,0,173.2,78.7
1641,M11640,M,299.2,308.3,1168.0,43.2,83.0,0,No Failure,0,0,0,0,0,153.9,69.9
1642,L11641,L,296.0,305.9,1168.0,45.0,86.0,0,No Failure,0,0,0,0,0,157.8,71.7
1643,L11642,L,299.6,310.5,1267.0,38.7,89.0,0,No Failure,0,0,0,0,0,160.2,72.8
1644,L11643,L,298.0,308.2,1168.0,39.9,92.0,0,No Failure,0,0,0,0,0,157.5,71.6
1645,L11644,L,297.4,307.2,1388.0,32.8,95.0,0,No Failure,0,0,0,0,0,159.0,72.3
1646,L11645,L,296.9,307.2,1210.0,45.0,97.0,0,No Failure,0,0,0,0,0,151.1,68.7
1647,L11646,L,300.8,312.2,1168.0,40.6,100.0,0,No Failure,0,0,0,0,0,151.6,68.9
1648,M11647,M,295.5,306.0,1168.0,36.3,102.0,0,No Failure,0,0,0,0,0,154.8,70.3
1649,H11648,H,297.5,307.8,1168.0,48.7,105.0,0,No Failure,0,0,0,0,0,147.8,67.2
1650,H11649,H,299.2,309.8,1168.0,46.5,111.0,0,No Failure,0,0,0,0,0,145.0,65.9
1651,L11650,L,301.8,311.6,1554.0,24.6,116.0,0,No Failure,0,0,0,0,0,151.8,69.0
1652,L11651,L,300.0,320.35,1263.0,40.5,119.0,0,No Failure,0,0,0,0,0,138.7,63.1
1653,L11652,L,297.5,307.0,1295.0,30.4,121.0,0,No Failure,0,0,0,0,0,141.3,64.2
1654,L11653,L,301.7,310.1,1191.0,41.4,124.0,1,HDF (Heat Dissipation),0,1,0,0,0,0.3,53.2
1655,H11654,H,296.5,306.8,1679.0,8.5,127.0,1,PWF (Power Failure),0,0,1,0,0,7.0,62.1
1656,L11655,L,299.5,309.8,1168.0,42.0,133.0,0,No Failure,0,0,0,0,0,128.0,58.2
1657,L11656,L,299.9,309.6,1168.0,47.1,136.0,0,No Failure,0,0,0,0,0,118.4,53.8
1658,H11657,H,297.4,308.4,1249.0,38.9,139.0,0,No Failure,0,0,0,0,0,131.4,59.7
1659,L11658,L,300.2,309.5,1392.0,28.4,144.0,0,No Failure,0,0,0,0,0,130.3,59.2
1660,L11659,L,298.0,306.2,1168.0,59.6,147.0,1,HDF (Heat Dissipation),0,1,0,0,0,5.8,37.7
1661,L11660,L,300.2,309.5,1168.0,51.6,150.0,0,No Failure,0,0,0,0,0,99.9,45.4
1662,M11661,M,295.7,304.2,1303.0,34.7,152.0,1,HDF (Heat Dissipation),0,1,0,0,0,5.0,52.0
1663,M11662,M,299.6,309.9,1221.0,37.4,155.0,0,No Failure,0,0,0,0,0,119.9,54.5
1664,L11663,L,298.2,307.4,1349.0,20.2,158.0,1,PWF (Power Failure),0,0,1,0,0,0.4,48.1
1665,H11664,H,301.0,312.0,1653.32,44.7,160.0,0,No Failure,0,0,0,0,0,113.3,51.5
1666,H11665,H,298.9,309.9,1402.0,26.3,166.0,0,No Failure,0,0,0,0,0,124.8,56.7
1667,H11666,H,301.2,310.3,1168.0,46.7,171.0,0,No Failure,0,0,0,0,0,94.3,42.9
1668,L11667,L,299.9,309.1,1168.0,50.3,176.0,0,No Failure,0,0,0,0,0,80.6,36.7
1669,L11668,L,298.7,309.2,1168.0,39.3,178.0,0,No Failure,0,0,0,0,0,99.7,45.3
1670,H11669,H,300.4,311.4,1347.0,29.4,181.0,0,No Failure,0,0,0,0,0,113.3,51.5
1671,L11670,L,300.4,308.4,1168.0,52.5,186.0,1,HDF (Heat Dissipation),0,1,0,0,0,2.6,26.2
1672,M11671,M,299.8,310.1,1168.0,40.0,189.0,0,No Failure,0,0,0,0,0,95.3,43.3
1673,M11672,M,294.8,302.6,1168.0,40.9,193.0,1,HDF (Heat Dissipation),0,1,0,0,0,3.4,30.7
1674,L11673,L,297.2,306.7,1206.0,30.7,197.0,0,No Failure,0,0,0,0,0,91.7,41.7
1675,M11674,M,290.57,312.5,1184.0,41.9,200.0,0,No Failure,0,0,0,0,0,85.9,39.1
1676,H11675,H,296.7,309.7,1194.0,38.0,204.0,0,No Failure,0,0,0,0,0,90.9,41.3
1677,M11676,M,300.5,310.3,1316.0,26.7,209.0,0,No Failure,0,0,0,0,0,92.9,42.2
1678,L11677,L,300.2,309.0,1168.0,53.4,213.0,1,OSF (Overstrain Failure),0,0,0,1,0,2.3,20.4
1679,H11678,H,297.6,307.1,1244.0,57.6,216.0,1,TWF (Tool Wear Failure),1,0,0,0,0,5.9,26.0
1680,M11679,M,295.4,305.5,1182.0,50.2,222.0,1,TWF (Tool Wear Failure),1,0,0,0,0,7.0,27.7
1681,M11680,M,297.9,307.2,1168.0,48.7,0.0,0,No Failure,0,0,0,0,0,212.3,96.5
1682,H11681,H,302.7,311.8,1177.0,57.7,3.0,0,No Failure,0,0,0,0,0,207.9,94.5
1683,M11682,M,297.4,307.0,1422.0,29.5,8.0,0,No Failure,0,0,0,0,0,214.7,97.6
1684,L11683,L,297.5,307.9,1383.0,29.4,12.0,0,No Failure,0,0,0,0,0,212.6,96.6
1685,L11684,L,297.1,306.9,1168.0,35.9,14.0,0,No Failure,0,0,0,0,0,208.6,94.8
1686,L11685,L,301.1,310.2,1209.0,43.0,16.0,0,No Failure,0,0,0,0,0,199.3,90.6
1687,M11686,M,298.5,307.8,1363.0,37.1,19.0,0,No Failure,0,0,0,0,0,205.1,93.2
1688,M11687,M,297.8,307.4,1205.0,29.8,23.0,0,No Failure,0,0,0,0,0,200.7,91.2
1689,M11688,M,301.5,310.5,1553.0,40.1,26.0,0,No Failure,0,0,0,0,0,202.8,92.2
1690,L11689,L,300.0,309.3,1168.0,39.1,29.0,0,No Failure,0,0,0,0,0,192.7,87.6
1691,M11690,M,297.3,307.9,1168.0,48.4,32.0,0,No Failure,0,0,0,0,0,197.4,89.7
1692,H11691,H,296.7,306.5,1276.0,40.4,36.0,0,No Failure,0,0,0,0,0,195.2,88.7
1693,L11692,L,301.0,309.2,1519.0,21.0,42.0,1,PWF (Power Failure),0,0,1,0,0,0.7,83.5
1694,M11693,M,299.0,310.0,1168.0,43.9,44.0,0,No Failure,0,0,0,0,0,190.0,86.4
1695,M11694,M,296.1,306.5,1168.0,55.8,47.0,0,No Failure,0,0,0,0,0,184.9,84.0
1696,M11695,M,295.7,304.3,1168.0,40.3,51.0,0,No Failure,0,0,0,0,0,170.9,77.7
1697,L11696,L,296.9,306.5,,49.9,55.0,0,No Failure,0,0,0,0,0,174.9,79.5
1698,M11697,M,296.7,305.9,1168.0,34.9,57.0,0,No Failure,0,0,0,0,0,175.2,79.6
1699,H11698,H,295.2,305.9,1303.0,45.7,330.49,0,No Failure,0,0,0,0,0,179.7,81.7
1700,M11699,M,296.9,306.5,1210.0,32.6,66.0,0,No Failure,0,0,0,0,0,174.9,79.5
1701,H11700,H,297.3,307.2,1230.0,37.5,69.0,0,No Failure,0,0,0,0,0,175.5,79.8
1702,H11701,H,298.1,307.9,1296.0,37.6,75.0,0,No Failure,0,0,0,0,0,171.3,77.9
1703,L11702,L,302.0,310.5,1530.0,44.8,80.0,0,No Failure,0,0,0,0,0,163.3,74.2
1704,M11703,M,298.4,309.8,1457.0,31.8,83.0,0,No Failure,0,0,0,0,0,169.0,76.8
1705,L11704,L,298.6,309.3,1168.0,25.4,86.0,1,PWF (Power Failure),0,0,1,0,0,2.7,68.2
1706,H11705,H,299.8,309.1,1412.0,44.7,88.0,0,No Failure,0,0,0,0,0,160.1,72.8
1707,L11706,L,298.5,308.7,1168.0,44.3,93.0,0,No Failure,0,0,0,0,0,154.4,70.2
1708,L11707,L,299.6,310.6,1168.0,41.1,95.0,0,No Failure,0,0,0,0,0,154.8,70.4
1709,H11708,H,299.4,309.5,1168.0,49.3,98.0,0,No Failure,0,0,0,0,0,152.4,69.3
1710,L11709,L,299.1,310.7,1168.0,38.0,103.0,0,No Failure,0,0,0,0,0,151.2,68.7
1711,M11710,M,303.9,316.8,1212.0,42.8,105.0,0,No Failure,0,0,0,0,0,149.1,67.8
1712,L11711,L,300.5,310.4,1217.0,36.5,109.0,0,No Failure,0,0,0,0,0,147.1,66.9
1713,H11712,H,297.0,306.4,1412.0,37.4,112.0,0,No Failure,0,0,0,0,0,148.5,67.5
1714,H11713,H,299.6,308.6,1168.0,43.4,118.0,0,No Failure,0,0,0,0,0,131.1,59.6
1715,L11714,L,297.5,305.3,1168.0,62.7,123.0,1,HDF (Heat Dissipation),0,1,0,0,0,1.0,43.4
1716,M11715,M,299.7,310.9,1300.0,47.4,126.0,0,No Failure,0,0,0,0,0,131.7,59.9
1717,L11716,L,296.4,306.0,1207.0,45.5,130.0,0,No Failure,0,0,0,0,0,123.0,55.9
1718,M11717,M,296.9,307.8,1168.0,47.7,132.0,0,No Failure,0,0,0,0,0,127.3,57.9
1719,M11718,M,299.5,310.6,1463.0,16.5,136.0,1,PWF (Power Failure),0,0,1,0,0,2.8,57.2
1720,H11719,H,300.7,309.6,1363.0,43.2,140.0,0,No Failure,0,0,0,0,0,123.5,56.1
1721,L11720,L,299.8,308.9,1168.0,49.1,146.0,0,No Failure,0,0,0,0,0,102.8,46.7
1722,L11721,L,300.4,312.1,1168.0,40.8,149.0,0,No Failure,0,0,0,0,0,118.0,53.6
1723,M11722,M,299.6,309.5,,39.6,151.0,0,No Failure,0,0,0,0,0,119.6,54.4
1724,M11723,M,299.2,308.5,1255.0,30.6,154.0,0,No Failure,0,0,0,0,0,120.3,54.7
1725,L11724,L,298.0,307.0,1399.0,35.7,158.0,0,No Failure,0,0,0,0,0,114.4,52.0
1726,L11725,L,300.3,310.2,1183.0,31.7,160.0,0,No Failure,0,0,0,0,0,118.1,53.7
1727,L11726,L,300.7,312.2,1168.0,50.0,163.0,0,No Failure,0,0,0,0,0,99.4,45.2
1728,H11727,H,298.8,309.5,1168.0,55.0,165.0,0,No Failure,0,0,0,0,0,101.3,46.1
1729,L11728,L,298.7,308.9,1168.0,59.4,170.0,0,No Failure,0,0,0,0,0,84.6,38.5
1730,L11729,L,301.7,313.3,1261.0,31.5,172.0,0,No Failure,0,0,0,0,0,111.8,50.8
1731,H11730,H,298.8,310.2,1168.0,33.3,174.0,0,No Failure,0,0,0,0,0,114.0,51.8
1732,L11731,L,299.0,309.3,1179.0,32.5,179.0,0,No Failure,0,0,0,0,0,106.3,48.3
1733,M11732,M,299.7,312.5,1168.0,29.8,182.0,0,No Failure,0,0,0,0,0,105.8,48.1
1734,L11733,L,298.7,308.5,1742.28,30.0,186.0,0,No Failure,0,0,0,0,0,102.6,46.6
1735,H11734,H,297.4,308.5,1388.0,34.8,189.0,0,No Failure,0,0,0,0,0,103.4,47.0
1736,M11735,M,299.6,309.2,1168.0,48.7,195.0,0,No Failure,0,0,0,0,0,77.6,35.3
1737,H11736,H,298.8,309.7,1316.0,32.8,198.0,0,No Failure,0,0,0,0,0,99.9,45.4
1738,L11737,L,302.2,312.0,1323.0,50.5,204.0,0,No Failure,0,0,0,0,0,67.3,30.6
1739,M11738,M,300.3,310.8,1214.0,53.7,206.0,0,No Failure,0,0,0,0,0,68.5,31.1
1740,M11739,M,297.8,310.2,1168.0,42.9,,1,TWF (Tool Wear Failure),1,0,0,0,0,2.2,35.8
1741,L11740,L,300.2,311.2,1244.0,52.3,212.0,1,OSF (Overstrain Failure),1,0,0,1,0,2.1,27.4
1742,L11741,L,299.4,,1367.0,26.4,215.0,0,No Failure,0,0,0,0,0,90.8,41.3
1743,L11742,L,301.2,310.4,1351.0,34.4,217.0,0,No Failure,0,0,0,0,0,76.2,34.7
1744,H11743,H,297.9,308.1,1178.0,41.9,0.0,0,No Failure,0,0,0,0,0,220.0,100.0
1745,M11744,M,299.2,308.2,1168.0,42.2,5.0,0,No Failure,0,0,0,0,0,205.6,93.5
1746,M11745,M,298.7,309.6,1748.86,54.3,8.0,0,No Failure,0,0,0,0,0,214.1,97.3
1747,M11746,M,299.0,309.9,1543.0,30.0,11.0,0,No Failure,0,0,0,0,0,213.3,97.0
1748,M11747,M,297.3,307.1,1168.0,34.6,14.0,0,No Failure,0,0,0,0,0,209.0,95.0
1749,L11748,L,299.9,311.6,1192.0,39.2,17.0,0,No Failure,0,0,0,0,0,208.5,94.8
1750,L11749,L,299.6,311.1,1303.0,34.8,19.0,0,No Failure,0,0,0,0,0,207.7,94.4
1751,M11750,M,301.2,311.3,1168.0,29.6,22.0,0,No Failure,0,0,0,0,0,201.8,91.7
1752,L11751,L,298.8,309.4,1168.0,35.2,26.0,0,No Failure,0,0,0,0,0,203.1,92.3
1753,H11752,H,298.1,307.5,1287.0,37.5,29.0,0,No Failure,0,0,0,0,0,197.4,89.7
1754,H11753,H,300.3,310.0,1168.0,54.5,34.0,0,No Failure,0,0,0,0,0,192.3,87.4
1755,L11754,L,297.4,306.3,1333.0,29.8,-309.95,0,No Failure,0,0,0,0,0,190.2,86.5
1756,M11755,M,300.8,310.3,1168.0,48.2,42.0,0,No Failure,0,0,0,0,0,184.9,84.0
1757,L11756,L,300.8,310.7,1168.0,52.7,46.0,0,No Failure,0,0,0,0,0,184.1,83.7
1758,H11757,H,301.1,309.4,1168.0,34.9,48.0,1,HDF (Heat Dissipation),0,1,0,0,0,2.4,78.0
1759,H11758,H,299.5,310.1,1254.0,42.6,53.0,0,No Failure,0,0,0,0,0,185.2,84.2
1760,H11759,H,298.0,309.0,1238.0,45.8,59.0,0,No Failure,0,0,0,0,0,180.3,82.0
1761,L11760,L,299.0,309.0,1168.0,44.1,65.0,0,No Failure,0,0,0,0,0,174.2,79.2
1762,L11761,L,299.5,306.8,1168.0,40.8,67.0,1,HDF (Heat Dissipation),0,1,0,0,0,3.0,65.6
1763,L11762,L,297.8,307.5,1168.0,33.2,69.0,0,No Failure,0,0,0,0,0,172.6,78.5
1764,L11763,L,301.2,309.8,1195.0,46.6,72.0,0,No Failure,0,0,0,0,0,152.8,69.4
1765,L11764,L,299.9,309.3,1174.0,36.3,74.0,0,No Failure,0,0,0,0,0,164.7,74.9
1766,L11765,L,297.2,308.7,1216.0,40.3,77.0,0,No Failure,0,0,0,0,0,167.5,76.1
1767,H11766,H,302.2,309.8,1205.0,41.8,79.0,1,HDF (Heat Dissipation),0,1,0,0,0,5.5,64.8
1768,L11767,L,299.0,308.2,1168.0,48.6,84.0,0,No Failure,0,0,0,0,0,149.7,68.1
1769,L11768,L,287.73,307.7,1168.0,59.3,87.0,0,No Failure,0,0,0,0,0,150.8,68.5
1770,H11769,H,297.3,306.6,1326.0,32.6,90.0,0,No Failure,0,0,0,0,0,161.7,73.5
1771,M11770,M,301.5,310.7,1168.0,40.5,96.0,0,No Failure,0,0,0,0,0,147.6,67.1
1772,M11771,M,302.1,314.1,1364.0,25.2,100.0,0,No Failure,0,0,0,0,0,156.6,71.2
1773,M11772,M,300.7,311.1,1168.0,54.8,104.0,0,No Failure,0,0,0,0,0,142.9,65.0
1774,H11773,H,301.2,312.1,1168.0,40.4,108.0,0,No Failure,0,0,0,0,0,150.3,68.3
1775,M11774,M,301.0,311.5,1177.0,37.0,113.0,0,No Failure,0,0,0,0,0,147.3,66.9
1776,M11775,M,299.8,310.0,1168.0,40.5,117.0,0,No Failure,0,0,0,0,0,142.5,64.8
1777,M11776,M,309.37,310.7,1168.0,41.0,121.0,0,No Failure,0,0,0,0,0,139.5,63.4
1778,L11777,L,299.8,311.7,1168.0,32.7,125.0,0,No Failure,0,0,0,0,0,140.5,63.9
1779,L11778,L,300.2,308.5,1168.0,51.9,127.0,1,HDF (Heat Dissipation),0,1,0,0,0,1.1,48.1
1780,L11779,L,297.5,307.5,1168.0,46.4,130.0,0,No Failure,0,0,0,0,0,126.6,57.5
1781,L11780,L,300.2,310.2,1168.0,47.8,133.0,0,No Failure,0,0,0,0,0,123.3,56.1
1782,M11781,M,301.5,311.1,,33.2,135.0,0,No Failure,0,0,0,0,0,132.8,60.4
1783,L11782,L,298.5,309.5,1275.0,32.7,139.0,0,No Failure,0,0,0,0,0,131.6,59.8
1784,L11783,L,298.3,308.6,1318.0,38.9,141.0,0,No Failure,0,0,0,0,0,125.1,56.8
1785,L11784,L,299.7,311.6,1509.0,48.0,144.0,0,No Failure,0,0,0,0,0,115.2,52.3
1786,H11785,H,287.17,308.8,1181.0,45.0,147.0,1,RNF (Random Failure),0,0,0,0,1,3.2,55.3
1787,L11786,L,296.5,307.9,1328.0,32.2,153.0,0,No Failure,0,0,0,0,0,123.1,56.0
1788,M11787,M,300.9,309.7,1168.0,46.7,156.0,0,No Failure,0,0,0,0,0,98.1,44.6
1789,H11788,H,298.0,307.2,,30.3,160.0,0,No Failure,0,0,0,0,0,122.0,55.4
1790,L11789,L,298.9,308.2,1168.0,33.4,166.0,0,No Failure,0,0,0,0,0,106.0,48.2
1791,M11790,M,297.7,309.0,1168.0,41.6,168.0,0,No Failure,0,0,0,0,0,107.6,48.9
1792,L11791,L,301.1,310.1,1168.0,28.3,172.0,1,PWF (Power Failure),0,0,1,0,0,7.1,43.1
1793,L11792,L,300.4,309.5,1223.0,30.4,175.0,0,No Failure,0,0,0,0,0,102.1,46.4
1794,M11793,M,298.4,307.3,1258.0,55.5,177.0,0,No Failure,0,0,0,0,0,78.8,35.8
1795,H11794,H,296.7,309.5,1185.0,53.7,180.0,0,No Failure,0,0,0,0,0,91.7,41.7
1796,L11795,L,298.2,308.1,1168.0,62.9,186.0,1,OSF (Overstrain Failure),0,0,0,1,0,8.0,30.4
1797,M11796,M,299.8,310.3,1212.0,44.5,189.0,0,No Failure,0,0,0,0,0,90.6,41.2
1798,L11797,L,299.2,308.1,1197.0,46.4,,0,No Failure,0,0,0,0,0,70.0,31.8
1799,M11798,M,299.0,310.0,1168.0,38.5,195.0,0,No Failure,0,0,0,0,0,92.9,42.2
1800,M11799,M,299.2,307.4,1269.0,36.5,198.0,1,HDF (Heat Dissipation),0,1,0,0,0,6.2,35.8
1801,M11800,M,300.2,309.2,1207.0,48.7,202.0,0,No Failure,0,0,0,0,0,66.3,30.1
1802,M11801,M,298.7,308.0,1362.0,53.6,205.0,0,No Failure,0,0,0,0,0,66.7,30.3
1803,L11802,L,299.6,309.8,1665.98,47.9,209.0,0,No Failure,0,0,0,0,0,68.0,30.9
1804,M11803,M,297.0,306.2,1444.0,31.6,211.0,1,TWF (Tool Wear Failure),1,0,0,0,0,0.9,41.0
1805,M11804,M,303.4,314.9,1168.0,43.9,214.0,0,No Failure,0,0,0,0,0,74.2,33.7
1806,M11805,M,298.3,308.8,1519.0,32.3,217.0,1,TWF (Tool Wear Failure),1,0,0,0,0,4.2,39.1
1807,L11806,L,299.2,308.5,584.54,36.8,0.0,0,No Failure,0,0,0,0,0,212.3,96.5
1808,L11807,L,299.8,310.8,1168.0,56.4,2.0,0,No Failure,0,0,0,0,0,218.4,99.3
1809,L11808,L,298.1,307.7,1277.0,28.0,5.0,0,No Failure,0,0,0,0,0,212.4,96.5
1810,L11809,L,298.8,308.2,1263.0,61.7,8.0,0,No Failure,0,0,0,0,0,208.6,94.8
1811,L11810,L,298.8,309.7,1260.0,45.5,11.0,0,No Failure,0,0,0,0,0,212.2,96.4
1812,L11811,L,297.2,304.7,1168.0,35.3,13.0,1,HDF (Heat Dissipation),0,1,0,0,0,2.0,83.6
1813,M11812,M,299.6,310.3,1168.0,40.7,15.0,0,No Failure,0,0,0,0,0,210.0,95.5
1814,L11813,L,295.8,305.1,1510.0,33.2,19.0,0,No Failure,0,0,0,0,0,207.9,94.5
1815,H11814,H,302.0,311.3,1168.0,34.5,22.0,0,No Failure,0,0,0,0,0,198.8,90.3
1816,M11815,M,300.2,312.2,1250.0,40.7,27.0,0,No Failure,0,0,0,0,0,202.1,91.9
1817,M11816,M,300.0,309.5,1168.0,36.7,31.0,0,No Failure,0,0,0,0,0,194.6,88.5
1818,L11817,L,295.7,306.7,1244.0,30.7,34.0,0,No Failure,0,0,0,0,0,198.8,90.4
1819,L11818,L,297.4,307.7,1168.0,37.8,36.0,0,No Failure,0,0,0,0,0,196.0,89.1
1820,M11819,M,301.3,311.7,1433.0,26.9,39.0,0,No Failure,0,0,0,0,0,197.1,89.6
1821,H11820,H,306.3,326.48,1327.0,27.3,42.0,0,No Failure,0,0,0,0,0,193.9,88.1
1822,L11821,L,301.0,310.7,1444.0,27.2,47.0,0,No Failure,0,0,0,0,0,191.6,87.1
1823,M11822,M,300.7,312.2,1168.0,56.7,49.0,0,No Failure,0,0,0,0,0,183.2,83.3
1824,M11823,M,299.8,310.7,1225.0,44.1,52.0,0,No Failure,0,0,0,0,0,184.5,83.9
1825,M11824,M,297.3,306.8,1168.0,46.0,56.0,0,No Failure,0,0,0,0,0,175.7,79.9
1826,L11825,L,300.6,309.6,1168.0,40.1,60.0,0,No Failure,0,0,0,0,0,168.2,76.4
1827,M11826,M,296.8,306.2,1172.0,45.1,63.0,0,No Failure,0,0,0,0,0,170.1,77.3
1828,L11827,L,296.6,307.6,1291.0,51.8,67.0,0,No Failure,0,0,0,0,0,169.7,77.1
1829,H11828,H,296.5,307.7,1292.0,44.1,69.0,0,No Failure,0,0,0,0,0,174.2,79.2
1830,L11829,L,300.6,311.2,1168.0,56.4,75.0,0,No Failure,0,0,0,0,0,161.6,73.5
1831,L11830,L,298.7,307.1,1302.0,39.6,77.0,1,HDF (Heat Dissipation),0,1,0,0,0,1.1,71.5
1832,H11831,H,299.0,309.8,1221.0,46.0,79.0,0,No Failure,0,0,0,0,0,166.8,75.8
1833,L11832,L,298.8,310.1,1168.0,47.0,84.0,0,No Failure,0,0,0,0,0,159.4,72.4
1834,L11833,L,296.8,307.0,1168.0,30.7,86.0,0,No Failure,0,0,0,0,0,165.1,75.0
1835,L11834,L,297.6,309.6,1172.0,40.4,88.0,0,No Failure,0,0,0,0,0,159.9,72.7
1836,L11835,L,297.7,306.4,1317.0,21.6,90.0,1,PWF (Power Failure),0,0,1,0,0,2.6,63.2
1837,L11836,L,,307.0,1217.0,38.7,93.0,0,No Failure,0,0,0,0,0,157.5,71.6
1838,L11837,L,297.9,306.9,1168.0,37.2,96.0,0,No Failure,0,0,0,0,0,145.3,66.1
1839,M11838,M,296.9,308.0,1168.0,36.6,98.0,0,No Failure,0,0,0,0,0,157.2,71.4
1840,M11839,M,299.8,310.4,1168.0,35.9,102.0,0,No Failure,0,0,0,0,0,155.0,70.4
1841,L11840,L,300.0,311.8,1314.0,45.1,105.0,0,No Failure,0,0,0,0,0,145.4,66.1
1842,M11841,M,296.5,307.0,1168.0,31.1,107.0,0,No Failure,0,0,0,0,0,154.6,70.3
1843,L11842,L,298.3,307.9,1168.0,58.6,111.0,0,No Failure,0,0,0,0,0,127.7,58.1
1844,H11843,H,302.1,311.6,1168.0,45.7,113.0,0,No Failure,0,0,0,0,0,138.6,63.0
1845,L11844,L,297.0,306.7,1261.0,32.0,118.0,0,No Failure,0,0,0,0,0,142.9,65.0
1846,M11845,M,299.6,309.1,1168.0,46.5,120.0,0,No Failure,0,0,0,0,0,131.0,59.5
1847,L11846,L,299.0,310.3,1168.0,49.9,124.0,0,No Failure,0,0,0,0,0,128.3,58.3
1848,M11847,M,300.8,312.1,1179.0,43.7,127.0,0,No Failure,0,0,0,0,0,133.6,60.7
1849,L11848,L,299.3,307.8,1210.0,29.9,131.0,1,HDF (Heat Dissipation),0,1,0,0,0,5.0,55.8
1850,M11849,M,298.0,308.0,1168.0,62.4,133.0,0,No Failure,0,0,0,0,0,115.8,52.7
1851,L11850,L,298.9,309.0,1168.0,46.4,136.0,0,No Failure,0,0,0,0,0,122.3,55.6
1852,H11851,H,298.9,308.1,1532.0,27.5,138.0,0,No Failure,0,0,0,0,0,140.0,63.6
1853,M11852,M,298.6,309.0,1193.0,42.1,144.0,0,No Failure,0,0,0,0,0,123.3,56.0
1854,M11853,M,296.4,307.9,1168.0,37.8,148.0,0,No Failure,0,0,0,0,0,124.1,56.4
1855,H11854,H,301.0,311.9,1185.0,40.1,151.0,0,No Failure,0,0,0,0,0,122.8,55.8
1856,H11855,H,300.7,312.0,1208.0,28.1,156.0,0,No Failure,0,0,0,0,0,122.4,55.6
1857,L11856,L,296.9,306.2,1168.0,40.5,161.0,0,No Failure,0,0,0,0,0,102.3,46.5
1858,L11857,L,298.3,308.3,1382.0,31.7,164.0,0,No Failure,0,0,0,0,0,116.6,53.0
1859,L11858,L,298.4,307.6,1307.0,36.5,167.0,0,No Failure,0,0,0,0,0,104.9,47.7
1860,L11859,L,296.7,306.9,1168.0,43.9,169.0,0,No Failure,0,0,0,0,0,101.1,46.0
1861,M11860,M,295.4,305.7,1317.0,35.2,171.0,0,No Failure,0,0,0,0,0,111.7,50.8
1862,H11861,H,297.6,308.6,1279.0,37.1,174.0,0,No Failure,0,0,0,0,0,110.7,50.3
1863,H11862,H,298.2,309.5,1168.0,48.2,179.0,0,No Failure,0,0,0,0,0,97.4,44.3
1864,M11863,M,296.2,306.9,1364.0,31.1,184.0,0,No Failure,0,0,0,0,0,107.6,48.9
1865,M11864,M,299.1,308.2,1348.0,33.5,188.0,0,No Failure,0,0,0,0,0,98.6,44.8
1866,H11865,H,300.9,309.5,1451.0,27.5,192.0,0,No Failure,0,0,0,0,0,108.7,49.4
1867,H11866,H,300.3,310.8,1168.0,31.8,197.0,0,No Failure,0,0,0,0,0,101.5,46.1
1868,L11867,L,298.6,310.1,1179.0,41.3,203.0,0,No Failure,0,0,0,0,0,80.4,36.5
1869,M11868,M,295.5,305.5,1168.0,46.4,205.0,1,TWF (Tool Wear Failure),1,0,0,0,0,3.2,35.2
1870,H11869,H,300.1,308.6,1323.0,31.9,0.0,1,HDF (Heat Dissipation),0,1,0,0,0,4.7,96.2
1871,L11870,L,299.1,311.2,1168.0,46.1,5.0,0,No Failure,0,0,0,0,0,216.4,98.4
1872,L11871,L,299.6,310.1,1168.0,41.1,7.0,0,No Failure,0,0,0,0,0,215.2,97.8
1873,H11872,H,302.3,312.5,1238.0,26.2,10.0,1,PWF (Power Failure),0,0,1,0,0,5.7,92.4
1874,H11873,H,287.27,306.1,1168.0,41.7,16.0,0,No Failure,0,0,0,0,0,196.4,89.3
1875,H11874,H,293.6,303.6,1168.0,51.9,21.0,0,No Failure,0,0,0,0,0,205.2,93.3
1876,M11875,M,296.9,307.6,1471.0,21.1,27.0,1,PWF (Power Failure),0,0,1,0,0,1.7,86.3
1877,L11876,L,299.7,310.2,1168.0,60.1,30.0,0,No Failure,0,0,0,0,0,196.0,89.1
1878,L11877,L,298.8,308.1,1168.0,33.9,33.0,0,No Failure,0,0,0,0,0,191.1,86.8
1879,M11878,M,296.6,306.5,1168.0,23.5,,1,PWF (Power Failure),0,0,1,0,0,7.3,80.4
1880,M11879,M,296.2,305.6,1168.0,41.4,39.0,0,No Failure,0,0,0,0,0,187.4,85.2
1881,M11880,M,298.2,,1222.0,48.3,42.0,0,No Failure,0,0,0,0,0,190.4,86.5
1882,M11881,M,296.6,307.5,1180.0,37.2,45.0,0,No Failure,0,0,0,0,0,191.0,86.8
1883,L11882,L,299.7,309.2,,43.1,48.0,0,No Failure,0,0,0,0,0,181.0,82.3
1884,M11883,M,298.1,306.9,1194.0,61.2,51.0,0,No Failure,0,0,0,0,0,167.2,76.0
1885,L11884,L,297.7,308.0,1338.0,42.1,54.0,0,No Failure,0,0,0,0,0,182.6,83.0
1886,L11885,L,297.4,306.9,1168.0,69.8,57.0,0,No Failure,0,0,0,0,0,164.7,74.9
1887,L11886,L,299.3,308.9,1229.0,52.6,60.0,0,No Failure,0,0,0,0,0,170.8,77.6
1888,L11887,L,298.9,307.8,1168.0,40.5,62.0,0,No Failure,0,0,0,0,0,165.6,75.3
1889,H11888,H,299.2,308.2,1174.0,42.9,64.0,0,No Failure,0,0,0,0,0,166.9,75.9
1890,L11889,L,309.69,309.3,1269.0,92.88,69.0,0,No Failure,0,0,0,0,0,174.4,79.3
1891,L11890,L,298.7,308.4,1168.0,42.5,72.0,0,No Failure,0,0,0,0,0,166.7,75.8
1892,M11891,M,296.9,309.4,1277.0,45.6,75.0,0,No Failure,0,0,0,0,0,168.2,76.4
1893,M11892,M,297.5,308.1,1168.0,36.0,78.0,0,No Failure,0,0,0,0,0,170.2,77.4
1894,L11893,L,298.1,306.9,1194.0,26.2,81.0,1,PWF (Power Failure),0,0,1,0,0,5.7,65.5
1895,L11894,L,302.5,311.0,1168.0,53.2,83.0,1,HDF (Heat Dissipation),0,1,0,0,0,0.7,63.9
1896,L11895,L,296.4,306.8,1168.0,49.7,85.0,0,No Failure,0,0,0,0,0,157.3,71.5
1897,M11896,M,298.0,307.6,1358.0,25.8,87.0,0,No Failure,0,0,0,0,0,164.2,74.6
1898,L11897,L,299.0,310.3,1168.0,41.7,381.73,0,No Failure,0,0,0,0,0,157.2,71.5
1899,L11898,L,298.3,308.6,1168.0,50.3,94.0,0,No Failure,0,0,0,0,0,150.3,68.3
1900,L11899,L,300.7,308.7,1168.0,49.2,97.0,1,HDF (Heat Dissipation),0,1,0,0,0,4.7,57.6
1901,M11900,M,298.2,307.2,1408.0,33.1,99.0,0,No Failure,0,0,0,0,0,156.6,71.2
1902,L11901,L,298.4,307.7,1168.0,49.8,103.0,0,No Failure,0,0,0,0,0,136.2,61.9
1903,H11902,H,300.3,310.7,1168.0,40.2,105.0,0,No Failure,0,0,0,0,0,152.4,69.3
1904,L11903,L,302.1,311.0,1168.0,43.9,110.0,0,No Failure,0,0,0,0,0,130.5,59.3
1905,M11904,M,301.3,311.5,1357.0,30.8,113.0,0,No Failure,0,0,0,0,0,151.1,68.7
1906,L11905,L,298.6,307.3,1847.0,3.8,116.0,1,PWF (Power Failure),0,0,1,0,0,3.0,65.6
1907,L11906,L,298.7,308.7,1168.0,32.2,118.0,0,No Failure,0,0,0,0,0,145.3,66.0
1908,L11907,L,298.9,309.3,1372.0,45.4,121.0,0,No Failure,0,0,0,0,0,133.8,60.8
1909,H11908,H,299.1,310.6,1248.0,37.9,123.0,0,No Failure,0,0,0,0,0,142.2,64.6
1910,H11909,H,297.3,307.5,1168.0,46.5,128.0,0,No Failure,0,0,0,0,0,133.5,60.7
1911,L11910,L,,309.7,1168.0,51.1,134.0,0,No Failure,0,0,0,0,0,111.2,50.5
1912,L11911,L,299.2,310.7,1270.0,36.7,137.0,0,No Failure,0,0,0,0,0,129.6,58.9
1913,H11912,H,298.7,308.5,1254.0,35.7,139.0,0,No Failure,0,0,0,0,0,131.9,60.0
1914,M11913,M,296.5,307.3,1492.0,18.1,144.0,1,PWF (Power Failure),0,0,1,0,0,5.7,54.7
1915,L11914,L,298.9,308.3,1305.0,24.5,147.0,1,PWF (Power Failure),0,0,1,0,0,2.7,53.4
1916,L11915,L,295.4,305.5,1309.0,26.6,149.0,0,No Failure,0,0,0,0,0,126.4,57.5
1917,M11916,M,297.8,307.0,1168.0,45.6,152.0,0,No Failure,0,0,0,0,0,106.2,48.3
1918,M11917,M,297.8,308.1,1168.0,36.8,156.0,0,No Failure,0,0,0,0,0,119.8,54.4
1919,M11918,M,299.3,310.1,1168.0,34.7,160.0,0,No Failure,0,0,0,0,0,119.1,54.1
1920,H11919,H,302.2,311.7,1340.0,33.5,164.0,0,No Failure,0,0,0,0,0,117.5,53.4
1921,L11920,L,299.8,309.2,1301.0,32.2,169.0,0,No Failure,0,0,0,0,0,109.1,49.6
1922,L11921,L,301.4,311.8,1168.0,49.2,172.0,0,No Failure,0,0,0,0,0,93.5,42.5
1923,L11922,L,300.0,309.2,1168.0,40.9,175.0,0,No Failure,0,0,0,0,0,91.3,41.5
1924,L11923,L,300.8,309.3,1188.0,49.9,177.0,1,HDF (Heat Dissipation),0,1,0,0,0,0.1,33.0
1925,L11924,L,302.2,312.6,1265.0,18.1,179.0,1,PWF (Power Failure),0,0,1,0,0,0.4,45.4
1926,L11925,L,297.5,307.4,1185.0,45.3,182.0,0,No Failure,0,0,0,0,0,89.4,40.6
1927,L11926,L,297.4,307.3,1205.0,35.2,185.0,0,No Failure,0,0,0,0,0,98.5,44.8
1928,M11927,M,300.0,310.5,1168.0,37.2,188.0,0,No Failure,0,0,0,0,0,98.8,44.9
1929,L11928,L,298.8,309.5,1202.0,53.5,192.0,0,No Failure,0,0,0,0,0,73.9,33.6
1930,L11929,L,299.2,309.0,1168.0,36.1,194.0,0,No Failure,0,0,0,0,0,90.4,41.1
1931,M11930,M,298.4,307.3,1178.0,44.9,197.0,0,No Failure,0,0,0,0,0,72.6,33.0
1932,M11931,M,297.7,307.1,1310.0,29.8,201.0,0,No Failure,0,0,0,0,0,94.9,43.1
1933,M11932,M,301.7,312.3,1360.0,40.4,,0,No Failure,0,0,0,0,0,84.9,38.6
1934,H11933,H,296.8,306.9,1289.0,24.1,207.0,1,PWF (Power Failure),0,0,1,0,0,3.5,40.3
1935,M11934,M,300.0,309.5,1255.0,39.4,0.0,0,No Failure,0,0,0,0,0,215.7,98.0
1936,L11935,L,299.8,309.0,1219.0,43.9,3.0,0,No Failure,0,0,0,0,0,209.8,95.3
1937,L11936,L,296.0,306.6,1326.0,51.1,5.0,0,No Failure,0,0,0,0,0,216.3,98.3
1938,M11937,M,297.3,297.55,1246.0,31.8,8.0,0,No Failure,0,0,0,0,0,213.3,96.9
1939,L11938,L,297.6,308.4,1262.0,34.7,12.0,0,No Failure,0,0,0,0,0,212.2,96.5
1940,L11939,L,299.8,310.7,1172.0,33.6,14.0,0,No Failure,0,0,0,0,0,211.0,95.9
1941,L11940,L,298.2,307.9,1168.0,37.5,17.0,0,No Failure,0,0,0,0,0,205.4,93.4
1942,L11941,L,298.7,309.6,1236.0,30.4,20.0,0,No Failure,0,0,0,0,0,207.6,94.3
1943,L11942,L,296.2,306.3,1619.0,18.4,22.0,1,PWF (Power Failure),0,0,1,0,0,4.5,86.0
1944,L11943,L,303.0,313.3,1280.0,29.6,24.0,0,No Failure,0,0,0,0,0,205.2,93.3
1945,H11944,H,298.9,306.7,1393.0,39.5,26.0,0,No Failure,0,0,0,0,0,197.8,89.9
1946,H11945,H,299.7,308.7,1271.0,38.5,31.0,0,No Failure,0,0,0,0,0,192.4,87.5
1947,L11946,L,297.8,306.9,1191.0,45.5,36.0,0,No Failure,0,0,0,0,0,184.4,83.8
1948,H11947,H,297.6,307.3,1220.0,48.4,38.0,0,No Failure,0,0,0,0,0,190.9,86.8
1949,L11948,L,302.3,,1288.0,35.5,43.0,0,No Failure,0,0,0,0,0,191.9,87.2
1950,H11949,H,295.4,305.6,1265.0,24.1,46.0,1,PWF (Power Failure),0,0,1,0,0,6.4,80.6
1951,H11950,H,299.3,309.6,1179.0,44.0,51.0,0,No Failure,0,0,0,0,0,186.2,84.6
1952,L11951,L,296.6,305.9,1168.0,39.9,56.0,0,No Failure,0,0,0,0,0,174.3,79.2
1953,M11952,M,298.1,308.8,1328.0,37.4,59.0,0,No Failure,0,0,0,0,0,181.9,82.7
1954,H11953,H,297.7,309.5,1168.0,52.2,63.0,0,No Failure,0,0,0,0,0,175.6,79.8
1955,H11954,H,297.0,306.6,1168.0,44.5,69.0,0,No Failure,0,0,0,0,0,169.7,77.1
1956,H11955,H,298.9,308.2,1168.0,41.2,74.0,0,No Failure,0,0,0,0,0,164.3,74.7
1957,M11956,M,294.2,303.5,1372.0,41.6,79.0,0,No Failure,0,0,0,0,0,164.8,74.9
1958,L11957,L,298.3,308.4,1168.0,48.5,83.0,0,No Failure,0,0,0,0,0,159.3,72.4
1959,H11958,H,298.7,308.2,1308.0,33.1,86.0,0,No Failure,0,0,0,0,0,164.6,74.8
1960,M11959,M,296.4,304.7,1535.0,31.2,92.0,0,No Failure,0,0,0,0,0,163.7,74.4
1961,M11960,M,301.6,310.1,1380.0,37.7,95.0,0,No Failure,0,0,0,0,0,153.9,69.9
1962,L11961,L,297.8,308.8,1249.0,28.2,98.0,0,No Failure,0,0,0,0,0,157.2,71.5
1963,M11962,M,298.4,309.7,1168.0,39.5,101.0,0,No Failure,0,0,0,0,0,153.6,69.8
1964,L11963,L,297.8,309.4,1228.0,41.0,105.0,0,No Failure,0,0,0,0,0,148.0,67.3
1965,M11964,M,298.7,308.9,1176.0,39.3,108.0,0,No Failure,0,0,0,0,0,149.1,67.8
1966,L11965,L,301.2,310.2,1246.0,36.4,111.0,0,No Failure,0,0,0,0,0,137.9,62.7
1967,M11966,M,303.3,312.9,1168.0,56.5,113.0,0,No Failure,0,0,0,0,0,130.8,59.4
1968,H11967,H,300.2,308.7,1231.0,49.4,116.0,1,HDF (Heat Dissipation),0,1,0,0,0,2.7,57.0
1969,L11968,L,300.8,309.3,1261.0,39.0,122.0,1,HDF (Heat Dissipation),0,1,0,0,0,2.7,57.0
1970,M11969,M,301.9,312.2,1168.0,40.9,124.0,0,No Failure,0,0,0,0,0,137.5,62.5
1971,L11970,L,299.3,309.8,1168.0,53.8,127.0,0,No Failure,0,0,0,0,0,123.1,56.0
1972,H11971,H,301.7,313.7,1203.0,34.2,129.0,0,No Failure,0,0,0,0,0,140.8,64.0
1973,M11972,M,300.3,310.2,1284.0,30.3,135.0,0,No Failure,0,0,0,0,0,137.4,62.4
1974,L11973,L,299.1,307.7,1235.0,42.3,138.0,1,HDF (Heat Dissipation),0,1,0,0,0,8.0,50.5
1975,L11974,L,299.5,309.4,1188.0,44.1,140.0,0,No Failure,0,0,0,0,0,120.3,54.7
1976,L11975,L,295.6,305.3,1168.0,44.9,142.0,0,No Failure,0,0,0,0,0,116.0,52.7
1977,L11976,L,299.4,308.9,1168.0,48.3,-135.56,0,No Failure,0,0,0,0,0,108.7,49.4
1978,H11977,H,296.1,306.4,1168.0,32.7,147.0,0,No Failure,0,0,0,0,0,130.9,59.5
1979,M11978,M,295.9,304.7,1365.0,25.9,153.0,0,No Failure,0,0,0,0,0,123.7,56.2
1980,L11979,L,299.2,309.3,1210.0,34.2,157.0,0,No Failure,0,0,0,0,0,118.7,54.0
1981,H11980,H,296.8,307.5,1168.0,45.8,159.0,0,No Failure,0,0,0,0,0,113.1,51.4
1982,L11981,L,298.8,321.48,1334.0,30.8,165.0,0,No Failure,0,0,0,0,0,116.9,53.1
1983,H11982,H,299.1,309.4,1436.0,20.7,167.0,1,PWF (Power Failure),0,0,1,0,0,5.7,50.0
1984,L11983,L,299.2,310.2,1224.0,41.4,173.0,0,No Failure,0,0,0,0,0,100.9,45.9
1985,M11984,M,297.2,306.8,1168.0,34.3,176.0,0,No Failure,0,0,0,0,0,105.0,47.7
1986,H11985,H,300.5,310.2,1291.0,22.7,179.0,1,PWF (Power Failure),0,0,1,0,0,7.9,44.7
1987,L11986,L,298.7,310.0,1258.0,40.7,184.0,0,No Failure,0,0,0,0,0,94.1,42.8
1988,M11987,M,299.6,308.2,1399.0,36.1,187.0,0,No Failure,0,0,0,0,0,97.4,44.3
1989,H11988,H,296.7,306.3,1168.0,56.8,190.0,0,No Failure,0,0,0,0,0,77.2,35.1
1990,L11989,L,298.5,309.6,1258.0,40.9,196.0,0,No Failure,0,0,0,0,0,85.7,38.9
1991,L11990,L,300.8,310.6,1341.0,45.9,199.0,0,No Failure,0,0,0,0,0,76.7,34.9
1992,M11991,M,300.6,310.3,1168.0,39.8,202.0,0,No Failure,0,0,0,0,0,83.6,38.0
1993,L11992,L,297.4,307.1,1220.0,34.0,205.0,0,No Failure,0,0,0,0,0,84.9,38.6
1994,L11993,L,297.9,308.0,1177.0,35.1,207.0,0,No Failure,0,0,0,0,0,85.3,38.8
1995,L11994,L,297.1,308.2,1250.0,50.8,0.0,0,No Failure,0,0,0,0,0,220.0,100.0
1996,M11995,M,297.7,308.6,1168.0,47.5,3.0,0,No Failure,0,0,0,0,0,217.9,99.0
1997,L11996,L,296.3,306.3,1288.0,25.1,6.0,1,PWF (Power Failure),0,0,1,0,0,2.4,93.2
1998,L11997,L,298.6,309.7,1208.0,27.5,8.0,1,PWF (Power Failure),0,0,1,0,0,7.6,93.8
1999,H11998,H,300.0,310.3,1383.0,28.1,11.0,0,No Failure,0,0,0,0,0,213.6,97.1
2000,M11999,M,297.4,308.3,1288.0,50.6,16.0,0,No Failure,0,0,0,0,0,208.5,94.8
2001,H12000,H,298.7,307.7,1684.0,22.7,20.0,0,No Failure,0,0,0,0,0,208.9,95.0
2002,L12001,L,298.5,310.2,1263.0,47.9,26.0,0,No Failure,0,0,0,0,0,201.1,91.4
2003,H12002,H,300.8,311.0,1168.0,44.0,28.0,0,No Failure,0,0,0,0,0,201.4,91.6
2004,M12003,M,297.8,305.1,1168.0,41.5,33.0,1,HDF (Heat Dissipation),0,1,0,0,0,6.4,76.5
2005,L12004,L,297.8,309.5,1306.0,35.3,37.0,0,No Failure,0,0,0,0,0,195.9,89.0
2006,H12005,H,297.3,307.3,1192.0,51.9,40.0,0,No Failure,0,0,0,0,0,191.9,87.2
2007,L12006,L,296.8,306.4,1168.0,41.1,46.0,0,No Failure,0,0,0,0,0,184.0,83.6
2008,L12007,L,299.8,309.2,1226.0,25.6,48.0,1,PWF (Power Failure),0,0,1,0,0,6.8,77.9
2009,L12008,L,298.6,309.0,1168.0,27.9,50.0,1,PWF (Power Failure),0,0,1,0,0,4.2,81.4
2010,M12009,M,299.0,308.1,1168.0,23.6,,1,PWF (Power Failure),0,0,1,0,0,1.7,72.0
2011,L12010,L,301.2,310.6,1685.21,52.0,55.0,0,No Failure,0,0,0,0,0,172.0,78.2
2012,L12011,L,301.3,310.7,1168.0,54.2,57.0,0,No Failure,0,0,0,0,0,169.8,77.2
2013,L12012,L,295.9,305.6,1218.0,50.9,60.0,0,No Failure,0,0,0,0,0,172.2,78.3
2014,L12013,L,300.0,309.5,1216.0,38.6,62.0,0,No Failure,0,0,0,0,0,173.2,78.7
2015,L12014,L,299.3,310.2,1569.0,25.7,64.0,0,No Failure,0,0,0,0,0,182.0,82.7
2016,M12015,M,298.0,308.3,1213.0,29.5,66.0,0,No Failure,0,0,0,0,0,178.8,81.3
2017,L12016,L,299.5,309.9,1168.0,30.1,70.0,0,No Failure,0,0,0,0,0,173.3,78.8
2018,L12017,L,295.8,306.4,1168.0,39.5,72.0,0,No Failure,0,0,0,0,0,171.3,77.8
2019,M12018,M,301.5,311.4,1310.0,53.9,75.0,0,No Failure,0,0,0,0,0,164.2,74.6
2020,L12019,L,299.8,308.8,1168.0,53.8,79.0,0,No Failure,0,0,0,0,0,148.7,67.6
2021,M12020,M,297.3,309.1,1323.0,35.1,82.0,0,No Failure,0,0,0,0,0,168.1,76.4
2022,L12021,L,297.8,308.7,1384.0,17.6,85.0,1,PWF (Power Failure),0,0,1,0,0,2.2,68.9
2023,L12022,L,295.8,307.4,1330.0,28.3,88.0,0,No Failure,0,0,0,0,0,166.3,75.6
2024,L12023,L,298.3,309.3,1168.0,51.9,90.0,0,No Failure,0,0,0,0,0,152.4,69.3
2025,L12024,L,298.0,307.5,1168.0,42.3,92.0,0,No Failure,0,0,0,0,0,150.7,68.5
2026,L12025,L,296.5,304.2,1226.0,36.4,95.0,1,HDF (Heat Dissipation),0,1,0,0,0,7.5,61.3
2027,H12026,H,300.3,309.1,1243.0,35.7,98.0,0,No Failure,0,0,0,0,0,148.2,67.4
2028,L12027,L,301.2,311.8,1364.0,32.5,103.0,0,No Failure,0,0,0,0,0,154.6,70.3
2029,M12028,M,298.8,308.7,1541.0,28.0,106.0,0,No Failure,0,0,0,0,0,157.0,71.4
2030,M12029,M,298.3,307.9,1168.0,60.7,110.0,0,No Failure,0,0,0,0,0,130.5,59.3
2031,L12030,L,299.7,307.2,1168.0,57.2,114.0,1,HDF (Heat Dissipation),0,1,0,0,0,6.8,46.9
2032,M12031,M,298.9,308.9,1239.0,31.8,117.0,0,No Failure,0,0,0,0,0,148.1,67.3
2033,L12032,L,296.9,305.8,1343.0,22.5,120.0,1,PWF (Power Failure),0,0,1,0,0,6.9,58.3
2034,L12033,L,297.7,307.0,1168.0,41.7,122.0,0,No Failure,0,0,0,0,0,128.1,58.2
2035,L12034,L,298.4,309.3,1622.75,38.5,124.0,0,No Failure,0,0,0,0,0,136.8,62.2
2036,M12035,M,299.3,,1344.0,46.3,126.0,0,No Failure,0,0,0,0,0,127.8,58.1
2037,H12036,H,298.9,308.0,1168.0,48.5,130.0,0,No Failure,0,0,0,0,0,120.9,55.0
2038,L12037,L,299.3,309.5,1200.0,28.3,136.0,0,No Failure,0,0,0,0,0,130.4,59.3
2039,M12038,M,296.2,307.1,1168.0,52.8,138.0,0,No Failure,0,0,0,0,0,119.2,54.2
2040,M12039,M,300.1,309.7,1233.0,36.5,142.0,0,No Failure,0,0,0,0,0,125.2,56.9
2041,L12040,L,298.9,310.4,1168.0,46.1,145.0,0,No Failure,0,0,0,0,0,116.1,52.8
2042,M12041,M,303.5,312.2,1211.0,37.4,148.0,0,No Failure,0,0,0,0,0,110.8,50.3
2043,M12042,M,298.2,306.7,1168.0,49.2,151.0,1,HDF (Heat Dissipation),0,1,0,0,0,0.8,43.7
2044,H12043,H,299.5,308.0,1292.0,16.4,155.0,1,HDF (Heat Dissipation),0,1,1,0,0,5.3,48.4
2045,H12044,H,304.0,312.3,1168.0,47.4,161.0,1,HDF (Heat Dissipation),0,1,0,0,0,4.2,41.7
2046,L12045,L,299.3,309.6,1308.0,31.7,166.0,0,No Failure,0,0,0,0,0,115.4,52.4
2047,L12046,L,298.8,307.8,1168.0,40.7,168.0,0,No Failure,0,0,0,0,0,94.1,42.8
2048,M12047,M,297.1,305.7,1168.0,52.4,171.0,1,HDF (Heat Dissipation),0,1,0,0,0,1.3,36.4
2049,L12048,L,301.7,312.1,1309.0,32.0,174.0,0,No Failure,0,0,0,0,0,110.0,50.0
2050,L12049,L,296.8,,1190.0,30.4,176.0,0,No Failure,0,0,0,0,0,110.1,50.1
2051,H12050,H,299.7,310.8,1168.0,36.3,179.0,0,No Failure,0,0,0,0,0,108.3,49.2
2052,L12051,L,298.1,297.42,1168.0,35.6,185.0,0,No Failure,0,0,0,0,0,99.1,45.0
2053,L12052,L,298.6,307.7,1238.0,29.5,188.0,0,No Failure,0,0,0,0,0,95.6,43.5
2054,H12053,H,296.4,306.7,1190.0,41.1,191.0,0,No Failure,0,0,0,0,0,96.1,43.7
2055,L12054,L,301.3,311.8,1277.0,41.6,196.0,0,No Failure,0,0,0,0,0,84.8,38.6
2056,L12055,L,298.4,307.9,1168.0,44.6,199.0,0,No Failure,0,0,0,0,0,73.7,33.5
2057,H12056,H,296.7,,1387.0,31.8,201.0,0,No Failure,0,0,0,0,0,99.1,45.0
2058,L12057,L,301.2,309.9,1288.0,30.6,207.0,0,No Failure,0,0,0,0,0,81.6,37.1
2059,L12058,L,298.0,307.4,1168.0,38.8,210.0,0,No Failure,0,0,0,0,0,72.1,32.8
2060,L12059,L,299.5,309.9,1168.0,37.5,213.0,0,No Failure,0,0,0,0,0,78.4,35.6
2061,H12060,H,300.4,311.9,1665.97,37.7,216.0,0,No Failure,0,0,0,0,0,83.6,38.0
2062,L12061,L,299.8,311.0,1204.0,32.9,222.0,0,No Failure,0,0,0,0,0,78.5,35.7
2063,M12062,M,295.0,305.7,1219.0,43.3,225.0,1,TWF (Tool Wear Failure),1,0,0,0,0,5.3,30.6
2064,L12063,L,300.2,310.3,1256.0,30.6,228.0,1,TWF (Tool Wear Failure),1,0,0,0,0,6.3,35.4
2065,L12064,L,298.8,308.7,1197.0,38.8,0.0,0,No Failure,0,0,0,0,0,218.9,99.5
2066,H12065,H,298.3,306.9,1312.0,36.9,3.0,1,HDF (Heat Dissipation),0,1,0,0,0,2.6,95.3
2067,M12066,M,298.7,307.9,1172.0,39.7,9.0,0,No Failure,0,0,0,0,0,205.3,93.3
2068,H12067,H,296.0,305.2,1191.0,51.9,13.0,0,No Failure,0,0,0,0,0,202.1,91.8
2069,L12068,L,299.3,309.9,1557.0,26.9,18.0,0,No Failure,0,0,0,0,0,209.2,95.1
2070,M12069,M,296.5,307.4,1501.0,16.1,20.0,1,PWF (Power Failure),0,0,1,0,0,4.9,85.2
2071,H12070,H,298.4,297.68,1439.0,34.1,24.0,0,No Failure,0,0,0,0,0,205.3,93.3
2072,L12071,L,299.2,310.4,1168.0,28.5,30.0,1,PWF (Power Failure),0,0,1,0,0,5.3,87.7
2073,L12072,L,300.9,311.0,1698.0,9.9,32.0,1,PWF (Power Failure),0,0,1,0,0,0.7,82.7
2074,H12073,H,297.5,306.5,1168.0,57.5,34.0,0,No Failure,0,0,0,0,0,184.1,83.7
2075,L12074,L,301.6,311.6,1168.0,45.6,39.0,0,No Failure,0,0,0,0,0,192.2,87.3
2076,M12075,M,300.7,310.0,1168.0,98.25,41.0,0,No Failure,0,0,0,0,0,183.7,83.5
2077,H12076,H,298.2,308.9,1184.0,37.1,45.0,0,No Failure,0,0,0,0,0,191.7,87.1
2078,L12077,L,297.0,306.6,1238.0,44.2,50.0,0,No Failure,0,0,0,0,0,181.0,82.3
2079,L12078,L,296.4,306.3,,35.8,52.0,0,No Failure,0,0,0,0,0,185.3,84.2
2080,L12079,L,299.4,310.1,1168.0,48.1,54.0,0,No Failure,0,0,0,0,0,180.7,82.1
2081,L12080,L,297.6,306.9,1277.0,41.9,57.0,0,No Failure,0,0,0,0,0,175.3,79.7
2082,L12081,L,301.1,312.1,1255.0,39.6,60.0,0,No Failure,0,0,0,0,0,179.3,81.5
2083,M12082,M,297.7,318.83,1168.0,40.4,63.0,0,No Failure,0,0,0,0,0,164.0,74.5
2084,L12083,L,297.3,307.6,1168.0,54.7,67.0,0,No Failure,0,0,0,0,0,168.5,76.6
2085,M12084,M,299.4,309.3,1168.0,41.7,69.0,0,No Failure,0,0,0,0,0,172.7,78.5
2086,L12085,L,297.7,308.5,1168.0,29.7,73.0,0,No Failure,0,0,0,0,0,170.3,77.4
2087,L12086,L,299.0,307.6,1227.0,43.4,75.0,0,No Failure,0,0,0,0,0,153.7,69.9
2088,L12087,L,300.7,309.2,1168.0,44.9,77.0,1,HDF (Heat Dissipation),0,1,0,0,0,0.4,67.7
2089,M12088,M,299.2,310.0,1168.0,38.6,79.0,0,No Failure,0,0,0,0,0,168.5,76.6
2090,L12089,L,299.2,308.8,1168.0,39.5,83.0,0,No Failure,0,0,0,0,0,159.4,72.5
2091,L12090,L,299.3,309.2,1311.0,29.3,85.0,0,No Failure,0,0,0,0,0,167.0,75.9
2092,H12091,H,295.9,305.2,1168.0,41.0,87.0,0,No Failure,0,0,0,0,0,155.9,70.9
2093,M12092,M,299.7,310.6,1393.0,27.9,92.0,0,No Failure,0,0,0,0,0,165.4,75.2
2094,L12093,L,299.3,309.6,1206.0,37.5,96.0,0,No Failure,0,0,0,0,0,156.2,71.0
2095,H12094,H,300.6,310.8,1204.0,33.3,98.0,0,No Failure,0,0,0,0,0,160.3,72.9
2096,L12095,L,300.1,308.9,1168.0,49.8,103.0,0,No Failure,0,0,0,0,0,130.7,59.4
2097,L12096,L,298.6,309.1,1168.0,55.5,105.0,0,No Failure,0,0,0,0,0,138.8,63.1
2098,L12097,L,300.8,309.8,1210.0,28.6,107.0,0,No Failure,0,0,0,0,0,139.2,63.3
2099,L12098,L,298.5,307.8,1168.0,40.0,110.0,0,No Failure,0,0,0,0,0,137.5,62.5
2100,L12099,L,299.4,308.0,1168.0,36.9,112.0,0,No Failure,0,0,0,0,0,130.5,59.3
2101,M12100,M,298.4,308.2,1168.0,44.6,114.0,0,No Failure,0,0,0,0,0,139.7,63.5
2102,L12101,L,299.8,310.9,1192.0,41.0,118.0,0,No Failure,0,0,0,0,0,139.1,63.2
2103,H12102,H,298.3,308.5,1168.0,36.1,121.0,0,No Failure,0,0,0,0,0,144.6,65.7
2104,H12103,H,302.0,311.6,1168.0,40.9,127.0,0,No Failure,0,0,0,0,0,133.3,60.6
2105,M12104,M,302.6,312.7,1354.0,37.9,132.0,0,No Failure,0,0,0,0,0,134.4,61.1
2106,M12105,M,300.6,310.7,1168.0,55.9,135.0,0,No Failure,0,0,0,0,0,119.1,54.1
2107,M12106,M,301.8,311.9,1168.0,32.1,139.0,0,No Failure,0,0,0,0,0,134.3,61.0
2108,H12107,H,296.2,306.4,1179.0,42.6,142.0,0,No Failure,0,0,0,0,0,126.8,57.6
2109,L12108,L,296.4,305.4,1234.0,45.1,147.0,0,No Failure,0,0,0,0,0,106.0,48.2
2110,L12109,L,298.4,308.5,1177.0,44.4,150.0,0,No Failure,0,0,0,0,0,114.0,51.8
2111,M12110,M,299.1,307.3,1168.0,37.0,152.0,1,HDF (Heat Dissipation),0,1,0,0,0,2.2,46.5
2112,M12111,M,298.6,309.2,1168.0,53.7,156.0,0,No Failure,0,0,0,0,0,105.3,47.9
2113,L12112,L,296.1,305.0,1484.0,19.1,160.0,1,PWF (Power Failure),0,0,1,0,0,1.5,49.7
2114,M12113,M,301.1,312.3,1339.0,29.1,163.0,0,No Failure,0,0,0,0,0,122.2,55.5
2115,L12114,L,302.9,310.5,1168.0,46.6,167.0,1,HDF (Heat Dissipation),0,1,0,0,0,5.5,33.4
2116,H12115,H,301.3,313.0,1168.0,31.2,170.0,0,No Failure,0,0,0,0,0,118.3,53.8
2117,L12116,L,301.0,309.4,1171.0,30.6,176.0,1,HDF (Heat Dissipation),0,1,0,0,0,2.7,41.5
2118,L12117,L,299.4,308.2,1193.0,35.3,179.0,0,No Failure,0,0,0,0,0,90.1,41.0
2119,L12118,L,297.5,307.8,1359.0,32.1,181.0,0,No Failure,0,0,0,0,0,105.5,48.0
2120,L12119,L,299.1,309.7,,46.4,183.0,0,No Failure,0,0,0,0,0,88.5,40.2
2121,L12120,L,302.8,312.5,1495.0,49.0,186.0,0,No Failure,0,0,0,0,0,83.5,37.9
2122,L12121,L,298.4,309.3,1168.0,40.9,188.0,0,No Failure,0,0,0,0,0,91.1,41.4
2123,L12122,L,298.2,307.4,1168.0,50.5,190.0,0,No Failure,0,0,0,0,0,70.0,31.8
2124,L12123,L,301.0,310.6,899.9,26.1,193.0,0,No Failure,0,0,0,0,0,104.3,47.4
2125,L12124,L,301.1,310.8,1301.0,96.19,195.0,0,No Failure,0,0,0,0,0,84.5,38.4
2126,L12125,L,297.5,307.0,1168.0,53.5,198.0,0,No Failure,0,0,0,0,0,63.8,29.0
2127,L12126,L,298.6,306.7,1168.0,49.8,201.0,1,HDF (Heat Dissipation),0,1,0,0,0,1.0,23.0
2128,L12127,L,298.1,308.1,1168.0,54.4,203.0,1,OSF (Overstrain Failure),0,0,0,1,0,6.9,29.3
2129,L12128,L,299.2,309.1,1178.0,34.1,205.0,0,No Failure,0,0,0,0,0,86.8,39.4
2130,L12129,L,301.0,312.1,1168.0,49.2,208.0,0,No Failure,0,0,0,0,0,67.1,30.5
2131,L12130,L,297.6,306.3,,35.7,210.0,0,No Failure,0,0,0,0,0,73.6,33.4
2132,M12131,M,301.0,310.4,1168.0,46.0,212.0,0,No Failure,0,0,0,0,0,66.5,30.2
2133,H12132,H,299.2,310.4,1254.0,53.1,215.0,0,No Failure,0,0,0,0,0,67.4,30.7
2134,H12133,H,303.2,313.5,653.58,32.1,220.0,0,No Failure,0,0,0,0,0,87.3,39.7
2135,M12134,M,299.6,310.1,1421.0,21.4,0.0,1,PWF (Power Failure),0,0,1,0,0,1.7,92.3
2136,M12135,M,298.9,309.4,1285.0,58.5,3.0,0,No Failure,0,0,0,0,0,217.7,99.0
2137,L12136,L,300.1,310.6,1319.0,44.9,7.0,0,No Failure,0,0,0,0,0,215.0,97.7
2138,M12137,M,298.4,310.2,1288.0,38.9,10.0,0,No Failure,0,0,0,0,0,213.5,97.0
2139,M12138,M,295.8,305.9,1168.0,38.4,13.0,0,No Failure,0,0,0,0,0,211.5,96.2
2140,H12139,H,298.6,307.6,1370.0,19.0,16.0,1,PWF (Power Failure),0,0,1,0,0,0.2,84.5
2141,H12140,H,298.6,309.2,1232.0,42.1,21.0,0,No Failure,0,0,0,0,0,206.3,93.8
2142,L12141,L,296.2,,1168.0,34.7,27.0,0,No Failure,0,0,0,0,0,195.9,89.0
2143,M12142,M,298.9,308.8,1213.0,40.5,29.0,0,No Failure,0,0,0,0,0,199.7,90.8
2144,H12143,H,295.3,305.7,1238.0,40.3,33.0,0,No Failure,0,0,0,0,0,198.7,90.3
2145,L12144,L,298.4,307.6,1886.0,6.2,39.0,1,PWF (Power Failure),0,0,1,0,0,0.9,81.5
2146,H12145,H,299.5,309.0,1168.0,44.9,42.0,0,No Failure,0,0,0,0,0,186.4,84.7
2147,L12146,L,299.2,309.7,1245.0,41.9,48.0,0,No Failure,0,0,0,0,0,186.8,84.9
2148,H12147,H,298.3,307.8,1168.0,43.2,50.0,0,No Failure,0,0,0,0,0,181.5,82.5
2149,M12148,M,298.9,309.9,1209.0,38.2,55.0,0,No Failure,0,0,0,0,0,184.2,83.7
2150,L12149,L,297.7,306.7,1168.0,40.5,58.0,0,No Failure,0,0,0,0,0,169.4,77.0
2151,M12150,M,299.1,308.1,1442.0,41.7,61.0,0,No Failure,0,0,0,0,0,178.8,81.3
2152,L12151,L,299.2,311.1,1299.0,42.7,64.0,0,No Failure,0,0,0,0,0,175.4,79.7
2153,M12152,M,297.5,306.0,1363.0,44.8,67.0,1,HDF (Heat Dissipation),0,1,0,0,0,5.9,76.5
2154,M12153,M,299.6,309.6,1352.0,42.8,71.0,0,No Failure,0,0,0,0,0,172.0,78.2
2155,M12154,M,299.6,311.5,1168.0,58.5,75.0,0,No Failure,0,0,0,0,0,162.9,74.0
2156,H12155,H,298.8,308.8,1271.0,32.7,78.0,0,No Failure,0,0,0,0,0,172.7,78.5
2157,L12156,L,303.4,314.7,1168.0,36.3,83.0,0,No Failure,0,0,0,0,0,165.4,75.2
2158,L12157,L,298.8,309.5,1168.0,56.9,85.0,0,No Failure,0,0,0,0,0,153.6,69.8
2159,L12158,L,298.6,308.6,1168.0,38.5,87.0,0,No Failure,0,0,0,0,0,161.6,73.5
2160,L12159,L,298.3,308.2,1168.0,49.3,90.0,0,No Failure,0,0,0,0,0,152.7,69.4
2161,L12160,L,297.3,305.2,1168.0,41.4,92.0,1,HDF (Heat Dissipation),0,1,0,0,0,1.5,60.7
2162,L12161,L,300.3,310.0,1210.0,37.7,95.0,0,No Failure,0,0,0,0,0,153.5,69.8
2163,L12162,L,297.9,308.1,1168.0,49.9,98.0,0,No Failure,0,0,0,0,0,147.5,67.1
2164,L12163,L,298.1,308.3,1168.0,45.2,100.0,0,No Failure,0,0,0,0,0,148.9,67.7
2165,H12164,H,298.1,310.6,1356.0,24.7,103.0,0,No Failure,0,0,0,0,0,153.7,69.9
2166,L12165,L,297.3,307.6,1168.0,41.7,108.0,0,No Failure,0,0,0,0,0,145.5,66.1
2167,H12166,H,296.0,306.6,1168.0,30.0,111.0,0,No Failure,0,0,0,0,0,150.7,68.5
2168,L12167,L,298.3,309.5,1168.0,52.7,117.0,0,No Failure,0,0,0,0,0,131.5,59.8
2169,L12168,L,300.7,311.2,1188.0,57.5,120.0,0,No Failure,0,0,0,0,0,125.8,57.2
2170,M12169,M,299.5,309.4,1168.0,58.7,123.0,0,No Failure,0,0,0,0,0,125.1,56.8
2171,L12170,L,301.9,311.8,1168.0,43.6,126.0,0,No Failure,0,0,0,0,0,130.5,59.3
2172,L12171,L,300.5,310.1,1263.0,35.4,128.0,0,No Failure,0,0,0,0,0,133.2,60.5
2173,M12172,M,300.1,310.5,1168.0,43.2,131.0,0,No Failure,0,0,0,0,0,131.2,59.7
2174,L12173,L,302.5,312.3,1168.0,30.6,135.0,0,No Failure,0,0,0,0,0,132.0,60.0
2175,L12174,L,298.9,309.5,1168.0,63.5,138.0,0,No Failure,0,0,0,0,0,106.7,48.5
2176,M12175,M,299.2,308.2,1168.0,51.9,140.0,0,No Failure,0,0,0,0,0,107.4,48.8
2177,L12176,L,299.1,309.2,1168.0,43.0,144.0,0,No Failure,0,0,0,0,0,119.5,54.3
2178,H12177,H,301.9,313.5,1168.0,50.0,146.0,0,No Failure,0,0,0,0,0,118.7,54.0
2179,L12178,L,299.1,308.9,1392.0,35.1,152.0,0,No Failure,0,0,0,0,0,120.6,54.8
2180,H12179,H,298.0,309.8,1263.0,28.9,154.0,0,No Failure,0,0,0,0,0,129.6,58.9
2181,M12180,M,300.2,310.4,1564.0,17.9,160.0,1,PWF (Power Failure),0,0,1,0,0,5.6,50.8
2182,H12181,H,297.7,307.6,1168.0,40.8,164.0,0,No Failure,0,0,0,0,0,112.8,51.3
2183,H12182,H,300.1,310.2,1249.0,37.9,170.0,0,No Failure,0,0,0,0,0,112.5,51.1
2184,L12183,L,299.9,309.6,1219.0,,176.0,0,No Failure,0,0,0,0,0,91.8,41.7
2185,M12184,M,298.8,306.8,1168.0,40.1,178.0,1,HDF (Heat Dissipation),0,1,0,0,0,7.1,36.6
2186,L12185,L,300.2,311.1,1195.0,44.7,181.0,0,No Failure,0,0,0,0,0,91.8,41.7
2187,H12186,H,307.08,308.7,1189.0,48.1,184.0,0,No Failure,0,0,0,0,0,94.1,42.8
2188,M12187,M,299.4,309.9,1453.0,25.4,189.0,0,No Failure,0,0,0,0,0,110.4,50.2
2189,L12188,L,298.3,308.8,1225.0,48.7,193.0,0,No Failure,0,0,0,0,0,78.7,35.8
2190,H12189,H,304.3,314.1,1168.0,35.9,195.0,0,No Failure,0,0,0,0,0,96.5,43.8
2191,L12190,L,299.4,310.6,1169.0,45.2,200.0,0,No Failure,0,0,0,0,0,77.8,35.3
2192,M12191,M,298.1,308.1,1193.0,50.2,203.0,0,No Failure,0,0,0,0,0,74.6,33.9
2193,M12192,M,296.7,307.0,1176.0,50.3,206.0,0,No Failure,0,0,0,0,0,72.4,32.9
2194,L12193,L,301.5,309.9,1205.0,41.3,209.0,1,HDF (Heat Dissipation),1,1,0,0,0,3.5,26.8
2195,M12194,M,298.5,308.0,1374.0,41.8,212.0,1,TWF (Tool Wear Failure),1,0,0,0,0,2.4,34.7
2196,H12195,H,297.7,308.1,1168.0,48.9,216.0,0,No Failure,0,0,0,0,0,71.3,32.4
2197,L12196,L,299.8,310.7,1494.0,-19.75,221.0,0,No Failure,0,0,0,0,0,89.6,40.7
2198,M12197,M,300.3,311.2,1173.0,30.5,223.0,1,TWF (Tool Wear Failure),1,0,0,0,0,4.5,37.7
2199,L12198,L,300.3,308.7,1168.0,37.2,227.0,1,HDF (Heat Dissipation),0,1,0,0,0,0.4,23.6
2200,M12199,M,299.2,307.7,1382.0,26.7,0.0,0,No Failure,0,0,0,0,0,215.5,98.0
2201,L12200,L,299.5,310.1,1168.0,37.3,4.0,0,No Failure,0,0,0,0,0,217.3,98.8
2202,H12201,H,299.6,308.9,1168.0,36.7,7.0,0,No Failure,0,0,0,0,0,207.9,94.5
2203,H12202,H,299.8,310.7,1220.0,40.9,12.0,0,No Failure,0,0,0,0,0,212.2,96.5
2204,L12203,L,300.0,308.4,1168.0,39.4,17.0,1,HDF (Heat Dissipation),0,1,0,0,0,2.0,86.8
2205,L12204,L,301.2,311.1,1277.0,50.7,20.0,0,No Failure,0,0,0,0,0,204.4,92.9
2206,M12205,M,299.3,309.3,1338.0,103.13,22.0,0,No Failure,0,0,0,0,0,204.8,93.1
2207,M12206,M,297.7,295.56,1356.0,39.3,26.0,0,No Failure,0,0,0,0,0,202.9,92.2
2208,L12207,L,298.9,307.9,1250.0,36.7,30.0,0,No Failure,0,0,0,0,0,191.4,87.0
2209,L12208,L,300.6,308.6,1170.0,39.5,32.0,1,HDF (Heat Dissipation),0,1,0,0,0,0.9,80.2
2210,L12209,L,296.0,306.2,1168.0,39.7,34.0,0,No Failure,0,0,0,0,0,196.9,89.5
2211,H12210,H,296.0,306.5,1168.0,65.2,37.0,0,No Failure,0,0,0,0,0,191.5,87.0
2212,L12211,L,300.9,311.9,1173.0,25.4,43.0,1,PWF (Power Failure),0,0,1,0,0,2.6,79.9
2213,H12212,H,301.9,311.5,1244.0,30.7,45.0,0,No Failure,0,0,0,0,0,189.6,86.2
2214,L12213,L,296.9,307.7,1411.0,29.3,51.0,0,No Failure,0,0,0,0,0,188.6,85.7
2215,H12214,H,299.4,309.9,1168.0,42.7,53.0,0,No Failure,0,0,0,0,0,185.2,84.2
2216,L12215,L,298.5,309.8,887.86,42.3,58.0,0,No Failure,0,0,0,0,0,179.8,81.7
2217,L12216,L,298.7,308.6,721.58,34.3,60.0,0,No Failure,0,0,0,0,0,180.4,82.0
2218,H12217,H,299.8,308.1,1210.0,49.0,62.0,1,HDF (Heat Dissipation),0,1,0,0,0,5.9,72.4
2219,H12218,H,296.9,306.8,1170.0,43.7,67.0,0,No Failure,0,0,0,0,0,174.6,79.3
2220,L12219,L,297.2,307.3,1169.0,49.4,73.0,0,No Failure,0,0,0,0,0,166.2,75.6
2221,L12220,L,298.7,309.2,1168.0,52.0,75.0,0,No Failure,0,0,0,0,0,163.6,74.4
2222,L12221,L,299.0,307.5,1463.0,18.7,77.0,1,PWF (Power Failure),0,0,1,0,0,4.1,70.7
2223,L12222,L,297.2,306.9,1250.0,46.9,,0,No Failure,0,0,0,0,0,159.6,72.6
2224,L12223,L,300.7,311.6,1475.0,27.1,,0,No Failure,0,0,0,0,0,170.0,77.3
2225,H12224,H,298.5,308.4,1205.0,42.5,85.0,0,No Failure,0,0,0,0,0,163.2,74.2
2226,L12225,L,298.5,308.2,1168.0,39.3,91.0,0,No Failure,0,0,0,0,0,155.2,70.5
2227,M12226,M,290.77,311.6,1168.0,39.7,93.0,0,No Failure,0,0,0,0,0,158.8,72.2
2228,L12227,L,299.0,307.9,1505.0,28.0,97.0,0,No Failure,0,0,0,0,0,161.0,73.2
2229,L12228,L,300.8,312.0,1168.0,50.3,99.0,0,No Failure,0,0,0,0,0,146.6,66.6
2230,M12229,M,297.6,308.6,1168.0,27.1,101.0,1,PWF (Power Failure),0,0,1,0,0,2.9,66.9
2231,L12230,L,296.7,306.5,1168.0,47.5,104.0,0,No Failure,0,0,0,0,0,142.4,64.7
2232,M12231,M,298.7,308.7,1168.0,25.7,106.0,1,PWF (Power Failure),0,0,1,0,0,7.0,63.8
2233,L12232,L,299.4,309.4,1304.0,39.8,110.0,0,No Failure,0,0,0,0,0,145.3,66.1
2234,H12233,H,297.0,307.2,1204.0,58.0,113.0,0,No Failure,0,0,0,0,0,137.0,62.3
2235,M12234,M,296.8,306.2,1168.0,63.6,119.0,0,No Failure,0,0,0,0,0,119.4,54.3
2236,H12235,H,299.6,309.2,1574.0,23.8,122.0,0,No Failure,0,0,0,0,0,151.6,68.9
2237,L12236,L,297.9,307.5,1168.0,33.0,128.0,0,No Failure,0,0,0,0,0,133.9,60.9
2238,L12237,L,296.6,306.3,1168.0,34.8,130.0,0,No Failure,0,0,0,0,0,132.4,60.2
2239,L12238,L,301.0,310.7,1288.0,62.6,410.34,0,No Failure,0,0,0,0,0,109.4,49.7
2240,M12239,M,298.1,305.9,1168.0,39.3,135.0,1,HDF (Heat Dissipation),0,1,0,0,0,3.2,48.7
2241,L12240,L,301.3,311.4,1196.0,50.7,139.0,0,No Failure,0,0,0,0,0,116.6,53.0
2242,L12241,L,299.3,308.8,1338.0,43.0,141.0,0,No Failure,0,0,0,0,0,119.1,54.1
2243,L12242,L,299.8,307.9,1168.0,28.0,144.0,1,HDF (Heat Dissipation),0,1,1,0,0,5.3,46.0
2244,L12243,L,298.9,308.5,1333.0,21.4,146.0,1,PWF (Power Failure),0,0,1,0,0,5.0,51.3
2245,L12244,L,294.5,304.1,1255.0,33.9,149.0,0,No Failure,0,0,0,0,0,120.7,54.9
2246,L12245,L,297.2,308.5,1168.0,63.2,151.0,0,No Failure,0,0,0,0,0,96.3,43.8
2247,L12246,L,299.1,308.6,1168.0,,153.0,0,No Failure,0,0,0,0,0,108.1,49.1
2248,M12247,M,299.9,310.6,1192.0,50.5,156.0,0,No Failure,0,0,0,0,0,108.0,49.1
2249,L12248,L,296.1,307.5,1274.0,25.8,160.0,1,PWF (Power Failure),0,0,1,0,0,2.4,52.3
2250,L12249,L,299.2,308.6,1168.0,36.7,162.0,0,No Failure,0,0,0,0,0,106.4,48.4
2251,M12250,M,297.3,307.3,1224.0,47.8,165.0,0,No Failure,0,0,0,0,0,104.0,47.3
2252,M12251,M,299.7,311.4,1320.0,29.1,169.0,0,No Failure,0,0,0,0,0,118.6,53.9
2253,L12252,L,299.3,309.5,1168.0,39.4,172.0,0,No Failure,0,0,0,0,0,103.7,47.1
2254,M12253,M,300.6,311.0,1182.0,31.2,174.0,0,No Failure,0,0,0,0,0,113.6,51.6
2255,H12254,H,301.2,310.8,1168.0,48.3,177.0,0,No Failure,0,0,0,0,0,94.3,42.9
2256,M12255,M,300.1,310.8,723.24,44.0,182.0,0,No Failure,0,0,0,0,0,95.9,43.6
2257,H12256,H,300.9,310.9,1661.65,46.8,185.0,0,No Failure,0,0,0,0,0,94.6,43.0
2258,M12257,M,289.18,306.9,1196.0,-1.99,191.0,1,HDF (Heat Dissipation),0,1,0,0,0,0.9,29.5
2259,L12258,L,304.4,314.0,1302.0,37.7,195.0,0,No Failure,0,0,0,0,0,87.5,39.8
2260,L12259,L,297.1,305.9,1181.0,50.0,197.0,0,No Failure,0,0,0,0,0,61.0,27.7
2261,M12260,M,298.4,308.5,1285.0,34.1,199.0,0,No Failure,0,0,0,0,0,95.1,43.2
2262,H12261,H,300.9,310.0,1189.0,46.3,202.0,0,No Failure,0,0,0,0,0,73.7,33.5
2263,L12262,L,300.7,311.2,1632.0,20.3,207.0,1,PWF (Power Failure),0,0,1,0,0,4.5,43.0
2264,L12263,L,300.2,310.2,1168.0,32.5,210.0,0,No Failure,0,0,0,0,0,86.6,39.4
2265,M12264,M,300.5,309.3,1168.0,63.2,212.0,1,OSF (Overstrain Failure),1,0,0,1,0,2.0,18.1
2266,L12265,L,295.6,305.1,1168.0,46.1,215.0,0,No Failure,0,0,0,0,0,60.4,27.5
2267,M12266,M,302.2,312.8,1242.0,46.1,0.0,0,No Failure,0,0,0,0,0,220.0,100.0
2268,M12267,M,299.0,310.1,1214.0,31.8,3.0,0,No Failure,0,0,0,0,0,218.2,99.2
2269,M12268,M,301.6,310.7,1352.0,-28.95,7.0,0,No Failure,0,0,0,0,0,211.9,96.3
2270,H12269,H,295.7,304.6,1183.0,37.4,11.0,0,No Failure,0,0,0,0,0,201.0,91.4
2271,M12270,M,299.8,311.8,1168.0,39.3,17.0,0,No Failure,0,0,0,0,0,208.8,94.9
2272,M12271,M,298.3,308.3,1396.0,59.1,20.0,0,No Failure,0,0,0,0,0,201.6,91.6
2273,M12272,M,300.4,310.5,1168.0,50.2,24.0,0,No Failure,0,0,0,0,0,202.8,92.2
2274,H12273,H,299.9,309.2,1168.0,41.1,27.0,0,No Failure,0,0,0,0,0,194.8,88.5
2275,H12274,H,300.0,310.2,1304.0,40.7,32.0,0,No Failure,0,0,0,0,0,199.3,90.6
2276,L12275,L,297.5,309.2,1168.0,47.6,37.0,0,No Failure,0,0,0,0,0,193.2,87.8
2277,M12276,M,299.3,309.6,1177.0,26.8,39.0,1,PWF (Power Failure),0,0,1,0,0,3.0,83.4
2278,L12277,L,299.0,310.1,1326.0,20.8,42.0,1,PWF (Power Failure),0,0,1,0,0,6.8,79.2
2279,H12278,H,300.3,310.3,1168.0,47.4,44.0,0,No Failure,0,0,0,0,0,190.1,86.4
2280,M12279,M,301.1,310.1,1168.0,40.7,49.0,0,No Failure,0,0,0,0,0,176.5,80.2
2281,L12280,L,299.6,308.9,1334.0,26.9,53.0,0,No Failure,0,0,0,0,0,183.4,83.4
2282,L12281,L,297.1,306.0,1442.0,19.1,56.0,1,PWF (Power Failure),0,0,1,0,0,4.5,75.7
2283,L12282,L,299.6,309.8,1168.0,48.9,59.0,0,No Failure,0,0,0,0,0,176.7,80.3
2284,M12283,M,304.1,315.3,1168.0,34.8,62.0,0,No Failure,0,0,0,0,0,180.9,82.2
2285,L12284,L,302.3,312.5,1168.0,44.0,65.0,0,No Failure,0,0,0,0,0,174.2,79.2
2286,L12285,L,294.0,303.7,1168.0,37.4,67.0,0,No Failure,0,0,0,0,0,172.2,78.3
2287,H12286,H,299.5,308.7,1168.0,39.7,70.0,0,No Failure,0,0,0,0,0,166.3,75.6
2288,M12287,M,301.1,311.5,1248.0,34.1,75.0,0,No Failure,0,0,0,0,0,172.9,78.6
2289,L12288,L,299.1,307.9,1168.0,39.2,79.0,0,No Failure,0,0,0,0,0,153.5,69.8
2290,L12289,L,298.6,307.5,1168.0,45.8,81.0,0,No Failure,0,0,0,0,0,150.0,68.2
2291,H12290,H,298.9,309.8,1168.0,37.2,84.0,0,No Failure,0,0,0,0,0,167.2,76.0
2292,M12291,M,300.4,310.1,1366.0,36.7,90.0,0,No Failure,0,0,0,0,0,161.1,73.2
2293,M12292,M,297.3,319.11,1379.0,46.1,413.23,0,No Failure,0,0,0,0,0,154.6,70.3
2294,L12293,L,301.5,311.3,1168.0,46.7,97.0,0,No Failure,0,0,0,0,0,147.9,67.2
2295,L12294,L,299.3,310.0,1351.0,28.6,99.0,0,No Failure,0,0,0,0,0,159.5,72.5
2296,L12295,L,297.7,307.9,1168.0,39.7,101.0,0,No Failure,0,0,0,0,0,151.5,68.9
2297,M12296,M,301.4,310.7,1168.0,,104.0,0,No Failure,0,0,0,0,0,146.6,66.7
2298,L12297,L,296.6,305.9,1229.0,40.1,108.0,0,No Failure,0,0,0,0,0,139.7,63.5
2299,L12298,L,,308.2,1168.0,54.3,110.0,0,No Failure,0,0,0,0,0,133.6,60.7
2300,M12299,M,298.4,,1183.0,43.6,112.0,0,No Failure,0,0,0,0,0,143.9,65.4
2301,H12300,H,303.3,313.3,1168.0,61.6,115.0,0,No Failure,0,0,0,0,0,133.4,60.7
2302,M12301,M,298.2,308.1,1168.0,42.2,120.0,0,No Failure,0,0,0,0,0,138.2,62.8
2303,L12302,L,295.5,305.5,1276.0,38.3,124.0,0,No Failure,0,0,0,0,0,136.9,62.2
2304,L12303,L,298.4,308.4,1410.0,39.8,127.0,0,No Failure,0,0,0,0,0,133.8,60.8
2305,L12304,L,300.3,309.5,1168.0,41.4,129.0,0,No Failure,0,0,0,0,0,122.4,55.6
2306,L12305,L,300.8,311.9,1261.0,43.2,131.0,0,No Failure,0,0,0,0,0,128.4,58.4
2307,M12306,M,303.5,313.0,1333.0,30.1,134.0,0,No Failure,0,0,0,0,0,136.3,61.9
2308,L12307,L,302.0,312.1,1254.0,37.7,138.0,0,No Failure,0,0,0,0,0,128.1,58.2
2309,M12308,M,299.8,307.7,1168.0,32.8,141.0,1,HDF (Heat Dissipation),0,1,0,0,0,6.7,49.7
2310,H12309,H,297.8,307.6,1171.0,50.3,145.0,0,No Failure,0,0,0,0,0,117.0,53.2
2311,H12310,H,302.4,311.3,1486.0,20.7,151.0,1,PWF (Power Failure),0,0,1,0,0,7.3,55.4
2312,L12311,L,298.8,307.8,1168.0,41.6,156.0,0,No Failure,0,0,0,0,0,101.4,46.1
2313,L12312,L,298.3,310.7,1278.0,24.8,159.0,1,PWF (Power Failure),0,0,1,0,0,1.8,51.4
2314,L12313,L,298.7,308.9,1168.0,44.3,162.0,0,No Failure,0,0,0,0,0,105.7,48.0
2315,L12314,L,297.2,308.4,1214.0,36.0,165.0,0,No Failure,0,0,0,0,0,111.8,50.8
2316,L12315,L,298.6,309.5,,21.8,,0,No Failure,0,0,0,0,0,122.6,55.7
2317,L12316,L,299.0,297.21,1168.0,49.4,171.0,0,No Failure,0,0,0,0,0,94.1,42.8
2318,M12317,M,300.8,310.6,1403.0,14.8,174.0,1,PWF (Power Failure),0,0,1,0,0,4.1,48.6
2319,L12318,L,298.8,310.4,1205.0,39.7,177.0,0,No Failure,0,0,0,0,0,100.0,45.4
2320,H12319,H,297.2,308.0,1287.0,46.9,180.0,0,No Failure,0,0,0,0,0,97.9,44.5
2321,L12320,L,296.6,306.6,1168.0,6.3,186.0,0,No Failure,0,0,0,0,0,78.1,35.5
2322,L12321,L,299.9,310.2,1168.0,23.9,189.0,1,PWF (Power Failure),0,0,1,0,0,5.0,39.9
2323,L12322,L,299.6,309.5,1298.0,34.8,191.0,0,No Failure,0,0,0,0,0,95.4,43.4
2324,L12323,L,298.5,308.6,1226.0,50.8,193.0,0,No Failure,0,0,0,0,0,76.3,34.7
2325,L12324,L,298.6,308.6,1226.0,51.5,195.0,0,No Failure,0,0,0,0,0,73.9,33.6
2326,H12325,H,300.2,310.6,1168.0,52.8,197.0,0,No Failure,0,0,0,0,0,80.5,36.6
2327,L12326,L,302.0,313.7,1189.0,65.6,203.0,1,OSF (Overstrain Failure),0,0,0,1,0,5.3,24.9
2328,L12327,L,298.1,306.9,1318.0,34.9,206.0,0,No Failure,0,0,0,0,0,79.3,36.0
2329,M12328,M,299.7,310.8,1362.0,43.7,208.0,0,No Failure,0,0,0,0,0,78.5,35.7
2330,L12329,L,301.2,310.8,1168.0,36.5,212.0,1,TWF (Tool Wear Failure),1,0,0,0,0,4.9,34.5
2331,M12330,M,298.1,309.4,1425.0,20.2,215.0,1,PWF (Power Failure),0,0,1,0,0,1.5,36.3
2332,L12331,L,299.5,309.2,1168.0,39.1,219.0,0,No Failure,0,0,0,0,0,69.0,31.3
2333,H12332,H,299.4,309.8,1513.0,20.1,0.0,1,PWF (Power Failure),0,0,1,0,0,4.3,92.3
2334,L12333,L,297.2,307.0,1348.0,34.8,6.0,0,No Failure,0,0,0,0,0,215.2,97.8
2335,L12334,L,299.8,308.1,1327.0,25.3,9.0,1,HDF (Heat Dissipation),0,1,0,0,0,1.8,89.8
2336,M12335,M,299.6,311.3,1264.0,44.4,11.0,0,No Failure,0,0,0,0,0,212.5,96.6
2337,H12336,H,300.5,309.6,1168.0,32.2,15.0,0,No Failure,0,0,0,0,0,201.0,91.4
2338,L12337,L,297.4,307.5,1363.0,22.1,20.0,1,PWF (Power Failure),0,0,1,0,0,0.8,86.7
2339,M12338,M,299.5,308.4,1168.0,48.7,297.1,0,No Failure,0,0,0,0,0,191.6,87.1
2340,L12339,L,302.0,310.7,1394.0,34.0,27.0,0,No Failure,0,0,0,0,0,199.4,90.6
2341,L12340,L,303.3,313.1,1399.0,,30.0,0,No Failure,0,0,0,0,0,199.9,90.9
2342,L12341,L,301.8,311.2,1239.0,30.2,33.0,0,No Failure,0,0,0,0,0,193.9,88.1
2343,M12342,M,297.4,306.2,1168.0,51.5,36.0,0,No Failure,0,0,0,0,0,180.8,82.2
2344,L12343,L,300.4,310.4,1222.0,42.7,40.0,0,No Failure,0,0,0,0,0,192.2,87.3
2345,M12344,M,298.7,307.2,1168.0,33.9,42.0,1,HDF (Heat Dissipation),0,1,0,0,0,3.8,80.5
2346,L12345,L,300.1,310.2,1519.0,20.9,,1,PWF (Power Failure),0,0,1,0,0,5.1,82.5
2347,H12346,H,298.2,308.1,1168.0,65.1,48.0,0,No Failure,0,0,0,0,0,181.9,82.7
2348,H12347,H,296.5,304.0,1168.0,59.8,54.0,1,HDF (Heat Dissipation),0,1,0,0,0,5.7,69.2
2349,L12348,L,298.9,308.4,1168.0,54.4,59.0,0,No Failure,0,0,0,0,0,169.3,76.9
2350,L12349,L,300.9,311.4,1338.0,33.0,61.0,0,No Failure,0,0,0,0,0,181.1,82.3
2351,L12350,L,300.1,309.0,1241.0,35.0,63.0,0,No Failure,0,0,0,0,0,168.9,76.8
2352,H12351,H,300.3,310.8,1385.0,44.0,66.0,0,No Failure,0,0,0,0,0,176.2,80.1
2353,L12352,L,300.0,310.4,1241.0,31.1,72.0,0,No Failure,0,0,0,0,0,174.9,79.5
2354,M12353,M,300.3,309.3,1260.0,30.1,74.0,0,No Failure,0,0,0,0,0,166.8,75.8
2355,L12354,L,300.5,310.5,1168.0,54.6,77.0,0,No Failure,0,0,0,0,0,160.9,73.1
2356,M12355,M,299.1,309.9,1168.0,39.4,79.0,0,No Failure,0,0,0,0,0,168.1,76.4
2357,L12356,L,299.7,308.8,1313.0,28.8,,0,No Failure,0,0,0,0,0,164.3,74.7
2358,M12357,M,302.7,312.5,1168.0,49.5,84.0,0,No Failure,0,0,0,0,0,158.0,71.8
2359,H12358,H,299.8,311.0,1168.0,34.3,88.0,0,No Failure,0,0,0,0,0,166.0,75.4
2360,L12359,L,299.7,308.8,1418.0,20.2,94.0,1,PWF (Power Failure),0,0,1,0,0,6.2,65.4
2361,H12360,H,299.8,310.3,1258.0,28.7,96.0,0,No Failure,0,0,0,0,0,163.2,74.2
2362,L12361,L,299.2,308.1,1265.0,34.8,101.0,0,No Failure,0,0,0,0,0,145.5,66.1
2363,L12362,L,298.8,308.6,1168.0,42.2,104.0,0,No Failure,0,0,0,0,0,145.7,66.2
2364,H12363,H,300.0,310.4,1168.0,41.7,106.0,0,No Failure,0,0,0,0,0,150.9,68.6
2365,M12364,M,298.7,306.3,1168.0,52.3,111.0,1,HDF (Heat Dissipation),0,1,0,0,0,7.9,51.3
2366,M12365,M,299.3,308.8,1759.61,37.6,114.0,0,No Failure,0,0,0,0,0,140.8,64.0
2367,L12366,L,298.2,308.6,1307.0,35.3,118.0,0,No Failure,0,0,0,0,0,143.1,65.0
2368,L12367,L,299.8,310.0,1241.0,102.69,120.0,0,No Failure,0,0,0,0,0,129.4,58.8
2369,L12368,L,300.7,310.2,1178.0,49.8,123.0,0,No Failure,0,0,0,0,0,123.6,56.2
2370,M12369,M,299.2,308.1,,37.9,126.0,0,No Failure,0,0,0,0,0,126.2,57.4
2371,L12370,L,296.0,306.6,1168.0,42.9,460.02,0,No Failure,0,0,0,0,0,130.0,59.1
2372,L12371,L,300.7,310.4,1229.0,-8.17,132.0,0,No Failure,0,0,0,0,0,131.1,59.6
2373,L12372,L,299.8,310.3,1283.0,28.4,135.0,0,No Failure,0,0,0,0,0,137.6,62.5
2374,L12373,L,308.6,308.2,1168.0,62.0,138.0,0,No Failure,0,0,0,0,0,107.9,49.1
2375,L12374,L,301.0,310.6,1168.0,34.6,140.0,0,No Failure,0,0,0,0,0,124.9,56.8
2376,L12375,L,297.1,308.2,1168.0,42.9,142.0,0,No Failure,0,0,0,0,0,121.0,55.0
2377,H12376,H,301.5,310.9,1233.0,24.8,145.0,1,PWF (Power Failure),0,0,1,0,0,5.2,52.6
2378,M12377,M,299.5,310.7,1186.0,94.34,150.0,0,No Failure,0,0,0,0,0,114.9,52.2
2379,L12378,L,295.6,306.9,1266.0,27.9,154.0,0,No Failure,0,0,0,0,0,123.7,56.2
2380,M12379,M,300.0,311.1,1168.0,56.8,157.0,0,No Failure,0,0,0,0,0,101.9,46.3
2381,H12380,H,298.9,308.7,1168.0,58.0,161.0,0,No Failure,0,0,0,0,0,99.6,45.3
2382,L12381,L,298.6,311.1,1346.0,45.7,167.0,0,No Failure,0,0,0,0,0,100.7,45.8
2383,L12382,L,298.3,308.5,1168.0,41.1,-137.03,0,No Failure,0,0,0,0,0,103.3,46.9
2384,L12383,L,,309.6,1168.0,38.1,173.0,0,No Failure,0,0,0,0,0,104.3,47.4
2385,L12384,L,298.8,308.8,1168.0,39.5,175.0,0,No Failure,0,0,0,0,0,101.5,46.1
2386,M12385,M,296.3,305.2,1364.0,44.1,177.0,0,No Failure,0,0,0,0,0,95.0,43.2
2387,H12386,H,302.0,313.3,1350.0,40.9,180.0,0,No Failure,0,0,0,0,0,103.4,47.0
2388,L12387,L,299.2,308.6,1214.0,49.8,185.0,0,No Failure,0,0,0,0,0,77.1,35.0
2389,M12388,M,298.3,309.2,1399.0,30.8,187.0,0,No Failure,0,0,0,0,0,106.0,48.2
2390,L12389,L,297.6,308.8,1168.0,55.3,191.0,0,No Failure,0,0,0,0,0,72.6,33.0
2391,M12390,M,301.1,311.7,1203.0,35.8,-86.12,0,No Failure,0,0,0,0,0,96.4,43.8
2392,M12391,M,297.3,306.6,1694.93,32.5,197.0,0,No Failure,0,0,0,0,0,91.3,41.5
2393,L12392,L,299.9,309.6,1257.0,43.6,201.0,0,No Failure,0,0,0,0,0,76.4,34.7
2394,L12393,L,,305.9,1270.0,44.3,204.0,1,HDF (Heat Dissipation),0,1,0,0,0,2.9,24.8
2395,M12394,M,298.7,308.6,1342.0,22.6,207.0,1,PWF (Power Failure),0,0,1,0,0,2.4,38.9
2396,H12395,H,297.7,308.5,1173.0,35.2,211.0,0,No Failure,0,0,0,0,0,89.5,40.7
2397,L12396,L,298.6,308.4,1373.0,18.3,217.0,1,PWF (Power Failure),0,0,1,0,0,0.3,35.5
2398,L12397,L,299.7,309.1,1368.0,33.2,220.0,1,TWF (Tool Wear Failure),1,0,0,0,0,0.2,35.1
2399,L12398,L,300.1,309.8,1300.0,33.7,0.0,0,No Failure,0,0,0,0,0,218.0,99.1
2400,M12399,M,298.3,309.5,1254.0,43.0,2.0,0,No Failure,0,0,0,0,0,218.6,99.4
2401,M12400,M,299.5,309.4,1249.0,32.1,5.0,0,No Failure,0,0,0,0,0,216.0,98.2
2402,M12401,M,301.3,313.2,1168.0,34.5,9.0,0,No Failure,0,0,0,0,0,214.3,97.4
2403,M12402,M,296.7,306.1,,53.0,13.0,0,No Failure,0,0,0,0,0,203.9,92.7
2404,H12403,H,299.7,309.9,1168.0,60.6,17.0,0,No Failure,0,0,0,0,0,207.3,94.2
2405,H12404,H,298.0,307.6,1170.0,30.8,23.0,0,No Failure,0,0,0,0,0,201.2,91.4
2406,L12405,L,297.8,309.9,1168.0,50.2,28.0,0,No Failure,0,0,0,0,0,199.2,90.6
2407,M12406,M,300.2,310.4,1168.0,43.9,30.0,0,No Failure,0,0,0,0,0,199.6,90.7
2408,L12407,L,298.7,310.8,1340.0,22.6,34.0,1,PWF (Power Failure),0,0,1,0,0,2.0,83.2
2409,L12408,L,297.5,307.1,1168.0,32.1,37.0,0,No Failure,0,0,0,0,0,192.2,87.4
2410,H12409,H,302.1,313.6,1457.0,9.7,40.0,1,PWF (Power Failure),0,0,1,0,0,7.6,81.1
2411,M12410,M,301.4,311.5,1168.0,43.2,45.0,0,No Failure,0,0,0,0,0,189.5,86.1
2412,H12411,H,296.3,307.1,1327.0,29.2,49.0,0,No Failure,0,0,0,0,0,191.2,86.9
2413,L12412,L,297.1,305.9,1251.0,41.3,54.0,0,No Failure,0,0,0,0,0,172.4,78.3
2414,M12413,M,300.8,311.1,1212.0,65.7,57.0,0,No Failure,0,0,0,0,0,174.3,79.2
2415,L12414,L,299.2,308.1,1168.0,55.9,60.0,0,No Failure,0,0,0,0,0,161.4,73.4
2416,L12415,L,302.4,312.7,1218.0,32.3,63.0,0,No Failure,0,0,0,0,0,180.1,81.9
2417,L12416,L,300.9,309.4,1293.0,29.9,65.0,1,HDF (Heat Dissipation),0,1,0,0,0,0.4,77.0
2418,M12417,M,309.85,310.2,1244.0,,68.0,0,No Failure,0,0,0,0,0,169.4,77.0
2419,L12418,L,297.9,309.0,1453.0,30.0,71.0,0,No Failure,0,0,0,0,0,176.0,80.0
2420,H12419,H,300.6,311.1,1168.0,49.9,73.0,0,No Failure,0,0,0,0,0,169.4,77.0
2421,L12420,L,297.5,306.3,1168.0,67.4,78.0,0,No Failure,0,0,0,0,0,140.9,64.1
2422,L12421,L,302.1,310.2,1168.0,46.8,80.0,1,HDF (Heat Dissipation),0,1,0,0,0,6.8,64.3
2423,M12422,M,300.5,311.0,1168.0,51.8,83.0,0,No Failure,0,0,0,0,0,159.8,72.7
2424,L12423,L,287.43,309.9,1168.0,50.7,87.0,0,No Failure,0,0,0,0,0,155.3,70.6
2425,H12424,H,301.2,310.2,1283.0,34.4,90.0,0,No Failure,0,0,0,0,0,157.3,71.5
2426,M12425,M,303.8,315.9,1168.0,42.9,96.0,0,No Failure,0,0,0,0,0,155.1,70.5
2427,L12426,L,299.4,309.4,1336.0,30.4,99.0,0,No Failure,0,0,0,0,0,158.4,72.0
2428,M12427,M,300.8,321.18,1316.0,52.9,101.0,1,HDF (Heat Dissipation),0,1,0,0,0,2.5,61.1
2429,M12428,M,299.0,307.4,1199.0,29.1,104.0,1,HDF (Heat Dissipation),0,1,0,0,0,4.0,61.8
2430,M12429,M,299.9,310.7,1366.0,47.0,107.0,0,No Failure,0,0,0,0,0,145.3,66.0
2431,H12430,H,297.1,307.2,1168.0,51.3,110.0,0,No Failure,0,0,0,0,0,143.0,65.0
2432,M12431,M,299.8,311.3,1168.0,35.1,115.0,0,No Failure,0,0,0,0,0,147.2,66.9
2433,M12432,M,299.9,308.7,,32.8,118.0,0,No Failure,0,0,0,0,0,144.3,65.6
2434,L12433,L,303.0,313.1,1168.0,38.3,121.0,0,No Failure,0,0,0,0,0,139.0,63.2
2435,M12434,M,296.6,306.6,1323.0,31.1,123.0,0,No Failure,0,0,0,0,0,144.8,65.8
2436,H12435,H,299.3,309.2,1196.0,41.6,126.0,0,No Failure,0,0,0,0,0,136.8,62.2
2437,M12436,M,302.1,311.7,1187.0,30.8,131.0,0,No Failure,0,0,0,0,0,135.8,61.7
2438,M12437,M,299.4,309.0,1181.0,31.6,134.0,0,No Failure,0,0,0,0,0,133.4,60.6
2439,L12438,L,299.5,309.7,1168.0,45.5,137.0,0,No Failure,0,0,0,0,0,122.3,55.6
2440,M12439,M,298.3,308.6,1257.0,46.2,140.0,0,No Failure,0,0,0,0,0,122.8,55.8
2441,H12440,H,298.1,308.4,1168.0,37.1,144.0,0,No Failure,0,0,0,0,0,129.5,58.9
2442,L12441,L,296.5,307.7,1313.0,23.5,149.0,1,PWF (Power Failure),0,0,1,0,0,1.7,53.5
2443,L12442,L,298.7,307.5,1168.0,51.7,151.0,0,No Failure,0,0,0,0,0,93.5,42.5
2444,M12443,M,298.0,306.2,1168.0,35.5,153.0,1,HDF (Heat Dissipation),0,1,0,0,0,6.2,46.8
2445,L12444,L,300.0,311.0,1168.0,60.6,156.0,0,No Failure,0,0,0,0,0,94.6,43.0
2446,M12445,M,298.4,307.5,,38.7,158.0,0,No Failure,0,0,0,0,0,109.0,49.5
2447,L12446,L,299.0,308.6,1185.0,41.4,161.0,0,No Failure,0,0,0,0,0,104.8,47.6
2448,L12447,L,299.0,308.4,1224.0,35.7,163.0,0,No Failure,0,0,0,0,0,107.4,48.8
2449,M12448,M,299.8,309.2,1168.0,42.4,165.0,0,No Failure,0,0,0,0,0,102.3,46.5
2450,M12449,M,298.9,307.4,1168.0,74.8,169.0,1,HDF (Heat Dissipation),0,1,1,1,0,4.1,20.6
2451,M12450,M,297.9,307.3,1168.0,36.5,172.0,0,No Failure,0,0,0,0,0,103.2,46.9
2452,M12451,M,300.0,310.6,1168.0,52.8,175.0,0,No Failure,0,0,0,0,0,92.2,41.9
2453,M12452,M,301.8,311.8,1168.0,40.9,179.0,0,No Failure,0,0,0,0,0,101.0,45.9
2454,M12453,M,300.1,310.6,1234.0,51.7,182.0,0,No Failure,0,0,0,0,0,88.2,40.1
2455,M12454,M,298.8,308.3,1548.0,20.7,185.0,1,PWF (Power Failure),0,0,1,0,0,0.6,47.9
2456,M12455,M,299.6,320.05,1168.0,59.4,188.0,0,No Failure,0,0,0,0,0,75.9,34.5
2457,M12456,M,296.2,305.7,1168.0,43.4,192.0,0,No Failure,0,0,0,0,0,84.2,38.3
2458,L12457,L,299.6,307.5,1168.0,37.3,196.0,1,HDF (Heat Dissipation),0,1,0,0,0,5.6,30.4
2459,L12458,L,299.2,309.5,1168.0,49.0,199.0,0,No Failure,0,0,0,0,0,73.9,33.6
2460,M12459,M,298.2,309.0,1168.0,41.4,202.0,0,No Failure,0,0,0,0,0,85.1,38.7
2461,H12460,H,298.5,307.9,1168.0,28.5,206.0,1,PWF (Power Failure),0,0,1,0,0,4.5,38.3
2462,M12461,M,299.1,310.3,1556.0,15.8,211.0,1,PWF (Power Failure),0,0,1,0,0,6.8,39.5
2463,L12462,L,301.7,323.04,1168.0,58.3,0.0,0,No Failure,0,0,0,0,0,210.1,95.5
2464,M12463,M,301.9,312.6,1370.0,37.8,3.0,0,No Failure,0,0,0,0,0,218.1,99.1
2465,L12464,L,298.2,309.9,1208.0,,6.0,0,No Failure,0,0,0,0,0,216.1,98.2
2466,M12465,M,299.0,,1168.0,34.6,8.0,0,No Failure,0,0,0,0,0,215.0,97.7
2467,H12466,H,299.0,308.8,1363.0,54.6,11.0,0,No Failure,0,0,0,0,0,211.3,96.1
2468,M12467,M,301.4,311.3,1168.0,35.1,16.0,0,No Failure,0,0,0,0,0,208.8,94.9
2469,M12468,M,300.2,311.8,1168.0,46.4,20.0,0,No Failure,0,0,0,0,0,206.1,93.7
2470,L12469,L,300.1,310.5,1243.0,36.7,24.0,0,No Failure,0,0,0,0,0,204.2,92.8
2471,L12470,L,300.9,313.0,1174.0,27.5,26.0,1,PWF (Power Failure),0,0,1,0,0,2.9,87.6
2472,H12471,H,298.8,309.1,1168.0,49.0,28.0,0,No Failure,0,0,0,0,0,200.7,91.2
2473,M12472,M,302.4,311.7,1168.0,51.0,33.0,0,No Failure,0,0,0,0,0,188.5,85.7
2474,M12473,M,299.9,309.3,1290.0,-10.55,36.0,0,No Failure,0,0,0,0,0,193.4,87.9
2475,L12474,L,298.4,308.5,1241.0,39.6,39.0,0,No Failure,0,0,0,0,0,193.6,88.0
2476,L12475,L,299.5,307.5,1168.0,41.0,42.0,1,HDF (Heat Dissipation),0,1,0,0,0,0.3,76.9
2477,L12476,L,302.1,311.6,1168.0,44.5,45.0,0,No Failure,0,0,0,0,0,182.7,83.0
2478,L12477,L,299.2,308.7,1196.0,59.7,48.0,0,No Failure,0,0,0,0,0,176.2,80.1
2479,L12478,L,301.6,311.8,1168.0,36.8,50.0,0,No Failure,0,0,0,0,0,187.0,85.0
2480,H12479,H,298.8,310.7,1271.0,36.7,53.0,0,No Failure,0,0,0,0,0,186.8,84.9
2481,M12480,M,298.6,308.7,1238.0,38.2,59.0,0,No Failure,0,0,0,0,0,181.6,82.6
2482,L12481,L,301.1,309.2,1217.0,30.6,63.0,1,HDF (Heat Dissipation),0,1,0,0,0,0.3,73.3
2483,L12482,L,298.4,307.5,1344.0,22.8,65.0,1,PWF (Power Failure),0,0,1,0,0,2.1,73.7
2484,L12483,L,301.4,311.7,1168.0,41.3,67.0,0,No Failure,0,0,0,0,0,173.9,79.1
2485,H12484,H,300.6,310.7,1300.0,45.3,69.0,0,No Failure,0,0,0,0,0,173.8,79.0
2486,L12485,L,298.4,310.0,1168.0,40.0,74.0,0,No Failure,0,0,0,0,0,169.7,77.1
2487,M12486,M,299.8,310.8,1168.0,39.4,76.0,0,No Failure,0,0,0,0,0,170.1,77.3
2488,H12487,H,299.0,309.9,1358.0,31.0,-239.33,0,No Failure,0,0,0,0,0,172.2,78.3
2489,L12488,L,300.6,310.4,1242.0,42.5,86.0,0,No Failure,0,0,0,0,0,158.4,72.0
2490,M12489,M,303.4,314.5,1168.0,41.7,89.0,0,No Failure,0,0,0,0,0,160.4,72.9
2491,H12490,H,310.19,308.4,1168.0,44.7,92.0,0,No Failure,0,0,0,0,0,148.7,67.6
2492,L12491,L,300.9,311.9,1256.0,43.2,97.0,0,No Failure,0,0,0,0,0,152.2,69.2
2493,L12492,L,300.0,309.7,1168.0,43.9,99.0,0,No Failure,0,0,0,0,0,147.1,66.8
2494,H12493,H,300.0,308.6,1282.0,53.2,101.0,0,No Failure,0,0,0,0,0,137.9,62.7
2495,H12494,H,299.7,310.3,1297.0,45.7,106.0,0,No Failure,0,0,0,0,0,148.8,67.6
2496,M12495,M,298.4,309.8,1168.0,44.8,111.0,0,No Failure,0,0,0,0,0,143.8,65.4
2497,M12496,M,300.6,310.2,1170.0,22.6,114.0,1,PWF (Power Failure),0,0,1,0,0,2.7,58.8
2498,L12497,L,299.5,311.1,1168.0,50.5,117.0,0,No Failure,0,0,0,0,0,133.1,60.5
2499,H12498,H,298.4,306.7,1168.0,37.0,120.0,1,HDF (Heat Dissipation),0,1,0,0,0,5.8,57.3
2500,L12499,L,301.8,310.6,1349.0,89.66,126.0,0,No Failure,0,0,0,0,0,128.4,58.4
2501,L12500,L,300.2,310.1,1168.0,27.3,129.0,1,PWF (Power Failure),0,0,1,0,0,3.6,58.3
2502,M12501,M,299.6,309.2,1168.0,60.9,132.0,0,No Failure,0,0,0,0,0,113.3,51.5
2503,H12502,H,302.4,311.7,1330.0,15.3,135.0,1,PWF (Power Failure),0,0,1,0,0,5.1,56.6
2504,H12503,H,296.7,306.8,1168.0,54.9,427.71,0,No Failure,0,0,0,0,0,119.4,54.3
2505,L12504,L,302.3,311.8,1272.0,44.3,146.0,0,No Failure,0,0,0,0,0,113.0,51.4
2506,L12505,L,298.4,308.0,1299.0,20.9,148.0,1,PWF (Power Failure),0,0,1,0,0,4.8,50.8
2507,H12506,H,300.4,310.7,1323.0,60.4,151.0,0,No Failure,0,0,0,0,0,107.3,48.8
2508,H12507,H,299.0,308.3,1301.0,45.1,156.0,0,No Failure,0,0,0,0,0,111.1,50.5
2509,M12508,M,298.4,308.3,1551.0,16.4,162.0,1,PWF (Power Failure),0,0,1,0,0,5.9,51.0
2510,M12509,M,302.4,311.8,1168.0,35.8,165.0,0,No Failure,0,0,0,0,0,108.3,49.2
2511,L12510,L,292.18,312.2,1168.0,45.3,168.0,0,No Failure,0,0,0,0,0,87.2,39.6
2512,L12511,L,299.6,310.4,1403.0,57.1,171.0,0,No Failure,0,0,0,0,0,86.2,39.2
2513,L12512,L,300.6,312.3,1277.0,-18.35,173.0,0,No Failure,0,0,0,0,0,106.6,48.5
2514,L12513,L,300.1,311.2,1640.0,13.5,176.0,1,PWF (Power Failure),0,0,1,0,0,7.8,48.3
2515,L12514,L,303.2,313.5,1168.0,54.6,179.0,0,No Failure,0,0,0,0,0,82.6,37.5
2516,H12515,H,296.2,305.6,1271.0,45.0,182.0,0,No Failure,0,0,0,0,0,93.6,42.6
2517,L12516,L,300.7,310.4,1593.0,17.7,187.0,1,PWF (Power Failure),0,0,1,0,0,2.5,43.6
2518,L12517,L,298.7,309.8,1197.0,43.4,190.0,0,No Failure,0,0,0,0,0,86.9,39.5
2519,M12518,M,295.8,303.5,1245.0,44.5,192.0,1,HDF (Heat Dissipation),0,1,0,0,0,0.7,30.8
2520,L12519,L,299.4,309.0,1269.0,36.8,195.0,0,No Failure,0,0,0,0,0,88.0,40.0
2521,L12520,L,303.4,314.1,1314.0,31.7,198.0,0,No Failure,0,0,0,0,0,95.2,43.3
2522,M12521,M,298.9,307.8,1168.0,33.9,200.0,0,No Failure,0,0,0,0,0,82.6,37.6
2523,L12522,L,301.5,311.9,1168.0,36.7,204.0,0,No Failure,0,0,0,0,0,85.3,38.8
2524,M12523,M,302.2,312.6,1168.0,43.5,207.0,0,No Failure,0,0,0,0,0,79.4,36.1
2525,H12524,H,300.1,308.6,1168.0,47.9,211.0,1,HDF (Heat Dissipation),0,1,0,0,0,0.1,27.0
2526,L12525,L,300.3,310.4,,18.5,216.0,1,PWF (Power Failure),1,0,1,0,0,4.5,40.1
2527,H12526,H,297.0,306.4,1409.0,42.6,218.0,0,No Failure,0,0,0,0,0,75.8,34.5
2528,H12527,H,287.73,309.2,1201.0,44.9,224.0,0,No Failure,0,0,0,0,0,70.4,32.0
2529,H12528,H,301.7,312.4,1237.0,41.7,0.0,0,No Failure,0,0,0,0,0,220.0,100.0
2530,M12529,M,300.2,310.6,1168.0,36.0,5.0,0,No Failure,0,0,0,0,0,216.8,98.6
2531,M12530,M,300.8,310.9,1168.0,54.2,8.0,0,No Failure,0,0,0,0,0,214.1,97.3
2532,M12531,M,300.3,310.6,1168.0,53.4,11.0,0,No Failure,0,0,0,0,0,211.9,96.3
2533,M12532,M,304.0,312.8,,36.3,303.49,0,No Failure,0,0,0,0,0,197.8,89.9
2534,L12533,L,299.3,309.3,1899.3,39.2,18.0,0,No Failure,0,0,0,0,0,207.8,94.5
2535,H12534,H,303.0,312.2,1168.0,47.7,21.0,0,No Failure,0,0,0,0,0,196.9,89.5
2536,M12535,M,300.3,311.3,1168.0,52.8,26.0,0,No Failure,0,0,0,0,0,201.0,91.4
2537,M12536,M,303.2,313.9,1303.0,-18.35,29.0,0,No Failure,0,0,0,0,0,202.2,91.9
2538,L12537,L,297.9,308.6,777.51,29.5,32.0,0,No Failure,0,0,0,0,0,200.3,91.0
2539,L12538,L,300.4,312.1,1208.0,42.7,35.0,0,No Failure,0,0,0,0,0,195.6,88.9
2540,M12539,M,299.4,309.1,1225.0,28.8,37.0,0,No Failure,0,0,0,0,0,192.0,87.3
2541,M12540,M,300.4,309.9,1291.0,20.6,400.37,1,PWF (Power Failure),0,0,1,0,0,7.5,78.4
2542,L12541,L,302.3,311.9,1168.0,31.8,44.0,0,No Failure,0,0,0,0,0,187.8,85.4
2543,L12542,L,300.8,309.2,1265.0,44.2,47.0,1,HDF (Heat Dissipation),0,1,0,0,0,4.3,79.0
2544,L12543,L,302.3,310.8,1168.0,55.5,49.0,1,HDF (Heat Dissipation),0,1,0,0,0,2.4,75.3
2545,M12544,M,298.9,309.5,1456.0,32.9,52.0,0,No Failure,0,0,0,0,0,187.7,85.3
2546,L12545,L,298.7,307.3,1369.0,38.8,55.0,0,No Failure,0,0,0,0,0,178.0,80.9
2547,H12546,H,300.2,309.1,1210.0,41.6,58.0,0,No Failure,0,0,0,0,0,170.6,77.6
2548,L12547,L,300.1,310.0,1528.0,33.5,64.0,0,No Failure,0,0,0,0,0,179.0,81.4
2549,L12548,L,299.8,309.4,1273.0,32.7,66.0,0,No Failure,0,0,0,0,0,174.9,79.5
2550,L12549,L,298.4,309.3,1168.0,43.3,69.0,0,No Failure,0,0,0,0,0,171.7,78.1
2551,M12550,M,302.3,312.4,1168.0,28.0,72.0,1,PWF (Power Failure),0,0,1,0,0,3.2,75.9
2552,L12551,L,299.5,308.7,1214.0,32.3,76.0,0,No Failure,0,0,0,0,0,163.5,74.3
2553,M12552,M,302.7,313.7,1188.0,38.0,78.0,0,No Failure,0,0,0,0,0,169.4,77.0
2554,H12553,H,300.2,310.9,1168.0,43.2,82.0,0,No Failure,0,0,0,0,0,165.9,75.4
2555,L12554,L,301.3,309.9,1168.0,24.8,87.0,1,HDF (Heat Dissipation),0,1,1,0,0,4.0,60.1
2556,M12555,M,301.2,311.5,1667.07,38.7,89.0,0,No Failure,0,0,0,0,0,161.9,73.6
2557,L12556,L,298.7,308.0,1431.0,27.1,93.0,0,No Failure,0,0,0,0,0,163.4,74.3
2558,L12557,L,300.8,310.1,1402.0,33.2,96.0,0,No Failure,0,0,0,0,0,157.2,71.4
2559,L12558,L,303.6,315.5,1169.0,47.9,99.0,0,No Failure,0,0,0,0,0,148.0,67.3
2560,L12559,L,300.6,310.7,1274.0,39.3,101.0,0,No Failure,0,0,0,0,0,151.7,69.0
2561,M12560,M,301.8,311.6,1168.0,56.7,103.0,0,No Failure,0,0,0,0,0,140.4,63.8
2562,M12561,M,301.4,311.5,1340.0,-17.91,106.0,0,No Failure,0,0,0,0,0,150.4,68.4
2563,M12562,M,300.7,311.6,,49.7,406.96,0,No Failure,0,0,0,0,0,141.5,64.3
2564,M12563,M,300.5,309.8,1168.0,47.9,114.0,0,No Failure,0,0,0,0,0,132.1,60.0
2565,M12564,M,301.2,310.7,1212.0,39.9,117.0,0,No Failure,0,0,0,0,0,137.6,62.5
2566,L12565,L,301.6,312.3,1237.0,26.8,120.0,1,PWF (Power Failure),0,0,1,0,0,2.2,63.1
2567,L12566,L,297.8,306.3,1168.0,38.9,123.0,1,HDF (Heat Dissipation),0,1,0,0,0,6.2,54.9
2568,L12567,L,300.6,311.6,1168.0,34.7,125.0,0,No Failure,0,0,0,0,0,139.0,63.2
2569,M12568,M,299.9,308.3,1168.0,34.3,127.0,1,HDF (Heat Dissipation),0,1,0,0,0,3.9,55.7
2570,H12569,H,299.5,309.3,1168.0,41.6,131.0,0,No Failure,0,0,0,0,0,132.5,60.2
2571,L12570,L,302.5,310.9,1440.0,25.5,136.0,0,No Failure,0,0,0,0,0,138.6,63.0
2572,M12571,M,298.9,307.8,1187.0,31.3,139.0,0,No Failure,0,0,0,0,0,122.8,55.8
2573,M12572,M,297.7,309.0,1168.0,29.9,143.0,0,No Failure,0,0,0,0,0,129.6,58.9
2574,H12573,H,301.7,312.7,1301.0,37.5,146.0,0,No Failure,0,0,0,0,0,128.0,58.2
2575,M12574,M,297.7,308.9,1236.0,32.3,152.0,0,No Failure,0,0,0,0,0,126.1,57.3
2576,M12575,M,296.8,305.4,1511.0,33.0,156.0,0,No Failure,0,0,0,0,0,123.0,55.9
2577,M12576,M,301.9,310.8,1237.0,41.4,160.0,0,No Failure,0,0,0,0,0,102.9,46.8
2578,H12577,H,300.5,310.8,1168.0,35.5,164.0,0,No Failure,0,0,0,0,0,118.3,53.8
2579,L12578,L,301.1,311.8,1300.0,40.0,169.0,0,No Failure,0,0,0,0,0,105.1,47.8
2580,H12579,H,299.4,296.51,1389.0,28.8,172.0,0,No Failure,0,0,0,0,0,117.0,53.2
2581,L12580,L,297.7,307.1,1441.0,31.7,178.0,0,No Failure,0,0,0,0,0,107.6,48.9
2582,H12581,H,298.1,307.0,1168.0,60.4,180.0,0,No Failure,0,0,0,0,0,73.5,33.4
2583,L12582,L,299.8,311.5,1333.0,33.0,186.0,0,No Failure,0,0,0,0,0,101.3,46.1
2584,L12583,L,298.0,307.5,1317.0,18.9,189.0,1,PWF (Power Failure),0,0,1,0,0,2.6,41.1
2585,L12584,L,,310.8,1174.0,43.4,191.0,0,No Failure,0,0,0,0,0,86.2,39.2
2586,L12585,L,299.4,309.5,1168.0,32.9,194.0,0,No Failure,0,0,0,0,0,96.3,43.8
2587,L12586,L,300.6,311.7,1168.0,42.4,196.0,0,No Failure,0,0,0,0,0,83.9,38.1
2588,L12587,L,300.5,309.5,1351.0,39.1,198.0,0,No Failure,0,0,0,0,0,82.1,37.3
2589,L12588,L,301.0,312.2,1168.0,45.5,201.0,0,No Failure,0,0,0,0,0,76.7,34.9
2590,L12589,L,301.2,309.9,1168.0,39.0,-98.61,0,No Failure,0,0,0,0,0,68.2,31.0
2591,M12590,M,299.7,310.9,1243.0,37.7,207.0,0,No Failure,0,0,0,0,0,86.0,39.1
2592,H12591,H,300.6,308.9,1168.0,51.5,549.68,1,HDF (Heat Dissipation),1,1,0,0,0,1.2,24.2
2593,M12592,M,300.7,310.6,1305.0,17.8,216.0,1,PWF (Power Failure),0,0,1,0,0,5.6,36.9
2594,L12593,L,295.9,307.5,1168.0,26.7,220.0,1,PWF (Power Failure),1,0,1,0,0,4.4,33.3
2595,L12594,L,301.4,312.1,1421.0,31.7,0.0,0,No Failure,0,0,0,0,0,220.0,100.0
2596,H12595,H,300.6,311.0,1343.0,23.1,2.0,1,PWF (Power Failure),0,0,1,0,0,5.1,92.6
2597,L12596,L,301.3,310.3,1214.0,35.2,7.0,0,No Failure,0,0,0,0,0,205.1,93.2
2598,L12597,L,298.0,307.3,1368.0,34.2,10.0,0,No Failure,0,0,0,0,0,211.0,95.9
2599,H12598,H,299.7,311.0,1226.0,49.7,12.0,0,No Failure,0,0,0,0,0,211.7,96.2
2600,H12599,H,298.3,308.8,1268.0,39.1,18.0,0,No Failure,0,0,0,0,0,208.5,94.8
2601,L12600,L,301.6,312.5,1260.0,37.9,24.0,0,No Failure,0,0,0,0,0,204.0,92.7
2602,M12601,M,297.8,307.9,1168.0,36.2,26.0,0,No Failure,0,0,0,0,0,203.4,92.4
2603,L12602,L,298.6,308.3,1338.0,29.5,29.0,0,No Failure,0,0,0,0,0,200.6,91.2
2604,M12603,M,301.3,312.1,1168.0,48.9,31.0,0,No Failure,0,0,0,0,0,198.0,90.0
2605,L12604,L,299.2,309.5,1168.0,52.1,34.0,0,No Failure,0,0,0,0,0,194.4,88.4
2606,L12605,L,298.6,308.4,1175.0,27.9,36.0,1,PWF (Power Failure),0,0,1,0,0,7.7,84.5
2607,M12606,M,301.9,310.5,1285.0,56.2,38.0,0,No Failure,0,0,0,0,0,181.4,82.4
2608,L12607,L,302.0,313.0,1168.0,33.3,42.0,0,No Failure,0,0,0,0,0,193.1,87.8
2609,M12608,M,301.6,312.0,1410.0,32.5,,0,No Failure,0,0,0,0,0,192.8,87.6
2610,L12609,L,301.9,311.3,1231.0,44.7,47.0,0,No Failure,0,0,0,0,0,180.9,82.2
2611,H12610,H,299.9,311.1,1168.0,45.6,49.0,0,No Failure,0,0,0,0,0,187.1,85.0
2612,H12611,H,300.0,310.2,1190.0,39.3,54.0,0,No Failure,0,0,0,0,0,185.5,84.3
2613,L12612,L,299.2,309.5,1673.94,36.5,59.0,0,No Failure,0,0,0,0,0,181.1,82.3
2614,M12613,M,300.6,311.5,1334.0,51.7,61.0,0,No Failure,0,0,0,0,0,175.8,79.9
2615,L12614,L,299.4,310.1,1168.0,33.8,65.0,0,No Failure,0,0,0,0,0,178.2,81.0
2616,L12615,L,299.6,309.9,1323.0,39.3,68.0,0,No Failure,0,0,0,0,0,174.0,79.1
2617,L12616,L,301.4,311.2,1168.0,56.9,71.0,0,No Failure,0,0,0,0,0,162.3,73.8
2618,H12617,H,302.5,314.5,1168.0,26.6,74.0,1,PWF (Power Failure),0,0,1,0,0,4.7,73.8
2619,H12618,H,301.1,310.4,1381.0,35.4,79.0,0,No Failure,0,0,0,0,0,168.9,76.8
2620,H12619,H,303.6,314.3,1168.0,50.3,85.0,0,No Failure,0,0,0,0,0,160.9,73.1
2621,H12620,H,299.1,309.0,1185.0,45.3,90.0,0,No Failure,0,0,0,0,0,158.6,72.1
2622,H12621,H,297.1,307.6,1168.0,48.9,95.0,0,No Failure,0,0,0,0,0,154.6,70.3
2623,L12622,L,301.6,312.8,1289.0,26.8,100.0,0,No Failure,0,0,0,0,0,154.9,70.4
2624,H12623,H,299.0,308.7,1232.0,43.2,103.0,0,No Failure,0,0,0,0,0,149.2,67.8
2625,M12624,M,299.9,310.5,1206.0,37.1,109.0,0,No Failure,0,0,0,0,0,149.8,68.1
2626,L12625,L,297.2,307.5,1168.0,62.7,113.0,0,No Failure,0,0,0,0,0,127.8,58.1
2627,M12626,M,298.8,308.2,1168.0,48.1,116.0,0,No Failure,0,0,0,0,0,131.7,59.9
2628,L12627,L,297.7,309.0,1326.0,39.8,119.0,0,No Failure,0,0,0,0,0,139.2,63.3
2629,L12628,L,299.6,310.3,1168.0,42.9,122.0,0,No Failure,0,0,0,0,0,134.9,61.3
2630,L12629,L,299.7,309.3,1182.0,40.5,,0,No Failure,0,0,0,0,0,130.9,59.5
2631,L12630,L,300.5,311.6,1289.0,47.0,126.0,0,No Failure,0,0,0,0,0,129.0,58.6
2632,L12631,L,302.6,311.8,1168.0,31.4,128.0,0,No Failure,0,0,0,0,0,130.8,59.4
2633,H12632,H,301.6,311.6,1168.0,53.7,130.0,0,No Failure,0,0,0,0,0,127.4,57.9
2634,M12633,M,297.5,307.1,1168.0,26.8,136.0,1,PWF (Power Failure),0,0,1,0,0,3.2,55.2
2635,M12634,M,301.5,312.3,1180.0,42.1,140.0,0,No Failure,0,0,0,0,0,126.0,57.3
2636,L12635,L,300.6,310.1,1214.0,31.8,144.0,0,No Failure,0,0,0,0,0,124.0,56.4
2637,L12636,L,309.18,311.0,1168.0,40.4,147.0,0,No Failure,0,0,0,0,0,119.7,54.4
2638,L12637,L,300.4,311.0,1168.0,49.9,149.0,0,No Failure,0,0,0,0,0,109.8,49.9
2639,H12638,H,300.8,310.4,1543.0,22.9,152.0,0,No Failure,0,0,0,0,0,132.7,60.3
2640,L12639,L,299.2,311.0,1168.0,38.3,157.0,0,No Failure,0,0,0,0,0,114.8,52.2
2641,M12640,M,300.1,309.4,,71.11,159.0,1,PWF (Power Failure),0,0,1,0,0,6.8,47.9
2642,M12641,M,302.5,311.1,1168.0,37.2,163.0,0,No Failure,0,0,0,0,0,99.5,45.2
2643,M12642,M,299.2,310.1,1168.0,25.6,167.0,1,PWF (Power Failure),0,0,1,0,0,3.3,47.6
2644,H12643,H,298.6,306.5,1266.0,41.6,171.0,1,HDF (Heat Dissipation),0,1,0,0,0,1.8,41.7
2645,L12644,L,300.3,311.8,1362.0,35.7,176.0,0,No Failure,0,0,0,0,0,104.9,47.7
2646,H12645,H,298.4,308.5,1168.0,47.5,179.0,0,No Failure,0,0,0,0,0,98.1,44.6
2647,M12646,M,297.3,305.9,1255.0,,185.0,1,HDF (Heat Dissipation),0,1,0,0,0,4.8,33.4
2648,M12647,M,299.8,308.9,1259.0,40.1,188.0,0,No Failure,0,0,0,0,0,88.3,40.1
2649,M12648,M,303.0,311.4,1168.0,48.9,191.0,1,HDF (Heat Dissipation),0,1,0,0,0,0.1,30.5
2650,H12649,H,300.4,310.8,1168.0,53.8,194.0,0,No Failure,0,0,0,0,0,81.7,37.1
2651,H12650,H,300.8,309.5,1195.0,30.8,199.0,0,No Failure,0,0,0,0,0,87.0,39.6
2652,L12651,L,296.6,307.1,1275.0,54.3,204.0,1,OSF (Overstrain Failure),0,0,0,1,0,3.8,29.0
2653,H12652,H,301.2,310.9,1168.0,39.6,206.0,0,No Failure,0,0,0,0,0,84.6,38.5
2654,M12653,M,300.6,310.1,1447.0,30.2,211.0,0,No Failure,0,0,0,0,0,92.0,41.8
2655,L12654,L,299.3,309.8,1308.0,43.0,214.0,1,TWF (Tool Wear Failure),1,0,0,0,0,4.0,32.1
2656,H12655,H,300.8,311.4,1168.0,39.3,217.0,1,TWF (Tool Wear Failure),1,0,0,0,0,5.7,36.9
2657,L12656,L,300.8,311.9,1459.0,25.9,0.0,0,No Failure,0,0,0,0,0,220.0,100.0
2658,M12657,M,298.6,308.0,1296.0,29.0,2.0,0,No Failure,0,0,0,0,0,214.7,97.6
2659,L12658,L,301.1,311.1,1168.0,56.4,6.0,0,No Failure,0,0,0,0,0,215.3,97.9
2660,L12659,L,302.6,312.0,1260.0,42.8,8.0,0,No Failure,0,0,0,0,0,209.4,95.2
2661,H12660,H,300.1,,1214.0,54.8,11.0,0,No Failure,0,0,0,0,0,212.1,96.4
2662,L12661,L,298.9,308.1,1169.0,35.8,17.0,0,No Failure,0,0,0,0,0,200.1,90.9
2663,L12662,L,300.2,309.8,1330.0,32.0,20.0,0,No Failure,0,0,0,0,0,205.2,93.3
2664,L12663,L,302.0,311.6,1342.0,23.2,22.0,1,PWF (Power Failure),0,0,1,0,0,3.2,86.6
2665,L12664,L,298.3,308.6,1235.0,49.7,25.0,0,No Failure,0,0,0,0,0,201.5,91.6
2666,H12665,H,301.5,,1168.0,44.1,27.0,0,No Failure,0,0,0,0,0,202.1,91.9
2667,H12666,H,299.3,309.8,1168.0,35.9,32.0,0,No Failure,0,0,0,0,0,200.1,90.9
2668,L12667,L,300.9,310.8,1259.0,32.1,37.0,0,No Failure,0,0,0,0,0,195.8,89.0
2669,M12668,M,299.5,308.9,1168.0,51.3,39.0,0,No Failure,0,0,0,0,0,185.2,84.2
2670,L12669,L,299.5,309.7,1195.0,38.2,42.0,0,No Failure,0,0,0,0,0,191.9,87.2
2671,M12670,M,303.2,312.3,1253.0,38.3,44.0,0,No Failure,0,0,0,0,0,183.6,83.4
2672,L12671,L,298.0,308.6,1417.0,34.0,47.0,0,No Failure,0,0,0,0,0,189.7,86.2
2673,L12672,L,301.4,311.1,1168.0,35.9,50.0,0,No Failure,0,0,0,0,0,183.9,83.6
2674,L12673,L,303.6,313.8,1168.0,45.5,53.0,0,No Failure,0,0,0,0,0,182.2,82.8
2675,M12674,M,301.7,311.9,1504.0,25.8,56.0,0,No Failure,0,0,0,0,0,187.4,85.2
2676,M12675,M,298.1,309.7,1168.0,40.8,60.0,0,No Failure,0,0,0,0,0,180.1,81.9
2677,L12676,L,298.2,308.6,1168.0,49.6,63.0,0,No Failure,0,0,0,0,0,173.5,78.9
2678,H12677,H,299.2,309.3,1220.0,39.2,65.0,0,No Failure,0,0,0,0,0,178.5,81.1
2679,M12678,M,300.8,310.1,1168.0,50.5,71.0,0,No Failure,0,0,0,0,0,161.3,73.3
2680,L12679,L,300.9,311.7,1168.0,53.4,74.0,0,No Failure,0,0,0,0,0,163.7,74.4
2681,H12680,H,298.2,307.9,1439.0,49.0,77.0,0,No Failure,0,0,0,0,0,166.8,75.8
2682,H12681,H,299.0,307.5,1168.0,34.6,83.0,1,HDF (Heat Dissipation),0,1,0,0,0,5.7,69.3
2683,L12682,L,299.1,308.9,1168.0,39.6,89.0,0,No Failure,0,0,0,0,0,157.5,71.6
2684,M12683,M,300.2,310.4,1298.0,43.5,91.0,0,No Failure,0,0,0,0,0,158.2,71.9
2685,L12684,L,304.1,313.3,1168.0,35.3,94.0,0,No Failure,0,0,0,0,0,149.9,68.2
2686,M12685,M,298.9,308.8,1242.0,35.0,97.0,0,No Failure,0,0,0,0,0,157.7,71.7
2687,L12686,L,298.8,308.7,1353.0,34.4,100.0,0,No Failure,0,0,0,0,0,154.9,70.4
2688,M12687,M,298.5,308.4,1168.0,65.4,102.0,0,No Failure,0,0,0,0,0,137.3,62.4
2689,L12688,L,301.7,312.9,1321.0,37.3,105.0,0,No Failure,0,0,0,0,0,150.3,68.3
2690,M12689,M,300.5,309.2,1168.0,50.7,426.92,0,No Failure,0,0,0,0,0,128.1,58.2
2691,H12690,H,298.9,310.9,1481.0,31.3,112.0,0,No Failure,0,0,0,0,0,152.9,69.5
2692,L12691,L,299.9,309.9,1168.0,57.0,117.0,0,No Failure,0,0,0,0,0,128.5,58.4
2693,H12692,H,299.1,309.7,1340.0,36.2,119.0,0,No Failure,0,0,0,0,0,145.8,66.3
2694,H12693,H,301.1,311.2,1297.0,40.5,125.0,0,No Failure,0,0,0,0,0,139.3,63.3
2695,H12694,H,305.4,313.7,1356.0,21.7,130.0,1,HDF (Heat Dissipation),0,1,1,0,0,3.7,55.3
2696,L12695,L,301.6,310.5,1168.0,51.2,135.0,0,No Failure,0,0,0,0,0,107.0,48.6
2697,H12696,H,300.4,309.9,1168.0,53.3,138.0,0,No Failure,0,0,0,0,0,116.4,52.9
2698,L12697,L,299.4,310.4,1458.0,28.1,144.0,0,No Failure,0,0,0,0,0,132.4,60.2
2699,L12698,L,298.2,306.8,1168.0,51.7,147.0,0,No Failure,0,0,0,0,0,94.3,42.9
2700,H12699,H,301.9,,,26.6,149.0,0,No Failure,0,0,0,0,0,128.6,58.4
2701,M12700,M,301.8,312.0,1168.0,46.3,154.0,0,No Failure,0,0,0,0,0,113.0,51.4
2702,M12701,M,299.7,300.81,1262.0,37.1,157.0,0,No Failure,0,0,0,0,0,118.9,54.0
2703,L12702,L,302.8,313.2,1184.0,53.4,161.0,0,No Failure,0,0,0,0,0,97.6,44.4
2704,H12703,H,300.6,309.6,1168.0,42.5,163.0,0,No Failure,0,0,0,0,0,102.1,46.4
2705,M12704,M,302.0,310.4,1355.0,49.3,168.0,1,HDF (Heat Dissipation),0,1,0,0,0,7.7,42.7
2706,L12705,L,301.1,298.84,1168.0,52.4,172.0,0,No Failure,0,0,0,0,0,90.2,41.0
2707,H12706,H,300.3,311.7,1332.0,37.1,175.0,0,No Failure,0,0,0,0,0,110.0,50.0
2708,L12707,L,298.9,308.6,1168.0,39.7,180.0,0,No Failure,0,0,0,0,0,94.6,43.0
2709,L12708,L,300.3,309.2,1272.0,28.9,183.0,0,No Failure,0,0,0,0,0,99.1,45.1
2710,M12709,M,302.1,311.7,1311.0,37.0,186.0,0,No Failure,0,0,0,0,0,97.9,44.5
2711,H12710,H,299.7,310.1,1168.0,59.3,190.0,0,No Failure,0,0,0,0,0,79.2,36.0
2712,L12711,L,301.4,311.2,1250.0,47.6,196.0,0,No Failure,0,0,0,0,0,76.0,34.6
2713,L12712,L,298.7,310.1,1682.79,29.6,198.0,0,No Failure,0,0,0,0,0,92.8,42.2
2714,L12713,L,302.0,312.9,1168.0,56.3,201.0,1,OSF (Overstrain Failure),0,0,0,1,0,3.1,28.9
2715,H12714,H,301.2,311.4,1168.0,43.9,203.0,0,No Failure,0,0,0,0,0,85.4,38.8
2716,L12715,L,298.5,306.5,1181.0,48.3,208.0,1,HDF (Heat Dissipation),0,1,0,0,0,4.9,21.0
2717,M12716,M,300.2,309.5,1168.0,44.9,211.0,0,No Failure,0,0,0,0,0,67.4,30.6
2718,H12717,H,302.3,311.8,1168.0,44.2,215.0,0,No Failure,0,0,0,0,0,71.7,32.6
2719,L12718,L,298.4,307.7,1442.0,20.0,221.0,1,PWF (Power Failure),1,0,1,0,0,7.5,33.9
2720,M12719,M,298.7,308.9,1381.0,51.1,0.0,0,No Failure,0,0,0,0,0,220.0,100.0
2721,M12720,M,300.5,310.7,1310.0,17.5,4.0,1,PWF (Power Failure),0,0,1,0,0,3.3,89.0
2722,H12721,H,304.5,312.8,1323.0,50.2,8.0,1,HDF (Heat Dissipation),0,1,0,0,0,0.9,93.2
2723,L12722,L,299.4,310.2,1360.0,41.0,13.0,0,No Failure,0,0,0,0,0,211.1,95.9
2724,L12723,L,301.5,311.5,1170.0,48.4,16.0,0,No Failure,0,0,0,0,0,208.3,94.7
2725,L12724,L,301.1,311.5,1396.0,41.6,19.0,0,No Failure,0,0,0,0,0,206.9,94.0
2726,M12725,M,299.6,310.3,1168.0,50.4,22.0,0,No Failure,0,0,0,0,0,204.2,92.8
2727,M12726,M,300.9,310.1,1168.0,40.2,26.0,0,No Failure,0,0,0,0,0,194.0,88.2
2728,L12727,L,299.8,311.1,1168.0,42.8,30.0,0,No Failure,0,0,0,0,0,199.1,90.5
2729,L12728,L,300.0,309.9,1274.0,44.0,32.0,0,No Failure,0,0,0,0,0,196.7,89.4
2730,H12729,H,297.7,309.2,1168.0,58.8,34.0,0,No Failure,0,0,0,0,0,194.9,88.6
2731,L12730,L,,309.7,1168.0,46.0,40.0,0,No Failure,0,0,0,0,0,181.5,82.5
2732,L12731,L,302.3,313.7,1192.0,26.8,42.0,1,PWF (Power Failure),0,0,1,0,0,5.3,82.8
2733,M12732,M,300.8,309.9,1190.0,34.4,45.0,0,No Failure,0,0,0,0,0,181.8,82.6
2734,L12733,L,302.6,315.1,1168.0,46.0,48.0,0,No Failure,0,0,0,0,0,185.6,84.4
2735,L12734,L,301.7,310.7,1248.0,52.6,51.0,0,No Failure,0,0,0,0,0,172.6,78.4
2736,L12735,L,300.6,311.7,1413.0,32.8,54.0,0,No Failure,0,0,0,0,0,185.6,84.4
2737,L12736,L,299.5,309.1,1212.0,62.4,57.0,0,No Failure,0,0,0,0,0,169.4,77.0
2738,M12737,M,299.8,310.5,1484.0,41.8,60.0,0,No Failure,0,0,0,0,0,179.8,81.7
2739,M12738,M,298.0,308.0,1188.0,44.2,63.0,0,No Failure,0,0,0,0,0,177.0,80.4
2740,M12739,M,300.2,309.1,1464.0,27.5,67.0,0,No Failure,0,0,0,0,0,180.4,82.0
2741,L12740,L,300.9,308.1,1199.0,51.2,71.0,1,HDF (Heat Dissipation),0,1,0,0,0,1.4,61.9
2742,H12741,H,303.8,316.3,1192.0,35.5,74.0,0,No Failure,0,0,0,0,0,174.1,79.1
2743,L12742,L,301.6,311.7,1282.0,32.5,80.0,0,No Failure,0,0,0,0,0,169.2,76.9
2744,M12743,M,299.1,306.2,1229.0,36.8,82.0,1,HDF (Heat Dissipation),0,1,0,0,0,3.2,63.2
2745,L12744,L,298.1,308.4,1168.0,53.8,86.0,0,No Failure,0,0,0,0,0,154.4,70.2
2746,M12745,M,300.3,311.0,1168.0,44.7,88.0,0,No Failure,0,0,0,0,0,159.6,72.6
2747,L12746,L,302.2,311.5,1168.0,31.1,91.0,0,No Failure,0,0,0,0,0,155.3,70.6
2748,L12747,L,300.3,309.6,1395.0,34.7,93.0,0,No Failure,0,0,0,0,0,158.0,71.8
2749,L12748,L,301.7,311.7,1195.0,54.1,96.0,0,No Failure,0,0,0,0,0,146.6,66.6
2750,L12749,L,300.4,311.6,1378.0,37.6,98.0,0,No Failure,0,0,0,0,0,154.8,70.4
2751,L12750,L,302.0,312.1,1168.0,45.6,101.0,0,No Failure,0,0,0,0,0,147.9,67.2
2752,M12751,M,297.8,309.3,1168.0,98.9,104.0,0,No Failure,0,0,0,0,0,146.7,66.7
2753,H12752,H,303.6,326.91,1583.0,,107.0,1,PWF (Power Failure),0,0,1,0,0,6.0,67.2
2754,L12753,L,298.7,308.5,1174.0,52.6,112.0,0,No Failure,0,0,0,0,0,133.2,60.5
2755,H12754,H,302.1,310.5,1168.0,31.5,115.0,1,HDF (Heat Dissipation),0,1,0,0,0,4.2,60.6
2756,M12755,M,300.2,310.0,1225.0,36.4,121.0,0,No Failure,0,0,0,0,0,140.6,63.9
2757,H12756,H,300.5,311.0,1168.0,-0.95,124.0,0,No Failure,0,0,0,0,0,130.6,59.3
2758,M12757,M,300.3,310.4,1168.0,54.5,130.0,0,No Failure,0,0,0,0,0,123.8,56.3
2759,M12758,M,301.2,311.8,1243.0,44.9,133.0,0,No Failure,0,0,0,0,0,128.6,58.5
2760,M12759,M,301.6,312.5,1292.0,47.3,137.0,0,No Failure,0,0,0,0,0,124.1,56.4
2761,M12760,M,302.6,313.1,1168.0,95.17,141.0,0,No Failure,0,0,0,0,0,119.3,54.2
2762,H12761,H,303.3,313.0,1168.0,5.19,144.0,0,No Failure,0,0,0,0,0,113.6,51.7
2763,L12762,L,301.3,311.8,1168.0,55.6,149.0,0,No Failure,0,0,0,0,0,104.7,47.6
2764,L12763,L,303.8,316.0,1331.0,41.1,151.0,0,No Failure,0,0,0,0,0,116.3,52.9
2765,L12764,L,300.9,309.4,1224.0,32.6,153.0,1,HDF (Heat Dissipation),0,1,0,0,0,6.1,49.0
2766,H12765,H,302.7,313.2,1232.0,37.4,155.0,0,No Failure,0,0,0,0,0,122.4,55.6
2767,L12766,L,301.5,313.3,,41.3,160.0,0,No Failure,0,0,0,0,0,110.0,50.0
2768,M12767,M,299.8,308.6,1168.0,39.5,163.0,0,No Failure,0,0,0,0,0,99.7,45.3
2769,H12768,H,301.1,312.1,1355.0,29.9,167.0,0,No Failure,0,0,0,0,0,121.2,55.1
2770,H12769,H,301.7,312.8,1168.0,44.4,173.0,0,No Failure,0,0,0,0,0,104.9,47.7
2771,L12770,L,300.7,309.2,1351.0,24.3,178.0,1,HDF (Heat Dissipation),0,1,1,0,0,2.7,45.1
2772,M12771,M,301.5,312.2,1296.0,40.9,181.0,0,No Failure,0,0,0,0,0,99.6,45.3
2773,H12772,H,302.3,312.0,1221.0,41.5,185.0,0,No Failure,0,0,0,0,0,96.6,43.9
2774,L12773,L,300.7,310.6,1191.0,41.2,191.0,0,No Failure,0,0,0,0,0,87.6,39.8
2775,M12774,M,295.5,305.2,668.64,48.5,194.0,0,No Failure,0,0,0,0,0,80.1,36.4
2776,L12775,L,303.8,315.1,1203.0,47.2,198.0,0,No Failure,0,0,0,0,0,76.8,34.9
2777,M12776,M,300.2,310.1,1168.0,62.2,200.0,1,OSF (Overstrain Failure),0,0,0,1,0,0.0,28.4
2778,M12777,M,299.3,308.8,1168.0,34.8,204.0,0,No Failure,0,0,0,0,0,85.7,39.0
2779,L12778,L,298.7,308.3,1224.0,42.8,207.0,0,No Failure,0,0,0,0,0,71.8,32.6
2780,L12779,L,300.2,309.9,1307.0,42.2,210.0,1,TWF (Tool Wear Failure),1,0,0,0,0,5.2,33.0
2781,L12780,L,299.8,308.7,1168.0,41.7,213.0,0,No Failure,0,0,0,0,0,60.9,27.7
2782,L12781,L,299.5,309.0,1168.0,27.4,0.0,1,PWF (Power Failure),0,0,1,0,0,1.3,91.9
2783,M12782,M,299.6,309.7,1420.0,28.2,3.0,0,No Failure,0,0,0,0,0,218.2,99.2
2784,L12783,L,301.7,312.1,1286.0,40.1,7.0,0,No Failure,0,0,0,0,0,215.2,97.8
2785,L12784,L,304.4,315.6,1430.0,24.2,10.0,0,No Failure,0,0,0,0,0,209.3,95.1
2786,M12785,M,302.3,312.5,1220.0,36.7,12.0,0,No Failure,0,0,0,0,0,212.3,96.5
2787,M12786,M,302.8,312.3,1359.0,33.5,15.0,0,No Failure,0,0,0,0,0,208.6,94.8
2788,M12787,M,300.1,309.1,1168.0,37.0,19.0,0,No Failure,0,0,0,0,0,196.8,89.4
2789,H12788,H,301.0,311.3,1168.0,51.3,23.0,0,No Failure,0,0,0,0,0,203.9,92.7
2790,L12789,L,301.6,311.5,1168.0,29.2,29.0,0,No Failure,0,0,0,0,0,194.8,88.5
2791,H12790,H,299.6,309.5,1267.0,48.7,31.0,0,No Failure,0,0,0,0,0,197.9,90.0
2792,L12791,L,300.0,310.3,1247.0,34.3,36.0,0,No Failure,0,0,0,0,0,196.8,89.4
2793,M12792,M,302.3,312.8,1196.0,35.5,39.0,0,No Failure,0,0,0,0,0,195.2,88.7
2794,H12793,H,292.71,313.1,1233.0,44.7,42.0,0,No Failure,0,0,0,0,0,192.0,87.3
2795,H12794,H,300.9,310.7,1179.0,37.3,47.0,0,No Failure,0,0,0,0,0,188.2,85.6
2796,M12795,M,298.7,307.9,1403.0,31.1,53.0,0,No Failure,0,0,0,0,0,186.0,84.5
2797,M12796,M,300.3,309.7,1418.0,36.3,56.0,0,No Failure,0,0,0,0,0,183.3,83.3
2798,L12797,L,298.2,309.0,1474.0,22.2,60.0,1,PWF (Power Failure),0,0,1,0,0,4.6,79.7
2799,M12798,M,301.0,310.6,1168.0,43.8,62.0,0,No Failure,0,0,0,0,0,173.4,78.8
2800,M12799,M,301.3,310.0,1783.0,9.0,65.0,1,PWF (Power Failure),0,0,1,0,0,1.9,75.5
2801,H12800,H,300.3,311.5,1214.0,48.9,69.0,0,No Failure,0,0,0,0,0,172.5,78.4
2802,L12801,L,301.3,310.4,1293.0,46.2,74.0,0,No Failure,0,0,0,0,0,160.7,73.0
2803,L12802,L,301.6,311.6,1168.0,56.0,77.0,0,No Failure,0,0,0,0,0,160.2,72.8
2804,M12803,M,301.3,311.8,1168.0,61.8,80.0,0,No Failure,0,0,0,0,0,157.6,71.6
2805,L12804,L,298.7,308.7,1236.0,49.4,84.0,0,No Failure,0,0,0,0,0,158.1,71.9
2806,L12805,L,300.4,307.9,,33.7,86.0,1,HDF (Heat Dissipation),0,1,0,0,0,5.4,62.4
2807,L12806,L,301.6,312.0,1168.0,61.7,89.0,0,No Failure,0,0,0,0,0,147.9,67.2
2808,M12807,M,303.7,315.0,1203.0,28.1,91.0,0,No Failure,0,0,0,0,0,158.7,72.2
2809,L12808,L,300.4,311.2,1178.0,21.0,94.0,1,PWF (Power Failure),0,0,1,0,0,7.3,65.8
2810,L12809,L,301.8,309.7,1168.0,58.5,96.0,1,HDF (Heat Dissipation),0,1,0,0,0,7.4,55.0
2811,L12810,L,302.4,314.5,1168.0,46.0,99.0,0,No Failure,0,0,0,0,0,149.1,67.8
2812,H12811,H,300.5,309.2,1405.0,21.2,101.0,1,PWF (Power Failure),0,0,1,0,0,2.1,65.2
2813,M12812,M,302.9,311.8,1273.0,26.4,107.0,0,No Failure,0,0,0,0,0,141.1,64.1
2814,L12813,L,303.0,313.8,1168.0,45.5,111.0,0,No Failure,0,0,0,0,0,140.9,64.0
2815,L12814,L,303.3,313.8,1198.0,31.3,114.0,0,No Failure,0,0,0,0,0,148.4,67.5
2816,M12815,M,301.7,311.8,1168.0,32.7,116.0,0,No Failure,0,0,0,0,0,148.1,67.3
2817,L12816,L,305.1,314.5,1168.0,59.7,119.0,0,No Failure,0,0,0,0,0,118.4,53.8
2818,M12817,M,299.8,311.1,1182.0,61.5,121.0,0,No Failure,0,0,0,0,0,125.8,57.2
2819,L12818,L,304.7,314.7,1168.0,41.5,124.0,0,No Failure,0,0,0,0,0,134.6,61.2
2820,H12819,H,302.2,310.6,1168.0,38.5,126.0,1,HDF (Heat Dissipation),0,1,0,0,0,1.4,55.6
2821,L12820,L,303.3,314.5,1168.0,49.0,131.0,0,No Failure,0,0,0,0,0,123.8,56.3
2822,M12821,M,300.3,310.5,1370.0,34.4,134.0,0,No Failure,0,0,0,0,0,135.7,61.7
2823,L12822,L,302.4,313.5,1624.0,17.7,138.0,1,PWF (Power Failure),0,0,1,0,0,4.3,55.9
2824,H12823,H,303.4,314.0,1805.0,12.4,,1,PWF (Power Failure),0,0,1,0,0,0.2,58.0
2825,H12824,H,298.9,311.3,1168.0,39.3,145.0,0,No Failure,0,0,0,0,0,127.3,57.8
2826,M12825,M,300.6,310.3,1200.0,48.8,151.0,0,No Failure,0,0,0,0,0,109.7,49.9
2827,L12826,L,297.0,307.0,1352.0,40.2,155.0,0,No Failure,0,0,0,0,0,114.4,52.0
2828,L12827,L,300.6,311.3,1174.0,48.1,158.0,0,No Failure,0,0,0,0,0,104.9,47.7
2829,H12828,H,299.4,309.1,1210.0,49.1,161.0,0,No Failure,0,0,0,0,0,105.9,48.1
2830,M12829,M,300.5,311.3,1168.0,53.9,167.0,0,No Failure,0,0,0,0,0,97.0,44.1
2831,L12830,L,306.1,313.2,1168.0,41.9,171.0,1,HDF (Heat Dissipation),0,1,0,0,0,5.0,31.8
2832,L12831,L,304.0,313.9,1267.0,42.8,472.21,0,No Failure,0,0,0,0,0,98.0,44.5
2833,L12832,L,298.3,308.2,1226.0,39.6,177.0,0,No Failure,0,0,0,0,0,99.1,45.0
2834,H12833,H,301.9,311.8,1313.0,37.4,180.0,0,No Failure,0,0,0,0,0,106.0,48.2
2835,M12834,M,302.3,311.4,1547.0,24.3,185.0,0,No Failure,0,0,0,0,0,113.9,51.8
2836,M12835,M,300.3,311.2,1168.0,51.7,189.0,0,No Failure,0,0,0,0,0,83.1,37.8
2837,M12836,M,301.2,310.7,1168.0,36.2,193.0,0,No Failure,0,0,0,0,0,91.2,41.4
2838,L12837,L,301.4,311.6,1303.0,35.6,197.0,0,No Failure,0,0,0,0,0,91.2,41.5
2839,L12838,L,298.5,308.5,1254.0,34.6,199.0,0,No Failure,0,0,0,0,0,91.1,41.4
2840,L12839,L,299.0,309.5,1519.0,26.6,201.0,0,No Failure,0,0,0,0,0,99.5,45.2
2841,M12840,M,301.2,312.6,1183.0,39.1,203.0,0,No Failure,0,0,0,0,0,87.0,39.6
2842,L12841,L,301.1,311.3,1413.0,45.2,207.0,1,TWF (Tool Wear Failure),1,0,0,0,0,2.4,33.1
2843,L12842,L,299.6,310.4,1214.0,32.9,210.0,0,No Failure,0,0,0,0,0,86.1,39.2
2844,L12843,L,299.5,309.6,1269.0,50.4,213.0,0,No Failure,0,0,0,0,0,61.9,28.1
2845,L12844,L,300.8,310.3,1168.0,36.3,215.0,1,TWF (Tool Wear Failure),1,0,0,0,0,0.5,33.2
2846,M12845,M,302.5,312.4,1326.0,24.7,217.0,1,PWF (Power Failure),1,0,1,0,0,2.3,38.3
2847,L12846,L,300.8,310.5,1168.0,53.7,221.0,1,OSF (Overstrain Failure),0,0,0,1,0,3.6,21.9
2848,L12847,L,303.8,314.4,1168.0,42.0,0.0,0,No Failure,0,0,0,0,0,220.0,100.0
2849,M12848,M,299.7,309.8,1168.0,48.6,2.0,0,No Failure,0,0,0,0,0,218.6,99.4
2850,L12849,L,301.3,310.5,1168.0,48.9,6.0,0,No Failure,0,0,0,0,0,206.8,94.0
2851,L12850,L,300.3,310.1,1218.0,30.5,8.0,0,No Failure,0,0,0,0,0,213.0,96.8
2852,L12851,L,302.0,310.5,1271.0,34.8,10.0,1,HDF (Heat Dissipation),0,1,0,0,0,0.9,91.7
2853,H12852,H,299.5,309.3,1168.0,50.3,12.0,0,No Failure,0,0,0,0,0,209.5,95.2
2854,L12853,L,304.4,314.4,1168.0,58.4,17.0,0,No Failure,0,0,0,0,0,206.6,93.9
2855,M12854,M,297.9,309.7,1181.0,40.6,20.0,0,No Failure,0,0,0,0,0,206.7,94.0
2856,H12855,H,304.0,315.3,1477.0,33.7,24.0,0,No Failure,0,0,0,0,0,205.3,93.3
2857,M12856,M,301.1,310.1,1168.0,56.8,29.0,0,No Failure,0,0,0,0,0,187.2,85.1
2858,L12857,L,301.9,312.1,1217.0,33.7,32.0,0,No Failure,0,0,0,0,0,199.4,90.7
2859,M12858,M,303.3,302.35,1194.0,43.3,34.0,0,No Failure,0,0,0,0,0,196.9,89.5
2860,L12859,L,302.5,312.3,1244.0,35.7,,0,No Failure,0,0,0,0,0,194.0,88.2
2861,L12860,L,299.6,309.4,1168.0,42.7,40.0,0,No Failure,0,0,0,0,0,190.0,86.3
2862,M12861,M,302.0,311.6,1311.0,30.5,42.0,0,No Failure,0,0,0,0,0,192.0,87.3
2863,L12862,L,304.3,316.2,1333.0,36.3,45.0,0,No Failure,0,0,0,0,0,190.4,86.5
2864,L12863,L,299.4,309.0,1450.0,33.7,47.0,0,No Failure,0,0,0,0,0,189.8,86.3
2865,L12864,L,304.8,315.1,1244.0,46.6,49.0,0,No Failure,0,0,0,0,0,184.7,84.0
2866,L12865,L,301.6,309.1,1168.0,41.6,51.0,1,HDF (Heat Dissipation),0,1,0,0,0,5.6,71.5
2867,L12866,L,300.2,311.0,1168.0,48.8,54.0,0,No Failure,0,0,0,0,0,180.4,82.0
2868,M12867,M,299.3,310.5,1458.0,31.7,328.39,0,No Failure,0,0,0,0,0,185.0,84.1
2869,H12868,H,300.6,309.5,,-5.21,61.0,0,No Failure,0,0,0,0,0,169.3,77.0
2870,L12869,L,297.4,306.9,1168.0,46.3,66.0,0,No Failure,0,0,0,0,0,167.1,76.0
2871,M12870,M,300.2,310.7,1373.0,48.6,68.0,0,No Failure,0,0,0,0,0,171.9,78.1
2872,L12871,L,300.5,310.5,1240.0,25.5,72.0,1,PWF (Power Failure),0,0,1,0,0,6.8,74.5
2873,L12872,L,299.0,309.5,1168.0,43.2,74.0,0,No Failure,0,0,0,0,0,168.3,76.5
2874,L12873,L,302.3,312.0,709.37,31.9,77.0,0,No Failure,0,0,0,0,0,168.5,76.6
2875,L12874,L,300.6,312.5,1168.0,49.1,80.0,0,No Failure,0,0,0,0,0,161.2,73.3
2876,L12875,L,299.8,309.1,1174.0,58.6,83.0,0,No Failure,0,0,0,0,0,146.6,66.6
2877,L12876,L,300.4,313.1,1689.0,13.9,85.0,1,PWF (Power Failure),0,0,1,0,0,3.9,69.8
2878,L12877,L,301.6,301.87,1234.0,33.4,87.0,0,No Failure,0,0,0,0,0,164.3,74.7
2879,M12878,M,301.1,311.9,1168.0,42.6,89.0,0,No Failure,0,0,0,0,0,160.0,72.7
2880,L12879,L,,308.7,1168.0,40.0,93.0,0,No Failure,0,0,0,0,0,145.8,66.3
2881,L12880,L,301.2,312.1,1168.0,49.4,95.0,0,No Failure,0,0,0,0,0,150.0,68.2
2882,L12881,L,300.9,311.5,1257.0,40.8,97.0,0,No Failure,0,0,0,0,0,153.6,69.8
2883,M12882,M,298.9,306.8,1236.0,34.7,99.0,1,HDF (Heat Dissipation),0,1,0,0,0,4.2,62.6
2884,L12883,L,300.5,309.1,1205.0,29.8,102.0,0,No Failure,0,0,0,0,0,140.7,64.0
2885,M12884,M,302.0,312.4,1168.0,28.1,105.0,1,PWF (Power Failure),0,0,1,0,0,2.6,67.1
2886,L12885,L,302.0,311.9,1355.0,-21.57,109.0,0,No Failure,0,0,0,0,0,150.3,68.3
2887,L12886,L,300.6,310.1,1171.0,34.3,112.0,0,No Failure,0,0,0,0,0,142.2,64.6
2888,H12887,H,302.2,313.3,1168.0,43.8,115.0,0,No Failure,0,0,0,0,0,143.8,65.4
2889,L12888,L,299.2,308.3,1168.0,38.4,120.0,0,No Failure,0,0,0,0,0,129.7,58.9
2890,L12889,L,299.3,308.8,1402.0,33.5,123.0,0,No Failure,0,0,0,0,0,140.1,63.7
2891,L12890,L,300.5,309.9,1329.0,29.9,126.0,0,No Failure,0,0,0,0,0,138.8,63.1
2892,H12891,H,303.7,314.2,1260.0,33.0,128.0,0,No Failure,0,0,0,0,0,142.2,64.7
2893,M12892,M,301.3,309.6,1280.0,34.4,134.0,1,HDF (Heat Dissipation),0,1,0,0,0,4.9,55.9
2894,M12893,M,300.5,310.0,1204.0,32.5,138.0,0,No Failure,0,0,0,0,0,129.2,58.7
2895,H12894,H,303.8,312.1,1168.0,46.7,141.0,1,HDF (Heat Dissipation),0,1,0,0,0,6.9,48.1
2896,L12895,L,300.5,310.2,1168.0,53.7,147.0,0,No Failure,0,0,0,0,0,104.7,47.6
2897,H12896,H,305.0,315.7,1420.0,28.2,149.0,0,No Failure,0,0,0,0,0,133.1,60.5
2898,L12897,L,300.1,310.8,1168.0,51.2,155.0,0,No Failure,0,0,0,0,0,104.2,47.4
2899,M12898,M,299.2,308.5,1442.0,46.9,158.0,0,No Failure,0,0,0,0,0,109.5,49.8
2900,L12899,L,300.7,311.2,1168.0,41.8,161.0,0,No Failure,0,0,0,0,0,108.8,49.4
2901,L12900,L,300.6,310.4,1168.0,55.3,164.0,0,No Failure,0,0,0,0,0,91.2,41.5
2902,H12901,H,299.6,311.0,1168.0,38.3,166.0,0,No Failure,0,0,0,0,0,114.7,52.1
2903,L12902,L,305.7,315.6,1245.0,44.0,172.0,0,No Failure,0,0,0,0,0,98.0,44.6
2904,H12903,H,301.6,308.6,1168.0,41.2,174.0,1,HDF (Heat Dissipation),0,1,0,0,0,1.3,33.7
2905,L12904,L,301.9,312.8,1168.0,40.5,179.0,0,No Failure,0,0,0,0,0,97.7,44.4
2906,M12905,M,300.2,309.7,1168.0,44.6,181.0,0,No Failure,0,0,0,0,0,90.5,41.1
2907,H12906,H,300.0,309.7,1188.0,40.5,184.0,0,No Failure,0,0,0,0,0,97.9,44.5
2908,L12907,L,302.9,313.2,1168.0,44.7,190.0,0,No Failure,0,0,0,0,0,85.4,38.8
2909,H12908,H,298.0,306.6,1271.0,33.3,193.0,0,No Failure,0,0,0,0,0,91.4,41.6
2910,M12909,M,299.0,309.1,1387.0,33.6,198.0,0,No Failure,0,0,0,0,0,96.3,43.8
2911,M12910,M,300.6,311.1,1168.0,33.3,201.0,0,No Failure,0,0,0,0,0,94.7,43.1
2912,L12911,L,303.5,313.9,1174.0,-13.47,205.0,0,No Failure,0,0,0,0,0,85.0,38.6
2913,M12912,M,300.4,309.8,1168.0,50.1,207.0,0,No Failure,0,0,0,0,0,65.3,29.7
2914,M12913,M,301.8,312.8,1295.0,35.4,211.0,0,No Failure,0,0,0,0,0,86.1,39.1
2915,L12914,L,301.1,310.1,1168.0,46.5,215.0,1,TWF (Tool Wear Failure),1,0,0,0,0,7.1,24.7
2916,L12915,L,303.4,312.8,1249.0,42.7,,0,No Failure,0,0,0,0,0,214.7,97.6
2917,L12916,L,298.2,308.1,1168.0,35.6,2.0,0,No Failure,0,0,0,0,0,217.6,98.9
2918,H12917,H,302.4,312.7,,53.1,4.0,0,No Failure,0,0,0,0,0,217.2,98.7
2919,L12918,L,300.7,310.4,1184.0,47.4,10.0,0,No Failure,0,0,0,0,0,209.5,95.2
2920,M12919,M,302.7,313.9,1371.0,40.0,12.0,0,No Failure,0,0,0,0,0,212.1,96.4
2921,H12920,H,299.6,309.9,1168.0,39.2,16.0,0,No Failure,0,0,0,0,0,209.8,95.4
2922,L12921,L,,311.2,1168.0,40.9,22.0,0,No Failure,0,0,0,0,0,204.9,93.1
2923,L12922,L,300.9,311.2,1405.0,24.7,25.0,0,No Failure,0,0,0,0,0,200.7,91.2
2924,M12923,M,299.2,309.9,1168.0,31.8,28.0,0,No Failure,0,0,0,0,0,202.8,92.2
2925,L12924,L,298.7,308.9,1168.0,44.6,31.0,0,No Failure,0,0,0,0,0,198.1,90.0
2926,M12925,M,300.0,308.2,1278.0,24.2,34.0,1,HDF (Heat Dissipation),0,1,1,0,0,4.9,77.9
2927,M12926,M,301.3,312.4,1175.0,32.5,38.0,0,No Failure,0,0,0,0,0,196.5,89.3
2928,M12927,M,299.7,309.8,1368.0,36.1,42.0,0,No Failure,0,0,0,0,0,193.2,87.8
2929,L12928,L,300.5,311.2,1168.0,69.0,45.0,0,No Failure,0,0,0,0,0,181.6,82.5
2930,M12929,M,297.7,307.3,1168.0,46.7,48.0,0,No Failure,0,0,0,0,0,182.2,82.8
2931,M12930,M,300.4,308.6,1168.0,51.0,52.0,1,HDF (Heat Dissipation),0,1,0,0,0,0.9,74.0
2932,L12931,L,302.9,310.6,1168.0,31.9,56.0,1,HDF (Heat Dissipation),0,1,0,0,0,7.8,72.4
2933,M12932,M,302.3,311.4,1168.0,43.6,59.0,0,No Failure,0,0,0,0,0,170.0,77.3
2934,H12933,H,300.9,311.4,1364.0,22.4,62.0,1,PWF (Power Failure),0,0,1,0,0,5.4,76.9
2935,M12934,M,301.5,312.8,1168.0,36.7,68.0,0,No Failure,0,0,0,0,0,176.4,80.2
2936,L12935,L,299.6,309.9,1168.0,45.1,71.0,0,No Failure,0,0,0,0,0,169.5,77.1
2937,L12936,L,304.0,312.9,1354.0,25.8,74.0,0,No Failure,0,0,0,0,0,167.4,76.1
2938,L12937,L,304.8,314.0,1232.0,43.9,76.0,0,No Failure,0,0,0,0,0,158.9,72.2
2939,L12938,L,301.4,312.8,1168.0,44.8,78.0,0,No Failure,0,0,0,0,0,164.7,74.9
2940,L12939,L,,314.4,1290.0,34.0,81.0,0,No Failure,0,0,0,0,0,158.7,72.1
2941,H12940,H,299.8,311.9,1367.0,31.7,83.0,0,No Failure,0,0,0,0,0,170.1,77.3
2942,L12941,L,298.8,310.7,1473.0,32.8,88.0,0,No Failure,0,0,0,0,0,164.0,74.5
2943,H12942,H,299.8,311.9,1229.0,36.5,90.0,0,No Failure,0,0,0,0,0,163.7,74.4
2944,L12943,L,300.7,311.1,1360.0,36.8,95.0,0,No Failure,0,0,0,0,0,157.2,71.5
2945,L12944,L,305.2,314.9,1209.0,45.1,98.0,0,No Failure,0,0,0,0,0,147.2,66.9
2946,L12945,L,300.6,311.0,1272.0,34.7,100.0,0,No Failure,0,0,0,0,0,155.2,70.5
2947,L12946,L,299.5,310.4,1168.0,56.0,102.0,0,No Failure,0,0,0,0,0,140.8,64.0
2948,M12947,M,299.5,308.8,1228.0,55.9,104.0,0,No Failure,0,0,0,0,0,135.4,61.6
2949,H12948,H,303.1,312.0,1209.0,42.4,107.0,0,No Failure,0,0,0,0,0,138.2,62.8
2950,H12949,H,302.9,312.6,1396.0,36.6,112.0,0,No Failure,0,0,0,0,0,149.2,67.8
2951,L12950,L,300.2,309.4,1278.0,34.7,117.0,0,No Failure,0,0,0,0,0,138.1,62.8
2952,M12951,M,297.7,308.9,1251.0,43.2,119.0,0,No Failure,0,0,0,0,0,139.4,63.3
2953,L12952,L,299.1,308.5,1168.0,44.9,123.0,0,No Failure,0,0,0,0,0,126.1,57.3
2954,H12953,H,304.2,314.3,1221.0,38.0,126.0,0,No Failure,0,0,0,0,0,140.3,63.8
2955,M12954,M,302.3,313.3,1168.0,36.1,131.0,0,No Failure,0,0,0,0,0,136.3,62.0
2956,L12955,L,301.2,312.5,1224.0,43.5,134.0,0,No Failure,0,0,0,0,0,126.1,57.3
2957,L12956,L,304.5,314.7,1244.0,40.7,137.0,0,No Failure,0,0,0,0,0,126.3,57.4
2958,L12957,L,,315.0,1390.0,34.3,140.0,0,No Failure,0,0,0,0,0,129.6,58.9
2959,L12958,L,301.0,310.0,1168.0,41.1,143.0,0,No Failure,0,0,0,0,0,110.8,50.4
2960,H12959,H,301.1,312.1,1168.0,33.9,145.0,0,No Failure,0,0,0,0,0,131.2,59.7
2961,M12960,M,300.1,311.4,1168.0,32.5,151.0,0,No Failure,0,0,0,0,0,126.6,57.5
2962,H12961,H,300.6,308.7,1192.0,40.0,154.0,1,HDF (Heat Dissipation),0,1,0,0,0,6.5,45.5
2963,L12962,L,298.4,310.2,1264.0,34.3,159.0,0,No Failure,0,0,0,0,0,117.3,53.3
2964,M12963,M,298.4,307.7,1168.0,32.7,162.0,0,No Failure,0,0,0,0,0,111.9,50.9
2965,L12964,L,298.0,308.6,1168.0,50.5,165.0,0,No Failure,0,0,0,0,0,97.4,44.3
2966,M12965,M,303.1,313.2,1168.0,36.1,168.0,0,No Failure,0,0,0,0,0,112.7,51.2
2967,L12966,L,298.3,308.2,1239.0,58.4,172.0,0,No Failure,0,0,0,0,0,83.1,37.8
2968,L12967,L,304.6,,1168.0,46.3,175.0,0,No Failure,0,0,0,0,0,92.2,41.9
2969,M12968,M,299.8,308.8,1405.0,31.8,177.0,0,No Failure,0,0,0,0,0,109.2,49.6
2970,L12969,L,304.2,,1168.0,51.6,180.0,0,No Failure,0,0,0,0,0,85.1,38.7
2971,L12970,L,300.5,310.2,,32.8,183.0,0,No Failure,0,0,0,0,0,100.2,45.5
2972,M12971,M,298.3,307.0,1272.0,59.7,185.0,0,No Failure,0,0,0,0,0,67.7,30.8
2973,L12972,L,303.4,312.4,1308.0,42.3,189.0,0,No Failure,0,0,0,0,0,82.6,37.6
2974,H12973,H,303.6,312.3,1333.0,45.4,191.0,0,No Failure,0,0,0,0,0,85.2,38.7
2975,M12974,M,299.5,309.0,1235.0,40.3,196.0,0,No Failure,0,0,0,0,0,85.6,38.9
2976,H12975,H,300.5,311.0,1168.0,42.7,200.0,0,No Failure,0,0,0,0,0,88.6,40.3
2977,M12976,M,299.5,308.8,1228.0,37.7,205.0,0,No Failure,0,0,0,0,0,80.5,36.6
2978,M12977,M,300.9,311.9,1306.0,30.7,209.0,0,No Failure,0,0,0,0,0,92.8,42.2
2979,M12978,M,301.3,311.2,1168.0,43.4,212.0,0,No Failure,0,0,0,0,0,75.0,34.1
2980,H12979,H,300.5,310.2,1168.0,50.2,215.0,0,No Failure,0,0,0,0,0,67.3,30.6
2981,M12980,M,297.8,307.8,1355.0,28.1,221.0,0,No Failure,0,0,0,0,0,88.6,40.3
2982,L12981,L,300.1,311.5,1168.0,55.4,0.0,0,No Failure,0,0,0,0,0,220.0,100.0
2983,L12982,L,302.4,311.0,729.82,46.0,2.0,0,No Failure,0,0,0,0,0,205.6,93.5
2984,M12983,M,300.7,312.4,1431.0,35.6,4.0,0,No Failure,0,0,0,0,0,217.5,98.8
2985,L12984,L,300.5,311.5,1294.0,35.5,8.0,0,No Failure,0,0,0,0,0,214.8,97.6
2986,L12985,L,299.5,309.5,1168.0,58.6,10.0,0,No Failure,0,0,0,0,0,212.1,96.4
2987,L12986,L,300.0,311.2,1168.0,49.4,13.0,0,No Failure,0,0,0,0,0,210.4,95.6
2988,M12987,M,303.7,313.4,1206.0,51.4,16.0,0,No Failure,0,0,0,0,0,205.2,93.3
2989,L12988,L,299.1,309.4,1308.0,37.5,19.0,0,No Failure,0,0,0,0,0,207.4,94.3
2990,M12989,M,302.4,311.9,1248.0,45.6,21.0,0,No Failure,0,0,0,0,0,201.0,91.4
2991,M12990,M,301.2,312.2,,95.02,24.0,0,No Failure,0,0,0,0,0,203.7,92.6
2992,H12991,H,301.6,310.9,1168.0,38.3,28.0,0,No Failure,0,0,0,0,0,194.5,88.4
2993,L12992,L,299.8,318.99,1214.0,41.1,34.0,0,No Failure,0,0,0,0,0,195.6,88.9
2994,M12993,M,300.5,311.2,1168.0,51.1,37.0,0,No Failure,0,0,0,0,0,193.3,87.9
2995,M12994,M,301.1,312.1,1168.0,56.0,41.0,0,No Failure,0,0,0,0,0,189.3,86.1
2996,L12995,L,300.2,309.4,1168.0,37.5,44.0,0,No Failure,0,0,0,0,0,181.9,82.7
2997,M12996,M,301.7,312.5,1528.0,26.9,46.0,0,No Failure,0,0,0,0,0,193.0,87.7
2998,L12997,L,302.0,311.0,1168.0,56.4,49.0,0,No Failure,0,0,0,0,0,170.9,77.7
2999,H12998,H,305.1,312.9,1168.0,56.6,52.0,1,HDF (Heat Dissipation),0,1,0,0,0,5.4,71.8
3000,L12999,L,301.6,310.9,1205.0,44.0,57.0,0,No Failure,0,0,0,0,0,172.3,78.3
3001,H13000,H,297.7,308.5,1168.0,57.9,60.0,0,No Failure,0,0,0,0,0,176.0,80.0
3002,M13001,M,303.2,313.2,1168.0,43.3,65.0,0,No Failure,0,0,0,0,0,175.9,80.0
3003,L13002,L,300.8,310.3,1287.0,-12.76,68.0,0,No Failure,0,0,0,0,0,173.9,79.0
3004,M13003,M,304.8,314.9,1193.0,26.9,71.0,1,PWF (Power Failure),0,0,1,0,0,5.7,75.5
3005,L13004,L,303.8,313.8,1282.0,26.8,74.0,0,No Failure,0,0,0,0,0,170.0,77.3
3006,M13005,M,300.2,310.8,1168.0,40.0,77.0,0,No Failure,0,0,0,0,0,169.2,76.9
3007,M13006,M,302.4,310.8,1168.0,35.3,81.0,1,HDF (Heat Dissipation),0,1,0,0,0,0.4,68.7
3008,L13007,L,300.1,310.0,1319.0,34.2,85.0,0,No Failure,0,0,0,0,0,164.6,74.8
3009,L13008,L,301.2,311.3,1168.0,38.9,87.0,0,No Failure,0,0,0,0,0,161.4,73.4
3010,M13009,M,302.4,311.0,1202.0,48.6,90.0,0,No Failure,0,0,0,0,0,141.1,64.1
3011,L13010,L,303.2,311.8,1250.0,34.5,94.0,0,No Failure,0,0,0,0,0,146.9,66.8
3012,H13011,H,302.8,312.4,1242.0,32.8,97.0,0,No Failure,0,0,0,0,0,157.5,71.6
3013,M13012,M,301.3,311.3,1179.0,35.2,103.0,0,No Failure,0,0,0,0,0,154.7,70.3
3014,M13013,M,305.6,315.6,1168.0,49.2,107.0,0,No Failure,0,0,0,0,0,144.0,65.4
3015,L13014,L,300.5,309.9,1168.0,39.3,111.0,0,No Failure,0,0,0,0,0,138.4,62.9
3016,M13015,M,298.3,307.7,1326.0,,113.0,0,No Failure,0,0,0,0,0,140.4,63.8
3017,H13016,H,298.6,308.2,1168.0,55.5,116.0,0,No Failure,0,0,0,0,0,131.9,59.9
3018,L13017,L,303.8,314.1,1168.0,68.4,121.0,0,No Failure,0,0,0,0,0,117.1,53.2
3019,L13018,L,301.0,312.2,1275.0,46.4,123.0,0,No Failure,0,0,0,0,0,131.6,59.8
3020,L13019,L,301.4,309.2,1168.0,45.4,125.0,1,HDF (Heat Dissipation),0,1,0,0,0,3.5,48.5
3021,L13020,L,300.2,310.8,1168.0,28.2,127.0,1,PWF (Power Failure),0,0,1,0,0,5.2,60.4
3022,M13021,M,300.3,310.2,1168.0,43.7,130.0,0,No Failure,0,0,0,0,0,130.5,59.3
3023,L13022,L,299.7,310.2,1288.0,95.87,133.0,0,No Failure,0,0,0,0,0,129.1,58.7
3024,M13023,M,302.0,,1168.0,48.9,135.0,0,No Failure,0,0,0,0,0,124.3,56.5
3025,L13024,L,301.0,310.2,1168.0,36.1,138.0,0,No Failure,0,0,0,0,0,120.6,54.8
3026,L13025,L,301.9,312.8,1199.0,42.0,141.0,0,No Failure,0,0,0,0,0,122.4,55.6
3027,L13026,L,301.8,310.5,1374.0,2.34,143.0,0,No Failure,0,0,0,0,0,113.2,51.4
3028,H13027,H,300.4,310.5,1168.0,59.0,,0,No Failure,0,0,0,0,0,112.0,50.9
3029,M13028,M,298.5,308.3,1168.0,55.6,152.0,0,No Failure,0,0,0,0,0,104.4,47.5
3030,L13029,L,298.4,308.4,1168.0,52.7,156.0,0,No Failure,0,0,0,0,0,102.0,46.4
3031,M13030,M,316.32,315.6,1168.0,47.3,158.0,0,No Failure,0,0,0,0,0,98.4,44.7
3032,L13031,L,303.8,314.2,1291.0,35.7,162.0,0,No Failure,0,0,0,0,0,114.0,51.8
3033,L13032,L,303.6,315.2,1223.0,47.3,165.0,0,No Failure,0,0,0,0,0,100.6,45.7
3034,L13033,L,300.0,309.0,1286.0,32.3,168.0,0,No Failure,0,0,0,0,0,106.3,48.3
3035,H13034,H,292.5,321.8,1168.0,37.9,170.0,0,No Failure,0,0,0,0,0,112.5,51.1
3036,M13035,M,299.7,310.6,1351.0,57.8,176.0,0,No Failure,0,0,0,0,0,86.6,39.4
3037,M13036,M,298.8,308.5,1168.0,45.4,180.0,0,No Failure,0,0,0,0,0,92.6,42.1
3038,L13037,L,,311.5,1177.0,42.3,184.0,0,No Failure,0,0,0,0,0,92.3,42.0
3039,L13038,L,303.6,313.2,1344.0,43.6,186.0,0,No Failure,0,0,0,0,0,87.6,39.8
3040,M13039,M,302.7,312.6,1168.0,39.1,189.0,0,No Failure,0,0,0,0,0,95.1,43.2
3041,L13040,L,299.4,308.4,1595.0,18.4,193.0,1,PWF (Power Failure),0,0,1,0,0,2.2,42.6
3042,H13041,H,300.6,310.7,1352.0,27.4,196.0,0,No Failure,0,0,0,0,0,106.5,48.4
3043,M13042,M,302.5,312.5,1325.0,46.2,202.0,0,No Failure,0,0,0,0,0,79.8,36.3
3044,L13043,L,300.1,310.7,1341.0,30.8,205.0,1,TWF (Tool Wear Failure),1,0,0,0,0,0.9,41.8
3045,M13044,M,301.3,310.7,1168.0,38.9,207.0,1,TWF (Tool Wear Failure),1,0,0,0,0,5.8,35.5
3046,H13045,H,301.9,311.2,1510.0,27.7,210.0,1,TWF (Tool Wear Failure),1,0,0,0,0,4.7,44.6
3047,L13046,L,301.9,312.4,1275.0,32.8,215.0,1,TWF (Tool Wear Failure),1,0,0,0,0,2.1,37.8
3048,M13047,M,301.6,313.0,1168.0,40.0,218.0,0,No Failure,0,0,0,0,0,76.1,34.6
3049,H13048,H,300.0,310.6,1168.0,49.2,222.0,1,TWF (Tool Wear Failure),1,0,0,0,0,0.3,30.4
3050,L13049,L,300.2,312.0,1225.0,51.2,227.0,1,OSF (Overstrain Failure),0,0,0,1,0,5.4,22.9
3051,H13050,H,299.1,309.7,1430.0,32.7,0.0,0,No Failure,0,0,0,0,0,220.0,100.0
3052,L13051,L,298.4,308.9,1219.0,43.1,5.0,0,No Failure,0,0,0,0,0,216.5,98.4
3053,M13052,M,301.0,311.7,1294.0,25.7,8.0,1,PWF (Power Failure),0,0,1,0,0,4.7,93.9
3054,M13053,M,302.6,314.1,1301.0,40.6,11.0,0,No Failure,0,0,0,0,0,212.7,96.7
3055,M13054,M,298.7,309.9,1247.0,49.5,14.0,0,No Failure,0,0,0,0,0,210.0,95.5
3056,L13055,L,301.7,310.6,1168.0,39.3,17.0,0,No Failure,0,0,0,0,0,196.4,89.3
3057,M13056,M,302.6,313.4,1168.0,53.2,20.0,0,No Failure,0,0,0,0,0,205.3,93.3
3058,L13057,L,297.9,308.2,1256.0,48.4,24.0,0,No Failure,0,0,0,0,0,202.5,92.0
3059,L13058,L,300.7,310.5,1190.0,42.4,27.0,0,No Failure,0,0,0,0,0,199.1,90.5
3060,L13059,L,304.1,312.3,1227.0,37.5,29.0,1,HDF (Heat Dissipation),0,1,0,0,0,2.5,83.2
3061,M13060,M,302.2,310.7,1187.0,34.7,31.0,1,HDF (Heat Dissipation),0,1,0,0,0,1.9,83.6
3062,L13061,L,297.8,307.4,1367.0,25.4,35.0,0,No Failure,0,0,0,0,0,193.3,87.9
3063,L13062,L,302.4,310.9,1342.0,27.0,,1,HDF (Heat Dissipation),0,1,0,0,0,3.0,86.3
3064,H13063,H,299.8,309.5,1283.0,49.9,40.0,0,No Failure,0,0,0,0,0,190.1,86.4
3065,L13064,L,302.4,313.1,1222.0,55.1,46.0,0,No Failure,0,0,0,0,0,184.6,83.9
3066,L13065,L,311.02,309.3,1168.0,29.2,48.0,0,No Failure,0,0,0,0,0,177.6,80.7
3067,L13066,L,301.1,311.2,1253.0,40.7,51.0,0,No Failure,0,0,0,0,0,185.1,84.1
3068,L13067,L,300.2,309.1,1349.0,24.3,53.0,1,PWF (Power Failure),0,0,1,0,0,6.9,79.1
3069,M13068,M,301.2,311.5,1329.0,30.2,,0,No Failure,0,0,0,0,0,186.1,84.6
3070,L13069,L,300.2,310.7,1334.0,42.6,60.0,0,No Failure,0,0,0,0,0,178.3,81.0
3071,L13070,L,300.8,309.4,1242.0,34.8,62.0,1,HDF (Heat Dissipation),0,1,0,0,0,3.9,75.9
3072,H13071,H,299.1,308.3,1224.0,20.8,65.0,1,PWF (Power Failure),0,0,1,0,0,5.4,70.3
3073,H13072,H,302.1,310.8,1168.0,57.2,71.0,0,No Failure,0,0,0,0,0,153.8,69.9
3074,M13073,M,301.5,312.0,1168.0,39.5,77.0,0,No Failure,0,0,0,0,0,169.4,77.0
3075,H13074,H,298.3,308.5,1346.0,29.0,81.0,0,No Failure,0,0,0,0,0,172.4,78.4
3076,H13075,H,303.0,313.0,1168.0,90.41,87.0,0,No Failure,0,0,0,0,0,163.5,74.3
3077,L13076,L,300.9,310.8,1319.0,39.2,92.0,0,No Failure,0,0,0,0,0,157.3,71.5
3078,M13077,M,301.5,311.8,1168.0,-9.61,,0,No Failure,0,0,0,0,0,155.8,70.8
3079,M13078,M,302.6,312.9,1302.0,,97.0,0,No Failure,0,0,0,0,0,157.8,71.7
3080,L13079,L,301.8,311.3,1197.0,43.1,100.0,0,No Failure,0,0,0,0,0,144.6,65.7
3081,L13080,L,303.3,312.7,1168.0,49.4,102.0,0,No Failure,0,0,0,0,0,138.3,62.9
3082,L13081,L,300.7,310.6,1375.0,26.8,104.0,0,No Failure,0,0,0,0,0,157.2,71.4
3083,M13082,M,303.1,312.9,1404.0,33.1,107.0,0,No Failure,0,0,0,0,0,153.0,69.6
3084,M13083,M,301.4,313.5,1168.0,48.4,110.0,0,No Failure,0,0,0,0,0,142.3,64.7
3085,M13084,M,302.1,311.7,1287.0,34.5,113.0,0,No Failure,0,0,0,0,0,146.0,66.3
3086,L13085,L,301.9,312.2,1255.0,39.2,116.0,0,No Failure,0,0,0,0,0,141.7,64.4
3087,L13086,L,303.4,313.9,1278.0,35.3,119.0,0,No Failure,0,0,0,0,0,142.4,64.7
3088,L13087,L,302.5,313.9,1243.0,35.9,122.0,0,No Failure,0,0,0,0,0,140.0,63.7
3089,M13088,M,300.4,309.6,1187.0,35.1,125.0,0,No Failure,0,0,0,0,0,132.1,60.0
3090,H13089,H,300.0,311.3,1171.0,27.4,129.0,1,PWF (Power Failure),0,0,1,0,0,7.3,60.5
3091,H13090,H,301.1,311.0,1230.0,44.6,135.0,0,No Failure,0,0,0,0,0,129.1,58.7
3092,H13091,H,299.8,312.3,1168.0,50.6,141.0,0,No Failure,0,0,0,0,0,121.7,55.3
3093,H13092,H,299.3,309.7,1218.0,38.2,147.0,0,No Failure,0,0,0,0,0,126.8,57.6
3094,H13093,H,297.4,306.2,1213.0,49.5,153.0,0,No Failure,0,0,0,0,0,101.7,46.2
3095,L13094,L,298.4,308.2,1306.0,35.1,158.0,0,No Failure,0,0,0,0,0,115.9,52.7
3096,L13095,L,304.8,316.1,1168.0,34.5,160.0,0,No Failure,0,0,0,0,0,116.5,52.9
3097,L13096,L,300.0,310.1,1195.0,44.1,162.0,0,No Failure,0,0,0,0,0,105.9,48.1
3098,L13097,L,304.6,314.5,1168.0,44.3,164.0,0,No Failure,0,0,0,0,0,103.1,46.9
3099,L13098,L,301.9,312.6,1168.0,38.9,166.0,0,No Failure,0,0,0,0,0,108.2,49.2
3100,L13099,L,301.1,310.8,1347.0,46.8,168.0,0,No Failure,0,0,0,0,0,97.5,44.3
3101,H13100,H,298.5,308.3,1234.0,27.1,171.0,0,No Failure,0,0,0,0,0,111.1,50.5
3102,L13101,L,301.2,310.3,1219.0,37.0,176.0,0,No Failure,0,0,0,0,0,94.3,42.9
3103,H13102,H,304.6,316.3,1311.0,49.6,179.0,0,No Failure,0,0,0,0,0,96.2,43.7
3104,M13103,M,304.0,312.8,1168.0,49.6,184.0,0,No Failure,0,0,0,0,0,75.6,34.4
3105,M13104,M,301.7,311.9,1168.0,48.4,187.0,0,No Failure,0,0,0,0,0,87.9,40.0
3106,M13105,M,299.1,309.6,1168.0,50.2,190.0,0,No Failure,0,0,0,0,0,83.9,38.2
3107,L13106,L,299.5,309.5,1168.0,36.3,194.0,0,No Failure,0,0,0,0,0,92.4,42.0
3108,M13107,M,299.7,308.4,1431.0,22.9,196.0,1,PWF (Power Failure),0,0,1,0,0,6.5,44.5
3109,L13108,L,303.5,312.5,1182.0,37.4,200.0,0,No Failure,0,0,0,0,0,76.1,34.6
3110,H13109,H,304.1,314.6,1168.0,46.4,203.0,0,No Failure,0,0,0,0,0,82.9,37.7
3111,L13110,L,301.6,310.8,1341.0,48.0,209.0,0,No Failure,0,0,0,0,0,64.0,29.1
3112,L13111,L,300.7,308.6,1184.0,34.7,211.0,1,HDF (Heat Dissipation),0,1,0,0,0,7.4,27.3
3113,M13112,M,304.0,314.4,1168.0,30.3,214.0,1,TWF (Tool Wear Failure),1,0,0,0,0,6.0,39.8
3114,M13113,M,299.4,308.5,1401.0,31.3,217.0,1,TWF (Tool Wear Failure),1,0,0,0,0,2.3,38.7
3115,L13114,L,301.3,311.9,1168.0,34.6,221.0,0,No Failure,0,0,0,0,0,76.9,34.9
3116,M13115,M,302.0,311.8,1455.0,21.0,0.0,1,PWF (Power Failure),0,0,1,0,0,1.9,92.5
3117,L13116,L,299.6,309.4,1332.0,34.7,4.0,0,No Failure,0,0,0,0,0,216.4,98.3
3118,M13117,M,300.1,310.2,1168.0,40.5,7.0,0,No Failure,0,0,0,0,0,215.4,97.9
3119,L13118,L,299.9,308.8,1344.0,39.0,10.0,0,No Failure,0,0,0,0,0,208.1,94.6
3120,L13119,L,303.7,312.9,1278.0,36.7,12.0,0,No Failure,0,0,0,0,0,206.0,93.6
3121,L13120,L,304.6,314.3,1206.0,33.1,15.0,0,No Failure,0,0,0,0,0,207.2,94.2
3122,L13121,L,301.4,310.3,1168.0,34.3,18.0,0,No Failure,0,0,0,0,0,196.3,89.2
3123,L13122,L,300.7,311.4,1168.0,34.4,20.0,0,No Failure,0,0,0,0,0,207.1,94.1
3124,L13123,L,300.1,309.8,1460.0,47.1,23.0,0,No Failure,0,0,0,0,0,203.4,92.4
3125,L13124,L,301.2,309.8,1332.0,40.0,26.0,0,No Failure,0,0,0,0,0,195.1,88.7
3126,L13125,L,300.2,309.6,1222.0,71.7,29.0,1,PWF (Power Failure),0,0,1,0,0,7.3,79.0
3127,M13126,M,301.0,311.1,1547.0,36.7,31.0,0,No Failure,0,0,0,0,0,200.1,91.0
3128,L13127,L,301.9,311.5,1168.0,44.4,35.0,0,No Failure,0,0,0,0,0,190.9,86.8
3129,M13128,M,300.5,310.9,1193.0,36.9,38.0,0,No Failure,0,0,0,0,0,195.6,88.9
3130,H13129,H,300.9,311.5,1168.0,36.7,41.0,0,No Failure,0,0,0,0,0,194.3,88.3
3131,L13130,L,300.9,313.3,1168.0,55.6,46.0,0,No Failure,0,0,0,0,0,184.4,83.8
3132,H13131,H,300.6,311.8,1168.0,50.0,48.0,0,No Failure,0,0,0,0,0,186.7,84.9
3133,L13132,L,300.4,308.8,1283.0,22.5,53.0,1,HDF (Heat Dissipation),0,1,1,0,0,6.2,71.1
3134,L13133,L,302.6,312.2,1434.0,29.8,56.0,0,No Failure,0,0,0,0,0,185.1,84.1
3135,M13134,M,298.0,307.7,1329.0,38.6,58.0,0,No Failure,0,0,0,0,0,180.6,82.1
3136,M13135,M,304.0,314.6,1304.0,34.8,62.0,0,No Failure,0,0,0,0,0,180.9,82.2
3137,H13136,H,301.4,310.5,1261.0,24.9,66.0,1,PWF (Power Failure),0,0,1,0,0,7.2,73.2
3138,L13137,L,302.3,311.8,1219.0,41.2,71.0,0,No Failure,0,0,0,0,0,166.1,75.5
3139,M13138,M,302.5,311.3,1496.0,21.2,73.0,1,PWF (Power Failure),0,0,1,0,0,3.1,75.5
3140,L13139,L,299.9,309.3,1370.0,41.3,-222.62,0,No Failure,0,0,0,0,0,165.6,75.3
3141,L13140,L,299.6,309.0,1168.0,47.3,79.0,0,No Failure,0,0,0,0,0,156.2,71.0
3142,L13141,L,308.63,309.0,1168.0,48.7,81.0,0,No Failure,0,0,0,0,0,157.4,71.5
3143,H13142,H,300.8,309.6,1395.0,38.6,84.0,0,No Failure,0,0,0,0,0,163.7,74.4
3144,L13143,L,302.5,313.5,1168.0,55.1,90.0,0,No Failure,0,0,0,0,0,150.6,68.5
3145,H13144,H,300.1,,1216.0,43.3,93.0,0,No Failure,0,0,0,0,0,158.6,72.1
3146,M13145,M,302.3,310.9,1168.0,48.5,,1,HDF (Heat Dissipation),0,1,0,0,0,3.5,61.5
3147,M13146,M,296.9,306.9,640.61,32.6,102.0,0,No Failure,0,0,0,0,0,156.8,71.3
3148,M13147,M,300.5,308.9,1168.0,55.2,105.0,1,HDF (Heat Dissipation),0,1,0,0,0,4.9,56.5
3149,H13148,H,303.3,314.6,1191.0,40.0,108.0,0,No Failure,0,0,0,0,0,150.5,68.4
3150,L13149,L,300.9,312.5,1168.0,55.8,114.0,0,No Failure,0,0,0,0,0,131.7,59.9
3151,L13150,L,,309.6,1168.0,53.6,117.0,0,No Failure,0,0,0,0,0,129.8,59.0
3152,M13151,M,300.0,309.1,1188.0,42.6,120.0,0,No Failure,0,0,0,0,0,129.2,58.7
3153,L13152,L,295.7,305.0,1269.0,44.1,124.0,0,No Failure,0,0,0,0,0,127.1,57.8
3154,L13153,L,299.4,308.9,1168.0,38.2,127.0,0,No Failure,0,0,0,0,0,129.5,58.9
3155,L13154,L,303.1,313.0,1168.0,31.8,130.0,0,No Failure,0,0,0,0,0,136.9,62.2
3156,L13155,L,300.1,311.5,1173.0,46.0,133.0,0,No Failure,0,0,0,0,0,124.8,56.7
3157,L13156,L,300.4,311.4,1388.0,45.4,136.0,0,No Failure,0,0,0,0,0,123.1,56.0
3158,L13157,L,297.0,308.0,1549.0,23.8,138.0,0,No Failure,0,0,0,0,0,139.6,63.4
3159,H13158,H,298.3,308.5,1325.0,39.2,141.0,0,No Failure,0,0,0,0,0,129.9,59.0
3160,L13159,L,303.3,312.1,1168.0,48.7,146.0,0,No Failure,0,0,0,0,0,99.9,45.4
3161,H13160,H,302.3,311.5,1179.0,54.7,148.0,0,No Failure,0,0,0,0,0,105.0,47.7
3162,H13161,H,298.9,309.0,1168.0,47.3,153.0,0,No Failure,0,0,0,0,0,115.9,52.7
3163,L13162,L,300.1,308.9,1295.0,24.8,159.0,1,PWF (Power Failure),0,0,1,0,0,4.6,48.3
3164,M13163,M,301.1,311.4,1320.0,29.5,-146.17,0,No Failure,0,0,0,0,0,122.4,55.7
3165,M13164,M,299.0,309.8,1168.0,36.5,166.0,0,No Failure,0,0,0,0,0,113.6,51.7
3166,M13165,M,297.6,308.1,1168.0,54.0,169.0,0,No Failure,0,0,0,0,0,95.4,43.4
3167,L13166,L,300.9,311.4,1212.0,33.9,172.0,0,No Failure,0,0,0,0,0,109.3,49.7
3168,L13167,L,302.2,310.3,1168.0,50.6,175.0,1,HDF (Heat Dissipation),0,1,0,0,0,1.0,31.4
3169,L13168,L,302.3,313.6,1168.0,33.8,177.0,0,No Failure,0,0,0,0,0,106.2,48.3
3170,M13169,M,302.8,311.2,1168.0,45.3,179.0,1,HDF (Heat Dissipation),0,1,0,0,0,6.6,35.9
3171,H13170,H,298.4,308.2,1168.0,30.6,183.0,0,No Failure,0,0,0,0,0,107.3,48.8
3172,M13171,M,301.3,311.9,1381.0,38.1,188.0,0,No Failure,0,0,0,0,0,97.9,44.5
3173,M13172,M,300.7,311.1,1316.0,28.7,191.0,0,No Failure,0,0,0,0,0,105.8,48.1
3174,H13173,H,301.0,309.7,1187.0,54.4,194.0,0,No Failure,0,0,0,0,0,66.8,30.3
3175,M13174,M,300.8,309.7,1364.0,33.1,199.0,0,No Failure,0,0,0,0,0,92.0,41.8
3176,L13175,L,300.0,310.3,1290.0,24.5,202.0,1,PWF (Power Failure),0,0,1,0,0,7.4,40.0
3177,H13176,H,295.8,306.3,1168.0,23.7,204.0,1,PWF (Power Failure),0,0,1,0,0,4.3,38.0
3178,L13177,L,303.3,312.2,1168.0,39.1,209.0,0,No Failure,0,0,0,0,0,66.9,30.4
3179,L13178,L,,312.2,1414.0,35.4,212.0,0,No Failure,0,0,0,0,0,81.7,37.1
3180,M13179,M,298.5,307.0,1168.0,46.5,0.0,1,HDF (Heat Dissipation),0,1,0,0,0,5.4,92.5
3181,H13180,H,302.0,312.6,1381.0,37.6,3.0,0,No Failure,0,0,0,0,0,218.1,99.1
3182,L13181,L,300.4,309.5,1168.0,51.7,9.0,0,No Failure,0,0,0,0,0,203.3,92.4
3183,L13182,L,300.4,310.5,1168.0,36.1,-310.62,0,No Failure,0,0,0,0,0,212.1,96.4
3184,L13183,L,299.8,309.7,1184.0,50.3,14.0,0,No Failure,0,0,0,0,0,208.5,94.8
3185,L13184,L,302.2,313.4,1242.0,30.5,16.0,0,No Failure,0,0,0,0,0,210.0,95.5
3186,L13185,L,299.7,309.9,1203.0,25.0,18.0,1,PWF (Power Failure),0,0,1,0,0,7.2,87.0
3187,M13186,M,299.2,308.6,1312.0,31.8,21.0,0,No Failure,0,0,0,0,0,203.4,92.5
3188,H13187,H,303.2,313.6,1168.0,28.7,25.0,0,No Failure,0,0,0,0,0,197.4,89.7
3189,L13188,L,300.9,313.0,1268.0,27.6,31.0,0,No Failure,0,0,0,0,0,197.5,89.8
3190,L13189,L,300.9,311.6,1168.0,44.1,34.0,0,No Failure,0,0,0,0,0,196.0,89.1
3191,L13190,L,302.4,312.3,1278.0,37.4,36.0,0,No Failure,0,0,0,0,0,195.3,88.8
3192,L13191,L,300.0,309.2,1168.0,41.4,38.0,0,No Failure,0,0,0,0,0,185.0,84.1
3193,M13192,M,300.3,309.7,1201.0,45.3,41.0,0,No Failure,0,0,0,0,0,185.2,84.2
3194,M13193,M,301.7,312.4,1382.0,23.1,44.0,1,PWF (Power Failure),0,0,1,0,0,6.5,82.9
3195,M13194,M,298.4,307.5,1201.0,45.7,47.0,0,No Failure,0,0,0,0,0,177.6,80.7
3196,L13195,L,301.6,311.6,1575.0,27.9,50.0,0,No Failure,0,0,0,0,0,189.6,86.2
3197,M13196,M,299.8,311.2,1303.0,34.2,53.0,0,No Failure,0,0,0,0,0,186.7,84.9
3198,L13197,L,302.7,312.9,1343.0,21.1,57.0,1,PWF (Power Failure),0,0,1,0,0,4.7,75.3
3199,L13198,L,290.82,311.1,1306.0,46.5,59.0,0,No Failure,0,0,0,0,0,170.6,77.5
3200,H13199,H,301.9,314.1,1438.0,23.1,61.0,1,PWF (Power Failure),0,0,1,0,0,5.3,80.5
3201,M13200,M,298.3,310.1,1576.0,28.0,67.0,0,No Failure,0,0,0,0,0,180.2,81.9
3202,H13201,H,292.3,311.5,1168.0,28.7,71.0,0,No Failure,0,0,0,0,0,170.5,77.5
3203,H13202,H,299.1,,1168.0,38.7,76.0,0,No Failure,0,0,0,0,0,171.6,78.0
3204,M13203,M,301.1,310.8,1168.0,38.4,82.0,0,No Failure,0,0,0,0,0,163.3,74.2
3205,H13204,H,297.0,307.7,1168.0,48.1,86.0,0,No Failure,0,0,0,0,0,161.2,73.3
3206,L13205,L,298.4,308.0,1226.0,39.0,91.0,0,No Failure,0,0,0,0,0,154.7,70.3
3207,L13206,L,,311.9,1168.0,49.7,94.0,1,HDF (Heat Dissipation),0,1,0,0,0,3.2,61.5
3208,L13207,L,301.8,314.4,1168.0,43.8,96.0,0,No Failure,0,0,0,0,0,152.5,69.3
3209,L13208,L,300.5,309.1,1195.0,30.5,99.0,0,No Failure,0,0,0,0,0,142.9,65.0
3210,L13209,L,299.5,309.8,1402.0,33.3,,0,No Failure,0,0,0,0,0,154.7,70.3
3211,L13210,L,299.2,309.5,1192.0,55.1,104.0,0,No Failure,0,0,0,0,0,139.9,63.6
3212,M13211,M,301.5,312.0,1168.0,52.3,106.0,0,No Failure,0,0,0,0,0,142.9,64.9
3213,M13212,M,300.6,310.5,1168.0,48.2,110.0,0,No Failure,0,0,0,0,0,141.3,64.2
3214,M13213,M,304.0,313.9,1231.0,49.6,114.0,0,No Failure,0,0,0,0,0,137.8,62.6
3215,L13214,L,300.8,310.9,1168.0,44.7,117.0,0,No Failure,0,0,0,0,0,137.1,62.3
3216,M13215,M,301.3,311.8,1270.0,43.4,119.0,0,No Failure,0,0,0,0,0,139.2,63.3
3217,L13216,L,298.7,308.7,1168.0,40.5,,0,No Failure,0,0,0,0,0,136.7,62.1
3218,L13217,L,300.5,310.4,1257.0,57.0,124.0,0,No Failure,0,0,0,0,0,122.2,55.5
3219,L13218,L,301.5,310.2,1235.0,35.4,127.0,0,No Failure,0,0,0,0,0,124.8,56.7
3220,L13219,L,300.5,312.5,1168.0,42.4,130.0,0,No Failure,0,0,0,0,0,129.7,59.0
3221,L13220,L,300.3,310.8,1306.0,22.9,133.0,1,PWF (Power Failure),0,0,1,0,0,6.5,56.7
3222,H13221,H,301.8,312.0,1329.0,25.7,136.0,0,No Failure,0,0,0,0,0,136.3,61.9
3223,M13222,M,303.9,313.3,1168.0,58.2,141.0,0,No Failure,0,0,0,0,0,106.2,48.3
3224,M13223,M,301.4,310.4,1168.0,46.2,145.0,0,No Failure,0,0,0,0,0,108.4,49.3
3225,L13224,L,303.2,314.1,1205.0,37.9,149.0,0,No Failure,0,0,0,0,0,120.6,54.8
3226,H13225,H,302.3,312.1,1168.0,40.8,151.0,0,No Failure,0,0,0,0,0,120.1,54.6
3227,M13226,M,303.1,313.7,1423.0,26.4,157.0,0,No Failure,0,0,0,0,0,128.1,58.2
3228,L13227,L,300.1,308.7,1276.0,35.7,,1,HDF (Heat Dissipation),0,1,0,0,0,0.5,47.3
3229,M13228,M,300.8,312.3,1470.0,25.4,163.0,0,No Failure,0,0,0,0,0,125.5,57.0
3230,L13229,L,300.8,311.7,1168.0,37.0,166.0,0,No Failure,0,0,0,0,0,110.1,50.0
3231,L13230,L,302.1,312.0,1168.0,46.8,168.0,0,No Failure,0,0,0,0,0,97.8,44.5
3232,L13231,L,302.6,313.1,1168.0,44.5,171.0,0,No Failure,0,0,0,0,0,99.1,45.0
3233,M13232,M,301.4,312.1,1168.0,55.9,173.0,0,No Failure,0,0,0,0,0,90.7,41.2
3234,L13233,L,302.7,311.4,1168.0,42.9,176.0,0,No Failure,0,0,0,0,0,83.0,37.7
3235,L13234,L,300.1,311.8,1746.0,15.2,179.0,1,PWF (Power Failure),0,0,1,0,0,2.9,46.8
3236,L13235,L,302.7,313.2,1168.0,59.5,182.0,0,No Failure,0,0,0,0,0,74.9,34.1
3237,H13236,H,303.0,312.3,1168.0,31.6,184.0,0,No Failure,0,0,0,0,0,101.8,46.3
3238,L13237,L,302.4,311.3,615.93,41.6,189.0,0,No Failure,0,0,0,0,0,77.6,35.3
3239,L13238,L,301.4,312.4,1168.0,41.0,192.0,0,No Failure,0,0,0,0,0,88.3,40.1
3240,L13239,L,302.4,312.6,1254.0,42.4,194.0,0,No Failure,0,0,0,0,0,85.3,38.8
3241,H13240,H,299.5,310.0,1245.0,40.5,197.0,0,No Failure,0,0,0,0,0,92.8,42.2
3242,M13241,M,301.5,311.5,1275.0,40.7,202.0,0,No Failure,0,0,0,0,0,85.9,39.0
3243,H13242,H,301.7,310.7,1177.0,26.8,205.0,1,PWF (Power Failure),0,0,1,0,0,5.2,35.1
3244,L13243,L,298.8,309.3,1168.0,65.9,211.0,1,OSF (Overstrain Failure),0,0,0,1,0,6.5,23.3
3245,L13244,L,302.0,311.8,1168.0,46.5,0.0,0,No Failure,0,0,0,0,0,217.8,99.0
3246,M13245,M,298.9,308.9,1168.0,40.5,2.0,0,No Failure,0,0,0,0,0,218.7,99.4
3247,L13246,L,300.4,312.8,1168.0,58.4,5.0,0,No Failure,0,0,0,0,0,216.0,98.2
3248,H13247,H,301.2,312.1,1528.0,29.3,7.0,0,No Failure,0,0,0,0,0,215.9,98.1
3249,H13248,H,299.8,310.7,1168.0,48.7,12.0,0,No Failure,0,0,0,0,0,211.8,96.3
3250,L13249,L,301.3,314.0,1279.0,34.4,18.0,0,No Failure,0,0,0,0,0,208.4,94.7
3251,H13250,H,301.3,311.7,1168.0,44.0,20.0,0,No Failure,0,0,0,0,0,206.7,94.0
3252,M13251,M,288.78,309.8,1168.0,44.2,26.0,0,No Failure,0,0,0,0,0,202.2,91.9
3253,L13252,L,302.2,311.5,1472.0,16.6,29.0,1,PWF (Power Failure),0,0,1,0,0,0.8,82.9
3254,L13253,L,299.8,309.3,1168.0,25.7,31.0,1,PWF (Power Failure),0,0,1,0,0,6.2,80.9
3255,L13254,L,305.3,313.3,1314.0,,337.11,1,HDF (Heat Dissipation),0,1,0,0,0,7.1,82.6
3256,H13255,H,300.9,311.7,1243.0,37.5,37.0,0,No Failure,0,0,0,0,0,196.7,89.4
3257,L13256,L,299.0,307.7,1168.0,60.0,42.0,0,No Failure,0,0,0,0,0,172.1,78.2
3258,L13257,L,299.4,310.3,1168.0,53.1,44.0,0,No Failure,0,0,0,0,0,186.6,84.8
3259,M13258,M,303.2,313.2,1337.0,37.8,,0,No Failure,0,0,0,0,0,190.2,86.5
3260,L13259,L,300.4,310.5,1168.0,36.9,50.0,0,No Failure,0,0,0,0,0,186.9,85.0
3261,L13260,L,298.7,308.7,1168.0,56.5,53.0,0,No Failure,0,0,0,0,0,178.7,81.2
3262,M13261,M,302.7,314.1,1172.0,61.0,56.0,0,No Failure,0,0,0,0,0,176.6,80.3
3263,L13262,L,300.4,311.6,1168.0,37.1,59.0,0,No Failure,0,0,0,0,0,180.9,82.2
3264,L13263,L,302.3,312.3,1168.0,55.4,61.0,0,No Failure,0,0,0,0,0,172.9,78.6
3265,L13264,L,302.8,311.9,1168.0,50.3,64.0,0,No Failure,0,0,0,0,0,162.6,73.9
3266,L13265,L,301.6,312.5,1209.0,52.0,67.0,0,No Failure,0,0,0,0,0,169.6,77.1
3267,L13266,L,305.4,314.4,1196.0,41.0,70.0,0,No Failure,0,0,0,0,0,161.0,73.2
3268,M13267,M,298.0,306.4,1168.0,86.22,72.0,1,HDF (Heat Dissipation),0,1,0,0,0,5.2,71.6
3269,H13268,H,299.7,310.2,1387.0,29.5,75.0,0,No Failure,0,0,0,0,0,175.8,79.9
3270,L13269,L,300.7,311.9,1262.0,27.0,81.0,0,No Failure,0,0,0,0,0,164.9,74.9
3271,H13270,H,305.2,314.8,1168.0,59.1,84.0,0,No Failure,0,0,0,0,0,153.4,69.7
3272,M13271,M,304.4,314.8,1168.0,40.1,90.0,0,No Failure,0,0,0,0,0,160.6,73.0
3273,M13272,M,303.4,313.0,1318.0,28.6,94.0,0,No Failure,0,0,0,0,0,161.5,73.4
3274,M13273,M,299.7,310.4,1168.0,50.0,97.0,0,No Failure,0,0,0,0,0,150.6,68.5
3275,M13274,M,299.9,311.0,1228.0,35.2,100.0,0,No Failure,0,0,0,0,0,156.6,71.2
3276,H13275,H,299.6,309.3,1357.0,33.5,103.0,0,No Failure,0,0,0,0,0,155.9,70.9
3277,L13276,L,299.7,308.7,1168.0,60.7,108.0,0,No Failure,0,0,0,0,0,122.1,55.5
3278,M13277,M,303.8,312.3,1558.0,26.7,111.0,0,No Failure,0,0,0,0,0,154.9,70.4
3279,L13278,L,300.7,311.6,1168.0,42.4,114.0,0,No Failure,0,0,0,0,0,140.8,64.0
3280,L13279,L,300.9,309.8,1168.0,34.1,116.0,0,No Failure,0,0,0,0,0,133.1,60.5
3281,M13280,M,302.5,312.9,1168.0,32.5,118.0,0,No Failure,0,0,0,0,0,147.0,66.8
3282,L13281,L,306.53,,1168.0,25.4,122.0,1,PWF (Power Failure),0,0,1,0,0,0.4,58.5
3283,L13282,L,301.2,310.7,1175.0,40.6,125.0,0,No Failure,0,0,0,0,0,129.0,58.7
3284,L13283,L,299.1,308.9,1357.0,31.3,127.0,0,No Failure,0,0,0,0,0,139.5,63.4
3285,L13284,L,300.6,311.6,1168.0,45.9,130.0,0,No Failure,0,0,0,0,0,127.0,57.7
3286,M13285,M,300.0,309.2,1270.0,39.5,133.0,0,No Failure,0,0,0,0,0,126.2,57.4
3287,M13286,M,300.0,309.1,1196.0,36.9,137.0,0,No Failure,0,0,0,0,0,122.0,55.5
3288,L13287,L,301.5,311.3,1378.0,31.3,140.0,0,No Failure,0,0,0,0,0,131.5,59.8
3289,L13288,L,301.5,312.8,1188.0,54.3,142.0,0,No Failure,0,0,0,0,0,111.3,50.6
3290,L13289,L,300.7,312.3,,47.4,145.0,0,No Failure,0,0,0,0,0,115.0,52.3
3291,L13290,L,301.8,311.7,1307.0,33.2,147.0,0,No Failure,0,0,0,0,0,125.4,57.0
3292,M13291,M,299.5,308.8,1455.0,26.4,149.0,0,No Failure,0,0,0,0,0,132.8,60.4
3293,M13292,M,302.3,313.4,1520.0,21.1,152.0,1,PWF (Power Failure),0,0,1,0,0,5.5,56.1
3294,L13293,L,300.7,309.0,1168.0,51.4,155.0,1,HDF (Heat Dissipation),0,1,0,0,0,3.6,38.8
3295,L13294,L,310.06,310.4,1191.0,49.1,157.0,0,No Failure,0,0,0,0,0,104.7,47.6
3296,H13295,H,299.7,309.7,1337.0,50.5,159.0,0,No Failure,0,0,0,0,0,109.3,49.7
3297,M13296,M,300.7,312.0,1197.0,38.8,164.0,0,No Failure,0,0,0,0,0,112.8,51.3
3298,L13297,L,304.5,315.9,1241.0,48.1,168.0,0,No Failure,0,0,0,0,0,97.6,44.4
3299,L13298,L,301.0,310.1,,50.3,171.0,0,No Failure,0,0,0,0,0,83.3,37.8
3300,L13299,L,299.0,309.2,1297.0,39.3,173.0,0,No Failure,0,0,0,0,0,103.1,46.9
3301,H13300,H,302.7,312.1,1236.0,36.4,176.0,0,No Failure,0,0,0,0,0,104.4,47.4
3302,L13301,L,300.2,309.9,1256.0,30.2,,0,No Failure,0,0,0,0,0,105.0,47.7
3303,L13302,L,301.6,312.2,1168.0,44.3,184.0,0,No Failure,0,0,0,0,0,90.1,41.0
3304,H13303,H,300.0,309.7,1168.0,45.6,186.0,0,No Failure,0,0,0,0,0,91.8,41.7
3305,M13304,M,303.4,313.6,1169.0,35.9,192.0,0,No Failure,0,0,0,0,0,97.6,44.4
3306,L13305,L,300.0,311.0,1202.0,37.1,195.0,0,No Failure,0,0,0,0,0,90.8,41.3
3307,L13306,L,303.6,315.1,1182.0,37.8,197.0,0,No Failure,0,0,0,0,0,88.6,40.3
3308,L13307,L,299.2,309.5,1168.0,47.9,200.0,0,No Failure,0,0,0,0,0,74.5,33.9
3309,M13308,M,300.5,310.6,1481.0,26.3,203.0,0,No Failure,0,0,0,0,0,101.3,46.1
3310,L13309,L,303.6,312.5,1177.0,28.9,-94.3,0,No Failure,0,0,0,0,0,75.0,34.1
3311,H13310,H,301.4,313.0,1342.0,29.1,208.0,0,No Failure,0,0,0,0,0,97.8,44.4
3312,H13311,H,305.2,315.7,1181.0,38.5,214.0,0,No Failure,0,0,0,0,0,84.0,38.2
3313,M13312,M,309.77,310.7,1236.0,43.2,220.0,1,TWF (Tool Wear Failure),1,0,0,0,0,6.8,32.2
3314,M13313,M,301.5,311.6,1362.0,29.3,0.0,0,No Failure,0,0,0,0,0,220.0,100.0
3315,L13314,L,304.5,314.9,1168.0,49.1,3.0,0,No Failure,0,0,0,0,0,217.8,99.0
3316,L13315,L,298.3,309.1,1168.0,54.6,6.0,0,No Failure,0,0,0,0,0,215.4,97.9
3317,M13316,M,298.1,309.0,1271.0,44.1,9.0,0,No Failure,0,0,0,0,0,213.9,97.2
3318,L13317,L,299.6,311.2,1182.0,51.2,13.0,0,No Failure,0,0,0,0,0,210.3,95.6
3319,L13318,L,302.5,312.7,1314.0,30.8,15.0,0,No Failure,0,0,0,0,0,210.6,95.7
3320,L13319,L,298.2,310.0,1261.0,,17.0,0,No Failure,0,0,0,0,0,209.3,95.2
3321,L13320,L,302.1,313.2,1168.0,45.1,19.0,0,No Failure,0,0,0,0,0,206.5,93.9
3322,L13321,L,302.0,311.9,1286.0,39.6,22.0,0,No Failure,0,0,0,0,0,204.4,92.9
3323,M13322,M,304.7,313.0,1221.0,31.1,24.0,1,HDF (Heat Dissipation),0,1,0,0,0,2.3,85.5
3324,H13323,H,302.9,313.0,1190.0,54.3,28.0,0,No Failure,0,0,0,0,0,200.0,90.9
3325,M13324,M,301.7,313.3,1195.0,43.0,33.0,0,No Failure,0,0,0,0,0,197.7,89.9
3326,H13325,H,303.5,312.7,1168.0,47.0,37.0,0,No Failure,0,0,0,0,0,186.1,84.6
3327,L13326,L,302.0,312.1,1222.0,33.3,42.0,0,No Failure,0,0,0,0,0,193.1,87.8
3328,H13327,H,300.2,310.4,1168.0,56.8,45.0,0,No Failure,0,0,0,0,0,187.2,85.1
3329,M13328,M,299.0,309.9,1272.0,38.4,51.0,0,No Failure,0,0,0,0,0,186.8,84.9
3330,L13329,L,300.0,309.6,1168.0,50.2,55.0,0,No Failure,0,0,0,0,0,174.8,79.5
3331,H13330,H,301.0,310.1,1258.0,34.2,57.0,0,No Failure,0,0,0,0,0,177.4,80.6
3332,L13331,L,301.4,312.0,1200.0,41.7,62.0,0,No Failure,0,0,0,0,0,177.2,80.5
3333,L13332,L,297.2,306.5,1234.0,45.6,65.0,0,No Failure,0,0,0,0,0,167.0,75.9
3334,L13333,L,300.6,308.8,1168.0,60.0,68.0,1,HDF (Heat Dissipation),0,1,0,0,0,7.7,66.3
3335,L13334,L,301.1,312.9,1168.0,35.6,71.0,0,No Failure,0,0,0,0,0,173.6,78.9
3336,L13335,L,302.0,312.9,1228.0,42.0,73.0,0,No Failure,0,0,0,0,0,169.5,77.0
3337,M13336,M,304.0,315.9,1168.0,45.9,76.0,0,No Failure,0,0,0,0,0,167.4,76.1
3338,H13337,H,301.4,312.3,1168.0,25.9,80.0,1,PWF (Power Failure),0,0,1,0,0,7.1,71.3
3339,L13338,L,299.4,310.1,1305.0,18.3,86.0,1,PWF (Power Failure),0,0,1,0,0,5.3,68.5
3340,M13339,M,297.8,308.2,1396.0,30.0,88.0,0,No Failure,0,0,0,0,0,166.8,75.8
3341,L13340,L,302.3,312.1,1212.0,49.7,92.0,0,No Failure,0,0,0,0,0,150.0,68.2
3342,H13341,H,299.5,310.0,1168.0,57.2,95.0,0,No Failure,0,0,0,0,0,150.6,68.5
3343,L13342,L,302.6,312.0,1298.0,30.8,101.0,0,No Failure,0,0,0,0,0,152.9,69.5
3344,L13343,L,303.5,312.4,1356.0,27.8,104.0,0,No Failure,0,0,0,0,0,152.3,69.2
3345,M13344,M,298.2,307.9,1168.0,55.3,106.0,0,No Failure,0,0,0,0,0,137.8,62.6
3346,M13345,M,302.0,313.3,1192.0,34.3,110.0,0,No Failure,0,0,0,0,0,150.8,68.6
3347,M13346,M,303.3,312.1,1355.0,36.3,114.0,0,No Failure,0,0,0,0,0,142.1,64.6
3348,M13347,M,302.9,311.7,1168.0,54.6,118.0,0,No Failure,0,0,0,0,0,119.4,54.3
3349,M13348,M,297.2,307.8,1168.0,52.9,121.0,0,No Failure,0,0,0,0,0,131.6,59.8
3350,L13349,L,299.5,309.1,1168.0,49.3,125.0,0,No Failure,0,0,0,0,0,123.6,56.2
3351,L13350,L,298.7,309.2,1382.0,22.9,127.0,1,PWF (Power Failure),0,0,1,0,0,0.2,60.6
3352,L13351,L,302.0,,1436.0,27.4,129.0,0,No Failure,0,0,0,0,0,142.0,64.6
3353,L13352,L,301.8,312.3,1278.0,51.2,131.0,0,No Failure,0,0,0,0,0,122.1,55.5
3354,L13353,L,296.2,305.6,1168.0,43.2,134.0,0,No Failure,0,0,0,0,0,119.7,54.4
3355,L13354,L,300.5,311.8,1168.0,32.2,136.0,0,No Failure,0,0,0,0,0,133.9,60.9
3356,L13355,L,302.4,313.1,1253.0,36.6,139.0,0,No Failure,0,0,0,0,0,128.3,58.3
3357,M13356,M,301.3,311.3,1249.0,51.1,142.0,0,No Failure,0,0,0,0,0,117.6,53.5
3358,L13357,L,301.3,311.3,1168.0,55.3,146.0,0,No Failure,0,0,0,0,0,107.3,48.8
3359,M13358,M,300.3,310.7,1213.0,39.9,149.0,0,No Failure,0,0,0,0,0,121.7,55.3
3360,M13359,M,299.1,308.8,1260.0,33.1,152.0,0,No Failure,0,0,0,0,0,122.9,55.9
3361,L13360,L,301.0,309.4,1168.0,37.2,155.0,1,HDF (Heat Dissipation),0,1,0,0,0,5.2,45.3
3362,L13361,L,301.1,311.9,1168.0,53.4,157.0,0,No Failure,0,0,0,0,0,100.6,45.7
3363,M13362,M,302.1,312.8,1168.0,53.2,160.0,0,No Failure,0,0,0,0,0,102.8,46.7
3364,M13363,M,302.2,309.9,1168.0,41.9,164.0,1,HDF (Heat Dissipation),0,1,0,0,0,2.2,38.5
3365,L13364,L,301.1,,1214.0,,167.0,0,No Failure,0,0,0,0,0,111.8,50.8
3366,L13365,L,303.0,314.8,1168.0,50.8,170.0,0,No Failure,0,0,0,0,0,93.4,42.4
3367,M13366,M,300.3,309.2,1168.0,56.2,173.0,0,No Failure,0,0,0,0,0,78.3,35.6
3368,M13367,M,298.4,308.3,1177.0,25.5,177.0,1,PWF (Power Failure),0,0,1,0,0,6.1,44.6
3369,L13368,L,301.8,311.6,1270.0,37.7,180.0,0,No Failure,0,0,0,0,0,98.5,44.8
3370,L13369,L,301.2,312.9,1168.0,51.6,183.0,0,No Failure,0,0,0,0,0,82.8,37.6
3371,H13370,H,301.9,313.0,1168.0,40.7,185.0,0,No Failure,0,0,0,0,0,100.4,45.6
3372,L13371,L,298.7,307.8,1255.0,35.1,190.0,0,No Failure,0,0,0,0,0,88.7,40.3
3373,H13372,H,304.2,314.5,1279.0,41.9,192.0,0,No Failure,0,0,0,0,0,94.7,43.0
3374,L13373,L,302.3,314.6,1168.0,43.7,198.0,0,No Failure,0,0,0,0,0,81.0,36.8
3375,M13374,M,300.5,309.9,1297.0,28.7,201.0,0,No Failure,0,0,0,0,0,95.8,43.5
3376,L13375,L,299.3,309.3,1168.0,40.9,204.0,0,No Failure,0,0,0,0,0,80.2,36.4
3377,L13376,L,,313.4,1168.0,43.7,517.05,1,TWF (Tool Wear Failure),1,0,0,0,0,4.4,34.2
3378,H13377,H,299.0,308.4,1413.0,35.1,208.0,0,No Failure,0,0,0,0,0,90.4,41.1
3379,L13378,L,305.0,328.62,1224.0,32.2,213.0,0,No Failure,0,0,0,0,0,85.1,38.7
3380,H13379,H,299.9,309.4,1209.0,34.6,216.0,0,No Failure,0,0,0,0,0,81.7,37.1
3381,L13380,L,304.1,312.7,1266.0,30.3,222.0,1,HDF (Heat Dissipation),0,1,0,0,0,7.5,32.1
3382,H13381,H,300.6,310.1,1168.0,48.5,0.0,0,No Failure,0,0,0,0,0,214.5,97.5
3383,H13382,H,303.8,314.5,1245.0,30.2,6.0,0,No Failure,0,0,0,0,0,216.4,98.4
3384,M13383,M,299.6,308.8,1168.0,41.9,12.0,0,No Failure,0,0,0,0,0,203.2,92.3
3385,L13384,L,301.0,311.3,1285.0,36.3,15.0,0,No Failure,0,0,0,0,0,210.1,95.5
3386,M13385,M,302.4,313.0,1168.0,32.9,18.0,0,No Failure,0,0,0,0,0,208.8,94.9
3387,M13386,M,302.1,310.9,1168.0,53.7,21.0,0,No Failure,0,0,0,0,0,191.4,87.0
3388,H13387,H,302.9,312.3,1168.0,38.7,24.0,0,No Failure,0,0,0,0,0,198.1,90.1
3389,L13388,L,300.1,310.4,1168.0,33.3,30.0,0,No Failure,0,0,0,0,0,200.8,91.3
3390,L13389,L,301.1,311.8,1285.0,32.3,33.0,0,No Failure,0,0,0,0,0,199.1,90.5
3391,L13390,L,303.2,312.7,1168.0,43.4,35.0,0,No Failure,0,0,0,0,0,190.0,86.4
3392,M13391,M,299.7,309.9,1168.0,48.3,38.0,0,No Failure,0,0,0,0,0,193.2,87.8
3393,H13392,H,302.0,311.7,1413.0,52.7,42.0,0,No Failure,0,0,0,0,0,189.8,86.3
3394,L13393,L,300.5,311.2,1282.0,38.3,48.0,0,No Failure,0,0,0,0,0,187.8,85.4
3395,M13394,M,301.3,311.8,1229.0,37.7,50.0,0,No Failure,0,0,0,0,0,187.6,85.3
3396,H13395,H,301.1,310.7,1168.0,41.3,53.0,0,No Failure,0,0,0,0,0,181.2,82.3
3397,L13396,L,299.5,310.0,1168.0,41.7,58.0,0,No Failure,0,0,0,0,0,180.0,81.8
3398,L13397,L,300.5,310.1,1218.0,32.3,60.0,0,No Failure,0,0,0,0,0,177.9,80.9
3399,M13398,M,301.2,311.7,1168.0,54.6,63.0,0,No Failure,0,0,0,0,0,173.4,78.8
3400,M13399,M,300.7,311.2,1168.0,40.2,66.0,0,No Failure,0,0,0,0,0,176.4,80.2
3401,L13400,L,303.8,316.2,1365.0,45.3,70.0,0,No Failure,0,0,0,0,0,170.2,77.4
3402,H13401,H,302.7,312.4,1174.0,44.2,72.0,0,No Failure,0,0,0,0,0,168.9,76.8
3403,M13402,M,301.4,311.3,1168.0,44.0,77.0,0,No Failure,0,0,0,0,0,166.4,75.6
3404,H13403,H,299.5,308.9,1244.0,30.0,80.0,0,No Failure,0,0,0,0,0,167.2,76.0
3405,H13404,H,299.4,308.4,1168.0,39.9,86.0,0,No Failure,0,0,0,0,0,153.7,69.9
3406,H13405,H,304.5,314.0,1753.46,62.8,91.0,0,No Failure,0,0,0,0,0,145.4,66.1
3407,M13406,M,299.1,309.8,1287.0,55.9,97.0,0,No Failure,0,0,0,0,0,147.5,67.0
3408,L13407,L,301.1,311.8,1168.0,41.6,100.0,0,No Failure,0,0,0,0,0,151.0,68.7
3409,M13408,M,301.6,311.9,1208.0,36.3,103.0,0,No Failure,0,0,0,0,0,154.1,70.1
3410,L13409,L,300.3,310.0,1433.0,17.8,106.0,1,PWF (Power Failure),0,0,1,0,0,1.7,63.6
3411,M13410,M,299.1,308.6,1284.0,35.0,109.0,0,No Failure,0,0,0,0,0,147.4,67.0
3412,L13411,L,299.5,308.6,1168.0,39.2,112.0,0,No Failure,0,0,0,0,0,134.5,61.1
3413,M13412,M,299.9,309.3,1426.0,36.8,115.0,0,No Failure,0,0,0,0,0,145.5,66.1
3414,L13413,L,299.6,308.3,1168.0,37.5,119.0,0,No Failure,0,0,0,0,0,126.6,57.5
3415,L13414,L,303.3,314.7,1168.0,46.2,121.0,0,No Failure,0,0,0,0,0,133.2,60.6
3416,L13415,L,300.9,312.7,1349.0,30.0,123.0,0,No Failure,0,0,0,0,0,143.7,65.3
3417,M13416,M,299.9,308.0,1168.0,42.7,125.0,1,HDF (Heat Dissipation),0,1,0,0,0,2.0,52.2
3418,M13417,M,301.1,311.4,1327.0,38.9,129.0,0,No Failure,0,0,0,0,0,135.6,61.7
3419,L13418,L,302.1,312.4,1230.0,31.2,133.0,0,No Failure,0,0,0,0,0,136.6,62.1
3420,H13419,H,300.3,310.5,1168.0,56.7,480.11,0,No Failure,0,0,0,0,0,121.7,55.3
3421,H13420,H,302.5,311.9,1196.0,47.5,140.0,0,No Failure,0,0,0,0,0,118.0,53.7
3422,L13421,L,298.6,309.6,1190.0,32.1,145.0,0,No Failure,0,0,0,0,0,128.3,58.3
3423,M13422,M,303.0,313.4,1223.0,45.2,148.0,0,No Failure,0,0,0,0,0,118.1,53.7
3424,L13423,L,300.9,311.9,1434.0,26.1,151.0,0,No Failure,0,0,0,0,0,129.9,59.1
3425,L13424,L,300.8,310.1,1327.0,33.4,154.0,0,No Failure,0,0,0,0,0,117.6,53.5
3426,M13425,M,299.6,308.2,1168.0,53.3,157.0,1,HDF (Heat Dissipation),0,1,0,0,0,7.6,40.7
3427,L13426,L,298.7,309.1,1168.0,43.5,161.0,0,No Failure,0,0,0,0,0,107.1,48.7
3428,H13427,H,297.9,306.9,1168.0,42.7,164.0,0,No Failure,0,0,0,0,0,101.3,46.0
3429,H13428,H,299.5,310.6,1330.0,49.9,169.0,0,No Failure,0,0,0,0,0,102.8,46.7
3430,H13429,H,301.9,309.8,1168.0,46.1,175.0,1,HDF (Heat Dissipation),0,1,0,0,0,1.7,35.9
3431,M13430,M,299.1,308.6,1658.95,37.3,180.0,0,No Failure,0,0,0,0,0,98.4,44.7
3432,M13431,M,298.1,307.5,1286.0,49.4,184.0,0,No Failure,0,0,0,0,0,84.7,38.5
3433,H13432,H,299.2,308.9,1274.0,23.1,188.0,1,PWF (Power Failure),0,0,1,0,0,5.8,42.3
3434,L13433,L,300.2,310.5,1168.0,33.3,194.0,0,No Failure,0,0,0,0,0,95.9,43.6
3435,L13434,L,300.2,310.6,1301.0,39.0,197.0,0,No Failure,0,0,0,0,0,87.2,39.6
3436,M13435,M,300.6,311.2,1168.0,45.5,200.0,0,No Failure,0,0,0,0,0,82.0,37.3
3437,L13436,L,302.7,313.5,1248.0,36.8,203.0,0,No Failure,0,0,0,0,0,85.9,39.0
3438,L13437,L,303.1,312.9,1408.0,22.2,206.0,1,PWF (Power Failure),0,0,1,0,0,0.0,39.6
3439,L13438,L,,316.6,1385.0,20.8,208.0,1,PWF (Power Failure),0,0,1,0,0,0.7,36.8
3440,M13439,M,297.9,309.3,1194.0,39.3,210.0,0,No Failure,0,0,0,0,0,82.2,37.4
3441,L13440,L,299.3,309.0,1314.0,35.2,214.0,0,No Failure,0,0,0,0,0,78.8,35.8
3442,L13441,L,302.1,322.22,1168.0,30.9,217.0,0,No Failure,0,0,0,0,0,82.6,37.6
3443,L13442,L,300.0,309.7,1522.0,29.2,0.0,0,No Failure,0,0,0,0,0,220.0,100.0
3444,L13443,L,302.4,312.8,1168.0,41.3,2.0,0,No Failure,0,0,0,0,0,218.6,99.4
3445,H13444,H,301.2,310.2,1248.0,53.0,5.0,0,No Failure,0,0,0,0,0,207.6,94.3
3446,L13445,L,303.7,312.9,1243.0,41.3,11.0,0,No Failure,0,0,0,0,0,205.1,93.2
3447,M13446,M,302.7,310.5,1168.0,53.2,14.0,1,HDF (Heat Dissipation),0,1,0,0,0,5.5,84.3
3448,M13447,M,302.7,312.3,1281.0,36.3,18.0,0,No Failure,0,0,0,0,0,205.5,93.4
3449,L13448,L,300.1,311.2,1184.0,44.4,22.0,0,No Failure,0,0,0,0,0,204.5,92.9
3450,H13449,H,300.6,310.4,1168.0,53.5,24.0,0,No Failure,0,0,0,0,0,200.7,91.2
3451,M13450,M,300.3,310.2,1168.0,38.4,29.0,0,No Failure,0,0,0,0,0,200.0,90.9
3452,M13451,M,298.1,308.4,1168.0,40.3,32.0,0,No Failure,0,0,0,0,0,198.8,90.4
3453,L13452,L,,312.5,1272.0,36.3,35.0,0,No Failure,0,0,0,0,0,189.1,86.0
3454,L13453,L,302.2,312.2,1168.0,45.9,37.0,0,No Failure,0,0,0,0,0,193.5,88.0
3455,H13454,H,300.2,311.1,1168.0,49.0,40.0,0,No Failure,0,0,0,0,0,192.4,87.5
3456,M13455,M,303.2,313.5,1168.0,43.5,46.0,0,No Failure,0,0,0,0,0,188.8,85.8
3457,H13456,H,299.7,310.7,1168.0,37.7,50.0,0,No Failure,0,0,0,0,0,188.4,85.6
3458,H13457,H,297.5,308.8,1275.0,25.0,55.0,1,PWF (Power Failure),0,0,1,0,0,5.9,80.1
3459,L13458,L,302.6,313.3,1375.0,39.5,60.0,0,No Failure,0,0,0,0,0,179.4,81.5
3460,M13459,M,298.5,307.8,1592.0,38.1,63.0,0,No Failure,0,0,0,0,0,179.1,81.4
3461,L13460,L,300.4,310.1,1427.0,42.4,67.0,0,No Failure,0,0,0,0,0,173.2,78.7
3462,M13461,M,301.2,313.1,1168.0,41.2,70.0,0,No Failure,0,0,0,0,0,173.3,78.8
3463,L13462,L,,311.8,1168.0,55.7,74.0,0,No Failure,0,0,0,0,0,162.7,74.0
3464,L13463,L,302.3,312.5,1168.0,33.0,76.0,0,No Failure,0,0,0,0,0,171.5,78.0
3465,M13464,M,301.8,310.9,1381.0,24.2,79.0,1,PWF (Power Failure),0,0,1,0,0,3.0,74.4
3466,M13465,M,301.8,311.7,1562.0,28.6,82.0,0,No Failure,0,0,0,0,0,171.0,77.7
3467,M13466,M,299.4,310.1,1290.0,33.7,85.0,0,No Failure,0,0,0,0,0,166.8,75.8
3468,L13467,L,301.3,311.3,1168.0,50.8,88.0,0,No Failure,0,0,0,0,0,154.5,70.2
3469,L13468,L,298.1,307.6,1175.0,27.0,91.0,1,PWF (Power Failure),0,0,1,0,0,7.8,66.6
3470,H13469,H,303.6,313.3,1203.0,28.4,93.0,0,No Failure,0,0,0,0,0,156.3,71.0
3471,L13470,L,298.3,309.5,1229.0,44.1,98.0,0,No Failure,0,0,0,0,0,150.9,68.6
3472,L13471,L,300.1,310.8,1262.0,48.5,101.0,0,No Failure,0,0,0,0,0,146.2,66.4
3473,M13472,M,298.4,308.9,1243.0,24.5,103.0,1,PWF (Power Failure),0,0,1,0,0,2.3,65.5
3474,L13473,L,299.5,309.9,1354.0,22.3,107.0,1,PWF (Power Failure),0,0,1,0,0,7.4,64.1
3475,M13474,M,300.8,309.6,1286.0,32.1,110.0,0,No Failure,0,0,0,0,0,143.5,65.2
3476,L13475,L,299.8,310.1,1195.0,46.6,113.0,0,No Failure,0,0,0,0,0,138.7,63.0
3477,H13476,H,302.8,313.9,1168.0,41.4,115.0,0,No Failure,0,0,0,0,0,145.2,66.0
3478,H13477,H,301.2,310.9,1209.0,32.5,120.0,0,No Failure,0,0,0,0,0,144.2,65.6
3479,H13478,H,299.9,310.9,1168.0,47.4,126.0,0,No Failure,0,0,0,0,0,134.2,61.0
3480,M13479,M,300.5,311.0,1168.0,41.2,132.0,0,No Failure,0,0,0,0,0,132.0,60.0
3481,L13480,L,302.9,313.7,1300.0,38.9,135.0,0,No Failure,0,0,0,0,0,129.1,58.7
3482,M13481,M,302.4,312.5,1494.0,23.9,138.0,0,No Failure,0,0,0,0,0,139.5,63.4
3483,H13482,H,298.7,309.6,1302.0,32.3,141.0,0,No Failure,0,0,0,0,0,134.8,61.3
3484,M13483,M,299.5,308.0,1168.0,,147.0,1,HDF (Heat Dissipation),0,1,0,0,0,0.3,41.2
3485,M13484,M,301.6,311.6,1299.0,36.6,151.0,0,No Failure,0,0,0,0,0,123.2,56.0
3486,M13485,M,301.4,312.1,1301.0,30.4,155.0,0,No Failure,0,0,0,0,0,125.9,57.2
3487,M13486,M,298.8,309.1,1282.0,36.2,462.86,0,No Failure,0,0,0,0,0,119.0,54.1
3488,M13487,M,302.1,313.2,1170.0,41.2,162.0,0,No Failure,0,0,0,0,0,112.0,50.9
3489,L13488,L,299.1,308.9,1175.0,48.8,165.0,0,No Failure,0,0,0,0,0,96.9,44.0
3490,L13489,L,303.1,312.6,1358.0,46.2,167.0,0,No Failure,0,0,0,0,0,98.2,44.6
3491,M13490,M,301.7,310.1,1331.0,33.2,169.0,1,HDF (Heat Dissipation),0,1,0,0,0,1.7,48.4
3492,L13491,L,,308.4,1168.0,52.7,172.0,0,No Failure,0,0,0,0,0,86.6,39.4
3493,H13492,H,299.8,310.3,1259.0,48.1,174.0,0,No Failure,0,0,0,0,0,100.9,45.9
3494,M13493,M,299.7,310.5,1168.0,35.5,180.0,0,No Failure,0,0,0,0,0,105.7,48.0
3495,L13494,L,301.0,309.6,1168.0,-19.32,183.0,0,No Failure,0,0,0,0,0,81.6,37.1
3496,H13495,H,300.3,311.5,1259.0,46.0,186.0,0,No Failure,0,0,0,0,0,94.7,43.1
3497,M13496,M,298.7,307.7,1275.0,50.7,191.0,0,No Failure,0,0,0,0,0,75.0,34.1
3498,M13497,M,298.2,308.1,1188.0,24.8,195.0,1,PWF (Power Failure),0,0,1,0,0,1.0,39.5
3499,L13498,L,301.7,311.1,1169.0,40.7,198.0,0,No Failure,0,0,0,0,0,77.9,35.4
3500,H13499,H,301.2,311.6,1226.0,39.7,201.0,0,No Failure,0,0,0,0,0,91.0,41.4
3501,L13500,L,300.9,311.0,1176.0,34.3,206.0,0,No Failure,0,0,0,0,0,87.0,39.5
3502,M13501,M,301.2,311.9,1168.0,34.2,208.0,0,No Failure,0,0,0,0,0,89.4,40.6
3503,L13502,L,,311.4,1168.0,50.5,211.0,0,No Failure,0,0,0,0,0,63.2,28.7
3504,M13503,M,301.0,311.4,1168.0,45.3,214.0,0,No Failure,0,0,0,0,0,72.5,33.0
3505,M13504,M,305.3,314.7,1271.0,61.1,0.0,0,No Failure,0,0,0,0,0,215.3,97.9
3506,M13505,M,302.8,313.3,863.7,34.3,4.0,0,No Failure,0,0,0,0,0,217.5,98.9
3507,L13506,L,300.2,312.1,1168.0,41.4,8.0,0,No Failure,0,0,0,0,0,214.5,97.5
3508,H13507,H,299.7,310.4,1168.0,43.1,11.0,0,No Failure,0,0,0,0,0,212.8,96.7
3509,M13508,M,295.5,306.4,1179.0,49.0,17.0,0,No Failure,0,0,0,0,0,207.9,94.5
3510,L13509,L,302.6,311.0,1168.0,53.6,20.0,1,HDF (Heat Dissipation),0,1,0,0,0,3.6,85.1
3511,H13510,H,302.1,312.5,1168.0,40.9,22.0,0,No Failure,0,0,0,0,0,205.8,93.5
3512,M13511,M,299.7,309.4,1262.0,29.1,28.0,0,No Failure,0,0,0,0,0,200.7,91.2
3513,H13512,H,298.1,307.4,1168.0,32.9,32.0,0,No Failure,0,0,0,0,0,192.9,87.7
3514,H13513,H,298.6,308.6,1344.0,41.4,38.0,0,No Failure,0,0,0,0,0,195.3,88.8
3515,H13514,H,301.5,311.6,1168.0,51.2,43.0,0,No Failure,0,0,0,0,0,189.9,86.3
3516,M13515,M,300.5,309.9,1482.0,25.5,48.0,0,No Failure,0,0,0,0,0,192.1,87.3
3517,M13516,M,301.9,312.1,1209.0,28.3,51.0,0,No Failure,0,0,0,0,0,183.7,83.5
3518,L13517,L,300.8,310.6,1168.0,47.6,55.0,0,No Failure,0,0,0,0,0,177.9,80.9
3519,M13518,M,302.4,313.1,1274.0,27.1,57.0,0,No Failure,0,0,0,0,0,181.4,82.4
3520,M13519,M,301.3,311.5,1280.0,28.7,61.0,0,No Failure,0,0,0,0,0,183.5,83.4
3521,M13520,M,302.1,312.5,1168.0,51.4,64.0,0,No Failure,0,0,0,0,0,173.7,79.0
3522,H13521,H,296.9,307.9,1168.0,37.8,68.0,0,No Failure,0,0,0,0,0,177.0,80.5
3523,L13522,L,298.4,309.0,1168.0,37.0,74.0,0,No Failure,0,0,0,0,0,171.0,77.7
3524,L13523,L,300.0,310.0,1168.0,53.7,77.0,0,No Failure,0,0,0,0,0,161.3,73.3
3525,M13524,M,302.6,310.5,,29.4,80.0,1,HDF (Heat Dissipation),0,1,0,0,0,1.3,70.8
3526,L13525,L,304.0,314.5,1429.0,27.4,84.0,0,No Failure,0,0,0,0,0,169.2,76.9
3527,L13526,L,300.3,309.4,1168.0,56.3,86.0,0,No Failure,0,0,0,0,0,143.2,65.1
3528,L13527,L,299.5,309.4,1292.0,88.58,88.0,0,No Failure,0,0,0,0,0,158.3,71.9
3529,H13528,H,297.1,307.5,1286.0,46.8,91.0,0,No Failure,0,0,0,0,0,158.3,72.0
3530,L13529,L,302.2,313.5,1168.0,36.9,96.0,0,No Failure,0,0,0,0,0,156.5,71.1
3531,L13530,L,299.6,311.4,1168.0,38.9,99.0,0,No Failure,0,0,0,0,0,153.3,69.7
3532,L13531,L,306.0,315.1,1222.0,33.0,102.0,0,No Failure,0,0,0,0,0,145.9,66.3
3533,L13532,L,299.3,308.0,1335.0,43.2,104.0,0,No Failure,0,0,0,0,0,140.7,64.0
3534,L13533,L,304.4,314.7,1377.0,48.3,106.0,0,No Failure,0,0,0,0,0,142.6,64.8
3535,M13534,M,302.0,312.2,1168.0,42.0,108.0,0,No Failure,0,0,0,0,0,147.5,67.1
3536,M13535,M,298.8,307.6,1280.0,50.6,111.0,0,No Failure,0,0,0,0,0,131.3,59.7
3537,L13536,L,301.0,311.0,1222.0,46.6,114.0,0,No Failure,0,0,0,0,0,138.0,62.7
3538,M13537,M,302.0,312.6,1201.0,29.5,116.0,0,No Failure,0,0,0,0,0,147.7,67.1
3539,L13538,L,300.2,309.0,1168.0,38.6,119.0,0,No Failure,0,0,0,0,0,126.9,57.7
3540,L13539,L,302.1,311.1,1168.0,35.5,121.0,0,No Failure,0,0,0,0,0,130.0,59.1
3541,H13540,H,302.1,311.5,1198.0,47.5,123.0,0,No Failure,0,0,0,0,0,129.6,58.9
3542,M13541,M,301.7,311.5,1296.0,44.6,128.0,0,No Failure,0,0,0,0,0,130.9,59.5
3543,H13542,H,300.6,311.3,1168.0,41.3,132.0,0,No Failure,0,0,0,0,0,134.2,61.0
3544,L13543,L,298.5,308.2,1182.0,50.1,138.0,0,No Failure,0,0,0,0,0,114.5,52.0
3545,L13544,L,300.5,310.6,1435.0,21.3,140.0,1,PWF (Power Failure),0,0,1,0,0,3.3,56.4
3546,L13545,L,300.9,313.1,1224.0,34.0,143.0,0,No Failure,0,0,0,0,0,127.9,58.1
3547,L13546,L,297.2,306.2,1266.0,34.8,146.0,0,No Failure,0,0,0,0,0,117.2,53.3
3548,H13547,H,300.9,310.2,1354.0,42.5,149.0,0,No Failure,0,0,0,0,0,119.3,54.2
3549,L13548,L,300.4,311.1,1168.0,45.5,155.0,0,No Failure,0,0,0,0,0,109.5,49.8
3550,H13549,H,298.2,309.2,1168.0,40.0,158.0,0,No Failure,0,0,0,0,0,118.4,53.8
3551,H13550,H,300.0,310.4,1168.0,26.9,164.0,1,PWF (Power Failure),0,0,1,0,0,6.9,50.6
3552,M13551,M,300.0,311.8,1183.0,44.1,169.0,0,No Failure,0,0,0,0,0,104.6,47.6
3553,L13552,L,304.0,314.3,1168.0,41.3,173.0,0,No Failure,0,0,0,0,0,101.0,45.9
3554,M13553,M,301.0,309.0,1423.0,25.3,175.0,0,No Failure,0,0,0,0,0,115.5,52.5
3555,L13554,L,302.4,312.5,1217.0,37.0,178.0,0,No Failure,0,0,0,0,0,102.2,46.4
3556,M13555,M,300.4,309.8,1168.0,43.7,452.58,0,No Failure,0,0,0,0,0,90.3,41.0
3557,L13556,L,297.2,308.6,1168.0,56.5,185.0,0,No Failure,0,0,0,0,0,75.9,34.5
3558,H13557,H,301.8,312.8,1282.0,29.1,188.0,0,No Failure,0,0,0,0,0,109.5,49.8
3559,M13558,M,299.4,307.8,1211.0,47.9,193.0,1,HDF (Heat Dissipation),0,1,0,0,0,4.2,30.6
3560,M13559,M,299.9,311.3,1183.0,29.2,196.0,0,No Failure,0,0,0,0,0,97.3,44.2
3561,M13560,M,298.7,309.6,1328.0,27.3,199.0,0,No Failure,0,0,0,0,0,102.5,46.6
3562,M13561,M,300.7,310.4,1267.0,27.9,203.0,0,No Failure,0,0,0,0,0,94.4,42.9
3563,H13562,H,302.5,312.4,1168.0,46.1,206.0,0,No Failure,0,0,0,0,0,80.0,36.4
3564,L13563,L,302.2,313.6,1276.0,41.3,0.0,0,No Failure,0,0,0,0,0,220.0,100.0
3565,H13564,H,303.4,311.4,1168.0,36.9,3.0,1,HDF (Heat Dissipation),0,1,0,0,0,2.3,89.1
3566,H13565,H,303.6,314.0,1291.0,44.6,8.0,0,No Failure,0,0,0,0,0,214.7,97.6
3567,H13566,H,296.9,308.0,1226.0,40.4,14.0,0,No Failure,0,0,0,0,0,211.0,95.9
3568,L13567,L,298.4,308.3,1168.0,41.1,19.0,0,No Failure,0,0,0,0,0,205.9,93.6
3569,H13568,H,297.3,307.9,1360.0,37.0,21.0,0,No Failure,0,0,0,0,0,206.8,94.0
3570,L13569,L,301.7,311.8,1168.0,29.7,26.0,0,No Failure,0,0,0,0,0,199.3,90.6
3571,M13570,M,299.3,308.5,1168.0,56.9,28.0,0,No Failure,0,0,0,0,0,190.1,86.4
3572,L13571,L,299.6,308.8,1168.0,54.0,32.0,0,No Failure,0,0,0,0,0,186.8,84.9
3573,L13572,L,300.1,310.8,1168.0,55.9,35.0,0,No Failure,0,0,0,0,0,192.9,87.7
3574,L13573,L,301.2,310.6,1168.0,34.6,38.0,0,No Failure,0,0,0,0,0,188.8,85.8
3575,L13574,L,297.8,306.3,1244.0,33.2,40.0,1,HDF (Heat Dissipation),0,1,0,0,0,2.9,82.2
3576,L13575,L,298.2,308.3,1288.0,35.9,43.0,0,No Failure,0,0,0,0,0,191.8,87.2
3577,H13576,H,300.5,310.0,1168.0,50.7,46.0,0,No Failure,0,0,0,0,0,182.4,82.9
3578,L13577,L,302.7,311.5,1168.0,40.0,51.0,0,No Failure,0,0,0,0,0,172.1,78.2
3579,M13578,M,300.5,310.6,1245.0,34.6,53.0,0,No Failure,0,0,0,0,0,186.6,84.8
3580,L13579,L,299.1,299.8,1168.0,43.6,57.0,0,No Failure,0,0,0,0,0,180.0,81.8
3581,M13580,M,296.6,306.6,1435.0,32.6,60.0,0,No Failure,0,0,0,0,0,182.8,83.1
3582,M13581,M,302.2,,1373.0,26.4,64.0,0,No Failure,0,0,0,0,0,178.7,81.2
3583,L13582,L,299.2,309.7,1168.0,41.3,68.0,0,No Failure,0,0,0,0,0,173.2,78.7
3584,M13583,M,298.4,309.4,1168.0,34.8,70.0,0,No Failure,0,0,0,0,0,175.8,79.9
3585,H13584,H,297.4,309.6,1227.0,39.9,74.0,0,No Failure,0,0,0,0,0,172.4,78.4
3586,H13585,H,297.9,309.3,1759.0,13.2,79.0,1,PWF (Power Failure),0,0,1,0,0,0.2,71.8
3587,L13586,L,298.7,307.7,1168.0,31.1,84.0,0,No Failure,0,0,0,0,0,156.4,71.1
3588,L13587,L,300.0,310.9,1242.0,,86.0,0,No Failure,0,0,0,0,0,161.8,73.5
3589,M13588,M,298.3,308.6,1431.0,24.8,89.0,0,No Failure,0,0,0,0,0,166.4,75.6
3590,L13589,L,300.8,309.6,1320.0,25.2,93.0,1,PWF (Power Failure),0,0,1,0,0,0.2,67.9
3591,H13590,H,300.0,310.3,1168.0,40.4,96.0,0,No Failure,0,0,0,0,0,158.1,71.8
3592,L13591,L,304.5,316.4,1276.0,47.0,102.0,0,No Failure,0,0,0,0,0,146.4,66.5
3593,H13592,H,297.4,308.6,1168.0,31.1,104.0,0,No Failure,0,0,0,0,0,157.8,71.7
3594,L13593,L,300.8,309.8,1168.0,37.4,109.0,0,No Failure,0,0,0,0,0,136.6,62.1
3595,L13594,L,300.8,310.8,1168.0,37.6,111.0,0,No Failure,0,0,0,0,0,146.1,66.4
3596,H13595,H,298.6,309.1,1405.0,24.4,113.0,0,No Failure,0,0,0,0,0,150.5,68.4
3597,H13596,H,300.6,308.9,1168.0,51.8,118.0,1,HDF (Heat Dissipation),0,1,0,0,0,6.2,53.8
3598,H13597,H,301.8,310.1,1168.0,,124.0,1,HDF (Heat Dissipation),0,1,0,0,0,2.7,55.8
3599,H13598,H,300.6,310.8,1168.0,38.3,130.0,0,No Failure,0,0,0,0,0,137.5,62.5
3600,L13599,L,302.9,313.1,1208.0,43.7,136.0,0,No Failure,0,0,0,0,0,124.5,56.6
3601,L13600,L,296.5,304.7,1371.0,24.4,138.0,1,HDF (Heat Dissipation),0,1,0,0,0,4.5,56.7
3602,L13601,L,298.9,309.3,1168.0,49.2,141.0,0,No Failure,0,0,0,0,0,116.3,52.9
3603,M13602,M,303.1,314.2,1168.0,50.5,144.0,0,No Failure,0,0,0,0,0,116.6,53.0
3604,L13603,L,302.1,311.9,1299.0,41.4,147.0,0,No Failure,0,0,0,0,0,117.5,53.4
3605,H13604,H,301.4,311.5,1284.0,44.6,149.0,0,No Failure,0,0,0,0,0,120.7,54.9
3606,L13605,L,,313.2,1303.0,36.7,154.0,0,No Failure,0,0,0,0,0,118.3,53.8
3607,L13606,L,287.03,307.4,1168.0,48.6,157.0,0,No Failure,0,0,0,0,0,105.1,47.8
3608,L13607,L,301.9,310.2,1235.0,31.8,160.0,1,HDF (Heat Dissipation),0,1,0,0,0,5.9,46.8
3609,L13608,L,302.3,321.44,1218.0,39.7,163.0,0,No Failure,0,0,0,0,0,100.3,45.6
3610,L13609,L,299.2,308.8,1168.0,40.3,165.0,0,No Failure,0,0,0,0,0,103.1,46.9
3611,M13610,M,305.1,314.2,1168.0,39.6,167.0,0,No Failure,0,0,0,0,0,100.2,45.6
3612,L13611,L,300.8,312.3,1182.0,50.7,171.0,0,No Failure,0,0,0,0,0,92.7,42.2
3613,M13612,M,296.5,307.1,1168.0,61.9,173.0,0,No Failure,0,0,0,0,0,85.0,38.6
3614,H13613,H,301.1,310.0,1168.0,38.9,177.0,0,No Failure,0,0,0,0,0,95.1,43.2
3615,M13614,M,299.1,308.9,1243.0,44.7,183.0,0,No Failure,0,0,0,0,0,92.7,42.1
3616,M13615,M,302.5,313.6,1309.0,32.0,187.0,0,No Failure,0,0,0,0,0,104.8,47.6
3617,L13616,L,301.4,310.8,1168.0,50.3,190.0,0,No Failure,0,0,0,0,0,72.5,32.9
3618,L13617,L,299.3,310.2,1278.0,34.8,193.0,0,No Failure,0,0,0,0,0,94.8,43.1
3619,L13618,L,314.18,,1168.0,71.5,196.0,1,OSF (Overstrain Failure),0,0,0,1,0,4.3,23.8
3620,H13619,H,302.1,313.3,1483.0,23.3,199.0,0,No Failure,0,0,0,0,0,103.9,47.2
3621,M13620,M,298.9,309.1,1168.0,61.5,205.0,1,OSF (Overstrain Failure),0,0,0,1,0,6.4,27.5
3622,L13621,L,300.1,311.4,1168.0,49.9,209.0,0,No Failure,0,0,0,0,0,65.5,29.8
3623,L13622,L,301.3,310.8,1184.0,28.8,212.0,1,TWF (Tool Wear Failure),1,0,0,0,0,5.8,35.6
3624,H13623,H,299.7,312.2,1168.0,119.67,214.0,1,OSF (Overstrain Failure),0,0,0,1,0,0.5,26.0
3625,M13624,M,299.8,310.0,1572.0,30.7,220.0,1,TWF (Tool Wear Failure),1,0,0,0,0,2.2,39.1
3626,M13625,M,300.4,311.5,1168.0,36.9,223.0,1,TWF (Tool Wear Failure),1,0,0,0,0,3.4,34.8
3627,H13626,H,298.4,308.0,1168.0,27.0,0.0,1,PWF (Power Failure),0,0,1,0,0,2.7,91.8
3628,M13627,M,296.3,306.8,1332.0,38.5,6.0,0,No Failure,0,0,0,0,0,216.1,98.2
3629,M13628,M,300.8,311.3,1281.0,39.5,10.0,0,No Failure,0,0,0,0,0,213.4,97.0
3630,L13629,L,296.8,305.9,1197.0,48.3,14.0,0,No Failure,0,0,0,0,0,199.9,90.9
3631,L13630,L,298.6,,1168.0,64.4,16.0,0,No Failure,0,0,0,0,0,195.8,89.0
3632,H13631,H,297.2,307.0,1303.0,34.9,19.0,0,No Failure,0,0,0,0,0,207.0,94.1
3633,M13632,M,297.4,308.5,1501.0,12.5,25.0,1,PWF (Power Failure),0,0,1,0,0,0.9,84.2
3634,L13633,L,301.1,309.3,1168.0,46.5,29.0,1,HDF (Heat Dissipation),0,1,0,0,0,4.0,81.5
3635,M13634,M,299.9,309.5,1285.0,34.5,31.0,0,No Failure,0,0,0,0,0,197.6,89.8
3636,L13635,L,299.9,311.2,1168.0,58.2,34.0,0,No Failure,0,0,0,0,0,193.2,87.8
3637,H13636,H,309.24,306.8,1168.0,39.7,36.0,0,No Failure,0,0,0,0,0,183.7,83.5
3638,L13637,L,299.2,310.5,1451.0,78.62,41.0,0,No Failure,0,0,0,0,0,194.0,88.2
3639,H13638,H,301.0,309.9,1307.0,29.9,43.0,0,No Failure,0,0,0,0,0,187.6,85.3
3640,M13639,M,300.2,309.3,1168.0,46.2,49.0,0,No Failure,0,0,0,0,0,176.1,80.0
3641,L13640,L,301.8,311.7,1186.0,37.2,52.0,0,No Failure,0,0,0,0,0,184.4,83.8
3642,L13641,L,302.1,314.0,1168.0,54.7,54.0,0,No Failure,0,0,0,0,0,178.5,81.1
3643,H13642,H,299.9,309.3,1217.0,37.9,57.0,0,No Failure,0,0,0,0,0,177.8,80.8
3644,L13643,L,297.0,305.3,1184.0,54.1,63.0,1,HDF (Heat Dissipation),0,1,0,0,0,0.3,69.6
3645,L13644,L,299.0,307.6,1168.0,26.2,66.0,1,PWF (Power Failure),0,0,1,0,0,3.7,67.6
3646,M13645,M,300.1,311.0,1168.0,22.6,69.0,1,PWF (Power Failure),0,0,1,0,0,2.8,72.3
3647,L13646,L,298.9,307.5,1168.0,48.3,72.0,0,No Failure,0,0,0,0,0,152.1,69.1
3648,L13647,L,298.4,309.6,1322.0,35.4,75.0,0,No Failure,0,0,0,0,0,171.1,77.8
3649,L13648,L,300.4,310.5,1228.0,37.4,78.0,0,No Failure,0,0,0,0,0,168.2,76.4
3650,H13649,H,304.7,314.7,1403.0,29.9,80.0,0,No Failure,0,0,0,0,0,172.7,78.5
3651,L13650,L,299.4,309.7,1325.0,29.1,86.0,0,No Failure,0,0,0,0,0,167.1,76.0
3652,L13651,L,300.3,309.5,1168.0,46.4,89.0,0,No Failure,0,0,0,0,0,147.3,66.9
3653,L13652,L,297.9,308.0,1168.0,39.8,91.0,0,No Failure,0,0,0,0,0,158.2,71.9
3654,L13653,L,302.5,311.3,,29.4,93.0,0,No Failure,0,0,0,0,0,150.3,68.3
3655,L13654,L,301.9,313.2,1168.0,47.9,95.0,0,No Failure,0,0,0,0,0,150.9,68.6
3656,L13655,L,301.7,320.72,1168.0,51.7,98.0,0,No Failure,0,0,0,0,0,135.5,61.6
3657,L13656,L,302.7,313.1,1168.0,38.9,101.0,0,No Failure,0,0,0,0,0,152.0,69.1
3658,L13657,L,299.5,308.5,1168.0,50.0,103.0,0,No Failure,0,0,0,0,0,132.8,60.4
3659,H13658,H,299.7,309.2,1323.0,30.0,105.0,0,No Failure,0,0,0,0,0,155.0,70.5
3660,L13659,L,303.3,312.9,1168.0,45.8,111.0,0,No Failure,0,0,0,0,0,136.3,61.9
3661,L13660,L,301.4,314.4,1215.0,41.6,114.0,0,No Failure,0,0,0,0,0,141.4,64.3
3662,H13661,H,296.3,306.3,1168.0,32.1,,0,No Failure,0,0,0,0,0,149.5,67.9
3663,H13662,H,301.1,,,60.5,122.0,0,No Failure,0,0,0,0,0,120.0,54.6
3664,M13663,M,299.2,308.8,1263.0,42.3,127.0,0,No Failure,0,0,0,0,0,131.3,59.7
3665,L13664,L,301.9,310.4,1181.0,34.1,130.0,1,HDF (Heat Dissipation),0,1,0,0,0,5.2,54.4
3666,L13665,L,301.0,310.8,1311.0,40.2,133.0,0,No Failure,0,0,0,0,0,128.2,58.3
3667,L13666,L,297.1,309.0,1168.0,31.3,136.0,0,No Failure,0,0,0,0,0,134.6,61.2
3668,L13667,L,300.7,311.0,1352.0,28.4,139.0,0,No Failure,0,0,0,0,0,135.2,61.4
3669,L13668,L,300.6,311.5,1343.0,35.5,141.0,0,No Failure,0,0,0,0,0,127.9,58.1
3670,M13669,M,300.9,310.0,1168.0,36.2,143.0,0,No Failure,0,0,0,0,0,118.7,54.0
3671,L13670,L,301.3,311.1,1168.0,32.0,147.0,0,No Failure,0,0,0,0,0,124.9,56.8
3672,M13671,M,302.9,313.1,1168.0,52.5,150.0,0,No Failure,0,0,0,0,0,110.7,50.3
3673,L13672,L,301.0,310.3,1268.0,32.3,153.0,0,No Failure,0,0,0,0,0,117.4,53.4
3674,L13673,L,300.3,310.7,1220.0,30.7,155.0,0,No Failure,0,0,0,0,0,123.2,56.0
3675,M13674,M,302.3,312.9,1253.0,28.1,158.0,0,No Failure,0,0,0,0,0,123.0,55.9
3676,H13675,H,304.3,314.8,1414.0,27.2,161.0,0,No Failure,0,0,0,0,0,126.9,57.7
3677,L13676,L,301.9,311.7,1324.0,50.3,166.0,0,No Failure,0,0,0,0,0,95.8,43.5
3678,M13677,M,300.6,311.7,1168.0,42.6,169.0,0,No Failure,0,0,0,0,0,106.0,48.2
3679,L13678,L,301.0,310.7,1275.0,46.9,173.0,0,No Failure,0,0,0,0,0,92.9,42.2
3680,L13679,L,300.7,310.4,1168.0,50.2,175.0,0,No Failure,0,0,0,0,0,87.0,39.5
3681,M13680,M,300.2,300.51,1242.0,36.7,177.0,0,No Failure,0,0,0,0,0,106.4,48.4
3682,L13681,L,304.1,313.0,1168.0,54.7,180.0,0,No Failure,0,0,0,0,0,69.6,31.6
3683,L13682,L,298.9,307.2,1388.0,33.7,182.0,0,No Failure,0,0,0,0,0,98.5,44.8
3684,L13683,L,302.3,311.4,1355.0,29.0,184.0,0,No Failure,0,0,0,0,0,103.3,46.9
3685,L13684,L,300.0,310.4,1168.0,43.7,187.0,0,No Failure,0,0,0,0,0,88.7,40.3
3686,L13685,L,297.5,308.8,1168.0,41.4,189.0,0,No Failure,0,0,0,0,0,89.9,40.9
3687,L13686,L,299.9,309.2,1168.0,41.4,192.0,0,No Failure,0,0,0,0,0,80.1,36.4
3688,H13687,H,299.2,311.0,1168.0,50.2,195.0,0,No Failure,0,0,0,0,0,84.5,38.4
3689,M13688,M,301.2,311.2,1281.0,41.1,201.0,0,No Failure,0,0,0,0,0,86.1,39.1
3690,L13689,L,300.3,310.2,1316.0,43.1,205.0,0,No Failure,0,0,0,0,0,76.2,34.6
3691,L13690,L,287.83,307.5,1168.0,53.6,208.0,1,OSF (Overstrain Failure),1,0,0,1,0,7.7,24.0
3692,M13691,M,302.8,314.8,1168.0,42.7,211.0,1,TWF (Tool Wear Failure),1,0,0,0,0,4.3,35.3
3693,L13692,L,302.1,311.9,1294.0,44.9,214.0,0,No Failure,0,0,0,0,0,66.8,30.4
3694,M13693,M,303.0,311.7,1386.0,25.8,216.0,0,No Failure,0,0,0,0,0,89.1,40.5
3695,M13694,M,300.6,313.1,1168.0,77.2,219.0,1,PWF (Power Failure),0,0,1,1,0,6.0,12.3
3696,L13695,L,300.1,310.5,1712.0,24.1,223.0,1,TWF (Tool Wear Failure),1,0,0,0,0,1.1,40.7
3697,L13696,L,301.4,312.2,1228.0,-13.74,0.0,0,No Failure,0,0,0,0,0,220.0,100.0
3698,L13697,L,299.1,310.8,1856.07,34.3,2.0,0,No Failure,0,0,0,0,0,218.7,99.4
3699,L13698,L,300.4,311.0,1168.0,61.1,4.0,0,No Failure,0,0,0,0,0,216.8,98.5
3700,L13699,L,299.8,310.8,1168.0,34.0,6.0,0,No Failure,0,0,0,0,0,216.1,98.2
3701,H13700,H,297.5,307.6,1168.0,44.4,8.0,0,No Failure,0,0,0,0,0,214.7,97.6
3702,L13701,L,300.4,311.1,1168.0,34.4,14.0,0,No Failure,0,0,0,0,0,211.0,95.9
3703,M13702,M,299.3,309.3,1200.0,29.6,16.0,0,No Failure,0,0,0,0,0,208.1,94.6
3704,M13703,M,299.7,309.7,1168.0,45.7,19.0,0,No Failure,0,0,0,0,0,206.9,94.0
3705,L13704,L,300.8,310.9,1214.0,-23.36,23.0,0,No Failure,0,0,0,0,0,205.4,93.3
3706,L13705,L,302.4,312.0,1246.0,42.1,26.0,0,No Failure,0,0,0,0,0,198.4,90.2
3707,L13706,L,298.6,309.1,1183.0,46.3,29.0,0,No Failure,0,0,0,0,0,199.2,90.5
3708,M13707,M,299.5,310.0,1168.0,,32.0,0,No Failure,0,0,0,0,0,195.5,88.9
3709,L13708,L,298.7,309.5,1327.0,,35.0,0,No Failure,0,0,0,0,0,198.8,90.4
3710,M13709,M,298.6,309.2,1168.0,38.5,37.0,0,No Failure,0,0,0,0,0,195.9,89.0
3711,H13710,H,299.0,311.0,1250.0,38.9,41.0,0,No Failure,0,0,0,0,0,193.9,88.1
3712,M13711,M,299.8,310.9,1221.0,40.0,46.0,0,No Failure,0,0,0,0,0,189.6,86.2
3713,H13712,H,301.2,311.0,1168.0,65.7,49.0,0,No Failure,0,0,0,0,0,179.9,81.8
3714,M13713,M,300.7,311.2,1381.0,38.3,55.0,0,No Failure,0,0,0,0,0,184.2,83.7
3715,H13714,H,298.2,309.6,1684.0,14.8,58.0,1,PWF (Power Failure),0,0,1,0,0,3.3,76.4
3716,H13715,H,302.4,311.5,1200.0,38.0,63.0,0,No Failure,0,0,0,0,0,170.2,77.4
3717,M13716,M,301.8,313.8,1168.0,38.8,69.0,0,No Failure,0,0,0,0,0,174.9,79.5
3718,H13717,H,298.5,307.7,1168.0,37.6,72.0,0,No Failure,0,0,0,0,0,165.8,75.4
3719,H13718,H,302.3,313.2,1168.0,32.8,77.0,0,No Failure,0,0,0,0,0,173.3,78.8
3720,L13719,L,300.7,310.7,1394.0,26.8,83.0,0,No Failure,0,0,0,0,0,170.1,77.3
3721,M13720,M,299.8,309.7,1168.0,61.6,85.0,0,No Failure,0,0,0,0,0,152.7,69.4
3722,M13721,M,300.7,309.4,1168.0,43.2,89.0,0,No Failure,0,0,0,0,0,145.4,66.1
3723,H13722,H,300.0,310.9,1287.0,38.1,92.0,0,No Failure,0,0,0,0,0,161.7,73.5
3724,L13723,L,301.1,309.8,1168.0,61.3,97.0,0,No Failure,0,0,0,0,0,127.3,57.9
3725,H13724,H,300.4,309.0,1168.0,31.3,100.0,0,No Failure,0,0,0,0,0,144.7,65.8
3726,M13725,M,299.5,310.7,1396.0,46.0,105.0,0,No Failure,0,0,0,0,0,147.2,66.9
3727,H13726,H,296.4,308.2,1168.0,27.5,109.0,1,PWF (Power Failure),0,0,1,0,0,0.5,65.8
3728,L13727,L,301.0,310.3,1168.0,47.5,115.0,0,No Failure,0,0,0,0,0,128.9,58.6
3729,M13728,M,299.4,310.4,1306.0,28.7,117.0,0,No Failure,0,0,0,0,0,150.1,68.2
3730,M13729,M,301.5,312.3,1198.0,44.7,121.0,0,No Failure,0,0,0,0,0,137.0,62.3
3731,H13730,H,300.9,310.8,1168.0,59.5,124.0,0,No Failure,0,0,0,0,0,126.9,57.7
3732,H13731,H,299.4,310.7,1168.0,40.9,130.0,0,No Failure,0,0,0,0,0,135.8,61.7
3733,M13732,M,301.9,311.7,1410.0,18.1,136.0,1,PWF (Power Failure),0,0,1,0,0,6.8,56.5
3734,M13733,M,300.4,310.9,1168.0,40.4,139.0,0,No Failure,0,0,0,0,0,128.0,58.2
3735,L13734,L,300.3,309.0,1168.0,44.8,143.0,0,No Failure,0,0,0,0,0,104.3,47.4
3736,H13735,H,299.8,308.6,1168.0,49.0,145.0,0,No Failure,0,0,0,0,0,106.9,48.6
3737,L13736,L,303.1,314.3,1168.0,54.7,151.0,0,No Failure,0,0,0,0,0,104.0,47.3
3738,M13737,M,298.8,309.4,1168.0,55.2,153.0,0,No Failure,0,0,0,0,0,106.2,48.3
3739,M13738,M,299.5,309.4,1168.0,38.7,156.0,0,No Failure,0,0,0,0,0,117.1,53.2
3740,L13739,L,297.8,309.7,1168.0,33.4,159.0,0,No Failure,0,0,0,0,0,118.2,53.7
3741,L13740,L,301.3,,1459.0,28.8,161.0,0,No Failure,0,0,0,0,0,121.3,55.2
3742,L13741,L,299.0,309.4,1168.0,34.6,163.0,0,No Failure,0,0,0,0,0,114.4,52.0
3743,H13742,H,299.2,307.7,1168.0,44.8,166.0,1,HDF (Heat Dissipation),0,1,0,0,0,1.4,42.1
3744,M13743,M,299.1,309.0,1278.0,26.5,172.0,0,No Failure,0,0,0,0,0,111.5,50.7
3745,L13744,L,300.1,309.3,1168.0,30.7,176.0,0,No Failure,0,0,0,0,0,100.1,45.5
3746,M13745,M,297.8,307.9,1168.0,45.6,178.0,0,No Failure,0,0,0,0,0,97.0,44.1
3747,L13746,L,296.0,305.1,1173.0,33.5,181.0,0,No Failure,0,0,0,0,0,94.1,42.8
3748,H13747,H,300.8,309.6,1213.0,43.7,184.0,0,No Failure,0,0,0,0,0,85.7,39.0
3749,L13748,L,296.2,303.9,1168.0,31.9,190.0,1,HDF (Heat Dissipation),0,1,0,0,0,7.8,34.0
3750,L13749,L,301.5,311.7,1194.0,42.9,192.0,0,No Failure,0,0,0,0,0,86.1,39.1
3751,L13750,L,302.8,310.5,1329.0,32.3,194.0,1,HDF (Heat Dissipation),0,1,0,0,0,0.4,38.5
3752,M13751,M,299.7,309.4,1478.0,21.0,197.0,1,PWF (Power Failure),0,0,1,0,0,3.9,43.4
3753,L13752,L,302.3,313.0,1186.0,49.6,200.0,0,No Failure,0,0,0,0,0,72.5,32.9
3754,M13753,M,299.9,309.2,1396.0,33.0,202.0,0,No Failure,0,0,0,0,0,92.8,42.2
3755,L13754,L,302.9,311.8,1262.0,37.5,206.0,0,No Failure,0,0,0,0,0,73.9,33.6
3756,L13755,L,299.2,309.1,1168.0,33.1,209.0,1,TWF (Tool Wear Failure),1,0,0,0,0,0.1,38.8
3757,L13756,L,295.7,304.9,1168.0,93.87,0.0,0,No Failure,0,0,0,0,0,211.2,96.0
3758,L13757,L,299.8,310.0,1168.0,43.3,2.0,0,No Failure,0,0,0,0,0,218.6,99.4
3759,H13758,H,303.0,312.0,1206.0,45.4,5.0,0,No Failure,0,0,0,0,0,205.9,93.6
3760,L13759,L,300.9,310.8,1336.0,34.5,11.0,0,No Failure,0,0,0,0,0,212.4,96.5
3761,H13760,H,299.0,308.7,1175.0,39.5,,0,No Failure,0,0,0,0,0,207.7,94.4
3762,L13761,L,300.6,310.6,1293.0,44.2,20.0,0,No Failure,0,0,0,0,0,205.9,93.6
3763,L13762,L,301.7,313.3,1209.0,55.5,22.0,0,No Failure,0,0,0,0,0,203.0,92.3
3764,L13763,L,299.8,310.0,1207.0,43.1,25.0,0,No Failure,0,0,0,0,0,202.5,92.1
3765,L13764,L,304.7,315.2,1345.0,30.0,28.0,0,No Failure,0,0,0,0,0,202.6,92.1
3766,M13765,M,299.0,308.4,1267.0,92.98,31.0,0,No Failure,0,0,0,0,0,194.2,88.3
3767,M13766,M,301.8,312.0,1168.0,38.4,35.0,0,No Failure,0,0,0,0,0,197.2,89.6
3768,L13767,L,301.3,311.0,1456.0,20.0,39.0,1,PWF (Power Failure),0,0,1,0,0,1.5,80.7
3769,M13768,M,298.7,308.7,1569.0,21.5,41.0,0,No Failure,0,0,0,0,0,189.8,86.3
3770,M13769,M,299.2,309.8,1168.0,39.3,45.0,0,No Failure,0,0,0,0,0,190.5,86.6
3771,H13770,H,301.8,311.3,1398.0,40.2,48.0,0,No Failure,0,0,0,0,0,187.9,85.4
3772,H13771,H,300.2,319.36,1310.0,37.1,54.0,0,No Failure,0,0,0,0,0,183.6,83.5
3773,M13772,M,300.5,310.0,1280.0,48.8,60.0,0,No Failure,0,0,0,0,0,173.8,79.0
3774,H13773,H,297.0,306.5,1311.0,30.6,64.0,0,No Failure,0,0,0,0,0,178.8,81.3
3775,M13774,M,301.1,311.3,1239.0,26.1,70.0,1,PWF (Power Failure),0,0,1,0,0,6.9,76.3
3776,L13775,L,300.4,310.0,1168.0,31.7,74.0,0,No Failure,0,0,0,0,0,169.0,76.8
3777,M13776,M,299.8,311.3,1218.0,33.9,76.0,0,No Failure,0,0,0,0,0,172.4,78.4
3778,L13777,L,300.6,313.3,1248.0,39.4,80.0,0,No Failure,0,0,0,0,0,165.9,75.4
3779,M13778,M,299.2,308.6,1319.0,32.0,83.0,0,No Failure,0,0,0,0,0,165.4,75.2
3780,H13779,H,298.8,309.1,1504.0,18.6,86.0,1,PWF (Power Failure),0,0,1,0,0,0.8,69.1
3781,L13780,L,299.5,310.5,1537.0,14.3,91.0,1,PWF (Power Failure),0,0,1,0,0,1.9,68.3
3782,H13781,H,299.1,308.8,1168.0,41.2,94.0,0,No Failure,0,0,0,0,0,155.7,70.8
3783,H13782,H,303.8,312.8,1311.0,28.7,99.0,0,No Failure,0,0,0,0,0,155.9,70.9
3784,L13783,L,311.25,313.2,1289.0,19.9,105.0,1,PWF (Power Failure),0,0,1,0,0,5.1,63.3
3785,M13784,M,298.2,308.9,1255.0,46.2,107.0,0,No Failure,0,0,0,0,0,145.7,66.2
3786,H13785,H,303.6,313.9,1168.0,55.5,111.0,0,No Failure,0,0,0,0,0,139.9,63.6
3787,H13786,H,299.1,310.6,1273.0,39.1,117.0,0,No Failure,0,0,0,0,0,145.3,66.0
3788,L13787,L,299.9,310.7,1231.0,42.7,123.0,0,No Failure,0,0,0,0,0,134.4,61.1
3789,L13788,L,301.5,311.5,1168.0,42.8,126.0,0,No Failure,0,0,0,0,0,132.2,60.1
3790,M13789,M,296.3,305.3,1607.0,16.9,129.0,1,PWF (Power Failure),0,0,1,0,0,2.0,58.7
3791,L13790,L,299.5,298.31,1168.0,,133.0,0,No Failure,0,0,0,0,0,117.0,53.2
3792,L13791,L,298.8,310.0,1265.0,52.4,135.0,0,No Failure,0,0,0,0,0,118.2,53.7
3793,L13792,L,300.2,310.9,1168.0,58.4,137.0,0,No Failure,0,0,0,0,0,111.7,50.8
3794,L13793,L,300.5,310.3,1168.0,35.6,140.0,0,No Failure,0,0,0,0,0,126.3,57.4
3795,M13794,M,299.7,311.5,1168.0,28.6,143.0,1,PWF (Power Failure),0,0,1,0,0,0.1,57.4
3796,M13795,M,299.6,309.4,1168.0,53.6,147.0,0,No Failure,0,0,0,0,0,109.8,49.9
3797,M13796,M,301.8,312.8,1371.0,87.98,151.0,0,No Failure,0,0,0,0,0,116.2,52.8
3798,M13797,M,300.4,310.6,1310.0,48.7,155.0,0,No Failure,0,0,0,0,0,110.3,50.1
3799,L13798,L,299.9,311.8,1168.0,33.5,159.0,1,RNF (Random Failure),0,0,0,0,1,0.8,53.7
3800,L13799,L,300.1,310.9,1168.0,42.7,162.0,0,No Failure,0,0,0,0,0,107.2,48.7
3801,L13800,L,303.2,313.2,1168.0,29.5,164.0,0,No Failure,0,0,0,0,0,113.5,51.6
3802,L13801,L,300.2,298.99,1168.0,39.9,167.0,0,No Failure,0,0,0,0,0,104.3,47.4
3803,L13802,L,298.9,308.9,1168.0,36.5,169.0,0,No Failure,0,0,0,0,0,108.6,49.4
3804,L13803,L,296.4,305.7,1168.0,63.4,171.0,0,No Failure,0,0,0,0,0,72.0,32.7
3805,L13804,L,297.3,,1168.0,45.5,,1,HDF (Heat Dissipation),0,1,0,0,0,1.6,36.6
3806,L13805,L,299.0,309.3,1551.0,18.5,177.0,1,PWF (Power Failure),0,0,1,0,0,0.3,45.7
3807,M13806,M,299.6,309.1,1168.0,40.0,179.0,0,No Failure,0,0,0,0,0,96.4,43.8
3808,M13807,M,298.8,308.3,1500.0,43.7,183.0,0,No Failure,0,0,0,0,0,95.5,43.4
3809,H13808,H,300.5,310.4,1433.0,35.3,186.0,0,No Failure,0,0,0,0,0,104.8,47.6
3810,M13809,M,298.8,308.9,1530.0,,192.0,0,No Failure,0,0,0,0,0,104.9,47.7
3811,M13810,M,298.2,308.2,1223.0,46.6,196.0,0,No Failure,0,0,0,0,0,83.5,38.0
3812,L13811,L,300.9,312.6,1490.0,30.4,200.0,0,No Failure,0,0,0,0,0,95.5,43.4
3813,M13812,M,302.3,313.0,1233.0,45.8,202.0,0,No Failure,0,0,0,0,0,80.2,36.5
3814,L13813,L,297.8,309.9,1168.0,29.5,205.0,0,No Failure,0,0,0,0,0,88.2,40.1
3815,L13814,L,300.2,309.8,1228.0,34.7,208.0,0,No Failure,0,0,0,0,0,81.3,36.9
3816,L13815,L,296.4,307.2,1203.0,49.6,211.0,0,No Failure,0,0,0,0,0,64.4,29.3
3817,L13816,L,297.1,306.7,1320.0,44.9,0.0,0,No Failure,0,0,0,0,0,217.7,99.0
3818,L13817,L,298.7,308.1,1190.0,40.3,2.0,0,No Failure,0,0,0,0,0,212.0,96.4
3819,M13818,M,301.8,313.9,1237.0,39.7,5.0,0,No Failure,0,0,0,0,0,216.7,98.5
3820,H13819,H,298.4,307.6,1168.0,40.9,8.0,0,No Failure,0,0,0,0,0,206.0,93.6
3821,M13820,M,298.3,306.1,1199.0,32.1,13.0,1,HDF (Heat Dissipation),0,1,0,0,0,6.0,85.4
3822,M13821,M,299.9,309.2,1230.0,24.8,16.0,1,PWF (Power Failure),0,0,1,0,0,1.0,85.2
3823,M13822,M,299.8,307.8,642.81,45.7,20.0,1,HDF (Heat Dissipation),0,1,0,0,0,7.6,85.3
3824,L13823,L,298.4,307.4,1168.0,55.3,24.0,0,No Failure,0,0,0,0,0,190.5,86.6
3825,M13824,M,303.4,312.5,1168.0,46.0,26.0,0,No Failure,0,0,0,0,0,192.1,87.3
3826,M13825,M,299.3,,1173.0,42.5,30.0,0,No Failure,0,0,0,0,0,199.8,90.8
3827,L13826,L,300.0,308.0,1239.0,27.9,33.0,1,HDF (Heat Dissipation),0,1,0,0,0,5.3,80.2
3828,L13827,L,299.0,310.2,1221.0,48.8,36.0,0,No Failure,0,0,0,0,0,193.6,88.0
3829,H13828,H,300.6,308.7,1168.0,,38.0,1,HDF (Heat Dissipation),0,1,0,0,0,0.4,79.0
3830,M13829,M,292.99,311.9,1311.0,47.6,43.0,0,No Failure,0,0,0,0,0,189.2,86.0
3831,L13830,L,302.8,312.5,1287.0,50.3,47.0,0,No Failure,0,0,0,0,0,183.0,83.2
3832,M13831,M,298.4,309.2,1168.0,55.9,49.0,0,No Failure,0,0,0,0,0,183.4,83.4
3833,L13832,L,301.7,312.1,1362.0,28.9,52.0,0,No Failure,0,0,0,0,0,188.1,85.5
3834,L13833,L,300.7,311.9,1241.0,27.1,55.0,0,No Failure,0,0,0,0,0,179.2,81.5
3835,L13834,L,301.5,311.1,1168.0,41.5,57.0,0,No Failure,0,0,0,0,0,176.3,80.1
3836,L13835,L,299.6,309.1,1168.0,30.8,60.0,0,No Failure,0,0,0,0,0,176.1,80.1
3837,M13836,M,299.4,309.8,1190.0,29.0,62.0,0,No Failure,0,0,0,0,0,177.7,80.8
3838,L13837,L,301.4,312.4,1168.0,52.2,65.0,0,No Failure,0,0,0,0,0,171.0,77.7
3839,M13838,M,301.5,312.3,1483.0,29.9,67.0,0,No Failure,0,0,0,0,0,179.5,81.6
3840,L13839,L,302.6,312.9,1168.0,39.9,70.0,0,No Failure,0,0,0,0,0,172.4,78.4
3841,M13840,M,300.1,310.3,1364.0,23.7,73.0,1,PWF (Power Failure),0,0,1,0,0,1.0,75.9
3842,M13841,M,299.5,309.5,1181.0,40.6,77.0,0,No Failure,0,0,0,0,0,168.9,76.8
3843,M13842,M,295.3,305.7,1168.0,51.8,81.0,0,No Failure,0,0,0,0,0,161.3,73.3
3844,M13843,M,296.8,308.8,1168.0,52.1,84.0,0,No Failure,0,0,0,0,0,159.0,72.3
3845,H13844,H,299.0,308.8,1195.0,50.4,88.0,0,No Failure,0,0,0,0,0,156.6,71.2
3846,M13845,M,297.7,307.3,1377.0,39.2,93.0,0,No Failure,0,0,0,0,0,157.7,71.7
3847,M13846,M,301.2,310.8,1308.0,51.1,96.0,0,No Failure,0,0,0,0,0,148.3,67.4
3848,M13847,M,297.4,307.8,1218.0,44.3,100.0,0,No Failure,0,0,0,0,0,151.6,68.9
3849,L13848,L,298.8,306.7,1194.0,35.6,103.0,1,HDF (Heat Dissipation),0,1,0,0,0,1.0,58.9
3850,L13849,L,298.9,308.8,1168.0,43.8,106.0,0,No Failure,0,0,0,0,0,144.4,65.6
3851,L13850,L,301.9,312.8,1168.0,48.9,109.0,0,No Failure,0,0,0,0,0,140.1,63.7
3852,L13851,L,298.6,308.1,1331.0,26.7,111.0,0,No Failure,0,0,0,0,0,148.6,67.5
3853,L13852,L,300.5,310.7,1210.0,29.4,114.0,0,No Failure,0,0,0,0,0,147.7,67.1
3854,L13853,L,300.0,312.1,1168.0,38.6,117.0,0,No Failure,0,0,0,0,0,141.4,64.3
3855,M13854,M,301.3,311.6,1407.0,27.8,120.0,0,No Failure,0,0,0,0,0,148.9,67.7
3856,L13855,L,301.2,309.0,1317.0,27.6,123.0,1,HDF (Heat Dissipation),0,1,0,0,0,2.4,60.3
3857,H13856,H,299.6,308.2,1168.0,35.8,126.0,1,HDF (Heat Dissipation),0,1,0,0,0,2.8,57.4
3858,L13857,L,296.6,306.3,1283.0,49.9,131.0,0,No Failure,0,0,0,0,0,120.9,55.0
3859,M13858,M,299.3,308.5,1178.0,49.7,133.0,0,No Failure,0,0,0,0,0,116.3,52.9
3860,L13859,L,299.6,309.7,1168.0,43.2,136.0,0,No Failure,0,0,0,0,0,124.9,56.8
3861,L13860,L,300.2,309.9,1209.0,41.8,139.0,0,No Failure,0,0,0,0,0,120.8,54.9
3862,L13861,L,298.3,309.5,1168.0,60.9,141.0,0,No Failure,0,0,0,0,0,106.4,48.4
3863,M13862,M,301.7,310.6,1168.0,34.6,144.0,0,No Failure,0,0,0,0,0,117.1,53.2
3864,L13863,L,299.7,309.5,1168.0,42.4,147.0,0,No Failure,0,0,0,0,0,115.7,52.6
3865,H13864,H,298.0,308.2,1315.0,34.1,149.0,0,No Failure,0,0,0,0,0,128.6,58.5
3866,L13865,L,298.8,309.1,1411.0,27.1,154.0,0,No Failure,0,0,0,0,0,127.2,57.8
3867,M13866,M,303.1,313.2,1183.0,51.8,157.0,0,No Failure,0,0,0,0,0,106.2,48.3
3868,L13867,L,300.8,308.4,,36.9,160.0,1,HDF (Heat Dissipation),0,1,0,0,0,6.0,39.9
3869,M13868,M,301.5,311.6,1168.0,46.9,163.0,0,No Failure,0,0,0,0,0,106.2,48.3
3870,L13869,L,297.8,307.6,1194.0,37.5,166.0,0,No Failure,0,0,0,0,0,107.4,48.8
3871,L13870,L,298.4,309.3,1168.0,52.5,169.0,0,No Failure,0,0,0,0,0,92.4,42.0
3872,L13871,L,298.4,309.1,1238.0,30.0,172.0,0,No Failure,0,0,0,0,0,113.4,51.5
3873,L13872,L,300.0,310.2,1192.0,51.6,175.0,0,No Failure,0,0,0,0,0,88.8,40.4
3874,L13873,L,299.3,309.6,1168.0,48.9,178.0,0,No Failure,0,0,0,0,0,89.5,40.7
3875,H13874,H,298.7,310.1,1265.0,22.1,180.0,1,PWF (Power Failure),0,0,1,0,0,0.4,44.8
3876,L13875,L,299.0,310.2,1184.0,34.8,185.0,0,No Failure,0,0,0,0,0,100.0,45.4
3877,L13876,L,,308.5,1168.0,50.2,187.0,0,No Failure,0,0,0,0,0,81.4,37.0
3878,H13877,H,299.3,311.4,1222.0,,190.0,0,No Failure,0,0,0,0,0,82.0,37.3
3879,L13878,L,301.6,311.0,1168.0,47.2,195.0,0,No Failure,0,0,0,0,0,72.4,32.9
3880,L13879,L,296.9,305.7,1236.0,36.0,198.0,0,No Failure,0,0,0,0,0,78.8,35.8
3881,M13880,M,300.2,310.2,1188.0,30.3,201.0,0,No Failure,0,0,0,0,0,97.2,44.2
3882,H13881,H,302.1,311.7,1206.0,45.7,205.0,1,TWF (Tool Wear Failure),1,0,0,0,0,0.2,35.4
3883,M13882,M,299.3,306.8,1209.0,35.7,210.0,1,HDF (Heat Dissipation),0,1,0,0,0,5.9,27.2
3884,L13883,L,298.7,308.0,1377.0,36.2,0.0,0,No Failure,0,0,0,0,0,217.8,99.0
3885,H13884,H,301.3,311.6,1168.0,37.8,2.0,0,No Failure,0,0,0,0,0,218.7,99.4
3886,L13885,L,297.8,307.7,1168.0,48.8,8.0,0,No Failure,0,0,0,0,0,213.0,96.8
3887,H13886,H,299.6,308.8,1168.0,58.1,11.0,0,No Failure,0,0,0,0,0,203.1,92.3
3888,H13887,H,297.7,,1168.0,50.3,17.0,0,No Failure,0,0,0,0,0,208.2,94.6
3889,H13888,H,296.2,306.3,1381.0,40.1,22.0,0,No Failure,0,0,0,0,0,205.8,93.6
3890,L13889,L,299.3,310.0,1168.0,31.0,28.0,0,No Failure,0,0,0,0,0,202.2,91.9
3891,L13890,L,297.3,306.7,1168.0,46.7,31.0,0,No Failure,0,0,0,0,0,191.1,86.9
3892,M13891,M,299.6,310.5,1168.0,56.7,33.0,0,No Failure,0,0,0,0,0,195.2,88.7
3893,M13892,M,301.6,310.5,1168.0,50.0,36.0,0,No Failure,0,0,0,0,0,182.2,82.8
3894,M13893,M,302.9,312.4,1479.0,42.1,40.0,0,No Failure,0,0,0,0,0,193.1,87.8
3895,H13894,H,299.7,311.4,1370.0,35.1,44.0,0,No Failure,0,0,0,0,0,192.8,87.6
3896,M13895,M,301.4,310.4,1258.0,43.5,50.0,0,No Failure,0,0,0,0,0,177.6,80.7
3897,L13896,L,300.3,309.6,1226.0,51.5,54.0,0,No Failure,0,0,0,0,0,172.7,78.5
3898,L13897,L,298.9,307.6,1317.0,42.3,56.0,0,No Failure,0,0,0,0,0,173.5,78.9
3899,L13898,L,296.1,305.3,1168.0,39.0,59.0,0,No Failure,0,0,0,0,0,171.4,77.9
3900,L13899,L,302.5,312.6,1226.0,33.1,61.0,0,No Failure,0,0,0,0,0,181.0,82.3
3901,L13900,L,297.7,308.4,1168.0,65.9,64.0,0,No Failure,0,0,0,0,0,166.5,75.7
3902,H13901,H,302.0,299.76,1181.0,31.1,66.0,0,No Failure,0,0,0,0,0,180.5,82.1
3903,M13902,M,300.5,310.2,1231.0,30.2,71.0,0,No Failure,0,0,0,0,0,174.1,79.1
3904,M13903,M,297.8,306.6,1168.0,41.6,75.0,0,No Failure,0,0,0,0,0,156.6,71.2
3905,L13904,L,300.1,309.4,1273.0,38.0,78.0,0,No Failure,0,0,0,0,0,162.4,73.8
3906,M13905,M,303.4,311.9,1202.0,50.2,80.0,1,HDF (Heat Dissipation),0,1,0,0,0,0.3,66.5
3907,H13906,H,302.3,313.0,1168.0,50.6,83.0,0,No Failure,0,0,0,0,0,162.2,73.7
3908,H13907,H,298.6,309.4,1280.0,27.9,88.0,0,No Failure,0,0,0,0,0,167.2,76.0
3909,M13908,M,298.3,308.3,737.81,32.4,93.0,0,No Failure,0,0,0,0,0,162.5,73.9
3910,H13909,H,299.7,310.1,1168.0,31.2,96.0,0,No Failure,0,0,0,0,0,162.6,73.9
3911,M13910,M,299.2,310.1,741.71,47.8,102.0,0,No Failure,0,0,0,0,0,148.3,67.4
3912,L13911,L,310.18,311.8,1180.0,44.3,105.0,0,No Failure,0,0,0,0,0,145.9,66.3
3913,H13912,H,300.9,312.3,1168.0,36.3,107.0,0,No Failure,0,0,0,0,0,153.2,69.6
3914,L13913,L,296.5,305.5,1168.0,42.2,112.0,0,No Failure,0,0,0,0,0,131.4,59.7
3915,L13914,L,300.3,310.0,1436.0,28.7,115.0,0,No Failure,0,0,0,0,0,149.4,67.9
3916,L13915,L,299.2,308.7,1413.0,32.6,117.0,0,No Failure,0,0,0,0,0,144.8,65.8
3917,M13916,M,299.6,310.2,1323.0,27.0,119.0,0,No Failure,0,0,0,0,0,148.3,67.4
3918,M13917,M,300.0,308.6,1352.0,41.5,123.0,0,No Failure,0,0,0,0,0,131.8,59.9
3919,M13918,M,301.7,313.1,1308.0,41.4,127.0,0,No Failure,0,0,0,0,0,135.2,61.5
3920,L13919,L,301.3,311.9,1431.0,30.2,130.0,0,No Failure,0,0,0,0,0,139.2,63.3
3921,L13920,L,298.2,310.0,1168.0,44.2,132.0,0,No Failure,0,0,0,0,0,126.9,57.7
3922,H13921,H,299.4,309.4,1260.0,50.6,134.0,0,No Failure,0,0,0,0,0,126.6,57.6
3923,L13922,L,298.7,308.1,1251.0,29.7,140.0,0,No Failure,0,0,0,0,0,128.2,58.3
3924,H13923,H,296.5,307.2,1333.0,-8.31,143.0,0,No Failure,0,0,0,0,0,130.4,59.3
3925,L13924,L,299.3,310.3,1168.0,45.1,149.0,0,No Failure,0,0,0,0,0,114.1,51.9
3926,M13925,M,302.8,312.1,1168.0,39.9,151.0,0,No Failure,0,0,0,0,0,112.7,51.2
3927,M13926,M,296.4,304.4,1168.0,26.3,154.0,1,HDF (Heat Dissipation),0,1,1,0,0,5.9,41.8
3928,H13927,H,299.4,307.6,1168.0,35.6,158.0,1,HDF (Heat Dissipation),0,1,0,0,0,0.9,46.4
3929,L13928,L,299.4,309.7,1168.0,35.3,163.0,0,No Failure,0,0,0,0,0,113.8,51.7
3930,H13929,H,300.0,311.5,1211.0,38.3,165.0,0,No Failure,0,0,0,0,0,115.3,52.4
3931,M13930,M,297.7,306.4,1214.0,38.7,171.0,0,No Failure,0,0,0,0,0,94.9,43.1
3932,M13931,M,296.9,306.6,1168.0,55.7,174.0,0,No Failure,0,0,0,0,0,86.8,39.5
3933,M13932,M,297.0,306.7,1168.0,37.9,177.0,0,No Failure,0,0,0,0,0,101.9,46.3
3934,L13933,L,301.9,313.8,1436.0,22.8,180.0,1,PWF (Power Failure),0,0,1,0,0,5.6,48.2
3935,L13934,L,297.7,310.0,1168.0,40.9,183.0,0,No Failure,0,0,0,0,0,94.6,43.0
3936,L13935,L,298.6,309.0,1221.0,57.5,186.0,0,No Failure,0,0,0,0,0,74.0,33.6
3937,L13936,L,303.2,314.1,1168.0,38.3,189.0,0,No Failure,0,0,0,0,0,93.4,42.5
3938,M13937,M,298.1,309.0,1235.0,35.6,192.0,0,No Failure,0,0,0,0,0,97.9,44.5
3939,L13938,L,300.1,308.8,1182.0,36.9,195.0,0,No Failure,0,0,0,0,0,76.7,34.9
3940,L13939,L,301.4,312.1,1168.0,45.8,198.0,0,No Failure,0,0,0,0,0,78.5,35.7
3941,L13940,L,301.3,310.3,1242.0,36.9,201.0,0,No Failure,0,0,0,0,0,77.9,35.4
3942,L13941,L,297.0,306.8,1263.0,24.8,203.0,1,PWF (Power Failure),0,0,1,0,0,2.6,38.4
3943,L13942,L,298.2,322.1,1168.0,33.3,206.0,0,No Failure,0,0,0,0,0,88.2,40.1
3944,M13943,M,300.0,310.1,1383.0,39.4,209.0,0,No Failure,0,0,0,0,0,82.7,37.6
3945,L13944,L,302.9,314.0,1258.0,45.4,213.0,0,No Failure,0,0,0,0,0,68.3,31.0
3946,H13945,H,298.1,309.4,1168.0,34.2,216.0,1,TWF (Tool Wear Failure),1,0,0,0,0,0.6,39.8
3947,L13946,L,298.5,306.7,1276.0,37.0,221.0,1,HDF (Heat Dissipation),1,1,0,0,0,3.5,27.2
3948,L13947,L,300.2,308.0,1274.0,40.4,223.0,1,HDF (Heat Dissipation),1,1,0,0,0,1.4,23.1
3949,H13948,H,300.5,311.7,1271.0,32.2,226.0,1,TWF (Tool Wear Failure),1,0,0,0,0,0.6,38.0
3950,L13949,L,300.6,311.8,1168.0,39.1,0.0,0,No Failure,0,0,0,0,0,220.0,100.0
3951,L13950,L,297.9,308.2,1168.0,44.7,2.0,0,No Failure,0,0,0,0,0,218.6,99.4
3952,H13951,H,298.5,308.9,1407.0,28.1,5.0,0,No Failure,0,0,0,0,0,217.1,98.7
3953,H13952,H,299.8,310.7,1168.0,43.1,11.0,0,No Failure,0,0,0,0,0,212.8,96.7
3954,M13953,M,301.7,312.6,1254.0,,16.0,0,No Failure,0,0,0,0,0,210.4,95.6
3955,L13954,L,299.0,308.7,1362.0,29.3,19.0,0,No Failure,0,0,0,0,0,207.1,94.2
3956,M13955,M,299.4,310.4,1458.0,33.4,22.0,0,No Failure,0,0,0,0,0,206.3,93.8
3957,H13956,H,297.6,307.3,1310.0,53.7,25.0,0,No Failure,0,0,0,0,0,200.3,91.1
3958,H13957,H,302.8,313.0,1579.0,22.8,31.0,0,No Failure,0,0,0,0,0,201.9,91.8
3959,L13958,L,299.7,309.9,1177.0,35.4,36.0,0,No Failure,0,0,0,0,0,196.5,89.3
3960,L13959,L,301.3,310.4,1168.0,39.7,39.0,0,No Failure,0,0,0,0,0,183.7,83.5
3961,L13960,L,299.4,308.7,1168.0,51.7,42.0,0,No Failure,0,0,0,0,0,180.8,82.2
3962,L13961,L,299.5,311.7,1168.0,59.5,44.0,0,No Failure,0,0,0,0,0,184.9,84.1
3963,M13962,M,296.7,305.8,1168.0,35.8,46.0,0,No Failure,0,0,0,0,0,180.8,82.2
3964,L13963,L,295.5,305.9,1168.0,45.4,49.0,0,No Failure,0,0,0,0,0,185.1,84.1
3965,L13964,L,301.6,312.2,1168.0,39.1,52.0,0,No Failure,0,0,0,0,0,184.9,84.1
3966,L13965,L,299.5,309.4,1291.0,39.0,54.0,0,No Failure,0,0,0,0,0,182.9,83.1
3967,L13966,L,299.8,310.5,1355.0,42.7,57.0,0,No Failure,0,0,0,0,0,180.3,82.0
3968,L13967,L,297.1,307.4,1691.0,24.1,60.0,0,No Failure,0,0,0,0,0,184.9,84.1
3969,L13968,L,297.7,306.8,1198.0,39.5,62.0,0,No Failure,0,0,0,0,0,168.1,76.4
3970,L13969,L,301.3,311.8,1168.0,44.5,64.0,0,No Failure,0,0,0,0,0,174.8,79.4
3971,H13970,H,302.5,312.0,1258.0,31.4,66.0,0,No Failure,0,0,0,0,0,176.2,80.1
3972,L13971,L,298.2,309.9,1223.0,44.6,72.0,0,No Failure,0,0,0,0,0,169.1,76.8
3973,M13972,M,300.6,311.0,1495.0,22.7,75.0,0,No Failure,0,0,0,0,0,170.9,77.7
3974,L13973,L,299.7,309.0,1168.0,,79.0,0,No Failure,0,0,0,0,0,158.2,71.9
3975,L13974,L,299.1,309.4,1196.0,53.4,82.0,0,No Failure,0,0,0,0,0,157.6,71.7
3976,L13975,L,302.7,311.8,1239.0,37.8,84.0,0,No Failure,0,0,0,0,0,155.6,70.7
3977,L13976,L,298.5,308.8,1179.0,30.2,87.0,0,No Failure,0,0,0,0,0,164.0,74.5
3978,L13977,L,301.6,311.4,1301.0,25.7,90.0,0,No Failure,0,0,0,0,0,157.0,71.4
3979,L13978,L,300.0,309.2,1377.0,43.9,92.0,0,No Failure,0,0,0,0,0,152.7,69.4
3980,M13979,M,299.3,308.5,1207.0,49.3,95.0,0,No Failure,0,0,0,0,0,143.9,65.4
3981,L13980,L,301.8,314.2,1168.0,39.4,98.0,0,No Failure,0,0,0,0,0,153.7,69.9
3982,L13981,L,299.9,310.0,1353.0,35.4,100.0,0,No Failure,0,0,0,0,0,154.8,70.3
3983,M13982,M,299.2,308.8,1489.0,20.7,103.0,1,PWF (Power Failure),0,0,1,0,0,3.6,66.9
3984,L13983,L,301.8,311.2,1168.0,41.2,107.0,0,No Failure,0,0,0,0,0,139.9,63.6
3985,L13984,L,301.6,312.1,1168.0,33.1,109.0,0,No Failure,0,0,0,0,0,150.4,68.4
3986,L13985,L,301.5,310.9,1168.0,33.7,111.0,0,No Failure,0,0,0,0,0,142.1,64.6
3987,L13986,L,292.3,301.2,1168.0,56.2,113.0,0,No Failure,0,0,0,0,0,120.1,54.6
3988,L13987,L,300.1,310.1,1281.0,22.0,115.0,1,PWF (Power Failure),0,0,1,0,0,3.2,60.1
3989,H13988,H,299.7,309.7,1274.0,23.3,118.0,1,PWF (Power Failure),0,0,1,0,0,6.8,61.4
3990,H13989,H,299.3,308.9,1279.0,42.3,124.0,0,No Failure,0,0,0,0,0,135.8,61.7
3991,H13990,H,300.4,319.0,1357.0,36.1,129.0,0,No Failure,0,0,0,0,0,135.9,61.8
3992,L13991,L,290.52,309.4,1251.0,34.8,135.0,0,No Failure,0,0,0,0,0,128.9,58.6
3993,L13992,L,300.5,310.0,,42.7,137.0,0,No Failure,0,0,0,0,0,119.1,54.1
3994,L13993,L,298.8,308.2,1251.0,42.6,139.0,0,No Failure,0,0,0,0,0,118.1,53.7
3995,L13994,L,302.0,312.3,1168.0,30.3,-189.67,0,No Failure,0,0,0,0,0,129.7,59.0
3996,L13995,L,300.7,312.9,1288.0,34.1,143.0,0,No Failure,0,0,0,0,0,127.8,58.1
3997,L13996,L,300.3,311.6,1277.0,40.5,145.0,0,No Failure,0,0,0,0,0,121.0,55.0
3998,L13997,L,300.2,312.1,1198.0,41.7,148.0,0,No Failure,0,0,0,0,0,117.9,53.6
3999,L13998,L,301.4,310.8,1205.0,44.8,150.0,0,No Failure,0,0,0,0,0,107.2,48.7
4000,L13999,L,301.1,312.8,1356.0,34.2,152.0,0,No Failure,0,0,0,0,0,121.9,55.4
4001,M14000,M,299.1,309.3,1188.0,43.5,155.0,0,No Failure,0,0,0,0,0,114.7,52.1
4002,L14001,L,301.1,312.1,1168.0,49.5,159.0,0,No Failure,0,0,0,0,0,102.8,46.7
4003,H14002,H,299.6,310.1,1168.0,40.5,162.0,0,No Failure,0,0,0,0,0,115.4,52.5
4004,L14003,L,302.7,312.4,1168.0,39.0,168.0,0,No Failure,0,0,0,0,0,103.5,47.0
4005,M14004,M,301.3,312.0,1168.0,37.6,170.0,0,No Failure,0,0,0,0,0,110.0,50.0
4006,L14005,L,298.2,308.7,1168.0,33.8,173.0,0,No Failure,0,0,0,0,0,108.8,49.5
4007,L14006,L,303.5,311.7,1187.0,30.6,176.0,1,HDF (Heat Dissipation),0,1,0,0,0,4.5,41.1
4008,L14007,L,295.5,305.4,1168.0,37.0,178.0,0,No Failure,0,0,0,0,0,101.1,45.9
4009,L14008,L,300.4,311.3,1276.0,44.5,181.0,0,No Failure,0,0,0,0,0,92.0,41.8
4010,M14009,M,298.0,308.3,1247.0,31.1,184.0,0,No Failure,0,0,0,0,0,107.6,48.9
4011,L14010,L,302.7,313.2,1309.0,39.2,188.0,0,No Failure,0,0,0,0,0,93.1,42.3
4012,L14011,L,299.7,308.9,1375.0,38.1,191.0,0,No Failure,0,0,0,0,0,89.7,40.8
4013,H14012,H,297.8,308.1,1168.0,57.8,193.0,0,No Failure,0,0,0,0,0,78.4,35.7
4014,L14013,L,298.8,308.7,1189.0,47.2,199.0,0,No Failure,0,0,0,0,0,75.0,34.1
4015,M14014,M,298.0,307.8,1182.0,47.1,202.0,0,No Failure,0,0,0,0,0,76.6,34.8
4016,M14015,M,298.7,308.0,1317.0,49.2,206.0,0,No Failure,0,0,0,0,0,69.5,31.6
4017,L14016,L,298.7,309.6,1189.0,34.5,209.0,0,No Failure,0,0,0,0,0,84.8,38.5
4018,L14017,L,297.9,308.2,1168.0,108.51,211.0,1,OSF (Overstrain Failure),0,0,0,1,0,1.3,26.8
4019,L14018,L,299.7,309.9,1168.0,41.6,0.0,0,No Failure,0,0,0,0,0,220.0,100.0
4020,M14019,M,300.0,312.1,1382.0,39.6,2.0,0,No Failure,0,0,0,0,0,218.7,99.4
4021,L14020,L,297.5,308.0,1204.0,27.9,6.0,0,No Failure,0,0,0,0,0,208.6,94.8
4022,L14021,L,296.3,307.5,1340.0,36.0,8.0,0,No Failure,0,0,0,0,0,214.8,97.6
4023,L14022,L,299.8,310.1,1181.0,22.3,11.0,1,PWF (Power Failure),0,0,1,0,0,4.1,87.1
4024,H14023,H,300.2,309.8,1254.0,37.5,14.0,0,No Failure,0,0,0,0,0,207.7,94.4
4025,M14024,M,300.6,309.5,1239.0,34.2,19.0,0,No Failure,0,0,0,0,0,197.9,89.9
4026,H14025,H,300.2,310.4,1168.0,36.0,22.0,0,No Failure,0,0,0,0,0,206.3,93.8
4027,M14026,M,302.1,309.4,1191.0,26.1,27.0,1,HDF (Heat Dissipation),0,1,1,0,0,4.2,72.5
4028,M14027,M,301.0,311.3,1176.0,47.0,31.0,0,No Failure,0,0,0,0,0,198.3,90.2
4029,L14028,L,304.1,324.73,1168.0,45.9,34.0,0,No Failure,0,0,0,0,0,195.7,88.9
4030,H14029,H,304.8,314.6,1168.0,56.9,37.0,0,No Failure,0,0,0,0,0,190.8,86.7
4031,M14030,M,296.1,306.0,1215.0,56.6,43.0,0,No Failure,0,0,0,0,0,186.7,84.8
4032,L14031,L,295.3,304.0,1182.0,41.6,46.0,0,No Failure,0,0,0,0,0,174.0,79.1
4033,M14032,M,299.2,310.6,1215.0,50.2,49.0,0,No Failure,0,0,0,0,0,184.9,84.1
4034,M14033,M,300.1,309.8,,42.6,53.0,0,No Failure,0,0,0,0,0,182.1,82.8
4035,L14034,L,299.1,308.1,1418.0,35.7,57.0,0,No Failure,0,0,0,0,0,181.3,82.4
4036,L14035,L,300.5,311.0,1168.0,37.2,60.0,0,No Failure,0,0,0,0,0,180.2,81.9
4037,L14036,L,298.7,308.8,1168.0,46.4,63.0,0,No Failure,0,0,0,0,0,174.7,79.4
4038,H14037,H,298.0,307.6,1168.0,78.0,65.0,1,PWF (Power Failure),0,0,1,0,0,5.6,63.3
4039,L14038,L,298.2,307.7,1417.0,51.7,71.0,0,No Failure,0,0,0,0,0,166.0,75.5
4040,H14039,H,298.8,308.8,1168.0,42.5,74.0,0,No Failure,0,0,0,0,0,171.5,77.9
4041,L14040,L,300.7,323.99,1280.0,44.8,80.0,0,No Failure,0,0,0,0,0,163.3,74.2
4042,M14041,M,298.3,308.8,1168.0,44.7,83.0,0,No Failure,0,0,0,0,0,163.1,74.1
4043,L14042,L,298.7,308.7,1168.0,39.1,87.0,0,No Failure,0,0,0,0,0,161.3,73.3
4044,H14043,H,300.2,311.1,1235.0,47.6,89.0,0,No Failure,0,0,0,0,0,159.3,72.4
4045,L14044,L,298.8,308.8,1306.0,38.4,95.0,0,No Failure,0,0,0,0,0,156.3,71.1
4046,L14045,L,301.2,311.6,1434.0,29.9,98.0,0,No Failure,0,0,0,0,0,159.3,72.4
4047,L14046,L,297.5,307.7,1168.0,44.8,101.0,0,No Failure,0,0,0,0,0,148.4,67.5
4048,L14047,L,297.1,307.7,1168.0,46.2,103.0,0,No Failure,0,0,0,0,0,146.1,66.4
4049,L14048,L,299.7,309.3,1240.0,38.5,105.0,0,No Failure,0,0,0,0,0,145.8,66.3
4050,M14049,M,299.9,308.8,1268.0,43.1,108.0,0,No Failure,0,0,0,0,0,138.1,62.8
4051,H14050,H,297.6,308.5,1191.0,49.6,112.0,0,No Failure,0,0,0,0,0,142.5,64.8
4052,M14051,M,301.6,313.1,1168.0,39.5,117.0,0,No Failure,0,0,0,0,0,143.1,65.0
4053,M14052,M,302.6,311.5,1168.0,35.5,121.0,0,No Failure,0,0,0,0,0,131.0,59.6
4054,L14053,L,298.0,308.2,1255.0,32.9,124.0,0,No Failure,0,0,0,0,0,141.0,64.1
4055,H14054,H,301.8,311.4,1168.0,37.5,126.0,0,No Failure,0,0,0,0,0,136.2,61.9
4056,H14055,H,294.9,305.8,1168.0,55.3,131.0,0,No Failure,0,0,0,0,0,125.6,57.1
4057,L14056,L,301.1,,1168.0,38.0,137.0,0,No Failure,0,0,0,0,0,128.5,58.4
4058,H14057,H,297.6,310.9,1168.0,43.6,140.0,0,No Failure,0,0,0,0,0,127.4,57.9
4059,L14058,L,300.9,310.6,1270.0,36.8,146.0,0,No Failure,0,0,0,0,0,121.1,55.1
4060,H14059,H,297.4,308.9,1168.0,35.9,149.0,0,No Failure,0,0,0,0,0,127.3,57.9
4061,H14060,H,299.0,310.6,1168.0,31.2,155.0,0,No Failure,0,0,0,0,0,127.2,57.8
4062,M14061,M,297.7,308.2,1168.0,41.0,161.0,0,No Failure,0,0,0,0,0,112.9,51.3
4063,L14062,L,298.8,308.8,1320.0,34.8,165.0,0,No Failure,0,0,0,0,0,112.9,51.3
4064,M14063,M,302.4,312.5,1168.0,52.7,168.0,0,No Failure,0,0,0,0,0,97.4,44.3
4065,L14064,L,299.0,309.0,1220.0,38.9,172.0,0,No Failure,0,0,0,0,0,104.2,47.4
4066,M14065,M,302.9,314.0,1168.0,39.6,175.0,0,No Failure,0,0,0,0,0,104.9,47.7
4067,L14066,L,298.4,307.5,1168.0,38.2,178.0,1,RNF (Random Failure),0,0,0,0,1,3.2,41.4
4068,M14067,M,301.8,311.6,1168.0,43.7,180.0,0,No Failure,0,0,0,0,0,95.3,43.3
4069,H14068,H,296.2,305.9,1168.0,54.9,184.0,0,No Failure,0,0,0,0,0,84.5,38.4
4070,L14069,L,298.6,306.9,1168.0,29.6,190.0,1,HDF (Heat Dissipation),0,1,0,0,0,3.5,35.9
4071,L14070,L,298.2,309.1,1168.0,42.8,,0,No Failure,0,0,0,0,0,85.5,38.9
4072,M14071,M,301.9,313.0,1382.0,24.3,195.0,0,No Failure,0,0,0,0,0,100.3,45.6
4073,L14072,L,299.5,308.9,1168.0,52.2,199.0,0,No Failure,0,0,0,0,0,63.5,28.9
4074,L14073,L,295.4,306.4,1277.0,38.9,201.0,1,TWF (Tool Wear Failure),1,0,0,0,0,7.0,38.5
4075,L14074,L,296.8,305.2,1196.0,25.1,203.0,1,HDF (Heat Dissipation),0,1,1,0,0,2.7,29.3
4076,L14075,L,297.3,307.3,1349.0,27.2,206.0,0,No Failure,0,0,0,0,0,95.7,43.5
4077,M14076,M,300.8,310.7,1169.0,48.1,209.0,1,TWF (Tool Wear Failure),1,0,0,0,0,2.7,32.6
4078,M14077,M,300.6,310.7,1541.0,23.4,213.0,0,No Failure,0,0,0,0,0,98.2,44.6
4079,L14078,L,298.6,308.7,1241.0,42.8,-303.06,0,No Failure,0,0,0,0,0,220.0,100.0
4080,L14079,L,298.1,308.0,1168.0,35.7,3.0,0,No Failure,0,0,0,0,0,216.9,98.6
4081,L14080,L,300.4,310.0,1417.0,38.1,5.0,0,No Failure,0,0,0,0,0,216.1,98.2
4082,L14081,L,297.1,307.0,1168.0,33.3,7.0,0,No Failure,0,0,0,0,0,214.4,97.5
4083,M14082,M,299.9,311.3,1169.0,30.5,9.0,0,No Failure,0,0,0,0,0,212.7,96.7
4084,L14083,L,299.8,309.2,1168.0,35.1,13.0,0,No Failure,0,0,0,0,0,204.9,93.2
4085,M14084,M,298.6,310.9,1309.0,45.7,15.0,0,No Failure,0,0,0,0,0,209.6,95.3
4086,H14085,H,299.8,309.2,1168.0,37.1,18.0,0,No Failure,0,0,0,0,0,202.1,91.9
4087,M14086,M,288.79,309.5,1238.0,44.2,23.0,0,No Failure,0,0,0,0,0,204.3,92.9
4088,M14087,M,300.0,310.6,1168.0,37.6,26.0,0,No Failure,0,0,0,0,0,203.2,92.4
4089,L14088,L,296.7,306.4,1248.0,46.1,30.0,0,No Failure,0,0,0,0,0,195.8,89.0
4090,L14089,L,300.2,311.6,1168.0,44.1,32.0,0,No Failure,0,0,0,0,0,197.5,89.8
4091,L14090,L,300.9,311.4,1194.0,34.6,35.0,0,No Failure,0,0,0,0,0,197.3,89.7
4092,M14091,M,299.7,309.5,1168.0,30.5,37.0,0,No Failure,0,0,0,0,0,193.4,87.9
4093,H14092,H,300.2,311.6,1168.0,49.6,40.0,0,No Failure,0,0,0,0,0,192.3,87.4
4094,L14093,L,298.9,307.9,,31.9,45.0,0,No Failure,0,0,0,0,0,181.1,82.3
4095,L14094,L,300.7,310.1,1168.0,45.0,48.0,0,No Failure,0,0,0,0,0,179.3,81.5
4096,L14095,L,299.2,309.8,1168.0,40.3,51.0,0,No Failure,0,0,0,0,0,185.2,84.2
4097,M14096,M,297.0,307.8,1274.0,35.4,54.0,0,No Failure,0,0,0,0,0,185.7,84.4
4098,M14097,M,300.6,310.9,1168.0,44.3,57.0,0,No Failure,0,0,0,0,0,181.0,82.3
4099,M14098,M,296.1,306.0,1168.0,53.7,61.0,0,No Failure,0,0,0,0,0,174.0,79.1
4100,H14099,H,299.6,309.3,1201.0,46.3,65.0,0,No Failure,0,0,0,0,0,172.8,78.6
4101,L14100,L,298.4,309.5,1275.0,41.3,70.0,0,No Failure,0,0,0,0,0,171.9,78.1
4102,M14101,M,298.3,308.5,1168.0,56.2,72.0,0,No Failure,0,0,0,0,0,166.1,75.5
4103,M14102,M,299.4,308.5,1335.0,23.3,75.0,1,PWF (Power Failure),0,0,1,0,0,6.8,71.8
4104,L14103,L,297.8,306.9,1443.0,28.9,79.0,0,No Failure,0,0,0,0,0,171.3,77.8
4105,H14104,H,300.0,311.5,1270.0,35.4,81.0,0,No Failure,0,0,0,0,0,169.8,77.2
4106,L14105,L,299.2,308.5,1168.0,54.2,86.0,0,No Failure,0,0,0,0,0,146.5,66.6
4107,M14106,M,298.0,298.52,1241.0,49.4,89.0,0,No Failure,0,0,0,0,0,156.7,71.2
4108,M14107,M,301.5,312.9,1211.0,22.8,92.0,1,PWF (Power Failure),0,0,1,0,0,1.3,66.4
4109,H14108,H,299.4,309.9,1176.0,35.6,95.0,0,No Failure,0,0,0,0,0,161.0,73.2
4110,M14109,M,300.2,309.4,1168.0,26.8,100.0,1,PWF (Power Failure),0,0,1,0,0,4.2,62.8
4111,L14110,L,301.6,310.6,1397.0,39.6,104.0,0,No Failure,0,0,0,0,0,147.2,66.9
4112,H14111,H,301.6,313.5,1340.0,49.0,106.0,0,No Failure,0,0,0,0,0,147.0,66.8
4113,M14112,M,300.1,309.1,1168.0,49.8,112.0,0,No Failure,0,0,0,0,0,129.0,58.7
4114,M14113,M,298.5,307.9,1355.0,42.7,115.0,0,No Failure,0,0,0,0,0,139.9,63.6
4115,M14114,M,296.5,306.9,1293.0,35.7,119.0,0,No Failure,0,0,0,0,0,144.3,65.6
4116,L14115,L,299.4,309.2,1286.0,39.0,123.0,0,No Failure,0,0,0,0,0,135.7,61.7
4117,M14116,M,301.0,311.6,1330.0,46.8,126.0,0,No Failure,0,0,0,0,0,132.1,60.1
4118,H14117,H,299.7,308.2,1168.0,63.5,130.0,1,HDF (Heat Dissipation),0,1,0,0,0,2.8,47.4
4119,L14118,L,292.8,302.6,1280.0,28.1,135.0,0,No Failure,0,0,0,0,0,135.4,61.6
4120,L14119,L,300.6,311.3,1168.0,55.9,138.0,0,No Failure,0,0,0,0,0,113.0,51.4
4121,H14120,H,300.7,311.4,1168.0,42.4,141.0,0,No Failure,0,0,0,0,0,127.6,58.0
4122,M14121,M,298.5,307.9,1168.0,48.2,146.0,0,No Failure,0,0,0,0,0,110.5,50.2
4123,H14122,H,300.8,309.8,1168.0,41.9,150.0,0,No Failure,0,0,0,0,0,111.1,50.5
4124,L14123,L,300.2,310.4,1168.0,54.0,155.0,0,No Failure,0,0,0,0,0,101.6,46.2
4125,H14124,H,297.8,306.5,1187.0,43.3,158.0,0,No Failure,0,0,0,0,0,101.4,46.1
4126,L14125,L,301.3,312.6,1168.0,33.5,163.0,0,No Failure,0,0,0,0,0,115.5,52.5
4127,M14126,M,296.7,306.9,1168.0,44.5,166.0,0,No Failure,0,0,0,0,0,106.3,48.3
4128,L14127,L,298.9,308.2,1168.0,51.3,170.0,0,No Failure,0,0,0,0,0,85.2,38.7
4129,M14128,M,298.7,307.6,1237.0,40.0,173.0,0,No Failure,0,0,0,0,0,95.5,43.4
4130,H14129,H,297.5,306.9,1389.0,19.3,176.0,1,PWF (Power Failure),0,0,1,0,0,0.0,46.2
4131,M14130,M,299.6,308.0,1168.0,38.9,182.0,1,HDF (Heat Dissipation),0,1,0,0,0,0.4,37.9
4132,M14131,M,301.4,311.9,1293.0,41.0,186.0,0,No Failure,0,0,0,0,0,96.2,43.7
4133,L14132,L,301.3,310.5,1168.0,39.6,189.0,0,No Failure,0,0,0,0,0,83.1,37.8
4134,M14133,M,300.3,310.7,1168.0,35.0,191.0,0,No Failure,0,0,0,0,0,99.2,45.1
4135,M14134,M,296.0,306.5,1175.0,53.2,194.0,0,No Failure,0,0,0,0,0,77.9,35.4
4136,L14135,L,296.6,307.6,1471.0,16.3,197.0,1,PWF (Power Failure),0,0,1,0,0,0.2,41.8
4137,M14136,M,299.3,309.6,1343.0,40.9,199.0,0,No Failure,0,0,0,0,0,87.7,39.9
4138,H14137,H,298.9,310.0,1168.0,41.1,203.0,0,No Failure,0,0,0,0,0,88.3,40.1
4139,M14138,M,298.1,309.5,1675.17,60.9,208.0,1,OSF (Overstrain Failure),0,0,0,1,0,3.1,26.7
4140,M14139,M,302.4,312.7,1168.0,39.9,,1,TWF (Tool Wear Failure),1,0,0,0,0,3.1,36.5
4141,L14140,L,299.2,309.5,1168.0,44.5,0.0,0,No Failure,0,0,0,0,0,220.0,100.0
4142,M14141,M,300.0,309.4,1168.0,41.3,3.0,0,No Failure,0,0,0,0,0,211.4,96.1
4143,L14142,L,300.8,309.8,1168.0,40.9,6.0,0,No Failure,0,0,0,0,0,204.9,93.1
4144,L14143,L,299.1,310.4,1168.0,57.6,8.0,0,No Failure,0,0,0,0,0,213.7,97.1
4145,L14144,L,303.7,314.3,1168.0,28.9,11.0,0,No Failure,0,0,0,0,0,206.0,93.6
4146,L14145,L,297.3,308.0,1305.0,33.3,14.0,0,No Failure,0,0,0,0,0,211.0,95.9
4147,L14146,L,297.9,307.3,1231.0,47.5,17.0,0,No Failure,0,0,0,0,0,201.9,91.8
4148,M14147,M,297.3,308.9,1168.0,42.6,19.0,0,No Failure,0,0,0,0,0,207.2,94.2
4149,L14148,L,301.8,311.6,1168.0,37.2,23.0,0,No Failure,0,0,0,0,0,202.5,92.1
4150,L14149,L,300.4,309.6,1192.0,39.3,26.0,0,No Failure,0,0,0,0,0,193.6,88.0
4151,L14150,L,298.0,307.4,1168.0,49.1,28.0,0,No Failure,0,0,0,0,0,192.8,87.7
4152,M14151,M,297.4,309.0,1168.0,44.9,31.0,0,No Failure,0,0,0,0,0,198.7,90.3
4153,L14152,L,301.5,310.4,1187.0,32.9,362.8,0,No Failure,0,0,0,0,0,186.2,84.6
4154,L14153,L,299.6,308.8,1168.0,42.4,36.0,0,No Failure,0,0,0,0,0,186.2,84.6
4155,M14154,M,301.5,314.4,1169.0,39.5,,0,No Failure,0,0,0,0,0,194.4,88.3
4156,L14155,L,,309.8,1168.0,44.7,43.0,0,No Failure,0,0,0,0,0,189.5,86.2
4157,H14156,H,299.9,309.2,1168.0,36.8,46.0,0,No Failure,0,0,0,0,0,183.5,83.4
4158,L14157,L,299.5,308.4,1431.0,27.9,51.0,0,No Failure,0,0,0,0,0,188.1,85.5
4159,L14158,L,297.9,293.93,1275.0,46.7,53.0,1,HDF (Heat Dissipation),0,1,0,0,0,7.0,76.7
4160,L14159,L,298.7,308.8,1228.0,45.5,56.0,0,No Failure,0,0,0,0,0,180.1,81.9
4161,M14160,M,296.8,307.5,1168.0,54.2,59.0,0,No Failure,0,0,0,0,0,176.5,80.2
4162,L14161,L,299.9,311.4,1168.0,26.8,63.0,1,PWF (Power Failure),0,0,1,0,0,5.3,76.3
4163,H14162,H,300.3,308.4,658.77,39.3,66.0,1,HDF (Heat Dissipation),0,1,0,0,0,7.7,71.3
4164,L14163,L,300.7,309.4,1168.0,37.7,71.0,0,No Failure,0,0,0,0,0,158.4,72.0
4165,M14164,M,300.2,310.1,1168.0,36.0,73.0,0,No Failure,0,0,0,0,0,172.3,78.3
4166,L14165,L,298.7,311.5,1351.0,-33.49,76.0,1,PWF (Power Failure),0,0,1,0,0,0.7,75.7
4167,L14166,L,301.8,312.7,1181.0,29.3,79.0,0,No Failure,0,0,0,0,0,166.5,75.7
4168,L14167,L,300.6,311.0,1168.0,42.7,81.0,0,No Failure,0,0,0,0,0,163.6,74.4
4169,M14168,M,301.5,,1353.0,35.0,84.0,0,No Failure,0,0,0,0,0,161.7,73.5
4170,L14169,L,301.6,298.36,1285.0,31.7,88.0,1,HDF (Heat Dissipation),0,1,0,0,0,4.5,67.9
4171,H14170,H,298.7,308.7,1168.0,54.3,90.0,0,No Failure,0,0,0,0,0,155.6,70.7
4172,M14171,M,299.7,309.6,1168.0,63.7,96.0,0,No Failure,0,0,0,0,0,143.0,65.0
4173,H14172,H,300.3,310.0,1247.0,39.4,99.0,0,No Failure,0,0,0,0,0,154.0,70.0
4174,L14173,L,296.9,306.5,1201.0,25.0,104.0,1,PWF (Power Failure),0,0,1,0,0,2.2,61.9
4175,M14174,M,296.9,306.2,1379.0,,106.0,0,No Failure,0,0,0,0,0,145.5,66.1
4176,M14175,M,296.6,305.6,1355.0,19.1,109.0,1,PWF (Power Failure),0,0,1,0,0,1.8,61.1
4177,M14176,M,298.8,310.2,1173.0,26.5,113.0,1,PWF (Power Failure),0,0,1,0,0,7.0,63.1
4178,H14177,H,298.3,307.4,1168.0,44.1,117.0,0,No Failure,0,0,0,0,0,132.4,60.2
4179,M14178,M,296.4,306.1,1480.0,26.2,122.0,0,No Failure,0,0,0,0,0,148.7,67.6
4180,H14179,H,299.2,309.2,1179.0,37.0,125.0,0,No Failure,0,0,0,0,0,141.5,64.3
4181,M14180,M,298.8,309.5,1456.0,25.2,130.0,0,No Failure,0,0,0,0,0,144.8,65.8
4182,L14181,L,301.1,310.2,1190.0,40.6,133.0,0,No Failure,0,0,0,0,0,119.2,54.2
4183,M14182,M,302.6,313.6,1168.0,51.2,135.0,0,No Failure,0,0,0,0,0,122.6,55.7
4184,L14183,L,299.8,309.2,1168.0,33.9,138.0,0,No Failure,0,0,0,0,0,124.6,56.6
4185,H14184,H,297.7,307.5,1223.0,39.8,141.0,0,No Failure,0,0,0,0,0,127.5,57.9
4186,H14185,H,300.1,311.7,1252.0,31.8,147.0,0,No Failure,0,0,0,0,0,131.6,59.8
4187,L14186,L,298.9,307.9,1459.0,32.5,153.0,0,No Failure,0,0,0,0,0,122.8,55.8
4188,L14187,L,298.5,309.2,858.06,31.7,155.0,0,No Failure,0,0,0,0,0,122.3,55.6
4189,L14188,L,297.4,308.4,1168.0,47.9,157.0,0,No Failure,0,0,0,0,0,105.8,48.1
4190,L14189,L,298.1,319.73,1269.0,25.9,,1,PWF (Power Failure),0,0,1,0,0,1.6,52.2
4191,L14190,L,298.6,308.5,1168.0,36.7,163.0,0,No Failure,0,0,0,0,0,111.3,50.6
4192,M14191,M,300.4,312.5,1279.0,44.1,165.0,0,No Failure,0,0,0,0,0,107.4,48.8
4193,M14192,M,299.8,309.8,1168.0,49.1,168.0,0,No Failure,0,0,0,0,0,100.7,45.8
4194,H14193,H,302.2,312.4,1191.0,44.4,172.0,0,No Failure,0,0,0,0,0,105.5,48.0
4195,L14194,L,300.1,309.8,1168.0,39.3,178.0,0,No Failure,0,0,0,0,0,96.4,43.8
4196,M14195,M,299.7,309.9,1168.0,34.3,181.0,0,No Failure,0,0,0,0,0,106.2,48.3
4197,L14196,L,298.4,309.4,1168.0,49.3,185.0,0,No Failure,0,0,0,0,0,83.9,38.1
4198,H14197,H,297.1,306.8,1221.0,31.3,188.0,0,No Failure,0,0,0,0,0,104.4,47.4
4199,L14198,L,297.9,305.8,1386.0,31.5,193.0,0,No Failure,0,0,0,0,0,92.7,42.1
4200,L14199,L,297.7,308.2,1172.0,53.5,196.0,0,No Failure,0,0,0,0,0,70.8,32.2
4201,L14200,L,294.3,303.2,1168.0,43.6,198.0,0,No Failure,0,0,0,0,0,69.0,31.4
4202,H14201,H,297.1,307.8,1184.0,44.0,201.0,0,No Failure,0,0,0,0,0,86.7,39.4
4203,L14202,L,301.8,311.8,1257.0,46.0,207.0,0,No Failure,0,0,0,0,0,71.8,32.6
4204,M14203,M,299.6,310.5,1284.0,39.1,209.0,0,No Failure,0,0,0,0,0,83.1,37.8
4205,M14204,M,298.2,307.3,1252.0,25.6,212.0,1,PWF (Power Failure),0,0,1,0,0,0.3,34.9
4206,M14205,M,299.6,309.1,1168.0,42.5,216.0,0,No Failure,0,0,0,0,0,69.0,31.4
4207,L14206,L,295.4,305.1,1199.0,39.8,219.0,0,No Failure,0,0,0,0,0,68.0,30.9
4208,L14207,L,299.4,307.9,1409.0,31.4,0.0,0,No Failure,0,0,0,0,0,217.3,98.8
4209,L14208,L,301.2,312.3,1474.0,29.1,2.0,0,No Failure,0,0,0,0,0,218.8,99.4
4210,L14209,L,298.7,307.1,1251.0,39.5,5.0,1,HDF (Heat Dissipation),0,1,0,0,0,4.1,92.1
4211,M14210,M,295.7,306.8,1265.0,26.4,8.0,1,PWF (Power Failure),0,0,1,0,0,7.8,94.1
4212,L14211,L,298.2,308.6,1178.0,38.6,12.0,0,No Failure,0,0,0,0,0,211.9,96.3
4213,L14212,L,301.2,311.0,1273.0,37.4,15.0,0,No Failure,0,0,0,0,0,208.5,94.8
4214,L14213,L,299.4,299.34,1211.0,38.8,17.0,0,No Failure,0,0,0,0,0,208.6,94.8
4215,M14214,M,296.3,306.6,1168.0,44.0,,0,No Failure,0,0,0,0,0,206.4,93.8
4216,L14215,L,303.2,312.8,1342.0,46.2,23.0,0,No Failure,0,0,0,0,0,201.6,91.6
4217,M14216,M,296.6,306.9,1168.0,32.9,26.0,0,No Failure,0,0,0,0,0,203.9,92.7
4218,L14217,L,298.5,309.2,1257.0,97.44,30.0,0,No Failure,0,0,0,0,0,198.0,90.0
4219,H14218,H,297.0,306.1,1168.0,37.8,32.0,0,No Failure,0,0,0,0,0,189.9,86.3
4220,M14219,M,308.18,307.3,716.46,57.5,37.0,0,No Failure,0,0,0,0,0,192.0,87.3
4221,L14220,L,298.1,305.5,1200.0,34.1,41.0,1,HDF (Heat Dissipation),0,1,0,0,0,4.1,75.0
4222,L14221,L,300.0,308.1,1388.0,23.9,-308.74,1,PWF (Power Failure),0,0,1,0,0,6.8,81.9
4223,L14222,L,301.2,311.8,1168.0,48.3,47.0,0,No Failure,0,0,0,0,0,185.7,84.4
4224,L14223,L,298.2,307.8,1242.0,44.3,49.0,0,No Failure,0,0,0,0,0,181.8,82.6
4225,L14224,L,297.1,306.2,1168.0,52.0,52.0,0,No Failure,0,0,0,0,0,171.0,77.7
4226,H14225,H,299.7,309.6,1168.0,43.1,55.0,0,No Failure,0,0,0,0,0,182.7,83.0
4227,M14226,M,309.2,309.4,1168.0,63.4,61.0,0,No Failure,0,0,0,0,0,167.5,76.1
4228,L14227,L,299.3,308.3,1168.0,38.1,64.0,0,No Failure,0,0,0,0,0,166.2,75.5
4229,M14228,M,299.4,307.8,1202.0,50.5,67.0,1,HDF (Heat Dissipation),0,1,0,0,0,7.2,70.2
4230,L14229,L,298.7,306.7,1278.0,34.7,71.0,1,HDF (Heat Dissipation),0,1,0,0,0,0.9,72.2
4231,H14230,H,299.1,309.8,1168.0,44.9,73.0,0,No Failure,0,0,0,0,0,171.2,77.8
4232,L14231,L,298.6,308.2,581.35,46.8,78.0,0,No Failure,0,0,0,0,0,159.4,72.4
4233,M14232,M,300.8,311.8,1168.0,48.3,81.0,0,No Failure,0,0,0,0,0,162.8,74.0
4234,M14233,M,302.9,312.5,1168.0,47.8,85.0,0,No Failure,0,0,0,0,0,155.9,70.8
4235,L14234,L,299.2,309.6,1770.0,7.6,441.7,1,PWF (Power Failure),0,0,1,0,0,2.8,70.6
4236,L14235,L,298.9,,1204.0,39.3,91.0,0,No Failure,0,0,0,0,0,157.4,71.6
4237,L14236,L,299.3,309.3,1383.0,34.2,94.0,0,No Failure,0,0,0,0,0,159.4,72.4
4238,H14237,H,297.7,307.8,1253.0,36.2,97.0,0,No Failure,0,0,0,0,0,159.5,72.5
4239,M14238,M,300.2,309.8,1168.0,37.2,102.0,0,No Failure,0,0,0,0,0,149.9,68.1
4240,M14239,M,309.58,308.5,1168.0,49.8,106.0,0,No Failure,0,0,0,0,0,131.1,59.6
4241,M14240,M,298.1,308.9,1168.0,42.0,110.0,0,No Failure,0,0,0,0,0,146.2,66.4
4242,H14241,H,300.5,312.1,1301.0,34.9,113.0,0,No Failure,0,0,0,0,0,150.3,68.3
4243,L14242,L,298.9,310.6,1469.0,25.3,118.0,0,No Failure,0,0,0,0,0,150.2,68.3
4244,M14243,M,297.1,306.5,1168.0,55.3,121.0,0,No Failure,0,0,0,0,0,123.4,56.1
4245,M14244,M,299.5,308.8,1365.0,33.5,124.0,0,No Failure,0,0,0,0,0,140.0,63.6
4246,L14245,L,299.3,308.7,1168.0,38.7,128.0,0,No Failure,0,0,0,0,0,127.4,57.9
4247,H14246,H,300.6,310.4,1168.0,61.4,131.0,0,No Failure,0,0,0,0,0,119.3,54.2
4248,L14247,L,300.4,310.3,1168.0,33.8,136.0,0,No Failure,0,0,0,0,0,131.5,59.8
4249,L14248,L,309.49,307.7,1312.0,37.2,139.0,0,No Failure,0,0,0,0,0,121.7,55.3
4250,H14249,H,298.0,306.5,1168.0,42.3,142.0,1,HDF (Heat Dissipation),0,1,0,0,0,4.2,50.2
4251,L14250,L,298.9,308.9,1288.0,23.9,148.0,1,PWF (Power Failure),0,0,1,0,0,2.0,53.5
4252,L14251,L,299.5,306.0,1378.0,22.8,150.0,1,HDF (Heat Dissipation),0,1,1,0,0,6.5,50.0
4253,L14252,L,299.7,309.6,1424.0,35.2,153.0,0,No Failure,0,0,0,0,0,120.3,54.7
4254,M14253,M,299.4,308.5,1362.0,35.5,156.0,0,No Failure,0,0,0,0,0,117.4,53.4
4255,H14254,H,298.7,309.5,1168.0,41.3,159.0,0,No Failure,0,0,0,0,0,116.7,53.0
4256,L14255,L,300.6,311.6,1315.0,30.2,165.0,0,No Failure,0,0,0,0,0,117.5,53.4
4257,L14256,L,288.79,308.7,1288.0,44.3,167.0,0,No Failure,0,0,0,0,0,102.1,46.4
4258,L14257,L,303.3,313.0,1483.0,18.4,170.0,1,PWF (Power Failure),0,0,1,0,0,4.2,47.5
4259,H14258,H,300.2,309.1,1172.0,39.3,173.0,0,No Failure,0,0,0,0,0,97.3,44.2
4260,L14259,L,296.8,306.0,1168.0,43.6,179.0,0,No Failure,0,0,0,0,0,85.6,38.9
4261,H14260,H,299.2,309.5,1316.0,43.3,181.0,0,No Failure,0,0,0,0,0,100.6,45.7
4262,H14261,H,300.2,308.6,1168.0,38.4,187.0,1,HDF (Heat Dissipation),0,1,0,0,0,0.0,38.0
4263,L14262,L,298.2,309.6,1168.0,33.4,192.0,0,No Failure,0,0,0,0,0,97.0,44.1
4264,H14263,H,296.2,305.9,1168.0,38.1,194.0,0,No Failure,0,0,0,0,0,93.8,42.6
4265,M14264,M,297.0,307.5,1168.0,52.3,199.0,0,No Failure,0,0,0,0,0,75.2,34.2
4266,M14265,M,299.8,308.0,1729.15,34.0,203.0,1,HDF (Heat Dissipation),0,1,0,0,0,4.7,33.1
4267,L14266,L,295.7,304.8,1296.0,49.8,0.0,0,No Failure,0,0,0,0,0,213.9,97.2
4268,H14267,H,296.2,304.3,1168.0,51.4,2.0,1,HDF (Heat Dissipation),0,1,0,0,0,7.9,89.9
4269,M14268,M,299.8,310.8,1604.0,22.6,7.0,0,No Failure,0,0,0,0,0,215.9,98.2
4270,M14269,M,298.4,308.2,1168.0,38.7,11.0,0,No Failure,0,0,0,0,0,210.6,95.7
4271,H14270,H,297.6,308.2,1248.0,30.2,14.0,0,No Failure,0,0,0,0,0,211.7,96.2
4272,L14271,L,297.9,308.0,1229.0,25.0,19.0,1,PWF (Power Failure),0,0,1,0,0,5.6,87.6
4273,H14272,H,296.2,306.7,1168.0,47.9,22.0,0,No Failure,0,0,0,0,0,205.0,93.2
4274,H14273,H,299.7,309.4,1168.0,44.7,27.0,0,No Failure,0,0,0,0,0,198.7,90.3
4275,L14274,L,297.4,307.2,1168.0,,32.0,0,No Failure,0,0,0,0,0,195.5,88.9
4276,L14275,L,297.9,307.8,1416.0,29.1,34.0,0,No Failure,0,0,0,0,0,199.0,90.4
4277,L14276,L,299.5,309.9,1168.0,42.1,37.0,0,No Failure,0,0,0,0,0,194.4,88.4
4278,H14277,H,298.4,308.8,1168.0,26.9,40.0,1,PWF (Power Failure),0,0,1,0,0,0.1,83.1
4279,L14278,L,297.6,310.4,1168.0,40.8,45.0,0,No Failure,0,0,0,0,0,189.2,86.0
4280,M14279,M,295.3,307.0,1275.0,33.4,48.0,0,No Failure,0,0,0,0,0,190.1,86.4
4281,L14280,L,,307.7,1323.0,50.5,51.0,1,HDF (Heat Dissipation),0,1,0,0,0,7.7,78.2
4282,L14281,L,299.0,308.9,1181.0,36.4,53.0,0,No Failure,0,0,0,0,0,184.0,83.6
4283,M14282,M,297.9,307.5,1320.0,42.3,56.0,0,No Failure,0,0,0,0,0,180.0,81.8
4284,L14283,L,297.0,308.3,1168.0,42.3,60.0,0,No Failure,0,0,0,0,0,178.4,81.1
4285,H14284,H,298.9,308.6,1279.0,-7.32,63.0,0,No Failure,0,0,0,0,0,177.5,80.7
4286,L14285,L,299.7,310.2,,41.1,69.0,0,No Failure,0,0,0,0,0,172.6,78.5
4287,H14286,H,299.0,306.7,1258.0,43.0,-245.41,1,HDF (Heat Dissipation),0,1,0,0,0,5.7,69.6
4288,L14287,L,301.8,310.3,1203.0,31.0,77.0,1,HDF (Heat Dissipation),0,1,0,0,0,1.8,70.7
4289,H14288,H,300.1,312.2,1168.0,,80.0,0,No Failure,0,0,0,0,0,166.9,75.9
4290,M14289,M,298.6,308.7,1168.0,48.6,86.0,0,No Failure,0,0,0,0,0,159.2,72.4
4291,L14290,L,300.2,309.2,1190.0,44.0,90.0,0,No Failure,0,0,0,0,0,145.6,66.2
4292,L14291,L,298.9,309.1,1168.0,36.5,93.0,0,No Failure,0,0,0,0,0,158.7,72.1
4293,L14292,L,298.9,307.8,1213.0,41.7,95.0,0,No Failure,0,0,0,0,0,143.0,65.0
4294,M14293,M,301.2,310.9,1168.0,36.4,98.0,0,No Failure,0,0,0,0,0,154.0,70.0
4295,H14294,H,297.2,305.7,1226.0,38.8,102.0,1,HDF (Heat Dissipation),0,1,0,0,0,2.1,63.7
4296,L14295,L,298.9,308.1,1641.95,28.1,107.0,1,PWF (Power Failure),0,0,1,0,0,2.7,61.9
4297,L14296,L,301.0,310.6,1168.0,53.8,109.0,0,No Failure,0,0,0,0,0,132.5,60.2
4298,M14297,M,299.4,310.5,1234.0,59.4,111.0,0,No Failure,0,0,0,0,0,134.9,61.3
4299,M14298,M,298.2,308.7,1725.64,33.0,115.0,0,No Failure,0,0,0,0,0,148.5,67.5
4300,M14299,M,295.8,306.4,1168.0,47.9,119.0,0,No Failure,0,0,0,0,0,136.3,61.9
4301,L14300,L,294.7,304.7,1242.0,54.6,122.0,0,No Failure,0,0,0,0,0,126.4,57.4
4302,M14301,M,302.6,313.4,1200.0,30.4,125.0,0,No Failure,0,0,0,0,0,144.1,65.5
4303,H14302,H,299.4,308.5,1339.0,18.4,129.0,1,PWF (Power Failure),0,0,1,0,0,4.1,56.7
4304,L14303,L,297.8,307.1,1200.0,55.2,134.0,0,No Failure,0,0,0,0,0,109.0,49.5
4305,L14304,L,299.4,309.8,1179.0,39.9,137.0,0,No Failure,0,0,0,0,0,126.9,57.7
4306,L14305,L,297.1,306.8,1200.0,34.8,139.0,0,No Failure,0,0,0,0,0,126.5,57.5
4307,M14306,M,298.2,308.2,1168.0,40.5,141.0,0,No Failure,0,0,0,0,0,126.6,57.5
4308,L14307,L,297.1,306.9,1286.0,36.3,145.0,0,No Failure,0,0,0,0,0,123.2,56.0
4309,H14308,H,296.3,307.6,1168.0,69.6,147.0,0,No Failure,0,0,0,0,0,103.1,46.9
4310,M14309,M,295.0,306.3,1475.0,34.7,153.0,0,No Failure,0,0,0,0,0,123.5,56.1
4311,M14310,M,295.9,305.3,1168.0,43.3,157.0,0,No Failure,0,0,0,0,0,106.9,48.6
4312,M14311,M,300.7,308.9,1168.0,52.9,160.0,1,HDF (Heat Dissipation),0,1,0,0,0,7.4,37.8
4313,L14312,L,297.0,306.3,1213.0,52.9,163.0,0,No Failure,0,0,0,0,0,89.2,40.6
4314,H14313,H,299.8,308.9,1200.0,51.0,166.0,0,No Failure,0,0,0,0,0,94.1,42.8
4315,L14314,L,,311.3,1168.0,35.7,172.0,0,No Failure,0,0,0,0,0,107.5,48.9
4316,M14315,M,298.8,309.7,1326.0,38.5,174.0,0,No Failure,0,0,0,0,0,106.6,48.5
4317,H14316,H,298.3,307.3,1508.0,18.3,178.0,1,PWF (Power Failure),0,0,1,0,0,2.5,46.9
4318,M14317,M,299.1,308.3,1194.0,39.3,184.0,0,No Failure,0,0,0,0,0,90.5,41.1
4319,H14318,H,298.1,306.6,1228.0,40.3,187.0,1,HDF (Heat Dissipation),0,1,0,0,0,3.3,38.5
4320,L14319,L,301.0,311.1,1297.0,47.4,192.0,0,No Failure,0,0,0,0,0,80.9,36.8
4321,H14320,H,302.2,312.2,1289.0,58.0,194.0,0,No Failure,0,0,0,0,0,77.5,35.2
4322,M14321,M,301.4,312.2,1196.0,47.1,199.0,0,No Failure,0,0,0,0,0,80.9,36.8
4323,M14322,M,294.9,305.4,1168.0,50.7,202.0,0,No Failure,0,0,0,0,0,74.8,34.0
4324,L14323,L,298.0,308.6,1168.0,39.8,205.0,0,No Failure,0,0,0,0,0,80.8,36.7
4325,L14324,L,298.8,307.3,1168.0,52.8,208.0,1,HDF (Heat Dissipation),1,1,0,0,0,1.2,20.9
4326,M14325,M,299.6,309.0,1168.0,40.1,210.0,0,No Failure,0,0,0,0,0,74.7,33.9
4327,L14326,L,295.7,295.78,1168.0,51.4,213.0,1,TWF (Tool Wear Failure),1,0,0,0,0,0.5,27.5
4328,M14327,M,295.7,305.2,1168.0,48.0,216.0,0,No Failure,0,0,0,0,0,62.4,28.4
4329,H14328,H,301.2,309.6,1294.0,43.9,220.0,1,HDF (Heat Dissipation),0,1,0,0,0,7.8,28.7
4330,H14329,H,297.8,308.6,1168.0,24.6,0.0,1,PWF (Power Failure),0,0,1,0,0,5.6,90.1
4331,L14330,L,296.1,305.5,1168.0,50.9,5.0,0,No Failure,0,0,0,0,0,209.7,95.3
4332,H14331,H,296.8,307.9,1259.0,43.8,-268.08,0,No Failure,0,0,0,0,0,214.7,97.6
4333,L14332,L,299.5,309.5,1168.0,47.0,13.0,0,No Failure,0,0,0,0,0,210.6,95.7
4334,L14333,L,297.3,307.0,1222.0,43.1,15.0,0,No Failure,0,0,0,0,0,206.5,93.9
4335,H14334,H,299.2,310.6,1508.0,44.9,18.0,0,No Failure,0,0,0,0,0,208.0,94.5
4336,L14335,L,297.0,,1261.0,53.0,23.0,0,No Failure,0,0,0,0,0,191.8,87.2
4337,L14336,L,295.7,307.1,1248.0,35.3,26.0,0,No Failure,0,0,0,0,0,203.1,92.3
4338,L14337,L,301.4,310.8,1168.0,44.7,29.0,0,No Failure,0,0,0,0,0,192.9,87.7
4339,M14338,M,299.5,309.7,1246.0,32.2,31.0,0,No Failure,0,0,0,0,0,200.9,91.3
4340,H14339,H,298.2,308.4,1340.0,45.8,34.0,0,No Failure,0,0,0,0,0,197.1,89.6
4341,L14340,L,297.9,307.5,1168.0,42.5,39.0,0,No Failure,0,0,0,0,0,188.5,85.7
4342,L14341,L,301.4,310.6,1289.0,33.7,42.0,0,No Failure,0,0,0,0,0,187.4,85.2
4343,M14342,M,299.9,309.5,1268.0,40.9,45.0,0,No Failure,0,0,0,0,0,186.9,84.9
4344,L14343,L,300.9,309.9,1440.0,34.3,48.0,0,No Failure,0,0,0,0,0,188.6,85.7
4345,M14344,M,297.8,309.8,1375.0,36.2,50.0,0,No Failure,0,0,0,0,0,188.0,85.5
4346,H14345,H,298.9,308.4,1227.0,43.5,53.0,0,No Failure,0,0,0,0,0,180.1,81.8
4347,M14346,M,289.64,310.7,1187.0,42.7,59.0,0,No Failure,0,0,0,0,0,180.2,81.9
4348,H14347,H,297.8,308.8,1384.0,20.8,62.0,1,PWF (Power Failure),0,0,1,0,0,5.4,74.8
4349,M14348,M,298.6,309.0,1305.0,43.7,68.0,0,No Failure,0,0,0,0,0,173.7,79.0
4350,H14349,H,297.8,307.7,1168.0,37.0,71.0,0,No Failure,0,0,0,0,0,174.3,79.2
4351,L14350,L,290.02,309.7,1208.0,35.9,76.0,0,No Failure,0,0,0,0,0,170.2,77.4
4352,L14351,L,296.4,307.0,1251.0,28.7,78.0,0,No Failure,0,0,0,0,0,171.1,77.8
4353,M14352,M,299.8,309.9,1168.0,39.5,80.0,0,No Failure,0,0,0,0,0,167.4,76.1
4354,L14353,L,299.4,307.8,1221.0,34.8,83.0,1,HDF (Heat Dissipation),0,1,0,0,0,1.9,68.2
4355,H14354,H,298.4,306.6,1168.0,52.7,85.0,1,HDF (Heat Dissipation),0,1,0,0,0,7.1,63.7
4356,M14355,M,299.6,311.1,1289.0,22.5,91.0,1,PWF (Power Failure),0,0,1,0,0,4.1,67.1
4357,H14356,H,298.1,305.5,1355.0,30.4,95.0,1,HDF (Heat Dissipation),0,1,0,0,0,5.5,69.4
4358,L14357,L,297.6,307.8,1280.0,29.7,101.0,0,No Failure,0,0,0,0,0,157.6,71.6
4359,L14358,L,299.8,309.6,1168.0,42.6,103.0,0,No Failure,0,0,0,0,0,146.2,66.4
4360,M14359,M,299.9,310.1,1168.0,51.7,105.0,0,No Failure,0,0,0,0,0,143.9,65.4
4361,L14360,L,297.9,306.8,1278.0,45.0,419.47,0,No Failure,0,0,0,0,0,134.3,61.0
4362,M14361,M,297.7,308.1,1178.0,29.1,111.0,0,No Failure,0,0,0,0,0,147.6,67.1
4363,M14362,M,298.5,308.7,1292.0,35.7,115.0,0,No Failure,0,0,0,0,0,146.8,66.7
4364,H14363,H,297.8,310.6,1369.0,31.9,119.0,0,No Failure,0,0,0,0,0,148.4,67.4
4365,M14364,M,301.5,311.6,1168.0,45.1,125.0,0,No Failure,0,0,0,0,0,134.0,60.9
4366,L14365,L,299.4,310.7,1180.0,35.5,128.0,0,No Failure,0,0,0,0,0,136.4,62.0
4367,L14366,L,298.8,307.3,1273.0,25.9,130.0,1,HDF (Heat Dissipation),0,1,1,0,0,1.4,55.2
4368,M14367,M,297.1,308.1,1194.0,45.8,132.0,0,No Failure,0,0,0,0,0,128.7,58.5
4369,L14368,L,300.1,310.3,1168.0,52.6,135.0,0,No Failure,0,0,0,0,0,118.0,53.6
4370,L14369,L,297.7,308.0,1168.0,38.2,138.0,0,No Failure,0,0,0,0,0,127.7,58.0
4371,L14370,L,297.6,307.9,1168.0,41.2,141.0,0,No Failure,0,0,0,0,0,123.1,56.0
4372,L14371,L,300.2,311.9,1244.0,24.9,144.0,1,PWF (Power Failure),0,0,1,0,0,2.5,54.5
4373,M14372,M,299.5,309.8,1510.0,19.4,146.0,1,PWF (Power Failure),0,0,1,0,0,5.1,54.6
4374,L14373,L,294.3,303.5,1464.0,21.5,149.0,1,PWF (Power Failure),0,0,1,0,0,5.9,55.2
4375,M14374,M,298.5,307.9,1168.0,39.6,151.0,0,No Failure,0,0,0,0,0,114.1,51.9
4376,L14375,L,299.0,309.8,1185.0,36.9,155.0,0,No Failure,0,0,0,0,0,117.5,53.4
4377,M14376,M,298.2,308.6,1168.0,45.5,157.0,0,No Failure,0,0,0,0,0,111.6,50.7
4378,L14377,L,299.1,307.6,1241.0,38.0,161.0,1,HDF (Heat Dissipation),0,1,0,0,0,5.8,44.8
4379,H14378,H,295.5,306.0,1168.0,49.9,,0,No Failure,0,0,0,0,0,106.3,48.3
4380,L14379,L,293.7,302.6,1168.0,48.7,170.0,0,No Failure,0,0,0,0,0,83.4,37.9
4381,M14380,M,297.0,307.4,1212.0,36.8,172.0,0,No Failure,0,0,0,0,0,109.5,49.8
4382,L14381,L,299.3,308.5,1560.0,30.0,176.0,0,No Failure,0,0,0,0,0,110.9,50.4
4383,L14382,L,293.0,302.7,1564.0,20.8,178.0,1,PWF (Power Failure),0,0,1,0,0,1.4,49.4
4384,L14383,L,297.3,306.8,1168.0,54.3,181.0,0,No Failure,0,0,0,0,0,75.9,34.5
4385,H14384,H,295.3,306.8,1199.0,30.6,183.0,0,No Failure,0,0,0,0,0,111.1,50.5
4386,H14385,H,298.4,308.8,1431.0,25.0,-171.56,0,No Failure,0,0,0,0,0,111.9,50.9
4387,L14386,L,302.3,313.6,1168.0,41.3,194.0,0,No Failure,0,0,0,0,0,86.6,39.3
4388,L14387,L,298.4,311.3,1515.0,25.1,196.0,0,No Failure,0,0,0,0,0,104.2,47.4
4389,M14388,M,298.6,308.6,1168.0,41.3,199.0,0,No Failure,0,0,0,0,0,87.2,39.7
4390,M14389,M,300.3,311.8,1239.0,36.6,202.0,0,No Failure,0,0,0,0,0,90.5,41.1
4391,L14390,L,298.8,308.1,1213.0,49.2,205.0,0,No Failure,0,0,0,0,0,62.0,28.2
4392,M14391,M,298.4,309.7,1217.0,48.4,208.0,0,No Failure,0,0,0,0,0,73.1,33.2
4393,M14392,M,300.5,309.7,1220.0,51.0,212.0,0,No Failure,0,0,0,0,0,59.2,26.9
4394,M14393,M,299.7,309.7,1203.0,42.1,215.0,1,TWF (Tool Wear Failure),1,0,0,0,0,2.9,34.4
4395,L14394,L,299.3,309.8,1473.0,31.4,219.0,0,No Failure,0,0,0,0,0,82.4,37.4
4396,L14395,L,298.6,309.3,1203.0,29.6,221.0,0,No Failure,0,0,0,0,0,81.6,37.1
4397,L14396,L,298.2,306.9,1168.0,34.7,223.0,0,No Failure,0,0,0,0,0,61.2,27.8
4398,M14397,M,300.5,309.6,1168.0,59.9,0.0,0,No Failure,0,0,0,0,0,210.1,95.5
4399,L14398,L,298.2,308.8,766.38,37.5,3.0,0,No Failure,0,0,0,0,0,218.0,99.1
4400,M14399,M,301.0,310.6,1189.0,41.6,5.0,0,No Failure,0,0,0,0,0,212.3,96.5
4401,M14400,M,296.9,305.5,1182.0,55.2,9.0,0,No Failure,0,0,0,0,0,197.9,90.0
4402,M14401,M,301.4,311.3,1168.0,42.5,12.0,0,No Failure,0,0,0,0,0,210.8,95.8
4403,L14402,L,299.7,309.6,1315.0,32.5,15.0,0,No Failure,0,0,0,0,0,209.9,95.4
4404,L14403,L,297.1,307.3,1168.0,47.3,17.0,0,No Failure,0,0,0,0,0,207.7,94.4
4405,L14404,L,299.7,310.2,1170.0,35.7,20.0,0,No Failure,0,0,0,0,0,206.9,94.1
4406,M14405,M,297.6,308.1,1168.0,42.9,23.0,0,No Failure,0,0,0,0,0,204.5,92.9
4407,H14406,H,298.9,308.1,1168.0,45.1,27.0,0,No Failure,0,0,0,0,0,193.1,87.8
4408,L14407,L,297.9,307.5,1227.0,35.1,33.0,0,No Failure,0,0,0,0,0,194.6,88.5
4409,H14408,H,298.6,309.5,1777.55,41.9,35.0,0,No Failure,0,0,0,0,0,197.2,89.6
4410,L14409,L,300.5,310.0,1168.0,56.0,40.0,0,No Failure,0,0,0,0,0,183.5,83.4
4411,L14410,L,299.7,,1325.0,33.7,43.0,0,No Failure,0,0,0,0,0,190.2,86.4
4412,L14411,L,307.65,305.3,1168.0,53.2,45.0,1,HDF (Heat Dissipation),0,1,0,0,0,5.2,77.0
4413,M14412,M,296.9,306.9,1329.0,34.1,48.0,0,No Failure,0,0,0,0,0,189.9,86.3
4414,L14413,L,299.3,309.6,1168.0,58.0,52.0,0,No Failure,0,0,0,0,0,179.0,81.4
4415,L14414,L,299.4,307.4,1439.0,31.4,54.0,0,No Failure,0,0,0,0,0,185.1,84.1
4416,M14415,M,297.6,306.5,1168.0,36.1,57.0,0,No Failure,0,0,0,0,0,171.5,78.0
4417,M14416,M,301.7,310.3,1193.0,55.1,61.0,0,No Failure,0,0,0,0,0,159.3,72.4
4418,L14417,L,300.3,311.1,1168.0,55.5,64.0,0,No Failure,0,0,0,0,0,170.5,77.5
4419,L14418,L,,305.8,1168.0,48.2,67.0,1,HDF (Heat Dissipation),0,1,0,0,0,4.0,68.3
4420,M14419,M,297.5,307.4,1377.0,29.2,70.0,0,No Failure,0,0,0,0,0,177.6,80.7
4421,L14420,L,298.4,309.1,1168.0,40.8,74.0,0,No Failure,0,0,0,0,0,169.3,77.0
4422,L14421,L,298.2,308.4,1168.0,40.0,77.0,0,No Failure,0,0,0,0,0,167.6,76.2
4423,M14422,M,301.1,310.7,1323.0,31.4,79.0,0,No Failure,0,0,0,0,0,169.4,77.0
4424,L14423,L,300.6,310.9,1168.0,47.0,83.0,0,No Failure,0,0,0,0,0,160.1,72.8
4425,M14424,M,298.9,309.9,1168.0,32.2,86.0,0,No Failure,0,0,0,0,0,166.9,75.9
4426,L14425,L,300.0,309.9,1427.0,27.1,89.0,0,No Failure,0,0,0,0,0,166.3,75.6
4427,L14426,L,300.3,308.1,1664.0,23.8,91.0,0,No Failure,0,0,0,0,0,167.0,75.9
4428,L14427,L,298.9,310.0,1168.0,57.1,94.0,0,No Failure,0,0,0,0,0,146.4,66.6
4429,L14428,L,299.5,309.9,1287.0,34.9,96.0,0,No Failure,0,0,0,0,0,157.7,71.7
4430,L14429,L,299.9,309.9,1979.4,35.1,98.0,0,No Failure,0,0,0,0,0,156.2,71.0
4431,L14430,L,299.7,307.7,1274.0,29.7,100.0,1,HDF (Heat Dissipation),0,1,0,0,0,2.3,64.9
4432,H14431,H,297.4,307.1,1168.0,53.7,,0,No Failure,0,0,0,0,0,144.0,65.5
4433,H14432,H,297.6,,1309.0,26.2,107.0,0,No Failure,0,0,0,0,0,147.4,67.0
4434,L14433,L,298.3,307.1,1168.0,28.0,113.0,1,PWF (Power Failure),0,0,1,0,0,4.0,58.1
4435,M14434,M,297.5,307.4,1325.0,36.8,116.0,0,No Failure,0,0,0,0,0,144.9,65.9
4436,M14435,M,296.2,305.7,1168.0,39.8,119.0,0,No Failure,0,0,0,0,0,136.1,61.9
4437,H14436,H,300.0,309.5,1173.0,46.6,-192.5,0,No Failure,0,0,0,0,0,131.3,59.7
4438,L14437,L,299.4,310.1,1282.0,-11.7,128.0,0,No Failure,0,0,0,0,0,138.2,62.8
4439,L14438,L,296.4,306.7,1168.0,55.4,131.0,0,No Failure,0,0,0,0,0,118.8,54.0
4440,L14439,L,298.4,,1757.81,-22.23,134.0,0,No Failure,0,0,0,0,0,130.7,59.4
4441,L14440,L,298.5,307.9,1168.0,29.9,137.0,0,No Failure,0,0,0,0,0,124.6,56.6
4442,L14441,L,299.1,308.6,1168.0,29.0,139.0,0,No Failure,0,0,0,0,0,122.2,55.5
4443,H14442,H,296.9,306.7,1181.0,32.3,142.0,0,No Failure,0,0,0,0,0,132.0,60.0
4444,H14443,H,296.4,307.0,1168.0,28.3,148.0,1,PWF (Power Failure),0,0,1,0,0,5.9,56.5
4445,L14444,L,299.8,308.8,1168.0,47.5,153.0,0,No Failure,0,0,0,0,0,98.1,44.6
4446,L14445,L,296.1,307.6,1244.0,30.0,156.0,0,No Failure,0,0,0,0,0,123.3,56.0
4447,L14446,L,298.4,309.0,1283.0,38.7,489.32,0,No Failure,0,0,0,0,0,113.8,51.7
4448,L14447,L,298.2,305.5,1289.0,29.7,161.0,1,HDF (Heat Dissipation),0,1,0,0,0,1.6,46.1
4449,M14448,M,298.6,308.7,1372.0,28.3,163.0,0,No Failure,0,0,0,0,0,122.9,55.9
4450,L14449,L,299.3,310.3,1168.0,51.1,166.0,0,No Failure,0,0,0,0,0,96.1,43.7
4451,H14450,H,301.7,312.1,1168.0,56.0,169.0,0,No Failure,0,0,0,0,0,97.6,44.4
4452,H14451,H,295.9,305.5,1251.0,52.7,175.0,0,No Failure,0,0,0,0,0,92.7,42.1
4453,M14452,M,300.4,310.3,1288.0,25.3,526.32,1,PWF (Power Failure),0,0,1,0,0,5.9,47.2
4454,M14453,M,294.3,304.5,1287.0,26.7,184.0,0,No Failure,0,0,0,0,0,106.5,48.4
4455,M14454,M,301.3,312.1,1308.0,59.8,188.0,0,No Failure,0,0,0,0,0,75.4,34.3
4456,L14455,L,295.1,303.7,1168.0,37.5,191.0,1,HDF (Heat Dissipation),0,1,0,0,0,2.1,35.3
4457,L14456,L,303.2,312.6,1245.0,26.3,,1,PWF (Power Failure),0,0,1,0,0,8.0,40.5
4458,M14457,M,298.1,309.7,1168.0,50.8,-76.49,0,No Failure,0,0,0,0,0,79.7,36.2
4459,L14458,L,301.1,311.1,1168.0,40.7,198.0,0,No Failure,0,0,0,0,0,84.5,38.4
4460,H14459,H,300.8,312.3,1298.0,45.7,201.0,0,No Failure,0,0,0,0,0,84.9,38.6
4461,L14460,L,298.0,311.0,1471.0,17.6,206.0,1,PWF (Power Failure),0,0,1,0,0,6.1,38.9
4462,L14461,L,298.2,307.7,1316.0,36.7,208.0,1,TWF (Tool Wear Failure),1,0,0,0,0,3.9,36.2
4463,L14462,L,297.3,306.1,1221.0,49.5,210.0,1,TWF (Tool Wear Failure),1,0,0,0,0,3.6,24.2
4464,H14463,H,300.2,309.9,1168.0,33.6,212.0,0,No Failure,0,0,0,0,0,87.3,39.7
4465,L14464,L,298.1,309.2,1224.0,52.4,218.0,1,OSF (Overstrain Failure),0,0,0,1,0,0.4,25.2
4466,L14465,L,297.4,308.6,1337.0,26.8,0.0,0,No Failure,0,0,0,0,0,218.7,99.4
4467,L14466,L,299.8,312.1,1236.0,38.9,3.0,0,No Failure,0,0,0,0,0,218.0,99.1
4468,M14467,M,297.2,307.2,1273.0,56.4,6.0,0,No Failure,0,0,0,0,0,215.5,98.0
4469,H14468,H,298.2,308.7,1230.0,28.5,10.0,0,No Failure,0,0,0,0,0,210.6,95.7
4470,L14469,L,299.0,308.3,1197.0,42.7,16.0,0,No Failure,0,0,0,0,0,201.2,91.4
4471,H14470,H,297.7,305.2,1168.0,45.9,18.0,1,HDF (Heat Dissipation),0,1,0,0,0,6.3,82.0
4472,L14471,L,298.0,308.0,1168.0,40.9,23.0,0,No Failure,0,0,0,0,0,204.2,92.8
4473,M14472,M,301.6,310.4,1168.0,37.5,26.0,0,No Failure,0,0,0,0,0,190.0,86.4
4474,L14473,L,298.5,309.1,1177.0,31.2,30.0,0,No Failure,0,0,0,0,0,201.2,91.4
4475,L14474,L,298.2,306.3,1227.0,42.0,32.0,1,HDF (Heat Dissipation),0,1,0,0,0,6.5,81.5
4476,M14475,M,298.5,307.8,1168.0,39.0,34.0,0,No Failure,0,0,0,0,0,190.0,86.4
4477,M14476,M,299.7,310.0,1404.0,25.6,37.0,0,No Failure,0,0,0,0,0,197.5,89.8
4478,L14477,L,297.0,307.4,1168.0,51.0,40.0,0,No Failure,0,0,0,0,0,190.2,86.4
4479,H14478,H,299.6,309.6,1185.0,30.9,43.0,0,No Failure,0,0,0,0,0,194.3,88.3
4480,H14479,H,299.3,311.2,1283.0,25.9,48.0,1,PWF (Power Failure),0,0,1,0,0,5.4,83.5
4481,L14480,L,295.6,307.2,1296.0,34.0,53.0,0,No Failure,0,0,0,0,0,185.9,84.5
4482,M14481,M,302.1,311.4,1263.0,31.1,55.0,0,No Failure,0,0,0,0,0,180.6,82.1
4483,M14482,M,301.5,313.1,1446.0,37.4,59.0,0,No Failure,0,0,0,0,0,181.9,82.7
4484,L14483,L,297.4,309.2,1227.0,27.6,63.0,0,No Failure,0,0,0,0,0,174.9,79.5
4485,H14484,H,296.8,306.7,1215.0,44.5,65.0,0,No Failure,0,0,0,0,0,175.7,79.9
4486,L14485,L,299.3,309.3,1168.0,53.8,70.0,0,No Failure,0,0,0,0,0,166.6,75.7
4487,M14486,M,296.3,306.2,1330.0,41.1,,0,No Failure,0,0,0,0,0,171.5,78.0
4488,L14487,L,301.3,310.7,1343.0,25.6,76.0,0,No Failure,0,0,0,0,0,166.6,75.7
4489,L14488,L,298.0,307.5,1299.0,30.9,78.0,0,No Failure,0,0,0,0,0,167.9,76.3
4490,M14489,M,301.8,313.1,1168.0,42.2,81.0,0,No Failure,0,0,0,0,0,165.6,75.3
4491,M14490,M,297.4,307.8,1413.0,20.3,84.0,1,PWF (Power Failure),0,0,1,0,0,6.3,69.0
4492,H14491,H,298.6,308.0,1279.0,27.7,88.0,0,No Failure,0,0,0,0,0,161.9,73.6
4493,H14492,H,301.1,310.2,1282.0,23.5,94.0,1,PWF (Power Failure),0,0,1,0,0,1.7,65.0
4494,L14493,L,298.3,307.5,1168.0,41.2,100.0,0,No Failure,0,0,0,0,0,142.5,64.8
4495,L14494,L,299.3,309.1,1168.0,61.6,102.0,0,No Failure,0,0,0,0,0,135.2,61.5
4496,L14495,L,300.8,311.7,1215.0,27.4,104.0,1,PWF (Power Failure),0,0,1,0,0,6.9,67.5
4497,L14496,L,297.9,307.0,1168.0,48.2,106.0,0,No Failure,0,0,0,0,0,132.8,60.4
4498,L14497,L,296.6,307.5,1186.0,34.4,108.0,0,No Failure,0,0,0,0,0,150.2,68.3
4499,H14498,H,296.2,,1168.0,26.8,110.0,1,PWF (Power Failure),0,0,1,0,0,1.8,64.7
4500,M14499,M,299.9,310.0,1168.0,55.6,116.0,0,No Failure,0,0,0,0,0,133.5,60.7
4501,L14500,L,299.6,310.6,1168.0,61.6,120.0,0,No Failure,0,0,0,0,0,122.8,55.8
4502,L14501,L,300.8,311.6,1168.0,44.1,122.0,0,No Failure,0,0,0,0,0,134.0,60.9
4503,M14502,M,298.4,307.0,1209.0,43.6,125.0,0,No Failure,0,0,0,0,0,120.2,54.6
4504,L14503,L,296.3,305.2,1168.0,40.6,128.0,0,No Failure,0,0,0,0,0,120.4,54.7
4505,L14504,L,294.6,304.4,1442.0,38.5,130.0,0,No Failure,0,0,0,0,0,132.7,60.3
4506,L14505,L,304.0,314.4,1182.0,43.4,132.0,0,No Failure,0,0,0,0,0,127.5,58.0
4507,L14506,L,299.8,311.2,1168.0,46.8,501.73,0,No Failure,0,0,0,0,0,123.4,56.1
4508,L14507,L,299.1,309.2,1168.0,56.6,137.0,0,No Failure,0,0,0,0,0,113.2,51.5
4509,M14508,M,299.4,311.1,1279.0,34.8,139.0,0,No Failure,0,0,0,0,0,132.2,60.1
4510,L14509,L,296.3,305.6,,41.3,142.0,0,No Failure,0,0,0,0,0,114.6,52.1
4511,M14510,M,297.4,306.9,1274.0,39.1,145.0,0,No Failure,0,0,0,0,0,121.1,55.1
4512,M14511,M,302.0,311.7,1168.0,50.2,148.0,0,No Failure,0,0,0,0,0,110.7,50.3
4513,H14512,H,300.1,309.3,1168.0,64.0,151.0,0,No Failure,0,0,0,0,0,95.7,43.5
4514,L14513,L,297.5,308.7,1168.0,50.6,157.0,0,No Failure,0,0,0,0,0,103.3,46.9
4515,L14514,L,296.7,303.9,1341.0,48.0,159.0,1,HDF (Heat Dissipation),0,1,0,0,0,3.3,41.3
4516,L14515,L,297.9,307.4,1168.0,49.1,162.0,0,No Failure,0,0,0,0,0,95.5,43.4
4517,L14516,L,298.3,309.4,1183.0,52.7,165.0,0,No Failure,0,0,0,0,0,95.2,43.3
4518,L14517,L,302.6,312.3,1168.0,64.1,168.0,0,No Failure,0,0,0,0,0,78.2,35.5
4519,M14518,M,298.5,309.6,1343.0,23.1,170.0,1,PWF (Power Failure),0,0,1,0,0,7.6,49.3
4520,L14519,L,296.7,308.9,1360.0,46.0,174.0,0,No Failure,0,0,0,0,0,95.4,43.4
4521,L14520,L,298.8,308.9,1708.0,14.2,176.0,1,PWF (Power Failure),0,0,1,0,0,6.4,48.0
4522,L14521,L,299.4,310.6,1168.0,49.5,179.0,0,No Failure,0,0,0,0,0,88.1,40.0
4523,M14522,M,296.6,309.0,1168.0,45.5,182.0,0,No Failure,0,0,0,0,0,94.4,42.9
4524,H14523,H,299.6,310.0,1190.0,34.5,186.0,0,No Failure,0,0,0,0,0,105.6,48.0
4525,M14524,M,301.1,311.1,1678.0,13.3,192.0,1,PWF (Power Failure),0,0,1,0,0,2.1,45.2
4526,M14525,M,299.1,310.0,1168.0,39.9,196.0,0,No Failure,0,0,0,0,0,90.7,41.2
4527,M14526,M,297.5,308.7,1168.0,42.2,200.0,0,No Failure,0,0,0,0,0,85.6,38.9
4528,M14527,M,297.9,307.9,1204.0,39.4,203.0,0,No Failure,0,0,0,0,0,86.7,39.4
4529,L14528,L,295.9,305.4,1168.0,33.8,207.0,0,No Failure,0,0,0,0,0,81.4,37.0
4530,M14529,M,298.6,310.3,1168.0,31.0,,0,No Failure,0,0,0,0,0,91.6,41.6
4531,M14530,M,299.4,309.1,1215.0,39.5,213.0,1,TWF (Tool Wear Failure),1,0,0,0,0,3.5,35.0
4532,L14531,L,297.3,308.5,1792.18,32.0,216.0,0,No Failure,0,0,0,0,0,83.5,37.9
4533,M14532,M,302.4,312.7,1171.0,48.1,219.0,0,No Failure,0,0,0,0,0,65.7,29.9
4534,L14533,L,300.3,312.1,1235.0,39.2,0.0,0,No Failure,0,0,0,0,0,220.0,100.0
4535,M14534,M,295.7,304.9,1316.0,22.8,3.0,1,PWF (Power Failure),0,0,1,0,0,1.0,88.9
4536,L14535,L,295.7,304.8,1168.0,41.8,7.0,0,No Failure,0,0,0,0,0,205.3,93.3
4537,M14536,M,297.1,308.0,1168.0,44.1,10.0,0,No Failure,0,0,0,0,0,213.2,96.9
4538,H14537,H,301.7,310.6,1168.0,56.2,13.0,0,No Failure,0,0,0,0,0,198.5,90.2
4539,L14538,L,300.5,310.6,1244.0,49.3,19.0,0,No Failure,0,0,0,0,0,206.0,93.6
4540,L14539,L,301.8,313.3,1214.0,31.0,22.0,0,No Failure,0,0,0,0,0,206.2,93.7
4541,L14540,L,298.9,307.1,1168.0,54.3,25.0,1,HDF (Heat Dissipation),0,1,0,0,0,5.6,82.3
4542,L14541,L,298.5,,,-22.83,27.0,1,PWF (Power Failure),0,0,1,0,0,4.0,88.0
4543,H14542,H,296.7,307.9,1168.0,40.3,30.0,0,No Failure,0,0,0,0,0,200.7,91.2
4544,L14543,L,299.5,309.5,1424.0,47.5,35.0,0,No Failure,0,0,0,0,0,194.6,88.5
4545,L14544,L,298.6,307.7,1168.0,54.6,37.0,0,No Failure,0,0,0,0,0,181.7,82.6
4546,L14545,L,298.5,308.2,1168.0,58.9,39.0,0,No Failure,0,0,0,0,0,185.8,84.4
4547,H14546,H,301.8,311.0,1168.0,52.7,41.0,0,No Failure,0,0,0,0,0,182.2,82.8
4548,L14547,L,298.7,308.8,1168.0,38.6,47.0,0,No Failure,0,0,0,0,0,188.4,85.7
4549,M14548,M,301.3,311.0,1168.0,45.8,50.0,0,No Failure,0,0,0,0,0,182.1,82.8
4550,L14549,L,296.1,305.6,1168.0,42.2,54.0,0,No Failure,0,0,0,0,0,177.1,80.5
4551,L14550,L,303.8,314.3,1186.0,32.9,57.0,0,No Failure,0,0,0,0,0,183.7,83.5
4552,M14551,M,298.2,309.8,1285.0,38.8,59.0,0,No Failure,0,0,0,0,0,181.4,82.5
4553,L14552,L,,310.5,1249.0,58.0,63.0,0,No Failure,0,0,0,0,0,170.4,77.4
4554,M14553,M,300.5,311.8,1168.0,46.5,66.0,0,No Failure,0,0,0,0,0,174.1,79.1
4555,L14554,L,298.0,309.6,1168.0,60.6,69.0,0,No Failure,0,0,0,0,0,164.6,74.8
4556,M14555,M,300.4,309.8,1276.0,29.2,72.0,0,No Failure,0,0,0,0,0,172.2,78.3
4557,M14556,M,300.5,310.8,1168.0,36.2,76.0,0,No Failure,0,0,0,0,0,171.4,77.9
4558,M14557,M,297.6,307.2,1339.0,,80.0,0,No Failure,0,0,0,0,0,163.4,74.3
4559,L14558,L,297.7,306.2,1231.0,47.4,83.0,1,HDF (Heat Dissipation),0,1,0,0,0,0.1,66.1
4560,M14559,M,299.0,309.4,1222.0,38.8,86.0,0,No Failure,0,0,0,0,0,163.8,74.5
4561,H14560,H,298.7,307.6,1168.0,48.0,89.0,0,No Failure,0,0,0,0,0,147.1,66.8
4562,L14561,L,301.4,311.9,1168.0,47.9,95.0,0,No Failure,0,0,0,0,0,150.9,68.6
4563,L14562,L,300.2,308.6,1428.0,26.1,98.0,0,No Failure,0,0,0,0,0,160.0,72.7
4564,H14563,H,298.8,309.0,1213.0,47.5,101.0,0,No Failure,0,0,0,0,0,151.2,68.7
4565,L14564,L,300.0,308.4,1240.0,50.7,107.0,1,HDF (Heat Dissipation),0,1,0,0,0,4.1,57.1
4566,M14565,M,295.3,306.0,1168.0,43.0,110.0,0,No Failure,0,0,0,0,0,145.6,66.2
4567,M14566,M,297.8,307.4,1312.0,21.6,113.0,1,PWF (Power Failure),0,0,1,0,0,0.0,60.2
4568,L14567,L,299.5,309.0,1274.0,37.2,116.0,0,No Failure,0,0,0,0,0,139.2,63.3
4569,M14568,M,300.9,312.0,1318.0,44.4,119.0,0,No Failure,0,0,0,0,0,138.6,63.0
4570,M14569,M,299.3,309.0,1444.0,31.3,123.0,0,No Failure,0,0,0,0,0,144.6,65.7
4571,L14570,L,301.6,311.7,1168.0,49.2,127.0,0,No Failure,0,0,0,0,0,126.6,57.6
4572,H14571,H,300.5,310.3,1168.0,47.3,130.0,0,No Failure,0,0,0,0,0,129.4,58.8
4573,L14572,L,298.1,308.6,1168.0,41.3,135.0,0,No Failure,0,0,0,0,0,127.1,57.8
4574,L14573,L,298.7,309.7,1168.0,,138.0,0,No Failure,0,0,0,0,0,126.0,57.3
4575,H14574,H,299.7,310.5,1227.0,41.9,140.0,0,No Failure,0,0,0,0,0,128.6,58.5
4576,L14575,L,298.1,307.6,1168.0,40.0,146.0,0,No Failure,0,0,0,0,0,115.2,52.4
4577,H14576,H,301.7,312.9,1168.0,27.1,148.0,1,PWF (Power Failure),0,0,1,0,0,3.3,55.1
4578,L14577,L,297.0,306.1,1168.0,35.7,153.0,0,No Failure,0,0,0,0,0,110.0,50.0
4579,L14578,L,299.5,308.8,1172.0,40.7,156.0,0,No Failure,0,0,0,0,0,105.6,48.0
4580,L14579,L,300.3,310.2,1168.0,54.2,159.0,0,No Failure,0,0,0,0,0,97.2,44.2
4581,M14580,M,298.4,309.4,1168.0,46.9,162.0,0,No Failure,0,0,0,0,0,106.9,48.6
4582,M14581,M,298.0,306.8,1269.0,54.7,166.0,0,No Failure,0,0,0,0,0,87.5,39.8
4583,H14582,H,298.8,309.7,1248.0,26.0,169.0,1,PWF (Power Failure),0,0,1,0,0,7.7,51.0
4584,H14583,H,300.4,310.3,1175.0,36.4,174.0,0,No Failure,0,0,0,0,0,110.2,50.1
4585,M14584,M,298.1,307.7,1168.0,60.7,179.0,0,No Failure,0,0,0,0,0,77.1,35.0
4586,M14585,M,297.0,308.1,1232.0,32.6,183.0,0,No Failure,0,0,0,0,0,106.7,48.5
4587,M14586,M,301.0,310.2,659.62,32.4,187.0,0,No Failure,0,0,0,0,0,95.6,43.5
4588,H14587,H,299.7,312.0,1248.0,37.3,190.0,0,No Failure,0,0,0,0,0,100.4,45.6
4589,M14588,M,300.8,310.6,1707.53,60.2,195.0,0,No Failure,0,0,0,0,0,67.4,30.7
4590,H14589,H,300.3,310.4,1194.0,33.3,199.0,0,No Failure,0,0,0,0,0,98.8,44.9
4591,L14590,L,302.9,314.4,1192.0,45.6,204.0,0,No Failure,0,0,0,0,0,74.4,33.8
4592,L14591,L,301.0,311.2,1266.0,43.9,206.0,1,TWF (Tool Wear Failure),1,0,0,0,0,1.3,34.1
4593,M14592,M,297.7,308.9,1357.0,20.7,208.0,1,PWF (Power Failure),0,0,1,0,0,7.0,37.6
4594,L14593,L,299.8,307.8,1187.0,39.8,211.0,1,HDF (Heat Dissipation),0,1,0,0,0,3.3,24.9
4595,L14594,L,298.0,307.6,1183.0,34.5,214.0,1,TWF (Tool Wear Failure),1,0,0,0,0,1.9,35.1
4596,H14595,H,298.2,308.6,1348.0,46.8,216.0,1,TWF (Tool Wear Failure),1,0,0,0,0,5.7,33.5
4597,L14596,L,296.4,307.5,1168.0,57.4,0.0,0,No Failure,0,0,0,0,0,220.0,100.0
4598,L14597,L,298.5,309.3,1386.0,36.6,2.0,0,No Failure,0,0,0,0,0,218.7,99.4
4599,L14598,L,300.0,310.7,1180.0,36.6,4.0,0,No Failure,0,0,0,0,0,217.4,98.8
4600,L14599,L,298.9,310.0,1358.0,65.2,7.0,1,PWF (Power Failure),0,0,1,0,0,7.7,89.6
4601,M14600,M,297.0,307.5,1268.0,32.9,9.0,0,No Failure,0,0,0,0,0,214.4,97.5
4602,H14601,H,296.2,304.1,1448.0,26.6,13.0,0,No Failure,0,0,0,0,0,212.3,96.5
4603,H14602,H,302.8,314.2,1168.0,53.8,18.0,0,No Failure,0,0,0,0,0,207.2,94.2
4604,M14603,M,299.6,308.8,1261.0,39.5,23.0,0,No Failure,0,0,0,0,0,198.2,90.1
4605,M14604,M,297.5,307.8,1200.0,42.8,26.0,0,No Failure,0,0,0,0,0,202.4,92.0
4606,L14605,L,299.8,310.0,1168.0,62.3,,0,No Failure,0,0,0,0,0,195.6,88.9
4607,H14606,H,302.9,312.9,1422.0,26.0,32.0,0,No Failure,0,0,0,0,0,201.7,91.7
4608,L14607,L,300.1,309.0,1168.0,38.0,38.0,0,No Failure,0,0,0,0,0,182.5,83.0
4609,L14608,L,294.0,302.1,1177.0,27.6,41.0,1,HDF (Heat Dissipation),0,1,1,0,0,4.5,74.2
4610,H14609,H,303.8,,1168.0,,44.0,0,No Failure,0,0,0,0,0,179.9,81.8
4611,H14610,H,304.83,306.5,1281.0,34.5,50.0,0,No Failure,0,0,0,0,0,189.2,86.0
4612,L14611,L,298.6,307.2,1480.0,28.3,56.0,0,No Failure,0,0,0,0,0,185.9,84.5
4613,M14612,M,297.0,306.1,1168.0,47.3,58.0,0,No Failure,0,0,0,0,0,169.5,77.0
4614,L14613,L,297.7,308.1,1168.0,40.1,61.0,0,No Failure,0,0,0,0,0,178.5,81.1
4615,L14614,L,299.5,308.5,1587.0,27.5,64.0,0,No Failure,0,0,0,0,0,181.3,82.4
4616,L14615,L,295.3,304.8,1413.0,28.1,66.0,0,No Failure,0,0,0,0,0,179.0,81.4
4617,L14616,L,298.9,309.0,1198.0,42.1,69.0,0,No Failure,0,0,0,0,0,172.2,78.3
4618,M14617,M,301.1,311.4,1273.0,23.3,72.0,1,PWF (Power Failure),0,0,1,0,0,5.0,72.7
4619,L14618,L,297.5,306.5,1424.0,42.3,76.0,0,No Failure,0,0,0,0,0,166.1,75.5
4620,M14619,M,296.5,306.6,1168.0,53.4,79.0,0,No Failure,0,0,0,0,0,162.0,73.7
4621,L14620,L,298.8,309.2,1187.0,46.7,82.0,0,No Failure,0,0,0,0,0,160.9,73.2
4622,H14621,H,298.4,307.1,1300.0,33.8,85.0,0,No Failure,0,0,0,0,0,159.4,72.5
4623,M14622,M,298.0,308.2,1372.0,100.07,91.0,0,No Failure,0,0,0,0,0,158.6,72.1
4624,H14623,H,296.9,306.2,1412.0,27.5,94.0,0,No Failure,0,0,0,0,0,164.3,74.7
4625,L14624,L,300.0,310.1,1168.0,41.4,100.0,0,No Failure,0,0,0,0,0,151.2,68.7
4626,M14625,M,300.1,310.8,1251.0,36.7,103.0,0,No Failure,0,0,0,0,0,153.9,69.9
4627,H14626,H,297.1,306.9,1272.0,29.6,107.0,0,No Failure,0,0,0,0,0,155.3,70.6
4628,L14627,L,297.4,308.3,1346.0,46.2,112.0,0,No Failure,0,0,0,0,0,139.7,63.5
4629,L14628,L,299.3,310.1,1789.0,20.2,115.0,0,No Failure,0,0,0,0,0,155.0,70.5
4630,L14629,L,297.3,308.2,1204.0,28.1,117.0,0,No Failure,0,0,0,0,0,141.7,64.4
4631,L14630,L,299.4,309.8,1336.0,29.3,120.0,0,No Failure,0,0,0,0,0,146.1,66.4
4632,L14631,L,301.7,312.8,1168.0,35.0,123.0,0,No Failure,0,0,0,0,0,140.0,63.7
4633,L14632,L,298.9,309.3,1168.0,53.0,126.0,0,No Failure,0,0,0,0,0,124.5,56.6
4634,L14633,L,296.9,305.2,1168.0,47.5,128.0,1,HDF (Heat Dissipation),0,1,0,0,0,4.4,49.3
4635,M14634,M,299.8,309.0,1380.0,41.1,130.0,0,No Failure,0,0,0,0,0,130.9,59.5
4636,L14635,L,298.7,308.5,1193.0,40.6,133.0,0,No Failure,0,0,0,0,0,126.9,57.7
4637,L14636,L,298.8,308.7,1234.0,39.9,136.0,0,No Failure,0,0,0,0,0,126.7,57.6
4638,M14637,M,299.9,310.3,1168.0,53.7,139.0,0,No Failure,0,0,0,0,0,117.8,53.5
4639,L14638,L,300.3,309.5,1499.0,21.8,142.0,1,PWF (Power Failure),0,0,1,0,0,4.3,58.4
4640,L14639,L,299.1,311.1,1218.0,47.7,145.0,0,No Failure,0,0,0,0,0,114.7,52.1
4641,L14640,L,298.9,308.8,1216.0,34.9,463.44,0,No Failure,0,0,0,0,0,122.9,55.8
4642,L14641,L,,312.8,1168.0,45.0,151.0,0,No Failure,0,0,0,0,0,112.8,51.3
4643,L14642,L,301.2,310.5,1168.0,45.1,154.0,0,No Failure,0,0,0,0,0,102.9,46.8
4644,L14643,L,300.6,309.6,1168.0,47.3,157.0,0,No Failure,0,0,0,0,0,95.4,43.3
4645,L14644,L,299.3,309.2,1168.0,55.8,160.0,0,No Failure,0,0,0,0,0,94.9,43.2
4646,H14645,H,297.3,307.3,1266.0,26.3,162.0,1,PWF (Power Failure),0,0,1,0,0,0.2,53.9
4647,H14646,H,301.1,311.0,1282.0,50.1,167.0,0,No Failure,0,0,0,0,0,103.3,47.0
4648,L14647,L,299.3,311.0,1273.0,39.4,172.0,0,No Failure,0,0,0,0,0,103.7,47.1
4649,L14648,L,298.0,307.9,1168.0,35.4,175.0,0,No Failure,0,0,0,0,0,104.7,47.6
4650,L14649,L,298.6,308.5,1168.0,60.3,177.0,0,No Failure,0,0,0,0,0,77.0,35.0
4651,H14650,H,297.3,308.1,1168.0,47.0,180.0,0,No Failure,0,0,0,0,0,97.8,44.5
4652,H14651,H,301.0,310.8,1168.0,35.8,186.0,0,No Failure,0,0,0,0,0,102.2,46.4
4653,L14652,L,300.3,310.8,1168.0,49.6,192.0,0,No Failure,0,0,0,0,0,78.4,35.6
4654,L14653,L,299.4,308.1,1168.0,39.5,195.0,0,No Failure,0,0,0,0,0,73.7,33.5
4655,L14654,L,299.0,307.7,1496.0,35.7,197.0,0,No Failure,0,0,0,0,0,91.1,41.4
4656,H14655,H,297.9,308.0,1254.0,33.9,200.0,0,No Failure,0,0,0,0,0,97.6,44.4
4657,H14656,H,295.3,305.1,1168.0,43.0,205.0,0,No Failure,0,0,0,0,0,82.8,37.7
4658,L14657,L,296.5,305.7,1389.0,33.9,210.0,0,No Failure,0,0,0,0,0,82.7,37.6
4659,M14658,M,297.8,307.9,1168.0,41.6,213.0,0,No Failure,0,0,0,0,0,77.5,35.2
4660,L14659,L,297.5,307.7,1168.0,48.9,217.0,0,No Failure,0,0,0,0,0,60.9,27.7
4661,M14660,M,299.6,308.9,1262.0,41.1,219.0,0,No Failure,0,0,0,0,0,68.3,31.1
4662,H14661,H,300.6,310.1,1168.0,59.8,223.0,1,OSF (Overstrain Failure),0,0,0,1,0,0.8,22.1
4663,L14662,L,298.9,309.1,1180.0,40.1,0.0,0,No Failure,0,0,0,0,0,220.0,100.0
4664,L14663,L,301.6,310.6,1185.0,53.5,3.0,0,No Failure,0,0,0,0,0,206.7,94.0
4665,M14664,M,297.7,307.1,1168.0,49.8,6.0,0,No Failure,0,0,0,0,0,209.1,95.1
4666,L14665,L,298.9,309.4,1279.0,55.3,9.0,0,No Failure,0,0,0,0,0,213.1,96.8
4667,H14666,H,299.0,309.0,1177.0,59.7,12.0,0,No Failure,0,0,0,0,0,211.1,95.9
4668,L14667,L,301.1,310.6,1363.0,22.4,18.0,1,PWF (Power Failure),0,0,1,0,0,1.9,86.9
4669,H14668,H,299.3,308.4,1168.0,42.7,20.0,0,No Failure,0,0,0,0,0,197.0,89.5
4670,L14669,L,299.4,321.16,1202.0,38.9,26.0,0,No Failure,0,0,0,0,0,191.6,87.1
4671,L14670,L,296.1,306.0,1168.0,41.1,28.0,0,No Failure,0,0,0,0,0,199.7,90.8
4672,L14671,L,297.5,309.5,1173.0,36.0,30.0,0,No Failure,0,0,0,0,0,200.3,91.1
4673,L14672,L,301.1,311.7,1189.0,34.6,33.0,0,No Failure,0,0,0,0,0,198.6,90.3
4674,L14673,L,295.4,304.1,1273.0,29.0,36.0,0,No Failure,0,0,0,0,0,187.8,85.4
4675,M14674,M,301.5,312.2,1168.0,41.0,39.0,0,No Failure,0,0,0,0,0,194.0,88.2
4676,L14675,L,300.0,309.2,1186.0,49.3,43.0,0,No Failure,0,0,0,0,0,179.6,81.6
4677,L14676,L,297.8,307.8,1168.0,35.1,46.0,0,No Failure,0,0,0,0,0,190.1,86.4
4678,L14677,L,297.6,307.0,1168.0,36.7,49.0,0,No Failure,0,0,0,0,0,181.1,82.3
4679,L14678,L,302.5,314.5,1678.95,33.0,51.0,0,No Failure,0,0,0,0,0,187.5,85.2
4680,H14679,H,301.7,310.6,1387.0,30.1,53.0,0,No Failure,0,0,0,0,0,185.5,84.3
4681,H14680,H,298.9,309.2,1168.0,37.6,58.0,0,No Failure,0,0,0,0,0,183.4,83.4
4682,L14681,L,299.4,308.7,1172.0,43.4,64.0,0,No Failure,0,0,0,0,0,167.5,76.1
4683,M14682,M,298.0,308.7,1168.0,52.6,67.0,0,No Failure,0,0,0,0,0,171.1,77.8
4684,M14683,M,299.4,309.7,,28.1,70.0,1,PWF (Power Failure),0,0,1,0,0,3.7,77.0
4685,H14684,H,297.9,309.2,1233.0,39.7,73.0,0,No Failure,0,0,0,0,0,173.2,78.7
4686,L14685,L,299.0,309.7,1168.0,51.8,79.0,0,No Failure,0,0,0,0,0,160.7,73.0
4687,L14686,L,302.4,311.7,1348.0,28.2,81.0,0,No Failure,0,0,0,0,0,167.5,76.1
4688,L14687,L,299.0,311.9,1168.0,52.7,83.0,0,No Failure,0,0,0,0,0,157.2,71.5
4689,H14688,H,297.3,307.9,1207.0,35.6,86.0,0,No Failure,0,0,0,0,0,166.6,75.7
4690,M14689,M,296.7,306.1,1203.0,47.1,92.0,0,No Failure,0,0,0,0,0,149.2,67.8
4691,L14690,L,299.4,309.6,1226.0,37.8,95.0,0,No Failure,0,0,0,0,0,156.7,71.2
4692,L14691,L,297.8,308.4,1267.0,44.6,97.0,0,No Failure,0,0,0,0,0,151.4,68.8
4693,M14692,M,299.6,310.2,1191.0,56.1,99.0,0,No Failure,0,0,0,0,0,145.9,66.3
4694,H14693,H,296.2,306.7,1197.0,38.8,103.0,0,No Failure,0,0,0,0,0,154.4,70.2
4695,L14694,L,300.4,311.4,1268.0,50.0,109.0,0,No Failure,0,0,0,0,0,139.3,63.3
4696,M14695,M,297.3,308.2,1168.0,42.7,112.0,0,No Failure,0,0,0,0,0,144.4,65.6
4697,L14696,L,299.3,308.5,1364.0,32.1,115.0,0,No Failure,0,0,0,0,0,144.2,65.6
4698,L14697,L,298.6,310.7,1246.0,38.5,117.0,0,No Failure,0,0,0,0,0,141.5,64.3
4699,M14698,M,302.3,314.3,1366.0,37.9,120.0,0,No Failure,0,0,0,0,0,142.2,64.6
4700,M14699,M,299.5,310.3,1316.0,25.9,123.0,0,No Failure,0,0,0,0,0,142.0,64.6
4701,H14700,H,302.7,312.7,1168.0,44.6,126.0,0,No Failure,0,0,0,0,0,136.0,61.8
4702,L14701,L,300.2,310.3,1186.0,46.6,131.0,0,No Failure,0,0,0,0,0,125.7,57.2
4703,L14702,L,301.7,311.4,1168.0,48.1,134.0,0,No Failure,0,0,0,0,0,119.1,54.1
4704,L14703,L,298.8,308.6,1205.0,54.3,136.0,0,No Failure,0,0,0,0,0,113.7,51.7
4705,L14704,L,299.8,307.6,1205.0,49.5,138.0,1,HDF (Heat Dissipation),0,1,0,0,0,1.9,43.0
4706,L14705,L,301.4,312.9,1223.0,34.0,140.0,0,No Failure,0,0,0,0,0,129.8,59.0
4707,L14706,L,300.8,312.0,1168.0,36.1,142.0,0,No Failure,0,0,0,0,0,126.8,57.6
4708,L14707,L,300.2,308.5,1177.0,48.4,145.0,1,HDF (Heat Dissipation),0,1,0,0,0,3.0,43.4
4709,L14708,L,298.6,309.5,1168.0,43.9,147.0,0,No Failure,0,0,0,0,0,116.6,53.0
4710,L14709,L,298.9,308.9,1168.0,39.8,150.0,0,No Failure,0,0,0,0,0,118.2,53.7
4711,M14710,M,301.2,301.59,1221.0,31.3,152.0,0,No Failure,0,0,0,0,0,124.9,56.8
4712,L14711,L,301.6,312.1,1351.0,34.7,156.0,0,No Failure,0,0,0,0,0,118.9,54.0
4713,M14712,M,298.1,306.4,1168.0,45.8,159.0,1,HDF (Heat Dissipation),0,1,0,0,0,1.3,41.5
4714,H14713,H,297.9,307.9,1289.0,20.5,162.0,1,PWF (Power Failure),0,0,1,0,0,4.2,49.9
4715,M14714,M,297.6,307.7,1916.0,16.6,168.0,1,PWF (Power Failure),0,0,1,0,0,3.2,53.6
4716,L14715,L,300.7,310.8,1383.0,46.9,171.0,0,No Failure,0,0,0,0,0,96.6,43.9
4717,L14716,L,297.5,306.1,1362.0,34.7,174.0,0,No Failure,0,0,0,0,0,101.8,46.3
4718,M14717,M,300.7,311.1,1194.0,44.7,177.0,0,No Failure,0,0,0,0,0,98.6,44.8
4719,M14718,M,300.2,311.3,1207.0,55.8,180.0,0,No Failure,0,0,0,0,0,85.6,38.9
4720,L14719,L,298.2,308.6,1334.0,29.9,183.0,0,No Failure,0,0,0,0,0,106.6,48.5
4721,L14720,L,302.0,311.8,,23.3,185.0,1,PWF (Power Failure),0,0,1,0,0,3.4,40.2
4722,M14721,M,296.6,309.3,1178.0,37.2,187.0,0,No Failure,0,0,0,0,0,99.5,45.2
4723,L14722,L,302.2,311.3,1195.0,33.2,190.0,0,No Failure,0,0,0,0,0,88.7,40.3
4724,M14723,M,299.8,310.6,1202.0,39.7,193.0,0,No Failure,0,0,0,0,0,92.9,42.2
4725,L14724,L,295.5,305.7,1197.0,45.4,197.0,0,No Failure,0,0,0,0,0,79.7,36.2
4726,L14725,L,302.1,314.1,1339.0,43.3,200.0,0,No Failure,0,0,0,0,0,80.0,36.4
4727,H14726,H,301.0,311.4,1199.0,40.5,202.0,0,No Failure,0,0,0,0,0,89.6,40.7
4728,L14727,L,298.5,309.1,1168.0,50.6,207.0,0,No Failure,0,0,0,0,0,66.1,30.0
4729,M14728,M,297.5,308.0,1168.0,46.7,210.0,0,No Failure,0,0,0,0,0,73.7,33.5
4730,L14729,L,296.4,305.3,1267.0,38.2,213.0,1,TWF (Tool Wear Failure),1,0,0,0,0,3.6,31.2
4731,L14730,L,303.6,312.7,1173.0,46.4,0.0,0,No Failure,0,0,0,0,0,210.1,95.5
4732,H14731,H,297.6,307.3,1246.0,24.5,2.0,1,PWF (Power Failure),0,0,1,0,0,7.5,90.7
4733,L14732,L,297.0,308.0,1193.0,50.6,7.0,0,No Failure,0,0,0,0,0,214.8,97.6
4734,L14733,L,299.7,309.9,1168.0,40.2,9.0,0,No Failure,0,0,0,0,0,213.9,97.2
4735,H14734,H,296.3,306.1,1269.0,28.0,11.0,0,No Failure,0,0,0,0,0,209.8,95.4
4736,M14735,M,297.5,308.9,1300.0,35.8,16.0,0,No Failure,0,0,0,0,0,209.8,95.4
4737,M14736,M,301.1,309.1,1168.0,50.4,20.0,1,HDF (Heat Dissipation),0,1,0,0,0,0.7,83.5
4738,L14737,L,300.1,308.8,1168.0,32.3,23.0,0,No Failure,0,0,0,0,0,191.1,86.9
4739,L14738,L,298.6,306.1,1172.0,44.1,26.0,1,HDF (Heat Dissipation),0,1,0,0,0,3.6,79.2
4740,M14739,M,299.3,310.5,1168.0,48.8,29.0,0,No Failure,0,0,0,0,0,199.5,90.7
4741,L14740,L,298.5,308.4,1168.0,40.2,32.0,0,No Failure,0,0,0,0,0,197.1,89.6
4742,L14741,L,299.2,310.2,1299.0,31.4,34.0,0,No Failure,0,0,0,0,0,198.6,90.3
4743,M14742,M,297.9,307.8,1168.0,39.4,37.0,0,No Failure,0,0,0,0,0,194.6,88.5
4744,L14743,L,298.2,309.2,1460.0,25.9,40.0,0,No Failure,0,0,0,0,0,196.2,89.2
4745,L14744,L,298.2,308.1,1168.0,35.1,42.0,0,No Failure,0,0,0,0,0,191.6,87.1
4746,L14745,L,298.0,308.4,1311.0,28.9,45.0,0,No Failure,0,0,0,0,0,192.4,87.5
4747,L14746,L,301.2,311.5,1279.0,39.5,47.0,0,No Failure,0,0,0,0,0,188.2,85.5
4748,M14747,M,300.7,311.0,1240.0,27.3,49.0,0,No Failure,0,0,0,0,0,184.1,83.7
4749,H14748,H,297.6,309.3,1168.0,40.8,52.0,0,No Failure,0,0,0,0,0,186.3,84.7
4750,L14749,L,297.1,305.5,1184.0,51.3,57.0,1,HDF (Heat Dissipation),0,1,0,0,0,5.5,72.6
4751,L14750,L,299.0,308.9,1707.98,52.0,60.0,0,No Failure,0,0,0,0,0,173.8,79.0
4752,M14751,M,303.2,313.4,1217.0,27.5,-261.11,0,No Failure,0,0,0,0,0,175.2,79.6
4753,L14752,L,297.5,307.5,1313.0,33.3,65.0,0,No Failure,0,0,0,0,0,178.4,81.1
4754,L14753,L,299.0,308.6,1168.0,48.5,68.0,0,No Failure,0,0,0,0,0,165.9,75.4
4755,H14754,H,299.5,309.0,1168.0,47.0,70.0,0,No Failure,0,0,0,0,0,167.0,75.9
4756,M14755,M,299.1,310.6,1168.0,33.8,76.0,0,No Failure,0,0,0,0,0,172.4,78.4
4757,L14756,L,298.5,308.4,1190.0,35.1,80.0,0,No Failure,0,0,0,0,0,166.9,75.8
4758,H14757,H,301.4,313.8,1437.0,40.8,82.0,0,No Failure,0,0,0,0,0,166.9,75.9
4759,L14758,L,300.1,310.6,1510.0,21.7,88.0,1,PWF (Power Failure),0,0,1,0,0,6.9,72.6
4760,H14759,H,300.8,310.5,1168.0,45.3,91.0,0,No Failure,0,0,0,0,0,155.7,70.8
4761,M14760,M,300.4,311.0,1168.0,50.8,96.0,0,No Failure,0,0,0,0,0,150.9,68.6
4762,M14761,M,300.9,311.0,1227.0,36.1,100.0,0,No Failure,0,0,0,0,0,156.1,71.0
4763,H14762,H,302.2,313.5,1205.0,25.8,103.0,1,PWF (Power Failure),0,0,1,0,0,3.9,66.5
4764,M14763,M,301.7,310.5,1168.0,54.1,108.0,0,No Failure,0,0,0,0,0,127.1,57.8
4765,L14764,L,303.5,311.7,1190.0,42.2,112.0,1,HDF (Heat Dissipation),0,1,0,0,0,7.8,55.7
4766,L14765,L,301.5,311.9,1168.0,47.1,115.0,0,No Failure,0,0,0,0,0,136.9,62.2
4767,M14766,M,298.1,308.9,1462.0,26.8,118.0,0,No Failure,0,0,0,0,0,150.7,68.5
4768,M14767,M,300.9,311.2,1201.0,26.8,122.0,1,PWF (Power Failure),0,0,1,0,0,7.1,62.1
4769,L14768,L,300.6,311.3,1168.0,44.1,126.0,0,No Failure,0,0,0,0,0,131.2,59.6
4770,M14769,M,302.8,313.3,1168.0,50.3,129.0,0,No Failure,0,0,0,0,0,127.6,58.0
4771,M14770,M,297.6,306.1,1433.0,28.7,440.97,0,No Failure,0,0,0,0,0,139.4,63.3
4772,L14771,L,300.4,310.7,1168.0,39.0,136.0,0,No Failure,0,0,0,0,0,128.3,58.3
4773,L14772,L,,309.4,1680.0,24.1,139.0,0,No Failure,0,0,0,0,0,138.7,63.1
4774,L14773,L,300.3,310.5,1170.0,33.0,142.0,0,No Failure,0,0,0,0,0,129.4,58.8
4775,L14774,L,,307.7,1216.0,37.4,144.0,0,No Failure,0,0,0,0,0,110.9,50.4
4776,L14775,L,300.2,,1248.0,44.9,146.0,0,No Failure,0,0,0,0,0,113.8,51.7
4777,L14776,L,296.8,307.4,1626.0,18.9,149.0,1,PWF (Power Failure),0,0,1,0,0,6.4,55.2
4778,L14777,L,300.8,312.6,1168.0,53.2,151.0,0,No Failure,0,0,0,0,0,105.4,47.9
4779,L14778,L,299.7,307.7,1285.0,38.3,154.0,1,HDF (Heat Dissipation),0,1,0,0,0,2.0,46.5
4780,M14779,M,307.99,310.0,1237.0,52.9,156.0,0,No Failure,0,0,0,0,0,106.0,48.2
4781,L14780,L,302.9,312.0,1168.0,47.0,160.0,0,No Failure,0,0,0,0,0,94.6,43.0
4782,H14781,H,298.7,309.2,1168.0,48.5,162.0,0,No Failure,0,0,0,0,0,108.8,49.5
4783,H14782,H,300.0,310.6,1168.0,60.2,168.0,0,No Failure,0,0,0,0,0,94.7,43.1
4784,M14783,M,299.6,309.4,1208.0,32.2,174.0,0,No Failure,0,0,0,0,0,110.5,50.2
4785,H14784,H,299.7,310.3,1191.0,41.4,177.0,0,No Failure,0,0,0,0,0,104.9,47.7
4786,H14785,H,303.4,314.5,1266.0,30.1,183.0,0,No Failure,0,0,0,0,0,111.5,50.7
4787,L14786,L,299.5,309.3,795.85,39.0,189.0,0,No Failure,0,0,0,0,0,91.0,41.3
4788,M14787,M,298.4,307.1,1168.0,47.2,192.0,0,No Failure,0,0,0,0,0,71.4,32.4
4789,L14788,L,302.8,314.2,1168.0,51.3,195.0,0,No Failure,0,0,0,0,0,74.2,33.7
4790,M14789,M,298.8,309.6,1483.0,36.2,197.0,0,No Failure,0,0,0,0,0,94.1,42.8
4791,L14790,L,296.5,307.1,1239.0,28.0,200.0,0,No Failure,0,0,0,0,0,93.8,42.6
4792,L14791,L,298.1,307.4,1307.0,40.7,203.0,0,No Failure,0,0,0,0,0,76.7,34.9
4793,L14792,L,297.2,308.2,1247.0,31.5,205.0,0,No Failure,0,0,0,0,0,91.1,41.4
4794,H14793,H,296.2,308.2,1397.0,34.2,208.0,0,No Failure,0,0,0,0,0,92.4,42.0
4795,L14794,L,298.8,308.7,1168.0,46.7,214.0,0,No Failure,0,0,0,0,0,64.8,29.4
4796,L14795,L,299.3,309.4,1168.0,44.9,217.0,1,TWF (Tool Wear Failure),1,0,0,0,0,4.0,30.0
4797,L14796,L,301.5,310.4,1168.0,48.3,220.0,0,No Failure,0,0,0,0,0,47.3,21.5
4798,L14797,L,300.5,309.8,1168.0,36.6,222.0,0,No Failure,0,0,0,0,0,65.9,29.9
4799,H14798,H,300.5,309.4,1198.0,50.1,224.0,1,TWF (Tool Wear Failure),1,0,0,0,0,5.8,23.8
4800,M14799,M,297.8,307.9,1194.0,40.1,229.0,1,TWF (Tool Wear Failure),1,0,0,0,0,2.0,31.2
4801,L14800,L,301.0,310.7,1168.0,37.2,0.0,0,No Failure,0,0,0,0,0,216.7,98.5
4802,L14801,L,301.9,312.3,1262.0,29.0,2.0,0,No Failure,0,0,0,0,0,218.8,99.4
4803,L14802,L,300.1,309.2,1296.0,19.1,5.0,1,PWF (Power Failure),0,0,1,0,0,1.5,86.0
4804,L14803,L,300.2,310.0,1474.0,24.4,7.0,0,No Failure,0,0,0,0,0,215.0,97.7
4805,H14804,H,297.2,306.2,1168.0,42.2,9.0,0,No Failure,0,0,0,0,0,203.1,92.3
4806,M14805,M,301.3,311.5,1237.0,30.9,14.0,0,No Failure,0,0,0,0,0,211.5,96.1
4807,L14806,L,302.6,311.0,1246.0,23.5,17.0,1,HDF (Heat Dissipation),0,1,1,0,0,6.7,79.8
4808,M14807,M,309.48,310.2,1283.0,35.8,19.0,0,No Failure,0,0,0,0,0,207.9,94.5
4809,L14808,L,298.4,308.1,1168.0,42.8,23.0,0,No Failure,0,0,0,0,0,200.7,91.2
4810,M14809,M,288.45,309.4,1323.0,44.2,26.0,0,No Failure,0,0,0,0,0,202.2,91.9
4811,M14810,M,298.7,307.0,1188.0,39.7,30.0,1,HDF (Heat Dissipation),0,1,0,0,0,3.8,82.5
4812,M14811,M,298.8,309.5,1188.0,39.4,,0,No Failure,0,0,0,0,0,197.7,89.9
4813,M14812,M,300.6,310.3,1371.0,34.6,37.0,0,No Failure,0,0,0,0,0,195.6,88.9
4814,H14813,H,310.38,310.2,1168.0,46.3,41.0,0,No Failure,0,0,0,0,0,192.3,87.4
4815,L14814,L,301.3,309.4,1204.0,38.2,47.0,1,HDF (Heat Dissipation),0,1,0,0,0,6.1,76.4
4816,L14815,L,300.1,,1254.0,39.2,50.0,0,No Failure,0,0,0,0,0,175.9,80.0
4817,L14816,L,297.9,307.5,1189.0,50.4,52.0,0,No Failure,0,0,0,0,0,177.0,80.5
4818,M14817,M,298.6,310.0,1168.0,47.9,54.0,0,No Failure,0,0,0,0,0,182.0,82.7
4819,M14818,M,298.5,309.0,1306.0,38.2,57.0,0,No Failure,0,0,0,0,0,182.9,83.2
4820,M14819,M,299.1,309.2,1252.0,36.7,60.0,0,No Failure,0,0,0,0,0,181.5,82.5
4821,M14820,M,302.7,311.8,1249.0,36.7,64.0,0,No Failure,0,0,0,0,0,171.0,77.7
4822,L14821,L,303.0,311.9,1351.0,19.8,67.0,1,PWF (Power Failure),0,0,1,0,0,7.9,70.8
4823,M14822,M,301.0,311.3,1168.0,51.0,70.0,0,No Failure,0,0,0,0,0,169.6,77.1
4824,M14823,M,299.7,310.4,1257.0,33.2,74.0,0,No Failure,0,0,0,0,0,173.9,79.1
4825,L14824,L,297.0,307.2,1228.0,48.5,77.0,0,No Failure,0,0,0,0,0,163.7,74.4
4826,L14825,L,299.9,311.6,1168.0,40.4,80.0,0,No Failure,0,0,0,0,0,165.4,75.2
4827,L14826,L,298.1,307.4,1168.0,53.9,82.0,0,No Failure,0,0,0,0,0,149.7,68.0
4828,L14827,L,302.4,312.6,1168.0,45.3,84.0,0,No Failure,0,0,0,0,0,160.2,72.8
4829,M14828,M,296.6,304.9,,49.1,87.0,1,HDF (Heat Dissipation),0,1,0,0,0,2.4,66.3
4830,H14829,H,300.2,310.4,1172.0,34.1,90.0,0,No Failure,0,0,0,0,0,164.8,74.9
4831,M14830,M,297.9,309.4,1279.0,27.1,95.0,0,No Failure,0,0,0,0,0,159.4,72.4
4832,L14831,L,299.5,308.5,1179.0,41.5,98.0,0,No Failure,0,0,0,0,0,141.5,64.3
4833,M14832,M,300.7,311.5,1432.0,20.8,101.0,1,PWF (Power Failure),0,0,1,0,0,0.7,66.0
4834,M14833,M,301.4,312.8,1168.0,35.3,104.0,0,No Failure,0,0,0,0,0,154.0,70.0
4835,L14834,L,299.4,308.7,1235.0,28.1,108.0,0,No Failure,0,0,0,0,0,143.1,65.0
4836,H14835,H,300.9,311.4,1382.0,31.6,111.0,0,No Failure,0,0,0,0,0,153.4,69.7
4837,L14836,L,298.3,309.9,1168.0,46.0,117.0,0,No Failure,0,0,0,0,0,136.2,61.9
4838,L14837,L,,310.2,1168.0,45.3,120.0,0,No Failure,0,0,0,0,0,134.6,61.2
4839,L14838,L,301.3,312.1,1364.0,38.4,122.0,0,No Failure,0,0,0,0,0,138.2,62.8
4840,L14839,L,300.1,308.3,1250.0,43.2,125.0,1,HDF (Heat Dissipation),0,1,0,0,0,1.8,53.1
4841,H14840,H,298.6,309.2,1252.0,34.6,128.0,0,No Failure,0,0,0,0,0,141.2,64.2
4842,L14841,L,299.0,309.5,1168.0,64.3,133.0,0,No Failure,0,0,0,0,0,110.2,50.1
4843,L14842,L,301.4,310.1,1214.0,43.0,136.0,0,No Failure,0,0,0,0,0,111.6,50.7
4844,L14843,L,297.6,306.6,1174.0,34.1,139.0,0,No Failure,0,0,0,0,0,119.4,54.3
4845,L14844,L,297.8,308.4,1253.0,48.8,142.0,0,No Failure,0,0,0,0,0,115.9,52.7
4846,L14845,L,300.6,310.3,1168.0,52.4,144.0,0,No Failure,0,0,0,0,0,108.1,49.1
4847,L14846,L,298.8,309.9,1168.0,32.3,146.0,0,No Failure,0,0,0,0,0,127.5,57.9
4848,M14847,M,296.9,307.2,1168.0,25.8,149.0,1,PWF (Power Failure),0,0,1,0,0,6.1,52.5
4849,L14848,L,302.0,312.1,1237.0,27.8,152.0,0,No Failure,0,0,0,0,0,122.3,55.6
4850,M14849,M,297.6,307.4,1168.0,33.3,155.0,0,No Failure,0,0,0,0,0,121.2,55.1
4851,L14850,L,299.2,309.5,1168.0,39.5,158.0,0,No Failure,0,0,0,0,0,113.0,51.4
4852,M14851,M,298.4,309.2,1241.0,23.7,160.0,1,PWF (Power Failure),0,0,1,0,0,7.3,49.5
4853,H14852,H,299.0,309.5,1722.82,35.8,164.0,0,No Failure,0,0,0,0,0,118.0,53.7
4854,L14853,L,298.0,307.6,1168.0,-10.06,170.0,0,No Failure,0,0,0,0,0,102.1,46.4
4855,L14854,L,300.9,312.1,1277.0,,172.0,0,No Failure,0,0,0,0,0,99.7,45.3
4856,H14855,H,299.8,310.5,1270.0,46.1,175.0,0,No Failure,0,0,0,0,0,102.0,46.4
4857,L14856,L,301.3,311.7,1411.0,44.0,180.0,0,No Failure,0,0,0,0,0,93.3,42.4
4858,M14857,M,298.5,308.6,1168.0,57.9,182.0,0,No Failure,0,0,0,0,0,82.0,37.3
4859,L14858,L,303.4,313.9,1168.0,50.9,186.0,0,No Failure,0,0,0,0,0,81.4,37.0
4860,L14859,L,296.2,304.4,1168.0,42.2,189.0,1,HDF (Heat Dissipation),0,1,0,0,0,7.0,31.4
4861,M14860,M,296.7,306.9,1168.0,30.3,192.0,0,No Failure,0,0,0,0,0,100.9,45.9
4862,H14861,H,302.7,314.3,1168.0,33.2,195.0,0,No Failure,0,0,0,0,0,101.3,46.1
4863,L14862,L,300.4,310.6,1186.0,25.7,200.0,1,PWF (Power Failure),0,0,1,0,0,0.8,38.4
4864,M14863,M,300.2,310.3,1168.0,41.5,203.0,0,No Failure,0,0,0,0,0,84.3,38.3
4865,M14864,M,300.4,309.8,1211.0,43.3,206.0,1,TWF (Tool Wear Failure),1,0,0,0,0,0.8,33.6
4866,L14865,L,300.6,311.1,1168.0,48.9,210.0,0,No Failure,0,0,0,0,0,66.0,30.0
4867,L14866,L,300.1,309.9,1214.0,42.7,212.0,0,No Failure,0,0,0,0,0,70.3,32.0
4868,L14867,L,306.4,309.2,1176.0,50.5,215.0,1,TWF (Tool Wear Failure),1,0,0,0,0,7.1,27.4
4869,L14868,L,301.1,310.2,1168.0,50.7,217.0,1,OSF (Overstrain Failure),1,0,0,1,0,7.0,22.1
4870,M14869,M,300.8,310.3,1446.0,29.7,220.0,0,No Failure,0,0,0,0,0,87.2,39.6
4871,L14870,L,302.2,311.6,1276.0,34.8,0.0,0,No Failure,0,0,0,0,0,215.4,97.9
4872,L14871,L,302.8,314.6,1180.0,39.9,2.0,0,No Failure,0,0,0,0,0,218.6,99.4
4873,M14872,M,300.2,310.0,1168.0,32.9,4.0,0,No Failure,0,0,0,0,0,215.3,97.9
4874,M14873,M,297.4,306.9,1168.0,37.6,7.0,0,No Failure,0,0,0,0,0,210.0,95.4
4875,M14874,M,302.8,310.7,1276.0,43.0,10.0,1,HDF (Heat Dissipation),0,1,0,0,0,3.0,89.6
4876,M14875,M,297.8,306.9,1298.0,38.8,,0,No Failure,0,0,0,0,0,205.5,93.4
4877,L14876,L,300.2,310.7,1289.0,40.0,16.0,0,No Failure,0,0,0,0,0,209.1,95.1
4878,M14877,M,299.2,309.7,1438.0,30.6,,0,No Failure,0,0,0,0,0,208.4,94.7
4879,L14878,L,298.9,308.2,1329.0,45.1,22.0,0,No Failure,0,0,0,0,0,200.6,91.2
4880,L14879,L,301.0,310.4,1195.0,44.3,24.0,0,No Failure,0,0,0,0,0,196.5,89.3
4881,L14880,L,289.67,312.0,1346.0,32.4,27.0,0,No Failure,0,0,0,0,0,202.9,92.2
4882,M14881,M,300.6,313.3,1237.0,27.1,29.0,0,No Failure,0,0,0,0,0,195.0,88.6
4883,M14882,M,298.2,309.3,1168.0,52.3,32.0,0,No Failure,0,0,0,0,0,196.7,89.4
4884,L14883,L,299.3,310.9,1181.0,57.5,35.0,0,No Failure,0,0,0,0,0,192.5,87.5
4885,H14884,H,298.3,310.1,1270.0,42.3,37.0,0,No Failure,0,0,0,0,0,195.8,89.0
4886,H14885,H,299.3,311.5,665.72,36.4,43.0,0,No Failure,0,0,0,0,0,193.1,87.8
4887,L14886,L,299.4,309.1,676.98,50.5,49.0,0,No Failure,0,0,0,0,0,180.3,82.0
4888,M14887,M,303.0,312.1,1168.0,44.7,51.0,0,No Failure,0,0,0,0,0,175.1,79.6
4889,L14888,L,299.2,311.0,1258.0,37.9,54.0,0,No Failure,0,0,0,0,0,184.0,83.6
4890,H14889,H,295.8,304.8,1168.0,49.7,56.0,0,No Failure,0,0,0,0,0,170.2,77.4
4891,L14890,L,302.2,311.2,1348.0,31.9,62.0,0,No Failure,0,0,0,0,0,176.4,80.2
4892,L14891,L,300.5,309.5,1168.0,33.1,64.0,0,No Failure,0,0,0,0,0,168.1,76.4
4893,L14892,L,299.4,309.3,1307.0,43.6,66.0,0,No Failure,0,0,0,0,0,173.1,78.7
4894,L14893,L,298.9,306.9,1168.0,41.1,69.0,1,HDF (Heat Dissipation),0,1,0,0,0,4.6,68.5
4895,M14894,M,298.0,306.6,1308.0,46.4,71.0,0,No Failure,0,0,0,0,0,161.9,73.6
4896,L14895,L,303.2,312.6,1168.0,51.9,74.0,0,No Failure,0,0,0,0,0,157.8,71.7
4897,L14896,L,299.8,308.6,1428.0,24.5,77.0,0,No Failure,0,0,0,0,0,169.9,77.2
4898,M14897,M,296.6,307.7,1168.0,40.4,80.0,0,No Failure,0,0,0,0,0,167.0,75.9
4899,H14898,H,300.3,310.3,1168.0,59.0,83.0,0,No Failure,0,0,0,0,0,158.6,72.1
4900,M14899,M,301.9,312.5,1309.0,34.0,88.0,0,No Failure,0,0,0,0,0,164.8,74.9
4901,L14900,L,300.0,310.5,1385.0,32.9,92.0,0,No Failure,0,0,0,0,0,161.4,73.3
4902,L14901,L,298.1,307.9,1477.0,17.6,94.0,1,PWF (Power Failure),0,0,1,0,0,0.9,66.7
4903,L14902,L,297.9,308.9,1168.0,41.0,96.0,0,No Failure,0,0,0,0,0,154.1,70.1
4904,H14903,H,298.1,308.6,1168.0,45.8,98.0,0,No Failure,0,0,0,0,0,154.1,70.0
4905,M14904,M,302.5,312.2,1168.0,45.8,103.0,0,No Failure,0,0,0,0,0,145.4,66.1
4906,M14905,M,299.6,307.9,1168.0,29.6,106.0,1,HDF (Heat Dissipation),0,1,0,0,0,2.5,60.2
4907,H14906,H,296.7,307.2,1168.0,39.9,109.0,0,No Failure,0,0,0,0,0,150.0,68.2
4908,L14907,L,300.4,309.1,1168.0,42.2,115.0,0,No Failure,0,0,0,0,0,126.0,57.3
4909,M14908,M,300.0,310.4,1168.0,40.5,118.0,0,No Failure,0,0,0,0,0,141.8,64.5
4910,L14909,L,298.9,309.0,1317.0,29.1,121.0,0,No Failure,0,0,0,0,0,145.6,66.2
4911,L14910,L,297.9,306.5,1204.0,40.8,123.0,0,No Failure,0,0,0,0,0,120.6,54.8
4912,L14911,L,297.8,308.1,1176.0,31.9,126.0,0,No Failure,0,0,0,0,0,140.4,63.8
4913,L14912,L,301.7,311.9,1389.0,21.3,128.0,1,PWF (Power Failure),0,0,1,0,0,0.9,58.2
4914,H14913,H,300.2,310.4,1168.0,46.8,131.0,0,No Failure,0,0,0,0,0,131.2,59.7
4915,L14914,L,300.6,310.7,1227.0,41.4,136.0,0,No Failure,0,0,0,0,0,126.4,57.4
4916,H14915,H,300.2,309.5,1168.0,45.9,139.0,0,No Failure,0,0,0,0,0,118.7,54.0
4917,M14916,M,300.3,310.9,1168.0,34.7,144.0,0,No Failure,0,0,0,0,0,129.2,58.7
4918,M14917,M,298.9,308.2,1168.0,46.3,147.0,0,No Failure,0,0,0,0,0,110.2,50.1
4919,H14918,H,299.4,308.3,1168.0,50.2,151.0,0,No Failure,0,0,0,0,0,103.0,46.8
4920,L14919,L,301.9,312.6,1168.0,57.5,156.0,0,No Failure,0,0,0,0,0,97.5,44.3
4921,L14920,L,302.3,313.2,1168.0,48.1,158.0,0,No Failure,0,0,0,0,0,104.9,47.7
4922,L14921,L,297.6,308.2,1168.0,43.8,160.0,0,No Failure,0,0,0,0,0,107.6,48.9
4923,L14922,L,299.4,309.2,1294.0,26.2,162.0,0,No Failure,0,0,0,0,0,115.0,52.3
4924,H14923,H,301.3,309.4,1253.0,38.9,165.0,1,HDF (Heat Dissipation),0,1,0,0,0,2.7,44.7
4925,L14924,L,303.2,314.7,1366.0,25.8,170.0,0,No Failure,0,0,0,0,0,115.9,52.7
4926,L14925,L,303.0,311.0,1258.0,31.8,172.0,1,HDF (Heat Dissipation),0,1,0,0,0,6.6,43.0
4927,L14926,L,298.3,308.9,1168.0,59.6,174.0,0,No Failure,0,0,0,0,0,81.2,36.9
4928,L14927,L,302.1,314.2,1213.0,29.8,177.0,0,No Failure,0,0,0,0,0,110.1,50.0
4929,M14928,M,299.9,310.0,1420.0,16.6,180.0,1,PWF (Power Failure),0,0,1,0,0,7.2,46.5
4930,L14929,L,301.7,312.0,1168.0,48.1,,0,No Failure,0,0,0,0,0,85.9,39.1
4931,M14930,M,301.2,311.6,1168.0,33.3,187.0,0,No Failure,0,0,0,0,0,103.5,47.0
4932,M14931,M,297.5,307.7,1168.0,47.7,191.0,0,No Failure,0,0,0,0,0,85.9,39.0
4933,M14932,M,300.8,313.2,1413.0,28.3,195.0,0,No Failure,0,0,0,0,0,103.8,47.2
4934,L14933,L,301.6,310.8,1201.0,35.7,511.65,0,No Failure,0,0,0,0,0,81.7,37.1
4935,M14934,M,299.8,308.8,1168.0,52.0,201.0,0,No Failure,0,0,0,0,0,63.1,28.7
4936,L14935,L,299.4,309.1,1366.0,26.8,204.0,1,TWF (Tool Wear Failure),1,0,0,0,0,4.4,43.8
4937,L14936,L,297.0,308.7,1554.0,38.3,207.0,0,No Failure,0,0,0,0,0,81.4,37.0
4938,M14937,M,301.0,322.19,1168.0,42.9,209.0,0,No Failure,0,0,0,0,0,72.1,32.8
4939,M14938,M,300.2,310.6,1168.0,32.8,213.0,0,No Failure,0,0,0,0,0,87.9,39.9
4940,L14939,L,298.2,309.3,1251.0,42.4,216.0,0,No Failure,0,0,0,0,0,70.0,31.8
4941,H14940,H,299.2,310.0,1168.0,40.2,0.0,0,No Failure,0,0,0,0,0,220.0,100.0
4942,L14941,L,300.1,311.1,1168.0,45.3,6.0,0,No Failure,0,0,0,0,0,215.7,98.1
4943,M14942,M,298.8,310.2,1213.0,58.4,9.0,0,No Failure,0,0,0,0,0,213.1,96.9
4944,H14943,H,299.8,310.1,1168.0,66.8,13.0,0,No Failure,0,0,0,0,0,209.9,95.4
4945,M14944,M,296.7,306.2,1168.0,44.6,18.0,0,No Failure,0,0,0,0,0,202.2,91.9
4946,H14945,H,302.3,312.4,1168.0,38.9,22.0,0,No Failure,0,0,0,0,0,206.0,93.6
4947,M14946,M,288.99,309.6,1180.0,44.4,28.0,0,No Failure,0,0,0,0,0,197.5,89.8
4948,M14947,M,297.9,310.4,1168.0,37.7,32.0,0,No Failure,0,0,0,0,0,199.3,90.6
4949,M14948,M,295.4,304.9,1680.77,24.1,36.0,1,PWF (Power Failure),0,0,1,0,0,6.1,78.1
4950,M14949,M,301.7,312.2,1168.0,39.5,39.0,0,No Failure,0,0,0,0,0,194.4,88.3
4951,L14950,L,300.9,309.4,1168.0,50.8,43.0,1,HDF (Heat Dissipation),0,1,0,0,0,5.1,77.9
4952,M14951,M,300.2,310.3,1168.0,25.4,45.0,1,PWF (Power Failure),0,0,1,0,0,4.5,79.5
4953,L14952,L,301.4,311.1,1168.0,,48.0,0,No Failure,0,0,0,0,0,184.0,83.6
4954,H14953,H,301.4,312.1,1308.0,34.2,50.0,0,No Failure,0,0,0,0,0,189.3,86.1
4955,L14954,L,300.2,310.9,1168.0,43.7,55.0,0,No Failure,0,0,0,0,0,181.4,82.4
4956,L14955,L,299.4,310.8,1168.0,63.8,57.0,0,No Failure,0,0,0,0,0,173.1,78.7
4957,H14956,H,299.1,310.4,1268.0,31.9,60.0,0,No Failure,0,0,0,0,0,183.9,83.6
4958,L14957,L,300.6,310.5,1168.0,40.9,66.0,0,No Failure,0,0,0,0,0,173.7,78.9
4959,L14958,L,302.4,311.5,1244.0,40.1,69.0,0,No Failure,0,0,0,0,0,164.9,74.9
4960,M14959,M,299.7,308.9,1314.0,37.0,72.0,0,No Failure,0,0,0,0,0,168.9,76.8
4961,L14960,L,302.5,312.8,1168.0,39.5,76.0,0,No Failure,0,0,0,0,0,168.5,76.6
4962,L14961,L,300.6,310.8,1241.0,,78.0,0,No Failure,0,0,0,0,0,169.1,76.9
4963,L14962,L,300.6,310.9,1168.0,67.4,81.0,0,No Failure,0,0,0,0,0,151.6,68.9
4964,L14963,L,304.2,324.68,1215.0,47.5,83.0,0,No Failure,0,0,0,0,0,154.7,70.3
4965,L14964,L,302.9,314.3,1358.0,35.4,85.0,0,No Failure,0,0,0,0,0,164.5,74.8
4966,L14965,L,,311.4,1168.0,4.5,87.0,1,HDF (Heat Dissipation),0,1,0,0,0,4.5,62.8
4967,L14966,L,298.5,307.9,1168.0,42.6,90.0,0,No Failure,0,0,0,0,0,150.8,68.5
4968,L14967,L,303.8,312.7,1173.0,40.6,93.0,0,No Failure,0,0,0,0,0,144.3,65.6
4969,L14968,L,299.8,309.6,1208.0,38.2,95.0,0,No Failure,0,0,0,0,0,154.3,70.1
4970,M14969,M,299.5,310.7,1168.0,37.5,98.0,0,No Failure,0,0,0,0,0,156.7,71.2
4971,M14970,M,296.0,305.7,1168.0,27.8,102.0,1,PWF (Power Failure),0,0,1,0,0,7.2,66.0
4972,L14971,L,300.5,310.6,1369.0,23.3,106.0,1,PWF (Power Failure),0,0,1,0,0,5.4,66.3
4973,L14972,L,298.0,308.7,1270.0,43.7,109.0,0,No Failure,0,0,0,0,0,143.5,65.2
4974,H14973,H,300.7,310.4,1316.0,38.1,112.0,0,No Failure,0,0,0,0,0,147.3,66.9
4975,M14974,M,297.8,308.2,1183.0,48.8,117.0,0,No Failure,0,0,0,0,0,137.1,62.3
4976,L14975,L,303.2,313.5,1487.0,31.1,120.0,0,No Failure,0,0,0,0,0,144.8,65.8
4977,L14976,L,300.9,309.8,1291.0,29.0,122.0,0,No Failure,0,0,0,0,0,137.4,62.5
4978,L14977,L,304.0,313.5,1168.0,47.8,125.0,0,No Failure,0,0,0,0,0,123.6,56.2
4979,H14978,H,298.1,308.5,1209.0,37.0,128.0,0,No Failure,0,0,0,0,0,139.6,63.5
4980,H14979,H,302.7,314.0,1168.0,48.6,133.0,0,No Failure,0,0,0,0,0,128.7,58.5
4981,H14980,H,296.7,308.0,1168.0,40.3,138.0,0,No Failure,0,0,0,0,0,131.0,59.6
4982,L14981,L,300.3,312.4,1168.0,58.8,143.0,0,No Failure,0,0,0,0,0,106.6,48.5
4983,L14982,L,298.8,309.3,1168.0,47.6,145.0,0,No Failure,0,0,0,0,0,114.8,52.2
4984,L14983,L,299.1,308.7,1305.0,44.1,148.0,0,No Failure,0,0,0,0,0,113.2,51.4
4985,L14984,L,299.0,308.9,1168.0,48.0,151.0,0,No Failure,0,0,0,0,0,109.0,49.5
4986,L14985,L,298.3,308.2,1168.0,37.3,154.0,0,No Failure,0,0,0,0,0,116.7,53.0
4987,M14986,M,297.7,307.3,1490.0,23.6,157.0,0,No Failure,0,0,0,0,0,127.3,57.9
4988,L14987,L,299.2,309.6,1168.0,88.61,161.0,0,No Failure,0,0,0,0,0,107.0,48.7
4989,H14988,H,300.2,310.6,1168.0,59.4,163.0,0,No Failure,0,0,0,0,0,99.1,45.1
4990,L14989,L,302.1,310.9,1441.0,17.1,169.0,1,PWF (Power Failure),0,0,1,0,0,3.9,48.1
4991,L14990,L,,311.6,1359.0,44.7,172.0,0,No Failure,0,0,0,0,0,98.2,44.6
4992,H14991,H,302.1,310.3,1425.0,24.6,175.0,0,No Failure,0,0,0,0,0,115.6,52.6
4993,M14992,M,297.3,307.1,1229.0,39.8,180.0,0,No Failure,0,0,0,0,0,99.5,45.2
4994,L14993,L,299.2,310.3,1231.0,40.8,183.0,0,No Failure,0,0,0,0,0,94.7,43.0
4995,M14994,M,301.3,311.9,1190.0,47.5,185.0,0,No Failure,0,0,0,0,0,90.3,41.0
4996,L14995,L,300.6,310.2,,42.1,189.0,0,No Failure,0,0,0,0,0,87.2,39.6
4997,L14996,L,298.4,310.4,1168.0,53.7,191.0,0,No Failure,0,0,0,0,0,74.4,33.8
4998,L14997,L,301.7,311.3,1168.0,51.7,193.0,0,No Failure,0,0,0,0,0,70.8,32.2
4999,L14998,L,299.0,307.0,1170.0,38.0,196.0,1,HDF (Heat Dissipation),0,1,0,0,0,3.2,30.5
5000,M14999,M,298.6,309.1,1218.0,50.9,199.0,0,No Failure,0,0,0,0,0,76.7,34.9
5001,L15000,L,300.9,309.1,1329.0,36.9,203.0,1,HDF (Heat Dissipation),0,1,0,0,0,7.8,34.6
5002,M15001,M,300.0,309.2,1168.0,35.2,205.0,0,No Failure,0,0,0,0,0,81.3,37.0
5003,M15002,M,299.1,309.7,1366.0,28.0,208.0,0,No Failure,0,0,0,0,0,96.4,43.8
5004,L15003,L,299.0,,693.19,53.1,211.0,1,OSF (Overstrain Failure),0,0,0,1,0,7.7,24.7
5005,L15004,L,298.1,308.7,1168.0,37.0,0.0,0,No Failure,0,0,0,0,0,220.0,100.0
5006,L15005,L,299.3,308.1,1771.0,15.8,2.0,1,PWF (Power Failure),0,0,1,0,0,0.1,89.5
5007,M15006,M,302.0,312.9,1358.0,45.4,5.0,0,No Failure,0,0,0,0,0,216.6,98.4
5008,M15007,M,300.5,308.8,1227.0,35.7,8.0,1,HDF (Heat Dissipation),0,1,0,0,0,0.9,90.1
5009,M15008,M,301.8,313.1,1183.0,37.0,12.0,0,No Failure,0,0,0,0,0,212.3,96.5
5010,L15009,L,301.0,310.5,1168.0,37.7,15.0,0,No Failure,0,0,0,0,0,204.5,93.0
5011,L15010,L,298.9,310.4,1341.0,36.6,17.0,0,No Failure,0,0,0,0,0,208.8,94.9
5012,M15011,M,297.1,306.3,1168.0,67.3,19.0,0,No Failure,0,0,0,0,0,195.8,89.0
5013,L15012,L,298.4,310.3,1168.0,56.6,22.0,0,No Failure,0,0,0,0,0,202.8,92.2
5014,M15013,M,298.8,307.8,1172.0,47.0,24.0,0,No Failure,0,0,0,0,0,192.2,87.4
5015,L15014,L,298.7,306.9,1221.0,42.4,27.0,1,HDF (Heat Dissipation),0,1,0,0,0,6.0,83.2
5016,L15015,L,301.8,311.8,1168.0,51.3,29.0,0,No Failure,0,0,0,0,0,198.3,90.1
5017,M15016,M,301.8,313.0,1168.0,42.4,31.0,0,No Failure,0,0,0,0,0,199.1,90.5
5018,L15017,L,304.0,314.8,1214.0,48.2,34.0,0,No Failure,0,0,0,0,0,195.2,88.7
5019,M15018,M,298.7,309.9,1168.0,45.6,36.0,0,No Failure,0,0,0,0,0,195.1,88.7
5020,L15019,L,302.9,313.7,1168.0,41.3,40.0,0,No Failure,0,0,0,0,0,192.5,87.5
5021,H15020,H,302.9,312.1,1168.0,49.4,43.0,0,No Failure,0,0,0,0,0,181.5,82.5
5022,H15021,H,299.6,310.4,1237.0,35.8,48.0,0,No Failure,0,0,0,0,0,190.2,86.4
5023,H15022,H,300.9,311.0,1439.0,40.6,54.0,0,No Failure,0,0,0,0,0,185.1,84.1
5024,M15023,M,302.3,311.6,1168.0,30.2,59.0,0,No Failure,0,0,0,0,0,173.6,78.9
5025,M15024,M,300.0,310.2,1395.0,31.4,63.0,0,No Failure,0,0,0,0,0,181.4,82.5
5026,M15025,M,299.8,319.61,1461.0,14.7,66.0,1,PWF (Power Failure),0,0,1,0,0,5.6,74.4
5027,L15026,L,299.0,310.4,1168.0,,69.0,0,No Failure,0,0,0,0,0,171.2,77.8
5028,L15027,L,295.8,305.3,1398.0,47.3,71.0,0,No Failure,0,0,0,0,0,167.5,76.1
5029,M15028,M,300.2,309.6,1168.0,50.9,73.0,0,No Failure,0,0,0,0,0,160.8,73.1
5030,L15029,L,298.8,308.1,1358.0,29.0,77.0,0,No Failure,0,0,0,0,0,169.9,77.2
5031,L15030,L,,310.1,1174.0,44.4,79.0,0,No Failure,0,0,0,0,0,164.2,74.6
5032,H15031,H,300.9,310.3,1285.0,40.0,82.0,0,No Failure,0,0,0,0,0,162.9,74.1
5033,L15032,L,297.5,308.8,1168.0,47.4,87.0,0,No Failure,0,0,0,0,0,157.0,71.4
5034,M15033,M,301.6,310.6,1168.0,33.5,89.0,0,No Failure,0,0,0,0,0,153.4,69.7
5035,M15034,M,301.0,311.5,1186.0,36.6,92.0,0,No Failure,0,0,0,0,0,161.0,73.2
5036,L15035,L,287.9,309.7,1578.0,24.5,96.0,0,No Failure,0,0,0,0,0,163.6,74.4
5037,H15036,H,300.0,311.2,1173.0,32.8,,0,No Failure,0,0,0,0,0,160.6,73.0
5038,L15037,L,298.0,309.1,1438.0,40.0,103.0,0,No Failure,0,0,0,0,0,150.0,68.2
5039,H15038,H,301.5,311.6,1168.0,41.7,106.0,0,No Failure,0,0,0,0,0,150.9,68.6
5040,M15039,M,300.5,310.0,1435.0,23.1,111.0,1,PWF (Power Failure),0,0,1,0,0,1.1,67.1
5041,L15040,L,300.6,312.2,1168.0,34.9,115.0,0,No Failure,0,0,0,0,0,145.3,66.1
5042,L15041,L,301.0,310.4,1226.0,41.6,117.0,0,No Failure,0,0,0,0,0,133.4,60.6
5043,L15042,L,299.0,306.7,1362.0,5.33,-152.52,1,HDF (Heat Dissipation),0,1,0,0,0,4.7,54.2
5044,L15043,L,297.4,305.5,1193.0,31.5,123.0,1,HDF (Heat Dissipation),0,1,0,0,0,0.6,55.3
5045,L15044,L,301.9,310.3,1168.0,44.9,125.0,1,HDF (Heat Dissipation),0,1,0,0,0,4.3,51.7
5046,H15045,H,301.4,312.0,1259.0,34.4,128.0,0,No Failure,0,0,0,0,0,141.3,64.2
5047,L15046,L,299.2,311.4,1232.0,35.5,133.0,0,No Failure,0,0,0,0,0,133.2,60.5
5048,H15047,H,300.9,308.9,1430.0,31.2,136.0,0,No Failure,0,0,0,0,0,136.9,62.2
5049,L15048,L,302.4,311.6,1181.0,29.6,141.0,0,No Failure,0,0,0,0,0,120.3,54.7
5050,H15049,H,302.2,312.3,1173.0,35.3,143.0,0,No Failure,0,0,0,0,0,131.5,59.8
5051,L15050,L,299.1,310.6,1191.0,50.5,149.0,0,No Failure,0,0,0,0,0,109.3,49.7
5052,L15051,L,297.5,306.7,1228.0,32.5,151.0,0,No Failure,0,0,0,0,0,116.3,52.9
5053,M15052,M,297.8,308.4,1168.0,30.9,154.0,0,No Failure,0,0,0,0,0,125.5,57.0
5054,L15053,L,299.6,309.3,1168.0,42.1,158.0,0,No Failure,0,0,0,0,0,107.3,48.8
5055,H15054,H,302.8,315.4,1168.0,40.1,160.0,0,No Failure,0,0,0,0,0,117.0,53.2
5056,L15055,L,298.9,309.0,1168.0,39.3,165.0,0,No Failure,0,0,0,0,0,108.5,49.3
5057,M15056,M,299.1,309.5,1168.0,42.5,168.0,0,No Failure,0,0,0,0,0,106.8,48.6
5058,M15057,M,299.1,309.2,1304.0,29.9,172.0,0,No Failure,0,0,0,0,0,116.0,52.7
5059,M15058,M,299.2,308.8,1340.0,31.0,175.0,0,No Failure,0,0,0,0,0,111.2,50.6
5060,L15059,L,300.2,,1168.0,49.9,178.0,0,No Failure,0,0,0,0,0,88.4,40.2
5061,L15060,L,297.9,306.7,1249.0,38.5,181.0,0,No Failure,0,0,0,0,0,87.9,40.0
5062,L15061,L,302.1,310.1,1168.0,46.0,183.0,1,HDF (Heat Dissipation),0,1,0,0,0,2.2,30.4
5063,L15062,L,299.9,309.7,1168.0,52.2,186.0,0,No Failure,0,0,0,0,0,77.7,35.3
5064,L15063,L,304.7,315.5,1363.0,48.5,188.0,0,No Failure,0,0,0,0,0,82.6,37.5
5065,H15064,H,298.1,307.5,1252.0,78.18,191.0,1,PWF (Power Failure),0,0,1,0,0,1.5,43.4
5066,M15065,M,303.1,313.3,1362.0,38.8,197.0,0,No Failure,0,0,0,0,0,91.3,41.5
5067,M15066,M,302.7,311.5,1406.0,50.4,200.0,0,No Failure,0,0,0,0,0,74.2,33.7
5068,L15067,L,299.5,310.6,1168.0,45.2,204.0,1,TWF (Tool Wear Failure),1,0,0,0,0,0.3,34.1
5069,L15068,L,299.5,310.2,1168.0,41.8,207.0,0,No Failure,0,0,0,0,0,77.0,35.0
5070,M15069,M,298.6,296.31,1193.0,23.6,210.0,1,PWF (Power Failure),1,0,1,0,0,0.5,35.6
5071,L15070,L,298.6,308.8,1223.0,33.8,213.0,0,No Failure,0,0,0,0,0,83.1,37.8
5072,L15071,L,300.2,308.8,1213.0,40.7,215.0,0,No Failure,0,0,0,0,0,58.3,26.5
5073,L15072,L,300.3,309.0,1402.0,25.7,217.0,0,No Failure,0,0,0,0,0,87.6,39.8
5074,M15073,M,297.3,307.2,1275.0,47.9,0.0,0,No Failure,0,0,0,0,0,219.2,99.6
5075,H15074,H,304.4,314.9,1168.0,38.8,4.0,0,No Failure,0,0,0,0,0,217.5,98.8
5076,L15075,L,299.8,310.4,1655.0,20.2,9.0,0,No Failure,0,0,0,0,0,206.7,94.0
5077,L15076,L,300.3,309.9,1216.0,34.3,11.0,0,No Failure,0,0,0,0,0,208.8,94.9
5078,L15077,L,299.1,309.8,1246.0,37.1,14.0,0,No Failure,0,0,0,0,0,210.7,95.8
5079,L15078,L,299.8,311.2,1220.0,38.7,16.0,0,No Failure,0,0,0,0,0,209.2,95.1
5080,M15079,M,299.6,309.5,1168.0,54.2,19.0,0,No Failure,0,0,0,0,0,204.9,93.1
5081,L15080,L,300.2,310.5,1168.0,45.8,22.0,0,No Failure,0,0,0,0,0,204.3,92.9
5082,M15081,M,300.2,310.0,1267.0,26.3,24.0,1,PWF (Power Failure),0,0,1,0,0,4.2,89.0
5083,L15082,L,301.7,311.6,1221.0,25.1,27.0,1,PWF (Power Failure),0,0,1,0,0,6.5,84.9
5084,L15083,L,300.7,310.9,1192.0,37.3,29.0,0,No Failure,0,0,0,0,0,200.7,91.2
5085,H15084,H,301.5,313.2,1173.0,41.3,31.0,0,No Failure,0,0,0,0,0,199.9,90.8
5086,L15085,L,300.2,311.1,1168.0,-5.76,36.0,0,No Failure,0,0,0,0,0,193.4,87.9
5087,M15086,M,300.7,311.5,,,38.0,0,No Failure,0,0,0,0,0,191.3,87.0
5088,L15087,L,299.8,309.3,,57.8,42.0,0,No Failure,0,0,0,0,0,181.5,82.5
5089,H15088,H,302.1,311.2,1267.0,35.6,45.0,0,No Failure,0,0,0,0,0,184.8,84.0
5090,L15089,L,300.8,311.2,1229.0,49.3,50.0,0,No Failure,0,0,0,0,0,183.2,83.3
5091,L15090,L,300.0,311.2,1168.0,44.3,52.0,0,No Failure,0,0,0,0,0,183.3,83.3
5092,M15091,M,299.9,311.6,1349.0,29.1,54.0,0,No Failure,0,0,0,0,0,187.6,85.3
5093,L15092,L,300.1,307.6,1372.0,21.1,57.0,1,HDF (Heat Dissipation),0,1,1,0,0,6.3,71.8
5094,L15093,L,300.3,312.7,1168.0,41.4,60.0,0,No Failure,0,0,0,0,0,178.7,81.2
5095,H15094,H,300.2,310.6,1415.0,25.0,63.0,0,No Failure,0,0,0,0,0,181.7,82.6
5096,M15095,M,299.3,310.2,1456.0,31.5,69.0,0,No Failure,0,0,0,0,0,177.7,80.8
5097,M15096,M,301.7,310.0,1384.0,33.2,72.0,0,No Failure,0,0,0,0,0,170.2,77.4
5098,M15097,M,301.8,311.6,1341.0,42.2,75.0,0,No Failure,0,0,0,0,0,168.6,76.7
5099,H15098,H,303.5,314.3,1229.0,52.8,78.0,0,No Failure,0,0,0,0,0,164.8,74.9
5100,H15099,H,299.2,308.0,1168.0,40.1,83.0,0,No Failure,0,0,0,0,0,153.4,69.7
5101,M15100,M,301.5,308.6,1177.0,34.6,88.0,1,HDF (Heat Dissipation),0,1,0,0,0,2.8,60.3
5102,L15101,L,296.9,307.2,1568.0,19.3,91.0,1,PWF (Power Failure),0,0,1,0,0,0.8,69.1
5103,L15102,L,301.8,311.8,1322.0,44.6,93.0,0,No Failure,0,0,0,0,0,154.2,70.1
5104,M15103,M,297.7,309.1,1179.0,40.3,95.0,0,No Failure,0,0,0,0,0,157.1,71.4
5105,H15104,H,298.5,308.3,1168.0,34.5,99.0,0,No Failure,0,0,0,0,0,156.9,71.3
5106,L15105,L,300.9,310.8,1168.0,51.7,104.0,0,No Failure,0,0,0,0,0,140.9,64.0
5107,L15106,L,299.2,309.9,1348.0,78.71,107.0,0,No Failure,0,0,0,0,0,154.9,70.4
5108,L15107,L,299.0,310.0,1327.0,33.2,110.0,0,No Failure,0,0,0,0,0,149.7,68.0
5109,M15108,M,299.5,308.8,,37.5,113.0,0,No Failure,0,0,0,0,0,139.3,63.3
5110,H15109,H,301.6,312.5,1434.0,34.4,117.0,0,No Failure,0,0,0,0,0,148.1,67.3
5111,L15110,L,298.6,308.1,1168.0,45.5,123.0,0,No Failure,0,0,0,0,0,126.8,57.6
5112,M15111,M,300.2,310.2,1168.0,44.6,125.0,0,No Failure,0,0,0,0,0,134.3,61.1
5113,M15112,M,299.7,310.4,1239.0,50.5,128.0,0,No Failure,0,0,0,0,0,128.1,58.2
5114,H15113,H,301.8,312.6,1168.0,45.0,131.0,0,No Failure,0,0,0,0,0,132.4,60.2
5115,L15114,L,301.9,312.2,1198.0,38.8,137.0,0,No Failure,0,0,0,0,0,127.8,58.1
5116,H15115,H,297.0,305.9,1223.0,36.6,139.0,0,No Failure,0,0,0,0,0,122.0,55.5
5117,M15116,M,302.2,310.3,1168.0,44.6,144.0,1,HDF (Heat Dissipation),0,1,0,0,0,7.1,45.6
5118,M15117,M,299.2,309.0,1255.0,38.1,147.0,0,No Failure,0,0,0,0,0,122.8,55.8
5119,L15118,L,300.8,311.8,1168.0,40.5,150.0,0,No Failure,0,0,0,0,0,117.6,53.4
5120,M15119,M,298.7,309.1,1384.0,45.1,153.0,0,No Failure,0,0,0,0,0,114.7,52.1
5121,M15120,M,301.0,311.2,1315.0,41.4,157.0,0,No Failure,0,0,0,0,0,115.2,52.4
5122,L15121,L,305.0,315.0,1168.0,43.1,160.0,0,No Failure,0,0,0,0,0,108.2,49.2
5123,L15122,L,300.6,310.9,1168.0,32.1,163.0,0,No Failure,0,0,0,0,0,116.9,53.1
5124,M15123,M,299.5,308.5,1168.0,53.5,166.0,0,No Failure,0,0,0,0,0,87.1,39.6
5125,M15124,M,300.0,310.8,1276.0,28.9,170.0,0,No Failure,0,0,0,0,0,118.2,53.7
5126,L15125,L,297.7,308.5,1311.0,44.4,174.0,0,No Failure,0,0,0,0,0,97.1,44.1
5127,L15126,L,303.0,312.6,1283.0,35.1,177.0,0,No Failure,0,0,0,0,0,101.9,46.3
5128,L15127,L,300.9,311.3,1168.0,50.8,180.0,0,No Failure,0,0,0,0,0,85.9,39.1
5129,H15128,H,298.5,306.8,1210.0,48.8,182.0,1,HDF (Heat Dissipation),0,1,0,0,0,5.1,34.9
5130,H15129,H,298.6,308.8,1387.0,40.0,188.0,0,No Failure,0,0,0,0,0,99.1,45.0
5131,L15130,L,300.4,310.3,1305.0,55.5,193.0,0,No Failure,0,0,0,0,0,70.2,31.9
5132,L15131,L,302.1,313.4,1235.0,38.1,196.0,0,No Failure,0,0,0,0,0,89.0,40.4
5133,L15132,L,298.3,308.1,1168.0,48.8,199.0,0,No Failure,0,0,0,0,0,72.0,32.7
5134,L15133,L,302.4,313.3,1189.0,32.7,201.0,0,No Failure,0,0,0,0,0,92.1,41.9
5135,H15134,H,300.2,309.8,1168.0,44.0,204.0,0,No Failure,0,0,0,0,0,80.3,36.5
5136,M15135,M,298.7,306.4,1286.0,30.7,209.0,1,HDF (Heat Dissipation),0,1,0,0,0,0.7,34.6
5137,L15136,L,299.6,309.4,1168.0,40.2,0.0,0,No Failure,0,0,0,0,0,217.8,99.0
5138,L15137,L,303.6,313.8,1299.0,39.5,3.0,0,No Failure,0,0,0,0,0,218.0,99.1
5139,L15138,L,297.9,308.1,1168.0,48.8,5.0,0,No Failure,0,0,0,0,0,216.3,98.3
5140,H15139,H,299.1,309.3,1329.0,33.3,8.0,0,No Failure,0,0,0,0,0,215.1,97.8
5141,M15140,M,302.1,311.6,1168.0,70.7,14.0,0,No Failure,0,0,0,0,0,199.7,90.8
5142,M15141,M,300.8,310.5,1287.0,26.2,18.0,0,No Failure,0,0,0,0,0,199.9,90.9
5143,L15142,L,299.0,307.9,1230.0,42.3,22.0,0,No Failure,0,0,0,0,0,194.1,88.2
5144,H15143,H,302.2,310.2,1168.0,42.9,24.0,1,HDF (Heat Dissipation),0,1,0,0,0,7.0,82.8
5145,L15144,L,302.2,,1168.0,45.4,29.0,0,No Failure,0,0,0,0,0,198.2,90.1
5146,H15145,H,301.0,310.3,1168.0,34.8,31.0,0,No Failure,0,0,0,0,0,193.2,87.8
5147,H15146,H,299.3,310.4,1221.0,42.4,36.0,0,No Failure,0,0,0,0,0,196.4,89.3
5148,L15147,L,299.6,307.4,1441.0,34.4,41.0,0,No Failure,0,0,0,0,0,192.6,87.6
5149,H15148,H,300.9,311.2,572.85,58.7,43.0,0,No Failure,0,0,0,0,0,188.3,85.6
5150,L15149,L,298.1,310.2,1168.0,33.6,49.0,0,No Failure,0,0,0,0,0,188.6,85.7
5151,M15150,M,302.8,312.6,1272.0,38.5,-260.0,0,No Failure,0,0,0,0,0,184.5,83.9
5152,L15151,L,303.5,313.5,1306.0,33.4,56.0,0,No Failure,0,0,0,0,0,184.1,83.7
5153,L15152,L,300.0,310.4,1299.0,32.0,58.0,0,No Failure,0,0,0,0,0,183.3,83.3
5154,L15153,L,301.1,311.6,1212.0,26.0,60.0,1,PWF (Power Failure),0,0,1,0,0,7.2,77.5
5155,L15154,L,302.6,312.2,684.59,46.7,62.0,0,No Failure,0,0,0,0,0,170.9,77.7
5156,L15155,L,,313.0,1208.0,33.3,64.0,0,No Failure,0,0,0,0,0,168.4,76.5
5157,L15156,L,303.3,314.0,1276.0,32.0,67.0,0,No Failure,0,0,0,0,0,177.7,80.8
5158,M15157,M,297.3,305.4,1286.0,30.4,70.0,1,HDF (Heat Dissipation),0,1,0,0,0,2.4,74.4
5159,L15158,L,299.9,310.7,1168.0,43.0,74.0,0,No Failure,0,0,0,0,0,168.3,76.5
5160,L15159,L,301.4,311.0,1168.0,40.2,77.0,0,No Failure,0,0,0,0,0,163.1,74.2
5161,H15160,H,299.6,309.6,1168.0,40.3,79.0,0,No Failure,0,0,0,0,0,169.1,76.9
5162,H15161,H,303.7,313.2,1178.0,32.4,84.0,0,No Failure,0,0,0,0,0,163.7,74.4
5163,L15162,L,303.4,314.8,1177.0,44.4,89.0,0,No Failure,0,0,0,0,0,157.1,71.4
5164,L15163,L,299.0,309.2,1168.0,33.4,91.0,0,No Failure,0,0,0,0,0,161.7,73.5
5165,M15164,M,300.2,309.9,1168.0,40.7,93.0,0,No Failure,0,0,0,0,0,155.0,70.4
5166,M15165,M,299.1,308.8,1194.0,38.6,97.0,0,No Failure,0,0,0,0,0,153.4,69.7
5167,L15166,L,300.1,310.0,1505.0,23.1,,0,No Failure,0,0,0,0,0,157.8,71.7
5168,M15167,M,300.1,312.5,1222.0,60.3,103.0,0,No Failure,0,0,0,0,0,140.5,63.9
5169,L15168,L,302.2,310.9,1168.0,45.7,106.0,0,No Failure,0,0,0,0,0,130.0,59.1
5170,L15169,L,298.9,310.0,1217.0,41.8,109.0,0,No Failure,0,0,0,0,0,144.7,65.8
5171,M15170,M,295.8,306.4,1267.0,43.4,112.0,0,No Failure,0,0,0,0,0,144.0,65.4
5172,M15171,M,297.6,309.1,,60.5,116.0,0,No Failure,0,0,0,0,0,130.4,59.3
5173,H15172,H,298.7,309.3,1168.0,51.4,119.0,0,No Failure,0,0,0,0,0,136.6,62.1
5174,L15173,L,299.3,309.3,1206.0,43.5,124.0,0,No Failure,0,0,0,0,0,133.1,60.5
5175,L15174,L,300.8,311.8,1267.0,32.9,126.0,0,No Failure,0,0,0,0,0,139.7,63.5
5176,L15175,L,298.6,308.8,1249.0,34.5,128.0,0,No Failure,0,0,0,0,0,137.2,62.4
5177,L15176,L,298.3,309.1,1455.0,22.0,130.0,1,PWF (Power Failure),0,0,1,0,0,7.0,60.6
5178,L15177,L,,310.2,1321.0,36.3,132.0,0,No Failure,0,0,0,0,0,133.2,60.5
5179,M15178,M,298.5,308.6,1168.0,46.6,135.0,0,No Failure,0,0,0,0,0,126.0,57.3
5180,M15179,M,299.5,309.1,1168.0,46.3,139.0,0,No Failure,0,0,0,0,0,119.0,54.1
5181,M15180,M,299.5,308.9,1168.0,46.2,142.0,0,No Failure,0,0,0,0,0,114.8,52.2
5182,L15181,L,301.8,312.3,1197.0,34.8,145.0,0,No Failure,0,0,0,0,0,125.9,57.2
5183,L15182,L,,307.9,1190.0,45.5,147.0,0,No Failure,0,0,0,0,0,105.3,47.9
5184,M15183,M,299.9,309.6,1168.0,48.2,149.0,0,No Failure,0,0,0,0,0,111.6,50.7
5185,L15184,L,299.6,308.6,1573.0,17.7,152.0,1,PWF (Power Failure),0,0,1,0,0,6.7,52.3
5186,H15185,H,302.0,312.5,1168.0,43.0,155.0,0,No Failure,0,0,0,0,0,118.0,53.6
5187,L15186,L,300.3,309.5,1168.0,60.8,160.0,0,No Failure,0,0,0,0,0,82.4,37.5
5188,M15187,M,302.4,311.1,1287.0,37.1,162.0,0,No Failure,0,0,0,0,0,106.3,48.3
5189,H15188,H,298.5,307.4,1809.0,14.8,166.0,1,PWF (Power Failure),0,0,1,0,0,3.3,51.1
5190,M15189,M,300.5,309.9,1168.0,31.9,172.0,0,No Failure,0,0,0,0,0,107.5,48.9
5191,M15190,M,299.5,309.0,1429.0,21.9,175.0,1,PWF (Power Failure),0,0,1,0,0,5.6,48.7
5192,M15191,M,298.3,308.6,1171.0,33.7,178.0,0,No Failure,0,0,0,0,0,108.7,49.4
5193,L15192,L,300.4,310.2,1168.0,27.8,182.0,1,PWF (Power Failure),0,0,1,0,0,1.9,43.8
5194,M15193,M,303.7,314.1,1168.0,49.3,185.0,0,No Failure,0,0,0,0,0,88.4,40.2
5195,H15194,H,299.0,,1168.0,47.8,189.0,0,No Failure,0,0,0,0,0,91.0,41.4
5196,H15195,H,300.3,311.0,1170.0,43.4,194.0,0,No Failure,0,0,0,0,0,91.9,41.8
5197,L15196,L,298.2,306.3,1321.0,52.3,200.0,1,HDF (Heat Dissipation),0,1,0,0,0,7.2,26.6
5198,L15197,L,297.9,306.8,1244.0,34.3,202.0,0,No Failure,0,0,0,0,0,79.6,36.2
5199,M15198,M,299.2,309.8,1197.0,,204.0,0,No Failure,0,0,0,0,0,84.6,38.4
5200,M15199,M,299.8,310.0,1168.0,61.9,207.0,1,OSF (Overstrain Failure),0,0,0,1,0,6.1,26.6
5201,L15200,L,299.8,310.8,1272.0,45.9,210.0,0,No Failure,0,0,0,0,0,69.8,31.7
5202,L15201,L,300.2,308.7,1168.0,45.8,212.0,1,HDF (Heat Dissipation),0,1,0,0,0,2.5,23.6
5203,L15202,L,297.6,307.1,1233.0,32.3,215.0,0,No Failure,0,0,0,0,0,79.0,35.9
5204,L15203,L,299.5,309.2,1168.0,35.8,218.0,0,No Failure,0,0,0,0,0,74.0,33.6
5205,L15204,L,301.5,311.7,1622.9,30.0,0.0,0,No Failure,0,0,0,0,0,216.4,98.4
5206,L15205,L,298.1,308.1,1192.0,56.8,3.0,0,No Failure,0,0,0,0,0,217.7,98.9
5207,L15206,L,300.0,310.5,1289.0,24.4,6.0,1,PWF (Power Failure),0,0,1,0,0,5.8,92.1
5208,H15207,H,301.1,311.0,1208.0,49.1,8.0,0,No Failure,0,0,0,0,0,213.4,97.0
5209,L15208,L,299.2,310.6,1245.0,45.8,13.0,0,No Failure,0,0,0,0,0,210.7,95.8
5210,L15209,L,301.2,312.9,1323.0,24.0,15.0,1,PWF (Power Failure),0,0,1,0,0,8.0,90.1
5211,L15210,L,297.9,306.8,1168.0,51.4,18.0,0,No Failure,0,0,0,0,0,194.4,88.4
5212,L15211,L,302.2,312.2,1186.0,37.4,20.0,0,No Failure,0,0,0,0,0,206.7,94.0
5213,H15212,H,301.3,312.1,1326.0,26.8,23.0,0,No Failure,0,0,0,0,0,204.6,93.0
5214,H15213,H,300.7,311.3,1181.0,43.6,28.0,0,No Failure,0,0,0,0,0,201.5,91.6
5215,L15214,L,302.6,312.2,1301.0,31.8,34.0,0,No Failure,0,0,0,0,0,195.9,89.1
5216,L15215,L,300.0,310.3,1317.0,38.0,,0,No Failure,0,0,0,0,0,195.3,88.8
5217,L15216,L,299.5,307.9,1192.0,34.9,39.0,1,HDF (Heat Dissipation),0,1,0,0,0,4.0,80.5
5218,L15217,L,303.1,313.1,1227.0,31.2,42.0,0,No Failure,0,0,0,0,0,193.7,88.0
5219,L15218,L,312.76,312.4,1278.0,28.1,44.0,1,HDF (Heat Dissipation),0,1,0,0,0,4.6,82.2
5220,L15219,L,299.4,309.9,1168.0,48.0,46.0,0,No Failure,0,0,0,0,0,186.5,84.8
5221,L15220,L,300.4,309.3,1194.0,43.2,49.0,0,No Failure,0,0,0,0,0,173.6,78.9
5222,M15221,M,302.5,312.7,1169.0,42.6,51.0,0,No Failure,0,0,0,0,0,185.6,84.4
5223,L15222,L,300.5,310.8,1168.0,36.4,55.0,0,No Failure,0,0,0,0,0,183.8,83.5
5224,L15223,L,301.7,311.8,1168.0,40.5,58.0,0,No Failure,0,0,0,0,0,180.4,82.0
5225,L15224,L,302.0,311.4,1254.0,32.6,60.0,0,No Failure,0,0,0,0,0,176.7,80.3
5226,L15225,L,299.6,309.4,1349.0,32.5,63.0,0,No Failure,0,0,0,0,0,179.1,81.4
5227,L15226,L,301.4,312.6,1168.0,57.1,66.0,0,No Failure,0,0,0,0,0,168.3,76.5
5228,L15227,L,,310.2,1168.0,48.8,68.0,0,No Failure,0,0,0,0,0,165.8,75.3
5229,L15228,L,298.5,308.5,1168.0,34.4,70.0,0,No Failure,0,0,0,0,0,174.8,79.4
5230,L15229,L,298.9,308.3,1393.0,25.0,73.0,0,No Failure,0,0,0,0,0,171.2,77.8
5231,H15230,H,299.5,310.5,1487.0,23.0,76.0,0,No Failure,0,0,0,0,0,171.7,78.0
5232,H15231,H,302.3,312.4,1278.0,33.7,82.0,0,No Failure,0,0,0,0,0,169.9,77.2
5233,L15232,L,302.4,311.6,1231.0,41.1,87.0,0,No Failure,0,0,0,0,0,152.6,69.3
5234,L15233,L,302.0,312.0,1333.0,41.2,90.0,0,No Failure,0,0,0,0,0,158.2,71.9
5235,M15234,M,301.5,311.3,1170.0,41.5,92.0,0,No Failure,0,0,0,0,0,156.3,71.1
5236,M15235,M,301.4,312.8,1168.0,43.3,96.0,0,No Failure,0,0,0,0,0,154.9,70.4
5237,L15236,L,301.2,311.2,1270.0,29.6,99.0,0,No Failure,0,0,0,0,0,158.9,72.2
5238,L15237,L,301.4,310.0,1168.0,55.1,101.0,0,No Failure,0,0,0,0,0,126.8,57.6
5239,L15238,L,301.5,312.0,1219.0,38.0,104.0,0,No Failure,0,0,0,0,0,150.5,68.4
5240,M15239,M,298.2,310.0,1168.0,42.9,106.0,0,No Failure,0,0,0,0,0,148.3,67.4
5241,L15240,L,299.3,310.5,1245.0,33.4,109.0,0,No Failure,0,0,0,0,0,150.2,68.3
5242,L15241,L,298.8,307.7,1168.0,43.1,112.0,0,No Failure,0,0,0,0,0,129.7,58.9
5243,L15242,L,302.7,312.4,1168.0,60.8,115.0,0,No Failure,0,0,0,0,0,124.1,56.4
5244,L15243,L,303.7,313.7,1340.0,30.1,117.0,0,No Failure,0,0,0,0,0,147.4,67.0
5245,L15244,L,296.8,306.8,1302.0,28.8,120.0,0,No Failure,0,0,0,0,0,146.5,66.6
5246,M15245,M,303.5,313.9,1189.0,31.4,123.0,0,No Failure,0,0,0,0,0,144.6,65.7
5247,M15246,M,300.9,310.6,1168.0,36.7,127.0,0,No Failure,0,0,0,0,0,135.2,61.4
5248,L15247,L,302.5,311.6,1263.0,34.8,130.0,0,No Failure,0,0,0,0,0,128.3,58.3
5249,L15248,L,301.6,312.6,1168.0,29.6,133.0,0,No Failure,0,0,0,0,0,132.9,60.4
5250,H15249,H,303.3,312.2,1393.0,39.5,135.0,0,No Failure,0,0,0,0,0,130.8,59.4
5251,L15250,L,301.1,310.3,1284.0,55.6,140.0,0,No Failure,0,0,0,0,0,105.9,48.1
5252,L15251,L,298.3,307.2,1168.0,38.5,142.0,0,No Failure,0,0,0,0,0,112.6,51.2
5253,L15252,L,300.5,311.1,1193.0,39.0,144.0,0,No Failure,0,0,0,0,0,122.9,55.9
5254,H15253,H,301.6,311.7,1318.0,91.87,146.0,0,No Failure,0,0,0,0,0,123.6,56.2
5255,M15254,M,300.3,311.2,1168.0,46.5,151.0,0,No Failure,0,0,0,0,0,114.9,52.2
5256,H15255,H,301.9,311.1,1168.0,53.7,154.0,0,No Failure,0,0,0,0,0,101.5,46.1
5257,M15256,M,300.6,309.3,1168.0,42.4,160.0,0,No Failure,0,0,0,0,0,98.0,44.5
5258,L15257,L,299.7,309.3,1230.0,40.0,163.0,0,No Failure,0,0,0,0,0,105.3,47.9
5259,L15258,L,298.8,308.6,1176.0,30.1,166.0,0,No Failure,0,0,0,0,0,112.2,51.0
5260,L15259,L,300.0,310.2,1242.0,47.4,168.0,0,No Failure,0,0,0,0,0,98.3,44.7
5261,M15260,M,301.1,309.4,1207.0,31.6,170.0,1,HDF (Heat Dissipation),0,1,0,0,0,4.4,44.3
5262,M15261,M,297.2,307.7,1168.0,31.2,174.0,0,No Failure,0,0,0,0,0,113.6,51.6
5263,L15262,L,299.3,319.13,1316.0,41.9,177.0,0,No Failure,0,0,0,0,0,92.3,42.0
5264,H15263,H,297.1,306.5,1256.0,55.4,180.0,0,No Failure,0,0,0,0,0,85.1,38.7
5265,L15264,L,299.6,310.8,1168.0,47.3,186.0,0,No Failure,0,0,0,0,0,85.4,38.8
5266,L15265,L,302.9,310.7,1168.0,39.6,189.0,1,HDF (Heat Dissipation),0,1,0,0,0,4.8,30.8
5267,L15266,L,298.6,308.9,1383.0,30.2,191.0,0,No Failure,0,0,0,0,0,101.4,46.1
5268,H15267,H,302.0,312.3,1168.0,55.2,194.0,0,No Failure,0,0,0,0,0,80.3,36.5
5269,H15268,H,305.9,315.1,1168.0,39.4,199.0,0,No Failure,0,0,0,0,0,83.8,38.1
5270,L15269,L,303.4,313.0,1168.0,37.1,204.0,0,No Failure,0,0,0,0,0,80.4,36.6
5271,H15270,H,301.0,312.2,1478.0,,206.0,0,No Failure,0,0,0,0,0,81.7,37.1
5272,H15271,H,302.3,314.3,1168.0,35.5,212.0,0,No Failure,0,0,0,0,0,88.5,40.2
5273,H15272,H,298.3,309.4,1330.0,32.5,218.0,0,No Failure,0,0,0,0,0,88.1,40.0
5274,H15273,H,297.9,309.8,1168.0,33.4,223.0,0,No Failure,0,0,0,0,0,84.1,38.2
5275,L15274,L,300.8,310.1,1168.0,33.4,229.0,1,TWF (Tool Wear Failure),1,0,0,0,0,2.6,29.8
5276,M15275,M,301.5,309.9,1217.0,28.7,232.0,1,HDF (Heat Dissipation),0,1,0,0,0,5.1,27.7
5277,M15276,M,302.7,312.6,1200.0,27.6,235.0,1,PWF (Power Failure),1,0,1,0,0,4.7,32.1
5278,M15277,M,299.7,310.5,1168.0,49.7,0.0,0,No Failure,0,0,0,0,0,220.0,100.0
5279,L15278,L,301.1,309.2,1168.0,46.7,3.0,1,HDF (Heat Dissipation),0,1,0,0,0,6.1,89.5
5280,M15279,M,301.1,310.2,1168.0,31.8,5.0,0,No Failure,0,0,0,0,0,207.0,94.1
5281,H15280,H,300.5,309.7,1168.0,48.9,8.0,0,No Failure,0,0,0,0,0,205.7,93.5
5282,L15281,L,300.6,299.92,1217.0,43.1,14.0,0,No Failure,0,0,0,0,0,210.2,95.6
5283,H15282,H,299.2,309.4,1168.0,36.8,17.0,0,No Failure,0,0,0,0,0,209.3,95.2
5284,L15283,L,301.3,310.5,1343.0,27.7,22.0,0,No Failure,0,0,0,0,0,202.9,92.2
5285,L15284,L,301.1,311.3,1168.0,43.4,24.0,0,No Failure,0,0,0,0,0,203.2,92.4
5286,L15285,L,300.0,308.9,1168.0,58.7,26.0,0,No Failure,0,0,0,0,0,187.3,85.1
5287,M15286,M,302.0,311.6,1168.0,40.1,29.0,0,No Failure,0,0,0,0,0,196.4,89.3
5288,M15287,M,302.6,311.3,1168.0,50.0,32.0,0,No Failure,0,0,0,0,0,182.8,83.1
5289,L15288,L,302.0,311.8,1487.0,37.9,35.0,0,No Failure,0,0,0,0,0,196.6,89.4
5290,M15289,M,298.9,308.1,1216.0,49.2,37.0,0,No Failure,0,0,0,0,0,185.5,84.3
5291,L15290,L,301.0,311.7,1234.0,38.5,41.0,0,No Failure,0,0,0,0,0,192.5,87.5
5292,L15291,L,299.2,309.2,1595.0,15.9,43.0,1,PWF (Power Failure),0,0,1,0,0,7.7,79.5
5293,H15292,H,301.0,310.8,1466.0,32.8,46.0,0,No Failure,0,0,0,0,0,192.1,87.3
5294,M15293,M,299.2,311.0,1193.0,41.3,52.0,0,No Failure,0,0,0,0,0,185.3,84.2
5295,M15294,M,303.1,313.5,1168.0,50.8,56.0,0,No Failure,0,0,0,0,0,179.7,81.7
5296,M15295,M,302.2,311.8,1168.0,38.5,60.0,0,No Failure,0,0,0,0,0,176.5,80.2
5297,H15296,H,302.9,312.3,1413.0,40.3,63.0,0,No Failure,0,0,0,0,0,178.4,81.1
5298,L15297,L,302.7,311.5,1182.0,34.1,-205.58,0,No Failure,0,0,0,0,0,163.0,74.1
5299,L15298,L,300.3,310.2,1181.0,55.6,70.0,0,No Failure,0,0,0,0,0,164.7,74.9
5300,L15299,L,300.1,310.4,1168.0,55.0,73.0,0,No Failure,0,0,0,0,0,163.8,74.4
5301,M15300,M,304.0,312.1,1249.0,33.2,75.0,1,HDF (Heat Dissipation),0,1,0,0,0,3.3,71.1
5302,M15301,M,300.5,309.1,1270.0,24.8,79.0,1,PWF (Power Failure),0,0,1,0,0,4.4,68.0
5303,M15302,M,298.4,307.9,1506.0,21.9,83.0,1,PWF (Power Failure),0,0,1,0,0,0.4,74.5
5304,L15303,L,302.6,311.5,1213.0,46.0,87.0,0,No Failure,0,0,0,0,0,146.2,66.5
5305,L15304,L,301.1,311.1,1168.0,41.4,90.0,0,No Failure,0,0,0,0,0,158.0,71.8
5306,M15305,M,303.5,313.7,1214.0,32.2,93.0,0,No Failure,0,0,0,0,0,162.6,73.9
5307,H15306,H,301.3,311.2,1168.0,42.7,96.0,0,No Failure,0,0,0,0,0,155.8,70.8
5308,L15307,L,300.8,311.4,1350.0,27.7,102.0,0,No Failure,0,0,0,0,0,158.2,71.9
5309,L15308,L,303.6,313.0,1168.0,47.9,104.0,0,No Failure,0,0,0,0,0,137.8,62.6
5310,L15309,L,298.1,308.1,1236.0,36.2,106.0,0,No Failure,0,0,0,0,0,150.3,68.3
5311,L15310,L,299.8,308.8,1382.0,29.2,109.0,0,No Failure,0,0,0,0,0,150.0,68.2
5312,L15311,L,299.2,309.5,1457.0,36.3,112.0,0,No Failure,0,0,0,0,0,146.3,66.5
5313,L15312,L,296.9,307.0,1168.0,36.0,114.0,0,No Failure,0,0,0,0,0,145.2,66.0
5314,M15313,M,302.4,311.2,1211.0,43.7,117.0,0,No Failure,0,0,0,0,0,127.8,58.1
5315,L15314,L,299.8,309.6,1168.0,51.7,120.0,0,No Failure,0,0,0,0,0,127.8,58.1
5316,L15315,L,302.5,312.5,1168.0,51.1,123.0,0,No Failure,0,0,0,0,0,128.2,58.3
5317,L15316,L,301.6,311.9,1168.0,41.6,126.0,0,No Failure,0,0,0,0,0,133.1,60.5
5318,H15317,H,302.0,312.3,1245.0,38.1,129.0,0,No Failure,0,0,0,0,0,138.3,62.9
5319,L15318,L,300.0,309.3,1199.0,34.3,135.0,0,No Failure,0,0,0,0,0,125.1,56.9
5320,L15319,L,299.5,310.3,1271.0,22.3,137.0,1,PWF (Power Failure),0,0,1,0,0,2.9,54.3
5321,L15320,L,301.0,311.5,1336.0,39.8,140.0,0,No Failure,0,0,0,0,0,125.0,56.8
5322,M15321,M,302.5,311.8,1168.0,31.5,143.0,0,No Failure,0,0,0,0,0,124.6,56.6
5323,H15322,H,300.8,309.7,1168.0,52.2,147.0,0,No Failure,0,0,0,0,0,104.3,47.4
5324,L15323,L,299.6,309.0,1168.0,38.0,153.0,0,No Failure,0,0,0,0,0,111.2,50.5
5325,L15324,L,298.7,307.2,1168.0,47.5,155.0,1,HDF (Heat Dissipation),0,1,0,0,0,6.1,41.4
5326,L15325,L,301.2,311.4,1362.0,35.2,157.0,0,No Failure,0,0,0,0,0,117.8,53.5
5327,M15326,M,299.9,311.1,1242.0,33.2,160.0,0,No Failure,0,0,0,0,0,120.4,54.7
5328,H15327,H,300.8,312.2,1279.0,46.0,163.0,0,No Failure,0,0,0,0,0,110.2,50.1
5329,L15328,L,300.5,309.4,1168.0,42.8,168.0,0,No Failure,0,0,0,0,0,90.8,41.3
5330,L15329,L,300.1,310.9,1209.0,43.2,171.0,0,No Failure,0,0,0,0,0,100.4,45.7
5331,M15330,M,301.4,311.5,1279.0,39.1,173.0,0,No Failure,0,0,0,0,0,106.7,48.5
5332,M15331,M,301.9,309.5,1233.0,47.9,177.0,1,HDF (Heat Dissipation),0,1,0,0,0,2.3,33.0
5333,L15332,L,313.99,314.1,1376.0,46.4,180.0,0,No Failure,0,0,0,0,0,89.7,40.8
5334,L15333,L,302.3,311.9,1584.0,18.2,182.0,1,PWF (Power Failure),0,0,1,0,0,4.3,44.8
5335,L15334,L,303.8,315.0,1168.0,37.4,185.0,0,No Failure,0,0,0,0,0,97.1,44.1
5336,M15335,M,299.4,308.5,1168.0,50.1,187.0,0,No Failure,0,0,0,0,0,76.3,34.7
5337,M15336,M,298.0,308.6,1304.0,29.8,191.0,0,No Failure,0,0,0,0,0,104.7,47.6
5338,M15337,M,300.9,310.8,1301.0,23.1,194.0,1,PWF (Power Failure),0,0,1,0,0,5.9,41.5
5339,H15338,H,302.4,311.0,1274.0,38.6,198.0,0,No Failure,0,0,0,0,0,83.2,37.8
5340,L15339,L,302.2,311.6,1168.0,0.2,203.0,0,No Failure,0,0,0,0,0,69.0,31.4
5341,L15340,L,303.1,314.6,1216.0,,206.0,0,No Failure,0,0,0,0,0,85.6,38.9
5342,L15341,L,296.3,306.1,1168.0,52.9,208.0,1,OSF (Overstrain Failure),0,0,0,1,0,6.6,27.4
5343,H15342,H,303.2,314.1,1168.0,58.4,211.0,1,TWF (Tool Wear Failure),1,0,0,0,0,6.3,29.4
5344,M15343,M,301.5,312.4,1536.0,20.7,0.0,1,PWF (Power Failure),0,0,1,0,0,1.2,94.1
5345,L15344,L,298.1,307.7,1303.0,36.2,3.0,0,No Failure,0,0,0,0,0,215.4,97.9
5346,L15345,L,302.2,310.9,1574.0,17.2,5.0,1,PWF (Power Failure),0,0,1,0,0,7.7,88.8
5347,M15346,M,301.2,310.0,1188.0,46.6,7.0,0,No Failure,0,0,0,0,0,201.9,91.8
5348,M15347,M,301.6,313.1,1399.0,33.2,10.0,0,No Failure,0,0,0,0,0,213.8,97.2
5349,M15348,M,302.7,312.9,1168.0,35.2,13.0,0,No Failure,0,0,0,0,0,211.8,96.3
5350,L15349,L,301.7,310.0,1259.0,51.5,17.0,1,HDF (Heat Dissipation),0,1,0,0,0,3.8,87.7
5351,H15350,H,298.3,309.1,1168.0,26.7,20.0,1,PWF (Power Failure),0,0,1,0,0,0.3,88.1
5352,M15351,M,300.7,308.9,1168.0,24.2,25.0,1,HDF (Heat Dissipation),0,1,1,0,0,5.1,74.5
5353,M15352,M,298.0,307.2,1495.0,17.2,28.0,1,PWF (Power Failure),0,0,1,0,0,3.5,83.2
5354,M15353,M,302.1,300.37,1168.0,52.7,31.0,0,No Failure,0,0,0,0,0,197.4,89.7
5355,H15354,H,303.4,315.9,1168.0,50.4,34.0,0,No Failure,0,0,0,0,0,196.3,89.2
5356,H15355,H,298.7,309.5,1181.0,82.51,39.0,0,No Failure,0,0,0,0,0,195.5,88.9
5357,M15356,M,290.5,309.2,1226.0,27.2,44.0,1,PWF (Power Failure),0,0,1,0,0,4.8,82.1
5358,L15357,L,299.4,309.4,1323.0,48.3,47.0,0,No Failure,0,0,0,0,0,185.7,84.4
5359,L15358,L,300.1,311.0,1173.0,67.5,50.0,0,No Failure,0,0,0,0,0,177.8,80.8
5360,H15359,H,301.7,313.1,1168.0,37.6,52.0,0,No Failure,0,0,0,0,0,187.2,85.1
5361,M15360,M,300.1,309.9,,28.0,58.0,1,PWF (Power Failure),0,0,1,0,0,6.7,78.6
5362,L15361,L,302.1,311.9,1168.0,52.4,62.0,0,No Failure,0,0,0,0,0,171.0,77.7
5363,L15362,L,302.9,312.1,1395.0,28.7,65.0,0,No Failure,0,0,0,0,0,178.3,81.0
5364,H15363,H,302.9,313.6,1168.0,36.3,67.0,0,No Failure,0,0,0,0,0,178.2,81.0
5365,H15364,H,298.9,309.9,1787.0,13.6,72.0,1,PWF (Power Failure),0,0,1,0,0,1.0,73.3
5366,H15365,H,303.4,311.5,1287.0,37.0,78.0,1,HDF (Heat Dissipation),0,1,0,0,0,3.7,71.5
5367,L15366,L,303.6,313.2,1286.0,27.2,84.0,0,No Failure,0,0,0,0,0,162.7,73.9
5368,M15367,M,303.8,312.6,,52.6,86.0,0,No Failure,0,0,0,0,0,144.1,65.5
5369,H15368,H,300.7,310.9,1183.0,30.2,90.0,0,No Failure,0,0,0,0,0,165.0,75.0
5370,L15369,L,299.6,308.4,1357.0,47.8,96.0,0,No Failure,0,0,0,0,0,145.3,66.1
5371,L15370,L,299.2,307.9,1168.0,39.0,99.0,0,No Failure,0,0,0,0,0,139.0,63.2
5372,H15371,H,299.0,310.1,1322.0,41.3,102.0,0,No Failure,0,0,0,0,0,153.7,69.9
5373,L15372,L,301.0,310.8,1206.0,45.2,108.0,0,No Failure,0,0,0,0,0,141.0,64.1
5374,M15373,M,302.5,312.4,1241.0,39.5,110.0,0,No Failure,0,0,0,0,0,146.8,66.7
5375,M15374,M,303.3,313.7,1209.0,33.5,114.0,0,No Failure,0,0,0,0,0,148.8,67.7
5376,M15375,M,300.1,311.1,1168.0,31.9,117.0,0,No Failure,0,0,0,0,0,148.0,67.3
5377,L15376,L,300.9,310.5,1682.86,45.1,121.0,0,No Failure,0,0,0,0,0,129.6,58.9
5378,M15377,M,300.8,310.4,1231.0,21.0,124.0,1,PWF (Power Failure),0,0,1,0,0,7.0,56.9
5379,L15378,L,299.8,309.4,1168.0,56.8,128.0,0,No Failure,0,0,0,0,0,115.7,52.6
5380,H15379,H,302.3,313.4,1296.0,41.3,131.0,0,No Failure,0,0,0,0,0,134.9,61.3
5381,L15380,L,301.6,311.5,1255.0,36.6,136.0,0,No Failure,0,0,0,0,0,129.4,58.8
5382,M15381,M,301.2,310.9,1171.0,42.7,138.0,0,No Failure,0,0,0,0,0,123.6,56.2
5383,M15382,M,301.6,312.0,1285.0,34.1,142.0,0,No Failure,0,0,0,0,0,130.9,59.5
5384,L15383,L,302.1,313.9,1168.0,38.2,146.0,0,No Failure,0,0,0,0,0,122.3,55.6
5385,L15384,L,302.1,312.2,1168.0,28.7,149.0,0,No Failure,0,0,0,0,0,120.8,54.9
5386,M15385,M,299.5,309.2,1168.0,43.8,152.0,0,No Failure,0,0,0,0,0,113.2,51.5
5387,L15386,L,302.6,314.5,1334.0,39.2,155.0,0,No Failure,0,0,0,0,0,115.3,52.4
5388,L15387,L,301.5,312.8,1168.0,41.9,158.0,0,No Failure,0,0,0,0,0,110.8,50.3
5389,L15388,L,300.2,311.4,1168.0,54.8,161.0,0,No Failure,0,0,0,0,0,96.2,43.7
5390,H15389,H,301.4,310.9,1168.0,32.0,164.0,0,No Failure,0,0,0,0,0,115.7,52.6
5391,M15390,M,301.6,311.0,1168.0,38.7,170.0,0,No Failure,0,0,0,0,0,102.4,46.6
5392,L15391,L,302.9,311.1,1239.0,23.5,174.0,1,HDF (Heat Dissipation),0,1,1,0,0,0.8,37.1
5393,H15392,H,299.1,310.1,1245.0,45.5,177.0,0,No Failure,0,0,0,0,0,101.2,46.0
5394,L15393,L,303.4,313.5,1168.0,39.8,182.0,0,No Failure,0,0,0,0,0,96.5,43.8
5395,L15394,L,301.0,309.2,1263.0,40.2,185.0,1,HDF (Heat Dissipation),0,1,0,0,0,4.8,36.0
5396,L15395,L,300.1,311.3,1375.0,38.4,187.0,0,No Failure,0,0,0,0,0,94.6,43.0
5397,L15396,L,300.0,309.7,,34.2,190.0,0,No Failure,0,0,0,0,0,96.3,43.8
5398,L15397,L,299.2,309.0,1168.0,65.0,192.0,1,OSF (Overstrain Failure),0,0,0,1,0,0.4,26.6
5399,M15398,M,297.9,306.4,1168.0,40.4,195.0,1,HDF (Heat Dissipation),0,1,0,0,0,7.1,33.8
5400,L15399,L,302.2,312.7,1203.0,43.0,199.0,0,No Failure,0,0,0,0,0,81.1,36.9
5401,M15400,M,304.6,315.1,1450.0,28.6,201.0,0,No Failure,0,0,0,0,0,99.9,45.4
5402,L15401,L,298.1,308.1,1168.0,,204.0,0,No Failure,0,0,0,0,0,70.4,32.0
5403,L15402,L,299.3,308.9,1201.0,38.8,207.0,0,No Failure,0,0,0,0,0,76.3,34.7
5404,L15403,L,302.4,315.0,1188.0,44.5,209.0,0,No Failure,0,0,0,0,0,72.2,32.8
5405,M15404,M,300.9,309.7,1188.0,49.0,211.0,0,No Failure,0,0,0,0,0,57.1,26.0
5406,M15405,M,302.5,311.8,1363.0,39.0,0.0,0,No Failure,0,0,0,0,0,217.3,98.8
5407,L15406,L,300.8,311.5,1168.0,33.2,4.0,0,No Failure,0,0,0,0,0,217.4,98.8
5408,L15407,L,300.0,309.0,1464.0,16.7,6.0,1,PWF (Power Failure),0,0,1,0,0,5.2,88.5
5409,L15408,L,300.6,309.5,1228.0,36.1,9.0,0,No Failure,0,0,0,0,0,203.3,92.4
5410,H15409,H,296.7,307.8,1381.0,33.2,12.0,0,No Failure,0,0,0,0,0,212.7,96.7
5411,L15410,L,299.0,309.6,1370.0,28.6,17.0,0,No Failure,0,0,0,0,0,209.6,95.3
5412,M15411,M,302.7,313.2,1168.0,54.5,19.0,0,No Failure,0,0,0,0,0,205.9,93.6
5413,L15412,L,303.2,313.4,1255.0,49.8,23.0,0,No Failure,0,0,0,0,0,203.0,92.3
5414,L15413,L,303.6,312.9,1477.0,21.7,25.0,1,PWF (Power Failure),0,0,1,0,0,2.0,88.0
5415,M15414,M,301.8,311.5,1168.0,41.5,28.0,0,No Failure,0,0,0,0,0,198.0,90.0
5416,L15415,L,297.0,306.9,1168.0,31.8,31.0,0,No Failure,0,0,0,0,0,199.3,90.6
5417,L15416,L,299.9,310.7,1168.0,43.7,34.0,0,No Failure,0,0,0,0,0,196.1,89.1
5418,H15417,H,303.4,313.8,1171.0,32.0,37.0,0,No Failure,0,0,0,0,0,197.7,89.9
5419,L15418,L,304.0,313.1,1368.0,34.6,43.0,0,No Failure,0,0,0,0,0,188.9,85.9
5420,L15419,L,294.41,303.99,1253.0,49.6,46.0,0,No Failure,0,0,0,0,0,186.1,84.6
5421,L15420,L,300.6,308.9,1168.0,48.2,49.0,1,HDF (Heat Dissipation),0,1,0,0,0,0.8,75.3
5422,L15421,L,298.7,308.4,1168.0,55.1,52.0,0,No Failure,0,0,0,0,0,176.6,80.3
5423,M15422,M,301.0,309.9,1168.0,37.8,55.0,0,No Failure,0,0,0,0,0,172.3,78.3
5424,L15423,L,,310.2,1168.0,25.4,59.0,1,PWF (Power Failure),0,0,1,0,0,0.6,70.9
5425,H15424,H,303.9,315.8,1168.0,49.2,61.0,0,No Failure,0,0,0,0,0,177.9,80.9
5426,M15425,M,301.5,310.0,1247.0,49.3,67.0,1,HDF (Heat Dissipation),0,1,0,0,0,5.7,72.3
5427,H15426,H,301.1,310.3,1168.0,46.3,71.0,0,No Failure,0,0,0,0,0,163.3,74.2
5428,H15427,H,301.2,311.7,1168.0,32.6,77.0,0,No Failure,0,0,0,0,0,173.4,78.8
5429,H15428,H,301.8,298.9,1461.0,29.3,82.0,0,No Failure,0,0,0,0,0,171.7,78.1
5430,M15429,M,302.2,312.4,1375.0,45.4,88.0,0,No Failure,0,0,0,0,0,159.3,72.4
5431,L15430,L,299.8,311.2,1407.0,31.1,92.0,0,No Failure,0,0,0,0,0,162.4,73.8
5432,L15431,L,299.2,309.9,1288.0,,95.0,0,No Failure,0,0,0,0,0,157.2,71.4
5433,M15432,M,303.5,313.0,1168.0,69.1,98.0,0,No Failure,0,0,0,0,0,134.1,61.0
5434,L15433,L,298.1,308.0,1168.0,61.3,102.0,0,No Failure,0,0,0,0,0,136.5,62.0
5435,M15434,M,304.0,314.5,1168.0,47.9,104.0,0,No Failure,0,0,0,0,0,146.8,66.7
5436,L15435,L,297.6,308.2,1295.0,33.4,108.0,0,No Failure,0,0,0,0,0,150.8,68.6
5437,H15436,H,300.0,310.0,1329.0,32.8,111.0,0,No Failure,0,0,0,0,0,152.7,69.4
5438,L15437,L,302.8,313.2,1199.0,47.2,117.0,0,No Failure,0,0,0,0,0,135.4,61.5
5439,H15438,H,301.1,311.5,1168.0,55.0,119.0,0,No Failure,0,0,0,0,0,134.4,61.1
5440,L15439,L,298.7,308.6,1340.0,34.9,124.0,0,No Failure,0,0,0,0,0,139.0,63.2
5441,L15440,L,301.8,311.2,1235.0,35.4,127.0,0,No Failure,0,0,0,0,0,131.5,59.8
5442,H15441,H,301.2,311.9,1168.0,40.9,130.0,0,No Failure,0,0,0,0,0,135.8,61.7
5443,H15442,H,300.7,311.0,1386.0,26.1,135.0,0,No Failure,0,0,0,0,0,142.4,64.7
5444,M15443,M,300.0,307.9,,26.4,140.0,1,HDF (Heat Dissipation),0,1,0,0,0,4.8,58.2
5445,H15444,H,301.0,310.2,1168.0,28.2,143.0,1,PWF (Power Failure),0,0,1,0,0,0.3,53.7
5446,L15445,L,300.0,,1168.0,45.5,148.0,0,No Failure,0,0,0,0,0,109.0,49.5
5447,H15446,H,305.5,315.3,1168.0,42.7,150.0,0,No Failure,0,0,0,0,0,119.3,54.2
5448,L15447,L,300.7,311.9,1168.0,51.4,156.0,0,No Failure,0,0,0,0,0,103.2,46.9
5449,M15448,M,300.4,313.6,1454.0,22.6,158.0,1,PWF (Power Failure),0,0,1,0,0,5.6,55.0
5450,L15449,L,300.1,307.6,1338.0,24.8,161.0,1,HDF (Heat Dissipation),0,1,1,0,0,4.5,47.2
5451,L15450,L,,314.6,1176.0,44.6,164.0,0,No Failure,0,0,0,0,0,104.0,47.3
5452,M15451,M,298.1,308.2,1297.0,31.3,167.0,0,No Failure,0,0,0,0,0,117.8,53.5
5453,M15452,M,301.7,311.5,1176.0,32.0,171.0,0,No Failure,0,0,0,0,0,112.5,51.1
5454,L15453,L,300.7,311.2,1246.0,50.1,174.0,0,No Failure,0,0,0,0,0,91.1,41.4
5455,H15454,H,298.5,308.6,1390.0,34.5,176.0,0,No Failure,0,0,0,0,0,111.7,50.8
5456,M15455,M,299.6,309.2,1345.0,35.6,182.0,0,No Failure,0,0,0,0,0,102.4,46.6
5457,L15456,L,301.7,311.7,1280.0,37.5,186.0,0,No Failure,0,0,0,0,0,96.3,43.8
5458,M15457,M,299.5,310.1,1319.0,38.1,188.0,0,No Failure,0,0,0,0,0,97.9,44.5
5459,L15458,L,301.6,312.1,1252.0,46.8,192.0,0,No Failure,0,0,0,0,0,81.6,37.1
5460,L15459,L,304.2,314.4,1314.0,27.9,194.0,0,No Failure,0,0,0,0,0,102.2,46.4
5461,M15460,M,301.4,310.8,1168.0,38.1,197.0,0,No Failure,0,0,0,0,0,85.4,38.8
5462,L15461,L,298.5,311.3,1168.0,51.6,201.0,1,TWF (Tool Wear Failure),1,0,0,0,0,6.8,31.5
5463,L15462,L,299.6,310.0,677.6,61.3,203.0,1,OSF (Overstrain Failure),0,0,0,1,0,2.1,25.5
5464,M15463,M,300.6,311.4,1244.0,26.4,205.0,1,PWF (Power Failure),0,0,1,0,1,4.2,41.0
5465,L15464,L,300.5,310.0,1460.0,43.3,209.0,0,No Failure,0,0,0,0,0,73.7,33.5
5466,H15465,H,301.4,311.6,1177.0,38.1,211.0,1,TWF (Tool Wear Failure),1,0,0,0,0,1.6,39.2
5467,M15466,M,301.7,311.9,1168.0,39.0,217.0,1,TWF (Tool Wear Failure),1,0,0,0,0,1.9,35.4
5468,L15467,L,304.2,312.3,1267.0,32.1,220.0,1,HDF (Heat Dissipation),0,1,0,0,0,2.2,29.8
5469,M15468,M,301.1,310.4,1248.0,47.6,0.0,0,No Failure,0,0,0,0,0,213.8,97.2
5470,L15469,L,299.0,308.3,1168.0,47.0,3.0,0,No Failure,0,0,0,0,0,210.1,95.5
5471,M15470,M,303.2,312.6,1168.0,65.2,6.0,0,No Failure,0,0,0,0,0,208.6,94.8
5472,L15471,L,303.4,312.3,1264.0,26.8,10.0,0,No Failure,0,0,0,0,0,198.0,90.0
5473,H15472,H,301.5,311.5,1389.0,22.5,12.0,1,PWF (Power Failure),0,0,1,0,0,0.3,90.4
5474,L15473,L,300.7,312.1,1168.0,60.5,17.0,0,No Failure,0,0,0,0,0,206.3,93.8
5475,M15474,M,302.2,312.3,1305.0,39.5,19.0,0,No Failure,0,0,0,0,0,207.5,94.3
5476,L15475,L,300.7,309.5,1402.0,35.4,23.0,0,No Failure,0,0,0,0,0,202.5,92.0
5477,L15476,L,297.4,306.4,1168.0,41.9,26.0,0,No Failure,0,0,0,0,0,191.0,86.8
5478,L15477,L,302.1,311.7,1168.0,26.1,29.0,1,PWF (Power Failure),0,0,1,0,0,3.9,82.5
5479,M15478,M,302.7,311.3,1168.0,43.8,32.0,0,No Failure,0,0,0,0,0,182.8,83.1
5480,H15479,H,303.7,314.0,1308.0,39.2,36.0,0,No Failure,0,0,0,0,0,197.0,89.5
5481,L15480,L,299.8,311.2,1168.0,50.7,42.0,0,No Failure,0,0,0,0,0,188.7,85.8
5482,L15481,L,,310.9,1207.0,48.6,44.0,0,No Failure,0,0,0,0,0,181.4,82.5
5483,L15482,L,301.6,311.7,1168.0,49.4,47.0,0,No Failure,0,0,0,0,0,185.4,84.3
5484,L15483,L,301.3,320.97,1342.0,41.9,49.0,0,No Failure,0,0,0,0,0,184.2,83.7
5485,H15484,H,301.3,310.7,1168.0,56.0,51.0,0,No Failure,0,0,0,0,0,176.5,80.2
5486,H15485,H,301.2,311.4,1208.0,45.8,56.0,0,No Failure,0,0,0,0,0,182.3,82.9
5487,H15486,H,301.5,310.8,1168.0,34.7,62.0,0,No Failure,0,0,0,0,0,174.1,79.1
5488,L15487,L,302.5,311.7,1677.28,31.9,68.0,0,No Failure,0,0,0,0,0,168.3,76.5
5489,L15488,L,303.3,311.7,1205.0,33.0,71.0,1,HDF (Heat Dissipation),0,1,0,0,0,7.0,71.6
5490,M15489,M,299.8,309.9,1168.0,45.9,73.0,0,No Failure,0,0,0,0,0,169.5,77.0
5491,L15490,L,300.8,311.9,1396.0,26.7,76.0,0,No Failure,0,0,0,0,0,174.4,79.3
5492,M15491,M,300.4,311.1,1168.0,41.6,78.0,0,No Failure,0,0,0,0,0,167.8,76.3
5493,L15492,L,300.1,311.6,1168.0,31.7,81.0,0,No Failure,0,0,0,0,0,169.0,76.8
5494,L15493,L,298.2,307.5,1276.0,27.5,84.0,0,No Failure,0,0,0,0,0,160.4,72.9
5495,H15494,H,301.2,312.1,,29.1,86.0,0,No Failure,0,0,0,0,0,169.5,77.0
5496,L15495,L,302.0,,1168.0,39.8,92.0,0,No Failure,0,0,0,0,0,145.5,66.1
5497,H15496,H,300.9,311.6,1168.0,47.6,94.0,0,No Failure,0,0,0,0,0,155.9,70.9
5498,L15497,L,301.1,312.7,1168.0,33.2,99.0,0,No Failure,0,0,0,0,0,156.7,71.2
5499,L15498,L,301.9,312.4,1403.0,19.2,101.0,1,PWF (Power Failure),0,0,1,0,0,0.4,64.5
5500,L15499,L,303.7,315.4,1168.0,71.5,103.0,0,No Failure,0,0,0,0,0,125.1,56.9
5501,L15500,L,300.4,309.8,1168.0,51.2,106.0,0,No Failure,0,0,0,0,0,134.2,61.0
5502,M15501,M,299.0,308.9,1197.0,49.3,109.0,0,No Failure,0,0,0,0,0,141.4,64.3
5503,L15502,L,301.0,310.1,1239.0,56.3,113.0,0,No Failure,0,0,0,0,0,123.8,56.3
5504,M15503,M,304.5,314.5,1274.0,40.9,115.0,0,No Failure,0,0,0,0,0,143.5,65.2
5505,H15504,H,299.1,309.4,1307.0,38.6,119.0,0,No Failure,0,0,0,0,0,144.3,65.6
5506,L15505,L,302.3,312.3,1259.0,53.6,124.0,0,No Failure,0,0,0,0,0,125.6,57.1
5507,L15506,L,303.2,312.7,1168.0,53.5,126.0,0,No Failure,0,0,0,0,0,118.6,53.9
5508,L15507,L,296.9,306.4,1360.0,46.2,129.0,0,No Failure,0,0,0,0,0,125.5,57.0
5509,M15508,M,301.9,312.2,1220.0,48.8,131.0,0,No Failure,0,0,0,0,0,127.2,57.8
5510,M15509,M,302.2,312.0,1168.0,27.6,134.0,1,PWF (Power Failure),0,0,1,0,0,3.7,57.7
5511,L15510,L,300.7,309.5,1168.0,37.4,138.0,0,No Failure,0,0,0,0,0,115.1,52.3
5512,M15511,M,300.0,308.1,1168.0,57.0,141.0,1,HDF (Heat Dissipation),0,1,0,0,0,2.8,42.2
5513,L15512,L,300.1,309.5,1252.0,48.0,145.0,0,No Failure,0,0,0,0,0,109.2,49.6
5514,L15513,L,300.6,309.2,1242.0,25.4,148.0,1,HDF (Heat Dissipation),0,1,1,0,0,2.8,48.1
5515,L15514,L,300.6,309.8,1168.0,34.7,150.0,0,No Failure,0,0,0,0,0,114.0,51.8
5516,H15515,H,300.3,309.9,1186.0,55.4,152.0,0,No Failure,0,0,0,0,0,106.0,48.2
5517,L15516,L,300.5,310.4,1168.0,44.6,157.0,0,No Failure,0,0,0,0,0,107.8,49.0
5518,L15517,L,303.3,312.6,1168.0,41.8,160.0,0,No Failure,0,0,0,0,0,101.8,46.3
5519,L15518,L,299.0,311.2,1180.0,42.1,163.0,0,No Failure,0,0,0,0,0,107.1,48.7
5520,M15519,M,298.0,316.58,1168.0,39.2,166.0,0,No Failure,0,0,0,0,0,96.9,44.0
5521,L15520,L,303.3,314.5,1380.0,34.8,170.0,0,No Failure,0,0,0,0,0,109.7,49.9
5522,L15521,L,300.8,310.6,1254.0,31.7,173.0,0,No Failure,0,0,0,0,0,109.3,49.7
5523,L15522,L,300.5,309.8,1168.0,50.1,175.0,0,No Failure,0,0,0,0,0,82.7,37.6
5524,M15523,M,301.0,311.6,1172.0,42.4,178.0,0,No Failure,0,0,0,0,0,100.2,45.5
5525,L15524,L,301.5,311.0,1168.0,47.1,181.0,0,No Failure,0,0,0,0,0,83.7,38.0
5526,H15525,H,300.2,309.4,1257.0,45.5,183.0,0,No Failure,0,0,0,0,0,90.4,41.1
5527,L15526,L,302.1,313.9,1239.0,54.1,189.0,0,No Failure,0,0,0,0,0,75.5,34.3
5528,L15527,L,299.4,307.2,1472.0,44.5,191.0,0,No Failure,0,0,0,0,0,85.0,38.6
5529,H15528,H,300.6,310.4,1168.0,48.2,194.0,0,No Failure,0,0,0,0,0,85.0,38.6
5530,H15529,H,297.2,307.4,1168.0,41.7,199.0,0,No Failure,0,0,0,0,0,90.3,41.1
5531,L15530,L,303.3,314.7,1269.0,30.5,204.0,1,TWF (Tool Wear Failure),1,0,0,0,0,6.5,42.2
5532,H15531,H,300.9,310.5,1369.0,37.7,207.0,0,No Failure,0,0,0,0,0,87.9,39.9
5533,M15532,M,302.4,315.1,1220.0,45.9,212.0,0,No Failure,0,0,0,0,0,73.2,33.3
5534,L15533,L,302.0,312.8,1248.0,46.8,215.0,1,TWF (Tool Wear Failure),1,0,0,0,0,5.5,29.6
5535,H15534,H,302.2,309.8,1213.0,54.5,217.0,1,HDF (Heat Dissipation),1,1,0,0,0,6.9,17.9
5536,M15535,M,301.2,309.7,1263.0,35.4,223.0,1,HDF (Heat Dissipation),1,1,0,0,0,3.6,30.1
5537,L15536,L,301.9,312.1,1168.0,42.3,227.0,1,TWF (Tool Wear Failure),1,0,0,0,0,5.3,28.4
5538,M15537,M,299.4,308.3,1168.0,38.7,229.0,0,No Failure,0,0,0,0,0,58.4,26.5
5539,L15538,L,299.1,309.6,1168.0,56.2,0.0,0,No Failure,0,0,0,0,0,220.0,100.0
5540,L15539,L,,310.5,1168.0,43.8,3.0,0,No Failure,0,0,0,0,0,212.4,96.5
5541,H15540,H,299.9,308.7,1168.0,44.0,6.0,0,No Failure,0,0,0,0,0,202.8,92.2
5542,M15541,M,303.7,312.7,1459.0,39.6,12.0,0,No Failure,0,0,0,0,0,212.1,96.4
5543,M15542,M,301.8,312.7,1168.0,37.7,16.0,0,No Failure,0,0,0,0,0,209.6,95.3
5544,M15543,M,299.9,307.9,1461.0,25.5,19.0,0,No Failure,0,0,0,0,0,209.0,95.0
5545,M15544,M,300.7,311.7,1268.0,27.4,22.0,0,No Failure,0,0,0,0,0,202.6,92.1
5546,L15545,L,301.4,312.5,1232.0,41.8,26.0,0,No Failure,0,0,0,0,0,202.0,91.8
5547,H15546,H,301.1,310.8,1188.0,40.5,28.0,0,No Failure,0,0,0,0,0,198.6,90.3
5548,M15547,M,301.7,310.3,1168.0,41.8,33.0,0,No Failure,0,0,0,0,0,182.5,83.0
5549,M15548,M,301.3,311.9,1201.0,-7.84,37.0,0,No Failure,0,0,0,0,0,193.7,88.0
5550,L15549,L,298.7,308.2,1168.0,40.9,41.0,0,No Failure,0,0,0,0,0,186.4,84.7
5551,L15550,L,297.3,305.8,1168.0,36.5,43.0,1,HDF (Heat Dissipation),0,1,0,0,0,3.5,79.6
5552,L15551,L,300.5,312.4,1168.0,37.9,45.0,0,No Failure,0,0,0,0,0,190.0,86.3
5553,L15552,L,302.2,311.3,1287.0,42.4,47.0,0,No Failure,0,0,0,0,0,180.9,82.2
5554,L15553,L,300.5,309.0,1171.0,36.2,49.0,1,HDF (Heat Dissipation),0,1,0,0,0,7.2,77.9
5555,M15554,M,303.4,313.7,1181.0,7.04,51.0,0,No Failure,0,0,0,0,0,183.4,83.3
5556,H15555,H,301.1,311.0,1243.0,39.9,54.0,0,No Failure,0,0,0,0,0,184.4,83.8
5557,L15556,L,303.6,315.1,1168.0,42.5,60.0,0,No Failure,0,0,0,0,0,178.3,81.0
5558,L15557,L,303.3,312.9,1252.0,31.8,63.0,0,No Failure,0,0,0,0,0,176.8,80.4
5559,M15558,M,303.1,312.7,1168.0,50.6,65.0,0,No Failure,0,0,0,0,0,168.9,76.8
5560,L15559,L,299.0,309.3,1168.0,54.4,68.0,0,No Failure,0,0,0,0,0,167.9,76.3
5561,H15560,H,301.2,311.4,1271.0,26.4,70.0,0,No Failure,0,0,0,0,0,171.9,78.2
5562,L15561,L,303.4,313.6,1168.0,44.0,76.0,0,No Failure,0,0,0,0,0,166.5,75.7
5563,L15562,L,301.7,,1168.0,38.9,79.0,0,No Failure,0,0,0,0,0,166.8,75.8
5564,L15563,L,302.2,312.4,1187.0,42.8,82.0,0,No Failure,0,0,0,0,0,162.9,74.0
5565,H15564,H,298.7,308.3,1483.0,44.5,85.0,0,No Failure,0,0,0,0,0,163.4,74.3
5566,L15565,L,304.6,315.4,1572.0,17.7,90.0,1,PWF (Power Failure),0,0,1,0,0,6.2,67.7
5567,M15566,M,299.8,309.4,1200.0,47.6,92.0,0,No Failure,0,0,0,0,0,151.0,68.7
5568,L15567,L,297.6,297.42,1168.0,51.1,95.0,0,No Failure,0,0,0,0,0,149.1,67.8
5569,L15568,L,300.6,312.0,1168.0,52.2,97.0,0,No Failure,0,0,0,0,0,146.9,66.8
5570,H15569,H,287.56,294.23,1594.0,30.6,99.0,0,No Failure,0,0,0,0,0,161.1,73.2
5571,L15570,L,299.2,311.6,1168.0,39.7,104.0,0,No Failure,0,0,0,0,0,149.5,67.9
5572,L15571,L,305.8,315.1,1212.0,34.6,107.0,0,No Failure,0,0,0,0,0,143.4,65.2
5573,M15572,M,300.5,309.8,1618.0,20.8,109.0,0,No Failure,0,0,0,0,0,152.0,69.1
5574,H15573,H,298.6,309.1,1176.0,33.8,112.0,0,No Failure,0,0,0,0,0,151.5,68.9
5575,L15574,L,301.2,311.6,1189.0,29.2,117.0,0,No Failure,0,0,0,0,0,143.5,65.2
5576,L15575,L,299.6,309.7,1219.0,43.3,119.0,0,No Failure,0,0,0,0,0,136.7,62.1
5577,H15576,H,302.7,313.5,1307.0,23.7,121.0,1,PWF (Power Failure),0,0,1,0,0,2.5,62.2
5578,M15577,M,299.6,309.9,1385.0,-19.09,126.0,0,No Failure,0,0,0,0,0,143.6,65.3
5579,H15578,H,301.7,313.8,1168.0,34.8,130.0,0,No Failure,0,0,0,0,0,139.8,63.6
5580,M15579,M,299.1,309.0,1171.0,47.7,135.0,0,No Failure,0,0,0,0,0,124.1,56.4
5581,M15580,M,305.9,315.0,1168.0,67.8,139.0,0,No Failure,0,0,0,0,0,97.1,44.1
5582,L15581,L,302.1,311.5,1308.0,43.0,143.0,0,No Failure,0,0,0,0,0,116.4,52.9
5583,L15582,L,300.9,311.4,1242.0,29.7,146.0,0,No Failure,0,0,0,0,0,129.7,59.0
5584,M15583,M,300.7,311.2,1306.0,33.2,148.0,0,No Failure,0,0,0,0,0,127.9,58.1
5585,M15584,M,300.2,310.4,1308.0,46.6,151.0,0,No Failure,0,0,0,0,0,114.9,52.2
5586,H15585,H,299.8,309.0,1180.0,26.5,154.0,1,PWF (Power Failure),0,0,1,0,0,7.6,49.2
5587,M15586,M,299.8,310.9,1168.0,51.0,160.0,0,No Failure,0,0,0,0,0,104.7,47.6
5588,L15587,L,304.2,316.1,1251.0,42.7,163.0,0,No Failure,0,0,0,0,0,106.5,48.4
5589,L15588,L,300.2,310.2,1223.0,38.7,165.0,0,No Failure,0,0,0,0,0,109.1,49.6
5590,M15589,M,297.4,309.2,1400.0,23.2,168.0,1,PWF (Power Failure),0,0,1,0,0,1.7,51.7
5591,L15590,L,299.1,310.0,1263.0,49.2,171.0,0,No Failure,0,0,0,0,0,94.3,42.9
5592,M15591,M,293.46,315.1,1203.0,32.4,173.0,0,No Failure,0,0,0,0,0,113.1,51.4
5593,M15592,M,300.7,311.2,1356.0,41.5,177.0,0,No Failure,0,0,0,0,0,101.7,46.2
5594,L15593,L,,311.1,1193.0,38.4,181.0,0,No Failure,0,0,0,0,0,98.7,44.8
5595,M15594,M,303.3,314.1,1257.0,24.2,184.0,1,PWF (Power Failure),0,0,1,0,0,0.4,44.4
5596,M15595,M,299.8,309.4,1426.0,37.7,187.0,0,No Failure,0,0,0,0,0,98.5,44.8
5597,H15596,H,302.3,312.7,1331.0,27.9,190.0,0,No Failure,0,0,0,0,0,109.5,49.8
5598,L15597,L,300.0,311.3,1235.0,33.5,195.0,0,No Failure,0,0,0,0,0,95.0,43.2
5599,M15598,M,302.2,313.0,1168.0,44.3,198.0,0,No Failure,0,0,0,0,0,84.6,38.5
5600,L15599,L,300.5,310.5,1239.0,47.0,202.0,0,No Failure,0,0,0,0,0,74.2,33.7
5601,M15600,M,300.8,311.0,1168.0,39.8,205.0,0,No Failure,0,0,0,0,0,84.9,38.6
5602,L15601,L,302.7,313.5,1301.0,31.2,209.0,1,TWF (Tool Wear Failure),1,0,0,0,0,3.2,40.4
5603,H15602,H,302.5,313.2,1175.0,33.5,0.0,0,No Failure,0,0,0,0,0,220.0,100.0
5604,H15603,H,300.9,311.7,1229.0,33.4,5.0,0,No Failure,0,0,0,0,0,217.0,98.6
5605,M15604,M,300.3,310.6,1236.0,18.6,10.0,1,PWF (Power Failure),0,0,1,0,0,0.9,87.5
5606,M15605,M,304.1,313.3,1168.0,40.7,13.0,0,No Failure,0,0,0,0,0,202.6,92.1
5607,L15606,L,302.3,311.6,1368.0,,17.0,1,PWF (Power Failure),0,0,1,0,0,2.2,88.6
5608,M15607,M,300.5,311.0,1259.0,40.8,20.0,0,No Failure,0,0,0,0,0,206.7,94.0
5609,L15608,L,300.0,310.8,1340.0,25.4,24.0,0,No Failure,0,0,0,0,0,199.3,90.6
5610,M15609,M,303.0,313.7,1450.0,27.9,26.0,0,No Failure,0,0,0,0,0,204.6,93.0
5611,L15610,L,301.4,310.7,1168.0,46.7,29.0,0,No Failure,0,0,0,0,0,191.4,87.0
5612,M15611,M,300.9,310.7,1168.0,40.2,31.0,0,No Failure,0,0,0,0,0,197.3,89.7
5613,L15612,L,301.4,310.2,1368.0,21.2,34.0,1,PWF (Power Failure),0,0,1,0,0,6.9,79.7
5614,M15613,M,301.8,310.4,1211.0,34.4,37.0,1,HDF (Heat Dissipation),0,1,0,0,0,5.9,82.7
5615,M15614,M,301.1,311.2,1281.0,42.6,41.0,0,No Failure,0,0,0,0,0,192.4,87.4
5616,L15615,L,303.4,314.8,1192.0,33.8,44.0,0,No Failure,0,0,0,0,0,191.7,87.1
5617,L15616,L,303.5,313.6,1217.0,36.6,-286.42,0,No Failure,0,0,0,0,0,189.7,86.2
5618,H15617,H,302.2,,1264.0,42.4,48.0,0,No Failure,0,0,0,0,0,188.5,85.7
5619,M15618,M,303.7,313.5,1168.0,40.4,53.0,0,No Failure,0,0,0,0,0,182.7,83.0
5620,L15619,L,301.2,311.2,1168.0,30.1,56.0,0,No Failure,0,0,0,0,0,182.0,82.7
5621,L15620,L,302.4,311.4,1194.0,40.2,58.0,0,No Failure,0,0,0,0,0,169.5,77.0
5622,L15621,L,303.0,312.7,1168.0,37.1,60.0,0,No Failure,0,0,0,0,0,176.9,80.4
5623,M15622,M,303.0,311.8,1264.0,57.2,62.0,0,No Failure,0,0,0,0,0,163.4,74.3
5624,M15623,M,302.8,311.3,1168.0,39.0,65.0,1,HDF (Heat Dissipation),0,1,0,0,0,3.1,73.2
5625,L15624,L,,311.1,1168.0,41.3,68.0,0,No Failure,0,0,0,0,0,160.0,72.7
5626,M15625,M,304.7,314.8,1340.0,42.6,70.0,0,No Failure,0,0,0,0,0,172.8,78.5
5627,M15626,M,300.2,309.5,1511.0,36.8,74.0,0,No Failure,0,0,0,0,0,172.5,78.4
5628,M15627,M,300.9,310.4,1190.0,32.8,78.0,0,No Failure,0,0,0,0,0,166.1,75.5
5629,L15628,L,300.8,311.2,1295.0,44.6,81.0,1,RNF (Random Failure),0,0,0,0,1,4.1,73.9
5630,L15629,L,300.5,309.0,1269.0,44.7,84.0,1,HDF (Heat Dissipation),0,1,0,0,0,3.2,67.5
5631,L15630,L,297.6,307.7,1168.0,60.8,87.0,0,No Failure,0,0,0,0,0,150.0,68.2
5632,L15631,L,303.7,314.5,1174.0,47.4,90.0,0,No Failure,0,0,0,0,0,154.8,70.4
5633,L15632,L,299.4,310.3,1168.0,47.6,92.0,0,No Failure,0,0,0,0,0,153.2,69.7
5634,L15633,L,301.5,312.0,1168.0,47.2,95.0,0,No Failure,0,0,0,0,0,151.3,68.8
5635,L15634,L,298.6,308.5,1338.0,33.1,98.0,0,No Failure,0,0,0,0,0,156.9,71.3
5636,M15635,M,302.3,311.7,1358.0,27.4,101.0,0,No Failure,0,0,0,0,0,157.9,71.8
5637,L15636,L,299.8,309.7,1168.0,30.0,105.0,0,No Failure,0,0,0,0,0,150.2,68.3
5638,M15637,M,299.2,310.9,1168.0,46.9,108.0,0,No Failure,0,0,0,0,0,144.6,65.7
5639,L15638,L,301.5,311.8,1168.0,54.2,112.0,0,No Failure,0,0,0,0,0,134.3,61.0
5640,M15639,M,299.9,309.8,1168.0,47.3,115.0,0,No Failure,0,0,0,0,0,138.4,62.9
5641,L15640,L,300.2,310.8,1168.0,38.3,118.0,0,No Failure,0,0,0,0,0,141.0,64.1
5642,M15641,M,301.5,311.5,1199.0,56.8,121.0,0,No Failure,0,0,0,0,0,129.0,58.6
5643,M15642,M,302.6,312.8,1201.0,35.6,125.0,0,No Failure,0,0,0,0,0,140.5,63.9
5644,L15643,L,310.54,309.5,1168.0,28.5,128.0,1,PWF (Power Failure),0,0,1,0,0,5.9,59.5
5645,M15644,M,299.4,309.0,1382.0,42.5,130.0,0,No Failure,0,0,0,0,0,131.2,59.6
5646,L15645,L,301.2,301.98,1219.0,52.9,134.0,0,No Failure,0,0,0,0,0,118.5,53.9
5647,M15646,M,302.2,310.2,1286.0,31.6,136.0,1,HDF (Heat Dissipation),0,1,0,0,0,0.0,55.5
5648,L15647,L,303.8,314.3,1354.0,23.0,140.0,1,PWF (Power Failure),0,0,1,0,0,4.0,56.5
5649,L15648,L,299.3,308.8,1287.0,40.4,142.0,0,No Failure,0,0,0,0,0,119.5,54.3
5650,L15649,L,300.6,308.7,1225.0,47.7,145.0,1,HDF (Heat Dissipation),0,1,0,0,0,0.6,43.6
5651,H15650,H,303.3,312.3,1844.0,10.4,148.0,1,PWF (Power Failure),0,0,1,0,0,2.5,56.8
5652,L15651,L,304.7,314.7,1182.0,49.8,154.0,0,No Failure,0,0,0,0,0,106.2,48.3
5653,M15652,M,299.4,309.5,1171.0,26.3,157.0,1,PWF (Power Failure),0,0,1,0,0,5.3,51.1
5654,L15653,L,299.9,310.6,1259.0,47.2,160.0,0,No Failure,0,0,0,0,0,104.3,47.4
5655,L15654,L,301.9,312.7,1198.0,20.0,162.0,1,PWF (Power Failure),0,0,1,0,0,0.1,48.8
5656,L15655,L,300.2,308.7,1413.0,25.3,164.0,0,No Failure,0,0,0,0,0,119.0,54.1
5657,H15656,H,299.8,310.2,1231.0,46.2,166.0,0,No Failure,0,0,0,0,0,108.0,49.1
5658,M15657,M,301.6,312.3,1171.0,52.2,171.0,0,No Failure,0,0,0,0,0,95.7,43.5
5659,L15658,L,304.0,314.2,1168.0,39.9,174.0,0,No Failure,0,0,0,0,0,101.8,46.3
5660,M15659,M,298.8,309.3,1168.0,64.0,176.0,0,No Failure,0,0,0,0,0,80.6,36.6
5661,L15660,L,303.9,312.0,1205.0,29.8,179.0,1,HDF (Heat Dissipation),0,1,0,0,0,2.9,39.8
5662,L15661,L,300.2,309.2,1311.0,29.6,182.0,0,No Failure,0,0,0,0,0,101.5,46.1
5663,M15662,M,301.8,313.2,1364.0,37.0,185.0,0,No Failure,0,0,0,0,0,101.0,45.9
5664,L15663,L,304.1,313.8,1402.0,36.5,188.0,0,No Failure,0,0,0,0,0,95.5,43.4
5665,L15664,L,301.8,314.0,1302.0,42.8,190.0,0,No Failure,0,0,0,0,0,87.6,39.8
5666,M15665,M,300.7,309.4,1252.0,32.6,192.0,0,No Failure,0,0,0,0,0,89.8,40.8
5667,L15666,L,302.5,314.1,1168.0,45.7,195.0,0,No Failure,0,0,0,0,0,80.7,36.7
5668,H15667,H,300.9,310.3,1178.0,45.4,198.0,0,No Failure,0,0,0,0,0,80.6,36.7
5669,M15668,M,302.1,313.0,1168.0,56.1,204.0,0,No Failure,0,0,0,0,0,67.3,30.6
5670,H15669,H,300.8,310.5,1308.0,35.1,208.0,1,TWF (Tool Wear Failure),1,0,0,0,0,0.7,40.7
5671,M15670,M,302.7,312.8,1168.0,43.4,214.0,1,TWF (Tool Wear Failure),1,0,0,0,0,4.5,34.0
5672,H15671,H,298.7,309.3,1168.0,46.1,,0,No Failure,0,0,0,0,0,220.0,100.0
5673,L15672,L,299.4,308.8,1278.0,39.9,6.0,0,No Failure,0,0,0,0,0,211.4,96.1
5674,M15673,M,298.7,309.5,1386.0,37.9,9.0,0,No Failure,0,0,0,0,0,214.2,97.3
5675,M15674,M,301.1,310.8,1487.0,19.4,13.0,1,PWF (Power Failure),0,0,1,0,0,1.8,87.0
5676,H15675,H,298.4,308.6,1168.0,-15.11,17.0,0,No Failure,0,0,0,0,0,209.0,95.0
5677,L15676,L,299.9,307.3,1168.0,46.0,23.0,1,HDF (Heat Dissipation),0,1,0,0,0,6.3,79.5
5678,M15677,M,299.2,308.9,1168.0,39.4,25.0,0,No Failure,0,0,0,0,0,200.3,91.0
5679,M15678,M,303.9,315.2,1323.0,32.2,29.0,0,No Failure,0,0,0,0,0,202.1,91.9
5680,L15679,L,299.4,310.1,,-30.44,33.0,1,PWF (Power Failure),0,0,1,0,0,1.8,84.3
5681,H15680,H,298.9,309.8,1168.0,44.5,35.0,0,No Failure,0,0,0,0,0,196.7,89.4
5682,L15681,L,301.6,311.7,1336.0,40.3,40.0,0,No Failure,0,0,0,0,0,192.7,87.6
5683,L15682,L,304.2,315.9,1287.0,53.9,43.0,0,No Failure,0,0,0,0,0,187.2,85.1
5684,M15683,M,301.0,311.3,1465.0,25.5,45.0,0,No Failure,0,0,0,0,0,193.9,88.1
5685,L15684,L,301.1,310.4,1168.0,82.82,49.0,0,No Failure,0,0,0,0,0,180.4,82.0
5686,L15685,L,303.5,314.4,1176.0,26.8,51.0,1,PWF (Power Failure),0,0,1,0,0,7.4,79.8
5687,L15686,L,302.8,313.7,1739.09,50.3,53.0,0,No Failure,0,0,0,0,0,180.7,82.1
5688,L15687,L,302.0,312.6,1168.0,52.4,55.0,0,No Failure,0,0,0,0,0,178.5,81.1
5689,M15688,M,300.1,309.7,1168.0,59.2,58.0,0,No Failure,0,0,0,0,0,171.2,77.8
5690,H15689,H,302.0,312.3,1168.0,45.2,62.0,0,No Failure,0,0,0,0,0,178.5,81.1
5691,M15690,M,298.7,310.1,1168.0,47.9,68.0,0,No Failure,0,0,0,0,0,172.2,78.3
5692,L15691,L,300.1,310.6,1345.0,44.4,72.0,0,No Failure,0,0,0,0,0,169.1,76.9
5693,M15692,M,303.8,312.3,1168.0,45.7,75.0,1,HDF (Heat Dissipation),0,1,0,0,0,7.6,68.9
5694,H15693,H,303.5,312.9,1168.0,40.5,78.0,0,No Failure,0,0,0,0,0,163.0,74.1
5695,M15694,M,302.0,311.3,1168.0,46.2,84.0,0,No Failure,0,0,0,0,0,154.0,70.0
5696,L15695,L,297.7,306.9,1168.0,61.4,87.0,0,No Failure,0,0,0,0,0,140.9,64.0
5697,L15696,L,299.0,306.9,1168.0,42.2,89.0,1,HDF (Heat Dissipation),0,1,0,0,0,2.1,61.5
5698,H15697,H,300.0,311.9,1299.0,40.2,92.0,0,No Failure,0,0,0,0,0,160.7,73.1
5699,H15698,H,300.9,310.0,1168.0,42.0,97.0,0,No Failure,0,0,0,0,0,146.7,66.7
5700,L15699,L,298.9,308.1,1204.0,38.5,103.0,0,No Failure,0,0,0,0,0,142.2,64.6
5701,H15700,H,300.7,308.8,1181.0,42.5,106.0,1,HDF (Heat Dissipation),0,1,0,0,0,6.4,58.9
5702,L15701,L,304.4,315.3,1398.0,38.2,111.0,0,No Failure,0,0,0,0,0,145.7,66.2
5703,L15702,L,301.9,311.8,1339.0,51.4,113.0,0,No Failure,0,0,0,0,0,134.9,61.3
5704,M15703,M,301.6,311.2,1168.0,50.4,116.0,0,No Failure,0,0,0,0,0,132.4,60.2
5705,M15704,M,299.3,309.0,1202.0,61.7,120.0,0,No Failure,0,0,0,0,0,123.2,56.0
5706,L15705,L,298.2,308.8,1207.0,85.41,124.0,0,No Failure,0,0,0,0,0,135.8,61.7
5707,H15706,H,299.0,308.5,1234.0,42.9,127.0,0,No Failure,0,0,0,0,0,131.7,59.9
5708,H15707,H,298.2,306.2,1225.0,42.5,133.0,1,HDF (Heat Dissipation),0,1,0,0,0,1.6,51.4
5709,L15708,L,301.3,310.0,1180.0,42.0,139.0,0,No Failure,0,0,0,0,0,109.5,49.8
5710,M15709,M,292.59,310.6,,51.3,141.0,0,No Failure,0,0,0,0,0,105.8,48.1
5711,M15710,M,299.4,309.7,1273.0,23.8,145.0,1,PWF (Power Failure),0,0,1,0,0,6.3,54.5
5712,M15711,M,301.4,312.3,1182.0,44.6,149.0,0,No Failure,0,0,0,0,0,117.9,53.6
5713,H15712,H,303.8,315.3,1199.0,60.0,153.0,0,No Failure,0,0,0,0,0,106.1,48.2
5714,M15713,M,304.7,313.1,1168.0,53.6,158.0,1,HDF (Heat Dissipation),0,1,0,0,0,0.9,39.2
5715,L15714,L,302.6,313.2,1168.0,52.5,162.0,0,No Failure,0,0,0,0,0,97.7,44.4
5716,L15715,L,300.9,310.3,1168.0,48.4,164.0,0,No Failure,0,0,0,0,0,93.6,42.6
5717,H15716,H,302.5,315.4,1291.0,76.44,167.0,0,No Failure,0,0,0,0,0,117.7,53.5
5718,H15717,H,303.6,315.0,1280.0,32.5,172.0,0,No Failure,0,0,0,0,0,115.9,52.7
5719,L15718,L,297.6,309.3,1168.0,32.6,178.0,0,No Failure,0,0,0,0,0,106.9,48.6
5720,L15719,L,303.8,314.6,1243.0,28.6,180.0,0,No Failure,0,0,0,0,0,107.8,49.0
5721,M15720,M,300.2,310.6,1207.0,49.5,182.0,0,No Failure,0,0,0,0,0,90.4,41.1
5722,L15721,L,300.2,309.8,1168.0,54.7,185.0,0,No Failure,0,0,0,0,0,73.5,33.4
5723,L15722,L,300.5,309.9,1168.0,44.3,187.0,0,No Failure,0,0,0,0,0,81.4,37.0
5724,H15723,H,301.7,310.9,1242.0,48.0,483.11,0,No Failure,0,0,0,0,0,83.5,37.9
5725,H15724,H,299.2,309.8,1168.0,42.9,194.0,0,No Failure,0,0,0,0,0,92.4,42.0
5726,H15725,H,300.6,312.2,1181.0,45.7,199.0,0,No Failure,0,0,0,0,0,86.3,39.2
5727,M15726,M,302.1,311.7,1284.0,18.8,205.0,1,PWF (Power Failure),0,0,1,0,0,3.1,38.0
5728,L15727,L,301.6,310.9,1198.0,,209.0,0,No Failure,0,0,0,0,0,66.3,30.1
5729,H15728,H,301.8,310.3,1168.0,35.7,0.0,1,HDF (Heat Dissipation),0,1,0,0,0,3.1,92.5
5730,L15729,L,300.6,310.8,1168.0,39.6,6.0,0,No Failure,0,0,0,0,0,215.9,98.2
5731,L15730,L,302.4,313.6,1168.0,42.3,9.0,0,No Failure,0,0,0,0,0,213.8,97.2
5732,H15731,H,303.1,314.4,1314.0,32.8,12.0,0,No Failure,0,0,0,0,0,212.7,96.7
5733,M15732,M,303.0,314.4,1288.0,29.2,18.0,0,No Failure,0,0,0,0,0,209.2,95.1
5734,H15733,H,301.9,312.3,1168.0,32.5,22.0,0,No Failure,0,0,0,0,0,206.7,94.0
5735,L15734,L,302.8,312.9,1455.0,25.5,28.0,0,No Failure,0,0,0,0,0,203.4,92.5
5736,H15735,H,302.7,314.0,1180.0,28.4,31.0,0,No Failure,0,0,0,0,0,193.9,88.1
5737,M15736,M,306.0,314.9,1365.0,29.8,36.0,0,No Failure,0,0,0,0,0,194.1,88.2
5738,M15737,M,303.3,312.9,1183.0,25.6,39.0,1,PWF (Power Failure),0,0,1,0,0,1.2,79.8
5739,H15738,H,301.0,312.7,1320.0,45.3,43.0,0,No Failure,0,0,0,0,0,191.2,86.9
5740,L15739,L,299.5,308.4,1402.0,31.0,49.0,0,No Failure,0,0,0,0,0,187.0,85.0
5741,M15740,M,300.7,310.7,1529.0,21.4,52.0,1,PWF (Power Failure),0,0,1,0,0,6.2,82.1
5742,M15741,M,300.6,311.2,1292.0,36.0,56.0,0,No Failure,0,0,0,0,0,184.3,83.8
5743,M15742,M,302.1,312.2,1263.0,28.9,60.0,0,No Failure,0,0,0,0,0,184.1,83.7
5744,H15743,H,299.9,311.0,1168.0,54.6,63.0,0,No Failure,0,0,0,0,0,174.8,79.5
5745,M15744,M,303.3,314.8,1168.0,41.3,69.0,0,No Failure,0,0,0,0,0,174.0,79.1
5746,L15745,L,298.6,309.1,1279.0,25.3,73.0,1,PWF (Power Failure),0,0,1,0,0,5.3,75.2
5747,L15746,L,298.2,309.6,1168.0,45.7,75.0,0,No Failure,0,0,0,0,0,166.4,75.7
5748,H15747,H,300.9,310.0,1168.0,40.8,-247.63,0,No Failure,0,0,0,0,0,159.6,72.6
5749,H15748,H,299.6,309.4,1296.0,37.6,84.0,0,No Failure,0,0,0,0,0,165.6,75.3
5750,H15749,H,298.9,311.3,1169.0,55.7,90.0,0,No Failure,0,0,0,0,0,154.9,70.4
5751,L15750,L,300.0,311.9,1408.0,30.2,96.0,0,No Failure,0,0,0,0,0,160.4,72.9
5752,L15751,L,299.8,308.5,1181.0,50.4,99.0,0,No Failure,0,0,0,0,0,132.2,60.1
5753,M15752,M,301.2,321.96,1168.0,35.9,102.0,0,No Failure,0,0,0,0,0,155.0,70.4
5754,M15753,M,300.0,310.1,,39.8,106.0,0,No Failure,0,0,0,0,0,150.2,68.3
5755,L15754,L,300.2,310.6,1202.0,32.5,109.0,0,No Failure,0,0,0,0,0,150.8,68.5
5756,M15755,M,301.1,312.4,1326.0,33.1,112.0,0,No Failure,0,0,0,0,0,150.3,68.3
5757,L15756,L,303.0,314.8,1811.47,35.6,116.0,0,No Failure,0,0,0,0,0,144.2,65.5
5758,L15757,L,303.8,313.8,1597.0,21.0,118.0,0,No Failure,0,0,0,0,0,145.3,66.0
5759,L15758,L,301.4,312.5,1280.0,43.5,121.0,0,No Failure,0,0,0,0,0,135.2,61.4
5760,L15759,L,301.5,312.1,1235.0,41.1,124.0,0,No Failure,0,0,0,0,0,134.9,61.3
5761,L15760,L,300.8,310.8,1299.0,25.0,126.0,1,PWF (Power Failure),0,0,1,0,0,3.8,61.2
5762,H15761,H,302.0,310.3,1350.0,46.6,129.0,1,HDF (Heat Dissipation),0,1,0,0,0,1.2,56.9
5763,M15762,M,301.8,312.8,1168.0,54.6,135.0,0,No Failure,0,0,0,0,0,120.1,54.6
5764,H15763,H,303.5,314.1,1211.0,33.4,138.0,0,No Failure,0,0,0,0,0,135.9,61.8
5765,L15764,L,297.7,308.1,1319.0,32.2,144.0,0,No Failure,0,0,0,0,0,128.8,58.6
5766,L15765,L,300.7,309.7,1245.0,51.1,146.0,0,No Failure,0,0,0,0,0,102.0,46.4
5767,L15766,L,290.45,313.7,1310.0,44.0,148.0,0,No Failure,0,0,0,0,0,115.8,52.6
5768,M15767,M,301.1,311.3,1678.2,38.6,150.0,0,No Failure,0,0,0,0,0,122.2,55.5
5769,L15768,L,299.4,308.3,1259.0,48.1,154.0,0,No Failure,0,0,0,0,0,98.6,44.8
5770,M15769,M,298.8,307.5,1200.0,42.7,157.0,0,No Failure,0,0,0,0,0,99.7,45.3
5771,H15770,H,302.6,313.3,1168.0,54.3,161.0,0,No Failure,0,0,0,0,0,104.8,47.6
5772,H15771,H,311.02,310.5,1168.0,39.8,166.0,0,No Failure,0,0,0,0,0,113.4,51.6
5773,L15772,L,298.0,307.5,1300.0,44.3,171.0,0,No Failure,0,0,0,0,0,96.0,43.6
5774,M15773,M,302.7,313.2,1321.0,51.0,173.0,0,No Failure,0,0,0,0,0,95.4,43.3
5775,L15774,L,301.9,312.6,1731.0,15.5,176.0,1,PWF (Power Failure),0,0,1,0,0,0.5,47.4
5776,L15775,L,300.9,311.0,1168.0,51.3,179.0,0,No Failure,0,0,0,0,0,86.1,39.2
5777,M15776,M,299.5,,1186.0,34.9,182.0,0,No Failure,0,0,0,0,0,97.3,44.2
5778,M15777,M,300.9,311.9,1168.0,45.0,186.0,0,No Failure,0,0,0,0,0,92.1,41.9
5779,M15778,M,303.3,314.1,1296.0,56.6,189.0,0,No Failure,0,0,0,0,0,78.0,35.5
5780,L15779,L,298.2,308.8,1208.0,36.9,192.0,0,No Failure,0,0,0,0,0,93.0,42.3
5781,H15780,H,298.3,307.5,1168.0,35.4,195.0,0,No Failure,0,0,0,0,0,90.4,41.1
5782,H15781,H,300.0,308.7,1200.0,39.5,201.0,1,TWF (Tool Wear Failure),1,0,0,0,0,2.1,35.0
5783,L15782,L,301.1,311.2,1423.0,25.5,206.0,0,No Failure,0,0,0,0,0,97.8,44.5
5784,H15783,H,300.2,311.1,1187.0,,209.0,0,No Failure,0,0,0,0,0,62.3,28.3
5785,L15784,L,302.3,313.3,1373.0,82.41,539.61,1,TWF (Tool Wear Failure),1,0,0,0,0,0.5,33.8
5786,M15785,M,314.37,313.7,1314.0,,218.0,1,OSF (Overstrain Failure),0,0,0,1,0,3.4,25.6
5787,H15786,H,301.6,311.1,1422.0,36.7,0.0,0,No Failure,0,0,0,0,0,219.4,99.7
5788,H15787,H,302.1,311.3,,40.3,5.0,0,No Failure,0,0,0,0,0,208.0,94.5
5789,H15788,H,301.6,311.6,1168.0,49.4,11.0,0,No Failure,0,0,0,0,0,212.4,96.5
5790,L15789,L,301.1,311.1,1168.0,29.0,17.0,0,No Failure,0,0,0,0,0,202.6,92.1
5791,H15790,H,298.8,309.9,1214.0,39.0,20.0,0,No Failure,0,0,0,0,0,207.2,94.2
5792,M15791,M,299.2,308.7,1168.0,49.1,25.0,0,No Failure,0,0,0,0,0,196.7,89.4
5793,L15792,L,298.7,308.3,1310.0,37.9,-270.99,0,No Failure,0,0,0,0,0,198.8,90.4
5794,L15793,L,300.8,312.9,1199.0,35.2,31.0,0,No Failure,0,0,0,0,0,199.8,90.8
5795,M15794,M,301.5,313.1,1168.0,51.2,33.0,0,No Failure,0,0,0,0,0,196.2,89.2
5796,M15795,M,298.5,307.6,1261.0,54.0,37.0,0,No Failure,0,0,0,0,0,185.2,84.2
5797,M15796,M,301.2,312.7,1168.0,55.6,41.0,0,No Failure,0,0,0,0,0,189.4,86.1
5798,H15797,H,299.5,308.4,1168.0,33.3,,0,No Failure,0,0,0,0,0,181.1,82.3
5799,M15798,M,289.03,308.8,1168.0,34.2,49.0,0,No Failure,0,0,0,0,0,184.8,84.0
5800,L15799,L,300.0,309.7,1340.0,35.3,53.0,0,No Failure,0,0,0,0,0,184.0,83.6
5801,L15800,L,299.1,309.0,1388.0,47.2,56.0,0,No Failure,0,0,0,0,0,179.2,81.5
5802,M15801,M,302.2,312.8,1466.0,28.0,59.0,0,No Failure,0,0,0,0,0,185.0,84.1
5803,M15802,M,300.8,310.9,1226.0,28.6,,0,No Failure,0,0,0,0,0,178.8,81.3
5804,M15803,M,302.5,313.1,1365.0,32.9,67.0,0,No Failure,0,0,0,0,0,178.4,81.1
5805,M15804,M,300.3,309.9,1168.0,30.6,70.0,0,No Failure,0,0,0,0,0,171.4,77.9
5806,M15805,M,300.3,300.61,1285.0,48.8,73.0,0,No Failure,0,0,0,0,0,168.3,76.5
5807,M15806,M,304.4,314.5,1228.0,48.2,77.0,0,No Failure,0,0,0,0,0,165.7,75.3
5808,H15807,H,298.2,306.8,1352.0,35.2,80.0,0,No Failure,0,0,0,0,0,164.5,74.8
5809,L15808,L,303.4,313.9,1168.0,38.1,85.0,0,No Failure,0,0,0,0,0,163.2,74.2
5810,M15809,M,304.1,314.2,1543.0,14.6,87.0,1,PWF (Power Failure),0,0,1,0,0,0.4,69.4
5811,M15810,M,302.5,311.8,1392.0,35.4,91.0,0,No Failure,0,0,0,0,0,160.5,72.9
5812,L15811,L,300.5,310.1,1169.0,52.4,95.0,0,No Failure,0,0,0,0,0,143.9,65.4
5813,M15812,M,303.6,313.2,1168.0,34.9,98.0,0,No Failure,0,0,0,0,0,153.7,69.8
5814,M15813,M,300.5,310.3,1309.0,29.1,102.0,0,No Failure,0,0,0,0,0,157.6,71.6
5815,M15814,M,299.8,311.6,1168.0,53.8,105.0,0,No Failure,0,0,0,0,0,142.7,64.9
5816,M15815,M,300.4,312.5,1307.0,28.9,108.0,0,No Failure,0,0,0,0,0,155.3,70.6
5817,L15816,L,300.0,317.31,1168.0,55.5,111.0,1,HDF (Heat Dissipation),0,1,0,0,0,3.9,47.5
5818,L15817,L,299.4,309.9,1168.0,68.9,114.0,0,No Failure,0,0,0,0,0,122.7,55.8
5819,L15818,L,303.1,314.1,1344.0,38.9,117.0,0,No Failure,0,0,0,0,0,141.2,64.2
5820,L15819,L,299.7,309.5,1168.0,52.4,119.0,0,No Failure,0,0,0,0,0,128.0,58.2
5821,M15820,M,301.0,311.9,1361.0,23.3,121.0,1,PWF (Power Failure),0,0,1,0,0,3.5,62.8
5822,H15821,H,298.5,310.2,1349.0,22.9,125.0,1,PWF (Power Failure),0,0,1,0,0,1.9,61.3
5823,M15822,M,301.1,309.7,1269.0,32.0,130.0,1,HDF (Heat Dissipation),0,1,0,0,0,4.0,58.5
5824,L15823,L,299.0,,1275.0,48.2,134.0,0,No Failure,0,0,0,0,0,122.3,55.6
5825,L15824,L,298.9,310.9,1213.0,40.0,137.0,0,No Failure,0,0,0,0,0,126.8,57.7
5826,L15825,L,300.9,309.7,1323.0,86.97,140.0,0,No Failure,0,0,0,0,0,119.7,54.4
5827,M15826,M,303.0,312.9,1385.0,27.1,142.0,0,No Failure,0,0,0,0,0,136.1,61.8
5828,L15827,L,301.8,311.4,703.6,38.7,146.0,0,No Failure,0,0,0,0,0,119.0,54.1
5829,M15828,M,302.0,313.1,1300.0,33.6,149.0,0,No Failure,0,0,0,0,0,126.9,57.7
5830,M15829,M,300.8,312.0,1226.0,30.8,153.0,0,No Failure,0,0,0,0,0,126.8,57.6
5831,M15830,M,300.4,310.6,1344.0,29.9,157.0,0,No Failure,0,0,0,0,0,125.1,56.9
5832,L15831,L,302.5,312.5,1168.0,41.9,160.0,0,No Failure,0,0,0,0,0,109.4,49.7
5833,L15832,L,300.0,308.3,1286.0,32.8,,1,HDF (Heat Dissipation),0,1,0,0,0,0.9,47.5
5834,M15833,M,302.5,313.9,1168.0,-10.17,165.0,0,No Failure,0,0,0,0,0,111.2,50.5
5835,M15834,M,303.3,312.9,1174.0,22.3,168.0,1,PWF (Power Failure),0,0,1,0,0,2.6,45.0
5836,L15835,L,299.5,309.4,1171.0,45.0,172.0,0,No Failure,0,0,0,0,0,96.8,44.0
5837,H15836,H,299.8,320.12,1168.0,42.4,174.0,0,No Failure,0,0,0,0,0,106.0,48.2
5838,M15837,M,300.1,310.3,1428.0,37.7,180.0,0,No Failure,0,0,0,0,0,103.5,47.0
5839,L15838,L,298.4,309.4,1168.0,41.6,184.0,0,No Failure,0,0,0,0,0,93.1,42.3
5840,L15839,L,300.2,310.8,1193.0,49.3,187.0,0,No Failure,0,0,0,0,0,82.4,37.5
5841,L15840,L,303.4,313.6,1270.0,25.5,190.0,1,PWF (Power Failure),0,0,1,0,0,1.2,43.7
5842,L15841,L,299.1,309.4,1168.0,40.7,193.0,0,No Failure,0,0,0,0,0,87.9,40.0
5843,L15842,L,303.4,312.3,1168.0,26.9,196.0,1,PWF (Power Failure),0,0,1,0,0,3.7,34.5
5844,M15843,M,300.2,310.1,1168.0,40.9,198.0,0,No Failure,0,0,0,0,0,87.2,39.7
5845,L15844,L,304.8,315.9,1200.0,37.4,202.0,0,No Failure,0,0,0,0,0,85.8,39.0
5846,H15845,H,299.8,308.9,1168.0,39.8,205.0,0,No Failure,0,0,0,0,0,78.5,35.7
5847,H15846,H,300.8,310.1,1175.0,48.5,0.0,0,No Failure,0,0,0,0,0,212.3,96.5
5848,L15847,L,299.4,308.5,1274.0,48.2,5.0,0,No Failure,0,0,0,0,0,209.4,95.2
5849,L15848,L,299.8,310.0,1168.0,50.9,8.0,0,No Failure,0,0,0,0,0,214.0,97.3
5850,M15849,M,303.4,314.8,1342.0,36.0,10.0,0,No Failure,0,0,0,0,0,213.6,97.1
5851,H15850,H,301.9,312.4,1168.0,47.0,13.0,0,No Failure,0,0,0,0,0,211.2,96.0
5852,H15851,H,302.9,310.7,1168.0,45.1,18.0,1,HDF (Heat Dissipation),0,1,0,0,0,1.1,83.5
5853,L15852,L,298.6,309.2,1168.0,36.3,24.0,0,No Failure,0,0,0,0,0,204.2,92.8
5854,L15853,L,302.2,311.8,1168.0,41.2,26.0,0,No Failure,0,0,0,0,0,197.7,89.9
5855,L15854,L,299.3,309.8,1168.0,38.7,28.0,0,No Failure,0,0,0,0,0,201.2,91.4
5856,H15855,H,298.6,308.5,1168.0,53.9,30.0,0,No Failure,0,0,0,0,0,197.5,89.8
5857,M15856,M,301.4,310.5,1168.0,48.1,36.0,0,No Failure,0,0,0,0,0,184.7,84.0
5858,M15857,M,301.4,311.3,1215.0,36.6,39.0,0,No Failure,0,0,0,0,0,194.0,88.2
5859,M15858,M,301.1,310.7,1168.0,35.9,42.0,0,No Failure,0,0,0,0,0,188.8,85.8
5860,L15859,L,302.3,312.6,1168.0,49.6,45.0,0,No Failure,0,0,0,0,0,186.8,84.9
5861,M15860,M,302.6,311.7,1168.0,53.4,48.0,0,No Failure,0,0,0,0,0,174.9,79.5
5862,L15861,L,303.6,312.5,1200.0,43.2,51.0,0,No Failure,0,0,0,0,0,172.2,78.3
5863,M15862,M,298.8,309.5,1189.0,46.6,54.0,0,No Failure,0,0,0,0,0,182.4,82.9
5864,M15863,M,303.7,314.8,1318.0,53.0,-292.27,0,No Failure,0,0,0,0,0,177.6,80.7
5865,M15864,M,304.4,304.27,1168.0,38.3,62.0,0,No Failure,0,0,0,0,0,179.7,81.7
5866,L15865,L,300.3,309.7,,40.8,65.0,0,No Failure,0,0,0,0,0,168.9,76.8
5867,H15866,H,298.0,307.3,1168.0,44.9,67.0,0,No Failure,0,0,0,0,0,167.5,76.2
5868,M15867,M,298.5,307.8,1168.0,35.7,73.0,0,No Failure,0,0,0,0,0,165.8,75.4
5869,L15868,L,300.2,311.1,1168.0,57.0,76.0,0,No Failure,0,0,0,0,0,160.6,73.0
5870,L15869,L,304.6,313.8,1298.0,35.6,79.0,0,No Failure,0,0,0,0,0,163.0,74.1
5871,M15870,M,301.0,311.9,1314.0,40.6,81.0,0,No Failure,0,0,0,0,0,166.3,75.6
5872,L15871,L,299.9,310.5,1168.0,12.67,85.0,0,No Failure,0,0,0,0,0,152.4,69.3
5873,L15872,L,299.7,310.9,1647.0,21.4,87.0,0,No Failure,0,0,0,0,0,167.5,76.2
5874,L15873,L,298.6,309.7,,42.2,90.0,0,No Failure,0,0,0,0,0,157.6,71.6
5875,L15874,L,302.5,313.0,1264.0,33.4,92.0,0,No Failure,0,0,0,0,0,161.1,73.2
5876,L15875,L,300.8,309.3,1397.0,40.0,95.0,0,No Failure,0,0,0,0,0,151.9,69.0
5877,M15876,M,304.7,315.3,1301.0,27.9,97.0,0,No Failure,0,0,0,0,0,162.4,73.8
5878,L15877,L,302.1,312.2,818.49,36.3,100.0,0,No Failure,0,0,0,0,0,154.2,70.1
5879,M15878,M,302.5,312.1,1168.0,40.2,102.0,0,No Failure,0,0,0,0,0,148.2,67.3
5880,L15879,L,300.5,311.9,1168.0,42.4,,0,No Failure,0,0,0,0,0,146.4,66.5
5881,L15880,L,299.0,308.8,1168.0,49.0,109.0,0,No Failure,0,0,0,0,0,137.8,62.6
5882,L15881,L,299.4,308.9,1431.0,16.8,111.0,1,PWF (Power Failure),0,0,1,0,0,7.2,62.5
5883,M15882,M,298.5,309.6,1388.0,38.7,113.0,0,No Failure,0,0,0,0,0,146.2,66.5
5884,H15883,H,302.6,312.2,1168.0,38.3,117.0,0,No Failure,0,0,0,0,0,141.4,64.3
5885,L15884,L,300.3,309.7,1168.0,39.4,122.0,0,No Failure,0,0,0,0,0,130.9,59.5
5886,L15885,L,302.7,311.6,1264.0,40.3,124.0,0,No Failure,0,0,0,0,0,126.5,57.5
5887,L15886,L,301.2,310.4,1168.0,31.7,126.0,0,No Failure,0,0,0,0,0,131.8,59.9
5888,L15887,L,300.4,309.7,1249.0,24.5,128.0,1,PWF (Power Failure),0,0,1,0,0,5.2,55.6
5889,H15888,H,298.8,309.4,1168.0,42.2,131.0,0,No Failure,0,0,0,0,0,134.3,61.0
5890,L15889,L,301.5,310.5,1522.0,30.1,137.0,0,No Failure,0,0,0,0,0,135.0,61.4
5891,H15890,H,300.5,308.6,1168.0,44.0,139.0,1,HDF (Heat Dissipation),0,1,0,0,0,7.8,48.6
5892,M15891,M,302.6,312.9,1268.0,30.6,145.0,0,No Failure,0,0,0,0,0,131.8,59.9
5893,M15892,M,299.7,309.1,1168.0,46.9,149.0,0,No Failure,0,0,0,0,0,109.4,49.7
5894,H15893,H,302.0,312.0,1214.0,39.5,152.0,0,No Failure,0,0,0,0,0,122.6,55.7
5895,L15894,L,303.9,315.2,1191.0,40.1,157.0,0,No Failure,0,0,0,0,0,113.1,51.4
5896,M15895,M,301.4,,1172.0,37.5,159.0,0,No Failure,0,0,0,0,0,117.2,53.3
5897,L15896,L,302.3,313.8,1256.0,35.9,162.0,0,No Failure,0,0,0,0,0,113.8,51.7
5898,H15897,H,302.0,311.9,1168.0,37.7,164.0,0,No Failure,0,0,0,0,0,115.4,52.4
5899,M15898,M,304.3,315.3,1168.0,51.8,169.0,0,No Failure,0,0,0,0,0,97.5,44.3
5900,L15899,L,301.6,311.1,1168.0,24.7,172.0,1,PWF (Power Failure),0,0,1,0,0,6.4,41.8
5901,H15900,H,302.2,312.3,1168.0,33.5,175.0,0,No Failure,0,0,0,0,0,113.2,51.5
5902,L15901,L,300.9,310.0,1168.0,50.6,180.0,0,No Failure,0,0,0,0,0,76.3,34.7
5903,L15902,L,299.5,308.7,1298.0,48.2,183.0,0,No Failure,0,0,0,0,0,81.2,36.9
5904,M15903,M,298.7,308.5,1168.0,53.4,186.0,0,No Failure,0,0,0,0,0,81.3,37.0
5905,L15904,L,303.2,311.9,1188.0,39.4,190.0,0,No Failure,0,0,0,0,0,77.2,35.1
5906,H15905,H,307.44,309.3,1209.0,26.8,192.0,1,PWF (Power Failure),0,0,1,0,0,0.6,44.6
5907,M15906,M,302.3,312.0,1168.0,28.9,197.0,0,No Failure,0,0,0,0,0,91.4,41.6
5908,M15907,M,301.7,311.9,1441.0,37.0,200.0,0,No Failure,0,0,0,0,0,91.3,41.5
5909,L15908,L,302.6,311.3,1168.0,47.6,203.0,0,No Failure,0,0,0,0,0,58.4,26.5
5910,L15909,L,300.0,310.7,1168.0,37.5,205.0,1,TWF (Tool Wear Failure),1,0,0,0,0,7.4,38.0
5911,H15910,H,299.5,311.2,1168.0,36.7,0.0,0,No Failure,0,0,0,0,0,220.0,100.0
5912,L15911,L,301.6,313.1,1168.0,44.0,6.0,0,No Failure,0,0,0,0,0,215.8,98.1
5913,M15912,M,300.4,312.3,1168.0,40.3,9.0,0,No Failure,0,0,0,0,0,214.0,97.3
5914,L15913,L,298.7,308.7,1238.0,35.6,12.0,0,No Failure,0,0,0,0,0,212.2,96.4
5915,L15914,L,304.4,314.0,1168.0,30.0,15.0,0,No Failure,0,0,0,0,0,202.7,92.1
5916,M15915,M,299.5,310.0,1168.0,49.5,17.0,0,No Failure,0,0,0,0,0,207.9,94.5
5917,M15916,M,299.1,308.9,1168.0,50.5,21.0,0,No Failure,0,0,0,0,0,202.7,92.1
5918,M15917,M,300.5,308.8,1216.0,29.4,25.0,1,HDF (Heat Dissipation),0,1,0,0,0,5.8,84.5
5919,H15918,H,303.1,313.9,1243.0,36.0,28.0,0,No Failure,0,0,0,0,0,202.6,92.1
5920,L15919,L,297.0,306.8,1245.0,46.7,33.0,0,No Failure,0,0,0,0,0,194.4,88.4
5921,L15920,L,293.42,311.5,1414.0,28.6,36.0,0,No Failure,0,0,0,0,0,195.6,88.9
5922,L15921,L,,308.7,1168.0,43.7,38.0,0,No Failure,0,0,0,0,0,187.8,85.4
5923,M15922,M,301.4,311.2,1168.0,36.7,40.0,0,No Failure,0,0,0,0,0,192.1,87.3
5924,L15923,L,299.7,309.7,1188.0,27.8,43.0,1,PWF (Power Failure),0,0,1,0,0,7.2,83.9
5925,M15924,M,304.5,314.5,1168.0,57.8,46.0,0,No Failure,0,0,0,0,0,185.1,84.2
5926,L15925,L,301.1,312.5,1168.0,36.6,49.0,0,No Failure,0,0,0,0,0,187.7,85.3
5927,H15926,H,299.6,308.3,1168.0,45.2,51.0,0,No Failure,0,0,0,0,0,171.6,78.0
5928,H15927,H,300.3,310.1,1396.0,28.8,56.0,0,No Failure,0,0,0,0,0,186.7,84.9
5929,H15928,H,301.0,310.1,1207.0,55.5,61.0,0,No Failure,0,0,0,0,0,166.3,75.6
5930,L15929,L,301.2,312.5,1183.0,,66.0,0,No Failure,0,0,0,0,0,167.4,76.1
5931,H15930,H,301.7,311.1,1294.0,25.0,68.0,1,PWF (Power Failure),0,0,1,0,0,2.8,75.5
5932,L15931,L,300.9,310.6,1168.0,38.4,74.0,0,No Failure,0,0,0,0,0,167.1,76.0
5933,L15932,L,298.4,309.4,1168.0,53.3,76.0,0,No Failure,0,0,0,0,0,162.3,73.8
5934,L15933,L,300.2,311.5,1365.0,35.3,79.0,0,No Failure,0,0,0,0,0,168.5,76.6
5935,L15934,L,301.9,313.4,1268.0,44.1,81.0,0,No Failure,0,0,0,0,0,162.9,74.1
5936,M15935,M,289.48,308.0,1437.0,23.2,83.0,1,PWF (Power Failure),0,0,1,0,0,0.1,74.3
5937,L15936,L,302.1,312.6,1388.0,32.1,86.0,0,No Failure,0,0,0,0,0,165.6,75.3
5938,L15937,L,300.9,311.2,1168.0,43.1,89.0,0,No Failure,0,0,0,0,0,157.8,71.7
5939,M15938,M,300.5,310.4,1276.0,34.1,91.0,0,No Failure,0,0,0,0,0,162.1,73.7
5940,H15939,H,303.0,313.1,1168.0,36.4,94.0,0,No Failure,0,0,0,0,0,161.3,73.3
5941,M15940,M,297.7,309.0,1444.0,24.8,100.0,0,No Failure,0,0,0,0,0,161.0,73.2
5942,M15941,M,299.6,310.6,1271.0,46.5,103.0,0,No Failure,0,0,0,0,0,148.3,67.4
5943,L15942,L,303.1,314.0,1515.0,26.6,107.0,0,No Failure,0,0,0,0,0,155.8,70.8
5944,H15943,H,304.1,314.3,1189.0,55.4,109.0,0,No Failure,0,0,0,0,0,141.4,64.3
5945,L15944,L,304.9,317.2,1289.0,33.2,114.0,0,No Failure,0,0,0,0,0,147.1,66.9
5946,L15945,L,300.9,310.5,1275.0,48.0,,0,No Failure,0,0,0,0,0,131.7,59.9
5947,L15946,L,291.44,310.1,1168.0,47.0,119.0,1,HDF (Heat Dissipation),0,1,0,0,0,0.0,52.9
5948,M15947,M,302.3,312.0,1420.0,30.1,121.0,0,No Failure,0,0,0,0,0,146.3,66.5
5949,L15948,L,303.1,313.2,1251.0,34.2,125.0,0,No Failure,0,0,0,0,0,139.4,63.3
5950,M15949,M,301.4,312.7,1196.0,35.4,128.0,0,No Failure,0,0,0,0,0,138.8,63.1
5951,L15950,L,302.5,312.0,1168.0,36.1,131.0,0,No Failure,0,0,0,0,0,128.5,58.4
5952,L15951,L,301.6,312.1,1168.0,27.0,134.0,1,PWF (Power Failure),0,0,1,0,0,8.0,57.1
5953,L15952,L,301.8,310.3,1344.0,45.3,136.0,1,HDF (Heat Dissipation),0,1,0,0,0,3.8,52.8
5954,L15953,L,299.2,310.3,1317.0,33.1,138.0,0,No Failure,0,0,0,0,0,131.9,59.9
5955,L15954,L,300.2,310.3,1168.0,38.9,140.0,0,No Failure,0,0,0,0,0,125.7,57.1
5956,M15955,M,299.9,309.6,1175.0,50.1,143.0,0,No Failure,0,0,0,0,0,114.4,52.0
5957,M15956,M,298.7,310.8,1168.0,45.7,146.0,0,No Failure,0,0,0,0,0,119.1,54.1
5958,L15957,L,297.8,308.9,1168.0,33.8,150.0,0,No Failure,0,0,0,0,0,123.6,56.2
5959,M15958,M,300.0,309.0,1168.0,50.4,152.0,0,No Failure,0,0,0,0,0,100.0,45.4
5960,L15959,L,300.3,310.2,1168.0,46.7,155.0,0,No Failure,0,0,0,0,0,107.3,48.8
5961,L15960,L,301.0,313.7,1242.0,32.9,158.0,0,No Failure,0,0,0,0,0,119.3,54.2
5962,L15961,L,301.8,313.8,1369.0,34.9,160.0,0,No Failure,0,0,0,0,0,116.1,52.8
5963,L15962,L,301.1,312.0,1168.0,50.0,162.0,0,No Failure,0,0,0,0,0,100.1,45.5
5964,L15963,L,300.3,308.5,1264.0,47.8,164.0,1,HDF (Heat Dissipation),0,1,0,0,0,7.0,39.1
5965,M15964,M,299.1,310.4,1181.0,25.0,166.0,1,PWF (Power Failure),0,0,1,0,0,5.6,47.6
5966,L15965,L,302.4,311.8,1314.0,29.9,169.0,0,No Failure,0,0,0,0,0,111.7,50.8
5967,M15966,M,300.6,311.9,1168.0,47.0,171.0,0,No Failure,0,0,0,0,0,100.6,45.7
5968,L15967,L,300.0,309.3,1235.0,28.3,174.0,0,No Failure,0,0,0,0,0,103.4,47.0
5969,M15968,M,300.4,310.9,1295.0,48.0,177.0,0,No Failure,0,0,0,0,0,95.4,43.4
5970,M15969,M,299.5,308.9,1168.0,59.4,181.0,0,No Failure,0,0,0,0,0,74.6,33.9
5971,L15970,L,299.8,320.21,1173.0,43.7,185.0,0,No Failure,0,0,0,0,0,85.7,39.0
5972,L15971,L,299.8,310.4,1223.0,30.8,187.0,0,No Failure,0,0,0,0,0,103.2,46.9
5973,M15972,M,300.3,309.0,1168.0,41.8,189.0,0,No Failure,0,0,0,0,0,79.1,35.9
5974,H15973,H,301.9,314.3,1264.0,50.3,192.0,0,No Failure,0,0,0,0,0,86.5,39.3
5975,H15974,H,301.5,310.5,1168.0,41.0,197.0,0,No Failure,0,0,0,0,0,81.3,37.0
5976,L15975,L,303.5,312.4,1168.0,44.8,202.0,0,No Failure,0,0,0,0,0,64.7,29.4
5977,M15976,M,302.9,313.5,1169.0,32.0,204.0,0,No Failure,0,0,0,0,0,94.3,42.9
5978,L15977,L,304.3,315.6,1313.0,32.8,208.0,1,TWF (Tool Wear Failure),1,0,0,0,0,7.5,39.8
5979,L15978,L,301.8,311.5,1168.0,49.1,210.0,0,No Failure,0,0,0,0,0,62.4,28.4
5980,M15979,M,301.7,310.6,1206.0,32.9,213.0,0,No Failure,0,0,0,0,0,75.9,34.5
5981,M15980,M,299.9,309.0,1585.0,14.1,217.0,1,PWF (Power Failure),0,0,1,0,0,4.0,39.0
5982,M15981,M,302.2,311.2,1168.0,36.9,221.0,0,No Failure,0,0,0,0,0,66.9,30.4
5983,H15982,H,299.6,309.9,1315.0,43.1,224.0,0,No Failure,0,0,0,0,0,72.4,32.9
5984,L15983,L,298.1,308.0,1336.0,50.6,0.0,0,No Failure,0,0,0,0,0,219.5,99.8
5985,M15984,M,303.5,313.9,1168.0,56.5,2.0,0,No Failure,0,0,0,0,0,218.5,99.3
5986,L15985,L,298.5,308.9,1279.0,40.8,6.0,0,No Failure,0,0,0,0,0,215.9,98.1
5987,L15986,L,301.5,312.3,1168.0,46.6,8.0,0,No Failure,0,0,0,0,0,214.2,97.4
5988,L15987,L,299.2,308.8,1168.0,41.2,11.0,0,No Failure,0,0,0,0,0,208.0,94.6
5989,H15988,H,302.8,312.1,1197.0,43.5,13.0,0,No Failure,0,0,0,0,0,203.7,92.6
5990,L15989,L,303.0,313.2,1438.0,38.1,19.0,0,No Failure,0,0,0,0,0,207.3,94.2
5991,L15990,L,301.7,311.6,1168.0,43.9,22.0,0,No Failure,0,0,0,0,0,203.4,92.5
5992,M15991,M,303.0,313.3,1190.0,32.7,25.0,0,No Failure,0,0,0,0,0,204.5,93.0
5993,H15992,H,300.7,310.0,1168.0,59.8,28.0,0,No Failure,0,0,0,0,0,191.5,87.0
5994,H15993,H,304.7,315.3,1593.0,16.1,34.0,1,PWF (Power Failure),0,0,1,0,0,2.0,81.9
5995,M15994,M,302.1,310.9,1203.0,45.7,40.0,0,No Failure,0,0,0,0,0,179.3,81.5
5996,L15995,L,299.1,308.7,1372.0,43.2,43.0,0,No Failure,0,0,0,0,0,188.6,85.7
5997,M15996,M,300.8,311.9,1168.0,,45.0,0,No Failure,0,0,0,0,0,189.4,86.1
5998,H15997,H,300.4,309.3,1444.0,28.2,49.0,0,No Failure,0,0,0,0,0,191.1,86.9
5999,H15998,H,300.3,311.4,1479.0,23.2,55.0,0,No Failure,0,0,0,0,0,183.6,83.5
6000,H15999,H,297.7,306.3,1365.0,46.1,60.0,0,No Failure,0,0,0,0,0,174.3,79.2
6001,L16000,L,301.4,309.8,1168.0,53.4,65.0,1,HDF (Heat Dissipation),0,1,0,0,0,7.6,69.5
6002,L16001,L,298.2,306.7,1168.0,42.2,67.0,1,HDF (Heat Dissipation),0,1,0,0,0,5.6,71.4
6003,M16002,M,296.2,306.3,1252.0,48.1,70.0,0,No Failure,0,0,0,0,0,170.7,77.6
6004,L16003,L,300.1,310.8,1311.0,35.4,74.0,0,No Failure,0,0,0,0,0,171.7,78.1
6005,L16004,L,299.3,,1258.0,43.3,76.0,0,No Failure,0,0,0,0,0,166.8,75.8
6006,L16005,L,299.1,310.3,1179.0,52.3,79.0,0,No Failure,0,0,0,0,0,160.4,72.9
6007,M16006,M,295.1,306.0,1168.0,36.9,,0,No Failure,0,0,0,0,0,167.9,76.3
6008,H16007,H,299.2,308.4,1168.0,51.9,84.0,0,No Failure,0,0,0,0,0,152.1,69.1
6009,M16008,M,300.4,309.6,1492.0,23.7,89.0,0,No Failure,0,0,0,0,0,166.6,75.7
6010,H16009,H,299.5,310.3,1168.0,33.9,93.0,0,No Failure,0,0,0,0,0,163.1,74.1
6011,M16010,M,301.4,312.8,1214.0,45.5,-196.27,0,No Failure,0,0,0,0,0,152.4,69.3
6012,M16011,M,303.2,312.2,1168.0,59.0,102.0,0,No Failure,0,0,0,0,0,131.0,59.6
6013,L16012,L,,312.9,1200.0,40.1,106.0,0,No Failure,0,0,0,0,0,147.9,67.2
6014,M16013,M,302.5,310.6,1343.0,29.7,421.03,1,HDF (Heat Dissipation),0,1,0,0,0,5.2,66.0
6015,L16014,L,302.7,313.1,1222.0,58.8,,0,No Failure,0,0,0,0,0,130.4,59.3
6016,L16015,L,298.8,308.7,1319.0,38.7,116.0,0,No Failure,0,0,0,0,0,141.4,64.3
6017,L16016,L,310.33,311.3,1168.0,46.6,118.0,0,No Failure,0,0,0,0,0,132.9,60.4
6018,H16017,H,302.5,312.5,1168.0,36.7,120.0,0,No Failure,0,0,0,0,0,144.8,65.8
6019,M16018,M,299.9,309.0,1254.0,41.4,126.0,0,No Failure,0,0,0,0,0,128.1,58.2
6020,H16019,H,299.2,309.6,1186.0,34.4,129.0,0,No Failure,0,0,0,0,0,140.7,64.0
6021,H16020,H,301.6,311.7,1172.0,62.6,134.0,0,No Failure,0,0,0,0,0,118.5,53.8
6022,H16021,H,298.0,308.9,1365.0,51.9,139.0,0,No Failure,0,0,0,0,0,122.2,55.6
6023,L16022,L,298.7,310.3,1168.0,57.7,145.0,0,No Failure,0,0,0,0,0,106.0,48.2
6024,H16023,H,299.4,309.5,1455.0,32.1,147.0,0,No Failure,0,0,0,0,0,131.4,59.7
6025,H16024,H,301.5,310.7,1439.0,21.7,152.0,1,PWF (Power Failure),0,0,1,0,0,3.6,55.2
6026,H16025,H,301.0,309.9,1311.0,37.1,157.0,0,No Failure,0,0,0,0,0,114.6,52.1
6027,L16026,L,302.5,314.2,1168.0,65.2,162.0,0,No Failure,0,0,0,0,0,85.3,38.8
6028,L16027,L,299.0,310.6,1168.0,36.8,165.0,0,No Failure,0,0,0,0,0,111.0,50.4
6029,H16028,H,298.9,309.8,1168.0,50.5,167.0,0,No Failure,0,0,0,0,0,103.7,47.1
6030,L16029,L,301.6,311.7,1181.0,29.8,173.0,0,No Failure,0,0,0,0,0,109.8,49.9
6031,L16030,L,299.2,310.0,1334.0,31.7,176.0,0,No Failure,0,0,0,0,0,109.1,49.6
6032,L16031,L,299.5,310.8,1188.0,39.2,178.0,0,No Failure,0,0,0,0,0,99.8,45.4
6033,L16032,L,297.3,306.7,1217.0,61.1,180.0,0,No Failure,0,0,0,0,0,68.7,31.2
6034,L16033,L,301.1,311.1,1168.0,51.0,182.0,0,No Failure,0,0,0,0,0,84.2,38.3
6035,H16034,H,303.4,312.3,1554.0,19.5,184.0,1,PWF (Power Failure),0,0,1,0,0,5.5,47.1
6036,H16035,H,298.8,308.7,1227.0,46.7,190.0,0,No Failure,0,0,0,0,0,90.4,41.1
6037,H16036,H,302.5,314.0,1384.0,28.5,196.0,0,No Failure,0,0,0,0,0,105.4,47.9
6038,L16037,L,300.5,311.6,1338.0,33.2,202.0,0,No Failure,0,0,0,0,0,90.9,41.3
6039,L16038,L,297.4,,1168.0,45.1,205.0,0,No Failure,0,0,0,0,0,74.3,33.8
6040,L16039,L,299.0,306.3,1168.0,54.0,207.0,1,HDF (Heat Dissipation),1,1,0,1,0,3.1,14.6
6041,L16040,L,298.9,308.2,1170.0,53.5,210.0,1,OSF (Overstrain Failure),0,0,0,1,0,4.2,23.9
6042,L16041,L,,310.1,1267.0,43.3,212.0,1,TWF (Tool Wear Failure),1,0,0,0,0,5.0,32.6
6043,M16042,M,301.4,311.2,1266.0,43.5,214.0,0,No Failure,0,0,0,0,0,73.0,33.2
6044,H16043,H,303.9,313.9,1168.0,53.5,218.0,1,TWF (Tool Wear Failure),1,0,0,0,0,6.1,29.5
6045,M16044,M,298.0,308.2,1200.0,24.2,224.0,1,PWF (Power Failure),1,0,1,0,0,5.9,32.2
6046,L16045,L,299.7,309.2,1223.0,58.3,228.0,1,OSF (Overstrain Failure),1,0,0,1,0,3.9,17.6
6047,L16046,L,299.0,309.0,1168.0,32.6,0.0,0,No Failure,0,0,0,0,0,220.0,100.0
6048,L16047,L,298.3,308.2,,42.6,2.0,0,No Failure,0,0,0,0,0,218.1,99.1
6049,L16048,L,300.8,310.1,1168.0,35.0,5.0,0,No Failure,0,0,0,0,0,209.1,95.0
6050,M16049,M,300.6,312.4,644.5,28.4,8.0,0,No Failure,0,0,0,0,0,210.6,95.7
6051,L16050,L,297.3,306.8,1184.0,44.6,12.0,0,No Failure,0,0,0,0,0,206.0,93.6
6052,M16051,M,300.6,308.3,1168.0,42.4,15.0,1,HDF (Heat Dissipation),0,1,0,0,0,3.8,83.9
6053,H16052,H,298.4,310.2,1168.0,38.9,19.0,0,No Failure,0,0,0,0,0,207.9,94.5
6054,L16053,L,300.6,309.8,1168.0,38.5,25.0,0,No Failure,0,0,0,0,0,194.4,88.4
6055,L16054,L,302.9,313.8,1169.0,55.3,27.0,0,No Failure,0,0,0,0,0,199.2,90.5
6056,L16055,L,301.4,310.7,1168.0,61.9,29.0,0,No Failure,0,0,0,0,0,188.8,85.8
6057,L16056,L,300.9,311.5,1168.0,52.5,31.0,0,No Failure,0,0,0,0,0,196.6,89.4
6058,M16057,M,299.6,309.6,1168.0,42.8,34.0,0,No Failure,0,0,0,0,0,197.0,89.6
6059,H16058,H,300.7,311.7,1335.0,23.6,37.0,1,PWF (Power Failure),0,0,1,0,0,5.9,84.3
6060,H16059,H,301.6,311.4,1168.0,46.3,42.0,0,No Failure,0,0,0,0,0,189.4,86.1
6061,M16060,M,301.4,310.7,1231.0,46.7,47.0,0,No Failure,0,0,0,0,0,180.5,82.0
6062,L16061,L,300.4,310.7,1168.0,47.7,50.0,0,No Failure,0,0,0,0,0,183.7,83.5
6063,L16062,L,300.9,310.5,1168.0,28.6,53.0,1,PWF (Power Failure),0,0,1,0,0,4.9,79.5
6064,L16063,L,298.2,306.3,1265.0,48.5,55.0,1,HDF (Heat Dissipation),0,1,0,0,0,6.9,74.7
6065,L16064,L,299.2,308.6,1168.0,55.6,58.0,0,No Failure,0,0,0,0,0,168.5,76.6
6066,H16065,H,301.8,314.7,1168.0,30.2,61.0,0,No Failure,0,0,0,0,0,180.9,82.2
6067,L16066,L,302.0,310.2,1753.3,46.8,67.0,1,HDF (Heat Dissipation),0,1,0,0,0,6.9,69.0
6068,L16067,L,300.7,310.9,1168.0,31.9,70.0,0,No Failure,0,0,0,0,0,175.8,79.9
6069,L16068,L,303.2,313.0,1363.0,39.0,73.0,0,No Failure,0,0,0,0,0,170.0,77.3
6070,L16069,L,301.4,313.2,1370.0,30.5,75.0,0,No Failure,0,0,0,0,0,173.3,78.8
6071,H16070,H,300.1,309.0,1464.0,36.5,,0,No Failure,0,0,0,0,0,171.2,77.8
6072,L16071,L,298.3,296.57,1168.0,36.6,84.0,0,No Failure,0,0,0,0,0,164.6,74.8
6073,L16072,L,303.1,313.8,1168.0,44.1,86.0,0,No Failure,0,0,0,0,0,159.4,72.5
6074,L16073,L,301.9,311.7,1168.0,48.9,89.0,0,No Failure,0,0,0,0,0,152.5,69.3
6075,H16074,H,303.7,312.9,1168.0,52.2,92.0,0,No Failure,0,0,0,0,0,146.3,66.5
6076,M16075,M,304.4,314.4,1227.0,33.5,97.0,0,No Failure,0,0,0,0,0,159.4,72.5
6077,M16076,M,298.2,307.9,1168.0,43.6,101.0,0,No Failure,0,0,0,0,0,148.0,67.3
6078,L16077,L,298.2,307.9,1278.0,29.0,105.0,0,No Failure,0,0,0,0,0,153.3,69.7
6079,L16078,L,295.3,306.2,1168.0,38.9,107.0,0,No Failure,0,0,0,0,0,147.9,67.2
6080,H16079,H,302.2,312.6,1168.0,40.4,109.0,0,No Failure,0,0,0,0,0,149.7,68.0
6081,L16080,L,301.7,312.3,1392.0,30.8,114.0,0,No Failure,0,0,0,0,0,148.8,67.6
6082,L16081,L,300.7,311.0,1224.0,45.6,116.0,0,No Failure,0,0,0,0,0,137.2,62.4
6083,M16082,M,298.3,,1298.0,38.4,118.0,0,No Failure,0,0,0,0,0,143.2,65.1
6084,L16083,L,300.3,311.6,1224.0,41.5,121.0,0,No Failure,0,0,0,0,0,136.6,62.1
6085,L16084,L,300.8,310.5,1168.0,52.2,123.0,0,No Failure,0,0,0,0,0,124.1,56.4
6086,H16085,H,301.9,312.7,1282.0,35.7,125.0,0,No Failure,0,0,0,0,0,142.3,64.7
6087,L16086,L,301.0,309.7,1168.0,48.5,130.0,0,No Failure,0,0,0,0,0,110.7,50.3
6088,L16087,L,312.24,309.4,1168.0,54.4,133.0,1,HDF (Heat Dissipation),0,1,0,0,0,0.3,42.2
6089,L16088,L,300.3,312.1,1168.0,53.8,136.0,0,No Failure,0,0,0,0,0,116.3,52.8
6090,M16089,M,302.6,312.3,1168.0,38.1,139.0,0,No Failure,0,0,0,0,0,126.4,57.5
6091,L16090,L,301.6,311.9,1381.0,30.3,143.0,0,No Failure,0,0,0,0,0,131.1,59.6
6092,L16091,L,298.3,307.1,1168.0,32.9,145.0,0,No Failure,0,0,0,0,0,114.4,52.0
6093,M16092,M,303.0,311.7,1276.0,24.1,148.0,1,PWF (Power Failure),0,0,1,0,0,1.4,49.7
6094,M16093,M,302.7,312.0,1168.0,46.9,152.0,0,No Failure,0,0,0,0,0,106.2,48.3
6095,H16094,H,301.3,311.9,1168.0,47.5,156.0,0,No Failure,0,0,0,0,0,113.7,51.7
6096,L16095,L,301.0,310.5,1237.0,41.2,161.0,0,No Failure,0,0,0,0,0,104.7,47.6
6097,L16096,L,303.4,313.1,1168.0,26.2,163.0,1,PWF (Power Failure),0,0,1,0,0,1.7,46.8
6098,M16097,M,297.5,306.8,1168.0,36.3,165.0,0,No Failure,0,0,0,0,0,106.8,48.5
6099,M16098,M,302.7,313.9,1168.0,53.8,168.0,0,No Failure,0,0,0,0,0,96.4,43.8
6100,L16099,L,299.6,310.5,1219.0,46.1,172.0,0,No Failure,0,0,0,0,0,96.7,44.0
6101,M16100,M,302.4,311.9,1168.0,47.8,175.0,0,No Failure,0,0,0,0,0,91.5,41.6
6102,L16101,L,300.7,311.4,1168.0,73.1,178.0,1,OSF (Overstrain Failure),0,0,0,1,0,4.8,25.5
6103,H16102,H,298.2,308.0,1261.0,43.3,180.0,0,No Failure,0,0,0,0,0,99.6,45.3
6104,H16103,H,299.5,309.2,1481.0,18.4,185.0,1,PWF (Power Failure),0,0,1,0,0,4.7,45.1
6105,L16104,L,302.3,312.3,1168.0,29.0,190.0,0,No Failure,0,0,0,0,0,96.4,43.8
6106,H16105,H,300.0,310.6,1297.0,43.1,193.0,0,No Failure,0,0,0,0,0,92.8,42.2
6107,H16106,H,299.3,308.4,1318.0,40.2,198.0,0,No Failure,0,0,0,0,0,87.2,39.7
6108,L16107,L,299.3,309.8,1168.0,38.3,203.0,0,No Failure,0,0,0,0,0,84.0,38.2
6109,L16108,L,301.6,314.1,1168.0,38.5,206.0,0,No Failure,0,0,0,0,0,81.8,37.2
6110,M16109,M,303.6,313.8,,32.2,-96.47,1,TWF (Tool Wear Failure),1,0,0,0,0,3.4,41.7
6111,L16110,L,296.6,306.6,1168.0,43.7,212.0,0,No Failure,0,0,0,0,0,71.1,32.3
6112,L16111,L,305.5,315.4,1179.0,53.9,0.0,0,No Failure,0,0,0,0,0,218.9,99.5
6113,L16112,L,300.8,311.3,1230.0,57.3,2.0,0,No Failure,0,0,0,0,0,218.4,99.3
6114,H16113,H,301.4,309.8,1168.0,57.0,5.0,1,HDF (Heat Dissipation),0,1,0,0,0,5.6,90.3
6115,L16114,L,299.6,311.3,1463.0,30.4,11.0,0,No Failure,0,0,0,0,0,213.2,96.9
6116,M16115,M,300.4,311.4,1265.0,39.8,14.0,0,No Failure,0,0,0,0,0,210.8,95.8
6117,L16116,L,300.7,310.1,1176.0,36.9,17.0,0,No Failure,0,0,0,0,0,202.2,91.9
6118,L16117,L,298.5,308.5,1168.0,45.9,20.0,0,No Failure,0,0,0,0,0,205.7,93.5
6119,H16118,H,298.9,308.3,1203.0,39.2,23.0,0,No Failure,0,0,0,0,0,198.8,90.4
6120,L16119,L,,312.8,1176.0,37.7,28.0,0,No Failure,0,0,0,0,0,201.3,91.5
6121,L16120,L,297.6,307.7,1168.0,54.5,31.0,0,No Failure,0,0,0,0,0,196.2,89.2
6122,L16121,L,301.2,311.4,1168.0,41.0,33.0,0,No Failure,0,0,0,0,0,197.4,89.7
6123,M16122,M,299.7,308.7,1168.0,41.2,35.0,0,No Failure,0,0,0,0,0,185.7,84.4
6124,L16123,L,298.6,308.1,1180.0,44.1,38.0,0,No Failure,0,0,0,0,0,187.7,85.3
6125,L16124,L,303.9,315.0,1168.0,,40.0,0,No Failure,0,0,0,0,0,191.2,86.9
6126,L16125,L,298.7,308.2,1184.0,46.8,43.0,0,No Failure,0,0,0,0,0,183.5,83.4
6127,L16126,L,298.3,305.7,1315.0,55.5,46.0,1,HDF (Heat Dissipation),0,1,0,0,0,4.5,76.8
6128,L16127,L,,309.8,1455.0,27.1,48.0,0,No Failure,0,0,0,0,0,191.1,86.9
6129,M16128,M,299.0,311.4,1168.0,43.2,50.0,0,No Failure,0,0,0,0,0,186.1,84.6
6130,L16129,L,300.4,311.2,1284.0,39.0,53.0,0,No Failure,0,0,0,0,0,184.3,83.8
6131,L16130,L,300.6,310.0,1168.0,37.0,56.0,0,No Failure,0,0,0,0,0,176.3,80.1
6132,M16131,M,300.8,310.7,1220.0,47.6,360.93,0,No Failure,0,0,0,0,0,177.6,80.7
6133,M16132,M,300.1,310.8,1168.0,53.0,63.0,0,No Failure,0,0,0,0,0,173.9,79.1
6134,L16133,L,299.1,307.3,1168.0,34.1,67.0,1,HDF (Heat Dissipation),0,1,0,0,0,4.5,71.4
6135,L16134,L,301.5,310.6,1193.0,56.9,70.0,0,No Failure,0,0,0,0,0,155.4,70.6
6136,L16135,L,300.1,310.5,1302.0,25.7,73.0,0,No Failure,0,0,0,0,0,168.5,76.6
6137,H16136,H,299.4,311.0,1168.0,45.9,75.0,0,No Failure,0,0,0,0,0,169.5,77.1
6138,L16137,L,303.0,312.6,676.52,31.1,81.0,0,No Failure,0,0,0,0,0,164.8,74.9
6139,L16138,L,300.1,311.7,1168.0,33.6,83.0,0,No Failure,0,0,0,0,0,166.7,75.8
6140,L16139,L,302.3,311.5,1193.0,40.6,86.0,0,No Failure,0,0,0,0,0,152.4,69.3
6141,L16140,L,302.5,309.1,1342.0,36.0,88.0,1,HDF (Heat Dissipation),0,1,0,0,0,3.0,67.3
6142,L16141,L,302.6,313.3,1775.0,11.4,90.0,1,PWF (Power Failure),0,0,1,0,0,0.8,69.2
6143,L16142,L,301.6,312.1,1297.0,46.1,,0,No Failure,0,0,0,0,0,154.1,70.0
6144,M16143,M,300.3,311.0,1168.0,47.8,94.0,0,No Failure,0,0,0,0,0,153.9,70.0
6145,M16144,M,300.2,310.9,1183.0,38.4,97.0,0,No Failure,0,0,0,0,0,156.8,71.3
6146,M16145,M,299.9,310.1,1397.0,37.6,100.0,0,No Failure,0,0,0,0,0,155.3,70.6
6147,M16146,M,296.4,306.1,1207.0,36.3,103.0,0,No Failure,0,0,0,0,0,150.9,68.6
6148,L16147,L,301.6,311.4,1616.0,22.9,106.0,0,No Failure,0,0,0,0,0,158.8,72.2
6149,H16148,H,300.7,310.2,1354.0,21.8,108.0,1,PWF (Power Failure),0,0,1,0,0,6.8,63.1
6150,M16149,M,301.8,311.4,1168.0,48.0,114.0,0,No Failure,0,0,0,0,0,135.3,61.5
6151,H16150,H,300.1,308.3,1168.0,50.6,117.0,1,HDF (Heat Dissipation),0,1,0,0,0,0.0,53.9
6152,M16151,M,301.5,310.3,1168.0,46.0,123.0,0,No Failure,0,0,0,0,0,121.6,55.3
6153,L16152,L,297.8,307.6,1178.0,43.8,127.0,0,No Failure,0,0,0,0,0,128.5,58.4
6154,L16153,L,298.2,306.0,,47.8,129.0,1,HDF (Heat Dissipation),0,1,0,0,0,6.0,48.8
6155,L16154,L,295.8,303.8,1168.0,47.2,131.0,1,HDF (Heat Dissipation),0,1,0,0,0,3.8,46.9
6156,L16155,L,300.0,309.7,1249.0,32.1,134.0,0,No Failure,0,0,0,0,0,132.6,60.3
6157,L16156,L,298.9,308.8,1308.0,42.2,137.0,0,No Failure,0,0,0,0,0,124.4,56.5
6158,L16157,L,298.7,308.4,,37.0,410.21,0,No Failure,0,0,0,0,0,124.7,56.7
6159,L16158,L,,308.5,1168.0,37.2,142.0,1,HDF (Heat Dissipation),0,1,0,0,0,0.1,45.2
6160,H16159,H,299.5,,1168.0,51.4,144.0,0,No Failure,0,0,0,0,0,119.1,54.1
6161,M16160,M,297.7,306.3,1168.0,55.7,150.0,0,No Failure,0,0,0,0,0,92.6,42.1
6162,M16161,M,304.8,314.0,1583.0,16.5,154.0,1,PWF (Power Failure),0,0,1,0,0,0.9,52.8
6163,L16162,L,300.2,308.9,1168.0,37.4,157.0,0,No Failure,0,0,0,0,0,101.4,46.1
6164,M16163,M,298.3,309.6,1169.0,36.9,160.0,0,No Failure,0,0,0,0,0,117.1,53.2
6165,H16164,H,299.0,309.4,1168.0,51.6,164.0,0,No Failure,0,0,0,0,0,104.9,47.7
6166,M16165,M,299.9,309.4,1328.0,25.5,170.0,0,No Failure,0,0,0,0,0,111.7,50.8
6167,M16166,M,299.9,309.4,1677.0,-35.26,173.0,1,PWF (Power Failure),0,0,1,0,0,7.5,51.0
6168,L16167,L,302.6,312.8,1274.0,48.2,176.0,0,No Failure,0,0,0,0,0,91.7,41.7
6169,L16168,L,300.1,308.9,1168.0,49.6,178.0,0,No Failure,0,0,0,0,0,75.5,34.3
6170,M16169,M,303.6,314.0,1184.0,22.2,181.0,1,PWF (Power Failure),0,0,1,0,0,2.9,43.8
6171,H16170,H,299.5,309.0,1420.0,38.8,185.0,0,No Failure,0,0,0,0,0,101.5,46.1
6172,L16171,L,301.0,311.5,1168.0,55.3,190.0,0,No Failure,0,0,0,0,0,73.4,33.3
6173,L16172,L,302.1,312.6,1281.0,29.2,193.0,0,No Failure,0,0,0,0,0,101.3,46.0
6174,L16173,L,302.4,311.8,1270.0,41.0,196.0,0,No Failure,0,0,0,0,0,80.8,36.7
6175,L16174,L,302.6,310.5,1233.0,45.1,198.0,1,HDF (Heat Dissipation),0,1,0,0,0,1.5,26.9
6176,H16175,H,299.7,309.5,1405.0,25.7,201.0,0,No Failure,0,0,0,0,0,104.4,47.5
6177,M16176,M,300.2,308.8,1168.0,34.4,207.0,1,TWF (Tool Wear Failure),1,0,0,0,0,1.0,33.8
6178,L16177,L,295.8,305.9,1459.0,23.1,211.0,0,No Failure,0,0,0,0,0,90.5,41.1
6179,L16178,L,299.9,309.6,1168.0,38.4,213.0,1,TWF (Tool Wear Failure),1,0,0,0,0,2.7,33.6
6180,L16179,L,302.2,311.6,1341.0,32.1,216.0,1,TWF (Tool Wear Failure),1,0,0,0,0,2.6,36.6
6181,L16180,L,301.8,310.5,1267.0,42.1,218.0,1,TWF (Tool Wear Failure),1,0,0,0,0,6.0,26.6
6182,M16181,M,300.0,311.2,1168.0,46.3,220.0,0,No Failure,0,0,0,0,0,67.2,30.5
6183,H16182,H,303.3,312.8,1168.0,53.9,224.0,0,No Failure,0,0,0,0,0,54.6,24.8
6184,M16183,M,299.5,311.9,1168.0,63.3,0.0,0,No Failure,0,0,0,0,0,220.0,100.0
6185,L16184,L,298.9,308.9,1302.0,42.1,3.0,0,No Failure,0,0,0,0,0,217.9,99.1
6186,M16185,M,299.4,309.8,1168.0,36.8,6.0,0,No Failure,0,0,0,0,0,216.1,98.2
6187,M16186,M,298.2,308.2,1192.0,36.3,9.0,0,No Failure,0,0,0,0,0,214.2,97.4
6188,L16187,L,301.3,311.6,1207.0,30.4,12.0,0,No Failure,0,0,0,0,0,212.5,96.6
6189,M16188,M,300.7,311.8,1216.0,44.5,15.0,0,No Failure,0,0,0,0,0,209.7,95.3
6190,M16189,M,301.3,312.4,1168.0,35.1,19.0,0,No Failure,0,0,0,0,0,208.0,94.5
6191,H16190,H,299.4,307.6,1168.0,45.2,22.0,1,HDF (Heat Dissipation),0,1,0,0,0,4.1,84.3
6192,L16191,L,300.1,311.0,1168.0,30.7,28.0,0,No Failure,0,0,0,0,0,201.3,91.5
6193,L16192,L,296.3,306.8,1168.0,35.3,30.0,0,No Failure,0,0,0,0,0,200.4,91.1
6194,L16193,L,300.8,,1289.0,44.3,32.0,0,No Failure,0,0,0,0,0,197.4,89.7
6195,L16194,L,300.3,312.0,1168.0,38.8,35.0,0,No Failure,0,0,0,0,0,196.5,89.3
6196,L16195,L,298.2,310.0,1227.0,20.8,37.0,1,PWF (Power Failure),0,0,1,0,0,7.7,80.5
6197,M16196,M,300.0,310.9,1168.0,39.8,40.0,0,No Failure,0,0,0,0,0,193.6,88.0
6198,L16197,L,299.7,309.2,1229.0,32.0,44.0,0,No Failure,0,0,0,0,0,187.3,85.1
6199,L16198,L,303.3,312.1,1168.0,51.8,47.0,0,No Failure,0,0,0,0,0,171.5,78.0
6200,H16199,H,298.2,309.0,1168.0,49.7,50.0,0,No Failure,0,0,0,0,0,185.4,84.3
6201,M16200,M,300.7,312.1,1424.0,17.2,56.0,1,PWF (Power Failure),0,0,1,0,0,3.0,76.4
6202,L16201,L,298.2,306.2,1168.0,48.0,59.0,1,HDF (Heat Dissipation),0,1,0,0,0,7.8,70.5
6203,M16202,M,299.1,310.2,1168.0,43.9,62.0,0,No Failure,0,0,0,0,0,177.8,80.8
6204,L16203,L,300.6,310.3,1242.0,25.2,65.0,1,PWF (Power Failure),0,0,1,0,0,2.9,74.8
6205,L16204,L,299.8,308.0,1253.0,48.8,68.0,1,HDF (Heat Dissipation),0,1,0,0,0,7.7,70.3
6206,M16205,M,300.1,310.6,1302.0,27.2,71.0,0,No Failure,0,0,0,0,0,175.6,79.8
6207,L16206,L,300.7,311.6,1168.0,51.5,74.0,0,No Failure,0,0,0,0,0,164.6,74.8
6208,L16207,L,299.2,308.8,1389.0,33.5,76.0,0,No Failure,0,0,0,0,0,170.2,77.4
6209,L16208,L,301.7,310.6,1211.0,24.8,79.0,1,PWF (Power Failure),0,0,1,0,0,0.9,65.4
6210,H16209,H,290.94,311.3,1168.0,61.2,82.0,0,No Failure,0,0,0,0,0,158.4,72.0
6211,L16210,L,299.9,309.2,1378.0,24.5,87.0,0,No Failure,0,0,0,0,0,159.4,72.5
6212,M16211,M,300.8,312.0,1201.0,31.9,90.0,0,No Failure,0,0,0,0,0,164.6,74.8
6213,L16212,L,300.5,309.0,1247.0,33.9,94.0,1,HDF (Heat Dissipation),0,1,0,0,0,8.0,66.4
6214,M16213,M,291.18,311.7,1168.0,35.4,96.0,0,No Failure,0,0,0,0,0,159.1,72.3
6215,L16214,L,300.7,311.1,1168.0,47.0,99.0,0,No Failure,0,0,0,0,0,148.5,67.5
6216,L16215,L,300.9,311.8,1386.0,40.6,102.0,0,No Failure,0,0,0,0,0,150.3,68.3
6217,M16216,M,299.5,311.0,1168.0,50.0,104.0,0,No Failure,0,0,0,0,0,145.6,66.2
6218,M16217,M,298.2,307.4,1168.0,43.7,108.0,0,No Failure,0,0,0,0,0,137.7,62.6
6219,L16218,L,297.5,308.0,1562.0,23.3,111.0,0,No Failure,0,0,0,0,0,155.6,70.7
6220,L16219,L,297.1,305.7,1264.0,45.5,114.0,1,HDF (Heat Dissipation),0,1,0,0,0,5.2,57.8
6221,L16220,L,303.3,301.66,1213.0,42.3,117.0,1,HDF (Heat Dissipation),0,1,0,0,0,3.1,56.5
6222,L16221,L,296.1,305.5,1178.0,33.8,120.0,0,No Failure,0,0,0,0,0,136.3,61.9
6223,M16222,M,302.2,312.6,1168.0,60.7,123.0,0,No Failure,0,0,0,0,0,124.8,56.7
6224,L16223,L,298.6,310.3,1168.0,46.1,126.0,0,No Failure,0,0,0,0,0,129.7,59.0
6225,M16224,M,302.2,314.1,1196.0,49.4,128.0,0,No Failure,0,0,0,0,0,128.9,58.6
6226,L16225,L,296.1,305.7,1233.0,49.8,131.0,0,No Failure,0,0,0,0,0,119.4,54.3
6227,L16226,L,299.6,309.9,1266.0,35.8,134.0,0,No Failure,0,0,0,0,0,132.3,60.1
6228,L16227,L,302.7,313.6,1168.0,46.3,137.0,0,No Failure,0,0,0,0,0,121.7,55.3
6229,L16228,L,301.3,312.1,1168.0,43.2,139.0,0,No Failure,0,0,0,0,0,122.8,55.8
6230,L16229,L,299.5,309.3,1267.0,34.4,-187.2,0,No Failure,0,0,0,0,0,126.6,57.5
6231,H16230,H,296.6,306.7,1272.0,27.8,144.0,0,No Failure,0,0,0,0,0,133.7,60.8
6232,L16231,L,297.7,307.6,1174.0,40.2,149.0,0,No Failure,0,0,0,0,0,117.4,53.4
6233,H16232,H,302.6,312.4,1168.0,45.9,152.0,0,No Failure,0,0,0,0,0,115.5,52.5
6234,L16233,L,299.4,309.1,1323.0,40.2,158.0,0,No Failure,0,0,0,0,0,110.7,50.3
6235,L16234,L,299.9,309.8,1168.0,38.2,160.0,0,No Failure,0,0,0,0,0,111.8,50.8
6236,L16235,L,300.6,310.2,1215.0,40.3,163.0,0,No Failure,0,0,0,0,0,104.7,47.6
6237,L16236,L,297.7,,1168.0,37.1,165.0,0,No Failure,0,0,0,0,0,98.6,44.8
6238,M16237,M,300.8,311.7,1168.0,55.5,167.0,0,No Failure,0,0,0,0,0,95.5,43.4
6239,H16238,H,299.3,309.8,1243.0,42.7,171.0,0,No Failure,0,0,0,0,0,107.7,48.9
6240,M16239,M,300.6,312.5,1168.0,35.1,177.0,0,No Failure,0,0,0,0,0,108.0,49.1
6241,M16240,M,299.0,309.4,1238.0,21.9,180.0,1,PWF (Power Failure),0,0,1,0,0,6.7,44.1
6242,L16241,L,297.2,306.8,1300.0,38.0,183.0,0,No Failure,0,0,0,0,0,95.1,43.2
6243,L16242,L,299.3,308.7,1235.0,34.2,185.0,0,No Failure,0,0,0,0,0,95.0,43.2
6244,M16243,M,291.76,311.2,1257.0,33.9,187.0,0,No Failure,0,0,0,0,0,102.9,46.8
6245,L16244,L,300.7,311.3,1168.0,49.4,191.0,0,No Failure,0,0,0,0,0,79.3,36.1
6246,L16245,L,300.1,309.9,1178.0,40.8,194.0,0,No Failure,0,0,0,0,0,84.9,38.6
6247,H16246,H,301.6,310.1,1306.0,23.2,196.0,1,HDF (Heat Dissipation),0,1,1,0,0,5.7,38.1
6248,H16247,H,299.6,308.9,1168.0,46.2,202.0,0,No Failure,0,0,0,0,0,76.0,34.6
6249,M16248,M,300.1,310.1,1252.0,24.2,208.0,1,PWF (Power Failure),0,0,1,0,0,1.1,38.0
6250,L16249,L,299.1,309.8,1168.0,46.9,211.0,1,TWF (Tool Wear Failure),1,0,0,0,0,0.4,30.8
6251,H16250,H,301.7,310.2,1168.0,35.2,0.0,1,HDF (Heat Dissipation),0,1,0,0,0,5.7,92.5
6252,L16251,L,300.5,310.8,1193.0,40.9,5.0,0,No Failure,0,0,0,0,0,216.6,98.4
6253,L16252,L,299.0,309.2,1182.0,39.8,8.0,0,No Failure,0,0,0,0,0,214.6,97.5
6254,L16253,L,297.3,306.8,1197.0,38.5,10.0,0,No Failure,0,0,0,0,0,207.8,94.4
6255,H16254,H,302.0,311.4,1265.0,42.1,13.0,0,No Failure,0,0,0,0,0,206.6,93.9
6256,H16255,H,298.6,307.9,1248.0,40.8,18.0,0,No Failure,0,0,0,0,0,202.1,91.9
6257,M16256,M,300.1,310.2,1230.0,58.7,24.0,0,No Failure,0,0,0,0,0,201.7,91.7
6258,L16257,L,304.2,315.3,1278.0,42.2,27.0,0,No Failure,0,0,0,0,0,201.3,91.5
6259,L16258,L,301.4,312.6,1171.0,42.5,29.0,0,No Failure,0,0,0,0,0,199.8,90.8
6260,L16259,L,302.9,311.8,1270.0,32.9,32.0,0,No Failure,0,0,0,0,0,190.9,86.8
6261,H16260,H,299.0,308.8,1190.0,43.8,35.0,0,No Failure,0,0,0,0,0,194.6,88.5
6262,L16261,L,301.9,309.7,1168.0,29.8,40.0,1,HDF (Heat Dissipation),0,1,0,0,0,6.4,75.8
6263,L16262,L,300.0,310.1,1194.0,51.5,43.0,0,No Failure,0,0,0,0,0,187.8,85.4
6264,M16263,M,300.6,311.2,1412.0,25.2,46.0,0,No Failure,0,0,0,0,0,191.4,87.0
6265,L16264,L,303.6,315.2,1168.0,31.6,50.0,0,No Failure,0,0,0,0,0,188.5,85.7
6266,H16265,H,299.5,307.7,1525.0,23.7,53.0,0,No Failure,0,0,0,0,0,189.9,86.3
6267,L16266,L,300.0,308.9,1168.0,44.2,58.0,0,No Failure,0,0,0,0,0,167.0,75.9
6268,H16267,H,298.3,308.4,1216.0,35.8,60.0,0,No Failure,0,0,0,0,0,182.7,83.0
6269,L16268,L,301.5,309.9,1168.0,46.9,66.0,1,HDF (Heat Dissipation),0,1,0,0,0,4.8,70.4
6270,L16269,L,298.9,309.1,1195.0,30.2,69.0,0,No Failure,0,0,0,0,0,176.6,80.3
6271,L16270,L,301.8,312.4,1428.0,45.3,72.0,0,No Failure,0,0,0,0,0,168.8,76.7
6272,L16271,L,297.0,305.7,1168.0,45.8,74.0,0,No Failure,0,0,0,0,0,152.8,69.5
6273,M16272,M,300.9,311.0,1168.0,42.1,76.0,0,No Failure,0,0,0,0,0,169.0,76.8
6274,L16273,L,298.8,307.6,1202.0,40.3,80.0,0,No Failure,0,0,0,0,0,152.4,69.3
6275,L16274,L,301.2,312.6,1168.0,41.4,83.0,0,No Failure,0,0,0,0,0,162.9,74.0
6276,M16275,M,299.9,310.1,1292.0,30.9,86.0,0,No Failure,0,0,0,0,0,167.5,76.2
6277,L16276,L,299.0,308.4,1168.0,,89.0,0,No Failure,0,0,0,0,0,152.4,69.3
6278,M16277,M,299.2,308.0,1256.0,45.4,92.0,0,No Failure,0,0,0,0,0,146.3,66.5
6279,M16278,M,298.4,308.8,1168.0,36.3,96.0,0,No Failure,0,0,0,0,0,158.6,72.1
6280,L16279,L,301.4,312.8,1168.0,44.5,99.0,0,No Failure,0,0,0,0,0,150.0,68.2
6281,M16280,M,298.0,307.2,1168.0,55.5,101.0,0,No Failure,0,0,0,0,0,135.9,61.8
6282,L16281,L,299.4,309.0,1168.0,35.4,104.0,0,No Failure,0,0,0,0,0,147.8,67.2
6283,L16282,L,300.5,309.7,,34.0,106.0,0,No Failure,0,0,0,0,0,142.9,65.0
6284,L16283,L,302.8,314.4,1168.0,36.8,109.0,0,No Failure,0,0,0,0,0,148.0,67.3
6285,H16284,H,299.9,308.0,1168.0,40.4,111.0,1,HDF (Heat Dissipation),0,1,0,0,0,4.9,58.0
6286,M16285,M,299.5,310.8,1168.0,46.1,116.0,0,No Failure,0,0,0,0,0,139.5,63.4
6287,M16286,M,300.4,310.0,1378.0,39.7,120.0,0,No Failure,0,0,0,0,0,139.7,63.5
6288,H16287,H,296.2,306.1,1168.0,60.8,124.0,0,No Failure,0,0,0,0,0,126.1,57.3
6289,L16288,L,297.7,307.4,1237.0,44.2,130.0,0,No Failure,0,0,0,0,0,125.5,57.1
6290,H16289,H,299.2,309.4,1179.0,47.8,133.0,0,No Failure,0,0,0,0,0,129.2,58.7
6291,M16290,M,298.6,307.9,1168.0,39.6,138.0,0,No Failure,0,0,0,0,0,121.5,55.2
6292,H16291,H,297.0,308.1,1168.0,50.1,141.0,0,No Failure,0,0,0,0,0,122.1,55.5
6293,H16292,H,301.4,312.5,1232.0,37.9,146.0,0,No Failure,0,0,0,0,0,127.7,58.0
6294,H16293,H,300.3,309.3,1332.0,33.6,151.0,0,No Failure,0,0,0,0,0,122.6,55.7
6295,L16294,L,300.1,310.8,1260.0,49.1,157.0,0,No Failure,0,0,0,0,0,104.7,47.6
6296,M16295,M,298.6,308.2,1168.0,39.4,-158.52,0,No Failure,0,0,0,0,0,110.5,50.2
6297,H16296,H,300.0,310.1,1196.0,42.5,163.0,0,No Failure,0,0,0,0,0,113.1,51.4
6298,M16297,M,300.8,312.3,1168.0,49.8,168.0,0,No Failure,0,0,0,0,0,100.1,45.5
6299,L16298,L,299.4,308.7,1298.0,41.4,172.0,0,No Failure,0,0,0,0,0,96.9,44.1
6300,H16299,H,300.7,311.6,1263.0,38.5,175.0,0,No Failure,0,0,0,0,0,108.8,49.5
6301,L16300,L,298.4,308.9,1168.0,34.6,181.0,0,No Failure,0,0,0,0,0,102.8,46.7
6302,L16301,L,300.0,309.8,1168.0,,184.0,0,No Failure,0,0,0,0,0,81.0,36.8
6303,M16302,M,301.9,312.3,1168.0,36.6,186.0,0,No Failure,0,0,0,0,0,100.7,45.8
6304,L16303,L,302.1,312.3,1287.0,39.5,189.0,0,No Failure,0,0,0,0,0,92.0,41.8
6305,M16304,M,302.2,311.0,1168.0,42.9,191.0,0,No Failure,0,0,0,0,0,77.7,35.3
6306,L16305,L,300.3,309.7,1196.0,42.8,194.0,0,No Failure,0,0,0,0,0,78.2,35.6
6307,M16306,M,299.9,308.9,1199.0,50.1,196.0,0,No Failure,0,0,0,0,0,68.8,31.3
6308,H16307,H,299.0,308.7,1179.0,39.3,200.0,0,No Failure,0,0,0,0,0,88.8,40.4
6309,L16308,L,296.6,307.9,1237.0,53.8,205.0,1,OSF (Overstrain Failure),1,0,0,1,0,0.1,28.9
6310,M16309,M,297.4,308.0,1168.0,37.5,208.0,0,No Failure,0,0,0,0,0,85.6,38.9
6311,L16310,L,299.5,308.1,1382.0,43.7,211.0,0,No Failure,0,0,0,0,0,67.6,30.7
6312,H16311,H,299.6,309.3,1168.0,38.2,214.0,0,No Failure,0,0,0,0,0,81.0,36.8
6313,H16312,H,302.4,312.6,1168.0,60.9,220.0,1,OSF (Overstrain Failure),1,0,0,1,0,0.3,25.1
6314,L16313,L,302.2,312.9,1168.0,36.5,0.0,0,No Failure,0,0,0,0,0,220.0,100.0
6315,M16314,M,298.6,307.9,1208.0,37.4,2.0,0,No Failure,0,0,0,0,0,211.3,96.0
6316,M16315,M,301.3,310.1,1168.0,41.1,6.0,0,No Failure,0,0,0,0,0,202.8,92.2
6317,M16316,M,298.9,308.8,1168.0,37.3,10.0,0,No Failure,0,0,0,0,0,212.4,96.6
6318,M16317,M,301.0,311.6,1168.0,43.1,13.0,0,No Failure,0,0,0,0,0,211.2,96.0
6319,L16318,L,301.2,311.4,1168.0,52.3,16.0,0,No Failure,0,0,0,0,0,207.9,94.5
6320,M16319,M,302.0,311.1,1208.0,41.5,18.0,0,No Failure,0,0,0,0,0,198.4,90.2
6321,L16320,L,298.9,310.7,1256.0,41.8,21.0,0,No Failure,0,0,0,0,0,205.5,93.4
6322,L16321,L,301.6,311.5,1321.0,37.7,23.0,0,No Failure,0,0,0,0,0,204.1,92.8
6323,H16322,H,296.4,306.6,1342.0,34.9,26.0,0,No Failure,0,0,0,0,0,204.0,92.7
6324,L16323,L,302.1,311.4,1168.0,41.0,31.0,0,No Failure,0,0,0,0,0,191.0,86.8
6325,M16324,M,299.7,310.8,1168.0,40.1,34.0,0,No Failure,0,0,0,0,0,197.5,89.8
6326,L16325,L,299.8,310.4,1168.0,51.7,38.0,0,No Failure,0,0,0,0,0,191.5,87.0
6327,H16326,H,296.1,306.4,1366.0,30.4,41.0,0,No Failure,0,0,0,0,0,195.6,88.9
6328,M16327,M,299.1,307.9,1258.0,54.5,47.0,0,No Failure,0,0,0,0,0,175.1,79.6
6329,L16328,L,302.2,313.3,1172.0,38.5,51.0,0,No Failure,0,0,0,0,0,185.8,84.4
6330,L16329,L,299.0,309.8,1334.0,41.5,54.0,0,No Failure,0,0,0,0,0,182.8,83.1
6331,L16330,L,301.0,312.0,1301.0,29.4,57.0,0,No Failure,0,0,0,0,0,184.9,84.0
6332,H16331,H,299.8,309.8,1216.0,45.6,60.0,0,No Failure,0,0,0,0,0,179.7,81.7
6333,M16332,M,301.7,311.6,1315.0,,65.0,0,No Failure,0,0,0,0,0,179.9,81.8
6334,L16333,L,300.1,309.9,1168.0,43.7,69.0,0,No Failure,0,0,0,0,0,169.3,77.0
6335,M16334,M,298.1,310.4,1168.0,42.8,72.0,0,No Failure,0,0,0,0,0,171.4,77.9
6336,L16335,L,299.8,309.3,1213.0,36.7,75.0,0,No Failure,0,0,0,0,0,165.3,75.1
6337,L16336,L,302.6,311.4,1399.0,19.3,77.0,1,PWF (Power Failure),0,0,1,0,0,5.3,69.3
6338,L16337,L,300.6,310.2,1168.0,61.6,80.0,0,No Failure,0,0,0,0,0,150.8,68.6
6339,L16338,L,299.5,309.0,1168.0,29.5,82.0,0,No Failure,0,0,0,0,0,158.6,72.1
6340,M16339,M,303.8,315.1,1168.0,42.7,85.0,0,No Failure,0,0,0,0,0,162.6,73.9
6341,H16340,H,301.8,,1299.0,32.7,89.0,1,HDF (Heat Dissipation),0,1,0,0,0,0.5,71.3
6342,H16341,H,301.2,310.6,1168.0,50.5,94.0,0,No Failure,0,0,0,0,0,147.9,67.2
6343,H16342,H,300.3,310.5,1382.0,36.2,100.0,0,No Failure,0,0,0,0,0,157.6,71.6
6344,L16343,L,310.1,312.3,1168.0,32.5,106.0,0,No Failure,0,0,0,0,0,152.7,69.4
6345,L16344,L,301.1,311.8,1693.85,46.0,109.0,0,No Failure,0,0,0,0,0,142.0,64.5
6346,M16345,M,295.8,307.4,1287.0,27.3,111.0,0,No Failure,0,0,0,0,0,151.2,68.7
6347,H16346,H,300.4,310.7,1168.0,35.9,115.0,0,No Failure,0,0,0,0,0,148.4,67.5
6348,M16347,M,299.4,309.2,1232.0,46.9,120.0,0,No Failure,0,0,0,0,0,134.3,61.1
6349,L16348,L,298.8,,1297.0,55.1,123.0,0,No Failure,0,0,0,0,0,125.2,56.9
6350,M16349,M,299.4,308.0,1168.0,30.4,126.0,0,No Failure,0,0,0,0,0,125.8,57.2
6351,M16350,M,296.9,305.2,1373.0,33.9,130.0,1,HDF (Heat Dissipation),0,1,0,0,0,3.7,60.4
6352,H16351,H,296.4,307.4,1343.0,43.5,134.0,0,No Failure,0,0,0,0,0,131.4,59.7
6353,M16352,M,301.9,312.1,1753.0,20.0,139.0,0,No Failure,0,0,0,0,0,140.0,63.6
6354,L16353,L,300.5,311.5,1168.0,53.6,506.09,0,No Failure,0,0,0,0,0,111.9,50.8
6355,L16354,L,295.3,304.4,1389.0,30.0,144.0,0,No Failure,0,0,0,0,0,128.3,58.3
6356,L16355,L,298.6,309.9,1168.0,35.6,147.0,0,No Failure,0,0,0,0,0,123.9,56.3
6357,L16356,L,301.3,312.0,1224.0,42.6,150.0,0,No Failure,0,0,0,0,0,115.7,52.6
6358,H16357,H,299.2,309.2,1168.0,40.5,153.0,0,No Failure,0,0,0,0,0,121.2,55.1
6359,M16358,M,301.9,312.1,1275.0,30.4,159.0,0,No Failure,0,0,0,0,0,123.5,56.1
6360,L16359,L,301.6,311.9,1168.0,57.2,162.0,0,No Failure,0,0,0,0,0,93.1,42.3
6361,L16360,L,297.2,306.3,1649.0,14.2,164.0,1,PWF (Power Failure),0,0,1,0,0,3.3,50.8
6362,M16361,M,299.4,309.0,1293.0,28.8,167.0,0,No Failure,0,0,0,0,0,117.3,53.3
6363,M16362,M,298.9,309.2,1188.0,33.6,171.0,0,No Failure,0,0,0,0,0,113.2,51.4
6364,L16363,L,297.2,306.8,1205.0,,175.0,0,No Failure,0,0,0,0,0,106.7,48.5
6365,H16364,H,297.0,305.5,1212.0,52.2,178.0,1,HDF (Heat Dissipation),0,1,0,0,0,3.5,35.8
6366,L16365,L,298.2,308.5,1326.0,23.4,184.0,1,PWF (Power Failure),0,0,1,0,0,7.5,44.6
6367,L16366,L,298.5,309.3,1168.0,55.6,187.0,0,No Failure,0,0,0,0,0,75.3,34.2
6368,L16367,L,300.2,311.3,1220.0,37.2,190.0,0,No Failure,0,0,0,0,0,94.0,42.7
6369,M16368,M,301.5,299.5,1267.0,26.4,192.0,0,No Failure,0,0,0,0,0,99.5,45.2
6370,M16369,M,300.6,311.4,1475.0,19.0,196.0,1,PWF (Power Failure),0,0,1,0,0,6.6,41.5
6371,H16370,H,301.0,312.0,1289.0,37.8,199.0,0,No Failure,0,0,0,0,0,94.3,42.8
6372,L16371,L,299.2,309.3,1189.0,33.0,204.0,0,No Failure,0,0,0,0,0,89.8,40.8
6373,H16372,H,300.7,308.6,1355.0,42.4,206.0,1,HDF (Heat Dissipation),1,1,0,0,0,1.3,34.7
6374,M16373,M,299.4,310.6,1202.0,35.5,212.0,0,No Failure,0,0,0,0,0,85.3,38.8
6375,L16374,L,298.8,307.9,1168.0,49.6,216.0,0,No Failure,0,0,0,0,0,50.8,23.1
6376,L16375,L,303.0,311.9,1214.0,38.6,219.0,0,No Failure,0,0,0,0,0,61.5,28.0
6377,L16376,L,295.4,304.3,1168.0,35.8,222.0,1,TWF (Tool Wear Failure),1,0,0,0,0,3.3,28.4
6378,H16377,H,296.2,308.7,1168.0,49.7,225.0,0,No Failure,0,0,0,0,0,64.2,29.2
6379,L16378,L,300.3,310.7,1168.0,42.3,231.0,1,TWF (Tool Wear Failure),1,0,0,0,0,0.4,27.2
6380,L16379,L,299.1,308.1,1199.0,47.7,233.0,1,OSF (Overstrain Failure),1,0,0,1,0,2.4,18.1
6381,M16380,M,297.0,306.3,1168.0,51.5,235.0,1,OSF (Overstrain Failure),1,0,0,1,0,5.2,19.2
6382,H16381,H,297.7,307.7,1203.0,37.1,0.0,0,No Failure,0,0,0,0,0,220.0,100.0
6383,M16382,M,297.9,308.4,,40.4,6.0,0,No Failure,0,0,0,0,0,216.0,98.2
6384,M16383,M,301.2,311.5,1168.0,48.4,9.0,0,No Failure,0,0,0,0,0,213.6,97.1
6385,L16384,L,301.8,310.9,1618.0,15.5,13.0,1,PWF (Power Failure),0,0,1,0,0,2.6,86.9
6386,H16385,H,302.6,312.9,1322.0,39.0,15.0,0,No Failure,0,0,0,0,0,210.4,95.6
6387,L16386,L,296.7,306.1,1234.0,37.8,21.0,0,No Failure,0,0,0,0,0,200.3,91.0
6388,L16387,L,297.1,308.1,1272.0,43.7,23.0,0,No Failure,0,0,0,0,0,203.8,92.7
6389,H16388,H,297.0,307.1,1319.0,32.0,25.0,0,No Failure,0,0,0,0,0,204.9,93.2
6390,L16389,L,301.9,311.1,1168.0,51.0,30.0,0,No Failure,0,0,0,0,0,188.8,85.8
6391,L16390,L,300.3,311.0,1168.0,32.6,33.0,0,No Failure,0,0,0,0,0,199.0,90.5
6392,M16391,M,299.7,310.1,1168.0,35.4,35.0,0,No Failure,0,0,0,0,0,197.8,89.9
6393,L16392,L,300.0,309.5,1234.0,33.4,38.0,0,No Failure,0,0,0,0,0,190.9,86.8
6394,L16393,L,299.5,310.2,1168.0,52.3,40.0,0,No Failure,0,0,0,0,0,189.8,86.3
6395,M16394,M,297.6,308.2,1432.0,19.1,43.0,1,PWF (Power Failure),0,0,1,0,0,5.8,79.3
6396,M16395,M,300.5,311.7,1168.0,57.9,46.0,0,No Failure,0,0,0,0,0,185.1,84.1
6397,M16396,M,299.2,309.9,1637.18,54.7,50.0,0,No Failure,0,0,0,0,0,183.0,83.2
6398,L16397,L,297.4,307.2,1168.0,34.4,53.0,0,No Failure,0,0,0,0,0,183.5,83.4
6399,M16398,M,300.6,308.9,1168.0,50.3,55.0,1,HDF (Heat Dissipation),0,1,0,0,0,5.0,73.6
6400,H16399,H,298.8,309.0,1170.0,41.3,59.0,0,No Failure,0,0,0,0,0,181.7,82.6
6401,L16400,L,300.0,310.3,1168.0,56.5,65.0,0,No Failure,0,0,0,0,0,169.4,77.0
6402,L16401,L,299.3,309.4,1190.0,49.5,67.0,0,No Failure,0,0,0,0,0,170.6,77.6
6403,L16402,L,,308.2,,61.9,69.0,1,HDF (Heat Dissipation),0,1,0,0,0,6.4,66.0
6404,M16403,M,299.9,310.6,1501.0,24.4,71.0,0,No Failure,0,0,0,0,0,179.2,81.5
6405,L16404,L,298.0,307.1,1168.0,41.9,75.0,0,No Failure,0,0,0,0,0,158.2,71.9
6406,M16405,M,300.1,310.8,1216.0,22.8,78.0,1,PWF (Power Failure),0,0,1,0,0,0.7,70.0
6407,H16406,H,300.2,311.9,1168.0,34.8,82.0,0,No Failure,0,0,0,0,0,169.4,77.0
6408,L16407,L,300.5,310.2,1168.0,62.5,447.59,0,No Failure,0,0,0,0,0,145.8,66.3
6409,M16408,M,301.4,311.8,1172.0,44.7,90.0,0,No Failure,0,0,0,0,0,158.3,71.9
6410,L16409,L,298.4,308.4,1168.0,49.8,94.0,0,No Failure,0,0,0,0,0,150.6,68.4
6411,L16410,L,300.7,311.2,1168.0,45.1,97.0,0,No Failure,0,0,0,0,0,151.1,68.7
6412,M16411,M,296.4,306.5,1168.0,44.5,99.0,0,No Failure,0,0,0,0,0,152.2,69.2
6413,L16412,L,299.3,308.8,1351.0,34.8,102.0,0,No Failure,0,0,0,0,0,151.6,68.9
6414,H16413,H,299.0,308.1,1257.0,32.9,104.0,0,No Failure,0,0,0,0,0,149.2,67.8
6415,M16414,M,302.1,313.7,1168.0,34.5,110.0,0,No Failure,0,0,0,0,0,150.7,68.5
6416,L16415,L,299.2,309.6,1332.0,12.7,114.0,1,PWF (Power Failure),0,0,1,0,0,7.8,63.3
6417,L16416,L,300.6,311.4,1176.0,39.2,116.0,0,No Failure,0,0,0,0,0,141.7,64.4
6418,L16417,L,296.3,306.7,1171.0,42.4,119.0,0,No Failure,0,0,0,0,0,137.4,62.4
6419,H16418,H,298.9,309.9,1168.0,33.8,121.0,0,No Failure,0,0,0,0,0,146.0,66.4
6420,M16419,M,298.0,296.82,1168.0,38.7,126.0,0,No Failure,0,0,0,0,0,127.8,58.1
6421,L16420,L,304.0,314.1,1168.0,45.3,130.0,0,No Failure,0,0,0,0,0,127.5,57.9
6422,M16421,M,298.3,308.8,1168.0,48.8,132.0,0,No Failure,0,0,0,0,0,126.5,57.5
6423,M16422,M,299.6,310.9,1216.0,28.0,136.0,0,No Failure,0,0,0,0,0,132.8,60.3
6424,M16423,M,299.7,312.4,1258.0,32.1,139.0,0,No Failure,0,0,0,0,0,134.3,61.0
6425,L16424,L,296.6,307.0,1220.0,47.5,142.0,0,No Failure,0,0,0,0,0,117.0,53.2
6426,L16425,L,298.5,307.8,1296.0,45.9,145.0,0,No Failure,0,0,0,0,0,111.5,50.7
6427,L16426,L,300.2,309.0,1168.0,53.4,148.0,0,No Failure,0,0,0,0,0,94.3,42.8
6428,L16427,L,299.6,308.7,1199.0,53.0,151.0,0,No Failure,0,0,0,0,0,95.6,43.5
6429,L16428,L,295.3,304.5,1168.0,64.1,154.0,0,No Failure,0,0,0,0,0,84.2,38.3
6430,L16429,L,298.5,305.6,1186.0,37.1,156.0,1,HDF (Heat Dissipation),0,1,0,0,0,6.1,38.5
6431,L16430,L,301.3,310.6,,55.8,159.0,0,No Failure,0,0,0,0,0,89.1,40.5
6432,L16431,L,300.5,311.2,1385.0,30.8,162.0,0,No Failure,0,0,0,0,0,118.8,54.0
6433,L16432,L,301.7,311.8,1168.0,63.9,,0,No Failure,0,0,0,0,0,85.0,38.6
6434,H16433,H,297.7,307.4,1368.0,44.5,167.0,0,No Failure,0,0,0,0,0,107.7,49.0
6435,M16434,M,301.8,310.2,1168.0,45.4,173.0,1,HDF (Heat Dissipation),0,1,0,0,0,2.7,37.8
6436,L16435,L,299.4,310.5,1168.0,49.9,177.0,0,No Failure,0,0,0,0,0,89.1,40.5
6437,M16436,M,302.3,312.8,1255.0,26.4,179.0,1,PWF (Power Failure),0,0,1,0,0,0.2,48.3
6438,L16437,L,299.5,309.5,1267.0,29.3,183.0,0,No Failure,0,0,0,0,0,107.3,48.8
6439,H16438,H,295.8,303.6,1168.0,41.2,186.0,1,HDF (Heat Dissipation),0,1,0,0,0,6.1,34.1
6440,M16439,M,301.0,310.5,1236.0,43.5,191.0,0,No Failure,0,0,0,0,0,85.6,38.9
6441,L16440,L,298.6,309.0,1168.0,60.8,194.0,1,OSF (Overstrain Failure),0,0,0,1,0,1.1,29.0
6442,H16441,H,298.8,308.8,1402.0,30.5,196.0,0,No Failure,0,0,0,0,0,103.4,47.0
6443,H16442,H,296.8,307.0,1168.0,55.4,201.0,0,No Failure,0,0,0,0,0,75.0,34.1
6444,H16443,H,302.4,313.1,1179.0,37.3,206.0,1,TWF (Tool Wear Failure),1,0,0,0,0,4.4,41.1
6445,L16444,L,298.5,308.7,1191.0,37.2,212.0,1,TWF (Tool Wear Failure),1,0,0,0,0,3.9,36.1
6446,L16445,L,302.3,312.9,790.57,38.4,214.0,1,TWF (Tool Wear Failure),1,0,0,0,0,6.6,34.8
6447,M16446,M,298.7,307.9,1246.0,36.9,217.0,1,TWF (Tool Wear Failure),1,0,0,0,0,5.1,33.3
6448,L16447,L,297.8,306.6,1168.0,44.9,220.0,0,No Failure,0,0,0,0,0,50.7,23.1
6449,M16448,M,301.8,312.3,1230.0,36.1,,0,No Failure,0,0,0,0,0,78.2,35.6
6450,M16449,M,299.3,310.0,1345.0,25.9,226.0,0,No Failure,0,0,0,0,0,84.2,38.3
6451,L16450,L,299.3,309.8,1328.0,37.3,0.0,0,No Failure,0,0,0,0,0,220.0,100.0
6452,L16451,L,297.1,307.2,1168.0,44.6,2.0,0,No Failure,0,0,0,0,0,218.6,99.4
6453,L16452,L,298.6,308.3,1168.0,26.0,5.0,1,PWF (Power Failure),0,0,1,0,0,5.5,89.4
6454,L16453,L,300.2,310.4,1301.0,45.8,8.0,0,No Failure,0,0,0,0,0,214.3,97.4
6455,M16454,M,297.1,307.5,1168.0,51.8,10.0,0,No Failure,0,0,0,0,0,212.8,96.7
6456,M16455,M,298.4,308.8,1168.0,54.8,13.0,0,No Failure,0,0,0,0,0,210.4,95.6
6457,L16456,L,298.6,311.2,1168.0,43.4,16.0,0,No Failure,0,0,0,0,0,208.8,94.9
6458,M16457,M,299.5,308.6,1263.0,22.0,18.0,1,PWF (Power Failure),0,0,1,0,0,0.9,82.0
6459,M16458,M,302.1,315.3,1200.0,46.5,21.0,0,No Failure,0,0,0,0,0,205.4,93.4
6460,M16459,M,298.9,307.6,1168.0,49.7,25.0,0,No Failure,0,0,0,0,0,187.9,85.4
6461,L16460,L,298.2,308.6,1200.0,33.0,28.0,0,No Failure,0,0,0,0,0,202.1,91.9
6462,M16461,M,304.3,313.1,1271.0,39.3,31.0,0,No Failure,0,0,0,0,0,190.2,86.5
6463,M16462,M,298.6,308.9,1168.0,44.8,35.0,0,No Failure,0,0,0,0,0,196.0,89.1
6464,L16463,L,299.0,310.0,1674.4,57.9,38.0,0,No Failure,0,0,0,0,0,190.1,86.4
6465,M16464,M,298.7,308.7,1251.0,37.4,41.0,0,No Failure,0,0,0,0,0,193.5,88.0
6466,H16465,H,298.9,309.9,1168.0,48.9,45.0,0,No Failure,0,0,0,0,0,189.0,85.9
6467,L16466,L,299.5,309.1,1168.0,43.2,50.0,0,No Failure,0,0,0,0,0,180.6,82.1
6468,M16467,M,301.0,309.0,1265.0,42.0,52.0,1,HDF (Heat Dissipation),0,1,0,0,0,0.8,76.7
6469,H16468,H,300.1,310.7,1168.0,53.3,56.0,0,No Failure,0,0,0,0,0,180.2,81.9
6470,H16469,H,301.3,311.3,1296.0,31.7,62.0,0,No Failure,0,0,0,0,0,182.7,83.1
6471,L16470,L,301.2,310.7,1260.0,42.3,68.0,0,No Failure,0,0,0,0,0,168.6,76.7
6472,M16471,M,299.7,309.3,1189.0,40.3,71.0,0,No Failure,0,0,0,0,0,168.6,76.6
6473,H16472,H,300.0,310.4,1350.0,24.9,75.0,0,No Failure,0,0,0,0,0,169.8,77.2
6474,M16473,M,301.4,310.6,1168.0,52.3,81.0,0,No Failure,0,0,0,0,0,152.3,69.2
6475,L16474,L,297.4,307.8,1168.0,48.3,84.0,0,No Failure,0,0,0,0,0,158.7,72.1
6476,L16475,L,303.9,315.1,1273.0,40.3,87.0,0,No Failure,0,0,0,0,0,160.7,73.0
6477,M16476,M,298.4,310.5,1170.0,37.4,89.0,0,No Failure,0,0,0,0,0,162.5,73.9
6478,L16477,L,298.7,310.1,1168.0,40.0,92.0,0,No Failure,0,0,0,0,0,157.4,71.6
6479,L16478,L,297.2,307.4,1233.0,47.1,95.0,0,No Failure,0,0,0,0,0,151.4,68.8
6480,L16479,L,297.2,307.5,1394.0,40.5,97.0,0,No Failure,0,0,0,0,0,153.7,69.9
6481,M16480,M,301.1,310.7,1430.0,33.3,99.0,0,No Failure,0,0,0,0,0,158.0,71.8
6482,L16481,L,303.4,312.9,1168.0,34.8,102.0,0,No Failure,0,0,0,0,0,148.3,67.4
6483,H16482,H,298.3,309.2,1324.0,39.9,104.0,0,No Failure,0,0,0,0,0,153.2,69.6
6484,M16483,M,300.0,309.7,1177.0,30.7,109.0,0,No Failure,0,0,0,0,0,149.9,68.1
6485,H16484,H,299.7,310.1,1390.0,43.3,113.0,0,No Failure,0,0,0,0,0,145.4,66.1
6486,H16485,H,301.1,310.1,1239.0,32.1,118.0,0,No Failure,0,0,0,0,0,139.6,63.4
6487,L16486,L,303.3,314.7,1168.0,30.5,124.0,0,No Failure,0,0,0,0,0,140.8,64.0
6488,M16487,M,302.1,311.8,1168.0,71.9,126.0,0,No Failure,0,0,0,0,0,105.0,47.7
6489,L16488,L,298.9,310.0,1168.0,59.4,129.0,0,No Failure,0,0,0,0,0,117.3,53.3
6490,H16489,H,300.3,309.6,1168.0,41.4,132.0,0,No Failure,0,0,0,0,0,126.5,57.5
6491,L16490,L,300.4,309.6,1216.0,48.5,137.0,0,No Failure,0,0,0,0,0,111.6,50.7
6492,M16491,M,299.3,310.6,1231.0,50.2,139.0,0,No Failure,0,0,0,0,0,120.5,54.8
6493,H16492,H,297.3,306.7,1168.0,39.2,143.0,0,No Failure,0,0,0,0,0,122.0,55.5
6494,L16493,L,297.9,306.3,1364.0,42.8,148.0,1,HDF (Heat Dissipation),0,1,0,0,0,7.1,50.4
6495,H16494,H,301.4,310.4,1168.0,37.4,150.0,0,No Failure,0,0,0,0,0,114.5,52.1
6496,L16495,L,301.6,312.5,1168.0,52.6,155.0,0,No Failure,0,0,0,0,0,102.9,46.8
6497,L16496,L,298.9,309.7,1410.0,52.7,157.0,0,No Failure,0,0,0,0,0,101.3,46.0
6498,L16497,L,299.8,309.0,1168.0,55.6,160.0,0,No Failure,0,0,0,0,0,87.4,39.7
6499,L16498,L,301.5,310.9,1168.0,42.7,162.0,0,No Failure,0,0,0,0,0,100.6,45.7
6500,M16499,M,296.2,306.9,1168.0,61.7,164.0,0,No Failure,0,0,0,0,0,92.2,41.9
6501,H16500,H,298.5,309.8,1247.0,39.2,168.0,0,No Failure,0,0,0,0,0,112.6,51.2
6502,L16501,L,302.9,312.8,1168.0,60.5,173.0,0,No Failure,0,0,0,0,0,80.0,36.4
6503,M16502,M,299.8,310.4,1339.0,35.4,176.0,0,No Failure,0,0,0,0,0,108.3,49.2
6504,H16503,H,297.3,308.2,1240.0,27.0,179.0,0,No Failure,0,0,0,0,0,108.6,49.4
6505,M16504,M,299.5,311.7,1712.14,60.3,184.0,0,No Failure,0,0,0,0,0,78.0,35.5
6506,L16505,L,301.1,309.9,1168.0,46.6,188.0,0,No Failure,0,0,0,0,0,71.5,32.5
6507,H16506,H,294.7,304.0,1168.0,45.2,190.0,0,No Failure,0,0,0,0,0,85.1,38.7
6508,L16507,L,299.6,309.1,1231.0,36.4,196.0,0,No Failure,0,0,0,0,0,86.1,39.2
6509,M16508,M,298.6,309.4,1168.0,31.5,-149.75,0,No Failure,0,0,0,0,0,98.0,44.5
6510,M16509,M,296.3,306.0,1341.0,32.5,202.0,0,No Failure,0,0,0,0,0,93.6,42.5
6511,M16510,M,299.4,309.7,1246.0,41.4,205.0,0,No Failure,0,0,0,0,0,83.1,37.8
6512,L16511,L,299.0,309.1,1168.0,38.5,208.0,0,No Failure,0,0,0,0,0,80.4,36.6
6513,L16512,L,299.2,309.2,1367.0,20.6,210.0,1,PWF (Power Failure),1,0,1,0,0,5.6,36.2
6514,M16513,M,298.6,308.7,1168.0,56.9,212.0,1,OSF (Overstrain Failure),0,0,0,1,0,0.0,27.4
6515,L16514,L,297.4,308.4,1176.0,35.8,0.0,0,No Failure,0,0,0,0,0,220.0,100.0
6516,L16515,L,296.6,305.6,1168.0,52.4,3.0,0,No Failure,0,0,0,0,0,206.7,94.0
6517,M16516,M,298.0,307.9,1378.0,32.9,6.0,0,No Failure,0,0,0,0,0,216.0,98.2
6518,M16517,M,300.8,309.6,1315.0,41.5,9.0,0,No Failure,0,0,0,0,0,206.9,94.0
6519,L16518,L,299.7,309.9,1168.0,49.7,12.0,0,No Failure,0,0,0,0,0,211.1,96.0
6520,L16519,L,299.1,308.9,1231.0,48.3,14.0,0,No Failure,0,0,0,0,0,207.9,94.5
6521,H16520,H,297.4,308.5,1293.0,37.3,17.0,0,No Failure,0,0,0,0,0,209.3,95.1
6522,L16521,L,298.6,308.6,1297.0,45.1,22.0,0,No Failure,0,0,0,0,0,204.4,92.9
6523,L16522,L,300.6,310.2,1171.0,46.8,25.0,0,No Failure,0,0,0,0,0,197.6,89.8
6524,L16523,L,300.1,309.9,1229.0,38.5,27.0,0,No Failure,0,0,0,0,0,199.9,90.9
6525,L16524,L,298.4,310.1,1168.0,28.9,30.0,0,No Failure,0,0,0,0,0,194.3,88.3
6526,H16525,H,294.5,302.9,1204.0,33.8,32.0,1,HDF (Heat Dissipation),0,1,0,0,0,3.7,83.2
6527,L16526,L,298.0,307.4,1168.0,36.2,37.0,0,No Failure,0,0,0,0,0,189.1,85.9
6528,L16527,L,298.4,308.4,1281.0,40.3,39.0,0,No Failure,0,0,0,0,0,193.4,87.9
6529,M16528,M,297.6,307.0,1168.0,55.9,42.0,0,No Failure,0,0,0,0,0,182.0,82.7
6530,L16529,L,298.5,309.0,1168.0,49.1,45.0,0,No Failure,0,0,0,0,0,186.9,85.0
6531,L16530,L,300.7,310.6,1180.0,31.8,47.0,0,No Failure,0,0,0,0,0,189.3,86.0
6532,H16531,H,299.2,309.5,1168.0,58.4,49.0,0,No Failure,0,0,0,0,0,183.9,83.6
6533,M16532,M,301.0,311.1,1295.0,39.2,55.0,0,No Failure,0,0,0,0,0,183.9,83.6
6534,L16533,L,296.5,306.4,1177.0,46.7,58.0,0,No Failure,0,0,0,0,0,177.1,80.5
6535,L16534,L,298.7,307.4,1323.0,30.6,60.0,0,No Failure,0,0,0,0,0,175.3,79.7
6536,L16535,L,295.7,305.9,1168.0,35.5,62.0,0,No Failure,0,0,0,0,0,179.5,81.6
6537,L16536,L,298.4,306.6,1279.0,50.4,64.0,1,HDF (Heat Dissipation),0,1,0,0,0,2.4,72.2
6538,M16537,M,297.3,306.6,1271.0,31.2,67.0,0,No Failure,0,0,0,0,0,173.5,78.9
6539,M16538,M,301.5,324.52,1300.0,40.6,70.0,0,No Failure,0,0,0,0,0,173.6,78.9
6540,M16539,M,299.9,311.1,1168.0,44.7,73.0,0,No Failure,0,0,0,0,0,169.9,77.2
6541,H16540,H,301.0,313.3,1309.0,29.8,77.0,0,No Failure,0,0,0,0,0,174.5,79.3
6542,L16541,L,298.4,308.0,1471.0,22.2,83.0,1,PWF (Power Failure),0,0,1,0,0,5.7,73.6
6543,H16542,H,297.4,306.5,1168.0,49.1,86.0,0,No Failure,0,0,0,0,0,150.8,68.6
6544,M16543,M,297.3,307.8,1168.0,68.6,91.0,0,No Failure,0,0,0,0,0,145.6,66.2
6545,L16544,L,299.7,311.6,1168.0,44.6,95.0,0,No Failure,0,0,0,0,0,152.8,69.4
6546,H16545,H,302.4,313.9,1168.0,,98.0,0,No Failure,0,0,0,0,0,153.7,69.9
6547,L16546,L,299.9,308.9,1168.0,31.2,103.0,0,No Failure,0,0,0,0,0,144.4,65.6
6548,M16547,M,298.5,308.4,1168.0,54.7,105.0,0,No Failure,0,0,0,0,0,141.1,64.1
6549,M16548,M,298.8,309.7,1344.0,36.2,,0,No Failure,0,0,0,0,0,151.0,68.6
6550,L16549,L,299.1,310.0,,51.6,112.0,0,No Failure,0,0,0,0,0,136.0,61.8
6551,H16550,H,302.8,313.4,1168.0,46.1,115.0,0,No Failure,0,0,0,0,0,142.5,64.8
6552,L16551,L,301.4,311.0,1724.56,46.3,121.0,0,No Failure,0,0,0,0,0,128.7,58.5
6553,H16552,H,299.6,310.2,1372.0,45.9,124.0,0,No Failure,0,0,0,0,0,136.5,62.1
6554,L16553,L,299.4,310.3,1236.0,45.6,129.0,0,No Failure,0,0,0,0,0,127.9,58.2
6555,L16554,L,299.7,308.8,1259.0,42.8,131.0,0,No Failure,0,0,0,0,0,121.2,55.1
6556,L16555,L,300.1,311.4,1168.0,49.7,133.0,0,No Failure,0,0,0,0,0,121.8,55.4
6557,H16556,H,298.4,309.4,668.01,32.7,136.0,0,No Failure,0,0,0,0,0,137.6,62.5
6558,L16557,L,297.6,306.9,1168.0,37.6,142.0,0,No Failure,0,0,0,0,0,117.8,53.5
6559,H16558,H,301.0,311.9,1833.22,54.7,144.0,0,No Failure,0,0,0,0,0,116.7,53.0
6560,L16559,L,290.5,310.0,1168.0,41.7,150.0,0,No Failure,0,0,0,0,0,116.5,52.9
6561,L16560,L,300.9,311.8,1168.0,36.7,153.0,0,No Failure,0,0,0,0,0,119.0,54.1
6562,L16561,L,302.1,313.7,1168.0,50.3,155.0,0,No Failure,0,0,0,0,0,105.0,47.7
6563,L16562,L,300.1,310.1,1168.0,48.4,157.0,0,No Failure,0,0,0,0,0,105.3,47.9
6564,H16563,H,299.8,310.1,1380.0,27.0,160.0,0,No Failure,0,0,0,0,0,127.7,58.0
6565,L16564,L,304.9,312.3,1713.19,47.3,166.0,1,HDF (Heat Dissipation),0,1,0,0,0,1.5,32.4
6566,M16565,M,299.5,310.6,1224.0,41.4,168.0,0,No Failure,0,0,0,0,0,107.8,49.0
6567,M16566,M,297.2,308.2,1218.0,47.1,172.0,0,No Failure,0,0,0,0,0,99.8,45.3
6568,M16567,M,298.6,310.0,1168.0,40.1,175.0,0,No Failure,0,0,0,0,0,104.4,47.5
6569,M16568,M,301.9,311.0,1238.0,44.6,178.0,0,No Failure,0,0,0,0,0,89.6,40.7
6570,H16569,H,296.8,307.8,1561.0,21.7,182.0,0,No Failure,0,0,0,0,0,112.9,51.3
6571,M16570,M,297.8,308.8,1190.0,31.1,188.0,0,No Failure,0,0,0,0,0,105.1,47.8
6572,M16571,M,301.1,310.4,1168.0,47.4,192.0,0,No Failure,0,0,0,0,0,77.8,35.3
6573,M16572,M,298.6,309.7,1168.0,66.2,195.0,1,OSF (Overstrain Failure),0,0,0,1,0,1.1,28.7
6574,M16573,M,298.9,309.4,1168.0,43.7,198.0,0,No Failure,0,0,0,0,0,85.3,38.8
6575,L16574,L,301.1,309.4,1358.0,33.1,202.0,1,HDF (Heat Dissipation),0,1,0,0,0,5.6,38.2
6576,M16575,M,297.8,308.4,1282.0,41.4,204.0,1,TWF (Tool Wear Failure),1,0,0,0,0,5.2,38.1
6577,L16576,L,296.5,305.7,1168.0,31.1,208.0,0,No Failure,0,0,0,0,0,80.9,36.8
6578,M16577,M,296.6,304.9,1168.0,52.5,210.0,1,HDF (Heat Dissipation),0,1,0,0,0,6.8,21.9
6579,H16578,H,300.2,310.6,1331.0,40.5,213.0,0,No Failure,0,0,0,0,0,82.5,37.5
6580,H16579,H,299.6,309.5,1168.0,50.5,218.0,1,TWF (Tool Wear Failure),1,0,0,0,0,6.0,30.5
6581,H16580,H,297.9,309.3,1228.0,38.5,223.0,0,No Failure,0,0,0,0,0,78.3,35.6
6582,M16581,M,297.0,307.2,1168.0,51.4,228.0,0,No Failure,0,0,0,0,0,55.2,25.1
6583,M16582,M,289.82,309.4,1408.0,23.8,231.0,0,No Failure,0,0,0,0,0,80.1,36.4
6584,L16583,L,301.1,311.6,1168.0,40.2,0.0,0,No Failure,0,0,0,0,0,220.0,100.0
6585,L16584,L,297.6,308.6,1168.0,45.4,2.0,0,No Failure,0,0,0,0,0,218.6,99.4
6586,L16585,L,297.9,307.0,1309.0,37.3,-268.33,0,No Failure,0,0,0,0,0,211.1,96.0
6587,L16586,L,,307.2,1235.0,43.6,7.0,0,No Failure,0,0,0,0,0,215.1,97.8
6588,H16587,H,298.4,308.3,1168.0,43.4,9.0,0,No Failure,0,0,0,0,0,213.0,96.8
6589,H16588,H,299.7,310.4,1168.0,50.5,15.0,0,No Failure,0,0,0,0,0,209.6,95.3
6590,M16589,M,302.9,313.2,1271.0,46.2,21.0,0,No Failure,0,0,0,0,0,205.4,93.4
6591,L16590,L,299.5,308.9,1168.0,43.9,,0,No Failure,0,0,0,0,0,196.5,89.3
6592,M16591,M,299.0,308.7,1301.0,-4.11,26.0,0,No Failure,0,0,0,0,0,199.6,90.7
6593,L16592,L,300.6,312.2,776.04,26.5,30.0,1,PWF (Power Failure),0,0,1,0,0,2.7,88.0
6594,H16593,H,300.3,308.6,1168.0,,32.0,1,HDF (Heat Dissipation),0,1,0,0,0,2.2,82.7
6595,H16594,H,298.0,308.7,1315.0,26.1,37.0,0,No Failure,0,0,0,0,0,193.2,87.8
6596,L16595,L,303.2,314.4,1197.0,45.5,42.0,0,No Failure,0,0,0,0,0,190.1,86.4
6597,L16596,L,299.0,309.6,1168.0,44.1,44.0,0,No Failure,0,0,0,0,0,189.0,85.9
6598,L16597,L,299.5,311.5,1168.0,53.9,47.0,0,No Failure,0,0,0,0,0,184.1,83.7
6599,L16598,L,300.1,299.08,1189.0,,49.0,0,No Failure,0,0,0,0,0,185.7,84.4
6600,L16599,L,299.7,,1319.0,33.7,51.0,0,No Failure,0,0,0,0,0,187.2,85.1
6601,L16600,L,301.8,311.3,1168.0,41.3,54.0,0,No Failure,0,0,0,0,0,177.4,80.6
6602,L16601,L,298.0,308.4,1242.0,21.2,56.0,1,PWF (Power Failure),0,0,1,0,0,0.3,75.6
6603,L16602,L,300.5,311.2,1185.0,35.9,59.0,0,No Failure,0,0,0,0,0,181.3,82.4
6604,L16603,L,299.4,309.4,1338.0,16.5,61.0,1,PWF (Power Failure),0,0,1,0,0,0.3,75.1
6605,M16604,M,300.8,310.1,1168.0,43.3,63.0,0,No Failure,0,0,0,0,0,169.6,77.1
6606,L16605,L,298.7,307.5,1168.0,37.2,67.0,0,No Failure,0,0,0,0,0,162.4,73.8
6607,H16606,H,298.4,308.6,1428.0,38.7,70.0,0,No Failure,0,0,0,0,0,175.4,79.7
6608,L16607,L,300.4,308.9,1232.0,30.7,75.0,1,HDF (Heat Dissipation),0,1,0,0,0,3.4,72.2
6609,L16608,L,299.7,309.2,1168.0,33.3,77.0,0,No Failure,0,0,0,0,0,165.2,75.1
6610,L16609,L,,305.2,1199.0,46.9,79.0,1,HDF (Heat Dissipation),0,1,0,0,0,7.0,62.1
6611,M16610,M,301.5,312.3,1390.0,25.6,,0,No Failure,0,0,0,0,0,170.9,77.7
6612,L16611,L,300.4,311.6,1168.0,45.1,84.0,0,No Failure,0,0,0,0,0,160.3,72.9
6613,M16612,M,298.9,309.0,1461.0,31.9,87.0,0,No Failure,0,0,0,0,0,166.5,75.7
6614,L16613,L,298.2,310.0,1353.0,23.2,91.0,1,PWF (Power Failure),0,0,1,0,0,1.0,69.6
6615,H16614,H,299.7,311.0,1217.0,52.3,94.0,0,No Failure,0,0,0,0,0,153.7,69.9
6616,L16615,L,300.2,310.7,1168.0,53.3,99.0,0,No Failure,0,0,0,0,0,144.8,65.8
6617,L16616,L,296.2,306.1,1168.0,34.6,102.0,0,No Failure,0,0,0,0,0,152.8,69.5
6618,H16617,H,299.7,320.13,1184.0,34.5,104.0,0,No Failure,0,0,0,0,0,152.7,69.4
6619,L16618,L,300.2,310.8,1168.0,37.5,110.0,0,No Failure,0,0,0,0,0,146.8,66.8
6620,L16619,L,294.8,304.7,1395.0,31.9,112.0,0,No Failure,0,0,0,0,0,149.0,67.7
6621,H16620,H,299.4,309.9,1168.0,33.7,115.0,0,No Failure,0,0,0,0,0,149.7,68.1
6622,L16621,L,300.3,310.9,1177.0,44.5,120.0,0,No Failure,0,0,0,0,0,135.2,61.4
6623,L16622,L,,309.9,1187.0,60.7,123.0,0,No Failure,0,0,0,0,0,118.9,54.0
6624,L16623,L,300.5,311.6,1290.0,36.5,125.0,0,No Failure,0,0,0,0,0,137.6,62.6
6625,L16624,L,287.87,308.2,1168.0,50.2,128.0,0,No Failure,0,0,0,0,0,122.9,55.9
6626,H16625,H,297.2,307.2,1168.0,43.5,130.0,0,No Failure,0,0,0,0,0,134.1,61.0
6627,M16626,M,295.8,304.8,1178.0,23.3,135.0,1,PWF (Power Failure),0,0,1,0,0,0.8,50.1
6628,M16627,M,301.0,310.7,1168.0,39.8,139.0,0,No Failure,0,0,0,0,0,125.1,56.9
6629,L16628,L,300.3,312.5,1168.0,38.5,143.0,0,No Failure,0,0,0,0,0,124.0,56.4
6630,M16629,M,301.1,310.2,1168.0,54.6,146.0,0,No Failure,0,0,0,0,0,102.0,46.4
6631,M16630,M,297.7,308.1,1168.0,55.1,149.0,0,No Failure,0,0,0,0,0,109.3,49.7
6632,L16631,L,300.5,310.0,1168.0,43.8,-186.73,0,No Failure,0,0,0,0,0,107.0,48.6
6633,H16632,H,296.3,304.1,1168.0,9.03,156.0,1,HDF (Heat Dissipation),0,1,0,0,0,4.5,39.0
6634,M16633,M,297.4,308.0,1168.0,38.5,161.0,0,No Failure,0,0,0,0,0,115.1,52.3
6635,M16634,M,299.2,308.6,1168.0,51.2,529.73,0,No Failure,0,0,0,0,0,95.1,43.2
6636,L16635,L,300.2,310.5,1168.0,41.0,167.0,0,No Failure,0,0,0,0,0,105.4,47.9
6637,L16636,L,302.0,313.0,1179.0,51.0,170.0,0,No Failure,0,0,0,0,0,93.2,42.4
6638,M16637,M,298.6,308.8,719.89,52.0,172.0,0,No Failure,0,0,0,0,0,95.1,43.2
6639,M16638,M,297.4,307.7,1168.0,47.2,175.0,0,No Failure,0,0,0,0,0,97.6,44.4
6640,L16639,L,297.4,306.5,,32.6,179.0,0,No Failure,0,0,0,0,0,103.8,47.2
6641,L16640,L,297.8,308.5,1168.0,35.8,182.0,0,No Failure,0,0,0,0,0,100.8,45.8
6642,H16641,H,303.0,312.8,1187.0,47.5,184.0,0,No Failure,0,0,0,0,0,92.5,42.0
6643,L16642,L,300.4,308.4,1171.0,48.9,190.0,1,HDF (Heat Dissipation),0,1,0,0,0,7.7,26.7
6644,L16643,L,301.0,311.8,1180.0,41.6,193.0,0,No Failure,0,0,0,0,0,86.9,39.5
6645,M16644,M,298.6,309.7,1168.0,36.9,195.0,0,No Failure,0,0,0,0,0,94.6,43.0
6646,L16645,L,299.0,310.5,1199.0,41.9,199.0,0,No Failure,0,0,0,0,0,82.4,37.5
6647,L16646,L,300.3,312.5,1168.0,37.2,202.0,0,No Failure,0,0,0,0,0,86.0,39.1
6648,L16647,L,298.1,308.9,1168.0,37.3,204.0,0,No Failure,0,0,0,0,0,84.6,38.4
6649,H16648,H,298.5,309.0,1214.0,59.6,206.0,0,No Failure,0,0,0,0,0,67.0,30.5
6650,L16649,L,297.8,308.9,1443.0,35.2,211.0,0,No Failure,0,0,0,0,0,82.6,37.5
6651,M16650,M,298.2,307.3,1168.0,45.1,213.0,0,No Failure,0,0,0,0,0,63.5,28.9
6652,H16651,H,299.1,307.4,1279.0,41.5,0.0,1,HDF (Heat Dissipation),0,1,0,0,0,1.2,94.2
6653,M16652,M,297.5,307.0,1321.0,27.7,5.0,0,No Failure,0,0,0,0,0,214.2,97.4
6654,M16653,M,299.5,310.8,1351.0,27.4,8.0,0,No Failure,0,0,0,0,0,215.3,97.9
6655,M16654,M,299.5,308.8,1168.0,39.2,12.0,0,No Failure,0,0,0,0,0,204.4,92.9
6656,L16655,L,298.7,309.2,1322.0,20.5,16.0,1,PWF (Power Failure),0,0,1,0,0,4.1,85.9
6657,M16656,M,297.5,308.1,1168.0,58.3,19.0,0,No Failure,0,0,0,0,0,205.5,93.4
6658,H16657,H,299.2,309.4,1335.0,36.4,22.0,0,No Failure,0,0,0,0,0,206.3,93.8
6659,M16658,M,298.1,306.8,1168.0,35.6,27.0,0,No Failure,0,0,0,0,0,188.5,85.7
6660,L16659,L,299.1,309.4,1352.0,52.2,31.0,0,No Failure,0,0,0,0,0,196.7,89.4
6661,L16660,L,300.9,310.5,1275.0,38.6,33.0,0,No Failure,0,0,0,0,0,194.8,88.5
6662,H16661,H,296.7,308.4,1168.0,46.5,35.0,0,No Failure,0,0,0,0,0,196.3,89.2
6663,L16662,L,302.9,314.0,1168.0,34.3,40.0,0,No Failure,0,0,0,0,0,194.2,88.3
6664,H16663,H,298.8,308.4,1295.0,40.5,43.0,0,No Failure,0,0,0,0,0,189.5,86.1
6665,L16664,L,299.7,311.5,1168.0,49.7,49.0,0,No Failure,0,0,0,0,0,183.8,83.6
6666,M16665,M,297.6,307.9,1177.0,31.4,51.0,0,No Failure,0,0,0,0,0,188.8,85.8
6667,H16666,H,301.0,309.3,1168.0,45.3,55.0,1,HDF (Heat Dissipation),0,1,0,0,0,1.6,74.8
6668,L16667,L,298.7,308.6,1454.0,15.8,,1,PWF (Power Failure),0,0,1,0,0,1.8,75.2
6669,L16668,L,298.2,309.8,1168.0,52.7,64.0,0,No Failure,0,0,0,0,0,171.6,78.0
6670,H16669,H,297.9,307.1,1267.0,34.4,67.0,0,No Failure,0,0,0,0,0,172.4,78.4
6671,L16670,L,298.5,308.4,1168.0,39.1,73.0,0,No Failure,0,0,0,0,0,169.7,77.1
6672,L16671,L,299.7,308.3,1222.0,39.0,76.0,0,No Failure,0,0,0,0,0,154.7,70.3
6673,M16672,M,299.3,308.1,1521.0,30.3,79.0,0,No Failure,0,0,0,0,0,172.1,78.2
6674,L16673,L,298.9,308.1,1168.0,29.5,82.0,0,No Failure,0,0,0,0,0,155.3,70.6
6675,M16674,M,297.7,306.5,1168.0,45.2,85.0,0,No Failure,0,0,0,0,0,148.3,67.4
6676,L16675,L,297.6,307.0,1297.0,45.7,88.0,0,No Failure,0,0,0,0,0,153.1,69.6
6677,L16676,L,298.1,309.8,1168.0,31.1,91.0,0,No Failure,0,0,0,0,0,163.0,74.1
6678,H16677,H,299.8,309.8,1239.0,45.4,93.0,0,No Failure,0,0,0,0,0,157.6,71.7
6679,L16678,L,300.1,310.9,1168.0,45.6,98.0,0,No Failure,0,0,0,0,0,150.1,68.2
6680,L16679,L,300.4,,1272.0,36.2,100.0,0,No Failure,0,0,0,0,0,154.3,70.1
6681,M16680,M,298.9,307.8,1476.0,27.1,102.0,0,No Failure,0,0,0,0,0,159.9,72.7
6682,H16681,H,299.6,308.8,1168.0,39.6,106.0,0,No Failure,0,0,0,0,0,143.2,65.1
6683,M16682,M,298.6,309.4,1196.0,43.7,111.0,0,No Failure,0,0,0,0,0,144.5,65.7
6684,H16683,H,295.8,305.2,1168.0,39.4,115.0,0,No Failure,0,0,0,0,0,139.8,63.5
6685,L16684,L,298.5,309.2,1206.0,34.1,121.0,0,No Failure,0,0,0,0,0,142.0,64.5
6686,L16685,L,298.3,310.0,1168.0,44.7,124.0,0,No Failure,0,0,0,0,0,132.2,60.1
6687,H16686,H,297.1,305.6,1168.0,52.7,127.0,1,HDF (Heat Dissipation),0,1,0,0,0,6.7,51.7
6688,H16687,H,297.9,307.5,1168.0,32.3,133.0,0,No Failure,0,0,0,0,0,135.3,61.5
6689,M16688,M,299.2,309.0,1168.0,37.0,138.0,0,No Failure,0,0,0,0,0,129.0,58.6
6690,L16689,L,296.9,306.4,1301.0,67.4,141.0,1,PWF (Power Failure),0,0,1,0,0,5.8,37.6
6691,L16690,L,297.6,307.0,1168.0,42.9,144.0,0,No Failure,0,0,0,0,0,113.0,51.4
6692,L16691,L,301.7,311.2,1384.0,27.3,146.0,0,No Failure,0,0,0,0,0,130.4,59.3
6693,H16692,H,296.0,306.0,1174.0,35.2,148.0,0,No Failure,0,0,0,0,0,128.4,58.4
6694,H16693,H,298.6,308.8,1252.0,32.4,153.0,0,No Failure,0,0,0,0,0,127.5,58.0
6695,L16694,L,296.8,307.8,1344.0,43.8,159.0,0,No Failure,0,0,0,0,0,108.3,49.2
6696,L16695,L,297.6,307.6,1247.0,43.1,161.0,0,No Failure,0,0,0,0,0,107.5,48.9
6697,L16696,L,298.6,309.7,1168.0,33.6,164.0,0,No Failure,0,0,0,0,0,114.8,52.2
6698,L16697,L,297.1,306.5,1168.0,58.6,166.0,0,No Failure,0,0,0,0,0,82.0,37.3
6699,M16698,M,299.9,308.7,1194.0,40.9,169.0,0,No Failure,0,0,0,0,0,94.4,42.9
6700,M16699,M,301.3,311.0,1384.0,35.4,172.0,0,No Failure,0,0,0,0,0,110.0,50.0
6701,L16700,L,300.4,310.9,1346.0,27.8,176.0,0,No Failure,0,0,0,0,0,113.2,51.5
6702,M16701,M,300.8,311.7,1227.0,31.1,179.0,0,No Failure,0,0,0,0,0,110.6,50.3
6703,H16702,H,296.4,307.9,1515.0,27.5,182.0,0,No Failure,0,0,0,0,0,114.5,52.0
6704,L16703,L,298.5,308.8,1897.67,38.1,187.0,0,No Failure,0,0,0,0,0,95.0,43.2
6705,L16704,L,299.7,310.5,1430.0,31.2,190.0,0,No Failure,0,0,0,0,0,100.8,45.8
6706,L16705,L,300.5,311.9,1168.0,47.8,193.0,0,No Failure,0,0,0,0,0,79.7,36.2
6707,L16706,L,302.1,300.45,1168.0,34.2,195.0,0,No Failure,0,0,0,0,0,85.4,38.8
6708,M16707,M,300.8,310.6,1168.0,48.4,198.0,0,No Failure,0,0,0,0,0,78.0,35.4
6709,M16708,M,300.5,313.3,1168.0,44.9,201.0,0,No Failure,0,0,0,0,0,81.9,37.2
6710,L16709,L,303.6,314.5,1168.0,46.5,205.0,0,No Failure,0,0,0,0,0,72.6,33.0
6711,L16710,L,299.1,309.6,1225.0,49.0,208.0,0,No Failure,0,0,0,0,0,67.3,30.6
6712,H16711,H,298.4,309.3,1320.0,59.9,0.0,0,No Failure,0,0,0,0,0,220.0,100.0
6713,L16712,L,299.2,307.9,1356.0,31.5,5.0,0,No Failure,0,0,0,0,0,211.5,96.1
6714,M16713,M,297.3,306.7,1168.0,48.5,7.0,0,No Failure,0,0,0,0,0,208.5,94.8
6715,M16714,M,299.0,308.0,1228.0,44.0,10.0,0,No Failure,0,0,0,0,0,203.4,92.5
6716,H16715,H,295.8,306.2,1168.0,50.6,13.0,0,No Failure,0,0,0,0,0,210.9,95.9
6717,M16716,M,297.9,307.5,1667.81,41.1,18.0,0,No Failure,0,0,0,0,0,203.6,92.6
6718,H16717,H,298.7,308.8,1168.0,51.8,21.0,0,No Failure,0,0,0,0,0,205.2,93.3
6719,M16718,M,300.6,310.3,1293.0,27.1,26.0,0,No Failure,0,0,0,0,0,199.0,90.5
6720,L16719,L,300.9,309.3,1570.0,30.0,29.0,0,No Failure,0,0,0,0,0,202.0,91.8
6721,L16720,L,297.2,308.1,1258.0,34.3,31.0,0,No Failure,0,0,0,0,0,200.0,90.9
6722,L16721,L,302.6,310.8,1168.0,39.3,34.0,1,HDF (Heat Dissipation),0,1,0,0,0,4.0,80.6
6723,L16722,L,299.2,308.5,1168.0,40.5,36.0,0,No Failure,0,0,0,0,0,187.7,85.3
6724,L16723,L,299.3,308.0,1371.0,32.6,39.0,0,No Failure,0,0,0,0,0,190.7,86.7
6725,L16724,L,296.0,305.1,1293.0,30.1,42.0,0,No Failure,0,0,0,0,0,187.7,85.3
6726,L16725,L,297.8,308.0,1168.0,33.4,44.0,0,No Failure,0,0,0,0,0,191.8,87.2
6727,L16726,L,300.8,312.0,1483.0,22.9,46.0,0,No Failure,0,0,0,0,0,186.7,84.9
6728,L16727,L,299.2,307.6,1317.0,37.1,49.0,1,HDF (Heat Dissipation),0,1,0,0,0,6.7,81.0
6729,M16728,M,299.1,308.5,1305.0,39.4,51.0,0,No Failure,0,0,0,0,0,182.7,83.0
6730,M16729,M,299.3,307.6,1168.0,44.4,55.0,1,HDF (Heat Dissipation),0,1,0,0,0,0.3,74.4
6731,H16730,H,296.3,305.7,1168.0,41.7,58.0,0,No Failure,0,0,0,0,0,175.6,79.8
6732,M16731,M,298.7,308.8,1168.0,57.9,63.0,0,No Failure,0,0,0,0,0,172.2,78.3
6733,H16732,H,301.4,312.2,1317.0,48.1,67.0,0,No Failure,0,0,0,0,0,174.2,79.2
6734,M16733,M,300.8,308.7,1168.0,47.4,73.0,1,HDF (Heat Dissipation),0,1,0,0,0,7.6,66.2
6735,L16734,L,298.6,309.2,1168.0,43.6,77.0,0,No Failure,0,0,0,0,0,166.0,75.4
6736,H16735,H,301.7,310.7,1240.0,45.4,80.0,0,No Failure,0,0,0,0,0,157.1,71.4
6737,L16736,L,296.6,305.4,1282.0,37.8,86.0,0,No Failure,0,0,0,0,0,153.8,69.9
6738,M16737,M,297.1,307.2,1198.0,87.72,88.0,0,No Failure,0,0,0,0,0,161.4,73.4
6739,M16738,M,302.2,312.8,1337.0,59.2,91.0,0,No Failure,0,0,0,0,0,150.3,68.3
6740,L16739,L,299.9,309.8,1189.0,39.3,94.0,0,No Failure,0,0,0,0,0,155.4,70.6
6741,M16740,M,298.3,307.2,1401.0,26.7,97.0,0,No Failure,0,0,0,0,0,160.7,73.0
6742,L16741,L,298.8,308.7,1168.0,47.0,100.0,0,No Failure,0,0,0,0,0,146.7,66.7
6743,L16742,L,297.4,306.7,1213.0,48.8,103.0,0,No Failure,0,0,0,0,0,137.2,62.4
6744,L16743,L,,310.0,,41.5,105.0,0,No Failure,0,0,0,0,0,147.7,67.1
6745,L16744,L,299.2,310.3,1168.0,21.2,107.0,1,PWF (Power Failure),0,0,1,0,0,7.2,62.4
6746,L16745,L,298.9,309.9,1176.0,52.9,109.0,0,No Failure,0,0,0,0,0,137.4,62.5
6747,M16746,M,296.8,306.8,1168.0,42.3,112.0,0,No Failure,0,0,0,0,0,144.7,65.8
6748,M16747,M,299.3,310.4,1168.0,36.9,116.0,0,No Failure,0,0,0,0,0,145.4,66.1
6749,L16748,L,297.9,306.9,1168.0,51.9,119.0,0,No Failure,0,0,0,0,0,119.6,54.4
6750,M16749,M,297.1,308.9,1853.0,19.8,122.0,0,No Failure,0,0,0,0,0,153.0,69.6
6751,L16750,L,301.1,310.1,1177.0,41.1,125.0,0,No Failure,0,0,0,0,0,123.2,56.0
6752,L16751,L,302.8,310.8,1230.0,34.6,128.0,1,HDF (Heat Dissipation),0,1,0,0,0,1.0,53.5
6753,M16752,M,302.4,313.8,1168.0,54.9,130.0,0,No Failure,0,0,0,0,0,123.5,56.2
6754,H16753,H,300.0,309.3,1168.0,42.4,133.0,0,No Failure,0,0,0,0,0,125.2,56.9
6755,L16754,L,298.4,308.5,1388.0,31.4,138.0,0,No Failure,0,0,0,0,0,133.3,60.6
6756,L16755,L,298.7,307.7,1247.0,51.4,141.0,0,No Failure,0,0,0,0,0,105.5,48.0
6757,M16756,M,299.6,312.0,1256.0,15.4,144.0,1,PWF (Power Failure),0,0,1,0,0,3.1,55.7
6758,H16757,H,298.1,309.9,1435.0,45.1,429.87,0,No Failure,0,0,0,0,0,121.7,55.3
6759,L16758,L,301.2,312.7,1218.0,27.4,153.0,1,PWF (Power Failure),0,0,1,0,0,5.5,54.2
6760,L16759,L,295.2,317.63,1168.0,35.4,156.0,0,No Failure,0,0,0,0,0,118.2,53.7
6761,L16760,L,298.3,309.3,1271.0,37.6,158.0,0,No Failure,0,0,0,0,0,114.8,52.2
6762,M16761,M,300.3,310.2,1168.0,49.1,160.0,0,No Failure,0,0,0,0,0,105.3,47.9
6763,H16762,H,297.3,308.4,1168.0,62.0,163.0,0,No Failure,0,0,0,0,0,97.0,44.1
6764,M16763,M,298.4,308.0,1458.0,22.2,169.0,1,PWF (Power Failure),0,0,1,0,0,7.6,51.7
6765,L16764,L,299.9,311.5,1168.0,44.5,173.0,0,No Failure,0,0,0,0,0,97.7,44.4
6766,M16765,M,301.6,311.1,1168.0,62.0,175.0,0,No Failure,0,0,0,0,0,77.8,35.4
6767,H16766,H,296.5,306.2,1201.0,34.3,,0,No Failure,0,0,0,0,0,107.4,48.8
6768,L16767,L,296.4,305.9,1168.0,33.7,183.0,0,No Failure,0,0,0,0,0,97.0,44.1
6769,H16768,H,297.1,307.3,1168.0,42.4,185.0,0,No Failure,0,0,0,0,0,98.8,44.9
6770,L16769,L,296.1,305.7,1204.0,48.3,190.0,0,No Failure,0,0,0,0,0,77.0,35.0
6771,L16770,L,296.2,306.7,1168.0,46.6,192.0,0,No Failure,0,0,0,0,0,81.8,37.2
6772,M16771,M,297.1,306.6,1182.0,36.4,194.0,0,No Failure,0,0,0,0,0,90.3,41.0
6773,L16772,L,301.1,311.9,1168.0,32.0,197.0,0,No Failure,0,0,0,0,0,95.5,43.4
6774,H16773,H,298.3,309.8,,53.2,200.0,0,No Failure,0,0,0,0,0,78.0,35.4
6775,M16774,M,298.9,309.0,1168.0,32.3,205.0,0,No Failure,0,0,0,0,0,93.4,42.4
6776,L16775,L,297.1,309.3,1197.0,20.8,209.0,1,PWF (Power Failure),0,0,1,0,0,2.0,36.3
6777,L16776,L,300.0,311.1,1379.0,25.5,212.0,0,No Failure,0,0,0,0,0,91.1,41.4
6778,M16777,M,302.2,314.3,1168.0,34.2,215.0,1,TWF (Tool Wear Failure),1,0,0,0,0,4.4,38.6
6779,L16778,L,297.2,307.1,1168.0,54.9,,1,OSF (Overstrain Failure),1,0,0,1,0,3.7,22.9
6780,M16779,M,301.9,310.2,1214.0,28.1,0.0,1,HDF (Heat Dissipation),0,1,0,0,0,4.7,89.1
6781,L16780,L,299.5,308.8,1168.0,55.2,4.0,0,No Failure,0,0,0,0,0,209.2,95.1
6782,L16781,L,298.9,308.3,1269.0,53.1,7.0,0,No Failure,0,0,0,0,0,209.9,95.4
6783,M16782,M,309.38,308.6,1168.0,42.3,,0,No Failure,0,0,0,0,0,202.3,91.9
6784,L16783,L,299.5,307.3,1629.0,14.5,13.0,1,PWF (Power Failure),0,0,1,0,0,1.2,86.9
6785,M16784,M,302.2,313.2,1173.0,28.2,16.0,1,PWF (Power Failure),0,0,1,0,0,5.5,91.5
6786,M16785,M,299.8,307.9,1194.0,33.7,19.0,1,HDF (Heat Dissipation),0,1,0,0,0,4.3,85.1
6787,L16786,L,299.8,310.7,1168.0,57.3,22.0,0,No Failure,0,0,0,0,0,202.8,92.2
6788,M16787,M,298.1,310.3,1168.0,34.3,24.0,0,No Failure,0,0,0,0,0,204.9,93.1
6789,M16788,M,300.3,309.5,1168.0,32.3,27.0,0,No Failure,0,0,0,0,0,194.5,88.4
6790,H16789,H,297.1,307.5,1206.0,41.9,31.0,0,No Failure,0,0,0,0,0,199.8,90.8
6791,L16790,L,299.0,308.6,1265.0,25.9,37.0,1,PWF (Power Failure),0,0,1,0,0,0.9,83.9
6792,L16791,L,304.0,314.8,1375.0,39.8,40.0,0,No Failure,0,0,0,0,0,192.8,87.7
6793,M16792,M,294.3,303.1,1181.0,32.0,43.0,0,No Failure,0,0,0,0,0,180.3,82.0
6794,M16793,M,299.2,309.1,1168.0,66.9,47.0,0,No Failure,0,0,0,0,0,180.9,82.2
6795,M16794,M,299.3,310.4,1266.0,30.8,50.0,0,No Failure,0,0,0,0,0,189.5,86.2
6796,M16795,M,298.4,308.4,707.84,59.3,53.0,0,No Failure,0,0,0,0,0,179.4,81.5
6797,M16796,M,298.5,306.9,1371.0,28.6,56.0,1,HDF (Heat Dissipation),0,1,0,0,0,4.1,82.3
6798,L16797,L,299.0,310.2,1189.0,42.6,59.0,0,No Failure,0,0,0,0,0,179.0,81.3
6799,M16798,M,298.4,307.1,1197.0,45.0,62.0,0,No Failure,0,0,0,0,0,163.1,74.1
6800,L16799,L,299.2,309.3,1245.0,41.4,65.0,0,No Failure,0,0,0,0,0,175.3,79.7
6801,L16800,L,297.9,308.5,1168.0,40.8,68.0,0,No Failure,0,0,0,0,0,173.4,78.8
6802,M16801,M,302.5,312.6,1168.0,48.6,70.0,0,No Failure,0,0,0,0,0,170.5,77.5
6803,L16802,L,298.4,310.9,1168.0,44.2,74.0,0,No Failure,0,0,0,0,0,167.8,76.3
6804,L16803,L,299.8,310.5,1168.0,38.3,77.0,0,No Failure,0,0,0,0,0,168.4,76.6
6805,H16804,H,297.6,307.4,1681.0,33.3,80.0,0,No Failure,0,0,0,0,0,171.3,77.9
6806,M16805,M,300.5,311.1,1168.0,38.3,85.0,0,No Failure,0,0,0,0,0,164.7,74.9
6807,M16806,M,300.1,310.3,1198.0,38.2,88.0,0,No Failure,0,0,0,0,0,162.8,74.0
6808,H16807,H,299.6,309.6,1737.71,38.0,92.0,0,No Failure,0,0,0,0,0,161.8,73.5
6809,L16808,L,297.0,307.2,1168.0,40.8,98.0,0,No Failure,0,0,0,0,0,152.9,69.5
6810,M16809,M,297.5,307.1,1172.0,25.9,100.0,1,PWF (Power Failure),0,0,1,0,0,4.5,63.8
6811,L16810,L,301.9,312.1,1313.0,29.7,104.0,0,No Failure,0,0,0,0,0,155.7,70.8
6812,L16811,L,297.4,306.9,1168.0,48.3,106.0,0,No Failure,0,0,0,0,0,137.1,62.3
6813,L16812,L,300.0,308.1,1561.0,17.5,108.0,1,PWF (Power Failure),0,0,1,0,0,4.6,63.2
6814,L16813,L,297.1,308.2,1168.0,52.0,111.0,0,No Failure,0,0,0,0,0,136.5,62.1
6815,M16814,M,300.6,310.0,1205.0,34.4,113.0,0,No Failure,0,0,0,0,0,142.4,64.7
6816,L16815,L,297.6,307.7,1168.0,56.7,116.0,0,No Failure,0,0,0,0,0,129.5,58.9
6817,M16816,M,297.1,306.3,1291.0,52.3,118.0,0,No Failure,0,0,0,0,0,128.5,58.4
6818,L16817,L,297.5,306.8,1257.0,36.7,121.0,0,No Failure,0,0,0,0,0,134.2,61.0
6819,L16818,L,297.8,306.8,1249.0,37.8,123.0,0,No Failure,0,0,0,0,0,129.1,58.7
6820,H16819,H,299.5,310.4,1208.0,55.9,125.0,0,No Failure,0,0,0,0,0,129.5,58.9
6821,M16820,M,298.9,310.1,1168.0,52.7,130.0,0,No Failure,0,0,0,0,0,125.1,56.9
6822,H16821,H,296.8,306.8,1168.0,49.7,133.0,0,No Failure,0,0,0,0,0,127.9,58.1
6823,L16822,L,298.8,308.3,1168.0,51.4,138.0,0,No Failure,0,0,0,0,0,111.2,50.6
6824,L16823,L,296.8,305.1,1528.0,29.1,140.0,0,No Failure,0,0,0,0,0,134.0,60.9
6825,M16824,M,310.03,310.8,1168.0,42.1,142.0,0,No Failure,0,0,0,0,0,124.6,56.7
6826,M16825,M,300.3,309.6,1510.0,32.3,145.0,0,No Failure,0,0,0,0,0,130.4,59.3
6827,L16826,L,298.8,307.7,1505.0,28.9,148.0,0,No Failure,0,0,0,0,0,129.2,58.7
6828,H16827,H,290.83,309.3,1168.0,41.6,150.0,0,No Failure,0,0,0,0,0,122.3,55.6
6829,M16828,M,302.0,311.7,1260.0,35.9,155.0,0,No Failure,0,0,0,0,0,118.7,53.9
6830,M16829,M,298.5,307.0,1220.0,38.3,159.0,1,HDF (Heat Dissipation),0,1,0,0,0,5.7,46.1
6831,L16830,L,297.1,305.7,1304.0,35.0,162.0,1,HDF (Heat Dissipation),0,1,0,0,0,7.9,48.0
6832,M16831,M,299.8,310.1,1262.0,,164.0,0,No Failure,0,0,0,0,0,118.5,53.9
6833,L16832,L,296.8,306.1,1260.0,57.0,168.0,0,No Failure,0,0,0,0,0,82.8,37.6
6834,H16833,H,298.4,308.9,1168.0,41.6,170.0,0,No Failure,0,0,0,0,0,109.3,49.7
6835,L16834,L,297.7,,1296.0,25.6,175.0,1,PWF (Power Failure),0,0,1,0,0,0.9,48.7
6836,L16835,L,297.5,308.5,1168.0,41.8,178.0,0,No Failure,0,0,0,0,0,97.0,44.1
6837,L16836,L,298.4,307.6,1168.0,55.2,180.0,0,No Failure,0,0,0,0,0,72.4,32.9
6838,M16837,M,300.4,310.6,,49.6,183.0,0,No Failure,0,0,0,0,0,89.6,40.7
6839,H16838,H,300.8,311.4,1352.0,34.8,187.0,0,No Failure,0,0,0,0,0,104.7,47.6
6840,H16839,H,300.5,309.9,1168.0,35.1,193.0,0,No Failure,0,0,0,0,0,94.1,42.8
6841,M16840,M,299.4,310.5,1176.0,30.4,199.0,0,No Failure,0,0,0,0,0,97.6,44.4
6842,H16841,H,298.3,306.6,1334.0,32.6,202.0,1,HDF (Heat Dissipation),0,1,0,0,0,2.8,40.5
6843,M16842,M,294.6,303.8,1452.0,33.4,0.0,0,No Failure,0,0,0,0,0,220.0,100.0
6844,L16843,L,299.5,307.8,1223.0,25.3,3.0,1,HDF (Heat Dissipation),0,1,1,0,0,6.2,84.5
6845,M16844,M,294.7,304.0,1168.0,35.6,5.0,0,No Failure,0,0,0,0,0,209.1,95.1
6846,L16845,L,295.3,305.1,1168.0,43.4,8.0,0,No Failure,0,0,0,0,0,212.2,96.5
6847,L16846,L,298.5,309.3,1313.0,35.9,10.0,0,No Failure,0,0,0,0,0,213.4,97.0
6848,L16847,L,299.3,309.1,1338.0,42.2,12.0,0,No Failure,0,0,0,0,0,210.7,95.8
6849,L16848,L,298.0,307.4,1168.0,56.2,15.0,0,No Failure,0,0,0,0,0,201.7,91.7
6850,H16849,H,301.6,310.1,1168.0,58.4,17.0,1,HDF (Heat Dissipation),0,1,0,0,0,4.0,86.8
6851,H16850,H,299.6,308.4,1168.0,39.3,23.0,0,No Failure,0,0,0,0,0,192.1,87.3
6852,L16851,L,298.4,308.7,1187.0,48.8,29.0,0,No Failure,0,0,0,0,0,198.7,90.3
6853,M16852,M,301.3,312.2,1364.0,38.3,31.0,0,No Failure,0,0,0,0,0,199.8,90.8
6854,L16853,L,301.6,311.2,1168.0,35.1,34.0,0,No Failure,0,0,0,0,0,193.5,87.9
6855,L16854,L,299.7,310.9,1284.0,28.8,36.0,0,No Failure,0,0,0,0,0,197.9,90.0
6856,L16855,L,297.4,306.5,1168.0,40.9,38.0,0,No Failure,0,0,0,0,0,184.1,83.7
6857,L16856,L,297.8,307.4,1260.0,50.8,40.0,0,No Failure,0,0,0,0,0,186.9,84.9
6858,L16857,L,296.2,305.9,1194.0,27.3,42.0,1,PWF (Power Failure),0,0,1,0,0,1.0,82.1
6859,L16858,L,298.7,310.2,1181.0,37.1,45.0,0,No Failure,0,0,0,0,0,190.2,86.4
6860,L16859,L,296.9,307.0,1275.0,36.6,48.0,0,No Failure,0,0,0,0,0,188.3,85.6
6861,L16860,L,298.2,306.4,1305.0,42.5,50.0,1,HDF (Heat Dissipation),0,1,0,0,0,1.1,79.0
6862,H16861,H,299.3,310.3,1314.0,42.6,53.0,0,No Failure,0,0,0,0,0,185.2,84.2
6863,L16862,L,295.2,307.0,1278.0,45.4,59.0,0,No Failure,0,0,0,0,0,178.0,80.9
6864,L16863,L,296.5,306.3,1168.0,59.0,62.0,0,No Failure,0,0,0,0,0,168.6,76.6
6865,M16864,M,297.9,307.0,1507.0,31.3,64.0,0,No Failure,0,0,0,0,0,180.8,82.2
6866,L16865,L,298.7,309.6,1333.0,30.7,67.0,0,No Failure,0,0,0,0,0,178.2,81.0
6867,M16866,M,297.9,309.9,1180.0,42.5,70.0,0,No Failure,0,0,0,0,0,172.8,78.6
6868,L16867,L,298.3,309.1,1168.0,54.5,73.0,0,No Failure,0,0,0,0,0,164.0,74.5
6869,M16868,M,297.5,305.9,1379.0,25.4,75.0,1,HDF (Heat Dissipation),0,1,0,0,0,0.3,76.3
6870,M16869,M,296.2,307.0,,43.3,78.0,0,No Failure,0,0,0,0,0,167.1,76.0
6871,M16870,M,297.8,308.2,1168.0,38.0,81.0,0,No Failure,0,0,0,0,0,167.4,76.1
6872,M16871,M,298.4,307.4,1168.0,48.5,-191.03,0,No Failure,0,0,0,0,0,148.9,67.7
6873,L16872,L,298.2,309.5,1168.0,46.3,89.0,0,No Failure,0,0,0,0,0,156.1,71.0
6874,L16873,L,299.0,309.4,1238.0,40.5,91.0,0,No Failure,0,0,0,0,0,157.8,71.7
6875,L16874,L,299.6,310.9,1219.0,44.9,94.0,0,No Failure,0,0,0,0,0,153.3,69.7
6876,M16875,M,300.0,308.9,1168.0,33.4,96.0,0,No Failure,0,0,0,0,0,148.0,67.3
6877,L16876,L,297.7,308.1,1269.0,48.0,99.0,0,No Failure,0,0,0,0,0,147.9,67.2
6878,L16877,L,296.0,305.1,1230.0,53.9,102.0,0,No Failure,0,0,0,0,0,133.4,60.6
6879,M16878,M,301.1,311.3,1168.0,41.0,104.0,0,No Failure,0,0,0,0,0,150.8,68.5
6880,L16879,L,299.5,311.0,1208.0,35.9,108.0,0,No Failure,0,0,0,0,0,149.2,67.8
6881,L16880,L,297.1,305.7,1168.0,38.5,111.0,1,HDF (Heat Dissipation),0,1,0,0,0,2.0,59.1
6882,M16881,M,299.3,307.9,1171.0,47.9,113.0,1,HDF (Heat Dissipation),0,1,0,0,0,4.9,56.9
6883,L16882,L,300.7,311.7,1307.0,39.6,116.0,0,No Failure,0,0,0,0,0,141.4,64.3
6884,H16883,H,301.9,311.9,1286.0,28.0,118.0,0,No Failure,0,0,0,0,0,150.5,68.4
6885,H16884,H,299.3,310.5,1168.0,49.5,123.0,0,No Failure,0,0,0,0,0,135.0,61.3
6886,H16885,H,300.7,300.54,1269.0,30.2,129.0,0,No Failure,0,0,0,0,0,137.1,62.3
6887,L16886,L,296.6,306.7,1168.0,44.2,134.0,0,No Failure,0,0,0,0,0,125.5,57.0
6888,L16887,L,298.7,309.4,1325.0,21.3,137.0,1,PWF (Power Failure),0,0,1,0,0,6.7,54.6
6889,M16888,M,298.2,308.4,1337.0,41.1,139.0,0,No Failure,0,0,0,0,0,127.4,57.9
6890,M16889,M,299.4,307.6,1506.0,39.3,142.0,0,No Failure,0,0,0,0,0,126.8,57.6
6891,M16890,M,301.7,314.5,1679.0,20.3,145.0,0,No Failure,0,0,0,0,0,133.7,60.8
6892,L16891,L,299.3,309.5,1216.0,43.3,148.0,0,No Failure,0,0,0,0,0,116.4,52.9
6893,L16892,L,297.1,305.8,1303.0,29.0,151.0,0,No Failure,0,0,0,0,0,118.9,54.0
6894,L16893,L,296.5,306.8,1255.0,40.8,153.0,0,No Failure,0,0,0,0,0,115.2,52.4
6895,L16894,L,301.8,312.2,1191.0,35.9,156.0,0,No Failure,0,0,0,0,0,117.8,53.5
6896,L16895,L,299.7,320.82,1168.0,25.2,159.0,1,PWF (Power Failure),0,0,1,0,0,3.2,48.3
6897,H16896,H,299.6,310.5,1463.0,29.5,161.0,0,No Failure,0,0,0,0,0,125.0,56.8
6898,L16897,L,298.2,308.0,1168.0,30.3,166.0,0,No Failure,0,0,0,0,0,112.0,50.9
6899,M16898,M,299.3,307.6,1257.0,49.8,169.0,1,HDF (Heat Dissipation),0,1,0,0,0,4.2,38.6
6900,H16899,H,297.0,307.5,1235.0,48.4,172.0,0,No Failure,0,0,0,0,0,102.1,46.4
6901,L16900,L,299.5,307.9,1294.0,61.9,178.0,1,HDF (Heat Dissipation),0,1,0,1,0,4.6,29.4
6902,M16901,M,306.5,307.9,1301.0,34.9,181.0,0,No Failure,0,0,0,0,0,105.6,48.0
6903,M16902,M,298.2,307.5,1168.0,34.6,184.0,0,No Failure,0,0,0,0,0,96.3,43.8
6904,L16903,L,297.6,308.2,1296.0,41.3,188.0,0,No Failure,0,0,0,0,0,90.7,41.2
6905,L16904,L,292.9,302.2,1178.0,36.4,191.0,0,No Failure,0,0,0,0,0,86.5,39.3
6906,H16905,H,298.2,307.7,1168.0,34.2,193.0,0,No Failure,0,0,0,0,0,96.1,43.7
6907,M16906,M,297.2,306.4,1168.0,40.5,198.0,0,No Failure,0,0,0,0,0,80.0,36.4
6908,H16907,H,298.4,309.1,1168.0,47.0,201.0,0,No Failure,0,0,0,0,0,83.6,38.0
6909,H16908,H,298.8,308.2,1287.0,18.9,206.0,1,PWF (Power Failure),1,0,1,0,0,2.6,37.9
6910,L16909,L,302.0,312.8,1390.0,34.3,211.0,0,No Failure,0,0,0,0,0,83.7,38.1
6911,M16910,M,299.4,308.8,1168.0,26.0,213.0,1,PWF (Power Failure),1,0,1,0,0,1.0,32.8
6912,M16911,M,299.4,309.2,1168.0,38.5,217.0,1,TWF (Tool Wear Failure),1,0,0,0,0,6.0,34.7
6913,M16912,M,299.7,309.7,1168.0,44.3,221.0,1,TWF (Tool Wear Failure),1,0,0,0,0,7.5,31.3
6914,M16913,M,300.4,310.6,1180.0,51.2,224.0,0,No Failure,0,0,0,0,0,58.4,26.5
6915,M16914,M,299.6,308.7,1168.0,35.7,0.0,0,No Failure,0,0,0,0,0,210.1,95.5
6916,H16915,H,299.3,310.0,1288.0,41.1,4.0,0,No Failure,0,0,0,0,0,217.4,98.8
6917,L16916,L,300.1,309.8,1411.0,23.2,10.0,1,PWF (Power Failure),0,0,1,0,0,6.7,92.5
6918,M16917,M,294.4,304.9,1220.0,31.4,12.0,0,No Failure,0,0,0,0,0,212.6,96.7
6919,L16918,L,312.38,312.6,1168.0,42.1,16.0,0,No Failure,0,0,0,0,0,208.9,95.0
6920,M16919,M,301.7,312.3,1390.0,26.4,19.0,0,No Failure,0,0,0,0,0,208.9,94.9
6921,M16920,M,299.2,308.8,1272.0,52.4,22.0,0,No Failure,0,0,0,0,0,200.8,91.3
6922,M16921,M,296.3,305.5,1498.0,45.2,25.0,0,No Failure,0,0,0,0,0,202.8,92.2
6923,L16922,L,301.0,311.4,1168.0,31.0,28.0,0,No Failure,0,0,0,0,0,202.2,91.9
6924,M16923,M,297.6,307.1,1261.0,25.2,30.0,1,PWF (Power Failure),0,0,1,0,0,2.7,84.3
6925,L16924,L,299.8,311.3,1168.0,32.8,33.0,0,No Failure,0,0,0,0,0,199.0,90.4
6926,L16925,L,296.5,306.6,,31.0,35.0,0,No Failure,0,0,0,0,0,198.1,90.0
6927,L16926,L,302.8,311.4,1168.0,27.8,38.0,1,HDF (Heat Dissipation),0,1,1,0,0,1.7,77.5
6928,H16927,H,296.2,305.6,1372.0,25.9,40.0,0,No Failure,0,0,0,0,0,192.9,87.7
6929,L16928,L,298.9,307.9,1316.0,37.7,46.0,0,No Failure,0,0,0,0,0,183.5,83.4
6930,H16929,H,295.0,306.1,1168.0,47.3,49.0,0,No Failure,0,0,0,0,0,186.7,84.9
6931,L16930,L,298.7,309.5,1168.0,32.9,55.0,0,No Failure,0,0,0,0,0,184.9,84.1
6932,M16931,M,298.0,307.9,1283.0,44.4,58.0,0,No Failure,0,0,0,0,0,179.6,81.6
6933,M16932,M,300.9,311.2,1285.0,36.7,61.0,0,No Failure,0,0,0,0,0,180.8,82.2
6934,M16933,M,298.0,307.9,1168.0,46.1,64.0,0,No Failure,0,0,0,0,0,174.5,79.3
6935,M16934,M,300.9,311.8,1243.0,32.1,67.0,0,No Failure,0,0,0,0,0,178.7,81.2
6936,M16935,M,297.0,307.5,1168.0,42.8,71.0,0,No Failure,0,0,0,0,0,172.0,78.2
6937,H16936,H,298.3,309.0,1288.0,41.2,347.53,0,No Failure,0,0,0,0,0,171.3,77.9
6938,M16937,M,298.3,308.1,1168.0,53.6,80.0,0,No Failure,0,0,0,0,0,159.0,72.3
6939,L16938,L,299.7,309.1,1309.0,45.6,83.0,0,No Failure,0,0,0,0,0,157.0,71.4
6940,L16939,L,299.5,310.2,1168.0,42.6,86.0,0,No Failure,0,0,0,0,0,160.2,72.8
6941,M16940,M,300.1,311.7,1321.0,25.3,88.0,1,PWF (Power Failure),0,0,1,0,0,1.8,73.1
6942,L16941,L,299.3,310.4,1261.0,34.7,91.0,0,No Failure,0,0,0,0,0,161.0,73.2
6943,M16942,M,300.0,311.6,1318.0,32.0,93.0,0,No Failure,0,0,0,0,0,162.7,74.0
6944,M16943,M,297.2,307.4,1168.0,31.8,96.0,0,No Failure,0,0,0,0,0,161.0,73.2
6945,L16944,L,299.5,308.5,1168.0,40.2,99.0,0,No Failure,0,0,0,0,0,141.6,64.3
6946,M16945,M,301.7,310.8,1245.0,42.4,102.0,0,No Failure,0,0,0,0,0,143.2,65.1
6947,M16946,M,295.8,307.2,1214.0,42.8,105.0,0,No Failure,0,0,0,0,0,149.1,67.8
6948,M16947,M,299.7,307.8,1168.0,52.6,109.0,1,HDF (Heat Dissipation),0,1,0,0,0,3.6,54.4
6949,M16948,M,300.0,311.5,1168.0,44.8,113.0,0,No Failure,0,0,0,0,0,142.4,64.7
6950,H16949,H,301.5,310.7,1236.0,27.7,116.0,0,No Failure,0,0,0,0,0,139.2,63.3
6951,M16950,M,300.1,312.0,1168.0,42.0,122.0,0,No Failure,0,0,0,0,0,138.1,62.8
6952,H16951,H,299.0,308.9,1279.0,45.8,126.0,0,No Failure,0,0,0,0,0,134.5,61.1
6953,L16952,L,299.6,310.3,1226.0,52.6,132.0,0,No Failure,0,0,0,0,0,120.3,54.7
6954,M16953,M,297.5,309.9,1168.0,38.5,134.0,0,No Failure,0,0,0,0,0,132.7,60.3
6955,M16954,M,298.1,307.8,1450.0,38.6,138.0,0,No Failure,0,0,0,0,0,130.0,59.1
6956,L16955,L,296.4,306.1,1168.0,50.8,141.0,0,No Failure,0,0,0,0,0,111.7,50.8
6957,L16956,L,301.5,310.8,1205.0,41.8,143.0,0,No Failure,0,0,0,0,0,113.7,51.7
6958,M16957,M,299.6,308.6,1428.0,24.0,145.0,0,No Failure,0,0,0,0,0,130.3,59.2
6959,L16958,L,297.2,306.9,1168.0,21.9,149.0,1,PWF (Power Failure),0,0,1,0,0,7.7,49.8
6960,H16959,H,299.3,308.7,657.6,58.4,151.0,0,No Failure,0,0,0,0,0,102.2,46.4
6961,L16960,L,300.9,309.6,1251.0,22.9,156.0,1,PWF (Power Failure),0,0,1,0,0,7.6,43.9
6962,L16961,L,300.6,310.4,1213.0,38.3,159.0,0,No Failure,0,0,0,0,0,111.4,50.6
6963,M16962,M,297.2,307.6,1250.0,48.8,162.0,0,No Failure,0,0,0,0,0,105.2,47.8
6964,L16963,L,293.2,302.3,1443.0,22.4,166.0,1,PWF (Power Failure),0,0,1,0,0,4.4,51.3
6965,L16964,L,299.5,309.3,1410.0,29.2,168.0,0,No Failure,0,0,0,0,0,116.3,52.9
6966,M16965,M,297.2,308.6,1230.0,27.5,171.0,0,No Failure,0,0,0,0,0,111.8,50.8
6967,M16966,M,300.0,308.6,1168.0,58.0,175.0,0,No Failure,0,0,0,0,0,71.8,32.6
6968,L16967,L,300.5,312.4,1168.0,60.2,178.0,0,No Failure,0,0,0,0,0,77.4,35.2
6969,M16968,M,311.46,310.1,1308.0,32.7,180.0,0,No Failure,0,0,0,0,0,104.1,47.3
6970,M16969,M,302.0,312.2,1168.0,45.8,183.0,0,No Failure,0,0,0,0,0,93.4,42.4
6971,M16970,M,301.1,312.4,1168.0,43.1,187.0,0,No Failure,0,0,0,0,0,93.4,42.5
6972,L16971,L,302.0,313.6,1410.0,37.2,190.0,0,No Failure,0,0,0,0,0,94.0,42.7
6973,L16972,L,301.3,311.8,1365.0,23.7,192.0,1,PWF (Power Failure),0,0,1,0,0,7.4,44.0
6974,H16973,H,301.5,310.8,1202.0,63.1,195.0,0,No Failure,0,0,0,0,0,64.1,29.1
6975,M16974,M,298.8,308.0,1250.0,21.8,201.0,1,PWF (Power Failure),0,0,1,0,0,4.6,35.6
6976,L16975,L,296.5,305.9,1168.0,42.1,205.0,0,No Failure,0,0,0,0,0,71.4,32.5
6977,H16976,H,303.3,315.2,1391.0,33.5,208.0,1,TWF (Tool Wear Failure),1,0,0,0,0,4.6,42.3
6978,L16977,L,299.0,308.6,1168.0,50.1,214.0,0,No Failure,0,0,0,0,0,57.1,26.0
6979,M16978,M,301.1,311.4,1417.0,48.5,217.0,0,No Failure,0,0,0,0,0,66.6,30.3
6980,M16979,M,297.9,306.9,1357.0,30.2,0.0,0,No Failure,0,0,0,0,0,215.9,98.1
6981,H16980,H,300.6,309.4,1168.0,32.1,4.0,0,No Failure,0,0,0,0,0,204.4,92.9
6982,H16981,H,294.4,304.4,1336.0,24.5,9.0,1,PWF (Power Failure),0,0,1,0,0,0.3,93.0
6983,L16982,L,298.1,307.8,1333.0,41.9,14.0,0,No Failure,0,0,0,0,0,208.8,94.9
6984,M16983,M,298.7,308.4,1198.0,47.1,17.0,0,No Failure,0,0,0,0,0,204.8,93.1
6985,L16984,L,299.7,308.2,1302.0,35.6,21.0,1,HDF (Heat Dissipation),0,1,0,0,0,7.8,89.3
6986,M16985,M,300.8,310.7,1352.0,37.6,24.0,0,No Failure,0,0,0,0,0,204.0,92.7
6987,M16986,M,296.9,308.4,1168.0,59.1,27.0,0,No Failure,0,0,0,0,0,199.3,90.6
6988,L16987,L,300.0,309.1,1209.0,49.4,31.0,0,No Failure,0,0,0,0,0,187.6,85.3
6989,L16988,L,,312.0,1321.0,53.5,34.0,0,No Failure,0,0,0,0,0,194.1,88.2
6990,L16989,L,303.1,309.6,1380.0,17.6,37.0,1,PWF (Power Failure),0,0,1,0,0,4.9,76.6
6991,L16990,L,300.1,309.3,1298.0,45.5,40.0,0,No Failure,0,0,0,0,0,186.1,84.6
6992,L16991,L,298.0,306.1,1168.0,42.5,43.0,1,HDF (Heat Dissipation),0,1,0,0,0,7.2,76.9
6993,H16992,H,296.6,307.8,1184.0,27.5,46.0,1,PWF (Power Failure),0,0,1,0,0,6.1,83.0
6994,M16993,M,302.1,313.0,1298.0,29.6,52.0,0,No Failure,0,0,0,0,0,188.7,85.8
6995,M16994,M,300.2,309.2,1224.0,37.8,55.0,0,No Failure,0,0,0,0,0,174.4,79.3
6996,H16995,H,298.8,309.1,1253.0,26.6,58.0,1,PWF (Power Failure),0,0,1,0,0,6.1,81.0
6997,M16996,M,295.9,307.1,1412.0,32.0,64.0,0,No Failure,0,0,0,0,0,180.6,82.1
6998,L16997,L,297.2,308.6,1168.0,35.4,67.0,0,No Failure,0,0,0,0,0,176.3,80.1
6999,H16998,H,300.0,309.6,1187.0,45.7,70.0,0,No Failure,0,0,0,0,0,168.6,76.6
7000,M16999,M,299.5,307.3,1168.0,32.9,76.0,1,HDF (Heat Dissipation),0,1,0,0,0,7.5,67.5
7001,M17000,M,295.4,304.5,1411.0,35.5,80.0,0,No Failure,0,0,0,0,0,167.6,76.2
7002,H17001,H,300.0,310.8,1281.0,50.2,84.0,0,No Failure,0,0,0,0,0,161.6,73.5
7003,M17002,M,296.0,308.1,1581.0,22.4,90.0,0,No Failure,0,0,0,0,0,166.8,75.8
7004,M17003,M,301.3,311.2,1226.0,42.3,94.0,0,No Failure,0,0,0,0,0,155.8,70.8
7005,H17004,H,299.2,308.6,1168.0,43.9,97.0,0,No Failure,0,0,0,0,0,149.1,67.8
7006,L17005,L,298.0,,1168.0,44.2,103.0,0,No Failure,0,0,0,0,0,147.4,67.0
7007,H17006,H,300.6,311.0,1168.0,35.0,106.0,0,No Failure,0,0,0,0,0,154.5,70.2
7008,L17007,L,299.5,308.3,1251.0,29.4,112.0,0,No Failure,0,0,0,0,0,140.5,63.8
7009,L17008,L,,311.2,1168.0,55.2,114.0,0,No Failure,0,0,0,0,0,131.0,59.5
7010,M17009,M,299.0,310.0,1253.0,31.4,117.0,0,No Failure,0,0,0,0,0,148.3,67.4
7011,L17010,L,299.1,309.0,1168.0,28.8,120.0,0,No Failure,0,0,0,0,0,137.7,62.6
7012,H17011,H,298.4,309.2,1168.0,40.2,-153.72,0,No Failure,0,0,0,0,0,141.4,64.3
7013,L17012,L,,307.7,1216.0,32.6,127.0,1,HDF (Heat Dissipation),0,1,0,0,0,7.5,55.8
7014,M17013,M,301.9,310.5,1168.0,50.5,129.0,0,No Failure,0,0,0,0,0,112.0,50.9
7015,L17014,L,298.0,307.3,1176.0,37.3,132.0,0,No Failure,0,0,0,0,0,124.7,56.7
7016,H17015,H,300.0,309.7,1176.0,51.8,135.0,0,No Failure,0,0,0,0,0,121.8,55.4
7017,L17016,L,297.3,307.6,1168.0,44.5,141.0,0,No Failure,0,0,0,0,0,120.3,54.7
7018,L17017,L,295.2,305.8,1168.0,36.1,144.0,0,No Failure,0,0,0,0,0,125.4,57.0
7019,L17018,L,299.3,311.8,1168.0,51.1,147.0,0,No Failure,0,0,0,0,0,110.2,50.1
7020,M17019,M,299.5,308.8,1168.0,33.5,150.0,0,No Failure,0,0,0,0,0,118.7,53.9
7021,H17020,H,298.7,308.4,1340.0,36.8,154.0,0,No Failure,0,0,0,0,0,122.0,55.5
7022,H17021,H,296.2,305.5,1168.0,45.3,160.0,0,No Failure,0,0,0,0,0,105.1,47.8
7023,L17022,L,299.4,310.5,1198.0,42.3,166.0,0,No Failure,0,0,0,0,0,104.8,47.6
7024,L17023,L,299.4,310.5,1270.0,33.3,168.0,0,No Failure,0,0,0,0,0,112.5,51.1
7025,L17024,L,297.3,306.9,1168.0,24.6,171.0,1,PWF (Power Failure),0,0,1,0,0,2.3,42.4
7026,M17025,M,287.88,308.5,1168.0,91.64,173.0,0,No Failure,0,0,0,0,0,106.0,48.2
7027,M17026,M,298.4,307.7,1218.0,32.7,176.0,0,No Failure,0,0,0,0,0,103.8,47.2
7028,L17027,L,300.1,,1286.0,40.3,179.0,0,No Failure,0,0,0,0,0,98.0,44.5
7029,M17028,M,299.6,311.1,1423.0,35.8,,0,No Failure,0,0,0,0,0,104.7,47.6
7030,H17029,H,297.3,305.9,1421.0,32.8,185.0,0,No Failure,0,0,0,0,0,106.0,48.2
7031,L17030,L,,309.7,1409.0,37.3,190.0,0,No Failure,0,0,0,0,0,93.9,42.7
7032,L17031,L,300.5,307.8,1168.0,39.3,193.0,1,HDF (Heat Dissipation),0,1,0,0,0,0.2,27.2
7033,L17032,L,296.8,307.6,1168.0,47.0,195.0,0,No Failure,0,0,0,0,0,79.2,36.0
7034,L17033,L,299.0,307.9,1333.0,44.2,197.0,0,No Failure,0,0,0,0,0,75.4,34.3
7035,L17034,L,301.3,311.9,1243.0,60.9,200.0,1,OSF (Overstrain Failure),0,0,0,1,0,4.5,26.8
7036,M17035,M,296.6,307.4,1238.0,41.4,202.0,0,No Failure,0,0,0,0,0,85.1,38.7
7037,L17036,L,301.0,312.1,1302.0,33.3,206.0,0,No Failure,0,0,0,0,0,88.2,40.1
7038,M17037,M,301.8,312.7,1175.0,38.3,208.0,1,TWF (Tool Wear Failure),1,0,0,0,0,7.8,38.5
7039,H17038,H,298.5,308.6,1333.0,45.7,211.0,0,No Failure,0,0,0,0,0,78.2,35.5
7040,H17039,H,298.3,307.9,1168.0,50.0,216.0,0,No Failure,0,0,0,0,0,65.7,29.9
7041,M17040,M,300.8,310.7,1168.0,53.4,222.0,0,No Failure,0,0,0,0,0,56.0,25.5
7042,L17041,L,298.6,307.5,1318.0,29.8,0.0,0,No Failure,0,0,0,0,0,213.6,97.1
7043,L17042,L,294.7,304.5,1168.0,52.8,3.0,0,No Failure,0,0,0,0,0,215.5,98.0
7044,L17043,L,298.7,308.4,1168.0,39.5,5.0,0,No Failure,0,0,0,0,0,213.3,97.0
7045,H17044,H,299.8,309.0,1391.0,30.7,8.0,0,No Failure,0,0,0,0,0,213.2,96.9
7046,H17045,H,300.2,308.5,1168.0,38.0,14.0,1,HDF (Heat Dissipation),0,1,0,0,0,4.7,87.5
7047,L17046,L,297.3,306.0,1171.0,52.1,19.0,0,No Failure,0,0,0,0,0,191.4,87.0
7048,L17047,L,298.4,305.2,1168.0,44.6,21.0,1,HDF (Heat Dissipation),0,1,0,0,0,0.1,78.2
7049,M17048,M,300.7,310.4,1502.0,27.9,23.0,0,No Failure,0,0,0,0,0,206.4,93.8
7050,L17049,L,298.8,309.2,1286.0,28.0,-325.3,0,No Failure,0,0,0,0,0,202.8,92.2
7051,H17050,H,296.2,303.5,1367.0,27.7,29.0,1,HDF (Heat Dissipation),0,1,0,0,0,6.6,87.9
7052,L17051,L,301.1,311.3,1168.0,32.7,34.0,0,No Failure,0,0,0,0,0,198.4,90.2
7053,L17052,L,298.5,308.4,1168.0,40.8,36.0,0,No Failure,0,0,0,0,0,194.2,88.3
7054,L17053,L,300.9,309.7,1264.0,28.7,39.0,0,No Failure,0,0,0,0,0,186.3,84.7
7055,L17054,L,296.4,306.0,1245.0,35.7,42.0,0,No Failure,0,0,0,0,0,188.9,85.9
7056,L17055,L,298.7,309.8,1168.0,54.0,44.0,0,No Failure,0,0,0,0,0,186.4,84.7
7057,H17056,H,299.8,308.8,1255.0,56.2,47.0,0,No Failure,0,0,0,0,0,177.3,80.6
7058,L17057,L,298.8,308.9,1168.0,55.5,52.0,0,No Failure,0,0,0,0,0,179.8,81.7
7059,M17058,M,296.8,307.1,1168.0,22.1,54.0,1,PWF (Power Failure),0,0,1,0,0,4.6,76.2
7060,L17059,L,294.6,303.8,1168.0,56.7,57.0,0,No Failure,0,0,0,0,0,166.7,75.8
7061,L17060,L,301.7,312.7,1189.0,40.9,60.0,0,No Failure,0,0,0,0,0,178.9,81.3
7062,L17061,L,299.4,309.8,900.87,40.8,63.0,0,No Failure,0,0,0,0,0,176.9,80.4
7063,L17062,L,301.0,310.7,1168.0,50.3,65.0,0,No Failure,0,0,0,0,0,168.5,76.6
7064,L17063,L,300.6,313.0,1168.0,47.0,67.0,0,No Failure,0,0,0,0,0,171.6,78.0
7065,L17064,L,300.0,311.0,1571.0,21.3,69.0,0,No Failure,0,0,0,0,0,172.7,78.5
7066,H17065,H,298.4,306.7,1340.0,33.9,71.0,1,HDF (Heat Dissipation),0,1,0,0,0,5.4,76.5
7067,M17066,M,299.8,309.4,1209.0,36.3,76.0,0,No Failure,0,0,0,0,0,167.1,76.0
7068,H17067,H,301.5,314.0,1331.0,26.7,79.0,0,No Failure,0,0,0,0,0,172.4,78.4
7069,L17068,L,299.1,308.1,1168.0,50.0,85.0,0,No Failure,0,0,0,0,0,146.1,66.4
7070,M17069,M,302.4,312.5,1174.0,54.4,87.0,0,No Failure,0,0,0,0,0,155.7,70.8
7071,M17070,M,296.2,307.4,1341.0,39.9,91.0,0,No Failure,0,0,0,0,0,160.0,72.7
7072,L17071,L,296.1,306.8,1182.0,-13.14,95.0,0,No Failure,0,0,0,0,0,153.7,69.9
7073,L17072,L,300.7,311.5,1168.0,39.9,98.0,0,No Failure,0,0,0,0,0,153.4,69.7
7074,M17073,M,297.5,308.2,1168.0,41.0,100.0,0,No Failure,0,0,0,0,0,153.4,69.8
7075,M17074,M,302.6,312.6,1168.0,51.2,104.0,0,No Failure,0,0,0,0,0,145.0,65.9
7076,L17075,L,301.4,310.6,1201.0,22.3,108.0,1,PWF (Power Failure),0,0,1,0,0,5.2,57.8
7077,L17076,L,301.8,312.2,1168.0,44.9,111.0,0,No Failure,0,0,0,0,0,141.3,64.2
7078,H17077,H,300.5,310.1,1168.0,40.1,114.0,0,No Failure,0,0,0,0,0,142.2,64.7
7079,L17078,L,297.3,306.8,1264.0,32.9,119.0,0,No Failure,0,0,0,0,0,140.1,63.7
7080,H17079,H,296.0,307.5,1168.0,-20.83,121.0,0,No Failure,0,0,0,0,0,145.3,66.0
7081,H17080,H,301.6,311.2,1168.0,58.3,127.0,0,No Failure,0,0,0,0,0,122.1,55.5
7082,H17081,H,296.3,308.0,1268.0,26.7,133.0,0,No Failure,0,0,0,0,0,136.4,62.0
7083,M17082,M,301.8,312.1,1168.0,38.3,139.0,0,No Failure,0,0,0,0,0,129.6,58.9
7084,L17083,L,300.2,310.0,1168.0,56.3,142.0,0,No Failure,0,0,0,0,0,107.4,48.8
7085,M17084,M,298.8,307.0,1269.0,27.3,144.0,1,HDF (Heat Dissipation),0,1,0,0,0,5.6,52.7
7086,M17085,M,299.8,311.9,1456.0,35.4,147.0,0,No Failure,0,0,0,0,0,126.7,57.6
7087,M17086,M,299.8,309.8,1168.0,40.4,150.0,0,No Failure,0,0,0,0,0,120.7,54.8
7088,L17087,L,298.6,306.3,1168.0,44.1,153.0,1,HDF (Heat Dissipation),0,1,0,0,0,3.6,39.5
7089,L17088,L,301.5,312.5,1196.0,39.2,156.0,0,No Failure,0,0,0,0,0,114.7,52.1
7090,L17089,L,301.5,311.4,1375.0,31.0,158.0,0,No Failure,0,0,0,0,0,120.8,54.9
7091,L17090,L,299.3,308.4,1222.0,44.5,452.05,0,No Failure,0,0,0,0,0,97.1,44.2
7092,M17091,M,297.9,308.8,1168.0,39.0,163.0,0,No Failure,0,0,0,0,0,113.3,51.5
7093,H17092,H,301.3,308.8,1168.0,46.3,167.0,1,HDF (Heat Dissipation),0,1,0,0,0,1.9,36.3
7094,M17093,M,295.3,304.6,1381.0,49.2,173.0,0,No Failure,0,0,0,0,0,94.9,43.2
7095,M17094,M,299.8,309.5,1249.0,25.1,176.0,1,PWF (Power Failure),0,0,1,0,0,0.5,46.1
7096,L17095,L,300.3,311.2,1233.0,50.3,180.0,0,No Failure,0,0,0,0,0,86.5,39.3
7097,L17096,L,297.5,309.7,1383.0,37.5,183.0,0,No Failure,0,0,0,0,0,98.3,44.7
7098,L17097,L,300.7,310.5,1168.0,48.3,185.0,0,No Failure,0,0,0,0,0,82.8,37.6
7099,L17098,L,298.9,309.4,1287.0,44.9,188.0,0,No Failure,0,0,0,0,0,86.6,39.4
7100,L17099,L,,310.7,1168.0,58.5,191.0,1,OSF (Overstrain Failure),0,0,0,1,0,5.9,31.3
7101,L17100,L,300.7,310.7,1168.0,40.1,531.65,0,No Failure,0,0,0,0,0,88.6,40.3
7102,L17101,L,297.0,307.5,1361.0,36.0,195.0,0,No Failure,0,0,0,0,0,92.1,41.9
7103,M17102,M,300.6,309.4,1204.0,34.9,198.0,0,No Failure,0,0,0,0,0,81.9,37.2
7104,L17103,L,295.4,307.4,1290.0,29.6,201.0,0,No Failure,0,0,0,0,0,95.9,43.6
7105,L17104,L,299.5,308.8,1302.0,48.1,204.0,0,No Failure,0,0,0,0,0,66.8,30.4
7106,L17105,L,299.1,309.4,1372.0,29.0,207.0,0,No Failure,0,0,0,0,0,92.9,42.2
7107,M17106,M,298.0,308.2,1205.0,48.0,209.0,0,No Failure,0,0,0,0,0,72.9,33.1
7108,M17107,M,289.55,309.8,1168.0,37.8,213.0,0,No Failure,0,0,0,0,0,82.0,37.3
7109,L17108,L,298.9,308.5,1168.0,22.4,217.0,1,PWF (Power Failure),1,0,1,0,0,2.6,31.3
7110,L17109,L,300.9,311.1,1182.0,54.9,219.0,1,OSF (Overstrain Failure),1,0,0,1,0,1.9,23.4
7111,H17110,H,300.0,311.8,1699.0,6.2,221.0,1,PWF (Power Failure),0,0,1,0,0,6.1,42.6
7112,M17111,M,299.8,312.1,1267.0,39.2,227.0,1,TWF (Tool Wear Failure),1,0,0,0,0,1.9,32.4
7113,M17112,M,299.5,309.3,1197.0,42.3,0.0,0,No Failure,0,0,0,0,0,217.8,99.0
7114,M17113,M,298.2,307.8,1608.0,16.9,4.0,1,PWF (Power Failure),0,0,1,0,0,3.8,89.0
7115,H17114,H,298.5,307.7,1168.0,44.4,7.0,0,No Failure,0,0,0,0,0,206.5,93.9
7116,H17115,H,299.5,312.2,1168.0,33.3,12.0,0,No Failure,0,0,0,0,0,212.7,96.7
7117,L17116,L,298.7,308.8,1168.0,37.5,,0,No Failure,0,0,0,0,0,208.0,94.6
7118,M17117,M,301.0,312.1,1168.0,53.4,20.0,0,No Failure,0,0,0,0,0,205.3,93.3
7119,L17118,L,299.2,,1168.0,41.4,23.0,0,No Failure,0,0,0,0,0,204.2,92.8
7120,M17119,M,299.7,311.9,1168.0,36.5,26.0,0,No Failure,0,0,0,0,0,203.3,92.4
7121,L17120,L,296.5,296.4,1168.0,38.3,30.0,0,No Failure,0,0,0,0,0,197.7,89.9
7122,L17121,L,,309.6,1168.0,57.8,33.0,0,No Failure,0,0,0,0,0,181.9,82.7
7123,H17122,H,298.0,309.9,1391.0,44.0,35.0,0,No Failure,0,0,0,0,0,196.8,89.4
7124,H17123,H,297.2,308.1,1295.0,31.2,394.06,0,No Failure,0,0,0,0,0,196.1,89.1
7125,L17124,L,302.0,312.5,1168.0,35.1,45.0,0,No Failure,0,0,0,0,0,190.7,86.7
7126,H17125,H,300.3,311.8,1355.0,28.1,48.0,0,No Failure,0,0,0,0,0,192.0,87.3
7127,L17126,L,300.8,311.3,1256.0,35.5,54.0,0,No Failure,0,0,0,0,0,184.7,84.0
7128,L17127,L,299.9,323.65,1168.0,56.1,57.0,0,No Failure,0,0,0,0,0,175.7,79.9
7129,H17128,H,298.9,309.1,1168.0,38.3,59.0,0,No Failure,0,0,0,0,0,182.6,83.0
7130,L17129,L,298.5,309.4,1210.0,26.6,64.0,1,PWF (Power Failure),0,0,1,0,0,0.9,77.2
7131,L17130,L,300.4,310.9,1168.0,44.3,66.0,0,No Failure,0,0,0,0,0,173.4,78.8
7132,M17131,M,301.1,310.8,1342.0,36.1,68.0,0,No Failure,0,0,0,0,0,175.2,79.6
7133,L17132,L,298.9,308.7,700.0,45.6,72.0,0,No Failure,0,0,0,0,0,166.4,75.6
7134,L17133,L,302.8,312.4,1343.0,37.6,74.0,0,No Failure,0,0,0,0,0,168.9,76.8
7135,L17134,L,298.7,309.0,1168.0,54.5,77.0,0,No Failure,0,0,0,0,0,160.9,73.2
7136,M17135,M,296.5,306.0,1168.0,30.9,80.0,0,No Failure,0,0,0,0,0,165.1,75.1
7137,L17136,L,296.0,306.4,,28.3,-194.43,0,No Failure,0,0,0,0,0,169.4,77.0
7138,L17137,L,296.0,306.4,1168.0,49.4,86.0,0,No Failure,0,0,0,0,0,156.7,71.2
7139,M17138,M,298.3,308.5,1168.0,20.0,89.0,1,PWF (Power Failure),0,0,1,0,0,3.5,67.8
7140,L17139,L,298.6,308.8,1168.0,38.3,93.0,0,No Failure,0,0,0,0,0,157.7,71.7
7141,L17140,L,300.3,309.7,1168.0,48.0,95.0,0,No Failure,0,0,0,0,0,144.2,65.6
7142,M17141,M,299.0,308.7,1270.0,18.1,97.0,1,PWF (Power Failure),0,0,1,0,0,6.9,65.1
7143,M17142,M,300.6,308.9,1168.0,40.6,100.0,1,HDF (Heat Dissipation),0,1,0,0,0,5.9,61.3
7144,L17143,L,299.1,309.0,1168.0,25.0,104.0,1,PWF (Power Failure),0,0,1,0,0,5.3,62.3
7145,H17144,H,299.1,308.1,1465.0,21.6,106.0,1,PWF (Power Failure),0,0,1,0,0,7.1,67.4
7146,M17145,M,298.0,308.1,1298.0,29.3,112.0,0,No Failure,0,0,0,0,0,152.7,69.4
7147,L17146,L,301.6,310.9,1168.0,38.2,115.0,0,No Failure,0,0,0,0,0,135.3,61.5
7148,M17147,M,296.3,304.2,1168.0,32.9,117.0,1,HDF (Heat Dissipation),0,1,0,0,0,3.1,56.5
7149,M17148,M,299.6,311.9,1168.0,51.1,120.0,0,No Failure,0,0,0,0,0,133.5,60.7
7150,M17149,M,298.7,308.5,1258.0,40.8,124.0,0,No Failure,0,0,0,0,0,135.9,61.8
7151,M17150,M,300.5,311.9,1413.0,35.1,127.0,0,No Failure,0,0,0,0,0,139.6,63.5
7152,M17151,M,299.0,308.5,1319.0,26.9,-144.08,0,No Failure,0,0,0,0,0,138.4,62.9
7153,H17152,H,299.1,310.8,1168.0,42.2,133.0,0,No Failure,0,0,0,0,0,133.0,60.4
7154,M17153,M,298.6,307.4,1168.0,60.6,138.0,0,No Failure,0,0,0,0,0,100.1,45.5
7155,H17154,H,301.6,311.8,1259.0,33.0,141.0,0,No Failure,0,0,0,0,0,134.3,61.1
7156,M17155,M,299.1,308.0,1315.0,34.1,147.0,0,No Failure,0,0,0,0,0,121.2,55.1
7157,H17156,H,302.6,315.2,1320.0,29.4,151.0,0,No Failure,0,0,0,0,0,131.0,59.6
7158,H17157,H,299.6,309.4,1168.0,51.8,157.0,0,No Failure,0,0,0,0,0,107.4,48.8
7159,L17158,L,299.1,309.9,1221.0,49.3,162.0,0,No Failure,0,0,0,0,0,100.8,45.8
7160,L17159,L,298.8,309.3,1291.0,35.5,164.0,0,No Failure,0,0,0,0,0,112.9,51.3
7161,M17160,M,300.1,310.1,1168.0,34.0,166.0,0,No Failure,0,0,0,0,0,115.9,52.7
7162,L17161,L,298.0,308.5,1294.0,30.6,169.0,0,No Failure,0,0,0,0,0,114.6,52.1
7163,M17162,M,299.4,310.8,1168.0,37.1,171.0,0,No Failure,0,0,0,0,0,109.9,49.9
7164,M17163,M,299.1,309.8,1168.0,50.2,174.0,0,No Failure,0,0,0,0,0,95.4,43.4
7165,H17164,H,299.7,309.9,1168.0,40.4,177.0,0,No Failure,0,0,0,0,0,105.8,48.1
7166,L17165,L,299.7,310.2,1315.0,52.9,183.0,0,No Failure,0,0,0,0,0,81.4,37.0
7167,M17166,M,299.8,311.7,1301.0,32.8,185.0,0,No Failure,0,0,0,0,0,105.2,47.8
7168,L17167,L,299.3,308.9,1755.0,16.9,188.0,1,PWF (Power Failure),0,0,1,0,0,2.0,45.1
7169,M17168,M,301.9,310.0,1168.0,66.1,190.0,1,HDF (Heat Dissipation),0,1,0,1,0,5.0,21.1
7170,L17169,L,299.9,308.8,1453.0,42.1,193.0,0,No Failure,0,0,0,0,0,86.3,39.2
7171,M17170,M,303.8,312.8,1168.0,47.8,196.0,0,No Failure,0,0,0,0,0,71.2,32.4
7172,M17171,M,299.2,308.3,1238.0,32.1,200.0,0,No Failure,0,0,0,0,0,88.3,40.1
7173,M17172,M,300.8,310.0,1488.0,26.4,203.0,1,TWF (Tool Wear Failure),1,0,0,0,0,4.0,46.0
7174,M17173,M,297.8,307.8,1168.0,41.5,206.0,0,No Failure,0,0,0,0,0,82.3,37.4
7175,L17174,L,301.6,311.8,1404.0,20.1,0.0,1,PWF (Power Failure),0,0,1,0,0,1.6,90.0
7176,L17175,L,,308.1,1168.0,37.3,3.0,0,No Failure,0,0,0,0,0,218.0,99.1
7177,L17176,L,299.9,309.2,1168.0,50.2,5.0,0,No Failure,0,0,0,0,0,208.6,94.8
7178,H17177,H,298.7,309.7,1168.0,44.5,8.0,0,No Failure,0,0,0,0,0,214.7,97.6
7179,H17178,H,299.9,310.4,1168.0,42.5,13.0,0,No Failure,0,0,0,0,0,211.5,96.1
7180,L17179,L,298.7,310.3,1168.0,57.4,18.0,0,No Failure,0,0,0,0,0,205.9,93.6
7181,L17180,L,297.7,308.5,1168.0,43.8,21.0,0,No Failure,0,0,0,0,0,205.2,93.3
7182,L17181,L,298.7,308.4,1379.0,21.0,24.0,1,PWF (Power Failure),0,0,1,0,0,4.8,83.8
7183,M17182,M,301.9,313.2,1257.0,38.5,26.0,0,No Failure,0,0,0,0,0,203.1,92.3
7184,L17183,L,300.0,310.3,1756.61,59.3,29.0,0,No Failure,0,0,0,0,0,196.9,89.5
7185,L17184,L,296.8,307.6,1299.0,36.9,32.0,0,No Failure,0,0,0,0,0,198.8,90.4
7186,L17185,L,301.1,311.8,1168.0,58.6,35.0,0,No Failure,0,0,0,0,0,192.3,87.4
7187,L17186,L,297.5,307.4,1168.0,50.2,38.0,0,No Failure,0,0,0,0,0,190.7,86.7
7188,L17187,L,300.5,310.6,1168.0,-20.59,40.0,0,No Failure,0,0,0,0,0,193.8,88.1
7189,L17188,L,300.1,310.0,1318.0,29.2,42.0,0,No Failure,0,0,0,0,0,193.6,88.0
7190,M17189,M,300.3,309.4,1168.0,43.4,45.0,0,No Failure,0,0,0,0,0,179.6,81.6
7191,M17190,M,302.5,310.4,1168.0,52.7,338.72,1,HDF (Heat Dissipation),0,1,0,0,0,0.2,73.6
7192,L17191,L,297.7,307.0,1317.0,24.2,51.0,1,PWF (Power Failure),0,0,1,0,0,5.8,78.8
7193,M17192,M,300.3,310.5,1254.0,41.2,53.0,0,No Failure,0,0,0,0,0,184.7,83.9
7194,L17193,L,301.4,312.5,1527.0,19.6,57.0,1,PWF (Power Failure),0,0,1,0,0,5.3,77.2
7195,M17194,M,298.0,308.8,1168.0,36.6,60.0,0,No Failure,0,0,0,0,0,181.5,82.5
7196,H17195,H,297.8,307.5,1436.0,23.5,64.0,0,No Failure,0,0,0,0,0,176.7,80.3
7197,L17196,L,298.7,308.0,1288.0,45.6,69.0,0,No Failure,0,0,0,0,0,165.8,75.4
7198,H17197,H,299.8,309.6,1238.0,33.1,72.0,0,No Failure,0,0,0,0,0,174.4,79.3
7199,M17198,M,296.6,305.6,1374.0,51.6,77.0,0,No Failure,0,0,0,0,0,160.9,73.1
7200,M17199,M,300.2,308.1,1168.0,34.6,81.0,1,HDF (Heat Dissipation),0,1,0,0,0,6.0,66.3
7201,L17200,L,296.6,305.1,1216.0,33.7,85.0,1,HDF (Heat Dissipation),0,1,0,0,0,7.5,68.2
7202,L17201,L,301.5,312.9,1317.0,23.8,87.0,1,PWF (Power Failure),0,0,1,0,0,4.6,70.5
7203,L17202,L,,312.0,,43.9,90.0,0,No Failure,0,0,0,0,0,156.7,71.2
7204,H17203,H,302.6,313.4,1313.0,44.9,93.0,0,No Failure,0,0,0,0,0,157.9,71.8
7205,M17204,M,300.4,310.3,1168.0,49.4,99.0,0,No Failure,0,0,0,0,0,148.4,67.5
7206,L17205,L,298.6,307.2,1168.0,46.6,103.0,1,HDF (Heat Dissipation),0,1,0,0,0,4.4,59.3
7207,M17206,M,297.8,307.6,1372.0,44.0,105.0,0,No Failure,0,0,0,0,0,147.7,67.1
7208,L17207,L,299.6,310.2,1220.0,46.0,108.0,0,No Failure,0,0,0,0,0,142.7,64.9
7209,L17208,L,299.1,309.9,1168.0,47.0,110.0,0,No Failure,0,0,0,0,0,140.6,63.9
7210,M17209,M,301.3,312.0,1174.0,49.1,112.0,0,No Failure,0,0,0,0,0,140.5,63.9
7211,M17210,M,297.5,308.7,1311.0,24.7,116.0,1,PWF (Power Failure),0,0,1,0,0,5.2,64.5
7212,M17211,M,302.8,314.7,1168.0,35.4,120.0,0,No Failure,0,0,0,0,0,143.8,65.4
7213,M17212,M,301.5,311.1,1299.0,23.8,124.0,1,PWF (Power Failure),0,0,1,0,0,2.0,59.6
7214,M17213,M,298.8,311.6,1168.0,43.3,128.0,0,No Failure,0,0,0,0,0,133.2,60.5
7215,H17214,H,302.4,310.4,1293.0,56.3,131.0,1,HDF (Heat Dissipation),0,1,0,0,0,7.6,50.5
7216,L17215,L,297.8,307.0,1231.0,49.0,137.0,0,No Failure,0,0,0,0,0,111.7,50.8
7217,M17216,M,299.6,309.8,1168.0,33.9,139.0,0,No Failure,0,0,0,0,0,132.9,60.4
7218,M17217,M,296.9,307.4,1168.0,45.1,142.0,0,No Failure,0,0,0,0,0,122.3,55.6
7219,L17218,L,302.5,312.3,1372.0,43.5,146.0,0,No Failure,0,0,0,0,0,117.0,53.2
7220,L17219,L,296.3,305.8,1168.0,42.3,149.0,0,No Failure,0,0,0,0,0,111.1,50.5
7221,L17220,L,296.6,308.8,1246.0,27.0,152.0,0,No Failure,0,0,0,0,0,120.9,54.9
7222,L17221,L,298.1,307.6,669.2,53.2,154.0,0,No Failure,0,0,0,0,0,97.6,44.4
7223,M17222,M,301.6,310.6,1592.0,28.2,156.0,0,No Failure,0,0,0,0,0,127.2,57.8
7224,L17223,L,301.0,312.7,1242.0,36.3,159.0,0,No Failure,0,0,0,0,0,115.4,52.5
7225,M17224,M,299.5,310.3,1168.0,49.6,161.0,0,No Failure,0,0,0,0,0,105.2,47.8
7226,L17225,L,301.1,312.2,1168.0,36.3,165.0,0,No Failure,0,0,0,0,0,111.5,50.7
7227,L17226,L,299.0,309.2,1168.0,40.8,168.0,0,No Failure,0,0,0,0,0,105.0,47.7
7228,L17227,L,300.0,308.6,1335.0,41.2,171.0,0,No Failure,0,0,0,0,0,95.4,43.4
7229,L17228,L,302.2,312.3,1168.0,40.7,173.0,0,No Failure,0,0,0,0,0,101.6,46.2
7230,H17229,H,298.8,307.3,1249.0,41.2,448.14,1,HDF (Heat Dissipation),0,1,0,0,0,2.3,42.3
7231,L17230,L,297.9,308.1,1168.0,42.1,181.0,0,No Failure,0,0,0,0,0,94.6,43.0
7232,L17231,L,300.1,310.8,1168.0,40.7,183.0,0,No Failure,0,0,0,0,0,94.8,43.1
7233,L17232,L,300.6,311.7,1193.0,31.0,185.0,0,No Failure,0,0,0,0,0,104.2,47.4
7234,L17233,L,299.5,309.4,1168.0,75.73,188.0,1,PWF (Power Failure),0,0,1,0,0,4.6,39.3
7235,M17234,M,301.1,311.8,1322.0,50.0,190.0,0,No Failure,0,0,0,0,0,84.2,38.3
7236,M17235,M,298.9,308.0,1172.0,50.4,193.0,0,No Failure,0,0,0,0,0,71.7,32.6
7237,L17236,L,299.5,310.5,1315.0,43.4,197.0,0,No Failure,0,0,0,0,0,82.0,37.3
7238,M17237,M,299.9,310.6,1168.0,43.3,199.0,0,No Failure,0,0,0,0,0,85.0,38.7
7239,L17238,L,299.8,309.0,1403.0,30.8,203.0,0,No Failure,0,0,0,0,0,91.5,41.6
7240,H17239,H,310.64,312.7,1594.0,15.6,205.0,1,PWF (Power Failure),1,0,1,0,0,0.7,41.6
7241,M17240,M,299.9,311.0,1412.0,37.5,210.0,0,No Failure,0,0,0,0,0,84.3,38.3
7242,L17241,L,298.7,308.8,1443.0,21.0,214.0,1,PWF (Power Failure),0,0,1,0,0,4.7,37.1
7243,M17242,M,300.2,309.4,1205.0,41.8,216.0,0,No Failure,0,0,0,0,0,66.7,30.3
7244,H17243,H,301.1,311.3,1221.0,53.0,219.0,0,No Failure,0,0,0,0,0,64.7,29.4
7245,L17244,L,300.7,311.3,1667.0,33.8,225.0,0,No Failure,0,0,0,0,0,75.4,34.3
7246,H17245,H,300.6,309.8,1168.0,34.4,227.0,1,TWF (Tool Wear Failure),1,0,0,0,0,5.8,32.6
7247,H17246,H,296.6,305.6,1249.0,29.9,232.0,1,TWF (Tool Wear Failure),1,0,0,0,0,4.6,33.6
7248,L17247,L,294.8,305.3,1168.0,40.4,0.0,0,No Failure,0,0,0,0,0,220.0,100.0
7249,M17248,M,301.6,312.4,1250.0,39.7,3.0,0,No Failure,0,0,0,0,0,218.0,99.1
7250,M17249,M,300.1,312.2,1247.0,29.8,6.0,0,No Failure,0,0,0,0,0,216.4,98.4
7251,M17250,M,299.3,310.0,1346.0,49.1,10.0,0,No Failure,0,0,0,0,0,212.9,96.8
7252,M17251,M,300.5,309.3,1168.0,67.0,14.0,0,No Failure,0,0,0,0,0,195.5,88.9
7253,H17252,H,302.8,314.8,1244.0,51.9,17.0,0,No Failure,0,0,0,0,0,208.0,94.6
7254,M17253,M,301.8,312.9,1168.0,38.9,22.0,0,No Failure,0,0,0,0,0,205.6,93.5
7255,M17254,M,301.0,,1184.0,38.8,25.0,1,HDF (Heat Dissipation),0,1,0,0,0,4.1,82.6
7256,L17255,L,297.7,306.7,1199.0,34.9,29.0,0,No Failure,0,0,0,0,0,190.2,86.4
7257,L17256,L,297.9,307.4,1284.0,34.7,31.0,0,No Failure,0,0,0,0,0,196.3,89.2
7258,H17257,H,295.0,305.8,1269.0,49.6,33.0,0,No Failure,0,0,0,0,0,197.2,89.6
7259,M17258,M,300.5,308.1,1168.0,50.0,39.0,1,HDF (Heat Dissipation),0,1,0,0,0,1.7,75.3
7260,L17259,L,301.3,311.2,1298.0,28.3,43.0,0,No Failure,0,0,0,0,0,193.1,87.8
7261,H17260,H,301.5,312.3,1168.0,43.7,46.0,0,No Failure,0,0,0,0,0,189.6,86.2
7262,H17261,H,300.5,307.7,1168.0,51.1,52.0,1,HDF (Heat Dissipation),0,1,0,0,0,7.2,69.5
7263,M17262,M,299.0,309.7,1194.0,36.5,58.0,0,No Failure,0,0,0,0,0,182.8,83.1
7264,L17263,L,298.3,309.2,1168.0,37.9,62.0,0,No Failure,0,0,0,0,0,178.6,81.2
7265,M17264,M,297.8,307.0,1168.0,47.0,65.0,0,No Failure,0,0,0,0,0,165.8,75.4
7266,L17265,L,299.0,307.8,1298.0,47.2,69.0,0,No Failure,0,0,0,0,0,162.1,73.7
7267,L17266,L,307.73,306.7,1168.0,44.3,71.0,0,No Failure,0,0,0,0,0,160.0,72.7
7268,M17267,M,302.5,309.8,1352.0,42.5,74.0,1,HDF (Heat Dissipation),0,1,0,0,0,5.3,72.0
7269,H17268,H,297.0,306.7,1168.0,43.9,77.0,0,No Failure,0,0,0,0,0,165.7,75.3
7270,L17269,L,299.0,309.2,1290.0,37.2,83.0,0,No Failure,0,0,0,0,0,165.0,75.0
7271,H17270,H,307.15,304.7,1355.0,28.8,86.0,0,No Failure,0,0,0,0,0,164.6,74.8
7272,H17271,H,299.9,310.9,1269.0,,91.0,1,PWF (Power Failure),0,0,1,0,0,0.9,69.7
7273,L17272,L,299.3,309.4,1197.0,46.0,96.0,0,No Failure,0,0,0,0,0,151.3,68.8
7274,L17273,L,298.7,309.0,1168.0,41.1,99.0,0,No Failure,0,0,0,0,0,152.0,69.1
7275,M17274,M,297.7,307.3,1270.0,,102.0,0,No Failure,0,0,0,0,0,146.9,66.8
7276,M17275,M,299.4,310.1,1219.0,31.7,106.0,0,No Failure,0,0,0,0,0,154.9,70.4
7277,L17276,L,298.4,309.7,1168.0,41.0,109.0,0,No Failure,0,0,0,0,0,145.2,66.0
7278,M17277,M,299.1,308.7,1472.0,40.8,112.0,0,No Failure,0,0,0,0,0,145.6,66.2
7279,M17278,M,302.9,313.7,1168.0,52.8,116.0,0,No Failure,0,0,0,0,0,135.3,61.5
7280,M17279,M,299.7,310.5,1168.0,48.5,120.0,0,No Failure,0,0,0,0,0,135.2,61.4
7281,M17280,M,300.3,310.7,1362.0,32.6,123.0,0,No Failure,0,0,0,0,0,143.8,65.4
7282,L17281,L,298.5,310.2,1227.0,45.0,126.0,0,No Failure,0,0,0,0,0,130.5,59.3
7283,L17282,L,298.0,307.3,1275.0,32.5,129.0,0,No Failure,0,0,0,0,0,132.7,60.3
7284,L17283,L,308.85,308.9,1627.0,13.9,132.0,1,PWF (Power Failure),0,0,1,0,0,1.2,58.6
7285,H17284,H,303.9,313.1,1192.0,57.3,134.0,0,No Failure,0,0,0,0,0,113.3,51.5
7286,H17285,H,298.9,309.6,1431.0,36.3,139.0,0,No Failure,0,0,0,0,0,133.2,60.6
7287,M17286,M,300.0,309.7,1168.0,50.4,145.0,0,No Failure,0,0,0,0,0,112.7,51.2
7288,L17287,L,297.9,307.2,1168.0,33.4,149.0,0,No Failure,0,0,0,0,0,116.9,53.1
7289,M17288,M,294.4,306.1,1168.0,31.9,151.0,0,No Failure,0,0,0,0,0,127.1,57.8
7290,L17289,L,298.0,309.8,1240.0,34.5,154.0,0,No Failure,0,0,0,0,0,120.4,54.7
7291,L17290,L,303.7,313.4,1201.0,42.5,,0,No Failure,0,0,0,0,0,107.6,48.9
7292,L17291,L,300.5,309.1,1287.0,41.8,159.0,0,No Failure,0,0,0,0,0,100.1,45.5
7293,H17292,H,302.4,314.3,1168.0,45.0,162.0,0,No Failure,0,0,0,0,0,111.7,50.8
7294,L17293,L,298.8,309.3,1222.0,35.0,168.0,0,No Failure,0,0,0,0,0,110.8,50.4
7295,M17294,M,303.86,305.6,1211.0,40.4,171.0,0,No Failure,0,0,0,0,0,106.8,48.5
7296,H17295,H,297.4,307.5,1294.0,31.6,175.0,0,No Failure,0,0,0,0,0,114.9,52.2
7297,M17296,M,300.1,309.3,1183.0,54.7,181.0,0,No Failure,0,0,0,0,0,77.1,35.0
7298,L17297,L,299.8,309.4,1270.0,26.9,185.0,0,No Failure,0,0,0,0,0,99.5,45.2
7299,H17298,H,299.4,310.1,1275.0,31.8,188.0,0,No Failure,0,0,0,0,0,106.9,48.6
7300,M17299,M,298.5,308.1,1213.0,35.8,193.0,0,No Failure,0,0,0,0,0,92.9,42.2
7301,L17300,L,301.1,311.5,1168.0,63.9,196.0,1,OSF (Overstrain Failure),0,0,0,1,0,6.6,26.6
7302,M17301,M,298.5,308.5,1204.0,47.7,198.0,0,No Failure,0,0,0,0,0,80.9,36.8
7303,H17302,H,300.0,308.9,1168.0,31.5,202.0,0,No Failure,0,0,0,0,0,86.7,39.4
7304,L17303,L,299.8,311.4,1168.0,48.2,208.0,0,No Failure,0,0,0,0,0,68.3,31.1
7305,M17304,M,298.8,309.4,1173.0,45.2,210.0,0,No Failure,0,0,0,0,0,75.4,34.3
7306,L17305,L,297.9,308.2,1168.0,42.7,213.0,1,TWF (Tool Wear Failure),1,0,0,0,0,2.4,32.6
7307,L17306,L,298.7,309.3,1168.0,47.0,216.0,0,No Failure,0,0,0,0,0,64.0,29.1
7308,M17307,M,302.8,311.0,1248.0,40.6,218.0,1,HDF (Heat Dissipation),0,1,0,0,0,6.9,27.0
7309,L17308,L,301.4,310.9,1326.0,-0.68,222.0,1,TWF (Tool Wear Failure),1,0,0,0,0,1.7,29.1
7310,L17309,L,301.3,309.8,1334.0,24.5,0.0,1,HDF (Heat Dissipation),0,1,1,0,0,5.2,91.8
7311,L17310,L,298.0,308.1,1168.0,54.4,3.0,0,No Failure,0,0,0,0,0,217.7,99.0
7312,L17311,L,296.9,307.2,1358.0,35.5,5.0,0,No Failure,0,0,0,0,0,216.7,98.5
7313,L17312,L,301.4,311.5,1573.0,27.6,7.0,0,No Failure,0,0,0,0,0,215.8,98.1
7314,M17313,M,301.1,312.3,1249.0,35.0,9.0,0,No Failure,0,0,0,0,0,214.3,97.4
7315,L17314,L,299.7,308.2,1731.21,35.4,13.0,1,HDF (Heat Dissipation),0,1,0,0,0,3.5,88.6
7316,L17315,L,298.8,308.0,1168.0,,16.0,0,No Failure,0,0,0,0,0,201.1,91.4
7317,H17316,H,296.8,307.2,1168.0,47.8,19.0,0,No Failure,0,0,0,0,0,207.0,94.1
7318,H17317,H,301.0,311.3,1168.0,49.7,25.0,0,No Failure,0,0,0,0,0,202.7,92.1
7319,L17318,L,301.6,310.3,1441.0,20.4,31.0,1,PWF (Power Failure),0,0,1,0,0,6.6,82.8
7320,L17319,L,298.3,309.5,1337.0,34.9,33.0,0,No Failure,0,0,0,0,0,198.6,90.3
7321,L17320,L,298.1,309.6,1358.0,35.6,35.0,0,No Failure,0,0,0,0,0,197.1,89.6
7322,L17321,L,301.7,312.1,1168.0,38.3,38.0,0,No Failure,0,0,0,0,0,194.5,88.4
7323,L17322,L,298.3,306.8,1168.0,57.1,40.0,1,HDF (Heat Dissipation),0,1,0,0,0,4.7,78.3
7324,H17323,H,302.7,312.9,1227.0,-16.71,43.0,0,No Failure,0,0,0,0,0,194.1,88.2
7325,M17324,M,299.3,309.6,1168.0,55.6,48.0,0,No Failure,0,0,0,0,0,184.2,83.7
7326,L17325,L,298.8,308.5,1168.0,38.5,51.0,0,No Failure,0,0,0,0,0,182.5,82.9
7327,H17326,H,299.6,310.9,1239.0,55.7,54.0,0,No Failure,0,0,0,0,0,181.0,82.3
7328,L17327,L,298.8,308.7,1316.0,36.9,60.0,0,No Failure,0,0,0,0,0,179.7,81.7
7329,L17328,L,301.5,313.6,1168.0,35.7,63.0,0,No Failure,0,0,0,0,0,178.8,81.3
7330,L17329,L,301.1,311.9,1168.0,39.8,66.0,0,No Failure,0,0,0,0,0,175.2,79.6
7331,L17330,L,301.5,311.8,1201.0,52.9,69.0,0,No Failure,0,0,0,0,0,167.7,76.2
7332,H17331,H,299.8,310.7,1168.0,41.6,71.0,0,No Failure,0,0,0,0,0,173.8,79.0
7333,L17332,L,298.7,310.2,1168.0,42.1,77.0,0,No Failure,0,0,0,0,0,166.7,75.8
7334,M17333,M,299.5,310.4,1168.0,46.4,79.0,0,No Failure,0,0,0,0,0,165.1,75.0
7335,L17334,L,298.7,308.6,1383.0,31.2,83.0,0,No Failure,0,0,0,0,0,167.6,76.2
7336,H17335,H,302.2,311.5,1168.0,43.4,86.0,0,No Failure,0,0,0,0,0,155.5,70.7
7337,M17336,M,301.3,310.2,1168.0,33.7,91.0,0,No Failure,0,0,0,0,0,151.0,68.6
7338,L17337,L,299.4,307.0,1168.0,54.7,94.0,1,HDF (Heat Dissipation),0,1,0,0,0,5.5,55.2
7339,L17338,L,297.9,308.1,1168.0,44.2,97.0,0,No Failure,0,0,0,0,0,151.6,68.9
7340,H17339,H,302.3,311.9,1168.0,46.9,99.0,0,No Failure,0,0,0,0,0,148.5,67.5
7341,M17340,M,299.8,309.5,1516.0,19.6,104.0,1,PWF (Power Failure),0,0,1,0,0,2.1,65.5
7342,L17341,L,299.3,310.3,1168.0,47.1,108.0,0,No Failure,0,0,0,0,0,142.0,64.5
7343,H17342,H,302.3,312.2,1168.0,38.2,111.0,0,No Failure,0,0,0,0,0,148.5,67.5
7344,L17343,L,298.6,310.5,1372.0,25.6,116.0,0,No Failure,0,0,0,0,0,147.8,67.2
7345,L17344,L,290.66,308.4,1241.0,40.9,118.0,0,No Failure,0,0,0,0,0,133.6,60.7
7346,M17345,M,299.1,308.1,1264.0,24.8,121.0,1,PWF (Power Failure),0,0,1,0,0,2.6,58.1
7347,L17346,L,297.2,305.9,1168.0,46.1,124.0,0,No Failure,0,0,0,0,0,116.8,53.1
7348,L17347,L,300.1,310.8,1168.0,54.3,127.0,0,No Failure,0,0,0,0,0,122.7,55.8
7349,L17348,L,298.2,309.4,888.66,22.1,130.0,1,PWF (Power Failure),0,0,1,0,0,3.5,59.0
7350,L17349,L,308.07,307.9,1310.0,39.7,132.0,0,No Failure,0,0,0,0,0,126.8,57.6
7351,L17350,L,298.3,307.2,1168.0,38.4,135.0,0,No Failure,0,0,0,0,0,117.4,53.4
7352,L17351,L,298.5,310.0,1256.0,20.1,138.0,1,PWF (Power Failure),0,0,1,0,0,4.9,54.8
7353,H17352,H,298.1,306.6,1168.0,49.2,141.0,1,HDF (Heat Dissipation),0,1,0,0,0,4.5,48.3
7354,M17353,M,300.0,311.0,1168.0,46.3,147.0,0,No Failure,0,0,0,0,0,117.9,53.6
7355,L17354,L,299.3,308.7,1168.0,60.3,150.0,0,No Failure,0,0,0,0,0,93.1,42.3
7356,L17355,L,299.7,310.1,1168.0,45.0,152.0,0,No Failure,0,0,0,0,0,112.1,50.9
7357,M17356,M,303.8,314.9,1290.0,31.2,155.0,0,No Failure,0,0,0,0,0,125.2,56.9
7358,L17357,L,299.3,309.8,1168.0,45.1,158.0,0,No Failure,0,0,0,0,0,107.7,49.0
7359,L17358,L,300.7,310.4,1168.0,52.8,160.0,0,No Failure,0,0,0,0,0,95.6,43.5
7360,M17359,M,300.9,312.3,1188.0,35.4,163.0,0,No Failure,0,0,0,0,0,116.5,53.0
7361,L17360,L,299.5,309.8,580.57,48.5,167.0,0,No Failure,0,0,0,0,0,97.9,44.5
7362,M17361,M,300.1,313.8,1419.0,16.5,170.0,1,PWF (Power Failure),0,0,1,0,0,5.5,49.0
7363,H17362,H,299.6,307.9,1215.0,54.8,173.0,1,HDF (Heat Dissipation),0,1,0,0,0,8.0,35.5
7364,H17363,H,300.0,308.3,1168.0,48.0,179.0,1,HDF (Heat Dissipation),0,1,0,0,0,6.5,35.9
7365,L17364,L,298.5,309.5,1499.0,14.6,,1,PWF (Power Failure),0,0,1,0,0,2.6,45.6
7366,L17365,L,298.7,308.7,1290.0,43.8,187.0,0,No Failure,0,0,0,0,0,88.6,40.3
7367,L17366,L,299.6,310.4,1575.0,20.1,189.0,1,PWF (Power Failure),0,0,1,0,0,3.4,45.8
7368,M17367,M,296.1,305.0,1338.0,33.9,-92.59,0,No Failure,0,0,0,0,0,94.9,43.1
7369,H17368,H,302.3,312.4,1168.0,46.8,195.0,0,No Failure,0,0,0,0,0,87.9,39.9
7370,H17369,H,303.5,314.0,1181.0,38.6,201.0,0,No Failure,0,0,0,0,0,92.2,41.9
7371,L17370,L,299.9,309.4,,52.6,207.0,0,No Failure,0,0,0,0,0,58.1,26.4
7372,H17371,H,300.8,311.0,1217.0,40.6,210.0,0,No Failure,0,0,0,0,0,84.3,38.3
7373,M17372,M,301.6,310.2,1408.0,39.6,0.0,0,No Failure,0,0,0,0,0,217.4,98.8
7374,H17373,H,297.2,307.6,1168.0,51.0,3.0,0,No Failure,0,0,0,0,0,217.9,99.0
7375,M17374,M,301.3,312.7,1326.0,36.6,9.0,0,No Failure,0,0,0,0,0,214.2,97.4
7376,L17375,L,298.9,307.7,1431.0,39.7,12.0,0,No Failure,0,0,0,0,0,210.9,95.8
7377,L17376,L,303.8,312.5,1343.0,,14.0,0,No Failure,0,0,0,0,0,204.3,92.8
7378,H17377,H,299.3,310.5,1224.0,39.3,17.0,0,No Failure,0,0,0,0,0,209.1,95.1
7379,L17378,L,301.3,310.0,1272.0,51.6,23.0,0,No Failure,0,0,0,0,0,192.6,87.5
7380,L17379,L,299.3,310.1,1204.0,33.3,26.0,0,No Failure,0,0,0,0,0,203.4,92.4
7381,L17380,L,303.6,313.7,1191.0,31.7,29.0,0,No Failure,0,0,0,0,0,201.7,91.7
7382,L17381,L,298.7,308.3,1454.0,29.4,32.0,0,No Failure,0,0,0,0,0,200.3,91.0
7383,H17382,H,301.7,313.2,1622.0,18.6,34.0,1,PWF (Power Failure),0,0,1,0,0,5.9,83.7
7384,L17383,L,300.8,311.7,1177.0,54.8,40.0,0,No Failure,0,0,0,0,0,189.2,86.0
7385,L17384,L,300.4,310.7,1259.0,31.0,42.0,0,No Failure,0,0,0,0,0,193.7,88.0
7386,M17385,M,300.1,307.9,1168.0,37.6,44.0,1,HDF (Heat Dissipation),0,1,0,0,0,3.0,76.1
7387,M17386,M,298.5,309.2,1168.0,55.6,48.0,0,No Failure,0,0,0,0,0,184.2,83.7
7388,L17387,L,295.0,303.9,1209.0,38.6,52.0,0,No Failure,0,0,0,0,0,173.4,78.8
7389,L17388,L,301.6,311.4,1211.0,45.1,54.0,0,No Failure,0,0,0,0,0,179.5,81.6
7390,L17389,L,298.8,308.8,1331.0,25.8,57.0,0,No Failure,0,0,0,0,0,180.5,82.0
7391,L17390,L,301.8,313.7,1168.0,54.0,60.0,0,No Failure,0,0,0,0,0,174.2,79.2
7392,L17391,L,300.3,310.0,1168.0,38.8,62.0,0,No Failure,0,0,0,0,0,175.0,79.5
7393,L17392,L,301.8,310.4,1280.0,29.8,64.0,1,HDF (Heat Dissipation),0,1,0,0,0,3.0,77.2
7394,M17393,M,301.1,312.6,1252.0,29.8,66.0,0,No Failure,0,0,0,0,0,180.1,81.9
7395,H17394,H,295.2,305.9,1230.0,56.9,69.0,0,No Failure,0,0,0,0,0,169.7,77.1
7396,H17395,H,300.8,311.6,1359.0,34.1,74.0,0,No Failure,0,0,0,0,0,174.6,79.4
7397,L17396,L,288.49,310.6,,-22.14,79.0,0,No Failure,0,0,0,0,0,171.0,77.7
7398,L17397,L,301.8,313.5,1168.0,35.7,82.0,0,No Failure,0,0,0,0,0,166.4,75.6
7399,H17398,H,300.8,309.9,1201.0,40.5,84.0,0,No Failure,0,0,0,0,0,155.9,70.9
7400,M17399,M,300.8,309.4,1305.0,41.5,89.0,1,HDF (Heat Dissipation),0,1,0,0,0,7.8,68.9
7401,M17400,M,299.2,310.0,1393.0,44.4,93.0,0,No Failure,0,0,0,0,0,156.4,71.1
7402,L17401,L,298.1,307.8,1302.0,42.3,96.0,0,No Failure,0,0,0,0,0,151.4,68.8
7403,L17402,L,298.9,308.7,1219.0,46.5,98.0,0,No Failure,0,0,0,0,0,147.5,67.0
7404,M17403,M,296.5,305.4,1168.0,37.3,101.0,0,No Failure,0,0,0,0,0,142.7,64.9
7405,M17404,M,298.7,309.3,1235.0,60.7,105.0,0,No Failure,0,0,0,0,0,138.7,63.1
7406,L17405,L,297.1,307.5,1232.0,35.1,108.0,0,No Failure,0,0,0,0,0,149.7,68.1
7407,H17406,H,297.1,306.9,1168.0,53.5,110.0,0,No Failure,0,0,0,0,0,139.5,63.4
7408,M17407,M,299.9,308.5,1201.0,34.0,116.0,0,No Failure,0,0,0,0,0,131.9,60.0
7409,M17408,M,300.7,311.9,1651.0,25.7,120.0,0,No Failure,0,0,0,0,0,150.2,68.3
7410,L17409,L,299.7,310.0,1343.0,23.3,123.0,1,PWF (Power Failure),0,0,1,0,0,0.6,61.0
7411,M17410,M,298.8,309.9,1231.0,43.0,126.0,0,No Failure,0,0,0,0,0,134.8,61.3
7412,M17411,M,298.0,305.9,1168.0,51.6,130.0,1,HDF (Heat Dissipation),0,1,0,0,0,6.1,46.7
7413,L17412,L,309.93,309.3,1306.0,28.5,133.0,0,No Failure,0,0,0,0,0,138.7,63.1
7414,M17413,M,298.3,307.6,1168.0,31.2,135.0,0,No Failure,0,0,0,0,0,129.7,59.0
7415,M17414,M,299.6,309.6,1168.0,43.9,138.0,0,No Failure,0,0,0,0,0,126.0,57.3
7416,H17415,H,297.0,307.9,,40.0,141.0,0,No Failure,0,0,0,0,0,129.3,58.8
7417,L17416,L,301.0,311.4,1306.0,34.1,146.0,0,No Failure,0,0,0,0,0,125.9,57.2
7418,H17417,H,298.7,308.7,1463.0,27.2,148.0,0,No Failure,0,0,0,0,0,134.4,61.1
7419,L17418,L,300.4,310.4,1192.0,43.1,153.0,0,No Failure,0,0,0,0,0,113.1,51.4
7420,L17419,L,301.4,309.8,1168.0,46.5,156.0,1,HDF (Heat Dissipation),0,1,0,0,0,1.8,41.0
7421,L17420,L,300.4,309.5,1168.0,44.9,158.0,0,No Failure,0,0,0,0,0,98.0,44.6
7422,L17421,L,301.2,300.14,1168.0,40.3,161.0,0,No Failure,0,0,0,0,0,110.2,50.1
7423,L17422,L,296.0,295.34,1286.0,29.4,163.0,0,No Failure,0,0,0,0,0,115.9,52.7
7424,L17423,L,298.9,310.0,1168.0,43.1,166.0,0,No Failure,0,0,0,0,0,104.0,47.3
7425,M17424,M,301.8,312.6,1168.0,42.4,168.0,0,No Failure,0,0,0,0,0,106.9,48.6
7426,L17425,L,300.7,311.6,1523.0,26.9,171.0,0,No Failure,0,0,0,0,0,117.2,53.3
7427,H17426,H,303.1,313.4,1168.0,37.0,174.0,0,No Failure,0,0,0,0,0,110.8,50.3
7428,L17427,L,302.9,312.5,1168.0,43.7,179.0,0,No Failure,0,0,0,0,0,89.9,40.9
7429,M17428,M,300.3,310.1,1181.0,39.2,181.0,0,No Failure,0,0,0,0,0,99.1,45.1
7430,H17429,H,299.3,309.9,1554.0,20.4,184.0,1,PWF (Power Failure),0,0,1,0,0,2.2,48.5
7431,H17430,H,298.1,306.0,1168.0,33.6,190.0,1,HDF (Heat Dissipation),0,1,0,0,0,1.0,36.8
7432,M17431,M,298.9,310.1,1327.0,32.9,195.0,0,No Failure,0,0,0,0,0,98.9,45.0
7433,M17432,M,299.1,308.6,1168.0,45.6,199.0,0,No Failure,0,0,0,0,0,77.0,35.0
7434,L17433,L,298.7,308.6,1168.0,66.0,203.0,1,OSF (Overstrain Failure),0,0,0,1,0,6.8,24.4
7435,L17434,L,,308.1,1274.0,41.3,206.0,0,No Failure,0,0,0,0,0,77.5,35.2
7436,L17435,L,300.5,310.5,1409.0,28.0,209.0,0,No Failure,0,0,0,0,0,92.9,42.2
7437,L17436,L,302.9,311.6,1168.0,38.4,211.0,0,No Failure,0,0,0,0,0,64.2,29.2
7438,L17437,L,301.5,311.7,1168.0,40.1,213.0,0,No Failure,0,0,0,0,0,75.0,34.1
7439,L17438,L,299.2,309.8,1213.0,47.6,216.0,0,No Failure,0,0,0,0,0,63.3,28.8
7440,H17439,H,301.6,309.6,1263.0,52.4,218.0,1,HDF (Heat Dissipation),1,1,0,0,0,4.3,22.6
7441,H17440,H,300.4,309.1,1193.0,53.9,0.0,0,No Failure,0,0,0,0,0,205.7,93.5
7442,H17441,H,299.8,310.7,1211.0,45.4,5.0,0,No Failure,0,0,0,0,0,216.6,98.5
7443,M17442,M,299.6,310.3,809.21,40.0,10.0,0,No Failure,0,0,0,0,0,213.4,97.0
7444,L17443,L,299.5,309.8,1168.0,54.8,13.0,0,No Failure,0,0,0,0,0,210.0,95.5
7445,L17444,L,301.0,310.3,1168.0,36.5,16.0,0,No Failure,0,0,0,0,0,201.8,91.7
7446,M17445,M,300.1,310.8,1168.0,40.5,18.0,0,No Failure,0,0,0,0,0,208.1,94.6
7447,M17446,M,298.5,307.3,1353.0,37.6,22.0,0,No Failure,0,0,0,0,0,200.6,91.2
7448,L17447,L,298.4,308.3,1127.28,18.7,26.0,1,PWF (Power Failure),0,0,1,0,0,4.9,87.4
7449,L17448,L,300.4,309.1,1168.0,52.7,28.0,0,No Failure,0,0,0,0,0,184.5,83.9
7450,L17449,L,300.6,310.4,1168.0,46.8,30.0,0,No Failure,0,0,0,0,0,196.2,89.2
7451,L17450,L,299.3,308.3,1742.0,16.3,32.0,1,PWF (Power Failure),0,0,1,0,0,0.7,82.2
7452,L17451,L,297.8,308.6,1168.0,50.0,34.0,0,No Failure,0,0,0,0,0,194.8,88.6
7453,L17452,L,302.1,312.5,1299.0,37.0,37.0,0,No Failure,0,0,0,0,0,195.5,88.9
7454,M17453,M,301.7,311.1,1168.0,49.9,39.0,0,No Failure,0,0,0,0,0,185.5,84.3
7455,H17454,H,296.3,307.4,1168.0,40.8,42.0,0,No Failure,0,0,0,0,0,192.8,87.6
7456,M17455,M,302.3,311.3,1405.0,26.4,47.0,0,No Failure,0,0,0,0,0,190.5,86.6
7457,M17456,M,299.5,309.5,1168.0,40.3,51.0,0,No Failure,0,0,0,0,0,186.3,84.7
7458,H17457,H,300.2,309.6,1275.0,31.0,55.0,0,No Failure,0,0,0,0,0,182.5,83.0
7459,L17458,L,301.9,312.6,1407.0,27.8,60.0,0,No Failure,0,0,0,0,0,183.6,83.5
7460,M17459,M,302.9,313.5,1303.0,48.7,62.0,0,No Failure,0,0,0,0,0,176.1,80.1
7461,L17460,L,301.7,,1262.0,43.9,66.0,0,No Failure,0,0,0,0,0,173.6,78.9
7462,M17461,M,300.3,310.4,1320.0,55.0,69.0,0,No Failure,0,0,0,0,0,168.8,76.7
7463,L17462,L,297.4,304.4,1293.0,36.1,73.0,1,HDF (Heat Dissipation),0,1,0,0,0,0.6,68.8
7464,H17463,H,296.2,305.8,1258.0,30.4,75.0,0,No Failure,0,0,0,0,0,172.0,78.2
7465,H17464,H,301.5,313.1,1168.0,46.4,81.0,0,No Failure,0,0,0,0,0,165.3,75.1
7466,L17465,L,,312.0,1656.52,31.7,86.0,0,No Failure,0,0,0,0,0,162.5,73.9
7467,L17466,L,298.4,306.5,1434.0,36.9,89.0,0,No Failure,0,0,0,0,0,159.8,72.6
7468,L17467,L,299.4,309.8,1168.0,45.3,91.0,0,No Failure,0,0,0,0,0,155.2,70.6
7469,M17468,M,298.9,309.4,1168.0,38.7,94.0,0,No Failure,0,0,0,0,0,158.6,72.1
7470,M17469,M,298.9,308.2,1168.0,35.1,97.0,0,No Failure,0,0,0,0,0,150.9,68.6
7471,L17470,L,301.8,311.6,1567.0,26.0,101.0,0,No Failure,0,0,0,0,0,159.8,72.6
7472,H17471,H,300.3,309.5,1168.0,49.4,103.0,0,No Failure,0,0,0,0,0,140.0,63.7
7473,L17472,L,299.5,310.0,1168.0,36.3,108.0,0,No Failure,0,0,0,0,0,149.0,67.7
7474,L17473,L,304.7,326.07,1244.0,46.2,110.0,0,No Failure,0,0,0,0,0,141.1,64.1
7475,L17474,L,297.3,306.1,1168.0,44.9,113.0,0,No Failure,0,0,0,0,0,126.6,57.6
7476,M17475,M,300.9,310.9,1312.0,50.9,115.0,0,No Failure,0,0,0,0,0,137.2,62.4
7477,L17476,L,298.0,307.3,1168.0,37.6,118.0,0,No Failure,0,0,0,0,0,133.8,60.8
7478,L17477,L,299.6,311.1,1194.0,36.5,120.0,0,No Failure,0,0,0,0,0,140.9,64.1
7479,L17478,L,300.2,311.1,1254.0,28.9,122.0,0,No Failure,0,0,0,0,0,145.0,65.9
7480,H17479,H,301.5,311.4,1168.0,34.6,124.0,0,No Failure,0,0,0,0,0,142.6,64.8
7481,M17480,M,299.5,309.6,1168.0,43.4,129.0,0,No Failure,0,0,0,0,0,132.4,60.2
7482,H17481,H,299.3,310.3,1168.0,31.8,133.0,0,No Failure,0,0,0,0,0,140.0,63.6
7483,M17482,M,299.4,309.2,1168.0,43.2,138.0,0,No Failure,0,0,0,0,0,124.3,56.5
7484,M17483,M,298.0,308.8,1348.0,54.7,142.0,0,No Failure,0,0,0,0,0,114.8,52.2
7485,L17484,L,301.1,312.6,1168.0,35.5,146.0,0,No Failure,0,0,0,0,0,124.7,56.7
7486,M17485,M,300.5,310.0,1168.0,26.9,148.0,1,PWF (Power Failure),0,0,1,0,0,1.5,51.6
7487,L17486,L,300.7,312.3,1168.0,35.9,,0,No Failure,0,0,0,0,0,121.0,55.0
7488,L17487,L,299.8,311.2,1331.0,25.8,154.0,0,No Failure,0,0,0,0,0,122.8,55.8
7489,L17488,L,299.6,309.8,1168.0,53.3,157.0,0,No Failure,0,0,0,0,0,100.7,45.8
7490,L17489,L,302.1,311.7,1168.0,40.8,160.0,0,No Failure,0,0,0,0,0,106.0,48.2
7491,H17490,H,301.8,312.0,1462.0,32.7,163.0,0,No Failure,0,0,0,0,0,121.2,55.1
7492,H17491,H,302.5,312.3,1266.0,34.4,168.0,0,No Failure,0,0,0,0,0,115.1,52.3
7493,M17492,M,300.6,309.8,1329.0,28.2,173.0,0,No Failure,0,0,0,0,0,112.8,51.3
7494,L17493,L,302.4,312.9,1168.0,50.1,176.0,0,No Failure,0,0,0,0,0,89.7,40.8
7495,H17494,H,299.2,308.2,1168.0,58.4,178.0,0,No Failure,0,0,0,0,0,77.9,35.4
7496,M17495,M,299.6,309.3,1303.0,25.1,183.0,1,PWF (Power Failure),0,0,1,0,0,1.0,46.3
7497,L17496,L,302.1,311.8,1227.0,50.4,186.0,0,No Failure,0,0,0,0,0,79.0,35.9
7498,M17497,M,301.5,310.1,841.7,37.5,189.0,0,No Failure,0,0,0,0,0,95.9,43.6
7499,M17498,M,299.5,310.2,1168.0,52.7,193.0,0,No Failure,0,0,0,0,0,79.1,36.0
7500,L17499,L,298.1,307.9,1345.0,21.7,196.0,1,PWF (Power Failure),0,0,1,0,0,6.9,39.5
7501,M17500,M,299.6,310.9,1168.0,42.3,198.0,0,No Failure,0,0,0,0,0,86.8,39.5
7502,M17501,M,298.8,308.6,1375.0,35.9,201.0,0,No Failure,0,0,0,0,0,91.2,41.5
7503,L17502,L,303.1,312.7,1168.0,46.6,204.0,0,No Failure,0,0,0,0,0,68.8,31.3
7504,L17503,L,301.4,310.5,1178.0,40.6,206.0,0,No Failure,0,0,0,0,0,69.3,31.5
7505,M17504,M,298.6,308.6,1247.0,40.2,209.0,1,TWF (Tool Wear Failure),1,0,0,0,0,4.3,37.2
7506,M17505,M,298.1,308.1,1448.0,38.9,213.0,0,No Failure,0,0,0,0,0,80.7,36.7
7507,H17506,H,298.6,309.3,1231.0,55.6,217.0,1,TWF (Tool Wear Failure),1,0,0,0,0,2.2,28.8
7508,H17507,H,299.0,309.1,1168.0,38.3,223.0,0,No Failure,0,0,0,0,0,78.5,35.7
7509,M17508,M,299.7,311.8,1168.0,48.6,228.0,1,TWF (Tool Wear Failure),1,0,0,0,0,6.9,26.7
7510,M17509,M,302.0,312.5,1179.0,46.3,231.0,0,No Failure,0,0,0,0,0,59.5,27.1
7511,M17510,M,298.3,307.3,1168.0,48.9,0.0,0,No Failure,0,0,0,0,0,209.0,95.0
7512,M17511,M,304.2,313.1,1186.0,29.9,4.0,0,No Failure,0,0,0,0,0,203.1,92.3
7513,L17512,L,298.3,308.8,1168.0,47.1,8.0,0,No Failure,0,0,0,0,0,214.2,97.4
7514,M17513,M,297.5,306.5,1168.0,43.4,11.0,0,No Failure,0,0,0,0,0,201.5,91.6
7515,M17514,M,303.1,313.7,1210.0,28.1,15.0,0,No Failure,0,0,0,0,0,204.5,93.0
7516,M17515,M,302.4,313.3,1222.0,37.9,18.0,0,No Failure,0,0,0,0,0,208.3,94.7
7517,H17516,H,299.7,310.6,1168.0,62.9,22.0,0,No Failure,0,0,0,0,0,203.3,92.4
7518,M17517,M,289.32,309.8,1168.0,36.1,27.0,0,No Failure,0,0,0,0,0,192.9,87.7
7519,L17518,L,300.8,311.7,1342.0,36.3,31.0,0,No Failure,0,0,0,0,0,199.6,90.7
7520,L17519,L,300.3,,1168.0,44.5,33.0,0,No Failure,0,0,0,0,0,196.7,89.4
7521,L17520,L,297.7,307.1,1264.0,34.6,36.0,0,No Failure,0,0,0,0,0,191.8,87.2
7522,L17521,L,295.6,305.4,1188.0,41.4,39.0,0,No Failure,0,0,0,0,0,191.0,86.8
7523,L17522,L,298.5,309.0,1168.0,35.5,41.0,0,No Failure,0,0,0,0,0,193.2,87.8
7524,L17523,L,303.3,312.6,1319.0,44.0,44.0,0,No Failure,0,0,0,0,0,185.0,84.1
7525,L17524,L,303.4,313.7,1406.0,39.4,347.68,0,No Failure,0,0,0,0,0,188.9,85.9
7526,L17525,L,299.6,311.0,1252.0,59.5,337.41,0,No Failure,0,0,0,0,0,180.9,82.2
7527,M17526,M,298.4,309.4,1168.0,40.5,51.0,0,No Failure,0,0,0,0,0,186.2,84.6
7528,M17527,M,300.6,310.7,1168.0,37.8,54.0,0,No Failure,0,0,0,0,0,185.0,84.1
7529,L17528,L,300.9,311.1,1212.0,50.3,58.0,0,No Failure,0,0,0,0,0,177.0,80.4
7530,L17529,L,301.2,310.7,1283.0,26.1,60.0,0,No Failure,0,0,0,0,0,172.5,78.4
7531,L17530,L,295.5,305.0,1168.0,56.9,62.0,0,No Failure,0,0,0,0,0,166.1,75.5
7532,L17531,L,305.8,314.3,1168.0,30.1,64.0,1,HDF (Heat Dissipation),0,1,0,0,0,2.7,73.0
7533,L17532,L,302.1,312.4,1168.0,51.9,66.0,0,No Failure,0,0,0,0,0,170.4,77.5
7534,L17533,L,299.7,310.4,1168.0,54.6,68.0,0,No Failure,0,0,0,0,0,167.8,76.3
7535,L17534,L,298.8,308.7,1168.0,34.7,,0,No Failure,0,0,0,0,0,172.9,78.6
7536,H17535,H,301.9,311.0,1388.0,35.7,73.0,0,No Failure,0,0,0,0,0,172.2,78.3
7537,M17536,M,301.0,311.1,1236.0,38.9,78.0,0,No Failure,0,0,0,0,0,169.0,76.8
7538,H17537,H,300.3,311.6,1168.0,46.2,81.0,0,No Failure,0,0,0,0,0,165.4,75.2
7539,L17538,L,300.9,311.8,1370.0,30.0,86.0,0,No Failure,0,0,0,0,0,166.7,75.8
7540,L17539,L,299.9,309.9,1179.0,38.9,88.0,0,No Failure,0,0,0,0,0,160.7,73.1
7541,H17540,H,300.8,312.8,1292.0,36.9,90.0,0,No Failure,0,0,0,0,0,163.5,74.3
7542,L17541,L,301.4,314.1,1327.0,28.5,96.0,0,No Failure,0,0,0,0,0,161.3,73.3
7543,M17542,M,300.7,310.2,1168.0,29.5,98.0,0,No Failure,0,0,0,0,0,150.2,68.3
7544,H17543,H,300.7,310.5,1262.0,41.3,101.0,0,No Failure,0,0,0,0,0,152.7,69.4
7545,M17544,M,302.6,313.3,1250.0,41.1,107.0,0,No Failure,0,0,0,0,0,148.7,67.6
7546,L17545,L,297.3,306.4,1291.0,32.4,111.0,0,No Failure,0,0,0,0,0,143.3,65.1
7547,M17546,M,298.7,309.5,1269.0,40.8,114.0,0,No Failure,0,0,0,0,0,144.3,65.6
7548,L17547,L,300.2,310.3,1492.0,33.5,118.0,0,No Failure,0,0,0,0,0,144.4,65.6
7549,L17548,L,298.8,309.2,785.49,-3.67,120.0,0,No Failure,0,0,0,0,0,129.0,58.6
7550,L17549,L,,308.8,1168.0,39.0,122.0,0,No Failure,0,0,0,0,0,131.2,59.6
7551,H17550,H,302.5,311.7,1210.0,51.0,124.0,0,No Failure,0,0,0,0,0,124.9,56.8
7552,M17551,M,299.9,307.9,1179.0,23.1,129.0,1,HDF (Heat Dissipation),0,1,1,0,0,7.9,46.8
7553,L17552,L,296.9,308.4,1246.0,43.2,132.0,0,No Failure,0,0,0,0,0,127.7,58.0
7554,L17553,L,299.4,310.3,1168.0,46.0,134.0,0,No Failure,0,0,0,0,0,124.1,56.4
7555,M17554,M,300.3,311.0,1406.0,38.6,136.0,0,No Failure,0,0,0,0,0,131.3,59.7
7556,H17555,H,300.2,310.5,1247.0,34.6,140.0,0,No Failure,0,0,0,0,0,133.8,60.8
7557,L17556,L,301.2,308.9,1168.0,38.5,145.0,1,HDF (Heat Dissipation),0,1,0,0,0,1.7,44.3
7558,L17557,L,301.0,310.2,1168.0,47.4,147.0,0,No Failure,0,0,0,0,0,104.7,47.6
7559,H17558,H,290.41,309.6,1168.0,27.9,149.0,1,PWF (Power Failure),0,0,1,0,0,0.3,54.3
7560,H17559,H,298.0,306.9,1168.0,47.0,155.0,0,No Failure,0,0,0,0,0,102.7,46.7
7561,H17560,H,299.4,307.7,1227.0,43.2,160.0,1,HDF (Heat Dissipation),0,1,0,0,0,2.0,44.5
7562,L17561,L,299.1,308.1,1175.0,37.4,165.0,0,No Failure,0,0,0,0,0,99.4,45.2
7563,L17562,L,299.7,309.7,1168.0,37.8,167.0,0,No Failure,0,0,0,0,0,108.6,49.4
7564,L17563,L,301.4,311.4,1236.0,40.6,170.0,0,No Failure,0,0,0,0,0,103.8,47.2
7565,L17564,L,300.9,311.8,1168.0,56.6,172.0,0,No Failure,0,0,0,0,0,85.9,39.0
7566,H17565,H,301.7,313.8,1206.0,43.5,174.0,0,No Failure,0,0,0,0,0,105.0,47.7
7567,L17566,L,299.5,310.2,1451.0,30.6,180.0,0,No Failure,0,0,0,0,0,107.8,49.0
7568,M17567,M,302.9,312.7,1168.0,35.6,183.0,0,No Failure,0,0,0,0,0,101.4,46.1
7569,H17568,H,301.4,313.2,1168.0,28.6,187.0,1,PWF (Power Failure),0,0,1,0,0,2.3,46.5
7570,H17569,H,300.4,308.8,1178.0,21.1,192.0,1,HDF (Heat Dissipation),0,1,1,0,0,5.9,34.3
7571,M17570,M,301.3,309.2,1270.0,28.4,198.0,1,HDF (Heat Dissipation),0,1,0,0,0,6.5,38.5
7572,H17571,H,299.0,308.1,1225.0,41.2,,0,No Failure,0,0,0,0,0,80.6,36.6
7573,L17572,L,296.4,307.2,1168.0,52.7,207.0,0,No Failure,0,0,0,0,0,63.5,28.8
7574,L17573,L,299.1,309.3,1168.0,50.0,209.0,0,No Failure,0,0,0,0,0,65.3,29.7
7575,L17574,L,,310.5,1239.0,28.4,211.0,1,TWF (Tool Wear Failure),1,0,0,0,0,5.6,35.4
7576,H17575,H,300.4,309.7,1273.0,32.0,213.0,0,No Failure,0,0,0,0,0,86.2,39.2
7577,H17576,H,300.0,308.8,1418.0,30.6,219.0,1,TWF (Tool Wear Failure),1,0,0,0,0,1.9,40.0
7578,L17577,L,290.26,307.5,1379.0,14.2,0.0,1,PWF (Power Failure),0,0,1,0,0,5.1,88.3
7579,L17578,L,296.7,308.3,1347.0,38.3,2.0,0,No Failure,0,0,0,0,0,218.7,99.4
7580,L17579,L,302.8,312.7,1168.0,48.0,5.0,0,No Failure,0,0,0,0,0,215.3,97.8
7581,L17580,L,299.9,311.7,1168.0,37.5,8.0,0,No Failure,0,0,0,0,0,214.7,97.6
7582,H17581,H,299.5,308.6,1388.0,27.3,10.0,0,No Failure,0,0,0,0,0,211.8,96.3
7583,L17582,L,299.0,309.5,1413.0,31.5,15.0,0,No Failure,0,0,0,0,0,210.6,95.7
7584,M17583,M,302.5,312.7,1168.0,36.7,18.0,0,No Failure,0,0,0,0,0,208.4,94.7
7585,M17584,M,301.8,312.7,1168.0,47.7,22.0,0,No Failure,0,0,0,0,0,204.5,93.0
7586,L17585,L,298.5,308.8,1219.0,38.2,25.0,0,No Failure,0,0,0,0,0,203.3,92.4
7587,L17586,L,302.4,313.4,1168.0,46.3,27.0,0,No Failure,0,0,0,0,0,200.6,91.2
7588,H17587,H,300.0,310.6,1441.0,39.2,29.0,0,No Failure,0,0,0,0,0,201.5,91.6
7589,M17588,M,299.2,308.1,1168.0,42.4,35.0,0,No Failure,0,0,0,0,0,184.3,83.8
7590,L17589,L,299.7,310.4,1342.0,30.6,38.0,0,No Failure,0,0,0,0,0,196.3,89.2
7591,L17590,L,298.9,308.8,1187.0,33.1,40.0,0,No Failure,0,0,0,0,0,193.4,87.9
7592,H17591,H,297.9,307.1,1209.0,27.4,43.0,1,PWF (Power Failure),0,0,1,0,0,5.7,80.7
7593,H17592,H,301.7,312.4,1168.0,46.0,49.0,0,No Failure,0,0,0,0,0,187.0,85.0
7594,H17593,H,299.9,310.8,,37.1,55.0,0,No Failure,0,0,0,0,0,185.4,84.3
7595,M17594,M,301.4,310.9,1742.0,4.0,60.0,1,PWF (Power Failure),0,0,1,0,0,5.3,77.4
7596,H17595,H,300.8,310.4,1168.0,44.8,64.0,0,No Failure,0,0,0,0,0,172.9,78.6
7597,L17596,L,301.3,309.9,1168.0,49.7,70.0,1,HDF (Heat Dissipation),0,1,0,0,0,2.5,69.5
7598,M17597,M,296.6,304.8,1168.0,31.9,72.0,1,HDF (Heat Dissipation),0,1,0,0,0,3.6,70.9
7599,L17598,L,298.7,308.5,1253.0,44.8,75.0,0,No Failure,0,0,0,0,0,165.1,75.0
7600,M17599,M,301.3,301.43,1333.0,37.9,78.0,0,No Failure,0,0,0,0,0,169.4,77.0
7601,H17600,H,298.0,307.4,1605.0,18.8,81.0,1,PWF (Power Failure),0,0,1,0,0,6.2,72.3
7602,H17601,H,301.0,312.4,1168.0,59.5,86.0,0,No Failure,0,0,0,0,0,156.2,71.0
7603,M17602,M,297.8,307.6,1260.0,38.0,92.0,0,No Failure,0,0,0,0,0,158.6,72.1
7604,M17603,M,300.3,310.1,1168.0,42.0,96.0,0,No Failure,0,0,0,0,0,153.4,69.7
7605,H17604,H,303.2,312.9,1278.0,33.8,99.0,0,No Failure,0,0,0,0,0,157.2,71.4
7606,H17605,H,301.7,312.7,1362.0,37.0,104.0,0,No Failure,0,0,0,0,0,154.7,70.3
7607,M17606,M,297.0,306.0,660.77,41.6,109.0,0,No Failure,0,0,0,0,0,137.8,62.6
7608,L17607,L,301.8,311.7,1298.0,29.6,113.0,0,No Failure,0,0,0,0,0,149.5,68.0
7609,L17608,L,303.6,313.1,1168.0,56.9,115.0,0,No Failure,0,0,0,0,0,124.6,56.7
7610,H17609,H,305.4,314.8,1168.0,48.4,118.0,0,No Failure,0,0,0,0,0,132.5,60.2
7611,M17610,M,301.2,311.2,1168.0,45.2,124.0,0,No Failure,0,0,0,0,0,134.6,61.2
7612,M17611,M,297.9,307.8,,38.6,127.0,0,No Failure,0,0,0,0,0,136.1,61.9
7613,M17612,M,301.1,312.2,1234.0,32.4,131.0,0,No Failure,0,0,0,0,0,139.0,63.2
7614,L17613,L,303.2,313.2,1168.0,50.3,134.0,0,No Failure,0,0,0,0,0,120.6,54.8
7615,L17614,L,300.0,310.6,1246.0,46.1,136.0,0,No Failure,0,0,0,0,0,122.5,55.7
7616,H17615,H,302.2,312.4,1229.0,36.0,138.0,0,No Failure,0,0,0,0,0,134.1,60.9
7617,L17616,L,298.8,310.2,1368.0,29.2,144.0,0,No Failure,0,0,0,0,0,131.4,59.7
7618,M17617,M,301.0,310.7,1186.0,24.2,146.0,1,PWF (Power Failure),0,0,1,0,0,8.0,50.5
7619,M17618,M,295.9,305.6,1168.0,40.3,150.0,0,No Failure,0,0,0,0,0,117.5,53.4
7620,H17619,H,298.6,309.3,1305.0,37.5,154.0,0,No Failure,0,0,0,0,0,122.9,55.9
7621,L17620,L,300.3,310.0,1168.0,51.9,159.0,0,No Failure,0,0,0,0,0,97.2,44.2
7622,M17621,M,299.7,310.2,1168.0,49.9,162.0,0,No Failure,0,0,0,0,0,104.3,47.4
7623,L17622,L,298.0,310.3,1289.0,40.4,166.0,0,No Failure,0,0,0,0,0,106.7,48.5
7624,L17623,L,299.5,308.5,1168.0,39.2,169.0,0,No Failure,0,0,0,0,0,94.9,43.1
7625,L17624,L,301.0,312.5,1168.0,28.5,172.0,1,PWF (Power Failure),0,0,1,0,0,3.2,48.3
7626,L17625,L,300.2,309.7,1168.0,50.6,175.0,0,No Failure,0,0,0,0,0,84.4,38.3
7627,H17626,H,300.5,311.8,1173.0,39.4,177.0,0,No Failure,0,0,0,0,0,106.7,48.5
7628,H17627,H,301.7,312.4,1168.0,46.1,182.0,0,No Failure,0,0,0,0,0,97.3,44.2
7629,L17628,L,299.8,310.4,1197.0,51.8,187.0,0,No Failure,0,0,0,0,0,79.6,36.2
7630,H17629,H,302.8,312.6,1192.0,34.3,-85.2,0,No Failure,0,0,0,0,0,101.1,46.0
7631,M17630,M,298.6,308.3,1423.0,31.7,196.0,0,No Failure,0,0,0,0,0,99.2,45.1
7632,M17631,M,303.9,313.2,1168.0,64.7,200.0,1,OSF (Overstrain Failure),0,0,0,1,0,2.3,24.2
7633,H17632,H,302.4,312.4,1168.0,45.9,203.0,0,No Failure,0,0,0,0,0,83.4,37.9
7634,M17633,M,299.8,309.6,1168.0,37.2,208.0,0,No Failure,0,0,0,0,0,83.7,38.1
7635,L17634,L,299.9,310.1,1221.0,52.4,211.0,1,OSF (Overstrain Failure),0,0,0,1,0,5.8,27.6
7636,L17635,L,,309.4,1168.0,36.9,0.0,1,HDF (Heat Dissipation),0,1,0,0,0,6.5,93.0
7637,L17636,L,301.5,311.5,1168.0,43.3,2.0,0,No Failure,0,0,0,0,0,218.6,99.4
7638,H17637,H,302.4,313.7,1248.0,34.3,4.0,0,No Failure,0,0,0,0,0,217.5,98.9
7639,M17638,M,298.0,308.9,1176.0,39.8,9.0,0,No Failure,0,0,0,0,0,214.1,97.3
7640,L17639,L,301.2,311.2,1168.0,37.3,13.0,0,No Failure,0,0,0,0,0,211.4,96.1
7641,L17640,L,296.6,309.2,1260.0,32.5,15.0,0,No Failure,0,0,0,0,0,210.5,95.7
7642,H17641,H,300.1,309.5,1185.0,42.4,18.0,0,No Failure,0,0,0,0,0,201.6,91.6
7643,L17642,L,303.0,312.9,1260.0,33.6,23.0,0,No Failure,0,0,0,0,0,204.4,92.9
7644,M17643,M,297.9,306.4,1411.0,-5.21,25.0,0,No Failure,0,0,0,0,0,200.1,91.0
7645,M17644,M,297.5,307.1,1209.0,37.0,28.0,0,No Failure,0,0,0,0,0,197.7,89.9
7646,L17645,L,300.8,312.6,1295.0,22.8,31.0,1,PWF (Power Failure),0,0,1,0,0,3.5,83.0
7647,L17646,L,302.9,312.5,1328.0,46.2,33.0,0,No Failure,0,0,0,0,0,194.2,88.3
7648,L17647,L,301.0,309.5,1278.0,46.4,36.0,1,HDF (Heat Dissipation),0,1,0,0,0,3.7,83.1
7649,L17648,L,297.0,307.9,1168.0,62.5,39.0,1,RNF (Random Failure),0,0,0,0,1,2.5,85.6
7650,M17649,M,297.4,307.8,1168.0,89.77,42.0,0,No Failure,0,0,0,0,0,192.2,87.4
7651,H17650,H,300.6,311.4,1312.0,41.8,45.0,0,No Failure,0,0,0,0,0,190.7,86.7
7652,L17651,L,298.3,320.53,1168.0,44.8,419.37,0,No Failure,0,0,0,0,0,181.3,82.4
7653,M17652,M,300.7,309.7,1272.0,50.2,52.0,0,No Failure,0,0,0,0,0,174.9,79.5
7654,L17653,L,300.8,310.6,1205.0,49.6,56.0,0,No Failure,0,0,0,0,0,176.5,80.2
7655,L17654,L,299.6,310.2,1168.0,43.2,59.0,0,No Failure,0,0,0,0,0,178.7,81.2
7656,M17655,M,303.7,313.6,1287.0,39.7,61.0,0,No Failure,0,0,0,0,0,179.1,81.4
7657,M17656,M,301.5,311.9,1213.0,48.4,65.0,0,No Failure,0,0,0,0,0,174.1,79.1
7658,M17657,M,302.6,312.1,1168.0,39.3,69.0,0,No Failure,0,0,0,0,0,169.2,76.9
7659,L17658,L,302.1,312.5,1421.0,27.1,72.0,0,No Failure,0,0,0,0,0,176.6,80.3
7660,M17659,M,300.2,310.2,1450.0,25.0,74.0,0,No Failure,0,0,0,0,0,177.2,80.5
7661,L17660,L,300.1,309.4,1190.0,37.1,77.0,0,No Failure,0,0,0,0,0,161.3,73.3
7662,H17661,H,299.9,310.0,1168.0,41.2,80.0,0,No Failure,0,0,0,0,0,168.1,76.4
7663,M17662,M,301.7,311.3,1227.0,64.7,85.0,0,No Failure,0,0,0,0,0,148.4,67.5
7664,H17663,H,299.3,309.9,1250.0,38.8,88.0,0,No Failure,0,0,0,0,0,163.9,74.5
7665,L17664,L,303.6,314.5,1396.0,40.5,94.0,0,No Failure,0,0,0,0,0,155.8,70.8
7666,L17665,L,299.1,309.6,1180.0,36.0,97.0,0,No Failure,0,0,0,0,0,156.4,71.1
7667,M17666,M,300.9,309.3,1181.0,46.2,100.0,1,HDF (Heat Dissipation),0,1,0,0,0,5.6,60.5
7668,L17667,L,300.1,309.1,1168.0,42.8,104.0,0,No Failure,0,0,0,0,0,136.5,62.1
7669,M17668,M,299.7,309.1,1311.0,33.6,-245.58,0,No Failure,0,0,0,0,0,150.1,68.2
7670,M17669,M,304.4,313.6,1168.0,29.9,110.0,0,No Failure,0,0,0,0,0,140.8,64.0
7671,H17670,H,299.7,309.2,1198.0,36.0,114.0,0,No Failure,0,0,0,0,0,143.5,65.2
7672,L17671,L,300.0,310.9,1403.0,31.6,120.0,0,No Failure,0,0,0,0,0,144.4,65.7
7673,H17672,H,299.3,310.0,1211.0,37.7,122.0,0,No Failure,0,0,0,0,0,143.0,65.0
7674,L17673,L,300.6,310.2,1168.0,41.4,127.0,0,No Failure,0,0,0,0,0,128.2,58.3
7675,L17674,L,300.3,310.9,1307.0,35.0,130.0,0,No Failure,0,0,0,0,0,135.5,61.6
7676,M17675,M,298.5,308.8,1168.0,54.5,132.0,0,No Failure,0,0,0,0,0,122.4,55.6
7677,L17676,L,299.8,309.8,1168.0,51.6,135.0,0,No Failure,0,0,0,0,0,118.8,54.0
7678,H17677,H,301.6,312.7,1168.0,37.7,138.0,0,No Failure,0,0,0,0,0,132.9,60.4
7679,H17678,H,302.4,311.7,1168.0,30.4,144.0,0,No Failure,0,0,0,0,0,124.5,56.6
7680,H17679,H,300.6,310.7,1434.0,39.7,149.0,0,No Failure,0,0,0,0,0,124.4,56.5
7681,H17680,H,300.6,309.5,1168.0,38.7,154.0,0,No Failure,0,0,0,0,0,109.9,49.9
7682,M17681,M,299.9,308.9,1168.0,39.4,159.0,0,No Failure,0,0,0,0,0,104.6,47.5
7683,L17682,L,299.6,308.2,1177.0,36.0,163.0,1,HDF (Heat Dissipation),0,1,0,0,0,5.9,44.4
7684,H17683,H,298.9,307.9,1168.0,29.5,166.0,0,No Failure,0,0,0,0,0,105.8,48.1
7685,L17684,L,297.7,307.8,1253.0,40.3,171.0,0,No Failure,0,0,0,0,0,103.4,47.0
7686,H17685,H,299.3,,1367.0,36.5,174.0,0,No Failure,0,0,0,0,0,110.1,50.0
7687,L17686,L,302.2,311.9,1168.0,37.4,,0,No Failure,0,0,0,0,0,97.8,44.4
7688,M17687,M,299.8,309.5,1168.0,40.9,182.0,0,No Failure,0,0,0,0,0,95.7,43.5
7689,L17688,L,299.9,311.7,1313.0,39.3,,0,No Failure,0,0,0,0,0,94.3,42.9
7690,L17689,L,299.9,308.8,1168.0,40.7,189.0,0,No Failure,0,0,0,0,0,78.6,35.7
7691,L17690,L,294.42,311.6,1168.0,36.0,192.0,0,No Failure,0,0,0,0,0,80.8,36.7
7692,L17691,L,298.9,308.1,1168.0,43.6,195.0,0,No Failure,0,0,0,0,0,74.4,33.8
7693,L17692,L,301.1,311.0,1443.0,-25.09,197.0,0,No Failure,0,0,0,0,0,94.5,43.0
7694,L17693,L,300.4,310.9,1168.0,29.1,199.0,0,No Failure,0,0,0,0,0,91.1,41.4
7695,L17694,L,300.7,311.3,1240.0,31.1,201.0,0,No Failure,0,0,0,0,0,94.1,42.8
7696,M17695,M,301.0,311.9,1529.0,33.2,203.0,0,No Failure,0,0,0,0,0,93.6,42.6
7697,L17696,L,300.7,310.6,1331.0,27.1,207.0,1,TWF (Tool Wear Failure),1,0,0,0,0,4.3,42.8
7698,H17697,H,302.0,311.6,1168.0,23.1,210.0,1,PWF (Power Failure),0,0,1,0,0,1.5,34.8
7699,L17698,L,300.5,312.1,1168.0,45.0,215.0,1,TWF (Tool Wear Failure),1,0,0,0,0,7.7,30.6
7700,M17699,M,303.7,310.9,1172.0,52.7,0.0,1,HDF (Heat Dissipation),0,1,0,0,0,2.5,86.0
7701,L17700,L,300.7,310.8,1335.0,45.6,3.0,0,No Failure,0,0,0,0,0,217.9,99.0
7702,M17701,M,297.5,307.9,1336.0,35.2,6.0,0,No Failure,0,0,0,0,0,216.2,98.3
7703,M17702,M,301.7,313.6,1415.0,22.8,10.0,1,PWF (Power Failure),0,0,1,0,0,2.3,92.2
7704,M17703,M,301.3,309.6,1195.0,41.9,14.0,1,HDF (Heat Dissipation),0,1,0,0,0,2.7,87.2
7705,L17704,L,300.6,310.2,1168.0,23.9,18.0,1,PWF (Power Failure),0,0,1,0,0,3.3,83.2
7706,M17705,M,300.1,308.7,,39.1,20.0,1,HDF (Heat Dissipation),0,1,0,0,0,7.3,87.0
7707,L17706,L,296.8,305.0,1168.0,32.0,23.0,1,HDF (Heat Dissipation),0,1,0,0,0,7.5,84.4
7708,L17707,L,297.1,306.9,1549.0,17.2,26.0,1,PWF (Power Failure),0,0,1,0,0,0.6,83.6
7709,L17708,L,303.6,314.4,1168.0,54.8,28.0,0,No Failure,0,0,0,0,0,198.5,90.2
7710,M17709,M,299.5,310.7,1216.0,27.4,31.0,1,PWF (Power Failure),0,0,1,0,0,3.1,87.8
7711,L17710,L,302.3,311.8,1372.0,36.4,34.0,0,No Failure,0,0,0,0,0,195.9,89.0
7712,M17711,M,297.7,308.4,1243.0,38.7,37.0,0,No Failure,0,0,0,0,0,195.8,89.0
7713,L17712,L,298.7,308.5,1285.0,35.3,40.0,0,No Failure,0,0,0,0,0,192.5,87.5
7714,L17713,L,301.8,312.4,1250.0,44.6,43.0,0,No Failure,0,0,0,0,0,189.6,86.2
7715,L17714,L,300.4,311.6,1239.0,32.6,46.0,0,No Failure,0,0,0,0,0,190.8,86.7
7716,L17715,L,301.6,311.4,1168.0,43.8,48.0,0,No Failure,0,0,0,0,0,184.1,83.7
7717,M17716,M,300.6,311.7,1300.0,43.2,51.0,0,No Failure,0,0,0,0,0,185.4,84.3
7718,H17717,H,300.3,309.1,1242.0,26.2,-304.45,1,PWF (Power Failure),0,0,1,0,0,6.6,76.0
7719,M17718,M,299.4,310.1,1168.0,42.4,60.0,0,No Failure,0,0,0,0,0,179.6,81.6
7720,L17719,L,298.5,309.5,1289.0,29.5,63.0,0,No Failure,0,0,0,0,0,181.1,82.3
7721,L17720,L,303.2,314.1,1397.0,28.3,65.0,0,No Failure,0,0,0,0,0,180.4,82.0
7722,H17721,H,303.5,312.3,1200.0,42.9,67.0,0,No Failure,0,0,0,0,0,162.7,74.0
7723,L17722,L,298.8,308.6,1168.0,35.9,73.0,0,No Failure,0,0,0,0,0,170.0,77.3
7724,L17723,L,298.7,309.0,1168.0,43.7,75.0,0,No Failure,0,0,0,0,0,167.3,76.1
7725,H17724,H,300.0,310.4,1168.0,43.8,77.0,0,No Failure,0,0,0,0,0,169.0,76.8
7726,L17725,L,301.3,311.4,1291.0,25.7,83.0,1,PWF (Power Failure),0,0,1,0,0,4.4,73.5
7727,L17726,L,300.3,311.7,1236.0,,86.0,0,No Failure,0,0,0,0,0,157.7,71.7
7728,L17727,L,301.5,310.2,1380.0,42.9,88.0,0,No Failure,0,0,0,0,0,154.6,70.3
7729,M17728,M,300.6,310.4,1168.0,34.1,90.0,0,No Failure,0,0,0,0,0,161.3,73.3
7730,L17729,L,300.4,308.7,1214.0,38.6,93.0,1,HDF (Heat Dissipation),0,1,0,0,0,7.6,63.6
7731,M17730,M,305.0,315.6,1168.0,47.7,96.0,0,No Failure,0,0,0,0,0,152.6,69.4
7732,L17731,L,299.7,310.3,1168.0,36.8,99.0,0,No Failure,0,0,0,0,0,154.6,70.3
7733,L17732,L,303.6,316.9,1168.0,61.2,102.0,0,No Failure,0,0,0,0,0,137.7,62.6
7734,L17733,L,303.3,314.3,1168.0,54.9,104.0,0,No Failure,0,0,0,0,0,140.0,63.6
7735,H17734,H,301.6,311.9,1385.0,41.2,416.02,0,No Failure,0,0,0,0,0,151.2,68.7
7736,L17735,L,297.2,307.5,1245.0,37.7,111.0,0,No Failure,0,0,0,0,0,146.1,66.4
7737,M17736,M,300.7,310.4,1197.0,,113.0,0,No Failure,0,0,0,0,0,143.2,65.1
7738,L17737,L,299.7,309.8,1242.0,34.0,117.0,0,No Failure,0,0,0,0,0,144.7,65.8
7739,L17738,L,300.7,311.0,1240.0,41.3,120.0,0,No Failure,0,0,0,0,0,137.5,62.5
7740,L17739,L,298.8,306.8,1168.0,46.9,123.0,1,HDF (Heat Dissipation),0,1,0,0,0,1.8,49.7
7741,M17740,M,302.0,312.2,1284.0,26.5,125.0,0,No Failure,0,0,0,0,0,140.3,63.8
7742,L17741,L,302.5,312.6,1168.0,46.4,128.0,0,No Failure,0,0,0,0,0,128.0,58.2
7743,H17742,H,302.8,314.6,1201.0,49.3,131.0,0,No Failure,0,0,0,0,0,129.6,58.9
7744,H17743,H,300.0,309.9,1168.0,45.7,137.0,0,No Failure,0,0,0,0,0,126.8,57.7
7745,M17744,M,298.8,308.0,1168.0,38.7,143.0,0,No Failure,0,0,0,0,0,117.8,53.6
7746,M17745,M,301.3,311.6,1234.0,45.3,146.0,0,No Failure,0,0,0,0,0,119.4,54.3
7747,M17746,M,303.9,,1168.0,53.0,149.0,0,No Failure,0,0,0,0,0,111.0,50.5
7748,M17747,M,300.8,310.7,1168.0,39.4,153.0,0,No Failure,0,0,0,0,0,118.4,53.8
7749,L17748,L,301.5,310.2,1168.0,40.2,156.0,0,No Failure,0,0,0,0,0,99.4,45.2
7750,H17749,H,300.3,310.1,1168.0,61.3,158.0,0,No Failure,0,0,0,0,0,99.1,45.0
7751,H17750,H,299.8,309.2,1187.0,43.1,164.0,0,No Failure,0,0,0,0,0,105.4,47.9
7752,L17751,L,301.9,311.7,1168.0,29.9,169.0,0,No Failure,0,0,0,0,0,109.2,49.6
7753,H17752,H,300.5,311.2,1306.0,48.7,171.0,0,No Failure,0,0,0,0,0,102.5,46.6
7754,H17753,H,301.4,310.7,1168.0,44.0,176.0,0,No Failure,0,0,0,0,0,95.5,43.4
7755,L17754,L,301.6,311.4,1227.0,33.4,182.0,0,No Failure,0,0,0,0,0,101.5,46.1
7756,H17755,H,301.3,311.8,1351.0,29.0,184.0,0,No Failure,0,0,0,0,0,111.9,50.9
7757,L17756,L,301.7,311.4,1168.0,42.4,190.0,0,No Failure,0,0,0,0,0,84.8,38.5
7758,L17757,L,299.2,311.8,1168.0,39.4,192.0,0,No Failure,0,0,0,0,0,90.1,41.0
7759,L17758,L,299.1,309.3,1465.0,27.6,195.0,0,No Failure,0,0,0,0,0,101.9,46.3
7760,M17759,M,300.7,309.5,1168.0,39.1,197.0,0,No Failure,0,0,0,0,0,77.8,35.3
7761,L17760,L,300.7,309.9,1168.0,38.5,201.0,0,No Failure,0,0,0,0,0,76.3,34.7
7762,H17761,H,299.8,308.9,1329.0,39.4,203.0,0,No Failure,0,0,0,0,0,85.3,38.8
7763,L17762,L,301.2,310.4,1168.0,44.9,209.0,0,No Failure,0,0,0,0,0,62.9,28.6
7764,L17763,L,302.4,312.9,1411.0,22.4,212.0,1,PWF (Power Failure),0,0,1,0,0,3.2,38.5
7765,M17764,M,302.9,311.8,1246.0,28.9,215.0,0,No Failure,0,0,0,0,0,80.6,36.6
7766,L17765,L,,313.0,,35.1,568.64,1,TWF (Tool Wear Failure),1,0,0,0,0,0.5,34.4
7767,M17766,M,298.4,309.5,1168.0,53.3,221.0,0,No Failure,0,0,0,0,0,58.0,26.4
7768,L17767,L,298.7,308.2,1168.0,63.7,0.0,0,No Failure,0,0,0,0,0,214.5,97.5
7769,H17768,H,300.2,310.9,1284.0,40.0,2.0,0,No Failure,0,0,0,0,0,218.7,99.4
7770,M17769,M,300.9,309.2,1181.0,40.5,7.0,1,HDF (Heat Dissipation),0,1,0,0,0,4.3,89.4
7771,L17770,L,300.3,309.9,1713.0,15.6,11.0,1,PWF (Power Failure),0,0,1,0,0,0.5,87.3
7772,L17771,L,299.8,308.9,1168.0,49.0,14.0,0,No Failure,0,0,0,0,0,199.8,90.8
7773,L17772,L,300.2,310.5,1292.0,44.5,16.0,0,No Failure,0,0,0,0,0,208.7,94.9
7774,H17773,H,301.6,310.6,1335.0,42.8,18.0,0,No Failure,0,0,0,0,0,203.1,92.3
7775,M17774,M,298.4,310.5,1384.0,27.5,23.0,0,No Failure,0,0,0,0,0,206.4,93.8
7776,L17775,L,305.0,313.4,1168.0,59.8,26.0,1,HDF (Heat Dissipation),0,1,0,0,0,2.6,82.6
7777,L17776,L,300.8,311.9,1293.0,55.2,28.0,0,No Failure,0,0,0,0,0,198.4,90.2
7778,H17777,H,302.7,313.6,1168.0,42.9,30.0,0,No Failure,0,0,0,0,0,200.3,91.0
7779,L17778,L,299.7,310.0,718.64,49.9,36.0,0,No Failure,0,0,0,0,0,193.4,87.9
7780,M17779,M,301.8,311.9,1261.0,40.5,39.0,0,No Failure,0,0,0,0,0,194.2,88.3
7781,M17780,M,301.0,312.9,1168.0,48.2,43.0,0,No Failure,0,0,0,0,0,189.7,86.2
7782,L17781,L,302.3,314.8,1168.0,26.9,46.0,1,PWF (Power Failure),0,0,1,0,0,5.1,81.1
7783,M17782,M,300.4,310.2,1168.0,72.89,49.0,1,PWF (Power Failure),0,0,1,0,0,1.8,77.1
7784,L17783,L,303.6,313.8,1327.0,27.3,53.0,0,No Failure,0,0,0,0,0,187.8,85.4
7785,L17784,L,298.1,307.5,1168.0,31.9,55.0,0,No Failure,0,0,0,0,0,178.7,81.2
7786,H17785,H,302.5,311.3,1168.0,33.6,57.0,0,No Failure,0,0,0,0,0,172.0,78.2
7787,M17786,M,301.0,311.5,1168.0,44.5,63.0,0,No Failure,0,0,0,0,0,176.9,80.4
7788,H17787,H,299.0,309.2,1297.0,37.4,67.0,0,No Failure,0,0,0,0,0,177.8,80.8
7789,M17788,M,304.3,312.7,1233.0,39.7,72.0,1,HDF (Heat Dissipation),0,1,0,0,0,1.1,71.5
7790,L17789,L,304.1,314.6,1316.0,28.2,75.0,0,No Failure,0,0,0,0,0,174.3,79.2
7791,M17790,M,297.1,307.4,1461.0,-30.91,78.0,0,No Failure,0,0,0,0,0,174.0,79.1
7792,M17791,M,301.1,310.5,1222.0,40.4,81.0,0,No Failure,0,0,0,0,0,160.3,72.9
7793,L17792,L,302.1,311.4,1168.0,,84.0,0,No Failure,0,0,0,0,0,157.9,71.8
7794,L17793,L,301.6,312.0,1168.0,40.0,87.0,0,No Failure,0,0,0,0,0,160.8,73.1
7795,M17794,M,303.5,315.1,1236.0,45.4,90.0,0,No Failure,0,0,0,0,0,157.9,71.8
7796,M17795,M,303.2,313.6,1210.0,56.4,93.0,0,No Failure,0,0,0,0,0,150.2,68.3
7797,L17796,L,301.3,312.1,1168.0,39.8,96.0,0,No Failure,0,0,0,0,0,154.8,70.4
7798,H17797,H,304.9,314.1,1168.0,58.1,98.0,0,No Failure,0,0,0,0,0,139.2,63.3
7799,L17798,L,302.5,324.72,1279.0,44.1,103.0,0,No Failure,0,0,0,0,0,144.4,65.6
7800,L17799,L,300.2,310.8,1168.0,46.9,106.0,0,No Failure,0,0,0,0,0,143.5,65.2
7801,L17800,L,299.8,308.4,1168.0,50.5,109.0,1,HDF (Heat Dissipation),0,1,0,0,0,3.8,56.2
7802,H17801,H,303.1,313.3,1168.0,47.2,112.0,0,No Failure,0,0,0,0,0,143.9,65.4
7803,L17802,L,299.4,309.9,1254.0,32.0,117.0,0,No Failure,0,0,0,0,0,146.1,66.4
7804,L17803,L,300.1,310.1,1168.0,50.8,119.0,0,No Failure,0,0,0,0,0,131.4,59.7
7805,L17804,L,300.4,310.7,1190.0,36.3,121.0,0,No Failure,0,0,0,0,0,140.4,63.8
7806,M17805,M,301.5,311.6,1168.0,43.0,124.0,0,No Failure,0,0,0,0,0,136.1,61.9
7807,M17806,M,300.5,309.9,1185.0,41.3,127.0,0,No Failure,0,0,0,0,0,128.7,58.5
7808,L17807,L,298.5,307.3,1190.0,51.4,130.0,0,No Failure,0,0,0,0,0,109.5,49.8
7809,H17808,H,302.9,312.8,1168.0,43.9,132.0,0,No Failure,0,0,0,0,0,131.4,59.7
7810,L17809,L,300.1,311.4,1367.0,26.1,138.0,0,No Failure,0,0,0,0,0,135.9,61.8
7811,L17810,L,304.5,315.5,1168.0,60.9,140.0,0,No Failure,0,0,0,0,0,107.2,48.7
7812,M17811,M,301.4,311.1,1168.0,48.3,142.0,0,No Failure,0,0,0,0,0,116.5,53.0
7813,M17812,M,303.1,312.7,1337.0,34.5,146.0,0,No Failure,0,0,0,0,0,126.1,57.3
7814,L17813,L,302.0,311.6,1197.0,28.6,150.0,0,No Failure,0,0,0,0,0,117.9,53.6
7815,M17814,M,303.2,312.8,1270.0,49.5,152.0,0,No Failure,0,0,0,0,0,108.6,49.4
7816,L17815,L,301.9,312.2,1317.0,29.8,156.0,0,No Failure,0,0,0,0,0,123.5,56.1
7817,M17816,M,301.3,312.4,1168.0,48.0,159.0,0,No Failure,0,0,0,0,0,108.1,49.1
7818,M17817,M,302.8,315.1,1168.0,50.7,162.0,0,No Failure,0,0,0,0,0,103.5,47.1
7819,H17818,H,305.3,314.5,1374.0,33.5,166.0,0,No Failure,0,0,0,0,0,116.1,52.8
7820,L17819,L,300.4,311.1,1189.0,32.6,171.0,0,No Failure,0,0,0,0,0,111.3,50.6
7821,M17820,M,302.3,312.8,1272.0,35.3,174.0,0,No Failure,0,0,0,0,0,109.7,49.8
7822,M17821,M,300.9,310.6,1168.0,30.1,177.0,0,No Failure,0,0,0,0,0,106.3,48.3
7823,L17822,L,301.8,310.8,1171.0,42.3,180.0,0,No Failure,0,0,0,0,0,84.1,38.2
7824,L17823,L,300.9,311.2,1168.0,43.7,183.0,0,No Failure,0,0,0,0,0,91.5,41.6
7825,H17824,H,297.0,309.1,1168.0,47.3,186.0,0,No Failure,0,0,0,0,0,93.5,42.5
7826,L17825,L,300.5,310.8,1376.0,31.7,191.0,0,No Failure,0,0,0,0,0,99.6,45.3
7827,M17826,M,302.7,311.9,1168.0,48.4,194.0,0,No Failure,0,0,0,0,0,74.2,33.7
7828,L17827,L,299.5,309.3,1263.0,30.1,197.0,0,No Failure,0,0,0,0,0,96.1,43.7
7829,H17828,H,302.5,311.4,1168.0,48.4,199.0,0,No Failure,0,0,0,0,0,71.4,32.5
7830,L17829,L,301.2,311.2,1405.0,25.1,204.0,0,No Failure,0,0,0,0,0,96.6,43.9
7831,H17830,H,300.5,311.2,1168.0,55.7,206.0,0,No Failure,0,0,0,0,0,71.1,32.3
7832,M17831,M,302.5,311.8,657.93,34.8,212.0,0,No Failure,0,0,0,0,0,78.4,35.7
7833,L17832,L,302.1,308.8,1168.0,46.0,215.0,1,HDF (Heat Dissipation),1,1,0,0,0,5.2,15.0
7834,M17833,M,301.6,311.9,1168.0,46.8,0.0,0,No Failure,0,0,0,0,0,220.0,100.0
7835,M17834,M,302.7,312.2,1255.0,27.3,4.0,0,No Failure,0,0,0,0,0,207.5,94.3
7836,L17835,L,301.3,310.5,1168.0,48.4,7.0,0,No Failure,0,0,0,0,0,206.1,93.7
7837,L17836,L,297.9,307.1,1262.0,34.5,10.0,0,No Failure,0,0,0,0,0,206.9,94.1
7838,M17837,M,300.2,310.6,1168.0,36.9,12.0,0,No Failure,0,0,0,0,0,212.3,96.5
7839,M17838,M,297.7,307.3,1168.0,33.3,16.0,0,No Failure,0,0,0,0,0,205.6,93.5
7840,L17839,L,302.1,313.0,1168.0,56.1,19.0,0,No Failure,0,0,0,0,0,205.2,93.3
7841,H17840,H,302.5,313.5,1168.0,28.3,22.0,1,PWF (Power Failure),0,0,1,0,0,0.8,89.9
7842,L17841,L,302.6,312.3,646.9,44.3,27.0,0,No Failure,0,0,0,0,0,198.2,90.1
7843,L17842,L,301.8,311.3,1443.0,33.8,29.0,0,No Failure,0,0,0,0,0,201.2,91.5
7844,M17843,M,302.7,312.8,1168.0,50.9,32.0,0,No Failure,0,0,0,0,0,197.0,89.5
7845,L17844,L,298.1,308.0,1168.0,63.2,35.0,0,No Failure,0,0,0,0,0,190.2,86.5
7846,L17845,L,300.7,308.9,1251.0,33.7,37.0,1,HDF (Heat Dissipation),0,1,0,0,0,7.3,82.0
7847,M17846,M,298.4,310.3,1168.0,41.4,39.0,0,No Failure,0,0,0,0,0,194.0,88.2
7848,L17847,L,300.3,311.0,1168.0,36.1,42.0,0,No Failure,0,0,0,0,0,192.4,87.5
7849,L17848,L,303.8,313.3,1168.0,50.4,45.0,0,No Failure,0,0,0,0,0,181.1,82.3
7850,M17849,M,302.9,,1168.0,37.5,48.0,1,HDF (Heat Dissipation),0,1,0,0,0,3.4,76.4
7851,M17850,M,302.1,311.9,1168.0,49.1,52.0,0,No Failure,0,0,0,0,0,180.9,82.2
7852,H17851,H,300.6,310.0,1434.0,36.0,55.0,0,No Failure,0,0,0,0,0,185.3,84.2
7853,M17852,M,299.1,309.0,1168.0,62.4,61.0,0,No Failure,0,0,0,0,0,171.1,77.8
7854,L17853,L,301.3,309.1,1652.0,18.1,65.0,1,PWF (Power Failure),0,0,1,0,0,2.5,75.4
7855,L17854,L,302.9,312.4,1666.67,43.8,68.0,0,No Failure,0,0,0,0,0,166.7,75.8
7856,M17855,M,301.7,311.3,,39.9,70.0,0,No Failure,0,0,0,0,0,169.4,77.0
7857,L17856,L,298.1,317.93,1168.0,39.5,73.0,0,No Failure,0,0,0,0,0,168.4,76.5
7858,L17857,L,301.1,310.9,1313.0,42.9,75.0,0,No Failure,0,0,0,0,0,166.5,75.7
7859,H17858,H,297.5,307.6,1168.0,40.6,77.0,0,No Failure,0,0,0,0,0,170.2,77.4
7860,M17859,M,302.4,313.9,1168.0,42.2,83.0,0,No Failure,0,0,0,0,0,164.2,74.6
7861,M17860,M,299.7,309.2,1182.0,44.1,87.0,0,No Failure,0,0,0,0,0,155.1,70.5
7862,L17861,L,298.7,307.8,1168.0,57.5,90.0,0,No Failure,0,0,0,0,0,139.5,63.4
7863,L17862,L,291.93,323.22,1924.0,12.3,93.0,1,PWF (Power Failure),0,0,1,0,0,5.5,68.3
7864,L17863,L,302.0,311.5,1168.0,58.5,96.0,0,No Failure,0,0,0,0,0,138.6,63.0
7865,M17864,M,301.4,310.0,1168.0,65.6,99.0,0,No Failure,0,0,0,0,0,125.3,57.0
7866,L17865,L,304.9,315.9,1566.0,22.5,102.0,0,No Failure,0,0,0,0,0,158.3,72.0
7867,L17866,L,302.1,312.0,1168.0,40.5,105.0,0,No Failure,0,0,0,0,0,147.2,66.9
7868,L17867,L,299.8,310.7,1168.0,53.7,107.0,0,No Failure,0,0,0,0,0,138.4,62.9
7869,M17868,M,301.9,313.4,1168.0,49.2,110.0,0,No Failure,0,0,0,0,0,141.8,64.5
7870,M17869,M,300.4,309.5,1168.0,56.8,113.0,0,No Failure,0,0,0,0,0,125.1,56.9
7871,L17870,L,303.2,312.9,1276.0,43.7,116.0,0,No Failure,0,0,0,0,0,136.2,61.9
7872,L17871,L,301.5,312.8,1609.0,19.7,119.0,1,PWF (Power Failure),0,0,1,0,0,8.0,63.8
7873,L17872,L,301.7,311.9,1189.0,53.0,121.0,0,No Failure,0,0,0,0,0,128.3,58.3
7874,L17873,L,298.4,308.9,1168.0,46.4,124.0,0,No Failure,0,0,0,0,0,130.9,59.5
7875,M17874,M,301.1,312.1,1168.0,54.7,126.0,0,No Failure,0,0,0,0,0,126.7,57.6
7876,L17875,L,300.9,311.8,1269.0,24.7,129.0,1,PWF (Power Failure),0,0,1,0,0,6.1,59.0
7877,M17876,M,299.1,309.5,1260.0,27.8,131.0,0,No Failure,0,0,0,0,0,138.7,63.0
7878,M17877,M,300.6,312.0,1288.0,40.2,134.0,0,No Failure,0,0,0,0,0,131.4,59.7
7879,H17878,H,301.8,311.7,1284.0,53.3,,0,No Failure,0,0,0,0,0,121.2,55.1
7880,H17879,H,301.0,311.5,1168.0,56.1,144.0,0,No Failure,0,0,0,0,0,115.6,52.6
7881,L17880,L,298.4,308.2,1216.0,32.7,150.0,0,No Failure,0,0,0,0,0,122.5,55.7
7882,L17881,L,300.5,311.5,1168.0,35.9,153.0,0,No Failure,0,0,0,0,0,119.7,54.4
7883,L17882,L,300.1,309.4,1168.0,68.7,155.0,0,No Failure,0,0,0,0,0,80.2,36.5
7884,M17883,M,310.93,309.6,1331.0,34.5,158.0,1,HDF (Heat Dissipation),0,1,0,0,0,3.1,50.7
7885,L17884,L,301.1,311.8,1197.0,46.8,161.0,0,No Failure,0,0,0,0,0,104.0,47.3
7886,L17885,L,300.2,309.2,1191.0,35.5,164.0,0,No Failure,0,0,0,0,0,101.9,46.3
7887,L17886,L,300.2,309.1,1421.0,44.7,167.0,0,No Failure,0,0,0,0,0,100.3,45.6
7888,L17887,L,301.1,312.4,1354.0,31.3,169.0,0,No Failure,0,0,0,0,0,113.9,51.8
7889,M17888,M,302.7,313.7,1168.0,31.6,171.0,0,No Failure,0,0,0,0,0,115.0,52.3
7890,M17889,M,301.5,311.2,1219.0,89.77,174.0,0,No Failure,0,0,0,0,0,105.7,48.0
7891,M17890,M,303.6,310.6,1273.0,34.5,178.0,1,HDF (Heat Dissipation),0,1,0,0,0,5.9,38.4
7892,H17891,H,303.0,313.5,1168.0,37.0,182.0,0,No Failure,0,0,0,0,0,105.7,48.1
7893,L17892,L,303.7,314.4,1344.0,45.3,188.0,0,No Failure,0,0,0,0,0,86.2,39.2
7894,L17893,L,303.5,314.0,1168.0,58.9,191.0,1,OSF (Overstrain Failure),0,0,0,1,0,4.7,31.1
7895,L17894,L,303.8,314.3,1168.0,34.1,194.0,0,No Failure,0,0,0,0,0,94.9,43.2
7896,M17895,M,298.9,308.7,1177.0,30.1,197.0,0,No Failure,0,0,0,0,0,96.0,43.7
7897,M17896,M,302.2,311.8,1236.0,40.1,200.0,0,No Failure,0,0,0,0,0,84.1,38.2
7898,L17897,L,303.2,312.1,1168.0,31.5,204.0,0,No Failure,0,0,0,0,0,79.6,36.2
7899,H17898,H,303.5,312.8,1324.0,23.6,207.0,1,PWF (Power Failure),0,0,1,0,0,0.4,39.0
7900,L17899,L,299.6,309.9,1250.0,50.6,0.0,0,No Failure,0,0,0,0,0,220.0,100.0
7901,L17900,L,302.2,312.5,1168.0,40.8,3.0,0,No Failure,0,0,0,0,0,217.9,99.1
7902,M17901,M,301.2,312.0,1168.0,41.8,5.0,0,No Failure,0,0,0,0,0,216.7,98.5
7903,H17902,H,304.3,312.9,1298.0,20.7,9.0,1,HDF (Heat Dissipation),0,1,1,0,0,6.5,83.5
7904,M17903,M,298.5,306.8,1168.0,34.2,14.0,1,HDF (Heat Dissipation),0,1,0,0,0,4.6,87.5
7905,H17904,H,299.6,309.2,1251.0,25.8,18.0,1,PWF (Power Failure),0,0,1,0,0,4.7,88.5
7906,L17905,L,287.7,306.8,1168.0,39.8,24.0,0,No Failure,0,0,0,0,0,192.7,87.6
7907,M17906,M,301.3,311.5,1168.0,41.3,26.0,0,No Failure,0,0,0,0,0,202.7,92.1
7908,H17907,H,305.1,313.8,1168.0,41.3,30.0,0,No Failure,0,0,0,0,0,186.2,84.6
7909,M17908,M,300.9,312.1,1376.0,33.3,36.0,0,No Failure,0,0,0,0,0,197.6,89.8
7910,L17909,L,301.2,310.4,1208.0,31.5,40.0,0,No Failure,0,0,0,0,0,186.3,84.7
7911,H17910,H,302.0,313.6,1401.0,38.1,43.0,0,No Failure,0,0,0,0,0,192.8,87.6
7912,L17911,L,300.8,311.3,1168.0,43.6,49.0,0,No Failure,0,0,0,0,0,185.6,84.4
7913,L17912,L,301.7,310.6,1168.0,34.2,52.0,0,No Failure,0,0,0,0,0,174.3,79.2
7914,H17913,H,301.7,313.8,1260.0,30.6,54.0,0,No Failure,0,0,0,0,0,187.9,85.4
7915,H17914,H,299.5,309.8,1187.0,31.1,59.0,0,No Failure,0,0,0,0,0,184.7,84.0
7916,H17915,H,300.9,311.1,1197.0,33.4,65.0,0,No Failure,0,0,0,0,0,180.4,82.0
7917,H17916,H,302.4,312.3,1168.0,35.5,70.0,0,No Failure,0,0,0,0,0,175.5,79.8
7918,L17917,L,302.7,313.2,1182.0,29.0,75.0,0,No Failure,0,0,0,0,0,168.2,76.4
7919,H17918,H,303.4,313.9,1341.0,35.5,78.0,0,No Failure,0,0,0,0,0,171.6,78.0
7920,L17919,L,301.6,310.7,1360.0,52.4,84.0,0,No Failure,0,0,0,0,0,153.1,69.6
7921,M17920,M,301.7,311.5,1329.0,37.1,86.0,0,No Failure,0,0,0,0,0,163.5,74.3
7922,L17921,L,302.4,312.5,1284.0,27.6,89.0,0,No Failure,0,0,0,0,0,163.7,74.4
7923,H17922,H,300.0,310.6,1546.0,17.4,92.0,1,PWF (Power Failure),0,0,1,0,0,6.0,67.9
7924,M17923,M,299.9,310.5,1184.0,58.4,97.0,0,No Failure,0,0,0,0,0,146.2,66.4
7925,H17924,H,300.8,311.0,1168.0,51.4,100.0,0,No Failure,0,0,0,0,0,149.9,68.1
7926,L17925,L,298.8,308.2,1176.0,42.8,105.0,0,No Failure,0,0,0,0,0,140.2,63.7
7927,L17926,L,301.8,311.2,1177.0,51.6,107.0,0,No Failure,0,0,0,0,0,133.2,60.5
7928,L17927,L,302.9,311.7,1168.0,45.3,110.0,0,No Failure,0,0,0,0,0,128.5,58.4
7929,L17928,L,,310.4,1313.0,39.2,113.0,0,No Failure,0,0,0,0,0,143.7,65.3
7930,M17929,M,301.8,311.2,1168.0,27.6,116.0,1,PWF (Power Failure),0,0,1,0,0,0.1,60.5
7931,L17930,L,299.9,309.7,1168.0,59.1,119.0,0,No Failure,0,0,0,0,0,123.2,56.0
7932,M17931,M,299.2,309.4,1296.0,35.6,122.0,0,No Failure,0,0,0,0,0,142.4,64.7
7933,L17932,L,304.8,314.8,1306.0,36.2,126.0,0,No Failure,0,0,0,0,0,137.2,62.4
7934,L17933,L,299.3,309.3,1168.0,40.4,128.0,0,No Failure,0,0,0,0,0,132.7,60.3
7935,M17934,M,298.8,307.9,1168.0,40.5,130.0,0,No Failure,0,0,0,0,0,123.9,56.3
7936,L17935,L,301.5,311.8,1201.0,45.7,133.0,0,No Failure,0,0,0,0,0,125.0,56.8
7937,L17936,L,301.6,311.3,1243.0,44.6,136.0,0,No Failure,0,0,0,0,0,121.0,55.0
7938,L17937,L,302.3,312.2,1218.0,34.2,139.0,0,No Failure,0,0,0,0,0,129.3,58.8
7939,L17938,L,304.7,315.9,1227.0,40.3,142.0,0,No Failure,0,0,0,0,0,123.2,56.0
7940,M17939,M,299.7,310.2,1188.0,-12.14,145.0,0,No Failure,0,0,0,0,0,120.0,54.5
7941,L17940,L,300.0,309.4,1315.0,,149.0,0,No Failure,0,0,0,0,0,121.0,55.0
7942,L17941,L,304.0,313.9,1186.0,54.5,152.0,0,No Failure,0,0,0,0,0,102.3,46.5
7943,M17942,M,311.88,314.4,1244.0,39.8,155.0,0,No Failure,0,0,0,0,0,117.9,53.6
7944,M17943,M,302.5,312.2,1168.0,56.0,159.0,0,No Failure,0,0,0,0,0,97.8,44.4
7945,M17944,M,300.0,,1236.0,26.1,162.0,1,PWF (Power Failure),0,0,1,0,0,0.5,51.8
7946,L17945,L,303.1,313.8,1168.0,46.5,165.0,0,No Failure,0,0,0,0,0,101.4,46.1
7947,H17946,H,302.5,312.7,1189.0,31.1,168.0,0,No Failure,0,0,0,0,0,119.6,54.3
7948,L17947,L,301.4,311.0,1168.0,33.7,173.0,0,No Failure,0,0,0,0,0,104.5,47.5
7949,L17948,L,300.0,309.3,1307.0,49.0,176.0,0,No Failure,0,0,0,0,0,86.4,39.3
7950,H17949,H,301.3,311.3,1218.0,37.7,179.0,0,No Failure,0,0,0,0,0,107.0,48.6
7951,M17950,M,304.1,314.8,1168.0,66.0,185.0,1,OSF (Overstrain Failure),0,0,0,1,0,1.7,32.5
7952,M17951,M,299.1,310.4,1168.0,45.2,188.0,0,No Failure,0,0,0,0,0,90.5,41.2
7953,H17952,H,299.6,308.1,1329.0,33.0,191.0,1,HDF (Heat Dissipation),0,1,0,0,0,0.4,43.6
7954,L17953,L,300.0,311.8,1168.0,45.2,197.0,0,No Failure,0,0,0,0,0,79.9,36.3
7955,H17954,H,300.4,310.1,1203.0,37.6,200.0,0,No Failure,0,0,0,0,0,90.6,41.2
7956,M17955,M,301.1,312.0,1168.0,48.3,206.0,0,No Failure,0,0,0,0,0,74.6,33.9
7957,L17956,L,302.8,312.1,1225.0,37.0,210.0,0,No Failure,0,0,0,0,0,74.1,33.7
7958,L17957,L,301.9,310.3,1168.0,44.1,212.0,1,HDF (Heat Dissipation),0,1,0,0,0,3.6,24.1
7959,L17958,L,301.2,309.9,1234.0,42.0,215.0,0,No Failure,0,0,0,0,0,58.9,26.8
7960,H17959,H,301.6,311.3,1168.0,40.8,218.0,0,No Failure,0,0,0,0,0,75.6,34.4
7961,L17960,L,302.2,312.7,1168.0,50.4,223.0,1,OSF (Overstrain Failure),1,0,0,1,0,2.9,24.7
7962,L17961,L,298.1,308.1,1284.0,22.0,0.0,1,PWF (Power Failure),0,0,1,0,0,0.3,90.0
7963,M17962,M,303.0,312.7,1423.0,41.0,2.0,0,No Failure,0,0,0,0,0,218.3,99.2
7964,M17963,M,299.6,310.7,1223.0,33.0,5.0,0,No Failure,0,0,0,0,0,216.9,98.6
7965,L17964,L,300.3,310.3,822.71,26.5,8.0,0,No Failure,0,0,0,0,0,211.4,96.1
7966,H17965,H,301.7,312.0,1183.0,31.6,10.0,0,No Failure,0,0,0,0,0,214.0,97.3
7967,M17966,M,301.0,314.1,1168.0,33.8,16.0,0,No Failure,0,0,0,0,0,210.0,95.4
7968,H17967,H,302.0,312.0,1272.0,37.6,20.0,0,No Failure,0,0,0,0,0,207.4,94.3
7969,L17968,L,301.4,310.7,1168.0,43.4,25.0,0,No Failure,0,0,0,0,0,194.8,88.5
7970,L17969,L,300.6,311.1,1366.0,45.4,28.0,0,No Failure,0,0,0,0,0,200.1,90.9
7971,M17970,M,303.9,314.6,1368.0,35.9,31.0,0,No Failure,0,0,0,0,0,200.2,91.0
7972,L17971,L,302.4,312.7,1168.0,55.8,35.0,0,No Failure,0,0,0,0,0,192.9,87.7
7973,M17972,M,301.7,311.9,1168.0,36.3,38.0,0,No Failure,0,0,0,0,0,195.7,89.0
7974,L17973,L,302.4,313.9,1168.0,20.5,42.0,1,PWF (Power Failure),0,0,1,0,0,5.1,79.3
7975,M17974,M,299.8,322.88,1168.0,36.6,45.0,0,No Failure,0,0,0,0,0,191.1,86.9
7976,H17975,H,305.0,314.9,1191.0,40.5,49.0,0,No Failure,0,0,0,0,0,187.3,85.1
7977,H17976,H,299.2,308.6,,7.3,54.0,1,PWF (Power Failure),0,0,1,0,0,6.6,78.3
7978,H17977,H,301.3,311.7,1168.0,52.1,59.0,0,No Failure,0,0,0,0,0,178.4,81.1
7979,H17978,H,300.6,310.0,1168.0,39.0,64.0,0,No Failure,0,0,0,0,0,172.6,78.4
7980,L17979,L,300.5,311.4,1168.0,28.5,70.0,1,PWF (Power Failure),0,0,1,0,0,7.3,76.6
7981,L17980,L,300.3,310.7,1170.0,30.4,72.0,0,No Failure,0,0,0,0,0,173.1,78.7
7982,H17981,H,299.7,312.4,1242.0,47.6,74.0,0,No Failure,0,0,0,0,0,169.6,77.1
7983,H17982,H,303.3,314.8,1631.1,48.8,79.0,0,No Failure,0,0,0,0,0,165.7,75.3
7984,H17983,H,299.0,307.9,1168.0,33.5,84.0,0,No Failure,0,0,0,0,0,156.7,71.2
7985,M17984,M,302.9,312.4,1328.0,26.4,89.0,0,No Failure,0,0,0,0,0,161.7,73.5
7986,L17985,L,302.3,310.4,1489.0,41.3,93.0,0,No Failure,0,0,0,0,0,156.0,70.9
7987,H17986,H,300.4,308.3,1168.0,43.1,96.0,1,HDF (Heat Dissipation),0,1,0,0,0,2.9,60.8
7988,H17987,H,302.1,312.2,1168.0,45.7,102.0,0,No Failure,0,0,0,0,0,151.5,68.8
7989,M17988,M,300.8,309.6,1279.0,34.4,107.0,0,No Failure,0,0,0,0,0,143.6,65.3
7990,H17989,H,299.1,300.3,1247.0,38.8,111.0,0,No Failure,0,0,0,0,0,149.3,67.9
7991,M17990,M,290.56,310.4,1275.0,40.2,116.0,0,No Failure,0,0,0,0,0,143.3,65.1
7992,H17991,H,302.3,312.0,1168.0,49.7,119.0,0,No Failure,0,0,0,0,0,134.3,61.1
7993,L17992,L,302.2,311.9,1168.0,53.3,124.0,0,No Failure,0,0,0,0,0,122.5,55.7
7994,H17993,H,301.6,313.1,1168.0,56.0,126.0,0,No Failure,0,0,0,0,0,128.7,58.5
7995,L17994,L,300.4,312.1,1168.0,53.0,131.0,0,No Failure,0,0,0,0,0,120.7,54.9
7996,L17995,L,300.8,309.9,1168.0,6.67,133.0,0,No Failure,0,0,0,0,0,105.2,47.8
7997,L17996,L,300.6,309.5,1168.0,50.1,135.0,0,No Failure,0,0,0,0,0,107.9,49.1
7998,L17997,L,298.0,307.7,1263.0,34.1,138.0,0,No Failure,0,0,0,0,0,128.6,58.4
7999,L17998,L,301.3,311.7,1168.0,55.3,141.0,0,No Failure,0,0,0,0,0,111.2,50.5
8000,H17999,H,302.1,311.6,1301.0,26.2,144.0,0,No Failure,0,0,0,0,0,127.9,58.1
8001,M18000,M,301.3,311.8,1168.0,63.6,150.0,0,No Failure,0,0,0,0,0,101.5,46.2
8002,H18001,H,304.3,316.3,1353.0,30.2,154.0,0,No Failure,0,0,0,0,0,128.6,58.5
8003,L18002,L,299.3,307.9,1242.0,48.9,160.0,1,HDF (Heat Dissipation),0,1,0,0,0,5.3,40.8
8004,L18003,L,300.0,309.6,,54.4,510.96,0,No Failure,0,0,0,0,0,90.7,41.2
8005,M18004,M,301.4,310.0,1168.0,44.6,165.0,0,No Failure,0,0,0,0,0,91.5,41.6
8006,M18005,M,301.6,310.8,1430.0,19.5,169.0,1,PWF (Power Failure),0,0,1,0,0,6.6,47.6
8007,M18006,M,297.7,307.4,1168.0,30.5,172.0,0,No Failure,0,0,0,0,0,110.3,50.1
8008,H18007,H,302.2,311.5,1328.0,43.6,175.0,0,No Failure,0,0,0,0,0,100.5,45.7
8009,H18008,H,301.6,312.1,1168.0,46.4,181.0,0,No Failure,0,0,0,0,0,97.7,44.4
8010,M18009,M,297.3,307.5,1177.0,38.2,187.0,0,No Failure,0,0,0,0,0,98.4,44.7
8011,H18010,H,300.9,311.2,1168.0,40.7,191.0,0,No Failure,0,0,0,0,0,96.5,43.9
8012,M18011,M,299.7,309.4,1323.0,25.3,196.0,0,No Failure,0,0,0,0,0,96.7,44.0
8013,M18012,M,300.3,310.1,1168.0,57.7,199.0,0,No Failure,0,0,0,0,0,67.1,30.5
8014,L18013,L,298.7,308.3,1188.0,36.2,472.75,0,No Failure,0,0,0,0,0,82.2,37.4
8015,L18014,L,,311.7,1327.0,47.9,206.0,0,No Failure,0,0,0,0,0,69.1,31.4
8016,L18015,L,304.3,314.7,582.06,54.0,208.0,1,OSF (Overstrain Failure),1,0,0,1,0,6.8,27.8
8017,M18016,M,301.6,309.7,1210.0,28.4,0.0,1,HDF (Heat Dissipation),0,1,0,0,0,1.2,88.4
8018,M18017,M,297.3,307.6,1369.0,41.3,4.0,0,No Failure,0,0,0,0,0,217.3,98.8
8019,L18018,L,301.7,310.8,1168.0,42.8,8.0,0,No Failure,0,0,0,0,0,204.5,93.0
8020,M18019,M,300.8,310.5,1331.0,-20.87,11.0,0,No Failure,0,0,0,0,0,211.3,96.1
8021,L18020,L,299.2,307.6,1168.0,49.3,14.0,1,HDF (Heat Dissipation),0,1,0,0,0,3.0,87.3
8022,L18021,L,301.8,311.4,1168.0,33.3,16.0,0,No Failure,0,0,0,0,0,205.4,93.3
8023,H18022,H,302.7,313.0,1168.0,40.5,18.0,0,No Failure,0,0,0,0,0,208.4,94.7
8024,L18023,L,300.0,310.5,1168.0,36.3,23.0,0,No Failure,0,0,0,0,0,204.9,93.1
8025,L18024,L,298.2,307.0,1168.0,63.3,25.0,0,No Failure,0,0,0,0,0,186.3,84.7
8026,L18025,L,297.5,307.9,1285.0,33.4,27.0,0,No Failure,0,0,0,0,0,202.7,92.1
8027,L18026,L,300.0,311.1,1168.0,47.4,29.0,0,No Failure,0,0,0,0,0,199.0,90.5
8028,M18027,M,300.9,310.4,1302.0,58.0,31.0,0,No Failure,0,0,0,0,0,193.2,87.8
8029,H18028,H,300.2,310.2,1347.0,30.8,34.0,0,No Failure,0,0,0,0,0,199.7,90.8
8030,M18029,M,299.9,,1172.0,41.0,40.0,1,HDF (Heat Dissipation),0,1,0,0,0,4.8,77.4
8031,M18030,M,302.2,311.3,1168.0,30.1,44.0,0,No Failure,0,0,0,0,0,180.2,81.9
8032,L18031,L,302.0,312.3,1511.0,19.9,47.0,1,PWF (Power Failure),0,0,1,0,0,5.2,79.9
8033,M18032,M,301.5,312.5,1221.0,32.1,49.0,0,No Failure,0,0,0,0,0,189.8,86.3
8034,L18033,L,302.6,312.0,1248.0,34.3,52.0,0,No Failure,0,0,0,0,0,181.1,82.3
8035,L18034,L,,312.7,1318.0,34.9,55.0,0,No Failure,0,0,0,0,0,184.3,83.8
8036,H18035,H,288.95,309.5,1227.0,37.0,57.0,0,No Failure,0,0,0,0,0,184.2,83.7
8037,L18036,L,300.2,308.9,1344.0,40.1,62.0,0,No Failure,0,0,0,0,0,171.7,78.1
8038,L18037,L,300.1,311.4,1203.0,28.0,64.0,0,No Failure,0,0,0,0,0,173.6,78.9
8039,L18038,L,297.5,306.2,,43.5,67.0,0,No Failure,0,0,0,0,0,159.2,72.4
8040,H18039,H,300.2,310.5,1235.0,52.1,69.0,0,No Failure,0,0,0,0,0,171.4,77.9
8041,L18040,L,303.2,312.3,1253.0,53.3,74.0,0,No Failure,0,0,0,0,0,156.0,70.9
8042,L18041,L,302.6,311.2,1395.0,37.4,77.0,0,No Failure,0,0,0,0,0,165.5,75.2
8043,H18042,H,302.1,313.1,1168.0,48.9,80.0,0,No Failure,0,0,0,0,0,164.9,75.0
8044,L18043,L,301.4,311.1,1168.0,33.2,86.0,0,No Failure,0,0,0,0,0,161.7,73.5
8045,H18044,H,303.8,315.5,1750.46,36.6,88.0,0,No Failure,0,0,0,0,0,164.9,75.0
8046,L18045,L,299.3,308.3,1524.0,44.0,94.0,0,No Failure,0,0,0,0,0,153.8,69.9
8047,M18046,M,299.4,307.8,1395.0,36.7,96.0,0,No Failure,0,0,0,0,0,154.5,70.2
8048,H18047,H,303.2,312.7,1168.0,27.4,99.0,1,PWF (Power Failure),0,0,1,0,0,5.5,65.8
8049,M18048,M,301.2,314.1,1168.0,48.3,104.0,0,No Failure,0,0,0,0,0,146.6,66.6
8050,M18049,M,300.0,310.8,1306.0,31.7,107.0,0,No Failure,0,0,0,0,0,154.3,70.1
8051,L18050,L,302.2,312.8,1168.0,34.8,111.0,0,No Failure,0,0,0,0,0,148.0,67.3
8052,M18051,M,300.4,311.0,1693.83,50.6,113.0,0,No Failure,0,0,0,0,0,138.8,63.1
8053,H18052,H,299.7,309.2,1254.0,45.4,-240.94,0,No Failure,0,0,0,0,0,137.2,62.4
8054,M18053,M,299.6,312.3,1260.0,41.8,122.0,0,No Failure,0,0,0,0,0,138.3,62.9
8055,H18054,H,301.8,312.3,1520.0,25.3,126.0,0,No Failure,0,0,0,0,0,148.4,67.4
8056,M18055,M,301.6,312.0,1292.0,28.4,131.0,0,No Failure,0,0,0,0,0,141.9,64.5
8057,M18056,M,303.9,314.9,1168.0,44.0,135.0,0,No Failure,0,0,0,0,0,127.9,58.2
8058,L18057,L,300.7,309.4,1168.0,46.3,139.0,0,No Failure,0,0,0,0,0,105.9,48.1
8059,M18058,M,300.6,309.7,1168.0,42.5,142.0,0,No Failure,0,0,0,0,0,114.4,52.0
8060,H18059,H,303.8,313.6,1209.0,35.3,145.0,0,No Failure,0,0,0,0,0,128.1,58.2
8061,M18060,M,303.0,314.0,1246.0,34.9,151.0,0,No Failure,0,0,0,0,0,124.6,56.6
8062,L18061,L,312.38,310.1,1381.0,42.2,155.0,0,No Failure,0,0,0,0,0,108.6,49.4
8063,M18062,M,298.4,308.3,1258.0,27.5,157.0,0,No Failure,0,0,0,0,0,121.5,55.2
8064,M18063,M,299.7,309.5,1231.0,40.9,160.0,0,No Failure,0,0,0,0,0,111.7,50.8
8065,H18064,H,299.3,307.7,1286.0,,164.0,1,HDF (Heat Dissipation),0,1,0,0,0,2.8,48.5
8066,L18065,L,301.3,310.8,1333.0,29.5,170.0,0,No Failure,0,0,0,0,0,112.5,51.2
8067,L18066,L,300.3,310.8,1537.0,41.8,173.0,0,No Failure,0,0,0,0,0,100.5,45.7
8068,L18067,L,304.1,312.6,1168.0,45.8,176.0,1,HDF (Heat Dissipation),0,1,0,0,0,6.7,35.3
8069,L18068,L,298.4,309.8,1450.0,43.4,178.0,0,No Failure,0,0,0,0,0,95.3,43.3
8070,H18069,H,299.1,309.6,1198.0,28.9,180.0,0,No Failure,0,0,0,0,0,109.6,49.8
8071,L18070,L,301.6,311.9,1298.0,-22.46,185.0,1,PWF (Power Failure),0,0,1,0,0,7.4,42.3
8072,M18071,M,302.1,312.1,1168.0,39.9,188.0,0,No Failure,0,0,0,0,0,96.0,43.6
8073,L18072,L,296.5,305.4,1357.0,69.63,-172.78,1,PWF (Power Failure),0,0,1,0,0,1.8,38.6
8074,L18073,L,298.1,307.5,1168.0,49.4,194.0,0,No Failure,0,0,0,0,0,70.5,32.1
8075,H18074,H,300.7,311.1,1456.0,29.2,197.0,0,No Failure,0,0,0,0,0,104.1,47.3
8076,L18075,L,303.6,312.9,1168.0,62.3,203.0,1,OSF (Overstrain Failure),0,0,0,1,0,0.7,21.4
8077,L18076,L,,314.8,1168.0,30.4,206.0,1,TWF (Tool Wear Failure),1,0,0,0,0,7.0,40.7
8078,L18077,L,300.4,309.5,761.46,44.6,209.0,0,No Failure,0,0,0,0,0,68.5,31.1
8079,H18078,H,300.9,311.4,1168.0,32.6,212.0,0,No Failure,0,0,0,0,0,91.6,41.7
8080,H18079,H,299.7,310.2,1168.0,38.3,218.0,0,No Failure,0,0,0,0,0,81.7,37.1
8081,L18080,L,302.3,310.7,1214.0,41.8,224.0,1,HDF (Heat Dissipation),1,1,0,0,0,3.1,22.1
8082,M18081,M,303.9,314.0,1168.0,48.6,227.0,1,TWF (Tool Wear Failure),1,0,0,0,0,0.8,27.0
8083,L18082,L,303.5,312.0,1168.0,50.2,231.0,1,HDF (Heat Dissipation),1,1,0,1,0,6.0,14.7
8084,M18083,M,301.1,309.2,1202.0,47.3,234.0,1,HDF (Heat Dissipation),1,1,0,0,0,5.5,16.1
8085,L18084,L,299.7,309.1,1249.0,50.4,0.0,0,No Failure,0,0,0,0,0,214.7,97.6
8086,H18085,H,301.2,314.0,1168.0,33.8,3.0,0,No Failure,0,0,0,0,0,218.2,99.2
8087,H18086,H,303.7,314.5,1238.0,46.5,8.0,0,No Failure,0,0,0,0,0,214.6,97.5
8088,L18087,L,300.5,311.9,1315.0,36.6,14.0,0,No Failure,0,0,0,0,0,210.8,95.8
8089,L18088,L,297.9,308.5,1282.0,49.9,17.0,0,No Failure,0,0,0,0,0,207.4,94.3
8090,L18089,L,300.5,310.7,1202.0,41.2,20.0,0,No Failure,0,0,0,0,0,206.3,93.8
8091,L18090,L,300.7,311.6,1360.0,46.2,22.0,0,No Failure,0,0,0,0,0,204.2,92.8
8092,L18091,L,297.9,307.3,1186.0,42.9,24.0,0,No Failure,0,0,0,0,0,196.7,89.4
8093,L18092,L,301.6,312.1,1168.0,47.6,27.0,0,No Failure,0,0,0,0,0,200.4,91.1
8094,H18093,H,302.1,313.3,1246.0,31.9,29.0,0,No Failure,0,0,0,0,0,202.5,92.1
8095,L18094,L,304.5,315.2,1523.0,24.3,34.0,0,No Failure,0,0,0,0,0,200.1,90.9
8096,H18095,H,298.8,310.0,1168.0,49.9,36.0,0,No Failure,0,0,0,0,0,195.0,88.7
8097,L18096,L,302.5,312.7,1168.0,53.4,41.0,0,No Failure,0,0,0,0,0,188.8,85.8
8098,M18097,M,302.9,314.6,,38.8,43.0,0,No Failure,0,0,0,0,0,191.9,87.2
8099,L18098,L,302.1,311.9,1168.0,48.1,46.0,0,No Failure,0,0,0,0,0,184.3,83.8
8100,H18099,H,299.4,311.5,1618.0,23.7,49.0,0,No Failure,0,0,0,0,0,192.5,87.5
8101,L18100,L,299.3,309.9,1208.0,33.8,54.0,0,No Failure,0,0,0,0,0,185.3,84.2
8102,L18101,L,301.4,311.0,1286.0,40.8,57.0,0,No Failure,0,0,0,0,0,178.1,80.9
8103,M18102,M,301.4,310.2,1252.0,22.6,59.0,1,PWF (Power Failure),0,0,1,0,0,1.7,70.1
8104,M18103,M,300.2,309.4,1419.0,24.7,62.0,0,No Failure,0,0,0,0,0,179.6,81.7
8105,M18104,M,303.5,312.5,1209.0,41.6,66.0,0,No Failure,0,0,0,0,0,165.3,75.1
8106,L18105,L,300.5,310.4,1421.0,33.9,70.0,0,No Failure,0,0,0,0,0,174.8,79.5
8107,L18106,L,297.8,306.5,1298.0,36.5,72.0,0,No Failure,0,0,0,0,0,163.9,74.5
8108,H18107,H,300.8,312.1,1168.0,35.9,75.0,0,No Failure,0,0,0,0,0,173.3,78.8
8109,M18108,M,302.1,312.2,1386.0,27.2,81.0,0,No Failure,0,0,0,0,0,172.2,78.3
8110,M18109,M,301.8,311.9,1168.0,37.8,85.0,0,No Failure,0,0,0,0,0,164.9,75.0
8111,L18110,L,301.8,310.6,1168.0,39.9,89.0,0,No Failure,0,0,0,0,0,146.3,66.5
8112,L18111,L,303.9,313.1,1214.0,34.2,92.0,0,No Failure,0,0,0,0,0,152.3,69.2
8113,H18112,H,299.2,307.0,1277.0,35.0,94.0,1,HDF (Heat Dissipation),0,1,0,0,0,6.8,66.0
8114,M18113,M,300.4,,1188.0,38.0,100.0,0,No Failure,0,0,0,0,0,155.1,70.5
8115,L18114,L,304.0,312.6,1168.0,48.2,104.0,0,No Failure,0,0,0,0,0,128.8,58.5
8116,H18115,H,297.7,306.4,1309.0,39.1,106.0,0,No Failure,0,0,0,0,0,144.3,65.6
8117,M18116,M,301.1,312.5,1502.0,20.7,112.0,1,PWF (Power Failure),0,0,1,0,0,6.2,65.0
8118,L18117,L,303.4,313.8,1401.0,28.1,116.0,0,No Failure,0,0,0,0,0,149.4,67.9
8119,L18118,L,303.4,313.5,1183.0,49.3,118.0,0,No Failure,0,0,0,0,0,133.2,60.5
8120,M18119,M,302.4,312.7,1168.0,33.1,,0,No Failure,0,0,0,0,0,145.4,66.1
8121,L18120,L,302.4,313.4,1168.0,39.1,124.0,0,No Failure,0,0,0,0,0,136.3,62.0
8122,M18121,M,299.3,309.4,1238.0,59.2,126.0,0,No Failure,0,0,0,0,0,123.5,56.2
8123,M18122,M,303.7,312.2,1331.0,46.3,129.0,1,HDF (Heat Dissipation),0,1,0,0,0,1.5,55.7
8124,L18123,L,299.0,309.7,1378.0,18.5,133.0,1,PWF (Power Failure),0,0,1,0,0,3.6,56.7
8125,H18124,H,299.1,309.5,1219.0,54.4,135.0,0,No Failure,0,0,0,0,0,123.3,56.1
8126,L18125,L,301.9,313.1,1224.0,41.5,140.0,0,No Failure,0,0,0,0,0,123.5,56.2
8127,L18126,L,300.3,309.1,1168.0,43.7,142.0,0,No Failure,0,0,0,0,0,107.1,48.7
8128,M18127,M,301.6,310.9,770.3,43.0,145.0,0,No Failure,0,0,0,0,0,115.0,52.3
8129,M18128,M,302.0,312.4,1168.0,49.1,148.0,0,No Failure,0,0,0,0,0,114.9,52.2
8130,L18129,L,304.4,313.5,1168.0,39.2,152.0,0,No Failure,0,0,0,0,0,107.5,48.8
8131,M18130,M,302.0,309.6,1412.0,25.2,155.0,0,No Failure,0,0,0,0,0,124.3,56.5
8132,H18131,H,311.22,310.3,1189.0,43.2,158.0,0,No Failure,0,0,0,0,0,115.8,52.6
8133,H18132,H,302.4,313.3,1265.0,26.2,164.0,1,PWF (Power Failure),0,0,1,0,0,5.8,53.2
8134,H18133,H,299.7,309.6,1168.0,58.2,170.0,0,No Failure,0,0,0,0,0,93.9,42.7
8135,L18134,L,302.8,313.3,1228.0,36.4,176.0,0,No Failure,0,0,0,0,0,104.1,47.3
8136,L18135,L,301.3,311.7,1168.0,39.5,178.0,0,No Failure,0,0,0,0,0,99.5,45.2
8137,M18136,M,301.9,311.9,1391.0,33.2,180.0,0,No Failure,0,0,0,0,0,107.9,49.1
8138,L18137,L,298.0,308.1,1168.0,43.4,183.0,0,No Failure,0,0,0,0,0,91.8,41.7
8139,M18138,M,297.1,308.4,1168.0,44.5,185.0,0,No Failure,0,0,0,0,0,93.3,42.4
8140,L18139,L,298.5,307.5,1168.0,33.2,188.0,0,No Failure,0,0,0,0,0,88.8,40.4
8141,L18140,L,304.3,315.1,1168.0,44.5,191.0,0,No Failure,0,0,0,0,0,85.0,38.6
8142,L18141,L,299.1,307.9,1461.0,40.7,193.0,0,No Failure,0,0,0,0,0,87.9,40.0
8143,L18142,L,302.5,311.7,1168.0,39.0,195.0,0,No Failure,0,0,0,0,0,79.8,36.3
8144,L18143,L,300.0,311.2,1192.0,32.5,198.0,0,No Failure,0,0,0,0,0,94.3,42.8
8145,M18144,M,300.8,309.6,1168.0,63.1,201.0,1,OSF (Overstrain Failure),0,0,0,1,0,3.0,22.1
8146,M18145,M,301.1,310.9,1168.0,51.8,205.0,0,No Failure,0,0,0,0,0,69.2,31.5
8147,L18146,L,304.2,316.6,1168.0,47.3,0.0,0,No Failure,0,0,0,0,0,220.0,100.0
8148,L18147,L,302.3,313.3,1278.0,51.3,3.0,0,No Failure,0,0,0,0,0,217.8,99.0
8149,H18148,H,301.9,311.2,1168.0,43.0,5.0,0,No Failure,0,0,0,0,0,209.0,95.0
8150,L18149,L,303.5,312.9,1172.0,36.5,11.0,0,No Failure,0,0,0,0,0,206.2,93.7
8151,M18150,M,300.1,309.9,1430.0,13.6,14.0,1,PWF (Power Failure),0,0,1,0,0,0.1,86.6
8152,M18151,M,303.1,314.4,1226.0,27.8,17.0,0,No Failure,0,0,0,0,0,203.6,92.5
8153,M18152,M,302.8,311.8,1236.0,61.7,20.0,0,No Failure,0,0,0,0,0,195.0,88.6
8154,H18153,H,302.8,311.7,1168.0,51.6,23.0,0,No Failure,0,0,0,0,0,191.8,87.2
8155,M18154,M,300.9,311.6,1305.0,42.0,29.0,0,No Failure,0,0,0,0,0,200.5,91.2
8156,H18155,H,300.4,308.7,1273.0,24.2,33.0,1,HDF (Heat Dissipation),0,1,1,0,0,7.2,78.4
8157,H18156,H,299.6,308.7,1168.0,46.3,39.0,0,No Failure,0,0,0,0,0,183.8,83.5
8158,L18157,L,299.7,309.6,1407.0,37.2,45.0,0,No Failure,0,0,0,0,0,190.0,86.3
8159,L18158,L,299.5,309.5,1213.0,47.0,47.0,0,No Failure,0,0,0,0,0,186.1,84.6
8160,L18159,L,301.9,310.5,1168.0,28.9,49.0,0,No Failure,0,0,0,0,0,167.3,76.0
8161,L18160,L,300.8,311.2,1634.0,35.1,51.0,0,No Failure,0,0,0,0,0,186.8,84.9
8162,M18161,M,302.0,312.6,1168.0,48.9,54.0,0,No Failure,0,0,0,0,0,181.7,82.6
8163,L18162,L,302.1,311.4,1329.0,59.3,58.0,0,No Failure,0,0,0,0,0,170.1,77.3
8164,L18163,L,299.3,311.0,1168.0,33.4,61.0,0,No Failure,0,0,0,0,0,180.9,82.2
8165,L18164,L,299.2,309.5,1168.0,30.0,63.0,0,No Failure,0,0,0,0,0,177.3,80.6
8166,M18165,M,300.8,309.8,1168.0,50.2,66.0,0,No Failure,0,0,0,0,0,161.7,73.5
8167,M18166,M,299.8,311.4,1180.0,27.4,70.0,1,PWF (Power Failure),0,0,1,0,0,3.5,76.0
8168,H18167,H,299.6,309.1,1234.0,28.1,73.0,0,No Failure,0,0,0,0,0,168.1,76.4
8169,L18168,L,304.2,314.4,1168.0,42.7,79.0,0,No Failure,0,0,0,0,0,165.0,75.0
8170,L18169,L,298.4,307.9,1168.0,60.9,81.0,0,No Failure,0,0,0,0,0,149.3,67.8
8171,H18170,H,304.8,315.4,1411.0,31.5,84.0,0,No Failure,0,0,0,0,0,169.6,77.1
8172,M18171,M,301.7,311.2,1327.0,36.3,89.0,0,No Failure,0,0,0,0,0,160.4,72.9
8173,M18172,M,303.0,312.6,1184.0,41.1,93.0,0,No Failure,0,0,0,0,0,153.7,69.8
8174,M18173,M,302.8,312.6,1168.0,35.3,96.0,0,No Failure,0,0,0,0,0,156.9,71.3
8175,L18174,L,302.3,311.8,1287.0,22.3,100.0,1,PWF (Power Failure),0,0,1,0,0,5.1,62.4
8176,H18175,H,304.2,315.3,1168.0,48.0,102.0,0,No Failure,0,0,0,0,0,150.3,68.3
8177,M18176,M,299.2,307.9,1168.0,41.9,108.0,0,No Failure,0,0,0,0,0,133.3,60.6
8178,M18177,M,300.9,310.9,1517.0,43.7,112.0,0,No Failure,0,0,0,0,0,143.8,65.4
8179,M18178,M,299.7,309.8,1191.0,38.6,115.0,0,No Failure,0,0,0,0,0,145.0,65.9
8180,L18179,L,298.1,308.0,697.36,55.1,118.0,0,No Failure,0,0,0,0,0,128.0,58.2
8181,L18180,L,300.0,311.0,1352.0,35.0,121.0,0,No Failure,0,0,0,0,0,141.4,64.2
8182,M18181,M,304.6,313.1,1168.0,29.2,123.0,1,HDF (Heat Dissipation),0,1,0,0,0,0.4,56.1
8183,M18182,M,300.9,311.5,1391.0,56.6,126.0,0,No Failure,0,0,0,0,0,125.3,57.0
8184,L18183,L,304.8,313.6,1479.0,18.0,129.0,1,PWF (Power Failure),0,0,1,0,0,2.8,57.9
8185,L18184,L,304.9,314.4,1168.0,38.5,132.0,0,No Failure,0,0,0,0,0,125.9,57.2
8186,H18185,H,306.6,315.3,1168.0,39.2,134.0,0,No Failure,0,0,0,0,0,120.1,54.6
8187,L18186,L,304.6,314.3,1285.0,38.9,484.54,0,No Failure,0,0,0,0,0,124.2,56.5
8188,L18187,L,305.4,314.8,1061.83,24.5,141.0,0,No Failure,0,0,0,0,0,137.2,62.4
8189,M18188,M,301.8,313.4,1414.0,28.1,143.0,0,No Failure,0,0,0,0,0,135.0,61.4
8190,H18189,H,301.6,311.8,1168.0,49.6,146.0,0,No Failure,0,0,0,0,0,119.0,54.1
8191,M18190,M,301.7,312.1,1168.0,53.9,151.0,0,No Failure,0,0,0,0,0,108.8,49.5
8192,H18191,H,301.2,310.1,1168.0,35.8,154.0,0,No Failure,0,0,0,0,0,112.1,51.0
8193,L18192,L,301.5,312.2,1168.0,30.7,159.0,0,No Failure,0,0,0,0,0,119.5,54.3
8194,H18193,H,302.5,314.1,1179.0,22.2,161.0,1,PWF (Power Failure),0,0,1,0,0,3.9,49.6
8195,H18194,H,300.3,311.2,1188.0,49.4,166.0,0,No Failure,0,0,0,0,0,105.3,47.9
8196,M18195,M,298.7,307.4,1168.0,50.0,172.0,0,No Failure,0,0,0,0,0,82.7,37.6
8197,M18196,M,301.8,311.3,1720.0,11.9,176.0,1,PWF (Power Failure),0,0,1,0,0,5.5,49.6
8198,L18197,L,299.9,310.0,1717.0,15.8,180.0,1,PWF (Power Failure),0,0,1,0,0,6.0,46.2
8199,L18198,L,300.1,309.5,1259.0,41.4,182.0,0,No Failure,0,0,0,0,0,89.7,40.8
8200,L18199,L,300.9,313.4,1210.0,42.7,185.0,0,No Failure,0,0,0,0,0,91.2,41.5
8201,L18200,L,300.5,310.0,1405.0,35.2,187.0,0,No Failure,0,0,0,0,0,97.2,44.2
8202,H18201,H,303.2,303.27,1168.0,39.7,190.0,0,No Failure,0,0,0,0,0,98.1,44.6
8203,L18202,L,300.9,310.3,1168.0,37.5,196.0,0,No Failure,0,0,0,0,0,83.1,37.8
8204,M18203,M,303.3,313.5,1168.0,40.3,,0,No Failure,0,0,0,0,0,88.3,40.2
8205,L18204,L,292.82,312.9,1323.0,31.0,203.0,0,No Failure,0,0,0,0,0,92.9,42.2
8206,L18205,L,301.0,311.1,1239.0,39.9,205.0,0,No Failure,0,0,0,0,0,80.7,36.7
8207,L18206,L,301.5,311.3,1168.0,33.3,207.0,0,No Failure,0,0,0,0,0,85.4,38.8
8208,L18207,L,298.8,307.7,1175.0,32.4,209.0,0,No Failure,0,0,0,0,0,75.3,34.2
8209,M18208,M,301.8,313.0,1530.0,21.3,211.0,1,PWF (Power Failure),0,0,1,0,0,6.8,41.7
8210,H18209,H,302.7,312.6,1168.0,38.2,215.0,0,No Failure,0,0,0,0,0,82.6,37.5
8211,L18210,L,303.0,312.8,1422.0,48.0,220.0,1,TWF (Tool Wear Failure),1,0,0,0,0,1.0,27.1
8212,H18211,H,298.7,306.4,1178.0,36.7,0.0,1,HDF (Heat Dissipation),0,1,0,0,0,0.7,88.5
8213,M18212,M,298.4,308.3,1190.0,36.5,6.0,0,No Failure,0,0,0,0,0,215.1,97.8
8214,M18213,M,300.2,309.8,1168.0,52.6,10.0,0,No Failure,0,0,0,0,0,208.3,94.7
8215,L18214,L,303.7,311.9,1174.0,50.2,13.0,1,HDF (Heat Dissipation),0,1,0,0,0,3.0,86.6
8216,L18215,L,301.6,312.6,1168.0,57.3,16.0,0,No Failure,0,0,0,0,0,207.5,94.3
8217,H18216,H,299.8,309.3,1168.0,62.6,18.0,0,No Failure,0,0,0,0,0,200.9,91.3
8218,M18217,M,298.6,310.5,1168.0,40.6,24.0,0,No Failure,0,0,0,0,0,204.1,92.8
8219,L18218,L,299.9,311.3,1180.0,28.4,28.0,0,No Failure,0,0,0,0,0,194.9,88.6
8220,H18219,H,299.8,309.1,1168.0,34.8,31.0,0,No Failure,0,0,0,0,0,193.2,87.8
8221,L18220,L,302.8,314.2,1168.0,45.7,37.0,0,No Failure,0,0,0,0,0,193.6,88.0
8222,M18221,M,303.0,314.6,1168.0,54.4,39.0,0,No Failure,0,0,0,0,0,191.2,86.9
8223,L18222,L,299.3,308.7,1168.0,29.5,42.0,0,No Failure,0,0,0,0,0,182.2,82.8
8224,H18223,H,302.5,311.5,1168.0,42.6,45.0,0,No Failure,0,0,0,0,0,179.5,81.6
8225,L18224,L,302.3,310.1,1199.0,32.1,51.0,1,HDF (Heat Dissipation),0,1,0,0,0,1.0,74.3
8226,L18225,L,299.0,309.4,1288.0,38.5,53.0,0,No Failure,0,0,0,0,0,184.4,83.8
8227,M18226,M,301.0,310.0,1168.0,38.4,56.0,0,No Failure,0,0,0,0,0,172.5,78.4
8228,L18227,L,301.8,312.2,1168.0,43.8,59.0,0,No Failure,0,0,0,0,0,178.5,81.2
8229,H18228,H,290.71,,1168.0,60.3,61.0,0,No Failure,0,0,0,0,0,167.9,76.3
8230,M18229,M,298.1,307.3,1210.0,44.8,66.0,0,No Failure,0,0,0,0,0,166.2,75.6
8231,L18230,L,301.4,310.8,1168.0,35.7,,0,No Failure,0,0,0,0,0,168.3,76.5
8232,L18231,L,302.3,311.0,1273.0,34.1,72.0,0,No Failure,0,0,0,0,0,163.5,74.3
8233,H18232,H,304.0,313.4,1168.0,38.1,75.0,0,No Failure,0,0,0,0,0,165.9,75.4
8234,M18233,M,300.0,309.3,1168.0,31.3,81.0,0,No Failure,0,0,0,0,0,162.7,74.0
8235,H18234,H,300.2,310.2,1168.0,41.4,84.0,0,No Failure,0,0,0,0,0,165.4,75.2
8236,L18235,L,300.8,310.9,1335.0,15.9,90.0,1,PWF (Power Failure),0,0,1,0,0,2.5,68.1
8237,H18236,H,301.7,310.6,1282.0,37.9,92.0,0,No Failure,0,0,0,0,0,153.7,69.9
8238,M18237,M,301.3,312.4,1436.0,38.7,97.0,0,No Failure,0,0,0,0,0,156.7,71.2
8239,M18238,M,302.2,312.0,1269.0,28.4,101.0,0,No Failure,0,0,0,0,0,157.5,71.6
8240,L18239,L,299.1,310.6,1168.0,36.2,105.0,0,No Failure,0,0,0,0,0,151.0,68.6
8241,L18240,L,301.9,312.1,1168.0,51.2,108.0,0,No Failure,0,0,0,0,0,139.3,63.3
8242,H18241,H,299.8,309.9,1168.0,51.9,110.0,0,No Failure,0,0,0,0,0,142.6,64.8
8243,H18242,H,300.9,310.4,1368.0,34.7,116.0,0,No Failure,0,0,0,0,0,146.7,66.7
8244,L18243,L,304.2,314.8,1168.0,45.2,121.0,0,No Failure,0,0,0,0,0,133.9,60.9
8245,H18244,H,298.6,308.6,1408.0,25.0,123.0,0,No Failure,0,0,0,0,0,147.1,66.9
8246,L18245,L,300.6,311.5,1168.0,37.0,129.0,0,No Failure,0,0,0,0,0,134.6,61.2
8247,L18246,L,298.8,310.4,,42.3,132.0,0,No Failure,0,0,0,0,0,128.4,58.4
8248,L18247,L,301.4,,1168.0,55.3,134.0,0,No Failure,0,0,0,0,0,108.9,49.5
8249,L18248,L,303.0,313.6,1168.0,51.9,136.0,0,No Failure,0,0,0,0,0,117.8,53.5
8250,L18249,L,301.4,312.0,1168.0,42.1,139.0,0,No Failure,0,0,0,0,0,123.7,56.2
8251,L18250,L,300.9,311.4,1317.0,30.9,142.0,0,No Failure,0,0,0,0,0,131.2,59.6
8252,L18251,L,303.5,313.1,1168.0,53.6,145.0,0,No Failure,0,0,0,0,0,105.2,47.8
8253,M18252,M,301.7,311.3,1190.0,36.6,147.0,0,No Failure,0,0,0,0,0,121.3,55.1
8254,H18253,H,302.6,312.0,1168.0,44.5,150.0,0,No Failure,0,0,0,0,0,113.5,51.6
8255,M18254,M,302.4,311.8,1283.0,38.8,156.0,0,No Failure,0,0,0,0,0,113.7,51.7
8256,L18255,L,296.0,305.2,1267.0,59.9,159.0,0,No Failure,0,0,0,0,0,86.5,39.3
8257,M18256,M,301.0,320.65,1479.0,33.9,161.0,0,No Failure,0,0,0,0,0,119.1,54.2
8258,L18257,L,299.2,308.4,1168.0,49.2,165.0,0,No Failure,0,0,0,0,0,89.9,40.9
8259,M18258,M,299.6,310.0,1219.0,39.1,167.0,0,No Failure,0,0,0,0,0,110.6,50.3
8260,M18259,M,303.8,313.9,1168.0,45.7,170.0,0,No Failure,0,0,0,0,0,102.5,46.6
8261,L18260,L,300.5,310.7,1250.0,56.2,173.0,0,No Failure,0,0,0,0,0,85.5,38.9
8262,L18261,L,304.5,314.2,1347.0,20.0,176.0,1,PWF (Power Failure),0,0,1,0,0,0.4,44.6
8263,H18262,H,298.6,308.7,1287.0,39.3,179.0,0,No Failure,0,0,0,0,0,105.5,48.0
8264,H18263,H,299.2,309.0,1236.0,31.1,185.0,0,No Failure,0,0,0,0,0,107.5,48.9
8265,M18264,M,302.5,313.3,1168.0,44.5,191.0,0,No Failure,0,0,0,0,0,89.2,40.6
8266,H18265,H,300.5,310.1,1175.0,46.9,194.0,0,No Failure,0,0,0,0,0,84.0,38.2
8267,H18266,H,301.7,312.1,1190.0,35.3,200.0,0,No Failure,0,0,0,0,0,96.2,43.7
8268,L18267,L,300.9,309.6,1168.0,34.8,206.0,0,No Failure,0,0,0,0,0,72.0,32.7
8269,M18268,M,300.9,311.6,1192.0,42.0,208.0,0,No Failure,0,0,0,0,0,80.4,36.6
8270,L18269,L,300.6,310.0,1350.0,27.3,211.0,0,No Failure,0,0,0,0,0,90.0,40.9
8271,L18270,L,301.4,310.5,1168.0,43.3,0.0,0,No Failure,0,0,0,0,0,210.1,95.5
8272,L18271,L,302.3,311.2,1168.0,31.8,3.0,0,No Failure,0,0,0,0,0,206.0,93.6
8273,H18272,H,304.0,312.8,1176.0,47.3,6.0,0,No Failure,0,0,0,0,0,202.7,92.1
8274,M18273,M,300.8,310.3,607.41,26.8,12.0,1,PWF (Power Failure),0,0,1,0,0,2.6,88.6
8275,L18274,L,300.4,311.9,1372.0,34.3,15.0,0,No Failure,0,0,0,0,0,210.3,95.6
8276,L18275,L,300.2,309.6,1280.0,32.5,18.0,0,No Failure,0,0,0,0,0,204.1,92.8
8277,L18276,L,303.8,311.6,1347.0,37.0,20.0,1,HDF (Heat Dissipation),0,1,0,0,0,6.3,89.4
8278,M18277,M,302.4,312.8,1309.0,53.8,23.0,0,No Failure,0,0,0,0,0,203.1,92.3
8279,H18278,H,297.7,306.6,1261.0,48.5,26.0,0,No Failure,0,0,0,0,0,193.0,87.7
8280,L18279,L,297.6,308.4,1203.0,35.2,31.0,0,No Failure,0,0,0,0,0,199.8,90.8
8281,L18280,L,299.6,309.2,1168.0,35.2,34.0,0,No Failure,0,0,0,0,0,193.5,87.9
8282,M18281,M,301.5,311.2,1759.38,48.9,37.0,0,No Failure,0,0,0,0,0,190.5,86.6
8283,L18282,L,301.0,312.2,1563.0,28.4,40.0,0,No Failure,0,0,0,0,0,195.6,88.9
8284,M18283,M,302.0,312.6,1282.0,40.2,43.0,0,No Failure,0,0,0,0,0,191.6,87.1
8285,L18284,L,300.8,309.6,1704.21,33.9,46.0,0,No Failure,0,0,0,0,0,177.2,80.5
8286,L18285,L,303.6,312.5,1230.0,38.3,49.0,0,No Failure,0,0,0,0,0,176.5,80.2
8287,L18286,L,302.5,310.7,1168.0,48.1,52.0,1,HDF (Heat Dissipation),0,1,0,0,0,3.8,73.8
8288,H18287,H,301.2,313.8,1223.0,33.3,55.0,0,No Failure,0,0,0,0,0,186.5,84.8
8289,L18288,L,303.2,312.3,1168.0,49.7,61.0,0,No Failure,0,0,0,0,0,165.1,75.0
8290,L18289,L,298.1,309.3,1219.0,115.88,63.0,0,No Failure,0,0,0,0,0,168.8,76.7
8291,M18290,M,300.9,310.4,1168.0,46.0,65.0,0,No Failure,0,0,0,0,0,169.5,77.0
8292,H18291,H,301.3,310.2,1227.0,39.2,69.0,0,No Failure,0,0,0,0,0,165.1,75.1
8293,L18292,L,302.2,312.2,1168.0,51.6,74.0,0,No Failure,0,0,0,0,0,164.5,74.8
8294,L18293,L,,307.7,1177.0,28.9,76.0,0,No Failure,0,0,0,0,0,163.5,74.3
8295,M18294,M,300.6,311.4,1168.0,55.2,78.0,0,No Failure,0,0,0,0,0,162.0,73.6
8296,L18295,L,301.8,312.6,1409.0,32.5,81.0,0,No Failure,0,0,0,0,0,168.6,76.6
8297,M18296,M,301.9,311.3,1168.0,61.7,84.0,0,No Failure,0,0,0,0,0,147.9,67.2
8298,L18297,L,303.2,311.8,1256.0,32.8,88.0,0,No Failure,0,0,0,0,0,152.0,69.1
8299,L18298,L,,311.3,1168.0,46.6,91.0,0,No Failure,0,0,0,0,0,141.3,64.2
8300,L18299,L,301.0,308.7,1250.0,24.4,93.0,1,HDF (Heat Dissipation),0,1,1,0,0,1.9,58.4
8301,M18300,M,302.3,,1171.0,37.9,96.0,0,No Failure,0,0,0,0,0,154.4,70.2
8302,L18301,L,300.7,310.7,1243.0,29.2,100.0,0,No Failure,0,0,0,0,0,158.5,72.0
8303,L18302,L,301.3,310.2,1387.0,25.6,103.0,0,No Failure,0,0,0,0,0,153.6,69.8
8304,L18303,L,302.5,311.2,1352.0,52.1,105.0,0,No Failure,0,0,0,0,0,135.4,61.5
8305,M18304,M,301.0,311.0,1168.0,27.7,107.0,1,PWF (Power Failure),0,0,1,0,0,1.8,66.0
8306,L18305,L,301.7,311.1,1340.0,32.6,111.0,0,No Failure,0,0,0,0,0,146.5,66.6
8307,M18306,M,302.8,312.6,1352.0,31.5,114.0,0,No Failure,0,0,0,0,0,149.2,67.8
8308,M18307,M,302.4,312.0,1168.0,51.4,117.0,0,No Failure,0,0,0,0,0,131.0,59.6
8309,L18308,L,303.3,313.5,1168.0,50.2,120.0,0,No Failure,0,0,0,0,0,131.1,59.6
8310,H18309,H,305.3,314.7,1295.0,52.7,123.0,0,No Failure,0,0,0,0,0,128.9,58.6
8311,H18310,H,302.3,311.8,1217.0,32.1,129.0,0,No Failure,0,0,0,0,0,137.1,62.3
8312,L18311,L,300.2,308.3,1168.0,53.5,134.0,1,HDF (Heat Dissipation),0,1,0,0,0,0.4,44.1
8313,L18312,L,302.0,311.9,1195.0,32.1,137.0,0,No Failure,0,0,0,0,0,132.2,60.1
8314,L18313,L,301.9,324.0,1168.0,32.5,140.0,0,No Failure,0,0,0,0,0,131.1,59.6
8315,L18314,L,302.2,312.0,1168.0,33.0,143.0,0,No Failure,0,0,0,0,0,126.6,57.5
8316,M18315,M,303.8,315.7,1302.0,33.4,146.0,0,No Failure,0,0,0,0,0,128.9,58.6
8317,H18316,H,298.0,308.2,1168.0,39.1,150.0,0,No Failure,0,0,0,0,0,124.2,56.5
8318,H18317,H,303.8,313.6,1168.0,31.6,156.0,0,No Failure,0,0,0,0,0,124.1,56.4
8319,L18318,L,304.4,314.9,1168.0,42.3,162.0,0,No Failure,0,0,0,0,0,107.6,48.9
8320,L18319,L,311.65,314.2,1684.0,13.9,164.0,1,PWF (Power Failure),0,0,1,0,0,7.2,51.0
8321,L18320,L,302.1,312.4,1320.0,42.3,167.0,0,No Failure,0,0,0,0,0,104.1,47.3
8322,M18321,M,300.6,308.4,1300.0,29.1,170.0,1,HDF (Heat Dissipation),0,1,0,0,0,1.5,47.0
8323,L18322,L,301.1,311.5,1254.0,33.3,173.0,0,No Failure,0,0,0,0,0,109.3,49.7
8324,H18323,H,302.3,311.4,1304.0,33.5,176.0,0,No Failure,0,0,0,0,0,106.8,48.6
8325,H18324,H,302.2,310.3,1178.0,49.4,182.0,1,HDF (Heat Dissipation),0,1,0,0,0,7.4,33.4
8326,L18325,L,302.3,314.0,1254.0,45.0,188.0,0,No Failure,0,0,0,0,0,86.5,39.3
8327,M18326,M,302.2,313.7,1284.0,38.3,190.0,0,No Failure,0,0,0,0,0,96.4,43.8
8328,M18327,M,302.7,311.8,1168.0,32.8,193.0,0,No Failure,0,0,0,0,0,90.4,41.1
8329,H18328,H,302.5,311.6,1168.0,47.8,196.0,0,No Failure,0,0,0,0,0,76.3,34.7
8330,L18329,L,299.2,309.4,1168.0,57.9,202.0,1,OSF (Overstrain Failure),0,0,0,1,0,1.8,27.7
8331,L18330,L,302.5,311.6,1168.0,39.7,205.0,0,No Failure,0,0,0,0,0,71.1,32.3
8332,M18331,M,304.4,314.3,1168.0,24.0,207.0,1,PWF (Power Failure),0,0,1,0,0,3.3,35.7
8333,L18332,L,301.0,310.3,1168.0,33.0,210.0,1,TWF (Tool Wear Failure),1,0,0,0,0,3.8,35.6
8334,M18333,M,303.7,313.3,1168.0,45.6,212.0,0,No Failure,0,0,0,0,0,69.2,31.4
8335,L18334,L,299.4,308.0,1168.0,35.6,215.0,0,No Failure,0,0,0,0,0,64.1,29.1
8336,M18335,M,301.0,311.8,1214.0,31.4,217.0,0,No Failure,0,0,0,0,0,87.0,39.6
8337,H18336,H,299.9,311.1,1194.0,31.0,0.0,0,No Failure,0,0,0,0,0,220.0,100.0
8338,L18337,L,303.5,313.4,1203.0,40.9,6.0,0,No Failure,0,0,0,0,0,214.8,97.6
8339,L18338,L,304.0,314.0,1301.0,24.7,8.0,1,PWF (Power Failure),0,0,1,0,0,5.4,92.4
8340,M18339,M,300.9,311.5,1228.0,39.7,11.0,0,No Failure,0,0,0,0,0,212.8,96.7
8341,L18340,L,303.1,313.1,1259.0,40.9,15.0,0,No Failure,0,0,0,0,0,209.7,95.3
8342,M18341,M,304.0,315.7,1168.0,35.5,17.0,0,No Failure,0,0,0,0,0,209.2,95.1
8343,M18342,M,301.0,309.7,1168.0,29.6,20.0,0,No Failure,0,0,0,0,0,188.7,85.8
8344,L18343,L,301.3,312.2,1168.0,50.2,24.0,0,No Failure,0,0,0,0,0,202.2,91.9
8345,H18344,H,302.3,312.2,1308.0,26.7,27.0,0,No Failure,0,0,0,0,0,199.9,90.9
8346,M18345,M,299.5,308.4,1202.0,41.7,32.0,0,No Failure,0,0,0,0,0,186.6,84.8
8347,M18346,M,301.2,313.4,1205.0,-9.71,321.78,0,No Failure,0,0,0,0,0,194.8,88.5
8348,L18347,L,304.9,317.3,1406.0,41.6,40.0,0,No Failure,0,0,0,0,0,192.4,87.5
8349,L18348,L,300.1,321.98,1168.0,52.3,42.0,0,No Failure,0,0,0,0,0,186.1,84.6
8350,L18349,L,302.6,313.0,1303.0,28.6,45.0,0,No Failure,0,0,0,0,0,192.5,87.5
8351,H18350,H,302.0,311.5,1267.0,32.1,47.0,0,No Failure,0,0,0,0,0,187.6,85.3
8352,H18351,H,300.7,310.4,1168.0,35.4,52.0,0,No Failure,0,0,0,0,0,184.5,83.9
8353,H18352,H,301.4,310.3,1174.0,72.9,58.0,0,No Failure,0,0,0,0,0,150.7,68.5
8354,L18353,L,304.2,312.9,1168.0,45.1,64.0,0,No Failure,0,0,0,0,0,160.2,72.8
8355,M18354,M,302.0,313.8,1328.0,47.0,67.0,0,No Failure,0,0,0,0,0,173.2,78.7
8356,M18355,M,313.66,312.3,1168.0,46.5,70.0,0,No Failure,0,0,0,0,0,171.3,77.9
8357,M18356,M,303.9,314.0,1214.0,40.8,74.0,0,No Failure,0,0,0,0,0,170.8,77.7
8358,L18357,L,300.5,309.7,1168.0,50.5,77.0,0,No Failure,0,0,0,0,0,154.0,70.0
8359,H18358,H,299.1,309.3,1286.0,21.3,80.0,1,PWF (Power Failure),0,0,1,0,0,3.1,70.1
8360,L18359,L,304.2,312.7,1267.0,98.77,86.0,1,HDF (Heat Dissipation),0,1,0,0,0,1.2,67.3
8361,L18360,L,301.2,310.4,,-4.22,89.0,0,No Failure,0,0,0,0,0,148.4,67.4
8362,H18361,H,302.6,311.4,1328.0,50.2,92.0,0,No Failure,0,0,0,0,0,149.6,68.0
8363,L18362,L,299.6,310.9,1168.0,28.4,97.0,1,PWF (Power Failure),0,0,1,0,0,1.9,69.0
8364,L18363,L,301.7,310.0,1294.0,29.2,100.0,1,HDF (Heat Dissipation),0,1,0,0,0,4.5,66.7
8365,M18364,M,299.0,307.8,1453.0,29.8,103.0,0,No Failure,0,0,0,0,0,157.8,71.7
8366,H18365,H,301.1,309.1,1168.0,45.2,106.0,1,HDF (Heat Dissipation),0,1,0,0,0,6.6,57.7
8367,L18366,L,299.8,308.9,1168.0,45.4,111.0,0,No Failure,0,0,0,0,0,131.0,59.6
8368,M18367,M,299.4,308.9,1168.0,30.5,114.0,0,No Failure,0,0,0,0,0,143.3,65.1
8369,L18368,L,300.4,311.4,1168.0,59.1,118.0,0,No Failure,0,0,0,0,0,126.2,57.4
8370,L18369,L,296.9,306.7,1272.0,42.9,120.0,0,No Failure,0,0,0,0,0,134.7,61.2
8371,L18370,L,298.9,308.5,1171.0,41.2,122.0,0,No Failure,0,0,0,0,0,131.8,59.9
8372,M18371,M,302.4,312.7,1168.0,37.9,124.0,0,No Failure,0,0,0,0,0,139.6,63.5
8373,L18372,L,301.6,311.2,1168.0,49.3,128.0,0,No Failure,0,0,0,0,0,121.4,55.2
8374,L18373,L,299.0,311.4,1168.0,43.9,131.0,0,No Failure,0,0,0,0,0,127.9,58.1
8375,M18374,M,302.0,311.4,1168.0,58.9,134.0,0,No Failure,0,0,0,0,0,111.0,50.5
8376,M18375,M,299.4,309.8,1347.0,27.9,137.0,0,No Failure,0,0,0,0,0,138.7,63.0
8377,M18376,M,302.3,313.1,1418.0,24.5,140.0,0,No Failure,0,0,0,0,0,135.1,61.4
8378,H18377,H,300.8,310.2,1168.0,32.6,144.0,0,No Failure,0,0,0,0,0,126.2,57.4
8379,L18378,L,300.4,310.6,1169.0,,150.0,0,No Failure,0,0,0,0,0,113.0,51.4
8380,L18379,L,300.8,310.3,1168.0,35.7,153.0,0,No Failure,0,0,0,0,0,114.4,52.0
8381,L18380,L,305.6,315.9,1168.0,,156.0,0,No Failure,0,0,0,0,0,102.0,46.4
8382,M18381,M,299.6,309.7,1182.0,36.1,159.0,0,No Failure,0,0,0,0,0,118.5,53.9
8383,L18382,L,301.4,311.3,1168.0,50.8,163.0,0,No Failure,0,0,0,0,0,97.5,44.3
8384,L18383,L,302.4,311.2,1236.0,31.7,165.0,0,No Failure,0,0,0,0,0,104.7,47.6
8385,L18384,L,299.2,311.1,1168.0,51.8,167.0,0,No Failure,0,0,0,0,0,94.6,43.0
8386,L18385,L,298.1,308.7,1168.0,53.7,169.0,0,No Failure,0,0,0,0,0,91.2,41.4
8387,H18386,H,299.9,318.48,1319.0,34.4,171.0,1,HDF (Heat Dissipation),0,1,0,0,0,3.5,48.0
8388,M18387,M,302.3,311.9,1168.0,44.9,176.0,0,No Failure,0,0,0,0,0,94.7,43.0
8389,L18388,L,300.3,308.7,1250.0,42.7,179.0,1,HDF (Heat Dissipation),0,1,0,0,0,7.5,37.0
8390,M18389,M,300.5,311.3,1385.0,45.2,182.0,0,No Failure,0,0,0,0,0,94.7,43.0
8391,M18390,M,302.6,312.6,1168.0,52.8,186.0,0,No Failure,0,0,0,0,0,84.1,38.2
8392,L18391,L,299.5,309.5,1718.24,49.7,190.0,0,No Failure,0,0,0,0,0,79.7,36.2
8393,L18392,L,300.8,310.0,1277.0,45.1,193.0,0,No Failure,0,0,0,0,0,76.8,34.9
8394,M18393,M,298.2,307.9,1168.0,46.6,196.0,0,No Failure,0,0,0,0,0,80.2,36.5
8395,L18394,L,301.5,,1334.0,27.3,199.0,0,No Failure,0,0,0,0,0,99.8,45.4
8396,M18395,M,301.3,312.4,1168.0,39.6,202.0,0,No Failure,0,0,0,0,0,87.1,39.6
8397,M18396,M,302.4,313.2,1356.0,29.0,205.0,0,No Failure,0,0,0,0,0,97.1,44.1
8398,M18397,M,298.9,307.3,,39.8,209.0,1,HDF (Heat Dissipation),1,1,0,0,0,7.0,31.6
8399,H18398,H,300.6,310.4,1168.0,51.2,213.0,0,No Failure,0,0,0,0,0,68.7,31.2
8400,M18399,M,298.6,308.9,1168.0,-8.16,219.0,0,No Failure,0,0,0,0,0,75.6,34.4
8401,M18400,M,300.5,309.8,1629.0,14.9,223.0,1,PWF (Power Failure),0,0,1,0,0,1.6,37.1
8402,L18401,L,303.6,311.9,1168.0,29.5,0.0,1,HDF (Heat Dissipation),0,1,0,0,0,5.4,89.1
8403,M18402,M,300.3,309.0,1218.0,45.8,2.0,0,No Failure,0,0,0,0,0,205.3,93.3
8404,H18403,H,298.5,310.0,1223.0,,6.0,0,No Failure,0,0,0,0,0,216.3,98.3
8405,H18404,H,299.7,308.5,1168.0,47.8,11.0,0,No Failure,0,0,0,0,0,199.3,90.6
8406,H18405,H,298.0,308.0,1212.0,27.9,16.0,0,No Failure,0,0,0,0,0,203.6,92.5
8407,L18406,L,298.6,308.4,1214.0,43.8,21.0,0,No Failure,0,0,0,0,0,203.2,92.3
8408,M18407,M,302.1,311.9,1168.0,44.3,24.0,0,No Failure,0,0,0,0,0,201.4,91.5
8409,H18408,H,298.3,308.0,1168.0,47.9,27.0,0,No Failure,0,0,0,0,0,198.3,90.1
8410,M18409,M,301.5,312.3,1281.0,33.4,33.0,0,No Failure,0,0,0,0,0,199.4,90.6
8411,M18410,M,300.9,310.9,1168.0,47.8,37.0,0,No Failure,0,0,0,0,0,194.0,88.2
8412,M18411,M,299.9,309.3,1168.0,55.1,41.0,0,No Failure,0,0,0,0,0,182.9,83.2
8413,M18412,M,301.3,311.4,1543.0,17.3,45.0,1,PWF (Power Failure),0,0,1,0,0,3.5,79.1
8414,L18413,L,299.2,307.9,1168.0,40.5,49.0,0,No Failure,0,0,0,0,0,172.2,78.3
8415,L18414,L,302.4,312.9,1659.0,21.9,51.0,0,No Failure,0,0,0,0,0,190.9,86.8
8416,H18415,H,299.6,308.9,1168.0,31.4,54.0,0,No Failure,0,0,0,0,0,179.9,81.8
8417,H18416,H,300.2,297.85,1241.0,32.2,60.0,0,No Failure,0,0,0,0,0,178.3,81.0
8418,H18417,H,300.0,310.5,1364.0,39.3,65.0,0,No Failure,0,0,0,0,0,178.4,81.1
8419,L18418,L,302.1,311.7,1257.0,43.8,71.0,0,No Failure,0,0,0,0,0,166.7,75.8
8420,L18419,L,301.9,311.5,1220.0,49.0,74.0,0,No Failure,0,0,0,0,0,161.6,73.5
8421,L18420,L,296.2,307.4,1286.0,42.6,76.0,0,No Failure,0,0,0,0,0,167.1,76.0
8422,H18421,H,301.3,310.3,1210.0,46.7,79.0,0,No Failure,0,0,0,0,0,155.9,70.9
8423,M18422,M,297.7,308.2,1308.0,29.2,84.0,0,No Failure,0,0,0,0,0,169.5,77.1
8424,H18423,H,300.3,311.2,1214.0,50.6,88.0,0,No Failure,0,0,0,0,0,158.7,72.1
8425,L18424,L,300.7,311.9,1763.0,7.0,94.0,1,PWF (Power Failure),0,0,1,0,0,0.5,69.4
8426,M18425,M,300.2,312.4,1191.0,55.3,97.0,0,No Failure,0,0,0,0,0,147.8,67.2
8427,M18426,M,301.8,311.2,1764.76,53.5,101.0,0,No Failure,0,0,0,0,0,139.2,63.3
8428,L18427,L,302.2,311.3,1168.0,47.5,105.0,0,No Failure,0,0,0,0,0,134.0,60.9
8429,H18428,H,299.5,310.3,1215.0,62.3,108.0,0,No Failure,0,0,0,0,0,138.3,62.9
8430,M18429,M,299.4,310.3,1361.0,22.0,113.0,1,PWF (Power Failure),0,0,1,0,0,2.9,62.9
8431,L18430,L,,310.0,1193.0,47.8,117.0,0,No Failure,0,0,0,0,0,126.2,57.3
8432,L18431,L,298.1,308.6,1168.0,41.4,119.0,0,No Failure,0,0,0,0,0,138.1,62.8
8433,H18432,H,300.0,312.7,1168.0,42.4,122.0,0,No Failure,0,0,0,0,0,140.1,63.7
8434,M18433,M,303.3,313.4,1202.0,28.4,127.0,0,No Failure,0,0,0,0,0,138.1,62.8
8435,M18434,M,298.1,309.0,1210.0,43.9,130.0,0,No Failure,0,0,0,0,0,131.4,59.7
8436,M18435,M,300.2,311.8,1168.0,43.5,133.0,0,No Failure,0,0,0,0,0,129.7,58.9
8437,L18436,L,299.8,312.3,1168.0,33.1,,0,No Failure,0,0,0,0,0,133.2,60.5
8438,M18437,M,304.5,314.7,1168.0,39.3,139.0,0,No Failure,0,0,0,0,0,128.8,58.5
8439,H18438,H,299.9,311.2,1335.0,26.9,142.0,0,No Failure,0,0,0,0,0,137.0,62.3
8440,L18439,L,300.0,309.2,1332.0,36.0,148.0,0,No Failure,0,0,0,0,0,118.8,54.0
8441,M18440,M,299.0,309.0,1168.0,49.6,150.0,0,No Failure,0,0,0,0,0,113.1,51.4
8442,L18441,L,300.9,310.5,1168.0,49.8,153.0,0,No Failure,0,0,0,0,0,102.6,46.6
8443,L18442,L,301.3,309.4,1168.0,47.7,155.0,1,HDF (Heat Dissipation),0,1,0,0,0,1.6,39.3
8444,L18443,L,299.2,307.6,1272.0,49.6,158.0,1,HDF (Heat Dissipation),0,1,0,0,0,6.6,41.3
8445,H18444,H,302.6,313.0,1246.0,49.7,160.0,0,No Failure,0,0,0,0,0,109.2,49.6
8446,L18445,L,301.3,311.7,1168.0,33.6,166.0,0,No Failure,0,0,0,0,0,113.5,51.6
8447,L18446,L,302.4,311.4,1458.0,43.4,168.0,0,No Failure,0,0,0,0,0,102.3,46.5
8448,M18447,M,300.2,311.8,1254.0,50.9,170.0,0,No Failure,0,0,0,0,0,97.6,44.4
8449,L18448,L,301.3,310.2,1527.0,26.2,174.0,0,No Failure,0,0,0,0,0,116.1,52.8
8450,M18449,M,300.4,310.7,1168.0,26.1,176.0,1,PWF (Power Failure),0,0,1,0,0,1.8,45.7
8451,H18450,H,303.4,313.0,1206.0,25.6,180.0,1,PWF (Power Failure),0,0,1,0,0,4.4,44.3
8452,L18451,L,301.0,311.1,1489.0,22.1,185.0,1,PWF (Power Failure),0,0,1,0,0,4.5,47.4
8453,L18452,L,300.8,311.7,1168.0,29.5,188.0,0,No Failure,0,0,0,0,0,98.7,44.9
8454,H18453,H,300.0,310.8,1320.0,34.7,190.0,0,No Failure,0,0,0,0,0,102.9,46.8
8455,L18454,L,299.9,310.6,1251.0,55.1,196.0,0,No Failure,0,0,0,0,0,69.0,31.3
8456,L18455,L,301.2,311.8,1168.0,35.6,198.0,0,No Failure,0,0,0,0,0,90.6,41.2
8457,H18456,H,302.3,311.0,1555.0,24.8,201.0,0,No Failure,0,0,0,0,0,106.3,48.3
8458,H18457,H,299.6,310.7,1268.0,41.7,206.0,1,TWF (Tool Wear Failure),1,0,0,0,0,0.5,39.0
8459,M18458,M,301.0,309.9,1168.0,38.1,212.0,1,TWF (Tool Wear Failure),1,0,0,0,0,0.7,31.9
8460,M18459,M,301.1,311.0,1168.0,78.76,216.0,0,No Failure,0,0,0,0,0,85.6,38.9
8461,H18460,H,301.4,311.0,1355.0,34.1,219.0,0,No Failure,0,0,0,0,0,84.1,38.2
8462,M18461,M,297.7,308.1,1168.0,50.7,225.0,1,TWF (Tool Wear Failure),1,0,0,0,0,4.5,26.5
8463,M18462,M,299.1,308.6,1415.0,25.9,0.0,0,No Failure,0,0,0,0,0,219.2,99.6
8464,H18463,H,298.3,308.1,1436.0,23.3,3.0,0,No Failure,0,0,0,0,0,210.1,95.5
8465,M18464,M,300.8,312.4,1208.0,44.7,9.0,0,No Failure,0,0,0,0,0,213.8,97.2
8466,M18465,M,299.2,307.9,1168.0,33.9,13.0,0,No Failure,0,0,0,0,0,197.6,89.8
8467,L18466,L,299.9,309.9,1168.0,55.5,16.0,0,No Failure,0,0,0,0,0,207.6,94.4
8468,M18467,M,298.6,307.5,899.78,38.5,19.0,0,No Failure,0,0,0,0,0,202.0,91.8
8469,M18468,M,300.1,310.8,1170.0,39.0,22.0,0,No Failure,0,0,0,0,0,205.6,93.5
8470,L18469,L,298.8,317.86,1230.0,47.9,26.0,0,No Failure,0,0,0,0,0,194.3,88.3
8471,L18470,L,302.1,312.1,1640.0,23.3,29.0,0,No Failure,0,0,0,0,0,203.2,92.4
8472,H18471,H,301.6,310.3,1168.0,43.4,31.0,0,No Failure,0,0,0,0,0,185.2,84.2
8473,L18472,L,301.0,312.3,1168.0,36.3,37.0,0,No Failure,0,0,0,0,0,195.7,88.9
8474,L18473,L,300.2,310.3,1168.0,50.3,39.0,0,No Failure,0,0,0,0,0,191.1,86.8
8475,L18474,L,297.1,307.2,1168.0,33.5,42.0,0,No Failure,0,0,0,0,0,193.1,87.8
8476,L18475,L,299.9,310.7,1168.0,41.8,44.0,0,No Failure,0,0,0,0,0,189.6,86.2
8477,M18476,M,299.4,308.1,1278.0,36.4,46.0,0,No Failure,0,0,0,0,0,180.7,82.1
8478,L18477,L,301.2,310.6,1246.0,44.1,49.0,0,No Failure,0,0,0,0,0,180.1,81.9
8479,L18478,L,301.9,312.1,1168.0,37.5,51.0,0,No Failure,0,0,0,0,0,186.1,84.6
8480,H18479,H,301.3,309.5,1264.0,42.6,53.0,1,HDF (Heat Dissipation),0,1,0,0,0,1.1,77.5
8481,L18480,L,303.0,311.3,1213.0,,59.0,1,HDF (Heat Dissipation),0,1,0,0,0,5.4,70.9
8482,L18481,L,299.7,308.9,1168.0,37.1,62.0,0,No Failure,0,0,0,0,0,170.1,77.3
8483,H18482,H,299.6,308.5,1168.0,44.0,64.0,0,No Failure,0,0,0,0,0,165.4,75.2
8484,M18483,M,302.6,312.3,1168.0,62.9,69.0,0,No Failure,0,0,0,0,0,162.5,73.8
8485,M18484,M,301.0,311.5,1191.0,43.9,72.0,0,No Failure,0,0,0,0,0,170.9,77.7
8486,H18485,H,300.3,311.0,1731.0,15.7,76.0,1,PWF (Power Failure),0,0,1,0,0,1.1,72.0
8487,H18486,H,304.1,315.9,1315.0,33.3,82.0,0,No Failure,0,0,0,0,0,170.1,77.3
8488,L18487,L,301.8,311.8,1349.0,28.0,88.0,0,No Failure,0,0,0,0,0,166.5,75.7
8489,M18488,M,300.4,310.6,1168.0,49.2,90.0,0,No Failure,0,0,0,0,0,156.0,70.9
8490,M18489,M,299.5,309.5,1200.0,39.1,94.0,0,No Failure,0,0,0,0,0,158.4,72.0
8491,L18490,L,303.1,313.4,1168.0,50.6,97.0,0,No Failure,0,0,0,0,0,147.9,67.2
8492,H18491,H,301.1,311.5,1193.0,46.1,100.0,0,No Failure,0,0,0,0,0,152.6,69.4
8493,L18492,L,291.62,311.7,1168.0,46.1,106.0,0,No Failure,0,0,0,0,0,144.0,65.5
8494,H18493,H,301.9,312.8,1550.0,27.8,108.0,0,No Failure,0,0,0,0,0,157.2,71.5
8495,M18494,M,302.3,312.8,1365.0,45.0,114.0,0,No Failure,0,0,0,0,0,141.6,64.4
8496,M18495,M,301.7,313.2,1172.0,53.7,118.0,0,No Failure,0,0,0,0,0,133.2,60.6
8497,L18496,L,302.3,312.3,1210.0,25.5,121.0,1,PWF (Power Failure),0,0,1,0,0,2.6,60.3
8498,H18497,H,301.5,310.9,1364.0,36.8,123.0,0,No Failure,0,0,0,0,0,140.6,63.9
8499,M18498,M,301.7,311.3,1168.0,43.5,128.0,0,No Failure,0,0,0,0,0,128.7,58.5
8500,L18499,L,,309.3,1168.0,41.0,131.0,0,No Failure,0,0,0,0,0,129.0,58.7
8501,L18500,L,304.0,312.9,1168.0,54.4,133.0,0,No Failure,0,0,0,0,0,106.0,48.2
8502,M18501,M,298.5,307.9,1178.0,47.3,135.0,0,No Failure,0,0,0,0,0,118.9,54.0
8503,L18502,L,301.3,310.2,1168.0,44.1,138.0,0,No Failure,0,0,0,0,0,110.7,50.3
8504,M18503,M,298.3,308.6,1366.0,48.2,141.0,0,No Failure,0,0,0,0,0,120.6,54.8
8505,M18504,M,300.5,310.9,1168.0,47.6,145.0,0,No Failure,0,0,0,0,0,118.2,53.7
8506,L18505,L,299.7,307.9,1168.0,40.4,148.0,1,HDF (Heat Dissipation),0,1,0,0,0,1.4,45.1
8507,M18506,M,300.9,310.2,1294.0,36.5,151.0,0,No Failure,0,0,0,0,0,118.4,53.8
8508,L18507,L,301.3,313.1,1232.0,49.9,154.0,0,No Failure,0,0,0,0,0,106.1,48.2
8509,H18508,H,299.0,309.6,1471.0,32.6,156.0,0,No Failure,0,0,0,0,0,125.5,57.1
8510,H18509,H,300.6,300.63,1168.0,39.3,162.0,0,No Failure,0,0,0,0,0,116.4,52.9
8511,L18510,L,303.2,312.5,1168.0,28.4,167.0,1,PWF (Power Failure),0,0,1,0,0,7.9,46.1
8512,M18511,M,298.3,308.6,1293.0,47.3,169.0,0,No Failure,0,0,0,0,0,101.7,46.2
8513,M18512,M,299.1,309.1,1168.0,52.3,172.0,0,No Failure,0,0,0,0,0,94.8,43.1
8514,H18513,H,302.2,311.4,1168.0,30.6,176.0,0,No Failure,0,0,0,0,0,104.8,47.7
8515,L18514,L,300.8,310.3,1194.0,38.5,181.0,0,No Failure,0,0,0,0,0,93.0,42.3
8516,M18515,M,300.9,310.4,1168.0,35.2,183.0,0,No Failure,0,0,0,0,0,98.6,44.8
8517,H18516,H,302.5,311.0,1168.0,50.8,186.0,1,HDF (Heat Dissipation),0,1,0,0,0,6.8,33.5
8518,L18517,L,299.2,307.9,1168.0,54.2,192.0,0,No Failure,0,0,0,0,0,58.8,26.7
8519,M18518,M,299.7,309.5,1318.0,35.2,195.0,0,No Failure,0,0,0,0,0,95.3,43.3
8520,L18519,L,299.5,308.7,1065.75,9.1,198.0,1,PWF (Power Failure),0,0,1,0,0,7.1,45.5
8521,M18520,M,300.0,309.7,630.02,51.5,201.0,0,No Failure,0,0,0,0,0,71.3,32.4
8522,L18521,L,303.1,311.5,1213.0,40.5,205.0,1,HDF (Heat Dissipation),0,1,0,0,0,7.7,28.8
8523,H18522,H,297.6,,1168.0,40.5,207.0,1,TWF (Tool Wear Failure),1,0,0,0,0,0.3,39.3
8524,L18523,L,298.5,310.6,1168.0,49.6,213.0,0,No Failure,0,0,0,0,0,62.9,28.6
8525,L18524,L,298.2,309.2,1168.0,36.4,215.0,0,No Failure,0,0,0,0,0,78.4,35.7
8526,H18525,H,303.2,314.3,1439.0,33.7,217.0,0,No Failure,0,0,0,0,0,87.4,39.7
8527,H18526,H,299.5,310.1,1256.0,36.4,222.0,0,No Failure,0,0,0,0,0,81.3,37.0
8528,M18527,M,300.0,310.3,1168.0,44.9,228.0,1,TWF (Tool Wear Failure),1,0,0,0,0,7.4,28.8
8529,M18528,M,297.7,307.8,1322.0,48.8,0.0,0,No Failure,0,0,0,0,0,220.0,100.0
8530,L18529,L,300.2,309.3,1168.0,56.3,4.0,0,No Failure,0,0,0,0,0,207.0,94.1
8531,M18530,M,302.2,312.9,1366.0,44.0,6.0,0,No Failure,0,0,0,0,0,215.9,98.1
8532,L18531,L,301.1,311.7,1365.0,38.6,9.0,0,No Failure,0,0,0,0,0,214.0,97.3
8533,L18532,L,300.4,309.9,1193.0,48.9,12.0,0,No Failure,0,0,0,0,0,205.7,93.5
8534,H18533,H,297.8,308.3,1168.0,30.3,15.0,0,No Failure,0,0,0,0,0,208.5,94.8
8535,M18534,M,300.0,309.3,1168.0,54.2,20.0,0,No Failure,0,0,0,0,0,197.5,89.8
8536,L18535,L,300.9,310.3,1536.0,42.1,24.0,0,No Failure,0,0,0,0,0,203.4,92.4
8537,L18536,L,298.8,309.6,1168.0,37.7,27.0,0,No Failure,0,0,0,0,0,202.0,91.8
8538,H18537,H,301.8,,1288.0,30.3,30.0,0,No Failure,0,0,0,0,0,202.2,91.9
8539,L18538,L,302.2,312.0,1168.0,46.3,36.0,0,No Failure,0,0,0,0,0,192.0,87.3
8540,L18539,L,299.7,309.4,1168.0,37.2,39.0,0,No Failure,0,0,0,0,0,190.8,86.7
8541,L18540,L,301.9,312.1,1235.0,39.1,41.0,0,No Failure,0,0,0,0,0,192.3,87.4
8542,L18541,L,,317.99,1168.0,23.3,43.0,1,HDF (Heat Dissipation),0,1,1,0,0,1.0,69.7
8543,L18542,L,302.7,311.9,1168.0,35.7,45.0,0,No Failure,0,0,0,0,0,181.8,82.6
8544,H18543,H,304.3,313.0,1246.0,34.3,47.0,0,No Failure,0,0,0,0,0,179.5,81.6
8545,L18544,L,298.6,308.6,1168.0,44.2,53.0,0,No Failure,0,0,0,0,0,182.6,83.0
8546,M18545,M,302.0,313.1,1191.0,37.3,55.0,0,No Failure,0,0,0,0,0,184.5,83.9
8547,M18546,M,302.9,313.4,1639.0,13.5,58.0,1,PWF (Power Failure),0,0,1,0,0,1.6,76.4
8548,M18547,M,298.8,308.3,1168.0,35.8,62.0,0,No Failure,0,0,0,0,0,175.0,79.6
8549,M18548,M,299.5,308.8,1550.0,25.5,65.0,0,No Failure,0,0,0,0,0,182.3,82.9
8550,M18549,M,299.5,308.7,1317.0,29.6,68.0,0,No Failure,0,0,0,0,0,174.3,79.2
8551,M18550,M,300.3,312.3,1168.0,50.0,71.0,0,No Failure,0,0,0,0,0,169.2,76.9
8552,M18551,M,299.9,310.0,1366.0,23.1,75.0,1,PWF (Power Failure),0,0,1,0,0,2.8,74.5
8553,M18552,M,300.2,310.4,1168.0,42.9,78.0,0,No Failure,0,0,0,0,0,167.3,76.0
8554,M18553,M,302.1,310.0,1324.0,34.9,81.0,1,HDF (Heat Dissipation),0,1,0,0,0,1.4,71.4
8555,M18554,M,297.2,306.0,1247.0,33.0,84.0,0,No Failure,0,0,0,0,0,157.1,71.4
8556,L18555,L,298.8,308.8,1385.0,30.2,88.0,0,No Failure,0,0,0,0,0,165.3,75.2
8557,M18556,M,301.8,311.3,1168.0,43.2,91.0,0,No Failure,0,0,0,0,0,152.8,69.5
8558,M18557,M,301.6,311.7,1168.0,44.3,94.0,0,No Failure,0,0,0,0,0,155.7,70.8
8559,L18558,L,298.6,308.7,1168.0,22.7,98.0,1,PWF (Power Failure),0,0,1,0,0,6.7,64.3
8560,H18559,H,301.6,312.2,1433.0,51.5,100.0,0,No Failure,0,0,0,0,0,149.9,68.1
8561,L18560,L,302.9,311.0,1392.0,28.1,105.0,0,No Failure,0,0,0,0,0,151.2,68.7
8562,L18561,L,300.5,309.4,1250.0,43.9,-236.35,0,No Failure,0,0,0,0,0,135.1,61.4
8563,H18562,H,298.7,308.6,1168.0,28.2,109.0,1,PWF (Power Failure),0,0,1,0,0,2.2,66.2
8564,L18563,L,292.16,311.5,1314.0,35.4,114.0,0,No Failure,0,0,0,0,0,142.0,64.6
8565,L18564,L,303.6,313.3,1168.0,27.2,117.0,1,PWF (Power Failure),0,0,1,0,0,4.3,60.5
8566,L18565,L,298.9,309.0,1338.0,34.7,119.0,0,No Failure,0,0,0,0,0,142.9,64.9
8567,H18566,H,300.6,309.9,1213.0,38.0,122.0,0,No Failure,0,0,0,0,0,135.5,61.6
8568,L18567,L,302.5,312.7,1259.0,28.5,128.0,0,No Failure,0,0,0,0,0,140.6,63.9
8569,M18568,M,300.7,311.2,1168.0,43.1,131.0,0,No Failure,0,0,0,0,0,131.3,59.7
8570,M18569,M,297.4,307.5,1258.0,44.5,135.0,0,No Failure,0,0,0,0,0,127.6,58.0
8571,M18570,M,301.3,312.0,1168.0,67.1,-208.7,0,No Failure,0,0,0,0,0,108.4,49.3
8572,H18571,H,298.8,306.6,1308.0,49.3,142.0,1,HDF (Heat Dissipation),0,1,0,0,0,6.2,49.2
8573,H18572,H,298.2,307.6,1168.0,51.8,148.0,0,No Failure,0,0,0,0,0,109.4,49.7
8574,L18573,L,297.4,308.3,1391.0,22.3,153.0,1,PWF (Power Failure),0,0,1,0,0,6.5,53.2
8575,H18574,H,302.7,311.8,1515.0,20.4,155.0,1,PWF (Power Failure),0,0,1,0,0,5.7,54.7
8576,M18575,M,299.0,308.0,1265.0,37.0,161.0,0,No Failure,0,0,0,0,0,108.3,49.2
8577,L18576,L,301.1,311.0,1168.0,57.9,164.0,0,No Failure,0,0,0,0,0,89.8,40.8
8578,L18577,L,301.5,311.5,1336.0,64.7,167.0,1,PWF (Power Failure),0,0,1,0,0,4.7,31.6
8579,M18578,M,300.8,310.3,1352.0,33.1,170.0,0,No Failure,0,0,0,0,0,112.1,51.0
8580,L18579,L,301.0,312.8,1168.0,34.1,173.0,0,No Failure,0,0,0,0,0,108.5,49.3
8581,M18580,M,301.2,311.5,1194.0,45.4,175.0,0,No Failure,0,0,0,0,0,99.3,45.1
8582,L18581,L,300.7,309.8,1374.0,38.0,179.0,0,No Failure,0,0,0,0,0,97.4,44.3
8583,M18582,M,299.1,307.7,1168.0,38.3,182.0,1,HDF (Heat Dissipation),0,1,0,0,0,3.1,39.2
8584,L18583,L,,309.4,1168.0,46.3,-110.34,0,No Failure,0,0,0,0,0,87.2,39.6
8585,H18584,H,300.3,309.4,1168.0,67.2,187.0,0,No Failure,0,0,0,0,0,64.0,29.1
8586,L18585,L,300.3,312.5,1283.0,53.0,192.0,0,No Failure,0,0,0,0,0,74.5,33.8
8587,L18586,L,301.3,311.7,1168.0,58.7,195.0,1,OSF (Overstrain Failure),0,0,0,1,0,5.3,29.8
8588,L18587,L,302.5,313.1,1263.0,21.6,197.0,1,PWF (Power Failure),0,0,1,0,0,6.0,39.0
8589,L18588,L,301.1,311.3,1213.0,50.7,199.0,0,No Failure,0,0,0,0,0,71.9,32.7
8590,M18589,M,308.87,310.1,1341.0,30.5,201.0,0,No Failure,0,0,0,0,0,97.8,44.5
8591,M18590,M,296.5,304.1,1168.0,56.8,204.0,1,HDF (Heat Dissipation),0,1,0,0,0,3.1,18.2
8592,L18591,L,299.1,307.9,1168.0,53.6,,1,OSF (Overstrain Failure),0,0,0,1,0,5.0,22.3
8593,H18592,H,298.0,309.0,1168.0,46.0,0.0,0,No Failure,0,0,0,0,0,220.0,100.0
8594,L18593,L,299.1,310.6,1310.0,32.6,5.0,0,No Failure,0,0,0,0,0,216.8,98.6
8595,L18594,L,300.9,309.7,1261.0,35.2,7.0,0,No Failure,0,0,0,0,0,205.5,93.4
8596,M18595,M,300.6,308.8,1168.0,36.0,9.0,1,HDF (Heat Dissipation),0,1,0,0,0,0.1,88.4
8597,M18596,M,303.8,314.0,1168.0,47.6,13.0,0,No Failure,0,0,0,0,0,210.9,95.9
8598,M18597,M,301.3,311.8,1168.0,44.0,16.0,0,No Failure,0,0,0,0,0,209.1,95.0
8599,L18598,L,303.9,314.0,1168.0,54.2,20.0,0,No Failure,0,0,0,0,0,204.7,93.0
8600,L18599,L,301.7,311.6,1168.0,56.1,23.0,0,No Failure,0,0,0,0,0,201.0,91.4
8601,M18600,M,302.4,310.5,1168.0,31.5,26.0,1,HDF (Heat Dissipation),0,1,0,0,0,7.4,83.3
8602,L18601,L,299.8,309.4,1237.0,44.8,29.0,0,No Failure,0,0,0,0,0,195.7,89.0
8603,L18602,L,298.5,308.3,1168.0,44.6,32.0,0,No Failure,0,0,0,0,0,195.2,88.7
8604,H18603,H,299.6,309.1,1168.0,39.0,34.0,0,No Failure,0,0,0,0,0,192.8,87.6
8605,M18604,M,300.4,308.5,1168.0,49.4,39.0,1,HDF (Heat Dissipation),0,1,0,0,0,7.3,77.9
8606,L18605,L,299.3,309.9,1275.0,44.9,42.0,0,No Failure,0,0,0,0,0,190.2,86.5
8607,L18606,L,298.6,309.5,1368.0,34.3,44.0,0,No Failure,0,0,0,0,0,191.6,87.1
8608,M18607,M,301.2,310.4,1423.0,38.6,46.0,0,No Failure,0,0,0,0,0,189.0,85.9
8609,L18608,L,298.6,308.4,1330.0,36.5,396.35,0,No Failure,0,0,0,0,0,186.0,84.5
8610,L18609,L,297.7,307.2,1294.0,32.7,53.0,0,No Failure,0,0,0,0,0,182.8,83.1
8611,L18610,L,298.4,307.9,1256.0,39.1,56.0,0,No Failure,0,0,0,0,0,178.0,80.9
8612,M18611,M,300.0,310.5,1168.0,27.0,59.0,1,PWF (Power Failure),0,0,1,0,0,5.9,78.0
8613,M18612,M,298.6,309.1,1270.0,44.7,62.0,0,No Failure,0,0,0,0,0,177.5,80.7
8614,L18613,L,300.0,311.1,1201.0,54.0,66.0,0,No Failure,0,0,0,0,0,169.6,77.1
8615,L18614,L,301.5,312.6,1168.0,40.5,68.0,0,No Failure,0,0,0,0,0,173.6,78.9
8616,M18615,M,301.4,311.2,1168.0,49.5,71.0,0,No Failure,0,0,0,0,0,167.2,76.0
8617,M18616,M,290.37,312.0,1224.0,41.6,75.0,0,No Failure,0,0,0,0,0,169.8,77.2
8618,M18617,M,298.0,309.5,1287.0,29.8,78.0,0,No Failure,0,0,0,0,0,172.9,78.6
8619,L18618,L,299.4,308.7,1168.0,60.1,82.0,0,No Failure,0,0,0,0,0,146.7,66.7
8620,M18619,M,301.6,311.7,1760.0,15.8,85.0,1,PWF (Power Failure),0,0,1,0,0,1.0,69.6
8621,H18620,H,302.0,310.0,1168.0,40.1,89.0,1,HDF (Heat Dissipation),0,1,0,0,0,7.6,64.0
8622,M18621,M,301.0,311.0,1168.0,32.3,95.0,0,No Failure,0,0,0,0,0,161.3,73.3
8623,L18622,L,302.5,314.2,1229.0,55.8,99.0,0,No Failure,0,0,0,0,0,143.3,65.1
8624,M18623,M,303.5,316.3,1280.0,42.2,101.0,0,No Failure,0,0,0,0,0,152.1,69.1
8625,L18624,L,299.5,309.4,1282.0,65.6,104.0,0,No Failure,0,0,0,0,0,125.8,57.2
8626,L18625,L,303.0,313.3,1246.0,,106.0,0,No Failure,0,0,0,0,0,147.7,67.1
8627,L18626,L,299.9,310.5,1409.0,32.4,109.0,0,No Failure,0,0,0,0,0,150.9,68.6
8628,H18627,H,302.2,314.2,1259.0,22.9,112.0,1,PWF (Power Failure),0,0,1,0,0,6.3,61.9
8629,L18628,L,301.6,310.6,1252.0,51.1,118.0,0,No Failure,0,0,0,0,0,123.2,56.0
8630,H18629,H,296.8,309.5,1168.0,31.7,121.0,0,No Failure,0,0,0,0,0,147.3,66.9
8631,M18630,M,298.6,308.3,1168.0,35.8,127.0,0,No Failure,0,0,0,0,0,135.8,61.7
8632,M18631,M,298.2,307.0,1168.0,52.3,131.0,0,No Failure,0,0,0,0,0,111.5,50.7
8633,L18632,L,,306.8,1168.0,50.5,134.0,0,No Failure,0,0,0,0,0,117.1,53.2
8634,M18633,M,301.9,311.1,1212.0,33.9,137.0,0,No Failure,0,0,0,0,0,125.8,57.2
8635,L18634,L,304.1,314.5,1168.0,35.5,140.0,0,No Failure,0,0,0,0,0,128.6,58.4
8636,L18635,L,299.9,,1281.0,22.4,143.0,1,HDF (Heat Dissipation),0,1,1,0,0,5.3,47.0
8637,L18636,L,301.9,312.0,1431.0,19.4,146.0,1,PWF (Power Failure),0,0,1,0,0,7.4,53.1
8638,L18637,L,303.0,313.7,1197.0,47.6,149.0,0,No Failure,0,0,0,0,0,111.9,50.9
8639,M18638,M,300.7,312.2,1168.0,48.7,152.0,0,No Failure,0,0,0,0,0,112.4,51.1
8640,L18639,L,300.3,311.0,1317.0,43.6,155.0,0,No Failure,0,0,0,0,0,111.3,50.6
8641,L18640,L,299.9,311.3,1168.0,41.9,157.0,0,No Failure,0,0,0,0,0,111.5,50.7
8642,H18641,H,301.3,310.7,1273.0,32.9,160.0,0,No Failure,0,0,0,0,0,118.2,53.7
8643,L18642,L,301.9,312.3,1168.0,1.31,165.0,0,No Failure,0,0,0,0,0,93.2,42.4
8644,L18643,L,301.1,308.9,1525.0,22.2,167.0,0,No Failure,0,0,0,0,0,117.3,53.3
8645,L18644,L,301.1,311.0,1185.0,35.3,169.0,0,No Failure,0,0,0,0,0,108.7,49.4
8646,L18645,L,300.2,310.6,1237.0,41.6,172.0,0,No Failure,0,0,0,0,0,101.4,46.1
8647,M18646,M,297.4,307.9,1248.0,40.0,174.0,0,No Failure,0,0,0,0,0,105.2,47.8
8648,L18647,L,301.9,310.3,1168.0,40.0,178.0,1,HDF (Heat Dissipation),0,1,0,0,0,1.6,37.0
8649,L18648,L,298.0,307.6,1168.0,34.8,180.0,0,No Failure,0,0,0,0,0,98.8,44.9
8650,M18649,M,301.4,311.1,1168.0,45.4,183.0,0,No Failure,0,0,0,0,0,90.5,41.1
8651,L18650,L,301.7,311.3,1168.0,27.8,187.0,1,PWF (Power Failure),0,0,1,0,0,6.4,41.4
8652,H18651,H,298.2,308.9,1168.0,38.6,189.0,0,No Failure,0,0,0,0,0,99.8,45.4
8653,H18652,H,299.2,309.0,1168.0,44.3,194.0,0,No Failure,0,0,0,0,0,88.8,40.4
8654,L18653,L,304.1,314.2,1168.0,36.7,200.0,0,No Failure,0,0,0,0,0,88.0,40.0
8655,L18654,L,300.1,309.6,1239.0,40.0,202.0,0,No Failure,0,0,0,0,0,78.0,35.5
8656,L18655,L,298.1,309.2,1168.0,42.2,204.0,0,No Failure,0,0,0,0,0,78.6,35.7
8657,L18656,L,301.7,312.8,1570.0,22.4,207.0,0,No Failure,0,0,0,0,0,97.9,44.5
8658,L18657,L,298.9,308.6,1168.0,23.3,210.0,1,PWF (Power Failure),0,0,1,0,0,6.3,33.2
8659,M18658,M,296.8,309.7,1207.0,41.3,213.0,1,TWF (Tool Wear Failure),1,0,0,0,0,3.6,35.4
8660,L18659,L,301.2,,1168.0,33.9,216.0,1,TWF (Tool Wear Failure),1,0,0,0,0,0.6,32.8
8661,L18660,L,298.6,309.6,1316.0,34.5,218.0,1,TWF (Tool Wear Failure),1,0,0,0,0,1.0,35.9
8662,L18661,L,300.8,309.8,1168.0,45.7,221.0,0,No Failure,0,0,0,0,0,51.2,23.3
8663,H18662,H,298.8,309.6,1268.0,30.1,224.0,0,No Failure,0,0,0,0,0,87.2,39.6
8664,H18663,H,301.5,312.2,1668.0,15.9,229.0,1,PWF (Power Failure),1,0,1,0,0,4.3,35.8
8665,L18664,L,300.6,309.6,1184.0,56.6,234.0,1,OSF (Overstrain Failure),1,0,0,1,0,6.1,13.7
8666,M18665,M,295.6,305.5,1168.0,52.1,0.0,0,No Failure,0,0,0,0,0,218.9,99.5
8667,L18666,L,300.9,312.8,1168.0,52.0,3.0,0,No Failure,0,0,0,0,0,217.7,99.0
8668,M18667,M,299.7,308.9,1290.0,28.8,5.0,0,No Failure,0,0,0,0,0,211.4,96.1
8669,M18668,M,302.8,313.2,,39.2,8.0,0,No Failure,0,0,0,0,0,214.8,97.6
8670,H18669,H,301.0,311.3,1262.0,27.3,11.0,0,No Failure,0,0,0,0,0,208.4,94.7
8671,L18670,L,301.6,311.6,1168.0,39.4,17.0,0,No Failure,0,0,0,0,0,208.5,94.8
8672,L18671,L,299.0,,1312.0,36.5,19.0,1,HDF (Heat Dissipation),0,1,0,0,0,1.1,89.6
8673,H18672,H,298.8,309.6,1257.0,29.2,22.0,0,No Failure,0,0,0,0,0,207.1,94.1
8674,L18673,L,300.2,310.2,1297.0,45.0,28.0,0,No Failure,0,0,0,0,0,200.1,91.0
8675,L18674,L,299.6,310.7,1168.0,37.4,30.0,0,No Failure,0,0,0,0,0,200.1,90.9
8676,M18675,M,302.6,312.8,1396.0,57.2,32.0,0,No Failure,0,0,0,0,0,195.9,89.0
8677,M18676,M,299.9,320.15,1391.0,40.9,35.0,0,No Failure,0,0,0,0,0,196.7,89.4
8678,M18677,M,298.0,308.4,1673.0,14.5,38.0,1,PWF (Power Failure),0,0,1,0,0,7.4,81.0
8679,M18678,M,298.7,307.7,1395.0,21.9,41.0,1,PWF (Power Failure),0,0,1,0,0,5.8,80.9
8680,M18679,M,301.9,313.5,1270.0,61.0,45.0,0,No Failure,0,0,0,0,0,185.1,84.1
8681,L18680,L,299.9,309.5,1168.0,36.4,333.46,0,No Failure,0,0,0,0,0,184.0,83.6
8682,M18681,M,299.8,309.4,1168.0,42.4,50.0,0,No Failure,0,0,0,0,0,181.9,82.7
8683,M18682,M,302.1,313.4,1168.0,40.1,53.0,0,No Failure,0,0,0,0,0,185.0,84.1
8684,H18683,H,298.6,308.8,1168.0,54.2,56.0,0,No Failure,0,0,0,0,0,180.0,81.8
8685,L18684,L,296.2,306.0,1332.0,20.9,61.0,1,PWF (Power Failure),0,0,1,0,0,2.2,73.9
8686,L18685,L,298.7,309.1,1168.0,53.3,64.0,0,No Failure,0,0,0,0,0,171.4,77.9
8687,M18686,M,300.6,311.2,1175.0,52.6,66.0,0,No Failure,0,0,0,0,0,171.9,78.1
8688,L18687,L,299.7,309.6,1168.0,40.1,70.0,0,No Failure,0,0,0,0,0,171.3,77.8
8689,L18688,L,297.4,308.3,1312.0,44.1,72.0,0,No Failure,0,0,0,0,0,169.3,76.9
8690,H18689,H,302.0,310.7,1313.0,36.3,75.0,0,No Failure,0,0,0,0,0,165.3,75.2
8691,M18690,M,300.5,310.8,1289.0,23.1,81.0,1,PWF (Power Failure),0,0,1,0,0,7.9,70.6
8692,L18691,L,300.9,311.7,1338.0,45.8,84.0,0,No Failure,0,0,0,0,0,160.0,72.7
8693,L18692,L,,311.5,1244.0,42.5,86.0,0,No Failure,0,0,0,0,0,160.2,72.8
8694,L18693,L,297.8,305.6,1274.0,42.7,89.0,1,HDF (Heat Dissipation),0,1,0,0,0,2.0,64.1
8695,M18694,M,300.7,310.6,1168.0,44.8,,0,No Failure,0,0,0,0,0,156.4,71.1
8696,L18695,L,301.8,310.6,1168.0,34.0,94.0,0,No Failure,0,0,0,0,0,146.3,66.5
8697,L18696,L,302.2,313.5,1168.0,54.9,96.0,0,No Failure,0,0,0,0,0,146.1,66.4
8698,L18697,L,301.5,311.1,1168.0,40.1,98.0,0,No Failure,0,0,0,0,0,148.9,67.7
8699,L18698,L,301.1,312.3,1168.0,45.4,100.0,0,No Failure,0,0,0,0,0,148.8,67.6
8700,L18699,L,297.0,305.8,1242.0,37.3,103.0,0,No Failure,0,0,0,0,0,140.6,63.9
8701,L18700,L,300.1,310.5,1233.0,50.5,105.0,0,No Failure,0,0,0,0,0,142.0,64.5
8702,M18701,M,298.4,308.4,1168.0,41.0,108.0,0,No Failure,0,0,0,0,0,148.1,67.3
8703,L18702,L,302.4,315.2,1299.0,39.1,111.0,0,No Failure,0,0,0,0,0,145.1,66.0
8704,L18703,L,302.2,313.4,1168.0,52.1,113.0,0,No Failure,0,0,0,0,0,135.0,61.3
8705,L18704,L,298.4,309.5,1321.0,22.8,115.0,1,PWF (Power Failure),0,0,1,0,0,1.1,61.8
8706,L18705,L,300.1,312.1,1287.0,37.2,118.0,0,No Failure,0,0,0,0,0,141.7,64.4
8707,L18706,L,300.6,310.9,,33.9,120.0,0,No Failure,0,0,0,0,0,142.8,64.9
8708,L18707,L,301.7,311.6,1168.0,43.7,123.0,0,No Failure,0,0,0,0,0,132.5,60.2
8709,L18708,L,297.1,306.9,1242.0,43.2,126.0,0,No Failure,0,0,0,0,0,130.1,59.1
8710,L18709,L,296.1,306.4,1376.0,39.9,128.0,0,No Failure,0,0,0,0,0,133.0,60.5
8711,M18710,M,300.2,307.4,1324.0,32.9,130.0,1,HDF (Heat Dissipation),0,1,0,0,0,1.1,56.3
8712,L18711,L,295.6,305.6,1205.0,39.8,134.0,0,No Failure,0,0,0,0,0,129.0,58.7
8713,M18712,M,300.4,298.63,1299.0,43.2,136.0,0,No Failure,0,0,0,0,0,127.8,58.1
8714,M18713,M,301.2,311.0,1168.0,38.2,140.0,0,No Failure,0,0,0,0,0,126.8,57.6
8715,L18714,L,,310.8,1168.0,51.1,144.0,1,HDF (Heat Dissipation),0,1,0,0,0,1.5,43.6
8716,L18715,L,299.0,308.9,1168.0,46.1,147.0,0,No Failure,0,0,0,0,0,113.6,51.6
8717,L18716,L,300.4,308.9,1327.0,40.2,150.0,1,HDF (Heat Dissipation),0,1,0,0,0,7.7,49.9
8718,L18717,L,301.3,313.1,1589.0,16.5,152.0,1,PWF (Power Failure),0,0,1,0,0,4.0,52.8
8719,M18718,M,298.0,307.7,1330.0,37.8,155.0,0,No Failure,0,0,0,0,0,118.0,53.6
8720,L18719,L,301.7,309.6,1168.0,46.3,159.0,1,HDF (Heat Dissipation),0,1,0,0,0,2.8,37.6
8721,H18720,H,300.6,310.4,1268.0,37.2,162.0,0,No Failure,0,0,0,0,0,116.5,53.0
8722,L18721,L,299.0,309.9,1273.0,43.0,167.0,0,No Failure,0,0,0,0,0,103.4,47.0
8723,M18722,M,300.3,310.5,1189.0,37.8,170.0,0,No Failure,0,0,0,0,0,109.9,49.9
8724,M18723,M,299.8,308.9,1346.0,42.3,174.0,0,No Failure,0,0,0,0,0,98.8,44.9
8725,M18724,M,301.5,310.8,1168.0,54.0,177.0,0,No Failure,0,0,0,0,0,81.9,37.2
8726,H18725,H,299.4,309.1,1246.0,47.9,180.0,0,No Failure,0,0,0,0,0,94.3,42.9
8727,H18726,H,300.5,310.1,1215.0,27.0,186.0,1,PWF (Power Failure),0,0,1,0,0,7.4,44.8
8728,L18727,L,298.9,307.6,1518.0,23.4,192.0,0,No Failure,0,0,0,0,0,106.4,48.3
8729,L18728,L,298.4,308.3,1168.0,44.4,195.0,0,No Failure,0,0,0,0,0,81.2,36.9
8730,L18729,L,300.4,309.1,1168.0,51.7,198.0,0,No Failure,0,0,0,0,0,57.2,26.0
8731,L18730,L,298.4,309.3,1249.0,23.4,201.0,1,PWF (Power Failure),0,0,1,0,0,0.8,37.7
8732,M18731,M,301.5,312.6,1208.0,37.9,204.0,0,No Failure,0,0,0,0,0,87.7,39.9
8733,L18732,L,301.1,310.1,1168.0,63.7,208.0,1,OSF (Overstrain Failure),0,0,0,1,0,1.4,18.9
8734,L18733,L,298.7,308.0,1168.0,37.3,210.0,0,No Failure,0,0,0,0,0,72.9,33.1
8735,M18734,M,300.4,310.0,1168.0,65.3,212.0,1,OSF (Overstrain Failure),0,0,0,1,0,6.7,21.1
8736,L18735,L,308.99,308.7,1168.0,31.8,215.0,1,TWF (Tool Wear Failure),1,0,0,0,0,4.0,38.4
8737,M18736,M,297.2,307.5,616.41,33.5,0.0,0,No Failure,0,0,0,0,0,220.0,100.0
8738,L18737,L,299.0,309.5,1168.0,33.0,4.0,0,No Failure,0,0,0,0,0,217.4,98.8
8739,M18738,M,299.9,310.3,1304.0,27.2,7.0,0,No Failure,0,0,0,0,0,213.5,97.1
8740,M18739,M,301.0,312.6,1360.0,23.1,11.0,1,PWF (Power Failure),0,0,1,0,0,3.5,90.8
8741,L18740,L,,310.4,1245.0,37.8,15.0,0,No Failure,0,0,0,0,0,210.0,95.5
8742,M18741,M,301.7,310.4,1205.0,41.4,18.0,0,No Failure,0,0,0,0,0,194.0,88.2
8743,L18742,L,298.3,306.7,1168.0,32.8,22.0,1,HDF (Heat Dissipation),0,1,0,0,0,5.3,85.6
8744,M18743,M,299.3,310.9,1234.0,35.2,24.0,0,No Failure,0,0,0,0,0,204.8,93.1
8745,M18744,M,303.0,313.5,1168.0,54.5,27.0,0,No Failure,0,0,0,0,0,200.0,90.9
8746,L18745,L,296.5,306.7,1168.0,49.7,31.0,0,No Failure,0,0,0,0,0,197.1,89.6
8747,M18746,M,299.2,309.6,1247.0,37.4,34.0,0,No Failure,0,0,0,0,0,198.0,90.0
8748,H18747,H,298.1,308.3,1313.0,44.3,37.0,0,No Failure,0,0,0,0,0,195.4,88.8
8749,M18748,M,299.7,310.1,1345.0,23.6,42.0,1,PWF (Power Failure),0,0,1,0,0,4.7,83.2
8750,M18749,M,299.2,297.96,1401.0,42.7,46.0,0,No Failure,0,0,0,0,0,188.1,85.5
8751,M18750,M,301.1,312.2,1415.0,39.4,50.0,0,No Failure,0,0,0,0,0,187.2,85.1
8752,L18751,L,300.5,310.0,1214.0,36.3,54.0,0,No Failure,0,0,0,0,0,179.3,81.5
8753,M18752,M,297.6,306.7,1168.0,40.3,56.0,0,No Failure,0,0,0,0,0,173.0,78.7
8754,H18753,H,298.9,307.2,1424.0,38.7,60.0,0,No Failure,0,0,0,0,0,179.9,81.8
8755,L18754,L,300.0,309.8,1387.0,26.9,66.0,0,No Failure,0,0,0,0,0,179.8,81.7
8756,L18755,L,301.3,312.6,1168.0,108.21,69.0,0,No Failure,0,0,0,0,0,166.1,75.5
8757,L18756,L,304.4,313.9,1168.0,49.5,72.0,0,No Failure,0,0,0,0,0,161.4,73.4
8758,L18757,L,301.2,309.8,1169.0,36.1,74.0,0,No Failure,0,0,0,0,0,156.0,70.9
8759,L18758,L,298.2,308.5,1317.0,22.4,76.0,1,PWF (Power Failure),0,0,1,0,0,7.2,71.3
8760,L18759,L,299.8,309.1,1660.0,15.4,78.0,1,PWF (Power Failure),0,0,1,0,0,4.4,71.1
8761,M18760,M,300.3,311.8,1168.0,60.0,80.0,0,No Failure,0,0,0,0,0,158.4,72.0
8762,L18761,L,299.0,310.1,1168.0,38.3,83.0,0,No Failure,0,0,0,0,0,164.4,74.7
8763,L18762,L,300.8,309.5,1168.0,47.6,86.0,0,No Failure,0,0,0,0,0,143.3,65.1
8764,M18763,M,295.9,305.7,1168.0,30.5,88.0,0,No Failure,0,0,0,0,0,162.4,73.8
8765,L18764,L,301.0,310.2,1231.0,36.9,92.0,0,No Failure,0,0,0,0,0,151.4,68.8
8766,L18765,L,299.1,307.9,1168.0,37.4,95.0,0,No Failure,0,0,0,0,0,143.7,65.3
8767,M18766,M,299.8,309.7,1168.0,42.4,97.0,0,No Failure,0,0,0,0,0,153.6,69.8
8768,H18767,H,302.6,313.4,1168.0,40.9,101.0,0,No Failure,0,0,0,0,0,154.6,70.3
8769,M18768,M,297.7,307.6,1203.0,30.8,106.0,0,No Failure,0,0,0,0,0,154.3,70.1
8770,L18769,L,300.4,309.9,1431.0,30.7,110.0,0,No Failure,0,0,0,0,0,150.9,68.6
8771,L18770,L,301.4,309.2,1168.0,39.2,113.0,1,HDF (Heat Dissipation),0,1,0,0,0,0.9,54.3
8772,H18771,H,300.2,309.5,1234.0,22.5,115.0,1,PWF (Power Failure),0,0,1,0,0,3.8,58.0
8773,M18772,M,297.0,307.6,1186.0,31.8,121.0,0,No Failure,0,0,0,0,0,145.6,66.2
8774,M18773,M,302.4,311.1,1436.0,38.5,125.0,0,No Failure,0,0,0,0,0,137.7,62.6
8775,M18774,M,299.5,310.8,1168.0,44.0,129.0,0,No Failure,0,0,0,0,0,132.0,60.0
8776,L18775,L,299.0,296.83,1168.0,55.0,133.0,0,No Failure,0,0,0,0,0,111.0,50.4
8777,L18776,L,299.4,309.6,1168.0,35.2,136.0,0,No Failure,0,0,0,0,0,131.4,59.7
8778,M18777,M,299.2,308.8,1188.0,40.4,139.0,0,No Failure,0,0,0,0,0,123.6,56.2
8779,H18778,H,286.98,306.6,1277.0,21.3,143.0,1,PWF (Power Failure),0,0,1,0,0,4.0,50.2
8780,L18779,L,300.2,310.6,1215.0,43.3,149.0,0,No Failure,0,0,0,0,0,115.7,52.6
8781,M18780,M,298.8,308.2,1445.0,30.9,152.0,0,No Failure,0,0,0,0,0,127.2,57.8
8782,L18781,L,301.1,310.3,1168.0,36.9,155.0,0,No Failure,0,0,0,0,0,108.7,49.4
8783,H18782,H,300.8,308.4,1168.0,44.8,158.0,1,HDF (Heat Dissipation),0,1,0,0,0,3.0,40.1
8784,L18783,L,302.8,314.1,1168.0,45.2,164.0,0,No Failure,0,0,0,0,0,103.4,47.0
8785,M18784,M,299.5,309.5,1275.0,25.5,167.0,1,PWF (Power Failure),0,0,1,0,0,2.4,51.0
8786,L18785,L,298.4,309.5,1168.0,48.0,171.0,0,No Failure,0,0,0,0,0,95.5,43.4
8787,M18786,M,297.2,307.8,1259.0,39.6,174.0,0,No Failure,0,0,0,0,0,105.5,48.0
8788,M18787,M,312.13,314.9,1168.0,52.7,178.0,0,No Failure,0,0,0,0,0,90.1,40.9
8789,L18788,L,301.1,310.5,1168.0,54.6,182.0,0,No Failure,0,0,0,0,0,73.7,33.5
8790,H18789,H,298.6,307.2,1168.0,56.1,184.0,1,HDF (Heat Dissipation),0,1,0,0,0,0.2,32.4
8791,H18790,H,302.9,313.7,1482.0,25.8,190.0,0,No Failure,0,0,0,0,0,111.5,50.7
8792,H18791,H,302.3,323.93,1365.0,44.0,196.0,0,No Failure,0,0,0,0,0,90.0,40.9
8793,L18792,L,297.4,,1193.0,24.2,202.0,1,PWF (Power Failure),0,0,1,0,0,0.3,34.1
8794,M18793,M,298.5,299.21,1168.0,53.0,205.0,0,No Failure,0,0,0,0,0,70.0,31.8
8795,M18794,M,299.6,309.9,1195.0,54.4,208.0,0,No Failure,0,0,0,0,0,66.2,30.1
8796,M18795,M,297.9,308.5,1429.0,49.8,212.0,0,No Failure,0,0,0,0,0,68.7,31.2
8797,L18796,L,299.7,308.7,1486.0,35.8,215.0,0,No Failure,0,0,0,0,0,79.2,36.0
8798,M18797,M,301.1,312.1,1168.0,45.4,218.0,0,No Failure,0,0,0,0,0,69.6,31.7
8799,L18798,L,297.4,307.4,1418.0,34.5,222.0,0,No Failure,0,0,0,0,0,76.4,34.7
8800,L18799,L,300.4,311.5,1168.0,40.1,0.0,0,No Failure,0,0,0,0,0,220.0,100.0
8801,L18800,L,302.0,313.0,1168.0,39.1,2.0,0,No Failure,0,0,0,0,0,218.7,99.4
8802,L18801,L,300.6,311.3,1395.0,20.0,5.0,1,PWF (Power Failure),0,0,1,0,0,3.3,88.7
8803,L18802,L,299.7,309.6,1242.0,31.9,,0,No Failure,0,0,0,0,0,214.0,97.3
8804,L18803,L,298.6,309.3,1168.0,62.7,11.0,0,No Failure,0,0,0,0,0,211.0,95.9
8805,M18804,M,301.3,312.4,1168.0,39.1,14.0,0,No Failure,0,0,0,0,0,210.8,95.8
8806,M18805,M,297.7,295.76,1211.0,41.6,17.0,0,No Failure,0,0,0,0,0,208.6,94.8
8807,L18806,L,300.3,310.5,1220.0,39.9,21.0,0,No Failure,0,0,0,0,0,205.7,93.5
8808,M18807,M,309.98,300.11,1297.0,35.9,23.0,0,No Failure,0,0,0,0,0,205.3,93.3
8809,H18808,H,301.8,311.3,1168.0,40.4,27.0,0,No Failure,0,0,0,0,0,197.1,89.6
8810,H18809,H,298.8,310.3,1234.0,35.9,32.0,0,No Failure,0,0,0,0,0,200.1,90.9
8811,H18810,H,298.9,307.2,1445.0,17.2,38.0,1,PWF (Power Failure),0,0,1,0,0,5.8,80.7
8812,H18811,H,297.6,307.6,1203.0,47.9,43.0,0,No Failure,0,0,0,0,0,190.6,86.6
8813,M18812,M,300.6,310.2,1168.0,56.1,48.0,0,No Failure,0,0,0,0,0,179.7,81.7
8814,H18813,H,299.0,308.4,1258.0,28.4,52.0,0,No Failure,0,0,0,0,0,182.9,83.2
8815,H18814,H,298.3,308.6,1181.0,35.9,57.0,0,No Failure,0,0,0,0,0,184.5,83.9
8816,L18815,L,298.4,307.3,1168.0,55.0,63.0,0,No Failure,0,0,0,0,0,159.4,72.5
8817,H18816,H,300.8,313.0,1384.0,32.3,66.0,0,No Failure,0,0,0,0,0,180.1,81.9
8818,M18817,M,297.8,306.4,1213.0,-11.08,71.0,1,HDF (Heat Dissipation),0,1,0,0,0,4.1,71.4
8819,M18818,M,298.0,307.0,1188.0,78.0,75.0,1,PWF (Power Failure),0,0,1,0,0,5.2,55.4
8820,H18819,H,301.4,310.4,1278.0,46.3,78.0,0,No Failure,0,0,0,0,0,159.8,72.6
8821,L18820,L,299.5,309.7,1168.0,40.7,84.0,0,No Failure,0,0,0,0,0,162.5,73.9
8822,L18821,L,301.5,312.5,1168.0,48.8,87.0,0,No Failure,0,0,0,0,0,156.2,71.0
8823,M18822,M,299.1,309.6,1168.0,47.8,90.0,0,No Failure,0,0,0,0,0,156.7,71.2
8824,M18823,M,299.8,311.3,1388.0,33.4,93.0,0,No Failure,0,0,0,0,0,162.0,73.6
8825,H18824,H,300.1,309.3,1309.0,22.6,97.0,1,PWF (Power Failure),0,0,1,0,0,6.6,64.5
8826,H18825,H,302.3,313.0,1168.0,45.9,102.0,0,No Failure,0,0,0,0,0,151.4,68.8
8827,M18826,M,302.1,311.8,1168.0,47.4,107.0,0,No Failure,0,0,0,0,0,141.7,64.4
8828,H18827,H,301.8,312.0,1168.0,37.0,110.0,0,No Failure,0,0,0,0,0,150.9,68.6
8829,L18828,L,298.6,309.7,1234.0,56.5,115.0,0,No Failure,0,0,0,0,0,130.4,59.3
8830,H18829,H,298.0,306.3,1309.0,54.4,118.0,1,HDF (Heat Dissipation),0,1,0,0,0,4.7,56.8
8831,L18830,L,301.1,313.1,1304.0,47.7,124.0,0,No Failure,0,0,0,0,0,130.0,59.1
8832,M18831,M,302.2,312.1,1179.0,37.2,126.0,0,No Failure,0,0,0,0,0,137.7,62.6
8833,L18832,L,301.8,310.2,1543.0,,130.0,1,PWF (Power Failure),0,0,1,0,0,2.6,58.3
8834,M18833,M,299.8,309.1,1287.0,38.3,133.0,0,No Failure,0,0,0,0,0,128.4,58.4
8835,L18834,L,301.1,311.2,1392.0,21.6,137.0,1,PWF (Power Failure),0,0,1,0,0,2.5,56.4
8836,L18835,L,301.1,310.4,1815.0,16.4,140.0,1,PWF (Power Failure),0,0,1,0,0,7.1,57.2
8837,M18836,M,300.0,308.0,1250.0,46.5,143.0,1,HDF (Heat Dissipation),0,1,0,0,0,0.1,46.8
8838,M18837,M,300.1,310.2,1426.0,51.7,147.0,0,No Failure,0,0,0,0,0,113.5,51.6
8839,L18838,L,299.9,309.2,2048.45,20.5,422.01,1,PWF (Power Failure),0,0,1,0,0,6.1,54.1
8840,M18839,M,298.3,309.0,1168.0,37.4,153.0,0,No Failure,0,0,0,0,0,121.2,55.1
8841,L18840,L,298.5,307.4,1186.0,39.8,157.0,0,No Failure,0,0,0,0,0,101.3,46.1
8842,L18841,L,298.5,310.8,1168.0,37.1,159.0,0,No Failure,0,0,0,0,0,114.6,52.1
8843,L18842,L,296.8,307.3,1393.0,26.2,161.0,0,No Failure,0,0,0,0,0,123.9,56.3
8844,M18843,M,300.0,310.2,1324.0,53.3,163.0,0,No Failure,0,0,0,0,0,100.5,45.7
8845,M18844,M,299.6,310.2,1244.0,26.5,166.0,1,PWF (Power Failure),0,0,1,0,0,4.3,51.5
8846,M18845,M,301.1,309.3,1313.0,20.5,169.0,1,HDF (Heat Dissipation),0,1,1,0,0,6.6,42.6
8847,H18846,H,302.0,311.5,1168.0,26.3,173.0,1,PWF (Power Failure),0,0,1,0,0,7.1,45.1
8848,M18847,M,302.1,313.9,1417.0,44.8,178.0,0,No Failure,0,0,0,0,0,97.8,44.5
8849,M18848,M,302.3,312.0,1168.0,37.3,182.0,0,No Failure,0,0,0,0,0,99.3,45.1
8850,H18849,H,298.3,308.2,1213.0,32.3,186.0,0,No Failure,0,0,0,0,0,106.6,48.5
8851,L18850,L,297.1,306.6,1309.0,45.3,191.0,0,No Failure,0,0,0,0,0,80.9,36.8
8852,L18851,L,301.4,,1189.0,43.3,193.0,0,No Failure,0,0,0,0,0,84.9,38.6
8853,L18852,L,302.2,312.0,1168.0,-25.44,196.0,1,PWF (Power Failure),0,0,1,0,0,0.8,40.8
8854,M18853,M,302.5,311.2,1168.0,45.2,198.0,0,No Failure,0,0,0,0,0,69.4,31.5
8855,M18854,M,300.6,313.2,1168.0,51.8,202.0,0,No Failure,0,0,0,0,0,73.6,33.4
8856,L18855,L,296.1,304.7,1168.0,38.8,205.0,1,HDF (Heat Dissipation),0,1,0,0,0,6.9,30.3
8857,H18856,H,300.3,310.2,1168.0,37.7,207.0,0,No Failure,0,0,0,0,0,88.2,40.1
8858,H18857,H,300.7,309.9,1168.0,58.9,213.0,1,TWF (Tool Wear Failure),1,0,0,0,0,3.0,24.4
8859,L18858,L,301.9,311.2,1325.0,32.9,,0,No Failure,0,0,0,0,0,77.2,35.1
8860,L18859,L,302.2,311.1,1168.0,38.3,0.0,0,No Failure,0,0,0,0,0,207.9,94.5
8861,L18860,L,301.3,310.8,1168.0,43.3,2.0,0,No Failure,0,0,0,0,0,213.1,96.9
8862,L18861,L,298.6,309.6,1168.0,40.5,4.0,0,No Failure,0,0,0,0,0,217.3,98.8
8863,H18862,H,297.8,305.9,1388.0,37.3,7.0,0,No Failure,0,0,0,0,0,210.4,95.6
8864,M18863,M,300.6,311.9,1168.0,40.9,13.0,0,No Failure,0,0,0,0,0,211.4,96.1
8865,L18864,L,298.2,309.3,1224.0,55.7,17.0,0,No Failure,0,0,0,0,0,206.8,94.0
8866,L18865,L,302.3,312.8,1168.0,98.29,20.0,0,No Failure,0,0,0,0,0,205.4,93.4
8867,L18866,L,296.6,306.7,1306.0,39.3,23.0,0,No Failure,0,0,0,0,0,204.5,92.9
8868,L18867,L,300.7,311.0,1417.0,31.4,25.0,0,No Failure,0,0,0,0,0,204.3,92.9
8869,L18868,L,300.2,311.6,1223.0,32.7,28.0,0,No Failure,0,0,0,0,0,202.2,91.9
8870,M18869,M,299.3,307.6,1168.0,49.5,31.0,1,HDF (Heat Dissipation),0,1,0,0,0,3.7,81.5
8871,M18870,M,298.0,308.7,1528.0,24.1,35.0,0,No Failure,0,0,0,0,0,200.0,90.9
8872,H18871,H,305.93,305.2,1168.0,64.0,39.0,0,No Failure,0,0,0,0,0,182.5,82.9
8873,L18872,L,298.7,309.5,1168.0,39.7,44.0,0,No Failure,0,0,0,0,0,190.2,86.4
8874,M18873,M,298.7,308.1,1293.0,26.2,46.0,0,No Failure,0,0,0,0,0,182.0,82.7
8875,L18874,L,301.6,312.3,1179.0,41.8,49.0,0,No Failure,0,0,0,0,0,186.2,84.6
8876,L18875,L,298.2,306.7,1355.0,32.0,51.0,1,HDF (Heat Dissipation),0,1,0,0,0,0.2,82.5
8877,H18876,H,300.4,308.7,1168.0,35.8,53.0,1,HDF (Heat Dissipation),0,1,0,0,0,0.5,76.5
8878,M18877,M,297.3,307.2,1649.0,24.9,58.0,0,No Failure,0,0,0,0,0,186.5,84.8
8879,L18878,L,300.5,311.9,1274.0,37.6,61.0,0,No Failure,0,0,0,0,0,179.4,81.5
8880,L18879,L,295.6,306.1,1521.0,18.8,63.0,1,PWF (Power Failure),0,0,1,0,0,4.8,74.2
8881,M18880,M,303.4,313.9,1330.0,34.0,373.23,0,No Failure,0,0,0,0,0,178.6,81.2
8882,H18881,H,299.4,310.3,1168.0,31.7,70.0,0,No Failure,0,0,0,0,0,177.9,80.9
8883,M18882,M,294.6,304.2,1168.0,35.0,75.0,0,No Failure,0,0,0,0,0,168.2,76.4
8884,L18883,L,298.3,308.9,1285.0,32.4,79.0,0,No Failure,0,0,0,0,0,169.9,77.2
8885,L18884,L,298.0,307.4,1168.0,40.3,82.0,0,No Failure,0,0,0,0,0,157.5,71.6
8886,L18885,L,298.4,308.1,1169.0,48.9,84.0,0,No Failure,0,0,0,0,0,155.1,70.5
8887,L18886,L,298.9,308.7,1255.0,43.6,87.0,0,No Failure,0,0,0,0,0,157.2,71.5
8888,M18887,M,298.4,307.9,1168.0,53.0,89.0,0,No Failure,0,0,0,0,0,149.4,67.9
8889,M18888,M,298.1,308.0,1384.0,35.0,92.0,0,No Failure,0,0,0,0,0,161.5,73.4
8890,L18889,L,297.5,307.2,1168.0,43.2,95.0,0,No Failure,0,0,0,0,0,150.3,68.3
8891,M18890,M,301.1,310.4,1390.0,43.6,98.0,0,No Failure,0,0,0,0,0,151.5,68.9
8892,M18891,M,301.7,311.6,1243.0,51.5,101.0,0,No Failure,0,0,0,0,0,146.0,66.4
8893,M18892,M,299.1,309.3,1243.0,32.7,104.0,0,No Failure,0,0,0,0,0,155.5,70.7
8894,L18893,L,299.5,308.4,1168.0,47.9,108.0,0,No Failure,0,0,0,0,0,129.3,58.8
8895,L18894,L,297.5,307.9,1260.0,31.4,111.0,0,No Failure,0,0,0,0,0,150.2,68.3
8896,L18895,L,299.7,309.2,1414.0,34.3,114.0,0,No Failure,0,0,0,0,0,145.6,66.2
8897,L18896,L,300.0,310.2,1168.0,36.4,116.0,0,No Failure,0,0,0,0,0,143.6,65.3
8898,L18897,L,299.2,308.5,1215.0,44.5,119.0,0,No Failure,0,0,0,0,0,128.6,58.5
8899,L18898,L,300.3,311.4,1307.0,29.1,121.0,0,No Failure,0,0,0,0,0,145.6,66.2
8900,L18899,L,300.1,311.1,1233.0,30.5,124.0,0,No Failure,0,0,0,0,0,142.7,64.9
8901,L18900,L,297.7,306.7,1188.0,33.5,126.0,0,No Failure,0,0,0,0,0,128.2,58.3
8902,H18901,H,301.7,312.2,1363.0,40.5,129.0,0,No Failure,0,0,0,0,0,136.7,62.1
8903,M18902,M,299.2,310.6,1338.0,30.6,134.0,0,No Failure,0,0,0,0,0,138.5,62.9
8904,L18903,L,302.6,311.7,1175.0,42.6,137.0,0,No Failure,0,0,0,0,0,114.8,52.2
8905,H18904,H,300.3,309.4,1168.0,36.4,140.0,0,No Failure,0,0,0,0,0,122.6,55.7
8906,L18905,L,303.1,313.8,1251.0,46.6,146.0,0,No Failure,0,0,0,0,0,114.9,52.2
8907,L18906,L,301.7,310.4,1174.0,40.6,149.0,0,No Failure,0,0,0,0,0,103.8,47.2
8908,H18907,H,299.9,309.1,1210.0,57.5,471.07,0,No Failure,0,0,0,0,0,100.3,45.6
8909,L18908,L,298.2,307.2,,41.2,158.0,0,No Failure,0,0,0,0,0,100.4,45.6
8910,L18909,L,298.3,309.0,1300.0,27.8,160.0,0,No Failure,0,0,0,0,0,122.5,55.7
8911,L18910,L,300.5,309.8,1168.0,37.9,162.0,0,No Failure,0,0,0,0,0,104.2,47.4
8912,M18911,M,299.8,309.5,1415.0,40.2,165.0,0,No Failure,0,0,0,0,0,110.5,50.2
8913,M18912,M,298.5,307.8,1217.0,30.9,168.0,0,No Failure,0,0,0,0,0,110.4,50.2
8914,L18913,L,301.0,312.1,1168.0,55.2,171.0,0,No Failure,0,0,0,0,0,88.1,40.1
8915,L18914,L,299.6,308.7,1306.0,36.9,173.0,0,No Failure,0,0,0,0,0,99.9,45.4
8916,L18915,L,301.0,309.6,1395.0,33.6,176.0,0,No Failure,0,0,0,0,0,103.7,47.1
8917,M18916,M,297.8,306.4,1168.0,41.8,178.0,1,HDF (Heat Dissipation),0,1,0,0,0,5.9,38.8
8918,L18917,L,301.3,312.0,1168.0,30.9,181.0,0,No Failure,0,0,0,0,0,106.2,48.3
8919,H18918,H,300.4,323.37,1168.0,49.7,183.0,0,No Failure,0,0,0,0,0,93.3,42.4
8920,M18919,M,301.7,312.9,1324.0,47.7,189.0,0,No Failure,0,0,0,0,0,87.3,39.7
8921,L18920,L,301.3,310.0,1168.0,41.3,192.0,0,No Failure,0,0,0,0,0,73.6,33.5
8922,M18921,M,299.3,309.1,1168.0,45.9,194.0,0,No Failure,0,0,0,0,0,83.5,37.9
8923,L18922,L,,311.6,1168.0,35.0,198.0,0,No Failure,0,0,0,0,0,91.3,41.5
8924,L18923,L,302.7,,1523.0,25.0,200.0,0,No Failure,0,0,0,0,0,102.0,46.4
8925,L18924,L,299.0,308.4,1401.0,36.7,203.0,0,No Failure,0,0,0,0,0,84.7,38.5
8926,L18925,L,300.8,310.8,1261.0,35.0,206.0,0,No Failure,0,0,0,0,0,86.1,39.1
8927,M18926,M,298.8,309.3,1528.0,19.6,208.0,1,PWF (Power Failure),0,0,1,0,0,3.9,39.9
8928,H18927,H,296.1,306.6,1224.0,29.4,211.0,0,No Failure,0,0,0,0,0,94.8,43.1
8929,L18928,L,297.3,306.7,1168.0,27.7,216.0,1,PWF (Power Failure),0,0,1,0,0,0.1,32.3
8930,L18929,L,300.2,309.6,1168.0,29.5,0.0,0,No Failure,0,0,0,0,0,208.1,94.6
8931,M18930,M,300.7,321.61,1228.0,53.3,2.0,0,No Failure,0,0,0,0,0,215.6,98.0
8932,L18931,L,300.2,309.5,1168.0,45.1,5.0,0,No Failure,0,0,0,0,0,208.7,94.9
8933,L18932,L,301.5,310.3,1426.0,49.6,8.0,0,No Failure,0,0,0,0,0,212.8,96.7
8934,H18933,H,300.2,312.0,1168.0,45.1,11.0,0,No Failure,0,0,0,0,0,212.6,96.7
8935,H18934,H,298.1,307.7,1197.0,50.8,16.0,0,No Failure,0,0,0,0,0,204.4,92.9
8936,H18935,H,300.5,310.1,1275.0,40.3,21.0,0,No Failure,0,0,0,0,0,203.4,92.4
8937,L18936,L,299.8,309.5,1168.0,55.2,27.0,0,No Failure,0,0,0,0,0,195.9,89.0
8938,L18937,L,298.4,308.3,1225.0,27.7,30.0,0,No Failure,0,0,0,0,0,194.0,88.2
8939,L18938,L,300.3,310.7,1168.0,39.3,32.0,0,No Failure,0,0,0,0,0,198.4,90.2
8940,H18939,H,299.6,309.1,1739.0,29.8,35.0,0,No Failure,0,0,0,0,0,199.3,90.6
8941,L18940,L,298.4,309.5,1168.0,52.4,40.0,0,No Failure,0,0,0,0,0,189.8,86.3
8942,L18941,L,299.1,309.7,1168.0,44.2,43.0,0,No Failure,0,0,0,0,0,189.7,86.2
8943,L18942,L,302.0,311.8,1184.0,51.9,46.0,0,No Failure,0,0,0,0,0,183.2,83.3
8944,M18943,M,301.9,311.2,1168.0,26.0,49.0,1,PWF (Power Failure),0,0,1,0,0,1.0,75.8
8945,M18944,M,299.8,310.9,1223.0,34.0,53.0,0,No Failure,0,0,0,0,0,186.8,84.9
8946,M18945,M,299.5,309.3,1275.0,22.2,56.0,1,PWF (Power Failure),0,0,1,0,0,3.6,75.0
8947,L18946,L,296.9,305.7,1228.0,43.6,60.0,0,No Failure,0,0,0,0,0,166.2,75.5
8948,M18947,M,302.5,313.5,1168.0,35.7,62.0,0,No Failure,0,0,0,0,0,180.5,82.1
8949,L18948,L,301.3,310.6,1168.0,47.6,65.0,0,No Failure,0,0,0,0,0,165.1,75.1
8950,L18949,L,300.8,311.7,1324.0,40.3,68.0,0,No Failure,0,0,0,0,0,173.6,78.9
8951,L18950,L,295.3,302.8,1542.0,18.7,70.0,1,PWF (Power Failure),0,0,1,0,0,7.8,72.7
8952,M18951,M,299.5,309.1,1476.0,23.4,73.0,0,No Failure,0,0,0,0,0,173.4,78.8
8953,L18952,L,299.2,310.4,1168.0,40.8,77.0,0,No Failure,0,0,0,0,0,167.3,76.0
8954,H18953,H,300.6,310.6,1219.0,44.7,80.0,0,No Failure,0,0,0,0,0,166.6,75.7
8955,L18954,L,298.6,309.2,1376.0,17.8,85.0,1,PWF (Power Failure),0,0,1,0,0,1.3,68.9
8956,L18955,L,299.0,308.1,1230.0,39.2,87.0,0,No Failure,0,0,0,0,0,152.5,69.3
8957,M18956,M,300.5,310.8,1168.0,29.8,90.0,0,No Failure,0,0,0,0,0,161.4,73.4
8958,M18957,M,309.19,308.0,1346.0,28.9,93.0,0,No Failure,0,0,0,0,0,164.3,74.7
8959,L18958,L,,308.6,1221.0,33.4,97.0,0,No Failure,0,0,0,0,0,157.9,71.8
8960,M18959,M,299.7,311.7,1168.0,41.2,99.0,0,No Failure,0,0,0,0,0,154.0,70.0
8961,L18960,L,301.8,313.1,1168.0,32.9,102.0,0,No Failure,0,0,0,0,0,155.0,70.4
8962,L18961,L,300.8,311.6,1624.0,20.1,104.0,1,PWF (Power Failure),0,0,1,0,0,3.7,68.7
8963,M18962,M,301.3,312.1,1168.0,41.2,106.0,0,No Failure,0,0,0,0,0,149.3,67.9
8964,M18963,M,299.5,308.6,1318.0,36.5,110.0,0,No Failure,0,0,0,0,0,144.3,65.6
8965,L18964,L,302.1,311.6,1320.0,30.6,113.0,0,No Failure,0,0,0,0,0,146.7,66.7
8966,L18965,L,296.2,304.7,1168.0,36.9,116.0,1,HDF (Heat Dissipation),0,1,0,0,0,7.5,57.6
8967,M18966,M,303.0,311.7,1236.0,36.5,119.0,0,No Failure,0,0,0,0,0,131.5,59.8
8968,L18967,L,303.2,312.3,656.86,40.4,123.0,0,No Failure,0,0,0,0,0,126.2,57.3
8969,H18968,H,300.2,310.2,1249.0,37.5,125.0,0,No Failure,0,0,0,0,0,141.2,64.2
8970,M18969,M,300.9,309.7,1168.0,41.7,131.0,0,No Failure,0,0,0,0,0,119.1,54.1
8971,H18970,H,299.3,309.3,1192.0,39.5,134.0,0,No Failure,0,0,0,0,0,134.2,61.0
8972,L18971,L,299.0,308.8,1168.0,-9.18,140.0,0,No Failure,0,0,0,0,0,115.7,52.6
8973,H18972,H,298.3,307.2,1168.0,55.8,143.0,0,No Failure,0,0,0,0,0,104.5,47.5
8974,L18973,L,299.3,310.8,1219.0,39.8,,0,No Failure,0,0,0,0,0,118.9,54.0
8975,L18974,L,300.4,309.1,1168.0,33.8,151.0,0,No Failure,0,0,0,0,0,108.6,49.4
8976,L18975,L,300.1,311.2,1322.0,25.6,153.0,0,No Failure,0,0,0,0,0,122.1,55.5
8977,L18976,L,302.9,310.6,1192.0,46.5,156.0,1,HDF (Heat Dissipation),0,1,0,0,0,5.4,37.5
8978,H18977,H,299.5,309.4,1291.0,31.0,159.0,0,No Failure,0,0,0,0,0,124.3,56.5
8979,M18978,M,296.7,305.5,1168.0,63.5,164.0,0,No Failure,0,0,0,0,0,77.4,35.2
8980,M18979,M,302.3,311.6,1168.0,67.8,167.0,0,No Failure,0,0,0,0,0,76.5,34.8
8981,M18980,M,297.1,308.9,1168.0,85.93,170.0,0,No Failure,0,0,0,0,0,109.8,49.9
8982,M18981,M,298.3,308.0,1197.0,23.3,174.0,1,PWF (Power Failure),0,0,1,0,0,0.5,43.6
8983,M18982,M,299.8,308.7,,46.5,178.0,0,No Failure,0,0,0,0,0,86.0,39.1
8984,H18983,H,289.07,320.34,1168.0,61.0,182.0,0,No Failure,0,0,0,0,0,83.6,38.0
8985,M18984,M,296.7,306.3,1168.0,26.9,188.0,1,PWF (Power Failure),0,0,1,0,0,4.4,41.4
8986,M18985,M,298.0,308.2,1168.0,59.0,192.0,0,No Failure,0,0,0,0,0,73.2,33.3
8987,L18986,L,296.7,305.8,1275.0,21.5,195.0,1,PWF (Power Failure),0,0,1,0,0,6.3,36.4
8988,H18987,H,300.4,309.5,1229.0,25.5,198.0,1,PWF (Power Failure),0,0,1,0,0,3.8,38.3
8989,L18988,L,301.5,310.7,1303.0,43.1,204.0,0,No Failure,0,0,0,0,0,72.3,32.9
8990,L18989,L,297.1,307.9,1168.0,50.2,207.0,1,TWF (Tool Wear Failure),1,0,0,0,0,4.5,30.3
8991,H18990,H,301.1,310.9,1168.0,39.3,210.0,0,No Failure,0,0,0,0,0,83.5,38.0
8992,L18991,L,301.0,310.0,1418.0,44.5,215.0,0,No Failure,0,0,0,0,0,66.6,30.3
8993,L18992,L,298.1,308.3,1168.0,51.0,217.0,1,OSF (Overstrain Failure),0,0,0,1,0,0.9,26.4
8994,L18993,L,295.7,305.8,1168.0,52.2,0.0,0,No Failure,0,0,0,0,0,220.0,100.0
8995,L18994,L,297.4,308.0,1168.0,33.8,2.0,0,No Failure,0,0,0,0,0,218.7,99.4
8996,H18995,H,298.2,307.7,1246.0,31.4,5.0,0,No Failure,0,0,0,0,0,212.5,96.6
8997,H18996,H,302.1,312.0,1168.0,50.5,11.0,0,No Failure,0,0,0,0,0,211.2,96.0
8998,L18997,L,299.1,309.5,1233.0,44.5,17.0,0,No Failure,0,0,0,0,0,208.0,94.5
8999,H18998,H,297.5,306.5,1168.0,45.9,20.0,0,No Failure,0,0,0,0,0,195.5,88.9
9000,M18999,M,299.6,310.5,1315.0,86.43,26.0,0,No Failure,0,0,0,0,0,203.8,92.6
9001,H19000,H,286.86,,1238.0,46.4,30.0,0,No Failure,0,0,0,0,0,199.7,90.8
9002,L19001,L,300.2,309.1,1400.0,29.1,,0,No Failure,0,0,0,0,0,195.5,88.8
9003,L19002,L,297.5,306.4,1168.0,42.5,38.0,0,No Failure,0,0,0,0,0,181.5,82.5
9004,L19003,L,297.8,307.7,1219.0,41.1,40.0,0,No Failure,0,0,0,0,0,191.5,87.1
9005,L19004,L,,309.4,854.47,41.2,43.0,0,No Failure,0,0,0,0,0,187.4,85.2
9006,M19005,M,302.4,313.2,1168.0,47.8,45.0,0,No Failure,0,0,0,0,0,188.4,85.6
9007,L19006,L,303.2,312.9,1437.0,29.8,48.0,0,No Failure,0,0,0,0,0,190.1,86.4
9008,M19007,M,297.4,307.7,1654.95,46.8,51.0,0,No Failure,0,0,0,0,0,184.4,83.8
9009,M19008,M,298.2,307.4,,40.2,54.0,0,No Failure,0,0,0,0,0,175.7,79.9
9010,L19009,L,300.2,310.2,1187.0,32.1,58.0,0,No Failure,0,0,0,0,0,183.3,83.3
9011,L19010,L,301.4,312.7,1283.0,26.8,60.0,0,No Failure,0,0,0,0,0,178.5,81.1
9012,M19011,M,295.4,305.3,1168.0,58.9,62.0,0,No Failure,0,0,0,0,0,171.5,78.0
9013,H19012,H,299.4,308.8,1345.0,39.3,66.0,0,No Failure,0,0,0,0,0,175.0,79.6
9014,L19013,L,298.4,307.5,1437.0,36.5,72.0,0,No Failure,0,0,0,0,0,172.0,78.2
9015,H19014,H,295.8,305.8,1554.0,28.6,75.0,0,No Failure,0,0,0,0,0,176.1,80.0
9016,H19015,H,296.8,308.2,1168.0,50.9,81.0,0,No Failure,0,0,0,0,0,163.4,74.3
9017,M19016,M,298.2,306.8,1173.0,50.1,87.0,0,No Failure,0,0,0,0,0,142.3,64.7
9018,L19017,L,299.4,309.4,1181.0,48.2,91.0,0,No Failure,0,0,0,0,0,153.6,69.8
9019,M19018,M,301.1,309.4,1168.0,39.4,94.0,1,HDF (Heat Dissipation),0,1,0,0,0,7.0,63.4
9020,H19019,H,299.9,309.5,1168.0,47.5,97.0,0,No Failure,0,0,0,0,0,149.5,68.0
9021,L19020,L,301.0,311.3,1168.0,31.8,102.0,0,No Failure,0,0,0,0,0,155.7,70.8
9022,H19021,H,299.3,307.7,1376.0,42.2,104.0,1,HDF (Heat Dissipation),0,1,0,0,0,3.6,66.7
9023,H19022,H,298.0,307.6,1168.0,39.5,110.0,0,No Failure,0,0,0,0,0,145.1,66.0
9024,L19023,L,298.9,309.2,1232.0,42.7,116.0,0,No Failure,0,0,0,0,0,139.2,63.3
9025,M19024,M,300.5,310.6,1392.0,21.9,119.0,1,PWF (Power Failure),0,0,1,0,0,0.1,62.1
9026,M19025,M,301.1,311.4,1168.0,109.44,123.0,0,No Failure,0,0,0,0,0,126.2,57.3
9027,M19026,M,299.0,308.0,1266.0,56.2,126.0,0,No Failure,0,0,0,0,0,117.5,53.4
9028,H19027,H,297.6,307.9,1168.0,28.5,130.0,1,PWF (Power Failure),0,0,1,0,0,7.2,61.5
9029,L19028,L,311.05,309.2,1168.0,45.8,136.0,0,No Failure,0,0,0,0,0,116.2,52.8
9030,L19029,L,300.1,310.8,1168.0,25.1,139.0,1,PWF (Power Failure),0,0,1,0,0,5.1,53.6
9031,L19030,L,301.4,309.1,1168.0,40.8,141.0,1,HDF (Heat Dissipation),0,1,0,0,0,3.7,44.6
9032,H19031,H,298.0,307.7,1304.0,18.0,143.0,1,PWF (Power Failure),0,0,1,0,0,0.1,54.6
9033,L19032,L,298.0,308.1,1168.0,37.1,149.0,0,No Failure,0,0,0,0,0,121.3,55.1
9034,H19033,H,300.6,311.9,1398.0,35.1,151.0,0,No Failure,0,0,0,0,0,126.7,57.6
9035,L19034,L,298.5,308.6,1168.0,51.6,157.0,0,No Failure,0,0,0,0,0,102.3,46.5
9036,L19035,L,298.4,308.6,1168.0,56.7,159.0,0,No Failure,0,0,0,0,0,95.9,43.6
9037,H19036,H,301.5,311.9,1168.0,56.9,161.0,0,No Failure,0,0,0,0,0,102.7,46.7
9038,M19037,M,296.7,308.0,1195.0,51.6,166.0,0,No Failure,0,0,0,0,0,99.8,45.4
9039,L19038,L,302.9,312.5,1285.0,40.8,169.0,0,No Failure,0,0,0,0,0,101.4,46.1
9040,L19039,L,298.1,306.7,1282.0,43.9,171.0,1,HDF (Heat Dissipation),0,1,0,0,0,6.7,40.6
9041,L19040,L,300.8,309.2,1168.0,43.8,173.0,1,HDF (Heat Dissipation),0,1,0,0,0,2.1,36.7
9042,L19041,L,299.0,309.7,1447.0,28.2,176.0,0,No Failure,0,0,0,0,0,112.8,51.3
9043,L19042,L,299.7,309.9,1168.0,51.5,179.0,0,No Failure,0,0,0,0,0,85.9,39.1
9044,M19043,M,298.7,308.4,1168.0,46.9,182.0,0,No Failure,0,0,0,0,0,89.7,40.8
9045,L19044,L,300.7,310.1,1168.0,47.4,186.0,0,No Failure,0,0,0,0,0,78.7,35.8
9046,L19045,L,298.6,308.8,1204.0,17.2,188.0,1,PWF (Power Failure),0,0,1,0,0,1.2,43.6
9047,L19046,L,298.2,308.4,1168.0,44.5,190.0,0,No Failure,0,0,0,0,0,85.7,38.9
9048,L19047,L,302.4,312.9,1258.0,50.1,192.0,0,No Failure,0,0,0,0,0,77.8,35.4
9049,H19048,H,299.2,308.1,1278.0,39.8,194.0,0,No Failure,0,0,0,0,0,87.1,39.6
9050,L19049,L,298.0,306.2,1168.0,35.0,199.0,1,HDF (Heat Dissipation),0,1,0,0,0,7.7,32.2
9051,L19050,L,296.5,305.6,1276.0,26.4,202.0,0,No Failure,0,0,0,0,0,84.7,38.5
9052,M19051,M,302.5,311.1,1331.0,25.7,204.0,0,No Failure,0,0,0,0,0,88.1,40.0
9053,H19052,H,298.2,306.8,1197.0,41.5,207.0,0,No Failure,0,0,0,0,0,69.9,31.8
9054,M19053,M,302.9,314.5,1275.0,37.7,0.0,0,No Failure,0,0,0,0,0,220.0,100.0
9055,H19054,H,308.44,307.6,1168.0,37.5,4.0,1,HDF (Heat Dissipation),0,1,0,0,0,5.4,87.4
9056,H19055,H,299.4,309.9,1168.0,55.3,10.0,0,No Failure,0,0,0,0,0,212.8,96.7
9057,M19056,M,299.5,310.4,1224.0,27.4,15.0,0,No Failure,0,0,0,0,0,203.2,92.4
9058,H19057,H,303.2,314.2,1168.0,36.5,19.0,0,No Failure,0,0,0,0,0,208.1,94.6
9059,L19058,L,295.2,305.5,1168.0,56.9,25.0,0,No Failure,0,0,0,0,0,200.5,91.1
9060,H19059,H,299.5,310.8,1250.0,36.9,28.0,0,No Failure,0,0,0,0,0,202.4,92.0
9061,H19060,H,298.7,310.5,1181.0,40.7,33.0,0,No Failure,0,0,0,0,0,198.7,90.3
9062,H19061,H,298.8,295.91,1206.0,38.2,39.0,0,No Failure,0,0,0,0,0,192.1,87.3
9063,L19062,L,299.4,309.8,1201.0,47.1,44.0,0,No Failure,0,0,0,0,0,188.2,85.5
9064,M19063,M,298.7,310.0,,19.4,47.0,1,PWF (Power Failure),0,0,1,0,0,6.8,78.8
9065,L19064,L,299.5,308.6,,38.0,50.0,0,No Failure,0,0,0,0,0,183.1,83.2
9066,M19065,M,299.1,319.82,1193.0,40.5,52.0,0,No Failure,0,0,0,0,0,183.3,83.3
9067,L19066,L,296.8,306.2,1222.0,30.0,55.0,0,No Failure,0,0,0,0,0,179.9,81.8
9068,M19067,M,299.8,310.3,1223.0,43.4,57.0,0,No Failure,0,0,0,0,0,181.3,82.4
9069,M19068,M,300.4,308.5,1168.0,47.9,61.0,1,HDF (Heat Dissipation),0,1,0,0,0,3.4,71.0
9070,L19069,L,298.2,309.6,1168.0,44.5,64.0,0,No Failure,0,0,0,0,0,174.8,79.4
9071,L19070,L,302.5,313.0,1168.0,57.8,67.0,0,No Failure,0,0,0,0,0,167.3,76.0
9072,L19071,L,301.5,301.83,1358.0,35.7,69.0,0,No Failure,0,0,0,0,0,174.9,79.5
9073,M19072,M,300.6,308.2,1278.0,45.0,72.0,1,HDF (Heat Dissipation),0,1,0,0,0,3.7,69.2
9074,M19073,M,300.6,322.07,1273.0,44.8,75.0,0,No Failure,0,0,0,0,0,160.7,73.1
9075,M19074,M,299.2,310.7,1232.0,37.6,78.0,0,No Failure,0,0,0,0,0,169.5,77.1
9076,L19075,L,291.74,311.0,1214.0,51.3,82.0,0,No Failure,0,0,0,0,0,156.6,71.2
9077,H19076,H,301.9,310.2,1260.0,42.9,84.0,1,HDF (Heat Dissipation),0,1,0,0,0,0.7,68.4
9078,M19077,M,300.6,310.8,1257.0,28.0,89.0,0,No Failure,0,0,0,0,0,164.0,74.5
9079,L19078,L,298.1,308.8,1285.0,47.5,93.0,0,No Failure,0,0,0,0,0,152.6,69.4
9080,L19079,L,299.0,309.5,1247.0,35.0,95.0,0,No Failure,0,0,0,0,0,158.2,71.9
9081,L19080,L,300.1,309.9,1168.0,36.8,98.0,0,No Failure,0,0,0,0,0,153.0,69.6
9082,L19081,L,300.6,311.7,1168.0,37.5,100.0,0,No Failure,0,0,0,0,0,153.5,69.8
9083,L19082,L,299.0,308.3,1168.0,47.4,102.0,0,No Failure,0,0,0,0,0,138.4,62.9
9084,L19083,L,298.1,308.6,1168.0,50.8,105.0,0,No Failure,0,0,0,0,0,141.8,64.5
9085,L19084,L,302.0,312.1,1168.0,38.4,107.0,0,No Failure,0,0,0,0,0,148.3,67.4
9086,L19085,L,297.2,307.1,1318.0,37.8,110.0,0,No Failure,0,0,0,0,0,146.1,66.4
9087,L19086,L,297.4,307.0,1574.0,19.5,113.0,1,PWF (Power Failure),0,0,1,0,0,1.8,64.1
9088,H19087,H,296.7,306.4,1288.0,32.9,115.0,0,No Failure,0,0,0,0,0,148.1,67.3
9089,M19088,M,297.4,307.4,1293.0,30.5,121.0,0,No Failure,0,0,0,0,0,146.5,66.6
9090,L19089,L,301.3,311.0,1620.52,43.1,124.0,0,No Failure,0,0,0,0,0,130.1,59.1
9091,M19090,M,301.4,312.1,1480.0,38.9,127.0,0,No Failure,0,0,0,0,0,136.9,62.2
9092,M19091,M,299.0,308.5,1168.0,30.9,131.0,0,No Failure,0,0,0,0,0,134.0,60.9
9093,L19092,L,300.0,311.6,1168.0,41.5,135.0,0,No Failure,0,0,0,0,0,127.0,57.7
9094,L19093,L,299.1,308.5,1337.0,39.3,137.0,0,No Failure,0,0,0,0,0,124.4,56.6
9095,L19094,L,296.9,307.8,1472.0,14.6,140.0,1,PWF (Power Failure),0,0,1,0,0,6.0,56.4
9096,M19095,M,303.1,314.1,1179.0,51.1,143.0,0,No Failure,0,0,0,0,0,116.9,53.1
9097,L19096,L,301.6,311.8,611.59,50.1,146.0,0,No Failure,0,0,0,0,0,111.9,50.9
9098,L19097,L,299.7,309.8,1184.0,37.6,148.0,0,No Failure,0,0,0,0,0,121.5,55.2
9099,M19098,M,297.5,306.8,1168.0,43.5,150.0,0,No Failure,0,0,0,0,0,110.4,50.2
9100,H19099,H,298.7,308.2,1168.0,36.7,153.0,0,No Failure,0,0,0,0,0,118.7,53.9
9101,L19100,L,297.8,308.0,1223.0,24.0,158.0,1,PWF (Power Failure),0,0,1,0,0,5.3,49.0
9102,M19101,M,299.2,309.2,1245.0,61.6,160.0,0,No Failure,0,0,0,0,0,95.4,43.4
9103,L19102,L,299.6,310.8,1168.0,47.5,163.0,0,No Failure,0,0,0,0,0,101.8,46.3
9104,M19103,M,298.5,308.0,1580.0,49.4,165.0,0,No Failure,0,0,0,0,0,102.6,46.6
9105,M19104,M,296.4,306.0,1201.0,37.2,169.0,0,No Failure,0,0,0,0,0,106.7,48.5
9106,M19105,M,302.9,311.2,1168.0,51.3,172.0,1,HDF (Heat Dissipation),0,1,0,0,0,6.8,35.0
9107,L19106,L,299.5,310.1,1302.0,26.3,175.0,0,No Failure,0,0,0,0,0,109.5,49.8
9108,L19107,L,299.9,310.5,1168.0,37.5,178.0,0,No Failure,0,0,0,0,0,101.6,46.2
9109,H19108,H,298.3,309.3,1268.0,47.4,181.0,0,No Failure,0,0,0,0,0,96.8,44.0
9110,L19109,L,296.2,307.2,1359.0,33.7,186.0,0,No Failure,0,0,0,0,0,100.6,45.7
9111,H19110,H,298.9,309.7,1228.0,49.1,189.0,0,No Failure,0,0,0,0,0,89.7,40.8
9112,L19111,L,298.5,309.3,1168.0,43.0,194.0,0,No Failure,0,0,0,0,0,84.6,38.4
9113,L19112,L,300.3,,1168.0,42.1,197.0,0,No Failure,0,0,0,0,0,83.6,38.0
9114,L19113,L,300.7,311.5,1265.0,32.8,200.0,0,No Failure,0,0,0,0,0,92.6,42.1
9115,L19114,L,300.4,308.6,1168.0,44.0,202.0,1,HDF (Heat Dissipation),1,1,0,0,0,7.4,26.4
9116,H19115,H,300.8,299.32,1168.0,59.3,205.0,0,No Failure,0,0,0,0,0,56.0,25.4
9117,L19116,L,302.3,311.0,1168.0,41.8,,0,No Failure,0,0,0,0,0,59.9,27.2
9118,M19117,M,299.7,311.0,1369.0,45.6,0.0,0,No Failure,0,0,0,0,0,220.0,100.0
9119,M19118,M,301.0,310.2,1168.0,47.0,3.0,0,No Failure,0,0,0,0,0,209.1,95.0
9120,H19119,H,299.9,309.3,1358.0,28.6,7.0,0,No Failure,0,0,0,0,0,213.5,97.0
9121,M19120,M,295.6,305.6,1258.0,38.7,13.0,0,No Failure,0,0,0,0,0,211.5,96.1
9122,H19121,H,298.8,307.6,1168.0,38.4,17.0,0,No Failure,0,0,0,0,0,196.0,89.1
9123,H19122,H,297.5,307.9,1534.0,18.8,22.0,1,PWF (Power Failure),0,0,1,0,0,2.6,84.9
9124,L19123,L,299.4,307.3,1168.0,47.9,28.0,1,HDF (Heat Dissipation),0,1,0,0,0,7.3,80.2
9125,H19124,H,297.6,306.4,1417.0,30.7,30.0,0,No Failure,0,0,0,0,0,200.4,91.1
9126,H19125,H,300.1,310.3,1168.0,46.8,35.0,0,No Failure,0,0,0,0,0,196.3,89.2
9127,L19126,L,300.8,309.6,1357.0,32.4,41.0,0,No Failure,0,0,0,0,0,189.1,85.9
9128,M19127,M,301.2,302.54,1168.0,60.4,43.0,0,No Failure,0,0,0,0,0,186.8,84.9
9129,L19128,L,301.9,311.9,1168.0,37.2,47.0,0,No Failure,0,0,0,0,0,188.8,85.8
9130,M19129,M,296.0,307.1,1252.0,59.2,49.0,0,No Failure,0,0,0,0,0,182.5,82.9
9131,L19130,L,296.9,,1168.0,38.3,53.0,0,No Failure,0,0,0,0,0,184.5,83.9
9132,M19131,M,304.3,314.3,1168.0,39.5,55.0,0,No Failure,0,0,0,0,0,183.9,83.6
9133,L19132,L,300.8,309.8,1174.0,55.7,58.0,0,No Failure,0,0,0,0,0,164.1,74.6
9134,M19133,M,299.4,310.3,1180.0,30.8,61.0,0,No Failure,0,0,0,0,0,182.8,83.1
9135,L19134,L,299.1,309.5,1189.0,40.5,65.0,0,No Failure,0,0,0,0,0,175.6,79.8
9136,M19135,M,298.9,311.0,1267.0,45.4,68.0,0,No Failure,0,0,0,0,0,173.1,78.7
9137,L19136,L,295.5,306.3,1168.0,44.0,71.0,0,No Failure,0,0,0,0,0,170.0,77.3
9138,M19137,M,297.6,307.2,1261.0,40.4,74.0,0,No Failure,0,0,0,0,0,167.7,76.2
9139,L19138,L,298.8,309.1,1168.0,39.1,77.0,0,No Failure,0,0,0,0,0,168.1,76.4
9140,L19139,L,297.7,296.23,1253.0,48.5,79.0,0,No Failure,0,0,0,0,0,162.3,73.8
9141,L19140,L,297.9,309.1,1168.0,41.8,82.0,0,No Failure,0,0,0,0,0,163.4,74.3
9142,H19141,H,303.6,314.9,1639.64,49.7,84.0,0,No Failure,0,0,0,0,0,161.8,73.6
9143,L19142,L,298.5,308.3,1168.0,43.9,89.0,0,No Failure,0,0,0,0,0,155.2,70.5
9144,M19143,M,299.5,308.3,1168.0,46.5,91.0,0,No Failure,0,0,0,0,0,143.5,65.2
9145,L19144,L,299.4,307.5,1168.0,51.3,95.0,1,HDF (Heat Dissipation),0,1,0,0,0,5.7,58.2
9146,M19145,M,300.1,309.0,1168.0,36.9,98.0,0,No Failure,0,0,0,0,0,144.9,65.9
9147,L19146,L,298.1,307.5,1646.34,51.1,102.0,0,No Failure,0,0,0,0,0,137.2,62.4
9148,L19147,L,301.2,312.7,1375.0,38.4,105.0,0,No Failure,0,0,0,0,0,149.6,68.0
9149,L19148,L,299.8,311.3,1173.0,26.0,108.0,1,PWF (Power Failure),0,0,1,0,0,6.8,63.2
9150,L19149,L,296.7,307.7,1311.0,36.7,110.0,0,No Failure,0,0,0,0,0,147.4,67.0
9151,L19150,L,298.8,310.0,1168.0,32.8,113.0,0,No Failure,0,0,0,0,0,148.0,67.3
9152,L19151,L,298.7,308.0,1168.0,43.8,115.0,0,No Failure,0,0,0,0,0,131.5,59.8
9153,M19152,M,298.6,307.1,1168.0,37.1,118.0,1,HDF (Heat Dissipation),0,1,0,0,0,6.9,58.0
9154,H19153,H,299.9,308.9,1352.0,41.3,122.0,0,No Failure,0,0,0,0,0,136.4,62.0
9155,L19154,L,300.1,308.1,1168.0,50.1,128.0,1,HDF (Heat Dissipation),0,1,0,0,0,7.6,46.9
9156,H19155,H,299.9,308.8,1168.0,54.9,131.0,0,No Failure,0,0,0,0,0,113.7,51.7
9157,L19156,L,299.6,309.1,1168.0,42.9,137.0,0,No Failure,0,0,0,0,0,119.0,54.1
9158,L19157,L,299.1,309.3,1168.0,50.9,140.0,0,No Failure,0,0,0,0,0,115.6,52.6
9159,L19158,L,295.1,305.2,1168.0,38.2,142.0,0,No Failure,0,0,0,0,0,125.0,56.8
9160,L19159,L,300.4,309.7,1624.0,24.4,144.0,0,No Failure,0,0,0,0,0,135.6,61.6
9161,L19160,L,299.8,310.4,1208.0,28.2,147.0,0,No Failure,0,0,0,0,0,124.0,56.4
9162,H19161,H,297.2,306.5,1201.0,38.0,150.0,0,No Failure,0,0,0,0,0,117.4,53.4
9163,M19162,M,299.5,309.5,1228.0,48.0,156.0,0,No Failure,0,0,0,0,0,110.2,50.1
9164,M19163,M,300.1,309.0,1381.0,38.1,159.0,0,No Failure,0,0,0,0,0,113.4,51.5
9165,L19164,L,301.1,312.2,1168.0,51.9,163.0,0,No Failure,0,0,0,0,0,97.5,44.3
9166,L19165,L,299.9,309.9,1168.0,58.3,166.0,0,No Failure,0,0,0,0,0,88.9,40.4
9167,M19166,M,299.5,310.2,1221.0,31.1,168.0,0,No Failure,0,0,0,0,0,117.3,53.3
9168,L19167,L,300.7,309.5,1179.0,61.2,172.0,0,No Failure,0,0,0,0,0,68.0,30.9
9169,L19168,L,298.4,308.6,1599.0,23.7,175.0,0,No Failure,0,0,0,0,0,118.1,53.7
9170,L19169,L,299.7,310.3,1168.0,58.5,177.0,0,No Failure,0,0,0,0,0,80.0,36.4
9171,L19170,L,297.8,305.8,1168.0,39.7,179.0,1,HDF (Heat Dissipation),0,1,0,0,0,6.3,34.8
9172,M19171,M,301.0,312.2,1280.0,37.7,182.0,0,No Failure,0,0,0,0,0,102.2,46.4
9173,L19172,L,296.1,304.9,1168.0,39.9,186.0,0,No Failure,0,0,0,0,0,80.4,36.6
9174,L19173,L,300.4,310.6,1240.0,32.0,189.0,0,No Failure,0,0,0,0,0,100.6,45.7
9175,H19174,H,299.0,310.8,1168.0,55.0,192.0,0,No Failure,0,0,0,0,0,81.9,37.2
9176,H19175,H,300.7,311.7,1205.0,33.1,197.0,0,No Failure,0,0,0,0,0,100.2,45.6
9177,L19176,L,297.5,306.0,1246.0,34.4,203.0,1,HDF (Heat Dissipation),0,1,0,0,0,3.9,34.2
9178,L19177,L,299.1,308.9,1407.0,26.2,206.0,0,No Failure,0,0,0,0,0,96.6,43.9
9179,M19178,M,299.1,310.3,1168.0,32.7,209.0,1,TWF (Tool Wear Failure),1,0,0,0,0,1.8,41.1
9180,L19179,L,299.7,308.9,1180.0,33.0,213.0,1,TWF (Tool Wear Failure),1,0,0,0,0,7.9,34.2
9181,L19180,L,297.1,306.7,1168.0,32.3,216.0,0,No Failure,0,0,0,0,0,78.7,35.8
9182,L19181,L,300.1,309.7,1168.0,96.44,0.0,0,No Failure,0,0,0,0,0,215.6,98.0
9183,L19182,L,295.6,306.2,1172.0,28.9,2.0,0,No Failure,0,0,0,0,0,211.8,96.3
9184,H19183,H,297.7,306.2,1383.0,55.9,4.0,0,No Failure,0,0,0,0,0,212.7,96.7
9185,M19184,M,296.1,306.7,1290.0,38.5,10.0,0,No Failure,0,0,0,0,0,213.5,97.0
9186,H19185,H,300.4,309.8,1168.0,,13.0,0,No Failure,0,0,0,0,0,204.8,93.1
9187,M19186,M,299.7,309.7,1192.0,48.6,19.0,0,No Failure,0,0,0,0,0,206.6,93.9
9188,M19187,M,299.8,309.6,1168.0,60.2,23.0,0,No Failure,0,0,0,0,0,200.1,90.9
9189,M19188,M,301.6,312.2,1168.0,49.1,27.0,0,No Failure,0,0,0,0,0,200.8,91.3
9190,M19189,M,298.4,308.4,1168.0,37.5,30.0,0,No Failure,0,0,0,0,0,200.6,91.2
9191,L19190,L,300.0,311.4,1178.0,29.3,33.0,0,No Failure,0,0,0,0,0,194.6,88.4
9192,L19191,L,299.0,310.0,1168.0,43.4,36.0,0,No Failure,0,0,0,0,0,194.8,88.5
9193,M19192,M,298.8,308.0,1276.0,50.6,38.0,0,No Failure,0,0,0,0,0,186.6,84.8
9194,L19193,L,301.3,312.7,1168.0,41.4,42.0,0,No Failure,0,0,0,0,0,191.1,86.9
9195,L19194,L,302.7,313.0,1361.0,,44.0,0,No Failure,0,0,0,0,0,189.9,86.3
9196,L19195,L,298.1,308.3,1261.0,42.1,47.0,0,No Failure,0,0,0,0,0,187.4,85.2
9197,M19196,M,300.4,311.2,1382.0,21.3,50.0,1,PWF (Power Failure),0,0,1,0,0,7.7,78.4
9198,L19197,L,299.5,308.5,1337.0,41.5,54.0,0,No Failure,0,0,0,0,0,177.8,80.8
9199,L19198,L,299.5,308.1,1742.82,47.3,57.0,0,No Failure,0,0,0,0,0,163.3,74.2
9200,L19199,L,299.4,309.4,1168.0,39.5,59.0,0,No Failure,0,0,0,0,0,180.1,81.8
9201,L19200,L,298.3,307.7,1168.0,51.2,62.0,0,No Failure,0,0,0,0,0,167.1,75.9
9202,H19201,H,292.5,304.6,1168.0,51.6,64.0,0,No Failure,0,0,0,0,0,175.1,79.6
9203,L19202,L,301.7,310.9,1306.0,35.0,70.0,0,No Failure,0,0,0,0,0,169.4,77.0
9204,L19203,L,297.7,307.7,1168.0,44.4,72.0,0,No Failure,0,0,0,0,0,169.1,76.9
9205,L19204,L,298.5,308.7,1168.0,40.4,,0,No Failure,0,0,0,0,0,169.5,77.0
9206,H19205,H,298.5,309.7,1241.0,19.7,77.0,1,PWF (Power Failure),0,0,1,0,0,0.0,71.1
9207,M19206,M,287.94,306.5,1173.0,38.1,82.0,0,No Failure,0,0,0,0,0,155.7,70.8
9208,L19207,L,299.3,307.7,1168.0,29.7,85.0,1,HDF (Heat Dissipation),0,1,0,0,0,0.4,66.0
9209,L19208,L,298.8,310.2,1293.0,41.3,88.0,0,No Failure,0,0,0,0,0,159.5,72.5
9210,M19209,M,297.6,307.7,1168.0,46.8,90.0,0,No Failure,0,0,0,0,0,157.2,71.5
9211,H19210,H,299.2,310.0,1168.0,37.8,94.0,0,No Failure,0,0,0,0,0,160.6,73.0
9212,L19211,L,298.8,309.7,1379.0,31.0,99.0,0,No Failure,0,0,0,0,0,158.0,71.8
9213,L19212,L,300.6,311.6,1168.0,42.3,101.0,0,No Failure,0,0,0,0,0,149.9,68.1
9214,L19213,L,296.5,306.1,1168.0,64.4,103.0,0,No Failure,0,0,0,0,0,130.5,59.3
9215,L19214,L,,306.8,1227.0,18.3,106.0,1,PWF (Power Failure),0,0,1,0,0,2.5,60.8
9216,M19215,M,300.2,308.2,1201.0,42.3,109.0,1,HDF (Heat Dissipation),0,1,0,0,0,1.3,56.7
9217,H19216,H,297.7,306.7,1302.0,34.6,112.0,0,No Failure,0,0,0,0,0,144.5,65.7
9218,H19217,H,297.3,307.4,1220.0,35.7,117.0,0,No Failure,0,0,0,0,0,147.3,67.0
9219,M19218,M,297.8,307.1,1168.0,39.0,123.0,0,No Failure,0,0,0,0,0,131.8,59.9
9220,L19219,L,298.7,307.6,1168.0,36.6,127.0,0,No Failure,0,0,0,0,0,124.1,56.4
9221,H19220,H,298.7,308.8,1168.0,46.0,129.0,0,No Failure,0,0,0,0,0,133.1,60.5
9222,L19221,L,298.5,309.8,1370.0,37.6,135.0,0,No Failure,0,0,0,0,0,130.1,59.2
9223,L19222,L,297.0,306.9,1529.0,18.4,138.0,1,PWF (Power Failure),0,0,1,0,0,7.9,55.5
9224,M19223,M,300.3,309.2,1268.0,52.8,141.0,0,No Failure,0,0,0,0,0,108.2,49.2
9225,L19224,L,301.3,312.6,1168.0,51.3,144.0,0,No Failure,0,0,0,0,0,112.3,51.1
9226,H19225,H,295.4,304.6,1393.0,33.9,146.0,0,No Failure,0,0,0,0,0,128.6,58.5
9227,H19226,H,296.1,307.6,1196.0,40.5,151.0,0,No Failure,0,0,0,0,0,122.5,55.7
9228,M19227,M,300.7,310.4,1182.0,52.2,157.0,0,No Failure,0,0,0,0,0,102.5,46.6
9229,M19228,M,301.7,311.8,644.56,50.3,160.0,0,No Failure,0,0,0,0,0,105.3,47.9
9230,L19229,L,295.0,306.6,1201.0,53.6,163.0,0,No Failure,0,0,0,0,0,95.9,43.6
9231,L19230,L,300.3,308.9,,43.7,165.0,1,HDF (Heat Dissipation),0,1,0,0,0,6.3,40.3
9232,M19231,M,301.8,310.7,1201.0,47.7,168.0,0,No Failure,0,0,0,0,0,90.0,40.9
9233,M19232,M,297.3,307.0,1168.0,54.1,171.0,0,No Failure,0,0,0,0,0,90.6,41.2
9234,H19233,H,301.7,311.6,1168.0,36.6,174.0,0,No Failure,0,0,0,0,0,110.0,50.0
9235,L19234,L,298.6,311.2,1168.0,44.4,179.0,0,No Failure,0,0,0,0,0,93.6,42.5
9236,L19235,L,299.4,308.5,1674.0,18.5,181.0,1,PWF (Power Failure),0,0,1,0,0,6.1,47.7
9237,L19236,L,297.6,306.3,1211.0,24.2,184.0,1,PWF (Power Failure),0,0,1,0,0,3.8,35.7
9238,M19237,M,300.7,309.8,1218.0,45.0,187.0,0,No Failure,0,0,0,0,0,82.3,37.4
9239,M19238,M,300.4,310.6,1196.0,46.5,191.0,0,No Failure,0,0,0,0,0,87.1,39.6
9240,H19239,H,302.0,312.5,1181.0,36.1,195.0,0,No Failure,0,0,0,0,0,98.5,44.8
9241,L19240,L,301.5,310.8,1168.0,33.9,200.0,0,No Failure,0,0,0,0,0,83.6,38.0
9242,L19241,L,298.9,308.9,1168.0,79.46,202.0,0,No Failure,0,0,0,0,0,87.0,39.5
9243,L19242,L,304.5,327.51,1319.0,41.9,205.0,0,No Failure,0,0,0,0,0,78.3,35.6
9244,L19243,L,301.3,311.3,1478.0,16.9,207.0,1,PWF (Power Failure),0,0,1,0,0,7.0,39.1
9245,L19244,L,299.8,310.1,1168.0,44.7,209.0,0,No Failure,0,0,0,0,0,72.0,32.7
9246,M19245,M,297.1,309.0,1168.0,40.3,211.0,0,No Failure,0,0,0,0,0,80.4,36.5
9247,L19246,L,296.1,305.4,1168.0,42.5,214.0,0,No Failure,0,0,0,0,0,63.6,28.9
9248,L19247,L,296.3,305.5,1181.0,38.8,216.0,0,No Failure,0,0,0,0,0,65.9,29.9
9249,M19248,M,297.2,306.7,1168.0,26.2,0.0,1,PWF (Power Failure),0,0,1,0,0,4.6,90.1
9250,H19249,H,301.3,310.8,1212.0,29.0,3.0,0,No Failure,0,0,0,0,0,209.7,95.3
9251,L19250,L,299.7,307.9,1168.0,55.2,9.0,1,HDF (Heat Dissipation),0,1,0,0,0,3.2,87.8
9252,L19251,L,297.8,307.9,1255.0,,11.0,0,No Failure,0,0,0,0,0,212.9,96.8
9253,M19252,M,298.6,308.8,1329.0,48.1,13.0,0,No Failure,0,0,0,0,0,210.8,95.8
9254,M19253,M,298.4,308.2,1321.0,29.2,17.0,0,No Failure,0,0,0,0,0,208.7,94.8
9255,H19254,H,300.3,310.5,1207.0,39.9,20.0,0,No Failure,0,0,0,0,0,207.1,94.2
9256,L19255,L,287.35,307.6,1168.0,35.6,26.0,0,No Failure,0,0,0,0,0,203.0,92.3
9257,M19256,M,299.5,308.2,1284.0,37.1,29.0,0,No Failure,0,0,0,0,0,191.8,87.2
9258,H19257,H,299.4,309.7,1168.0,36.6,33.0,0,No Failure,0,0,0,0,0,199.3,90.6
9259,L19258,L,297.3,307.9,1168.0,54.4,38.0,0,No Failure,0,0,0,0,0,190.9,86.8
9260,L19259,L,301.7,310.1,1168.0,59.3,40.0,1,HDF (Heat Dissipation),0,1,0,0,0,7.8,77.5
9261,H19260,H,298.3,320.76,1168.0,42.4,43.0,0,No Failure,0,0,0,0,0,191.8,87.2
9262,L19261,L,297.1,305.9,1337.0,35.9,48.0,0,No Failure,0,0,0,0,0,182.6,83.0
9263,M19262,M,300.4,309.3,1372.0,26.7,50.0,0,No Failure,0,0,0,0,0,186.9,84.9
9264,H19263,H,298.9,309.1,1322.0,26.0,54.0,0,No Failure,0,0,0,0,0,183.6,83.5
9265,L19264,L,299.6,310.1,1168.0,54.5,59.0,0,No Failure,0,0,0,0,0,174.7,79.4
9266,M19265,M,296.7,307.5,1497.0,25.3,62.0,0,No Failure,0,0,0,0,0,184.1,83.7
9267,L19266,L,300.3,310.9,1168.0,35.6,66.0,0,No Failure,0,0,0,0,0,176.9,80.4
9268,H19267,H,302.8,312.3,1342.0,41.6,69.0,0,No Failure,0,0,0,0,0,172.7,78.5
9269,H19268,H,296.6,306.7,1592.0,14.0,74.0,1,PWF (Power Failure),0,0,1,0,0,7.6,72.8
9270,H19269,H,299.5,309.2,1186.0,27.5,80.0,1,PWF (Power Failure),0,0,1,0,0,3.3,72.6
9271,L19270,L,297.4,307.6,1398.0,26.6,86.0,0,No Failure,0,0,0,0,0,168.4,76.6
9272,M19271,M,303.7,313.8,1267.0,33.3,89.0,0,No Failure,0,0,0,0,0,164.5,74.8
9273,H19272,H,301.1,310.6,1256.0,42.6,93.0,0,No Failure,0,0,0,0,0,154.7,70.3
9274,M19273,M,299.3,309.0,1168.0,50.3,99.0,0,No Failure,0,0,0,0,0,145.8,66.3
9275,M19274,M,296.6,304.7,1168.0,33.4,102.0,1,HDF (Heat Dissipation),0,1,0,0,0,4.3,61.6
9276,L19275,L,287.49,307.9,1240.0,35.4,105.0,0,No Failure,0,0,0,0,0,151.5,68.9
9277,H19276,H,300.2,310.5,1197.0,38.8,107.0,0,No Failure,0,0,0,0,0,151.8,69.0
9278,L19277,L,296.4,,1214.0,31.9,112.0,1,HDF (Heat Dissipation),0,1,0,0,0,3.8,57.0
9279,L19278,L,296.4,307.2,1168.0,44.2,114.0,0,No Failure,0,0,0,0,0,139.6,63.5
9280,H19279,H,298.8,308.7,1263.0,44.5,116.0,0,No Failure,0,0,0,0,0,141.9,64.5
9281,H19280,H,299.1,308.2,1437.0,12.8,121.0,1,PWF (Power Failure),0,0,1,0,0,4.9,62.0
9282,H19281,H,299.5,308.5,1168.0,46.4,126.0,0,No Failure,0,0,0,0,0,123.9,56.3
9283,L19282,L,298.0,307.3,1168.0,41.3,132.0,0,No Failure,0,0,0,0,0,121.5,55.2
9284,L19283,L,300.5,309.6,1168.0,42.6,134.0,0,No Failure,0,0,0,0,0,116.9,53.1
9285,L19284,L,297.3,306.5,1204.0,51.8,137.0,0,No Failure,0,0,0,0,0,108.5,49.3
9286,L19285,L,300.0,311.7,1602.0,22.1,140.0,0,No Failure,0,0,0,0,0,137.3,62.4
9287,H19286,H,299.2,309.6,1183.0,27.4,143.0,1,PWF (Power Failure),0,0,1,0,0,7.2,57.3
9288,M19287,M,299.9,311.9,1292.0,39.3,148.0,0,No Failure,0,0,0,0,0,122.9,55.9
9289,L19288,L,301.0,311.2,1440.0,16.8,151.0,1,PWF (Power Failure),0,0,1,0,0,3.9,52.9
9290,L19289,L,298.0,308.6,1237.0,37.9,154.0,0,No Failure,0,0,0,0,0,117.2,53.3
9291,L19290,L,297.6,306.7,1168.0,48.5,157.0,0,No Failure,0,0,0,0,0,95.3,43.3
9292,H19291,H,295.8,305.6,1247.0,44.0,159.0,0,No Failure,0,0,0,0,0,112.7,51.2
9293,M19292,M,295.2,305.1,1168.0,40.8,165.0,0,No Failure,0,0,0,0,0,109.3,49.7
9294,L19293,L,298.5,309.1,1231.0,37.7,169.0,0,No Failure,0,0,0,0,0,107.4,48.8
9295,L19294,L,298.6,308.6,1335.0,35.7,172.0,0,No Failure,0,0,0,0,0,107.5,48.9
9296,L19295,L,296.9,307.3,1276.0,35.1,175.0,0,No Failure,0,0,0,0,0,106.1,48.2
9297,L19296,L,297.3,307.6,1233.0,42.3,178.0,0,No Failure,0,0,0,0,0,96.5,43.9
9298,H19297,H,301.6,311.3,1359.0,24.5,180.0,1,PWF (Power Failure),0,0,1,0,0,7.3,49.4
9299,M19298,M,300.4,310.0,1168.0,54.6,185.0,0,No Failure,0,0,0,0,0,78.6,35.7
9300,L19299,L,296.6,305.9,1221.0,32.6,188.0,0,No Failure,0,0,0,0,0,93.5,42.5
9301,M19300,M,298.0,309.1,1168.0,45.6,190.0,0,No Failure,0,0,0,0,0,88.7,40.3
9302,L19301,L,299.6,309.3,1222.0,40.8,194.0,0,No Failure,0,0,0,0,0,84.1,38.2
9303,L19302,L,297.7,308.0,1403.0,28.5,196.0,0,No Failure,0,0,0,0,0,100.2,45.6
9304,M19303,M,297.4,307.2,1168.0,52.9,199.0,0,No Failure,0,0,0,0,0,72.3,32.9
9305,L19304,L,298.2,309.3,1168.0,50.8,203.0,0,No Failure,0,0,0,0,0,68.8,31.3
9306,L19305,L,300.8,308.8,1435.0,24.3,205.0,0,No Failure,0,0,0,0,0,94.5,43.0
9307,H19306,H,300.9,311.2,1168.0,39.3,207.0,0,No Failure,0,0,0,0,0,87.6,39.8
9308,H19307,H,297.5,306.2,1168.0,42.1,213.0,1,TWF (Tool Wear Failure),1,0,0,0,0,7.5,30.2
9309,L19308,L,299.6,310.0,1349.0,19.3,0.0,1,PWF (Power Failure),0,0,1,0,0,1.3,90.0
9310,M19309,M,298.8,308.7,1222.0,18.8,3.0,1,PWF (Power Failure),0,0,1,0,0,8.0,88.8
9311,L19310,L,297.0,305.5,1292.0,31.7,7.0,1,HDF (Heat Dissipation),0,1,0,0,0,0.7,93.3
9312,M19311,M,298.3,308.6,1168.0,26.9,9.0,1,PWF (Power Failure),0,0,1,0,0,4.3,91.2
9313,L19312,L,296.5,306.7,1351.0,29.6,13.0,0,No Failure,0,0,0,0,0,212.0,96.4
9314,M19313,M,300.9,310.7,1326.0,26.9,15.0,0,No Failure,0,0,0,0,0,208.3,94.7
9315,L19314,L,301.6,311.5,1168.0,38.8,19.0,0,No Failure,0,0,0,0,0,206.1,93.7
9316,H19315,H,298.1,308.3,1367.0,31.1,21.0,0,No Failure,0,0,0,0,0,207.4,94.3
9317,H19316,H,297.6,308.8,1168.0,51.1,27.0,0,No Failure,0,0,0,0,0,201.1,91.4
9318,L19317,L,300.7,310.4,,41.8,33.0,0,No Failure,0,0,0,0,0,193.9,88.1
9319,M19318,M,301.0,312.0,1189.0,47.9,35.0,0,No Failure,0,0,0,0,0,195.4,88.8
9320,L19319,L,296.8,306.8,1228.0,,38.0,1,PWF (Power Failure),0,0,1,0,0,7.5,80.0
9321,M19320,M,298.5,309.8,1348.0,33.7,41.0,0,No Failure,0,0,0,0,0,194.4,88.3
9322,L19321,L,298.7,308.5,1340.0,41.4,44.0,0,No Failure,0,0,0,0,0,188.7,85.8
9323,L19322,L,297.4,306.7,1169.0,44.5,46.0,0,No Failure,0,0,0,0,0,179.8,81.7
9324,M19323,M,299.5,308.4,1230.0,33.5,48.0,0,No Failure,0,0,0,0,0,179.4,81.5
9325,L19324,L,297.5,307.5,1313.0,35.0,51.0,0,No Failure,0,0,0,0,0,186.9,84.9
9326,M19325,M,286.73,307.0,1348.0,36.1,,0,No Failure,0,0,0,0,0,182.6,83.0
9327,M19326,M,298.6,310.0,1394.0,37.0,56.0,0,No Failure,0,0,0,0,0,184.0,83.6
9328,L19327,L,287.08,305.2,1168.0,61.6,60.0,0,No Failure,0,0,0,0,0,161.5,73.4
9329,L19328,L,295.1,304.4,1258.0,43.1,62.0,0,No Failure,0,0,0,0,0,170.8,77.6
9330,M19329,M,300.5,311.1,,40.4,64.0,0,No Failure,0,0,0,0,0,177.6,80.7
9331,M19330,M,297.5,308.7,1168.0,27.4,67.0,1,PWF (Power Failure),0,0,1,0,0,4.5,76.4
9332,L19331,L,302.6,313.3,1356.0,27.6,70.0,0,No Failure,0,0,0,0,0,177.6,80.7
9333,L19332,L,302.4,313.5,1311.0,37.9,,0,No Failure,0,0,0,0,0,171.3,77.9
9334,M19333,M,297.9,307.8,1232.0,51.3,76.0,0,No Failure,0,0,0,0,0,164.2,74.6
9335,M19334,M,303.0,312.9,1168.0,38.0,79.0,0,No Failure,0,0,0,0,0,167.6,76.2
9336,H19335,H,300.5,312.5,1245.0,38.4,83.0,0,No Failure,0,0,0,0,0,167.3,76.0
9337,L19336,L,297.6,309.3,1331.0,32.6,88.0,0,No Failure,0,0,0,0,0,164.1,74.6
9338,M19337,M,294.2,304.9,1514.0,,91.0,0,No Failure,0,0,0,0,0,162.7,73.9
9339,M19338,M,300.0,311.1,1318.0,44.4,94.0,0,No Failure,0,0,0,0,0,155.7,70.8
9340,L19339,L,298.9,309.8,1264.0,37.5,98.0,0,No Failure,0,0,0,0,0,154.8,70.4
9341,L19340,L,299.6,308.4,1168.0,44.5,100.0,0,No Failure,0,0,0,0,0,136.1,61.9
9342,L19341,L,,,1168.0,41.5,102.0,0,No Failure,0,0,0,0,0,149.7,68.1
9343,H19342,H,296.7,308.2,1176.0,-12.85,104.0,0,No Failure,0,0,0,0,0,156.6,71.2
9344,L19343,L,298.0,308.7,1168.0,42.3,109.0,0,No Failure,0,0,0,0,0,144.4,65.6
9345,M19344,M,300.1,310.0,1168.0,27.1,112.0,1,PWF (Power Failure),0,0,1,0,0,4.3,63.4
9346,M19345,M,298.2,309.7,1389.0,42.2,116.0,0,No Failure,0,0,0,0,0,142.0,64.6
9347,L19346,L,298.2,308.6,1168.0,39.4,435.44,0,No Failure,0,0,0,0,0,138.8,63.1
9348,H19347,H,296.1,306.9,1168.0,55.4,122.0,0,No Failure,0,0,0,0,0,132.0,60.0
9349,M19348,M,299.0,309.4,1230.0,31.3,127.0,0,No Failure,0,0,0,0,0,142.3,64.7
9350,L19349,L,296.8,307.3,1168.0,26.7,130.0,1,PWF (Power Failure),0,0,1,0,0,1.1,57.9
9351,M19350,M,300.5,311.1,1237.0,35.9,133.0,0,No Failure,0,0,0,0,0,135.2,61.5
9352,M19351,M,297.5,308.8,1168.0,46.1,136.0,0,No Failure,0,0,0,0,0,125.7,57.1
9353,L19352,L,298.3,309.7,1940.0,12.0,140.0,1,PWF (Power Failure),0,0,1,0,0,6.2,57.4
9354,M19353,M,302.7,312.2,1179.0,,143.0,0,No Failure,0,0,0,0,0,113.2,51.5
9355,M19354,M,298.2,308.6,1181.0,37.9,146.0,0,No Failure,0,0,0,0,0,125.3,57.0
9356,L19355,L,307.36,309.3,1168.0,28.6,150.0,1,PWF (Power Failure),0,0,1,0,0,6.9,54.5
9357,H19356,H,299.9,309.8,1490.0,36.3,153.0,0,No Failure,0,0,0,0,0,124.5,56.6
9358,M19357,M,295.6,304.3,1225.0,89.47,158.0,0,No Failure,0,0,0,0,0,109.3,49.7
9359,M19358,M,301.1,310.2,1348.0,27.7,-161.46,0,No Failure,0,0,0,0,0,120.0,54.5
9360,L19359,L,300.6,322.2,1168.0,20.6,165.0,1,PWF (Power Failure),0,0,1,0,0,7.4,43.7
9361,L19360,L,299.7,309.2,1195.0,47.3,167.0,0,No Failure,0,0,0,0,0,93.6,42.6
9362,L19361,L,292.7,302.0,1168.0,34.4,169.0,0,No Failure,0,0,0,0,0,103.1,46.8
9363,M19362,M,298.3,309.3,1389.0,36.1,172.0,0,No Failure,0,0,0,0,0,110.2,50.1
9364,M19363,M,296.5,306.2,1168.0,48.4,175.0,0,No Failure,0,0,0,0,0,93.1,42.3
9365,M19364,M,300.8,312.1,1168.0,40.6,179.0,0,No Failure,0,0,0,0,0,101.3,46.0
9366,L19365,L,300.7,309.6,1210.0,24.4,183.0,1,PWF (Power Failure),0,0,1,0,0,2.3,37.1
9367,M19366,M,299.5,309.1,1168.0,46.7,186.0,0,No Failure,0,0,0,0,0,86.0,39.1
9368,H19367,H,296.6,306.7,1168.0,54.8,190.0,0,No Failure,0,0,0,0,0,83.5,38.0
9369,M19368,M,301.5,312.3,1221.0,45.0,196.0,0,No Failure,0,0,0,0,0,85.3,38.8
9370,M19369,M,298.3,309.4,1168.0,31.3,199.0,0,No Failure,0,0,0,0,0,98.2,44.6
9371,H19370,H,302.0,311.5,1188.0,25.3,203.0,1,PWF (Power Failure),1,0,1,0,0,6.6,36.9
9372,L19371,L,299.3,310.3,1168.0,31.0,0.0,0,No Failure,0,0,0,0,0,219.8,99.9
9373,M19372,M,299.7,308.0,1195.0,41.0,3.0,1,HDF (Heat Dissipation),0,1,0,0,0,0.3,90.6
9374,H19373,H,298.0,308.9,1168.0,54.3,6.0,0,No Failure,0,0,0,0,0,215.7,98.0
9375,M19374,M,301.3,310.0,1363.0,32.4,12.0,0,No Failure,0,0,0,0,0,207.6,94.4
9376,L19375,L,299.9,310.3,1395.0,33.5,16.0,0,No Failure,0,0,0,0,0,209.7,95.3
9377,H19376,H,301.4,312.5,,50.2,19.0,0,No Failure,0,0,0,0,0,206.8,94.0
9378,L19377,L,299.1,310.0,1457.0,35.7,24.0,0,No Failure,0,0,0,0,0,204.3,92.9
9379,L19378,L,298.7,307.1,1168.0,57.1,26.0,1,HDF (Heat Dissipation),0,1,0,0,0,3.5,82.8
9380,L19379,L,299.9,309.5,1196.0,38.5,29.0,0,No Failure,0,0,0,0,0,196.1,89.2
9381,L19380,L,301.4,312.1,1189.0,51.7,31.0,0,No Failure,0,0,0,0,0,196.7,89.4
9382,L19381,L,300.6,311.3,1173.0,43.8,34.0,0,No Failure,0,0,0,0,0,196.1,89.1
9383,L19382,L,299.0,309.3,1180.0,47.1,37.0,0,No Failure,0,0,0,0,0,193.3,87.8
9384,H19383,H,295.5,303.3,1168.0,38.2,39.0,1,HDF (Heat Dissipation),0,1,0,0,0,5.0,77.8
9385,L19384,L,300.3,311.5,1168.0,38.9,44.0,0,No Failure,0,0,0,0,0,190.4,86.5
9386,M19385,M,296.2,307.6,1209.0,44.2,46.0,0,No Failure,0,0,0,0,0,188.6,85.7
9387,H19386,H,298.9,309.1,1212.0,48.0,50.0,0,No Failure,0,0,0,0,0,185.8,84.5
9388,H19387,H,298.6,308.8,1356.0,45.3,56.0,0,No Failure,0,0,0,0,0,182.5,82.9
9389,L19388,L,296.2,306.7,1313.0,22.3,62.0,1,PWF (Power Failure),0,0,1,0,0,2.0,74.7
9390,L19389,L,299.5,311.0,1185.0,42.6,65.0,0,No Failure,0,0,0,0,0,174.8,79.4
9391,M19390,M,302.7,313.0,1170.0,33.4,67.0,0,No Failure,0,0,0,0,0,178.2,81.0
9392,H19391,H,298.2,308.0,1306.0,34.5,70.0,0,No Failure,0,0,0,0,0,175.7,79.9
9393,M19392,M,300.2,310.6,1181.0,44.6,75.0,0,No Failure,0,0,0,0,0,168.6,76.6
9394,L19393,L,303.0,313.0,1168.0,57.0,78.0,0,No Failure,0,0,0,0,0,159.0,72.3
9395,M19394,M,300.4,310.4,1204.0,37.7,80.0,0,No Failure,0,0,0,0,0,168.2,76.5
9396,M19395,M,297.6,305.8,1168.0,59.7,83.0,1,HDF (Heat Dissipation),0,1,0,0,0,2.8,62.0
9397,M19396,M,299.2,309.7,1389.0,29.0,87.0,0,No Failure,0,0,0,0,0,167.8,76.3
9398,H19397,H,299.7,310.9,1168.0,52.3,90.0,0,No Failure,0,0,0,0,0,156.5,71.1
9399,M19398,M,301.4,312.4,1478.0,44.3,96.0,0,No Failure,0,0,0,0,0,154.4,70.2
9400,M19399,M,301.0,312.0,1168.0,42.1,99.0,0,No Failure,0,0,0,0,0,153.5,69.8
9401,M19400,M,293.8,303.7,1168.0,53.8,103.0,0,No Failure,0,0,0,0,0,143.1,65.0
9402,M19401,M,297.3,307.4,1340.0,33.6,107.0,0,No Failure,0,0,0,0,0,153.1,69.6
9403,M19402,M,298.7,309.9,1200.0,52.8,402.7,0,No Failure,0,0,0,0,0,139.7,63.5
9404,L19403,L,297.0,307.9,1276.0,37.9,114.0,0,No Failure,0,0,0,0,0,143.9,65.4
9405,M19404,M,292.1,303.6,1168.0,33.6,117.0,0,No Failure,0,0,0,0,0,146.9,66.8
9406,M19405,M,297.5,306.8,1247.0,26.7,120.0,1,PWF (Power Failure),0,0,1,0,0,6.3,61.2
9407,L19406,L,298.8,308.1,1436.0,55.9,123.0,0,No Failure,0,0,0,0,0,124.2,56.5
9408,L19407,L,297.9,307.6,1188.0,51.4,125.0,0,No Failure,0,0,0,0,0,123.2,56.0
9409,M19408,M,297.0,306.1,1214.0,35.2,128.0,0,No Failure,0,0,0,0,0,129.6,58.9
9410,M19409,M,298.9,307.6,1255.0,45.5,131.0,0,No Failure,0,0,0,0,0,118.4,53.8
9411,L19410,L,299.4,309.9,1168.0,41.3,135.0,0,No Failure,0,0,0,0,0,127.1,57.8
9412,L19411,L,298.0,308.4,1168.0,36.5,138.0,0,No Failure,0,0,0,0,0,129.1,58.7
9413,L19412,L,301.3,311.5,1168.0,49.6,140.0,0,No Failure,0,0,0,0,0,116.7,53.1
9414,H19413,H,298.9,309.3,1266.0,33.7,142.0,0,No Failure,0,0,0,0,0,133.2,60.6
9415,H19414,H,297.2,305.7,1367.0,18.1,147.0,1,HDF (Heat Dissipation),0,1,1,0,0,2.4,52.0
9416,M19415,M,296.8,306.3,1214.0,42.6,152.0,0,No Failure,0,0,0,0,0,112.3,51.1
9417,L19416,L,298.4,308.1,1327.0,40.7,155.0,0,No Failure,0,0,0,0,0,112.3,51.1
9418,M19417,M,300.8,310.8,1402.0,34.1,158.0,0,No Failure,0,0,0,0,0,120.8,54.9
9419,M19418,M,297.3,305.8,1313.0,31.1,162.0,1,HDF (Heat Dissipation),0,1,0,0,0,7.5,50.9
9420,H19419,H,299.9,309.0,1483.0,24.4,165.0,0,No Failure,0,0,0,0,0,126.7,57.6
9421,L19420,L,299.0,308.6,1168.0,36.4,170.0,0,No Failure,0,0,0,0,0,103.7,47.1
9422,L19421,L,302.4,313.5,1223.0,31.2,173.0,0,No Failure,0,0,0,0,0,111.5,50.7
9423,M19422,M,299.5,309.8,1168.0,49.6,175.0,0,No Failure,0,0,0,0,0,95.3,43.3
9424,L19423,L,297.6,308.6,1168.0,45.2,179.0,0,No Failure,0,0,0,0,0,92.7,42.1
9425,M19424,M,300.1,310.0,1168.0,35.2,181.0,0,No Failure,0,0,0,0,0,104.2,47.4
9426,M19425,M,300.2,310.2,1270.0,45.2,185.0,0,No Failure,0,0,0,0,0,92.6,42.1
9427,L19426,L,298.1,308.6,1168.0,83.96,189.0,0,No Failure,0,0,0,0,0,92.7,42.1
9428,L19427,L,296.7,306.5,1168.0,37.3,192.0,0,No Failure,0,0,0,0,0,90.4,41.1
9429,M19428,M,299.8,309.2,1230.0,39.5,194.0,0,No Failure,0,0,0,0,0,86.7,39.4
9430,H19429,H,298.9,307.4,1168.0,57.7,197.0,1,HDF (Heat Dissipation),0,1,0,0,0,6.4,26.9
9431,L19430,L,296.1,305.5,1229.0,46.4,203.0,0,No Failure,0,0,0,0,0,68.3,31.1
9432,L19431,L,299.3,310.1,1257.0,37.0,205.0,0,No Failure,0,0,0,0,0,84.3,38.3
9433,M19432,M,297.7,309.0,1212.0,48.9,207.0,0,No Failure,0,0,0,0,0,73.2,33.3
9434,L19433,L,296.1,305.3,1168.0,48.6,211.0,0,No Failure,0,0,0,0,0,56.8,25.8
9435,M19434,M,298.2,306.5,1168.0,42.6,213.0,1,HDF (Heat Dissipation),0,1,0,0,0,7.5,26.2
9436,M19435,M,301.1,312.0,1168.0,36.7,0.0,0,No Failure,0,0,0,0,0,220.0,100.0
9437,L19436,L,301.0,311.1,1260.0,36.1,3.0,0,No Failure,0,0,0,0,0,218.0,99.1
9438,M19437,M,300.5,309.2,1372.0,29.2,6.0,0,No Failure,0,0,0,0,0,211.9,96.3
9439,M19438,M,299.3,306.2,1168.0,41.8,9.0,1,HDF (Heat Dissipation),0,1,0,0,0,6.0,82.3
9440,L19439,L,299.9,308.9,1168.0,33.9,12.0,0,No Failure,0,0,0,0,0,201.3,91.5
9441,M19440,M,299.0,296.93,1208.0,35.6,14.0,0,No Failure,0,0,0,0,0,205.8,93.5
9442,H19441,H,296.8,305.6,1168.0,46.2,17.0,0,No Failure,0,0,0,0,0,195.3,88.8
9443,M19442,M,297.2,307.9,1185.0,56.9,23.0,0,No Failure,0,0,0,0,0,202.7,92.1
9444,L19443,L,297.7,306.9,1256.0,43.7,26.0,0,No Failure,0,0,0,0,0,194.9,88.6
9445,M19444,M,301.3,311.3,1168.0,38.9,28.0,0,No Failure,0,0,0,0,0,201.7,91.7
9446,L19445,L,300.8,313.2,1305.0,39.8,31.0,0,No Failure,0,0,0,0,0,199.0,90.4
9447,M19446,M,296.9,307.0,1168.0,51.4,33.0,0,No Failure,0,0,0,0,0,196.2,89.2
9448,M19447,M,298.9,,1168.0,43.9,36.0,0,No Failure,0,0,0,0,0,194.4,88.3
9449,L19448,L,298.1,308.0,1279.0,41.9,40.0,0,No Failure,0,0,0,0,0,191.6,87.1
9450,L19449,L,298.5,309.2,1247.0,42.6,43.0,0,No Failure,0,0,0,0,0,190.1,86.4
9451,H19450,H,297.9,308.4,1490.0,25.7,45.0,0,No Failure,0,0,0,0,0,194.3,88.3
9452,L19451,L,301.4,310.4,1168.0,43.9,51.0,0,No Failure,0,0,0,0,0,173.1,78.7
9453,H19452,H,298.8,308.4,1220.0,31.2,53.0,0,No Failure,0,0,0,0,0,184.2,83.7
9454,M19453,M,299.2,308.5,1168.0,43.9,58.0,0,No Failure,0,0,0,0,0,172.8,78.5
9455,M19454,M,299.2,308.9,1237.0,32.6,61.0,0,No Failure,0,0,0,0,0,179.4,81.6
9456,L19455,L,297.0,308.8,1168.0,45.9,65.0,0,No Failure,0,0,0,0,0,173.5,78.9
9457,L19456,L,299.0,309.6,1168.0,38.5,67.0,0,No Failure,0,0,0,0,0,175.0,79.6
9458,L19457,L,300.7,310.6,1168.0,28.5,69.0,1,PWF (Power Failure),0,0,1,0,0,1.4,76.4
9459,M19458,M,301.5,312.7,1168.0,37.1,72.0,0,No Failure,0,0,0,0,0,173.6,78.9
9460,H19459,H,296.8,307.0,1168.0,62.1,75.0,0,No Failure,0,0,0,0,0,163.4,74.3
9461,H19460,H,296.1,304.5,1366.0,17.3,81.0,1,HDF (Heat Dissipation),0,1,1,0,0,5.7,67.9
9462,L19461,L,298.9,310.6,1211.0,41.7,86.0,0,No Failure,0,0,0,0,0,160.6,73.0
9463,L19462,L,300.8,310.6,1352.0,29.9,88.0,0,No Failure,0,0,0,0,0,164.6,74.8
9464,L19463,L,299.5,307.2,1184.0,53.8,91.0,1,HDF (Heat Dissipation),0,1,0,0,0,7.6,56.9
9465,H19464,H,300.1,308.5,1295.0,48.2,93.0,1,HDF (Heat Dissipation),0,1,0,0,0,2.3,66.1
9466,L19465,L,296.4,307.5,1168.0,41.9,99.0,0,No Failure,0,0,0,0,0,151.6,68.9
9467,L19466,L,297.8,306.2,1168.0,49.2,101.0,1,HDF (Heat Dissipation),0,1,0,0,0,2.2,58.2
9468,M19467,M,294.9,306.2,1232.0,42.4,104.0,0,No Failure,0,0,0,0,0,150.0,68.2
9469,M19468,M,298.6,308.7,1198.0,40.1,108.0,0,No Failure,0,0,0,0,0,148.7,67.6
9470,L19469,L,294.9,305.6,1168.0,34.0,111.0,0,No Failure,0,0,0,0,0,148.5,67.5
9471,M19470,M,301.2,310.9,1182.0,36.4,114.0,0,No Failure,0,0,0,0,0,143.7,65.3
9472,L19471,L,301.6,312.1,1257.0,35.4,117.0,0,No Failure,0,0,0,0,0,143.7,65.3
9473,L19472,L,299.1,309.4,1168.0,40.1,120.0,0,No Failure,0,0,0,0,0,138.3,62.9
9474,L19473,L,296.1,306.1,1390.0,21.1,122.0,1,PWF (Power Failure),0,0,1,0,0,3.5,59.5
9475,L19474,L,299.5,308.4,1168.0,50.3,124.0,0,No Failure,0,0,0,0,0,115.9,52.7
9476,H19475,H,302.2,312.6,1168.0,59.5,127.0,0,No Failure,0,0,0,0,0,125.8,57.2
9477,M19476,M,299.7,307.9,1168.0,35.7,133.0,1,HDF (Heat Dissipation),0,1,0,0,0,2.9,52.5
9478,M19477,M,301.0,311.9,1227.0,51.7,137.0,0,No Failure,0,0,0,0,0,120.8,54.9
9479,L19478,L,298.0,308.2,1350.0,38.7,140.0,0,No Failure,0,0,0,0,0,125.9,57.2
9480,M19479,M,297.3,307.8,1168.0,34.0,142.0,0,No Failure,0,0,0,0,0,131.0,59.5
9481,H19480,H,298.7,306.1,1390.0,36.2,146.0,0,No Failure,0,0,0,0,0,122.1,55.5
9482,L19481,L,295.4,304.3,1168.0,40.9,152.0,0,No Failure,0,0,0,0,0,103.7,47.1
9483,H19482,H,302.9,312.4,1260.0,32.8,155.0,0,No Failure,0,0,0,0,0,121.8,55.4
9484,M19483,M,299.1,299.94,1168.0,46.1,161.0,0,No Failure,0,0,0,0,0,108.3,49.2
9485,M19484,M,300.4,309.5,1186.0,34.8,165.0,0,No Failure,0,0,0,0,0,105.9,48.1
9486,L19485,L,298.0,310.5,1403.0,,169.0,0,No Failure,0,0,0,0,0,115.9,52.7
9487,M19486,M,296.1,316.91,1334.0,39.8,171.0,0,No Failure,0,0,0,0,0,105.8,48.1
9488,M19487,M,301.4,310.4,1337.0,33.1,174.0,0,No Failure,0,0,0,0,0,106.8,48.5
9489,H19488,H,296.8,306.6,1282.0,36.7,178.0,0,No Failure,0,0,0,0,0,107.0,48.7
9490,H19489,H,299.5,308.5,1420.0,39.5,184.0,0,No Failure,0,0,0,0,0,100.8,45.8
9491,L19490,L,299.6,308.4,1240.0,26.6,189.0,1,PWF (Power Failure),0,0,1,0,0,4.2,39.1
9492,H19491,H,299.0,310.0,1249.0,54.6,192.0,0,No Failure,0,0,0,0,0,82.3,37.4
9493,H19492,H,297.4,307.9,1225.0,48.1,197.0,0,No Failure,0,0,0,0,0,85.2,38.7
9494,M19493,M,298.6,309.1,1270.0,33.7,202.0,0,No Failure,0,0,0,0,0,93.7,42.6
9495,L19494,L,297.1,308.4,1168.0,39.8,205.0,1,TWF (Tool Wear Failure),1,0,0,0,0,0.2,36.7
9496,L19495,L,300.3,310.8,1189.0,46.4,207.0,0,No Failure,0,0,0,0,0,71.3,32.4
9497,L19496,L,299.9,308.8,1294.0,42.1,209.0,0,No Failure,0,0,0,0,0,67.7,30.8
9498,L19497,L,298.8,309.5,1168.0,58.8,211.0,1,OSF (Overstrain Failure),0,0,0,1,0,6.3,24.0
9499,H19498,H,297.8,306.7,1299.0,37.6,214.0,0,No Failure,0,0,0,0,0,77.7,35.3
9500,L19499,L,302.7,312.2,1168.0,51.9,219.0,1,OSF (Overstrain Failure),0,0,0,1,0,3.0,22.7
9501,M19500,M,296.5,306.5,1224.0,26.7,0.0,1,PWF (Power Failure),0,0,1,0,0,6.8,95.3
9502,M19501,M,296.1,306.0,1301.0,28.2,3.0,0,No Failure,0,0,0,0,0,217.6,98.9
9503,M19502,M,298.7,306.9,1245.0,56.8,6.0,1,HDF (Heat Dissipation),0,1,0,0,0,4.2,90.6
9504,L19503,L,298.4,307.4,1219.0,35.7,9.0,0,No Failure,0,0,0,0,0,203.9,92.7
9505,M19504,M,300.8,310.8,1356.0,28.3,12.0,0,No Failure,0,0,0,0,0,212.9,96.8
9506,M19505,M,300.0,309.4,1168.0,39.5,15.0,0,No Failure,0,0,0,0,0,203.5,92.5
9507,M19506,M,298.9,310.0,1168.0,52.6,19.0,0,No Failure,0,0,0,0,0,206.1,93.7
9508,L19507,L,299.8,311.1,1313.0,32.4,22.0,0,No Failure,0,0,0,0,0,206.0,93.7
9509,M19508,M,299.7,308.6,1359.0,39.6,24.0,0,No Failure,0,0,0,0,0,199.8,90.8
9510,L19509,L,302.7,312.8,1337.0,21.5,27.0,1,PWF (Power Failure),0,0,1,0,0,2.2,83.1
9511,M19510,M,299.3,310.9,1168.0,35.3,29.0,0,No Failure,0,0,0,0,0,201.6,91.6
9512,L19511,L,297.6,307.5,1284.0,50.0,32.0,0,No Failure,0,0,0,0,0,195.6,88.9
9513,L19512,L,299.2,308.8,1168.0,32.2,35.0,0,No Failure,0,0,0,0,0,193.4,87.9
9514,H19513,H,294.2,305.1,1240.0,27.3,37.0,0,No Failure,0,0,0,0,0,191.6,87.1
9515,L19514,L,298.8,308.5,1270.0,32.2,42.0,0,No Failure,0,0,0,0,0,191.0,86.8
9516,H19515,H,300.8,312.1,1168.0,33.9,44.0,0,No Failure,0,0,0,0,0,193.1,87.8
9517,H19516,H,311.39,309.4,1168.0,47.6,50.0,0,No Failure,0,0,0,0,0,179.3,81.5
9518,L19517,L,299.4,308.9,1324.0,43.8,56.0,0,No Failure,0,0,0,0,0,177.9,80.9
9519,L19518,L,300.0,310.8,1168.0,45.7,58.0,0,No Failure,0,0,0,0,0,178.6,81.2
9520,L19519,L,300.9,311.0,1168.0,40.3,60.0,0,No Failure,0,0,0,0,0,179.1,81.4
9521,H19520,H,301.4,311.5,1298.0,33.8,63.0,0,No Failure,0,0,0,0,0,181.5,82.5
9522,M19521,M,299.7,307.8,1441.0,32.2,69.0,0,No Failure,0,0,0,0,0,176.7,80.3
9523,L19522,L,298.3,307.9,1311.0,44.3,73.0,0,No Failure,0,0,0,0,0,166.0,75.5
9524,M19523,M,294.7,305.6,1389.0,55.9,76.0,0,No Failure,0,0,0,0,0,163.2,74.2
9525,L19524,L,300.6,309.8,1181.0,30.6,80.0,0,No Failure,0,0,0,0,0,160.9,73.1
9526,M19525,M,299.8,310.5,1343.0,29.8,82.0,0,No Failure,0,0,0,0,0,170.5,77.5
9527,M19526,M,299.2,309.5,1289.0,28.6,85.0,0,No Failure,0,0,0,0,0,169.2,76.9
9528,L19527,L,297.6,307.4,1168.0,48.3,89.0,0,No Failure,0,0,0,0,0,152.8,69.5
9529,H19528,H,300.6,312.0,1168.0,39.6,91.0,0,No Failure,0,0,0,0,0,161.7,73.5
9530,L19529,L,298.4,308.1,1168.0,45.6,97.0,0,No Failure,0,0,0,0,0,147.5,67.0
9531,M19530,M,298.8,308.5,1382.0,34.9,100.0,0,No Failure,0,0,0,0,0,155.9,70.9
9532,M19531,M,298.8,308.6,1168.0,46.2,104.0,0,No Failure,0,0,0,0,0,145.6,66.2
9533,H19532,H,299.7,309.8,1251.0,37.1,108.0,0,No Failure,0,0,0,0,0,152.1,69.2
9534,L19533,L,296.8,307.6,1395.0,24.6,114.0,0,No Failure,0,0,0,0,0,147.3,67.0
9535,H19534,H,299.9,308.4,1168.0,49.2,116.0,1,HDF (Heat Dissipation),0,1,0,0,0,2.3,56.1
9536,L19535,L,297.6,308.5,1180.0,39.6,121.0,0,No Failure,0,0,0,0,0,138.0,62.7
9537,H19536,H,297.7,307.8,1232.0,36.9,123.0,0,No Failure,0,0,0,0,0,142.8,64.9
9538,L19537,L,300.5,311.1,,42.8,128.0,0,No Failure,0,0,0,0,0,130.8,59.5
9539,M19538,M,297.1,309.5,1307.0,25.6,130.0,0,No Failure,0,0,0,0,0,136.4,62.0
9540,L19539,L,300.5,310.0,1723.33,44.3,133.0,0,No Failure,0,0,0,0,0,120.6,54.8
9541,H19540,H,299.1,307.9,1168.0,34.0,136.0,0,No Failure,0,0,0,0,0,123.5,56.1
9542,H19541,H,295.9,306.1,1168.0,38.4,142.0,0,No Failure,0,0,0,0,0,129.8,59.0
9543,L19542,L,301.4,311.8,1261.0,51.4,,0,No Failure,0,0,0,0,0,110.0,50.0
9544,M19543,M,299.5,310.4,1168.0,46.4,149.0,0,No Failure,0,0,0,0,0,116.4,52.9
9545,M19544,M,299.6,309.1,1168.0,38.2,153.0,0,No Failure,0,0,0,0,0,115.0,52.3
9546,L19545,L,300.7,309.9,1168.0,39.0,157.0,0,No Failure,0,0,0,0,0,105.4,47.9
9547,M19546,M,301.6,310.1,1682.0,14.4,159.0,1,PWF (Power Failure),0,0,1,0,0,1.3,52.5
9548,M19547,M,299.3,307.9,1168.0,31.8,162.0,1,HDF (Heat Dissipation),0,1,0,0,0,5.6,47.7
9549,M19548,M,300.0,309.6,1184.0,41.7,165.0,0,No Failure,0,0,0,0,0,105.2,47.8
9550,L19549,L,299.6,309.5,1384.0,32.4,169.0,0,No Failure,0,0,0,0,0,112.5,51.1
9551,H19550,H,298.3,310.4,1320.0,26.7,171.0,0,No Failure,0,0,0,0,0,118.6,53.9
9552,L19551,L,296.1,304.4,1168.0,44.8,177.0,1,HDF (Heat Dissipation),0,1,0,0,0,6.2,34.5
9553,M19552,M,299.3,309.6,1202.0,53.1,180.0,0,No Failure,0,0,0,0,0,88.2,40.1
9554,L19553,L,301.4,310.7,1300.0,32.8,184.0,0,No Failure,0,0,0,0,0,98.2,44.6
9555,L19554,L,300.0,310.2,1230.0,48.8,187.0,0,No Failure,0,0,0,0,0,83.0,37.7
9556,L19555,L,297.0,306.4,1176.0,47.2,189.0,0,No Failure,0,0,0,0,0,76.7,34.9
9557,L19556,L,289.72,311.9,1497.0,30.2,192.0,0,No Failure,0,0,0,0,0,100.7,45.8
9558,M19557,M,298.4,309.4,1290.0,32.7,195.0,0,No Failure,0,0,0,0,0,99.1,45.1
9559,M19558,M,295.2,305.1,1474.0,58.0,198.0,0,No Failure,0,0,0,0,0,59.8,27.2
9560,M19559,M,300.8,312.2,1411.0,28.8,202.0,0,No Failure,0,0,0,0,0,99.1,45.1
9561,M19560,M,297.2,308.0,1401.0,33.9,,0,No Failure,0,0,0,0,0,91.0,41.3
9562,L19561,L,302.1,313.5,1168.0,59.7,210.0,1,OSF (Overstrain Failure),0,0,0,1,0,3.4,23.8
9563,L19562,L,311.59,311.0,1168.0,34.3,212.0,1,TWF (Tool Wear Failure),1,0,0,0,0,1.3,37.8
9564,M19563,M,298.5,309.5,1168.0,53.5,214.0,0,No Failure,0,0,0,0,0,62.9,28.6
9565,M19564,M,299.8,309.0,1267.0,29.8,,0,No Failure,0,0,0,0,0,82.5,37.5
9566,M19565,M,303.3,312.4,1168.0,41.4,220.0,1,TWF (Tool Wear Failure),1,0,0,0,0,6.4,28.7
9567,L19566,L,300.7,312.9,1168.0,50.9,224.0,1,OSF (Overstrain Failure),1,0,0,1,0,5.7,24.1
9568,H19567,H,299.4,308.3,1197.0,35.3,226.0,1,TWF (Tool Wear Failure),1,0,0,0,0,7.2,30.9
9569,L19568,L,304.1,313.7,1168.0,41.0,232.0,0,No Failure,0,0,0,0,0,56.4,25.7
9570,M19569,M,299.2,307.3,1702.48,47.4,-333.18,1,HDF (Heat Dissipation),0,1,0,0,0,7.8,90.9
9571,L19570,L,300.0,309.2,1168.0,,4.0,0,No Failure,0,0,0,0,0,208.5,94.8
9572,M19571,M,297.3,306.3,1168.0,62.4,7.0,0,No Failure,0,0,0,0,0,203.5,92.5
9573,L19572,L,295.9,305.2,1168.0,50.4,10.0,0,No Failure,0,0,0,0,0,204.9,93.1
9574,M19573,M,298.4,308.7,1242.0,36.4,13.0,0,No Failure,0,0,0,0,0,211.7,96.2
9575,L19574,L,299.0,309.5,1214.0,37.7,16.0,0,No Failure,0,0,0,0,0,209.3,95.2
9576,M19575,M,299.5,308.5,1168.0,59.1,18.0,0,No Failure,0,0,0,0,0,195.2,88.7
9577,L19576,L,296.4,305.6,1220.0,36.5,22.0,0,No Failure,0,0,0,0,0,197.4,89.7
9578,M19577,M,300.1,311.2,1218.0,35.3,24.0,0,No Failure,0,0,0,0,0,204.8,93.1
9579,L19578,L,297.5,309.2,1168.0,51.5,28.0,0,No Failure,0,0,0,0,0,199.0,90.5
9580,L19579,L,300.1,311.4,1263.0,26.0,30.0,1,PWF (Power Failure),0,0,1,0,0,3.1,87.4
9581,M19580,M,300.6,309.0,1170.0,39.2,32.0,1,HDF (Heat Dissipation),0,1,0,0,0,1.3,82.5
9582,L19581,L,298.2,309.4,1182.0,40.8,35.0,0,No Failure,0,0,0,0,0,196.0,89.1
9583,L19582,L,297.2,309.1,1336.0,33.0,37.0,0,No Failure,0,0,0,0,0,196.4,89.3
9584,H19583,H,301.7,310.0,1168.0,24.3,40.0,1,HDF (Heat Dissipation),0,1,1,0,0,6.7,71.3
9585,H19584,H,300.5,311.6,1174.0,40.7,45.0,0,No Failure,0,0,0,0,0,190.9,86.8
9586,H19585,H,299.2,309.4,1168.0,46.9,51.0,0,No Failure,0,0,0,0,0,185.4,84.3
9587,L19586,L,301.6,311.3,1247.0,33.2,56.0,0,No Failure,0,0,0,0,0,181.5,82.5
9588,M19587,M,299.1,309.2,1336.0,28.2,58.0,0,No Failure,0,0,0,0,0,185.5,84.3
9589,M19588,M,297.9,308.3,1168.0,52.6,62.0,0,No Failure,0,0,0,0,0,174.8,79.4
9590,L19589,L,297.2,308.4,1179.0,45.3,65.0,0,No Failure,0,0,0,0,0,173.7,79.0
9591,M19590,M,298.8,309.9,1436.0,36.4,-275.48,0,No Failure,0,0,0,0,0,177.1,80.5
9592,L19591,L,300.4,308.9,1217.0,49.2,70.0,1,HDF (Heat Dissipation),0,1,0,0,0,1.8,69.6
9593,H19592,H,301.5,310.9,1168.0,42.4,72.0,0,No Failure,0,0,0,0,0,166.2,75.6
9594,M19593,M,299.0,309.1,1168.0,57.9,78.0,0,No Failure,0,0,0,0,0,160.8,73.1
9595,L19594,L,301.2,312.8,1168.0,46.6,82.0,0,No Failure,0,0,0,0,0,161.0,73.2
9596,L19595,L,298.6,305.9,1180.0,26.1,84.0,1,HDF (Heat Dissipation),0,1,1,0,0,1.1,56.5
9597,L19596,L,297.6,307.0,1304.0,33.4,86.0,0,No Failure,0,0,0,0,0,161.1,73.2
9598,L19597,L,296.6,305.1,1168.0,33.9,89.0,1,HDF (Heat Dissipation),0,1,0,0,0,3.4,66.5
9599,M19598,M,298.1,306.7,1193.0,43.1,-251.94,1,HDF (Heat Dissipation),0,1,0,0,0,5.1,65.0
9600,M19599,M,296.7,,1293.0,37.0,95.0,0,No Failure,0,0,0,0,0,158.9,72.2
9601,M19600,M,302.6,312.1,1462.0,28.7,99.0,0,No Failure,0,0,0,0,0,160.8,73.1
9602,L19601,L,299.8,307.5,1185.0,45.9,103.0,1,HDF (Heat Dissipation),0,1,0,0,0,1.9,55.0
9603,M19602,M,298.8,308.6,1168.0,50.0,105.0,0,No Failure,0,0,0,0,0,142.7,64.9
9604,L19603,L,302.1,314.1,,39.0,108.0,0,No Failure,0,0,0,0,0,147.2,66.9
9605,L19604,L,296.7,304.9,1289.0,42.1,110.0,1,HDF (Heat Dissipation),0,1,0,0,0,2.5,59.6
9606,H19605,H,298.7,309.2,1408.0,30.3,112.0,0,No Failure,0,0,0,0,0,153.5,69.8
9607,M19606,M,302.6,314.2,1319.0,34.8,118.0,0,No Failure,0,0,0,0,0,145.5,66.1
9608,M19607,M,298.7,308.7,1255.0,-9.0,121.0,0,No Failure,0,0,0,0,0,143.3,65.2
9609,H19608,H,303.4,315.3,1168.0,45.6,125.0,0,No Failure,0,0,0,0,0,136.1,61.8
9610,L19609,L,300.4,309.7,1433.0,42.6,468.31,0,No Failure,0,0,0,0,0,128.4,58.3
9611,H19610,H,301.4,312.8,1168.0,36.7,133.0,0,No Failure,0,0,0,0,0,136.7,62.1
9612,M19611,M,301.4,312.6,1208.0,36.3,138.0,0,No Failure,0,0,0,0,0,131.7,59.9
9613,M19612,M,299.0,309.0,1253.0,20.3,141.0,1,PWF (Power Failure),0,0,1,0,0,6.0,54.6
9614,L19613,L,298.1,306.6,1168.0,56.1,145.0,1,HDF (Heat Dissipation),0,1,0,0,0,5.1,41.3
9615,L19614,L,298.8,307.8,1364.0,19.1,147.0,1,PWF (Power Failure),0,0,1,0,0,7.7,51.2
9616,L19615,L,297.2,304.9,1168.0,44.2,149.0,1,HDF (Heat Dissipation),0,1,0,0,0,2.9,40.7
9617,L19616,L,,309.5,1168.0,40.4,152.0,0,No Failure,0,0,0,0,0,116.3,52.9
9618,L19617,L,299.0,309.5,1168.0,37.3,154.0,0,No Failure,0,0,0,0,0,117.8,53.5
9619,M19618,M,302.1,312.2,1229.0,39.9,157.0,0,No Failure,0,0,0,0,0,116.5,52.9
9620,M19619,M,300.1,310.0,1205.0,33.4,160.0,0,No Failure,0,0,0,0,0,119.1,54.1
9621,L19620,L,303.3,314.7,1168.0,46.5,163.0,0,No Failure,0,0,0,0,0,102.8,46.7
9622,M19621,M,295.1,305.4,1249.0,26.9,166.0,0,No Failure,0,0,0,0,0,114.7,52.1
9623,H19622,H,296.8,306.2,1199.0,43.3,170.0,0,No Failure,0,0,0,0,0,101.2,46.0
9624,M19623,M,298.4,308.5,1271.0,33.2,176.0,0,No Failure,0,0,0,0,0,110.4,50.2
9625,M19624,M,292.13,313.7,1261.0,35.7,180.0,0,No Failure,0,0,0,0,0,105.5,47.9
9626,M19625,M,298.8,309.4,1216.0,36.0,184.0,0,No Failure,0,0,0,0,0,102.6,46.6
9627,L19626,L,296.4,306.0,1168.0,38.3,187.0,0,No Failure,0,0,0,0,0,90.3,41.1
9628,L19627,L,298.6,308.6,1192.0,45.0,189.0,0,No Failure,0,0,0,0,0,85.8,39.0
9629,H19628,H,296.9,307.4,1168.0,39.6,192.0,0,No Failure,0,0,0,0,0,96.9,44.1
9630,M19629,M,296.5,306.1,1168.0,49.3,198.0,0,No Failure,0,0,0,0,0,74.8,34.0
9631,M19630,M,302.6,312.1,1215.0,50.4,202.0,0,No Failure,0,0,0,0,0,70.0,31.8
9632,H19631,H,298.4,308.4,1309.0,43.1,206.0,0,No Failure,0,0,0,0,0,84.3,38.3
9633,L19632,L,299.4,310.9,1168.0,46.8,212.0,0,No Failure,0,0,0,0,0,67.2,30.5
9634,L19633,L,298.9,309.7,1168.0,60.2,215.0,1,OSF (Overstrain Failure),1,0,0,1,0,2.9,22.5
9635,M19634,M,298.6,308.2,1343.0,25.9,218.0,1,TWF (Tool Wear Failure),1,0,0,0,0,2.9,39.5
9636,L19635,L,297.5,308.4,1232.0,50.8,222.0,1,OSF (Overstrain Failure),1,0,0,1,0,6.4,24.8
9637,M19636,M,298.5,308.5,1193.0,55.4,224.0,1,OSF (Overstrain Failure),1,0,0,1,0,7.6,24.2
9638,H19637,H,299.7,310.0,1178.0,44.3,227.0,1,TWF (Tool Wear Failure),1,0,0,0,0,0.8,31.4
9639,M19638,M,301.6,311.9,1221.0,59.0,232.0,1,OSF (Overstrain Failure),1,0,0,1,0,1.4,19.4
9640,L19639,L,300.8,308.7,1168.0,8.87,0.0,1,HDF (Heat Dissipation),0,1,0,0,0,6.6,89.5
9641,M19640,M,296.9,303.9,1299.0,36.6,2.0,1,HDF (Heat Dissipation),0,1,0,0,0,6.1,90.4
9642,L19641,L,300.8,311.0,1168.0,37.4,5.0,0,No Failure,0,0,0,0,0,216.7,98.5
9643,H19642,H,299.9,309.0,1235.0,45.3,7.0,0,No Failure,0,0,0,0,0,206.8,94.0
9644,L19643,L,297.9,306.3,1366.0,33.8,12.0,1,HDF (Heat Dissipation),0,1,0,0,0,1.8,93.8
9645,H19644,H,299.4,308.6,1168.0,67.1,15.0,0,No Failure,0,0,0,0,0,199.5,90.7
9646,L19645,L,300.1,311.0,1178.0,47.9,20.0,0,No Failure,0,0,0,0,0,205.5,93.4
9647,L19646,L,299.2,309.6,1168.0,40.5,23.0,0,No Failure,0,0,0,0,0,204.3,92.9
9648,M19647,M,299.9,310.7,,25.9,26.0,0,No Failure,0,0,0,0,0,204.9,93.1
9649,L19648,L,297.5,308.0,1179.0,42.5,29.0,0,No Failure,0,0,0,0,0,199.8,90.8
9650,L19649,L,311.95,311.8,1297.0,28.1,31.0,0,No Failure,0,0,0,0,0,195.1,88.7
9651,H19650,H,295.6,306.4,1305.0,47.6,34.0,0,No Failure,0,0,0,0,0,196.8,89.5
9652,H19651,H,300.1,310.7,1540.0,15.0,40.0,1,PWF (Power Failure),0,0,1,0,0,4.9,80.6
9653,L19652,L,299.7,309.6,1168.0,53.8,45.0,0,No Failure,0,0,0,0,0,184.6,83.9
9654,M19653,M,300.2,310.3,1312.0,35.8,47.0,0,No Failure,0,0,0,0,0,190.1,86.4
9655,H19654,H,297.8,308.6,1517.0,23.1,51.0,0,No Failure,0,0,0,0,0,188.0,85.5
9656,H19655,H,301.2,310.5,1172.0,39.8,57.0,0,No Failure,0,0,0,0,0,175.7,79.9
9657,L19656,L,298.9,310.0,1168.0,40.2,63.0,0,No Failure,0,0,0,0,0,177.1,80.5
9658,L19657,L,297.0,307.6,1168.0,39.4,66.0,0,No Failure,0,0,0,0,0,175.4,79.7
9659,H19658,H,297.1,307.1,1239.0,53.8,-261.64,0,No Failure,0,0,0,0,0,171.5,78.0
9660,L19659,L,299.3,310.8,1168.0,43.8,74.0,0,No Failure,0,0,0,0,0,168.0,76.4
9661,L19660,L,296.2,304.9,1168.0,48.0,77.0,0,No Failure,0,0,0,0,0,149.6,68.0
9662,M19661,M,302.3,311.8,1240.0,37.5,79.0,0,No Failure,0,0,0,0,0,164.3,74.7
9663,L19662,L,301.0,310.3,1168.0,44.3,82.0,0,No Failure,0,0,0,0,0,154.4,70.2
9664,H19663,H,302.4,312.8,1168.0,26.9,84.0,1,PWF (Power Failure),0,0,1,0,0,1.0,71.6
9665,L19664,L,302.2,313.4,1168.0,42.6,90.0,0,No Failure,0,0,0,0,0,157.4,71.5
9666,M19665,M,298.5,307.5,1216.0,32.4,93.0,0,No Failure,0,0,0,0,0,152.2,69.2
9667,H19666,H,297.5,310.8,1292.0,53.2,97.0,0,No Failure,0,0,0,0,0,151.1,68.7
9668,H19667,H,294.3,303.6,1366.0,40.8,103.0,0,No Failure,0,0,0,0,0,150.8,68.5
9669,H19668,H,298.4,308.8,1168.0,46.6,108.0,0,No Failure,0,0,0,0,0,146.9,66.8
9670,H19669,H,302.3,312.3,1183.0,42.6,114.0,0,No Failure,0,0,0,0,0,145.2,66.0
9671,L19670,L,297.6,307.6,1179.0,58.1,120.0,0,No Failure,0,0,0,0,0,125.4,57.0
9672,H19671,H,298.7,307.9,1542.0,24.4,122.0,0,No Failure,0,0,0,0,0,151.2,68.7
9673,H19672,H,298.1,309.2,1204.0,38.9,127.0,0,No Failure,0,0,0,0,0,139.0,63.2
9674,M19673,M,299.8,308.9,1273.0,30.4,133.0,0,No Failure,0,0,0,0,0,132.2,60.1
9675,L19674,L,301.4,309.6,1367.0,19.5,137.0,1,HDF (Heat Dissipation),0,1,1,0,0,2.2,52.3
9676,L19675,L,296.4,305.3,1415.0,,140.0,0,No Failure,0,0,0,0,0,131.8,59.9
9677,M19676,M,296.7,308.1,1168.0,51.7,142.0,0,No Failure,0,0,0,0,0,117.1,53.2
9678,M19677,M,301.8,313.1,1168.0,39.7,145.0,0,No Failure,0,0,0,0,0,124.5,56.6
9679,L19678,L,300.5,308.5,1247.0,37.8,149.0,1,HDF (Heat Dissipation),0,1,0,0,0,3.5,46.7
9680,L19679,L,298.7,309.5,1168.0,47.7,151.0,0,No Failure,0,0,0,0,0,110.3,50.2
9681,M19680,M,302.2,310.2,1354.0,41.2,154.0,1,HDF (Heat Dissipation),0,1,0,0,0,4.7,49.5
9682,L19681,L,296.7,306.7,1284.0,46.1,158.0,0,No Failure,0,0,0,0,0,106.8,48.5
9683,H19682,H,300.8,309.6,1168.0,43.2,160.0,0,No Failure,0,0,0,0,0,101.3,46.0
9684,L19683,L,299.0,309.9,1168.0,45.4,166.0,0,No Failure,0,0,0,0,0,101.7,46.2
9685,L19684,L,300.2,310.8,1168.0,35.5,169.0,0,No Failure,0,0,0,0,0,109.6,49.8
9686,L19685,L,,305.9,1168.0,50.5,172.0,0,No Failure,0,0,0,0,0,92.2,41.9
9687,H19686,H,298.7,308.4,1168.0,27.9,175.0,1,PWF (Power Failure),0,0,1,0,0,4.6,47.4
9688,H19687,H,300.5,310.3,1168.0,39.1,180.0,0,No Failure,0,0,0,0,0,102.9,46.8
9689,L19688,L,299.0,307.5,1168.0,51.0,185.0,1,HDF (Heat Dissipation),0,1,0,0,0,0.9,29.8
9690,L19689,L,301.4,310.4,1357.0,38.5,188.0,0,No Failure,0,0,0,0,0,89.8,40.8
9691,L19690,L,301.4,312.3,1310.0,35.7,190.0,0,No Failure,0,0,0,0,0,95.7,43.5
9692,L19691,L,297.4,307.8,1168.0,62.9,193.0,1,OSF (Overstrain Failure),0,0,0,1,0,1.7,28.3
9693,M19692,M,300.6,310.7,1216.0,54.2,196.0,0,No Failure,0,0,0,0,0,75.3,34.2
9694,L19693,L,297.4,308.7,1255.0,41.4,200.0,0,No Failure,0,0,0,0,0,82.3,37.4
9695,M19694,M,299.3,308.0,1168.0,30.3,203.0,1,TWF (Tool Wear Failure),1,0,0,0,0,2.1,36.3
9696,L19695,L,300.4,311.1,,19.6,207.0,1,PWF (Power Failure),0,0,1,0,0,7.4,38.3
9697,L19696,L,297.7,306.5,1168.0,47.1,209.0,0,No Failure,0,0,0,0,0,55.8,25.4
9698,L19697,L,311.33,312.1,1168.0,52.7,211.0,1,OSF (Overstrain Failure),1,0,0,1,0,2.2,27.5
9699,L19698,L,298.3,308.8,1168.0,44.0,213.0,0,No Failure,0,0,0,0,0,70.0,31.8
9700,L19699,L,298.1,309.1,1535.0,22.9,215.0,1,TWF (Tool Wear Failure),1,0,0,0,0,6.2,42.1
9701,L19700,L,300.5,309.8,1216.0,41.6,218.0,1,TWF (Tool Wear Failure),1,0,0,0,0,2.7,28.4
9702,L19701,L,297.7,309.9,1314.0,35.1,0.0,0,No Failure,0,0,0,0,0,220.0,100.0
9703,H19702,H,297.6,309.6,1168.0,41.6,3.0,0,No Failure,0,0,0,0,0,218.0,99.1
9704,L19703,L,301.1,311.5,1184.0,59.4,8.0,0,No Failure,0,0,0,0,0,213.6,97.1
9705,L19704,L,299.4,310.6,1175.0,47.9,10.0,0,No Failure,0,0,0,0,0,212.7,96.7
9706,L19705,L,296.6,306.3,1168.0,45.8,12.0,0,No Failure,0,0,0,0,0,208.1,94.6
9707,M19706,M,300.7,309.4,1168.0,39.5,14.0,0,No Failure,0,0,0,0,0,196.5,89.3
9708,H19707,H,298.5,309.3,1173.0,44.1,18.0,0,No Failure,0,0,0,0,0,208.0,94.6
9709,M19708,M,296.7,305.8,1189.0,32.8,24.0,0,No Failure,0,0,0,0,0,195.2,88.7
9710,M19709,M,294.7,306.0,1168.0,45.5,27.0,0,No Failure,0,0,0,0,0,201.4,91.5
9711,H19710,H,300.8,311.8,1370.0,38.1,31.0,0,No Failure,0,0,0,0,0,200.4,91.1
9712,L19711,L,309.03,307.9,1248.0,31.8,37.0,0,No Failure,0,0,0,0,0,196.7,89.4
9713,H19712,H,297.0,307.2,1168.0,48.2,40.0,0,No Failure,0,0,0,0,0,192.6,87.6
9714,M19713,M,300.4,311.4,1314.0,17.7,45.0,1,PWF (Power Failure),0,0,1,0,0,6.9,79.0
9715,L19714,L,,311.0,1172.0,34.6,48.0,0,No Failure,0,0,0,0,0,188.9,85.9
9716,L19715,L,297.8,307.4,1168.0,46.1,50.0,0,No Failure,0,0,0,0,0,179.8,81.7
9717,L19716,L,300.9,309.4,1168.0,52.2,53.0,1,HDF (Heat Dissipation),0,1,0,0,0,3.8,74.4
9718,L19717,L,302.9,313.9,1318.0,44.7,55.0,0,No Failure,0,0,0,0,0,181.0,82.3
9719,H19718,H,301.6,312.0,1377.0,33.3,57.0,0,No Failure,0,0,0,0,0,185.3,84.2
9720,L19719,L,,314.2,1168.0,39.5,63.0,0,No Failure,0,0,0,0,0,177.3,80.6
9721,M19720,M,299.8,309.7,1746.8,42.9,65.0,0,No Failure,0,0,0,0,0,175.0,79.5
9722,H19721,H,298.4,308.7,1168.0,55.6,,0,No Failure,0,0,0,0,0,170.9,77.7
9723,L19722,L,299.1,309.4,1171.0,49.2,73.0,0,No Failure,0,0,0,0,0,166.3,75.6
9724,L19723,L,300.0,310.7,1225.0,49.3,76.0,0,No Failure,0,0,0,0,0,164.1,74.6
9725,M19724,M,297.0,306.0,1168.0,40.7,79.0,0,No Failure,0,0,0,0,0,156.6,71.2
9726,H19725,H,297.9,307.8,1168.0,29.3,82.0,0,No Failure,0,0,0,0,0,164.7,74.9
9727,L19726,L,296.7,307.5,1285.0,25.9,87.0,1,PWF (Power Failure),0,0,1,0,0,0.1,72.5
9728,L19727,L,299.7,309.4,1561.0,37.0,89.0,0,No Failure,0,0,0,0,0,161.1,73.2
9729,M19728,M,299.4,310.2,1429.0,47.0,92.0,0,No Failure,0,0,0,0,0,155.7,70.8
9730,H19729,H,298.1,308.2,1233.0,35.0,96.0,0,No Failure,0,0,0,0,0,160.7,73.0
9731,L19730,L,300.7,311.1,1168.0,45.7,101.0,0,No Failure,0,0,0,0,0,147.9,67.2
9732,L19731,L,297.4,308.6,1314.0,32.1,104.0,0,No Failure,0,0,0,0,0,154.2,70.1
9733,H19732,H,298.0,307.8,1335.0,33.6,106.0,0,No Failure,0,0,0,0,0,154.3,70.1
9734,L19733,L,300.7,309.2,1741.58,54.1,112.0,1,HDF (Heat Dissipation),0,1,0,0,0,4.4,53.6
9735,L19734,L,300.9,310.6,1168.0,47.7,114.0,0,No Failure,0,0,0,0,0,133.9,60.9
9736,M19735,M,297.8,307.0,1168.0,92.66,117.0,0,No Failure,0,0,0,0,0,136.0,61.8
9737,L19736,L,299.7,307.6,1329.0,31.7,121.0,1,HDF (Heat Dissipation),0,1,0,0,0,4.2,60.3
9738,L19737,L,297.9,307.8,1215.0,49.5,124.0,0,No Failure,0,0,0,0,0,127.6,58.0
9739,M19738,M,298.9,309.1,1173.0,48.8,126.0,0,No Failure,0,0,0,0,0,130.7,59.4
9740,M19739,M,299.5,310.5,1334.0,46.4,129.0,0,No Failure,0,0,0,0,0,130.3,59.2
9741,M19740,M,300.3,320.59,1168.0,38.2,133.0,0,No Failure,0,0,0,0,0,121.4,55.2
9742,L19741,L,299.8,309.9,1291.0,29.1,136.0,0,No Failure,0,0,0,0,0,136.4,62.0
9743,M19742,M,299.8,310.9,1814.5,39.9,139.0,0,No Failure,0,0,0,0,0,128.3,58.3
9744,M19743,M,297.3,306.7,1303.0,54.1,142.0,0,No Failure,0,0,0,0,0,111.4,50.6
9745,H19744,H,300.0,310.5,1287.0,30.9,146.0,0,No Failure,0,0,0,0,0,132.9,60.4
9746,M19745,M,300.3,311.9,1209.0,40.5,152.0,0,No Failure,0,0,0,0,0,119.3,54.2
9747,M19746,M,300.5,308.6,1168.0,56.4,155.0,1,HDF (Heat Dissipation),0,1,0,0,0,4.9,37.6
9748,H19747,H,298.0,308.3,1345.0,37.0,158.0,0,No Failure,0,0,0,0,0,120.8,54.9
9749,H19748,H,300.9,312.1,1168.0,38.7,163.0,0,No Failure,0,0,0,0,0,116.3,52.8
9750,L19749,L,296.9,306.5,1269.0,26.5,168.0,0,No Failure,0,0,0,0,0,108.5,49.3
9751,H19750,H,298.5,309.9,1168.0,46.2,170.0,0,No Failure,0,0,0,0,0,105.3,47.9
9752,H19751,H,298.8,309.4,1354.0,32.6,175.0,0,No Failure,0,0,0,0,0,114.0,51.8
9753,L19752,L,297.0,308.8,1390.0,24.5,181.0,0,No Failure,0,0,0,0,0,107.3,48.8
9754,L19753,L,298.8,309.4,1353.0,30.5,184.0,0,No Failure,0,0,0,0,0,105.4,47.9
9755,M19754,M,299.7,311.6,1168.0,42.1,187.0,0,No Failure,0,0,0,0,0,94.4,42.9
9756,L19755,L,296.0,306.3,1266.0,24.2,,1,PWF (Power Failure),0,0,1,0,0,7.5,42.1
9757,M19756,M,298.6,307.2,1339.0,26.1,192.0,1,HDF (Heat Dissipation),0,1,0,0,0,5.9,44.2
9758,M19757,M,296.2,305.6,1394.0,45.6,196.0,0,No Failure,0,0,0,0,0,83.1,37.8
9759,L19758,L,303.0,314.0,1345.0,39.3,200.0,0,No Failure,0,0,0,0,0,84.8,38.6
9760,L19759,L,299.7,310.7,1269.0,30.9,203.0,0,No Failure,0,0,0,0,0,93.0,42.3
9761,H19760,H,299.5,309.2,1168.0,36.8,206.0,0,No Failure,0,0,0,0,0,87.6,39.8
9762,L19761,L,299.7,311.5,1168.0,57.4,212.0,1,OSF (Overstrain Failure),1,0,0,1,0,4.5,24.4
9763,M19762,M,300.4,310.0,1168.0,52.8,215.0,1,TWF (Tool Wear Failure),1,0,0,0,0,5.5,26.6
9764,L19763,L,301.1,311.6,1430.0,38.9,219.0,1,TWF (Tool Wear Failure),1,0,0,0,0,0.8,33.0
9765,L19764,L,296.5,297.48,1168.0,48.2,221.0,1,TWF (Tool Wear Failure),1,0,0,0,0,1.3,26.7
9766,M19765,M,301.7,310.4,1413.0,41.2,223.0,1,TWF (Tool Wear Failure),1,0,0,0,0,4.9,31.5
9767,L19766,L,301.6,311.5,1448.0,22.3,226.0,1,PWF (Power Failure),1,0,1,0,0,4.4,35.8
9768,M19767,M,299.2,311.6,1470.0,20.5,229.0,1,PWF (Power Failure),1,0,1,0,0,0.2,34.4
9769,M19768,M,299.1,308.2,1357.0,30.9,232.0,1,TWF (Tool Wear Failure),1,0,0,0,0,5.7,34.0
9770,L19769,L,304.35,304.4,1536.0,24.2,0.0,0,No Failure,0,0,0,0,0,220.0,100.0
9771,L19770,L,297.1,305.9,1168.0,42.7,2.0,0,No Failure,0,0,0,0,0,205.4,93.4
9772,M19771,M,300.3,309.4,1301.0,34.5,5.0,0,No Failure,0,0,0,0,0,211.0,95.9
9773,M19772,M,301.5,310.1,1168.0,44.3,9.0,0,No Failure,0,0,0,0,0,198.4,90.2
9774,M19773,M,300.7,311.6,1201.0,44.4,12.0,0,No Failure,0,0,0,0,0,211.8,96.3
9775,M19774,M,287.99,308.3,1168.0,46.9,15.0,0,No Failure,0,0,0,0,0,199.6,90.7
9776,L19775,L,302.8,314.1,1242.0,30.7,19.0,0,No Failure,0,0,0,0,0,208.1,94.6
9777,L19776,L,301.2,310.7,1188.0,45.2,22.0,0,No Failure,0,0,0,0,0,198.9,90.4
9778,M19777,M,298.7,308.8,1168.0,30.4,24.0,0,No Failure,0,0,0,0,0,203.2,92.4
9779,M19778,M,303.3,313.7,1319.0,47.1,27.0,0,No Failure,0,0,0,0,0,201.1,91.4
9780,H19779,H,297.4,305.8,1169.0,52.2,31.0,1,HDF (Heat Dissipation),0,1,0,0,0,2.5,82.1
9781,L19780,L,296.7,306.9,1168.0,47.2,37.0,0,No Failure,0,0,0,0,0,193.2,87.8
9782,M19781,M,298.6,308.9,1320.0,38.2,39.0,0,No Failure,0,0,0,0,0,194.6,88.5
9783,M19782,M,298.0,309.1,1168.0,45.7,42.0,0,No Failure,0,0,0,0,0,191.0,86.8
9784,L19783,L,298.7,307.7,1377.0,24.7,46.0,0,No Failure,0,0,0,0,0,183.2,83.3
9785,M19784,M,300.8,310.0,1400.0,22.4,49.0,1,PWF (Power Failure),0,0,1,0,0,4.4,80.2
9786,M19785,M,299.3,310.0,1289.0,44.7,52.0,0,No Failure,0,0,0,0,0,184.3,83.8
9787,L19786,L,299.4,310.8,1189.0,53.1,56.0,0,No Failure,0,0,0,0,0,177.5,80.7
9788,L19787,L,299.5,308.9,1168.0,27.7,59.0,1,PWF (Power Failure),0,0,1,0,0,7.9,75.6
9789,L19788,L,295.2,304.0,1174.0,40.2,62.0,0,No Failure,0,0,0,0,0,164.6,74.8
9790,H19789,H,296.7,306.4,1236.0,44.4,65.0,0,No Failure,0,0,0,0,0,173.9,79.1
9791,L19790,L,298.7,307.7,1168.0,33.9,70.0,0,No Failure,0,0,0,0,0,164.0,74.5
9792,L19791,L,297.9,308.3,1168.0,36.6,73.0,0,No Failure,0,0,0,0,0,171.8,78.1
9793,L19792,L,299.0,307.9,1340.0,46.1,75.0,0,No Failure,0,0,0,0,0,160.9,73.2
9794,L19793,L,301.9,312.9,1168.0,41.1,77.0,0,No Failure,0,0,0,0,0,167.1,76.0
9795,L19794,L,299.3,309.5,1168.0,41.1,79.0,0,No Failure,0,0,0,0,0,165.8,75.3
9796,M19795,M,297.0,308.0,1270.0,30.2,82.0,0,No Failure,0,0,0,0,0,170.3,77.4
9797,L19796,L,298.0,305.6,1168.0,39.7,86.0,1,HDF (Heat Dissipation),0,1,0,0,0,7.2,61.5
9798,L19797,L,302.5,310.7,1168.0,36.0,88.0,1,HDF (Heat Dissipation),0,1,0,0,0,4.4,64.8
9799,L19798,L,302.2,313.5,1168.0,36.6,91.0,0,No Failure,0,0,0,0,0,160.0,72.7
9800,L19799,L,300.5,309.8,1168.0,34.6,94.0,0,No Failure,0,0,0,0,0,151.4,68.8
9801,L19800,L,296.6,305.1,1168.0,39.7,96.0,1,HDF (Heat Dissipation),0,1,0,0,0,4.3,62.9
9802,M19801,M,300.0,309.8,1168.0,31.3,,0,No Failure,0,0,0,0,0,157.8,71.7
9803,M19802,M,300.1,310.3,1168.0,40.1,102.0,0,No Failure,0,0,0,0,0,152.6,69.4
9804,M19803,M,299.5,309.3,1168.0,36.3,106.0,0,No Failure,0,0,0,0,0,150.0,68.2
9805,L19804,L,298.4,308.9,1355.0,30.7,110.0,0,No Failure,0,0,0,0,0,151.3,68.8
9806,H19805,H,298.8,309.1,1311.0,20.5,113.0,1,PWF (Power Failure),0,0,1,0,0,3.7,62.1
9807,M19806,M,298.3,308.6,1168.0,49.5,119.0,0,No Failure,0,0,0,0,0,135.2,61.5
9808,L19807,L,297.4,308.7,1300.0,47.5,122.0,0,No Failure,0,0,0,0,0,131.5,59.8
9809,L19808,L,301.9,311.9,1200.0,32.0,124.0,0,No Failure,0,0,0,0,0,141.6,64.4
9810,M19809,M,301.0,311.0,1521.0,46.8,127.0,0,No Failure,0,0,0,0,0,131.4,59.7
9811,L19810,L,298.9,309.7,1253.0,29.8,131.0,0,No Failure,0,0,0,0,0,138.9,63.2
9812,L19811,L,300.1,310.7,1168.0,36.9,134.0,0,No Failure,0,0,0,0,0,131.4,59.7
9813,M19812,M,300.2,309.3,1168.0,34.7,136.0,0,No Failure,0,0,0,0,0,124.3,56.5
9814,L19813,L,303.7,313.6,1342.0,37.2,140.0,0,No Failure,0,0,0,0,0,126.7,57.6
9815,H19814,H,301.0,311.4,1168.0,46.5,142.0,0,No Failure,0,0,0,0,0,124.0,56.4
9816,L19815,L,301.0,310.4,1168.0,36.0,147.0,0,No Failure,0,0,0,0,0,117.0,53.2
9817,L19816,L,299.5,309.0,1419.0,36.6,149.0,0,No Failure,0,0,0,0,0,121.0,55.0
9818,L19817,L,,307.3,1168.0,47.4,151.0,0,No Failure,0,0,0,0,0,95.2,43.3
9819,L19818,L,302.0,309.1,1168.0,40.6,154.0,1,HDF (Heat Dissipation),0,1,0,0,0,5.2,37.6
9820,H19819,H,300.6,310.2,1168.0,34.1,156.0,0,No Failure,0,0,0,0,0,120.0,54.5
9821,H19820,H,298.0,308.1,1168.0,42.4,161.0,0,No Failure,0,0,0,0,0,114.5,52.0
9822,H19821,H,300.3,309.2,1208.0,49.9,-109.41,0,No Failure,0,0,0,0,0,92.5,42.0
9823,M19822,M,301.0,312.4,1168.0,50.6,172.0,0,No Failure,0,0,0,0,0,96.5,43.8
9824,L19823,L,295.7,304.7,1443.0,26.8,176.0,0,No Failure,0,0,0,0,0,114.0,51.8
9825,L19824,L,297.8,308.7,1348.0,27.3,178.0,0,No Failure,0,0,0,0,0,112.5,51.1
9826,L19825,L,300.1,310.5,1168.0,50.0,180.0,0,No Failure,0,0,0,0,0,86.8,39.5
9827,H19826,H,296.0,308.2,1168.0,37.1,182.0,0,No Failure,0,0,0,0,0,105.6,48.0
9828,L19827,L,296.3,306.8,1478.0,18.0,188.0,1,PWF (Power Failure),0,0,1,0,0,0.9,43.2
9829,L19828,L,299.0,307.6,1168.0,32.7,191.0,0,No Failure,0,0,0,0,0,83.1,37.8
9830,M19829,M,300.4,311.5,1289.0,35.6,194.0,0,No Failure,0,0,0,0,0,96.7,43.9
9831,M19830,M,300.5,312.2,1217.0,36.9,198.0,0,No Failure,0,0,0,0,0,92.7,42.1
9832,L19831,L,302.4,310.6,1168.0,47.6,201.0,1,HDF (Heat Dissipation),0,1,0,0,0,1.3,24.7
9833,M19832,M,299.7,310.3,1242.0,30.7,203.0,0,No Failure,0,0,0,0,0,96.4,43.8
9834,M19833,M,298.8,309.7,1168.0,49.4,,0,No Failure,0,0,0,0,0,73.4,33.4
9835,H19834,H,297.2,307.0,1168.0,42.9,209.0,0,No Failure,0,0,0,0,0,80.3,36.5
9836,L19835,L,,306.4,1614.0,27.1,214.0,1,TWF (Tool Wear Failure),1,0,0,0,0,1.8,41.4
9837,L19836,L,300.8,310.5,1188.0,36.8,217.0,1,TWF (Tool Wear Failure),1,0,0,0,0,0.6,33.3
9838,L19837,L,300.9,310.3,1168.0,44.9,0.0,0,No Failure,0,0,0,0,0,213.4,97.0
9839,H19838,H,300.0,311.5,1168.0,40.4,2.0,0,No Failure,0,0,0,0,0,218.7,99.4
9840,H19839,H,300.5,310.4,1168.0,43.8,7.0,0,No Failure,0,0,0,0,0,214.3,97.4
9841,M19840,M,301.8,311.4,1170.0,34.1,361.11,0,No Failure,0,0,0,0,0,207.4,94.3
9842,L19841,L,299.7,309.1,1168.0,45.5,16.0,0,No Failure,0,0,0,0,0,202.0,91.8
9843,L19842,L,302.0,312.3,1246.0,36.0,19.0,0,No Failure,0,0,0,0,0,207.5,94.3
9844,M19843,M,298.2,308.3,1286.0,65.5,22.0,0,No Failure,0,0,0,0,0,195.3,88.8
9845,L19844,L,299.4,308.6,1260.0,26.8,26.0,0,No Failure,0,0,0,0,0,190.4,86.6
9846,M19845,M,298.7,309.0,1168.0,67.0,28.0,0,No Failure,0,0,0,0,0,197.4,89.7
9847,H19846,H,301.0,310.4,1168.0,30.5,32.0,0,No Failure,0,0,0,0,0,192.5,87.5
9848,L19847,L,297.7,305.1,1168.0,52.7,37.0,1,HDF (Heat Dissipation),0,1,0,0,0,5.0,74.3
9849,L19848,L,299.0,309.7,1168.0,,40.0,0,No Failure,0,0,0,0,0,190.8,86.7
9850,L19849,L,296.2,306.8,1168.0,30.9,43.0,0,No Failure,0,0,0,0,0,192.5,87.5
9851,L19850,L,300.6,310.8,1168.0,46.0,46.0,0,No Failure,0,0,0,0,0,187.1,85.0
9852,M19851,M,301.8,311.4,1222.0,35.0,49.0,0,No Failure,0,0,0,0,0,185.0,84.1
9853,L19852,L,301.2,311.1,1168.0,42.7,53.0,0,No Failure,0,0,0,0,0,182.0,82.7
9854,L19853,L,301.0,311.8,1168.0,41.5,56.0,0,No Failure,0,0,0,0,0,181.4,82.5
9855,L19854,L,301.1,310.5,1168.0,36.5,59.0,0,No Failure,0,0,0,0,0,174.5,79.3
9856,L19855,L,300.8,311.7,1168.0,35.7,62.0,0,No Failure,0,0,0,0,0,179.4,81.6
9857,M19856,M,300.7,309.2,1168.0,43.4,65.0,1,HDF (Heat Dissipation),0,1,0,0,0,1.9,72.4
9858,M19857,M,300.8,311.0,1168.0,31.0,69.0,0,No Failure,0,0,0,0,0,177.6,80.7
9859,M19858,M,298.4,308.4,1253.0,31.3,73.0,0,No Failure,0,0,0,0,0,175.3,79.7
9860,M19859,M,299.2,310.2,1168.0,49.5,76.0,0,No Failure,0,0,0,0,0,165.9,75.4
9861,L19860,L,299.7,308.8,1169.0,44.3,80.0,0,No Failure,0,0,0,0,0,153.6,69.8
9862,M19861,M,299.0,308.2,1477.0,81.96,83.0,0,No Failure,0,0,0,0,0,171.2,77.8
9863,L19862,L,296.8,305.4,1242.0,30.0,87.0,1,HDF (Heat Dissipation),0,1,0,0,0,6.9,69.7
9864,H19863,H,297.4,306.8,1410.0,18.6,90.0,1,PWF (Power Failure),0,0,1,0,0,3.1,67.7
9865,L19864,L,300.0,310.3,1192.0,49.1,95.0,0,No Failure,0,0,0,0,0,150.2,68.3
9866,L19865,L,301.2,309.4,1168.0,46.9,97.0,1,HDF (Heat Dissipation),0,1,0,0,0,5.1,59.2
9867,L19866,L,,309.2,1168.0,29.1,99.0,0,No Failure,0,0,0,0,0,148.1,67.3
9868,M19867,M,304.6,315.2,1168.0,46.5,102.0,0,No Failure,0,0,0,0,0,149.0,67.7
9869,L19868,L,298.0,307.9,1168.0,59.9,106.0,0,No Failure,0,0,0,0,0,134.2,61.0
9870,H19869,H,300.4,310.5,1236.0,24.6,108.0,1,PWF (Power Failure),0,0,1,0,0,0.1,64.6
9871,L19870,L,301.9,310.4,1305.0,33.8,114.0,1,HDF (Heat Dissipation),0,1,0,0,0,0.7,62.3
9872,H19871,H,301.5,311.4,1470.0,24.4,117.0,0,No Failure,0,0,0,0,0,152.8,69.5
9873,M19872,M,300.8,310.8,1168.0,49.5,123.0,0,No Failure,0,0,0,0,0,132.4,60.2
9874,L19873,L,301.6,311.4,1197.0,39.0,126.0,1,RNF (Random Failure),0,0,0,0,1,0.5,60.4
9875,L19874,L,299.7,309.9,1247.0,36.0,129.0,0,No Failure,0,0,0,0,0,135.4,61.5
9876,L19875,L,302.6,312.3,1168.0,42.3,132.0,0,No Failure,0,0,0,0,0,125.1,56.9
9877,H19876,H,301.9,311.4,1245.0,34.4,429.77,0,No Failure,0,0,0,0,0,133.1,60.5
9878,H19877,H,298.1,,1314.0,36.0,140.0,0,No Failure,0,0,0,0,0,126.8,57.6
9879,L19878,L,300.2,311.2,1203.0,42.7,145.0,0,No Failure,0,0,0,0,0,119.1,54.1
9880,L19879,L,296.9,305.7,1377.0,33.9,148.0,0,No Failure,0,0,0,0,0,120.9,55.0
9881,L19880,L,302.4,312.6,1168.0,35.3,151.0,0,No Failure,0,0,0,0,0,121.6,55.3
9882,L19881,L,300.1,311.9,1257.0,38.4,154.0,0,No Failure,0,0,0,0,0,116.8,53.1
9883,M19882,M,302.1,313.2,1170.0,40.9,156.0,0,No Failure,0,0,0,0,0,116.3,52.8
9884,L19883,L,299.5,310.0,1168.0,46.0,160.0,0,No Failure,0,0,0,0,0,105.4,47.9
9885,L19884,L,296.3,306.5,1168.0,45.8,163.0,0,No Failure,0,0,0,0,0,103.5,47.0
9886,H19885,H,304.4,314.3,1335.0,25.0,166.0,1,PWF (Power Failure),0,0,1,0,0,6.8,53.2
9887,M19886,M,299.9,309.0,1168.0,54.1,172.0,0,No Failure,0,0,0,0,0,83.2,37.8
9888,M19887,M,297.9,307.6,1168.0,40.6,175.0,0,No Failure,0,0,0,0,0,100.6,45.7
9889,L19888,L,301.7,312.3,1370.0,36.7,179.0,0,No Failure,0,0,0,0,0,101.8,46.3
9890,H19889,H,303.3,313.7,1450.0,31.0,182.0,0,No Failure,0,0,0,0,0,111.3,50.6
9891,M19890,M,299.3,310.1,1168.0,59.9,187.0,0,No Failure,0,0,0,0,0,76.1,34.6
9892,M19891,M,299.5,310.7,1168.0,63.6,191.0,1,OSF (Overstrain Failure),0,0,0,1,0,6.3,31.4
9893,L19892,L,,309.9,1168.0,58.7,194.0,1,OSF (Overstrain Failure),0,0,0,1,0,2.5,29.1
9894,H19893,H,297.7,307.9,1204.0,41.2,197.0,0,No Failure,0,0,0,0,0,92.1,41.9
9895,M19894,M,298.4,316.11,1230.0,97.96,203.0,1,HDF (Heat Dissipation),0,1,0,0,0,1.1,29.0
9896,H19895,H,302.9,315.2,,54.9,207.0,0,No Failure,0,0,0,0,0,71.2,32.4
9897,M19896,M,299.5,309.1,1168.0,37.6,213.0,0,No Failure,0,0,0,0,0,77.8,35.4
9898,M19897,M,298.2,308.9,1168.0,45.4,216.0,0,No Failure,0,0,0,0,0,71.0,32.3
9899,M19898,M,298.9,308.5,1168.0,42.3,0.0,0,No Failure,0,0,0,0,0,215.6,98.0
9900,H19899,H,301.6,311.2,1168.0,111.99,3.0,0,No Failure,0,0,0,0,0,213.4,97.0
9901,L19900,L,296.1,305.9,1168.0,54.4,8.0,0,No Failure,0,0,0,0,0,211.7,96.2
9902,L19901,L,300.2,309.0,663.95,38.6,10.0,0,No Failure,0,0,0,0,0,200.1,90.9
9903,M19902,M,304.1,311.6,1168.0,55.3,12.0,1,HDF (Heat Dissipation),0,1,0,0,0,3.1,83.4
9904,M19903,M,303.4,314.6,1333.0,40.0,15.0,0,No Failure,0,0,0,0,0,210.1,95.5
9905,M19904,M,300.7,311.2,1269.0,34.5,19.0,0,No Failure,0,0,0,0,0,208.0,94.6
9906,M19905,M,302.1,311.2,1427.0,37.1,22.0,0,No Failure,0,0,0,0,0,204.9,93.1
9907,M19906,M,302.1,312.6,1168.0,41.5,26.0,0,No Failure,0,0,0,0,0,202.6,92.1
9908,M19907,M,299.5,310.3,1226.0,32.1,30.0,0,No Failure,0,0,0,0,0,201.5,91.6
9909,L19908,L,301.4,310.7,1169.0,34.8,34.0,0,No Failure,0,0,0,0,0,190.2,86.5
9910,H19909,H,303.0,313.4,1187.0,25.6,37.0,1,PWF (Power Failure),0,0,1,0,0,6.0,82.7
9911,L19910,L,297.5,308.5,1209.0,31.8,322.44,0,No Failure,0,0,0,0,0,192.9,87.7
9912,M19911,M,300.8,309.4,1234.0,42.3,46.0,1,HDF (Heat Dissipation),0,1,0,0,0,2.7,79.9
9913,H19912,H,300.4,310.9,1168.0,50.4,49.0,0,No Failure,0,0,0,0,0,185.9,84.5
9914,L19913,L,299.9,310.3,1168.0,49.1,54.0,0,No Failure,0,0,0,0,0,180.3,82.0
9915,L19914,L,299.8,311.7,1255.0,44.3,57.0,0,No Failure,0,0,0,0,0,179.8,81.7
9916,L19915,L,300.2,310.8,1168.0,24.7,60.0,1,PWF (Power Failure),0,0,1,0,0,6.5,74.2
9917,M19916,M,300.3,309.9,1391.0,31.4,63.0,0,No Failure,0,0,0,0,0,180.4,82.0
9918,L19917,L,301.8,311.5,1168.0,38.0,67.0,0,No Failure,0,0,0,0,0,171.9,78.2
9919,L19918,L,300.6,312.6,1168.0,49.6,70.0,0,No Failure,0,0,0,0,0,168.4,76.5
9920,H19919,H,299.4,309.0,1428.0,34.4,73.0,0,No Failure,0,0,0,0,0,174.7,79.4
9921,L19920,L,298.3,308.9,1210.0,27.8,79.0,0,No Failure,0,0,0,0,0,164.4,74.7
9922,M19921,M,298.9,308.7,1168.0,54.5,82.0,0,No Failure,0,0,0,0,0,157.1,71.4
9923,M19922,M,300.2,311.3,1283.0,,86.0,0,No Failure,0,0,0,0,0,166.7,75.8
9924,L19923,L,298.5,309.6,1241.0,28.7,89.0,0,No Failure,0,0,0,0,0,163.6,74.4
9925,L19924,L,301.5,311.5,1168.0,42.3,91.0,0,No Failure,0,0,0,0,0,156.9,71.3
9926,H19925,H,300.6,310.2,1257.0,39.5,94.0,0,No Failure,0,0,0,0,0,156.4,71.1
9927,M19926,M,301.8,311.4,1325.0,35.0,99.0,0,No Failure,0,0,0,0,0,155.2,70.5
9928,L19927,L,298.6,306.9,1168.0,40.0,102.0,1,HDF (Heat Dissipation),0,1,0,0,0,4.1,60.0
9929,M19928,M,298.3,308.4,1168.0,30.7,105.0,0,No Failure,0,0,0,0,0,154.8,70.4
9930,M19929,M,301.8,311.9,1168.0,34.9,108.0,0,No Failure,0,0,0,0,0,151.7,69.0
9931,L19930,L,300.0,309.2,1168.0,39.6,112.0,0,No Failure,0,0,0,0,0,135.3,61.5
9932,M19931,M,299.4,307.6,1537.0,19.6,115.0,1,PWF (Power Failure),0,0,1,0,0,4.9,63.3
9933,L19932,L,301.1,311.3,1168.0,49.6,119.0,0,No Failure,0,0,0,0,0,132.2,60.1
9934,L19933,L,301.0,311.3,1210.0,26.3,121.0,1,PWF (Power Failure),0,0,1,0,0,7.5,61.3
9935,H19934,H,297.5,307.9,1460.0,30.6,123.0,0,No Failure,0,0,0,0,0,146.8,66.7
9936,L19935,L,302.3,,1168.0,50.0,129.0,0,No Failure,0,0,0,0,0,113.5,51.6
9937,L19936,L,299.1,309.5,1212.0,45.7,131.0,0,No Failure,0,0,0,0,0,126.4,57.5
9938,L19937,L,302.9,312.7,1234.0,40.9,133.0,0,No Failure,0,0,0,0,0,126.9,57.7
9939,M19938,M,297.4,308.3,1342.0,22.9,135.0,1,PWF (Power Failure),0,0,1,0,0,1.8,58.0
9940,M19939,M,300.4,309.4,1168.0,33.9,138.0,0,No Failure,0,0,0,0,0,122.5,55.7
9941,H19940,H,299.5,310.7,1203.0,37.8,142.0,0,No Failure,0,0,0,0,0,130.3,59.2
9942,L19941,L,296.3,307.8,1168.0,38.6,147.0,0,No Failure,0,0,0,0,0,121.3,55.1
9943,M19942,M,301.0,311.1,1168.0,51.4,149.0,0,No Failure,0,0,0,0,0,112.3,51.1
9944,M19943,M,296.4,306.8,1171.0,59.9,153.0,0,No Failure,0,0,0,0,0,102.3,46.5
9945,L19944,L,299.3,310.1,1168.0,46.1,156.0,0,No Failure,0,0,0,0,0,108.2,49.2
9946,L19945,L,301.8,310.8,1168.0,34.7,158.0,0,No Failure,0,0,0,0,0,106.6,48.4
9947,H19946,H,298.9,308.4,1168.0,52.1,160.0,0,No Failure,0,0,0,0,0,101.8,46.3
9948,L19947,L,298.2,308.4,1306.0,34.1,166.0,0,No Failure,0,0,0,0,0,113.0,51.4
9949,M19948,M,301.3,313.3,1719.0,13.8,168.0,1,PWF (Power Failure),0,0,1,0,0,3.8,50.6
9950,M19949,M,299.4,308.2,1168.0,27.5,172.0,1,PWF (Power Failure),0,0,1,0,0,7.3,42.3
9951,L19950,L,,310.7,1168.0,16.3,176.0,1,PWF (Power Failure),0,0,1,0,0,5.9,47.0
9952,H19951,H,302.2,312.0,1461.0,36.2,178.0,0,No Failure,0,0,0,0,0,109.0,49.5
9953,H19952,H,297.8,307.8,1352.0,38.2,184.0,0,No Failure,0,0,0,0,0,103.4,47.0
9954,L19953,L,299.0,310.2,,24.1,503.96,0,No Failure,0,0,0,0,0,108.0,49.1
9955,M19954,M,301.4,313.4,1312.0,31.5,191.0,0,No Failure,0,0,0,0,0,102.9,46.8
9956,L19955,L,297.7,308.1,1874.91,25.7,195.0,0,No Failure,0,0,0,0,0,103.0,46.8
9957,M19956,M,303.1,314.3,1168.0,38.7,197.0,0,No Failure,0,0,0,0,0,91.4,41.5
9958,L19957,L,299.5,308.6,1168.0,31.5,201.0,0,No Failure,0,0,0,0,0,83.7,38.0
9959,L19958,L,301.5,311.0,1168.0,50.1,204.0,0,No Failure,0,0,0,0,0,63.4,28.8
9960,L19959,L,301.4,310.0,1197.0,41.7,206.0,0,No Failure,0,0,0,0,0,62.4,28.4
9961,L19960,L,299.6,309.1,1211.0,56.0,208.0,1,OSF (Overstrain Failure),1,0,0,1,0,3.1,24.2
9962,L19961,L,299.0,309.6,1174.0,35.5,211.0,0,No Failure,0,0,0,0,0,82.2,37.4
9963,L19962,L,299.8,310.0,1168.0,,214.0,1,OSF (Overstrain Failure),0,0,0,1,0,2.1,22.7
9964,H19963,H,301.2,312.9,1168.0,40.0,216.0,0,No Failure,0,0,0,0,0,81.1,36.9
9965,L19964,L,298.1,310.2,1231.0,34.7,221.0,0,No Failure,0,0,0,0,0,76.7,34.9
9966,L19965,L,,307.6,1189.0,64.1,224.0,1,OSF (Overstrain Failure),1,0,0,1,0,2.2,20.2
9967,L19966,L,302.6,311.9,1486.0,21.7,227.0,1,PWF (Power Failure),0,0,1,0,0,4.8,35.9
9968,M19967,M,308.86,309.8,1204.0,34.5,0.0,0,No Failure,0,0,0,0,0,220.0,100.0
9969,L19968,L,300.5,311.8,1621.0,23.3,4.0,0,No Failure,0,0,0,0,0,217.7,98.9
9970,M19969,M,299.5,309.9,1350.0,21.6,338.01,1,PWF (Power Failure),0,0,1,0,0,6.5,89.1
9971,M19970,M,299.6,310.3,1644.0,19.3,9.0,1,PWF (Power Failure),0,0,1,0,0,0.5,91.8
9972,L19971,L,302.5,313.0,1209.0,46.2,13.0,0,No Failure,0,0,0,0,0,210.7,95.8
9973,H19972,H,299.8,308.8,1168.0,26.7,15.0,1,PWF (Power Failure),0,0,1,0,0,7.2,84.4
9974,L19973,L,299.3,308.1,1293.0,37.5,20.0,0,No Failure,0,0,0,0,0,198.4,90.2
9975,M19974,M,299.4,309.3,1168.0,48.9,22.0,0,No Failure,0,0,0,0,0,203.3,92.4
9976,L19975,L,299.0,308.8,1168.0,44.6,25.0,0,No Failure,0,0,0,0,0,200.1,91.0
9977,M19976,M,298.7,309.0,1268.0,44.1,27.0,0,No Failure,0,0,0,0,0,201.6,91.6
9978,H19977,H,299.0,308.9,1168.0,52.1,31.0,0,No Failure,0,0,0,0,0,197.1,89.6
9979,L19978,L,302.9,311.2,1168.0,56.1,37.0,1,HDF (Heat Dissipation),0,1,0,0,0,6.3,78.4
9980,L19979,L,301.2,309.1,1223.0,27.5,40.0,1,HDF (Heat Dissipation),0,1,0,0,0,2.7,76.0
9981,L19980,L,299.3,310.0,1168.0,44.8,42.0,0,No Failure,0,0,0,0,0,190.2,86.5
9982,L19981,L,,311.0,1205.0,37.3,45.0,0,No Failure,0,0,0,0,0,182.6,83.0
9983,H19982,H,297.1,306.9,1186.0,38.5,47.0,0,No Failure,0,0,0,0,0,187.9,85.4
9984,M19983,M,302.4,311.8,1382.0,24.9,52.0,0,No Failure,0,0,0,0,0,182.8,83.1
9985,M19984,M,302.3,311.4,1438.0,34.7,55.0,0,No Failure,0,0,0,0,0,184.8,84.0
9986,H19985,H,304.0,313.1,1168.0,35.8,59.0,0,No Failure,0,0,0,0,0,173.4,78.8
9987,H19986,H,301.8,312.8,1168.0,54.3,64.0,0,No Failure,0,0,0,0,0,174.2,79.2
9988,H19987,H,300.8,300.96,1189.0,28.4,69.0,0,No Failure,0,0,0,0,0,170.2,77.4
9989,L19988,L,302.3,312.9,1528.0,16.1,75.0,1,PWF (Power Failure),0,0,1,0,0,5.8,71.7
9990,L19989,L,298.8,309.6,1447.0,39.9,78.0,0,No Failure,0,0,0,0,0,167.0,75.9
9991,L19990,L,299.3,309.6,1421.0,27.4,81.0,0,No Failure,0,0,0,0,0,171.0,77.7
9992,L19991,L,299.9,310.7,1168.0,38.6,84.0,0,No Failure,0,0,0,0,0,163.6,74.4
9993,L19992,L,302.4,312.4,1168.0,46.6,86.0,0,No Failure,0,0,0,0,0,158.1,71.9
9994,L19993,L,298.4,309.8,1222.0,39.0,,0,No Failure,0,0,0,0,0,160.7,73.0
9995,L19994,L,298.3,309.1,1205.0,35.7,90.0,0,No Failure,0,0,0,0,0,161.1,73.2
9996,L19995,L,300.4,311.4,1168.0,38.4,92.0,0,No Failure,0,0,0,0,0,158.3,72.0
9997,L19996,L,301.3,310.4,1184.0,48.5,94.0,0,No Failure,0,0,0,0,0,141.4,64.3
9998,L19997,L,298.7,309.0,1314.0,28.5,97.0,0,No Failure,0,0,0,0,0,160.7,73.1
9999,L19998,L,301.2,309.4,1168.0,47.3,99.0,1,HDF (Heat Dissipation),0,1,0,0,0,0.1,58.4
10000,L19999,L,302.5,313.9,1222.0,30.0,101.0,0,No Failure,0,0,0,0,0,157.4,71.5
