UDI,Product ID,Type,Air temperature [K],Process temperature [K],Rotational speed [rpm],Torque [Nm],Tool wear [min],Machine failure,Failure Mode,TWF,HDF,PWF,OSF,RNF,RUL [min],Health Index [%]
3238,L13237,L,302.4,311.3,908.0,41.6,189.0,0,No Failure,0,0,0,0,0,77.6,35.3
7356,L17355,L,299.7,310.1,1168.0,45.0,152.0,0,No Failure,0,0,0,0,0,112.1,50.9
1134,M11133,M,298.9,308.9,1235.0,48.8,67.0,0,No Failure,0,0,0,0,0,172.5,78.4
4923,L14922,L,299.4,309.2,1294.0,26.2,162.0,0,No Failure,0,0,0,0,0,115.0,52.3
4274,H14273,H,299.7,309.4,1168.0,44.7,27.0,0,No Failure,0,0,0,0,0,198.7,90.3
7305,M17304,M,298.8,309.4,1173.0,45.2,210.0,0,No Failure,0,0,0,0,0,75.4,34.3
6195,L16194,L,300.3,312.0,1168.0,38.8,35.0,0,No Failure,0,0,0,0,0,196.5,89.3
3960,L13959,L,301.3,310.4,1168.0,39.7,39.0,0,No Failure,0,0,0,0,0,183.7,83.5
9408,L19407,L,297.9,307.6,1188.0,51.4,125.0,0,No Failure,0,0,0,0,0,123.2,56.0
1611,L11610,L,301.8,311.4,1179.0,44.3,198.0,0,No Failure,0,0,0,0,0,75.9,34.5
2338,L12337,L,297.4,307.5,1363.0,22.1,20.0,1,PWF (Power Failure),0,0,1,0,0,0.8,86.7
9069,M19068,M,300.4,308.5,1168.0,47.9,61.0,1,HDF (Heat Dissipation),0,1,0,0,0,3.4,71.0
5211,L15210,L,297.9,306.8,1168.0,51.4,18.0,0,No Failure,0,0,0,0,0,194.4,88.4
2349,L12348,L,298.9,308.4,1168.0,54.4,59.0,0,No Failure,0,0,0,0,0,169.3,76.9
4651,H14650,H,297.3,308.1,1168.0,47.0,180.0,0,No Failure,0,0,0,0,0,97.8,44.5
4759,L14758,L,300.1,310.6,1510.0,21.7,88.0,1,PWF (Power Failure),0,0,1,0,0,6.9,72.6
6767,H16766,H,296.5,306.2,1201.0,34.3,108.0,0,No Failure,0,0,0,0,0,107.4,48.8
1327,L11326,L,300.2,310.9,1168.0,40.3,85.0,0,No Failure,0,0,0,0,0,162.0,73.7
4457,L14456,L,303.2,312.6,1245.0,26.3,107.0,1,PWF (Power Failure),0,0,1,0,0,8.0,40.5
4381,M14380,M,297.0,307.4,1212.0,36.8,172.0,0,No Failure,0,0,0,0,0,109.5,49.8
2257,H12256,H,300.9,310.9,1546.0,46.8,185.0,0,No Failure,0,0,0,0,0,94.6,43.0
7750,H17749,H,300.3,310.1,1168.0,61.3,158.0,0,No Failure,0,0,0,0,0,99.1,45.0
4095,L14094,L,300.7,310.1,1168.0,45.0,48.0,0,No Failure,0,0,0,0,0,179.3,81.5
7180,L17179,L,298.7,310.3,1168.0,57.4,18.0,0,No Failure,0,0,0,0,0,205.9,93.6
3987,L13986,L,292.925,302.0,1168.0,56.2,113.0,0,No Failure,0,0,0,0,0,120.1,54.6
7706,M17705,M,300.1,308.7,1187.0,39.1,20.0,1,HDF (Heat Dissipation),0,1,0,0,0,7.3,87.0
8934,H18933,H,300.2,312.0,1168.0,45.1,11.0,0,No Failure,0,0,0,0,0,212.6,96.7
742,L10741,L,300.2,309.5,1168.0,55.5,64.0,0,No Failure,0,0,0,0,0,162.8,74.0
6961,L16960,L,300.9,309.6,1251.0,22.9,156.0,1,PWF (Power Failure),0,0,1,0,0,7.6,43.9
143,H10142,H,299.2,309.8,1168.0,40.0,12.0,0,No Failure,0,0,0,0,0,212.3,96.5
552,L10551,L,301.1,312.1,1180.0,30.0,68.0,0,No Failure,0,0,0,0,0,175.3,79.7
5763,M15762,M,301.8,312.8,1168.0,54.6,135.0,0,No Failure,0,0,0,0,0,120.1,54.6
7090,L17089,L,301.5,311.4,1375.0,31.0,158.0,0,No Failure,0,0,0,0,0,120.8,54.9
4599,L14598,L,300.0,310.7,1180.0,36.6,4.0,0,No Failure,0,0,0,0,0,217.4,98.8
4386,H14385,H,298.4,308.8,1431.0,25.0,-172.0,0,No Failure,0,0,0,0,0,111.9,50.9
2141,H12140,H,298.6,309.2,1232.0,42.1,21.0,0,No Failure,0,0,0,0,0,206.3,93.8
7455,H17454,H,296.3,307.4,1168.0,40.8,42.0,0,No Failure,0,0,0,0,0,192.8,87.6
8697,L18696,L,302.2,313.5,1168.0,54.9,96.0,0,No Failure,0,0,0,0,0,146.1,66.4
9478,M19477,M,301.0,311.9,1227.0,51.7,137.0,0,No Failure,0,0,0,0,0,120.8,54.9
4936,L14935,L,299.4,309.1,1366.0,26.8,204.0,1,TWF (Tool Wear Failure),1,0,0,0,0,4.4,43.8
2805,L12804,L,298.7,308.7,1236.0,49.4,84.0,0,No Failure,0,0,0,0,0,158.1,71.9
7316,L17315,L,298.8,308.0,1168.0,40.15,16.0,0,No Failure,0,0,0,0,0,201.1,91.4
6739,M16738,M,302.2,312.8,1337.0,59.2,91.0,0,No Failure,0,0,0,0,0,150.3,68.3
4897,L14896,L,299.8,308.6,1428.0,24.5,77.0,0,No Failure,0,0,0,0,0,169.9,77.2
4901,L14900,L,300.0,310.5,1385.0,32.9,92.0,0,No Failure,0,0,0,0,0,161.4,73.3
2638,L12637,L,300.4,311.0,1168.0,49.9,149.0,0,No Failure,0,0,0,0,0,109.8,49.9
4130,H14129,H,297.5,306.9,1389.0,19.3,176.0,1,PWF (Power Failure),0,0,1,0,0,0.0,46.2
2900,L12899,L,300.7,311.2,1168.0,41.8,161.0,0,No Failure,0,0,0,0,0,108.8,49.4
8040,H18039,H,300.2,310.5,1235.0,52.1,69.0,0,No Failure,0,0,0,0,0,171.4,77.9
4185,H14184,H,297.7,307.5,1223.0,39.8,141.0,0,No Failure,0,0,0,0,0,127.5,57.9
2788,M12787,M,300.1,309.1,1168.0,37.0,19.0,0,No Failure,0,0,0,0,0,196.8,89.4
3294,L13293,L,300.7,309.0,1168.0,51.4,155.0,1,HDF (Heat Dissipation),0,1,0,0,0,3.6,38.8
513,L10512,L,299.6,309.3,1168.0,35.4,170.0,0,No Failure,0,0,0,0,0,105.8,48.1
1433,L11432,L,298.7,309.6,1378.0,42.4,30.0,0,No Failure,0,0,0,0,0,199.2,90.5
4585,M14584,M,298.1,307.7,1168.0,60.7,179.0,0,No Failure,0,0,0,0,0,77.1,35.0
9372,L19371,L,299.3,310.3,1168.0,31.0,0.0,0,No Failure,0,0,0,0,0,219.8,99.9
3484,M13483,M,299.5,308.0,1168.0,39.7,147.0,1,HDF (Heat Dissipation),0,1,0,0,0,0.3,41.2
5012,M15011,M,297.1,306.3,1168.0,67.3,19.0,0,No Failure,0,0,0,0,0,195.8,89.0
7248,L17247,L,294.8,305.3,1168.0,40.4,0.0,0,No Failure,0,0,0,0,0,220.0,100.0
2289,L12288,L,299.1,307.9,1168.0,39.2,79.0,0,No Failure,0,0,0,0,0,153.5,69.8
1607,H11606,H,295.1,304.6,1404.0,77.58,185.0,0,No Failure,0,0,0,0,0,105.1,47.8
4423,M14422,M,301.1,310.7,1323.0,31.4,79.0,0,No Failure,0,0,0,0,0,169.4,77.0
9303,L19302,L,297.7,308.0,1403.0,28.5,196.0,0,No Failure,0,0,0,0,0,100.2,45.6
8026,L18025,L,297.5,307.9,1285.0,33.4,27.0,0,No Failure,0,0,0,0,0,202.7,92.1
9394,L19393,L,303.0,313.0,1168.0,57.0,78.0,0,No Failure,0,0,0,0,0,159.0,72.3
5306,M15305,M,303.5,313.7,1214.0,32.2,93.0,0,No Failure,0,0,0,0,0,162.6,73.9
3271,H13270,H,305.2,314.8,1168.0,59.1,84.0,0,No Failure,0,0,0,0,0,153.4,69.7
7507,H17506,H,298.6,309.3,1231.0,55.6,217.0,1,TWF (Tool Wear Failure),1,0,0,0,0,2.2,28.8
7082,H17081,H,296.3,308.0,1268.0,26.7,133.0,0,No Failure,0,0,0,0,0,136.4,62.0
3110,H13109,H,304.1,314.6,1168.0,46.4,203.0,0,No Failure,0,0,0,0,0,82.9,37.7
9920,H19919,H,299.4,309.0,1428.0,34.4,73.0,0,No Failure,0,0,0,0,0,174.7,79.4
3334,L13333,L,300.6,308.8,1168.0,60.0,68.0,1,HDF (Heat Dissipation),0,1,0,0,0,7.7,66.3
8971,H18970,H,299.3,309.3,1192.0,39.5,134.0,0,No Failure,0,0,0,0,0,134.2,61.0
574,M10573,M,304.1,314.4,1231.0,38.0,135.0,0,No Failure,0,0,0,0,0,132.4,60.2
1033,M11032,M,299.6,310.2,1318.0,53.9,106.0,0,No Failure,0,0,0,0,0,102.2,46.4
8796,M18795,M,297.9,308.5,1429.0,49.8,212.0,0,No Failure,0,0,0,0,0,68.7,31.2
6940,L16939,L,299.5,310.2,1168.0,42.6,86.0,0,No Failure,0,0,0,0,0,160.2,72.8
6145,M16144,M,300.2,310.9,1183.0,38.4,97.0,0,No Failure,0,0,0,0,0,156.8,71.3
3932,M13931,M,296.9,306.6,1168.0,55.7,174.0,0,No Failure,0,0,0,0,0,86.8,39.5
3323,M13322,M,304.7,313.0,1221.0,31.1,24.0,1,HDF (Heat Dissipation),0,1,0,0,0,2.3,85.5
3403,M13402,M,301.4,311.3,1168.0,44.0,77.0,0,No Failure,0,0,0,0,0,166.4,75.6
396,L10395,L,302.5,313.5,1442.0,24.7,7.0,0,No Failure,0,0,0,0,0,214.0,97.3
7415,M17414,M,299.6,309.6,1168.0,43.9,138.0,0,No Failure,0,0,0,0,0,126.0,57.3
1497,H11496,H,300.8,310.6,1277.0,44.2,28.0,0,No Failure,0,0,0,0,0,199.9,90.9
1016,L11015,L,302.5,313.1,1168.0,38.9,96.0,0,No Failure,0,0,0,0,0,155.4,70.6
4432,H14431,H,297.4,307.1,1168.0,53.7,108.0,0,No Failure,0,0,0,0,0,144.0,65.5
1729,L11728,L,298.7,308.9,1168.0,59.4,170.0,0,No Failure,0,0,0,0,0,84.6,38.5
5477,L15476,L,297.4,306.4,1168.0,41.9,26.0,0,No Failure,0,0,0,0,0,191.0,86.8
7590,L17589,L,299.7,310.4,1342.0,30.6,38.0,0,No Failure,0,0,0,0,0,196.3,89.2
6815,M16814,M,300.6,310.0,1205.0,34.4,113.0,0,No Failure,0,0,0,0,0,142.4,64.7
4700,M14699,M,299.5,310.3,1316.0,25.9,123.0,0,No Failure,0,0,0,0,0,142.0,64.6
6053,H16052,H,298.4,310.2,1168.0,38.9,19.0,0,No Failure,0,0,0,0,0,207.9,94.5
4565,L14564,L,300.0,308.4,1240.0,50.7,107.0,1,HDF (Heat Dissipation),0,1,0,0,0,4.1,57.1
8106,L18105,L,300.5,310.4,1421.0,33.9,70.0,0,No Failure,0,0,0,0,0,174.8,79.5
3628,M13627,M,296.3,306.8,1332.0,38.5,6.0,0,No Failure,0,0,0,0,0,216.1,98.2
6071,H16070,H,300.1,309.0,1464.0,36.5,108.0,0,No Failure,0,0,0,0,0,171.2,77.8
7823,L17822,L,301.8,310.8,1171.0,42.3,180.0,0,No Failure,0,0,0,0,0,84.1,38.2
874,L10873,L,299.4,309.6,1350.0,30.3,58.0,0,No Failure,0,0,0,0,0,183.9,83.6
1100,L11099,L,301.6,312.9,1476.0,20.0,168.0,1,PWF (Power Failure),0,0,1,0,0,2.3,48.4
4383,L14382,L,293.0,302.7,1546.0,20.8,178.0,1,PWF (Power Failure),0,0,1,0,0,1.4,49.4
9150,L19149,L,296.7,307.7,1311.0,36.7,110.0,0,No Failure,0,0,0,0,0,147.4,67.0
9801,L19800,L,296.6,305.1,1168.0,39.7,96.0,1,HDF (Heat Dissipation),0,1,0,0,0,4.3,62.9
4918,M14917,M,298.9,308.2,1168.0,46.3,147.0,0,No Failure,0,0,0,0,0,110.2,50.1
3693,L13692,L,302.1,311.9,1294.0,44.9,214.0,0,No Failure,0,0,0,0,0,66.8,30.4
6509,M16508,M,298.6,309.4,1168.0,31.5,-150.0,0,No Failure,0,0,0,0,0,98.0,44.5
6593,L16592,L,300.6,312.2,908.0,26.5,30.0,1,PWF (Power Failure),0,0,1,0,0,2.7,88.0
5415,M15414,M,301.8,311.5,1168.0,41.5,28.0,0,No Failure,0,0,0,0,0,198.0,90.0
4813,M14812,M,300.6,310.3,1371.0,34.6,37.0,0,No Failure,0,0,0,0,0,195.6,88.9
4044,H14043,H,300.2,311.1,1235.0,47.6,89.0,0,No Failure,0,0,0,0,0,159.3,72.4
3314,M13313,M,301.5,311.6,1362.0,29.3,0.0,0,No Failure,0,0,0,0,0,220.0,100.0
9332,L19331,L,302.6,313.3,1356.0,27.6,70.0,0,No Failure,0,0,0,0,0,177.6,80.7
3451,M13450,M,300.3,310.2,1168.0,38.4,29.0,0,No Failure,0,0,0,0,0,200.0,90.9
4615,L14614,L,299.5,308.5,1546.0,27.5,64.0,0,No Failure,0,0,0,0,0,181.3,82.4
3021,L13020,L,300.2,310.8,1168.0,28.2,127.0,1,PWF (Power Failure),0,0,1,0,0,5.2,60.4
3081,L13080,L,303.3,312.7,1168.0,49.4,102.0,0,No Failure,0,0,0,0,0,138.3,62.9
5270,L15269,L,303.4,313.0,1168.0,37.1,204.0,0,No Failure,0,0,0,0,0,80.4,36.6
4880,L14879,L,301.0,310.4,1195.0,44.3,24.0,0,No Failure,0,0,0,0,0,196.5,89.3
1057,H11056,H,299.5,309.5,1429.0,29.8,18.0,0,No Failure,0,0,0,0,0,209.4,95.2
6812,L16811,L,297.4,306.9,1168.0,48.3,106.0,0,No Failure,0,0,0,0,0,137.1,62.3
7104,L17103,L,295.4,307.4,1290.0,29.6,201.0,0,No Failure,0,0,0,0,0,95.9,43.6
7678,H17677,H,301.6,312.7,1168.0,37.7,138.0,0,No Failure,0,0,0,0,0,132.9,60.4
4222,L14221,L,300.0,308.1,1388.0,23.9,-188.0,1,PWF (Power Failure),0,0,1,0,0,6.8,81.9
2949,H12948,H,303.1,312.0,1209.0,42.4,107.0,0,No Failure,0,0,0,0,0,138.2,62.8
8916,L18915,L,301.0,309.6,1395.0,33.6,176.0,0,No Failure,0,0,0,0,0,103.7,47.1
3678,M13677,M,300.6,311.7,1168.0,42.6,169.0,0,No Failure,0,0,0,0,0,106.0,48.2
6903,M16902,M,298.2,307.5,1168.0,34.6,184.0,0,No Failure,0,0,0,0,0,96.3,43.8
7575,L17574,L,300.0,310.5,1239.0,28.4,211.0,1,TWF (Tool Wear Failure),1,0,0,0,0,5.6,35.4
9163,M19162,M,299.5,309.5,1228.0,48.0,156.0,0,No Failure,0,0,0,0,0,110.2,50.1
5473,H15472,H,301.5,311.5,1389.0,22.5,12.0,1,PWF (Power Failure),0,0,1,0,0,0.3,90.4
5362,L15361,L,302.1,311.9,1168.0,52.4,62.0,0,No Failure,0,0,0,0,0,171.0,77.7
7821,M17820,M,302.3,312.8,1272.0,35.3,174.0,0,No Failure,0,0,0,0,0,109.7,49.8
2269,M12268,M,301.6,310.7,1352.0,2.52,7.0,0,No Failure,0,0,0,0,0,211.9,96.3
2233,L12232,L,299.4,309.4,1304.0,39.8,110.0,0,No Failure,0,0,0,0,0,145.3,66.1
3447,M13446,M,302.7,310.5,1168.0,53.2,14.0,1,HDF (Heat Dissipation),0,1,0,0,0,5.5,84.3
3257,L13256,L,299.0,307.7,1168.0,60.0,42.0,0,No Failure,0,0,0,0,0,172.1,78.2
829,H10828,H,300.8,312.2,1208.0,37.8,119.0,0,No Failure,0,0,0,0,0,144.8,65.8
5753,M15752,M,301.2,318.2,1168.0,35.9,102.0,0,No Failure,0,0,0,0,0,155.0,70.4
6852,L16851,L,298.4,308.7,1187.0,48.8,29.0,0,No Failure,0,0,0,0,0,198.7,90.3
7049,M17048,M,300.7,310.4,1502.0,27.9,23.0,0,No Failure,0,0,0,0,0,206.4,93.8
335,L10334,L,297.8,307.1,1182.0,48.7,19.0,0,No Failure,0,0,0,0,0,198.8,90.4
7338,L17337,L,299.4,307.0,1168.0,54.7,94.0,1,HDF (Heat Dissipation),0,1,0,0,0,5.5,55.2
284,L10283,L,298.7,310.1,1168.0,54.0,56.0,0,No Failure,0,0,0,0,0,177.2,80.6
1857,L11856,L,296.9,306.2,1168.0,40.5,161.0,0,No Failure,0,0,0,0,0,102.3,46.5
4836,H14835,H,300.9,311.4,1382.0,31.6,111.0,0,No Failure,0,0,0,0,0,153.4,69.7
8190,H18189,H,301.6,311.8,1168.0,49.6,146.0,0,No Failure,0,0,0,0,0,119.0,54.1
6913,M16912,M,299.7,309.7,1168.0,44.3,221.0,1,TWF (Tool Wear Failure),1,0,0,0,0,7.5,31.3
9539,M19538,M,297.1,309.5,1307.0,25.6,130.0,0,No Failure,0,0,0,0,0,136.4,62.0
3136,M13135,M,304.0,314.6,1304.0,34.8,62.0,0,No Failure,0,0,0,0,0,180.9,82.2
1399,M11398,M,300.0,311.8,1177.0,54.2,129.0,0,No Failure,0,0,0,0,0,124.8,56.7
2493,L12492,L,300.0,309.7,1168.0,43.9,99.0,0,No Failure,0,0,0,0,0,147.1,66.8
5174,L15173,L,299.3,309.3,1206.0,43.5,124.0,0,No Failure,0,0,0,0,0,133.1,60.5
1021,H11020,H,300.8,309.7,1279.0,32.8,114.0,0,No Failure,0,0,0,0,0,142.6,64.8
1613,M11612,M,300.0,309.2,1181.0,35.2,203.0,0,No Failure,0,0,0,0,0,82.6,37.5
4346,H14345,H,298.9,308.4,1227.0,43.5,53.0,0,No Failure,0,0,0,0,0,180.1,81.8
2437,M12436,M,302.1,311.7,1187.0,30.8,131.0,0,No Failure,0,0,0,0,0,135.8,61.7
9040,L19039,L,298.1,306.7,1282.0,43.9,171.0,1,HDF (Heat Dissipation),0,1,0,0,0,6.7,40.6
7843,L17842,L,301.8,311.3,1443.0,33.8,29.0,0,No Failure,0,0,0,0,0,201.2,91.5
9110,L19109,L,296.2,307.2,1359.0,33.7,186.0,0,No Failure,0,0,0,0,0,100.6,45.7
8505,M18504,M,300.5,310.9,1168.0,47.6,145.0,0,No Failure,0,0,0,0,0,118.2,53.7
2070,M12069,M,296.5,307.4,1501.0,16.1,20.0,1,PWF (Power Failure),0,0,1,0,0,4.9,85.2
6354,L16353,L,300.5,311.5,1168.0,53.6,402.0,0,No Failure,0,0,0,0,0,111.9,50.8
9586,H19585,H,299.2,309.4,1168.0,46.9,51.0,0,No Failure,0,0,0,0,0,185.4,84.3
715,M10714,M,299.8,311.2,1168.0,24.6,208.0,1,PWF (Power Failure),0,0,1,0,1,0.7,35.7
5078,L15077,L,299.1,309.8,1246.0,37.1,14.0,0,No Failure,0,0,0,0,0,210.7,95.8
447,H10446,H,300.2,311.4,1258.0,35.6,197.0,0,No Failure,0,0,0,0,0,97.7,44.4
2654,M12653,M,300.6,310.1,1447.0,30.2,211.0,0,No Failure,0,0,0,0,0,92.0,41.8
6350,M16349,M,299.4,308.0,1168.0,30.4,126.0,0,No Failure,0,0,0,0,0,125.8,57.2
5908,M15907,M,301.7,311.9,1441.0,37.0,200.0,0,No Failure,0,0,0,0,0,91.3,41.5
2241,L12240,L,301.3,311.4,1196.0,50.7,139.0,0,No Failure,0,0,0,0,0,116.6,53.0
7819,H17818,H,305.3,314.5,1374.0,33.5,166.0,0,No Failure,0,0,0,0,0,116.1,52.8
6415,M16414,M,302.1,313.7,1168.0,34.5,110.0,0,No Failure,0,0,0,0,0,150.7,68.5
7344,L17343,L,298.6,310.5,1372.0,25.6,116.0,0,No Failure,0,0,0,0,0,147.8,67.2
1646,L11645,L,296.9,307.2,1210.0,45.0,97.0,0,No Failure,0,0,0,0,0,151.1,68.7
4707,L14706,L,300.8,312.0,1168.0,36.1,142.0,0,No Failure,0,0,0,0,0,126.8,57.6
4042,M14041,M,298.3,308.8,1168.0,44.7,83.0,0,No Failure,0,0,0,0,0,163.1,74.1
4997,L14996,L,298.4,310.4,1168.0,53.7,191.0,0,No Failure,0,0,0,0,0,74.4,33.8
5483,L15482,L,301.6,311.7,1168.0,49.4,47.0,0,No Failure,0,0,0,0,0,185.4,84.3
9113,L19112,L,300.3,310.0,1168.0,42.1,197.0,0,No Failure,0,0,0,0,0,83.6,38.0
8538,H18537,H,301.8,310.0,1288.0,30.3,30.0,0,No Failure,0,0,0,0,0,202.2,91.9
391,M10390,M,302.6,311.8,1271.0,41.1,214.0,0,No Failure,0,0,0,0,0,71.2,32.3
3362,L13361,L,301.1,311.9,1168.0,53.4,157.0,0,No Failure,0,0,0,0,0,100.6,45.7
3031,M13030,M,307.1,315.6,1168.0,47.3,158.0,0,No Failure,0,0,0,0,0,98.4,44.7
1432,M11431,M,298.7,309.2,1226.0,28.5,27.0,0,No Failure,0,0,0,0,0,200.0,90.9
3291,L13290,L,301.8,311.7,1307.0,33.2,147.0,0,No Failure,0,0,0,0,0,125.4,57.0
437,L10436,L,299.6,309.1,1186.0,38.2,159.0,0,No Failure,0,0,0,0,0,108.1,49.1
718,L10717,L,301.4,312.7,1288.0,77.58,217.0,1,TWF (Tool Wear Failure),1,0,0,0,0,2.5,32.7
4931,M14930,M,301.2,311.6,1168.0,33.3,187.0,0,No Failure,0,0,0,0,0,103.5,47.0
9180,L19179,L,299.7,308.9,1180.0,33.0,213.0,1,TWF (Tool Wear Failure),1,0,0,0,0,7.9,34.2
8674,L18673,L,300.2,310.2,1297.0,45.0,28.0,0,No Failure,0,0,0,0,0,200.1,91.0
8243,H18242,H,300.9,310.4,1368.0,34.7,116.0,0,No Failure,0,0,0,0,0,146.7,66.7
3313,M13312,M,307.1,310.7,1236.0,43.2,220.0,1,TWF (Tool Wear Failure),1,0,0,0,0,6.8,32.2
2282,L12281,L,297.1,306.0,1442.0,19.1,56.0,1,PWF (Power Failure),0,0,1,0,0,4.5,75.7
5109,M15108,M,299.5,308.8,1187.0,37.5,113.0,0,No Failure,0,0,0,0,0,139.3,63.3
3267,L13266,L,305.4,314.4,1196.0,41.0,70.0,0,No Failure,0,0,0,0,0,161.0,73.2
7837,L17836,L,297.9,307.1,1262.0,34.5,10.0,0,No Failure,0,0,0,0,0,206.9,94.1
7921,M17920,M,301.7,311.5,1329.0,37.1,86.0,0,No Failure,0,0,0,0,0,163.5,74.3
8123,M18122,M,303.7,312.2,1331.0,46.3,129.0,1,HDF (Heat Dissipation),0,1,0,0,0,1.5,55.7
3042,H13041,H,300.6,310.7,1352.0,27.4,196.0,0,No Failure,0,0,0,0,0,106.5,48.4
2738,M12737,M,299.8,310.5,1484.0,41.8,60.0,0,No Failure,0,0,0,0,0,179.8,81.7
4358,L14357,L,297.6,307.8,1280.0,29.7,101.0,0,No Failure,0,0,0,0,0,157.6,71.6
2534,L12533,L,299.3,309.3,1546.0,39.2,18.0,0,No Failure,0,0,0,0,0,207.8,94.5
8608,M18607,M,301.2,310.4,1423.0,38.6,46.0,0,No Failure,0,0,0,0,0,189.0,85.9
9935,H19934,H,297.5,307.9,1460.0,30.6,123.0,0,No Failure,0,0,0,0,0,146.8,66.7
1845,L11844,L,297.0,306.7,1261.0,32.0,118.0,0,No Failure,0,0,0,0,0,142.9,65.0
3921,L13920,L,298.2,310.0,1168.0,44.2,132.0,0,No Failure,0,0,0,0,0,126.9,57.7
9747,M19746,M,300.5,308.6,1168.0,56.4,155.0,1,HDF (Heat Dissipation),0,1,0,0,0,4.9,37.6
8963,M18962,M,301.3,312.1,1168.0,41.2,106.0,0,No Failure,0,0,0,0,0,149.3,67.9
8045,H18044,H,303.8,315.5,1546.0,36.6,88.0,0,No Failure,0,0,0,0,0,164.9,75.0
4328,M14327,M,295.7,305.2,1168.0,48.0,216.0,0,No Failure,0,0,0,0,0,62.4,28.4
3582,M13581,M,302.2,310.05,1373.0,26.4,64.0,0,No Failure,0,0,0,0,0,178.7,81.2
2261,M12260,M,298.4,308.5,1285.0,34.1,199.0,0,No Failure,0,0,0,0,0,95.1,43.2
5009,M15008,M,301.8,313.1,1183.0,37.0,12.0,0,No Failure,0,0,0,0,0,212.3,96.5
7938,L17937,L,302.3,312.2,1218.0,34.2,139.0,0,No Failure,0,0,0,0,0,129.3,58.8
3327,L13326,L,302.0,312.1,1222.0,33.3,42.0,0,No Failure,0,0,0,0,0,193.1,87.8
9963,L19962,L,299.8,310.0,1168.0,40.15,214.0,1,OSF (Overstrain Failure),0,0,0,1,0,2.1,22.7
9565,M19564,M,299.8,309.0,1267.0,29.8,106.0,0,No Failure,0,0,0,0,0,82.5,37.5
8384,L18383,L,302.4,311.2,1236.0,31.7,165.0,0,No Failure,0,0,0,0,0,104.7,47.6
9858,M19857,M,300.8,311.0,1168.0,31.0,69.0,0,No Failure,0,0,0,0,0,177.6,80.7
2429,M12428,M,299.0,307.4,1199.0,29.1,104.0,1,HDF (Heat Dissipation),0,1,0,0,0,4.0,61.8
7915,H17914,H,299.5,309.8,1187.0,31.1,59.0,0,No Failure,0,0,0,0,0,184.7,84.0
3709,L13708,L,298.7,309.5,1327.0,40.15,35.0,0,No Failure,0,0,0,0,0,198.8,90.4
1623,H11622,H,296.5,306.8,1168.0,39.3,22.0,0,No Failure,0,0,0,0,0,205.6,93.4
4451,H14450,H,301.7,312.1,1168.0,56.0,169.0,0,No Failure,0,0,0,0,0,97.6,44.4
8837,M18836,M,300.0,308.0,1250.0,46.5,143.0,1,HDF (Heat Dissipation),0,1,0,0,0,0.1,46.8
4350,H14349,H,297.8,307.7,1168.0,37.0,71.0,0,No Failure,0,0,0,0,0,174.3,79.2
1329,L11328,L,301.9,311.2,1176.0,51.3,90.0,0,No Failure,0,0,0,0,0,145.0,65.9
5687,L15686,L,302.8,313.7,1546.0,50.3,53.0,0,No Failure,0,0,0,0,0,180.7,82.1
7531,L17530,L,295.5,305.0,1168.0,56.9,62.0,0,No Failure,0,0,0,0,0,166.1,75.5
6090,M16089,M,302.6,312.3,1168.0,38.1,139.0,0,No Failure,0,0,0,0,0,126.4,57.5
154,M10153,M,298.8,308.9,1419.0,36.9,50.0,0,No Failure,0,0,0,0,0,187.9,85.4
808,L10807,L,303.4,313.8,1215.0,29.6,45.0,0,No Failure,0,0,0,0,0,191.3,86.9
3372,L13371,L,298.7,307.8,1255.0,35.1,190.0,0,No Failure,0,0,0,0,0,88.7,40.3
6559,H16558,H,301.0,311.9,1546.0,54.7,144.0,0,No Failure,0,0,0,0,0,116.7,53.0
6473,H16472,H,300.0,310.4,1350.0,24.9,75.0,0,No Failure,0,0,0,0,0,169.8,77.2
5651,H15650,H,303.3,312.3,1546.0,10.4,148.0,1,PWF (Power Failure),0,0,1,0,0,2.5,56.8
8411,M18410,M,300.9,310.9,1168.0,47.8,37.0,0,No Failure,0,0,0,0,0,194.0,88.2
8985,M18984,M,296.7,306.3,1168.0,26.9,188.0,1,PWF (Power Failure),0,0,1,0,0,4.4,41.4
8120,M18119,M,302.4,312.7,1168.0,33.1,106.0,0,No Failure,0,0,0,0,0,145.4,66.1
1356,L11355,L,299.8,318.2,1168.0,44.7,189.0,0,No Failure,0,0,0,0,0,86.2,39.2
8111,L18110,L,301.8,310.6,1168.0,39.9,89.0,0,No Failure,0,0,0,0,0,146.3,66.5
6606,L16605,L,298.7,307.5,1168.0,37.2,67.0,0,No Failure,0,0,0,0,0,162.4,73.8
4975,M14974,M,297.8,308.2,1183.0,48.8,117.0,0,No Failure,0,0,0,0,0,137.1,62.3
2077,H12076,H,298.2,308.9,1184.0,37.1,45.0,0,No Failure,0,0,0,0,0,191.7,87.1
4777,L14776,L,296.8,307.4,1546.0,18.9,149.0,1,PWF (Power Failure),0,0,1,0,0,6.4,55.2
854,H10853,H,303.0,312.4,1168.0,41.6,206.0,0,No Failure,0,0,0,0,0,79.3,36.0
1636,L11635,L,299.8,309.2,1486.0,40.1,64.0,0,No Failure,0,0,0,0,0,176.4,80.2
6613,M16612,M,298.9,309.0,1461.0,31.9,87.0,0,No Failure,0,0,0,0,0,166.5,75.7
976,M10975,M,300.2,309.1,1203.0,25.4,173.0,1,PWF (Power Failure),0,0,1,0,0,4.5,41.5
8230,M18229,M,298.1,307.3,1210.0,44.8,66.0,0,No Failure,0,0,0,0,0,166.2,75.6
1702,H11701,H,298.1,307.9,1296.0,37.6,75.0,0,No Failure,0,0,0,0,0,171.3,77.9
9009,M19008,M,298.2,307.4,1187.0,40.2,54.0,0,No Failure,0,0,0,0,0,175.7,79.9
4688,L14687,L,299.0,311.9,1168.0,52.7,83.0,0,No Failure,0,0,0,0,0,157.2,71.5
3427,L13426,L,298.7,309.1,1168.0,43.5,161.0,0,No Failure,0,0,0,0,0,107.1,48.7
5361,M15360,M,300.1,309.9,1187.0,28.0,58.0,1,PWF (Power Failure),0,0,1,0,0,6.7,78.6
1465,M11464,M,298.8,307.6,1168.0,43.3,-188.0,0,No Failure,0,0,0,0,0,109.1,49.6
8618,M18617,M,298.0,309.5,1287.0,29.8,78.0,0,No Failure,0,0,0,0,0,172.9,78.6
1097,L11096,L,298.5,308.3,1431.0,24.1,155.0,0,No Failure,0,0,0,0,0,124.0,56.4
4748,M14747,M,300.7,311.0,1240.0,27.3,49.0,0,No Failure,0,0,0,0,0,184.1,83.7
6428,L16427,L,299.6,308.7,1199.0,53.0,151.0,0,No Failure,0,0,0,0,0,95.6,43.5
6425,L16424,L,296.6,307.0,1220.0,47.5,142.0,0,No Failure,0,0,0,0,0,117.0,53.2
7899,H17898,H,303.5,312.8,1324.0,23.6,207.0,1,PWF (Power Failure),0,0,1,0,0,0.4,39.0
8829,L18828,L,298.6,309.7,1234.0,56.5,115.0,0,No Failure,0,0,0,0,0,130.4,59.3
9021,L19020,L,301.0,311.3,1168.0,31.8,102.0,0,No Failure,0,0,0,0,0,155.7,70.8
7940,M17939,M,299.7,310.2,1188.0,2.52,145.0,0,No Failure,0,0,0,0,0,120.0,54.5
7258,H17257,H,295.0,305.8,1269.0,49.6,33.0,0,No Failure,0,0,0,0,0,197.2,89.6
6037,H16036,H,302.5,314.0,1384.0,28.5,196.0,0,No Failure,0,0,0,0,0,105.4,47.9
8333,L18332,L,301.0,310.3,1168.0,33.0,210.0,1,TWF (Tool Wear Failure),1,0,0,0,0,3.8,35.6
7361,L17360,L,299.5,309.8,908.0,48.5,167.0,0,No Failure,0,0,0,0,0,97.9,44.5
9682,L19681,L,296.7,306.7,1284.0,46.1,158.0,0,No Failure,0,0,0,0,0,106.8,48.5
8580,L18579,L,301.0,312.8,1168.0,34.1,173.0,0,No Failure,0,0,0,0,0,108.5,49.3
8409,H18408,H,298.3,308.0,1168.0,47.9,27.0,0,No Failure,0,0,0,0,0,198.3,90.1
1146,L11145,L,302.3,313.9,1168.0,55.0,107.0,0,No Failure,0,0,0,0,0,133.0,60.4
1149,L11148,L,302.5,311.0,1211.0,44.6,124.0,1,HDF (Heat Dissipation),0,1,0,0,0,2.0,52.9
2206,M12205,M,299.3,309.3,1338.0,77.58,22.0,0,No Failure,0,0,0,0,0,204.8,93.1
3148,M13147,M,300.5,308.9,1168.0,55.2,105.0,1,HDF (Heat Dissipation),0,1,0,0,0,4.9,56.5
3104,M13103,M,304.0,312.8,1168.0,49.6,184.0,0,No Failure,0,0,0,0,0,75.6,34.4
6827,L16826,L,298.8,307.7,1505.0,28.9,148.0,0,No Failure,0,0,0,0,0,129.2,58.7
3562,M13561,M,300.7,310.4,1267.0,27.9,203.0,0,No Failure,0,0,0,0,0,94.4,42.9
6543,H16542,H,297.4,306.5,1168.0,49.1,86.0,0,No Failure,0,0,0,0,0,150.8,68.6
2610,L12609,L,301.9,311.3,1231.0,44.7,47.0,0,No Failure,0,0,0,0,0,180.9,82.2
2731,L12730,L,300.0,309.7,1168.0,46.0,40.0,0,No Failure,0,0,0,0,0,181.5,82.5
4257,L14256,L,292.925,308.7,1288.0,44.3,167.0,0,No Failure,0,0,0,0,0,102.1,46.4
8473,L18472,L,301.0,312.3,1168.0,36.3,37.0,0,No Failure,0,0,0,0,0,195.7,88.9
8128,M18127,M,301.6,310.9,908.0,43.0,145.0,0,No Failure,0,0,0,0,0,115.0,52.3
2041,L12040,L,298.9,310.4,1168.0,46.1,145.0,0,No Failure,0,0,0,0,0,116.1,52.8
584,L10583,L,298.1,308.0,1270.0,35.6,174.0,0,No Failure,0,0,0,0,0,105.5,47.9
6355,L16354,L,295.3,304.4,1389.0,30.0,144.0,0,No Failure,0,0,0,0,0,128.3,58.3
3900,L13899,L,302.5,312.6,1226.0,33.1,61.0,0,No Failure,0,0,0,0,0,181.0,82.3
516,L10515,L,303.5,312.6,1168.0,49.1,176.0,0,No Failure,0,0,0,0,0,80.8,36.7
7709,L17708,L,303.6,314.4,1168.0,54.8,28.0,0,No Failure,0,0,0,0,0,198.5,90.2
7756,H17755,H,301.3,311.8,1351.0,29.0,184.0,0,No Failure,0,0,0,0,0,111.9,50.9
2752,M12751,M,297.8,309.3,1168.0,77.58,104.0,0,No Failure,0,0,0,0,0,146.7,66.7
6867,M16866,M,297.9,309.9,1180.0,42.5,70.0,0,No Failure,0,0,0,0,0,172.8,78.6
3470,H13469,H,303.6,313.3,1203.0,28.4,93.0,0,No Failure,0,0,0,0,0,156.3,71.0
7235,M17234,M,301.1,311.8,1322.0,50.0,190.0,0,No Failure,0,0,0,0,0,84.2,38.3
4385,H14384,H,295.3,306.8,1199.0,30.6,183.0,0,No Failure,0,0,0,0,0,111.1,50.5
9285,L19284,L,297.3,306.5,1204.0,51.8,137.0,0,No Failure,0,0,0,0,0,108.5,49.3
8071,L18070,L,301.6,311.9,1298.0,2.52,185.0,1,PWF (Power Failure),0,0,1,0,0,7.4,42.3
1663,M11662,M,299.6,309.9,1221.0,37.4,155.0,0,No Failure,0,0,0,0,0,119.9,54.5
945,L10944,L,301.5,311.3,1546.0,14.0,67.0,1,PWF (Power Failure),0,0,1,0,0,0.6,74.0
2142,L12141,L,296.2,310.0,1168.0,34.7,27.0,0,No Failure,0,0,0,0,0,195.9,89.0
9092,M19091,M,299.0,308.5,1168.0,30.9,131.0,0,No Failure,0,0,0,0,0,134.0,60.9
2786,M12785,M,302.3,312.5,1220.0,36.7,12.0,0,No Failure,0,0,0,0,0,212.3,96.5
4603,H14602,H,302.8,314.2,1168.0,53.8,18.0,0,No Failure,0,0,0,0,0,207.2,94.2
6673,M16672,M,299.3,308.1,1521.0,30.3,79.0,0,No Failure,0,0,0,0,0,172.1,78.2
3319,L13318,L,302.5,312.7,1314.0,30.8,15.0,0,No Failure,0,0,0,0,0,210.6,95.7
6787,L16786,L,299.8,310.7,1168.0,57.3,22.0,0,No Failure,0,0,0,0,0,202.8,92.2
9291,L19290,L,297.6,306.7,1168.0,48.5,157.0,0,No Failure,0,0,0,0,0,95.3,43.3
2044,H12043,H,299.5,308.0,1292.0,16.4,155.0,1,HDF (Heat Dissipation),0,1,1,0,0,5.3,48.4
5587,M15586,M,299.8,310.9,1168.0,51.0,160.0,0,No Failure,0,0,0,0,0,104.7,47.6
6677,L16676,L,298.1,309.8,1168.0,31.1,91.0,0,No Failure,0,0,0,0,0,163.0,74.1
8576,M18575,M,299.0,308.0,1265.0,37.0,161.0,0,No Failure,0,0,0,0,0,108.3,49.2
3155,L13154,L,303.1,313.0,1168.0,31.8,130.0,0,No Failure,0,0,0,0,0,136.9,62.2
702,L10701,L,301.7,311.3,1439.0,41.6,159.0,0,No Failure,0,0,0,0,0,110.2,50.1
9477,M19476,M,299.7,307.9,1168.0,35.7,133.0,1,HDF (Heat Dissipation),0,1,0,0,0,2.9,52.5
6525,L16524,L,298.4,310.1,1168.0,28.9,30.0,0,No Failure,0,0,0,0,0,194.3,88.3
8265,M18264,M,302.5,313.3,1168.0,44.5,191.0,0,No Failure,0,0,0,0,0,89.2,40.6
769,L10768,L,300.8,311.3,1168.0,39.9,147.0,0,No Failure,0,0,0,0,0,120.1,54.6
5581,M15580,M,305.9,315.0,1168.0,67.8,139.0,0,No Failure,0,0,0,0,0,97.1,44.1
8817,H18816,H,300.8,313.0,1384.0,32.3,66.0,0,No Failure,0,0,0,0,0,180.1,81.9
3354,L13353,L,296.2,305.6,1168.0,43.2,134.0,0,No Failure,0,0,0,0,0,119.7,54.4
2787,M12786,M,302.8,312.3,1359.0,33.5,15.0,0,No Failure,0,0,0,0,0,208.6,94.8
7477,L17476,L,298.0,307.3,1168.0,37.6,118.0,0,No Failure,0,0,0,0,0,133.8,60.8
1094,L11093,L,299.2,308.6,1280.0,53.9,147.0,0,No Failure,0,0,0,0,0,103.3,47.0
6892,L16891,L,299.3,309.5,1216.0,43.3,148.0,0,No Failure,0,0,0,0,0,116.4,52.9
1065,L11064,L,299.8,310.6,1168.0,31.1,44.0,0,No Failure,0,0,0,0,0,192.4,87.5
9056,H19055,H,299.4,309.9,1168.0,55.3,10.0,0,No Failure,0,0,0,0,0,212.8,96.7
6485,H16484,H,299.7,310.1,1390.0,43.3,113.0,0,No Failure,0,0,0,0,0,145.4,66.1
3065,L13064,L,302.4,313.1,1222.0,55.1,46.0,0,No Failure,0,0,0,0,0,184.6,83.9
2445,L12444,L,300.0,311.0,1168.0,60.6,156.0,0,No Failure,0,0,0,0,0,94.6,43.0
2440,M12439,M,298.3,308.6,1257.0,46.2,140.0,0,No Failure,0,0,0,0,0,122.8,55.8
2208,L12207,L,298.9,307.9,1250.0,36.7,30.0,0,No Failure,0,0,0,0,0,191.4,87.0
1090,L11089,L,298.4,308.7,1209.0,42.2,137.0,0,No Failure,0,0,0,0,0,125.0,56.8
3027,L13026,L,301.8,310.5,1374.0,2.52,143.0,0,No Failure,0,0,0,0,0,113.2,51.4
6828,H16827,H,292.925,309.3,1168.0,41.6,150.0,0,No Failure,0,0,0,0,0,122.3,55.6
4110,M14109,M,300.2,309.4,1168.0,26.8,100.0,1,PWF (Power Failure),0,0,1,0,0,4.2,62.8
9213,L19212,L,300.6,311.6,1168.0,42.3,101.0,0,No Failure,0,0,0,0,0,149.9,68.1
7525,L17524,L,303.4,313.7,1406.0,39.4,348.0,0,No Failure,0,0,0,0,0,188.9,85.9
5501,L15500,L,300.4,309.8,1168.0,51.2,106.0,0,No Failure,0,0,0,0,0,134.2,61.0
4536,L14535,L,295.7,304.8,1168.0,41.8,7.0,0,No Failure,0,0,0,0,0,205.3,93.3
1050,L11049,L,302.5,312.6,1168.0,29.5,0.0,0,No Failure,0,0,0,0,0,214.7,97.6
8954,H18953,H,300.6,310.6,1219.0,44.7,80.0,0,No Failure,0,0,0,0,0,166.6,75.7
8076,L18075,L,303.6,312.9,1168.0,62.3,203.0,1,OSF (Overstrain Failure),0,0,0,1,0,0.7,21.4
4430,L14429,L,299.9,309.9,1546.0,35.1,98.0,0,No Failure,0,0,0,0,0,156.2,71.0
39,L10038,L,301.7,312.2,1168.0,38.6,129.0,0,No Failure,0,0,0,0,0,133.4,60.6
9034,H19033,H,300.6,311.9,1398.0,35.1,151.0,0,No Failure,0,0,0,0,0,126.7,57.6
8676,M18675,M,302.6,312.8,1396.0,57.2,32.0,0,No Failure,0,0,0,0,0,195.9,89.0
6210,H16209,H,292.925,311.3,1168.0,61.2,82.0,0,No Failure,0,0,0,0,0,158.4,72.0
6200,H16199,H,298.2,309.0,1168.0,49.7,50.0,0,No Failure,0,0,0,0,0,185.4,84.3
8337,H18336,H,299.9,311.1,1194.0,31.0,0.0,0,No Failure,0,0,0,0,0,220.0,100.0
317,L10316,L,297.7,308.7,1168.0,59.2,169.0,0,No Failure,0,0,0,0,0,85.6,38.9
3410,L13409,L,300.3,310.0,1433.0,17.8,106.0,1,PWF (Power Failure),0,0,1,0,0,1.7,63.6
7897,M17896,M,302.2,311.8,1236.0,40.1,200.0,0,No Failure,0,0,0,0,0,84.1,38.2
1942,L11941,L,298.7,309.6,1236.0,30.4,20.0,0,No Failure,0,0,0,0,0,207.6,94.3
5528,L15527,L,299.4,307.2,1472.0,44.5,191.0,0,No Failure,0,0,0,0,0,85.0,38.6
2020,L12019,L,299.8,308.8,1168.0,53.8,79.0,0,No Failure,0,0,0,0,0,148.7,67.6
6402,L16401,L,299.3,309.4,1190.0,49.5,67.0,0,No Failure,0,0,0,0,0,170.6,77.6
9224,M19223,M,300.3,309.2,1268.0,52.8,141.0,0,No Failure,0,0,0,0,0,108.2,49.2
3982,L13981,L,299.9,310.0,1353.0,35.4,100.0,0,No Failure,0,0,0,0,0,154.8,70.3
8793,L18792,L,297.4,310.0,1193.0,24.2,202.0,1,PWF (Power Failure),0,0,1,0,0,0.3,34.1
5381,L15380,L,301.6,311.5,1255.0,36.6,136.0,0,No Failure,0,0,0,0,0,129.4,58.8
3729,M13728,M,299.4,310.4,1306.0,28.7,117.0,0,No Failure,0,0,0,0,0,150.1,68.2
3204,M13203,M,301.1,310.8,1168.0,38.4,82.0,0,No Failure,0,0,0,0,0,163.3,74.2
1442,L11441,L,300.0,310.6,1418.0,28.7,63.0,0,No Failure,0,0,0,0,0,181.4,82.5
395,L10394,L,297.9,307.6,1168.0,51.1,4.0,0,No Failure,0,0,0,0,0,213.7,97.1
2243,L12242,L,299.8,307.9,1168.0,28.0,144.0,1,HDF (Heat Dissipation),0,1,1,0,0,5.3,46.0
5963,L15962,L,301.1,312.0,1168.0,50.0,162.0,0,No Failure,0,0,0,0,0,100.1,45.5
9835,H19834,H,297.2,307.0,1168.0,42.9,209.0,0,No Failure,0,0,0,0,0,80.3,36.5
2434,L12433,L,303.0,313.1,1168.0,38.3,121.0,0,No Failure,0,0,0,0,0,139.0,63.2
6103,H16102,H,298.2,308.0,1261.0,43.3,180.0,0,No Failure,0,0,0,0,0,99.6,45.3
5372,H15371,H,299.0,310.1,1322.0,41.3,102.0,0,No Failure,0,0,0,0,0,153.7,69.9
9916,L19915,L,300.2,310.8,1168.0,24.7,60.0,1,PWF (Power Failure),0,0,1,0,0,6.5,74.2
4155,M14154,M,301.5,314.4,1169.0,39.5,106.0,0,No Failure,0,0,0,0,0,194.4,88.3
8092,L18091,L,297.9,307.3,1186.0,42.9,24.0,0,No Failure,0,0,0,0,0,196.7,89.4
857,M10856,M,303.9,311.7,1230.0,36.0,217.0,1,HDF (Heat Dissipation),0,1,0,0,0,2.4,27.4
7370,H17369,H,303.5,314.0,1181.0,38.6,201.0,0,No Failure,0,0,0,0,0,92.2,41.9
7646,L17645,L,300.8,312.6,1295.0,22.8,31.0,1,PWF (Power Failure),0,0,1,0,0,3.5,83.0
8788,M18787,M,307.1,314.9,1168.0,52.7,178.0,0,No Failure,0,0,0,0,0,90.1,40.9
4971,M14970,M,296.0,305.7,1168.0,27.8,102.0,1,PWF (Power Failure),0,0,1,0,0,7.2,66.0
9345,M19344,M,300.1,310.0,1168.0,27.1,112.0,1,PWF (Power Failure),0,0,1,0,0,4.3,63.4
8309,L18308,L,303.3,313.5,1168.0,50.2,120.0,0,No Failure,0,0,0,0,0,131.1,59.6
4605,M14604,M,297.5,307.8,1200.0,42.8,26.0,0,No Failure,0,0,0,0,0,202.4,92.0
2595,L12594,L,301.4,312.1,1421.0,31.7,0.0,0,No Failure,0,0,0,0,0,220.0,100.0
1566,L11565,L,298.8,309.0,1192.0,36.8,45.0,0,No Failure,0,0,0,0,0,190.3,86.5
5085,H15084,H,301.5,313.2,1173.0,41.3,31.0,0,No Failure,0,0,0,0,0,199.9,90.8
1256,H11255,H,301.5,311.5,1168.0,34.7,51.0,0,No Failure,0,0,0,0,0,188.6,85.7
7438,L17437,L,301.5,311.7,1168.0,40.1,213.0,0,No Failure,0,0,0,0,0,75.0,34.1
9795,L19794,L,299.3,309.5,1168.0,41.1,79.0,0,No Failure,0,0,0,0,0,165.8,75.3
9897,M19896,M,299.5,309.1,1168.0,37.6,213.0,0,No Failure,0,0,0,0,0,77.8,35.4
1713,H11712,H,297.0,306.4,1412.0,37.4,112.0,0,No Failure,0,0,0,0,0,148.5,67.5
4644,L14643,L,300.6,309.6,1168.0,47.3,157.0,0,No Failure,0,0,0,0,0,95.4,43.3
1362,L11361,L,296.7,308.2,1168.0,34.6,208.0,1,TWF (Tool Wear Failure),1,0,0,0,0,1.8,38.8
3502,M13501,M,301.2,311.9,1168.0,34.2,208.0,0,No Failure,0,0,0,0,0,89.4,40.6
1254,M11253,M,298.4,307.8,1168.0,56.6,45.0,0,No Failure,0,0,0,0,0,179.6,81.6
1484,L11483,L,300.3,309.7,1298.0,26.1,204.0,0,No Failure,0,0,0,0,0,87.3,39.7
4472,L14471,L,298.0,308.0,1168.0,40.9,23.0,0,No Failure,0,0,0,0,0,204.2,92.8
6617,L16616,L,296.2,306.1,1168.0,34.6,102.0,0,No Failure,0,0,0,0,0,152.8,69.5
9834,M19833,M,298.8,309.7,1168.0,49.4,106.0,0,No Failure,0,0,0,0,0,73.4,33.4
5425,H15424,H,303.9,315.8,1168.0,49.2,61.0,0,No Failure,0,0,0,0,0,177.9,80.9
5452,M15451,M,298.1,308.2,1297.0,31.3,167.0,0,No Failure,0,0,0,0,0,117.8,53.5
6737,L16736,L,296.6,305.4,1282.0,37.8,86.0,0,No Failure,0,0,0,0,0,153.8,69.9
5541,H15540,H,299.9,308.7,1168.0,44.0,6.0,0,No Failure,0,0,0,0,0,202.8,92.2
8731,L18730,L,298.4,309.3,1249.0,23.4,201.0,1,PWF (Power Failure),0,0,1,0,0,0.8,37.7
3374,L13373,L,302.3,314.6,1168.0,43.7,198.0,0,No Failure,0,0,0,0,0,81.0,36.8
594,M10593,M,299.7,310.8,1201.0,70.5,207.0,1,OSF (Overstrain Failure),0,0,0,1,0,2.3,20.4
2527,H12526,H,297.0,306.4,1409.0,42.6,218.0,0,No Failure,0,0,0,0,0,75.8,34.5
3322,L13321,L,302.0,311.9,1286.0,39.6,22.0,0,No Failure,0,0,0,0,0,204.4,92.9
7907,M17906,M,301.3,311.5,1168.0,41.3,26.0,0,No Failure,0,0,0,0,0,202.7,92.1
9266,M19265,M,296.7,307.5,1497.0,25.3,62.0,0,No Failure,0,0,0,0,0,184.1,83.7
2132,M12131,M,301.0,310.4,1168.0,46.0,212.0,0,No Failure,0,0,0,0,0,66.5,30.2
7105,L17104,L,299.5,308.8,1302.0,48.1,204.0,0,No Failure,0,0,0,0,0,66.8,30.4
259,L10258,L,297.9,308.4,1168.0,36.2,201.0,0,No Failure,0,0,0,0,0,87.9,40.0
322,L10321,L,298.6,308.8,1168.0,55.0,188.0,0,No Failure,0,0,0,0,0,75.2,34.2
2660,L12659,L,302.6,312.0,1260.0,42.8,8.0,0,No Failure,0,0,0,0,0,209.4,95.2
7037,L17036,L,301.0,312.1,1302.0,33.3,206.0,0,No Failure,0,0,0,0,0,88.2,40.1
2870,L12869,L,297.4,306.9,1168.0,46.3,66.0,0,No Failure,0,0,0,0,0,167.1,76.0
261,L10260,L,301.7,311.5,1327.0,36.6,207.0,0,No Failure,0,0,0,0,0,82.4,37.4
3595,L13594,L,300.8,310.8,1168.0,37.6,111.0,0,No Failure,0,0,0,0,0,146.1,66.4
2674,L12673,L,303.6,313.8,1168.0,45.5,53.0,0,No Failure,0,0,0,0,0,182.2,82.8
3337,M13336,M,304.0,315.9,1168.0,45.9,76.0,0,No Failure,0,0,0,0,0,167.4,76.1
9103,L19102,L,299.6,310.8,1168.0,47.5,163.0,0,No Failure,0,0,0,0,0,101.8,46.3
1269,L11268,L,297.7,305.7,1168.0,48.6,109.0,1,HDF (Heat Dissipation),0,1,0,0,0,0.1,53.8
2012,L12011,L,301.3,310.7,1168.0,54.2,57.0,0,No Failure,0,0,0,0,0,169.8,77.2
9409,M19408,M,297.0,306.1,1214.0,35.2,128.0,0,No Failure,0,0,0,0,0,129.6,58.9
3691,L13690,L,292.925,307.5,1168.0,53.6,208.0,1,OSF (Overstrain Failure),1,0,0,1,0,7.7,24.0
5605,M15604,M,300.3,310.6,1236.0,18.6,10.0,1,PWF (Power Failure),0,0,1,0,0,0.9,87.5
4286,L14285,L,299.7,310.2,1182.0,41.1,69.0,0,No Failure,0,0,0,0,0,172.6,78.5
6191,H16190,H,299.4,307.6,1168.0,45.2,22.0,1,HDF (Heat Dissipation),0,1,0,0,0,4.1,84.3
2110,L12109,L,298.4,308.5,1177.0,44.4,150.0,0,No Failure,0,0,0,0,0,114.0,51.8
6408,L16407,L,300.5,310.2,1168.0,62.5,402.0,0,No Failure,0,0,0,0,0,145.8,66.3
1893,M11892,M,297.5,308.1,1168.0,36.0,78.0,0,No Failure,0,0,0,0,0,170.2,77.4
5045,L15044,L,301.9,310.3,1168.0,44.9,125.0,1,HDF (Heat Dissipation),0,1,0,0,0,4.3,51.7
4401,M14400,M,296.9,305.5,1182.0,55.2,9.0,0,No Failure,0,0,0,0,0,197.9,90.0
2200,M12199,M,299.2,307.7,1382.0,26.7,0.0,0,No Failure,0,0,0,0,0,215.5,98.0
5865,M15864,M,304.4,304.27,1168.0,38.3,62.0,0,No Failure,0,0,0,0,0,179.7,81.7
5182,L15181,L,301.8,312.3,1197.0,34.8,145.0,0,No Failure,0,0,0,0,0,125.9,57.2
5074,M15073,M,297.3,307.2,1275.0,47.9,0.0,0,No Failure,0,0,0,0,0,219.2,99.6
9037,H19036,H,301.5,311.9,1168.0,56.9,161.0,0,No Failure,0,0,0,0,0,102.7,46.7
1595,H11594,H,299.3,307.9,908.0,51.7,140.0,1,HDF (Heat Dissipation),0,1,0,0,0,0.3,48.3
444,L10443,L,300.8,309.3,1169.0,37.9,187.0,1,HDF (Heat Dissipation),0,1,0,0,0,7.4,35.8
2564,M12563,M,300.5,309.8,1168.0,47.9,114.0,0,No Failure,0,0,0,0,0,132.1,60.0
1902,L11901,L,298.4,307.7,1168.0,49.8,103.0,0,No Failure,0,0,0,0,0,136.2,61.9
5223,L15222,L,300.5,310.8,1168.0,36.4,55.0,0,No Failure,0,0,0,0,0,183.8,83.5
9513,L19512,L,299.2,308.8,1168.0,32.2,35.0,0,No Failure,0,0,0,0,0,193.4,87.9
2804,M12803,M,301.3,311.8,1168.0,61.8,80.0,0,No Failure,0,0,0,0,0,157.6,71.6
7252,M17251,M,300.5,309.3,1168.0,67.0,14.0,0,No Failure,0,0,0,0,0,195.5,88.9
2508,H12507,H,299.0,308.3,1301.0,45.1,156.0,0,No Failure,0,0,0,0,0,111.1,50.5
8728,L18727,L,298.9,307.6,1518.0,23.4,192.0,0,No Failure,0,0,0,0,0,106.4,48.3
1777,M11776,M,307.1,310.7,1168.0,41.0,121.0,0,No Failure,0,0,0,0,0,139.5,63.4
5252,L15251,L,298.3,307.2,1168.0,38.5,142.0,0,No Failure,0,0,0,0,0,112.6,51.2
8357,M18356,M,303.9,314.0,1214.0,40.8,74.0,0,No Failure,0,0,0,0,0,170.8,77.7
5878,L15877,L,302.1,312.2,908.0,36.3,100.0,0,No Failure,0,0,0,0,0,154.2,70.1
7736,L17735,L,297.2,307.5,1245.0,37.7,111.0,0,No Failure,0,0,0,0,0,146.1,66.4
4234,M14233,M,302.9,312.5,1168.0,47.8,85.0,0,No Failure,0,0,0,0,0,155.9,70.8
5554,L15553,L,300.5,309.0,1171.0,36.2,49.0,1,HDF (Heat Dissipation),0,1,0,0,0,7.2,77.9
3578,L13577,L,302.7,311.5,1168.0,40.0,51.0,0,No Failure,0,0,0,0,0,172.1,78.2
5680,L15679,L,299.4,310.1,1182.0,2.52,33.0,1,PWF (Power Failure),0,0,1,0,0,1.8,84.3
5310,L15309,L,298.1,308.1,1236.0,36.2,106.0,0,No Failure,0,0,0,0,0,150.3,68.3
9492,H19491,H,299.0,310.0,1249.0,54.6,192.0,0,No Failure,0,0,0,0,0,82.3,37.4
8117,M18116,M,301.1,312.5,1502.0,20.7,112.0,1,PWF (Power Failure),0,0,1,0,0,6.2,65.0
9316,H19315,H,298.1,308.3,1367.0,31.1,21.0,0,No Failure,0,0,0,0,0,207.4,94.3
6963,M16962,M,297.2,307.6,1250.0,48.8,162.0,0,No Failure,0,0,0,0,0,105.2,47.8
3861,L13860,L,300.2,309.9,1209.0,41.8,139.0,0,No Failure,0,0,0,0,0,120.8,54.9
8278,M18277,M,302.4,312.8,1309.0,53.8,23.0,0,No Failure,0,0,0,0,0,203.1,92.3
685,M10684,M,300.8,311.1,1381.0,34.2,97.0,0,No Failure,0,0,0,0,0,159.1,72.3
3999,L13998,L,301.4,310.8,1205.0,44.8,150.0,0,No Failure,0,0,0,0,0,107.2,48.7
190,L10189,L,299.1,307.1,1168.0,47.4,179.0,1,HDF (Heat Dissipation),0,1,0,0,0,6.4,31.1
16,L10015,L,303.4,313.1,1168.0,30.5,55.0,0,No Failure,0,0,0,0,0,180.5,82.1
1132,M11131,M,300.0,310.2,1381.0,42.4,106.0,0,No Failure,0,0,0,0,0,178.9,81.3
9959,L19958,L,301.5,311.0,1168.0,50.1,204.0,0,No Failure,0,0,0,0,0,63.4,28.8
1120,H11119,H,299.2,307.4,1168.0,39.0,13.0,1,HDF (Heat Dissipation),0,1,0,0,0,5.4,87.2
1567,L11566,L,296.2,306.6,1194.0,57.5,48.0,0,No Failure,0,0,0,0,0,182.3,82.9
5277,M15276,M,302.7,312.6,1200.0,27.6,235.0,1,PWF (Power Failure),1,0,1,0,0,4.7,32.1
668,H10667,H,299.7,312.2,1168.0,40.2,42.0,0,No Failure,0,0,0,0,0,192.9,87.7
1262,L11261,L,298.3,306.5,1168.0,37.1,79.0,1,HDF (Heat Dissipation),0,1,0,0,0,2.6,67.2
1064,M11063,M,298.9,308.8,1297.0,29.1,41.0,0,No Failure,0,0,0,0,0,194.7,88.5
7001,M17000,M,295.4,304.5,1411.0,35.5,80.0,0,No Failure,0,0,0,0,0,167.6,76.2
1483,M11482,M,301.4,313.4,1168.0,42.0,-112.0,0,No Failure,0,0,0,0,0,85.8,39.0
8921,L18920,L,301.3,310.0,1168.0,41.3,192.0,0,No Failure,0,0,0,0,0,73.6,33.5
613,H10612,H,300.2,309.8,1247.0,37.1,60.0,0,No Failure,0,0,0,0,0,178.7,81.2
3919,M13918,M,301.7,313.1,1308.0,41.4,127.0,0,No Failure,0,0,0,0,0,135.2,61.5
6313,H16312,H,302.4,312.6,1168.0,60.9,220.0,1,OSF (Overstrain Failure),1,0,0,1,0,0.3,25.1
3828,L13827,L,299.0,310.2,1221.0,48.8,36.0,0,No Failure,0,0,0,0,0,193.6,88.0
7655,L17654,L,299.6,310.2,1168.0,43.2,59.0,0,No Failure,0,0,0,0,0,178.7,81.2
9102,M19101,M,299.2,309.2,1245.0,61.6,160.0,0,No Failure,0,0,0,0,0,95.4,43.4
606,M10605,M,305.1,316.7,1207.0,45.3,38.0,0,No Failure,0,0,0,0,0,193.8,88.1
1248,L11247,L,300.1,308.8,1326.0,44.0,23.0,0,No Failure,0,0,0,0,0,196.7,89.4
5379,L15378,L,299.8,309.4,1168.0,56.8,128.0,0,No Failure,0,0,0,0,0,115.7,52.6
5873,L15872,L,299.7,310.9,1546.0,21.4,87.0,0,No Failure,0,0,0,0,0,167.5,76.2
7122,L17121,L,300.0,309.6,1168.0,57.8,33.0,0,No Failure,0,0,0,0,0,181.9,82.7
5856,H15855,H,298.6,308.5,1168.0,53.9,30.0,0,No Failure,0,0,0,0,0,197.5,89.8
2053,L12052,L,298.6,307.7,1238.0,29.5,188.0,0,No Failure,0,0,0,0,0,95.6,43.5
2191,L12190,L,299.4,310.6,1169.0,45.2,200.0,0,No Failure,0,0,0,0,0,77.8,35.3
9100,H19099,H,298.7,308.2,1168.0,36.7,153.0,0,No Failure,0,0,0,0,0,118.7,53.9
9335,M19334,M,303.0,312.9,1168.0,38.0,79.0,0,No Failure,0,0,0,0,0,167.6,76.2
2798,L12797,L,298.2,309.0,1474.0,22.2,60.0,1,PWF (Power Failure),0,0,1,0,0,4.6,79.7
3751,L13750,L,302.8,310.5,1329.0,32.3,194.0,1,HDF (Heat Dissipation),0,1,0,0,0,0.4,38.5
2593,M12592,M,300.7,310.6,1305.0,17.8,216.0,1,PWF (Power Failure),0,0,1,0,0,5.6,36.9
6845,M16844,M,294.7,304.0,1168.0,35.6,5.0,0,No Failure,0,0,0,0,0,209.1,95.1
3151,L13150,L,300.0,309.6,1168.0,53.6,117.0,0,No Failure,0,0,0,0,0,129.8,59.0
8410,M18409,M,301.5,312.3,1281.0,33.4,33.0,0,No Failure,0,0,0,0,0,199.4,90.6
5331,M15330,M,301.4,311.5,1279.0,39.1,173.0,0,No Failure,0,0,0,0,0,106.7,48.5
2716,L12715,L,298.5,306.5,1181.0,48.3,208.0,1,HDF (Heat Dissipation),0,1,0,0,0,4.9,21.0
6735,L16734,L,298.6,309.2,1168.0,43.6,77.0,0,No Failure,0,0,0,0,0,166.0,75.4
3342,H13341,H,299.5,310.0,1168.0,57.2,95.0,0,No Failure,0,0,0,0,0,150.6,68.5
6516,L16515,L,296.6,305.6,1168.0,52.4,3.0,0,No Failure,0,0,0,0,0,206.7,94.0
9991,L19990,L,299.3,309.6,1421.0,27.4,81.0,0,No Failure,0,0,0,0,0,171.0,77.7
598,M10597,M,301.3,312.4,1168.0,42.5,4.0,0,No Failure,0,0,0,0,0,217.3,98.8
1142,M11141,M,299.7,310.8,1168.0,50.0,95.0,0,No Failure,0,0,0,0,0,152.1,69.1
5646,L15645,L,301.2,302.0,1219.0,52.9,134.0,0,No Failure,0,0,0,0,0,118.5,53.9
9879,L19878,L,300.2,311.2,1203.0,42.7,145.0,0,No Failure,0,0,0,0,0,119.1,54.1
8562,L18561,L,300.5,309.4,1250.0,43.9,-188.0,0,No Failure,0,0,0,0,0,135.1,61.4
1118,M11117,M,299.4,310.05,1456.0,40.0,6.0,0,No Failure,0,0,0,0,0,216.0,98.2
5674,M15673,M,298.7,309.5,1386.0,37.9,9.0,0,No Failure,0,0,0,0,0,214.2,97.3
3973,M13972,M,300.6,311.0,1495.0,22.7,75.0,0,No Failure,0,0,0,0,0,170.9,77.7
339,L10338,L,298.5,307.9,1295.0,32.4,30.0,0,No Failure,0,0,0,0,0,196.9,89.5
860,M10859,M,298.9,308.3,1168.0,45.9,9.0,0,No Failure,0,0,0,0,0,207.2,94.2
693,L10692,L,300.3,310.9,1182.0,27.7,128.0,0,No Failure,0,0,0,0,0,142.4,64.7
3692,M13691,M,302.8,314.8,1168.0,42.7,211.0,1,TWF (Tool Wear Failure),1,0,0,0,0,4.3,35.3
2848,L12847,L,303.8,314.4,1168.0,42.0,0.0,0,No Failure,0,0,0,0,0,220.0,100.0
3979,L13978,L,300.0,309.2,1377.0,43.9,92.0,0,No Failure,0,0,0,0,0,152.7,69.4
9104,M19103,M,298.5,308.0,1546.0,49.4,165.0,0,No Failure,0,0,0,0,0,102.6,46.6
2245,L12244,L,294.5,304.1,1255.0,33.9,149.0,0,No Failure,0,0,0,0,0,120.7,54.9
1115,H11114,H,298.7,308.6,1213.0,39.7,216.0,0,No Failure,0,0,0,0,0,80.4,36.5
4262,H14261,H,300.2,308.6,1168.0,38.4,187.0,1,HDF (Heat Dissipation),0,1,0,0,0,0.0,38.0
323,L10322,L,300.6,312.2,1168.0,43.7,191.0,0,No Failure,0,0,0,0,0,85.9,39.0
6714,M16713,M,297.3,306.7,1168.0,48.5,7.0,0,No Failure,0,0,0,0,0,208.5,94.8
9405,M19404,M,292.925,303.6,1168.0,33.6,117.0,0,No Failure,0,0,0,0,0,146.9,66.8
2472,H12471,H,298.8,309.1,1168.0,49.0,28.0,0,No Failure,0,0,0,0,0,200.7,91.2
2609,M12608,M,301.6,312.0,1410.0,32.5,106.0,0,No Failure,0,0,0,0,0,192.8,87.6
61,M10060,M,299.5,308.4,1168.0,46.6,202.0,0,No Failure,0,0,0,0,0,67.2,30.6
5467,M15466,M,301.7,311.9,1168.0,39.0,217.0,1,TWF (Tool Wear Failure),1,0,0,0,0,1.9,35.4
104,H10103,H,301.5,310.5,1418.0,38.0,105.0,0,No Failure,0,0,0,0,0,152.1,69.2
5595,M15594,M,303.3,314.1,1257.0,24.2,184.0,1,PWF (Power Failure),0,0,1,0,0,0.4,44.4
1302,M11301,M,300.5,312.0,1168.0,35.0,209.0,0,No Failure,0,0,0,0,0,87.8,39.9
7363,H17362,H,299.6,307.9,1215.0,54.8,173.0,1,HDF (Heat Dissipation),0,1,0,0,0,8.0,35.5
8653,H18652,H,299.2,309.0,1168.0,44.3,194.0,0,No Failure,0,0,0,0,0,88.8,40.4
3443,L13442,L,300.0,309.7,1522.0,29.2,0.0,0,No Failure,0,0,0,0,0,220.0,100.0
1955,H11954,H,297.0,306.6,1168.0,44.5,69.0,0,No Failure,0,0,0,0,0,169.7,77.1
225,L10224,L,301.9,311.2,1168.0,41.7,81.0,0,No Failure,0,0,0,0,0,156.4,71.1
1175,M11174,M,300.9,310.4,1346.0,23.4,215.0,1,PWF (Power Failure),1,0,1,0,0,5.8,37.1
4847,L14846,L,298.8,309.9,1168.0,32.3,146.0,0,No Failure,0,0,0,0,0,127.5,57.9
4160,L14159,L,298.7,308.8,1228.0,45.5,56.0,0,No Failure,0,0,0,0,0,180.1,81.9
6783,M16782,M,307.1,308.6,1168.0,42.3,106.0,0,No Failure,0,0,0,0,0,202.3,91.9
2115,L12114,L,302.9,310.5,1168.0,46.6,167.0,1,HDF (Heat Dissipation),0,1,0,0,0,5.5,33.4
2280,M12279,M,301.1,310.1,1168.0,40.7,49.0,0,No Failure,0,0,0,0,0,176.5,80.2
8481,L18480,L,303.0,311.3,1213.0,40.15,59.0,1,HDF (Heat Dissipation),0,1,0,0,0,5.4,70.9
7779,L17778,L,299.7,310.0,908.0,49.9,36.0,0,No Failure,0,0,0,0,0,193.4,87.9
9583,L19582,L,297.2,309.1,1336.0,33.0,37.0,0,No Failure,0,0,0,0,0,196.4,89.3
2150,L12149,L,297.7,306.7,1168.0,40.5,58.0,0,No Failure,0,0,0,0,0,169.4,77.0
9761,H19760,H,299.5,309.2,1168.0,36.8,206.0,0,No Failure,0,0,0,0,0,87.6,39.8
5008,M15007,M,300.5,308.8,1227.0,35.7,8.0,1,HDF (Heat Dissipation),0,1,0,0,0,0.9,90.1
3855,M13854,M,301.3,311.6,1407.0,27.8,120.0,0,No Failure,0,0,0,0,0,148.9,67.7
8436,M18435,M,300.2,311.8,1168.0,43.5,133.0,0,No Failure,0,0,0,0,0,129.7,58.9
604,M10603,M,298.7,307.9,1384.0,37.7,28.0,0,No Failure,0,0,0,0,0,199.6,90.7
4378,L14377,L,299.1,307.6,1241.0,38.0,161.0,1,HDF (Heat Dissipation),0,1,0,0,0,5.8,44.8
6669,L16668,L,298.2,309.8,1168.0,52.7,64.0,0,No Failure,0,0,0,0,0,171.6,78.0
2008,L12007,L,299.8,309.2,1226.0,25.6,48.0,1,PWF (Power Failure),0,0,1,0,0,6.8,77.9
6502,L16501,L,302.9,312.8,1168.0,60.5,173.0,0,No Failure,0,0,0,0,0,80.0,36.4
9060,H19059,H,299.5,310.8,1250.0,36.9,28.0,0,No Failure,0,0,0,0,0,202.4,92.0
6298,M16297,M,300.8,312.3,1168.0,49.8,168.0,0,No Failure,0,0,0,0,0,100.1,45.5
2101,M12100,M,298.4,308.2,1168.0,44.6,114.0,0,No Failure,0,0,0,0,0,139.7,63.5
5189,H15188,H,298.5,307.4,1546.0,14.8,166.0,1,PWF (Power Failure),0,0,1,0,0,3.3,51.1
8188,L18187,L,305.4,314.8,1062.0,24.5,141.0,0,No Failure,0,0,0,0,0,137.2,62.4
8806,M18805,M,297.7,302.0,1211.0,41.6,17.0,0,No Failure,0,0,0,0,0,208.6,94.8
6095,H16094,H,301.3,311.9,1168.0,47.5,156.0,0,No Failure,0,0,0,0,0,113.7,51.7
1533,M11532,M,301.7,310.8,1168.0,49.6,147.0,0,No Failure,0,0,0,0,0,105.3,47.9
3528,L13527,L,299.5,309.4,1292.0,77.58,88.0,0,No Failure,0,0,0,0,0,158.3,71.9
9161,L19160,L,299.8,310.4,1208.0,28.2,147.0,0,No Failure,0,0,0,0,0,124.0,56.4
8388,M18387,M,302.3,311.9,1168.0,44.9,176.0,0,No Failure,0,0,0,0,0,94.7,43.0
7354,M17353,M,300.0,311.0,1168.0,46.3,147.0,0,No Failure,0,0,0,0,0,117.9,53.6
2272,M12271,M,298.3,308.3,1396.0,59.1,20.0,0,No Failure,0,0,0,0,0,201.6,91.6
5482,L15481,L,300.0,310.9,1207.0,48.6,44.0,0,No Failure,0,0,0,0,0,181.4,82.5
8670,H18669,H,301.0,311.3,1262.0,27.3,11.0,0,No Failure,0,0,0,0,0,208.4,94.7
662,H10661,H,303.1,313.2,1168.0,38.2,20.0,0,No Failure,0,0,0,0,0,207.3,94.2
2268,M12267,M,299.0,310.1,1214.0,31.8,3.0,0,No Failure,0,0,0,0,0,218.2,99.2
3954,M13953,M,301.7,312.6,1254.0,39.7,16.0,0,No Failure,0,0,0,0,0,210.4,95.6
2893,M12892,M,301.3,309.6,1280.0,34.4,134.0,1,HDF (Heat Dissipation),0,1,0,0,0,4.9,55.9
9603,M19602,M,298.8,308.6,1168.0,50.0,105.0,0,No Failure,0,0,0,0,0,142.7,64.9
8220,H18219,H,299.8,309.1,1168.0,34.8,31.0,0,No Failure,0,0,0,0,0,193.2,87.8
8967,M18966,M,303.0,311.7,1236.0,36.5,119.0,0,No Failure,0,0,0,0,0,131.5,59.8
9083,L19082,L,299.0,308.3,1168.0,47.4,102.0,0,No Failure,0,0,0,0,0,138.4,62.9
7371,L17370,L,299.9,309.4,1182.0,52.6,207.0,0,No Failure,0,0,0,0,0,58.1,26.4
7199,M17198,M,296.6,305.6,1374.0,51.6,77.0,0,No Failure,0,0,0,0,0,160.9,73.1
4360,M14359,M,299.9,310.1,1168.0,51.7,105.0,0,No Failure,0,0,0,0,0,143.9,65.4
6922,M16921,M,296.3,305.5,1498.0,45.2,25.0,0,No Failure,0,0,0,0,0,202.8,92.2
994,L10993,L,301.4,311.9,1168.0,47.0,20.0,0,No Failure,0,0,0,0,0,205.6,93.4
4624,H14623,H,296.9,306.2,1412.0,27.5,94.0,0,No Failure,0,0,0,0,0,164.3,74.7
2189,L12188,L,298.3,308.8,1225.0,48.7,193.0,0,No Failure,0,0,0,0,0,78.7,35.8
3421,H13420,H,302.5,311.9,1196.0,47.5,140.0,0,No Failure,0,0,0,0,0,118.0,53.7
6046,L16045,L,299.7,309.2,1223.0,58.3,228.0,1,OSF (Overstrain Failure),1,0,0,1,0,3.9,17.6
5450,L15449,L,300.1,307.6,1338.0,24.8,161.0,1,HDF (Heat Dissipation),0,1,1,0,0,4.5,47.2
9374,H19373,H,298.0,308.9,1168.0,54.3,6.0,0,No Failure,0,0,0,0,0,215.7,98.0
1617,L11616,L,300.0,307.2,1168.0,37.8,0.0,0,No Failure,0,0,0,0,0,218.9,99.5
9053,H19052,H,298.2,306.8,1197.0,41.5,207.0,0,No Failure,0,0,0,0,0,69.9,31.8
17,M10016,M,300.3,309.2,1168.0,41.5,58.0,0,No Failure,0,0,0,0,0,169.1,76.9
3381,L13380,L,304.1,312.7,1266.0,30.3,222.0,1,HDF (Heat Dissipation),0,1,0,0,0,7.5,32.1
7412,M17411,M,298.0,305.9,1168.0,51.6,130.0,1,HDF (Heat Dissipation),0,1,0,0,0,6.1,46.7
9951,L19950,L,300.0,310.7,1168.0,16.3,176.0,1,PWF (Power Failure),0,0,1,0,0,5.9,47.0
1284,M11283,M,300.2,308.6,1168.0,40.0,155.0,1,HDF (Heat Dissipation),0,1,0,0,0,1.0,45.5
1852,H11851,H,298.9,308.1,1532.0,27.5,138.0,0,No Failure,0,0,0,0,0,140.0,63.6
3123,L13122,L,300.7,311.4,1168.0,34.4,20.0,0,No Failure,0,0,0,0,0,207.1,94.1
2563,M12562,M,300.7,311.6,1187.0,49.7,402.0,0,No Failure,0,0,0,0,0,141.5,64.3
7515,M17514,M,303.1,313.7,1210.0,28.1,15.0,0,No Failure,0,0,0,0,0,204.5,93.0
1699,H11698,H,295.2,305.9,1303.0,45.7,330.0,0,No Failure,0,0,0,0,0,179.7,81.7
7323,L17322,L,298.3,306.8,1168.0,57.1,40.0,1,HDF (Heat Dissipation),0,1,0,0,0,4.7,78.3
2307,M12306,M,303.5,313.0,1333.0,30.1,134.0,0,No Failure,0,0,0,0,0,136.3,61.9
7479,L17478,L,300.2,311.1,1254.0,28.9,122.0,0,No Failure,0,0,0,0,0,145.0,65.9
3927,M13926,M,296.4,304.4,1168.0,26.3,154.0,1,HDF (Heat Dissipation),0,1,1,0,0,5.9,41.8
523,L10522,L,302.6,313.0,1225.0,38.7,201.0,0,No Failure,0,0,0,0,0,84.9,38.6
959,L10958,L,300.6,310.8,1251.0,50.5,118.0,0,No Failure,0,0,0,0,0,132.3,60.1
9255,H19254,H,300.3,310.5,1207.0,39.9,20.0,0,No Failure,0,0,0,0,0,207.1,94.2
6789,M16788,M,300.3,309.5,1168.0,32.3,27.0,0,No Failure,0,0,0,0,0,194.5,88.4
5898,H15897,H,302.0,311.9,1168.0,37.7,164.0,0,No Failure,0,0,0,0,0,115.4,52.4
6554,L16553,L,299.4,310.3,1236.0,45.6,129.0,0,No Failure,0,0,0,0,0,127.9,58.2
1986,H11985,H,300.5,310.2,1291.0,22.7,179.0,1,PWF (Power Failure),0,0,1,0,0,7.9,44.7
8055,H18054,H,301.8,312.3,1520.0,25.3,126.0,0,No Failure,0,0,0,0,0,148.4,67.4
6086,H16085,H,301.9,312.7,1282.0,35.7,125.0,0,No Failure,0,0,0,0,0,142.3,64.7
1301,L11300,L,301.8,313.1,1342.0,2.52,207.0,0,No Failure,0,0,0,0,0,77.3,35.1
630,H10629,H,301.3,311.6,1370.0,28.2,120.0,0,No Failure,0,0,0,0,0,150.0,68.2
9798,L19797,L,302.5,310.7,1168.0,36.0,88.0,1,HDF (Heat Dissipation),0,1,0,0,0,4.4,64.8
3732,H13731,H,299.4,310.7,1168.0,40.9,130.0,0,No Failure,0,0,0,0,0,135.8,61.7
5811,M15810,M,302.5,311.8,1392.0,35.4,91.0,0,No Failure,0,0,0,0,0,160.5,72.9
5954,L15953,L,299.2,310.3,1317.0,33.1,138.0,0,No Failure,0,0,0,0,0,131.9,59.9
1748,M11747,M,297.3,307.1,1168.0,34.6,14.0,0,No Failure,0,0,0,0,0,209.0,95.0
826,L10825,L,299.8,310.6,1332.0,51.4,111.0,0,No Failure,0,0,0,0,0,136.9,62.2
2085,M12084,M,299.4,309.3,1168.0,41.7,69.0,0,No Failure,0,0,0,0,0,172.7,78.5
4396,L14395,L,298.6,309.3,1203.0,29.6,221.0,0,No Failure,0,0,0,0,0,81.6,37.1
7306,L17305,L,297.9,308.2,1168.0,42.7,213.0,1,TWF (Tool Wear Failure),1,0,0,0,0,2.4,32.6
2999,H12998,H,305.1,312.9,1168.0,56.6,52.0,1,HDF (Heat Dissipation),0,1,0,0,0,5.4,71.8
8864,M18863,M,300.6,311.9,1168.0,40.9,13.0,0,No Failure,0,0,0,0,0,211.4,96.1
5367,L15366,L,303.6,313.2,1286.0,27.2,84.0,0,No Failure,0,0,0,0,0,162.7,73.9
2535,H12534,H,303.0,312.2,1168.0,47.7,21.0,0,No Failure,0,0,0,0,0,196.9,89.5
4128,L14127,L,298.9,308.2,1168.0,51.3,170.0,0,No Failure,0,0,0,0,0,85.2,38.7
7071,M17070,M,296.2,307.4,1341.0,39.9,91.0,0,No Failure,0,0,0,0,0,160.0,72.7
7011,L17010,L,299.1,309.0,1168.0,28.8,120.0,0,No Failure,0,0,0,0,0,137.7,62.6
9142,H19141,H,303.6,314.9,1546.0,49.7,84.0,0,No Failure,0,0,0,0,0,161.8,73.6
3375,M13374,M,300.5,309.9,1297.0,28.7,201.0,0,No Failure,0,0,0,0,0,95.8,43.5
4618,M14617,M,301.1,311.4,1273.0,23.3,72.0,1,PWF (Power Failure),0,0,1,0,0,5.0,72.7
1920,H11919,H,302.2,311.7,1340.0,33.5,164.0,0,No Failure,0,0,0,0,0,117.5,53.4
1578,H11577,H,297.5,308.0,1288.0,77.07,79.0,0,No Failure,0,0,0,0,0,172.0,78.2
530,L10529,L,299.7,309.0,1199.0,42.4,226.0,1,TWF (Tool Wear Failure),1,0,0,0,0,0.4,25.2
4661,M14660,M,299.6,308.9,1262.0,41.1,219.0,0,No Failure,0,0,0,0,0,68.3,31.1
9050,L19049,L,298.0,306.2,1168.0,35.0,199.0,1,HDF (Heat Dissipation),0,1,0,0,0,7.7,32.2
8277,L18276,L,303.8,311.6,1347.0,37.0,20.0,1,HDF (Heat Dissipation),0,1,0,0,0,6.3,89.4
3916,L13915,L,299.2,308.7,1413.0,32.6,117.0,0,No Failure,0,0,0,0,0,144.8,65.8
6582,M16581,M,297.0,307.2,1168.0,51.4,228.0,0,No Failure,0,0,0,0,0,55.2,25.1
1880,M11879,M,296.2,305.6,1168.0,41.4,39.0,0,No Failure,0,0,0,0,0,187.4,85.2
9528,L19527,L,297.6,307.4,1168.0,48.3,89.0,0,No Failure,0,0,0,0,0,152.8,69.5
6501,H16500,H,298.5,309.8,1247.0,39.2,168.0,0,No Failure,0,0,0,0,0,112.6,51.2
7131,L17130,L,300.4,310.9,1168.0,44.3,66.0,0,No Failure,0,0,0,0,0,173.4,78.8
8294,L18293,L,300.0,307.7,1177.0,28.9,76.0,0,No Failure,0,0,0,0,0,163.5,74.3
9939,M19938,M,297.4,308.3,1342.0,22.9,135.0,1,PWF (Power Failure),0,0,1,0,0,1.8,58.0
2991,M12990,M,301.2,312.2,1187.0,77.58,24.0,0,No Failure,0,0,0,0,0,203.7,92.6
9775,M19774,M,292.925,308.3,1168.0,46.9,15.0,0,No Failure,0,0,0,0,0,199.6,90.7
1339,H11338,H,299.5,308.6,1168.0,29.5,127.0,0,No Failure,0,0,0,0,0,129.9,59.1
8575,H18574,H,302.7,311.8,1515.0,20.4,155.0,1,PWF (Power Failure),0,0,1,0,0,5.7,54.7
1299,M11298,M,298.1,307.0,1168.0,40.0,201.0,0,No Failure,0,0,0,0,0,75.2,34.2
6976,L16975,L,296.5,305.9,1168.0,42.1,205.0,0,No Failure,0,0,0,0,0,71.4,32.5
7218,M17217,M,296.9,307.4,1168.0,45.1,142.0,0,No Failure,0,0,0,0,0,122.3,55.6
3382,H13381,H,300.6,310.1,1168.0,48.5,0.0,0,No Failure,0,0,0,0,0,214.5,97.5
1585,M11584,M,301.1,302.0,1168.0,42.5,109.0,0,No Failure,0,0,0,0,0,137.8,62.6
8606,L18605,L,299.3,309.9,1275.0,44.9,42.0,0,No Failure,0,0,0,0,0,190.2,86.5
7527,M17526,M,298.4,309.4,1168.0,40.5,51.0,0,No Failure,0,0,0,0,0,186.2,84.6
2240,M12239,M,298.1,305.9,1168.0,39.3,135.0,1,HDF (Heat Dissipation),0,1,0,0,0,3.2,48.7
9825,L19824,L,297.8,308.7,1348.0,27.3,178.0,0,No Failure,0,0,0,0,0,112.5,51.1
3591,H13590,H,300.0,310.3,1168.0,40.4,96.0,0,No Failure,0,0,0,0,0,158.1,71.8
8843,L18842,L,296.8,307.3,1393.0,26.2,161.0,0,No Failure,0,0,0,0,0,123.9,56.3
8011,H18010,H,300.9,311.2,1168.0,40.7,191.0,0,No Failure,0,0,0,0,0,96.5,43.9
1029,M11028,M,299.0,309.8,1191.0,35.8,147.0,0,No Failure,0,0,0,0,0,126.4,57.4
4876,M14875,M,297.8,306.9,1298.0,38.8,106.0,0,No Failure,0,0,0,0,0,205.5,93.4
1746,M11745,M,298.7,309.6,1546.0,54.3,8.0,0,No Failure,0,0,0,0,0,214.1,97.3
5429,H15428,H,301.8,302.0,1461.0,29.3,82.0,0,No Failure,0,0,0,0,0,171.7,78.1
914,H10913,H,300.9,310.3,1435.0,17.3,188.0,1,PWF (Power Failure),0,0,1,0,0,7.7,44.7
1676,H11675,H,296.7,309.7,1194.0,38.0,204.0,0,No Failure,0,0,0,0,0,90.9,41.3
4546,L14545,L,298.5,308.2,1168.0,58.9,39.0,0,No Failure,0,0,0,0,0,185.8,84.4
3398,L13397,L,300.5,310.1,1218.0,32.3,60.0,0,No Failure,0,0,0,0,0,177.9,80.9
3949,H13948,H,300.5,311.7,1271.0,32.2,226.0,1,TWF (Tool Wear Failure),1,0,0,0,0,0.6,38.0
967,H10966,H,299.0,309.0,1514.0,22.1,142.0,0,No Failure,0,0,0,0,0,133.4,60.7
1793,L11792,L,300.4,309.5,1223.0,30.4,175.0,0,No Failure,0,0,0,0,0,102.1,46.4
8506,L18505,L,299.7,307.9,1168.0,40.4,148.0,1,HDF (Heat Dissipation),0,1,0,0,0,1.4,45.1
4587,M14586,M,301.0,310.2,908.0,32.4,187.0,0,No Failure,0,0,0,0,0,95.6,43.5
4403,L14402,L,299.7,309.6,1315.0,32.5,15.0,0,No Failure,0,0,0,0,0,209.9,95.4
4099,M14098,M,296.1,306.0,1168.0,53.7,61.0,0,No Failure,0,0,0,0,0,174.0,79.1
3439,L13438,L,300.0,316.6,1385.0,20.8,208.0,1,PWF (Power Failure),0,0,1,0,0,0.7,36.8
43,M10042,M,297.4,308.2,1209.0,30.8,143.0,0,No Failure,0,0,0,0,0,132.9,60.4
7544,H17543,H,300.7,310.5,1262.0,41.3,101.0,0,No Failure,0,0,0,0,0,152.7,69.4
9731,L19730,L,300.7,311.1,1168.0,45.7,101.0,0,No Failure,0,0,0,0,0,147.9,67.2
8023,H18022,H,302.7,313.0,1168.0,40.5,18.0,0,No Failure,0,0,0,0,0,208.4,94.7
6094,M16093,M,302.7,312.0,1168.0,46.9,152.0,0,No Failure,0,0,0,0,0,106.2,48.3
1481,L11480,L,297.9,307.5,1310.0,39.7,196.0,0,No Failure,0,0,0,0,0,84.6,38.5
2193,M12192,M,296.7,307.0,1176.0,50.3,206.0,0,No Failure,0,0,0,0,0,72.4,32.9
9429,M19428,M,299.8,309.2,1230.0,39.5,194.0,0,No Failure,0,0,0,0,0,86.7,39.4
6349,L16348,L,298.8,310.0,1297.0,55.1,123.0,0,No Failure,0,0,0,0,0,125.2,56.9
9008,M19007,M,297.4,307.7,1546.0,46.8,51.0,0,No Failure,0,0,0,0,0,184.4,83.8
549,M10548,M,301.3,310.9,908.0,45.5,58.0,0,No Failure,0,0,0,0,0,175.6,79.8
5343,H15342,H,303.2,314.1,1168.0,58.4,211.0,1,TWF (Tool Wear Failure),1,0,0,0,0,6.3,29.4
3690,L13689,L,300.3,310.2,1316.0,43.1,205.0,0,No Failure,0,0,0,0,0,76.2,34.6
2363,L12362,L,298.8,308.6,1168.0,42.2,104.0,0,No Failure,0,0,0,0,0,145.7,66.2
9776,L19775,L,302.8,314.1,1242.0,30.7,19.0,0,No Failure,0,0,0,0,0,208.1,94.6
2800,M12799,M,301.3,310.0,1546.0,9.0,65.0,1,PWF (Power Failure),0,0,1,0,0,1.9,75.5
6339,L16338,L,299.5,309.0,1168.0,29.5,82.0,0,No Failure,0,0,0,0,0,158.6,72.1
3159,H13158,H,298.3,308.5,1325.0,39.2,141.0,0,No Failure,0,0,0,0,0,129.9,59.0
5453,M15452,M,301.7,311.5,1176.0,32.0,171.0,0,No Failure,0,0,0,0,0,112.5,51.1
6779,L16778,L,297.2,307.1,1168.0,54.9,107.0,1,OSF (Overstrain Failure),1,0,0,1,0,3.7,22.9
1824,M11823,M,299.8,310.7,1225.0,44.1,52.0,0,No Failure,0,0,0,0,0,184.5,83.9
1952,L11951,L,296.6,305.9,1168.0,39.9,56.0,0,No Failure,0,0,0,0,0,174.3,79.2
7174,M17173,M,297.8,307.8,1168.0,41.5,206.0,0,No Failure,0,0,0,0,0,82.3,37.4
5529,H15528,H,300.6,310.4,1168.0,48.2,194.0,0,No Failure,0,0,0,0,0,85.0,38.6
6942,L16941,L,299.3,310.4,1261.0,34.7,91.0,0,No Failure,0,0,0,0,0,161.0,73.2
4658,L14657,L,296.5,305.7,1389.0,33.9,210.0,0,No Failure,0,0,0,0,0,82.7,37.6
144,M10143,M,300.9,312.7,1168.0,77.58,18.0,1,PWF (Power Failure),0,0,1,0,0,7.8,88.5
4408,L14407,L,297.9,307.5,1227.0,35.1,33.0,0,No Failure,0,0,0,0,0,194.6,88.5
9752,H19751,H,298.8,309.4,1354.0,32.6,175.0,0,No Failure,0,0,0,0,0,114.0,51.8
3432,M13431,M,298.1,307.5,1286.0,49.4,184.0,0,No Failure,0,0,0,0,0,84.7,38.5
7586,L17585,L,298.5,308.8,1219.0,38.2,25.0,0,No Failure,0,0,0,0,0,203.3,92.4
6917,L16916,L,300.1,309.8,1411.0,23.2,10.0,1,PWF (Power Failure),0,0,1,0,0,6.7,92.5
9070,L19069,L,298.2,309.6,1168.0,44.5,64.0,0,No Failure,0,0,0,0,0,174.8,79.4
3433,H13432,H,299.2,308.9,1274.0,23.1,188.0,1,PWF (Power Failure),0,0,1,0,0,5.8,42.3
6883,L16882,L,300.7,311.7,1307.0,39.6,116.0,0,No Failure,0,0,0,0,0,141.4,64.3
3895,H13894,H,299.7,311.4,1370.0,35.1,44.0,0,No Failure,0,0,0,0,0,192.8,87.6
4772,L14771,L,300.4,310.7,1168.0,39.0,136.0,0,No Failure,0,0,0,0,0,128.3,58.3
9,L10008,L,301.1,310.1,1546.0,23.3,31.0,0,No Failure,0,0,0,0,0,202.0,91.8
8919,H18918,H,300.4,318.2,1168.0,49.7,183.0,0,No Failure,0,0,0,0,0,93.3,42.4
6651,M16650,M,298.2,307.3,1168.0,45.1,213.0,0,No Failure,0,0,0,0,0,63.5,28.9
6686,L16685,L,298.3,310.0,1168.0,44.7,124.0,0,No Failure,0,0,0,0,0,132.2,60.1
3107,L13106,L,299.5,309.5,1168.0,36.3,194.0,0,No Failure,0,0,0,0,0,92.4,42.0
6981,H16980,H,300.6,309.4,1168.0,32.1,4.0,0,No Failure,0,0,0,0,0,204.4,92.9
5996,L15995,L,299.1,308.7,1372.0,43.2,43.0,0,No Failure,0,0,0,0,0,188.6,85.7
2642,M12641,M,302.5,311.1,1168.0,37.2,163.0,0,No Failure,0,0,0,0,0,99.5,45.2
1159,L11158,L,299.5,309.5,1168.0,30.5,156.0,0,No Failure,0,0,0,0,0,120.9,55.0
22,L10021,L,300.9,309.9,1168.0,44.4,75.0,0,No Failure,0,0,0,0,0,156.0,70.9
3684,L13683,L,302.3,311.4,1355.0,29.0,184.0,0,No Failure,0,0,0,0,0,103.3,46.9
7206,L17205,L,298.6,307.2,1168.0,46.6,103.0,1,HDF (Heat Dissipation),0,1,0,0,0,4.4,59.3
6908,H16907,H,298.4,309.1,1168.0,47.0,201.0,0,No Failure,0,0,0,0,0,83.6,38.0
5160,L15159,L,301.4,311.0,1168.0,40.2,77.0,0,No Failure,0,0,0,0,0,163.1,74.2
3845,H13844,H,299.0,308.8,1195.0,50.4,88.0,0,No Failure,0,0,0,0,0,156.6,71.2
5399,M15398,M,297.9,306.4,1168.0,40.4,195.0,1,HDF (Heat Dissipation),0,1,0,0,0,7.1,33.8
8369,L18368,L,300.4,311.4,1168.0,59.1,118.0,0,No Failure,0,0,0,0,0,126.2,57.4
397,H10396,H,299.3,311.1,1199.0,35.0,9.0,0,No Failure,0,0,0,0,0,214.4,97.5
7562,L17561,L,299.1,308.1,1175.0,37.4,165.0,0,No Failure,0,0,0,0,0,99.4,45.2
1368,L11367,L,297.2,309.6,1319.0,20.3,13.0,1,PWF (Power Failure),0,0,1,0,0,7.3,86.7
5659,L15658,L,304.0,314.2,1168.0,39.9,174.0,0,No Failure,0,0,0,0,0,101.8,46.3
7411,M17410,M,298.8,309.9,1231.0,43.0,126.0,0,No Failure,0,0,0,0,0,134.8,61.3
1539,H11538,H,298.2,308.0,1293.0,27.4,166.0,0,No Failure,0,0,0,0,0,120.0,54.6
4733,L14732,L,297.0,308.0,1193.0,50.6,7.0,0,No Failure,0,0,0,0,0,214.8,97.6
2917,L12916,L,298.2,308.1,1168.0,35.6,2.0,0,No Failure,0,0,0,0,0,217.6,98.9
6907,M16906,M,297.2,306.4,1168.0,40.5,198.0,0,No Failure,0,0,0,0,0,80.0,36.4
806,L10805,L,298.4,308.2,1168.0,53.1,40.0,0,No Failure,0,0,0,0,0,187.5,85.2
9507,M19506,M,298.9,310.0,1168.0,52.6,19.0,0,No Failure,0,0,0,0,0,206.1,93.7
1307,M11306,M,294.3,303.6,1177.0,36.8,-188.0,0,No Failure,0,0,0,0,0,200.7,91.2
1095,M11094,M,302.6,311.8,1422.0,27.3,150.0,0,No Failure,0,0,0,0,0,130.5,59.3
1176,M11175,M,297.7,309.2,1252.0,39.1,0.0,0,No Failure,0,0,0,0,0,220.0,100.0
7987,H17986,H,300.4,308.3,1168.0,43.1,96.0,1,HDF (Heat Dissipation),0,1,0,0,0,2.9,60.8
1869,M11868,M,295.5,305.5,1168.0,46.4,205.0,1,TWF (Tool Wear Failure),1,0,0,0,0,3.2,35.2
5065,H15064,H,298.1,307.5,1252.0,77.58,191.0,1,PWF (Power Failure),0,0,1,0,0,1.5,43.4
5439,H15438,H,301.1,311.5,1168.0,55.0,119.0,0,No Failure,0,0,0,0,0,134.4,61.1
2224,L12223,L,300.7,311.6,1475.0,27.1,107.0,0,No Failure,0,0,0,0,0,170.0,77.3
2762,H12761,H,303.3,313.0,1168.0,5.19,144.0,0,No Failure,0,0,0,0,0,113.6,51.7
6032,L16031,L,299.5,310.8,1188.0,39.2,178.0,0,No Failure,0,0,0,0,0,99.8,45.4
6458,M16457,M,299.5,308.6,1263.0,22.0,18.0,1,PWF (Power Failure),0,0,1,0,0,0.9,82.0
3658,L13657,L,299.5,308.5,1168.0,50.0,103.0,0,No Failure,0,0,0,0,0,132.8,60.4
4927,L14926,L,298.3,308.9,1168.0,59.6,174.0,0,No Failure,0,0,0,0,0,81.2,36.9
5036,L15035,L,292.925,309.7,1546.0,24.5,96.0,0,No Failure,0,0,0,0,0,163.6,74.4
2509,M12508,M,298.4,308.3,1546.0,16.4,162.0,1,PWF (Power Failure),0,0,1,0,0,5.9,51.0
9592,L19591,L,300.4,308.9,1217.0,49.2,70.0,1,HDF (Heat Dissipation),0,1,0,0,0,1.8,69.6
1022,M11021,M,302.0,302.0,1168.0,47.5,119.0,0,No Failure,0,0,0,0,0,132.2,60.1
6345,L16344,L,301.1,311.8,1546.0,46.0,109.0,0,No Failure,0,0,0,0,0,142.0,64.5
1445,L11444,L,298.9,308.2,1208.0,46.1,71.0,0,No Failure,0,0,0,0,0,161.7,73.5
5523,L15522,L,300.5,309.8,1168.0,50.1,175.0,0,No Failure,0,0,0,0,0,82.7,37.6
5521,L15520,L,303.3,314.5,1380.0,34.8,170.0,0,No Failure,0,0,0,0,0,109.7,49.9
9837,L19836,L,300.8,310.5,1188.0,36.8,217.0,1,TWF (Tool Wear Failure),1,0,0,0,0,0.6,33.3
256,M10255,M,303.0,313.4,1168.0,36.8,190.0,0,No Failure,0,0,0,0,0,97.9,44.5
1317,M11316,M,302.4,313.7,1168.0,50.7,53.0,0,No Failure,0,0,0,0,0,181.9,82.7
8925,L18924,L,299.0,308.4,1401.0,36.7,203.0,0,No Failure,0,0,0,0,0,84.7,38.5
3721,M13720,M,299.8,309.7,1168.0,61.6,85.0,0,No Failure,0,0,0,0,0,152.7,69.4
3530,L13529,L,302.2,313.5,1168.0,36.9,96.0,0,No Failure,0,0,0,0,0,156.5,71.1
1929,L11928,L,298.8,309.5,1202.0,53.5,192.0,0,No Failure,0,0,0,0,0,73.9,33.6
3642,L13641,L,302.1,314.0,1168.0,54.7,54.0,0,No Failure,0,0,0,0,0,178.5,81.1
2481,M12480,M,298.6,308.7,1238.0,38.2,59.0,0,No Failure,0,0,0,0,0,181.6,82.6
439,M10438,M,304.0,313.7,1168.0,45.0,166.0,0,No Failure,0,0,0,0,0,102.6,46.6
6114,H16113,H,301.4,309.8,1168.0,57.0,5.0,1,HDF (Heat Dissipation),0,1,0,0,0,5.6,90.3
6424,M16423,M,299.7,312.4,1258.0,32.1,139.0,0,No Failure,0,0,0,0,0,134.3,61.0
4666,L14665,L,298.9,309.4,1279.0,55.3,9.0,0,No Failure,0,0,0,0,0,213.1,96.8
6546,H16545,H,302.4,313.9,1168.0,39.3,98.0,0,No Failure,0,0,0,0,0,153.7,69.9
8126,L18125,L,301.9,313.1,1224.0,41.5,140.0,0,No Failure,0,0,0,0,0,123.5,56.2
1987,L11986,L,298.7,310.0,1258.0,40.7,184.0,0,No Failure,0,0,0,0,0,94.1,42.8
4394,M14393,M,299.7,309.7,1203.0,42.1,215.0,1,TWF (Tool Wear Failure),1,0,0,0,0,2.9,34.4
7645,M17644,M,297.5,307.1,1209.0,37.0,28.0,0,No Failure,0,0,0,0,0,197.7,89.9
6186,M16185,M,299.4,309.8,1168.0,36.8,6.0,0,No Failure,0,0,0,0,0,216.1,98.2
20,M10019,M,301.9,310.4,1168.0,48.3,68.0,1,HDF (Heat Dissipation),0,1,0,0,0,1.4,70.7
3827,L13826,L,300.0,308.0,1239.0,27.9,33.0,1,HDF (Heat Dissipation),0,1,0,0,0,5.3,80.2
1133,L11132,L,301.9,311.5,1168.0,57.3,65.0,0,No Failure,0,0,0,0,0,164.7,74.8
9029,L19028,L,307.1,309.2,1168.0,45.8,136.0,0,No Failure,0,0,0,0,0,116.2,52.8
2226,L12225,L,298.5,308.2,1168.0,39.3,91.0,0,No Failure,0,0,0,0,0,155.2,70.5
8177,M18176,M,299.2,307.9,1168.0,41.9,108.0,0,No Failure,0,0,0,0,0,133.3,60.6
1398,H11397,H,297.1,305.3,1168.0,36.3,124.0,1,HDF (Heat Dissipation),0,1,0,0,0,6.3,55.8
8422,H18421,H,301.3,310.3,1210.0,46.7,79.0,0,No Failure,0,0,0,0,0,155.9,70.9
1604,H11603,H,296.7,306.6,1168.0,57.2,173.0,0,No Failure,0,0,0,0,0,92.5,42.1
6126,L16125,L,298.7,308.2,1184.0,46.8,43.0,0,No Failure,0,0,0,0,0,183.5,83.4
6101,M16100,M,302.4,311.9,1168.0,47.8,175.0,0,No Failure,0,0,0,0,0,91.5,41.6
5345,L15344,L,298.1,307.7,1303.0,36.2,3.0,0,No Failure,0,0,0,0,0,215.4,97.9
2425,H12424,H,301.2,310.2,1283.0,34.4,90.0,0,No Failure,0,0,0,0,0,157.3,71.5
4364,H14363,H,297.8,310.6,1369.0,31.9,119.0,0,No Failure,0,0,0,0,0,148.4,67.4
2229,L12228,L,300.8,312.0,1168.0,50.3,99.0,0,No Failure,0,0,0,0,0,146.6,66.6
5290,M15289,M,298.9,308.1,1216.0,49.2,37.0,0,No Failure,0,0,0,0,0,185.5,84.3
5550,L15549,L,298.7,308.2,1168.0,40.9,41.0,0,No Failure,0,0,0,0,0,186.4,84.7
4730,L14729,L,296.4,305.3,1267.0,38.2,213.0,1,TWF (Tool Wear Failure),1,0,0,0,0,3.6,31.2
4237,L14236,L,299.3,309.3,1383.0,34.2,94.0,0,No Failure,0,0,0,0,0,159.4,72.4
7482,H17481,H,299.3,310.3,1168.0,31.8,133.0,0,No Failure,0,0,0,0,0,140.0,63.6
2867,L12866,L,300.2,311.0,1168.0,48.8,54.0,0,No Failure,0,0,0,0,0,180.4,82.0
7177,L17176,L,299.9,309.2,1168.0,50.2,5.0,0,No Failure,0,0,0,0,0,208.6,94.8
6435,M16434,M,301.8,310.2,1168.0,45.4,173.0,1,HDF (Heat Dissipation),0,1,0,0,0,2.7,37.8
6000,H15999,H,297.7,306.3,1365.0,46.1,60.0,0,No Failure,0,0,0,0,0,174.3,79.2
9026,M19025,M,301.1,311.4,1168.0,77.58,123.0,0,No Failure,0,0,0,0,0,126.2,57.3
8118,L18117,L,303.4,313.8,1401.0,28.1,116.0,0,No Failure,0,0,0,0,0,149.4,67.9
5890,L15889,L,301.5,310.5,1522.0,30.1,137.0,0,No Failure,0,0,0,0,0,135.0,61.4
3175,M13174,M,300.8,309.7,1364.0,33.1,199.0,0,No Failure,0,0,0,0,0,92.0,41.8
4444,H14443,H,296.4,307.0,1168.0,28.3,148.0,1,PWF (Power Failure),0,0,1,0,0,5.9,56.5
8166,M18165,M,300.8,309.8,1168.0,50.2,66.0,0,No Failure,0,0,0,0,0,161.7,73.5
8164,L18163,L,299.3,311.0,1168.0,33.4,61.0,0,No Failure,0,0,0,0,0,180.9,82.2
7449,L17448,L,300.4,309.1,1168.0,52.7,28.0,0,No Failure,0,0,0,0,0,184.5,83.9
1441,L11440,L,301.2,310.1,1175.0,41.3,60.0,0,No Failure,0,0,0,0,0,166.6,75.7
6171,H16170,H,299.5,309.0,1420.0,38.8,185.0,0,No Failure,0,0,0,0,0,101.5,46.1
7355,L17354,L,299.3,308.7,1168.0,60.3,150.0,0,No Failure,0,0,0,0,0,93.1,42.3
6862,H16861,H,299.3,310.3,1314.0,42.6,53.0,0,No Failure,0,0,0,0,0,185.2,84.2
8981,M18980,M,297.1,308.9,1168.0,77.58,170.0,0,No Failure,0,0,0,0,0,109.8,49.9
4705,L14704,L,299.8,307.6,1205.0,49.5,138.0,1,HDF (Heat Dissipation),0,1,0,0,0,1.9,43.0
1787,L11786,L,296.5,307.9,1328.0,32.2,153.0,0,No Failure,0,0,0,0,0,123.1,56.0
5194,M15193,M,303.7,314.1,1168.0,49.3,185.0,0,No Failure,0,0,0,0,0,88.4,40.2
103,L10102,L,300.7,311.2,1168.0,40.3,103.0,0,No Failure,0,0,0,0,0,149.8,68.1
3701,H13700,H,297.5,307.6,1168.0,44.4,8.0,0,No Failure,0,0,0,0,0,214.7,97.6
2078,L12077,L,297.0,306.6,1238.0,44.2,50.0,0,No Failure,0,0,0,0,0,181.0,82.3
9357,H19356,H,299.9,309.8,1490.0,36.3,153.0,0,No Failure,0,0,0,0,0,124.5,56.6
1027,H11026,H,298.4,306.8,1253.0,29.7,138.0,1,HDF (Heat Dissipation),0,1,0,0,0,6.9,56.6
5353,M15352,M,298.0,307.2,1495.0,17.2,28.0,1,PWF (Power Failure),0,0,1,0,0,3.5,83.2
2054,H12053,H,296.4,306.7,1190.0,41.1,191.0,0,No Failure,0,0,0,0,0,96.1,43.7
292,L10291,L,301.4,311.5,1262.0,48.5,82.0,0,No Failure,0,0,0,0,0,160.1,72.8
3328,H13327,H,300.2,310.4,1168.0,56.8,45.0,0,No Failure,0,0,0,0,0,187.2,85.1
4952,M14951,M,300.2,310.3,1168.0,25.4,45.0,1,PWF (Power Failure),0,0,1,0,0,4.5,79.5
9048,L19047,L,302.4,312.9,1258.0,50.1,192.0,0,No Failure,0,0,0,0,0,77.8,35.4
4256,L14255,L,300.6,311.6,1315.0,30.2,165.0,0,No Failure,0,0,0,0,0,117.5,53.4
9745,H19744,H,300.0,310.5,1287.0,30.9,146.0,0,No Failure,0,0,0,0,0,132.9,60.4
3051,H13050,H,299.1,309.7,1430.0,32.7,0.0,0,No Failure,0,0,0,0,0,220.0,100.0
815,L10814,L,303.8,313.8,1168.0,26.7,71.0,1,PWF (Power Failure),0,0,1,0,0,6.2,74.0
2892,H12891,H,303.7,314.2,1260.0,33.0,128.0,0,No Failure,0,0,0,0,0,142.2,64.7
2519,M12518,M,295.8,303.5,1245.0,44.5,192.0,1,HDF (Heat Dissipation),0,1,0,0,0,0.7,30.8
5017,M15016,M,301.8,313.0,1168.0,42.4,31.0,0,No Failure,0,0,0,0,0,199.1,90.5
889,L10888,L,304.4,315.2,1225.0,42.4,103.0,0,No Failure,0,0,0,0,0,148.5,67.5
9205,L19204,L,298.5,308.7,1168.0,40.4,107.0,0,No Failure,0,0,0,0,0,169.5,77.0
9035,L19034,L,298.5,308.6,1168.0,51.6,157.0,0,No Failure,0,0,0,0,0,102.3,46.5
9903,M19902,M,304.1,311.6,1168.0,55.3,12.0,1,HDF (Heat Dissipation),0,1,0,0,0,3.1,83.4
1461,M11460,M,296.7,306.9,1326.0,31.6,132.0,0,No Failure,0,0,0,0,0,139.0,63.2
5992,M15991,M,303.0,313.3,1190.0,32.7,25.0,0,No Failure,0,0,0,0,0,204.5,93.0
4054,L14053,L,298.0,308.2,1255.0,32.9,124.0,0,No Failure,0,0,0,0,0,141.0,64.1
2771,L12770,L,300.7,309.2,1351.0,24.3,178.0,1,HDF (Heat Dissipation),0,1,1,0,0,2.7,45.1
8184,L18183,L,304.8,313.6,1479.0,18.0,129.0,1,PWF (Power Failure),0,0,1,0,0,2.8,57.9
6144,M16143,M,300.3,311.0,1168.0,47.8,94.0,0,No Failure,0,0,0,0,0,153.9,70.0
2314,L12313,L,298.7,308.9,1168.0,44.3,162.0,0,No Failure,0,0,0,0,0,105.7,48.0
822,M10821,M,297.9,309.0,1254.0,37.1,97.0,0,No Failure,0,0,0,0,0,157.5,71.6
4512,M14511,M,302.0,311.7,1168.0,50.2,148.0,0,No Failure,0,0,0,0,0,110.7,50.3
4463,L14462,L,297.3,306.1,1221.0,49.5,210.0,1,TWF (Tool Wear Failure),1,0,0,0,0,3.6,24.2
2364,H12363,H,300.0,310.4,1168.0,41.7,106.0,0,No Failure,0,0,0,0,0,150.9,68.6
4778,L14777,L,300.8,312.6,1168.0,53.2,151.0,0,No Failure,0,0,0,0,0,105.4,47.9
3763,L13762,L,301.7,313.3,1209.0,55.5,22.0,0,No Failure,0,0,0,0,0,203.0,92.3
4270,M14269,M,298.4,308.2,1168.0,38.7,11.0,0,No Failure,0,0,0,0,0,210.6,95.7
3879,L13878,L,301.6,311.0,1168.0,47.2,195.0,0,No Failure,0,0,0,0,0,72.4,32.9
2810,L12809,L,301.8,309.7,1168.0,58.5,96.0,1,HDF (Heat Dissipation),0,1,0,0,0,7.4,55.0
7086,M17085,M,299.8,311.9,1456.0,35.4,147.0,0,No Failure,0,0,0,0,0,126.7,57.6
8596,M18595,M,300.6,308.8,1168.0,36.0,9.0,1,HDF (Heat Dissipation),0,1,0,0,0,0.1,88.4
3189,L13188,L,300.9,313.0,1268.0,27.6,31.0,0,No Failure,0,0,0,0,0,197.5,89.8
9800,L19799,L,300.5,309.8,1168.0,34.6,94.0,0,No Failure,0,0,0,0,0,151.4,68.8
6806,M16805,M,300.5,311.1,1168.0,38.3,85.0,0,No Failure,0,0,0,0,0,164.7,74.9
311,L10310,L,301.1,309.8,1168.0,40.2,152.0,0,No Failure,0,0,0,0,0,102.2,46.4
6951,M16950,M,300.1,312.0,1168.0,42.0,122.0,0,No Failure,0,0,0,0,0,138.1,62.8
3963,M13962,M,296.7,305.8,1168.0,35.8,46.0,0,No Failure,0,0,0,0,0,180.8,82.2
6353,M16352,M,301.9,312.1,1546.0,20.0,139.0,0,No Failure,0,0,0,0,0,140.0,63.6
7536,H17535,H,301.9,311.0,1388.0,35.7,73.0,0,No Failure,0,0,0,0,0,172.2,78.3
8956,L18955,L,299.0,308.1,1230.0,39.2,87.0,0,No Failure,0,0,0,0,0,152.5,69.3
6797,M16796,M,298.5,306.9,1371.0,28.6,56.0,1,HDF (Heat Dissipation),0,1,0,0,0,4.1,82.3
3476,L13475,L,299.8,310.1,1195.0,46.6,113.0,0,No Failure,0,0,0,0,0,138.7,63.0
1305,H11304,H,302.6,311.6,1255.0,33.1,6.0,0,No Failure,0,0,0,0,0,207.8,94.4
6694,H16693,H,298.6,308.8,1252.0,32.4,153.0,0,No Failure,0,0,0,0,0,127.5,58.0
9934,L19933,L,301.0,311.3,1210.0,26.3,121.0,1,PWF (Power Failure),0,0,1,0,0,7.5,61.3
9517,H19516,H,307.1,309.4,1168.0,47.6,50.0,0,No Failure,0,0,0,0,0,179.3,81.5
1710,L11709,L,299.1,310.7,1168.0,38.0,103.0,0,No Failure,0,0,0,0,0,151.2,68.7
7953,H17952,H,299.6,308.1,1329.0,33.0,191.0,1,HDF (Heat Dissipation),0,1,0,0,0,0.4,43.6
1502,H11501,H,300.5,310.0,1168.0,52.2,49.0,0,No Failure,0,0,0,0,0,180.0,81.8
286,L10285,L,302.6,312.2,1397.0,32.3,62.0,0,No Failure,0,0,0,0,0,179.8,81.7
1406,L11405,L,296.9,310.0,1168.0,47.3,153.0,0,No Failure,0,0,0,0,0,97.2,44.2
7740,L17739,L,298.8,306.8,1168.0,46.9,123.0,1,HDF (Heat Dissipation),0,1,0,0,0,1.8,49.7
7890,M17889,M,301.5,311.2,1219.0,77.58,174.0,0,No Failure,0,0,0,0,0,105.7,48.0
2416,L12415,L,302.4,312.7,1218.0,32.3,63.0,0,No Failure,0,0,0,0,0,180.1,81.9
5267,L15266,L,298.6,308.9,1383.0,30.2,191.0,0,No Failure,0,0,0,0,0,101.4,46.1
8590,M18589,M,307.1,310.1,1341.0,30.5,201.0,0,No Failure,0,0,0,0,0,97.8,44.5
534,M10533,M,298.7,308.8,1168.0,40.7,7.0,0,No Failure,0,0,0,0,0,215.4,97.9
6080,H16079,H,302.2,312.6,1168.0,40.4,109.0,0,No Failure,0,0,0,0,0,149.7,68.0
652,H10651,H,302.3,312.2,1168.0,35.7,195.0,0,No Failure,0,0,0,0,0,97.8,44.4
201,M10200,M,302.4,310.9,1236.0,38.2,218.0,1,HDF (Heat Dissipation),0,1,0,0,0,2.2,29.2
2410,H12409,H,302.1,313.6,1457.0,9.7,40.0,1,PWF (Power Failure),0,0,1,0,0,7.6,81.1
7217,M17216,M,299.6,309.8,1168.0,33.9,139.0,0,No Failure,0,0,0,0,0,132.9,60.4
8001,M18000,M,301.3,311.8,1168.0,63.6,150.0,0,No Failure,0,0,0,0,0,101.5,46.2
9399,M19398,M,301.4,312.4,1478.0,44.3,96.0,0,No Failure,0,0,0,0,0,154.4,70.2
5506,L15505,L,302.3,312.3,1259.0,53.6,124.0,0,No Failure,0,0,0,0,0,125.6,57.1
8673,H18672,H,298.8,309.6,1257.0,29.2,22.0,0,No Failure,0,0,0,0,0,207.1,94.1
9294,L19293,L,298.5,309.1,1231.0,37.7,169.0,0,No Failure,0,0,0,0,0,107.4,48.8
350,L10349,L,305.0,313.5,1168.0,32.8,72.0,1,HDF (Heat Dissipation),0,1,0,0,0,2.6,71.7
2444,M12443,M,298.0,306.2,1168.0,35.5,153.0,1,HDF (Heat Dissipation),0,1,0,0,0,6.2,46.8
2022,L12021,L,297.8,308.7,1384.0,17.6,85.0,1,PWF (Power Failure),0,0,1,0,0,2.2,68.9
353,M10352,M,300.3,310.2,1178.0,44.7,81.0,0,No Failure,0,0,0,0,0,163.3,74.2
9956,L19955,L,297.7,308.1,1546.0,25.7,195.0,0,No Failure,0,0,0,0,0,103.0,46.8
4950,M14949,M,301.7,312.2,1168.0,39.5,39.0,0,No Failure,0,0,0,0,0,194.4,88.3
7822,M17821,M,300.9,310.6,1168.0,30.1,177.0,0,No Failure,0,0,0,0,0,106.3,48.3
1525,M11524,M,298.1,308.9,1168.0,44.9,402.0,0,No Failure,0,0,0,0,0,132.1,60.0
277,L10276,L,297.8,309.0,1187.0,21.4,34.0,1,PWF (Power Failure),0,0,1,0,0,2.9,81.2
8698,L18697,L,301.5,311.1,1168.0,40.1,98.0,0,No Failure,0,0,0,0,0,148.9,67.7
8454,H18453,H,300.0,310.8,1320.0,34.7,190.0,0,No Failure,0,0,0,0,0,102.9,46.8
4107,M14106,M,298.0,302.0,1241.0,49.4,89.0,0,No Failure,0,0,0,0,0,156.7,71.2
1635,H11634,H,298.4,308.3,1168.0,44.9,59.0,0,No Failure,0,0,0,0,0,179.5,81.6
6232,L16231,L,297.7,307.6,1174.0,40.2,149.0,0,No Failure,0,0,0,0,0,117.4,53.4
6928,H16927,H,296.2,305.6,1372.0,25.9,40.0,0,No Failure,0,0,0,0,0,192.9,87.7
7288,L17287,L,297.9,307.2,1168.0,33.4,149.0,0,No Failure,0,0,0,0,0,116.9,53.1
2147,L12146,L,299.2,309.7,1245.0,41.9,48.0,0,No Failure,0,0,0,0,0,186.8,84.9
4908,L14907,L,300.4,309.1,1168.0,42.2,115.0,0,No Failure,0,0,0,0,0,126.0,57.3
735,L10734,L,300.7,312.1,1168.0,54.2,46.0,0,No Failure,0,0,0,0,0,184.8,84.0
5837,H15836,H,299.8,318.2,1168.0,42.4,174.0,0,No Failure,0,0,0,0,0,106.0,48.2
3140,L13139,L,299.9,309.3,1370.0,41.3,-188.0,0,No Failure,0,0,0,0,0,165.6,75.3
5775,L15774,L,301.9,312.6,1546.0,15.5,176.0,1,PWF (Power Failure),0,0,1,0,0,0.5,47.4
7031,L17030,L,300.0,309.7,1409.0,37.3,190.0,0,No Failure,0,0,0,0,0,93.9,42.7
5088,L15087,L,299.8,309.3,1182.0,57.8,42.0,0,No Failure,0,0,0,0,0,181.5,82.5
853,H10852,H,300.8,310.4,1213.0,52.0,200.0,0,No Failure,0,0,0,0,0,75.0,34.1
583,L10582,L,297.9,307.3,1168.0,32.8,172.0,0,No Failure,0,0,0,0,0,103.9,47.2
7484,M17483,M,298.0,308.8,1348.0,54.7,142.0,0,No Failure,0,0,0,0,0,114.8,52.2
7742,L17741,L,302.5,312.6,1168.0,46.4,128.0,0,No Failure,0,0,0,0,0,128.0,58.2
9755,M19754,M,299.7,311.6,1168.0,42.1,187.0,0,No Failure,0,0,0,0,0,94.4,42.9
2584,L12583,L,298.0,307.5,1317.0,18.9,189.0,1,PWF (Power Failure),0,0,1,0,0,2.6,41.1
5823,M15822,M,301.1,309.7,1269.0,32.0,130.0,1,HDF (Heat Dissipation),0,1,0,0,0,4.0,58.5
5112,M15111,M,300.2,310.2,1168.0,44.6,125.0,0,No Failure,0,0,0,0,0,134.3,61.1
6340,M16339,M,303.8,315.1,1168.0,42.7,85.0,0,No Failure,0,0,0,0,0,162.6,73.9
2820,H12819,H,302.2,310.6,1168.0,38.5,126.0,1,HDF (Heat Dissipation),0,1,0,0,0,1.4,55.6
2096,L12095,L,300.1,308.9,1168.0,49.8,103.0,0,No Failure,0,0,0,0,0,130.7,59.4
1174,M11173,M,299.8,308.1,1232.0,29.7,211.0,1,HDF (Heat Dissipation),0,1,0,0,0,4.1,34.7
809,M10808,M,302.0,311.7,1168.0,67.0,48.0,0,No Failure,0,0,0,0,0,177.9,80.9
6615,H16614,H,299.7,311.0,1217.0,52.3,94.0,0,No Failure,0,0,0,0,0,153.7,69.9
7167,M17166,M,299.8,311.7,1301.0,32.8,185.0,0,No Failure,0,0,0,0,0,105.2,47.8
4205,M14204,M,298.2,307.3,1252.0,25.6,212.0,1,PWF (Power Failure),0,0,1,0,0,0.3,34.9
7600,M17599,M,301.3,302.0,1333.0,37.9,78.0,0,No Failure,0,0,0,0,0,169.4,77.0
6897,H16896,H,299.6,310.5,1463.0,29.5,161.0,0,No Failure,0,0,0,0,0,125.0,56.8
5142,M15141,M,300.8,310.5,1287.0,26.2,18.0,0,No Failure,0,0,0,0,0,199.9,90.9
9777,L19776,L,301.2,310.7,1188.0,45.2,22.0,0,No Failure,0,0,0,0,0,198.9,90.4
8856,L18855,L,296.1,304.7,1168.0,38.8,205.0,1,HDF (Heat Dissipation),0,1,0,0,0,6.9,30.3
2746,M12745,M,300.3,311.0,1168.0,44.7,88.0,0,No Failure,0,0,0,0,0,159.6,72.6
7113,M17112,M,299.5,309.3,1197.0,42.3,0.0,0,No Failure,0,0,0,0,0,217.8,99.0
287,L10286,L,300.8,309.8,1168.0,35.2,65.0,0,No Failure,0,0,0,0,0,166.7,75.8
2134,H12133,H,303.2,313.5,908.0,32.1,220.0,0,No Failure,0,0,0,0,0,87.3,39.7
3624,H13623,H,299.7,312.2,1168.0,77.58,214.0,1,OSF (Overstrain Failure),0,0,0,1,0,0.5,26.0
3920,L13919,L,301.3,311.9,1431.0,30.2,130.0,0,No Failure,0,0,0,0,0,139.2,63.3
9133,L19132,L,300.8,309.8,1174.0,55.7,58.0,0,No Failure,0,0,0,0,0,164.1,74.6
7841,H17840,H,302.5,313.5,1168.0,28.3,22.0,1,PWF (Power Failure),0,0,1,0,0,0.8,89.9
9177,L19176,L,297.5,306.0,1246.0,34.4,203.0,1,HDF (Heat Dissipation),0,1,0,0,0,3.9,34.2
9126,H19125,H,300.1,310.3,1168.0,46.8,35.0,0,No Failure,0,0,0,0,0,196.3,89.2
4067,L14066,L,298.4,307.5,1168.0,38.2,178.0,1,RNF (Random Failure),0,0,0,0,1,3.2,41.4
793,L10792,L,302.9,313.5,1278.0,42.5,2.0,0,No Failure,0,0,0,0,0,218.6,99.4
4014,L14013,L,298.8,308.7,1189.0,47.2,199.0,0,No Failure,0,0,0,0,0,75.0,34.1
9838,L19837,L,300.9,310.3,1168.0,44.9,0.0,0,No Failure,0,0,0,0,0,213.4,97.0
8261,L18260,L,300.5,310.7,1250.0,56.2,173.0,0,No Failure,0,0,0,0,0,85.5,38.9
6327,H16326,H,296.1,306.4,1366.0,30.4,41.0,0,No Failure,0,0,0,0,0,195.6,88.9
1783,L11782,L,298.5,309.5,1275.0,32.7,139.0,0,No Failure,0,0,0,0,0,131.6,59.8
8733,L18732,L,301.1,310.1,1168.0,63.7,208.0,1,OSF (Overstrain Failure),0,0,0,1,0,1.4,18.9
8883,M18882,M,294.6,304.2,1168.0,35.0,75.0,0,No Failure,0,0,0,0,0,168.2,76.4
1779,L11778,L,300.2,308.5,1168.0,51.9,127.0,1,HDF (Heat Dissipation),0,1,0,0,0,1.1,48.1
427,L10426,L,302.0,310.7,1168.0,42.4,120.0,0,No Failure,0,0,0,0,0,122.4,55.6
6120,L16119,L,300.0,312.8,1176.0,37.7,28.0,0,No Failure,0,0,0,0,0,201.3,91.5
8136,L18135,L,301.3,311.7,1168.0,39.5,178.0,0,No Failure,0,0,0,0,0,99.5,45.2
2888,H12887,H,302.2,313.3,1168.0,43.8,115.0,0,No Failure,0,0,0,0,0,143.8,65.4
3549,L13548,L,300.4,311.1,1168.0,45.5,155.0,0,No Failure,0,0,0,0,0,109.5,49.8
115,L10114,L,307.1,310.7,1168.0,55.1,144.0,0,No Failure,0,0,0,0,0,109.0,49.6
6944,M16943,M,297.2,307.4,1168.0,31.8,96.0,0,No Failure,0,0,0,0,0,161.0,73.2
8439,H18438,H,299.9,311.2,1335.0,26.9,142.0,0,No Failure,0,0,0,0,0,137.0,62.3
9215,L19214,L,300.0,306.8,1227.0,18.3,106.0,1,PWF (Power Failure),0,0,1,0,0,2.5,60.8
305,H10304,H,297.7,307.8,1375.0,52.7,133.0,0,No Failure,0,0,0,0,0,125.9,57.2
5248,L15247,L,302.5,311.6,1263.0,34.8,130.0,0,No Failure,0,0,0,0,0,128.3,58.3
2735,L12734,L,301.7,310.7,1248.0,52.6,51.0,0,No Failure,0,0,0,0,0,172.6,78.4
8132,H18131,H,307.1,310.3,1189.0,43.2,158.0,0,No Failure,0,0,0,0,0,115.8,52.6
6021,H16020,H,301.6,311.7,1172.0,62.6,134.0,0,No Failure,0,0,0,0,0,118.5,53.8
366,L10365,L,297.6,308.8,1366.0,22.7,124.0,1,PWF (Power Failure),0,0,1,0,0,6.1,60.6
9863,L19862,L,296.8,305.4,1242.0,30.0,87.0,1,HDF (Heat Dissipation),0,1,0,0,0,6.9,69.7
3350,L13349,L,299.5,309.1,1168.0,49.3,125.0,0,No Failure,0,0,0,0,0,123.6,56.2
5589,L15588,L,300.2,310.2,1223.0,38.7,165.0,0,No Failure,0,0,0,0,0,109.1,49.6
9297,L19296,L,297.3,307.6,1233.0,42.3,178.0,0,No Failure,0,0,0,0,0,96.5,43.9
778,L10777,L,303.0,313.6,1235.0,51.6,180.0,0,No Failure,0,0,0,0,0,85.1,38.7
7495,H17494,H,299.2,308.2,1168.0,58.4,178.0,0,No Failure,0,0,0,0,0,77.9,35.4
7862,L17861,L,298.7,307.8,1168.0,57.5,90.0,0,No Failure,0,0,0,0,0,139.5,63.4
2137,L12136,L,300.1,310.6,1319.0,44.9,7.0,0,No Failure,0,0,0,0,0,215.0,97.7
5768,M15767,M,301.1,311.3,1546.0,38.6,150.0,0,No Failure,0,0,0,0,0,122.2,55.5
8881,M18880,M,303.4,313.9,1330.0,34.0,373.0,0,No Failure,0,0,0,0,0,178.6,81.2
8145,M18144,M,300.8,309.6,1168.0,63.1,201.0,1,OSF (Overstrain Failure),0,0,0,1,0,3.0,22.1
4263,L14262,L,298.2,309.6,1168.0,33.4,192.0,0,No Failure,0,0,0,0,0,97.0,44.1
9703,H19702,H,297.6,309.6,1168.0,41.6,3.0,0,No Failure,0,0,0,0,0,218.0,99.1
5164,L15163,L,299.0,309.2,1168.0,33.4,91.0,0,No Failure,0,0,0,0,0,161.7,73.5
1338,M11337,M,300.9,310.6,1243.0,39.6,124.0,0,No Failure,0,0,0,0,0,135.7,61.7
6087,L16086,L,301.0,309.7,1168.0,48.5,130.0,0,No Failure,0,0,0,0,0,110.7,50.3
9635,M19634,M,298.6,308.2,1343.0,25.9,218.0,1,TWF (Tool Wear Failure),1,0,0,0,0,2.9,39.5
2790,L12789,L,301.6,311.5,1168.0,29.2,29.0,0,No Failure,0,0,0,0,0,194.8,88.5
1408,L11407,L,299.6,310.3,1168.0,41.3,161.0,0,No Failure,0,0,0,0,0,109.3,49.7
6319,L16318,L,301.2,311.4,1168.0,52.3,16.0,0,No Failure,0,0,0,0,0,207.9,94.5
7661,L17660,L,300.1,309.4,1190.0,37.1,77.0,0,No Failure,0,0,0,0,0,161.3,73.3
6109,L16108,L,301.6,314.1,1168.0,38.5,206.0,0,No Failure,0,0,0,0,0,81.8,37.2
5041,L15040,L,300.6,312.2,1168.0,34.9,115.0,0,No Failure,0,0,0,0,0,145.3,66.1
1319,M11318,M,298.5,309.8,1168.0,64.2,58.0,0,No Failure,0,0,0,0,0,174.0,79.1
2923,L12922,L,300.9,311.2,1405.0,24.7,25.0,0,No Failure,0,0,0,0,0,200.7,91.2
9750,L19749,L,296.9,306.5,1269.0,26.5,168.0,0,No Failure,0,0,0,0,0,108.5,49.3
8462,M18461,M,297.7,308.1,1168.0,50.7,225.0,1,TWF (Tool Wear Failure),1,0,0,0,0,4.5,26.5
9506,M19505,M,300.0,309.4,1168.0,39.5,15.0,0,No Failure,0,0,0,0,0,203.5,92.5
8912,M18911,M,299.8,309.5,1415.0,40.2,165.0,0,No Failure,0,0,0,0,0,110.5,50.2
1099,H11098,H,295.3,305.7,1168.0,48.7,162.0,0,No Failure,0,0,0,0,0,108.7,49.4
3971,H13970,H,302.5,312.0,1258.0,31.4,66.0,0,No Failure,0,0,0,0,0,176.2,80.1
1323,L11322,L,300.0,308.2,1287.0,32.6,71.0,0,No Failure,0,0,0,0,0,168.4,76.6
1674,L11673,L,297.2,306.7,1206.0,30.7,197.0,0,No Failure,0,0,0,0,0,91.7,41.7
7008,L17007,L,299.5,308.3,1251.0,29.4,112.0,0,No Failure,0,0,0,0,0,140.5,63.8
827,M10826,M,299.6,309.1,1316.0,29.0,113.0,0,No Failure,0,0,0,0,0,149.3,67.9
5107,L15106,L,299.2,309.9,1348.0,77.58,107.0,0,No Failure,0,0,0,0,0,154.9,70.4
6047,L16046,L,299.0,309.0,1168.0,32.6,0.0,0,No Failure,0,0,0,0,0,220.0,100.0
8479,L18478,L,301.9,312.1,1168.0,37.5,51.0,0,No Failure,0,0,0,0,0,186.1,84.6
2925,L12924,L,298.7,308.9,1168.0,44.6,31.0,0,No Failure,0,0,0,0,0,198.1,90.0
5750,H15749,H,298.9,311.3,1169.0,55.7,90.0,0,No Failure,0,0,0,0,0,154.9,70.4
3851,L13850,L,301.9,312.8,1168.0,48.9,109.0,0,No Failure,0,0,0,0,0,140.1,63.7
7533,L17532,L,302.1,312.4,1168.0,51.9,66.0,0,No Failure,0,0,0,0,0,170.4,77.5
2856,H12855,H,304.0,315.3,1477.0,33.7,24.0,0,No Failure,0,0,0,0,0,205.3,93.3
2608,L12607,L,302.0,313.0,1168.0,33.3,42.0,0,No Failure,0,0,0,0,0,193.1,87.8
5868,M15867,M,298.5,307.8,1168.0,35.7,73.0,0,No Failure,0,0,0,0,0,165.8,75.4
821,L10820,L,301.2,312.2,1168.0,40.15,95.0,0,No Failure,0,0,0,0,0,150.2,68.3
6868,L16867,L,298.3,309.1,1168.0,54.5,73.0,0,No Failure,0,0,0,0,0,164.0,74.5
8240,L18239,L,299.1,310.6,1168.0,36.2,105.0,0,No Failure,0,0,0,0,0,151.0,68.6
1370,L11369,L,303.5,314.2,1168.0,44.3,17.0,0,No Failure,0,0,0,0,0,208.0,94.5
2676,M12675,M,298.1,309.7,1168.0,40.8,60.0,0,No Failure,0,0,0,0,0,180.1,81.9
5979,L15978,L,301.8,311.5,1168.0,49.1,210.0,0,No Failure,0,0,0,0,0,62.4,28.4
3713,H13712,H,301.2,311.0,1168.0,65.7,49.0,0,No Failure,0,0,0,0,0,179.9,81.8
1546,L11545,L,296.8,306.4,1168.0,40.15,187.0,0,No Failure,0,0,0,0,0,78.6,35.7
3367,M13366,M,300.3,309.2,1168.0,56.2,173.0,0,No Failure,0,0,0,0,0,78.3,35.6
7125,L17124,L,302.0,312.5,1168.0,35.1,45.0,0,No Failure,0,0,0,0,0,190.7,86.7
6698,L16697,L,297.1,306.5,1168.0,58.6,166.0,0,No Failure,0,0,0,0,0,82.0,37.3
4395,L14394,L,299.3,309.8,1473.0,31.4,219.0,0,No Failure,0,0,0,0,0,82.4,37.4
204,L10203,L,300.3,308.9,1168.0,32.5,10.0,1,HDF (Heat Dissipation),0,1,0,0,0,7.0,90.1
9326,M19325,M,292.925,307.0,1348.0,36.1,106.0,0,No Failure,0,0,0,0,0,182.6,83.0
8450,M18449,M,300.4,310.7,1168.0,26.1,176.0,1,PWF (Power Failure),0,0,1,0,0,1.8,45.7
761,M10760,M,299.3,309.0,1175.0,39.4,123.0,0,No Failure,0,0,0,0,0,135.9,61.8
5706,L15705,L,298.2,308.8,1207.0,77.58,124.0,0,No Failure,0,0,0,0,0,135.8,61.7
1315,L11314,L,297.6,308.3,1382.0,25.6,46.0,0,No Failure,0,0,0,0,0,190.1,86.4
3511,H13510,H,302.1,312.5,1168.0,40.9,22.0,0,No Failure,0,0,0,0,0,205.8,93.5
1242,L11241,L,300.8,308.9,1278.0,39.0,8.0,1,HDF (Heat Dissipation),0,1,0,0,0,2.5,91.0
6438,L16437,L,299.5,309.5,1267.0,29.3,183.0,0,No Failure,0,0,0,0,0,107.3,48.8
7392,L17391,L,300.3,310.0,1168.0,38.8,62.0,0,No Failure,0,0,0,0,0,175.0,79.5
1119,L11118,L,297.3,307.3,1170.0,44.0,10.0,0,No Failure,0,0,0,0,0,213.0,96.8
6652,H16651,H,299.1,307.4,1279.0,41.5,0.0,1,HDF (Heat Dissipation),0,1,0,0,0,1.2,94.2
2789,H12788,H,301.0,311.3,1168.0,51.3,23.0,0,No Failure,0,0,0,0,0,203.9,92.7
5038,L15037,L,298.0,309.1,1438.0,40.0,103.0,0,No Failure,0,0,0,0,0,150.0,68.2
1363,M11362,M,296.9,307.7,1168.0,49.4,210.0,0,No Failure,0,0,0,0,0,70.5,32.1
6660,L16659,L,299.1,309.4,1352.0,52.2,31.0,0,No Failure,0,0,0,0,0,196.7,89.4
1569,L11568,L,301.3,313.0,1168.0,33.6,53.0,0,No Failure,0,0,0,0,0,186.0,84.5
1024,M11023,M,300.8,311.1,1291.0,54.4,128.0,0,No Failure,0,0,0,0,0,125.4,57.0
7224,L17223,L,301.0,312.7,1242.0,36.3,159.0,0,No Failure,0,0,0,0,0,115.4,52.5
1730,L11729,L,301.7,313.3,1261.0,31.5,172.0,0,No Failure,0,0,0,0,0,111.8,50.8
7225,M17224,M,299.5,310.3,1168.0,49.6,161.0,0,No Failure,0,0,0,0,0,105.2,47.8
1263,L11262,L,301.0,309.9,1168.0,35.5,402.0,0,No Failure,0,0,0,0,0,154.4,70.2
6906,H16905,H,298.2,307.7,1168.0,34.2,193.0,0,No Failure,0,0,0,0,0,96.1,43.7
4392,M14391,M,298.4,309.7,1217.0,48.4,208.0,0,No Failure,0,0,0,0,0,73.1,33.2
7954,L17953,L,300.0,311.8,1168.0,45.2,197.0,0,No Failure,0,0,0,0,0,79.9,36.3
9787,L19786,L,299.4,310.8,1189.0,53.1,56.0,0,No Failure,0,0,0,0,0,177.5,80.7
7441,H17440,H,300.4,309.1,1193.0,53.9,0.0,0,No Failure,0,0,0,0,0,205.7,93.5
4085,M14084,M,298.6,310.9,1309.0,45.7,15.0,0,No Failure,0,0,0,0,0,209.6,95.3
1255,L11254,L,303.5,314.3,1168.0,53.5,48.0,0,No Failure,0,0,0,0,0,183.5,83.4
1994,L11993,L,297.9,308.0,1177.0,35.1,207.0,0,No Failure,0,0,0,0,0,85.3,38.8
5375,M15374,M,303.3,313.7,1209.0,33.5,114.0,0,No Failure,0,0,0,0,0,148.8,67.7
703,L10702,L,302.1,313.6,1196.0,49.2,161.0,0,No Failure,0,0,0,0,0,101.6,46.2
931,L10930,L,304.2,313.8,1168.0,40.7,18.0,0,No Failure,0,0,0,0,0,203.3,92.4
2897,H12896,H,305.0,315.7,1420.0,28.2,149.0,0,No Failure,0,0,0,0,0,133.1,60.5
7875,M17874,M,301.1,312.1,1168.0,54.7,126.0,0,No Failure,0,0,0,0,0,126.7,57.6
9883,M19882,M,302.1,313.2,1170.0,40.9,156.0,0,No Failure,0,0,0,0,0,116.3,52.8
2619,H12618,H,301.1,310.4,1381.0,35.4,79.0,0,No Failure,0,0,0,0,0,168.9,76.8
5131,L15130,L,300.4,310.3,1305.0,55.5,193.0,0,No Failure,0,0,0,0,0,70.2,31.9
1312,H11311,H,300.7,311.6,1168.0,51.9,35.0,0,No Failure,0,0,0,0,0,195.4,88.8
728,L10727,L,300.6,310.7,1168.0,47.1,30.0,0,No Failure,0,0,0,0,0,198.3,90.1
399,L10398,L,300.6,309.9,1168.0,44.7,17.0,0,No Failure,0,0,0,0,0,200.3,91.0
2004,M12003,M,297.8,305.1,1168.0,41.5,33.0,1,HDF (Heat Dissipation),0,1,0,0,0,6.4,76.5
1718,M11717,M,296.9,307.8,1168.0,47.7,132.0,0,No Failure,0,0,0,0,0,127.3,57.9
1318,L11317,L,292.925,308.8,1266.0,50.6,56.0,0,No Failure,0,0,0,0,0,178.4,81.1
3265,L13264,L,302.8,311.9,1168.0,50.3,64.0,0,No Failure,0,0,0,0,0,162.6,73.9
872,L10871,L,301.4,312.4,1188.0,43.8,50.0,0,No Failure,0,0,0,0,0,184.9,84.0
879,M10878,M,299.8,309.3,1168.0,46.6,-188.0,0,No Failure,0,0,0,0,0,163.7,74.4
1400,L11399,L,299.7,308.8,1168.0,43.4,133.0,0,No Failure,0,0,0,0,0,116.9,53.2
3832,M13831,M,298.4,309.2,1168.0,55.9,49.0,0,No Failure,0,0,0,0,0,183.4,83.4
3109,L13108,L,303.5,312.5,1182.0,37.4,200.0,0,No Failure,0,0,0,0,0,76.1,34.6
2839,L12838,L,298.5,308.5,1254.0,34.6,199.0,0,No Failure,0,0,0,0,0,91.1,41.4
6811,L16810,L,301.9,312.1,1313.0,29.7,104.0,0,No Failure,0,0,0,0,0,155.7,70.8
3535,M13534,M,302.0,312.2,1168.0,42.0,108.0,0,No Failure,0,0,0,0,0,147.5,67.1
2325,L12324,L,298.6,308.6,1226.0,51.5,195.0,0,No Failure,0,0,0,0,0,73.9,33.6
3935,L13934,L,297.7,310.0,1168.0,40.9,183.0,0,No Failure,0,0,0,0,0,94.6,43.0
7621,L17620,L,300.3,310.0,1168.0,51.9,159.0,0,No Failure,0,0,0,0,0,97.2,44.2
4449,M14448,M,298.6,308.7,1372.0,28.3,163.0,0,No Failure,0,0,0,0,0,122.9,55.9
1913,H11912,H,298.7,308.5,1254.0,35.7,139.0,0,No Failure,0,0,0,0,0,131.9,60.0
3407,M13406,M,299.1,309.8,1287.0,55.9,97.0,0,No Failure,0,0,0,0,0,147.5,67.0
6495,H16494,H,301.4,310.4,1168.0,37.4,150.0,0,No Failure,0,0,0,0,0,114.5,52.1
6581,H16580,H,297.9,309.3,1228.0,38.5,223.0,0,No Failure,0,0,0,0,0,78.3,35.6
8038,L18037,L,300.1,311.4,1203.0,28.0,64.0,0,No Failure,0,0,0,0,0,173.6,78.9
8578,L18577,L,301.5,311.5,1336.0,64.7,167.0,1,PWF (Power Failure),0,0,1,0,0,4.7,31.6
8648,L18647,L,301.9,310.3,1168.0,40.0,178.0,1,HDF (Heat Dissipation),0,1,0,0,0,1.6,37.0
1072,M11071,M,299.7,311.4,1168.0,47.6,69.0,0,No Failure,0,0,0,0,0,171.6,78.0
7554,L17553,L,299.4,310.3,1168.0,46.0,134.0,0,No Failure,0,0,0,0,0,124.1,56.4
9511,M19510,M,299.3,310.9,1168.0,35.3,29.0,0,No Failure,0,0,0,0,0,201.6,91.6
3716,H13715,H,302.4,311.5,1200.0,38.0,63.0,0,No Failure,0,0,0,0,0,170.2,77.4
5219,L15218,L,307.1,312.4,1278.0,28.1,44.0,1,HDF (Heat Dissipation),0,1,0,0,0,4.6,82.2
4405,L14404,L,299.7,310.2,1170.0,35.7,20.0,0,No Failure,0,0,0,0,0,206.9,94.1
9486,L19485,L,298.0,310.5,1403.0,40.15,169.0,0,No Failure,0,0,0,0,0,115.9,52.7
1382,L11381,L,298.0,309.1,1168.0,41.2,64.0,0,No Failure,0,0,0,0,0,176.0,80.0
6168,L16167,L,302.6,312.8,1274.0,48.2,176.0,0,No Failure,0,0,0,0,0,91.7,41.7
302,L10301,L,302.2,312.7,1168.0,56.6,124.0,0,No Failure,0,0,0,0,0,123.3,56.1
1795,H11794,H,296.7,309.5,1185.0,53.7,180.0,0,No Failure,0,0,0,0,0,91.7,41.7
3317,M13316,M,298.1,309.0,1271.0,44.1,9.0,0,No Failure,0,0,0,0,0,213.9,97.2
9972,L19971,L,302.5,313.0,1209.0,46.2,13.0,0,No Failure,0,0,0,0,0,210.7,95.8
3164,M13163,M,301.1,311.4,1320.0,29.5,-146.0,0,No Failure,0,0,0,0,0,122.4,55.7
2707,H12706,H,300.3,311.7,1332.0,37.1,175.0,0,No Failure,0,0,0,0,0,110.0,50.0
1437,L11436,L,300.0,310.6,1447.0,33.7,42.0,0,No Failure,0,0,0,0,0,193.0,87.7
8051,L18050,L,302.2,312.8,1168.0,34.8,111.0,0,No Failure,0,0,0,0,0,148.0,67.3
7781,M17780,M,301.0,312.9,1168.0,48.2,43.0,0,No Failure,0,0,0,0,0,189.7,86.2
3764,L13763,L,299.8,310.0,1207.0,43.1,25.0,0,No Failure,0,0,0,0,0,202.5,92.1
1388,L11387,L,297.4,307.5,1328.0,32.0,86.0,0,No Failure,0,0,0,0,0,165.6,75.3
1637,L11636,L,298.9,308.1,1168.0,41.2,67.0,0,No Failure,0,0,0,0,0,165.2,75.1
4985,L14984,L,299.0,308.9,1168.0,48.0,151.0,0,No Failure,0,0,0,0,0,109.0,49.5
3167,L13166,L,300.9,311.4,1212.0,33.9,172.0,0,No Failure,0,0,0,0,0,109.3,49.7
9614,L19613,L,298.1,306.6,1168.0,56.1,145.0,1,HDF (Heat Dissipation),0,1,0,0,0,5.1,41.3
8267,H18266,H,301.7,312.1,1190.0,35.3,200.0,0,No Failure,0,0,0,0,0,96.2,43.7
4953,L14952,L,301.4,311.1,1168.0,40.15,48.0,0,No Failure,0,0,0,0,0,184.0,83.6
1063,L11062,L,298.6,309.4,1226.0,31.5,39.0,0,No Failure,0,0,0,0,0,195.5,88.8
6482,L16481,L,303.4,312.9,1168.0,34.8,102.0,0,No Failure,0,0,0,0,0,148.3,67.4
758,H10757,H,300.1,309.1,1232.0,32.0,112.0,0,No Failure,0,0,0,0,0,142.9,65.0
6162,M16161,M,304.8,314.0,1546.0,16.5,154.0,1,PWF (Power Failure),0,0,1,0,0,0.9,52.8
2767,L12766,L,301.5,313.3,1182.0,41.3,160.0,0,No Failure,0,0,0,0,0,110.0,50.0
9013,H19012,H,299.4,308.8,1345.0,39.3,66.0,0,No Failure,0,0,0,0,0,175.0,79.6
9974,L19973,L,299.3,308.1,1293.0,37.5,20.0,0,No Failure,0,0,0,0,0,198.4,90.2
930,M10929,M,302.2,311.1,1211.0,37.8,14.0,0,No Failure,0,0,0,0,0,199.4,90.6
5707,H15706,H,299.0,308.5,1234.0,42.9,127.0,0,No Failure,0,0,0,0,0,131.7,59.9
6242,L16241,L,297.2,306.8,1300.0,38.0,183.0,0,No Failure,0,0,0,0,0,95.1,43.2
7708,L17707,L,297.1,306.9,1546.0,17.2,26.0,1,PWF (Power Failure),0,0,1,0,0,0.6,83.6
9105,M19104,M,296.4,306.0,1201.0,37.2,169.0,0,No Failure,0,0,0,0,0,106.7,48.5
8258,L18257,L,299.2,308.4,1168.0,49.2,165.0,0,No Failure,0,0,0,0,0,89.9,40.9
3131,L13130,L,300.9,313.3,1168.0,55.6,46.0,0,No Failure,0,0,0,0,0,184.4,83.8
6718,H16717,H,298.7,308.8,1168.0,51.8,21.0,0,No Failure,0,0,0,0,0,205.2,93.3
3324,H13323,H,302.9,313.0,1190.0,54.3,28.0,0,No Failure,0,0,0,0,0,200.0,90.9
9019,M19018,M,301.1,309.4,1168.0,39.4,94.0,1,HDF (Heat Dissipation),0,1,0,0,0,7.0,63.4
4074,L14073,L,295.4,306.4,1277.0,38.9,201.0,1,TWF (Tool Wear Failure),1,0,0,0,0,7.0,38.5
8471,L18470,L,302.1,312.1,1546.0,23.3,29.0,0,No Failure,0,0,0,0,0,203.2,92.4
3772,H13771,H,300.2,318.2,1310.0,37.1,54.0,0,No Failure,0,0,0,0,0,183.6,83.5
2033,L12032,L,296.9,305.8,1343.0,22.5,120.0,1,PWF (Power Failure),0,0,1,0,0,6.9,58.3
8490,M18489,M,299.5,309.5,1200.0,39.1,94.0,0,No Failure,0,0,0,0,0,158.4,72.0
8791,H18790,H,302.9,313.7,1482.0,25.8,190.0,0,No Failure,0,0,0,0,0,111.5,50.7
9041,L19040,L,300.8,309.2,1168.0,43.8,173.0,1,HDF (Heat Dissipation),0,1,0,0,0,2.1,36.7
5741,M15740,M,300.7,310.7,1529.0,21.4,52.0,1,PWF (Power Failure),0,0,1,0,0,6.2,82.1
7425,M17424,M,301.8,312.6,1168.0,42.4,168.0,0,No Failure,0,0,0,0,0,106.9,48.6
6002,L16001,L,298.2,306.7,1168.0,42.2,67.0,1,HDF (Heat Dissipation),0,1,0,0,0,5.6,71.4
330,L10329,L,306.4,317.1,1168.0,33.9,-188.0,0,No Failure,0,0,0,0,0,220.0,100.0
5238,L15237,L,301.4,310.0,1168.0,55.1,101.0,0,No Failure,0,0,0,0,0,126.8,57.6
2929,L12928,L,300.5,311.2,1168.0,69.0,45.0,0,No Failure,0,0,0,0,0,181.6,82.5
4870,M14869,M,300.8,310.3,1446.0,29.7,220.0,0,No Failure,0,0,0,0,0,87.2,39.6
9677,M19676,M,296.7,308.1,1168.0,51.7,142.0,0,No Failure,0,0,0,0,0,117.1,53.2
8021,L18020,L,299.2,307.6,1168.0,49.3,14.0,1,HDF (Heat Dissipation),0,1,0,0,0,3.0,87.3
7423,L17422,L,296.0,302.0,1286.0,29.4,163.0,0,No Failure,0,0,0,0,0,115.9,52.7
1280,M11279,M,301.9,313.6,1247.0,50.1,146.0,0,No Failure,0,0,0,0,0,115.5,52.5
2959,L12958,L,301.0,310.0,1168.0,41.1,143.0,0,No Failure,0,0,0,0,0,110.8,50.4
1873,H11872,H,302.3,312.5,1238.0,26.2,10.0,1,PWF (Power Failure),0,0,1,0,0,5.7,92.4
1324,M11323,M,299.7,310.9,1168.0,35.0,73.0,0,No Failure,0,0,0,0,0,173.8,79.0
1854,M11853,M,296.4,307.9,1168.0,37.8,148.0,0,No Failure,0,0,0,0,0,124.1,56.4
5146,H15145,H,301.0,310.3,1168.0,34.8,31.0,0,No Failure,0,0,0,0,0,193.2,87.8
7468,L17467,L,299.4,309.8,1168.0,45.3,91.0,0,No Failure,0,0,0,0,0,155.2,70.6
8418,H18417,H,300.0,310.5,1364.0,39.3,65.0,0,No Failure,0,0,0,0,0,178.4,81.1
6216,L16215,L,300.9,311.8,1386.0,40.6,102.0,0,No Failure,0,0,0,0,0,150.3,68.3
2297,M12296,M,301.4,310.7,1168.0,39.7,104.0,0,No Failure,0,0,0,0,0,146.6,66.7
4083,M14082,M,299.9,311.3,1169.0,30.5,9.0,0,No Failure,0,0,0,0,0,212.7,96.7
4352,L14351,L,296.4,307.0,1251.0,28.7,78.0,0,No Failure,0,0,0,0,0,171.1,77.8
3892,M13891,M,299.6,310.5,1168.0,56.7,33.0,0,No Failure,0,0,0,0,0,195.2,88.7
1439,H11438,H,300.8,309.1,1168.0,36.4,49.0,1,HDF (Heat Dissipation),0,1,0,0,0,5.6,77.6
8924,L18923,L,302.7,310.0,1523.0,25.0,200.0,0,No Failure,0,0,0,0,0,102.0,46.4
898,L10897,L,299.5,309.1,1168.0,41.0,135.0,0,No Failure,0,0,0,0,0,123.0,55.9
1941,L11940,L,298.2,307.9,1168.0,37.5,17.0,0,No Failure,0,0,0,0,0,205.4,93.4
3903,M13902,M,300.5,310.2,1231.0,30.2,71.0,0,No Failure,0,0,0,0,0,174.1,79.1
8134,H18133,H,299.7,309.6,1168.0,58.2,170.0,0,No Failure,0,0,0,0,0,93.9,42.7
108,L10107,L,298.4,309.7,1224.0,36.5,122.0,0,No Failure,0,0,0,0,0,139.6,63.5
7906,L17905,L,292.925,306.8,1168.0,39.8,24.0,0,No Failure,0,0,0,0,0,192.7,87.6
948,H10947,H,301.8,312.5,1391.0,25.6,76.0,0,No Failure,0,0,0,0,0,174.7,79.4
9046,L19045,L,298.6,308.8,1204.0,17.2,188.0,1,PWF (Power Failure),0,0,1,0,0,1.2,43.6
1154,L11153,L,299.7,308.0,1168.0,47.2,142.0,1,HDF (Heat Dissipation),0,1,0,0,0,7.2,44.8
2221,L12220,L,298.7,309.2,1168.0,52.0,75.0,0,No Failure,0,0,0,0,0,163.6,74.4
9380,L19379,L,299.9,309.5,1196.0,38.5,29.0,0,No Failure,0,0,0,0,0,196.1,89.2
8037,L18036,L,300.2,308.9,1344.0,40.1,62.0,0,No Failure,0,0,0,0,0,171.7,78.1
721,M10720,M,300.4,311.9,1357.0,53.9,9.0,0,No Failure,0,0,0,0,0,213.4,97.0
7067,M17066,M,299.8,309.4,1209.0,36.3,76.0,0,No Failure,0,0,0,0,0,167.1,76.0
2813,M12812,M,302.9,311.8,1273.0,26.4,107.0,0,No Failure,0,0,0,0,0,141.1,64.1
4337,L14336,L,295.7,307.1,1248.0,35.3,26.0,0,No Failure,0,0,0,0,0,203.1,92.3
7336,H17335,H,302.2,311.5,1168.0,43.4,86.0,0,No Failure,0,0,0,0,0,155.5,70.7
6856,L16855,L,297.4,306.5,1168.0,40.9,38.0,0,No Failure,0,0,0,0,0,184.1,83.7
2089,M12088,M,299.2,310.0,1168.0,38.6,79.0,0,No Failure,0,0,0,0,0,168.5,76.6
8986,M18985,M,298.0,308.2,1168.0,59.0,192.0,0,No Failure,0,0,0,0,0,73.2,33.3
3483,H13482,H,298.7,309.6,1302.0,32.3,141.0,0,No Failure,0,0,0,0,0,134.8,61.3
8238,M18237,M,301.3,312.4,1436.0,38.7,97.0,0,No Failure,0,0,0,0,0,156.7,71.2
580,L10579,L,304.4,314.7,1182.0,54.7,163.0,0,No Failure,0,0,0,0,0,94.8,43.1
3287,M13286,M,300.0,309.1,1196.0,36.9,137.0,0,No Failure,0,0,0,0,0,122.0,55.5
5272,H15271,H,302.3,314.3,1168.0,35.5,212.0,0,No Failure,0,0,0,0,0,88.5,40.2
9734,L19733,L,300.7,309.2,1546.0,54.1,112.0,1,HDF (Heat Dissipation),0,1,0,0,0,4.4,53.6
8179,M18178,M,299.7,309.8,1191.0,38.6,115.0,0,No Failure,0,0,0,0,0,145.0,65.9
6147,M16146,M,296.4,306.1,1207.0,36.3,103.0,0,No Failure,0,0,0,0,0,150.9,68.6
8364,L18363,L,301.7,310.0,1294.0,29.2,100.0,1,HDF (Heat Dissipation),0,1,0,0,0,4.5,66.7
8923,L18922,L,300.0,311.6,1168.0,35.0,198.0,0,No Failure,0,0,0,0,0,91.3,41.5
6484,M16483,M,300.0,309.7,1177.0,30.7,109.0,0,No Failure,0,0,0,0,0,149.9,68.1
2057,H12056,H,296.7,310.0,1387.0,31.8,201.0,0,No Failure,0,0,0,0,0,99.1,45.0
7663,M17662,M,301.7,311.3,1227.0,64.7,85.0,0,No Failure,0,0,0,0,0,148.4,67.5
6268,H16267,H,298.3,308.4,1216.0,35.8,60.0,0,No Failure,0,0,0,0,0,182.7,83.0
5445,H15444,H,301.0,310.2,1168.0,28.2,143.0,1,PWF (Power Failure),0,0,1,0,0,0.3,53.7
6466,H16465,H,298.9,309.9,1168.0,48.9,45.0,0,No Failure,0,0,0,0,0,189.0,85.9
419,L10418,L,298.9,307.7,1168.0,49.2,88.0,0,No Failure,0,0,0,0,0,142.1,64.6
8839,L18838,L,299.9,309.2,1546.0,20.5,402.0,1,PWF (Power Failure),0,0,1,0,0,6.1,54.1
5563,L15562,L,301.7,310.0,1168.0,38.9,79.0,0,No Failure,0,0,0,0,0,166.8,75.8
9002,L19001,L,300.2,309.1,1400.0,29.1,107.0,0,No Failure,0,0,0,0,0,195.5,88.8
3222,H13221,H,301.8,312.0,1329.0,25.7,136.0,0,No Failure,0,0,0,0,0,136.3,61.9
6317,M16316,M,298.9,308.8,1168.0,37.3,10.0,0,No Failure,0,0,0,0,0,212.4,96.6
823,L10822,L,301.9,310.6,1379.0,35.2,101.0,0,No Failure,0,0,0,0,0,150.2,68.3
8914,L18913,L,301.0,312.1,1168.0,55.2,171.0,0,No Failure,0,0,0,0,0,88.1,40.1
8997,H18996,H,302.1,312.0,1168.0,50.5,11.0,0,No Failure,0,0,0,0,0,211.2,96.0
7587,L17586,L,302.4,313.4,1168.0,46.3,27.0,0,No Failure,0,0,0,0,0,200.6,91.2
544,H10543,H,300.7,311.4,1168.0,29.1,45.0,0,No Failure,0,0,0,0,0,186.9,85.0
9874,L19873,L,301.6,311.4,1197.0,39.0,126.0,1,RNF (Random Failure),0,0,0,0,1,0.5,60.4
123,L10122,L,300.9,310.8,1168.0,41.8,172.0,0,No Failure,0,0,0,0,0,100.1,45.5
271,L10270,L,300.9,310.1,1215.0,56.2,17.0,0,No Failure,0,0,0,0,0,198.5,90.2
9859,M19858,M,298.4,308.4,1253.0,31.3,73.0,0,No Failure,0,0,0,0,0,175.3,79.7
3210,L13209,L,299.5,309.8,1402.0,33.3,107.0,0,No Failure,0,0,0,0,0,154.7,70.3
2438,M12437,M,299.4,309.0,1181.0,31.6,134.0,0,No Failure,0,0,0,0,0,133.4,60.6
4228,L14227,L,299.3,308.3,1168.0,38.1,64.0,0,No Failure,0,0,0,0,0,166.2,75.5
1499,L11498,L,296.4,307.0,1168.0,44.3,38.0,0,No Failure,0,0,0,0,0,193.2,87.8
1618,M11617,M,301.1,311.7,1239.0,39.8,3.0,0,No Failure,0,0,0,0,0,218.0,99.1
5412,M15411,M,302.7,313.2,1168.0,54.5,19.0,0,No Failure,0,0,0,0,0,205.9,93.6
5180,M15179,M,299.5,309.1,1168.0,46.3,139.0,0,No Failure,0,0,0,0,0,119.0,54.1
8345,H18344,H,302.3,312.2,1308.0,26.7,27.0,0,No Failure,0,0,0,0,0,199.9,90.9
7182,L17181,L,298.7,308.4,1379.0,21.0,24.0,1,PWF (Power Failure),0,0,1,0,0,4.8,83.8
692,H10691,H,302.0,311.5,1266.0,32.1,122.0,0,No Failure,0,0,0,0,0,142.4,64.7
2646,H12645,H,298.4,308.5,1168.0,47.5,179.0,0,No Failure,0,0,0,0,0,98.1,44.6
2875,L12874,L,300.6,312.5,1168.0,49.1,80.0,0,No Failure,0,0,0,0,0,161.2,73.3
5600,L15599,L,300.5,310.5,1239.0,47.0,202.0,0,No Failure,0,0,0,0,0,74.2,33.7
5527,L15526,L,302.1,313.9,1239.0,54.1,189.0,0,No Failure,0,0,0,0,0,75.5,34.3
764,L10763,L,304.2,312.7,1302.0,30.0,131.0,1,HDF (Heat Dissipation),0,1,0,0,0,0.6,58.6
7923,H17922,H,300.0,310.6,1546.0,17.4,92.0,1,PWF (Power Failure),0,0,1,0,0,6.0,67.9
5015,L15014,L,298.7,306.9,1221.0,42.4,27.0,1,HDF (Heat Dissipation),0,1,0,0,0,6.0,83.2
1979,M11978,M,295.9,304.7,1365.0,25.9,153.0,0,No Failure,0,0,0,0,0,123.7,56.2
2885,M12884,M,302.0,312.4,1168.0,28.1,105.0,1,PWF (Power Failure),0,0,1,0,0,2.6,67.1
3496,H13495,H,300.3,311.5,1259.0,46.0,186.0,0,No Failure,0,0,0,0,0,94.7,43.1
2460,M12459,M,298.2,309.0,1168.0,41.4,202.0,0,No Failure,0,0,0,0,0,85.1,38.7
1610,L11609,L,292.925,309.3,1168.0,25.8,196.0,1,PWF (Power Failure),0,0,1,0,0,7.5,39.0
9584,H19583,H,301.7,310.0,1168.0,24.3,40.0,1,HDF (Heat Dissipation),0,1,1,0,0,6.7,71.3
5596,M15595,M,299.8,309.4,1426.0,37.7,187.0,0,No Failure,0,0,0,0,0,98.5,44.8
1038,L11037,L,300.1,311.3,1231.0,37.5,177.0,0,No Failure,0,0,0,0,0,102.3,46.5
7212,M17211,M,302.8,314.7,1168.0,35.4,120.0,0,No Failure,0,0,0,0,0,143.8,65.4
5916,M15915,M,299.5,310.0,1168.0,49.5,17.0,0,No Failure,0,0,0,0,0,207.9,94.5
963,L10962,L,295.2,305.8,1349.0,32.0,129.0,0,No Failure,0,0,0,0,0,138.5,62.9
2863,L12862,L,304.3,316.2,1333.0,36.3,45.0,0,No Failure,0,0,0,0,0,190.4,86.5
5745,M15744,M,303.3,314.8,1168.0,41.3,69.0,0,No Failure,0,0,0,0,0,174.0,79.1
9533,H19532,H,299.7,309.8,1251.0,37.1,108.0,0,No Failure,0,0,0,0,0,152.1,69.2
9473,L19472,L,299.1,309.4,1168.0,40.1,120.0,0,No Failure,0,0,0,0,0,138.3,62.9
7133,L17132,L,298.9,308.7,908.0,45.6,72.0,0,No Failure,0,0,0,0,0,166.4,75.6
7834,M17833,M,301.6,311.9,1168.0,46.8,0.0,0,No Failure,0,0,0,0,0,220.0,100.0
2319,L12318,L,298.8,310.4,1205.0,39.7,177.0,0,No Failure,0,0,0,0,0,100.0,45.4
8423,M18422,M,297.7,308.2,1308.0,29.2,84.0,0,No Failure,0,0,0,0,0,169.5,77.1
9337,L19336,L,297.6,309.3,1331.0,32.6,88.0,0,No Failure,0,0,0,0,0,164.1,74.6
2128,L12127,L,298.1,308.1,1168.0,54.4,203.0,1,OSF (Overstrain Failure),0,0,0,1,0,6.9,29.3
4439,L14438,L,296.4,306.7,1168.0,55.4,131.0,0,No Failure,0,0,0,0,0,118.8,54.0
8170,L18169,L,298.4,307.9,1168.0,60.9,81.0,0,No Failure,0,0,0,0,0,149.3,67.8
2773,H12772,H,302.3,312.0,1221.0,41.5,185.0,0,No Failure,0,0,0,0,0,96.6,43.9
591,H10590,H,304.1,313.1,1168.0,47.6,196.0,0,No Failure,0,0,0,0,0,75.4,34.3
8340,M18339,M,300.9,311.5,1228.0,39.7,11.0,0,No Failure,0,0,0,0,0,212.8,96.7
1234,M11233,M,300.5,311.0,1168.0,45.4,193.0,0,No Failure,0,0,0,0,0,86.9,39.5
8149,H18148,H,301.9,311.2,1168.0,43.0,5.0,0,No Failure,0,0,0,0,0,209.0,95.0
9331,M19330,M,297.5,308.7,1168.0,27.4,67.0,1,PWF (Power Failure),0,0,1,0,0,4.5,76.4
6798,L16797,L,299.0,310.2,1189.0,42.6,59.0,0,No Failure,0,0,0,0,0,179.0,81.3
8617,M18616,M,292.925,312.0,1224.0,41.6,75.0,0,No Failure,0,0,0,0,0,169.8,77.2
2372,L12371,L,300.7,310.4,1229.0,2.52,132.0,0,No Failure,0,0,0,0,0,131.1,59.6
3280,L13279,L,300.9,309.8,1168.0,34.1,116.0,0,No Failure,0,0,0,0,0,133.1,60.5
2162,L12161,L,300.3,310.0,1210.0,37.7,95.0,0,No Failure,0,0,0,0,0,153.5,69.8
7558,L17557,L,301.0,310.2,1168.0,47.4,147.0,0,No Failure,0,0,0,0,0,104.7,47.6
5842,L15841,L,299.1,309.4,1168.0,40.7,193.0,0,No Failure,0,0,0,0,0,87.9,40.0
6888,L16887,L,298.7,309.4,1325.0,21.3,137.0,1,PWF (Power Failure),0,0,1,0,0,6.7,54.6
1395,H11394,H,301.7,312.0,1246.0,27.2,112.0,0,No Failure,0,0,0,0,0,148.4,67.4
9209,L19208,L,298.8,310.2,1293.0,41.3,88.0,0,No Failure,0,0,0,0,0,159.5,72.5
9737,L19736,L,299.7,307.6,1329.0,31.7,121.0,1,HDF (Heat Dissipation),0,1,0,0,0,4.2,60.3
5423,M15422,M,301.0,309.9,1168.0,37.8,55.0,0,No Failure,0,0,0,0,0,172.3,78.3
4614,L14613,L,297.7,308.1,1168.0,40.1,61.0,0,No Failure,0,0,0,0,0,178.5,81.1
1602,L11601,L,297.9,307.6,1212.0,34.6,168.0,0,No Failure,0,0,0,0,0,108.1,49.1
4917,M14916,M,300.3,310.9,1168.0,34.7,144.0,0,No Failure,0,0,0,0,0,129.2,58.7
6316,M16315,M,301.3,310.1,1168.0,41.1,6.0,0,No Failure,0,0,0,0,0,202.8,92.2
4957,H14956,H,299.1,310.4,1268.0,31.9,60.0,0,No Failure,0,0,0,0,0,183.9,83.6
9894,H19893,H,297.7,307.9,1204.0,41.2,197.0,0,No Failure,0,0,0,0,0,92.1,41.9
4899,H14898,H,300.3,310.3,1168.0,59.0,83.0,0,No Failure,0,0,0,0,0,158.6,72.1
2424,L12423,L,292.925,309.9,1168.0,50.7,87.0,0,No Failure,0,0,0,0,0,155.3,70.6
3615,M13614,M,299.1,308.9,1243.0,44.7,183.0,0,No Failure,0,0,0,0,0,92.7,42.1
2812,H12811,H,300.5,309.2,1405.0,21.2,101.0,1,PWF (Power Failure),0,0,1,0,0,2.1,65.2
1601,H11600,H,296.9,305.8,1168.0,42.5,162.0,0,No Failure,0,0,0,0,0,101.7,46.2
5259,L15258,L,298.8,308.6,1176.0,30.1,166.0,0,No Failure,0,0,0,0,0,112.2,51.0
3831,L13830,L,302.8,312.5,1287.0,50.3,47.0,0,No Failure,0,0,0,0,0,183.0,83.2
6926,L16925,L,296.5,306.6,1182.0,31.0,35.0,0,No Failure,0,0,0,0,0,198.1,90.0
6346,M16345,M,295.8,307.4,1287.0,27.3,111.0,0,No Failure,0,0,0,0,0,151.2,68.7
9281,H19280,H,299.1,308.2,1437.0,12.8,121.0,1,PWF (Power Failure),0,0,1,0,0,4.9,62.0
6955,M16954,M,298.1,307.8,1450.0,38.6,138.0,0,No Failure,0,0,0,0,0,130.0,59.1
6558,L16557,L,297.6,306.9,1168.0,37.6,142.0,0,No Failure,0,0,0,0,0,117.8,53.5
8652,H18651,H,298.2,308.9,1168.0,38.6,189.0,0,No Failure,0,0,0,0,0,99.8,45.4
6203,M16202,M,299.1,310.2,1168.0,43.9,62.0,0,No Failure,0,0,0,0,0,177.8,80.8
8097,L18096,L,302.5,312.7,1168.0,53.4,41.0,0,No Failure,0,0,0,0,0,188.8,85.8
8137,M18136,M,301.9,311.9,1391.0,33.2,180.0,0,No Failure,0,0,0,0,0,107.9,49.1
8566,L18565,L,298.9,309.0,1338.0,34.7,119.0,0,No Failure,0,0,0,0,0,142.9,64.9
9685,L19684,L,300.2,310.8,1168.0,35.5,169.0,0,No Failure,0,0,0,0,0,109.6,49.8
8888,M18887,M,298.4,307.9,1168.0,53.0,89.0,0,No Failure,0,0,0,0,0,149.4,67.9
4261,H14260,H,299.2,309.5,1316.0,43.3,181.0,0,No Failure,0,0,0,0,0,100.6,45.7
9946,L19945,L,301.8,310.8,1168.0,34.7,158.0,0,No Failure,0,0,0,0,0,106.6,48.4
7164,M17163,M,299.1,309.8,1168.0,50.2,174.0,0,No Failure,0,0,0,0,0,95.4,43.4
4818,M14817,M,298.6,310.0,1168.0,47.9,54.0,0,No Failure,0,0,0,0,0,182.0,82.7
5522,L15521,L,300.8,310.6,1254.0,31.7,173.0,0,No Failure,0,0,0,0,0,109.3,49.7
74,L10073,L,297.1,307.7,1168.0,41.7,11.0,0,No Failure,0,0,0,0,0,212.4,96.5
1977,L11976,L,299.4,308.9,1168.0,48.3,-136.0,0,No Failure,0,0,0,0,0,108.7,49.4
8105,M18104,M,303.5,312.5,1209.0,41.6,66.0,0,No Failure,0,0,0,0,0,165.3,75.1
314,L10313,L,304.1,314.7,1168.0,54.0,161.0,0,No Failure,0,0,0,0,0,97.0,44.1
680,L10679,L,302.5,313.5,1168.0,44.0,83.0,0,No Failure,0,0,0,0,0,161.6,73.4
1652,L11651,L,300.0,318.2,1263.0,40.5,119.0,0,No Failure,0,0,0,0,0,138.7,63.1
9549,M19548,M,300.0,309.6,1184.0,41.7,165.0,0,No Failure,0,0,0,0,0,105.2,47.8
196,L10195,L,300.4,310.8,1385.0,45.7,201.0,0,No Failure,0,0,0,0,0,76.4,34.7
2500,L12499,L,301.8,310.6,1349.0,77.58,126.0,0,No Failure,0,0,0,0,0,128.4,58.4
9276,L19275,L,292.925,307.9,1240.0,35.4,105.0,0,No Failure,0,0,0,0,0,151.5,68.9
6421,L16420,L,304.0,314.1,1168.0,45.3,130.0,0,No Failure,0,0,0,0,0,127.5,57.9
2336,M12335,M,299.6,311.3,1264.0,44.4,11.0,0,No Failure,0,0,0,0,0,212.5,96.6
3052,L13051,L,298.4,308.9,1219.0,43.1,5.0,0,No Failure,0,0,0,0,0,216.5,98.4
9470,L19469,L,294.9,305.6,1168.0,34.0,111.0,0,No Failure,0,0,0,0,0,148.5,67.5
9895,M19894,M,298.4,316.11,1230.0,77.58,203.0,1,HDF (Heat Dissipation),0,1,0,0,0,1.1,29.0
4974,H14973,H,300.7,310.4,1316.0,38.1,112.0,0,No Failure,0,0,0,0,0,147.3,66.9
4204,M14203,M,299.6,310.5,1284.0,39.1,209.0,0,No Failure,0,0,0,0,0,83.1,37.8
7298,L17297,L,299.8,309.4,1270.0,26.9,185.0,0,No Failure,0,0,0,0,0,99.5,45.2
9542,H19541,H,295.9,306.1,1168.0,38.4,142.0,0,No Failure,0,0,0,0,0,129.8,59.0
7486,M17485,M,300.5,310.0,1168.0,26.9,148.0,1,PWF (Power Failure),0,0,1,0,0,1.5,51.6
3213,M13212,M,300.6,310.5,1168.0,48.2,110.0,0,No Failure,0,0,0,0,0,141.3,64.2
2873,L12872,L,299.0,309.5,1168.0,43.2,74.0,0,No Failure,0,0,0,0,0,168.3,76.5
2316,L12315,L,298.6,309.5,1182.0,21.8,107.0,0,No Failure,0,0,0,0,0,122.6,55.7
6063,L16062,L,300.9,310.5,1168.0,28.6,53.0,1,PWF (Power Failure),0,0,1,0,0,4.9,79.5
326,M10325,M,292.925,312.8,1301.0,37.0,202.0,0,No Failure,0,0,0,0,0,90.0,40.9
9370,M19369,M,298.3,309.4,1168.0,31.3,199.0,0,No Failure,0,0,0,0,0,98.2,44.6
7253,H17252,H,302.8,314.8,1244.0,51.9,17.0,0,No Failure,0,0,0,0,0,208.0,94.6
7347,L17346,L,297.2,305.9,1168.0,46.1,124.0,0,No Failure,0,0,0,0,0,116.8,53.1
8811,H18810,H,298.9,307.2,1445.0,17.2,38.0,1,PWF (Power Failure),0,0,1,0,0,5.8,80.7
3784,L13783,L,307.1,313.2,1289.0,19.9,105.0,1,PWF (Power Failure),0,0,1,0,0,5.1,63.3
6323,H16322,H,296.4,306.6,1342.0,34.9,26.0,0,No Failure,0,0,0,0,0,204.0,92.7
4245,M14244,M,299.5,308.8,1365.0,33.5,124.0,0,No Failure,0,0,0,0,0,140.0,63.6
8063,M18062,M,298.4,308.3,1258.0,27.5,157.0,0,No Failure,0,0,0,0,0,121.5,55.2
7,M10006,M,300.5,312.5,1213.0,48.6,23.0,0,No Failure,0,0,0,0,0,203.7,92.6
7994,H17993,H,301.6,313.1,1168.0,56.0,126.0,0,No Failure,0,0,0,0,0,128.7,58.5
3913,H13912,H,300.9,312.3,1168.0,36.3,107.0,0,No Failure,0,0,0,0,0,153.2,69.6
4050,M14049,M,299.9,308.8,1268.0,43.1,108.0,0,No Failure,0,0,0,0,0,138.1,62.8
7367,L17366,L,299.6,310.4,1546.0,20.1,189.0,1,PWF (Power Failure),0,0,1,0,0,3.4,45.8
5536,M15535,M,301.2,309.7,1263.0,35.4,223.0,1,HDF (Heat Dissipation),1,1,0,0,0,3.6,30.1
4785,H14784,H,299.7,310.3,1191.0,41.4,177.0,0,No Failure,0,0,0,0,0,104.9,47.7
5965,M15964,M,299.1,310.4,1181.0,25.0,166.0,1,PWF (Power Failure),0,0,1,0,0,5.6,47.6
6341,H16340,H,301.8,310.0,1299.0,32.7,89.0,1,HDF (Heat Dissipation),0,1,0,0,0,0.5,71.3
7794,L17793,L,301.6,312.0,1168.0,40.0,87.0,0,No Failure,0,0,0,0,0,160.8,73.1
9119,M19118,M,301.0,310.2,1168.0,47.0,3.0,0,No Failure,0,0,0,0,0,209.1,95.0
7892,H17891,H,303.0,313.5,1168.0,37.0,182.0,0,No Failure,0,0,0,0,0,105.7,48.1
6124,L16123,L,298.6,308.1,1180.0,44.1,38.0,0,No Failure,0,0,0,0,0,187.7,85.3
6055,L16054,L,302.9,313.8,1169.0,55.3,27.0,0,No Failure,0,0,0,0,0,199.2,90.5
9253,M19252,M,298.6,308.8,1329.0,48.1,13.0,0,No Failure,0,0,0,0,0,210.8,95.8
4307,M14306,M,298.2,308.2,1168.0,40.5,141.0,0,No Failure,0,0,0,0,0,126.6,57.5
8743,L18742,L,298.3,306.7,1168.0,32.8,22.0,1,HDF (Heat Dissipation),0,1,0,0,0,5.3,85.6
6244,M16243,M,292.925,311.2,1257.0,33.9,187.0,0,No Failure,0,0,0,0,0,102.9,46.8
466,M10465,M,301.6,310.4,1168.0,43.5,27.0,0,No Failure,0,0,0,0,0,188.5,85.7
4600,L14599,L,298.9,310.0,1358.0,65.2,7.0,1,PWF (Power Failure),0,0,1,0,0,7.7,89.6
7758,L17757,L,299.2,311.8,1168.0,39.4,192.0,0,No Failure,0,0,0,0,0,90.1,41.0
3734,M13733,M,300.4,310.9,1168.0,40.4,139.0,0,No Failure,0,0,0,0,0,128.0,58.2
4484,L14483,L,297.4,309.2,1227.0,27.6,63.0,0,No Failure,0,0,0,0,0,174.9,79.5
9229,M19228,M,301.7,311.8,908.0,50.3,160.0,0,No Failure,0,0,0,0,0,105.3,47.9
2098,L12097,L,300.8,309.8,1210.0,28.6,107.0,0,No Failure,0,0,0,0,0,139.2,63.3
8225,L18224,L,302.3,310.1,1199.0,32.1,51.0,1,HDF (Heat Dissipation),0,1,0,0,0,1.0,74.3
7188,L17187,L,300.5,310.6,1168.0,2.52,40.0,0,No Failure,0,0,0,0,0,193.8,88.1
8702,M18701,M,298.4,308.4,1168.0,41.0,108.0,0,No Failure,0,0,0,0,0,148.1,67.3
1471,H11470,H,299.6,309.4,1168.0,51.1,162.0,0,No Failure,0,0,0,0,0,104.5,47.5
873,H10872,H,303.2,313.4,1268.0,45.1,53.0,0,No Failure,0,0,0,0,0,184.5,83.9
5026,M15025,M,299.8,318.2,1461.0,14.7,66.0,1,PWF (Power Failure),0,0,1,0,0,5.6,74.4
9667,H19666,H,297.5,310.8,1292.0,53.2,97.0,0,No Failure,0,0,0,0,0,151.1,68.7
9068,M19067,M,299.8,310.3,1223.0,43.4,57.0,0,No Failure,0,0,0,0,0,181.3,82.4
1006,L11005,L,301.0,312.1,1168.0,43.2,61.0,0,No Failure,0,0,0,0,0,177.3,80.6
7324,H17323,H,302.7,312.9,1227.0,2.52,43.0,0,No Failure,0,0,0,0,0,194.1,88.2
1580,H11579,H,300.1,307.8,1367.0,33.2,91.0,1,HDF (Heat Dissipation),0,1,0,0,0,3.0,71.0
1820,M11819,M,301.3,311.7,1433.0,26.9,39.0,0,No Failure,0,0,0,0,0,197.1,89.6
6537,L16536,L,298.4,306.6,1279.0,50.4,64.0,1,HDF (Heat Dissipation),0,1,0,0,0,2.4,72.2
2049,L12048,L,301.7,312.1,1309.0,32.0,174.0,0,No Failure,0,0,0,0,0,110.0,50.0
1183,L11182,L,299.8,308.1,1254.0,19.8,19.0,1,HDF (Heat Dissipation),0,1,1,0,0,0.9,78.5
3673,L13672,L,301.0,310.3,1268.0,32.3,153.0,0,No Failure,0,0,0,0,0,117.4,53.4
7341,M17340,M,299.8,309.5,1516.0,19.6,104.0,1,PWF (Power Failure),0,0,1,0,0,2.1,65.5
8988,H18987,H,300.4,309.5,1229.0,25.5,198.0,1,PWF (Power Failure),0,0,1,0,0,3.8,38.3
6949,M16948,M,300.0,311.5,1168.0,44.8,113.0,0,No Failure,0,0,0,0,0,142.4,64.7
1074,H11073,H,303.2,314.1,1168.0,44.1,75.0,0,No Failure,0,0,0,0,0,170.2,77.4
5553,L15552,L,302.2,311.3,1287.0,42.4,47.0,0,No Failure,0,0,0,0,0,180.9,82.2
5498,L15497,L,301.1,312.7,1168.0,33.2,99.0,0,No Failure,0,0,0,0,0,156.7,71.2
7857,L17856,L,298.1,317.93,1168.0,39.5,73.0,0,No Failure,0,0,0,0,0,168.4,76.5
4213,L14212,L,301.2,311.0,1273.0,37.4,15.0,0,No Failure,0,0,0,0,0,208.5,94.8
1347,L11346,L,300.2,309.2,1184.0,41.5,158.0,0,No Failure,0,0,0,0,0,100.1,45.5
7888,L17887,L,301.1,312.4,1354.0,31.3,169.0,0,No Failure,0,0,0,0,0,113.9,51.8
7231,L17230,L,297.9,308.1,1168.0,42.1,181.0,0,No Failure,0,0,0,0,0,94.6,43.0
9717,L19716,L,300.9,309.4,1168.0,52.2,53.0,1,HDF (Heat Dissipation),0,1,0,0,0,3.8,74.4
8898,L18897,L,299.2,308.5,1215.0,44.5,119.0,0,No Failure,0,0,0,0,0,128.6,58.5
3033,L13032,L,303.6,315.2,1223.0,47.3,165.0,0,No Failure,0,0,0,0,0,100.6,45.7
6526,H16525,H,294.5,302.9,1204.0,33.8,32.0,1,HDF (Heat Dissipation),0,1,0,0,0,3.7,83.2
4338,L14337,L,301.4,310.8,1168.0,44.7,29.0,0,No Failure,0,0,0,0,0,192.9,87.7
1457,L11456,L,300.0,310.0,1515.0,23.8,120.0,0,No Failure,0,0,0,0,0,149.4,67.9
5852,H15851,H,302.9,310.7,1168.0,45.1,18.0,1,HDF (Heat Dissipation),0,1,0,0,0,1.1,83.5
8146,M18145,M,301.1,310.9,1168.0,51.8,205.0,0,No Failure,0,0,0,0,0,69.2,31.5
5552,L15551,L,300.5,312.4,1168.0,37.9,45.0,0,No Failure,0,0,0,0,0,190.0,86.3
7687,L17686,L,302.2,311.9,1168.0,37.4,107.0,0,No Failure,0,0,0,0,0,97.8,44.4
212,M10211,M,298.3,310.8,1187.0,26.3,36.0,1,PWF (Power Failure),0,0,1,0,0,1.2,86.2
6891,M16890,M,301.7,314.5,1546.0,20.3,145.0,0,No Failure,0,0,0,0,0,133.7,60.8
228,M10227,M,300.5,309.7,1341.0,41.9,92.0,0,No Failure,0,0,0,0,0,154.5,70.2
7842,L17841,L,302.6,312.3,908.0,44.3,27.0,0,No Failure,0,0,0,0,0,198.2,90.1
2543,L12542,L,300.8,309.2,1265.0,44.2,47.0,1,HDF (Heat Dissipation),0,1,0,0,0,4.3,79.0
1885,L11884,L,297.7,308.0,1338.0,42.1,54.0,0,No Failure,0,0,0,0,0,182.6,83.0
4932,M14931,M,297.5,307.7,1168.0,47.7,191.0,0,No Failure,0,0,0,0,0,85.9,39.0
624,L10623,L,302.2,313.6,1256.0,24.2,101.0,1,PWF (Power Failure),0,0,1,0,0,2.2,65.4
3821,M13820,M,298.3,306.1,1199.0,32.1,13.0,1,HDF (Heat Dissipation),0,1,0,0,0,6.0,85.4
7227,L17226,L,299.0,309.2,1168.0,40.8,168.0,0,No Failure,0,0,0,0,0,105.0,47.7
6774,H16773,H,298.3,309.8,1204.0,53.2,200.0,0,No Failure,0,0,0,0,0,78.0,35.4
3196,L13195,L,301.6,311.6,1546.0,27.9,50.0,0,No Failure,0,0,0,0,0,189.6,86.2
9688,H19687,H,300.5,310.3,1168.0,39.1,180.0,0,No Failure,0,0,0,0,0,102.9,46.8
2468,M12467,M,301.4,311.3,1168.0,35.1,16.0,0,No Failure,0,0,0,0,0,208.8,94.9
3869,M13868,M,301.5,311.6,1168.0,46.9,163.0,0,No Failure,0,0,0,0,0,106.2,48.3
8935,H18934,H,298.1,307.7,1197.0,50.8,16.0,0,No Failure,0,0,0,0,0,204.4,92.9
5943,L15942,L,303.1,314.0,1515.0,26.6,107.0,0,No Failure,0,0,0,0,0,155.8,70.8
8990,L18989,L,297.1,307.9,1168.0,50.2,207.0,1,TWF (Tool Wear Failure),1,0,0,0,0,4.5,30.3
474,L10473,L,300.9,312.1,1168.0,47.8,50.0,0,No Failure,0,0,0,0,0,183.7,83.5
4909,M14908,M,300.0,310.4,1168.0,40.5,118.0,0,No Failure,0,0,0,0,0,141.8,64.5
9600,M19599,M,296.7,310.05,1293.0,37.0,95.0,0,No Failure,0,0,0,0,0,158.9,72.2
6139,L16138,L,300.1,311.7,1168.0,33.6,83.0,0,No Failure,0,0,0,0,0,166.7,75.8
4480,H14479,H,299.3,311.2,1283.0,25.9,48.0,1,PWF (Power Failure),0,0,1,0,0,5.4,83.5
3070,L13069,L,300.2,310.7,1334.0,42.6,60.0,0,No Failure,0,0,0,0,0,178.3,81.0
1765,L11764,L,299.9,309.3,1174.0,36.3,74.0,0,No Failure,0,0,0,0,0,164.7,74.9
9623,H19622,H,296.8,306.2,1199.0,43.3,170.0,0,No Failure,0,0,0,0,0,101.2,46.0
3669,L13668,L,300.6,311.5,1343.0,35.5,141.0,0,No Failure,0,0,0,0,0,127.9,58.1
4633,L14632,L,298.9,309.3,1168.0,53.0,126.0,0,No Failure,0,0,0,0,0,124.5,56.6
8805,M18804,M,301.3,312.4,1168.0,39.1,14.0,0,No Failure,0,0,0,0,0,210.8,95.8
349,M10348,M,300.0,311.1,1168.0,47.6,69.0,0,No Failure,0,0,0,0,0,171.6,78.0
9902,L19901,L,300.2,309.0,908.0,38.6,10.0,0,No Failure,0,0,0,0,0,200.1,90.9
2489,L12488,L,300.6,310.4,1242.0,42.5,86.0,0,No Failure,0,0,0,0,0,158.4,72.0
5790,L15789,L,301.1,311.1,1168.0,29.0,17.0,0,No Failure,0,0,0,0,0,202.6,92.1
2632,L12631,L,302.6,311.8,1168.0,31.4,128.0,0,No Failure,0,0,0,0,0,130.8,59.4
9538,L19537,L,300.5,311.1,1182.0,42.8,128.0,0,No Failure,0,0,0,0,0,130.8,59.5
3438,L13437,L,303.1,312.9,1408.0,22.2,206.0,1,PWF (Power Failure),0,0,1,0,0,0.0,39.6
9324,M19323,M,299.5,308.4,1230.0,33.5,48.0,0,No Failure,0,0,0,0,0,179.4,81.5
6703,H16702,H,296.4,307.9,1515.0,27.5,182.0,0,No Failure,0,0,0,0,0,114.5,52.0
5493,L15492,L,300.1,311.6,1168.0,31.7,81.0,0,No Failure,0,0,0,0,0,169.0,76.8
5785,L15784,L,302.3,313.3,1373.0,77.58,402.0,1,TWF (Tool Wear Failure),1,0,0,0,0,0.5,33.8
8671,L18670,L,301.6,311.6,1168.0,39.4,17.0,0,No Failure,0,0,0,0,0,208.5,94.8
9940,M19939,M,300.4,309.4,1168.0,33.9,138.0,0,No Failure,0,0,0,0,0,122.5,55.7
4535,M14534,M,295.7,304.9,1316.0,22.8,3.0,1,PWF (Power Failure),0,0,1,0,0,1.0,88.9
4102,M14101,M,298.3,308.5,1168.0,56.2,72.0,0,No Failure,0,0,0,0,0,166.1,75.5
5937,L15936,L,302.1,312.6,1388.0,32.1,86.0,0,No Failure,0,0,0,0,0,165.6,75.3
4268,H14267,H,296.2,304.3,1168.0,51.4,2.0,1,HDF (Heat Dissipation),0,1,0,0,0,7.9,89.9
482,L10481,L,299.8,308.3,1168.0,35.4,70.0,1,HDF (Heat Dissipation),0,1,0,0,0,2.9,71.7
3444,L13443,L,302.4,312.8,1168.0,41.3,2.0,0,No Failure,0,0,0,0,0,218.6,99.4
1993,L11992,L,297.4,307.1,1220.0,34.0,205.0,0,No Failure,0,0,0,0,0,84.9,38.6
3262,M13261,M,302.7,314.1,1172.0,61.0,56.0,0,No Failure,0,0,0,0,0,176.6,80.3
2259,L12258,L,304.4,314.0,1302.0,37.7,195.0,0,No Failure,0,0,0,0,0,87.5,39.8
2687,L12686,L,298.8,308.7,1353.0,34.4,100.0,0,No Failure,0,0,0,0,0,154.9,70.4
2231,L12230,L,296.7,306.5,1168.0,47.5,104.0,0,No Failure,0,0,0,0,0,142.4,64.7
7102,L17101,L,297.0,307.5,1361.0,36.0,195.0,0,No Failure,0,0,0,0,0,92.1,41.9
7378,H17377,H,299.3,310.5,1224.0,39.3,17.0,0,No Failure,0,0,0,0,0,209.1,95.1
1593,H11592,H,300.0,311.0,1276.0,36.1,131.0,0,No Failure,0,0,0,0,0,138.4,62.9
4064,M14063,M,302.4,312.5,1168.0,52.7,168.0,0,No Failure,0,0,0,0,0,97.4,44.3
106,M10105,M,301.8,310.9,1168.0,47.5,115.0,0,No Failure,0,0,0,0,0,129.5,58.8
8896,L18895,L,299.7,309.2,1414.0,34.3,114.0,0,No Failure,0,0,0,0,0,145.6,66.2
612,M10611,M,298.4,309.3,1278.0,35.1,57.0,0,No Failure,0,0,0,0,0,183.9,83.6
2704,H12703,H,300.6,309.6,1168.0,42.5,163.0,0,No Failure,0,0,0,0,0,102.1,46.4
4935,M14934,M,299.8,308.8,1168.0,52.0,201.0,0,No Failure,0,0,0,0,0,63.1,28.7
3200,H13199,H,301.9,314.1,1438.0,23.1,61.0,1,PWF (Power Failure),0,0,1,0,0,5.3,80.5
385,L10384,L,302.4,313.8,1168.0,50.0,188.0,0,No Failure,0,0,0,0,0,80.9,36.8
9975,M19974,M,299.4,309.3,1168.0,48.9,22.0,0,No Failure,0,0,0,0,0,203.3,92.4
6732,M16731,M,298.7,308.8,1168.0,57.9,63.0,0,No Failure,0,0,0,0,0,172.2,78.3
3849,L13848,L,298.8,306.7,1194.0,35.6,103.0,1,HDF (Heat Dissipation),0,1,0,0,0,1.0,58.9
5051,L15050,L,299.1,310.6,1191.0,50.5,149.0,0,No Failure,0,0,0,0,0,109.3,49.7
3011,L13010,L,303.2,311.8,1250.0,34.5,94.0,0,No Failure,0,0,0,0,0,146.9,66.8
3464,L13463,L,302.3,312.5,1168.0,33.0,76.0,0,No Failure,0,0,0,0,0,171.5,78.0
9617,L19616,L,300.0,309.5,1168.0,40.4,152.0,0,No Failure,0,0,0,0,0,116.3,52.9
5214,H15213,H,300.7,311.3,1181.0,43.6,28.0,0,No Failure,0,0,0,0,0,201.5,91.6
5246,M15245,M,303.5,313.9,1189.0,31.4,123.0,0,No Failure,0,0,0,0,0,144.6,65.7
701,L10700,L,300.7,311.2,1168.0,30.1,156.0,0,No Failure,0,0,0,0,0,119.9,54.5
7483,M17482,M,299.4,309.2,1168.0,43.2,138.0,0,No Failure,0,0,0,0,0,124.3,56.5
1491,L11490,L,301.5,311.5,1168.0,50.5,7.0,0,No Failure,0,0,0,0,0,214.8,97.6
8403,M18402,M,300.3,309.0,1218.0,45.8,2.0,0,No Failure,0,0,0,0,0,205.3,93.3
5383,M15382,M,301.6,312.0,1285.0,34.1,142.0,0,No Failure,0,0,0,0,0,130.9,59.5
9830,M19829,M,300.4,311.5,1289.0,35.6,194.0,0,No Failure,0,0,0,0,0,96.7,43.9
6912,M16911,M,299.4,309.2,1168.0,38.5,217.0,1,TWF (Tool Wear Failure),1,0,0,0,0,6.0,34.7
3714,M13713,M,300.7,311.2,1381.0,38.3,55.0,0,No Failure,0,0,0,0,0,184.2,83.7
1261,L11260,L,302.6,312.3,1202.0,41.5,76.0,0,No Failure,0,0,0,0,0,164.4,74.7
4248,L14247,L,300.4,310.3,1168.0,33.8,136.0,0,No Failure,0,0,0,0,0,131.5,59.8
9564,M19563,M,298.5,309.5,1168.0,53.5,214.0,0,No Failure,0,0,0,0,0,62.9,28.6
1187,L11186,L,303.1,313.6,1168.0,39.9,32.0,0,No Failure,0,0,0,0,0,198.3,90.1
209,L10208,L,299.4,310.8,1225.0,32.7,25.0,0,No Failure,0,0,0,0,0,204.1,92.8
9334,M19333,M,297.9,307.8,1232.0,51.3,76.0,0,No Failure,0,0,0,0,0,164.2,74.6
6475,L16474,L,297.4,307.8,1168.0,48.3,84.0,0,No Failure,0,0,0,0,0,158.7,72.1
7099,L17098,L,298.9,309.4,1287.0,44.9,188.0,0,No Failure,0,0,0,0,0,86.6,39.4
2881,L12880,L,301.2,312.1,1168.0,49.4,95.0,0,No Failure,0,0,0,0,0,150.0,68.2
6331,L16330,L,301.0,312.0,1301.0,29.4,57.0,0,No Failure,0,0,0,0,0,184.9,84.0
9157,L19156,L,299.6,309.1,1168.0,42.9,137.0,0,No Failure,0,0,0,0,0,119.0,54.1
8810,H18809,H,298.8,310.3,1234.0,35.9,32.0,0,No Failure,0,0,0,0,0,200.1,90.9
5193,L15192,L,300.4,310.2,1168.0,27.8,182.0,1,PWF (Power Failure),0,0,1,0,0,1.9,43.8
5696,L15695,L,297.7,306.9,1168.0,61.4,87.0,0,No Failure,0,0,0,0,0,140.9,64.0
7087,M17086,M,299.8,309.8,1168.0,40.4,150.0,0,No Failure,0,0,0,0,0,120.7,54.8
8341,L18340,L,303.1,313.1,1259.0,40.9,15.0,0,No Failure,0,0,0,0,0,209.7,95.3
5484,L15483,L,301.3,318.2,1342.0,41.9,49.0,0,No Failure,0,0,0,0,0,184.2,83.7
8194,H18193,H,302.5,314.1,1179.0,22.2,161.0,1,PWF (Power Failure),0,0,1,0,0,3.9,49.6
8098,M18097,M,302.9,314.6,1187.0,38.8,43.0,0,No Failure,0,0,0,0,0,191.9,87.2
1945,H11944,H,298.9,306.7,1393.0,39.5,26.0,0,No Failure,0,0,0,0,0,197.8,89.9
6134,L16133,L,299.1,307.3,1168.0,34.1,67.0,1,HDF (Heat Dissipation),0,1,0,0,0,4.5,71.4
3471,L13470,L,298.3,309.5,1229.0,44.1,98.0,0,No Failure,0,0,0,0,0,150.9,68.6
8464,H18463,H,298.3,308.1,1436.0,23.3,3.0,0,No Failure,0,0,0,0,0,210.1,95.5
4566,M14565,M,295.3,306.0,1168.0,43.0,110.0,0,No Failure,0,0,0,0,0,145.6,66.2
167,H10166,H,300.8,310.2,1243.0,27.7,93.0,0,No Failure,0,0,0,0,0,155.2,70.5
4167,L14166,L,301.8,312.7,1181.0,29.3,79.0,0,No Failure,0,0,0,0,0,166.5,75.7
7530,L17529,L,301.2,310.7,1283.0,26.1,60.0,0,No Failure,0,0,0,0,0,172.5,78.4
515,L10514,L,300.4,311.3,1168.0,36.5,174.0,0,No Failure,0,0,0,0,0,105.3,47.9
5175,L15174,L,300.8,311.8,1267.0,32.9,126.0,0,No Failure,0,0,0,0,0,139.7,63.5
755,M10754,M,299.2,309.5,1168.0,34.6,105.0,0,No Failure,0,0,0,0,0,153.8,69.9
1911,L11910,L,300.0,309.7,1168.0,51.1,134.0,0,No Failure,0,0,0,0,0,111.2,50.5
177,L10176,L,300.3,310.3,1334.0,59.0,131.0,0,No Failure,0,0,0,0,0,116.0,52.7
1518,H11517,H,301.1,310.3,1407.0,33.6,103.0,0,No Failure,0,0,0,0,0,155.6,70.7
8802,L18801,L,300.6,311.3,1395.0,20.0,5.0,1,PWF (Power Failure),0,0,1,0,0,3.3,88.7
7845,L17844,L,298.1,308.0,1168.0,63.2,35.0,0,No Failure,0,0,0,0,0,190.2,86.5
3498,M13497,M,298.2,308.1,1188.0,24.8,195.0,1,PWF (Power Failure),0,0,1,0,0,1.0,39.5
31,M10030,M,297.8,306.9,1168.0,41.4,104.0,0,No Failure,0,0,0,0,0,140.7,63.9
6898,L16897,L,298.2,308.0,1168.0,30.3,166.0,0,No Failure,0,0,0,0,0,112.0,50.9
9197,M19196,M,300.4,311.2,1382.0,21.3,50.0,1,PWF (Power Failure),0,0,1,0,0,7.7,78.4
5403,L15402,L,299.3,308.9,1201.0,38.8,207.0,0,No Failure,0,0,0,0,0,76.3,34.7
4947,M14946,M,292.925,309.6,1180.0,44.4,28.0,0,No Failure,0,0,0,0,0,197.5,89.8
8548,M18547,M,298.8,308.3,1168.0,35.8,62.0,0,No Failure,0,0,0,0,0,175.0,79.6
2913,M12912,M,300.4,309.8,1168.0,50.1,207.0,0,No Failure,0,0,0,0,0,65.3,29.7
8683,M18682,M,302.1,313.4,1168.0,40.1,53.0,0,No Failure,0,0,0,0,0,185.0,84.1
1023,H11022,H,297.6,309.6,1344.0,36.0,123.0,0,No Failure,0,0,0,0,0,143.4,65.2
796,L10795,L,296.9,307.5,1217.0,39.1,10.0,0,No Failure,0,0,0,0,0,213.3,96.9
1426,L11425,L,298.7,307.8,1168.0,50.1,10.0,0,No Failure,0,0,0,0,0,202.7,92.1
2880,L12879,L,300.0,308.7,1168.0,40.0,93.0,0,No Failure,0,0,0,0,0,145.8,66.3
208,M10207,M,300.4,311.4,1222.0,49.9,21.0,0,No Failure,0,0,0,0,0,205.0,93.2
480,L10479,L,298.7,308.9,1298.0,66.1,66.0,0,No Failure,0,0,0,0,0,154.1,70.1
9993,L19992,L,302.4,312.4,1168.0,46.6,86.0,0,No Failure,0,0,0,0,0,158.1,71.9
6299,L16298,L,299.4,308.7,1298.0,41.4,172.0,0,No Failure,0,0,0,0,0,96.9,44.1
4447,L14446,L,298.4,309.0,1283.0,38.7,402.0,0,No Failure,0,0,0,0,0,113.8,51.7
232,L10231,L,301.0,309.3,1308.0,29.9,103.0,1,HDF (Heat Dissipation),0,1,0,0,0,2.0,66.2
9862,M19861,M,299.0,308.2,1477.0,77.58,83.0,0,No Failure,0,0,0,0,0,171.2,77.8
1252,L11251,L,302.0,310.1,1193.0,50.4,107.0,1,HDF (Heat Dissipation),0,1,0,0,0,1.8,77.0
8584,L18583,L,300.0,309.4,1168.0,46.3,-110.0,0,No Failure,0,0,0,0,0,87.2,39.6
274,M10273,M,301.7,312.8,1173.0,53.5,25.0,0,No Failure,0,0,0,0,0,201.6,91.7
5517,L15516,L,300.5,310.4,1168.0,44.6,157.0,0,No Failure,0,0,0,0,0,107.8,49.0
257,H10256,H,299.7,308.9,1196.0,61.0,193.0,0,No Failure,0,0,0,0,0,66.5,30.2
5416,L15415,L,297.0,306.9,1168.0,31.8,31.0,0,No Failure,0,0,0,0,0,199.3,90.6
1736,M11735,M,299.6,309.2,1168.0,48.7,195.0,0,No Failure,0,0,0,0,0,77.6,35.3
8552,M18551,M,299.9,310.0,1366.0,23.1,75.0,1,PWF (Power Failure),0,0,1,0,0,2.8,74.5
430,H10429,H,301.0,312.0,1168.0,48.5,129.0,0,No Failure,0,0,0,0,0,131.5,59.8
4340,H14339,H,298.2,308.4,1340.0,45.8,34.0,0,No Failure,0,0,0,0,0,197.1,89.6
712,M10711,M,301.7,310.5,1168.0,36.9,192.0,0,No Failure,0,0,0,0,0,83.4,37.9
5002,M15001,M,300.0,309.2,1168.0,35.2,205.0,0,No Failure,0,0,0,0,0,81.3,37.0
9709,M19708,M,296.7,305.8,1189.0,32.8,24.0,0,No Failure,0,0,0,0,0,195.2,88.7
3084,M13083,M,301.4,313.5,1168.0,48.4,110.0,0,No Failure,0,0,0,0,0,142.3,64.7
9739,M19738,M,298.9,309.1,1173.0,48.8,126.0,0,No Failure,0,0,0,0,0,130.7,59.4
7681,H17680,H,300.6,309.5,1168.0,38.7,154.0,0,No Failure,0,0,0,0,0,109.9,49.9
4427,L14426,L,300.3,308.1,1546.0,23.8,91.0,0,No Failure,0,0,0,0,0,167.0,75.9
7760,M17759,M,300.7,309.5,1168.0,39.1,197.0,0,No Failure,0,0,0,0,0,77.8,35.3
6039,L16038,L,297.4,310.0,1168.0,45.1,205.0,0,No Failure,0,0,0,0,0,74.3,33.8
9572,M19571,M,297.3,306.3,1168.0,62.4,7.0,0,No Failure,0,0,0,0,0,203.5,92.5
1082,H11081,H,302.4,312.0,1171.0,48.0,104.0,0,No Failure,0,0,0,0,0,144.5,65.7
7514,M17513,M,297.5,306.5,1168.0,43.4,11.0,0,No Failure,0,0,0,0,0,201.5,91.6
5417,L15416,L,299.9,310.7,1168.0,43.7,34.0,0,No Failure,0,0,0,0,0,196.1,89.1
4992,H14991,H,302.1,310.3,1425.0,24.6,175.0,0,No Failure,0,0,0,0,0,115.6,52.6
5827,M15826,M,303.0,312.9,1385.0,27.1,142.0,0,No Failure,0,0,0,0,0,136.1,61.8
3798,M13797,M,300.4,310.6,1310.0,48.7,155.0,0,No Failure,0,0,0,0,0,110.3,50.1
127,L10126,L,307.1,315.3,1327.0,44.4,182.0,0,No Failure,0,0,0,0,0,91.4,41.6
354,M10353,M,299.5,308.1,1185.0,52.8,85.0,0,No Failure,0,0,0,0,0,142.5,64.8
819,M10818,M,299.2,309.3,1168.0,40.5,88.0,0,No Failure,0,0,0,0,0,161.7,73.5
5435,M15434,M,304.0,314.5,1168.0,47.9,104.0,0,No Failure,0,0,0,0,0,146.8,66.7
7999,L17998,L,301.3,311.7,1168.0,55.3,141.0,0,No Failure,0,0,0,0,0,111.2,50.5
242,M10241,M,307.1,313.0,1255.0,39.8,143.0,0,No Failure,0,0,0,0,0,125.8,57.2
7055,L17054,L,296.4,306.0,1245.0,35.7,42.0,0,No Failure,0,0,0,0,0,188.9,85.9
9665,L19664,L,302.2,313.4,1168.0,42.6,90.0,0,No Failure,0,0,0,0,0,157.4,71.5
524,M10523,M,303.0,311.2,1294.0,39.7,203.0,1,HDF (Heat Dissipation),0,1,0,0,0,6.3,33.3
8103,M18102,M,301.4,310.2,1252.0,22.6,59.0,1,PWF (Power Failure),0,0,1,0,0,1.7,70.1
2699,L12698,L,298.2,306.8,1168.0,51.7,147.0,0,No Failure,0,0,0,0,0,94.3,42.9
5629,L15628,L,300.8,311.2,1295.0,44.6,81.0,1,RNF (Random Failure),0,0,0,0,1,4.1,73.9
2015,L12014,L,299.3,310.2,1546.0,25.7,64.0,0,No Failure,0,0,0,0,0,182.0,82.7
6752,L16751,L,302.8,310.8,1230.0,34.6,128.0,1,HDF (Heat Dissipation),0,1,0,0,0,1.0,53.5
4534,L14533,L,300.3,312.1,1235.0,39.2,0.0,0,No Failure,0,0,0,0,0,220.0,100.0
2172,L12171,L,300.5,310.1,1263.0,35.4,128.0,0,No Failure,0,0,0,0,0,133.2,60.5
186,M10185,M,295.5,306.9,1168.0,44.3,168.0,0,No Failure,0,0,0,0,0,105.1,47.8
7542,L17541,L,301.4,314.1,1327.0,28.5,96.0,0,No Failure,0,0,0,0,0,161.3,73.3
1695,M11694,M,296.1,306.5,1168.0,55.8,47.0,0,No Failure,0,0,0,0,0,184.9,84.0
4738,L14737,L,300.1,308.8,1168.0,32.3,23.0,0,No Failure,0,0,0,0,0,191.1,86.9
1851,L11850,L,298.9,309.0,1168.0,46.4,136.0,0,No Failure,0,0,0,0,0,122.3,55.6
5905,L15904,L,303.2,311.9,1188.0,39.4,190.0,0,No Failure,0,0,0,0,0,77.2,35.1
8363,L18362,L,299.6,310.9,1168.0,28.4,97.0,1,PWF (Power Failure),0,0,1,0,0,1.9,69.0
9459,M19458,M,301.5,312.7,1168.0,37.1,72.0,0,No Failure,0,0,0,0,0,173.6,78.9
2536,M12535,M,300.3,311.3,1168.0,52.8,26.0,0,No Failure,0,0,0,0,0,201.0,91.4
4560,M14559,M,299.0,309.4,1222.0,38.8,86.0,0,No Failure,0,0,0,0,0,163.8,74.5
632,H10631,H,298.4,308.4,1356.0,44.0,130.0,0,No Failure,0,0,0,0,0,133.8,60.8
7730,L17729,L,300.4,308.7,1214.0,38.6,93.0,1,HDF (Heat Dissipation),0,1,0,0,0,7.6,63.6
7813,M17812,M,303.1,312.7,1337.0,34.5,146.0,0,No Failure,0,0,0,0,0,126.1,57.3
901,L10900,L,302.9,312.0,1168.0,43.0,142.0,0,No Failure,0,0,0,0,0,111.0,50.4
4284,L14283,L,297.0,308.3,1168.0,42.3,60.0,0,No Failure,0,0,0,0,0,178.4,81.1
787,H10786,H,299.4,308.3,1168.0,46.7,213.0,0,No Failure,0,0,0,0,0,63.7,28.9
7016,H17015,H,300.0,309.7,1176.0,51.8,135.0,0,No Failure,0,0,0,0,0,121.8,55.4
7795,M17794,M,303.5,315.1,1236.0,45.4,90.0,0,No Failure,0,0,0,0,0,157.9,71.8
8812,H18811,H,297.6,307.6,1203.0,47.9,43.0,0,No Failure,0,0,0,0,0,190.6,86.6
2783,M12782,M,299.6,309.7,1420.0,28.2,3.0,0,No Failure,0,0,0,0,0,218.2,99.2
5888,L15887,L,300.4,309.7,1249.0,24.5,128.0,1,PWF (Power Failure),0,0,1,0,0,5.2,55.6
675,M10674,M,298.9,308.9,1452.0,26.1,67.0,0,No Failure,0,0,0,0,0,180.9,82.2
5280,M15279,M,301.1,310.2,1168.0,31.8,5.0,0,No Failure,0,0,0,0,0,207.0,94.1
4072,M14071,M,301.9,313.0,1382.0,24.3,195.0,0,No Failure,0,0,0,0,0,100.3,45.6
4475,L14474,L,298.2,306.3,1227.0,42.0,32.0,1,HDF (Heat Dissipation),0,1,0,0,0,6.5,81.5
9360,L19359,L,300.6,318.2,1168.0,20.6,165.0,1,PWF (Power Failure),0,0,1,0,0,7.4,43.7
4808,M14807,M,307.1,310.2,1283.0,35.8,19.0,0,No Failure,0,0,0,0,0,207.9,94.5
6742,L16741,L,298.8,308.7,1168.0,47.0,100.0,0,No Failure,0,0,0,0,0,146.7,66.7
2118,L12117,L,299.4,308.2,1193.0,35.3,179.0,0,No Failure,0,0,0,0,0,90.1,41.0
7593,H17592,H,301.7,312.4,1168.0,46.0,49.0,0,No Failure,0,0,0,0,0,187.0,85.0
2794,H12793,H,292.925,313.1,1233.0,44.7,42.0,0,No Failure,0,0,0,0,0,192.0,87.3
4181,M14180,M,298.8,309.5,1456.0,25.2,130.0,0,No Failure,0,0,0,0,0,144.8,65.8
1811,L11810,L,298.8,309.7,1260.0,45.5,11.0,0,No Failure,0,0,0,0,0,212.2,96.4
6738,M16737,M,297.1,307.2,1198.0,77.58,88.0,0,No Failure,0,0,0,0,0,161.4,73.4
3150,L13149,L,300.9,312.5,1168.0,55.8,114.0,0,No Failure,0,0,0,0,0,131.7,59.9
10000,L19999,L,302.5,313.9,1222.0,30.0,101.0,0,No Failure,0,0,0,0,0,157.4,71.5
449,L10448,L,297.8,306.7,1168.0,33.1,206.0,0,No Failure,0,0,0,0,0,76.3,34.7
5239,L15238,L,301.5,312.0,1219.0,38.0,104.0,0,No Failure,0,0,0,0,0,150.5,68.4
7657,M17656,M,301.5,311.9,1213.0,48.4,65.0,0,No Failure,0,0,0,0,0,174.1,79.1
7312,L17311,L,296.9,307.2,1358.0,35.5,5.0,0,No Failure,0,0,0,0,0,216.7,98.5
9913,H19912,H,300.4,310.9,1168.0,50.4,49.0,0,No Failure,0,0,0,0,0,185.9,84.5
3219,L13218,L,301.5,310.2,1235.0,35.4,127.0,0,No Failure,0,0,0,0,0,124.8,56.7
7368,M17367,M,296.1,305.0,1338.0,33.9,-93.0,0,No Failure,0,0,0,0,0,94.9,43.1
8942,L18941,L,299.1,309.7,1168.0,44.2,43.0,0,No Failure,0,0,0,0,0,189.7,86.2
2843,L12842,L,299.6,310.4,1214.0,32.9,210.0,0,No Failure,0,0,0,0,0,86.1,39.2
5255,M15254,M,300.3,311.2,1168.0,46.5,151.0,0,No Failure,0,0,0,0,0,114.9,52.2
432,M10431,M,299.0,310.3,1233.0,26.7,141.0,1,PWF (Power Failure),0,0,1,0,0,2.9,58.0
2984,M12983,M,300.7,312.4,1431.0,35.6,4.0,0,No Failure,0,0,0,0,0,217.5,98.8
8626,L18625,L,303.0,313.3,1246.0,40.15,106.0,0,No Failure,0,0,0,0,0,147.7,67.1
1184,L11183,L,302.3,311.6,1479.0,27.2,21.0,0,No Failure,0,0,0,0,0,207.3,94.2
760,L10759,L,301.3,310.6,1168.0,40.2,121.0,0,No Failure,0,0,0,0,0,129.9,59.0
2308,L12307,L,302.0,312.1,1254.0,37.7,138.0,0,No Failure,0,0,0,0,0,128.1,58.2
8440,L18439,L,300.0,309.2,1332.0,36.0,148.0,0,No Failure,0,0,0,0,0,118.8,54.0
3870,L13869,L,297.8,307.6,1194.0,37.5,166.0,0,No Failure,0,0,0,0,0,107.4,48.8
4721,L14720,L,302.0,311.8,1182.0,23.3,185.0,1,PWF (Power Failure),0,0,1,0,0,3.4,40.2
7803,L17802,L,299.4,309.9,1254.0,32.0,117.0,0,No Failure,0,0,0,0,0,146.1,66.4
7804,L17803,L,300.1,310.1,1168.0,50.8,119.0,0,No Failure,0,0,0,0,0,131.4,59.7
9081,L19080,L,300.1,309.9,1168.0,36.8,98.0,0,No Failure,0,0,0,0,0,153.0,69.6
895,M10894,M,296.5,305.4,1385.0,27.0,123.0,0,No Failure,0,0,0,0,0,144.5,65.7
295,H10294,H,301.6,311.9,1168.0,53.4,92.0,0,No Failure,0,0,0,0,0,154.6,70.3
6023,L16022,L,298.7,310.3,1168.0,57.7,145.0,0,No Failure,0,0,0,0,0,106.0,48.2
4047,L14046,L,297.5,307.7,1168.0,44.8,101.0,0,No Failure,0,0,0,0,0,148.4,67.5
3335,L13334,L,301.1,312.9,1168.0,35.6,71.0,0,No Failure,0,0,0,0,0,173.6,78.9
4656,H14655,H,297.9,308.0,1254.0,33.9,200.0,0,No Failure,0,0,0,0,0,97.6,44.4
9445,M19444,M,301.3,311.3,1168.0,38.9,28.0,0,No Failure,0,0,0,0,0,201.7,91.7
4586,M14585,M,297.0,308.1,1232.0,32.6,183.0,0,No Failure,0,0,0,0,0,106.7,48.5
4169,M14168,M,301.5,310.05,1353.0,35.0,84.0,0,No Failure,0,0,0,0,0,161.7,73.5
6193,L16192,L,296.3,306.8,1168.0,35.3,30.0,0,No Failure,0,0,0,0,0,200.4,91.1
9748,H19747,H,298.0,308.3,1345.0,37.0,158.0,0,No Failure,0,0,0,0,0,120.8,54.9
825,H10824,H,302.1,312.3,1168.0,38.3,106.0,0,No Failure,0,0,0,0,0,152.7,69.4
4832,L14831,L,299.5,308.5,1179.0,41.5,98.0,0,No Failure,0,0,0,0,0,141.5,64.3
7974,L17973,L,302.4,313.9,1168.0,20.5,42.0,1,PWF (Power Failure),0,0,1,0,0,5.1,79.3
1278,L11277,L,299.9,310.2,1168.0,40.9,137.0,0,No Failure,0,0,0,0,0,126.1,57.3
5013,L15012,L,298.4,310.3,1168.0,56.6,22.0,0,No Failure,0,0,0,0,0,202.8,92.2
5235,M15234,M,301.5,311.3,1170.0,41.5,92.0,0,No Failure,0,0,0,0,0,156.3,71.1
7159,L17158,L,299.1,309.9,1221.0,49.3,162.0,0,No Failure,0,0,0,0,0,100.8,45.8
8396,M18395,M,301.3,312.4,1168.0,39.6,202.0,0,No Failure,0,0,0,0,0,87.1,39.6
3797,M13796,M,301.8,312.8,1371.0,77.58,151.0,0,No Failure,0,0,0,0,0,116.2,52.8
3177,H13176,H,295.8,306.3,1168.0,23.7,204.0,1,PWF (Power Failure),0,0,1,0,0,4.3,38.0
7686,H17685,H,299.3,310.0,1367.0,36.5,174.0,0,No Failure,0,0,0,0,0,110.1,50.0
6919,L16918,L,307.1,312.6,1168.0,42.1,16.0,0,No Failure,0,0,0,0,0,208.9,95.0
9317,H19316,H,297.6,308.8,1168.0,51.1,27.0,0,No Failure,0,0,0,0,0,201.1,91.4
1073,L11072,L,300.1,312.4,1168.0,37.5,73.0,0,No Failure,0,0,0,0,0,171.5,77.9
5197,L15196,L,298.2,306.3,1321.0,52.3,200.0,1,HDF (Heat Dissipation),0,1,0,0,0,7.2,26.6
5675,M15674,M,301.1,310.8,1487.0,19.4,13.0,1,PWF (Power Failure),0,0,1,0,0,1.8,87.0
6860,L16859,L,296.9,307.0,1275.0,36.6,48.0,0,No Failure,0,0,0,0,0,188.3,85.6
7866,L17865,L,304.9,315.9,1546.0,22.5,102.0,0,No Failure,0,0,0,0,0,158.3,72.0
9426,M19425,M,300.2,310.2,1270.0,45.2,185.0,0,No Failure,0,0,0,0,0,92.6,42.1
8236,L18235,L,300.8,310.9,1335.0,15.9,90.0,1,PWF (Power Failure),0,0,1,0,0,2.5,68.1
5001,L15000,L,300.9,309.1,1329.0,36.9,203.0,1,HDF (Heat Dissipation),0,1,0,0,0,7.8,34.6
839,L10838,L,303.5,314.4,1168.0,34.8,155.0,0,No Failure,0,0,0,0,0,119.4,54.3
1712,L11711,L,300.5,310.4,1217.0,36.5,109.0,0,No Failure,0,0,0,0,0,147.1,66.9
5807,M15806,M,304.4,314.5,1228.0,48.2,77.0,0,No Failure,0,0,0,0,0,165.7,75.3
4561,H14560,H,298.7,307.6,1168.0,48.0,89.0,0,No Failure,0,0,0,0,0,147.1,66.8
8960,M18959,M,299.7,311.7,1168.0,41.2,99.0,0,No Failure,0,0,0,0,0,154.0,70.0
6599,L16598,L,300.1,302.0,1189.0,40.15,49.0,0,No Failure,0,0,0,0,0,185.7,84.4
4023,L14022,L,299.8,310.1,1181.0,22.3,11.0,1,PWF (Power Failure),0,0,1,0,0,4.1,87.1
6381,M16380,M,297.0,306.3,1168.0,51.5,235.0,1,OSF (Overstrain Failure),1,0,0,1,0,5.2,19.2
5876,L15875,L,300.8,309.3,1397.0,40.0,95.0,0,No Failure,0,0,0,0,0,151.9,69.0
4000,L13999,L,301.1,312.8,1356.0,34.2,152.0,0,No Failure,0,0,0,0,0,121.9,55.4
5150,L15149,L,298.1,310.2,1168.0,33.6,49.0,0,No Failure,0,0,0,0,0,188.6,85.7
7107,M17106,M,298.0,308.2,1205.0,48.0,209.0,0,No Failure,0,0,0,0,0,72.9,33.1
8152,M18151,M,303.1,314.4,1226.0,27.8,17.0,0,No Failure,0,0,0,0,0,203.6,92.5
6288,H16287,H,296.2,306.1,1168.0,60.8,124.0,0,No Failure,0,0,0,0,0,126.1,57.3
3853,L13852,L,300.5,310.7,1210.0,29.4,114.0,0,No Failure,0,0,0,0,0,147.7,67.1
925,L10924,L,303.6,313.6,1327.0,40.6,228.0,1,TWF (Tool Wear Failure),1,0,0,0,0,6.4,29.2
919,L10918,L,300.1,311.4,1207.0,40.3,208.0,0,No Failure,0,0,0,0,0,78.2,35.5
9349,M19348,M,299.0,309.4,1230.0,31.3,127.0,0,No Failure,0,0,0,0,0,142.3,64.7
6733,H16732,H,301.4,312.2,1317.0,48.1,67.0,0,No Failure,0,0,0,0,0,174.2,79.2
8587,L18586,L,301.3,311.7,1168.0,58.7,195.0,1,OSF (Overstrain Failure),0,0,0,1,0,5.3,29.8
749,M10748,M,301.7,312.6,1365.0,26.0,85.0,0,No Failure,0,0,0,0,0,168.1,76.4
9550,L19549,L,299.6,309.5,1384.0,32.4,169.0,0,No Failure,0,0,0,0,0,112.5,51.1
5767,L15766,L,292.925,313.7,1310.0,44.0,148.0,0,No Failure,0,0,0,0,0,115.8,52.6
7464,H17463,H,296.2,305.8,1258.0,30.4,75.0,0,No Failure,0,0,0,0,0,172.0,78.2
9340,L19339,L,298.9,309.8,1264.0,37.5,98.0,0,No Failure,0,0,0,0,0,154.8,70.4
6251,H16250,H,301.7,310.2,1168.0,35.2,0.0,1,HDF (Heat Dissipation),0,1,0,0,0,5.7,92.5
6508,L16507,L,299.6,309.1,1231.0,36.4,196.0,0,No Failure,0,0,0,0,0,86.1,39.2
8515,L18514,L,300.8,310.3,1194.0,38.5,181.0,0,No Failure,0,0,0,0,0,93.0,42.3
1769,L11768,L,292.925,307.7,1168.0,59.3,87.0,0,No Failure,0,0,0,0,0,150.8,68.5
7863,L17862,L,292.925,318.2,1546.0,12.3,93.0,1,PWF (Power Failure),0,0,1,0,0,5.5,68.3
3268,M13267,M,298.0,306.4,1168.0,77.58,72.0,1,HDF (Heat Dissipation),0,1,0,0,0,5.2,71.6
2723,L12722,L,299.4,310.2,1360.0,41.0,13.0,0,No Failure,0,0,0,0,0,211.1,95.9
7895,L17894,L,303.8,314.3,1168.0,34.1,194.0,0,No Failure,0,0,0,0,0,94.9,43.2
1447,H11446,H,296.7,306.6,1168.0,48.6,77.0,0,No Failure,0,0,0,0,0,166.0,75.5
8263,H18262,H,298.6,308.7,1287.0,39.3,179.0,0,No Failure,0,0,0,0,0,105.5,48.0
1622,M11621,M,299.3,309.1,1168.0,34.5,18.0,0,No Failure,0,0,0,0,0,206.5,93.8
7670,M17669,M,304.4,313.6,1168.0,29.9,110.0,0,No Failure,0,0,0,0,0,140.8,64.0
3013,M13012,M,301.3,311.3,1179.0,35.2,103.0,0,No Failure,0,0,0,0,0,154.7,70.3
1375,H11374,H,302.7,310.0,1217.0,54.7,37.0,1,HDF (Heat Dissipation),0,1,0,0,0,7.2,75.3
3071,L13070,L,300.8,309.4,1242.0,34.8,62.0,1,HDF (Heat Dissipation),0,1,0,0,0,3.9,75.9
9932,M19931,M,299.4,307.6,1537.0,19.6,115.0,1,PWF (Power Failure),0,0,1,0,0,4.9,63.3
9172,M19171,M,301.0,312.2,1280.0,37.7,182.0,0,No Failure,0,0,0,0,0,102.2,46.4
7737,M17736,M,300.7,310.4,1197.0,39.7,113.0,0,No Failure,0,0,0,0,0,143.2,65.1
2931,M12930,M,300.4,308.6,1168.0,51.0,52.0,1,HDF (Heat Dissipation),0,1,0,0,0,0.9,74.0
8870,M18869,M,299.3,307.6,1168.0,49.5,31.0,1,HDF (Heat Dissipation),0,1,0,0,0,3.7,81.5
4068,M14067,M,301.8,311.6,1168.0,43.7,180.0,0,No Failure,0,0,0,0,0,95.3,43.3
1240,L11239,L,298.5,310.0,1168.0,32.0,0.0,0,No Failure,0,0,0,0,0,220.0,100.0
2739,M12738,M,298.0,308.0,1188.0,44.2,63.0,0,No Failure,0,0,0,0,0,177.0,80.4
5770,M15769,M,298.8,307.5,1200.0,42.7,157.0,0,No Failure,0,0,0,0,0,99.7,45.3
2159,L12158,L,298.6,308.6,1168.0,38.5,87.0,0,No Failure,0,0,0,0,0,161.6,73.5
5672,H15671,H,298.7,309.3,1168.0,46.1,108.0,0,No Failure,0,0,0,0,0,220.0,100.0
5568,L15567,L,297.6,302.0,1168.0,51.1,95.0,0,No Failure,0,0,0,0,0,149.1,67.8
5796,M15795,M,298.5,307.6,1261.0,54.0,37.0,0,No Failure,0,0,0,0,0,185.2,84.2
1995,L11994,L,297.1,308.2,1250.0,50.8,0.0,0,No Failure,0,0,0,0,0,220.0,100.0
498,M10497,M,302.1,312.1,1168.0,46.8,117.0,0,No Failure,0,0,0,0,0,138.4,62.9
2252,M12251,M,299.7,311.4,1320.0,29.1,169.0,0,No Failure,0,0,0,0,0,118.6,53.9
2809,L12808,L,300.4,311.2,1178.0,21.0,94.0,1,PWF (Power Failure),0,0,1,0,0,7.3,65.8
4223,L14222,L,301.2,311.8,1168.0,48.3,47.0,0,No Failure,0,0,0,0,0,185.7,84.4
3363,M13362,M,302.1,312.8,1168.0,53.2,160.0,0,No Failure,0,0,0,0,0,102.8,46.7
9577,L19576,L,296.4,305.6,1220.0,36.5,22.0,0,No Failure,0,0,0,0,0,197.4,89.7
2972,M12971,M,298.3,307.0,1272.0,59.7,185.0,0,No Failure,0,0,0,0,0,67.7,30.8
2339,M12338,M,299.5,308.4,1168.0,48.7,297.0,0,No Failure,0,0,0,0,0,191.6,87.1
3475,M13474,M,300.8,309.6,1286.0,32.1,110.0,0,No Failure,0,0,0,0,0,143.5,65.2
8307,M18306,M,302.8,312.6,1352.0,31.5,114.0,0,No Failure,0,0,0,0,0,149.2,67.8
6833,L16832,L,296.8,306.1,1260.0,57.0,168.0,0,No Failure,0,0,0,0,0,82.8,37.6
7345,L17344,L,292.925,308.4,1241.0,40.9,118.0,0,No Failure,0,0,0,0,0,133.6,60.7
2941,H12940,H,299.8,311.9,1367.0,31.7,83.0,0,No Failure,0,0,0,0,0,170.1,77.3
9059,L19058,L,295.2,305.5,1168.0,56.9,25.0,0,No Failure,0,0,0,0,0,200.5,91.1
7485,L17484,L,301.1,312.6,1168.0,35.5,146.0,0,No Failure,0,0,0,0,0,124.7,56.7
1868,L11867,L,298.6,310.1,1179.0,41.3,203.0,0,No Failure,0,0,0,0,0,80.4,36.5
2209,L12208,L,300.6,308.6,1170.0,39.5,32.0,1,HDF (Heat Dissipation),0,1,0,0,0,0.9,80.2
6810,M16809,M,297.5,307.1,1172.0,25.9,100.0,1,PWF (Power Failure),0,0,1,0,0,4.5,63.8
3117,L13116,L,299.6,309.4,1332.0,34.7,4.0,0,No Failure,0,0,0,0,0,216.4,98.3
2371,L12370,L,296.0,306.6,1168.0,42.9,402.0,0,No Failure,0,0,0,0,0,130.0,59.1
4272,L14271,L,297.9,308.0,1229.0,25.0,19.0,1,PWF (Power Failure),0,0,1,0,0,5.6,87.6
9395,M19394,M,300.4,310.4,1204.0,37.7,80.0,0,No Failure,0,0,0,0,0,168.2,76.5
7130,L17129,L,298.5,309.4,1210.0,26.6,64.0,1,PWF (Power Failure),0,0,1,0,0,0.9,77.2
6521,H16520,H,297.4,308.5,1293.0,37.3,17.0,0,No Failure,0,0,0,0,0,209.3,95.1
5935,L15934,L,301.9,313.4,1268.0,44.1,81.0,0,No Failure,0,0,0,0,0,162.9,74.1
1953,M11952,M,298.1,308.8,1328.0,37.4,59.0,0,No Failure,0,0,0,0,0,181.9,82.7
6741,M16740,M,298.3,307.2,1401.0,26.7,97.0,0,No Failure,0,0,0,0,0,160.7,73.0
9397,M19396,M,299.2,309.7,1389.0,29.0,87.0,0,No Failure,0,0,0,0,0,167.8,76.3
3804,L13803,L,296.4,305.7,1168.0,63.4,171.0,0,No Failure,0,0,0,0,0,72.0,32.7
2111,M12110,M,299.1,307.3,1168.0,37.0,152.0,1,HDF (Heat Dissipation),0,1,0,0,0,2.2,46.5
838,H10837,H,302.8,312.3,1235.0,38.8,150.0,0,No Failure,0,0,0,0,0,119.7,54.4
2156,H12155,H,298.8,308.8,1271.0,32.7,78.0,0,No Failure,0,0,0,0,0,172.7,78.5
2382,L12381,L,298.6,311.1,1346.0,45.7,167.0,0,No Failure,0,0,0,0,0,100.7,45.8
5377,L15376,L,300.9,310.5,1546.0,45.1,121.0,0,No Failure,0,0,0,0,0,129.6,58.9
81,M10080,M,300.2,311.6,1168.0,31.1,33.0,0,No Failure,0,0,0,0,0,199.8,90.8
2449,M12448,M,299.8,309.2,1168.0,42.4,165.0,0,No Failure,0,0,0,0,0,102.3,46.5
1774,H11773,H,301.2,312.1,1168.0,40.4,108.0,0,No Failure,0,0,0,0,0,150.3,68.3
5723,L15722,L,300.5,309.9,1168.0,44.3,187.0,0,No Failure,0,0,0,0,0,81.4,37.0
8851,L18850,L,297.1,306.6,1309.0,45.3,191.0,0,No Failure,0,0,0,0,0,80.9,36.8
797,L10796,L,300.1,310.2,1168.0,47.7,12.0,0,No Failure,0,0,0,0,0,211.3,96.0
8359,H18358,H,299.1,309.3,1286.0,21.3,80.0,1,PWF (Power Failure),0,0,1,0,0,3.1,70.1
6357,L16356,L,301.3,312.0,1224.0,42.6,150.0,0,No Failure,0,0,0,0,0,115.7,52.6
7035,L17034,L,301.3,311.9,1243.0,60.9,200.0,1,OSF (Overstrain Failure),0,0,0,1,0,4.5,26.8
3641,L13640,L,301.8,311.7,1186.0,37.2,52.0,0,No Failure,0,0,0,0,0,184.4,83.8
6378,H16377,H,296.2,308.7,1168.0,49.7,225.0,0,No Failure,0,0,0,0,0,64.2,29.2
7693,L17692,L,301.1,311.0,1443.0,2.52,197.0,0,No Failure,0,0,0,0,0,94.5,43.0
7080,H17079,H,296.0,307.5,1168.0,2.52,121.0,0,No Failure,0,0,0,0,0,145.3,66.0
6083,M16082,M,298.3,310.05,1298.0,38.4,118.0,0,No Failure,0,0,0,0,0,143.2,65.1
504,M10503,M,300.2,312.1,1327.0,28.7,142.0,0,No Failure,0,0,0,0,0,135.1,61.4
6179,L16178,L,299.9,309.6,1168.0,38.4,213.0,1,TWF (Tool Wear Failure),1,0,0,0,0,2.7,33.6
1440,H11439,H,300.8,310.6,1168.0,51.4,54.0,0,No Failure,0,0,0,0,0,179.9,81.8
9280,H19279,H,298.8,308.7,1263.0,44.5,116.0,0,No Failure,0,0,0,0,0,141.9,64.5
2286,L12285,L,294.0,303.7,1168.0,37.4,67.0,0,No Failure,0,0,0,0,0,172.2,78.3
7799,L17798,L,302.5,318.2,1279.0,44.1,103.0,0,No Failure,0,0,0,0,0,144.4,65.6
2312,L12311,L,298.8,307.8,1168.0,41.6,156.0,0,No Failure,0,0,0,0,0,101.4,46.1
425,M10424,M,301.9,302.0,1250.0,39.7,110.0,0,No Failure,0,0,0,0,0,137.8,62.7
2997,M12996,M,301.7,312.5,1528.0,26.9,46.0,0,No Failure,0,0,0,0,0,193.0,87.7
5433,M15432,M,303.5,313.0,1168.0,69.1,98.0,0,No Failure,0,0,0,0,0,134.1,61.0
4894,L14893,L,298.9,306.9,1168.0,41.1,69.0,1,HDF (Heat Dissipation),0,1,0,0,0,4.6,68.5
4343,M14342,M,299.9,309.5,1268.0,40.9,45.0,0,No Failure,0,0,0,0,0,186.9,84.9
8366,H18365,H,301.1,309.1,1168.0,45.2,106.0,1,HDF (Heat Dissipation),0,1,0,0,0,6.6,57.7
2575,M12574,M,297.7,308.9,1236.0,32.3,152.0,0,No Failure,0,0,0,0,0,126.1,57.3
7566,H17565,H,301.7,313.8,1206.0,43.5,174.0,0,No Failure,0,0,0,0,0,105.0,47.7
7754,H17753,H,301.4,310.7,1168.0,44.0,176.0,0,No Failure,0,0,0,0,0,95.5,43.4
4123,H14122,H,300.8,309.8,1168.0,41.9,150.0,0,No Failure,0,0,0,0,0,111.1,50.5
4874,M14873,M,297.4,306.9,1168.0,37.6,7.0,0,No Failure,0,0,0,0,0,210.0,95.4
4696,M14695,M,297.3,308.2,1168.0,42.7,112.0,0,No Failure,0,0,0,0,0,144.4,65.6
6007,M16006,M,295.1,306.0,1168.0,36.9,106.0,0,No Failure,0,0,0,0,0,167.9,76.3
3811,M13810,M,298.2,308.2,1223.0,46.6,196.0,0,No Failure,0,0,0,0,0,83.5,38.0
3082,L13081,L,300.7,310.6,1375.0,26.8,104.0,0,No Failure,0,0,0,0,0,157.2,71.4
3412,L13411,L,299.5,308.6,1168.0,39.2,112.0,0,No Failure,0,0,0,0,0,134.5,61.1
9953,H19952,H,297.8,307.8,1352.0,38.2,184.0,0,No Failure,0,0,0,0,0,103.4,47.0
8633,L18632,L,300.0,306.8,1168.0,50.5,134.0,0,No Failure,0,0,0,0,0,117.1,53.2
956,H10955,H,299.3,308.1,1315.0,39.6,105.0,0,No Failure,0,0,0,0,0,145.6,66.2
6668,L16667,L,298.7,308.6,1454.0,15.8,107.0,1,PWF (Power Failure),0,0,1,0,0,1.8,75.2
7413,L17412,L,307.1,309.3,1306.0,28.5,133.0,0,No Failure,0,0,0,0,0,138.7,63.1
9319,M19318,M,301.0,312.0,1189.0,47.9,35.0,0,No Failure,0,0,0,0,0,195.4,88.8
5261,M15260,M,301.1,309.4,1207.0,31.6,170.0,1,HDF (Heat Dissipation),0,1,0,0,0,4.4,44.3
3075,H13074,H,298.3,308.5,1346.0,29.0,81.0,0,No Failure,0,0,0,0,0,172.4,78.4
7120,M17119,M,299.7,311.9,1168.0,36.5,26.0,0,No Failure,0,0,0,0,0,203.3,92.4
4826,L14825,L,299.9,311.6,1168.0,40.4,80.0,0,No Failure,0,0,0,0,0,165.4,75.2
3933,M13932,M,297.0,306.7,1168.0,37.9,177.0,0,No Failure,0,0,0,0,0,101.9,46.3
2733,M12732,M,300.8,309.9,1190.0,34.4,45.0,0,No Failure,0,0,0,0,0,181.8,82.6
6715,M16714,M,299.0,308.0,1228.0,44.0,10.0,0,No Failure,0,0,0,0,0,203.4,92.5
7904,M17903,M,298.5,306.8,1168.0,34.2,14.0,1,HDF (Heat Dissipation),0,1,0,0,0,4.6,87.5
3333,L13332,L,297.2,306.5,1234.0,45.6,65.0,0,No Failure,0,0,0,0,0,167.0,75.9
4464,H14463,H,300.2,309.9,1168.0,33.6,212.0,0,No Failure,0,0,0,0,0,87.3,39.7
9744,M19743,M,297.3,306.7,1303.0,54.1,142.0,0,No Failure,0,0,0,0,0,111.4,50.6
1571,L11570,L,299.6,309.8,1168.0,35.4,57.0,0,No Failure,0,0,0,0,0,182.8,83.1
9562,L19561,L,302.1,313.5,1168.0,59.7,210.0,1,OSF (Overstrain Failure),0,0,0,1,0,3.4,23.8
1042,M11041,M,301.0,310.4,1168.0,37.3,189.0,0,No Failure,0,0,0,0,0,91.5,41.6
7275,M17274,M,297.7,307.3,1270.0,39.7,102.0,0,No Failure,0,0,0,0,0,146.9,66.8
3048,M13047,M,301.6,313.0,1168.0,40.0,218.0,0,No Failure,0,0,0,0,0,76.1,34.6
1762,L11761,L,299.5,306.8,1168.0,40.8,67.0,1,HDF (Heat Dissipation),0,1,0,0,0,3.0,65.6
8950,L18949,L,300.8,311.7,1324.0,40.3,68.0,0,No Failure,0,0,0,0,0,173.6,78.9
8989,L18988,L,301.5,310.7,1303.0,43.1,204.0,0,No Failure,0,0,0,0,0,72.3,32.9
372,L10371,L,302.7,313.2,1461.0,25.6,144.0,0,No Failure,0,0,0,0,0,134.5,61.1
8202,H18201,H,303.2,303.27,1168.0,39.7,190.0,0,No Failure,0,0,0,0,0,98.1,44.6
5663,M15662,M,301.8,313.2,1364.0,37.0,185.0,0,No Failure,0,0,0,0,0,101.0,45.9
8457,H18456,H,302.3,311.0,1546.0,24.8,201.0,0,No Failure,0,0,0,0,0,106.3,48.3
5708,H15707,H,298.2,306.2,1225.0,42.5,133.0,1,HDF (Heat Dissipation),0,1,0,0,0,1.6,51.4
2106,M12105,M,300.6,310.7,1168.0,55.9,135.0,0,No Failure,0,0,0,0,0,119.1,54.1
6146,M16145,M,299.9,310.1,1397.0,37.6,100.0,0,No Failure,0,0,0,0,0,155.3,70.6
6223,M16222,M,302.2,312.6,1168.0,60.7,123.0,0,No Failure,0,0,0,0,0,124.8,56.7
3114,M13113,M,299.4,308.5,1401.0,31.3,217.0,1,TWF (Tool Wear Failure),1,0,0,0,0,2.3,38.7
3246,M13245,M,298.9,308.9,1168.0,40.5,2.0,0,No Failure,0,0,0,0,0,218.7,99.4
698,M10697,M,302.4,311.6,1186.0,41.1,147.0,0,No Failure,0,0,0,0,0,113.3,51.5
8215,L18214,L,303.7,311.9,1174.0,50.2,13.0,1,HDF (Heat Dissipation),0,1,0,0,0,3.0,86.6
5761,L15760,L,300.8,310.8,1299.0,25.0,126.0,1,PWF (Power Failure),0,0,1,0,0,3.8,61.2
5945,L15944,L,304.9,317.2,1289.0,33.2,114.0,0,No Failure,0,0,0,0,0,147.1,66.9
785,H10784,H,302.5,312.1,1168.0,59.5,205.0,0,No Failure,0,0,0,0,0,63.5,28.9
1052,L11051,L,301.0,311.1,1168.0,53.8,7.0,0,No Failure,0,0,0,0,0,214.7,97.6
6801,L16800,L,297.9,308.5,1168.0,40.8,68.0,0,No Failure,0,0,0,0,0,173.4,78.8
5304,L15303,L,302.6,311.5,1213.0,46.0,87.0,0,No Failure,0,0,0,0,0,146.2,66.5
4031,M14030,M,296.1,306.0,1215.0,56.6,43.0,0,No Failure,0,0,0,0,0,186.7,84.8
174,H10173,H,298.1,308.1,1168.0,46.1,120.0,0,No Failure,0,0,0,0,0,139.1,63.2
2149,M12148,M,298.9,309.9,1209.0,38.2,55.0,0,No Failure,0,0,0,0,0,184.2,83.7
6099,M16098,M,302.7,313.9,1168.0,53.8,168.0,0,No Failure,0,0,0,0,0,96.4,43.8
6802,M16801,M,302.5,312.6,1168.0,48.6,70.0,0,No Failure,0,0,0,0,0,170.5,77.5
1207,M11206,M,302.0,312.8,1194.0,38.5,105.0,0,No Failure,0,0,0,0,0,151.6,68.9
983,M10982,M,297.4,306.8,1168.0,46.2,199.0,0,No Failure,0,0,0,0,0,75.3,34.2
5961,L15960,L,301.0,313.7,1242.0,32.9,158.0,0,No Failure,0,0,0,0,0,119.3,54.2
9481,H19480,H,298.7,306.1,1390.0,36.2,146.0,0,No Failure,0,0,0,0,0,122.1,55.5
3654,L13653,L,302.5,311.3,1182.0,29.4,93.0,0,No Failure,0,0,0,0,0,150.3,68.3
9596,L19595,L,298.6,305.9,1180.0,26.1,84.0,1,HDF (Heat Dissipation),0,1,1,0,0,1.1,56.5
6450,M16449,M,299.3,310.0,1345.0,25.9,226.0,0,No Failure,0,0,0,0,0,84.2,38.3
8656,L18655,L,298.1,309.2,1168.0,42.2,204.0,0,No Failure,0,0,0,0,0,78.6,35.7
2622,H12621,H,297.1,307.6,1168.0,48.9,95.0,0,No Failure,0,0,0,0,0,154.6,70.3
3247,L13246,L,300.4,312.8,1168.0,58.4,5.0,0,No Failure,0,0,0,0,0,216.0,98.2
2957,L12956,L,304.5,314.7,1244.0,40.7,137.0,0,No Failure,0,0,0,0,0,126.3,57.4
4036,L14035,L,300.5,311.0,1168.0,37.2,60.0,0,No Failure,0,0,0,0,0,180.2,81.9
4915,L14914,L,300.6,310.7,1227.0,41.4,136.0,0,No Failure,0,0,0,0,0,126.4,57.4
929,M10928,M,301.1,311.3,1257.0,2.52,10.0,0,No Failure,0,0,0,0,0,214.0,97.3
5451,L15450,L,300.0,314.6,1176.0,44.6,164.0,0,No Failure,0,0,0,0,0,104.0,47.3
8463,M18462,M,299.1,308.6,1415.0,25.9,0.0,0,No Failure,0,0,0,0,0,219.2,99.6
9891,M19890,M,299.3,310.1,1168.0,59.9,187.0,0,No Failure,0,0,0,0,0,76.1,34.6
8746,L18745,L,296.5,306.7,1168.0,49.7,31.0,0,No Failure,0,0,0,0,0,197.1,89.6
4672,L14671,L,297.5,309.5,1173.0,36.0,30.0,0,No Failure,0,0,0,0,0,200.3,91.1
4342,L14341,L,301.4,310.6,1289.0,33.7,42.0,0,No Failure,0,0,0,0,0,187.4,85.2
64,M10063,M,299.4,311.4,1168.0,28.6,212.0,1,PWF (Power Failure),0,0,1,0,0,6.0,38.7
1982,L11981,L,298.8,318.2,1334.0,30.8,165.0,0,No Failure,0,0,0,0,0,116.9,53.1
6463,M16462,M,298.6,308.9,1168.0,44.8,35.0,0,No Failure,0,0,0,0,0,196.0,89.1
6530,L16529,L,298.5,309.0,1168.0,49.1,45.0,0,No Failure,0,0,0,0,0,186.9,85.0
9557,L19556,L,292.925,311.9,1497.0,30.2,192.0,0,No Failure,0,0,0,0,0,100.7,45.8
294,L10293,L,296.8,307.0,1168.0,48.6,90.0,0,No Failure,0,0,0,0,0,154.2,70.1
4736,M14735,M,297.5,308.9,1300.0,35.8,16.0,0,No Failure,0,0,0,0,0,209.8,95.4
3422,L13421,L,298.6,309.6,1190.0,32.1,145.0,0,No Failure,0,0,0,0,0,128.3,58.3
2215,H12214,H,299.4,309.9,1168.0,42.7,53.0,0,No Failure,0,0,0,0,0,185.2,84.2
4892,L14891,L,300.5,309.5,1168.0,33.1,64.0,0,No Failure,0,0,0,0,0,168.1,76.4
9989,L19988,L,302.3,312.9,1528.0,16.1,75.0,1,PWF (Power Failure),0,0,1,0,0,5.8,71.7
8770,L18769,L,300.4,309.9,1431.0,30.7,110.0,0,No Failure,0,0,0,0,0,150.9,68.6
1782,M11781,M,301.5,311.1,1187.0,33.2,135.0,0,No Failure,0,0,0,0,0,132.8,60.4
6727,L16726,L,300.8,312.0,1483.0,22.9,46.0,0,No Failure,0,0,0,0,0,186.7,84.9
3396,H13395,H,301.1,310.7,1168.0,41.3,53.0,0,No Failure,0,0,0,0,0,181.2,82.3
5225,L15224,L,302.0,311.4,1254.0,32.6,60.0,0,No Failure,0,0,0,0,0,176.7,80.3
8002,H18001,H,304.3,316.3,1353.0,30.2,154.0,0,No Failure,0,0,0,0,0,128.6,58.5
1272,L11271,L,298.0,308.2,1168.0,39.7,119.0,0,No Failure,0,0,0,0,0,139.3,63.3
4557,M14556,M,300.5,310.8,1168.0,36.2,76.0,0,No Failure,0,0,0,0,0,171.4,77.9
7101,L17100,L,300.7,310.7,1168.0,40.1,402.0,0,No Failure,0,0,0,0,0,88.6,40.3
9563,L19562,L,307.1,311.0,1168.0,34.3,212.0,1,TWF (Tool Wear Failure),1,0,0,0,0,1.3,37.8
9785,M19784,M,300.8,310.0,1400.0,22.4,49.0,1,PWF (Power Failure),0,0,1,0,0,4.4,80.2
1568,L11567,L,297.4,308.5,1238.0,60.6,51.0,0,No Failure,0,0,0,0,0,179.0,81.4
997,M10996,M,299.8,309.7,1185.0,36.9,31.0,0,No Failure,0,0,0,0,0,199.0,90.4
3728,L13727,L,301.0,310.3,1168.0,47.5,115.0,0,No Failure,0,0,0,0,0,128.9,58.6
7268,M17267,M,302.5,309.8,1352.0,42.5,74.0,1,HDF (Heat Dissipation),0,1,0,0,0,5.3,72.0
9188,M19187,M,299.8,309.6,1168.0,60.2,23.0,0,No Failure,0,0,0,0,0,200.1,90.9
7876,L17875,L,300.9,311.8,1269.0,24.7,129.0,1,PWF (Power Failure),0,0,1,0,0,6.1,59.0
4529,L14528,L,295.9,305.4,1168.0,33.8,207.0,0,No Failure,0,0,0,0,0,81.4,37.0
1182,L11181,L,301.7,312.0,1168.0,46.2,17.0,0,No Failure,0,0,0,0,0,207.8,94.5
4494,L14493,L,298.3,307.5,1168.0,41.2,100.0,0,No Failure,0,0,0,0,0,142.5,64.8
3704,M13703,M,299.7,309.7,1168.0,45.7,19.0,0,No Failure,0,0,0,0,0,206.9,94.0
9124,L19123,L,299.4,307.3,1168.0,47.9,28.0,1,HDF (Heat Dissipation),0,1,0,0,0,7.3,80.2
3378,H13377,H,299.0,308.4,1413.0,35.1,208.0,0,No Failure,0,0,0,0,0,90.4,41.1
7314,M17313,M,301.1,312.3,1249.0,35.0,9.0,0,No Failure,0,0,0,0,0,214.3,97.4
7012,H17011,H,298.4,309.2,1168.0,40.2,-154.0,0,No Failure,0,0,0,0,0,141.4,64.3
3034,L13033,L,300.0,309.0,1286.0,32.3,168.0,0,No Failure,0,0,0,0,0,106.3,48.3
6011,M16010,M,301.4,312.8,1214.0,45.5,-188.0,0,No Failure,0,0,0,0,0,152.4,69.3
2785,L12784,L,304.4,315.6,1430.0,24.2,10.0,0,No Failure,0,0,0,0,0,209.3,95.1
141,L10140,L,307.1,311.1,1168.0,51.3,8.0,0,No Failure,0,0,0,0,0,214.0,97.3
6905,L16904,L,292.925,302.2,1178.0,36.4,191.0,0,No Failure,0,0,0,0,0,86.5,39.3
2097,L12096,L,298.6,309.1,1168.0,55.5,105.0,0,No Failure,0,0,0,0,0,138.8,63.1
7729,M17728,M,300.6,310.4,1168.0,34.1,90.0,0,No Failure,0,0,0,0,0,161.3,73.3
3178,L13177,L,303.3,312.2,1168.0,39.1,209.0,0,No Failure,0,0,0,0,0,66.9,30.4
1669,L11668,L,298.7,309.2,1168.0,39.3,178.0,0,No Failure,0,0,0,0,0,99.7,45.3
9663,L19662,L,301.0,310.3,1168.0,44.3,82.0,0,No Failure,0,0,0,0,0,154.4,70.2
9779,M19778,M,303.3,313.7,1319.0,47.1,27.0,0,No Failure,0,0,0,0,0,201.1,91.4
4227,M14226,M,307.1,309.4,1168.0,63.4,61.0,0,No Failure,0,0,0,0,0,167.5,76.1
2035,L12034,L,298.4,309.3,1546.0,38.5,124.0,0,No Failure,0,0,0,0,0,136.8,62.2
9597,L19596,L,297.6,307.0,1304.0,33.4,86.0,0,No Failure,0,0,0,0,0,161.1,73.2
587,L10586,L,300.8,310.9,1359.0,23.5,187.0,1,PWF (Power Failure),0,0,1,0,0,7.7,44.9
5061,L15060,L,297.9,306.7,1249.0,38.5,181.0,0,No Failure,0,0,0,0,0,87.9,40.0
2264,L12263,L,300.2,310.2,1168.0,32.5,210.0,0,No Failure,0,0,0,0,0,86.6,39.4
494,L10493,L,301.0,309.2,1225.0,40.15,106.0,1,HDF (Heat Dissipation),0,1,0,0,0,2.7,54.5
4168,L14167,L,300.6,311.0,1168.0,42.7,81.0,0,No Failure,0,0,0,0,0,163.6,74.4
6823,L16822,L,298.8,308.3,1168.0,51.4,138.0,0,No Failure,0,0,0,0,0,111.2,50.6
7431,H17430,H,298.1,306.0,1168.0,33.6,190.0,1,HDF (Heat Dissipation),0,1,0,0,0,1.0,36.8
8874,M18873,M,298.7,308.1,1293.0,26.2,46.0,0,No Failure,0,0,0,0,0,182.0,82.7
4878,M14877,M,299.2,309.7,1438.0,30.6,106.0,0,No Failure,0,0,0,0,0,208.4,94.7
9433,M19432,M,297.7,309.0,1212.0,48.9,207.0,0,No Failure,0,0,0,0,0,73.2,33.3
2533,M12532,M,304.0,312.8,1187.0,36.3,303.0,0,No Failure,0,0,0,0,0,197.8,89.9
3633,M13632,M,297.4,308.5,1501.0,12.5,25.0,1,PWF (Power Failure),0,0,1,0,0,0.9,84.2
7614,L17613,L,303.2,313.2,1168.0,50.3,134.0,0,No Failure,0,0,0,0,0,120.6,54.8
7636,L17635,L,300.0,309.4,1168.0,36.9,0.0,1,HDF (Heat Dissipation),0,1,0,0,0,6.5,93.0
4088,M14087,M,300.0,310.6,1168.0,37.6,26.0,0,No Failure,0,0,0,0,0,203.2,92.4
5424,L15423,L,300.0,310.2,1168.0,25.4,59.0,1,PWF (Power Failure),0,0,1,0,0,0.6,70.9
8013,M18012,M,300.3,310.1,1168.0,57.7,199.0,0,No Failure,0,0,0,0,0,67.1,30.5
6666,M16665,M,297.6,307.9,1177.0,31.4,51.0,0,No Failure,0,0,0,0,0,188.8,85.8
2499,H12498,H,298.4,306.7,1168.0,37.0,120.0,1,HDF (Heat Dissipation),0,1,0,0,0,5.8,57.3
5166,M15165,M,299.1,308.8,1194.0,38.6,97.0,0,No Failure,0,0,0,0,0,153.4,69.7
1428,L11427,L,299.4,308.0,1168.0,40.3,14.0,0,No Failure,0,0,0,0,0,195.1,88.7
1661,L11660,L,300.2,309.5,1168.0,51.6,150.0,0,No Failure,0,0,0,0,0,99.9,45.4
8944,M18943,M,301.9,311.2,1168.0,26.0,49.0,1,PWF (Power Failure),0,0,1,0,0,1.0,75.8
4562,L14561,L,301.4,311.9,1168.0,47.9,95.0,0,No Failure,0,0,0,0,0,150.9,68.6
738,L10737,L,301.5,312.3,1325.0,28.2,54.0,0,No Failure,0,0,0,0,0,187.1,85.0
6212,M16211,M,300.8,312.0,1201.0,31.9,90.0,0,No Failure,0,0,0,0,0,164.6,74.8
1816,M11815,M,300.2,312.2,1250.0,40.7,27.0,0,No Failure,0,0,0,0,0,202.1,91.9
7546,L17545,L,297.3,306.4,1291.0,32.4,111.0,0,No Failure,0,0,0,0,0,143.3,65.1
5298,L15297,L,302.7,311.5,1182.0,34.1,-188.0,0,No Failure,0,0,0,0,0,163.0,74.1
8324,H18323,H,302.3,311.4,1304.0,33.5,176.0,0,No Failure,0,0,0,0,0,106.8,48.6
7381,L17380,L,303.6,313.7,1191.0,31.7,29.0,0,No Failure,0,0,0,0,0,201.7,91.7
8866,L18865,L,302.3,312.8,1168.0,77.58,20.0,0,No Failure,0,0,0,0,0,205.4,93.4
6685,L16684,L,298.5,309.2,1206.0,34.1,121.0,0,No Failure,0,0,0,0,0,142.0,64.5
7820,L17819,L,300.4,311.1,1189.0,32.6,171.0,0,No Failure,0,0,0,0,0,111.3,50.6
8613,M18612,M,298.6,309.1,1270.0,44.7,62.0,0,No Failure,0,0,0,0,0,177.5,80.7
3504,M13503,M,301.0,311.4,1168.0,45.3,214.0,0,No Failure,0,0,0,0,0,72.5,33.0
3309,M13308,M,300.5,310.6,1481.0,26.3,203.0,0,No Failure,0,0,0,0,0,101.3,46.1
2090,L12089,L,299.2,308.8,1168.0,39.5,83.0,0,No Failure,0,0,0,0,0,159.4,72.5
5072,L15071,L,300.2,308.8,1213.0,40.7,215.0,0,No Failure,0,0,0,0,0,58.3,26.5
5436,L15435,L,297.6,308.2,1295.0,33.4,108.0,0,No Failure,0,0,0,0,0,150.8,68.6
5414,L15413,L,303.6,312.9,1477.0,21.7,25.0,1,PWF (Power Failure),0,0,1,0,0,2.0,88.0
4815,L14814,L,301.3,309.4,1204.0,38.2,47.0,1,HDF (Heat Dissipation),0,1,0,0,0,6.1,76.4
9422,L19421,L,302.4,313.5,1223.0,31.2,173.0,0,No Failure,0,0,0,0,0,111.5,50.7
1424,L11423,L,297.4,306.9,1271.0,49.6,5.0,0,No Failure,0,0,0,0,0,212.4,96.5
5691,M15690,M,298.7,310.1,1168.0,47.9,68.0,0,No Failure,0,0,0,0,0,172.2,78.3
537,M10536,M,302.6,310.8,1168.0,52.5,16.0,1,HDF (Heat Dissipation),0,1,0,0,0,3.7,85.7
3757,L13756,L,295.7,304.9,1168.0,77.58,0.0,0,No Failure,0,0,0,0,0,211.2,96.0
7330,L17329,L,301.1,311.9,1168.0,39.8,66.0,0,No Failure,0,0,0,0,0,175.2,79.6
2405,H12404,H,298.0,307.6,1170.0,30.8,23.0,0,No Failure,0,0,0,0,0,201.2,91.4
4080,L14079,L,298.1,308.0,1168.0,35.7,3.0,0,No Failure,0,0,0,0,0,216.9,98.6
3803,L13802,L,298.9,308.9,1168.0,36.5,169.0,0,No Failure,0,0,0,0,0,108.6,49.4
8629,L18628,L,301.6,310.6,1252.0,51.1,118.0,0,No Failure,0,0,0,0,0,123.2,56.0
6622,L16621,L,300.3,310.9,1177.0,44.5,120.0,0,No Failure,0,0,0,0,0,135.2,61.4
9162,H19161,H,297.2,306.5,1201.0,38.0,150.0,0,No Failure,0,0,0,0,0,117.4,53.4
3862,L13861,L,298.3,309.5,1168.0,60.9,141.0,0,No Failure,0,0,0,0,0,106.4,48.4
9790,H19789,H,296.7,306.4,1236.0,44.4,65.0,0,No Failure,0,0,0,0,0,173.9,79.1
1214,L11213,L,299.8,311.2,1336.0,34.7,128.0,0,No Failure,0,0,0,0,0,137.0,62.3
4434,L14433,L,298.3,307.1,1168.0,28.0,113.0,1,PWF (Power Failure),0,0,1,0,0,4.0,58.1
2777,M12776,M,300.2,310.1,1168.0,62.2,200.0,1,OSF (Overstrain Failure),0,0,0,1,0,0.0,28.4
8232,L18231,L,302.3,311.0,1273.0,34.1,72.0,0,No Failure,0,0,0,0,0,163.5,74.3
6610,L16609,L,300.0,305.2,1199.0,46.9,79.0,1,HDF (Heat Dissipation),0,1,0,0,0,7.0,62.1
7560,H17559,H,298.0,306.9,1168.0,47.0,155.0,0,No Failure,0,0,0,0,0,102.7,46.7
2218,H12217,H,299.8,308.1,1210.0,49.0,62.0,1,HDF (Heat Dissipation),0,1,0,0,0,5.9,72.4
6012,M16011,M,303.2,312.2,1168.0,59.0,102.0,0,No Failure,0,0,0,0,0,131.0,59.6
7493,M17492,M,300.6,309.8,1329.0,28.2,173.0,0,No Failure,0,0,0,0,0,112.8,51.3
9809,L19808,L,301.9,311.9,1200.0,32.0,124.0,0,No Failure,0,0,0,0,0,141.6,64.4
4279,L14278,L,297.6,310.4,1168.0,40.8,45.0,0,No Failure,0,0,0,0,0,189.2,86.0
977,L10976,L,300.8,311.5,1168.0,47.7,176.0,0,No Failure,0,0,0,0,0,92.2,41.9
4763,H14762,H,302.2,313.5,1205.0,25.8,103.0,1,PWF (Power Failure),0,0,1,0,0,3.9,66.5
1815,H11814,H,302.0,311.3,1168.0,34.5,22.0,0,No Failure,0,0,0,0,0,198.8,90.3
5185,L15184,L,299.6,308.6,1546.0,17.7,152.0,1,PWF (Power Failure),0,0,1,0,0,6.7,52.3
1890,L11889,L,307.1,309.3,1269.0,77.58,69.0,0,No Failure,0,0,0,0,0,174.4,79.3
5950,M15949,M,301.4,312.7,1196.0,35.4,128.0,0,No Failure,0,0,0,0,0,138.8,63.1
8520,L18519,L,299.5,308.7,1066.0,9.1,198.0,1,PWF (Power Failure),0,0,1,0,0,7.1,45.5
6456,M16455,M,298.4,308.8,1168.0,54.8,13.0,0,No Failure,0,0,0,0,0,210.4,95.6
217,L10216,L,302.3,311.3,1168.0,63.9,54.0,0,No Failure,0,0,0,0,0,164.5,74.8
4347,M14346,M,292.925,310.7,1187.0,42.7,59.0,0,No Failure,0,0,0,0,0,180.2,81.9
4101,L14100,L,298.4,309.5,1275.0,41.3,70.0,0,No Failure,0,0,0,0,0,171.9,78.1
9919,L19918,L,300.6,312.6,1168.0,49.6,70.0,0,No Failure,0,0,0,0,0,168.4,76.5
9489,H19488,H,296.8,306.6,1282.0,36.7,178.0,0,No Failure,0,0,0,0,0,107.0,48.7
4765,L14764,L,303.5,311.7,1190.0,42.2,112.0,1,HDF (Heat Dissipation),0,1,0,0,0,7.8,55.7
6935,M16934,M,300.9,311.8,1243.0,32.1,67.0,0,No Failure,0,0,0,0,0,178.7,81.2
315,L10314,L,301.1,311.7,1168.0,42.0,163.0,0,No Failure,0,0,0,0,0,107.2,48.7
1949,L11948,L,302.3,310.0,1288.0,35.5,43.0,0,No Failure,0,0,0,0,0,191.9,87.2
333,M10332,M,299.0,311.9,1168.0,56.8,9.0,0,No Failure,0,0,0,0,0,213.2,96.9
485,L10484,L,302.9,312.8,1269.0,31.1,368.0,0,No Failure,0,0,0,0,0,170.3,77.4
5098,M15097,M,301.8,311.6,1341.0,42.2,75.0,0,No Failure,0,0,0,0,0,168.6,76.7
8571,M18570,M,301.3,312.0,1168.0,67.1,-188.0,0,No Failure,0,0,0,0,0,108.4,49.3
4003,H14002,H,299.6,310.1,1168.0,40.5,162.0,0,No Failure,0,0,0,0,0,115.4,52.5
1523,H11522,H,296.4,306.2,1168.0,38.9,119.0,0,No Failure,0,0,0,0,0,141.9,64.5
9167,M19166,M,299.5,310.2,1221.0,31.1,168.0,0,No Failure,0,0,0,0,0,117.3,53.3
1135,H11134,H,300.3,310.1,1189.0,24.0,71.0,1,PWF (Power Failure),0,0,1,0,0,4.7,70.9
1714,H11713,H,299.6,308.6,1168.0,43.4,118.0,0,No Failure,0,0,0,0,0,131.1,59.6
1353,L11352,L,300.5,311.5,1282.0,59.1,178.0,0,No Failure,0,0,0,0,0,78.6,35.7
5317,L15316,L,301.6,311.9,1168.0,41.6,126.0,0,No Failure,0,0,0,0,0,133.1,60.5
2155,M12154,M,299.6,311.5,1168.0,58.5,75.0,0,No Failure,0,0,0,0,0,162.9,74.0
8247,L18246,L,298.8,310.4,1182.0,42.3,132.0,0,No Failure,0,0,0,0,0,128.4,58.4
7044,L17043,L,298.7,308.4,1168.0,39.5,5.0,0,No Failure,0,0,0,0,0,213.3,97.0
6884,H16883,H,301.9,311.9,1286.0,28.0,118.0,0,No Failure,0,0,0,0,0,150.5,68.4
8094,H18093,H,302.1,313.3,1246.0,31.9,29.0,0,No Failure,0,0,0,0,0,202.5,92.1
9788,L19787,L,299.5,308.9,1168.0,27.7,59.0,1,PWF (Power Failure),0,0,1,0,0,7.9,75.6
8489,M18488,M,300.4,310.6,1168.0,49.2,90.0,0,No Failure,0,0,0,0,0,156.0,70.9
2793,M12792,M,302.3,312.8,1196.0,35.5,39.0,0,No Failure,0,0,0,0,0,195.2,88.7
5227,L15226,L,301.4,312.6,1168.0,57.1,66.0,0,No Failure,0,0,0,0,0,168.3,76.5
1495,L11494,L,301.4,311.5,1168.0,44.7,22.0,0,No Failure,0,0,0,0,0,204.4,92.9
5213,H15212,H,301.3,312.1,1326.0,26.8,23.0,0,No Failure,0,0,0,0,0,204.6,93.0
2038,L12037,L,299.3,309.5,1200.0,28.3,136.0,0,No Failure,0,0,0,0,0,130.4,59.3
8787,M18786,M,297.2,307.8,1259.0,39.6,174.0,0,No Failure,0,0,0,0,0,105.5,48.0
2748,L12747,L,300.3,309.6,1395.0,34.7,93.0,0,No Failure,0,0,0,0,0,158.0,71.8
4445,L14444,L,299.8,308.8,1168.0,47.5,153.0,0,No Failure,0,0,0,0,0,98.1,44.6
4387,L14386,L,302.3,313.6,1168.0,41.3,194.0,0,No Failure,0,0,0,0,0,86.6,39.3
139,M10138,M,302.6,312.9,1535.0,2.52,3.0,1,PWF (Power Failure),0,0,1,0,0,2.7,89.3
2145,L12144,L,298.4,307.6,1546.0,6.2,39.0,1,PWF (Power Failure),0,0,1,0,0,0.9,81.5
7476,M17475,M,300.9,310.9,1312.0,50.9,115.0,0,No Failure,0,0,0,0,0,137.2,62.4
5746,L15745,L,298.6,309.1,1279.0,25.3,73.0,1,PWF (Power Failure),0,0,1,0,0,5.3,75.2
3639,H13638,H,301.0,309.9,1307.0,29.9,43.0,0,No Failure,0,0,0,0,0,187.6,85.3
3925,L13924,L,299.3,310.3,1168.0,45.1,149.0,0,No Failure,0,0,0,0,0,114.1,51.9
5151,M15150,M,302.8,312.6,1272.0,38.5,-188.0,0,No Failure,0,0,0,0,0,184.5,83.9
3695,M13694,M,300.6,313.1,1168.0,77.2,219.0,1,PWF (Power Failure),0,0,1,1,0,6.0,12.3
1372,H11371,H,299.0,309.4,1183.0,40.6,23.0,0,No Failure,0,0,0,0,0,205.1,93.2
7393,L17392,L,301.8,310.4,1280.0,29.8,64.0,1,HDF (Heat Dissipation),0,1,0,0,0,3.0,77.2
5069,L15068,L,299.5,310.2,1168.0,41.8,207.0,0,No Failure,0,0,0,0,0,77.0,35.0
7315,L17314,L,299.7,308.2,1546.0,35.4,13.0,1,HDF (Heat Dissipation),0,1,0,0,0,3.5,88.6
2343,M12342,M,297.4,306.2,1168.0,51.5,36.0,0,No Failure,0,0,0,0,0,180.8,82.2
2989,L12988,L,299.1,309.4,1308.0,37.5,19.0,0,No Failure,0,0,0,0,0,207.4,94.3
2647,M12646,M,297.3,305.9,1255.0,39.7,185.0,1,HDF (Heat Dissipation),0,1,0,0,0,4.8,33.4
8495,M18494,M,302.3,312.8,1365.0,45.0,114.0,0,No Failure,0,0,0,0,0,141.6,64.4
155,L10154,L,301.5,313.1,1168.0,33.6,53.0,0,No Failure,0,0,0,0,0,186.0,84.5
5378,M15377,M,300.8,310.4,1231.0,21.0,124.0,1,PWF (Power Failure),0,0,1,0,0,7.0,56.9
9576,M19575,M,299.5,308.5,1168.0,59.1,18.0,0,No Failure,0,0,0,0,0,195.2,88.7
9392,H19391,H,298.2,308.0,1306.0,34.5,70.0,0,No Failure,0,0,0,0,0,175.7,79.9
5398,L15397,L,299.2,309.0,1168.0,65.0,192.0,1,OSF (Overstrain Failure),0,0,0,1,0,0.4,26.6
9541,H19540,H,299.1,307.9,1168.0,34.0,136.0,0,No Failure,0,0,0,0,0,123.5,56.1
7391,L17390,L,301.8,313.7,1168.0,54.0,60.0,0,No Failure,0,0,0,0,0,174.2,79.2
424,L10423,L,300.3,310.9,1368.0,57.9,107.0,0,No Failure,0,0,0,0,0,135.7,61.7
1958,L11957,L,298.3,308.4,1168.0,48.5,83.0,0,No Failure,0,0,0,0,0,159.3,72.4
5765,L15764,L,297.7,308.1,1319.0,32.2,144.0,0,No Failure,0,0,0,0,0,128.8,58.6
7152,M17151,M,299.0,308.5,1319.0,26.9,-144.0,0,No Failure,0,0,0,0,0,138.4,62.9
8178,M18177,M,300.9,310.9,1517.0,43.7,112.0,0,No Failure,0,0,0,0,0,143.8,65.4
8865,L18864,L,298.2,309.3,1224.0,55.7,17.0,0,No Failure,0,0,0,0,0,206.8,94.0
2728,L12727,L,299.8,311.1,1168.0,42.8,30.0,0,No Failure,0,0,0,0,0,199.1,90.5
3995,L13994,L,302.0,312.3,1168.0,30.3,-188.0,0,No Failure,0,0,0,0,0,129.7,59.0
8158,L18157,L,299.7,309.6,1407.0,37.2,45.0,0,No Failure,0,0,0,0,0,190.0,86.3
3168,L13167,L,302.2,310.3,1168.0,50.6,175.0,1,HDF (Heat Dissipation),0,1,0,0,0,1.0,31.4
585,H10584,H,300.2,309.9,1168.0,35.2,177.0,0,No Failure,0,0,0,0,0,107.2,48.7
7019,L17018,L,299.3,311.8,1168.0,51.1,147.0,0,No Failure,0,0,0,0,0,110.2,50.1
3244,L13243,L,298.8,309.3,1168.0,65.9,211.0,1,OSF (Overstrain Failure),0,0,0,1,0,6.5,23.3
2582,H12581,H,298.1,307.0,1168.0,60.4,180.0,0,No Failure,0,0,0,0,0,73.5,33.4
2665,L12664,L,298.3,308.6,1235.0,49.7,25.0,0,No Failure,0,0,0,0,0,201.5,91.6
29,L10028,L,300.1,309.1,1370.0,25.6,99.0,0,No Failure,0,0,0,0,0,154.2,70.1
5748,H15747,H,300.9,310.0,1168.0,40.8,-188.0,0,No Failure,0,0,0,0,0,159.6,72.6
4008,L14007,L,295.5,305.4,1168.0,37.0,178.0,0,No Failure,0,0,0,0,0,101.1,45.9
8609,L18608,L,298.6,308.4,1330.0,36.5,396.0,0,No Failure,0,0,0,0,0,186.0,84.5
575,H10574,H,298.7,308.4,1168.0,71.1,138.0,0,No Failure,0,0,0,0,0,101.8,46.3
1732,L11731,L,299.0,309.3,1179.0,32.5,179.0,0,No Failure,0,0,0,0,0,106.3,48.3
3573,L13572,L,300.1,310.8,1168.0,55.9,35.0,0,No Failure,0,0,0,0,0,192.9,87.7
273,L10272,L,303.5,314.8,1384.0,36.9,22.0,0,No Failure,0,0,0,0,0,205.4,93.4
950,L10949,L,299.2,309.2,1211.0,50.0,87.0,0,No Failure,0,0,0,0,0,155.6,70.7
3614,H13613,H,301.1,310.0,1168.0,38.9,177.0,0,No Failure,0,0,0,0,0,95.1,43.2
6539,M16538,M,301.5,318.2,1300.0,40.6,70.0,0,No Failure,0,0,0,0,0,173.6,78.9
7572,H17571,H,299.0,308.1,1225.0,41.2,108.0,0,No Failure,0,0,0,0,0,80.6,36.6
7402,L17401,L,298.1,307.8,1302.0,42.3,96.0,0,No Failure,0,0,0,0,0,151.4,68.8
9756,L19755,L,296.0,306.3,1266.0,24.2,107.0,1,PWF (Power Failure),0,0,1,0,0,7.5,42.1
8873,L18872,L,298.7,309.5,1168.0,39.7,44.0,0,No Failure,0,0,0,0,0,190.2,86.4
3399,M13398,M,301.2,311.7,1168.0,54.6,63.0,0,No Failure,0,0,0,0,0,173.4,78.8
9851,L19850,L,300.6,310.8,1168.0,46.0,46.0,0,No Failure,0,0,0,0,0,187.1,85.0
1759,H11758,H,299.5,310.1,1254.0,42.6,53.0,0,No Failure,0,0,0,0,0,185.2,84.2
4755,H14754,H,299.5,309.0,1168.0,47.0,70.0,0,No Failure,0,0,0,0,0,167.0,75.9
4073,L14072,L,299.5,308.9,1168.0,52.2,199.0,0,No Failure,0,0,0,0,0,63.5,28.9
6187,M16186,M,298.2,308.2,1192.0,36.3,9.0,0,No Failure,0,0,0,0,0,214.2,97.4
6157,L16156,L,298.9,308.8,1308.0,42.2,137.0,0,No Failure,0,0,0,0,0,124.4,56.5
923,M10922,M,299.8,309.9,1524.0,29.6,221.0,1,TWF (Tool Wear Failure),1,0,0,0,0,7.2,39.4
2994,M12993,M,300.5,311.2,1168.0,51.1,37.0,0,No Failure,0,0,0,0,0,193.3,87.9
9964,H19963,H,301.2,312.9,1168.0,40.0,216.0,0,No Failure,0,0,0,0,0,81.1,36.9
5999,H15998,H,300.3,311.4,1479.0,23.2,55.0,0,No Failure,0,0,0,0,0,183.6,83.5
784,M10783,M,301.6,313.6,1413.0,43.6,201.0,0,No Failure,0,0,0,0,0,83.4,37.9
1279,H11278,H,300.3,310.8,1168.0,47.5,140.0,0,No Failure,0,0,0,0,0,124.6,56.7
4653,L14652,L,300.3,310.8,1168.0,49.6,192.0,0,No Failure,0,0,0,0,0,78.4,35.6
9472,L19471,L,301.6,312.1,1257.0,35.4,117.0,0,No Failure,0,0,0,0,0,143.7,65.3
4471,H14470,H,297.7,305.2,1168.0,45.9,18.0,1,HDF (Heat Dissipation),0,1,0,0,0,6.3,82.0
3282,L13281,L,306.53,310.0,1168.0,25.4,122.0,1,PWF (Power Failure),0,0,1,0,0,0.4,58.5
500,M10499,M,300.0,312.2,1172.0,41.5,123.0,0,No Failure,0,0,0,0,0,137.8,62.6
5822,H15821,H,298.5,310.2,1349.0,22.9,125.0,1,PWF (Power Failure),0,0,1,0,0,1.9,61.3
7868,L17867,L,299.8,310.7,1168.0,53.7,107.0,0,No Failure,0,0,0,0,0,138.4,62.9
533,L10532,L,303.4,313.0,1214.0,30.6,4.0,0,No Failure,0,0,0,0,0,213.4,97.0
7191,M17190,M,302.5,310.4,1168.0,52.7,339.0,1,HDF (Heat Dissipation),0,1,0,0,0,0.2,73.6
7612,M17611,M,297.9,307.8,1187.0,38.6,127.0,0,No Failure,0,0,0,0,0,136.1,61.9
1047,L11046,L,298.7,308.0,1168.0,47.4,203.0,0,No Failure,0,0,0,0,0,65.2,29.7
54,M10053,M,298.6,309.7,1168.0,53.5,106.0,0,No Failure,0,0,0,0,0,88.6,40.3
7420,L17419,L,301.4,309.8,1168.0,46.5,156.0,1,HDF (Heat Dissipation),0,1,0,0,0,1.8,41.0
2876,L12875,L,299.8,309.1,1174.0,58.6,83.0,0,No Failure,0,0,0,0,0,146.6,66.6
892,H10891,H,301.4,311.4,1503.0,28.2,113.0,0,No Failure,0,0,0,0,0,154.1,70.0
5609,L15608,L,300.0,310.8,1340.0,25.4,24.0,0,No Failure,0,0,0,0,0,199.3,90.6
2295,L12294,L,299.3,310.0,1351.0,28.6,99.0,0,No Failure,0,0,0,0,0,159.5,72.5
8507,M18506,M,300.9,310.2,1294.0,36.5,151.0,0,No Failure,0,0,0,0,0,118.4,53.8
8293,L18292,L,302.2,312.2,1168.0,51.6,74.0,0,No Failure,0,0,0,0,0,164.5,74.8
9694,L19693,L,297.4,308.7,1255.0,41.4,200.0,0,No Failure,0,0,0,0,0,82.3,37.4
1847,L11846,L,299.0,310.3,1168.0,49.9,124.0,0,No Failure,0,0,0,0,0,128.3,58.3
7195,M17194,M,298.0,308.8,1168.0,36.6,60.0,0,No Failure,0,0,0,0,0,181.5,82.5
5336,M15335,M,299.4,308.5,1168.0,50.1,187.0,0,No Failure,0,0,0,0,0,76.3,34.7
1931,M11930,M,298.4,307.3,1178.0,44.9,197.0,0,No Failure,0,0,0,0,0,72.6,33.0
8012,M18011,M,299.7,309.4,1323.0,25.3,196.0,0,No Failure,0,0,0,0,0,96.7,44.0
5931,H15930,H,301.7,311.1,1294.0,25.0,68.0,1,PWF (Power Failure),0,0,1,0,0,2.8,75.5
1478,H11477,H,300.6,310.9,1168.0,37.9,185.0,0,No Failure,0,0,0,0,0,103.0,46.8
1679,H11678,H,297.6,307.1,1244.0,57.6,216.0,1,TWF (Tool Wear Failure),1,0,0,0,0,5.9,26.0
9710,M19709,M,294.7,306.0,1168.0,45.5,27.0,0,No Failure,0,0,0,0,0,201.4,91.5
3975,L13974,L,299.1,309.4,1196.0,53.4,82.0,0,No Failure,0,0,0,0,0,157.6,71.7
1351,M11350,M,300.1,309.0,1173.0,34.2,168.0,0,No Failure,0,0,0,0,0,102.4,46.5
6184,M16183,M,299.5,311.9,1168.0,63.3,0.0,0,No Failure,0,0,0,0,0,220.0,100.0
5346,L15345,L,302.2,310.9,1546.0,17.2,5.0,1,PWF (Power Failure),0,0,1,0,0,7.7,88.8
1521,L11520,L,296.3,308.3,1168.0,36.7,114.0,0,No Failure,0,0,0,0,0,144.7,65.8
8041,L18040,L,303.2,312.3,1253.0,53.3,74.0,0,No Failure,0,0,0,0,0,156.0,70.9
9295,L19294,L,298.6,308.6,1335.0,35.7,172.0,0,No Failure,0,0,0,0,0,107.5,48.9
6618,H16617,H,299.7,318.2,1184.0,34.5,104.0,0,No Failure,0,0,0,0,0,152.7,69.4
1067,L11066,L,300.1,310.9,1179.0,58.0,52.0,0,No Failure,0,0,0,0,0,179.0,81.4
4762,M14761,M,300.9,311.0,1227.0,36.1,100.0,0,No Failure,0,0,0,0,0,156.1,71.0
2689,L12688,L,301.7,312.9,1321.0,37.3,105.0,0,No Failure,0,0,0,0,0,150.3,68.3
8310,H18309,H,305.3,314.7,1295.0,52.7,123.0,0,No Failure,0,0,0,0,0,128.9,58.6
2056,L12055,L,298.4,307.9,1168.0,44.6,199.0,0,No Failure,0,0,0,0,0,73.7,33.5
7256,L17255,L,297.7,306.7,1199.0,34.9,29.0,0,No Failure,0,0,0,0,0,190.2,86.4
8483,H18482,H,299.6,308.5,1168.0,44.0,64.0,0,No Failure,0,0,0,0,0,165.4,75.2
548,L10547,L,303.4,312.9,1546.0,25.5,56.0,1,PWF (Power Failure),0,0,1,0,0,4.2,76.7
5007,M15006,M,302.0,312.9,1358.0,45.4,5.0,0,No Failure,0,0,0,0,0,216.6,98.4
4389,M14388,M,298.6,308.6,1168.0,41.3,199.0,0,No Failure,0,0,0,0,0,87.2,39.7
4325,L14324,L,298.8,307.3,1168.0,52.8,208.0,1,HDF (Heat Dissipation),1,1,0,0,0,1.2,20.9
903,L10902,L,300.1,310.9,908.0,41.9,148.0,0,No Failure,0,0,0,0,0,117.7,53.5
7230,H17229,H,298.8,307.3,1249.0,41.2,402.0,1,HDF (Heat Dissipation),0,1,0,0,0,2.3,42.3
426,H10425,H,299.7,309.6,1261.0,41.4,114.0,0,No Failure,0,0,0,0,0,145.0,65.9
9925,L19924,L,301.5,311.5,1168.0,42.3,91.0,0,No Failure,0,0,0,0,0,156.9,71.3
3675,M13674,M,302.3,312.9,1253.0,28.1,158.0,0,No Failure,0,0,0,0,0,123.0,55.9
8597,M18596,M,303.8,314.0,1168.0,47.6,13.0,0,No Failure,0,0,0,0,0,210.9,95.9
7128,L17127,L,299.9,318.2,1168.0,56.1,57.0,0,No Failure,0,0,0,0,0,175.7,79.9
5907,M15906,M,302.3,312.0,1168.0,28.9,197.0,0,No Failure,0,0,0,0,0,91.4,41.6
3754,M13753,M,299.9,309.2,1396.0,33.0,202.0,0,No Failure,0,0,0,0,0,92.8,42.2
6962,L16961,L,300.6,310.4,1213.0,38.3,159.0,0,No Failure,0,0,0,0,0,111.4,50.6
8334,M18333,M,303.7,313.3,1168.0,45.6,212.0,0,No Failure,0,0,0,0,0,69.2,31.4
3880,L13879,L,296.9,305.7,1236.0,36.0,198.0,0,No Failure,0,0,0,0,0,78.8,35.8
8445,H18444,H,302.6,313.0,1246.0,49.7,160.0,0,No Failure,0,0,0,0,0,109.2,49.6
7797,L17796,L,301.3,312.1,1168.0,39.8,96.0,0,No Failure,0,0,0,0,0,154.8,70.4
1797,M11796,M,299.8,310.3,1212.0,44.5,189.0,0,No Failure,0,0,0,0,0,90.6,41.2
1946,H11945,H,299.7,308.7,1271.0,38.5,31.0,0,No Failure,0,0,0,0,0,192.4,87.5
975,L10974,L,302.0,311.9,1168.0,30.8,171.0,0,No Failure,0,0,0,0,0,111.2,50.5
8073,L18072,L,296.5,305.4,1357.0,69.63,-173.0,1,PWF (Power Failure),0,0,1,0,0,1.8,38.6
9220,L19219,L,298.7,307.6,1168.0,36.6,127.0,0,No Failure,0,0,0,0,0,124.1,56.4
971,L10970,L,298.6,309.7,1184.0,35.3,158.0,0,No Failure,0,0,0,0,0,117.0,53.2
2726,M12725,M,299.6,310.3,1168.0,50.4,22.0,0,No Failure,0,0,0,0,0,204.2,92.8
3986,L13985,L,301.5,310.9,1168.0,33.7,111.0,0,No Failure,0,0,0,0,0,142.1,64.6
8325,H18324,H,302.2,310.3,1178.0,49.4,182.0,1,HDF (Heat Dissipation),0,1,0,0,0,7.4,33.4
9030,L19029,L,300.1,310.8,1168.0,25.1,139.0,1,PWF (Power Failure),0,0,1,0,0,5.1,53.6
7157,H17156,H,302.6,315.2,1320.0,29.4,151.0,0,No Failure,0,0,0,0,0,131.0,59.6
5437,H15436,H,300.0,310.0,1329.0,32.8,111.0,0,No Failure,0,0,0,0,0,152.7,69.4
3581,M13580,M,296.6,306.6,1435.0,32.6,60.0,0,No Failure,0,0,0,0,0,182.8,83.1
5932,L15931,L,300.9,310.6,1168.0,38.4,74.0,0,No Failure,0,0,0,0,0,167.1,76.0
4638,M14637,M,299.9,310.3,1168.0,53.7,139.0,0,No Failure,0,0,0,0,0,117.8,53.5
2154,M12153,M,299.6,309.6,1352.0,42.8,71.0,0,No Failure,0,0,0,0,0,172.0,78.2
9767,L19766,L,301.6,311.5,1448.0,22.3,226.0,1,PWF (Power Failure),1,0,1,0,0,4.4,35.8
9648,M19647,M,299.9,310.7,1187.0,25.9,26.0,0,No Failure,0,0,0,0,0,204.9,93.1
7792,M17791,M,301.1,310.5,1222.0,40.4,81.0,0,No Failure,0,0,0,0,0,160.3,72.9
7395,H17394,H,295.2,305.9,1230.0,56.9,69.0,0,No Failure,0,0,0,0,0,169.7,77.1
4238,H14237,H,297.7,307.8,1253.0,36.2,97.0,0,No Failure,0,0,0,0,0,159.5,72.5
6208,L16207,L,299.2,308.8,1389.0,33.5,76.0,0,No Failure,0,0,0,0,0,170.2,77.4
2270,H12269,H,295.7,304.6,1183.0,37.4,11.0,0,No Failure,0,0,0,0,0,201.0,91.4
4019,L14018,L,299.7,309.9,1168.0,41.6,0.0,0,No Failure,0,0,0,0,0,220.0,100.0
7296,H17295,H,297.4,307.5,1294.0,31.6,175.0,0,No Failure,0,0,0,0,0,114.9,52.2
1822,L11821,L,301.0,310.7,1444.0,27.2,47.0,0,No Failure,0,0,0,0,0,191.6,87.1
2219,H12218,H,296.9,306.8,1170.0,43.7,67.0,0,No Failure,0,0,0,0,0,174.6,79.3
7162,L17161,L,298.0,308.5,1294.0,30.6,169.0,0,No Failure,0,0,0,0,0,114.6,52.1
3295,L13294,L,307.1,310.4,1191.0,49.1,157.0,0,No Failure,0,0,0,0,0,104.7,47.6
8838,M18837,M,300.1,310.2,1426.0,51.7,147.0,0,No Failure,0,0,0,0,0,113.5,51.6
4113,M14112,M,300.1,309.1,1168.0,49.8,112.0,0,No Failure,0,0,0,0,0,129.0,58.7
3546,L13545,L,300.9,313.1,1224.0,34.0,143.0,0,No Failure,0,0,0,0,0,127.9,58.1
8488,L18487,L,301.8,311.8,1349.0,28.0,88.0,0,No Failure,0,0,0,0,0,166.5,75.7
2544,L12543,L,302.3,310.8,1168.0,55.5,49.0,1,HDF (Heat Dissipation),0,1,0,0,0,2.4,75.3
8994,L18993,L,295.7,305.8,1168.0,52.2,0.0,0,No Failure,0,0,0,0,0,220.0,100.0
6577,L16576,L,296.5,305.7,1168.0,31.1,208.0,0,No Failure,0,0,0,0,0,80.9,36.8
48,L10047,L,301.2,312.4,1295.0,40.2,162.0,0,No Failure,0,0,0,0,0,109.6,49.8
1867,H11866,H,300.3,310.8,1168.0,31.8,197.0,0,No Failure,0,0,0,0,0,101.5,46.1
6765,L16764,L,299.9,311.5,1168.0,44.5,173.0,0,No Failure,0,0,0,0,0,97.7,44.4
7638,H17637,H,302.4,313.7,1248.0,34.3,4.0,0,No Failure,0,0,0,0,0,217.5,98.9
4594,L14593,L,299.8,307.8,1187.0,39.8,211.0,1,HDF (Heat Dissipation),0,1,0,0,0,3.3,24.9
2435,M12434,M,296.6,306.6,1323.0,31.1,123.0,0,No Failure,0,0,0,0,0,144.8,65.8
1720,H11719,H,300.7,309.6,1363.0,43.2,140.0,0,No Failure,0,0,0,0,0,123.5,56.1
5885,L15884,L,300.3,309.7,1168.0,39.4,122.0,0,No Failure,0,0,0,0,0,130.9,59.5
5468,L15467,L,304.2,312.3,1267.0,32.1,220.0,1,HDF (Heat Dissipation),0,1,0,0,0,2.2,29.8
4714,H14713,H,297.9,307.9,1289.0,20.5,162.0,1,PWF (Power Failure),0,0,1,0,0,4.2,49.9
6993,H16992,H,296.6,307.8,1184.0,27.5,46.0,1,PWF (Power Failure),0,0,1,0,0,6.1,83.0
8591,M18590,M,296.5,304.1,1168.0,56.8,204.0,1,HDF (Heat Dissipation),0,1,0,0,0,3.1,18.2
1345,H11344,H,298.2,308.4,1481.0,22.0,150.0,1,PWF (Power Failure),0,0,1,0,0,2.8,57.5
3279,L13278,L,300.7,311.6,1168.0,42.4,114.0,0,No Failure,0,0,0,0,0,140.8,64.0
7853,M17852,M,299.1,309.0,1168.0,62.4,61.0,0,No Failure,0,0,0,0,0,171.1,77.8
7328,L17327,L,298.8,308.7,1316.0,36.9,60.0,0,No Failure,0,0,0,0,0,179.7,81.7
3507,L13506,L,300.2,312.1,1168.0,41.4,8.0,0,No Failure,0,0,0,0,0,214.5,97.5
8730,L18729,L,300.4,309.1,1168.0,51.7,198.0,0,No Failure,0,0,0,0,0,57.2,26.0
2513,L12512,L,300.6,312.3,1277.0,2.52,173.0,0,No Failure,0,0,0,0,0,106.6,48.5
2950,H12949,H,302.9,312.6,1396.0,36.6,112.0,0,No Failure,0,0,0,0,0,149.2,67.8
8541,L18540,L,301.9,312.1,1235.0,39.1,41.0,0,No Failure,0,0,0,0,0,192.3,87.4
9979,L19978,L,302.9,311.2,1168.0,56.1,37.0,1,HDF (Heat Dissipation),0,1,0,0,0,6.3,78.4
532,M10531,M,302.4,311.1,1168.0,49.7,0.0,0,No Failure,0,0,0,0,0,205.7,93.5
8832,M18831,M,302.2,312.1,1179.0,37.2,126.0,0,No Failure,0,0,0,0,0,137.7,62.6
2662,L12661,L,298.9,308.1,1169.0,35.8,17.0,0,No Failure,0,0,0,0,0,200.1,90.9
9136,M19135,M,298.9,311.0,1267.0,45.4,68.0,0,No Failure,0,0,0,0,0,173.1,78.7
1786,H11785,H,292.925,308.8,1181.0,45.0,147.0,1,RNF (Random Failure),0,0,0,0,1,3.2,55.3
3570,L13569,L,301.7,311.8,1168.0,29.7,26.0,0,No Failure,0,0,0,0,0,199.3,90.6
3787,H13786,H,299.1,310.6,1273.0,39.1,117.0,0,No Failure,0,0,0,0,0,145.3,66.0
5652,L15651,L,304.7,314.7,1182.0,49.8,154.0,0,No Failure,0,0,0,0,0,106.2,48.3
4532,L14531,L,297.3,308.5,1546.0,32.0,216.0,0,No Failure,0,0,0,0,0,83.5,37.9
2061,H12060,H,300.4,311.9,1546.0,37.7,216.0,0,No Failure,0,0,0,0,0,83.6,38.0
7161,M17160,M,300.1,310.1,1168.0,34.0,166.0,0,No Failure,0,0,0,0,0,115.9,52.7
8827,M18826,M,302.1,311.8,1168.0,47.4,107.0,0,No Failure,0,0,0,0,0,141.7,64.4
7184,L17183,L,300.0,310.3,1546.0,59.3,29.0,0,No Failure,0,0,0,0,0,196.9,89.5
371,M10370,M,301.4,311.0,1168.0,47.6,140.0,0,No Failure,0,0,0,0,0,117.3,53.3
4418,L14417,L,300.3,311.1,1168.0,55.5,64.0,0,No Failure,0,0,0,0,0,170.5,77.5
4857,L14856,L,301.3,311.7,1411.0,44.0,180.0,0,No Failure,0,0,0,0,0,93.3,42.4
9652,H19651,H,300.1,310.7,1540.0,15.0,40.0,1,PWF (Power Failure),0,0,1,0,0,4.9,80.6
9244,L19243,L,301.3,311.3,1478.0,16.9,207.0,1,PWF (Power Failure),0,0,1,0,0,7.0,39.1
3621,M13620,M,298.9,309.1,1168.0,61.5,205.0,1,OSF (Overstrain Failure),0,0,0,1,0,6.4,27.5
2799,M12798,M,301.0,310.6,1168.0,43.8,62.0,0,No Failure,0,0,0,0,0,173.4,78.8
6411,L16410,L,300.7,311.2,1168.0,45.1,97.0,0,No Failure,0,0,0,0,0,151.1,68.7
4241,M14240,M,298.1,308.9,1168.0,42.0,110.0,0,No Failure,0,0,0,0,0,146.2,66.4
8089,L18088,L,297.9,308.5,1282.0,49.9,17.0,0,No Failure,0,0,0,0,0,207.4,94.3
4188,L14187,L,298.5,309.2,908.0,31.7,155.0,0,No Failure,0,0,0,0,0,122.3,55.6
7047,L17046,L,297.3,306.0,1171.0,52.1,19.0,0,No Failure,0,0,0,0,0,191.4,87.0
783,L10782,L,302.1,310.4,908.0,50.2,198.0,1,HDF (Heat Dissipation),0,1,0,0,0,3.0,24.8
3568,L13567,L,298.4,308.3,1168.0,41.1,19.0,0,No Failure,0,0,0,0,0,205.9,93.6
1379,M11378,M,299.8,310.2,1278.0,34.9,55.0,0,No Failure,0,0,0,0,0,185.2,84.2
5080,M15079,M,299.6,309.5,1168.0,54.2,19.0,0,No Failure,0,0,0,0,0,204.9,93.1
3905,L13904,L,300.1,309.4,1273.0,38.0,78.0,0,No Failure,0,0,0,0,0,162.4,73.8
6729,M16728,M,299.1,308.5,1305.0,39.4,51.0,0,No Failure,0,0,0,0,0,182.7,83.0
6335,M16334,M,298.1,310.4,1168.0,42.8,72.0,0,No Failure,0,0,0,0,0,171.4,77.9
4929,M14928,M,299.9,310.0,1420.0,16.6,180.0,1,PWF (Power Failure),0,0,1,0,0,7.2,46.5
272,L10271,L,303.0,312.8,1182.0,40.15,19.0,0,No Failure,0,0,0,0,0,204.3,92.8
4924,H14923,H,301.3,309.4,1253.0,38.9,165.0,1,HDF (Heat Dissipation),0,1,0,0,0,2.7,44.7
9493,H19492,H,297.4,307.9,1225.0,48.1,197.0,0,No Failure,0,0,0,0,0,85.2,38.7
3060,L13059,L,304.1,312.3,1227.0,37.5,29.0,1,HDF (Heat Dissipation),0,1,0,0,0,2.5,83.2
1421,M11420,M,300.3,309.0,1491.0,33.7,221.0,0,No Failure,0,0,0,0,0,81.8,37.2
218,L10217,L,307.1,312.9,1168.0,39.0,57.0,0,No Failure,0,0,0,0,0,181.6,82.5
546,L10545,L,299.4,308.9,1414.0,22.8,52.0,1,PWF (Power Failure),0,0,1,0,0,1.8,80.7
9671,L19670,L,297.6,307.6,1179.0,58.1,120.0,0,No Failure,0,0,0,0,0,125.4,57.0
5207,L15206,L,300.0,310.5,1289.0,24.4,6.0,1,PWF (Power Failure),0,0,1,0,0,5.8,92.1
5055,H15054,H,302.8,315.4,1168.0,40.1,160.0,0,No Failure,0,0,0,0,0,117.0,53.2
4357,H14356,H,298.1,305.5,1355.0,30.4,95.0,1,HDF (Heat Dissipation),0,1,0,0,0,5.5,69.4
7948,L17947,L,301.4,311.0,1168.0,33.7,173.0,0,No Failure,0,0,0,0,0,104.5,47.5
1365,L11364,L,297.3,305.5,1330.0,41.4,3.0,1,HDF (Heat Dissipation),0,1,0,0,0,0.2,94.7
462,L10461,L,303.6,314.2,1216.0,48.3,12.0,0,No Failure,0,0,0,0,0,211.2,96.0
6964,L16963,L,293.2,302.3,1443.0,22.4,166.0,1,PWF (Power Failure),0,0,1,0,0,4.4,51.3
7830,L17829,L,301.2,311.2,1405.0,25.1,204.0,0,No Failure,0,0,0,0,0,96.6,43.9
8332,M18331,M,304.4,314.3,1168.0,24.0,207.0,1,PWF (Power Failure),0,0,1,0,0,3.3,35.7
5505,H15504,H,299.1,309.4,1307.0,38.6,119.0,0,No Failure,0,0,0,0,0,144.3,65.6
7535,L17534,L,298.8,308.7,1168.0,34.7,107.0,0,No Failure,0,0,0,0,0,172.9,78.6
4404,L14403,L,297.1,307.3,1168.0,47.3,17.0,0,No Failure,0,0,0,0,0,207.7,94.4
5731,L15730,L,302.4,313.6,1168.0,42.3,9.0,0,No Failure,0,0,0,0,0,213.8,97.2
4667,H14666,H,299.0,309.0,1177.0,59.7,12.0,0,No Failure,0,0,0,0,0,211.1,95.9
4454,M14453,M,294.3,304.5,1287.0,26.7,184.0,0,No Failure,0,0,0,0,0,106.5,48.4
5560,L15559,L,299.0,309.3,1168.0,54.4,68.0,0,No Failure,0,0,0,0,0,167.9,76.3
4896,L14895,L,303.2,312.6,1168.0,51.9,74.0,0,No Failure,0,0,0,0,0,157.8,71.7
5337,M15336,M,298.0,308.6,1304.0,29.8,191.0,0,No Failure,0,0,0,0,0,104.7,47.6
4569,M14568,M,300.9,312.0,1318.0,44.4,119.0,0,No Failure,0,0,0,0,0,138.6,63.0
5025,M15024,M,300.0,310.2,1395.0,31.4,63.0,0,No Failure,0,0,0,0,0,181.4,82.5
3343,L13342,L,302.6,312.0,1298.0,30.8,101.0,0,No Failure,0,0,0,0,0,152.9,69.5
458,L10457,L,301.1,309.4,1195.0,35.8,0.0,1,HDF (Heat Dissipation),0,1,0,0,0,3.9,91.5
4842,L14841,L,299.0,309.5,1168.0,64.3,133.0,0,No Failure,0,0,0,0,0,110.2,50.1
5643,M15642,M,302.6,312.8,1201.0,35.6,125.0,0,No Failure,0,0,0,0,0,140.5,63.9
1638,H11637,H,296.0,317.5,1242.0,36.4,70.0,0,No Failure,0,0,0,0,0,176.3,80.1
6534,L16533,L,296.5,306.4,1177.0,46.7,58.0,0,No Failure,0,0,0,0,0,177.1,80.5
900,M10899,M,304.2,314.0,1172.0,42.0,139.0,0,No Failure,0,0,0,0,0,124.5,56.6
9430,H19429,H,298.9,307.4,1168.0,57.7,197.0,1,HDF (Heat Dissipation),0,1,0,0,0,6.4,26.9
5268,H15267,H,302.0,312.3,1168.0,55.2,194.0,0,No Failure,0,0,0,0,0,80.3,36.5
7459,L17458,L,301.9,312.6,1407.0,27.8,60.0,0,No Failure,0,0,0,0,0,183.6,83.5
3108,M13107,M,299.7,308.4,1431.0,22.9,196.0,1,PWF (Power Failure),0,0,1,0,0,6.5,44.5
9536,L19535,L,297.6,308.5,1180.0,39.6,121.0,0,No Failure,0,0,0,0,0,138.0,62.7
9638,H19637,H,299.7,310.0,1178.0,44.3,227.0,1,TWF (Tool Wear Failure),1,0,0,0,0,0.8,31.4
6060,H16059,H,301.6,311.4,1168.0,46.3,42.0,0,No Failure,0,0,0,0,0,189.4,86.1
5540,L15539,L,300.0,310.5,1168.0,43.8,3.0,0,No Failure,0,0,0,0,0,212.4,96.5
7847,M17846,M,298.4,310.3,1168.0,41.4,39.0,0,No Failure,0,0,0,0,0,194.0,88.2
7457,M17456,M,299.5,309.5,1168.0,40.3,51.0,0,No Failure,0,0,0,0,0,186.3,84.7
4252,L14251,L,299.5,306.0,1378.0,22.8,150.0,1,HDF (Heat Dissipation),0,1,1,0,0,6.5,50.0
2005,L12004,L,297.8,309.5,1306.0,35.3,37.0,0,No Failure,0,0,0,0,0,195.9,89.0
1548,M11547,M,294.6,304.8,1191.0,28.8,191.0,0,No Failure,0,0,0,0,0,100.0,45.4
7326,L17325,L,298.8,308.5,1168.0,38.5,51.0,0,No Failure,0,0,0,0,0,182.5,82.9
5960,L15959,L,300.3,310.2,1168.0,46.7,155.0,0,No Failure,0,0,0,0,0,107.3,48.8
1367,L11366,L,302.7,312.4,1228.0,37.1,10.0,0,No Failure,0,0,0,0,0,210.4,95.7
6634,M16633,M,297.4,308.0,1168.0,38.5,161.0,0,No Failure,0,0,0,0,0,115.1,52.3
5031,L15030,L,300.0,310.1,1174.0,44.4,79.0,0,No Failure,0,0,0,0,0,164.2,74.6
8211,L18210,L,303.0,312.8,1422.0,48.0,220.0,1,TWF (Tool Wear Failure),1,0,0,0,0,1.0,27.1
3657,L13656,L,302.7,313.1,1168.0,38.9,101.0,0,No Failure,0,0,0,0,0,152.0,69.1
4750,L14749,L,297.1,305.5,1184.0,51.3,57.0,1,HDF (Heat Dissipation),0,1,0,0,0,5.5,72.6
3357,M13356,M,301.3,311.3,1249.0,51.1,142.0,0,No Failure,0,0,0,0,0,117.6,53.5
5973,M15972,M,300.3,309.0,1168.0,41.8,189.0,0,No Failure,0,0,0,0,0,79.1,35.9
1561,H11560,H,298.0,308.0,1354.0,30.0,21.0,0,No Failure,0,0,0,0,0,207.6,94.3
249,L10248,L,302.3,311.1,1168.0,37.3,169.0,0,No Failure,0,0,0,0,0,94.6,43.0
7594,H17593,H,299.9,310.8,1204.0,37.1,55.0,0,No Failure,0,0,0,0,0,185.4,84.3
2688,M12687,M,298.5,308.4,1168.0,65.4,102.0,0,No Failure,0,0,0,0,0,137.3,62.4
2958,L12957,L,300.0,315.0,1390.0,34.3,140.0,0,No Failure,0,0,0,0,0,129.6,58.9
3860,L13859,L,299.6,309.7,1168.0,43.2,136.0,0,No Failure,0,0,0,0,0,124.9,56.8
1752,L11751,L,298.8,309.4,1168.0,35.2,26.0,0,No Failure,0,0,0,0,0,203.1,92.3
6758,H16757,H,298.1,309.9,1435.0,45.1,402.0,0,No Failure,0,0,0,0,0,121.7,55.3
885,L10884,L,300.5,310.7,1168.0,48.0,93.0,0,No Failure,0,0,0,0,0,152.3,69.2
7802,H17801,H,303.1,313.3,1168.0,47.2,112.0,0,No Failure,0,0,0,0,0,143.9,65.4
6986,M16985,M,300.8,310.7,1352.0,37.6,24.0,0,No Failure,0,0,0,0,0,204.0,92.7
6719,M16718,M,300.6,310.3,1293.0,27.1,26.0,0,No Failure,0,0,0,0,0,199.0,90.5
5727,M15726,M,302.1,311.7,1284.0,18.8,205.0,1,PWF (Power Failure),0,0,1,0,0,3.1,38.0
2675,M12674,M,301.7,311.9,1504.0,25.8,56.0,0,No Failure,0,0,0,0,0,187.4,85.2
2573,M12572,M,297.7,309.0,1168.0,29.9,143.0,0,No Failure,0,0,0,0,0,129.6,58.9
1789,H11788,H,298.0,307.2,1204.0,30.3,160.0,0,No Failure,0,0,0,0,0,122.0,55.4
2471,L12470,L,300.9,313.0,1174.0,27.5,26.0,1,PWF (Power Failure),0,0,1,0,0,2.9,87.6
1096,L11095,L,304.1,314.5,1208.0,34.9,153.0,0,No Failure,0,0,0,0,0,120.6,54.8
230,L10229,L,302.7,313.2,1286.0,43.8,98.0,0,No Failure,0,0,0,0,0,151.1,68.7
4995,M14994,M,301.3,311.9,1190.0,47.5,185.0,0,No Failure,0,0,0,0,0,90.3,41.0
1321,L11320,L,299.0,309.5,1168.0,44.9,66.0,0,No Failure,0,0,0,0,0,173.2,78.7
9938,L19937,L,302.9,312.7,1234.0,40.9,133.0,0,No Failure,0,0,0,0,0,126.9,57.7
2894,M12893,M,300.5,310.0,1204.0,32.5,138.0,0,No Failure,0,0,0,0,0,129.2,58.7
9990,L19989,L,298.8,309.6,1447.0,39.9,78.0,0,No Failure,0,0,0,0,0,167.0,75.9
2528,H12527,H,292.925,309.2,1201.0,44.9,224.0,0,No Failure,0,0,0,0,0,70.4,32.0
1563,H11562,H,296.3,306.0,1447.0,46.6,30.0,0,No Failure,0,0,0,0,0,199.7,90.8
2161,L12160,L,297.3,305.2,1168.0,41.4,92.0,1,HDF (Heat Dissipation),0,1,0,0,0,1.5,60.7
3116,M13115,M,302.0,311.8,1455.0,21.0,0.0,1,PWF (Power Failure),0,0,1,0,0,1.9,92.5
2507,H12506,H,300.4,310.7,1323.0,60.4,151.0,0,No Failure,0,0,0,0,0,107.3,48.8
5610,M15609,M,303.0,313.7,1450.0,27.9,26.0,0,No Failure,0,0,0,0,0,204.6,93.0
7052,L17051,L,301.1,311.3,1168.0,32.7,34.0,0,No Failure,0,0,0,0,0,198.4,90.2
6057,L16056,L,300.9,311.5,1168.0,52.5,31.0,0,No Failure,0,0,0,0,0,196.6,89.4
1825,M11824,M,297.3,306.8,1168.0,46.0,56.0,0,No Failure,0,0,0,0,0,175.7,79.9
3428,H13427,H,297.9,306.9,1168.0,42.7,164.0,0,No Failure,0,0,0,0,0,101.3,46.0
4322,M14321,M,301.4,312.2,1196.0,47.1,199.0,0,No Failure,0,0,0,0,0,80.9,36.8
1577,M11576,M,299.7,310.1,1354.0,30.5,75.0,0,No Failure,0,0,0,0,0,174.4,79.3
1773,M11772,M,300.7,311.1,1168.0,54.8,104.0,0,No Failure,0,0,0,0,0,142.9,65.0
7005,H17004,H,299.2,308.6,1168.0,43.9,97.0,0,No Failure,0,0,0,0,0,149.1,67.8
9546,L19545,L,300.7,309.9,1168.0,39.0,157.0,0,No Failure,0,0,0,0,0,105.4,47.9
5250,H15249,H,303.3,312.2,1393.0,39.5,135.0,0,No Failure,0,0,0,0,0,130.8,59.4
3749,L13748,L,296.2,303.9,1168.0,31.9,190.0,1,HDF (Heat Dissipation),0,1,0,0,0,7.8,34.0
8317,H18316,H,298.0,308.2,1168.0,39.1,150.0,0,No Failure,0,0,0,0,0,124.2,56.5
8995,L18994,L,297.4,308.0,1168.0,33.8,2.0,0,No Failure,0,0,0,0,0,218.7,99.4
7573,L17572,L,296.4,307.2,1168.0,52.7,207.0,0,No Failure,0,0,0,0,0,63.5,28.8
3558,H13557,H,301.8,312.8,1282.0,29.1,188.0,0,No Failure,0,0,0,0,0,109.5,49.8
611,M10610,M,298.8,309.2,1414.0,21.5,54.0,1,PWF (Power Failure),0,0,1,0,0,2.9,78.6
3044,L13043,L,300.1,310.7,1341.0,30.8,205.0,1,TWF (Tool Wear Failure),1,0,0,0,0,0.9,41.8
9866,L19865,L,301.2,309.4,1168.0,46.9,97.0,1,HDF (Heat Dissipation),0,1,0,0,0,5.1,59.2
6016,L16015,L,298.8,308.7,1319.0,38.7,116.0,0,No Failure,0,0,0,0,0,141.4,64.3
8442,L18441,L,300.9,310.5,1168.0,49.8,153.0,0,No Failure,0,0,0,0,0,102.6,46.6
2623,L12622,L,301.6,312.8,1289.0,26.8,100.0,0,No Failure,0,0,0,0,0,154.9,70.4
7757,L17756,L,301.7,311.4,1168.0,42.4,190.0,0,No Failure,0,0,0,0,0,84.8,38.5
6524,L16523,L,300.1,309.9,1229.0,38.5,27.0,0,No Failure,0,0,0,0,0,199.9,90.9
2253,L12252,L,299.3,309.5,1168.0,39.4,172.0,0,No Failure,0,0,0,0,0,103.7,47.1
4424,L14423,L,300.6,310.9,1168.0,47.0,83.0,0,No Failure,0,0,0,0,0,160.1,72.8
7699,L17698,L,300.5,312.1,1168.0,45.0,215.0,1,TWF (Tool Wear Failure),1,0,0,0,0,7.7,30.6
451,L10450,L,301.4,311.2,1168.0,57.8,212.0,1,OSF (Overstrain Failure),0,0,0,1,0,3.7,23.2
1209,L11208,L,300.2,310.8,908.0,30.2,111.0,0,No Failure,0,0,0,0,0,151.0,68.7
7918,L17917,L,302.7,313.2,1182.0,29.0,75.0,0,No Failure,0,0,0,0,0,168.2,76.4
4786,H14785,H,303.4,314.5,1266.0,30.1,183.0,0,No Failure,0,0,0,0,0,111.5,50.7
2818,M12817,M,299.8,311.1,1182.0,61.5,121.0,0,No Failure,0,0,0,0,0,125.8,57.2
5520,M15519,M,298.0,316.58,1168.0,39.2,166.0,0,No Failure,0,0,0,0,0,96.9,44.0
1823,M11822,M,300.7,312.2,1168.0,56.7,49.0,0,No Failure,0,0,0,0,0,183.2,83.3
8163,L18162,L,302.1,311.4,1329.0,59.3,58.0,0,No Failure,0,0,0,0,0,170.1,77.3
5420,L15419,L,294.41,303.99,1253.0,49.6,46.0,0,No Failure,0,0,0,0,0,186.1,84.6
8518,L18517,L,299.2,307.9,1168.0,54.2,192.0,0,No Failure,0,0,0,0,0,58.8,26.7
5576,L15575,L,299.6,309.7,1219.0,43.3,119.0,0,No Failure,0,0,0,0,0,136.7,62.1
2430,M12429,M,299.9,310.7,1366.0,47.0,107.0,0,No Failure,0,0,0,0,0,145.3,66.0
3102,L13101,L,301.2,310.3,1219.0,37.0,176.0,0,No Failure,0,0,0,0,0,94.3,42.9
9152,L19151,L,298.7,308.0,1168.0,43.8,115.0,0,No Failure,0,0,0,0,0,131.5,59.8
6125,L16124,L,303.9,315.0,1168.0,40.15,40.0,0,No Failure,0,0,0,0,0,191.2,86.9
9971,M19970,M,299.6,310.3,1546.0,19.3,9.0,1,PWF (Power Failure),0,0,1,0,0,0.5,91.8
9906,M19905,M,302.1,311.2,1427.0,37.1,22.0,0,No Failure,0,0,0,0,0,204.9,93.1
631,H10630,H,302.6,312.5,1168.0,39.5,125.0,0,No Failure,0,0,0,0,0,138.8,63.1
3420,H13419,H,300.3,310.5,1168.0,56.7,402.0,0,No Failure,0,0,0,0,0,121.7,55.3
7524,L17523,L,303.3,312.6,1319.0,44.0,44.0,0,No Failure,0,0,0,0,0,185.0,84.1
1239,L11238,L,299.2,309.0,1168.0,49.9,107.0,0,No Failure,0,0,0,0,0,64.0,29.1
7279,M17278,M,302.9,313.7,1168.0,52.8,116.0,0,No Failure,0,0,0,0,0,135.3,61.5
9312,M19311,M,298.3,308.6,1168.0,26.9,9.0,1,PWF (Power Failure),0,0,1,0,0,4.3,91.2
4558,M14557,M,297.6,307.2,1339.0,39.7,80.0,0,No Failure,0,0,0,0,0,163.4,74.3
5092,M15091,M,299.9,311.6,1349.0,29.1,54.0,0,No Failure,0,0,0,0,0,187.6,85.3
5549,M15548,M,301.3,311.9,1201.0,2.52,37.0,0,No Failure,0,0,0,0,0,193.7,88.0
1381,L11380,L,298.8,309.6,1168.0,40.15,61.0,0,No Failure,0,0,0,0,0,179.8,81.7
812,L10811,L,302.1,311.8,1168.0,47.5,59.0,0,No Failure,0,0,0,0,0,173.9,79.1
6243,L16242,L,299.3,308.7,1235.0,34.2,185.0,0,No Failure,0,0,0,0,0,95.0,43.2
2066,H12065,H,298.3,306.9,1312.0,36.9,3.0,1,HDF (Heat Dissipation),0,1,0,0,0,2.6,95.3
8141,L18140,L,304.3,315.1,1168.0,44.5,191.0,0,No Failure,0,0,0,0,0,85.0,38.6
3383,H13382,H,303.8,314.5,1245.0,30.2,6.0,0,No Failure,0,0,0,0,0,216.4,98.4
5633,L15632,L,299.4,310.3,1168.0,47.6,92.0,0,No Failure,0,0,0,0,0,153.2,69.7
1504,L11503,L,298.1,308.5,1276.0,21.4,58.0,1,PWF (Power Failure),0,0,1,0,0,3.1,75.0
1371,L11370,L,300.4,310.8,1546.0,45.9,20.0,0,No Failure,0,0,0,0,0,205.7,93.5
3016,M13015,M,298.3,307.7,1326.0,39.7,113.0,0,No Failure,0,0,0,0,0,140.4,63.8
4620,M14619,M,296.5,306.6,1168.0,53.4,79.0,0,No Failure,0,0,0,0,0,162.0,73.7
5956,M15955,M,299.9,309.6,1175.0,50.1,143.0,0,No Failure,0,0,0,0,0,114.4,52.0
5508,L15507,L,296.9,306.4,1360.0,46.2,129.0,0,No Failure,0,0,0,0,0,125.5,57.0
2140,H12139,H,298.6,307.6,1370.0,19.0,16.0,1,PWF (Power Failure),0,0,1,0,0,0.2,84.5
7229,L17228,L,302.2,312.3,1168.0,40.7,173.0,0,No Failure,0,0,0,0,0,101.6,46.2
9352,M19351,M,297.5,308.8,1168.0,46.1,136.0,0,No Failure,0,0,0,0,0,125.7,57.1
5181,M15180,M,299.5,308.9,1168.0,46.2,142.0,0,No Failure,0,0,0,0,0,114.8,52.2
4243,L14242,L,298.9,310.6,1469.0,25.3,118.0,0,No Failure,0,0,0,0,0,150.2,68.3
6214,M16213,M,292.925,311.7,1168.0,35.4,96.0,0,No Failure,0,0,0,0,0,159.1,72.3
6423,M16422,M,299.6,310.9,1216.0,28.0,136.0,0,No Failure,0,0,0,0,0,132.8,60.3
3278,M13277,M,303.8,312.3,1546.0,26.7,111.0,0,No Failure,0,0,0,0,0,154.9,70.4
5818,L15817,L,299.4,309.9,1168.0,68.9,114.0,0,No Failure,0,0,0,0,0,122.7,55.8
6365,H16364,H,297.0,305.5,1212.0,52.2,178.0,1,HDF (Heat Dissipation),0,1,0,0,0,3.5,35.8
8821,L18820,L,299.5,309.7,1168.0,40.7,84.0,0,No Failure,0,0,0,0,0,162.5,73.9
1470,L11469,L,296.1,305.3,1233.0,29.0,160.0,0,No Failure,0,0,0,0,0,112.6,51.2
861,M10860,M,302.9,313.8,1175.0,49.3,12.0,0,No Failure,0,0,0,0,0,211.5,96.1
8319,L18318,L,304.4,314.9,1168.0,42.3,162.0,0,No Failure,0,0,0,0,0,107.6,48.9
5273,H15272,H,298.3,309.4,1330.0,32.5,218.0,0,No Failure,0,0,0,0,0,88.1,40.0
5191,M15190,M,299.5,309.0,1429.0,21.9,175.0,1,PWF (Power Failure),0,0,1,0,0,5.6,48.7
6740,L16739,L,299.9,309.8,1189.0,39.3,94.0,0,No Failure,0,0,0,0,0,155.4,70.6
8713,M18712,M,300.4,302.0,1299.0,43.2,136.0,0,No Failure,0,0,0,0,0,127.8,58.1
8581,M18580,M,301.2,311.5,1194.0,45.4,175.0,0,No Failure,0,0,0,0,0,99.3,45.1
3852,L13851,L,298.6,308.1,1331.0,26.7,111.0,0,No Failure,0,0,0,0,0,148.6,67.5
6255,H16254,H,302.0,311.4,1265.0,42.1,13.0,0,No Failure,0,0,0,0,0,206.6,93.9
5801,L15800,L,299.1,309.0,1388.0,47.2,56.0,0,No Failure,0,0,0,0,0,179.2,81.5
8663,H18662,H,298.8,309.6,1268.0,30.1,224.0,0,No Failure,0,0,0,0,0,87.2,39.6
9231,L19230,L,300.3,308.9,1182.0,43.7,165.0,1,HDF (Heat Dissipation),0,1,0,0,0,6.3,40.3
3610,L13609,L,299.2,308.8,1168.0,40.3,165.0,0,No Failure,0,0,0,0,0,103.1,46.9
9896,H19895,H,302.9,315.2,1204.0,54.9,207.0,0,No Failure,0,0,0,0,0,71.2,32.4
7872,L17871,L,301.5,312.8,1546.0,19.7,119.0,1,PWF (Power Failure),0,0,1,0,0,8.0,63.8
6548,M16547,M,298.5,308.4,1168.0,54.7,105.0,0,No Failure,0,0,0,0,0,141.1,64.1
2971,L12970,L,300.5,310.2,1182.0,32.8,183.0,0,No Failure,0,0,0,0,0,100.2,45.5
1017,M11016,M,296.1,306.2,1294.0,45.2,99.0,0,No Failure,0,0,0,0,0,151.8,69.0
2780,L12779,L,300.2,309.9,1307.0,42.2,210.0,1,TWF (Tool Wear Failure),1,0,0,0,0,5.2,33.0
6056,L16055,L,301.4,310.7,1168.0,61.9,29.0,0,No Failure,0,0,0,0,0,188.8,85.8
8771,L18770,L,301.4,309.2,1168.0,39.2,113.0,1,HDF (Heat Dissipation),0,1,0,0,0,0.9,54.3
101,H10100,H,298.1,307.8,1168.0,32.2,95.0,0,No Failure,0,0,0,0,0,159.4,72.4
7829,H17828,H,302.5,311.4,1168.0,48.4,199.0,0,No Failure,0,0,0,0,0,71.4,32.5
6325,M16324,M,299.7,310.8,1168.0,40.1,34.0,0,No Failure,0,0,0,0,0,197.5,89.8
1049,H11048,H,298.7,302.0,1168.0,36.9,209.0,1,TWF (Tool Wear Failure),1,0,0,0,0,6.9,40.4
96,M10095,M,301.4,310.9,1299.0,40.4,79.0,0,No Failure,0,0,0,0,0,164.4,74.7
32,H10031,H,300.1,310.7,1256.0,44.6,108.0,0,No Failure,0,0,0,0,0,148.0,67.3
5562,L15561,L,303.4,313.6,1168.0,44.0,76.0,0,No Failure,0,0,0,0,0,166.5,75.7
581,L10580,L,301.5,312.9,1196.0,24.0,166.0,1,PWF (Power Failure),0,0,1,0,0,2.5,46.0
1658,H11657,H,297.4,308.4,1249.0,38.9,139.0,0,No Failure,0,0,0,0,0,131.4,59.7
9369,M19368,M,301.5,312.3,1221.0,45.0,196.0,0,No Failure,0,0,0,0,0,85.3,38.8
6399,M16398,M,300.6,308.9,1168.0,50.3,55.0,1,HDF (Heat Dissipation),0,1,0,0,0,5.0,73.6
3623,L13622,L,301.3,310.8,1184.0,28.8,212.0,1,TWF (Tool Wear Failure),1,0,0,0,0,5.8,35.6
6625,L16624,L,292.925,308.2,1168.0,50.2,128.0,0,No Failure,0,0,0,0,0,122.9,55.9
6674,L16673,L,298.9,308.1,1168.0,29.5,82.0,0,No Failure,0,0,0,0,0,155.3,70.6
2242,L12241,L,299.3,308.8,1338.0,43.0,141.0,0,No Failure,0,0,0,0,0,119.1,54.1
3053,M13052,M,301.0,311.7,1294.0,25.7,8.0,1,PWF (Power Failure),0,0,1,0,0,4.7,93.9
260,M10259,M,299.4,308.5,1224.0,37.8,-99.0,0,No Failure,0,0,0,0,0,78.9,35.9
7780,M17779,M,301.8,311.9,1261.0,40.5,39.0,0,No Failure,0,0,0,0,0,194.2,88.3
5392,L15391,L,302.9,311.1,1239.0,23.5,174.0,1,HDF (Heat Dissipation),0,1,1,0,0,0.8,37.1
126,L10125,L,301.5,312.6,1241.0,36.9,180.0,0,No Failure,0,0,0,0,0,100.9,45.9
2986,L12985,L,299.5,309.5,1168.0,58.6,10.0,0,No Failure,0,0,0,0,0,212.1,96.4
7216,L17215,L,297.8,307.0,1231.0,49.0,137.0,0,No Failure,0,0,0,0,0,111.7,50.8
2529,H12528,H,301.7,312.4,1237.0,41.7,0.0,0,No Failure,0,0,0,0,0,220.0,100.0
6455,M16454,M,297.1,307.5,1168.0,51.8,10.0,0,No Failure,0,0,0,0,0,212.8,96.7
4076,L14075,L,297.3,307.3,1349.0,27.2,206.0,0,No Failure,0,0,0,0,0,95.7,43.5
3865,H13864,H,298.0,308.2,1315.0,34.1,149.0,0,No Failure,0,0,0,0,0,128.6,58.5
363,L10362,L,300.8,309.6,1307.0,33.9,115.0,0,No Failure,0,0,0,0,0,138.5,62.9
4199,L14198,L,297.9,305.8,1386.0,31.5,193.0,0,No Failure,0,0,0,0,0,92.7,42.1
8019,L18018,L,301.7,310.8,1168.0,42.8,8.0,0,No Failure,0,0,0,0,0,204.5,93.0
4973,L14972,L,298.0,308.7,1270.0,43.7,109.0,0,No Failure,0,0,0,0,0,143.5,65.2
4590,H14589,H,300.3,310.4,1194.0,33.3,199.0,0,No Failure,0,0,0,0,0,98.8,44.9
4231,H14230,H,299.1,309.8,1168.0,44.9,73.0,0,No Failure,0,0,0,0,0,171.2,77.8
3453,L13452,L,300.0,312.5,1272.0,36.3,35.0,0,No Failure,0,0,0,0,0,189.1,86.0
9619,M19618,M,302.1,312.2,1229.0,39.9,157.0,0,No Failure,0,0,0,0,0,116.5,52.9
7959,L17958,L,301.2,309.9,1234.0,42.0,215.0,0,No Failure,0,0,0,0,0,58.9,26.8
235,H10234,H,300.2,309.6,1168.0,32.8,115.0,0,No Failure,0,0,0,0,0,143.6,65.3
5778,M15777,M,300.9,311.9,1168.0,45.0,186.0,0,No Failure,0,0,0,0,0,92.1,41.9
3461,L13460,L,300.4,310.1,1427.0,42.4,67.0,0,No Failure,0,0,0,0,0,173.2,78.7
4960,M14959,M,299.7,308.9,1314.0,37.0,72.0,0,No Failure,0,0,0,0,0,168.9,76.8
8466,M18465,M,299.2,307.9,1168.0,33.9,13.0,0,No Failure,0,0,0,0,0,197.6,89.8
9999,L19998,L,301.2,309.4,1168.0,47.3,99.0,1,HDF (Heat Dissipation),0,1,0,0,0,0.1,58.4
3122,L13121,L,301.4,310.3,1168.0,34.3,18.0,0,No Failure,0,0,0,0,0,196.3,89.2
9261,H19260,H,298.3,318.2,1168.0,42.4,43.0,0,No Failure,0,0,0,0,0,191.8,87.2
1413,H11412,H,298.0,307.4,1171.0,37.9,184.0,0,No Failure,0,0,0,0,0,97.0,44.1
1455,L11454,L,295.9,305.2,1168.0,62.4,114.0,0,No Failure,0,0,0,0,0,119.5,54.3
4028,M14027,M,301.0,311.3,1176.0,47.0,31.0,0,No Failure,0,0,0,0,0,198.3,90.2
8480,H18479,H,301.3,309.5,1264.0,42.6,53.0,1,HDF (Heat Dissipation),0,1,0,0,0,1.1,77.5
8268,L18267,L,300.9,309.6,1168.0,34.8,206.0,0,No Failure,0,0,0,0,0,72.0,32.7
7348,L17347,L,300.1,310.8,1168.0,54.3,127.0,0,No Failure,0,0,0,0,0,122.7,55.8
4718,M14717,M,300.7,311.1,1194.0,44.7,177.0,0,No Failure,0,0,0,0,0,98.6,44.8
3702,L13701,L,300.4,311.1,1168.0,34.4,14.0,0,No Failure,0,0,0,0,0,211.0,95.9
2977,M12976,M,299.5,308.8,1228.0,37.7,205.0,0,No Failure,0,0,0,0,0,80.5,36.6
1948,H11947,H,297.6,307.3,1220.0,48.4,38.0,0,No Failure,0,0,0,0,0,190.9,86.8
9155,L19154,L,300.1,308.1,1168.0,50.1,128.0,1,HDF (Heat Dissipation),0,1,0,0,0,7.6,46.9
9870,H19869,H,300.4,310.5,1236.0,24.6,108.0,1,PWF (Power Failure),0,0,1,0,0,0.1,64.6
6220,L16219,L,297.1,305.7,1264.0,45.5,114.0,1,HDF (Heat Dissipation),0,1,0,0,0,5.2,57.8
729,L10728,L,300.8,311.1,1168.0,48.7,33.0,0,No Failure,0,0,0,0,0,195.8,89.0
7187,L17186,L,297.5,307.4,1168.0,50.2,38.0,0,No Failure,0,0,0,0,0,190.7,86.7
8456,L18455,L,301.2,311.8,1168.0,35.6,198.0,0,No Failure,0,0,0,0,0,90.6,41.2
1210,L11209,L,296.4,306.9,1285.0,35.1,113.0,0,No Failure,0,0,0,0,0,146.5,66.6
2819,L12818,L,304.7,314.7,1168.0,41.5,124.0,0,No Failure,0,0,0,0,0,134.6,61.2
3064,H13063,H,299.8,309.5,1283.0,49.9,40.0,0,No Failure,0,0,0,0,0,190.1,86.4
2186,L12185,L,300.2,311.1,1195.0,44.7,181.0,0,No Failure,0,0,0,0,0,91.8,41.7
9245,L19244,L,299.8,310.1,1168.0,44.7,209.0,0,No Failure,0,0,0,0,0,72.0,32.7
8282,M18281,M,301.5,311.2,1546.0,48.9,37.0,0,No Failure,0,0,0,0,0,190.5,86.6
1048,M11047,M,298.9,309.5,1315.0,36.9,205.0,0,No Failure,0,0,0,0,0,88.2,40.1
1151,L11150,L,302.0,310.5,1168.0,41.5,131.0,1,HDF (Heat Dissipation),0,1,0,0,0,7.4,51.5
406,H10405,H,303.0,313.8,1168.0,45.2,41.0,0,No Failure,0,0,0,0,0,192.6,87.5
8491,L18490,L,303.1,313.4,1168.0,50.6,97.0,0,No Failure,0,0,0,0,0,147.9,67.2
5279,L15278,L,301.1,309.2,1168.0,46.7,3.0,1,HDF (Heat Dissipation),0,1,0,0,0,6.1,89.5
3972,L13971,L,298.2,309.9,1223.0,44.6,72.0,0,No Failure,0,0,0,0,0,169.1,76.8
1796,L11795,L,298.2,308.1,1168.0,62.9,186.0,1,OSF (Overstrain Failure),0,0,0,1,0,8.0,30.4
9633,L19632,L,299.4,310.9,1168.0,46.8,212.0,0,No Failure,0,0,0,0,0,67.2,30.5
5538,M15537,M,299.4,308.3,1168.0,38.7,229.0,0,No Failure,0,0,0,0,0,58.4,26.5
1985,M11984,M,297.2,306.8,1168.0,34.3,176.0,0,No Failure,0,0,0,0,0,105.0,47.7
6664,H16663,H,298.8,308.4,1295.0,40.5,43.0,0,No Failure,0,0,0,0,0,189.5,86.1
3826,M13825,M,299.3,310.05,1173.0,42.5,30.0,0,No Failure,0,0,0,0,0,199.8,90.8
927,L10926,L,302.7,313.1,1240.0,43.7,3.0,0,No Failure,0,0,0,0,0,217.9,99.0
4156,L14155,L,300.0,309.8,1168.0,44.7,43.0,0,No Failure,0,0,0,0,0,189.5,86.2
4289,H14288,H,300.1,312.2,1168.0,39.3,80.0,0,No Failure,0,0,0,0,0,166.9,75.9
2695,H12694,H,305.4,313.7,1356.0,21.7,130.0,1,HDF (Heat Dissipation),0,1,1,0,0,3.7,55.3
9228,M19227,M,300.7,310.4,1182.0,52.2,157.0,0,No Failure,0,0,0,0,0,102.5,46.6
6578,M16577,M,296.6,304.9,1168.0,52.5,210.0,1,HDF (Heat Dissipation),0,1,0,0,0,6.8,21.9
503,H10502,H,300.4,309.5,1363.0,35.3,136.0,0,No Failure,0,0,0,0,0,132.3,60.2
4728,L14727,L,298.5,309.1,1168.0,50.6,207.0,0,No Failure,0,0,0,0,0,66.1,30.0
1468,L11467,L,298.4,308.9,1168.0,47.7,155.0,1,RNF (Random Failure),0,0,0,0,1,5.6,48.8
1587,L11586,L,300.3,310.9,1178.0,41.9,118.0,0,No Failure,0,0,0,0,0,138.4,62.9
8348,L18347,L,304.9,317.3,1406.0,41.6,40.0,0,No Failure,0,0,0,0,0,192.4,87.5
6492,M16491,M,299.3,310.6,1231.0,50.2,139.0,0,No Failure,0,0,0,0,0,120.5,54.8
8246,L18245,L,300.6,311.5,1168.0,37.0,129.0,0,No Failure,0,0,0,0,0,134.6,61.2
5240,M15239,M,298.2,310.0,1168.0,42.9,106.0,0,No Failure,0,0,0,0,0,148.3,67.4
9398,H19397,H,299.7,310.9,1168.0,52.3,90.0,0,No Failure,0,0,0,0,0,156.5,71.1
4606,L14605,L,299.8,310.0,1168.0,62.3,107.0,0,No Failure,0,0,0,0,0,195.6,88.9
681,L10680,L,302.9,311.5,1336.0,45.6,86.0,0,No Failure,0,0,0,0,0,151.6,68.9
8672,L18671,L,299.0,310.0,1312.0,36.5,19.0,1,HDF (Heat Dissipation),0,1,0,0,0,1.1,89.6
188,L10187,L,301.7,311.5,1291.0,29.2,173.0,0,No Failure,0,0,0,0,0,112.2,51.0
105,M10104,M,299.4,309.9,1168.0,41.0,111.0,0,No Failure,0,0,0,0,0,146.1,66.4
9088,H19087,H,296.7,306.4,1288.0,32.9,115.0,0,No Failure,0,0,0,0,0,148.1,67.3
3406,H13405,H,304.5,314.0,1546.0,62.8,91.0,0,No Failure,0,0,0,0,0,145.4,66.1
7003,M17002,M,296.0,308.1,1546.0,22.4,90.0,0,No Failure,0,0,0,0,0,166.8,75.8
4082,L14081,L,297.1,307.0,1168.0,33.3,7.0,0,No Failure,0,0,0,0,0,214.4,97.5
8823,M18822,M,299.1,309.6,1168.0,47.8,90.0,0,No Failure,0,0,0,0,0,156.7,71.2
3985,L13984,L,301.6,312.1,1168.0,33.1,109.0,0,No Failure,0,0,0,0,0,150.4,68.4
1898,L11897,L,299.0,310.3,1168.0,41.7,382.0,0,No Failure,0,0,0,0,0,157.2,71.5
7374,H17373,H,297.2,307.6,1168.0,51.0,3.0,0,No Failure,0,0,0,0,0,217.9,99.0
6361,L16360,L,297.2,306.3,1546.0,14.2,164.0,1,PWF (Power Failure),0,0,1,0,0,3.3,50.8
9632,H19631,H,298.4,308.4,1309.0,43.1,206.0,0,No Failure,0,0,0,0,0,84.3,38.3
7592,H17591,H,297.9,307.1,1209.0,27.4,43.0,1,PWF (Power Failure),0,0,1,0,0,5.7,80.7
5446,L15445,L,300.0,310.0,1168.0,45.5,148.0,0,No Failure,0,0,0,0,0,109.0,49.5
6022,H16021,H,298.0,308.9,1365.0,51.9,139.0,0,No Failure,0,0,0,0,0,122.2,55.6
6572,M16571,M,301.1,310.4,1168.0,47.4,192.0,0,No Failure,0,0,0,0,0,77.8,35.3
6975,M16974,M,298.8,308.0,1250.0,21.8,201.0,1,PWF (Power Failure),0,0,1,0,0,4.6,35.6
3587,L13586,L,298.7,307.7,1168.0,31.1,84.0,0,No Failure,0,0,0,0,0,156.4,71.1
5833,L15832,L,300.0,308.3,1286.0,32.8,107.0,1,HDF (Heat Dissipation),0,1,0,0,0,0.9,47.5
8822,L18821,L,301.5,312.5,1168.0,48.8,87.0,0,No Failure,0,0,0,0,0,156.2,71.0
2772,M12771,M,301.5,312.2,1296.0,40.9,181.0,0,No Failure,0,0,0,0,0,99.6,45.3
2969,M12968,M,299.8,308.8,1405.0,31.8,177.0,0,No Failure,0,0,0,0,0,109.2,49.6
4397,L14396,L,298.2,306.9,1168.0,34.7,223.0,0,No Failure,0,0,0,0,0,61.2,27.8
3961,L13960,L,299.4,308.7,1168.0,51.7,42.0,0,No Failure,0,0,0,0,0,180.8,82.2
5243,L15242,L,302.7,312.4,1168.0,60.8,115.0,0,No Failure,0,0,0,0,0,124.1,56.4
817,H10816,H,302.3,312.5,1168.0,37.1,79.0,0,No Failure,0,0,0,0,0,170.4,77.4
5623,M15622,M,303.0,311.8,1264.0,57.2,62.0,0,No Failure,0,0,0,0,0,163.4,74.3
51,L10050,L,307.1,306.9,1546.0,40.4,170.0,0,No Failure,0,0,0,0,0,89.7,40.8
2358,M12357,M,302.7,312.5,1168.0,49.5,84.0,0,No Failure,0,0,0,0,0,158.0,71.8
3791,L13790,L,299.5,302.0,1168.0,40.15,133.0,0,No Failure,0,0,0,0,0,117.0,53.2
164,L10163,L,300.0,309.9,1183.0,40.15,85.0,0,No Failure,0,0,0,0,0,164.9,75.0
9193,M19192,M,298.8,308.0,1276.0,50.6,38.0,0,No Failure,0,0,0,0,0,186.6,84.8
4287,H14286,H,299.0,306.7,1258.0,43.0,-188.0,1,HDF (Heat Dissipation),0,1,0,0,0,5.7,69.6
37,L10036,L,297.5,307.9,1345.0,36.6,123.0,0,No Failure,0,0,0,0,0,138.9,63.1
5546,L15545,L,301.4,312.5,1232.0,41.8,26.0,0,No Failure,0,0,0,0,0,202.0,91.8
3696,L13695,L,300.1,310.5,1546.0,24.1,223.0,1,TWF (Tool Wear Failure),1,0,0,0,0,1.1,40.7
8631,M18630,M,298.6,308.3,1168.0,35.8,127.0,0,No Failure,0,0,0,0,0,135.8,61.7
6635,M16634,M,299.2,308.6,1168.0,51.2,402.0,0,No Failure,0,0,0,0,0,95.1,43.2
5068,L15067,L,299.5,310.6,1168.0,45.2,204.0,1,TWF (Tool Wear Failure),1,0,0,0,0,0.3,34.1
5849,L15848,L,299.8,310.0,1168.0,50.9,8.0,0,No Failure,0,0,0,0,0,214.0,97.3
8329,H18328,H,302.5,311.6,1168.0,47.8,196.0,0,No Failure,0,0,0,0,0,76.3,34.7
5449,M15448,M,300.4,313.6,1454.0,22.6,158.0,1,PWF (Power Failure),0,0,1,0,0,5.6,55.0
6996,H16995,H,298.8,309.1,1253.0,26.6,58.0,1,PWF (Power Failure),0,0,1,0,0,6.1,81.0
8124,L18123,L,299.0,309.7,1378.0,18.5,133.0,1,PWF (Power Failure),0,0,1,0,0,3.6,56.7
5201,L15200,L,299.8,310.8,1272.0,45.9,210.0,0,No Failure,0,0,0,0,0,69.8,31.7
2392,M12391,M,297.3,306.6,1546.0,32.5,197.0,0,No Failure,0,0,0,0,0,91.3,41.5
5327,M15326,M,299.9,311.1,1242.0,33.2,160.0,0,No Failure,0,0,0,0,0,120.4,54.7
1274,M11273,M,301.7,311.7,1168.0,44.4,125.0,0,No Failure,0,0,0,0,0,134.5,61.1
1527,L11526,L,299.6,310.1,1323.0,32.0,133.0,0,No Failure,0,0,0,0,0,135.9,61.8
3360,M13359,M,299.1,308.8,1260.0,33.1,152.0,0,No Failure,0,0,0,0,0,122.9,55.9
7278,M17277,M,299.1,308.7,1472.0,40.8,112.0,0,No Failure,0,0,0,0,0,145.6,66.2
30,M10029,M,301.1,310.6,1168.0,33.2,101.0,0,No Failure,0,0,0,0,0,151.6,68.9
1109,H11108,H,303.3,312.8,1168.0,40.4,196.0,0,No Failure,0,0,0,0,0,88.1,40.0
993,M10992,M,300.9,310.1,1315.0,38.2,17.0,0,No Failure,0,0,0,0,0,204.2,92.8
7577,H17576,H,300.0,308.8,1418.0,30.6,219.0,1,TWF (Tool Wear Failure),1,0,0,0,0,1.9,40.0
1467,L11466,L,298.8,308.7,1185.0,37.7,152.0,0,No Failure,0,0,0,0,0,117.6,53.5
2102,L12101,L,299.8,310.9,1192.0,41.0,118.0,0,No Failure,0,0,0,0,0,139.1,63.2
2010,M12009,M,299.0,308.1,1168.0,23.6,106.0,1,PWF (Power Failure),0,0,1,0,0,1.7,72.0
3492,L13491,L,300.0,308.4,1168.0,52.7,172.0,0,No Failure,0,0,0,0,0,86.6,39.4
7651,H17650,H,300.6,311.4,1312.0,41.8,45.0,0,No Failure,0,0,0,0,0,190.7,86.7
4456,L14455,L,295.1,303.7,1168.0,37.5,191.0,1,HDF (Heat Dissipation),0,1,0,0,0,2.1,35.3
7548,L17547,L,300.2,310.3,1492.0,33.5,118.0,0,No Failure,0,0,0,0,0,144.4,65.6
602,M10601,M,301.9,310.8,1168.0,70.0,18.0,0,No Failure,0,0,0,0,0,191.7,87.1
7585,M17584,M,301.8,312.7,1168.0,47.7,22.0,0,No Failure,0,0,0,0,0,204.5,93.0
2075,L12074,L,301.6,311.6,1168.0,45.6,39.0,0,No Failure,0,0,0,0,0,192.2,87.3
5703,L15702,L,301.9,311.8,1339.0,51.4,113.0,0,No Failure,0,0,0,0,0,134.9,61.3
1804,M11803,M,297.0,306.2,1444.0,31.6,211.0,1,TWF (Tool Wear Failure),1,0,0,0,0,0.9,41.0
8842,L18841,L,298.5,310.8,1168.0,37.1,159.0,0,No Failure,0,0,0,0,0,114.6,52.1
8569,M18568,M,300.7,311.2,1168.0,43.1,131.0,0,No Failure,0,0,0,0,0,131.3,59.7
890,M10889,M,301.9,312.6,1347.0,26.5,106.0,0,No Failure,0,0,0,0,0,156.2,71.0
89,L10088,L,301.1,310.9,1386.0,32.7,59.0,0,No Failure,0,0,0,0,0,181.9,82.7
1760,H11759,H,298.0,309.0,1238.0,45.8,59.0,0,No Failure,0,0,0,0,0,180.3,82.0
7874,L17873,L,298.4,308.9,1168.0,46.4,124.0,0,No Failure,0,0,0,0,0,130.9,59.5
2331,M12330,M,298.1,309.4,1425.0,20.2,215.0,1,PWF (Power Failure),0,0,1,0,0,1.5,36.3
9206,H19205,H,298.5,309.7,1241.0,19.7,77.0,1,PWF (Power Failure),0,0,1,0,0,0.0,71.1
6295,L16294,L,300.1,310.8,1260.0,49.1,157.0,0,No Failure,0,0,0,0,0,104.7,47.6
6851,H16850,H,299.6,308.4,1168.0,39.3,23.0,0,No Failure,0,0,0,0,0,192.1,87.3
2648,M12647,M,299.8,308.9,1259.0,40.1,188.0,0,No Failure,0,0,0,0,0,88.3,40.1
8484,M18483,M,302.6,312.3,1168.0,62.9,69.0,0,No Failure,0,0,0,0,0,162.5,73.8
1703,L11702,L,302.0,310.5,1530.0,44.8,80.0,0,No Failure,0,0,0,0,0,163.3,74.2
6452,L16451,L,297.1,307.2,1168.0,44.6,2.0,0,No Failure,0,0,0,0,0,218.6,99.4
6491,L16490,L,300.4,309.6,1216.0,48.5,137.0,0,No Failure,0,0,0,0,0,111.6,50.7
9898,M19897,M,298.2,308.9,1168.0,45.4,216.0,0,No Failure,0,0,0,0,0,71.0,32.3
7051,H17050,H,296.2,303.5,1367.0,27.7,29.0,1,HDF (Heat Dissipation),0,1,0,0,0,6.6,87.9
2451,M12450,M,297.9,307.3,1168.0,36.5,172.0,0,No Failure,0,0,0,0,0,103.2,46.9
2351,L12350,L,300.1,309.0,1241.0,35.0,63.0,0,No Failure,0,0,0,0,0,168.9,76.8
6915,M16914,M,299.6,308.7,1168.0,35.7,0.0,0,No Failure,0,0,0,0,0,210.1,95.5
710,L10709,L,300.2,310.6,1388.0,41.8,183.0,0,No Failure,0,0,0,0,0,93.6,42.5
238,M10237,M,303.3,314.0,1168.0,47.3,130.0,0,No Failure,0,0,0,0,0,129.0,58.6
4265,M14264,M,297.0,307.5,1168.0,52.3,199.0,0,No Failure,0,0,0,0,0,75.2,34.2
5886,L15885,L,302.7,311.6,1264.0,40.3,124.0,0,No Failure,0,0,0,0,0,126.5,57.5
3727,H13726,H,296.4,308.2,1168.0,27.5,109.0,1,PWF (Power Failure),0,0,1,0,0,0.5,65.8
68,L10067,L,299.0,307.4,1248.0,34.2,227.0,1,HDF (Heat Dissipation),0,1,0,0,0,6.6,27.0
5920,L15919,L,297.0,306.8,1245.0,46.7,33.0,0,No Failure,0,0,0,0,0,194.4,88.4
1681,M11680,M,297.9,307.2,1168.0,48.7,0.0,0,No Failure,0,0,0,0,0,212.3,96.5
2104,H12103,H,302.0,311.6,1168.0,40.9,127.0,0,No Failure,0,0,0,0,0,133.3,60.6
1989,H11988,H,296.7,306.3,1168.0,56.8,190.0,0,No Failure,0,0,0,0,0,77.2,35.1
102,M10101,M,298.9,308.3,1168.0,46.2,100.0,0,No Failure,0,0,0,0,0,144.0,65.5
7690,L17689,L,299.9,308.8,1168.0,40.7,189.0,0,No Failure,0,0,0,0,0,78.6,35.7
9418,M19417,M,300.8,310.8,1402.0,34.1,158.0,0,No Failure,0,0,0,0,0,120.8,54.9
35,L10034,L,296.7,308.6,1342.0,46.2,118.0,0,No Failure,0,0,0,0,0,135.4,61.5
3442,L13441,L,302.1,318.2,1168.0,30.9,217.0,0,No Failure,0,0,0,0,0,82.6,37.6
7689,L17688,L,299.9,311.7,1313.0,39.3,107.0,0,No Failure,0,0,0,0,0,94.3,42.9
130,M10129,M,303.1,312.7,1236.0,31.8,189.0,0,No Failure,0,0,0,0,0,100.0,45.5
59,L10058,L,299.9,307.9,1230.0,43.2,197.0,1,HDF (Heat Dissipation),0,1,0,0,0,1.1,28.6
409,L10408,L,300.2,311.6,1168.0,56.2,55.0,0,No Failure,0,0,0,0,0,177.3,80.6
1169,H11168,H,299.3,309.1,1202.0,53.4,194.0,0,No Failure,0,0,0,0,0,79.9,36.3
125,L10124,L,300.5,309.9,1168.0,49.9,178.0,0,No Failure,0,0,0,0,0,81.8,37.2
6429,L16428,L,295.3,304.5,1168.0,64.1,154.0,0,No Failure,0,0,0,0,0,84.2,38.3
1799,M11798,M,299.0,310.0,1168.0,38.5,195.0,0,No Failure,0,0,0,0,0,92.9,42.2
9131,L19130,L,296.9,310.0,1168.0,38.3,53.0,0,No Failure,0,0,0,0,0,184.5,83.9
6407,H16406,H,300.2,311.9,1168.0,34.8,82.0,0,No Failure,0,0,0,0,0,169.4,77.0
3423,M13422,M,303.0,313.4,1223.0,45.2,148.0,0,No Failure,0,0,0,0,0,118.1,53.7
1041,L11040,L,300.9,310.7,1175.0,21.6,186.0,1,PWF (Power Failure),0,0,1,0,0,7.1,40.8
6224,L16223,L,298.6,310.3,1168.0,46.1,126.0,0,No Failure,0,0,0,0,0,129.7,59.0
3983,M13982,M,299.2,308.8,1489.0,20.7,103.0,1,PWF (Power Failure),0,0,1,0,0,3.6,66.9
1098,H11097,H,301.7,312.6,1168.0,58.4,157.0,0,No Failure,0,0,0,0,0,104.4,47.4
1645,L11644,L,297.4,307.2,1388.0,32.8,95.0,0,No Failure,0,0,0,0,0,159.0,72.3
2116,H12115,H,301.3,313.0,1168.0,31.2,170.0,0,No Failure,0,0,0,0,0,118.3,53.8
9174,L19173,L,300.4,310.6,1240.0,32.0,189.0,0,No Failure,0,0,0,0,0,100.6,45.7
215,M10214,M,300.6,310.3,1168.0,46.8,47.0,0,No Failure,0,0,0,0,0,183.9,83.6
8543,L18542,L,302.7,311.9,1168.0,35.7,45.0,0,No Failure,0,0,0,0,0,181.8,82.6
1185,L11184,L,302.2,314.4,1168.0,50.2,23.0,0,No Failure,0,0,0,0,0,203.0,92.3
4550,L14549,L,296.1,305.6,1168.0,42.2,54.0,0,No Failure,0,0,0,0,0,177.1,80.5
6911,M16910,M,299.4,308.8,1168.0,26.0,213.0,1,PWF (Power Failure),1,0,1,0,0,1.0,32.8
8646,L18645,L,300.2,310.6,1237.0,41.6,172.0,0,No Failure,0,0,0,0,0,101.4,46.1
8161,L18160,L,300.8,311.2,1546.0,35.1,51.0,0,No Failure,0,0,0,0,0,186.8,84.9
6010,H16009,H,299.5,310.3,1168.0,33.9,93.0,0,No Failure,0,0,0,0,0,163.1,74.1
8834,M18833,M,299.8,309.1,1287.0,38.3,133.0,0,No Failure,0,0,0,0,0,128.4,58.4
3818,L13817,L,298.7,308.1,1190.0,40.3,2.0,0,No Failure,0,0,0,0,0,212.0,96.4
3111,L13110,L,301.6,310.8,1341.0,48.0,209.0,0,No Failure,0,0,0,0,0,64.0,29.1
4336,L14335,L,297.0,310.0,1261.0,53.0,23.0,0,No Failure,0,0,0,0,0,191.8,87.2
252,H10251,H,300.3,311.5,1199.0,48.5,178.0,0,No Failure,0,0,0,0,0,97.9,44.5
5220,L15219,L,299.4,309.9,1168.0,48.0,46.0,0,No Failure,0,0,0,0,0,186.5,84.8
6388,L16387,L,297.1,308.1,1272.0,43.7,23.0,0,No Failure,0,0,0,0,0,203.8,92.7
3941,L13940,L,301.3,310.3,1242.0,36.9,201.0,0,No Failure,0,0,0,0,0,77.9,35.4
1624,L11623,L,297.9,308.1,1170.0,64.5,27.0,0,No Failure,0,0,0,0,0,197.7,89.9
6266,H16265,H,299.5,307.7,1525.0,23.7,53.0,0,No Failure,0,0,0,0,0,189.9,86.3
3683,L13682,L,298.9,307.2,1388.0,33.7,182.0,0,No Failure,0,0,0,0,0,98.5,44.8
7564,L17563,L,301.4,311.4,1236.0,40.6,170.0,0,No Failure,0,0,0,0,0,103.8,47.2
2640,L12639,L,299.2,311.0,1168.0,38.3,157.0,0,No Failure,0,0,0,0,0,114.8,52.2
4722,M14721,M,296.6,309.3,1178.0,37.2,187.0,0,No Failure,0,0,0,0,0,99.5,45.2
5359,L15358,L,300.1,311.0,1173.0,67.5,50.0,0,No Failure,0,0,0,0,0,177.8,80.8
8953,L18952,L,299.2,310.4,1168.0,40.8,77.0,0,No Failure,0,0,0,0,0,167.3,76.0
4613,M14612,M,297.0,306.1,1168.0,47.3,58.0,0,No Failure,0,0,0,0,0,169.5,77.0
717,M10716,M,304.3,316.0,1253.0,39.3,214.0,0,No Failure,0,0,0,0,0,79.6,36.2
5203,L15202,L,297.6,307.1,1233.0,32.3,215.0,0,No Failure,0,0,0,0,0,79.0,35.9
1141,L11140,L,296.7,307.7,1182.0,44.7,92.0,0,No Failure,0,0,0,0,0,154.8,70.4
6753,M16752,M,302.4,313.8,1168.0,54.9,130.0,0,No Failure,0,0,0,0,0,123.5,56.2
2567,L12566,L,297.8,306.3,1168.0,38.9,123.0,1,HDF (Heat Dissipation),0,1,0,0,0,6.2,54.9
8976,L18975,L,300.1,311.2,1322.0,25.6,153.0,0,No Failure,0,0,0,0,0,122.1,55.5
881,L10880,L,297.9,308.7,1201.0,34.6,80.0,0,No Failure,0,0,0,0,0,168.2,76.5
5122,L15121,L,305.0,315.0,1168.0,43.1,160.0,0,No Failure,0,0,0,0,0,108.2,49.2
2309,M12308,M,299.8,307.7,1168.0,32.8,141.0,1,HDF (Heat Dissipation),0,1,0,0,0,6.7,49.7
2181,M12180,M,300.2,310.4,1546.0,17.9,160.0,1,PWF (Power Failure),0,0,1,0,0,5.6,50.8
2656,H12655,H,300.8,311.4,1168.0,39.3,217.0,1,TWF (Tool Wear Failure),1,0,0,0,0,5.7,36.9
4770,M14769,M,302.8,313.3,1168.0,50.3,129.0,0,No Failure,0,0,0,0,0,127.6,58.0
9109,H19108,H,298.3,309.3,1268.0,47.4,181.0,0,No Failure,0,0,0,0,0,96.8,44.0
7608,L17607,L,301.8,311.7,1298.0,29.6,113.0,0,No Failure,0,0,0,0,0,149.5,68.0
5730,L15729,L,300.6,310.8,1168.0,39.6,6.0,0,No Failure,0,0,0,0,0,215.9,98.2
4684,M14683,M,299.4,309.7,1187.0,28.1,70.0,1,PWF (Power Failure),0,0,1,0,0,3.7,77.0
8244,L18243,L,304.2,314.8,1168.0,45.2,121.0,0,No Failure,0,0,0,0,0,133.9,60.9
8478,L18477,L,301.2,310.6,1246.0,44.1,49.0,0,No Failure,0,0,0,0,0,180.1,81.9
5588,L15587,L,304.2,316.1,1251.0,42.7,163.0,0,No Failure,0,0,0,0,0,106.5,48.4
1045,L11044,L,304.5,314.8,1168.0,33.4,199.0,0,No Failure,0,0,0,0,0,92.6,42.1
1451,H11450,H,298.1,308.3,1239.0,27.9,94.0,0,No Failure,0,0,0,0,0,160.4,72.9
264,L10263,L,301.7,310.4,1170.0,45.1,217.0,0,No Failure,0,0,0,0,0,51.5,23.4
1878,L11877,L,298.8,308.1,1168.0,33.9,33.0,0,No Failure,0,0,0,0,0,191.1,86.8
4087,M14086,M,292.925,309.5,1238.0,44.2,23.0,0,No Failure,0,0,0,0,0,204.3,92.9
5556,H15555,H,301.1,311.0,1243.0,39.9,54.0,0,No Failure,0,0,0,0,0,184.4,83.8
6454,L16453,L,300.2,310.4,1301.0,45.8,8.0,0,No Failure,0,0,0,0,0,214.3,97.4
7613,M17612,M,301.1,312.2,1234.0,32.4,131.0,0,No Failure,0,0,0,0,0,139.0,63.2
1895,L11894,L,302.5,311.0,1168.0,53.2,83.0,1,HDF (Heat Dissipation),0,1,0,0,0,0.7,63.9
3786,H13785,H,303.6,313.9,1168.0,55.5,111.0,0,No Failure,0,0,0,0,0,139.9,63.6
4619,L14618,L,297.5,306.5,1424.0,42.3,76.0,0,No Failure,0,0,0,0,0,166.1,75.5
8169,L18168,L,304.2,314.4,1168.0,42.7,79.0,0,No Failure,0,0,0,0,0,165.0,75.0
525,L10524,L,300.7,310.5,1182.0,54.7,207.0,1,OSF (Overstrain Failure),0,0,0,1,0,5.4,26.7
403,M10402,M,300.9,311.4,908.0,32.8,29.0,0,No Failure,0,0,0,0,0,202.0,91.8
5165,M15164,M,300.2,309.9,1168.0,40.7,93.0,0,No Failure,0,0,0,0,0,155.0,70.4
9532,M19531,M,298.8,308.6,1168.0,46.2,104.0,0,No Failure,0,0,0,0,0,145.6,66.2
5387,L15386,L,302.6,314.5,1334.0,39.2,155.0,0,No Failure,0,0,0,0,0,115.3,52.4
5283,H15282,H,299.2,309.4,1168.0,36.8,17.0,0,No Failure,0,0,0,0,0,209.3,95.2
4807,L14806,L,302.6,311.0,1246.0,23.5,17.0,1,HDF (Heat Dissipation),0,1,1,0,0,6.7,79.8
5162,H15161,H,303.7,313.2,1178.0,32.4,84.0,0,No Failure,0,0,0,0,0,163.7,74.4
5585,M15584,M,300.2,310.4,1308.0,46.6,151.0,0,No Failure,0,0,0,0,0,114.9,52.2
9306,L19305,L,300.8,308.8,1435.0,24.3,205.0,0,No Failure,0,0,0,0,0,94.5,43.0
3520,M13519,M,301.3,311.5,1280.0,28.7,61.0,0,No Failure,0,0,0,0,0,183.5,83.4
7123,H17122,H,298.0,309.9,1391.0,44.0,35.0,0,No Failure,0,0,0,0,0,196.8,89.4
6079,L16078,L,295.3,306.2,1168.0,38.9,107.0,0,No Failure,0,0,0,0,0,147.9,67.2
2557,L12556,L,298.7,308.0,1431.0,27.1,93.0,0,No Failure,0,0,0,0,0,163.4,74.3
4681,H14680,H,298.9,309.2,1168.0,37.6,58.0,0,No Failure,0,0,0,0,0,183.4,83.4
8376,M18375,M,299.4,309.8,1347.0,27.9,137.0,0,No Failure,0,0,0,0,0,138.7,63.0
8250,L18249,L,301.4,312.0,1168.0,42.1,139.0,0,No Failure,0,0,0,0,0,123.7,56.2
6005,L16004,L,299.3,310.0,1258.0,43.3,76.0,0,No Failure,0,0,0,0,0,166.8,75.8
1727,L11726,L,300.7,312.2,1168.0,50.0,163.0,0,No Failure,0,0,0,0,0,99.4,45.2
8299,L18298,L,300.0,311.3,1168.0,46.6,91.0,0,No Failure,0,0,0,0,0,141.3,64.2
9504,L19503,L,298.4,307.4,1219.0,35.7,9.0,0,No Failure,0,0,0,0,0,203.9,92.7
2138,M12137,M,298.4,310.2,1288.0,38.9,10.0,0,No Failure,0,0,0,0,0,213.5,97.0
883,H10882,H,302.5,311.2,1363.0,23.6,86.0,1,PWF (Power Failure),0,0,1,0,0,7.5,70.5
3479,H13478,H,299.9,310.9,1168.0,47.4,126.0,0,No Failure,0,0,0,0,0,134.2,61.0
5326,L15325,L,301.2,311.4,1362.0,35.2,157.0,0,No Failure,0,0,0,0,0,117.8,53.5
2303,L12302,L,295.5,305.5,1276.0,38.3,124.0,0,No Failure,0,0,0,0,0,136.9,62.2
4295,H14294,H,297.2,305.7,1226.0,38.8,102.0,1,HDF (Heat Dissipation),0,1,0,0,0,2.1,63.7
8159,L18158,L,299.5,309.5,1213.0,47.0,47.0,0,No Failure,0,0,0,0,0,186.1,84.6
8090,L18089,L,300.5,310.7,1202.0,41.2,20.0,0,No Failure,0,0,0,0,0,206.3,93.8
6205,L16204,L,299.8,308.0,1253.0,48.8,68.0,1,HDF (Heat Dissipation),0,1,0,0,0,7.7,70.3
669,L10668,L,300.1,311.1,1168.0,42.4,47.0,0,No Failure,0,0,0,0,0,187.4,85.2
9471,M19470,M,301.2,310.9,1182.0,36.4,114.0,0,No Failure,0,0,0,0,0,143.7,65.3
7582,H17581,H,299.5,308.6,1388.0,27.3,10.0,0,No Failure,0,0,0,0,0,211.8,96.3
8083,L18082,L,303.5,312.0,1168.0,50.2,231.0,1,HDF (Heat Dissipation),1,1,0,1,0,6.0,14.7
8668,M18667,M,299.7,308.9,1290.0,28.8,5.0,0,No Failure,0,0,0,0,0,211.4,96.1
1734,L11733,L,298.7,308.5,1546.0,30.0,186.0,0,No Failure,0,0,0,0,0,102.6,46.6
5168,M15167,M,300.1,312.5,1222.0,60.3,103.0,0,No Failure,0,0,0,0,0,140.5,63.9
1849,L11848,L,299.3,307.8,1210.0,29.9,131.0,1,HDF (Heat Dissipation),0,1,0,0,0,5.0,55.8
454,L10453,L,299.4,309.6,1168.0,35.7,224.0,1,TWF (Tool Wear Failure),1,0,0,0,0,3.0,33.4
1916,L11915,L,295.4,305.5,1309.0,26.6,149.0,0,No Failure,0,0,0,0,0,126.4,57.5
1532,L11531,L,300.7,310.2,1219.0,44.0,145.0,0,No Failure,0,0,0,0,0,112.8,51.3
5489,L15488,L,303.3,311.7,1205.0,33.0,71.0,1,HDF (Heat Dissipation),0,1,0,0,0,7.0,71.6
972,L10971,L,300.4,310.2,1168.0,34.2,161.0,0,No Failure,0,0,0,0,0,113.9,51.8
7684,H17683,H,298.9,307.9,1168.0,29.5,166.0,0,No Failure,0,0,0,0,0,105.8,48.1
7894,L17893,L,303.5,314.0,1168.0,58.9,191.0,1,OSF (Overstrain Failure),0,0,0,1,0,4.7,31.1
5284,L15283,L,301.3,310.5,1343.0,27.7,22.0,0,No Failure,0,0,0,0,0,202.9,92.2
9698,L19697,L,307.1,312.1,1168.0,52.7,211.0,1,OSF (Overstrain Failure),1,0,0,1,0,2.2,27.5
7626,L17625,L,300.2,309.7,1168.0,50.6,175.0,0,No Failure,0,0,0,0,0,84.4,38.3
7717,M17716,M,300.6,311.7,1300.0,43.2,51.0,0,No Failure,0,0,0,0,0,185.4,84.3
8028,M18027,M,300.9,310.4,1302.0,58.0,31.0,0,No Failure,0,0,0,0,0,193.2,87.8
9093,L19092,L,300.0,311.6,1168.0,41.5,135.0,0,No Failure,0,0,0,0,0,127.0,57.7
2745,L12744,L,298.1,308.4,1168.0,53.8,86.0,0,No Failure,0,0,0,0,0,154.4,70.2
7400,M17399,M,300.8,309.4,1305.0,41.5,89.0,1,HDF (Heat Dissipation),0,1,0,0,0,7.8,68.9
6065,L16064,L,299.2,308.6,1168.0,55.6,58.0,0,No Failure,0,0,0,0,0,168.5,76.6
4172,M14171,M,299.7,309.6,1168.0,63.7,96.0,0,No Failure,0,0,0,0,0,143.0,65.0
8496,M18495,M,301.7,313.2,1172.0,53.7,118.0,0,No Failure,0,0,0,0,0,133.2,60.6
362,L10361,L,301.9,310.7,1168.0,37.1,113.0,0,No Failure,0,0,0,0,0,131.9,60.0
2080,L12079,L,299.4,310.1,1168.0,48.1,54.0,0,No Failure,0,0,0,0,0,180.7,82.1
8946,M18945,M,299.5,309.3,1275.0,22.2,56.0,1,PWF (Power Failure),0,0,1,0,0,3.6,75.0
1297,L11296,L,300.6,309.8,1168.0,51.1,196.0,0,No Failure,0,0,0,0,0,64.9,29.5
9383,L19382,L,299.0,309.3,1180.0,47.1,37.0,0,No Failure,0,0,0,0,0,193.3,87.8
5604,H15603,H,300.9,311.7,1229.0,33.4,5.0,0,No Failure,0,0,0,0,0,217.0,98.6
2099,L12098,L,298.5,307.8,1168.0,40.0,110.0,0,No Failure,0,0,0,0,0,137.5,62.5
3487,M13486,M,298.8,309.1,1282.0,36.2,402.0,0,No Failure,0,0,0,0,0,119.0,54.1
8659,M18658,M,296.8,309.7,1207.0,41.3,213.0,1,TWF (Tool Wear Failure),1,0,0,0,0,3.6,35.4
1966,L11965,L,301.2,310.2,1246.0,36.4,111.0,0,No Failure,0,0,0,0,0,137.9,62.7
6374,M16373,M,299.4,310.6,1202.0,35.5,212.0,0,No Failure,0,0,0,0,0,85.3,38.8
3217,L13216,L,298.7,308.7,1168.0,40.5,107.0,0,No Failure,0,0,0,0,0,136.7,62.1
962,L10961,L,297.0,307.2,1168.0,39.7,126.0,0,No Failure,0,0,0,0,0,134.5,61.2
3103,H13102,H,304.6,316.3,1311.0,49.6,179.0,0,No Failure,0,0,0,0,0,96.2,43.7
109,L10108,L,296.6,307.0,1216.0,46.8,125.0,0,No Failure,0,0,0,0,0,129.9,59.0
6430,L16429,L,298.5,305.6,1186.0,37.1,156.0,1,HDF (Heat Dissipation),0,1,0,0,0,6.1,38.5
6970,M16969,M,302.0,312.2,1168.0,45.8,183.0,0,No Failure,0,0,0,0,0,93.4,42.4
8088,L18087,L,300.5,311.9,1315.0,36.6,14.0,0,No Failure,0,0,0,0,0,210.8,95.8
3844,M13843,M,296.8,308.8,1168.0,52.1,84.0,0,No Failure,0,0,0,0,0,159.0,72.3
5733,M15732,M,303.0,314.4,1288.0,29.2,18.0,0,No Failure,0,0,0,0,0,209.2,95.1
7241,M17240,M,299.9,311.0,1412.0,37.5,210.0,0,No Failure,0,0,0,0,0,84.3,38.3
6310,M16309,M,297.4,308.0,1168.0,37.5,208.0,0,No Failure,0,0,0,0,0,85.6,38.9
3293,M13292,M,302.3,313.4,1520.0,21.1,152.0,1,PWF (Power Failure),0,0,1,0,0,5.5,56.1
3618,L13617,L,299.3,310.2,1278.0,34.8,193.0,0,No Failure,0,0,0,0,0,94.8,43.1
6924,M16923,M,297.6,307.1,1261.0,25.2,30.0,1,PWF (Power Failure),0,0,1,0,0,2.7,84.3
4308,L14307,L,297.1,306.9,1286.0,36.3,145.0,0,No Failure,0,0,0,0,0,123.2,56.0
8303,L18302,L,301.3,310.2,1387.0,25.6,103.0,0,No Failure,0,0,0,0,0,153.6,69.8
3662,H13661,H,296.3,306.3,1168.0,32.1,108.0,0,No Failure,0,0,0,0,0,149.5,67.9
189,M10188,M,305.0,315.6,1168.0,2.52,175.0,0,No Failure,0,0,0,0,0,112.3,51.0
5081,L15080,L,300.2,310.5,1168.0,45.8,22.0,0,No Failure,0,0,0,0,0,204.3,92.9
8035,L18034,L,300.0,312.7,1318.0,34.9,55.0,0,No Failure,0,0,0,0,0,184.3,83.8
1908,L11907,L,298.9,309.3,1372.0,45.4,121.0,0,No Failure,0,0,0,0,0,133.8,60.8
2927,M12926,M,301.3,312.4,1175.0,32.5,38.0,0,No Failure,0,0,0,0,0,196.5,89.3
3245,L13244,L,302.0,311.8,1168.0,46.5,0.0,0,No Failure,0,0,0,0,0,217.8,99.0
6115,L16114,L,299.6,311.3,1463.0,30.4,11.0,0,No Failure,0,0,0,0,0,213.2,96.9
9466,L19465,L,296.4,307.5,1168.0,41.9,99.0,0,No Failure,0,0,0,0,0,151.6,68.9
5808,H15807,H,298.2,306.8,1352.0,35.2,80.0,0,No Failure,0,0,0,0,0,164.5,74.8
4281,L14280,L,300.0,307.7,1323.0,50.5,51.0,1,HDF (Heat Dissipation),0,1,0,0,0,7.7,78.2
2694,H12693,H,301.1,311.2,1297.0,40.5,125.0,0,No Failure,0,0,0,0,0,139.3,63.3
4699,M14698,M,302.3,314.3,1366.0,37.9,120.0,0,No Failure,0,0,0,0,0,142.2,64.6
3663,H13662,H,301.1,310.0,1204.0,60.5,122.0,0,No Failure,0,0,0,0,0,120.0,54.6
520,H10519,H,300.6,310.0,1209.0,36.3,188.0,0,No Failure,0,0,0,0,0,89.9,40.9
2901,L12900,L,300.6,310.4,1168.0,55.3,164.0,0,No Failure,0,0,0,0,0,91.2,41.5
8102,L18101,L,301.4,311.0,1286.0,40.8,57.0,0,No Failure,0,0,0,0,0,178.1,80.9
5820,L15819,L,299.7,309.5,1168.0,52.4,119.0,0,No Failure,0,0,0,0,0,128.0,58.2
7289,M17288,M,294.4,306.1,1168.0,31.9,151.0,0,No Failure,0,0,0,0,0,127.1,57.8
2188,M12187,M,299.4,309.9,1453.0,25.4,189.0,0,No Failure,0,0,0,0,0,110.4,50.2
5682,L15681,L,301.6,311.7,1336.0,40.3,40.0,0,No Failure,0,0,0,0,0,192.7,87.6
5322,M15321,M,302.5,311.8,1168.0,31.5,143.0,0,No Failure,0,0,0,0,0,124.6,56.6
2462,M12461,M,299.1,310.3,1546.0,15.8,211.0,1,PWF (Power Failure),0,0,1,0,0,6.8,39.5
7927,L17926,L,301.8,311.2,1177.0,51.6,107.0,0,No Failure,0,0,0,0,0,133.2,60.5
2532,M12531,M,300.3,310.6,1168.0,53.4,11.0,0,No Failure,0,0,0,0,0,211.9,96.3
2709,L12708,L,300.3,309.2,1272.0,28.9,183.0,0,No Failure,0,0,0,0,0,99.1,45.1
300,M10299,M,301.1,309.6,1240.0,45.2,118.0,1,HDF (Heat Dissipation),0,1,0,0,0,2.9,56.8
8559,L18558,L,298.6,308.7,1168.0,22.7,98.0,1,PWF (Power Failure),0,0,1,0,0,6.7,64.3
8977,L18976,L,302.9,310.6,1192.0,46.5,156.0,1,HDF (Heat Dissipation),0,1,0,0,0,5.4,37.5
3059,L13058,L,300.7,310.5,1190.0,42.4,27.0,0,No Failure,0,0,0,0,0,199.1,90.5
9260,L19259,L,301.7,310.1,1168.0,59.3,40.0,1,HDF (Heat Dissipation),0,1,0,0,0,7.8,77.5
6805,H16804,H,297.6,307.4,1546.0,33.3,80.0,0,No Failure,0,0,0,0,0,171.3,77.9
7292,L17291,L,300.5,309.1,1287.0,41.8,159.0,0,No Failure,0,0,0,0,0,100.1,45.5
2842,L12841,L,301.1,311.3,1413.0,45.2,207.0,1,TWF (Tool Wear Failure),1,0,0,0,0,2.4,33.1
7165,H17164,H,299.7,309.9,1168.0,40.4,177.0,0,No Failure,0,0,0,0,0,105.8,48.1
6480,L16479,L,297.2,307.5,1394.0,40.5,97.0,0,No Failure,0,0,0,0,0,153.7,69.9
1389,H11388,H,298.8,309.7,1168.0,41.3,88.0,0,No Failure,0,0,0,0,0,162.8,74.0
8298,L18297,L,303.2,311.8,1256.0,32.8,88.0,0,No Failure,0,0,0,0,0,152.0,69.1
2043,M12042,M,298.2,306.7,1168.0,49.2,151.0,1,HDF (Heat Dissipation),0,1,0,0,0,0.8,43.7
5289,L15288,L,302.0,311.8,1487.0,37.9,35.0,0,No Failure,0,0,0,0,0,196.6,89.4
9802,M19801,M,300.0,309.8,1168.0,31.3,106.0,0,No Failure,0,0,0,0,0,157.8,71.7
8891,M18890,M,301.1,310.4,1390.0,43.6,98.0,0,No Failure,0,0,0,0,0,151.5,68.9
6936,M16935,M,297.0,307.5,1168.0,42.8,71.0,0,No Failure,0,0,0,0,0,172.0,78.2
7526,L17525,L,299.6,311.0,1252.0,59.5,337.0,0,No Failure,0,0,0,0,0,180.9,82.2
373,L10372,L,302.5,311.7,1168.0,48.3,147.0,0,No Failure,0,0,0,0,0,103.9,47.2
448,M10447,M,301.1,310.6,1168.0,53.7,202.0,0,No Failure,0,0,0,0,0,66.0,30.0
7796,M17795,M,303.2,313.6,1210.0,56.4,93.0,0,No Failure,0,0,0,0,0,150.2,68.3
8750,M18749,M,299.2,302.0,1401.0,42.7,46.0,0,No Failure,0,0,0,0,0,188.1,85.5
6279,M16278,M,298.4,308.8,1168.0,36.3,96.0,0,No Failure,0,0,0,0,0,158.6,72.1
8815,H18814,H,298.3,308.6,1181.0,35.9,57.0,0,No Failure,0,0,0,0,0,184.5,83.9
794,L10793,L,299.8,309.7,1168.0,43.5,5.0,0,No Failure,0,0,0,0,0,215.4,97.9
7826,L17825,L,300.5,310.8,1376.0,31.7,191.0,0,No Failure,0,0,0,0,0,99.6,45.3
8637,L18636,L,301.9,312.0,1431.0,19.4,146.0,1,PWF (Power Failure),0,0,1,0,0,7.4,53.1
1818,L11817,L,295.7,306.7,1244.0,30.7,34.0,0,No Failure,0,0,0,0,0,198.8,90.4
4713,M14712,M,298.1,306.4,1168.0,45.8,159.0,1,HDF (Heat Dissipation),0,1,0,0,0,1.3,41.5
7588,H17587,H,300.0,310.6,1441.0,39.2,29.0,0,No Failure,0,0,0,0,0,201.5,91.6
3249,H13248,H,299.8,310.7,1168.0,48.7,12.0,0,No Failure,0,0,0,0,0,211.8,96.3
2978,M12977,M,300.9,311.9,1306.0,30.7,209.0,0,No Failure,0,0,0,0,0,92.8,42.2
691,L10690,L,303.6,313.9,1168.0,44.6,119.0,0,No Failure,0,0,0,0,0,135.8,61.7
401,L10400,L,300.4,311.1,1168.0,54.9,21.0,0,No Failure,0,0,0,0,0,203.8,92.7
9804,M19803,M,299.5,309.3,1168.0,36.3,106.0,0,No Failure,0,0,0,0,0,150.0,68.2
5032,H15031,H,300.9,310.3,1285.0,40.0,82.0,0,No Failure,0,0,0,0,0,162.9,74.1
8744,M18743,M,299.3,310.9,1234.0,35.2,24.0,0,No Failure,0,0,0,0,0,204.8,93.1
8533,L18532,L,300.4,309.9,1193.0,48.9,12.0,0,No Failure,0,0,0,0,0,205.7,93.5
9792,L19791,L,297.9,308.3,1168.0,36.6,73.0,0,No Failure,0,0,0,0,0,171.8,78.1
3585,H13584,H,297.4,309.6,1227.0,39.9,74.0,0,No Failure,0,0,0,0,0,172.4,78.4
398,L10397,L,300.2,310.9,1234.0,77.58,14.0,0,No Failure,0,0,0,0,0,210.5,95.7
1754,H11753,H,300.3,310.0,1168.0,54.5,34.0,0,No Failure,0,0,0,0,0,192.3,87.4
7599,L17598,L,298.7,308.5,1253.0,44.8,75.0,0,No Failure,0,0,0,0,0,165.1,75.0
8273,H18272,H,304.0,312.8,1176.0,47.3,6.0,0,No Failure,0,0,0,0,0,202.7,92.1
6576,M16575,M,297.8,308.4,1282.0,41.4,204.0,1,TWF (Tool Wear Failure),1,0,0,0,0,5.2,38.1
4250,H14249,H,298.0,306.5,1168.0,42.3,142.0,1,HDF (Heat Dissipation),0,1,0,0,0,4.2,50.2
416,L10415,L,298.9,309.1,1178.0,28.1,80.0,1,PWF (Power Failure),0,0,1,0,0,5.5,73.7
2255,H12254,H,301.2,310.8,1168.0,48.3,177.0,0,No Failure,0,0,0,0,0,94.3,42.9
9707,M19706,M,300.7,309.4,1168.0,39.5,14.0,0,No Failure,0,0,0,0,0,196.5,89.3
4978,L14977,L,304.0,313.5,1168.0,47.8,125.0,0,No Failure,0,0,0,0,0,123.6,56.2
4940,L14939,L,298.2,309.3,1251.0,42.4,216.0,0,No Failure,0,0,0,0,0,70.0,31.8
7140,L17139,L,298.6,308.8,1168.0,38.3,93.0,0,No Failure,0,0,0,0,0,157.7,71.7
5258,L15257,L,299.7,309.3,1230.0,40.0,163.0,0,No Failure,0,0,0,0,0,105.3,47.9
3743,H13742,H,299.2,307.7,1168.0,44.8,166.0,1,HDF (Heat Dissipation),0,1,0,0,0,1.4,42.1
1678,L11677,L,300.2,309.0,1168.0,53.4,213.0,1,OSF (Overstrain Failure),0,0,0,1,0,2.3,20.4
8081,L18080,L,302.3,310.7,1214.0,41.8,224.0,1,HDF (Heat Dissipation),1,1,0,0,0,3.1,22.1
213,L10212,L,307.1,311.5,1279.0,39.6,39.0,0,No Failure,0,0,0,0,0,183.8,83.5
8951,L18950,L,295.3,302.8,1542.0,18.7,70.0,1,PWF (Power Failure),0,0,1,0,0,7.8,72.7
1906,L11905,L,298.6,307.3,1546.0,3.8,116.0,1,PWF (Power Failure),0,0,1,0,0,3.0,65.6
5455,H15454,H,298.5,308.6,1390.0,34.5,176.0,0,No Failure,0,0,0,0,0,111.7,50.8
2626,L12625,L,297.2,307.5,1168.0,62.7,113.0,0,No Failure,0,0,0,0,0,127.8,58.1
8474,L18473,L,300.2,310.3,1168.0,50.3,39.0,0,No Failure,0,0,0,0,0,191.1,86.8
6308,H16307,H,299.0,308.7,1179.0,39.3,200.0,0,No Failure,0,0,0,0,0,88.8,40.4
2013,L12012,L,295.9,305.6,1218.0,50.9,60.0,0,No Failure,0,0,0,0,0,172.2,78.3
8086,H18085,H,301.2,314.0,1168.0,33.8,3.0,0,No Failure,0,0,0,0,0,218.2,99.2
5634,L15633,L,301.5,312.0,1168.0,47.2,95.0,0,No Failure,0,0,0,0,0,151.3,68.8
2635,M12634,M,301.5,312.3,1180.0,42.1,140.0,0,No Failure,0,0,0,0,0,126.0,57.3
877,L10876,L,303.5,310.0,1168.0,25.7,107.0,1,HDF (Heat Dissipation),0,1,1,0,0,1.2,62.9
6254,L16253,L,297.3,306.8,1197.0,38.5,10.0,0,No Failure,0,0,0,0,0,207.8,94.4
8328,M18327,M,302.7,311.8,1168.0,32.8,193.0,0,No Failure,0,0,0,0,0,90.4,41.1
6790,H16789,H,297.1,307.5,1206.0,41.9,31.0,0,No Failure,0,0,0,0,0,199.8,90.8
2629,L12628,L,299.6,310.3,1168.0,42.9,122.0,0,No Failure,0,0,0,0,0,134.9,61.3
2672,L12671,L,298.0,308.6,1417.0,34.0,47.0,0,No Failure,0,0,0,0,0,189.7,86.2
6681,M16680,M,298.9,307.8,1476.0,27.1,102.0,0,No Failure,0,0,0,0,0,159.9,72.7
7414,M17413,M,298.3,307.6,1168.0,31.2,135.0,0,No Failure,0,0,0,0,0,129.7,59.0
7952,M17951,M,299.1,310.4,1168.0,45.2,188.0,0,No Failure,0,0,0,0,0,90.5,41.2
1978,H11977,H,296.1,306.4,1168.0,32.7,147.0,0,No Failure,0,0,0,0,0,130.9,59.5
3765,L13764,L,304.7,315.2,1345.0,30.0,28.0,0,No Failure,0,0,0,0,0,202.6,92.1
6909,H16908,H,298.8,308.2,1287.0,18.9,206.0,1,PWF (Power Failure),1,0,1,0,0,2.6,37.9
2421,L12420,L,297.5,306.3,1168.0,67.4,78.0,0,No Failure,0,0,0,0,0,140.9,64.1
3499,L13498,L,301.7,311.1,1169.0,40.7,198.0,0,No Failure,0,0,0,0,0,77.9,35.4
3715,H13714,H,298.2,309.6,1546.0,14.8,58.0,1,PWF (Power Failure),0,0,1,0,0,3.3,76.4
6153,L16152,L,297.8,307.6,1178.0,43.8,127.0,0,No Failure,0,0,0,0,0,128.5,58.4
2348,H12347,H,296.5,304.0,1168.0,59.8,54.0,1,HDF (Heat Dissipation),0,1,0,0,0,5.7,69.2
2420,H12419,H,300.6,311.1,1168.0,49.9,73.0,0,No Failure,0,0,0,0,0,169.4,77.0
5993,H15992,H,300.7,310.0,1168.0,59.8,28.0,0,No Failure,0,0,0,0,0,191.5,87.0
659,M10658,M,301.4,309.7,1384.0,33.8,11.0,0,No Failure,0,0,0,0,0,208.2,94.6
4065,L14064,L,299.0,309.0,1220.0,38.9,172.0,0,No Failure,0,0,0,0,0,104.2,47.4
58,M10057,M,297.7,307.5,1546.0,21.1,193.0,0,No Failure,0,0,0,0,0,106.9,48.6
6713,L16712,L,299.2,307.9,1356.0,31.5,5.0,0,No Failure,0,0,0,0,0,211.5,96.1
2701,M12700,M,301.8,312.0,1168.0,46.3,154.0,0,No Failure,0,0,0,0,0,113.0,51.4
6389,H16388,H,297.0,307.1,1319.0,32.0,25.0,0,No Failure,0,0,0,0,0,204.9,93.2
2042,M12041,M,303.5,312.2,1211.0,37.4,148.0,0,No Failure,0,0,0,0,0,110.8,50.3
8080,H18079,H,299.7,310.2,1168.0,38.3,218.0,0,No Failure,0,0,0,0,0,81.7,37.1
9980,L19979,L,301.2,309.1,1223.0,27.5,40.0,1,HDF (Heat Dissipation),0,1,0,0,0,2.7,76.0
1277,L11276,L,299.7,310.6,1367.0,26.6,134.0,0,No Failure,0,0,0,0,0,139.7,63.5
6836,L16835,L,297.5,308.5,1168.0,41.8,178.0,0,No Failure,0,0,0,0,0,97.0,44.1
7149,M17148,M,299.6,311.9,1168.0,51.1,120.0,0,No Failure,0,0,0,0,0,133.5,60.7
2344,L12343,L,300.4,310.4,1222.0,42.7,40.0,0,No Failure,0,0,0,0,0,192.2,87.3
5351,H15350,H,298.3,309.1,1168.0,26.7,20.0,1,PWF (Power Failure),0,0,1,0,0,0.3,88.1
7574,L17573,L,299.1,309.3,1168.0,50.0,209.0,0,No Failure,0,0,0,0,0,65.3,29.7
2375,L12374,L,301.0,310.6,1168.0,34.6,140.0,0,No Failure,0,0,0,0,0,124.9,56.8
4259,H14258,H,300.2,309.1,1172.0,39.3,173.0,0,No Failure,0,0,0,0,0,97.3,44.2
5776,L15775,L,300.9,311.0,1168.0,51.3,179.0,0,No Failure,0,0,0,0,0,86.1,39.2
3074,M13073,M,301.5,312.0,1168.0,39.5,77.0,0,No Failure,0,0,0,0,0,169.4,77.0
3720,L13719,L,300.7,310.7,1394.0,26.8,83.0,0,No Failure,0,0,0,0,0,170.1,77.3
1343,L11342,L,299.7,310.3,1321.0,39.1,144.0,0,No Failure,0,0,0,0,0,122.9,55.8
7605,H17604,H,303.2,312.9,1278.0,33.8,99.0,0,No Failure,0,0,0,0,0,157.2,71.4
6793,M16792,M,294.3,303.1,1181.0,32.0,43.0,0,No Failure,0,0,0,0,0,180.3,82.0
8070,H18069,H,299.1,309.6,1198.0,28.9,180.0,0,No Failure,0,0,0,0,0,109.6,49.8
1205,L11204,L,302.8,303.01,1168.0,41.2,99.0,0,No Failure,0,0,0,0,0,152.0,69.1
14,H10013,H,300.5,312.7,1168.0,38.6,48.0,0,No Failure,0,0,0,0,0,189.5,86.1
2808,M12807,M,303.7,315.0,1203.0,28.1,91.0,0,No Failure,0,0,0,0,0,158.7,72.2
9594,M19593,M,299.0,309.1,1168.0,57.9,78.0,0,No Failure,0,0,0,0,0,160.8,73.1
5844,M15843,M,300.2,310.1,1168.0,40.9,198.0,0,No Failure,0,0,0,0,0,87.2,39.7
2095,H12094,H,300.6,310.8,1204.0,33.3,98.0,0,No Failure,0,0,0,0,0,160.3,72.9
5830,M15829,M,300.8,312.0,1226.0,30.8,153.0,0,No Failure,0,0,0,0,0,126.8,57.6
6532,H16531,H,299.2,309.5,1168.0,58.4,49.0,0,No Failure,0,0,0,0,0,183.9,83.6
4537,M14536,M,297.1,308.0,1168.0,44.1,10.0,0,No Failure,0,0,0,0,0,213.2,96.9
6052,M16051,M,300.6,308.3,1168.0,42.4,15.0,1,HDF (Heat Dissipation),0,1,0,0,0,3.8,83.9
1877,L11876,L,299.7,310.2,1168.0,60.1,30.0,0,No Failure,0,0,0,0,0,196.0,89.1
7333,L17332,L,298.7,310.2,1168.0,42.1,77.0,0,No Failure,0,0,0,0,0,166.7,75.8
352,L10351,L,299.1,309.3,1169.0,49.8,78.0,0,No Failure,0,0,0,0,0,162.4,73.8
2183,H12182,H,300.1,310.2,1249.0,37.9,170.0,0,No Failure,0,0,0,0,0,112.5,51.1
9768,M19767,M,299.2,311.6,1470.0,20.5,229.0,1,PWF (Power Failure),1,0,1,0,0,0.2,34.4
4465,L14464,L,298.1,309.2,1224.0,52.4,218.0,1,OSF (Overstrain Failure),0,0,0,1,0,0.4,25.2
6368,L16367,L,300.2,311.3,1220.0,37.2,190.0,0,No Failure,0,0,0,0,0,94.0,42.7
7528,M17527,M,300.6,310.7,1168.0,37.8,54.0,0,No Failure,0,0,0,0,0,185.0,84.1
6058,M16057,M,299.6,309.6,1168.0,42.8,34.0,0,No Failure,0,0,0,0,0,197.0,89.6
707,M10706,M,300.6,309.3,1177.0,41.7,175.0,0,No Failure,0,0,0,0,0,88.6,40.3
9480,M19479,M,297.3,307.8,1168.0,34.0,142.0,0,No Failure,0,0,0,0,0,131.0,59.5
1543,L11542,L,300.1,311.8,1252.0,33.3,181.0,0,No Failure,0,0,0,0,0,104.2,47.4
2830,M12829,M,300.5,311.3,1168.0,53.9,167.0,0,No Failure,0,0,0,0,0,97.0,44.1
3617,L13616,L,301.4,310.8,1168.0,50.3,190.0,0,No Failure,0,0,0,0,0,72.5,32.9
9247,L19246,L,296.1,305.4,1168.0,42.5,214.0,0,No Failure,0,0,0,0,0,63.6,28.9
142,L10141,L,299.7,310.2,1338.0,38.1,10.0,0,No Failure,0,0,0,0,0,213.3,97.0
789,M10788,M,300.1,309.4,1253.0,46.8,221.0,1,TWF (Tool Wear Failure),1,0,0,0,0,3.1,27.2
6305,M16304,M,302.2,311.0,1168.0,42.9,191.0,0,No Failure,0,0,0,0,0,77.7,35.3
8031,M18030,M,302.2,311.3,1168.0,30.1,44.0,0,No Failure,0,0,0,0,0,180.2,81.9
95,L10094,L,301.2,313.7,1168.0,50.8,77.0,0,No Failure,0,0,0,0,0,162.7,73.9
6432,L16431,L,300.5,311.2,1385.0,30.8,162.0,0,No Failure,0,0,0,0,0,118.8,54.0
5199,M15198,M,299.2,309.8,1197.0,39.7,204.0,0,No Failure,0,0,0,0,0,84.6,38.4
5176,L15175,L,298.6,308.8,1249.0,34.5,128.0,0,No Failure,0,0,0,0,0,137.2,62.4
5867,H15866,H,298.0,307.3,1168.0,44.9,67.0,0,No Failure,0,0,0,0,0,167.5,76.2
8886,L18885,L,298.4,308.1,1169.0,48.9,84.0,0,No Failure,0,0,0,0,0,155.1,70.5
5388,L15387,L,301.5,312.8,1168.0,41.9,158.0,0,No Failure,0,0,0,0,0,110.8,50.3
1928,M11927,M,300.0,310.5,1168.0,37.2,188.0,0,No Failure,0,0,0,0,0,98.8,44.9
5915,L15914,L,304.4,314.0,1168.0,30.0,15.0,0,No Failure,0,0,0,0,0,202.7,92.1
723,L10722,L,301.2,311.0,1168.0,61.4,16.0,0,No Failure,0,0,0,0,0,204.9,93.1
9273,H19272,H,301.1,310.6,1256.0,42.6,93.0,0,No Failure,0,0,0,0,0,154.7,70.3
2001,H12000,H,298.7,307.7,1546.0,22.7,20.0,0,No Failure,0,0,0,0,0,208.9,95.0
4824,M14823,M,299.7,310.4,1257.0,33.2,74.0,0,No Failure,0,0,0,0,0,173.9,79.1
46,H10045,H,301.1,312.0,1168.0,21.3,154.0,1,PWF (Power Failure),0,0,1,0,0,3.9,51.6
9141,L19140,L,297.9,309.1,1168.0,41.8,82.0,0,No Failure,0,0,0,0,0,163.4,74.3
8884,L18883,L,298.3,308.9,1285.0,32.4,79.0,0,No Failure,0,0,0,0,0,169.9,77.2
431,H10430,H,292.925,309.9,1511.0,20.1,135.0,1,PWF (Power Failure),0,0,1,0,0,6.6,59.0
7596,H17595,H,300.8,310.4,1168.0,44.8,64.0,0,No Failure,0,0,0,0,0,172.9,78.6
9976,L19975,L,299.0,308.8,1168.0,44.6,25.0,0,No Failure,0,0,0,0,0,200.1,91.0
3969,L13968,L,297.7,306.8,1198.0,39.5,62.0,0,No Failure,0,0,0,0,0,168.1,76.4
8249,L18248,L,303.0,313.6,1168.0,51.9,136.0,0,No Failure,0,0,0,0,0,117.8,53.5
1996,M11995,M,297.7,308.6,1168.0,47.5,3.0,0,No Failure,0,0,0,0,0,217.9,99.0
4200,L14199,L,297.7,308.2,1172.0,53.5,196.0,0,No Failure,0,0,0,0,0,70.8,32.2
4218,L14217,L,298.5,309.2,1257.0,77.58,30.0,0,No Failure,0,0,0,0,0,198.0,90.0
1632,H11631,H,297.2,307.4,1168.0,43.3,46.0,0,No Failure,0,0,0,0,0,189.6,86.2
6511,M16510,M,299.4,309.7,1246.0,41.4,205.0,0,No Failure,0,0,0,0,0,83.1,37.8
8754,H18753,H,298.9,307.2,1424.0,38.7,60.0,0,No Failure,0,0,0,0,0,179.9,81.8
9151,L19150,L,298.8,310.0,1168.0,32.8,113.0,0,No Failure,0,0,0,0,0,148.0,67.3
6170,M16169,M,303.6,314.0,1184.0,22.2,181.0,1,PWF (Power Failure),0,0,1,0,0,2.9,43.8
1480,L11479,L,299.5,309.9,1168.0,47.6,193.0,0,No Failure,0,0,0,0,0,80.0,36.3
6434,H16433,H,297.7,307.4,1368.0,44.5,167.0,0,No Failure,0,0,0,0,0,107.7,49.0
1770,H11769,H,297.3,306.6,1326.0,32.6,90.0,0,No Failure,0,0,0,0,0,161.7,73.5
1859,L11858,L,298.4,307.6,1307.0,36.5,167.0,0,No Failure,0,0,0,0,0,104.9,47.7
6937,H16936,H,298.3,309.0,1288.0,41.2,348.0,0,No Failure,0,0,0,0,0,171.3,77.9
4861,M14860,M,296.7,306.9,1168.0,30.3,192.0,0,No Failure,0,0,0,0,0,100.9,45.9
6958,M16957,M,299.6,308.6,1428.0,24.0,145.0,0,No Failure,0,0,0,0,0,130.3,59.2
4727,H14726,H,301.0,311.4,1199.0,40.5,202.0,0,No Failure,0,0,0,0,0,89.6,40.7
7769,H17768,H,300.2,310.9,1284.0,40.0,2.0,0,No Failure,0,0,0,0,0,218.7,99.4
1425,L11424,L,301.7,311.3,1168.0,40.5,7.0,0,No Failure,0,0,0,0,0,210.8,95.8
3481,L13480,L,302.9,313.7,1300.0,38.9,135.0,0,No Failure,0,0,0,0,0,129.1,58.7
7240,H17239,H,307.1,312.7,1546.0,15.6,205.0,1,PWF (Power Failure),1,0,1,0,0,0.7,41.6
4720,L14719,L,298.2,308.6,1334.0,29.9,183.0,0,No Failure,0,0,0,0,0,106.6,48.5
5442,H15441,H,301.2,311.9,1168.0,40.9,130.0,0,No Failure,0,0,0,0,0,135.8,61.7
9073,M19072,M,300.6,308.2,1278.0,45.0,72.0,1,HDF (Heat Dissipation),0,1,0,0,0,3.7,69.2
5136,M15135,M,298.7,306.4,1286.0,30.7,209.0,1,HDF (Heat Dissipation),0,1,0,0,0,0.7,34.6
7664,H17663,H,299.3,309.9,1250.0,38.8,88.0,0,No Failure,0,0,0,0,0,163.9,74.5
5099,H15098,H,303.5,314.3,1229.0,52.8,78.0,0,No Failure,0,0,0,0,0,164.8,74.9
9171,L19170,L,297.8,305.8,1168.0,39.7,179.0,1,HDF (Heat Dissipation),0,1,0,0,0,6.3,34.8
4994,L14993,L,299.2,310.3,1231.0,40.8,183.0,0,No Failure,0,0,0,0,0,94.7,43.0
7932,M17931,M,299.2,309.4,1296.0,35.6,122.0,0,No Failure,0,0,0,0,0,142.4,64.7
7627,H17626,H,300.5,311.8,1173.0,39.4,177.0,0,No Failure,0,0,0,0,0,106.7,48.5
9820,H19819,H,300.6,310.2,1168.0,34.1,156.0,0,No Failure,0,0,0,0,0,120.0,54.5
4749,H14748,H,297.6,309.3,1168.0,40.8,52.0,0,No Failure,0,0,0,0,0,186.3,84.7
4495,L14494,L,299.3,309.1,1168.0,61.6,102.0,0,No Failure,0,0,0,0,0,135.2,61.5
6283,L16282,L,300.5,309.7,1182.0,34.0,106.0,0,No Failure,0,0,0,0,0,142.9,65.0
2131,L12130,L,297.6,306.3,1182.0,35.7,210.0,0,No Failure,0,0,0,0,0,73.6,33.4
1809,L11808,L,298.1,307.7,1277.0,28.0,5.0,0,No Failure,0,0,0,0,0,212.4,96.5
1195,H11194,H,303.1,313.8,1307.0,33.0,64.0,0,No Failure,0,0,0,0,0,181.1,82.3
3467,M13466,M,299.4,310.1,1290.0,33.7,85.0,0,No Failure,0,0,0,0,0,166.8,75.8
1738,L11737,L,302.2,312.0,1323.0,50.5,204.0,0,No Failure,0,0,0,0,0,67.3,30.6
5705,M15704,M,299.3,309.0,1202.0,61.7,120.0,0,No Failure,0,0,0,0,0,123.2,56.0
1346,M11345,M,298.5,307.1,1168.0,48.0,155.0,0,No Failure,0,0,0,0,0,95.5,43.4
1750,L11749,L,299.6,311.1,1303.0,34.8,19.0,0,No Failure,0,0,0,0,0,207.7,94.4
9884,L19883,L,299.5,310.0,1168.0,46.0,160.0,0,No Failure,0,0,0,0,0,105.4,47.9
9234,H19233,H,301.7,311.6,1168.0,36.6,174.0,0,No Failure,0,0,0,0,0,110.0,50.0
5297,H15296,H,302.9,312.3,1413.0,40.3,63.0,0,No Failure,0,0,0,0,0,178.4,81.1
2457,M12456,M,296.2,305.7,1168.0,43.4,192.0,0,No Failure,0,0,0,0,0,84.2,38.3
916,H10915,H,299.9,308.9,1168.0,42.5,199.0,0,No Failure,0,0,0,0,0,78.5,35.7
4163,H14162,H,300.3,308.4,908.0,39.3,66.0,1,HDF (Heat Dissipation),0,1,0,0,0,7.7,71.3
8907,L18906,L,301.7,310.4,1174.0,40.6,149.0,0,No Failure,0,0,0,0,0,103.8,47.2
2679,M12678,M,300.8,310.1,1168.0,50.5,71.0,0,No Failure,0,0,0,0,0,161.3,73.3
2333,H12332,H,299.4,309.8,1513.0,20.1,0.0,1,PWF (Power Failure),0,0,1,0,0,4.3,92.3
7764,L17763,L,302.4,312.9,1411.0,22.4,212.0,1,PWF (Power Failure),0,0,1,0,0,3.2,38.5
2795,H12794,H,300.9,310.7,1179.0,37.3,47.0,0,No Failure,0,0,0,0,0,188.2,85.6
4450,L14449,L,299.3,310.3,1168.0,51.1,166.0,0,No Failure,0,0,0,0,0,96.1,43.7
902,L10901,L,299.7,309.4,1168.0,51.7,107.0,0,No Failure,0,0,0,0,0,107.9,49.1
7805,L17804,L,300.4,310.7,1190.0,36.3,121.0,0,No Failure,0,0,0,0,0,140.4,63.8
1801,M11800,M,300.2,309.2,1207.0,48.7,202.0,0,No Failure,0,0,0,0,0,66.3,30.1
2947,L12946,L,299.5,310.4,1168.0,56.0,102.0,0,No Failure,0,0,0,0,0,140.8,64.0
6284,L16283,L,302.8,314.4,1168.0,36.8,109.0,0,No Failure,0,0,0,0,0,148.0,67.3
5302,M15301,M,300.5,309.1,1270.0,24.8,79.0,1,PWF (Power Failure),0,0,1,0,0,4.4,68.0
3752,M13751,M,299.7,309.4,1478.0,21.0,197.0,1,PWF (Power Failure),0,0,1,0,0,3.9,43.4
7941,L17940,L,300.0,309.4,1315.0,40.15,149.0,0,No Failure,0,0,0,0,0,121.0,55.0
1912,L11911,L,299.2,310.7,1270.0,36.7,137.0,0,No Failure,0,0,0,0,0,129.6,58.9
6129,M16128,M,299.0,311.4,1168.0,43.2,50.0,0,No Failure,0,0,0,0,0,186.1,84.6
7509,M17508,M,299.7,311.8,1168.0,48.6,228.0,1,TWF (Tool Wear Failure),1,0,0,0,0,6.9,26.7
4790,M14789,M,298.8,309.6,1483.0,36.2,197.0,0,No Failure,0,0,0,0,0,94.1,42.8
8760,L18759,L,299.8,309.1,1546.0,15.4,78.0,1,PWF (Power Failure),0,0,1,0,0,4.4,71.1
8127,L18126,L,300.3,309.1,1168.0,43.7,142.0,0,No Failure,0,0,0,0,0,107.1,48.7
7384,L17383,L,300.8,311.7,1177.0,54.8,40.0,0,No Failure,0,0,0,0,0,189.2,86.0
7373,M17372,M,301.6,310.2,1408.0,39.6,0.0,0,No Failure,0,0,0,0,0,217.4,98.8
501,M10500,M,302.3,314.1,1168.0,56.0,126.0,0,No Failure,0,0,0,0,0,125.8,57.2
3509,M13508,M,295.5,306.4,1179.0,49.0,17.0,0,No Failure,0,0,0,0,0,207.9,94.5
4339,M14338,M,299.5,309.7,1246.0,32.2,31.0,0,No Failure,0,0,0,0,0,200.9,91.3
2909,H12908,H,298.0,306.6,1271.0,33.3,193.0,0,No Failure,0,0,0,0,0,91.4,41.6
6822,H16821,H,296.8,306.8,1168.0,49.7,133.0,0,No Failure,0,0,0,0,0,127.9,58.1
361,H10360,H,303.4,315.2,1240.0,37.0,107.0,0,No Failure,0,0,0,0,0,152.8,69.5
2129,L12128,L,299.2,309.1,1178.0,34.1,205.0,0,No Failure,0,0,0,0,0,86.8,39.4
9624,M19623,M,298.4,308.5,1271.0,33.2,176.0,0,No Failure,0,0,0,0,0,110.4,50.2
282,L10281,L,300.6,310.6,1173.0,40.4,52.0,0,No Failure,0,0,0,0,0,184.5,83.9
1417,M11416,M,299.3,309.8,1186.0,35.9,202.0,0,No Failure,0,0,0,0,0,91.2,41.5
8623,L18622,L,302.5,314.2,1229.0,55.8,99.0,0,No Failure,0,0,0,0,0,143.3,65.1
9958,L19957,L,299.5,308.6,1168.0,31.5,201.0,0,No Failure,0,0,0,0,0,83.7,38.0
6991,L16990,L,300.1,309.3,1298.0,45.5,40.0,0,No Failure,0,0,0,0,0,186.1,84.6
93,L10092,L,296.9,308.5,1168.0,49.6,71.0,0,No Failure,0,0,0,0,0,167.6,76.2
1785,L11784,L,299.7,311.6,1509.0,48.0,144.0,0,No Failure,0,0,0,0,0,115.2,52.3
4425,M14424,M,298.9,309.9,1168.0,32.2,86.0,0,No Failure,0,0,0,0,0,166.9,75.9
4922,L14921,L,297.6,308.2,1168.0,43.8,160.0,0,No Failure,0,0,0,0,0,107.6,48.9
4153,L14152,L,301.5,310.4,1187.0,32.9,363.0,0,No Failure,0,0,0,0,0,186.2,84.6
7043,L17042,L,294.7,304.5,1168.0,52.8,3.0,0,No Failure,0,0,0,0,0,215.5,98.0
3308,L13307,L,299.2,309.5,1168.0,47.9,200.0,0,No Failure,0,0,0,0,0,74.5,33.9
9450,L19449,L,298.5,309.2,1247.0,42.6,43.0,0,No Failure,0,0,0,0,0,190.1,86.4
3353,L13352,L,301.8,312.3,1278.0,51.2,131.0,0,No Failure,0,0,0,0,0,122.1,55.5
5064,L15063,L,304.7,315.5,1363.0,48.5,188.0,0,No Failure,0,0,0,0,0,82.6,37.5
6020,H16019,H,299.2,309.6,1186.0,34.4,129.0,0,No Failure,0,0,0,0,0,140.7,64.0
2400,M12399,M,298.3,309.5,1254.0,43.0,2.0,0,No Failure,0,0,0,0,0,218.6,99.4
9948,L19947,L,298.2,308.4,1306.0,34.1,166.0,0,No Failure,0,0,0,0,0,113.0,51.4
8501,L18500,L,304.0,312.9,1168.0,54.4,133.0,0,No Failure,0,0,0,0,0,106.0,48.2
6437,M16436,M,302.3,312.8,1255.0,26.4,179.0,1,PWF (Power Failure),0,0,1,0,0,0.2,48.3
7867,L17866,L,302.1,312.0,1168.0,40.5,105.0,0,No Failure,0,0,0,0,0,147.2,66.9
8816,L18815,L,298.4,307.3,1168.0,55.0,63.0,0,No Failure,0,0,0,0,0,159.4,72.5
7349,L17348,L,298.2,309.4,908.0,22.1,130.0,1,PWF (Power Failure),0,0,1,0,0,3.5,59.0
3186,L13185,L,299.7,309.9,1203.0,25.0,18.0,1,PWF (Power Failure),0,0,1,0,0,7.2,87.0
4552,M14551,M,298.2,309.8,1285.0,38.8,59.0,0,No Failure,0,0,0,0,0,181.4,82.5
7176,L17175,L,300.0,308.1,1168.0,37.3,3.0,0,No Failure,0,0,0,0,0,218.0,99.1
1189,L11188,L,300.3,308.9,1226.0,48.3,40.0,1,HDF (Heat Dissipation),0,1,0,0,0,0.2,80.5
8271,L18270,L,301.4,310.5,1168.0,43.3,0.0,0,No Failure,0,0,0,0,0,210.1,95.5
9078,M19077,M,300.6,310.8,1257.0,28.0,89.0,0,No Failure,0,0,0,0,0,164.0,74.5
9553,M19552,M,299.3,309.6,1202.0,53.1,180.0,0,No Failure,0,0,0,0,0,88.2,40.1
9841,M19840,M,301.8,311.4,1170.0,34.1,361.0,0,No Failure,0,0,0,0,0,207.4,94.3
3145,H13144,H,300.1,310.0,1216.0,43.3,93.0,0,No Failure,0,0,0,0,0,158.6,72.1
1430,L11429,L,298.8,309.4,1168.0,43.8,19.0,0,No Failure,0,0,0,0,0,206.6,93.9
2879,M12878,M,301.1,311.9,1168.0,42.6,89.0,0,No Failure,0,0,0,0,0,160.0,72.7
8191,M18190,M,301.7,312.1,1168.0,53.9,151.0,0,No Failure,0,0,0,0,0,108.8,49.5
9911,L19910,L,297.5,308.5,1209.0,31.8,322.0,0,No Failure,0,0,0,0,0,192.9,87.7
9358,M19357,M,295.6,304.3,1225.0,77.58,158.0,0,No Failure,0,0,0,0,0,109.3,49.7
3781,L13780,L,299.5,310.5,1537.0,14.3,91.0,1,PWF (Power Failure),0,0,1,0,0,1.9,68.3
7081,H17080,H,301.6,311.2,1168.0,58.3,127.0,0,No Failure,0,0,0,0,0,122.1,55.5
1354,L11353,L,299.1,308.3,1205.0,42.4,180.0,0,No Failure,0,0,0,0,0,86.4,39.3
7418,H17417,H,298.7,308.7,1463.0,27.2,148.0,0,No Failure,0,0,0,0,0,134.4,61.1
5204,L15203,L,299.5,309.2,1168.0,35.8,218.0,0,No Failure,0,0,0,0,0,74.0,33.6
9515,L19514,L,298.8,308.5,1270.0,32.2,42.0,0,No Failure,0,0,0,0,0,191.0,86.8
3604,L13603,L,302.1,311.9,1299.0,41.4,147.0,0,No Failure,0,0,0,0,0,117.5,53.4
4190,L14189,L,298.1,318.2,1269.0,25.9,107.0,1,PWF (Power Failure),0,0,1,0,0,1.6,52.2
8706,L18705,L,300.1,312.1,1287.0,37.2,118.0,0,No Failure,0,0,0,0,0,141.7,64.4
5850,M15849,M,303.4,314.8,1342.0,36.0,10.0,0,No Failure,0,0,0,0,0,213.6,97.1
1648,M11647,M,295.5,306.0,1168.0,36.3,102.0,0,No Failure,0,0,0,0,0,154.8,70.3
7448,L17447,L,298.4,308.3,1127.0,18.7,26.0,1,PWF (Power Failure),0,0,1,0,0,4.9,87.4
5138,L15137,L,303.6,313.8,1299.0,39.5,3.0,0,No Failure,0,0,0,0,0,218.0,99.1
9438,M19437,M,300.5,309.2,1372.0,29.2,6.0,0,No Failure,0,0,0,0,0,211.9,96.3
7976,H17975,H,305.0,314.9,1191.0,40.5,49.0,0,No Failure,0,0,0,0,0,187.3,85.1
7238,M17237,M,299.9,310.6,1168.0,43.3,199.0,0,No Failure,0,0,0,0,0,85.0,38.7
5539,L15538,L,299.1,309.6,1168.0,56.2,0.0,0,No Failure,0,0,0,0,0,220.0,100.0
5294,M15293,M,299.2,311.0,1193.0,41.3,52.0,0,No Failure,0,0,0,0,0,185.3,84.2
886,L10885,L,302.4,313.2,1442.0,36.7,95.0,0,No Failure,0,0,0,0,0,157.3,71.5
2548,L12547,L,300.1,310.0,1528.0,33.5,64.0,0,No Failure,0,0,0,0,0,179.0,81.4
5319,L15318,L,300.0,309.3,1199.0,34.3,135.0,0,No Failure,0,0,0,0,0,125.1,56.9
193,L10192,L,300.1,312.3,1338.0,41.4,190.0,0,No Failure,0,0,0,0,0,89.2,40.5
1506,M11505,M,299.1,307.1,1266.0,47.6,66.0,1,HDF (Heat Dissipation),0,1,0,0,0,2.3,71.6
8406,H18405,H,298.0,308.0,1212.0,27.9,16.0,0,No Failure,0,0,0,0,0,203.6,92.5
5762,H15761,H,302.0,310.3,1350.0,46.6,129.0,1,HDF (Heat Dissipation),0,1,0,0,0,1.2,56.9
6870,M16869,M,296.2,307.0,1187.0,43.3,78.0,0,No Failure,0,0,0,0,0,167.1,76.0
4895,M14894,M,298.0,306.6,1308.0,46.4,71.0,0,No Failure,0,0,0,0,0,161.9,73.6
347,H10346,H,299.6,309.5,1283.0,36.5,61.0,0,No Failure,0,0,0,0,0,181.1,82.3
6202,L16201,L,298.2,306.2,1168.0,48.0,59.0,1,HDF (Heat Dissipation),0,1,0,0,0,7.8,70.5
2840,L12839,L,299.0,309.5,1519.0,26.6,201.0,0,No Failure,0,0,0,0,0,99.5,45.2
3981,L13980,L,301.8,314.2,1168.0,39.4,98.0,0,No Failure,0,0,0,0,0,153.7,69.9
3028,H13027,H,300.4,310.5,1168.0,59.0,108.0,0,No Failure,0,0,0,0,0,112.0,50.9
9642,L19641,L,300.8,311.0,1168.0,37.4,5.0,0,No Failure,0,0,0,0,0,216.7,98.5
1397,M11396,M,299.1,307.9,1441.0,24.4,120.0,0,No Failure,0,0,0,0,0,147.4,67.0
2139,M12138,M,295.8,305.9,1168.0,38.4,13.0,0,No Failure,0,0,0,0,0,211.5,96.2
4114,M14113,M,298.5,307.9,1355.0,42.7,115.0,0,No Failure,0,0,0,0,0,139.9,63.6
7982,H17981,H,299.7,312.4,1242.0,47.6,74.0,0,No Failure,0,0,0,0,0,169.6,77.1
9402,M19401,M,297.3,307.4,1340.0,33.6,107.0,0,No Failure,0,0,0,0,0,153.1,69.6
4627,H14626,H,297.1,306.9,1272.0,29.6,107.0,0,No Failure,0,0,0,0,0,155.3,70.6
1303,M11302,M,299.1,309.8,1168.0,39.8,0.0,0,No Failure,0,0,0,0,0,220.0,100.0
1939,L11938,L,297.6,308.4,1262.0,34.7,12.0,0,No Failure,0,0,0,0,0,212.2,96.5
4175,M14174,M,296.9,306.2,1379.0,39.7,106.0,0,No Failure,0,0,0,0,0,145.5,66.1
3458,H13457,H,297.5,308.8,1275.0,25.0,55.0,1,PWF (Power Failure),0,0,1,0,0,5.9,80.1
5167,L15166,L,300.1,310.0,1505.0,23.1,107.0,0,No Failure,0,0,0,0,0,157.8,71.7
9075,M19074,M,299.2,310.7,1232.0,37.6,78.0,0,No Failure,0,0,0,0,0,169.5,77.1
146,L10145,L,301.2,311.0,1168.0,2.52,24.0,0,No Failure,0,0,0,0,0,202.0,91.8
6775,M16774,M,298.9,309.0,1168.0,32.3,205.0,0,No Failure,0,0,0,0,0,93.4,42.4
1530,L11529,L,296.7,307.7,1315.0,43.6,140.0,0,No Failure,0,0,0,0,0,121.8,55.4
1573,M11572,M,299.1,309.7,1168.0,48.4,63.0,0,No Failure,0,0,0,0,0,175.5,79.8
4751,L14750,L,299.0,308.9,1546.0,52.0,60.0,0,No Failure,0,0,0,0,0,173.8,79.0
8696,L18695,L,301.8,310.6,1168.0,34.0,94.0,0,No Failure,0,0,0,0,0,146.3,66.5
6156,L16155,L,300.0,309.7,1249.0,32.1,134.0,0,No Failure,0,0,0,0,0,132.6,60.3
7632,M17631,M,303.9,313.2,1168.0,64.7,200.0,1,OSF (Overstrain Failure),0,0,0,1,0,2.3,24.2
1697,L11696,L,296.9,306.5,1182.0,49.9,55.0,0,No Failure,0,0,0,0,0,174.9,79.5
3537,L13536,L,301.0,311.0,1222.0,46.6,114.0,0,No Failure,0,0,0,0,0,138.0,62.7
9854,L19853,L,301.0,311.8,1168.0,41.5,56.0,0,No Failure,0,0,0,0,0,181.4,82.5
4851,L14850,L,299.2,309.5,1168.0,39.5,158.0,0,No Failure,0,0,0,0,0,113.0,51.4
4865,M14864,M,300.4,309.8,1211.0,43.3,206.0,1,TWF (Tool Wear Failure),1,0,0,0,0,0.8,33.6
6591,L16590,L,299.5,308.9,1168.0,43.9,107.0,0,No Failure,0,0,0,0,0,196.5,89.3
358,M10357,M,299.9,309.9,1456.0,34.9,98.0,0,No Failure,0,0,0,0,0,158.1,71.8
3283,L13282,L,301.2,310.7,1175.0,40.6,125.0,0,No Failure,0,0,0,0,0,129.0,58.7
8372,M18371,M,302.4,312.7,1168.0,37.9,124.0,0,No Failure,0,0,0,0,0,139.6,63.5
1640,M11639,M,300.9,310.3,1546.0,27.8,79.0,0,No Failure,0,0,0,0,0,173.2,78.7
7129,H17128,H,298.9,309.1,1168.0,38.3,59.0,0,No Failure,0,0,0,0,0,182.6,83.0
4679,L14678,L,302.5,314.5,1546.0,33.0,51.0,0,No Failure,0,0,0,0,0,187.5,85.2
649,M10648,M,300.6,311.1,1237.0,44.0,187.0,0,No Failure,0,0,0,0,0,92.5,42.0
2122,L12121,L,298.4,309.3,1168.0,40.9,188.0,0,No Failure,0,0,0,0,0,91.1,41.4
7817,M17816,M,301.3,312.4,1168.0,48.0,159.0,0,No Failure,0,0,0,0,0,108.1,49.1
9900,H19899,H,301.6,311.2,1168.0,77.58,3.0,0,No Failure,0,0,0,0,0,213.4,97.0
6803,L16802,L,298.4,310.9,1168.0,44.2,74.0,0,No Failure,0,0,0,0,0,167.8,76.3
9689,L19688,L,299.0,307.5,1168.0,51.0,185.0,1,HDF (Heat Dissipation),0,1,0,0,0,0.9,29.8
5638,M15637,M,299.2,310.9,1168.0,46.9,108.0,0,No Failure,0,0,0,0,0,144.6,65.7
1866,H11865,H,300.9,309.5,1451.0,27.5,192.0,0,No Failure,0,0,0,0,0,108.7,49.4
6734,M16733,M,300.8,308.7,1168.0,47.4,73.0,1,HDF (Heat Dissipation),0,1,0,0,0,7.6,66.2
9299,M19298,M,300.4,310.0,1168.0,54.6,185.0,0,No Failure,0,0,0,0,0,78.6,35.7
3651,L13650,L,299.4,309.7,1325.0,29.1,86.0,0,No Failure,0,0,0,0,0,167.1,76.0
979,M10978,M,298.3,309.6,1168.0,52.4,181.0,0,No Failure,0,0,0,0,0,88.2,40.1
5590,M15589,M,297.4,309.2,1400.0,23.2,168.0,1,PWF (Power Failure),0,0,1,0,0,1.7,51.7
9391,M19390,M,302.7,313.0,1170.0,33.4,67.0,0,No Failure,0,0,0,0,0,178.2,81.0
3158,L13157,L,297.0,308.0,1546.0,23.8,138.0,0,No Failure,0,0,0,0,0,139.6,63.4
8894,L18893,L,299.5,308.4,1168.0,47.9,108.0,0,No Failure,0,0,0,0,0,129.3,58.8
4159,L14158,L,297.9,302.0,1275.0,46.7,53.0,1,HDF (Heat Dissipation),0,1,0,0,0,7.0,76.7
3719,H13718,H,302.3,313.2,1168.0,32.8,77.0,0,No Failure,0,0,0,0,0,173.3,78.8
3242,M13241,M,301.5,311.5,1275.0,40.7,202.0,0,No Failure,0,0,0,0,0,85.9,39.0
2700,H12699,H,301.9,310.0,1204.0,26.6,149.0,0,No Failure,0,0,0,0,0,128.6,58.4
3445,H13444,H,301.2,310.2,1248.0,53.0,5.0,0,No Failure,0,0,0,0,0,207.6,94.3
2588,L12587,L,300.5,309.5,1351.0,39.1,198.0,0,No Failure,0,0,0,0,0,82.1,37.3
2872,L12871,L,300.5,310.5,1240.0,25.5,72.0,1,PWF (Power Failure),0,0,1,0,0,6.8,74.5
5599,M15598,M,302.2,313.0,1168.0,44.3,198.0,0,No Failure,0,0,0,0,0,84.6,38.5
8844,M18843,M,300.0,310.2,1324.0,53.3,163.0,0,No Failure,0,0,0,0,0,100.5,45.7
9063,L19062,L,299.4,309.8,1201.0,47.1,44.0,0,No Failure,0,0,0,0,0,188.2,85.5
8783,H18782,H,300.8,308.4,1168.0,44.8,158.0,1,HDF (Heat Dissipation),0,1,0,0,0,3.0,40.1
2659,L12658,L,301.1,311.1,1168.0,56.4,6.0,0,No Failure,0,0,0,0,0,215.3,97.9
9232,M19231,M,301.8,310.7,1201.0,47.7,168.0,0,No Failure,0,0,0,0,0,90.0,40.9
9187,M19186,M,299.7,309.7,1192.0,48.6,19.0,0,No Failure,0,0,0,0,0,206.6,93.9
9214,L19213,L,296.5,306.1,1168.0,64.4,103.0,0,No Failure,0,0,0,0,0,130.5,59.3
3670,M13669,M,300.9,310.0,1168.0,36.2,143.0,0,No Failure,0,0,0,0,0,118.7,54.0
7920,L17919,L,301.6,310.7,1360.0,52.4,84.0,0,No Failure,0,0,0,0,0,153.1,69.6
804,M10803,M,300.4,308.6,1168.0,44.2,35.0,1,HDF (Heat Dissipation),0,1,0,0,0,3.0,80.1
2395,M12394,M,298.7,308.6,1342.0,22.6,207.0,1,PWF (Power Failure),0,0,1,0,0,2.4,38.9
1078,L11077,L,297.8,307.7,1193.0,28.7,92.0,0,No Failure,0,0,0,0,0,156.7,71.2
1291,L11290,L,300.7,310.8,1535.0,28.5,180.0,0,No Failure,0,0,0,0,0,110.0,50.0
7228,L17227,L,300.0,308.6,1335.0,41.2,171.0,0,No Failure,0,0,0,0,0,95.4,43.4
522,L10521,L,302.2,312.4,1168.0,40.2,198.0,0,No Failure,0,0,0,0,0,85.1,38.7
8186,H18185,H,306.6,315.3,1168.0,39.2,134.0,0,No Failure,0,0,0,0,0,120.1,54.6
5603,H15602,H,302.5,313.2,1175.0,33.5,0.0,0,No Failure,0,0,0,0,0,220.0,100.0
6137,H16136,H,299.4,311.0,1168.0,45.9,75.0,0,No Failure,0,0,0,0,0,169.5,77.1
7491,H17490,H,301.8,312.0,1462.0,32.7,163.0,0,No Failure,0,0,0,0,0,121.2,55.1
223,M10222,M,297.3,307.3,1187.0,31.0,72.0,0,No Failure,0,0,0,0,0,176.0,80.0
8693,L18692,L,300.0,311.5,1244.0,42.5,86.0,0,No Failure,0,0,0,0,0,160.2,72.8
4502,L14501,L,300.8,311.6,1168.0,44.1,122.0,0,No Failure,0,0,0,0,0,134.0,60.9
219,H10218,H,301.2,311.8,1206.0,44.0,60.0,0,No Failure,0,0,0,0,0,180.2,81.9
1258,H11257,H,302.5,312.1,1204.0,30.9,61.0,0,No Failure,0,0,0,0,0,179.3,81.5
7825,H17824,H,297.0,309.1,1168.0,47.3,186.0,0,No Failure,0,0,0,0,0,93.5,42.5
7752,L17751,L,301.9,311.7,1168.0,29.9,169.0,0,No Failure,0,0,0,0,0,109.2,49.6
9039,L19038,L,302.9,312.5,1285.0,40.8,169.0,0,No Failure,0,0,0,0,0,101.4,46.1
6984,M16983,M,298.7,308.4,1198.0,47.1,17.0,0,No Failure,0,0,0,0,0,204.8,93.1
118,M10117,M,299.3,302.0,1403.0,15.0,155.0,1,PWF (Power Failure),0,0,1,0,0,6.3,53.2
7648,L17647,L,301.0,309.5,1278.0,46.4,36.0,1,HDF (Heat Dissipation),0,1,0,0,0,3.7,83.1
1181,M11180,M,300.3,312.2,1168.0,42.6,13.0,0,No Failure,0,0,0,0,0,211.2,96.0
3118,M13117,M,300.1,310.2,1168.0,40.5,7.0,0,No Failure,0,0,0,0,0,215.4,97.9
9389,L19388,L,296.2,306.7,1313.0,22.3,62.0,1,PWF (Power Failure),0,0,1,0,0,2.0,74.7
2074,H12073,H,297.5,306.5,1168.0,57.5,34.0,0,No Failure,0,0,0,0,0,184.1,83.7
8331,L18330,L,302.5,311.6,1168.0,39.7,205.0,0,No Failure,0,0,0,0,0,71.1,32.3
5897,L15896,L,302.3,313.8,1256.0,35.9,162.0,0,No Failure,0,0,0,0,0,113.8,51.7
5117,M15116,M,302.2,310.3,1168.0,44.6,144.0,1,HDF (Heat Dissipation),0,1,0,0,0,7.1,45.6
6476,L16475,L,303.9,315.1,1273.0,40.3,87.0,0,No Failure,0,0,0,0,0,160.7,73.0
9865,L19864,L,300.0,310.3,1192.0,49.1,95.0,0,No Failure,0,0,0,0,0,150.2,68.3
4608,L14607,L,300.1,309.0,1168.0,38.0,38.0,0,No Failure,0,0,0,0,0,182.5,83.0
4855,L14854,L,300.9,312.1,1277.0,40.15,172.0,0,No Failure,0,0,0,0,0,99.7,45.3
8544,H18543,H,304.3,313.0,1246.0,34.3,47.0,0,No Failure,0,0,0,0,0,179.5,81.6
6196,L16195,L,298.2,310.0,1227.0,20.8,37.0,1,PWF (Power Failure),0,0,1,0,0,7.7,80.5
6754,H16753,H,300.0,309.3,1168.0,42.4,133.0,0,No Failure,0,0,0,0,0,125.2,56.9
5188,M15187,M,302.4,311.1,1287.0,37.1,162.0,0,No Failure,0,0,0,0,0,106.3,48.3
4670,L14669,L,299.4,318.2,1202.0,38.9,26.0,0,No Failure,0,0,0,0,0,191.6,87.1
8264,H18263,H,299.2,309.0,1236.0,31.1,185.0,0,No Failure,0,0,0,0,0,107.5,48.9
9713,H19712,H,297.0,307.2,1168.0,48.2,40.0,0,No Failure,0,0,0,0,0,192.6,87.6
6493,H16492,H,297.3,306.7,1168.0,39.2,143.0,0,No Failure,0,0,0,0,0,122.0,55.5
266,L10265,L,299.4,311.3,1168.0,55.5,5.0,0,No Failure,0,0,0,0,0,216.1,98.2
9168,L19167,L,300.7,309.5,1179.0,61.2,172.0,0,No Failure,0,0,0,0,0,68.0,30.9
7945,M17944,M,300.0,310.05,1236.0,26.1,162.0,1,PWF (Power Failure),0,0,1,0,0,0.5,51.8
2169,L12168,L,300.7,311.2,1188.0,57.5,120.0,0,No Failure,0,0,0,0,0,125.8,57.2
2446,M12445,M,298.4,307.5,1187.0,38.7,158.0,0,No Failure,0,0,0,0,0,109.0,49.5
3858,L13857,L,296.6,306.3,1283.0,49.9,131.0,0,No Failure,0,0,0,0,0,120.9,55.0
2781,L12780,L,299.8,308.7,1168.0,41.7,213.0,0,No Failure,0,0,0,0,0,60.9,27.7
2347,H12346,H,298.2,308.1,1168.0,65.1,48.0,0,No Failure,0,0,0,0,0,181.9,82.7
2051,H12050,H,299.7,310.8,1168.0,36.3,179.0,0,No Failure,0,0,0,0,0,108.3,49.2
4568,L14567,L,299.5,309.0,1274.0,37.2,116.0,0,No Failure,0,0,0,0,0,139.2,63.3
6982,H16981,H,294.4,304.4,1336.0,24.5,9.0,1,PWF (Power Failure),0,0,1,0,0,0.3,93.0
5573,M15572,M,300.5,309.8,1546.0,20.8,109.0,0,No Failure,0,0,0,0,0,152.0,69.1
5693,M15692,M,303.8,312.3,1168.0,45.7,75.0,1,HDF (Heat Dissipation),0,1,0,0,0,7.6,68.9
9263,M19262,M,300.4,309.3,1372.0,26.7,50.0,0,No Failure,0,0,0,0,0,186.9,84.9
8435,M18434,M,298.1,309.0,1210.0,43.9,130.0,0,No Failure,0,0,0,0,0,131.4,59.7
4983,L14982,L,298.8,309.3,1168.0,47.6,145.0,0,No Failure,0,0,0,0,0,114.8,52.2
8498,H18497,H,301.5,310.9,1364.0,36.8,123.0,0,No Failure,0,0,0,0,0,140.6,63.9
3174,H13173,H,301.0,309.7,1187.0,54.4,194.0,0,No Failure,0,0,0,0,0,66.8,30.3
2540,M12539,M,299.4,309.1,1225.0,28.8,37.0,0,No Failure,0,0,0,0,0,192.0,87.3
2072,L12071,L,299.2,310.4,1168.0,28.5,30.0,1,PWF (Power Failure),0,0,1,0,0,5.3,87.7
3948,L13947,L,300.2,308.0,1274.0,40.4,223.0,1,HDF (Heat Dissipation),1,1,0,0,0,1.4,23.1
1091,L11090,L,301.1,311.6,1223.0,35.2,140.0,0,No Failure,0,0,0,0,0,128.8,58.6
3976,L13975,L,302.7,311.8,1239.0,37.8,84.0,0,No Failure,0,0,0,0,0,155.6,70.7
3454,L13453,L,302.2,312.2,1168.0,45.9,37.0,0,No Failure,0,0,0,0,0,193.5,88.0
9503,M19502,M,298.7,306.9,1245.0,56.8,6.0,1,HDF (Heat Dissipation),0,1,0,0,0,4.2,90.6
7711,L17710,L,302.3,311.8,1372.0,36.4,34.0,0,No Failure,0,0,0,0,0,195.9,89.0
2750,L12749,L,300.4,311.6,1378.0,37.6,98.0,0,No Failure,0,0,0,0,0,154.8,70.4
6414,H16413,H,299.0,308.1,1257.0,32.9,104.0,0,No Failure,0,0,0,0,0,149.2,67.8
2283,L12282,L,299.6,309.8,1168.0,48.9,59.0,0,No Failure,0,0,0,0,0,176.7,80.3
8391,M18390,M,302.6,312.6,1168.0,52.8,186.0,0,No Failure,0,0,0,0,0,84.1,38.2
4370,L14369,L,297.7,308.0,1168.0,38.2,138.0,0,No Failure,0,0,0,0,0,127.7,58.0
3191,L13190,L,302.4,312.3,1278.0,37.4,36.0,0,No Failure,0,0,0,0,0,195.3,88.8
7652,L17651,L,298.3,318.2,1168.0,44.8,402.0,0,No Failure,0,0,0,0,0,181.3,82.4
7810,L17809,L,300.1,311.4,1367.0,26.1,138.0,0,No Failure,0,0,0,0,0,135.9,61.8
9179,M19178,M,299.1,310.3,1168.0,32.7,209.0,1,TWF (Tool Wear Failure),1,0,0,0,0,1.8,41.1
8632,M18631,M,298.2,307.0,1168.0,52.3,131.0,0,No Failure,0,0,0,0,0,111.5,50.7
3393,H13392,H,302.0,311.7,1413.0,52.7,42.0,0,No Failure,0,0,0,0,0,189.8,86.3
7013,L17012,L,300.0,307.7,1216.0,32.6,127.0,1,HDF (Heat Dissipation),0,1,0,0,0,7.5,55.8
2164,L12163,L,298.1,308.3,1168.0,45.2,100.0,0,No Failure,0,0,0,0,0,148.9,67.7
677,H10676,H,302.6,312.4,1478.0,22.4,73.0,1,PWF (Power Failure),0,0,1,0,0,6.5,77.5
7208,L17207,L,299.6,310.2,1220.0,46.0,108.0,0,No Failure,0,0,0,0,0,142.7,64.9
2501,L12500,L,300.2,310.1,1168.0,27.3,129.0,1,PWF (Power Failure),0,0,1,0,0,3.6,58.3
8342,M18341,M,304.0,315.7,1168.0,35.5,17.0,0,No Failure,0,0,0,0,0,209.2,95.1
6764,M16763,M,298.4,308.0,1458.0,22.2,169.0,1,PWF (Power Failure),0,0,1,0,0,7.6,51.7
3613,M13612,M,296.5,307.1,1168.0,61.9,173.0,0,No Failure,0,0,0,0,0,85.0,38.6
4647,H14646,H,301.1,311.0,1282.0,50.1,167.0,0,No Failure,0,0,0,0,0,103.3,47.0
6978,L16977,L,299.0,308.6,1168.0,50.1,214.0,0,No Failure,0,0,0,0,0,57.1,26.0
9446,L19445,L,300.8,313.2,1305.0,39.8,31.0,0,No Failure,0,0,0,0,0,199.0,90.4
1581,H11580,H,298.7,308.6,1444.0,34.4,97.0,0,No Failure,0,0,0,0,0,160.4,72.9
4873,M14872,M,300.2,310.0,1168.0,32.9,4.0,0,No Failure,0,0,0,0,0,215.3,97.9
4839,L14838,L,301.3,312.1,1364.0,38.4,122.0,0,No Failure,0,0,0,0,0,138.2,62.8
3039,L13038,L,303.6,313.2,1344.0,43.6,186.0,0,No Failure,0,0,0,0,0,87.6,39.8
3351,L13350,L,298.7,309.2,1382.0,22.9,127.0,1,PWF (Power Failure),0,0,1,0,0,0.2,60.6
250,L10249,L,298.6,309.4,1168.0,27.5,172.0,1,PWF (Power Failure),0,0,1,0,0,1.7,47.2
6151,H16150,H,300.1,308.3,1168.0,50.6,117.0,1,HDF (Heat Dissipation),0,1,0,0,0,0.0,53.9
2643,M12642,M,299.2,310.1,1168.0,25.6,167.0,1,PWF (Power Failure),0,0,1,0,0,3.3,47.6
4498,L14497,L,296.6,307.5,1186.0,34.4,108.0,0,No Failure,0,0,0,0,0,150.2,68.3
5894,H15893,H,302.0,312.0,1214.0,39.5,152.0,0,No Failure,0,0,0,0,0,122.6,55.7
7065,L17064,L,300.0,311.0,1546.0,21.3,69.0,0,No Failure,0,0,0,0,0,172.7,78.5
7215,H17214,H,302.4,310.4,1293.0,56.3,131.0,1,HDF (Heat Dissipation),0,1,0,0,0,7.6,50.5
9762,L19761,L,299.7,311.5,1168.0,57.4,212.0,1,OSF (Overstrain Failure),1,0,0,1,0,4.5,24.4
8605,M18604,M,300.4,308.5,1168.0,49.4,39.0,1,HDF (Heat Dissipation),0,1,0,0,0,7.3,77.9
9828,L19827,L,296.3,306.8,1478.0,18.0,188.0,1,PWF (Power Failure),0,0,1,0,0,0.9,43.2
3717,M13716,M,301.8,313.8,1168.0,38.8,69.0,0,No Failure,0,0,0,0,0,174.9,79.5
9202,H19201,H,292.925,304.6,1168.0,51.6,64.0,0,No Failure,0,0,0,0,0,175.1,79.6
9457,L19456,L,299.0,309.6,1168.0,38.5,67.0,0,No Failure,0,0,0,0,0,175.0,79.6
2453,M12452,M,301.8,311.8,1168.0,40.9,179.0,0,No Failure,0,0,0,0,0,101.0,45.9
7751,H17750,H,299.8,309.2,1187.0,43.1,164.0,0,No Failure,0,0,0,0,0,105.4,47.9
3002,M13001,M,303.2,313.2,1168.0,43.3,65.0,0,No Failure,0,0,0,0,0,175.9,80.0
4582,M14581,M,298.0,306.8,1269.0,54.7,166.0,0,No Failure,0,0,0,0,0,87.5,39.8
1172,M11171,M,296.7,307.3,1176.0,52.8,204.0,0,No Failure,0,0,0,0,0,71.0,32.3
6338,L16337,L,300.6,310.2,1168.0,61.6,80.0,0,No Failure,0,0,0,0,0,150.8,68.6
156,M10155,M,302.0,311.1,1168.0,53.5,56.0,0,No Failure,0,0,0,0,0,169.0,76.8
407,L10406,L,297.2,306.1,1349.0,29.3,47.0,0,No Failure,0,0,0,0,0,186.2,84.6
3857,H13856,H,299.6,308.2,1168.0,35.8,126.0,1,HDF (Heat Dissipation),0,1,0,0,0,2.8,57.4
9742,L19741,L,299.8,309.9,1291.0,29.1,136.0,0,No Failure,0,0,0,0,0,136.4,62.0
5688,L15687,L,302.0,312.6,1168.0,52.4,55.0,0,No Failure,0,0,0,0,0,178.5,81.1
8768,H18767,H,302.6,313.4,1168.0,40.9,101.0,0,No Failure,0,0,0,0,0,154.6,70.3
9274,M19273,M,299.3,309.0,1168.0,50.3,99.0,0,No Failure,0,0,0,0,0,145.8,66.3
9235,L19234,L,298.6,311.2,1168.0,44.4,179.0,0,No Failure,0,0,0,0,0,93.6,42.5
7233,L17232,L,300.6,311.7,1193.0,31.0,185.0,0,No Failure,0,0,0,0,0,104.2,47.4
1817,M11816,M,300.0,309.5,1168.0,36.7,31.0,0,No Failure,0,0,0,0,0,194.6,88.5
4652,H14651,H,301.0,310.8,1168.0,35.8,186.0,0,No Failure,0,0,0,0,0,102.2,46.4
6110,M16109,M,303.6,313.8,1187.0,32.2,-96.0,1,TWF (Tool Wear Failure),1,0,0,0,0,3.4,41.7
2651,H12650,H,300.8,309.5,1195.0,30.8,199.0,0,No Failure,0,0,0,0,0,87.0,39.6
8982,M18981,M,298.3,308.0,1197.0,23.3,174.0,1,PWF (Power Failure),0,0,1,0,0,0.5,43.6
3706,L13705,L,302.4,312.0,1246.0,42.1,26.0,0,No Failure,0,0,0,0,0,198.4,90.2
8561,L18560,L,302.9,311.0,1392.0,28.1,105.0,0,No Failure,0,0,0,0,0,151.2,68.7
9936,L19935,L,302.3,310.0,1168.0,50.0,129.0,0,No Failure,0,0,0,0,0,113.5,51.6
3142,L13141,L,307.1,309.0,1168.0,48.7,81.0,0,No Failure,0,0,0,0,0,157.4,71.5
6404,M16403,M,299.9,310.6,1501.0,24.4,71.0,0,No Failure,0,0,0,0,0,179.2,81.5
5190,M15189,M,300.5,309.9,1168.0,31.9,172.0,0,No Failure,0,0,0,0,0,107.5,48.9
9456,L19455,L,297.0,308.8,1168.0,45.9,65.0,0,No Failure,0,0,0,0,0,173.5,78.9
3552,M13551,M,300.0,311.8,1183.0,44.1,169.0,0,No Failure,0,0,0,0,0,104.6,47.6
4637,L14636,L,298.8,308.7,1234.0,39.9,136.0,0,No Failure,0,0,0,0,0,126.7,57.6
6373,H16372,H,300.7,308.6,1355.0,42.4,206.0,1,HDF (Heat Dissipation),1,1,0,0,0,1.3,34.7
3741,L13740,L,301.3,310.0,1459.0,28.8,161.0,0,No Failure,0,0,0,0,0,121.3,55.2
8046,L18045,L,299.3,308.3,1524.0,44.0,94.0,0,No Failure,0,0,0,0,0,153.8,69.9
5732,H15731,H,303.1,314.4,1314.0,32.8,12.0,0,No Failure,0,0,0,0,0,212.7,96.7
3836,L13835,L,299.6,309.1,1168.0,30.8,60.0,0,No Failure,0,0,0,0,0,176.1,80.1
8643,L18642,L,301.9,312.3,1168.0,2.52,165.0,0,No Failure,0,0,0,0,0,93.2,42.4
8813,M18812,M,300.6,310.2,1168.0,56.1,48.0,0,No Failure,0,0,0,0,0,179.7,81.7
9495,L19494,L,297.1,308.4,1168.0,39.8,205.0,1,TWF (Tool Wear Failure),1,0,0,0,0,0.2,36.7
3533,L13532,L,299.3,308.0,1335.0,43.2,104.0,0,No Failure,0,0,0,0,0,140.7,64.0
654,L10653,L,299.2,309.2,1247.0,45.8,204.0,0,No Failure,0,0,0,0,0,74.2,33.7
6861,L16860,L,298.2,306.4,1305.0,42.5,50.0,1,HDF (Heat Dissipation),0,1,0,0,0,1.1,79.0
1188,H11187,H,300.3,307.8,1355.0,26.8,35.0,1,HDF (Heat Dissipation),0,1,0,0,0,1.7,86.1
939,H10938,H,299.6,307.5,1168.0,34.1,45.0,1,HDF (Heat Dissipation),0,1,0,0,0,5.7,77.0
179,H10178,H,299.8,310.1,1179.0,22.6,138.0,1,PWF (Power Failure),0,0,1,0,0,7.0,55.2
6761,L16760,L,298.3,309.3,1271.0,37.6,158.0,0,No Failure,0,0,0,0,0,114.8,52.2
2320,H12319,H,297.2,308.0,1287.0,46.9,180.0,0,No Failure,0,0,0,0,0,97.9,44.5
8203,L18202,L,300.9,310.3,1168.0,37.5,196.0,0,No Failure,0,0,0,0,0,83.1,37.8
7116,H17115,H,299.5,312.2,1168.0,33.3,12.0,0,No Failure,0,0,0,0,0,212.7,96.7
7931,L17930,L,299.9,309.7,1168.0,59.1,119.0,0,No Failure,0,0,0,0,0,123.2,56.0
8949,L18948,L,301.3,310.6,1168.0,47.6,65.0,0,No Failure,0,0,0,0,0,165.1,75.1
5791,H15790,H,298.8,309.9,1214.0,39.0,20.0,0,No Failure,0,0,0,0,0,207.2,94.2
5288,M15287,M,302.6,311.3,1168.0,50.0,32.0,0,No Failure,0,0,0,0,0,182.8,83.1
9501,M19500,M,296.5,306.5,1224.0,26.7,0.0,1,PWF (Power Failure),0,0,1,0,0,6.8,95.3
18,L10017,L,300.5,311.7,1168.0,25.8,61.0,1,PWF (Power Failure),0,0,1,0,0,1.5,75.5
2279,H12278,H,300.3,310.3,1168.0,47.4,44.0,0,No Failure,0,0,0,0,0,190.1,86.4
8661,L18660,L,298.6,309.6,1316.0,34.5,218.0,1,TWF (Tool Wear Failure),1,0,0,0,0,1.0,35.9
4635,M14634,M,299.8,309.0,1380.0,41.1,130.0,0,No Failure,0,0,0,0,0,130.9,59.5
239,L10238,L,297.8,307.7,1168.0,32.6,133.0,0,No Failure,0,0,0,0,0,134.4,61.1
4242,H14241,H,300.5,312.1,1301.0,34.9,113.0,0,No Failure,0,0,0,0,0,150.3,68.3
1028,L11027,L,300.0,309.2,1250.0,36.4,144.0,0,No Failure,0,0,0,0,0,118.2,53.7
9301,M19300,M,298.0,309.1,1168.0,45.6,190.0,0,No Failure,0,0,0,0,0,88.7,40.3
3068,L13067,L,300.2,309.1,1349.0,24.3,53.0,1,PWF (Power Failure),0,0,1,0,0,6.9,79.1
3758,L13757,L,299.8,310.0,1168.0,43.3,2.0,0,No Failure,0,0,0,0,0,218.6,99.4
7399,H17398,H,300.8,309.9,1201.0,40.5,84.0,0,No Failure,0,0,0,0,0,155.9,70.9
9578,M19577,M,300.1,311.2,1218.0,35.3,24.0,0,No Failure,0,0,0,0,0,204.8,93.1
8889,M18888,M,298.1,308.0,1384.0,35.0,92.0,0,No Failure,0,0,0,0,0,161.5,73.4
465,M10464,M,302.9,313.9,1168.0,59.3,23.0,0,No Failure,0,0,0,0,0,202.4,92.0
62,L10061,L,299.6,310.2,1168.0,40.3,206.0,0,No Failure,0,0,0,0,0,79.5,36.2
8669,M18668,M,302.8,313.2,1187.0,39.2,8.0,0,No Failure,0,0,0,0,0,214.8,97.6
6397,M16396,M,299.2,309.9,1546.0,54.7,50.0,0,No Failure,0,0,0,0,0,183.0,83.2
9412,L19411,L,298.0,308.4,1168.0,36.5,138.0,0,No Failure,0,0,0,0,0,129.1,58.7
2294,L12293,L,301.5,311.3,1168.0,46.7,97.0,0,No Failure,0,0,0,0,0,147.9,67.2
7222,L17221,L,298.1,307.6,908.0,53.2,154.0,0,No Failure,0,0,0,0,0,97.6,44.4
1860,L11859,L,296.7,306.9,1168.0,43.9,169.0,0,No Failure,0,0,0,0,0,101.1,46.0
798,L10797,L,300.8,310.8,1168.0,41.6,15.0,0,No Failure,0,0,0,0,0,209.7,95.3
7886,L17885,L,300.2,309.2,1191.0,35.5,164.0,0,No Failure,0,0,0,0,0,101.9,46.3
1812,L11811,L,297.2,304.7,1168.0,35.3,13.0,1,HDF (Heat Dissipation),0,1,0,0,0,2.0,83.6
5904,M15903,M,298.7,308.5,1168.0,53.4,186.0,0,No Failure,0,0,0,0,0,81.3,37.0
5147,H15146,H,299.3,310.4,1221.0,42.4,36.0,0,No Failure,0,0,0,0,0,196.4,89.3
9251,L19250,L,299.7,307.9,1168.0,55.2,9.0,1,HDF (Heat Dissipation),0,1,0,0,0,3.2,87.8
6656,L16655,L,298.7,309.2,1322.0,20.5,16.0,1,PWF (Power Failure),0,0,1,0,0,4.1,85.9
8855,M18854,M,300.6,313.2,1168.0,51.8,202.0,0,No Failure,0,0,0,0,0,73.6,33.4
1410,M11409,M,302.1,313.5,1312.0,34.9,169.0,0,No Failure,0,0,0,0,0,113.2,51.5
7471,L17470,L,301.8,311.6,1546.0,26.0,101.0,0,No Failure,0,0,0,0,0,159.8,72.6
4149,L14148,L,301.8,311.6,1168.0,37.2,23.0,0,No Failure,0,0,0,0,0,202.5,92.1
4526,M14525,M,299.1,310.0,1168.0,39.9,196.0,0,No Failure,0,0,0,0,0,90.7,41.2
5575,L15574,L,301.2,311.6,1189.0,29.2,117.0,0,No Failure,0,0,0,0,0,143.5,65.2
3126,L13125,L,300.2,309.6,1222.0,71.7,29.0,1,PWF (Power Failure),0,0,1,0,0,7.3,79.0
9410,M19409,M,298.9,307.6,1255.0,45.5,131.0,0,No Failure,0,0,0,0,0,118.4,53.8
5228,L15227,L,300.0,310.2,1168.0,48.8,68.0,0,No Failure,0,0,0,0,0,165.8,75.3
9356,L19355,L,307.1,309.3,1168.0,28.6,150.0,1,PWF (Power Failure),0,0,1,0,0,6.9,54.5
2288,M12287,M,301.1,311.5,1248.0,34.1,75.0,0,No Failure,0,0,0,0,0,172.9,78.6
5658,M15657,M,301.6,312.3,1171.0,52.2,171.0,0,No Failure,0,0,0,0,0,95.7,43.5
344,M10343,M,300.6,312.4,1250.0,31.0,50.0,0,No Failure,0,0,0,0,0,189.5,86.1
2895,H12894,H,303.8,312.1,1168.0,46.7,141.0,1,HDF (Heat Dissipation),0,1,0,0,0,6.9,48.1
4182,L14181,L,301.1,310.2,1190.0,40.6,133.0,0,No Failure,0,0,0,0,0,119.2,54.2
1833,L11832,L,298.8,310.1,1168.0,47.0,84.0,0,No Failure,0,0,0,0,0,159.4,72.4
5515,L15514,L,300.6,309.8,1168.0,34.7,150.0,0,No Failure,0,0,0,0,0,114.0,51.8
4724,M14723,M,299.8,310.6,1202.0,39.7,193.0,0,No Failure,0,0,0,0,0,92.9,42.2
9826,L19825,L,300.1,310.5,1168.0,50.0,180.0,0,No Failure,0,0,0,0,0,86.8,39.5
2975,M12974,M,299.5,309.0,1235.0,40.3,196.0,0,No Failure,0,0,0,0,0,85.6,38.9
915,H10914,H,302.2,313.4,1168.0,50.3,194.0,0,No Failure,0,0,0,0,0,85.1,38.7
2576,M12575,M,296.8,305.4,1511.0,33.0,156.0,0,No Failure,0,0,0,0,0,123.0,55.9
7694,L17693,L,300.4,310.9,1168.0,29.1,199.0,0,No Failure,0,0,0,0,0,91.1,41.4
6004,L16003,L,300.1,310.8,1311.0,35.4,74.0,0,No Failure,0,0,0,0,0,171.7,78.1
1,M10000,M,296.6,307.8,1291.0,33.8,0.0,0,No Failure,0,0,0,0,0,220.0,100.0
6841,M16840,M,299.4,310.5,1176.0,30.4,199.0,0,No Failure,0,0,0,0,0,97.6,44.4
1725,L11724,L,298.0,307.0,1399.0,35.7,158.0,0,No Failure,0,0,0,0,0,114.4,52.0
3952,H13951,H,298.5,308.9,1407.0,28.1,5.0,0,No Failure,0,0,0,0,0,217.1,98.7
1603,M11602,M,297.4,307.4,1168.0,35.8,170.0,0,No Failure,0,0,0,0,0,111.7,50.8
1508,L11507,L,307.1,311.2,1285.0,32.5,73.0,0,No Failure,0,0,0,0,0,165.7,75.3
9969,L19968,L,300.5,311.8,1546.0,23.3,4.0,0,No Failure,0,0,0,0,0,217.7,98.9
8414,L18413,L,299.2,307.9,1168.0,40.5,49.0,0,No Failure,0,0,0,0,0,172.2,78.3
2822,M12821,M,300.3,310.5,1370.0,34.4,134.0,0,No Failure,0,0,0,0,0,135.7,61.7
6471,L16470,L,301.2,310.7,1260.0,42.3,68.0,0,No Failure,0,0,0,0,0,168.6,76.7
7503,L17502,L,303.1,312.7,1168.0,46.6,204.0,0,No Failure,0,0,0,0,0,68.8,31.3
8390,M18389,M,300.5,311.3,1385.0,45.2,182.0,0,No Failure,0,0,0,0,0,94.7,43.0
4578,L14577,L,297.0,306.1,1168.0,35.7,153.0,0,No Failure,0,0,0,0,0,110.0,50.0
1200,M11199,M,299.0,308.8,1169.0,35.8,80.0,0,No Failure,0,0,0,0,0,166.8,75.8
9749,H19748,H,300.9,312.1,1168.0,38.7,163.0,0,No Failure,0,0,0,0,0,116.3,52.8
2247,L12246,L,299.1,308.6,1168.0,40.15,153.0,0,No Failure,0,0,0,0,0,108.1,49.1
417,L10416,L,300.2,308.6,1525.0,25.4,82.0,0,No Failure,0,0,0,0,0,171.4,77.9
4351,L14350,L,292.925,309.7,1208.0,35.9,76.0,0,No Failure,0,0,0,0,0,170.2,77.4
5518,L15517,L,303.3,312.6,1168.0,41.8,160.0,0,No Failure,0,0,0,0,0,101.8,46.3
1268,H11267,H,300.0,310.5,1431.0,29.4,103.0,0,No Failure,0,0,0,0,0,159.3,72.4
4320,L14319,L,301.0,311.1,1297.0,47.4,192.0,0,No Failure,0,0,0,0,0,80.9,36.8
8651,L18650,L,301.7,311.3,1168.0,27.8,187.0,1,PWF (Power Failure),0,0,1,0,0,6.4,41.4
8187,L18186,L,304.6,314.3,1285.0,38.9,402.0,0,No Failure,0,0,0,0,0,124.2,56.5
3643,H13642,H,299.9,309.3,1217.0,37.9,57.0,0,No Failure,0,0,0,0,0,177.8,80.8
4911,L14910,L,297.9,306.5,1204.0,40.8,123.0,0,No Failure,0,0,0,0,0,120.6,54.8
9929,M19928,M,298.3,308.4,1168.0,30.7,105.0,0,No Failure,0,0,0,0,0,154.8,70.4
1037,L11036,L,298.3,310.5,1212.0,58.5,174.0,0,No Failure,0,0,0,0,0,82.4,37.4
5524,M15523,M,301.0,311.6,1172.0,42.4,178.0,0,No Failure,0,0,0,0,0,100.2,45.5
3434,L13433,L,300.2,310.5,1168.0,33.3,194.0,0,No Failure,0,0,0,0,0,95.9,43.6
3270,L13269,L,300.7,311.9,1262.0,27.0,81.0,0,No Failure,0,0,0,0,0,164.9,74.9
6417,L16416,L,300.6,311.4,1176.0,39.2,116.0,0,No Failure,0,0,0,0,0,141.7,64.4
4593,M14592,M,297.7,308.9,1357.0,20.7,208.0,1,PWF (Power Failure),0,0,1,0,0,7.0,37.6
1828,L11827,L,296.6,307.6,1291.0,51.8,67.0,0,No Failure,0,0,0,0,0,169.7,77.1
5202,L15201,L,300.2,308.7,1168.0,45.8,212.0,1,HDF (Heat Dissipation),0,1,0,0,0,2.5,23.6
4017,L14016,L,298.7,309.6,1189.0,34.5,209.0,0,No Failure,0,0,0,0,0,84.8,38.5
6623,L16622,L,300.0,309.9,1187.0,60.7,123.0,0,No Failure,0,0,0,0,0,118.9,54.0
7680,H17679,H,300.6,310.7,1434.0,39.7,149.0,0,No Failure,0,0,0,0,0,124.4,56.5
8361,L18360,L,301.2,310.4,1182.0,2.52,89.0,0,No Failure,0,0,0,0,0,148.4,67.4
9204,L19203,L,297.7,307.7,1168.0,44.4,72.0,0,No Failure,0,0,0,0,0,169.1,76.9
4610,H14609,H,303.8,310.0,1168.0,39.3,44.0,0,No Failure,0,0,0,0,0,179.9,81.8
2759,M12758,M,301.2,311.8,1243.0,44.9,133.0,0,No Failure,0,0,0,0,0,128.6,58.5
1448,M11447,M,302.6,314.0,1236.0,54.3,83.0,0,No Failure,0,0,0,0,0,158.7,72.1
3779,M13778,M,299.2,308.6,1319.0,32.0,83.0,0,No Failure,0,0,0,0,0,165.4,75.2
2213,H12212,H,301.9,311.5,1244.0,30.7,45.0,0,No Failure,0,0,0,0,0,189.6,86.2
6808,H16807,H,299.6,309.6,1546.0,38.0,92.0,0,No Failure,0,0,0,0,0,161.8,73.5
4669,H14668,H,299.3,308.4,1168.0,42.7,20.0,0,No Failure,0,0,0,0,0,197.0,89.5
6640,L16639,L,297.4,306.5,1182.0,32.6,179.0,0,No Failure,0,0,0,0,0,103.8,47.2
5354,M15353,M,302.1,302.0,1168.0,52.7,31.0,0,No Failure,0,0,0,0,0,197.4,89.7
3465,M13464,M,301.8,310.9,1381.0,24.2,79.0,1,PWF (Power Failure),0,0,1,0,0,3.0,74.4
9076,L19075,L,292.925,311.0,1214.0,51.3,82.0,0,No Failure,0,0,0,0,0,156.6,71.2
835,M10834,M,300.4,310.1,1182.0,55.5,139.0,0,No Failure,0,0,0,0,0,113.1,51.4
5758,L15757,L,303.8,313.8,1546.0,21.0,118.0,0,No Failure,0,0,0,0,0,145.3,66.0
2502,M12501,M,299.6,309.2,1168.0,60.9,132.0,0,No Failure,0,0,0,0,0,113.3,51.5
4293,L14292,L,298.9,307.8,1213.0,41.7,95.0,0,No Failure,0,0,0,0,0,143.0,65.0
9368,H19367,H,296.6,306.7,1168.0,54.8,190.0,0,No Failure,0,0,0,0,0,83.5,38.0
1137,L11136,L,298.9,308.5,1186.0,55.1,79.0,0,No Failure,0,0,0,0,0,154.7,70.3
7004,M17003,M,301.3,311.2,1226.0,42.3,94.0,0,No Failure,0,0,0,0,0,155.8,70.8
9949,M19948,M,301.3,313.3,1546.0,13.8,168.0,1,PWF (Power Failure),0,0,1,0,0,3.8,50.6
6031,L16030,L,299.2,310.0,1334.0,31.7,176.0,0,No Failure,0,0,0,0,0,109.1,49.6
7551,H17550,H,302.5,311.7,1210.0,51.0,124.0,0,No Failure,0,0,0,0,0,124.9,56.8
6082,L16081,L,300.7,311.0,1224.0,45.6,116.0,0,No Failure,0,0,0,0,0,137.2,62.4
85,L10084,L,301.3,310.7,1373.0,27.7,47.0,0,No Failure,0,0,0,0,0,189.5,86.1
670,L10669,L,299.5,309.7,1202.0,53.5,49.0,0,No Failure,0,0,0,0,0,182.7,83.1
40,M10039,M,300.5,310.6,1168.0,38.6,131.0,0,No Failure,0,0,0,0,0,134.5,61.2
7026,M17025,M,292.925,308.5,1168.0,77.58,173.0,0,No Failure,0,0,0,0,0,106.0,48.2
899,L10898,L,300.1,310.8,1333.0,31.1,137.0,0,No Failure,0,0,0,0,0,134.2,61.0
9047,L19046,L,298.2,308.4,1168.0,44.5,190.0,0,No Failure,0,0,0,0,0,85.7,38.9
1477,L11476,L,295.5,305.5,1344.0,34.3,182.0,0,No Failure,0,0,0,0,0,102.5,46.6
9082,L19081,L,300.6,311.7,1168.0,37.5,100.0,0,No Failure,0,0,0,0,0,153.5,69.8
8535,M18534,M,300.0,309.3,1168.0,54.2,20.0,0,No Failure,0,0,0,0,0,197.5,89.8
6575,L16574,L,301.1,309.4,1358.0,33.1,202.0,1,HDF (Heat Dissipation),0,1,0,0,0,5.6,38.2
138,L10137,L,300.3,310.7,1168.0,41.0,0.0,0,No Failure,0,0,0,0,0,220.0,100.0
9673,H19672,H,298.1,309.2,1204.0,38.9,127.0,0,No Failure,0,0,0,0,0,139.0,63.2
3521,M13520,M,302.1,312.5,1168.0,51.4,64.0,0,No Failure,0,0,0,0,0,173.7,79.0
5466,H15465,H,301.4,311.6,1177.0,38.1,211.0,1,TWF (Tool Wear Failure),1,0,0,0,0,1.6,39.2
1086,M11085,M,298.1,308.0,1361.0,21.0,126.0,1,PWF (Power Failure),0,0,1,0,0,6.2,58.0
9052,M19051,M,302.5,311.1,1331.0,25.7,204.0,0,No Failure,0,0,0,0,0,88.1,40.0
943,L10942,L,299.9,309.7,1322.0,40.0,61.0,0,No Failure,0,0,0,0,0,177.4,80.6
3588,L13587,L,300.0,310.9,1242.0,40.15,86.0,0,No Failure,0,0,0,0,0,161.8,73.5
2157,L12156,L,303.4,314.7,1168.0,36.3,83.0,0,No Failure,0,0,0,0,0,165.4,75.2
4740,M14739,M,299.3,310.5,1168.0,48.8,29.0,0,No Failure,0,0,0,0,0,199.5,90.7
871,M10870,M,303.5,315.6,1207.0,41.6,47.0,0,No Failure,0,0,0,0,0,188.6,85.7
1121,M11120,M,302.9,313.5,1244.0,50.8,19.0,0,No Failure,0,0,0,0,0,206.3,93.8
9810,M19809,M,301.0,311.0,1521.0,46.8,127.0,0,No Failure,0,0,0,0,0,131.4,59.7
1219,M11218,M,300.1,309.9,1452.0,77.58,141.0,0,No Failure,0,0,0,0,0,137.3,62.4
6226,L16225,L,296.1,305.7,1233.0,49.8,131.0,0,No Failure,0,0,0,0,0,119.4,54.3
5047,L15046,L,299.2,311.4,1232.0,35.5,133.0,0,No Failure,0,0,0,0,0,133.2,60.5
1711,M11710,M,303.9,316.8,1212.0,42.8,105.0,0,No Failure,0,0,0,0,0,149.1,67.8
7972,L17971,L,302.4,312.7,1168.0,55.8,35.0,0,No Failure,0,0,0,0,0,192.9,87.7
6998,L16997,L,297.2,308.6,1168.0,35.4,67.0,0,No Failure,0,0,0,0,0,176.3,80.1
4086,H14085,H,299.8,309.2,1168.0,37.1,18.0,0,No Failure,0,0,0,0,0,202.1,91.9
1705,L11704,L,298.6,309.3,1168.0,25.4,86.0,1,PWF (Power Failure),0,0,1,0,0,2.7,68.2
2114,M12113,M,301.1,312.3,1339.0,29.1,163.0,0,No Failure,0,0,0,0,0,122.2,55.5
6658,H16657,H,299.2,309.4,1335.0,36.4,22.0,0,No Failure,0,0,0,0,0,206.3,93.8
4120,L14119,L,300.6,311.3,1168.0,55.9,138.0,0,No Failure,0,0,0,0,0,113.0,51.4
3299,L13298,L,301.0,310.1,1182.0,50.3,171.0,0,No Failure,0,0,0,0,0,83.3,37.8
3486,M13485,M,301.4,312.1,1301.0,30.4,155.0,0,No Failure,0,0,0,0,0,125.9,57.2
4174,L14173,L,296.9,306.5,1201.0,25.0,104.0,1,PWF (Power Failure),0,0,1,0,0,2.2,61.9
5479,M15478,M,302.7,311.3,1168.0,43.8,32.0,0,No Failure,0,0,0,0,0,182.8,83.1
2634,M12633,M,297.5,307.1,1168.0,26.8,136.0,1,PWF (Power Failure),0,0,1,0,0,3.2,55.2
803,H10802,H,299.8,310.1,1546.0,15.5,30.0,1,PWF (Power Failure),0,0,1,0,0,4.0,82.9
3318,L13317,L,299.6,311.2,1182.0,51.2,13.0,0,No Failure,0,0,0,0,0,210.3,95.6
4692,L14691,L,297.8,308.4,1267.0,44.6,97.0,0,No Failure,0,0,0,0,0,151.4,68.8
3777,M13776,M,299.8,311.3,1218.0,33.9,76.0,0,No Failure,0,0,0,0,0,172.4,78.4
3361,L13360,L,301.0,309.4,1168.0,37.2,155.0,1,HDF (Heat Dissipation),0,1,0,0,0,5.2,45.3
9821,H19820,H,298.0,308.1,1168.0,42.4,161.0,0,No Failure,0,0,0,0,0,114.5,52.0
6257,M16256,M,300.1,310.2,1230.0,58.7,24.0,0,No Failure,0,0,0,0,0,201.7,91.7
3914,L13913,L,296.5,305.5,1168.0,42.2,112.0,0,No Failure,0,0,0,0,0,131.4,59.7
7144,L17143,L,299.1,309.0,1168.0,25.0,104.0,1,PWF (Power Failure),0,0,1,0,0,5.3,62.3
4122,M14121,M,298.5,307.9,1168.0,48.2,146.0,0,No Failure,0,0,0,0,0,110.5,50.2
9175,H19174,H,299.0,310.8,1168.0,55.0,192.0,0,No Failure,0,0,0,0,0,81.9,37.2
80,M10079,M,298.4,308.4,1168.0,43.1,30.0,0,No Failure,0,0,0,0,0,199.7,90.8
5034,M15033,M,301.6,310.6,1168.0,33.5,89.0,0,No Failure,0,0,0,0,0,153.4,69.7
2921,H12920,H,299.6,309.9,1168.0,39.2,16.0,0,No Failure,0,0,0,0,0,209.8,95.4
1927,L11926,L,297.4,307.3,1205.0,35.2,185.0,0,No Failure,0,0,0,0,0,98.5,44.8
1393,L11392,L,305.3,312.6,1286.0,36.8,107.0,1,HDF (Heat Dissipation),0,1,0,0,0,5.2,59.0
897,L10896,L,301.0,310.9,1168.0,39.5,132.0,0,No Failure,0,0,0,0,0,129.5,58.9
7357,M17356,M,303.8,314.9,1290.0,31.2,155.0,0,No Failure,0,0,0,0,0,125.2,56.9
1320,H11319,H,302.0,310.1,1337.0,25.1,61.0,1,HDF (Heat Dissipation),0,1,0,0,0,2.8,76.4
8053,H18052,H,299.7,309.2,1254.0,45.4,-188.0,0,No Failure,0,0,0,0,0,137.2,62.4
4868,L14867,L,306.4,309.2,1176.0,50.5,215.0,1,TWF (Tool Wear Failure),1,0,0,0,0,7.1,27.4
5360,H15359,H,301.7,313.1,1168.0,37.6,52.0,0,No Failure,0,0,0,0,0,187.2,85.1
2313,L12312,L,298.3,310.7,1278.0,24.8,159.0,1,PWF (Power Failure),0,0,1,0,0,1.8,51.4
2685,L12684,L,304.1,313.3,1168.0,35.3,94.0,0,No Failure,0,0,0,0,0,149.9,68.2
7250,M17249,M,300.1,312.2,1247.0,29.8,6.0,0,No Failure,0,0,0,0,0,216.4,98.4
7869,M17868,M,301.9,313.4,1168.0,49.2,110.0,0,No Failure,0,0,0,0,0,141.8,64.5
3503,L13502,L,300.0,311.4,1168.0,50.5,211.0,0,No Failure,0,0,0,0,0,63.2,28.7
9656,H19655,H,301.2,310.5,1172.0,39.8,57.0,0,No Failure,0,0,0,0,0,175.7,79.9
8756,L18755,L,301.3,312.6,1168.0,77.58,69.0,0,No Failure,0,0,0,0,0,166.1,75.5
1164,L11163,L,298.9,308.6,1398.0,28.5,174.0,0,No Failure,0,0,0,0,0,113.0,51.4
7009,L17008,L,300.0,311.2,1168.0,55.2,114.0,0,No Failure,0,0,0,0,0,131.0,59.5
2374,L12373,L,307.1,308.2,1168.0,62.0,138.0,0,No Failure,0,0,0,0,0,107.9,49.1
7171,M17170,M,303.8,312.8,1168.0,47.8,196.0,0,No Failure,0,0,0,0,0,71.2,32.4
7616,H17615,H,302.2,312.4,1229.0,36.0,138.0,0,No Failure,0,0,0,0,0,134.1,60.9
2569,M12568,M,299.9,308.3,1168.0,34.3,127.0,1,HDF (Heat Dissipation),0,1,0,0,0,3.9,55.7
8895,L18894,L,297.5,307.9,1260.0,31.4,111.0,0,No Failure,0,0,0,0,0,150.2,68.3
79,M10078,M,299.9,310.4,1310.0,33.5,27.0,0,No Failure,0,0,0,0,0,203.1,92.3
8593,H18592,H,298.0,309.0,1168.0,46.0,0.0,0,No Failure,0,0,0,0,0,220.0,100.0
9146,M19145,M,300.1,309.0,1168.0,36.9,98.0,0,No Failure,0,0,0,0,0,144.9,65.9
6645,M16644,M,298.6,309.7,1168.0,36.9,195.0,0,No Failure,0,0,0,0,0,94.6,43.0
8969,H18968,H,300.2,310.2,1249.0,37.5,125.0,0,No Failure,0,0,0,0,0,141.2,64.2
3094,H13093,H,297.4,306.2,1213.0,49.5,153.0,0,No Failure,0,0,0,0,0,101.7,46.2
5260,L15259,L,300.0,310.2,1242.0,47.4,168.0,0,No Failure,0,0,0,0,0,98.3,44.7
8781,M18780,M,298.8,308.2,1445.0,30.9,152.0,0,No Failure,0,0,0,0,0,127.2,57.8
3227,M13226,M,303.1,313.7,1423.0,26.4,157.0,0,No Failure,0,0,0,0,0,128.1,58.2
4843,L14842,L,301.4,310.1,1214.0,43.0,136.0,0,No Failure,0,0,0,0,0,111.6,50.7
2572,M12571,M,298.9,307.8,1187.0,31.3,139.0,0,No Failure,0,0,0,0,0,122.8,55.8
3092,H13091,H,299.8,312.3,1168.0,50.6,141.0,0,No Failure,0,0,0,0,0,121.7,55.3
8579,M18578,M,300.8,310.3,1352.0,33.1,170.0,0,No Failure,0,0,0,0,0,112.1,51.0
6362,M16361,M,299.4,309.0,1293.0,28.8,167.0,0,No Failure,0,0,0,0,0,117.3,53.3
9570,M19569,M,299.2,307.3,1546.0,47.4,-188.0,1,HDF (Heat Dissipation),0,1,0,0,0,7.8,90.9
490,M10489,M,302.6,313.6,1403.0,26.8,93.0,0,No Failure,0,0,0,0,0,165.4,75.2
6261,H16260,H,299.0,308.8,1190.0,43.8,35.0,0,No Failure,0,0,0,0,0,194.6,88.5
5840,L15839,L,300.2,310.8,1193.0,49.3,187.0,0,No Failure,0,0,0,0,0,82.4,37.5
3739,M13738,M,299.5,309.4,1168.0,38.7,156.0,0,No Failure,0,0,0,0,0,117.1,53.2
6629,L16628,L,300.3,312.5,1168.0,38.5,143.0,0,No Failure,0,0,0,0,0,124.0,56.4
2953,L12952,L,299.1,308.5,1168.0,44.9,123.0,0,No Failure,0,0,0,0,0,126.1,57.3
6291,M16290,M,298.6,307.9,1168.0,39.6,138.0,0,No Failure,0,0,0,0,0,121.5,55.2
6863,L16862,L,295.2,307.0,1278.0,45.4,59.0,0,No Failure,0,0,0,0,0,178.0,80.9
3199,L13198,L,292.925,311.1,1306.0,46.5,59.0,0,No Failure,0,0,0,0,0,170.6,77.5
5574,H15573,H,298.6,309.1,1176.0,33.8,112.0,0,No Failure,0,0,0,0,0,151.5,68.9
5103,L15102,L,301.8,311.8,1322.0,44.6,93.0,0,No Failure,0,0,0,0,0,154.2,70.1
5831,M15830,M,300.4,310.6,1344.0,29.9,157.0,0,No Failure,0,0,0,0,0,125.1,56.9
709,L10708,L,304.2,315.3,1317.0,31.6,181.0,0,No Failure,0,0,0,0,0,106.0,48.2
5797,M15796,M,301.2,312.7,1168.0,55.6,41.0,0,No Failure,0,0,0,0,0,189.4,86.1
4998,L14997,L,301.7,311.3,1168.0,51.7,193.0,0,No Failure,0,0,0,0,0,70.8,32.2
7421,L17420,L,300.4,309.5,1168.0,44.9,158.0,0,No Failure,0,0,0,0,0,98.0,44.6
2633,H12632,H,301.6,311.6,1168.0,53.7,130.0,0,No Failure,0,0,0,0,0,127.4,57.9
9147,L19146,L,298.1,307.5,1546.0,51.1,102.0,0,No Failure,0,0,0,0,0,137.2,62.4
6290,H16289,H,299.2,309.4,1179.0,47.8,133.0,0,No Failure,0,0,0,0,0,129.2,58.7
7675,L17674,L,300.3,310.9,1307.0,35.0,130.0,0,No Failure,0,0,0,0,0,135.5,61.6
2381,H12380,H,298.9,308.7,1168.0,58.0,161.0,0,No Failure,0,0,0,0,0,99.6,45.3
2000,M11999,M,297.4,308.3,1288.0,50.6,16.0,0,No Failure,0,0,0,0,0,208.5,94.8
2836,M12835,M,300.3,311.2,1168.0,51.7,189.0,0,No Failure,0,0,0,0,0,83.1,37.8
1529,L11528,L,297.8,307.9,1195.0,49.9,137.0,0,No Failure,0,0,0,0,0,118.7,54.0
6009,M16008,M,300.4,309.6,1492.0,23.7,89.0,0,No Failure,0,0,0,0,0,166.6,75.7
7571,M17570,M,301.3,309.2,1270.0,28.4,198.0,1,HDF (Heat Dissipation),0,1,0,0,0,6.5,38.5
1733,M11732,M,299.7,312.5,1168.0,29.8,182.0,0,No Failure,0,0,0,0,0,105.8,48.1
5153,L15152,L,300.0,310.4,1299.0,32.0,58.0,0,No Failure,0,0,0,0,0,183.3,83.3
940,L10939,L,301.8,309.8,1543.0,33.1,51.0,0,No Failure,0,0,0,0,0,187.4,85.2
1936,L11935,L,299.8,309.0,1219.0,43.9,3.0,0,No Failure,0,0,0,0,0,209.8,95.3
2755,H12754,H,302.1,310.5,1168.0,31.5,115.0,1,HDF (Heat Dissipation),0,1,0,0,0,4.2,60.6
8042,L18041,L,302.6,311.2,1395.0,37.4,77.0,0,No Failure,0,0,0,0,0,165.5,75.2
5817,L15816,L,300.0,317.31,1168.0,55.5,111.0,1,HDF (Heat Dissipation),0,1,0,0,0,3.9,47.5
1834,L11833,L,296.8,307.0,1168.0,30.7,86.0,0,No Failure,0,0,0,0,0,165.1,75.0
2668,L12667,L,300.9,310.8,1259.0,32.1,37.0,0,No Failure,0,0,0,0,0,195.8,89.0
3510,L13509,L,302.6,311.0,1168.0,53.6,20.0,1,HDF (Heat Dissipation),0,1,0,0,0,3.6,85.1
8833,L18832,L,301.8,310.2,1543.0,40.15,130.0,1,PWF (Power Failure),0,0,1,0,0,2.6,58.3
7898,L17897,L,303.2,312.1,1168.0,31.5,204.0,0,No Failure,0,0,0,0,0,79.6,36.2
2031,L12030,L,299.7,307.2,1168.0,57.2,114.0,1,HDF (Heat Dissipation),0,1,0,0,0,6.8,46.9
2753,H12752,H,303.6,318.2,1546.0,39.3,107.0,1,PWF (Power Failure),0,0,1,0,0,6.0,67.2
8863,H18862,H,297.8,305.9,1388.0,37.3,7.0,0,No Failure,0,0,0,0,0,210.4,95.6
1904,L11903,L,302.1,311.0,1168.0,43.9,110.0,0,No Failure,0,0,0,0,0,130.5,59.3
3950,L13949,L,300.6,311.8,1168.0,39.1,0.0,0,No Failure,0,0,0,0,0,220.0,100.0
8200,L18199,L,300.9,313.4,1210.0,42.7,185.0,0,No Failure,0,0,0,0,0,91.2,41.5
2117,L12116,L,301.0,309.4,1171.0,30.6,176.0,1,HDF (Heat Dissipation),0,1,0,0,0,2.7,41.5
9114,L19113,L,300.7,311.5,1265.0,32.8,200.0,0,No Failure,0,0,0,0,0,92.6,42.1
487,L10486,L,301.8,310.3,1262.0,38.3,84.0,1,HDF (Heat Dissipation),0,1,0,0,0,1.0,68.8
5591,L15590,L,299.1,310.0,1263.0,49.2,171.0,0,No Failure,0,0,0,0,0,94.3,42.9
6504,H16503,H,297.3,308.2,1240.0,27.0,179.0,0,No Failure,0,0,0,0,0,108.6,49.4
4547,H14546,H,301.8,311.0,1168.0,52.7,41.0,0,No Failure,0,0,0,0,0,182.2,82.8
4525,M14524,M,301.1,311.1,1546.0,13.3,192.0,1,PWF (Power Failure),0,0,1,0,0,2.1,45.2
3414,L13413,L,299.6,308.3,1168.0,37.5,119.0,0,No Failure,0,0,0,0,0,126.6,57.5
7168,L17167,L,299.3,308.9,1546.0,16.9,188.0,1,PWF (Power Failure),0,0,1,0,0,2.0,45.1
2801,H12800,H,300.3,311.5,1214.0,48.9,69.0,0,No Failure,0,0,0,0,0,172.5,78.4
3807,M13806,M,299.6,309.1,1168.0,40.0,179.0,0,No Failure,0,0,0,0,0,96.4,43.8
1245,L11244,L,299.0,307.9,1168.0,53.2,-188.0,0,No Failure,0,0,0,0,0,196.5,89.3
6678,H16677,H,299.8,309.8,1239.0,45.4,93.0,0,No Failure,0,0,0,0,0,157.6,71.7
6549,M16548,M,298.8,309.7,1344.0,36.2,106.0,0,No Failure,0,0,0,0,0,151.0,68.6
4809,L14808,L,298.4,308.1,1168.0,42.8,23.0,0,No Failure,0,0,0,0,0,200.7,91.2
3630,L13629,L,296.8,305.9,1197.0,48.3,14.0,0,No Failure,0,0,0,0,0,199.9,90.9
562,L10561,L,302.7,314.9,1168.0,46.6,96.0,0,No Failure,0,0,0,0,0,150.9,68.6
2826,M12825,M,300.6,310.3,1200.0,48.8,151.0,0,No Failure,0,0,0,0,0,109.7,49.9
1342,H11341,H,301.3,311.7,1268.0,32.0,139.0,0,No Failure,0,0,0,0,0,136.3,61.9
231,L10230,L,300.3,311.5,1381.0,32.2,100.0,0,No Failure,0,0,0,0,0,156.7,71.2
4636,L14635,L,298.7,308.5,1193.0,40.6,133.0,0,No Failure,0,0,0,0,0,126.9,57.7
2600,H12599,H,298.3,308.8,1268.0,39.1,18.0,0,No Failure,0,0,0,0,0,208.5,94.8
4573,L14572,L,298.1,308.6,1168.0,41.3,135.0,0,No Failure,0,0,0,0,0,127.1,57.8
9608,M19607,M,298.7,308.7,1255.0,2.52,121.0,0,No Failure,0,0,0,0,0,143.3,65.2
5091,L15090,L,300.0,311.2,1168.0,44.3,52.0,0,No Failure,0,0,0,0,0,183.3,83.3
4798,L14797,L,300.5,309.8,1168.0,36.6,222.0,0,No Failure,0,0,0,0,0,65.9,29.9
7472,H17471,H,300.3,309.5,1168.0,49.4,103.0,0,No Failure,0,0,0,0,0,140.0,63.7
6459,M16458,M,302.1,315.3,1200.0,46.5,21.0,0,No Failure,0,0,0,0,0,205.4,93.4
2158,L12157,L,298.8,309.5,1168.0,56.9,85.0,0,No Failure,0,0,0,0,0,153.6,69.8
5594,L15593,L,300.0,311.1,1193.0,38.4,181.0,0,No Failure,0,0,0,0,0,98.7,44.8
1558,L11557,L,298.6,306.8,1295.0,30.5,10.0,1,HDF (Heat Dissipation),0,1,0,0,0,2.6,91.6
2691,H12690,H,298.9,310.9,1481.0,31.3,112.0,0,No Failure,0,0,0,0,0,152.9,69.5
2337,H12336,H,300.5,309.6,1168.0,32.2,15.0,0,No Failure,0,0,0,0,0,201.0,91.4
434,H10433,H,300.1,309.9,1210.0,47.5,147.0,0,No Failure,0,0,0,0,0,117.8,53.5
7417,L17416,L,301.0,311.4,1306.0,34.1,146.0,0,No Failure,0,0,0,0,0,125.9,57.2
8930,L18929,L,300.2,309.6,1168.0,29.5,0.0,0,No Failure,0,0,0,0,0,208.1,94.6
8004,L18003,L,300.0,309.6,1182.0,54.4,402.0,0,No Failure,0,0,0,0,0,90.7,41.2
6700,M16699,M,301.3,311.0,1384.0,35.4,172.0,0,No Failure,0,0,0,0,0,110.0,50.0
9661,L19660,L,296.2,304.9,1168.0,48.0,77.0,0,No Failure,0,0,0,0,0,149.6,68.0
2052,L12051,L,298.1,302.0,1168.0,35.6,185.0,0,No Failure,0,0,0,0,0,99.1,45.0
1482,L11481,L,298.6,308.1,1249.0,24.5,198.0,1,PWF (Power Failure),0,0,1,0,0,4.1,37.7
8387,H18386,H,299.9,318.2,1319.0,34.4,171.0,1,HDF (Heat Dissipation),0,1,0,0,0,3.5,48.0
908,L10907,L,301.1,310.8,1168.0,77.58,166.0,0,No Failure,0,0,0,0,0,96.0,43.6
7198,H17197,H,299.8,309.6,1238.0,33.1,72.0,0,No Failure,0,0,0,0,0,174.4,79.3
5418,H15417,H,303.4,313.8,1171.0,32.0,37.0,0,No Failure,0,0,0,0,0,197.7,89.9
5662,L15661,L,300.2,309.2,1311.0,29.6,182.0,0,No Failure,0,0,0,0,0,101.5,46.1
2754,L12753,L,298.7,308.5,1174.0,52.6,112.0,0,No Failure,0,0,0,0,0,133.2,60.5
9120,H19119,H,299.9,309.3,1358.0,28.6,7.0,0,No Failure,0,0,0,0,0,213.5,97.0
7559,H17558,H,292.925,309.6,1168.0,27.9,149.0,1,PWF (Power Failure),0,0,1,0,0,0.3,54.3
849,L10848,L,299.4,310.7,1168.0,40.15,187.0,0,No Failure,0,0,0,0,0,88.6,40.3
775,L10774,L,300.0,312.2,1358.0,39.5,169.0,0,No Failure,0,0,0,0,0,105.6,48.0
2210,L12209,L,296.0,306.2,1168.0,39.7,34.0,0,No Failure,0,0,0,0,0,196.9,89.5
678,L10677,L,300.8,310.7,1176.0,44.2,79.0,0,No Failure,0,0,0,0,0,163.2,74.2
1780,L11779,L,297.5,307.5,1168.0,46.4,130.0,0,No Failure,0,0,0,0,0,126.6,57.5
2749,L12748,L,301.7,311.7,1195.0,54.1,96.0,0,No Failure,0,0,0,0,0,146.6,66.6
8239,M18238,M,302.2,312.0,1269.0,28.4,101.0,0,No Failure,0,0,0,0,0,157.5,71.6
7146,M17145,M,298.0,308.1,1298.0,29.3,112.0,0,No Failure,0,0,0,0,0,152.7,69.4
2047,L12046,L,298.8,307.8,1168.0,40.7,168.0,0,No Failure,0,0,0,0,0,94.1,42.8
9201,L19200,L,298.3,307.7,1168.0,51.2,62.0,0,No Failure,0,0,0,0,0,167.1,75.9
511,L10510,L,303.0,313.3,1193.0,38.6,163.0,0,No Failure,0,0,0,0,0,110.5,50.2
1962,L11961,L,297.8,308.8,1249.0,28.2,98.0,0,No Failure,0,0,0,0,0,157.2,71.5
6638,M16637,M,298.6,308.8,908.0,52.0,172.0,0,No Failure,0,0,0,0,0,95.1,43.2
2857,M12856,M,301.1,310.1,1168.0,56.8,29.0,0,No Failure,0,0,0,0,0,187.2,85.1
5625,L15624,L,300.0,311.1,1168.0,41.3,68.0,0,No Failure,0,0,0,0,0,160.0,72.7
3875,H13874,H,298.7,310.1,1265.0,22.1,180.0,1,PWF (Power Failure),0,0,1,0,0,0.4,44.8
6177,M16176,M,300.2,308.8,1168.0,34.4,207.0,1,TWF (Tool Wear Failure),1,0,0,0,0,1.0,33.8
4663,L14662,L,298.9,309.1,1180.0,40.1,0.0,0,No Failure,0,0,0,0,0,220.0,100.0
4124,L14123,L,300.2,310.4,1168.0,54.0,155.0,0,No Failure,0,0,0,0,0,101.6,46.2
3541,H13540,H,302.1,311.5,1198.0,47.5,123.0,0,No Failure,0,0,0,0,0,129.6,58.9
63,M10062,M,301.7,311.5,1329.0,49.4,208.0,1,TWF (Tool Wear Failure),1,0,0,0,0,3.3,32.2
3225,L13224,L,303.2,314.1,1205.0,37.9,149.0,0,No Failure,0,0,0,0,0,120.6,54.8
1665,H11664,H,301.0,312.0,1546.0,44.7,160.0,0,No Failure,0,0,0,0,0,113.3,51.5
4542,L14541,L,298.5,310.0,1182.0,2.52,27.0,1,PWF (Power Failure),0,0,1,0,0,4.0,88.0
7937,L17936,L,301.6,311.3,1243.0,44.6,136.0,0,No Failure,0,0,0,0,0,121.0,55.0
6189,M16188,M,300.7,311.8,1216.0,44.5,15.0,0,No Failure,0,0,0,0,0,209.7,95.3
2963,L12962,L,298.4,310.2,1264.0,34.3,159.0,0,No Failure,0,0,0,0,0,117.3,53.3
376,L10375,L,301.2,310.4,1168.0,40.15,155.0,0,No Failure,0,0,0,0,0,94.9,43.1
3544,L13543,L,298.5,308.2,1182.0,50.1,138.0,0,No Failure,0,0,0,0,0,114.5,52.0
1336,H11335,H,300.8,309.7,1174.0,41.2,-188.0,0,No Failure,0,0,0,0,0,131.9,60.0
3501,L13500,L,300.9,311.0,1176.0,34.3,206.0,0,No Failure,0,0,0,0,0,87.0,39.5
4701,H14700,H,302.7,312.7,1168.0,44.6,126.0,0,No Failure,0,0,0,0,0,136.0,61.8
8777,L18776,L,299.4,309.6,1168.0,35.2,136.0,0,No Failure,0,0,0,0,0,131.4,59.7
3726,M13725,M,299.5,310.7,1396.0,46.0,105.0,0,No Failure,0,0,0,0,0,147.2,66.9
7337,M17336,M,301.3,310.2,1168.0,33.7,91.0,0,No Failure,0,0,0,0,0,151.0,68.6
2803,L12802,L,301.6,311.6,1168.0,56.0,77.0,0,No Failure,0,0,0,0,0,160.2,72.8
7173,M17172,M,300.8,310.0,1488.0,26.4,203.0,1,TWF (Tool Wear Failure),1,0,0,0,0,4.0,46.0
8358,L18357,L,300.5,309.7,1168.0,50.5,77.0,0,No Failure,0,0,0,0,0,154.0,70.0
8082,M18081,M,303.9,314.0,1168.0,48.6,227.0,1,TWF (Tool Wear Failure),1,0,0,0,0,0.8,27.0
1418,M11417,M,300.5,310.4,1199.0,53.9,205.0,1,TWF (Tool Wear Failure),1,0,0,0,0,4.6,30.9
6199,L16198,L,303.3,312.1,1168.0,51.8,47.0,0,No Failure,0,0,0,0,0,171.5,78.0
304,M10303,M,301.5,310.5,1492.0,32.0,129.0,0,No Failure,0,0,0,0,0,140.5,63.9
7319,L17318,L,301.6,310.3,1441.0,20.4,31.0,1,PWF (Power Failure),0,0,1,0,0,6.6,82.8
7787,M17786,M,301.0,311.5,1168.0,44.5,63.0,0,No Failure,0,0,0,0,0,176.9,80.4
3540,L13539,L,302.1,311.1,1168.0,35.5,121.0,0,No Failure,0,0,0,0,0,130.0,59.1
6605,M16604,M,300.8,310.1,1168.0,43.3,63.0,0,No Failure,0,0,0,0,0,169.6,77.1
8589,L18588,L,301.1,311.3,1213.0,50.7,199.0,0,No Failure,0,0,0,0,0,71.9,32.7
2862,M12861,M,302.0,311.6,1311.0,30.5,42.0,0,No Failure,0,0,0,0,0,192.0,87.3
9462,L19461,L,298.9,310.6,1211.0,41.7,86.0,0,No Failure,0,0,0,0,0,160.6,73.0
6497,L16496,L,298.9,309.7,1410.0,52.7,157.0,0,No Failure,0,0,0,0,0,101.3,46.0
2480,H12479,H,298.8,310.7,1271.0,36.7,53.0,0,No Failure,0,0,0,0,0,186.8,84.9
1802,M11801,M,298.7,308.0,1362.0,53.6,205.0,0,No Failure,0,0,0,0,0,66.7,30.3
843,M10842,M,297.9,307.7,1226.0,2.52,169.0,0,No Failure,0,0,0,0,0,95.3,43.3
596,L10595,L,299.0,310.0,1168.0,64.4,213.0,1,OSF (Overstrain Failure),0,0,0,1,0,7.8,22.9
5184,M15183,M,299.9,309.6,1168.0,48.2,149.0,0,No Failure,0,0,0,0,0,111.6,50.7
5083,L15082,L,301.7,311.6,1221.0,25.1,27.0,1,PWF (Power Failure),0,0,1,0,0,6.5,84.9
531,M10530,M,300.7,312.4,1168.0,48.8,229.0,1,TWF (Tool Wear Failure),1,0,0,0,0,1.8,26.3
7088,L17087,L,298.6,306.3,1168.0,44.1,153.0,1,HDF (Heat Dissipation),0,1,0,0,0,3.6,39.5
1620,L11619,L,300.8,310.4,1370.0,42.2,13.0,0,No Failure,0,0,0,0,0,209.6,95.3
9691,L19690,L,301.4,312.3,1310.0,35.7,190.0,0,No Failure,0,0,0,0,0,95.7,43.5
3397,L13396,L,299.5,310.0,1168.0,41.7,58.0,0,No Failure,0,0,0,0,0,180.0,81.8
7710,M17709,M,299.5,310.7,1216.0,27.4,31.0,1,PWF (Power Failure),0,0,1,0,0,3.1,87.8
9620,M19619,M,300.1,310.0,1205.0,33.4,160.0,0,No Failure,0,0,0,0,0,119.1,54.1
8224,H18223,H,302.5,311.5,1168.0,42.6,45.0,0,No Failure,0,0,0,0,0,179.5,81.6
4744,L14743,L,298.2,309.2,1460.0,25.9,40.0,0,No Failure,0,0,0,0,0,196.2,89.2
9183,L19182,L,295.6,306.2,1172.0,28.9,2.0,0,No Failure,0,0,0,0,0,211.8,96.3
7861,M17860,M,299.7,309.2,1182.0,44.1,87.0,0,No Failure,0,0,0,0,0,155.1,70.5
7725,H17724,H,300.0,310.4,1168.0,43.8,77.0,0,No Failure,0,0,0,0,0,169.0,76.8
7855,L17854,L,302.9,312.4,1546.0,43.8,68.0,0,No Failure,0,0,0,0,0,166.7,75.8
1964,L11963,L,297.8,309.4,1228.0,41.0,105.0,0,No Failure,0,0,0,0,0,148.0,67.3
5949,L15948,L,303.1,313.2,1251.0,34.2,125.0,0,No Failure,0,0,0,0,0,139.4,63.3
805,L10804,L,301.3,310.9,1331.0,21.9,38.0,1,PWF (Power Failure),0,0,1,0,0,6.7,79.8
9588,M19587,M,299.1,309.2,1336.0,28.2,58.0,0,No Failure,0,0,0,0,0,185.5,84.3
221,L10220,L,303.1,318.2,1168.0,49.8,68.0,0,No Failure,0,0,0,0,0,169.8,77.2
2865,L12864,L,304.8,315.1,1244.0,46.6,49.0,0,No Failure,0,0,0,0,0,184.7,84.0
7848,L17847,L,300.3,311.0,1168.0,36.1,42.0,0,No Failure,0,0,0,0,0,192.4,87.5
9221,H19220,H,298.7,308.8,1168.0,46.0,129.0,0,No Failure,0,0,0,0,0,133.1,60.5
5291,L15290,L,301.0,311.7,1234.0,38.5,41.0,0,No Failure,0,0,0,0,0,192.5,87.5
7145,H17144,H,299.1,308.1,1465.0,21.6,106.0,1,PWF (Power Failure),0,0,1,0,0,7.1,67.4
4570,M14569,M,299.3,309.0,1444.0,31.3,123.0,0,No Failure,0,0,0,0,0,144.6,65.7
120,M10119,M,298.5,310.0,1168.0,39.7,162.0,0,No Failure,0,0,0,0,0,113.4,51.6
3910,H13909,H,299.7,310.1,1168.0,31.2,96.0,0,No Failure,0,0,0,0,0,162.6,73.9
1687,M11686,M,298.5,307.8,1363.0,37.1,19.0,0,No Failure,0,0,0,0,0,205.1,93.2
9000,M18999,M,299.6,310.5,1315.0,77.58,26.0,0,No Failure,0,0,0,0,0,203.8,92.6
1688,M11687,M,297.8,307.4,1205.0,29.8,23.0,0,No Failure,0,0,0,0,0,200.7,91.2
2029,M12028,M,298.8,308.7,1541.0,28.0,106.0,0,No Failure,0,0,0,0,0,157.0,71.4
8219,L18218,L,299.9,311.3,1180.0,28.4,28.0,0,No Failure,0,0,0,0,0,194.9,88.6
9287,H19286,H,299.2,309.6,1183.0,27.4,143.0,1,PWF (Power Failure),0,0,1,0,0,7.2,57.3
4217,M14216,M,296.6,306.9,1168.0,32.9,26.0,0,No Failure,0,0,0,0,0,203.9,92.7
3598,H13597,H,301.8,310.1,1168.0,39.3,124.0,1,HDF (Heat Dissipation),0,1,0,0,0,2.7,55.8
9702,L19701,L,297.7,309.9,1314.0,35.1,0.0,0,No Failure,0,0,0,0,0,220.0,100.0
620,L10619,L,301.5,312.1,1289.0,40.6,87.0,0,No Failure,0,0,0,0,0,160.5,73.0
4081,L14080,L,300.4,310.0,1417.0,38.1,5.0,0,No Failure,0,0,0,0,0,216.1,98.2
840,M10839,M,301.8,310.05,1168.0,51.7,158.0,1,HDF (Heat Dissipation),0,1,0,0,0,6.4,40.5
3980,M13979,M,299.3,308.5,1207.0,49.3,95.0,0,No Failure,0,0,0,0,0,143.9,65.4
3776,L13775,L,300.4,310.0,1168.0,31.7,74.0,0,No Failure,0,0,0,0,0,169.0,76.8
7660,M17659,M,300.2,310.2,1450.0,25.0,74.0,0,No Failure,0,0,0,0,0,177.2,80.5
5307,H15306,H,301.3,311.2,1168.0,42.7,96.0,0,No Failure,0,0,0,0,0,155.8,70.8
3572,L13571,L,299.6,308.8,1168.0,54.0,32.0,0,No Failure,0,0,0,0,0,186.8,84.9
3218,L13217,L,300.5,310.4,1257.0,57.0,124.0,0,No Failure,0,0,0,0,0,122.2,55.5
2317,L12316,L,299.0,302.0,1168.0,49.4,171.0,0,No Failure,0,0,0,0,0,94.1,42.8
9690,L19689,L,301.4,310.4,1357.0,38.5,188.0,0,No Failure,0,0,0,0,0,89.8,40.8
4224,L14223,L,298.2,307.8,1242.0,44.3,49.0,0,No Failure,0,0,0,0,0,181.8,82.6
152,H10151,H,303.8,313.1,1168.0,47.9,42.0,0,No Failure,0,0,0,0,0,183.6,83.5
476,L10475,L,303.2,314.2,1177.0,49.0,55.0,0,No Failure,0,0,0,0,0,179.6,81.6
5257,M15256,M,300.6,309.3,1168.0,42.4,160.0,0,No Failure,0,0,0,0,0,98.0,44.5
5056,L15055,L,298.9,309.0,1168.0,39.3,165.0,0,No Failure,0,0,0,0,0,108.5,49.3
9271,L19270,L,297.4,307.6,1398.0,26.6,86.0,0,No Failure,0,0,0,0,0,168.4,76.6
5341,L15340,L,303.1,314.6,1216.0,40.15,206.0,0,No Failure,0,0,0,0,0,85.6,38.9
4946,H14945,H,302.3,312.4,1168.0,38.9,22.0,0,No Failure,0,0,0,0,0,206.0,93.6
9571,L19570,L,300.0,309.2,1168.0,40.15,4.0,0,No Failure,0,0,0,0,0,208.5,94.8
9527,M19526,M,299.2,309.5,1289.0,28.6,85.0,0,No Failure,0,0,0,0,0,169.2,76.9
3989,H13988,H,299.7,309.7,1274.0,23.3,118.0,1,PWF (Power Failure),0,0,1,0,0,6.8,61.4
5275,L15274,L,300.8,310.1,1168.0,33.4,229.0,1,TWF (Tool Wear Failure),1,0,0,0,0,2.6,29.8
7584,M17583,M,302.5,312.7,1168.0,36.7,18.0,0,No Failure,0,0,0,0,0,208.4,94.7
4639,L14638,L,300.3,309.5,1499.0,21.8,142.0,1,PWF (Power Failure),0,0,1,0,0,4.3,58.4
9867,L19866,L,300.0,309.2,1168.0,29.1,99.0,0,No Failure,0,0,0,0,0,148.1,67.3
3843,M13842,M,295.3,305.7,1168.0,51.8,81.0,0,No Failure,0,0,0,0,0,161.3,73.3
4642,L14641,L,300.0,312.8,1168.0,45.0,151.0,0,No Failure,0,0,0,0,0,112.8,51.3
2853,H12852,H,299.5,309.3,1168.0,50.3,12.0,0,No Failure,0,0,0,0,0,209.5,95.2
7186,L17185,L,301.1,311.8,1168.0,58.6,35.0,0,No Failure,0,0,0,0,0,192.3,87.4
2802,L12801,L,301.3,310.4,1293.0,46.2,74.0,0,No Failure,0,0,0,0,0,160.7,73.0
9525,L19524,L,300.6,309.8,1181.0,30.6,80.0,0,No Failure,0,0,0,0,0,160.9,73.1
4903,L14902,L,297.9,308.9,1168.0,41.0,96.0,0,No Failure,0,0,0,0,0,154.1,70.1
9901,L19900,L,296.1,305.9,1168.0,54.4,8.0,0,No Failure,0,0,0,0,0,211.7,96.2
110,H10109,H,298.7,308.3,1168.0,42.5,127.0,0,No Failure,0,0,0,0,0,132.3,60.1
3261,L13260,L,298.7,308.7,1168.0,56.5,53.0,0,No Failure,0,0,0,0,0,178.7,81.2
8459,M18458,M,301.0,309.9,1168.0,38.1,212.0,1,TWF (Tool Wear Failure),1,0,0,0,0,0.7,31.9
3226,H13225,H,302.3,312.1,1168.0,40.8,151.0,0,No Failure,0,0,0,0,0,120.1,54.6
5405,M15404,M,300.9,309.7,1188.0,49.0,211.0,0,No Failure,0,0,0,0,0,57.1,26.0
3347,M13346,M,303.3,312.1,1355.0,36.3,114.0,0,No Failure,0,0,0,0,0,142.1,64.6
2135,M12134,M,299.6,310.1,1421.0,21.4,0.0,1,PWF (Power Failure),0,0,1,0,0,1.7,92.3
9007,L19006,L,303.2,312.9,1437.0,29.8,48.0,0,No Failure,0,0,0,0,0,190.1,86.4
381,M10380,M,301.8,313.8,1287.0,44.0,173.0,0,No Failure,0,0,0,0,0,102.0,46.4
1959,H11958,H,298.7,308.2,1308.0,33.1,86.0,0,No Failure,0,0,0,0,0,164.6,74.8
1938,M11937,M,297.3,302.0,1246.0,31.8,8.0,0,No Failure,0,0,0,0,0,213.3,96.9
2498,L12497,L,299.5,311.1,1168.0,50.5,117.0,0,No Failure,0,0,0,0,0,133.1,60.5
1907,L11906,L,298.7,308.7,1168.0,32.2,118.0,0,No Failure,0,0,0,0,0,145.3,66.0
2113,L12112,L,296.1,305.0,1484.0,19.1,160.0,1,PWF (Power Failure),0,0,1,0,0,1.5,49.7
3953,H13952,H,299.8,310.7,1168.0,43.1,11.0,0,No Failure,0,0,0,0,0,212.8,96.7
4743,M14742,M,297.9,307.8,1168.0,39.4,37.0,0,No Failure,0,0,0,0,0,194.6,88.5
9796,M19795,M,297.0,308.0,1270.0,30.2,82.0,0,No Failure,0,0,0,0,0,170.3,77.4
5565,H15564,H,298.7,308.3,1483.0,44.5,85.0,0,No Failure,0,0,0,0,0,163.4,74.3
1251,L11250,L,302.1,312.0,1171.0,55.4,37.0,0,No Failure,0,0,0,0,0,190.3,86.5
7285,H17284,H,303.9,313.1,1192.0,57.3,134.0,0,No Failure,0,0,0,0,0,113.3,51.5
3667,L13666,L,297.1,309.0,1168.0,31.3,136.0,0,No Failure,0,0,0,0,0,134.6,61.2
6670,H16669,H,297.9,307.1,1267.0,34.4,67.0,0,No Failure,0,0,0,0,0,172.4,78.4
3750,L13749,L,301.5,311.7,1194.0,42.9,192.0,0,No Failure,0,0,0,0,0,86.1,39.1
2882,L12881,L,300.9,311.5,1257.0,40.8,97.0,0,No Failure,0,0,0,0,0,153.6,69.8
5892,M15891,M,302.6,312.9,1268.0,30.6,145.0,0,No Failure,0,0,0,0,0,131.8,59.9
9286,L19285,L,300.0,311.7,1546.0,22.1,140.0,0,No Failure,0,0,0,0,0,137.3,62.4
2541,M12540,M,300.4,309.9,1291.0,20.6,400.0,1,PWF (Power Failure),0,0,1,0,0,7.5,78.4
1708,L11707,L,299.6,310.6,1168.0,41.1,95.0,0,No Failure,0,0,0,0,0,154.8,70.4
3036,M13035,M,299.7,310.6,1351.0,57.8,176.0,0,No Failure,0,0,0,0,0,86.6,39.4
7629,L17628,L,299.8,310.4,1197.0,51.8,187.0,0,No Failure,0,0,0,0,0,79.6,36.2
1166,H11165,H,300.4,312.5,1229.0,30.2,180.0,0,No Failure,0,0,0,0,0,113.2,51.5
8933,L18932,L,301.5,310.3,1426.0,49.6,8.0,0,No Failure,0,0,0,0,0,212.8,96.7
9905,M19904,M,300.7,311.2,1269.0,34.5,19.0,0,No Failure,0,0,0,0,0,208.0,94.6
551,L10550,L,301.9,311.2,1282.0,32.3,65.0,0,No Failure,0,0,0,0,0,173.6,78.9
3640,M13639,M,300.2,309.3,1168.0,46.2,49.0,0,No Failure,0,0,0,0,0,176.1,80.0
7085,M17084,M,298.8,307.0,1269.0,27.3,144.0,1,HDF (Heat Dissipation),0,1,0,0,0,5.6,52.7
547,L10546,L,299.7,309.1,1168.0,47.4,54.0,0,No Failure,0,0,0,0,0,174.3,79.2
5413,L15412,L,303.2,313.4,1255.0,49.8,23.0,0,No Failure,0,0,0,0,0,203.0,92.3
6311,L16310,L,299.5,308.1,1382.0,43.7,211.0,0,No Failure,0,0,0,0,0,67.6,30.7
3740,L13739,L,297.8,309.7,1168.0,33.4,159.0,0,No Failure,0,0,0,0,0,118.2,53.7
5472,L15471,L,303.4,312.3,1264.0,26.8,10.0,0,No Failure,0,0,0,0,0,198.0,90.0
2841,M12840,M,301.2,312.6,1183.0,39.1,203.0,0,No Failure,0,0,0,0,0,87.0,39.6
9555,L19554,L,300.0,310.2,1230.0,48.8,187.0,0,No Failure,0,0,0,0,0,83.0,37.7
4508,L14507,L,299.1,309.2,1168.0,56.6,137.0,0,No Failure,0,0,0,0,0,113.2,51.5
9006,M19005,M,302.4,313.2,1168.0,47.8,45.0,0,No Failure,0,0,0,0,0,188.4,85.6
999,H10998,H,302.4,313.5,1403.0,22.8,38.0,1,PWF (Power Failure),0,0,1,0,0,6.2,84.8
4691,L14690,L,299.4,309.6,1226.0,37.8,95.0,0,No Failure,0,0,0,0,0,156.7,71.2
617,M10616,M,300.0,312.1,1168.0,15.32,77.0,0,No Failure,0,0,0,0,0,160.0,72.7
6675,M16674,M,297.7,306.5,1168.0,45.2,85.0,0,No Failure,0,0,0,0,0,148.3,67.4
5244,L15243,L,303.7,313.7,1340.0,30.1,117.0,0,No Failure,0,0,0,0,0,147.4,67.0
4246,L14245,L,299.3,308.7,1168.0,38.7,128.0,0,No Failure,0,0,0,0,0,127.4,57.9
4591,L14590,L,302.9,314.4,1192.0,45.6,204.0,0,No Failure,0,0,0,0,0,74.4,33.8
4117,M14116,M,301.0,311.6,1330.0,46.8,126.0,0,No Failure,0,0,0,0,0,132.1,60.1
3425,L13424,L,300.8,310.1,1327.0,33.4,154.0,0,No Failure,0,0,0,0,0,117.6,53.5
6264,M16263,M,300.6,311.2,1412.0,25.2,46.0,0,No Failure,0,0,0,0,0,191.4,87.0
8429,H18428,H,299.5,310.3,1215.0,62.3,108.0,0,No Failure,0,0,0,0,0,138.3,62.9
269,L10268,L,299.5,310.6,1425.0,21.4,13.0,1,PWF (Power Failure),0,0,1,0,0,4.3,89.1
6569,M16568,M,301.9,311.0,1238.0,44.6,178.0,0,No Failure,0,0,0,0,0,89.6,40.7
3440,M13439,M,297.9,309.3,1194.0,39.3,210.0,0,No Failure,0,0,0,0,0,82.2,37.4
60,L10059,L,297.6,307.6,1168.0,48.5,199.0,0,No Failure,0,0,0,0,0,74.5,33.9
1012,M11011,M,298.5,308.1,1168.0,43.8,81.0,0,No Failure,0,0,0,0,0,160.4,72.9
9087,L19086,L,297.4,307.0,1546.0,19.5,113.0,1,PWF (Power Failure),0,0,1,0,0,1.8,64.1
4391,L14390,L,298.8,308.1,1213.0,49.2,205.0,0,No Failure,0,0,0,0,0,62.0,28.2
5438,L15437,L,302.8,313.2,1199.0,47.2,117.0,0,No Failure,0,0,0,0,0,135.4,61.5
8245,H18244,H,298.6,308.6,1408.0,25.0,123.0,0,No Failure,0,0,0,0,0,147.1,66.9
4820,M14819,M,299.1,309.2,1252.0,36.7,60.0,0,No Failure,0,0,0,0,0,181.5,82.5
5118,M15117,M,299.2,309.0,1255.0,38.1,147.0,0,No Failure,0,0,0,0,0,122.8,55.8
1288,L11287,L,300.1,309.0,1168.0,37.3,171.0,0,No Failure,0,0,0,0,0,94.4,42.9
3761,H13760,H,299.0,308.7,1175.0,39.5,108.0,0,No Failure,0,0,0,0,0,207.7,94.4
4716,L14715,L,300.7,310.8,1383.0,46.9,171.0,0,No Failure,0,0,0,0,0,96.6,43.9
954,L10953,L,301.6,311.6,1189.0,49.8,97.0,0,No Failure,0,0,0,0,0,148.3,67.4
7203,L17202,L,300.0,312.0,1182.0,43.9,90.0,0,No Failure,0,0,0,0,0,156.7,71.2
5854,L15853,L,302.2,311.8,1168.0,41.2,26.0,0,No Failure,0,0,0,0,0,197.7,89.9
198,H10197,H,301.5,311.8,1170.0,53.8,207.0,0,No Failure,0,0,0,0,0,72.4,32.9
375,L10374,L,300.2,309.2,1337.0,27.2,152.0,0,No Failure,0,0,0,0,0,123.3,56.1
6724,L16723,L,299.3,308.0,1371.0,32.6,39.0,0,No Failure,0,0,0,0,0,190.7,86.7
3080,L13079,L,301.8,311.3,1197.0,43.1,100.0,0,No Failure,0,0,0,0,0,144.6,65.7
325,H10324,H,300.0,309.7,1300.0,39.9,197.0,0,No Failure,0,0,0,0,0,91.4,41.6
2109,L12108,L,296.4,305.4,1234.0,45.1,147.0,0,No Failure,0,0,0,0,0,106.0,48.2
600,M10599,M,304.1,313.9,1264.0,36.7,13.0,0,No Failure,0,0,0,0,0,210.0,95.5
5747,L15746,L,298.2,309.6,1168.0,45.7,75.0,0,No Failure,0,0,0,0,0,166.4,75.7
8897,L18896,L,300.0,310.2,1168.0,36.4,116.0,0,No Failure,0,0,0,0,0,143.6,65.3
3090,H13089,H,300.0,311.3,1171.0,27.4,129.0,1,PWF (Power Failure),0,0,1,0,0,7.3,60.5
3134,L13133,L,302.6,312.2,1434.0,29.8,56.0,0,No Failure,0,0,0,0,0,185.1,84.1
814,M10813,M,300.1,309.8,1230.0,51.4,68.0,0,No Failure,0,0,0,0,0,168.0,76.3
8354,L18353,L,304.2,312.9,1168.0,45.1,64.0,0,No Failure,0,0,0,0,0,160.2,72.8
1715,L11714,L,297.5,305.3,1168.0,62.7,123.0,1,HDF (Heat Dissipation),0,1,0,0,0,1.0,43.4
8867,L18866,L,296.6,306.7,1306.0,39.3,23.0,0,No Failure,0,0,0,0,0,204.5,92.9
5014,M15013,M,298.8,307.8,1172.0,47.0,24.0,0,No Failure,0,0,0,0,0,192.2,87.4
5962,L15961,L,301.8,313.8,1369.0,34.9,160.0,0,No Failure,0,0,0,0,0,116.1,52.8
6028,L16027,L,299.0,310.6,1168.0,36.8,165.0,0,No Failure,0,0,0,0,0,111.0,50.4
7911,H17910,H,302.0,313.6,1401.0,38.1,43.0,0,No Failure,0,0,0,0,0,192.8,87.6
133,M10132,M,300.8,311.7,1213.0,37.7,202.0,0,No Failure,0,0,0,0,0,89.2,40.6
6133,M16132,M,300.1,310.8,1168.0,53.0,63.0,0,No Failure,0,0,0,0,0,173.9,79.1
52,L10051,L,300.0,309.9,1168.0,26.6,172.0,1,PWF (Power Failure),0,0,1,0,0,7.9,46.3
4756,M14755,M,299.1,310.6,1168.0,33.8,76.0,0,No Failure,0,0,0,0,0,172.4,78.4
5896,M15895,M,301.4,310.05,1172.0,37.5,159.0,0,No Failure,0,0,0,0,0,117.2,53.3
8798,M18797,M,301.1,312.1,1168.0,45.4,218.0,0,No Failure,0,0,0,0,0,69.6,31.7
4726,L14725,L,302.1,314.1,1339.0,43.3,200.0,0,No Failure,0,0,0,0,0,80.0,36.4
6364,L16363,L,297.2,306.8,1205.0,40.15,175.0,0,No Failure,0,0,0,0,0,106.7,48.5
4776,L14775,L,300.2,310.0,1248.0,44.9,146.0,0,No Failure,0,0,0,0,0,113.8,51.7
9730,H19729,H,298.1,308.2,1233.0,35.0,96.0,0,No Failure,0,0,0,0,0,160.7,73.0
8157,H18156,H,299.6,308.7,1168.0,46.3,39.0,0,No Failure,0,0,0,0,0,183.8,83.5
9983,H19982,H,297.1,306.9,1186.0,38.5,47.0,0,No Failure,0,0,0,0,0,187.9,85.4
2580,H12579,H,299.4,302.0,1389.0,28.8,172.0,0,No Failure,0,0,0,0,0,117.0,53.2
7335,L17334,L,298.7,308.6,1383.0,31.2,83.0,0,No Failure,0,0,0,0,0,167.6,76.2
5205,L15204,L,301.5,311.7,1546.0,30.0,0.0,0,No Failure,0,0,0,0,0,216.4,98.4
1492,H11491,H,298.4,309.5,1264.0,34.8,10.0,0,No Failure,0,0,0,0,0,213.8,97.2
5744,H15743,H,299.9,311.0,1168.0,54.6,63.0,0,No Failure,0,0,0,0,0,174.8,79.5
7896,M17895,M,298.9,308.7,1177.0,30.1,197.0,0,No Failure,0,0,0,0,0,96.0,43.7
6292,H16291,H,297.0,308.1,1168.0,50.1,141.0,0,No Failure,0,0,0,0,0,122.1,55.5
1489,H11488,H,298.8,308.2,1546.0,16.3,0.0,1,PWF (Power Failure),0,0,1,0,0,3.6,90.0
1855,H11854,H,301.0,311.9,1185.0,40.1,151.0,0,No Failure,0,0,0,0,0,122.8,55.8
2170,M12169,M,299.5,309.4,1168.0,58.7,123.0,0,No Failure,0,0,0,0,0,125.1,56.8
7762,H17761,H,299.8,308.9,1329.0,39.4,203.0,0,No Failure,0,0,0,0,0,85.3,38.8
4473,M14472,M,301.6,310.4,1168.0,37.5,26.0,0,No Failure,0,0,0,0,0,190.0,86.4
6487,L16486,L,303.3,314.7,1168.0,30.5,124.0,0,No Failure,0,0,0,0,0,140.8,64.0
7832,M17831,M,302.5,311.8,908.0,34.8,212.0,0,No Failure,0,0,0,0,0,78.4,35.7
6830,M16829,M,298.5,307.0,1220.0,38.3,159.0,1,HDF (Heat Dissipation),0,1,0,0,0,5.7,46.1
8641,L18640,L,299.9,311.3,1168.0,41.9,157.0,0,No Failure,0,0,0,0,0,111.5,50.7
5230,L15229,L,298.9,308.3,1393.0,25.0,73.0,0,No Failure,0,0,0,0,0,171.2,77.8
7369,H17368,H,302.3,312.4,1168.0,46.8,195.0,0,No Failure,0,0,0,0,0,87.9,39.9
4230,L14229,L,298.7,306.7,1278.0,34.7,71.0,1,HDF (Heat Dissipation),0,1,0,0,0,0.9,72.2
8059,M18058,M,300.6,309.7,1168.0,42.5,142.0,0,No Failure,0,0,0,0,0,114.4,52.0
390,H10389,H,300.8,307.8,1195.0,48.9,209.0,1,HDF (Heat Dissipation),1,1,0,0,0,6.1,19.6
1488,L11487,L,296.1,307.0,1281.0,33.5,217.0,1,TWF (Tool Wear Failure),1,0,0,0,0,5.0,36.8
8437,L18436,L,299.8,312.3,1168.0,33.1,107.0,0,No Failure,0,0,0,0,0,133.2,60.5
4675,M14674,M,301.5,312.2,1168.0,41.0,39.0,0,No Failure,0,0,0,0,0,194.0,88.2
9139,L19138,L,298.8,309.1,1168.0,39.1,77.0,0,No Failure,0,0,0,0,0,168.1,76.4
4528,M14527,M,297.9,307.9,1204.0,39.4,203.0,0,No Failure,0,0,0,0,0,86.7,39.4
6556,L16555,L,300.1,311.4,1168.0,49.7,133.0,0,No Failure,0,0,0,0,0,121.8,55.4
9634,L19633,L,298.9,309.7,1168.0,60.2,215.0,1,OSF (Overstrain Failure),1,0,0,1,0,2.9,22.5
4634,L14633,L,296.9,305.2,1168.0,47.5,128.0,1,HDF (Heat Dissipation),0,1,0,0,0,4.4,49.3
165,M10164,M,301.3,311.1,1213.0,41.5,87.0,0,No Failure,0,0,0,0,0,159.8,72.6
83,H10082,H,299.7,309.7,1238.0,38.5,40.0,0,No Failure,0,0,0,0,0,194.6,88.4
3128,L13127,L,301.9,311.5,1168.0,44.4,35.0,0,No Failure,0,0,0,0,0,190.9,86.8
4079,L14078,L,298.6,308.7,1241.0,42.8,-188.0,0,No Failure,0,0,0,0,0,220.0,100.0
53,M10052,M,297.8,308.2,1304.0,55.7,175.0,0,No Failure,0,0,0,0,0,89.4,40.6
9735,L19734,L,300.9,310.6,1168.0,47.7,114.0,0,No Failure,0,0,0,0,0,133.9,60.9
3731,H13730,H,300.9,310.8,1168.0,59.5,124.0,0,No Failure,0,0,0,0,0,126.9,57.7
1627,L11626,L,299.2,309.3,1169.0,27.4,36.0,1,PWF (Power Failure),0,0,1,0,0,0.7,84.5
8516,M18515,M,300.9,310.4,1168.0,35.2,183.0,0,No Failure,0,0,0,0,0,98.6,44.8
4329,H14328,H,301.2,309.6,1294.0,43.9,220.0,1,HDF (Heat Dissipation),0,1,0,0,0,7.8,28.7
4549,M14548,M,301.3,311.0,1168.0,45.8,50.0,0,No Failure,0,0,0,0,0,182.1,82.8
3609,L13608,L,302.3,318.2,1218.0,39.7,163.0,0,No Failure,0,0,0,0,0,100.3,45.6
5195,H15194,H,299.0,310.0,1168.0,47.8,189.0,0,No Failure,0,0,0,0,0,91.0,41.4
6042,L16041,L,300.0,310.1,1267.0,43.3,212.0,1,TWF (Tool Wear Failure),1,0,0,0,0,5.0,32.6
6983,L16982,L,298.1,307.8,1333.0,41.9,14.0,0,No Failure,0,0,0,0,0,208.8,94.9
4333,L14332,L,299.5,309.5,1168.0,47.0,13.0,0,No Failure,0,0,0,0,0,210.6,95.7
1212,H11211,H,301.2,310.7,1168.0,77.58,119.0,0,No Failure,0,0,0,0,0,131.3,59.7
5665,L15664,L,301.8,314.0,1302.0,42.8,190.0,0,No Failure,0,0,0,0,0,87.6,39.8
9476,H19475,H,302.2,312.6,1168.0,59.5,127.0,0,No Failure,0,0,0,0,0,125.8,57.2
3144,L13143,L,302.5,313.5,1168.0,55.1,90.0,0,No Failure,0,0,0,0,0,150.6,68.5
1313,M11312,M,301.2,311.7,1168.0,44.1,41.0,0,No Failure,0,0,0,0,0,192.0,87.3
7715,L17714,L,300.4,311.6,1239.0,32.6,46.0,0,No Failure,0,0,0,0,0,190.8,86.7
224,H10223,H,299.7,310.2,1178.0,52.3,76.0,0,No Failure,0,0,0,0,0,166.4,75.6
6697,L16696,L,298.6,309.7,1168.0,33.6,164.0,0,No Failure,0,0,0,0,0,114.8,52.2
9842,L19841,L,299.7,309.1,1168.0,45.5,16.0,0,No Failure,0,0,0,0,0,202.0,91.8
5003,M15002,M,299.1,309.7,1366.0,28.0,208.0,0,No Failure,0,0,0,0,0,96.4,43.8
7856,M17855,M,301.7,311.3,1187.0,39.9,70.0,0,No Failure,0,0,0,0,0,169.4,77.0
3162,H13161,H,298.9,309.0,1168.0,47.3,153.0,0,No Failure,0,0,0,0,0,115.9,52.7
3205,H13204,H,297.0,307.7,1168.0,48.1,86.0,0,No Failure,0,0,0,0,0,161.2,73.3
3040,M13039,M,302.7,312.6,1168.0,39.1,189.0,0,No Failure,0,0,0,0,0,95.1,43.2
3872,L13871,L,298.4,309.1,1238.0,30.0,172.0,0,No Failure,0,0,0,0,0,113.4,51.5
9444,L19443,L,297.7,306.9,1256.0,43.7,26.0,0,No Failure,0,0,0,0,0,194.9,88.6
3699,L13698,L,300.4,311.0,1168.0,61.1,4.0,0,No Failure,0,0,0,0,0,216.8,98.5
9957,M19956,M,303.1,314.3,1168.0,38.7,197.0,0,No Failure,0,0,0,0,0,91.4,41.5
4835,L14834,L,299.4,308.7,1235.0,28.1,108.0,0,No Failure,0,0,0,0,0,143.1,65.0
8517,H18516,H,302.5,311.0,1168.0,50.8,186.0,1,HDF (Heat Dissipation),0,1,0,0,0,6.8,33.5
2249,L12248,L,296.1,307.5,1274.0,25.8,160.0,1,PWF (Power Failure),0,0,1,0,0,2.4,52.3
4302,M14301,M,302.6,313.4,1200.0,30.4,125.0,0,No Failure,0,0,0,0,0,144.1,65.5
4867,L14866,L,300.1,309.9,1214.0,42.7,212.0,0,No Failure,0,0,0,0,0,70.3,32.0
9799,L19798,L,302.2,313.5,1168.0,36.6,91.0,0,No Failure,0,0,0,0,0,160.0,72.7
1265,M11264,M,304.7,316.3,1245.0,34.2,91.0,0,No Failure,0,0,0,0,0,162.8,74.0
6064,L16063,L,298.2,306.3,1265.0,48.5,55.0,1,HDF (Heat Dissipation),0,1,0,0,0,6.9,74.7
216,M10215,M,302.3,313.2,1168.0,38.2,51.0,0,No Failure,0,0,0,0,0,186.8,84.9
752,L10751,L,301.4,309.2,1168.0,42.2,97.0,1,HDF (Heat Dissipation),0,1,0,0,0,1.9,58.4
3977,L13976,L,298.5,308.8,1179.0,30.2,87.0,0,No Failure,0,0,0,0,0,164.0,74.5
9628,L19627,L,298.6,308.6,1192.0,45.0,189.0,0,No Failure,0,0,0,0,0,85.8,39.0
3269,H13268,H,299.7,310.2,1387.0,29.5,75.0,0,No Failure,0,0,0,0,0,175.8,79.9
2869,H12868,H,300.6,309.5,1204.0,2.52,61.0,0,No Failure,0,0,0,0,0,169.3,77.0
8789,L18788,L,301.1,310.5,1168.0,54.6,182.0,0,No Failure,0,0,0,0,0,73.7,33.5
7550,L17549,L,300.0,308.8,1168.0,39.0,122.0,0,No Failure,0,0,0,0,0,131.2,59.6
3698,L13697,L,299.1,310.8,1546.0,34.3,2.0,0,No Failure,0,0,0,0,0,218.7,99.4
1071,H11070,H,299.3,307.7,1283.0,33.3,64.0,1,HDF (Heat Dissipation),0,1,0,0,0,1.8,76.9
1334,H11333,H,298.6,309.4,1329.0,77.58,105.0,0,No Failure,0,0,0,0,0,149.6,68.0
9298,H19297,H,301.6,311.3,1359.0,24.5,180.0,1,PWF (Power Failure),0,0,1,0,0,7.3,49.4
1156,L11155,L,303.5,312.4,1168.0,40.15,148.0,0,No Failure,0,0,0,0,0,100.9,45.8
2545,M12544,M,298.9,309.5,1456.0,32.9,52.0,0,No Failure,0,0,0,0,0,187.7,85.3
3808,M13807,M,298.8,308.3,1500.0,43.7,183.0,0,No Failure,0,0,0,0,0,95.5,43.4
6834,H16833,H,298.4,308.9,1168.0,41.6,170.0,0,No Failure,0,0,0,0,0,109.3,49.7
4382,L14381,L,299.3,308.5,1546.0,30.0,176.0,0,No Failure,0,0,0,0,0,110.9,50.4
7061,L17060,L,301.7,312.7,1189.0,40.9,60.0,0,No Failure,0,0,0,0,0,178.9,81.3
2711,H12710,H,299.7,310.1,1168.0,59.3,190.0,0,No Failure,0,0,0,0,0,79.2,36.0
8408,M18407,M,302.1,311.9,1168.0,44.3,24.0,0,No Failure,0,0,0,0,0,201.4,91.5
5348,M15347,M,301.6,313.1,1399.0,33.2,10.0,0,No Failure,0,0,0,0,0,213.8,97.2
4283,M14282,M,297.9,307.5,1320.0,42.3,56.0,0,No Failure,0,0,0,0,0,180.0,81.8
8085,L18084,L,299.7,309.1,1249.0,50.4,0.0,0,No Failure,0,0,0,0,0,214.7,97.6
2776,L12775,L,303.8,315.1,1203.0,47.2,198.0,0,No Failure,0,0,0,0,0,76.8,34.9
9873,M19872,M,300.8,310.8,1168.0,49.5,123.0,0,No Failure,0,0,0,0,0,132.4,60.2
5021,H15020,H,302.9,312.1,1168.0,49.4,43.0,0,No Failure,0,0,0,0,0,181.5,82.5
7864,L17863,L,302.0,311.5,1168.0,58.5,96.0,0,No Failure,0,0,0,0,0,138.6,63.0
244,M10243,M,301.4,311.3,1448.0,27.6,149.0,0,No Failure,0,0,0,0,0,131.8,59.9
4171,H14170,H,298.7,308.7,1168.0,54.3,90.0,0,No Failure,0,0,0,0,0,155.6,70.7
1276,L11275,L,298.9,308.9,1391.0,32.0,131.0,0,No Failure,0,0,0,0,0,137.2,62.4
4178,H14177,H,298.3,307.4,1168.0,44.1,117.0,0,No Failure,0,0,0,0,0,132.4,60.2
795,L10794,L,302.6,312.4,1168.0,64.5,8.0,0,No Failure,0,0,0,0,0,211.2,96.0
6384,M16383,M,301.2,311.5,1168.0,48.4,9.0,0,No Failure,0,0,0,0,0,213.6,97.1
6227,L16226,L,299.6,309.9,1266.0,35.8,134.0,0,No Failure,0,0,0,0,0,132.3,60.1
1745,M11744,M,299.2,308.2,1168.0,42.2,5.0,0,No Failure,0,0,0,0,0,205.6,93.5
8941,L18940,L,298.4,309.5,1168.0,52.4,40.0,0,No Failure,0,0,0,0,0,189.8,86.3
8427,M18426,M,301.8,311.2,1546.0,53.5,101.0,0,No Failure,0,0,0,0,0,139.2,63.3
8375,M18374,M,302.0,311.4,1168.0,58.9,134.0,0,No Failure,0,0,0,0,0,111.0,50.5
5547,H15546,H,301.1,310.8,1188.0,40.5,28.0,0,No Failure,0,0,0,0,0,198.6,90.3
1600,L11599,L,298.2,308.4,908.0,28.9,160.0,0,No Failure,0,0,0,0,0,121.9,55.4
3559,M13558,M,299.4,307.8,1211.0,47.9,193.0,1,HDF (Heat Dissipation),0,1,0,0,0,4.2,30.6
1642,L11641,L,296.0,305.9,1168.0,45.0,86.0,0,No Failure,0,0,0,0,0,157.8,71.7
2357,L12356,L,299.7,308.8,1313.0,28.8,107.0,0,No Failure,0,0,0,0,0,164.3,74.7
8443,L18442,L,301.3,309.4,1168.0,47.7,155.0,1,HDF (Heat Dissipation),0,1,0,0,0,1.6,39.3
8784,L18783,L,302.8,314.1,1168.0,45.2,164.0,0,No Failure,0,0,0,0,0,103.4,47.0
5474,L15473,L,300.7,312.1,1168.0,60.5,17.0,0,No Failure,0,0,0,0,0,206.3,93.8
6269,L16268,L,301.5,309.9,1168.0,46.9,66.0,1,HDF (Heat Dissipation),0,1,0,0,0,4.8,70.4
3597,H13596,H,300.6,308.9,1168.0,51.8,118.0,1,HDF (Heat Dissipation),0,1,0,0,0,6.2,53.8
988,L10987,L,302.0,311.6,1222.0,41.4,3.0,0,No Failure,0,0,0,0,0,213.9,97.2
5968,L15967,L,300.0,309.3,1235.0,28.3,174.0,0,No Failure,0,0,0,0,0,103.4,47.0
8433,H18432,H,300.0,312.7,1168.0,42.4,122.0,0,No Failure,0,0,0,0,0,140.1,63.7
6507,H16506,H,294.7,304.0,1168.0,45.2,190.0,0,No Failure,0,0,0,0,0,85.1,38.7
5922,L15921,L,300.0,308.7,1168.0,43.7,38.0,0,No Failure,0,0,0,0,0,187.8,85.4
1666,H11665,H,298.9,309.9,1402.0,26.3,166.0,0,No Failure,0,0,0,0,0,124.8,56.7
3834,L13833,L,300.7,311.9,1241.0,27.1,55.0,0,No Failure,0,0,0,0,0,179.2,81.5
9379,L19378,L,298.7,307.1,1168.0,57.1,26.0,1,HDF (Heat Dissipation),0,1,0,0,0,3.5,82.8
7968,H17967,H,302.0,312.0,1272.0,37.6,20.0,0,No Failure,0,0,0,0,0,207.4,94.3
3538,M13537,M,302.0,312.6,1201.0,29.5,116.0,0,No Failure,0,0,0,0,0,147.7,67.1
5221,L15220,L,300.4,309.3,1194.0,43.2,49.0,0,No Failure,0,0,0,0,0,173.6,78.9
704,H10703,H,303.3,310.0,1498.0,45.4,164.0,0,No Failure,0,0,0,0,0,110.0,50.0
1007,H11006,H,302.4,312.0,1168.0,33.7,64.0,0,No Failure,0,0,0,0,0,176.5,80.2
7983,H17982,H,303.3,314.8,1546.0,48.8,79.0,0,No Failure,0,0,0,0,0,165.7,75.3
6260,L16259,L,302.9,311.8,1270.0,32.9,32.0,0,No Failure,0,0,0,0,0,190.9,86.8
2980,H12979,H,300.5,310.2,1168.0,50.2,215.0,0,No Failure,0,0,0,0,0,67.3,30.6
7995,L17994,L,300.4,312.1,1168.0,53.0,131.0,0,No Failure,0,0,0,0,0,120.7,54.9
9440,L19439,L,299.9,308.9,1168.0,33.9,12.0,0,No Failure,0,0,0,0,0,201.3,91.5
3823,M13822,M,299.8,307.8,908.0,45.7,20.0,1,HDF (Heat Dissipation),0,1,0,0,0,7.6,85.3
1419,H11418,H,298.5,309.2,1513.0,17.3,209.0,1,PWF (Power Failure),0,0,1,0,0,3.0,39.9
1631,L11630,L,299.3,309.6,1168.0,46.5,44.0,0,No Failure,0,0,0,0,0,188.4,85.6
3686,L13685,L,297.5,308.8,1168.0,41.4,189.0,0,No Failure,0,0,0,0,0,89.9,40.9
6920,M16919,M,301.7,312.3,1390.0,26.4,19.0,0,No Failure,0,0,0,0,0,208.9,94.9
4725,L14724,L,295.5,305.7,1197.0,45.4,197.0,0,No Failure,0,0,0,0,0,79.7,36.2
6657,M16656,M,297.5,308.1,1168.0,58.3,19.0,0,No Failure,0,0,0,0,0,205.5,93.4
6256,H16255,H,298.6,307.9,1248.0,40.8,18.0,0,No Failure,0,0,0,0,0,202.1,91.9
6817,M16816,M,297.1,306.3,1291.0,52.3,118.0,0,No Failure,0,0,0,0,0,128.5,58.4
2146,H12145,H,299.5,309.0,1168.0,44.9,42.0,0,No Failure,0,0,0,0,0,186.4,84.7
6759,L16758,L,301.2,312.7,1218.0,27.4,153.0,1,PWF (Power Failure),0,0,1,0,0,5.5,54.2
8558,M18557,M,301.6,311.7,1168.0,44.3,94.0,0,No Failure,0,0,0,0,0,155.7,70.8
3137,H13136,H,301.4,310.5,1261.0,24.9,66.0,1,PWF (Power Failure),0,0,1,0,0,7.2,73.2
8336,M18335,M,301.0,311.8,1214.0,31.4,217.0,0,No Failure,0,0,0,0,0,87.0,39.6
5712,M15711,M,301.4,312.3,1182.0,44.6,149.0,0,No Failure,0,0,0,0,0,117.9,53.6
8642,H18641,H,301.3,310.7,1273.0,32.9,160.0,0,No Failure,0,0,0,0,0,118.2,53.7
5736,H15735,H,302.7,314.0,1180.0,28.4,31.0,0,No Failure,0,0,0,0,0,193.9,88.1
9819,L19818,L,302.0,309.1,1168.0,40.6,154.0,1,HDF (Heat Dissipation),0,1,0,0,0,5.2,37.6
7622,M17621,M,299.7,310.2,1168.0,49.9,162.0,0,No Failure,0,0,0,0,0,104.3,47.4
4783,H14782,H,300.0,310.6,1168.0,60.2,168.0,0,No Failure,0,0,0,0,0,94.7,43.1
3211,L13210,L,299.2,309.5,1192.0,55.1,104.0,0,No Failure,0,0,0,0,0,139.9,63.6
3736,H13735,H,299.8,308.6,1168.0,49.0,145.0,0,No Failure,0,0,0,0,0,106.9,48.6
4589,M14588,M,300.8,310.6,1546.0,60.2,195.0,0,No Failure,0,0,0,0,0,67.4,30.7
91,L10090,L,300.7,318.2,1168.0,31.0,66.0,0,No Failure,0,0,0,0,0,178.5,81.1
4731,L14730,L,303.6,312.7,1173.0,46.4,0.0,0,No Failure,0,0,0,0,0,210.1,95.5
4446,L14445,L,296.1,307.6,1244.0,30.0,156.0,0,No Failure,0,0,0,0,0,123.3,56.0
4925,L14924,L,303.2,314.7,1366.0,25.8,170.0,0,No Failure,0,0,0,0,0,115.9,52.7
4216,L14215,L,303.2,312.8,1342.0,46.2,23.0,0,No Failure,0,0,0,0,0,201.6,91.6
75,L10074,L,301.2,302.0,1168.0,29.1,14.0,0,No Failure,0,0,0,0,0,204.8,93.1
7022,H17021,H,296.2,305.5,1168.0,45.3,160.0,0,No Failure,0,0,0,0,0,105.1,47.8
5860,L15859,L,302.3,312.6,1168.0,49.6,45.0,0,No Failure,0,0,0,0,0,186.8,84.9
846,H10845,H,301.9,311.6,1546.0,12.4,176.0,1,PWF (Power Failure),0,0,1,0,0,3.1,49.8
9236,L19235,L,299.4,308.5,1546.0,18.5,181.0,1,PWF (Power Failure),0,0,1,0,0,6.1,47.7
8869,L18868,L,300.2,311.6,1223.0,32.7,28.0,0,No Failure,0,0,0,0,0,202.2,91.9
7366,L17365,L,298.7,308.7,1290.0,43.8,187.0,0,No Failure,0,0,0,0,0,88.6,40.3
8902,H18901,H,301.7,312.2,1363.0,40.5,129.0,0,No Failure,0,0,0,0,0,136.7,62.1
2120,L12119,L,299.1,309.7,1182.0,46.4,183.0,0,No Failure,0,0,0,0,0,88.5,40.2
7878,M17877,M,300.6,312.0,1288.0,40.2,134.0,0,No Failure,0,0,0,0,0,131.4,59.7
9099,M19098,M,297.5,306.8,1168.0,43.5,150.0,0,No Failure,0,0,0,0,0,110.4,50.2
2275,H12274,H,300.0,310.2,1304.0,40.7,32.0,0,No Failure,0,0,0,0,0,199.3,90.6
5735,L15734,L,302.8,312.9,1455.0,25.5,28.0,0,No Failure,0,0,0,0,0,203.4,92.5
8272,L18271,L,302.3,311.2,1168.0,31.8,3.0,0,No Failure,0,0,0,0,0,206.0,93.6
8532,L18531,L,301.1,311.7,1365.0,38.6,9.0,0,No Failure,0,0,0,0,0,214.0,97.3
667,H10666,H,300.0,309.5,1265.0,52.3,36.0,0,No Failure,0,0,0,0,0,190.5,86.6
3192,L13191,L,300.0,309.2,1168.0,41.4,38.0,0,No Failure,0,0,0,0,0,185.0,84.1
621,M10620,M,302.6,313.7,1168.0,36.5,89.0,0,No Failure,0,0,0,0,0,163.0,74.1
131,L10130,L,299.4,312.2,1546.0,9.3,193.0,1,PWF (Power Failure),0,0,1,0,0,1.3,46.5
5913,M15912,M,300.4,312.3,1168.0,40.3,9.0,0,No Failure,0,0,0,0,0,214.0,97.3
8707,L18706,L,300.6,310.9,1182.0,33.9,120.0,0,No Failure,0,0,0,0,0,142.8,64.9
3873,L13872,L,300.0,310.2,1192.0,51.6,175.0,0,No Failure,0,0,0,0,0,88.8,40.4
528,H10527,H,300.5,310.2,1168.0,37.7,218.0,0,No Failure,0,0,0,0,0,79.1,35.9
6474,M16473,M,301.4,310.6,1168.0,52.3,81.0,0,No Failure,0,0,0,0,0,152.3,69.2
5664,L15663,L,304.1,313.8,1402.0,36.5,188.0,0,No Failure,0,0,0,0,0,95.5,43.4
8228,L18227,L,301.8,312.2,1168.0,43.8,59.0,0,No Failure,0,0,0,0,0,178.5,81.2
4574,L14573,L,298.7,309.7,1168.0,40.15,138.0,0,No Failure,0,0,0,0,0,126.0,57.3
100,H10099,H,301.0,312.5,1400.0,44.7,90.0,0,No Failure,0,0,0,0,0,160.0,72.7
6595,H16594,H,298.0,308.7,1315.0,26.1,37.0,0,No Failure,0,0,0,0,0,193.2,87.8
9455,M19454,M,299.2,308.9,1237.0,32.6,61.0,0,No Failure,0,0,0,0,0,179.4,81.6
7318,H17317,H,301.0,311.3,1168.0,49.7,25.0,0,No Failure,0,0,0,0,0,202.7,92.1
8820,H18819,H,301.4,310.4,1278.0,46.3,78.0,0,No Failure,0,0,0,0,0,159.8,72.6
828,L10827,L,301.6,310.9,1234.0,36.2,116.0,0,No Failure,0,0,0,0,0,137.1,62.3
9647,L19646,L,299.2,309.6,1168.0,40.5,23.0,0,No Failure,0,0,0,0,0,204.3,92.9
7301,L17300,L,301.1,311.5,1168.0,63.9,196.0,1,OSF (Overstrain Failure),0,0,0,1,0,6.6,26.6
3030,L13029,L,298.4,308.4,1168.0,52.7,156.0,0,No Failure,0,0,0,0,0,102.0,46.4
9115,L19114,L,300.4,308.6,1168.0,44.0,202.0,1,HDF (Heat Dissipation),1,1,0,0,0,7.4,26.4
6560,L16559,L,292.925,310.0,1168.0,41.7,150.0,0,No Failure,0,0,0,0,0,116.5,52.9
6303,M16302,M,301.9,312.3,1168.0,36.6,186.0,0,No Failure,0,0,0,0,0,100.7,45.8
5631,L15630,L,297.6,307.7,1168.0,60.8,87.0,0,No Failure,0,0,0,0,0,150.0,68.2
9712,L19711,L,307.1,307.9,1248.0,31.8,37.0,0,No Failure,0,0,0,0,0,196.7,89.4
4702,L14701,L,300.2,310.3,1186.0,46.6,131.0,0,No Failure,0,0,0,0,0,125.7,57.2
8052,M18051,M,300.4,311.0,1546.0,50.6,113.0,0,No Failure,0,0,0,0,0,138.8,63.1
3105,M13104,M,301.7,311.9,1168.0,48.4,187.0,0,No Failure,0,0,0,0,0,87.9,40.0
746,L10745,L,298.3,308.9,1168.0,56.2,78.0,0,No Failure,0,0,0,0,0,159.4,72.4
8033,M18032,M,301.5,312.5,1221.0,32.1,49.0,0,No Failure,0,0,0,0,0,189.8,86.3
9853,L19852,L,301.2,311.1,1168.0,42.7,53.0,0,No Failure,0,0,0,0,0,182.0,82.7
3775,M13774,M,301.1,311.3,1239.0,26.1,70.0,1,PWF (Power Failure),0,0,1,0,0,6.9,76.3
3936,L13935,L,298.6,309.0,1221.0,57.5,186.0,0,No Failure,0,0,0,0,0,74.0,33.6
5795,M15794,M,301.5,313.1,1168.0,51.2,33.0,0,No Failure,0,0,0,0,0,196.2,89.2
5127,L15126,L,303.0,312.6,1283.0,35.1,177.0,0,No Failure,0,0,0,0,0,101.9,46.3
8966,L18965,L,296.2,304.7,1168.0,36.9,116.0,1,HDF (Heat Dissipation),0,1,0,0,0,7.5,57.6
5813,M15812,M,303.6,313.2,1168.0,34.9,98.0,0,No Failure,0,0,0,0,0,153.7,69.8
6329,L16328,L,302.2,313.3,1172.0,38.5,51.0,0,No Failure,0,0,0,0,0,185.8,84.4
1061,H11060,H,299.5,310.0,1282.0,37.4,108.0,0,No Failure,0,0,0,0,0,200.5,91.1
7360,M17359,M,300.9,312.3,1188.0,35.4,163.0,0,No Failure,0,0,0,0,0,116.5,53.0
4269,M14268,M,299.8,310.8,1546.0,22.6,7.0,0,No Failure,0,0,0,0,0,215.9,98.2
5615,M15614,M,301.1,311.2,1281.0,42.6,41.0,0,No Failure,0,0,0,0,0,192.4,87.4
5821,M15820,M,301.0,311.9,1361.0,23.3,121.0,1,PWF (Power Failure),0,0,1,0,0,3.5,62.8
8115,L18114,L,304.0,312.6,1168.0,48.2,104.0,0,No Failure,0,0,0,0,0,128.8,58.5
3061,M13060,M,302.2,310.7,1187.0,34.7,31.0,1,HDF (Heat Dissipation),0,1,0,0,0,1.9,83.6
2476,L12475,L,299.5,307.5,1168.0,41.0,42.0,1,HDF (Heat Dissipation),0,1,0,0,0,0.3,76.9
7322,L17321,L,301.7,312.1,1168.0,38.3,38.0,0,No Failure,0,0,0,0,0,194.5,88.4
772,M10771,M,301.6,311.7,1168.0,45.0,156.0,0,No Failure,0,0,0,0,0,112.7,51.2
7440,H17439,H,301.6,309.6,1263.0,52.4,218.0,1,HDF (Heat Dissipation),1,1,0,0,0,4.3,22.6
2630,L12629,L,299.7,309.3,1182.0,40.5,107.0,0,No Failure,0,0,0,0,0,130.9,59.5
8150,L18149,L,303.5,312.9,1172.0,36.5,11.0,0,No Failure,0,0,0,0,0,206.2,93.7
1453,H11452,H,301.6,311.8,1168.0,35.6,103.0,0,No Failure,0,0,0,0,0,156.1,70.9
9396,M19395,M,297.6,305.8,1168.0,59.7,83.0,1,HDF (Heat Dissipation),0,1,0,0,0,2.8,62.0
6018,H16017,H,302.5,312.5,1168.0,36.7,120.0,0,No Failure,0,0,0,0,0,144.8,65.8
7283,L17282,L,298.0,307.3,1275.0,32.5,129.0,0,No Failure,0,0,0,0,0,132.7,60.3
7346,M17345,M,299.1,308.1,1264.0,24.8,121.0,1,PWF (Power Failure),0,0,1,0,0,2.6,58.1
5102,L15101,L,296.9,307.2,1546.0,19.3,91.0,1,PWF (Power Failure),0,0,1,0,0,0.8,69.1
512,H10511,H,300.5,309.4,1240.0,39.9,165.0,0,No Failure,0,0,0,0,0,103.8,47.2
8679,M18678,M,298.7,307.7,1395.0,21.9,41.0,1,PWF (Power Failure),0,0,1,0,0,5.8,80.9
3990,H13989,H,299.3,308.9,1279.0,42.3,124.0,0,No Failure,0,0,0,0,0,135.8,61.7
2565,M12564,M,301.2,310.7,1212.0,39.9,117.0,0,No Failure,0,0,0,0,0,137.6,62.5
6377,L16376,L,295.4,304.3,1168.0,35.8,222.0,1,TWF (Tool Wear Failure),1,0,0,0,0,3.3,28.4
7672,L17671,L,300.0,310.9,1403.0,31.6,120.0,0,No Failure,0,0,0,0,0,144.4,65.7
8305,M18304,M,301.0,311.0,1168.0,27.7,107.0,1,PWF (Power Failure),0,0,1,0,0,1.8,66.0
2558,L12557,L,300.8,310.1,1402.0,33.2,96.0,0,No Failure,0,0,0,0,0,157.2,71.4
8231,L18230,L,301.4,310.8,1168.0,35.7,107.0,0,No Failure,0,0,0,0,0,168.3,76.5
6250,L16249,L,299.1,309.8,1168.0,46.9,211.0,1,TWF (Tool Wear Failure),1,0,0,0,0,0.4,30.8
3169,L13168,L,302.3,313.6,1168.0,33.8,177.0,0,No Failure,0,0,0,0,0,106.2,48.3
8452,L18451,L,301.0,311.1,1489.0,22.1,185.0,1,PWF (Power Failure),0,0,1,0,0,4.5,47.4
9961,L19960,L,299.6,309.1,1211.0,56.0,208.0,1,OSF (Overstrain Failure),1,0,0,1,0,3.1,24.2
8604,H18603,H,299.6,309.1,1168.0,39.0,34.0,0,No Failure,0,0,0,0,0,192.8,87.6
3478,H13477,H,301.2,310.9,1209.0,32.5,120.0,0,No Failure,0,0,0,0,0,144.2,65.6
9845,L19844,L,299.4,308.6,1260.0,26.8,26.0,0,No Failure,0,0,0,0,0,190.4,86.6
8251,L18250,L,300.9,311.4,1317.0,30.9,142.0,0,No Failure,0,0,0,0,0,131.2,59.6
3664,M13663,M,299.2,308.8,1263.0,42.3,127.0,0,No Failure,0,0,0,0,0,131.3,59.7
3161,H13160,H,302.3,311.5,1179.0,54.7,148.0,0,No Failure,0,0,0,0,0,105.0,47.7
5053,M15052,M,297.8,308.4,1168.0,30.9,154.0,0,No Failure,0,0,0,0,0,125.5,57.0
3236,L13235,L,302.7,313.2,1168.0,59.5,182.0,0,No Failure,0,0,0,0,0,74.9,34.1
6873,L16872,L,298.2,309.5,1168.0,46.3,89.0,0,No Failure,0,0,0,0,0,156.1,71.0
4575,H14574,H,299.7,310.5,1227.0,41.9,140.0,0,No Failure,0,0,0,0,0,128.6,58.5
4164,L14163,L,300.7,309.4,1168.0,37.7,71.0,0,No Failure,0,0,0,0,0,158.4,72.0
6342,H16341,H,301.2,310.6,1168.0,50.5,94.0,0,No Failure,0,0,0,0,0,147.9,67.2
1409,H11408,H,300.7,308.9,1180.0,45.1,163.0,1,HDF (Heat Dissipation),0,1,0,0,0,0.3,41.4
5428,H15427,H,301.2,311.7,1168.0,32.6,77.0,0,No Failure,0,0,0,0,0,173.4,78.8
2717,M12716,M,300.2,309.5,1168.0,44.9,211.0,0,No Failure,0,0,0,0,0,67.4,30.6
3288,L13287,L,301.5,311.3,1378.0,31.3,140.0,0,No Failure,0,0,0,0,0,131.5,59.8
904,L10903,L,298.6,307.6,1168.0,34.0,151.0,0,No Failure,0,0,0,0,0,111.8,50.8
6041,L16040,L,298.9,308.2,1170.0,53.5,210.0,1,OSF (Overstrain Failure),0,0,0,1,0,4.2,23.9
9921,L19920,L,298.3,308.9,1210.0,27.8,79.0,0,No Failure,0,0,0,0,0,164.4,74.7
3037,M13036,M,298.8,308.5,1168.0,45.4,180.0,0,No Failure,0,0,0,0,0,92.6,42.1
1589,L11588,L,298.2,308.0,1501.0,16.9,123.0,1,PWF (Power Failure),0,0,1,0,0,2.2,59.7
4988,L14987,L,299.2,309.6,1168.0,77.58,161.0,0,No Failure,0,0,0,0,0,107.0,48.7
8493,L18492,L,292.925,311.7,1168.0,46.1,106.0,0,No Failure,0,0,0,0,0,144.0,65.5
3163,L13162,L,300.1,308.9,1295.0,24.8,159.0,1,PWF (Power Failure),0,0,1,0,0,4.6,48.3
2877,L12876,L,300.4,313.1,1546.0,13.9,85.0,1,PWF (Power Failure),0,0,1,0,0,3.9,69.8
5300,L15299,L,300.1,310.4,1168.0,55.0,73.0,0,No Failure,0,0,0,0,0,163.8,74.4
410,H10409,H,301.8,311.6,1168.0,41.8,57.0,0,No Failure,0,0,0,0,0,180.6,82.1
780,H10779,H,299.2,308.5,1182.0,51.4,186.0,0,No Failure,0,0,0,0,0,81.9,37.2
9129,L19128,L,301.9,311.9,1168.0,37.2,47.0,0,No Failure,0,0,0,0,0,188.8,85.8
6711,L16710,L,299.1,309.6,1225.0,49.0,208.0,0,No Failure,0,0,0,0,0,67.3,30.6
6858,L16857,L,296.2,305.9,1194.0,27.3,42.0,1,PWF (Power Failure),0,0,1,0,0,1.0,82.1
1875,H11874,H,293.6,303.6,1168.0,51.9,21.0,0,No Failure,0,0,0,0,0,205.2,93.3
7325,M17324,M,299.3,309.6,1168.0,55.6,48.0,0,No Failure,0,0,0,0,0,184.2,83.7
2397,L12396,L,298.6,308.4,1373.0,18.3,217.0,1,PWF (Power Failure),0,0,1,0,0,0.3,35.5
9930,M19929,M,301.8,311.9,1168.0,34.9,108.0,0,No Failure,0,0,0,0,0,151.7,69.0
5551,L15550,L,297.3,305.8,1168.0,36.5,43.0,1,HDF (Heat Dissipation),0,1,0,0,0,3.5,79.6
4462,L14461,L,298.2,307.7,1316.0,36.7,208.0,1,TWF (Tool Wear Failure),1,0,0,0,0,3.9,36.2
6662,H16661,H,296.7,308.4,1168.0,46.5,35.0,0,No Failure,0,0,0,0,0,196.3,89.2
4119,L14118,L,292.925,302.6,1280.0,28.1,135.0,0,No Failure,0,0,0,0,0,135.4,61.6
1572,M11571,M,297.6,307.8,1168.0,58.0,60.0,0,No Failure,0,0,0,0,0,174.5,79.3
2833,L12832,L,298.3,308.2,1226.0,39.6,177.0,0,No Failure,0,0,0,0,0,99.1,45.0
2946,L12945,L,300.6,311.0,1272.0,34.7,100.0,0,No Failure,0,0,0,0,0,155.2,70.5
2922,L12921,L,300.0,311.2,1168.0,40.9,22.0,0,No Failure,0,0,0,0,0,204.9,93.1
653,M10652,M,300.1,311.1,1168.0,41.9,201.0,0,No Failure,0,0,0,0,0,85.2,38.7
8084,M18083,M,301.1,309.2,1202.0,47.3,234.0,1,HDF (Heat Dissipation),1,1,0,0,0,5.5,16.1
6561,L16560,L,300.9,311.8,1168.0,36.7,153.0,0,No Failure,0,0,0,0,0,119.0,54.1
1974,L11973,L,299.1,307.7,1235.0,42.3,138.0,1,HDF (Heat Dissipation),0,1,0,0,0,8.0,50.5
8044,L18043,L,301.4,311.1,1168.0,33.2,86.0,0,No Failure,0,0,0,0,0,161.7,73.5
1961,M11960,M,301.6,310.1,1380.0,37.7,95.0,0,No Failure,0,0,0,0,0,153.9,69.9
4375,M14374,M,298.5,307.9,1168.0,39.6,151.0,0,No Failure,0,0,0,0,0,114.1,51.9
2514,L12513,L,300.1,311.2,1546.0,13.5,176.0,1,PWF (Power Failure),0,0,1,0,0,7.8,48.3
9832,L19831,L,302.4,310.6,1168.0,47.6,201.0,1,HDF (Heat Dissipation),0,1,0,0,0,1.3,24.7
1266,H11265,H,298.6,309.3,1207.0,40.4,369.0,0,No Failure,0,0,0,0,0,158.7,72.1
7547,M17546,M,298.7,309.5,1269.0,40.8,114.0,0,No Failure,0,0,0,0,0,144.3,65.6
2721,M12720,M,300.5,310.7,1310.0,17.5,4.0,1,PWF (Power Failure),0,0,1,0,0,3.3,89.0
4883,M14882,M,298.2,309.3,1168.0,52.3,32.0,0,No Failure,0,0,0,0,0,196.7,89.4
5660,M15659,M,298.8,309.3,1168.0,64.0,176.0,0,No Failure,0,0,0,0,0,80.6,36.6
9323,L19322,L,297.4,306.7,1169.0,44.5,46.0,0,No Failure,0,0,0,0,0,179.8,81.7
270,L10269,L,299.0,307.8,1168.0,50.6,15.0,0,No Failure,0,0,0,0,0,195.6,88.9
9350,L19349,L,296.8,307.3,1168.0,26.7,130.0,1,PWF (Power Failure),0,0,1,0,0,1.1,57.9
947,M10946,M,301.1,310.05,1168.0,45.4,73.0,0,No Failure,0,0,0,0,0,169.7,77.1
958,M10957,M,301.1,309.0,1168.0,40.2,114.0,1,HDF (Heat Dissipation),0,1,0,0,0,6.9,55.2
6275,L16274,L,301.2,312.6,1168.0,41.4,83.0,0,No Failure,0,0,0,0,0,162.9,74.0
4698,L14697,L,298.6,310.7,1246.0,38.5,117.0,0,No Failure,0,0,0,0,0,141.5,64.3
5914,L15913,L,298.7,308.7,1238.0,35.6,12.0,0,No Failure,0,0,0,0,0,212.2,96.4
5447,H15446,H,305.5,315.3,1168.0,42.7,150.0,0,No Failure,0,0,0,0,0,119.3,54.2
6721,L16720,L,297.2,308.1,1258.0,34.3,31.0,0,No Failure,0,0,0,0,0,200.0,90.9
9758,M19757,M,296.2,305.6,1394.0,45.6,196.0,0,No Failure,0,0,0,0,0,83.1,37.8
4021,L14020,L,297.5,308.0,1204.0,27.9,6.0,0,No Failure,0,0,0,0,0,208.6,94.8
1009,M11008,M,298.3,307.8,1168.0,32.4,71.0,0,No Failure,0,0,0,0,0,170.6,77.5
8846,M18845,M,301.1,309.3,1313.0,20.5,169.0,1,HDF (Heat Dissipation),0,1,1,0,0,6.6,42.6
394,M10393,M,300.9,313.4,1168.0,32.4,0.0,0,No Failure,0,0,0,0,0,220.0,100.0
1528,L11527,L,298.8,309.1,1306.0,47.2,135.0,0,No Failure,0,0,0,0,0,122.4,55.6
1435,L11434,L,297.4,307.1,1168.0,35.8,34.0,0,No Failure,0,0,0,0,0,194.4,88.4
211,M10210,M,292.925,309.1,1217.0,58.2,32.0,0,No Failure,0,0,0,0,0,195.7,88.9
7379,L17378,L,301.3,310.0,1272.0,51.6,23.0,0,No Failure,0,0,0,0,0,192.6,87.5
2849,M12848,M,299.7,309.8,1168.0,48.6,2.0,0,No Failure,0,0,0,0,0,218.6,99.4
8739,M18738,M,299.9,310.3,1304.0,27.2,7.0,0,No Failure,0,0,0,0,0,213.5,97.1
7353,H17352,H,298.1,306.6,1168.0,49.2,141.0,1,HDF (Heat Dissipation),0,1,0,0,0,4.5,48.3
9561,M19560,M,297.2,308.0,1401.0,33.9,106.0,0,No Failure,0,0,0,0,0,91.0,41.3
8024,L18023,L,300.0,310.5,1168.0,36.3,23.0,0,No Failure,0,0,0,0,0,204.9,93.1
4025,M14024,M,300.6,309.5,1239.0,34.2,19.0,0,No Failure,0,0,0,0,0,197.9,89.9
23,H10022,H,301.4,311.0,1350.0,20.2,78.0,1,PWF (Power Failure),0,0,1,0,0,1.4,70.0
651,L10650,L,304.4,313.2,1168.0,30.5,192.0,0,No Failure,0,0,0,0,0,85.3,38.8
4793,L14792,L,297.2,308.2,1247.0,31.5,205.0,0,No Failure,0,0,0,0,0,91.1,41.4
9241,L19240,L,301.5,310.8,1168.0,33.9,200.0,0,No Failure,0,0,0,0,0,83.6,38.0
9683,H19682,H,300.8,309.6,1168.0,43.2,160.0,0,No Failure,0,0,0,0,0,101.3,46.0
2924,M12923,M,299.2,309.9,1168.0,31.8,28.0,0,No Failure,0,0,0,0,0,202.8,92.2
753,L10752,L,303.6,314.6,1209.0,63.1,100.0,0,No Failure,0,0,0,0,0,138.1,62.8
3472,L13471,L,300.1,310.8,1262.0,48.5,101.0,0,No Failure,0,0,0,0,0,146.2,66.4
5094,L15093,L,300.3,312.7,1168.0,41.4,60.0,0,No Failure,0,0,0,0,0,178.7,81.2
9738,L19737,L,297.9,307.8,1215.0,49.5,124.0,0,No Failure,0,0,0,0,0,127.6,58.0
5803,M15802,M,300.8,310.9,1226.0,28.6,106.0,0,No Failure,0,0,0,0,0,178.8,81.3
2725,L12724,L,301.1,311.5,1396.0,41.6,19.0,0,No Failure,0,0,0,0,0,206.9,94.0
7871,L17870,L,303.2,312.9,1276.0,43.7,116.0,0,No Failure,0,0,0,0,0,136.2,61.9
3652,L13651,L,300.3,309.5,1168.0,46.4,89.0,0,No Failure,0,0,0,0,0,147.3,66.9
2277,M12276,M,299.3,309.6,1177.0,26.8,39.0,1,PWF (Power Failure),0,0,1,0,0,3.0,83.4
3886,L13885,L,297.8,307.7,1168.0,48.8,8.0,0,No Failure,0,0,0,0,0,213.0,96.8
1103,M11102,M,298.1,310.1,1198.0,32.4,176.0,0,No Failure,0,0,0,0,0,111.2,50.5
3522,H13521,H,296.9,307.9,1168.0,37.8,68.0,0,No Failure,0,0,0,0,0,177.0,80.5
733,L10732,L,300.7,310.3,1168.0,59.6,42.0,0,No Failure,0,0,0,0,0,182.1,82.8
3115,L13114,L,301.3,311.9,1168.0,34.6,221.0,0,No Failure,0,0,0,0,0,76.9,34.9
7297,M17296,M,300.1,309.3,1183.0,54.7,181.0,0,No Failure,0,0,0,0,0,77.1,35.0
8129,M18128,M,302.0,312.4,1168.0,49.1,148.0,0,No Failure,0,0,0,0,0,114.9,52.2
7006,L17005,L,298.0,310.0,1168.0,44.2,103.0,0,No Failure,0,0,0,0,0,147.4,67.0
9354,M19353,M,302.7,312.2,1179.0,39.7,143.0,0,No Failure,0,0,0,0,0,113.2,51.5
2742,H12741,H,303.8,316.3,1192.0,35.5,74.0,0,No Failure,0,0,0,0,0,174.1,79.1
4300,M14299,M,295.8,306.4,1168.0,47.9,119.0,0,No Failure,0,0,0,0,0,136.3,61.9
1463,L11462,L,299.6,309.6,1168.0,40.5,139.0,0,No Failure,0,0,0,0,0,125.1,56.8
4959,L14958,L,302.4,311.5,1244.0,40.1,69.0,0,No Failure,0,0,0,0,0,164.9,74.9
9827,H19826,H,296.0,308.2,1168.0,37.1,182.0,0,No Failure,0,0,0,0,0,105.6,48.0
2976,H12975,H,300.5,311.0,1168.0,42.7,200.0,0,No Failure,0,0,0,0,0,88.6,40.3
8010,M18009,M,297.3,307.5,1177.0,38.2,187.0,0,No Failure,0,0,0,0,0,98.4,44.7
5632,L15631,L,303.7,314.5,1174.0,47.4,90.0,0,No Failure,0,0,0,0,0,154.8,70.4
5986,L15985,L,298.5,308.9,1279.0,40.8,6.0,0,No Failure,0,0,0,0,0,215.9,98.1
8719,M18718,M,298.0,307.7,1330.0,37.8,155.0,0,No Failure,0,0,0,0,0,118.0,53.6
7444,L17443,L,299.5,309.8,1168.0,54.8,13.0,0,No Failure,0,0,0,0,0,210.0,95.5
9400,M19399,M,301.0,312.0,1168.0,42.1,99.0,0,No Failure,0,0,0,0,0,153.5,69.8
9711,H19710,H,300.8,311.8,1370.0,38.1,31.0,0,No Failure,0,0,0,0,0,200.4,91.1
7620,H17619,H,298.6,309.3,1305.0,37.5,154.0,0,No Failure,0,0,0,0,0,122.9,55.9
676,L10675,L,299.8,310.4,1168.0,56.4,70.0,0,No Failure,0,0,0,0,0,165.5,75.2
1922,L11921,L,301.4,311.8,1168.0,49.2,172.0,0,No Failure,0,0,0,0,0,93.5,42.5
8564,L18563,L,292.925,311.5,1314.0,35.4,114.0,0,No Failure,0,0,0,0,0,142.0,64.6
2620,H12619,H,303.6,314.3,1168.0,50.3,85.0,0,No Failure,0,0,0,0,0,160.9,73.1
4440,L14439,L,298.4,310.0,1546.0,2.52,134.0,0,No Failure,0,0,0,0,0,130.7,59.4
3430,H13429,H,301.9,309.8,1168.0,46.1,175.0,1,HDF (Heat Dissipation),0,1,0,0,0,1.7,35.9
543,H10542,H,300.0,308.6,1217.0,52.0,40.0,0,No Failure,0,0,0,0,0,177.5,80.7
4069,H14068,H,296.2,305.9,1168.0,54.9,184.0,0,No Failure,0,0,0,0,0,84.5,38.4
1359,M11358,M,299.2,307.9,1293.0,44.5,199.0,0,No Failure,0,0,0,0,0,74.8,34.0
9740,M19739,M,299.5,310.5,1334.0,46.4,129.0,0,No Failure,0,0,0,0,0,130.3,59.2
2722,H12721,H,304.5,312.8,1323.0,50.2,8.0,1,HDF (Heat Dissipation),0,1,0,0,0,0.9,93.2
9036,L19035,L,298.4,308.6,1168.0,56.7,159.0,0,No Failure,0,0,0,0,0,95.9,43.6
9384,H19383,H,295.5,303.3,1168.0,38.2,39.0,1,HDF (Heat Dissipation),0,1,0,0,0,5.0,77.8
2944,L12943,L,300.7,311.1,1360.0,36.8,95.0,0,No Failure,0,0,0,0,0,157.2,71.5
6597,L16596,L,299.0,309.6,1168.0,44.1,44.0,0,No Failure,0,0,0,0,0,189.0,85.9
9933,L19932,L,301.1,311.3,1168.0,49.6,119.0,0,No Failure,0,0,0,0,0,132.2,60.1
6847,L16846,L,298.5,309.3,1313.0,35.9,10.0,0,No Failure,0,0,0,0,0,213.4,97.0
905,H10904,H,302.2,312.4,1173.0,26.5,153.0,1,PWF (Power Failure),0,0,1,0,0,3.7,53.2
6586,L16585,L,297.9,307.0,1309.0,37.3,-188.0,0,No Failure,0,0,0,0,0,211.1,96.0
7190,M17189,M,300.3,309.4,1168.0,43.4,45.0,0,No Failure,0,0,0,0,0,179.6,81.6
1249,H11248,H,299.7,311.6,1281.0,23.2,26.0,1,PWF (Power Failure),0,0,1,0,0,1.2,84.8
9074,M19073,M,300.6,318.2,1273.0,44.8,75.0,0,No Failure,0,0,0,0,0,160.7,73.1
1511,L11510,L,301.7,309.5,1168.0,50.8,81.0,1,HDF (Heat Dissipation),0,1,0,0,0,2.5,61.6
7508,H17507,H,299.0,309.1,1168.0,38.3,223.0,0,No Failure,0,0,0,0,0,78.5,35.7
8017,M18016,M,301.6,309.7,1210.0,28.4,0.0,1,HDF (Heat Dissipation),0,1,0,0,0,1.2,88.4
3760,L13759,L,300.9,310.8,1336.0,34.5,11.0,0,No Failure,0,0,0,0,0,212.4,96.5
5460,L15459,L,304.2,314.4,1314.0,27.9,194.0,0,No Failure,0,0,0,0,0,102.2,46.4
8627,L18626,L,299.9,310.5,1409.0,32.4,109.0,0,No Failure,0,0,0,0,0,150.9,68.6
4891,L14890,L,302.2,311.2,1348.0,31.9,62.0,0,No Failure,0,0,0,0,0,176.4,80.2
4810,M14809,M,292.925,309.4,1323.0,44.2,26.0,0,No Failure,0,0,0,0,0,202.2,91.9
9774,M19773,M,300.7,311.6,1201.0,44.4,12.0,0,No Failure,0,0,0,0,0,211.8,96.3
8710,L18709,L,296.1,306.4,1376.0,39.9,128.0,0,No Failure,0,0,0,0,0,133.0,60.5
3747,L13746,L,296.0,305.1,1173.0,33.5,181.0,0,No Failure,0,0,0,0,0,94.1,42.8
773,M10772,M,298.8,308.5,1459.0,34.0,160.0,0,No Failure,0,0,0,0,0,119.7,54.4
24,H10023,H,296.8,306.8,1365.0,19.4,84.0,1,PWF (Power Failure),0,0,1,0,0,6.3,69.4
9660,L19659,L,299.3,310.8,1168.0,43.8,74.0,0,No Failure,0,0,0,0,0,168.0,76.4
7181,L17180,L,297.7,308.5,1168.0,43.8,21.0,0,No Failure,0,0,0,0,0,205.2,93.3
647,L10646,L,300.0,307.2,1168.0,40.15,182.0,0,No Failure,0,0,0,0,0,78.5,35.7
3603,M13602,M,303.1,314.2,1168.0,50.5,144.0,0,No Failure,0,0,0,0,0,116.6,53.0
8588,L18587,L,302.5,313.1,1263.0,21.6,197.0,1,PWF (Power Failure),0,0,1,0,0,6.0,39.0
3234,L13233,L,302.7,311.4,1168.0,42.9,176.0,0,No Failure,0,0,0,0,0,83.0,37.7
4009,L14008,L,300.4,311.3,1276.0,44.5,181.0,0,No Failure,0,0,0,0,0,92.0,41.8
589,L10588,L,301.0,311.0,1168.0,39.3,191.0,0,No Failure,0,0,0,0,0,90.9,41.3
6287,M16286,M,300.4,310.0,1378.0,39.7,120.0,0,No Failure,0,0,0,0,0,139.7,63.5
7024,L17023,L,299.4,310.5,1270.0,33.3,168.0,0,No Failure,0,0,0,0,0,112.5,51.1
1696,M11695,M,295.7,304.3,1168.0,40.3,51.0,0,No Failure,0,0,0,0,0,170.9,77.7
1827,M11826,M,296.8,306.2,1172.0,45.1,63.0,0,No Failure,0,0,0,0,0,170.1,77.3
4210,L14209,L,298.7,307.1,1251.0,39.5,5.0,1,HDF (Heat Dissipation),0,1,0,0,0,4.1,92.1
9246,M19245,M,297.1,309.0,1168.0,40.3,211.0,0,No Failure,0,0,0,0,0,80.4,36.5
5311,L15310,L,299.8,308.8,1382.0,29.2,109.0,0,No Failure,0,0,0,0,0,150.0,68.2
9454,M19453,M,299.2,308.5,1168.0,43.9,58.0,0,No Failure,0,0,0,0,0,172.8,78.5
9125,H19124,H,297.6,306.4,1417.0,30.7,30.0,0,No Failure,0,0,0,0,0,200.4,91.1
4022,L14021,L,296.3,307.5,1340.0,36.0,8.0,0,No Failure,0,0,0,0,0,214.8,97.6
1438,M11437,M,296.9,307.8,1168.0,52.6,45.0,0,No Failure,0,0,0,0,0,187.2,85.1
8546,M18545,M,302.0,313.1,1191.0,37.3,55.0,0,No Failure,0,0,0,0,0,184.5,83.9
8917,M18916,M,297.8,306.4,1168.0,41.8,178.0,1,HDF (Heat Dissipation),0,1,0,0,0,5.9,38.8
1689,M11688,M,301.5,310.5,1546.0,40.1,26.0,0,No Failure,0,0,0,0,0,202.8,92.2
6309,L16308,L,296.6,307.9,1237.0,53.8,205.0,1,OSF (Overstrain Failure),1,0,0,1,0,0.1,28.9
7073,L17072,L,300.7,311.5,1168.0,39.9,98.0,0,No Failure,0,0,0,0,0,153.4,69.7
1458,L11457,L,300.2,310.7,1327.0,28.4,122.0,0,No Failure,0,0,0,0,0,145.5,66.2
1464,L11463,L,295.3,305.5,1199.0,53.2,141.0,0,No Failure,0,0,0,0,0,113.0,51.3
8928,H18927,H,296.1,306.6,1224.0,29.4,211.0,0,No Failure,0,0,0,0,0,94.8,43.1
3762,L13761,L,300.6,310.6,1293.0,44.2,20.0,0,No Failure,0,0,0,0,0,205.9,93.6
128,L10127,L,300.1,311.1,1168.0,42.9,185.0,0,No Failure,0,0,0,0,0,91.0,41.4
6461,L16460,L,298.2,308.6,1200.0,33.0,28.0,0,No Failure,0,0,0,0,0,202.1,91.9
7521,L17520,L,297.7,307.1,1264.0,34.6,36.0,0,No Failure,0,0,0,0,0,191.8,87.2
1122,L11121,L,299.7,310.9,1168.0,44.3,23.0,0,No Failure,0,0,0,0,0,203.8,92.6
3019,L13018,L,301.0,312.2,1275.0,46.4,123.0,0,No Failure,0,0,0,0,0,131.6,59.8
1282,L11281,L,297.4,309.1,1368.0,43.7,151.0,0,No Failure,0,0,0,0,0,114.0,51.8
824,M10823,M,303.4,312.2,1168.0,38.6,103.0,0,No Failure,0,0,0,0,0,139.6,63.5
8297,M18296,M,301.9,311.3,1168.0,61.7,84.0,0,No Failure,0,0,0,0,0,147.9,67.2
3263,L13262,L,300.4,311.6,1168.0,37.1,59.0,0,No Failure,0,0,0,0,0,180.9,82.2
1332,L11331,L,301.4,311.1,1214.0,38.6,99.0,0,No Failure,0,0,0,0,0,150.4,68.4
1837,L11836,L,300.0,307.0,1217.0,38.7,93.0,0,No Failure,0,0,0,0,0,157.5,71.6
2734,L12733,L,302.6,315.1,1168.0,46.0,48.0,0,No Failure,0,0,0,0,0,185.6,84.4
6989,L16988,L,300.0,312.0,1321.0,53.5,34.0,0,No Failure,0,0,0,0,0,194.1,88.2
7776,L17775,L,305.0,313.4,1168.0,59.8,26.0,1,HDF (Heat Dissipation),0,1,0,0,0,2.6,82.6
4341,L14340,L,297.9,307.5,1168.0,42.5,39.0,0,No Failure,0,0,0,0,0,188.5,85.7
1757,L11756,L,300.8,310.7,1168.0,52.7,46.0,0,No Failure,0,0,0,0,0,184.1,83.7
2599,H12598,H,299.7,311.0,1226.0,49.7,12.0,0,No Failure,0,0,0,0,0,211.7,96.2
5296,M15295,M,302.2,311.8,1168.0,38.5,60.0,0,No Failure,0,0,0,0,0,176.5,80.2
7624,L17623,L,299.5,308.5,1168.0,39.2,169.0,0,No Failure,0,0,0,0,0,94.9,43.1
9465,H19464,H,300.1,308.5,1295.0,48.2,93.0,1,HDF (Heat Dissipation),0,1,0,0,0,2.3,66.1
2422,L12421,L,302.1,310.2,1168.0,46.8,80.0,1,HDF (Heat Dissipation),0,1,0,0,0,6.8,64.3
8714,M18713,M,301.2,311.0,1168.0,38.2,140.0,0,No Failure,0,0,0,0,0,126.8,57.6
9700,L19699,L,298.1,309.1,1535.0,22.9,215.0,1,TWF (Tool Wear Failure),1,0,0,0,0,6.2,42.1
622,L10621,L,302.8,314.8,1168.0,48.9,93.0,0,No Failure,0,0,0,0,0,151.8,69.0
3368,M13367,M,298.4,308.3,1177.0,25.5,177.0,1,PWF (Power Failure),0,0,1,0,0,6.1,44.6
8198,L18197,L,299.9,310.0,1546.0,15.8,180.0,1,PWF (Power Failure),0,0,1,0,0,6.0,46.2
2612,H12611,H,300.0,310.2,1190.0,39.3,54.0,0,No Failure,0,0,0,0,0,185.5,84.3
4930,L14929,L,301.7,312.0,1168.0,48.1,107.0,0,No Failure,0,0,0,0,0,85.9,39.1
5513,L15512,L,300.1,309.5,1252.0,48.0,145.0,0,No Failure,0,0,0,0,0,109.2,49.6
8786,L18785,L,298.4,309.5,1168.0,48.0,171.0,0,No Failure,0,0,0,0,0,95.5,43.4
3460,M13459,M,298.5,307.8,1546.0,38.1,63.0,0,No Failure,0,0,0,0,0,179.1,81.4
7303,H17302,H,300.0,308.9,1168.0,31.5,202.0,0,No Failure,0,0,0,0,0,86.7,39.4
6564,H16563,H,299.8,310.1,1380.0,27.0,160.0,0,No Failure,0,0,0,0,0,127.7,58.0
8962,L18961,L,300.8,311.6,1546.0,20.1,104.0,1,PWF (Power Failure),0,0,1,0,0,3.7,68.7
8936,H18935,H,300.5,310.1,1275.0,40.3,21.0,0,No Failure,0,0,0,0,0,203.4,92.4
9543,L19542,L,301.4,311.8,1261.0,51.4,107.0,0,No Failure,0,0,0,0,0,110.0,50.0
4981,H14980,H,296.7,308.0,1168.0,40.3,138.0,0,No Failure,0,0,0,0,0,131.0,59.6
9831,M19830,M,300.5,312.2,1217.0,36.9,198.0,0,No Failure,0,0,0,0,0,92.7,42.1
3516,M13515,M,300.5,309.9,1482.0,25.5,48.0,0,No Failure,0,0,0,0,0,192.1,87.3
2831,L12830,L,306.1,313.2,1168.0,41.9,171.0,1,HDF (Heat Dissipation),0,1,0,0,0,5.0,31.8
5410,H15409,H,296.7,307.8,1381.0,33.2,12.0,0,No Failure,0,0,0,0,0,212.7,96.7
6820,H16819,H,299.5,310.4,1208.0,55.9,125.0,0,No Failure,0,0,0,0,0,129.5,58.9
3450,H13449,H,300.6,310.4,1168.0,53.5,24.0,0,No Failure,0,0,0,0,0,200.7,91.2
2094,L12093,L,299.3,309.6,1206.0,37.5,96.0,0,No Failure,0,0,0,0,0,156.2,71.0
2018,L12017,L,295.8,306.4,1168.0,39.5,72.0,0,No Failure,0,0,0,0,0,171.3,77.8
36,L10035,L,300.7,302.0,1208.0,41.3,121.0,0,No Failure,0,0,0,0,0,136.8,62.2
8585,H18584,H,300.3,309.4,1168.0,67.2,187.0,0,No Failure,0,0,0,0,0,64.0,29.1
5108,L15107,L,299.0,310.0,1327.0,33.2,110.0,0,No Failure,0,0,0,0,0,149.7,68.0
178,H10177,H,296.7,305.2,1356.0,25.3,133.0,1,HDF (Heat Dissipation),0,1,0,0,0,3.7,60.2
1597,L11596,L,298.7,309.6,1168.0,42.9,149.0,0,No Failure,0,0,0,0,0,116.1,52.8
526,L10525,L,301.5,310.7,1168.0,43.1,209.0,0,No Failure,0,0,0,0,0,65.2,29.6
7883,L17882,L,300.1,309.4,1168.0,68.7,155.0,0,No Failure,0,0,0,0,0,80.2,36.5
1756,M11755,M,300.8,310.3,1168.0,48.2,42.0,0,No Failure,0,0,0,0,0,184.9,84.0
9766,M19765,M,301.7,310.4,1413.0,41.2,223.0,1,TWF (Tool Wear Failure),1,0,0,0,0,4.9,31.5
984,L10983,L,300.6,310.6,1283.0,39.6,203.0,0,No Failure,0,0,0,0,0,82.4,37.5
57,L10056,L,307.1,315.4,1168.0,35.4,191.0,0,No Failure,0,0,0,0,0,92.1,41.9
3756,L13755,L,299.2,309.1,1168.0,33.1,209.0,1,TWF (Tool Wear Failure),1,0,0,0,0,0.1,38.8
2603,L12602,L,298.6,308.3,1338.0,29.5,29.0,0,No Failure,0,0,0,0,0,200.6,91.2
8500,L18499,L,300.0,309.3,1168.0,41.0,131.0,0,No Failure,0,0,0,0,0,129.0,58.7
5226,L15225,L,299.6,309.4,1349.0,32.5,63.0,0,No Failure,0,0,0,0,0,179.1,81.4
7606,H17605,H,301.7,312.7,1362.0,37.0,104.0,0,No Failure,0,0,0,0,0,154.7,70.3
7744,H17743,H,300.0,309.9,1168.0,45.7,137.0,0,No Failure,0,0,0,0,0,126.8,57.7
6337,L16336,L,302.6,311.4,1399.0,19.3,77.0,1,PWF (Power Failure),0,0,1,0,0,5.3,69.3
5448,L15447,L,300.7,311.9,1168.0,51.4,156.0,0,No Failure,0,0,0,0,0,103.2,46.9
4004,L14003,L,302.7,312.4,1168.0,39.0,168.0,0,No Failure,0,0,0,0,0,103.5,47.0
2697,H12696,H,300.4,309.9,1168.0,53.3,138.0,0,No Failure,0,0,0,0,0,116.4,52.9
9385,L19384,L,300.3,311.5,1168.0,38.9,44.0,0,No Failure,0,0,0,0,0,190.4,86.5
6612,L16611,L,300.4,311.6,1168.0,45.1,84.0,0,No Failure,0,0,0,0,0,160.3,72.9
6777,L16776,L,300.0,311.1,1379.0,25.5,212.0,0,No Failure,0,0,0,0,0,91.1,41.4
5497,H15496,H,300.9,311.6,1168.0,47.6,94.0,0,No Failure,0,0,0,0,0,155.9,70.9
3489,L13488,L,299.1,308.9,1175.0,48.8,165.0,0,No Failure,0,0,0,0,0,96.9,44.0
2301,H12300,H,303.3,313.3,1168.0,61.6,115.0,0,No Failure,0,0,0,0,0,133.4,60.7
7304,L17303,L,299.8,311.4,1168.0,48.2,208.0,0,No Failure,0,0,0,0,0,68.3,31.1
1997,L11996,L,296.3,306.3,1288.0,25.1,6.0,1,PWF (Power Failure),0,0,1,0,0,2.4,93.2
8227,M18226,M,301.0,310.0,1168.0,38.4,56.0,0,No Failure,0,0,0,0,0,172.5,78.4
9320,L19319,L,296.8,306.8,1228.0,40.15,38.0,1,PWF (Power Failure),0,0,1,0,0,7.5,80.0
7401,M17400,M,299.2,310.0,1393.0,44.4,93.0,0,No Failure,0,0,0,0,0,156.4,71.1
7881,L17880,L,298.4,308.2,1216.0,32.7,150.0,0,No Failure,0,0,0,0,0,122.5,55.7
4689,H14688,H,297.3,307.9,1207.0,35.6,86.0,0,No Failure,0,0,0,0,0,166.6,75.7
563,H10562,H,302.2,313.0,1262.0,38.2,99.0,0,No Failure,0,0,0,0,0,157.2,71.5
6818,L16817,L,297.5,306.8,1257.0,36.7,121.0,0,No Failure,0,0,0,0,0,134.2,61.0
7234,L17233,L,299.5,309.4,1168.0,75.73,188.0,1,PWF (Power Failure),0,0,1,0,0,4.6,39.3
1541,H11540,H,300.9,311.3,1273.0,50.1,173.0,0,No Failure,0,0,0,0,0,99.9,45.4
7382,L17381,L,298.7,308.3,1454.0,29.4,32.0,0,No Failure,0,0,0,0,0,200.3,91.0
7934,L17933,L,299.3,309.3,1168.0,40.4,128.0,0,No Failure,0,0,0,0,0,132.7,60.3
3653,L13652,L,297.9,308.0,1168.0,39.8,91.0,0,No Failure,0,0,0,0,0,158.2,71.9
6276,M16275,M,299.9,310.1,1292.0,30.9,86.0,0,No Failure,0,0,0,0,0,167.5,76.2
6108,L16107,L,299.3,309.8,1168.0,38.3,203.0,0,No Failure,0,0,0,0,0,84.0,38.2
2874,L12873,L,302.3,312.0,908.0,31.9,77.0,0,No Failure,0,0,0,0,0,168.5,76.6
4687,L14686,L,302.4,311.7,1348.0,28.2,81.0,0,No Failure,0,0,0,0,0,167.5,76.1
4822,L14821,L,303.0,311.9,1351.0,19.8,67.0,1,PWF (Power Failure),0,0,1,0,0,7.9,70.8
3600,L13599,L,302.9,313.1,1208.0,43.7,136.0,0,No Failure,0,0,0,0,0,124.5,56.6
6174,L16173,L,302.4,311.8,1270.0,41.0,196.0,0,No Failure,0,0,0,0,0,80.8,36.7
2439,L12438,L,299.5,309.7,1168.0,45.5,137.0,0,No Failure,0,0,0,0,0,122.3,55.6
5120,M15119,M,298.7,309.1,1384.0,45.1,153.0,0,No Failure,0,0,0,0,0,114.7,52.1
2398,L12397,L,299.7,309.1,1368.0,33.2,220.0,1,TWF (Tool Wear Failure),1,0,0,0,0,0.2,35.1
4958,L14957,L,300.6,310.5,1168.0,40.9,66.0,0,No Failure,0,0,0,0,0,173.7,78.9
8920,M18919,M,301.7,312.9,1324.0,47.7,189.0,0,No Failure,0,0,0,0,0,87.3,39.7
7996,L17995,L,300.8,309.9,1168.0,6.67,133.0,0,No Failure,0,0,0,0,0,105.2,47.8
732,L10731,L,302.1,313.8,1168.0,33.4,40.0,0,No Failure,0,0,0,0,0,194.4,88.4
2590,L12589,L,301.2,309.9,1168.0,39.0,-99.0,0,No Failure,0,0,0,0,0,68.2,31.0
7603,M17602,M,297.8,307.6,1260.0,38.0,92.0,0,No Failure,0,0,0,0,0,158.6,72.1
3842,M13841,M,299.5,309.5,1181.0,40.6,77.0,0,No Failure,0,0,0,0,0,168.9,76.8
3632,H13631,H,297.2,307.0,1303.0,34.9,19.0,0,No Failure,0,0,0,0,0,207.0,94.1
7971,M17970,M,303.9,314.6,1368.0,35.9,31.0,0,No Failure,0,0,0,0,0,200.2,91.0
8635,L18634,L,304.1,314.5,1168.0,35.5,140.0,0,No Failure,0,0,0,0,0,128.6,58.4
4664,L14663,L,301.6,310.6,1185.0,53.5,3.0,0,No Failure,0,0,0,0,0,206.7,94.0
7362,M17361,M,300.1,313.8,1419.0,16.5,170.0,1,PWF (Power Failure),0,0,1,0,0,5.5,49.0
1081,L11080,L,302.8,311.7,1236.0,30.2,101.0,0,No Failure,0,0,0,0,0,146.9,66.8
1924,L11923,L,300.8,309.3,1188.0,49.9,177.0,1,HDF (Heat Dissipation),0,1,0,0,0,0.1,33.0
5089,H15088,H,302.1,311.2,1267.0,35.6,45.0,0,No Failure,0,0,0,0,0,184.8,84.0
645,M10644,M,303.3,313.1,1260.0,44.3,172.0,0,No Failure,0,0,0,0,0,100.7,45.8
5333,L15332,L,307.1,314.1,1376.0,46.4,180.0,0,No Failure,0,0,0,0,0,89.7,40.8
9962,L19961,L,299.0,309.6,1174.0,35.5,211.0,0,No Failure,0,0,0,0,0,82.2,37.4
6696,L16695,L,297.6,307.6,1247.0,43.1,161.0,0,No Failure,0,0,0,0,0,107.5,48.9
8622,M18621,M,301.0,311.0,1168.0,32.3,95.0,0,No Failure,0,0,0,0,0,161.3,73.3
4138,H14137,H,298.9,310.0,1168.0,41.1,203.0,0,No Failure,0,0,0,0,0,88.3,40.1
4441,L14440,L,298.5,307.9,1168.0,29.9,137.0,0,No Failure,0,0,0,0,0,124.6,56.6
4779,L14778,L,299.7,307.7,1285.0,38.3,154.0,1,HDF (Heat Dissipation),0,1,0,0,0,2.0,46.5
9650,L19649,L,307.1,311.8,1297.0,28.1,31.0,0,No Failure,0,0,0,0,0,195.1,88.7
7761,L17760,L,300.7,309.9,1168.0,38.5,201.0,0,No Failure,0,0,0,0,0,76.3,34.7
9653,L19652,L,299.7,309.6,1168.0,53.8,45.0,0,No Failure,0,0,0,0,0,184.6,83.9
153,L10152,L,304.0,313.7,1168.0,38.0,48.0,0,No Failure,0,0,0,0,0,184.6,83.9
6464,L16463,L,299.0,310.0,1546.0,57.9,38.0,0,No Failure,0,0,0,0,0,190.1,86.4
9289,L19288,L,301.0,311.2,1440.0,16.8,151.0,1,PWF (Power Failure),0,0,1,0,0,3.9,52.9
2644,H12643,H,298.6,306.5,1266.0,41.6,171.0,1,HDF (Heat Dissipation),0,1,0,0,0,1.8,41.7
7284,L17283,L,307.1,308.9,1546.0,13.9,132.0,1,PWF (Power Failure),0,0,1,0,0,1.2,58.6
3014,M13013,M,305.6,315.6,1168.0,49.2,107.0,0,No Failure,0,0,0,0,0,144.0,65.4
5874,L15873,L,298.6,309.7,1182.0,42.2,90.0,0,No Failure,0,0,0,0,0,157.6,71.6
4780,M14779,M,307.1,310.0,1237.0,52.9,156.0,0,No Failure,0,0,0,0,0,106.0,48.2
1886,L11885,L,297.4,306.9,1168.0,69.8,57.0,0,No Failure,0,0,0,0,0,164.7,74.9
6881,L16880,L,297.1,305.7,1168.0,38.5,111.0,1,HDF (Heat Dissipation),0,1,0,0,0,2.0,59.1
7741,M17740,M,302.0,312.2,1284.0,26.5,125.0,0,No Failure,0,0,0,0,0,140.3,63.8
7763,L17762,L,301.2,310.4,1168.0,44.9,209.0,0,No Failure,0,0,0,0,0,62.9,28.6
7523,L17522,L,298.5,309.0,1168.0,35.5,41.0,0,No Failure,0,0,0,0,0,193.2,87.8
7734,L17733,L,303.3,314.3,1168.0,54.9,104.0,0,No Failure,0,0,0,0,0,140.0,63.6
484,L10483,L,304.5,314.6,1168.0,5.45,76.0,0,No Failure,0,0,0,0,0,161.2,73.3
5990,L15989,L,303.0,313.2,1438.0,38.1,19.0,0,No Failure,0,0,0,0,0,207.3,94.2
7192,L17191,L,297.7,307.0,1317.0,24.2,51.0,1,PWF (Power Failure),0,0,1,0,0,5.8,78.8
7390,L17389,L,298.8,308.8,1331.0,25.8,57.0,0,No Failure,0,0,0,0,0,180.5,82.0
8465,M18464,M,300.8,312.4,1208.0,44.7,9.0,0,No Failure,0,0,0,0,0,213.8,97.2
386,H10385,H,301.4,311.6,1231.0,35.9,191.0,0,No Failure,0,0,0,0,0,101.1,46.0
5670,H15669,H,300.8,310.5,1308.0,35.1,208.0,1,TWF (Tool Wear Failure),1,0,0,0,0,0.7,40.7
1204,M11203,M,302.0,312.1,1180.0,34.7,96.0,0,No Failure,0,0,0,0,0,159.4,72.5
1767,H11766,H,302.2,309.8,1205.0,41.8,79.0,1,HDF (Heat Dissipation),0,1,0,0,0,5.5,64.8
4986,L14985,L,298.3,308.2,1168.0,37.3,154.0,0,No Failure,0,0,0,0,0,116.7,53.0
3926,M13925,M,302.8,312.1,1168.0,39.9,151.0,0,No Failure,0,0,0,0,0,112.7,51.2
392,L10391,L,299.4,309.3,1168.0,39.1,217.0,1,TWF (Tool Wear Failure),1,0,0,0,0,6.4,33.0
9769,M19768,M,299.1,308.2,1357.0,30.9,232.0,1,TWF (Tool Wear Failure),1,0,0,0,0,5.7,34.0
455,L10454,L,301.0,313.5,1482.0,39.8,226.0,0,No Failure,0,0,0,0,0,66.6,30.3
9388,H19387,H,298.6,308.8,1356.0,45.3,56.0,0,No Failure,0,0,0,0,0,182.5,82.9
8167,M18166,M,299.8,311.4,1180.0,27.4,70.0,1,PWF (Power Failure),0,0,1,0,0,3.5,76.0
3495,L13494,L,301.0,309.6,1168.0,2.52,183.0,0,No Failure,0,0,0,0,0,81.6,37.1
4090,L14089,L,300.2,311.6,1168.0,44.1,32.0,0,No Failure,0,0,0,0,0,197.5,89.8
5923,M15922,M,301.4,311.2,1168.0,36.7,40.0,0,No Failure,0,0,0,0,0,192.1,87.3
4597,L14596,L,296.4,307.5,1168.0,57.4,0.0,0,No Failure,0,0,0,0,0,220.0,100.0
1208,L11207,L,302.3,311.6,1256.0,28.7,109.0,0,No Failure,0,0,0,0,0,146.6,66.6
7981,L17980,L,300.3,310.7,1170.0,30.4,72.0,0,No Failure,0,0,0,0,0,173.1,78.7
5669,M15668,M,302.1,313.0,1168.0,56.1,204.0,0,No Failure,0,0,0,0,0,67.3,30.6
1808,L11807,L,299.8,310.8,1168.0,56.4,2.0,0,No Failure,0,0,0,0,0,218.4,99.3
1723,M11722,M,299.6,309.5,1187.0,39.6,151.0,0,No Failure,0,0,0,0,0,119.6,54.4
5101,M15100,M,301.5,308.6,1177.0,34.6,88.0,1,HDF (Heat Dissipation),0,1,0,0,0,2.8,60.3
6240,M16239,M,300.6,312.5,1168.0,35.1,177.0,0,No Failure,0,0,0,0,0,108.0,49.1
1013,L11012,L,301.6,311.6,1168.0,43.3,85.0,0,No Failure,0,0,0,0,0,160.5,73.0
766,L10765,L,300.0,312.1,1546.0,10.6,139.0,1,PWF (Power Failure),0,0,1,0,0,6.9,58.2
5395,L15394,L,301.0,309.2,1263.0,40.2,185.0,1,HDF (Heat Dissipation),0,1,0,0,0,4.8,36.0
6947,M16946,M,295.8,307.2,1214.0,42.8,105.0,0,No Failure,0,0,0,0,0,149.1,67.8
8378,H18377,H,300.8,310.2,1168.0,32.6,144.0,0,No Failure,0,0,0,0,0,126.2,57.4
5149,H15148,H,300.9,311.2,908.0,58.7,43.0,0,No Failure,0,0,0,0,0,188.3,85.6
7021,H17020,H,298.7,308.4,1340.0,36.8,154.0,0,No Failure,0,0,0,0,0,122.0,55.5
7257,L17256,L,297.9,307.4,1284.0,34.7,31.0,0,No Failure,0,0,0,0,0,196.3,89.2
3379,L13378,L,305.0,318.2,1224.0,32.2,213.0,0,No Failure,0,0,0,0,0,85.1,38.7
9200,L19199,L,299.4,309.4,1168.0,39.5,59.0,0,No Failure,0,0,0,0,0,180.1,81.8
4685,H14684,H,297.9,309.2,1233.0,39.7,73.0,0,No Failure,0,0,0,0,0,173.2,78.7
5511,L15510,L,300.7,309.5,1168.0,37.4,138.0,0,No Failure,0,0,0,0,0,115.1,52.3
650,L10649,L,297.0,306.7,1168.0,34.0,190.0,0,No Failure,0,0,0,0,0,94.3,42.9
357,M10356,M,298.5,309.0,1168.0,42.9,94.0,0,No Failure,0,0,0,0,0,156.5,71.1
5805,M15804,M,300.3,309.9,1168.0,30.6,70.0,0,No Failure,0,0,0,0,0,171.4,77.9
7497,L17496,L,302.1,311.8,1227.0,50.4,186.0,0,No Failure,0,0,0,0,0,79.0,35.9
4602,H14601,H,296.2,304.1,1448.0,26.6,13.0,0,No Failure,0,0,0,0,0,212.3,96.5
7811,L17810,L,304.5,315.5,1168.0,60.9,140.0,0,No Failure,0,0,0,0,0,107.2,48.7
4091,L14090,L,300.9,311.4,1194.0,34.6,35.0,0,No Failure,0,0,0,0,0,197.3,89.7
4506,L14505,L,304.0,314.4,1182.0,43.4,132.0,0,No Failure,0,0,0,0,0,127.5,58.0
9922,M19921,M,298.9,308.7,1168.0,54.5,82.0,0,No Failure,0,0,0,0,0,157.1,71.4
6444,H16443,H,302.4,313.1,1179.0,37.3,206.0,1,TWF (Tool Wear Failure),1,0,0,0,0,4.4,41.1
1882,M11881,M,296.6,307.5,1180.0,37.2,45.0,0,No Failure,0,0,0,0,0,191.0,86.8
3806,L13805,L,299.0,309.3,1546.0,18.5,177.0,1,PWF (Power Failure),0,0,1,0,0,0.3,45.7
7094,M17093,M,295.3,304.6,1381.0,49.2,173.0,0,No Failure,0,0,0,0,0,94.9,43.2
9159,L19158,L,295.1,305.2,1168.0,38.2,142.0,0,No Failure,0,0,0,0,0,125.0,56.8
607,H10606,H,302.3,310.8,1334.0,31.0,42.0,1,HDF (Heat Dissipation),0,1,0,0,0,2.2,85.1
4398,M14397,M,300.5,309.6,1168.0,59.9,0.0,0,No Failure,0,0,0,0,0,210.1,95.5
4485,H14484,H,296.8,306.7,1215.0,44.5,65.0,0,No Failure,0,0,0,0,0,175.7,79.9
5430,M15429,M,302.2,312.4,1375.0,45.4,88.0,0,No Failure,0,0,0,0,0,159.3,72.4
2664,L12663,L,302.0,311.6,1342.0,23.2,22.0,1,PWF (Power Failure),0,0,1,0,0,3.2,86.6
1018,H11017,H,299.9,310.9,1168.0,55.1,103.0,0,No Failure,0,0,0,0,0,145.9,66.3
8335,L18334,L,299.4,308.0,1168.0,35.6,215.0,0,No Failure,0,0,0,0,0,64.1,29.1
7137,L17136,L,296.0,306.4,1182.0,28.3,-188.0,0,No Failure,0,0,0,0,0,169.4,77.0
7375,M17374,M,301.3,312.7,1326.0,36.6,9.0,0,No Failure,0,0,0,0,0,214.2,97.4
6642,H16641,H,303.0,312.8,1187.0,47.5,184.0,0,No Failure,0,0,0,0,0,92.5,42.0
5178,L15177,L,300.0,310.2,1321.0,36.3,132.0,0,No Failure,0,0,0,0,0,133.2,60.5
6649,H16648,H,298.5,309.0,1214.0,59.6,206.0,0,No Failure,0,0,0,0,0,67.0,30.5
6933,M16932,M,300.9,311.2,1285.0,36.7,61.0,0,No Failure,0,0,0,0,0,180.8,82.2
2542,L12541,L,302.3,311.9,1168.0,31.8,44.0,0,No Failure,0,0,0,0,0,187.8,85.4
9270,H19269,H,299.5,309.2,1186.0,27.5,80.0,1,PWF (Power Failure),0,0,1,0,0,3.3,72.6
4559,L14558,L,297.7,306.2,1231.0,47.4,83.0,1,HDF (Heat Dissipation),0,1,0,0,0,0.1,66.1
1308,M11307,M,304.2,313.9,1168.0,54.7,22.0,0,No Failure,0,0,0,0,0,200.4,91.1
433,M10432,M,302.9,313.2,1384.0,30.3,144.0,0,No Failure,0,0,0,0,0,132.6,60.3
6441,L16440,L,298.6,309.0,1168.0,60.8,194.0,1,OSF (Overstrain Failure),0,0,0,1,0,1.1,29.0
2741,L12740,L,300.9,308.1,1199.0,51.2,71.0,1,HDF (Heat Dissipation),0,1,0,0,0,1.4,61.9
7056,L17055,L,298.7,309.8,1168.0,54.0,44.0,0,No Failure,0,0,0,0,0,186.4,84.7
1247,M11246,M,299.7,309.6,1290.0,25.2,20.0,1,PWF (Power Failure),0,0,1,0,0,6.3,89.5
4468,M14467,M,297.2,307.2,1273.0,56.4,6.0,0,No Failure,0,0,0,0,0,215.5,98.0
5714,M15713,M,304.7,313.1,1168.0,53.6,158.0,1,HDF (Heat Dissipation),0,1,0,0,0,0.9,39.2
505,M10504,M,303.2,313.8,1168.0,52.7,145.0,0,No Failure,0,0,0,0,0,114.2,51.9
4053,M14052,M,302.6,311.5,1168.0,35.5,121.0,0,No Failure,0,0,0,0,0,131.0,59.6
1526,L11525,L,301.6,311.5,1406.0,21.9,131.0,1,PWF (Power Failure),0,0,1,0,0,0.5,58.7
3008,L13007,L,300.1,310.0,1319.0,34.2,85.0,0,No Failure,0,0,0,0,0,164.6,74.8
4145,L14144,L,303.7,314.3,1168.0,28.9,11.0,0,No Failure,0,0,0,0,0,206.0,93.6
8048,H18047,H,303.2,312.7,1168.0,27.4,99.0,1,PWF (Power Failure),0,0,1,0,0,5.5,65.8
3993,L13992,L,300.5,310.0,1182.0,42.7,137.0,0,No Failure,0,0,0,0,0,119.1,54.1
7134,L17133,L,302.8,312.4,1343.0,37.6,74.0,0,No Failure,0,0,0,0,0,168.9,76.8
5710,M15709,M,292.925,310.6,1187.0,51.3,141.0,0,No Failure,0,0,0,0,0,105.8,48.1
5470,L15469,L,299.0,308.3,1168.0,47.0,3.0,0,No Failure,0,0,0,0,0,210.1,95.5
3125,L13124,L,301.2,309.8,1332.0,40.0,26.0,0,No Failure,0,0,0,0,0,195.1,88.7
7093,H17092,H,301.3,308.8,1168.0,46.3,167.0,1,HDF (Heat Dissipation),0,1,0,0,0,1.9,36.3
2996,L12995,L,300.2,309.4,1168.0,37.5,44.0,0,No Failure,0,0,0,0,0,181.9,82.7
6351,M16350,M,296.9,305.2,1373.0,33.9,130.0,1,HDF (Heat Dissipation),0,1,0,0,0,3.7,60.4
8645,L18644,L,301.1,311.0,1185.0,35.3,169.0,0,No Failure,0,0,0,0,0,108.7,49.4
5247,M15246,M,300.9,310.6,1168.0,36.7,127.0,0,No Failure,0,0,0,0,0,135.2,61.4
8499,M18498,M,301.7,311.3,1168.0,43.5,128.0,0,No Failure,0,0,0,0,0,128.7,58.5
2340,L12339,L,302.0,310.7,1394.0,34.0,27.0,0,No Failure,0,0,0,0,0,199.4,90.6
2821,L12820,L,303.3,314.5,1168.0,49.0,131.0,0,No Failure,0,0,0,0,0,123.8,56.3
555,L10554,L,303.3,311.1,1236.0,40.0,79.0,1,HDF (Heat Dissipation),0,1,0,0,0,6.1,66.2
2256,M12255,M,300.1,310.8,908.0,44.0,182.0,0,No Failure,0,0,0,0,0,95.9,43.6
7739,L17738,L,300.7,311.0,1240.0,41.3,120.0,0,No Failure,0,0,0,0,0,137.5,62.5
2832,L12831,L,304.0,313.9,1267.0,42.8,402.0,0,No Failure,0,0,0,0,0,98.0,44.5
2681,H12680,H,298.2,307.9,1439.0,49.0,77.0,0,No Failure,0,0,0,0,0,166.8,75.8
4630,L14629,L,297.3,308.2,1204.0,28.1,117.0,0,No Failure,0,0,0,0,0,141.7,64.4
2103,H12102,H,298.3,308.5,1168.0,36.1,121.0,0,No Failure,0,0,0,0,0,144.6,65.7
4533,M14532,M,302.4,312.7,1171.0,48.1,219.0,0,No Failure,0,0,0,0,0,65.7,29.9
1075,H11074,H,299.0,309.8,1220.0,59.3,81.0,0,No Failure,0,0,0,0,0,160.0,72.7
8476,L18475,L,299.9,310.7,1168.0,41.8,44.0,0,No Failure,0,0,0,0,0,189.6,86.2
5959,M15958,M,300.0,309.0,1168.0,50.4,152.0,0,No Failure,0,0,0,0,0,100.0,45.4
9924,L19923,L,298.5,309.6,1241.0,28.7,89.0,0,No Failure,0,0,0,0,0,163.6,74.4
6616,L16615,L,300.2,310.7,1168.0,53.3,99.0,0,No Failure,0,0,0,0,0,144.8,65.8
1143,H11142,H,301.0,312.5,1451.0,22.3,99.0,1,PWF (Power Failure),0,0,1,0,0,5.3,70.0
6392,M16391,M,299.7,310.1,1168.0,35.4,35.0,0,No Failure,0,0,0,0,0,197.8,89.9
6722,L16721,L,302.6,310.8,1168.0,39.3,34.0,1,HDF (Heat Dissipation),0,1,0,0,0,4.0,80.6
4111,L14110,L,301.6,310.6,1397.0,39.6,104.0,0,No Failure,0,0,0,0,0,147.2,66.9
3371,H13370,H,301.9,313.0,1168.0,40.7,185.0,0,No Failure,0,0,0,0,0,100.4,45.6
7576,H17575,H,300.4,309.7,1273.0,32.0,213.0,0,No Failure,0,0,0,0,0,86.2,39.2
4706,L14705,L,301.4,312.9,1223.0,34.0,140.0,0,No Failure,0,0,0,0,0,129.8,59.0
5883,M15882,M,298.5,309.6,1388.0,38.7,113.0,0,No Failure,0,0,0,0,0,146.2,66.5
2019,M12018,M,301.5,311.4,1310.0,53.9,75.0,0,No Failure,0,0,0,0,0,164.2,74.6
7462,M17461,M,300.3,310.4,1320.0,55.0,69.0,0,No Failure,0,0,0,0,0,168.8,76.7
6500,M16499,M,296.2,306.9,1168.0,61.7,164.0,0,No Failure,0,0,0,0,0,92.2,41.9
8185,L18184,L,304.9,314.4,1168.0,38.5,132.0,0,No Failure,0,0,0,0,0,125.9,57.2
6914,M16913,M,300.4,310.6,1180.0,51.2,224.0,0,No Failure,0,0,0,0,0,58.4,26.5
1647,L11646,L,300.8,312.2,1168.0,40.6,100.0,0,No Failure,0,0,0,0,0,151.6,68.9
7956,M17955,M,301.1,312.0,1168.0,48.3,206.0,0,No Failure,0,0,0,0,0,74.6,33.9
7293,H17292,H,302.4,314.3,1168.0,45.0,162.0,0,No Failure,0,0,0,0,0,111.7,50.8
1693,L11692,L,301.0,309.2,1519.0,21.0,42.0,1,PWF (Power Failure),0,0,1,0,0,0.7,83.5
1883,L11882,L,299.7,309.2,1182.0,43.1,48.0,0,No Failure,0,0,0,0,0,181.0,82.3
5358,L15357,L,299.4,309.4,1323.0,48.3,47.0,0,No Failure,0,0,0,0,0,185.7,84.4
1664,L11663,L,298.2,307.4,1349.0,20.2,158.0,1,PWF (Power Failure),0,0,1,0,0,0.4,48.1
4029,L14028,L,304.1,318.2,1168.0,45.9,34.0,0,No Failure,0,0,0,0,0,195.7,88.9
5502,M15501,M,299.0,308.9,1197.0,49.3,109.0,0,No Failure,0,0,0,0,0,141.4,64.3
2199,L12198,L,300.3,308.7,1168.0,37.2,227.0,1,HDF (Heat Dissipation),0,1,0,0,0,0.4,23.6
7403,L17402,L,298.9,308.7,1219.0,46.5,98.0,0,No Failure,0,0,0,0,0,147.5,67.0
5432,L15431,L,299.2,309.9,1288.0,40.15,95.0,0,No Failure,0,0,0,0,0,157.2,71.4
3415,L13414,L,303.3,314.7,1168.0,46.2,121.0,0,No Failure,0,0,0,0,0,133.2,60.6
2645,L12644,L,300.3,311.8,1362.0,35.7,176.0,0,No Failure,0,0,0,0,0,104.9,47.7
9095,L19094,L,296.9,307.8,1472.0,14.6,140.0,1,PWF (Power Failure),0,0,1,0,0,6.0,56.4
1940,L11939,L,299.8,310.7,1172.0,33.6,14.0,0,No Failure,0,0,0,0,0,211.0,95.9
4428,L14427,L,298.9,310.0,1168.0,57.1,94.0,0,No Failure,0,0,0,0,0,146.4,66.6
870,L10869,L,302.5,310.9,1168.0,25.0,44.0,1,HDF (Heat Dissipation),0,1,1,0,0,2.8,70.9
9322,L19321,L,298.7,308.5,1340.0,41.4,44.0,0,No Failure,0,0,0,0,0,188.7,85.8
2761,M12760,M,302.6,313.1,1168.0,77.58,141.0,0,No Failure,0,0,0,0,0,119.3,54.2
605,H10604,H,300.1,308.8,1338.0,25.5,32.0,0,No Failure,0,0,0,0,0,189.1,86.0
4106,L14105,L,299.2,308.5,1168.0,54.2,86.0,0,No Failure,0,0,0,0,0,146.5,66.6
3620,H13619,H,302.1,313.3,1483.0,23.3,199.0,0,No Failure,0,0,0,0,0,103.9,47.2
8983,M18982,M,299.8,308.7,1187.0,46.5,178.0,0,No Failure,0,0,0,0,0,86.0,39.1
4058,H14057,H,297.6,310.9,1168.0,43.6,140.0,0,No Failure,0,0,0,0,0,127.4,57.9
2045,H12044,H,304.0,312.3,1168.0,47.4,161.0,1,HDF (Heat Dissipation),0,1,0,0,0,4.2,41.7
1549,L11548,L,296.4,305.3,1168.0,54.2,195.0,0,No Failure,0,0,0,0,0,58.7,26.7
8868,L18867,L,300.7,311.0,1417.0,31.4,25.0,0,No Failure,0,0,0,0,0,204.3,92.9
2354,M12353,M,300.3,309.3,1260.0,30.1,74.0,0,No Failure,0,0,0,0,0,166.8,75.8
8296,L18295,L,301.8,312.6,1409.0,32.5,81.0,0,No Failure,0,0,0,0,0,168.6,76.6
776,H10775,H,300.7,310.8,1546.0,29.7,171.0,0,No Failure,0,0,0,0,0,119.0,54.1
7201,L17200,L,296.6,305.1,1216.0,33.7,85.0,1,HDF (Heat Dissipation),0,1,0,0,0,7.5,68.2
2442,L12441,L,296.5,307.7,1313.0,23.5,149.0,1,PWF (Power Failure),0,0,1,0,0,1.7,53.5
2943,H12942,H,299.8,311.9,1229.0,36.5,90.0,0,No Failure,0,0,0,0,0,163.7,74.4
1113,M11112,M,303.2,314.0,1453.0,24.7,208.0,0,No Failure,0,0,0,0,0,99.1,45.0
1836,L11835,L,297.7,306.4,1317.0,21.6,90.0,1,PWF (Power Failure),0,0,1,0,0,2.6,63.2
5490,M15489,M,299.8,309.9,1168.0,45.9,73.0,0,No Failure,0,0,0,0,0,169.5,77.0
9585,H19584,H,300.5,311.6,1174.0,40.7,45.0,0,No Failure,0,0,0,0,0,190.9,86.8
1194,H11193,H,297.7,305.7,1286.0,35.4,58.0,1,HDF (Heat Dissipation),0,1,0,0,0,1.7,77.1
435,L10434,L,296.7,307.6,1226.0,32.5,153.0,0,No Failure,0,0,0,0,0,122.8,55.8
4674,L14673,L,295.4,304.1,1273.0,29.0,36.0,0,No Failure,0,0,0,0,0,187.8,85.4
7112,M17111,M,299.8,312.1,1267.0,39.2,227.0,1,TWF (Tool Wear Failure),1,0,0,0,0,1.9,32.4
7033,L17032,L,296.8,307.6,1168.0,47.0,195.0,0,No Failure,0,0,0,0,0,79.2,36.0
1790,L11789,L,298.9,308.2,1168.0,33.4,166.0,0,No Failure,0,0,0,0,0,106.0,48.2
2332,L12331,L,299.5,309.2,1168.0,39.1,219.0,0,No Failure,0,0,0,0,0,69.0,31.3
25,M10024,M,296.9,306.0,1168.0,43.3,89.0,0,No Failure,0,0,0,0,0,149.7,68.1
3813,M13812,M,302.3,313.0,1233.0,45.8,202.0,0,No Failure,0,0,0,0,0,80.2,36.5
9351,M19350,M,300.5,311.1,1237.0,35.9,133.0,0,No Failure,0,0,0,0,0,135.2,61.5
4367,L14366,L,298.8,307.3,1273.0,25.9,130.0,1,HDF (Heat Dissipation),0,1,1,0,0,1.4,55.2
4676,L14675,L,300.0,309.2,1186.0,49.3,43.0,0,No Failure,0,0,0,0,0,179.6,81.6
5163,L15162,L,303.4,314.8,1177.0,44.4,89.0,0,No Failure,0,0,0,0,0,157.1,71.4
2068,H12067,H,296.0,305.2,1191.0,51.9,13.0,0,No Failure,0,0,0,0,0,202.1,91.8
1271,H11270,H,299.9,310.3,1168.0,43.7,114.0,0,No Failure,0,0,0,0,0,144.5,65.7
9441,M19440,M,299.0,302.0,1208.0,35.6,14.0,0,No Failure,0,0,0,0,0,205.8,93.5
4514,L14513,L,297.5,308.7,1168.0,50.6,157.0,0,No Failure,0,0,0,0,0,103.3,46.9
7300,M17299,M,298.5,308.1,1213.0,35.8,193.0,0,No Failure,0,0,0,0,0,92.9,42.2
6760,L16759,L,295.2,317.63,1168.0,35.4,156.0,0,No Failure,0,0,0,0,0,118.2,53.7
9816,L19815,L,301.0,310.4,1168.0,36.0,147.0,0,No Failure,0,0,0,0,0,117.0,53.2
518,M10517,M,303.5,312.1,1261.0,53.6,181.0,0,No Failure,0,0,0,0,0,75.4,34.3
5559,M15558,M,303.1,312.7,1168.0,50.6,65.0,0,No Failure,0,0,0,0,0,168.9,76.8
7943,M17942,M,307.1,314.4,1244.0,39.8,155.0,0,No Failure,0,0,0,0,0,117.9,53.6
1542,L11541,L,300.0,309.9,1386.0,35.8,179.0,0,No Failure,0,0,0,0,0,102.5,46.6
4433,H14432,H,297.6,310.0,1309.0,26.2,107.0,0,No Failure,0,0,0,0,0,147.4,67.0
9004,L19003,L,297.8,307.7,1219.0,41.1,40.0,0,No Failure,0,0,0,0,0,191.5,87.1
7460,M17459,M,302.9,313.5,1303.0,48.7,62.0,0,No Failure,0,0,0,0,0,176.1,80.1
7439,L17438,L,299.2,309.8,1213.0,47.6,216.0,0,No Failure,0,0,0,0,0,63.3,28.8
8958,M18957,M,307.1,308.0,1346.0,28.9,93.0,0,No Failure,0,0,0,0,0,164.3,74.7
1914,M11913,M,296.5,307.3,1492.0,18.1,144.0,1,PWF (Power Failure),0,0,1,0,0,5.7,54.7
7331,L17330,L,301.5,311.8,1201.0,52.9,69.0,0,No Failure,0,0,0,0,0,167.7,76.2
4140,M14139,M,302.4,312.7,1168.0,39.9,106.0,1,TWF (Tool Wear Failure),1,0,0,0,0,3.1,36.5
8165,L18164,L,299.2,309.5,1168.0,30.0,63.0,0,No Failure,0,0,0,0,0,177.3,80.6
1241,H11240,H,300.6,309.7,1168.0,47.3,2.0,0,No Failure,0,0,0,0,0,208.7,94.9
8918,L18917,L,301.3,312.0,1168.0,30.9,181.0,0,No Failure,0,0,0,0,0,106.2,48.3
8877,H18876,H,300.4,308.7,1168.0,35.8,53.0,1,HDF (Heat Dissipation),0,1,0,0,0,0.5,76.5
1776,M11775,M,299.8,310.0,1168.0,40.5,117.0,0,No Failure,0,0,0,0,0,142.5,64.8
7406,L17405,L,297.1,307.5,1232.0,35.1,108.0,0,No Failure,0,0,0,0,0,149.7,68.1
5564,L15563,L,302.2,312.4,1187.0,42.8,82.0,0,No Failure,0,0,0,0,0,162.9,74.0
76,L10075,L,299.0,309.8,1168.0,47.3,17.0,0,No Failure,0,0,0,0,0,207.7,94.4
6076,M16075,M,304.4,314.4,1227.0,33.5,97.0,0,No Failure,0,0,0,0,0,159.4,72.5
3474,L13473,L,299.5,309.9,1354.0,22.3,107.0,1,PWF (Power Failure),0,0,1,0,0,7.4,64.1
3553,L13552,L,304.0,314.3,1168.0,41.3,173.0,0,No Failure,0,0,0,0,0,101.0,45.9
309,L10308,L,303.6,313.1,1194.0,49.7,146.0,0,No Failure,0,0,0,0,0,106.7,48.5
5933,L15932,L,298.4,309.4,1168.0,53.3,76.0,0,No Failure,0,0,0,0,0,162.3,73.8
7682,M17681,M,299.9,308.9,1168.0,39.4,159.0,0,No Failure,0,0,0,0,0,104.6,47.5
2838,L12837,L,301.4,311.6,1303.0,35.6,197.0,0,No Failure,0,0,0,0,0,91.2,41.5
9763,M19762,M,300.4,310.0,1168.0,52.8,215.0,1,TWF (Tool Wear Failure),1,0,0,0,0,5.5,26.6
6778,M16777,M,302.2,314.3,1168.0,34.2,215.0,1,TWF (Tool Wear Failure),1,0,0,0,0,4.4,38.6
2560,L12559,L,300.6,310.7,1274.0,39.3,101.0,0,No Failure,0,0,0,0,0,151.7,69.0
9269,H19268,H,296.6,306.7,1546.0,14.0,74.0,1,PWF (Power Failure),0,0,1,0,0,7.6,72.8
4864,M14863,M,300.2,310.3,1168.0,41.5,203.0,0,No Failure,0,0,0,0,0,84.3,38.3
858,H10857,H,302.7,312.8,1311.0,29.0,0.0,0,No Failure,0,0,0,0,0,220.0,100.0
8527,H18526,H,299.5,310.1,1256.0,36.4,222.0,0,No Failure,0,0,0,0,0,81.3,37.0
6889,M16888,M,298.2,308.4,1337.0,41.1,139.0,0,No Failure,0,0,0,0,0,127.4,57.9
8767,M18766,M,299.8,309.7,1168.0,42.4,97.0,0,No Failure,0,0,0,0,0,153.6,69.8
99,L10098,L,302.6,310.8,1168.0,55.9,88.0,1,HDF (Heat Dissipation),0,1,0,0,0,2.1,60.0
4133,L14132,L,301.3,310.5,1168.0,39.6,189.0,0,No Failure,0,0,0,0,0,83.1,37.8
9727,L19726,L,296.7,307.5,1285.0,25.9,87.0,1,PWF (Power Failure),0,0,1,0,0,0.1,72.5
8759,L18758,L,298.2,308.5,1317.0,22.4,76.0,1,PWF (Power Failure),0,0,1,0,0,7.2,71.3
3685,L13684,L,300.0,310.4,1168.0,43.7,187.0,0,No Failure,0,0,0,0,0,88.7,40.3
9910,H19909,H,303.0,313.4,1187.0,25.6,37.0,1,PWF (Power Failure),0,0,1,0,0,6.0,82.7
7705,L17704,L,300.6,310.2,1168.0,23.9,18.0,1,PWF (Power Failure),0,0,1,0,0,3.3,83.2
9824,L19823,L,295.7,304.7,1443.0,26.8,176.0,0,No Failure,0,0,0,0,0,114.0,51.8
5899,M15898,M,304.3,315.3,1168.0,51.8,169.0,0,No Failure,0,0,0,0,0,97.5,44.3
9875,L19874,L,299.7,309.9,1247.0,36.0,129.0,0,No Failure,0,0,0,0,0,135.4,61.5
5105,H15104,H,298.5,308.3,1168.0,34.5,99.0,0,No Failure,0,0,0,0,0,156.9,71.3
7695,L17694,L,300.7,311.3,1240.0,31.1,201.0,0,No Failure,0,0,0,0,0,94.1,42.8
6825,M16824,M,307.1,310.8,1168.0,42.1,142.0,0,No Failure,0,0,0,0,0,124.6,56.7
2684,M12683,M,300.2,310.4,1298.0,43.5,91.0,0,No Failure,0,0,0,0,0,158.2,71.9
1129,M11128,M,299.9,309.7,1435.0,21.9,47.0,1,PWF (Power Failure),0,0,1,0,0,4.8,81.6
1411,H11410,H,299.1,306.6,1168.0,51.3,172.0,1,HDF (Heat Dissipation),0,1,0,0,0,0.7,32.7
8431,L18430,L,300.0,310.0,1193.0,47.8,117.0,0,No Failure,0,0,0,0,0,126.2,57.3
657,H10656,H,299.4,308.5,1311.0,58.4,3.0,0,No Failure,0,0,0,0,0,212.3,96.5
7557,L17556,L,301.2,308.9,1168.0,38.5,145.0,1,HDF (Heat Dissipation),0,1,0,0,0,1.7,44.3
6584,L16583,L,301.1,311.6,1168.0,40.2,0.0,0,No Failure,0,0,0,0,0,220.0,100.0
5409,L15408,L,300.6,309.5,1228.0,36.1,9.0,0,No Failure,0,0,0,0,0,203.3,92.4
8901,L18900,L,297.7,306.7,1188.0,33.5,126.0,0,No Failure,0,0,0,0,0,128.2,58.3
459,M10458,M,298.8,307.9,1168.0,59.5,3.0,0,No Failure,0,0,0,0,0,207.8,94.5
4310,M14309,M,295.0,306.3,1475.0,34.7,153.0,0,No Failure,0,0,0,0,0,123.5,56.1
3364,M13363,M,302.2,309.9,1168.0,41.9,164.0,1,HDF (Heat Dissipation),0,1,0,0,0,2.2,38.5
7271,H17270,H,307.1,304.7,1355.0,28.8,86.0,0,No Failure,0,0,0,0,0,164.6,74.8
599,H10598,H,301.0,311.9,1456.0,27.6,7.0,0,No Failure,0,0,0,0,0,215.9,98.2
8948,M18947,M,302.5,313.5,1168.0,35.7,62.0,0,No Failure,0,0,0,0,0,180.5,82.1
8173,M18172,M,303.0,312.6,1184.0,41.1,93.0,0,No Failure,0,0,0,0,0,153.7,69.8
4646,H14645,H,297.3,307.3,1266.0,26.3,162.0,1,PWF (Power Failure),0,0,1,0,0,0.2,53.9
4745,L14744,L,298.2,308.1,1168.0,35.1,42.0,0,No Failure,0,0,0,0,0,191.6,87.1
2782,L12781,L,299.5,309.0,1168.0,27.4,0.0,1,PWF (Power Failure),0,0,1,0,0,1.3,91.9
7930,M17929,M,301.8,311.2,1168.0,27.6,116.0,1,PWF (Power Failure),0,0,1,0,0,0.1,60.5
2570,H12569,H,299.5,309.3,1168.0,41.6,131.0,0,No Failure,0,0,0,0,0,132.5,60.2
7480,H17479,H,301.5,311.4,1168.0,34.6,124.0,0,No Failure,0,0,0,0,0,142.6,64.8
510,L10509,L,295.9,306.0,1168.0,77.58,161.0,0,No Failure,0,0,0,0,0,108.1,49.1
6598,L16597,L,299.5,311.5,1168.0,53.9,47.0,0,No Failure,0,0,0,0,0,184.1,83.7
8825,H18824,H,300.1,309.3,1309.0,22.6,97.0,1,PWF (Power Failure),0,0,1,0,0,6.6,64.5
7700,M17699,M,303.7,310.9,1172.0,52.7,0.0,1,HDF (Heat Dissipation),0,1,0,0,0,2.5,86.0
2441,H12440,H,298.1,308.4,1168.0,37.1,144.0,0,No Failure,0,0,0,0,0,129.5,58.9
4055,H14054,H,301.8,311.4,1168.0,37.5,126.0,0,No Failure,0,0,0,0,0,136.2,61.9
6293,H16292,H,301.4,312.5,1232.0,37.9,146.0,0,No Failure,0,0,0,0,0,127.7,58.0
1053,L11052,L,304.2,314.5,1168.0,53.8,9.0,0,No Failure,0,0,0,0,0,213.1,96.9
8114,M18113,M,300.4,310.05,1188.0,38.0,100.0,0,No Failure,0,0,0,0,0,155.1,70.5
7410,L17409,L,299.7,310.0,1343.0,23.3,123.0,1,PWF (Power Failure),0,0,1,0,0,0.6,61.0
4311,M14310,M,295.9,305.3,1168.0,43.3,157.0,0,No Failure,0,0,0,0,0,106.9,48.6
3805,L13804,L,297.3,310.0,1168.0,45.5,107.0,1,HDF (Heat Dissipation),0,1,0,0,0,1.6,36.6
609,M10608,M,299.4,309.8,1507.0,22.1,49.0,1,PWF (Power Failure),0,0,1,0,0,2.0,83.6
7511,M17510,M,298.3,307.3,1168.0,48.9,0.0,0,No Failure,0,0,0,0,0,209.0,95.0
169,L10168,L,301.9,310.0,1168.0,43.0,103.0,0,No Failure,0,0,0,0,0,140.4,63.8
365,M10364,M,298.9,309.3,1168.0,64.5,120.0,0,No Failure,0,0,0,0,0,124.6,56.6
1152,H11151,H,301.6,309.8,1261.0,44.8,134.0,1,HDF (Heat Dissipation),0,1,0,0,0,5.8,52.5
9288,M19287,M,299.9,311.9,1292.0,39.3,148.0,0,No Failure,0,0,0,0,0,122.9,55.9
3113,M13112,M,304.0,314.4,1168.0,30.3,214.0,1,TWF (Tool Wear Failure),1,0,0,0,0,6.0,39.8
5593,M15592,M,300.7,311.2,1356.0,41.5,177.0,0,No Failure,0,0,0,0,0,101.7,46.2
5256,H15255,H,301.9,311.1,1168.0,53.7,154.0,0,No Failure,0,0,0,0,0,101.5,46.1
1655,H11654,H,296.5,306.8,1546.0,8.5,127.0,1,PWF (Power Failure),0,0,1,0,0,7.0,62.1
8765,L18764,L,301.0,310.2,1231.0,36.9,92.0,0,No Failure,0,0,0,0,0,151.4,68.8
1217,L11216,L,303.4,314.6,1326.0,26.4,136.0,0,No Failure,0,0,0,0,0,134.9,61.3
2912,L12911,L,303.5,313.9,1174.0,2.52,205.0,0,No Failure,0,0,0,0,0,85.0,38.6
7946,L17945,L,303.1,313.8,1168.0,46.5,165.0,0,No Failure,0,0,0,0,0,101.4,46.1
1861,M11860,M,295.4,305.7,1317.0,35.2,171.0,0,No Failure,0,0,0,0,0,111.7,50.8
7290,L17289,L,298.0,309.8,1240.0,34.5,154.0,0,No Failure,0,0,0,0,0,120.4,54.7
5352,M15351,M,300.7,308.9,1168.0,24.2,25.0,1,HDF (Heat Dissipation),0,1,1,0,0,5.1,74.5
6826,M16825,M,300.3,309.6,1510.0,32.3,145.0,0,No Failure,0,0,0,0,0,130.4,59.3
7785,L17784,L,298.1,307.5,1168.0,31.9,55.0,0,No Failure,0,0,0,0,0,178.7,81.2
337,L10336,L,297.5,309.9,1203.0,44.0,25.0,0,No Failure,0,0,0,0,0,202.4,92.0
6154,L16153,L,298.2,306.0,1182.0,47.8,129.0,1,HDF (Heat Dissipation),0,1,0,0,0,6.0,48.8
4032,L14031,L,295.3,304.0,1182.0,41.6,46.0,0,No Failure,0,0,0,0,0,174.0,79.1
7010,M17009,M,299.0,310.0,1253.0,31.4,117.0,0,No Failure,0,0,0,0,0,148.3,67.4
2323,L12322,L,299.6,309.5,1298.0,34.8,191.0,0,No Failure,0,0,0,0,0,95.4,43.4
9143,L19142,L,298.5,308.3,1168.0,43.9,89.0,0,No Failure,0,0,0,0,0,155.2,70.5
1335,H11334,H,299.8,310.1,1251.0,29.5,111.0,0,No Failure,0,0,0,0,0,154.5,70.2
7642,H17641,H,300.1,309.5,1185.0,42.4,18.0,0,No Failure,0,0,0,0,0,201.6,91.6
7731,M17730,M,305.0,315.6,1168.0,47.7,96.0,0,No Failure,0,0,0,0,0,152.6,69.4
2756,M12755,M,300.2,310.0,1225.0,36.4,121.0,0,No Failure,0,0,0,0,0,140.6,63.9
3619,L13618,L,307.1,310.0,1168.0,71.5,196.0,1,OSF (Overstrain Failure),0,0,0,1,0,4.3,23.8
3202,H13201,H,292.925,311.5,1168.0,28.7,71.0,0,No Failure,0,0,0,0,0,170.5,77.5
2409,L12408,L,297.5,307.1,1168.0,32.1,37.0,0,No Failure,0,0,0,0,0,192.2,87.4
9071,L19070,L,302.5,313.0,1168.0,57.8,67.0,0,No Failure,0,0,0,0,0,167.3,76.0
6036,H16035,H,298.8,308.7,1227.0,46.7,190.0,0,No Failure,0,0,0,0,0,90.4,41.1
6385,L16384,L,301.8,310.9,1546.0,15.5,13.0,1,PWF (Power Failure),0,0,1,0,0,2.6,86.9
7023,L17022,L,299.4,310.5,1198.0,42.3,166.0,0,No Failure,0,0,0,0,0,104.8,47.6
5713,H15712,H,303.8,315.3,1199.0,60.0,153.0,0,No Failure,0,0,0,0,0,106.1,48.2
423,L10422,L,300.0,316.9,1168.0,39.8,104.0,0,No Failure,0,0,0,0,0,149.4,67.9
241,H10240,H,302.1,311.0,1407.0,23.1,138.0,1,PWF (Power Failure),0,0,1,0,0,7.3,59.1
2561,M12560,M,301.8,311.6,1168.0,56.7,103.0,0,No Failure,0,0,0,0,0,140.4,63.8
172,M10171,M,301.5,311.4,1187.0,47.1,114.0,0,No Failure,0,0,0,0,0,139.2,63.3
8242,H18241,H,299.8,309.9,1168.0,51.9,110.0,0,No Failure,0,0,0,0,0,142.6,64.8
2898,L12897,L,300.1,310.8,1168.0,51.2,155.0,0,No Failure,0,0,0,0,0,104.2,47.4
6142,L16141,L,302.6,313.3,1546.0,11.4,90.0,1,PWF (Power Failure),0,0,1,0,0,0.8,69.2
6477,M16476,M,298.4,310.5,1170.0,37.4,89.0,0,No Failure,0,0,0,0,0,162.5,73.9
5940,H15939,H,303.0,313.1,1168.0,36.4,94.0,0,No Failure,0,0,0,0,0,161.3,73.3
7807,M17806,M,300.5,309.9,1185.0,41.3,127.0,0,No Failure,0,0,0,0,0,128.7,58.5
6730,M16729,M,299.3,307.6,1168.0,44.4,55.0,1,HDF (Heat Dissipation),0,1,0,0,0,0.3,74.4
4821,M14820,M,302.7,311.8,1249.0,36.7,64.0,0,No Failure,0,0,0,0,0,171.0,77.7
2624,H12623,H,299.0,308.7,1232.0,43.2,103.0,0,No Failure,0,0,0,0,0,149.2,67.8
7261,H17260,H,301.5,312.3,1168.0,43.7,46.0,0,No Failure,0,0,0,0,0,189.6,86.2
8772,H18771,H,300.2,309.5,1234.0,22.5,115.0,1,PWF (Power Failure),0,0,1,0,0,3.8,58.0
9184,H19183,H,297.7,306.2,1383.0,55.9,4.0,0,No Failure,0,0,0,0,0,212.7,96.7
6518,M16517,M,300.8,309.6,1315.0,41.5,9.0,0,No Failure,0,0,0,0,0,206.9,94.0
6515,L16514,L,297.4,308.4,1176.0,35.8,0.0,0,No Failure,0,0,0,0,0,220.0,100.0
2204,L12203,L,300.0,308.4,1168.0,39.4,17.0,1,HDF (Heat Dissipation),0,1,0,0,0,2.0,86.8
9995,L19994,L,298.3,309.1,1205.0,35.7,90.0,0,No Failure,0,0,0,0,0,161.1,73.2
6395,M16394,M,297.6,308.2,1432.0,19.1,43.0,1,PWF (Power Failure),0,0,1,0,0,5.8,79.3
7692,L17691,L,298.9,308.1,1168.0,43.6,195.0,0,No Failure,0,0,0,0,0,74.4,33.8
5754,M15753,M,300.0,310.1,1187.0,39.8,106.0,0,No Failure,0,0,0,0,0,150.2,68.3
1349,L11348,L,297.2,307.5,1247.0,49.7,164.0,0,No Failure,0,0,0,0,0,98.9,45.0
5254,H15253,H,301.6,311.7,1318.0,77.58,146.0,0,No Failure,0,0,0,0,0,123.6,56.2
6957,L16956,L,301.5,310.8,1205.0,41.8,143.0,0,No Failure,0,0,0,0,0,113.7,51.7
5718,H15717,H,303.6,315.0,1280.0,32.5,172.0,0,No Failure,0,0,0,0,0,115.9,52.7
7416,H17415,H,297.0,307.9,1204.0,40.0,141.0,0,No Failure,0,0,0,0,0,129.3,58.8
9505,M19504,M,300.8,310.8,1356.0,28.3,12.0,0,No Failure,0,0,0,0,0,212.9,96.8
9998,L19997,L,298.7,309.0,1314.0,28.5,97.0,0,No Failure,0,0,0,0,0,160.7,73.1
267,L10266,L,297.8,307.7,1168.0,47.9,8.0,0,No Failure,0,0,0,0,0,213.1,96.9
779,M10778,M,302.4,313.7,1168.0,55.6,183.0,0,No Failure,0,0,0,0,0,83.5,38.0
7153,H17152,H,299.1,310.8,1168.0,42.2,133.0,0,No Failure,0,0,0,0,0,133.0,60.4
7237,L17236,L,299.5,310.5,1315.0,43.4,197.0,0,No Failure,0,0,0,0,0,82.0,37.3
8778,M18777,M,299.2,308.8,1188.0,40.4,139.0,0,No Failure,0,0,0,0,0,123.6,56.2
1798,L11797,L,299.2,308.1,1197.0,46.4,107.0,0,No Failure,0,0,0,0,0,70.0,31.8
112,L10111,L,304.0,312.6,1546.0,16.3,135.0,1,PWF (Power Failure),0,0,1,0,0,6.1,57.0
1500,M11499,M,295.2,303.8,1168.0,35.7,41.0,0,No Failure,0,0,0,0,0,178.5,81.1
973,L10972,L,300.4,310.7,1168.0,59.0,163.0,0,No Failure,0,0,0,0,0,90.6,41.2
974,H10973,H,301.2,312.4,1168.0,56.5,166.0,0,No Failure,0,0,0,0,0,99.3,45.2
7426,L17425,L,300.7,311.6,1523.0,26.9,171.0,0,No Failure,0,0,0,0,0,117.2,53.3
6169,L16168,L,300.1,308.9,1168.0,49.6,178.0,0,No Failure,0,0,0,0,0,75.5,34.3
8525,L18524,L,298.2,309.2,1168.0,36.4,215.0,0,No Failure,0,0,0,0,0,78.4,35.7
4872,L14871,L,302.8,314.6,1180.0,39.9,2.0,0,No Failure,0,0,0,0,0,218.6,99.4
1848,M11847,M,300.8,312.1,1179.0,43.7,127.0,0,No Failure,0,0,0,0,0,133.6,60.7
2905,L12904,L,301.9,312.8,1168.0,40.5,179.0,0,No Failure,0,0,0,0,0,97.7,44.4
4544,L14543,L,299.5,309.5,1424.0,47.5,35.0,0,No Failure,0,0,0,0,0,194.6,88.5
3477,H13476,H,302.8,313.9,1168.0,41.4,115.0,0,No Failure,0,0,0,0,0,145.2,66.0
3057,M13056,M,302.6,313.4,1168.0,53.2,20.0,0,No Failure,0,0,0,0,0,205.3,93.3
6138,L16137,L,303.0,312.6,908.0,31.1,81.0,0,No Failure,0,0,0,0,0,164.8,74.9
953,L10952,L,302.9,314.6,1225.0,40.3,95.0,0,No Failure,0,0,0,0,0,155.2,70.6
2086,L12085,L,297.7,308.5,1168.0,29.7,73.0,0,No Failure,0,0,0,0,0,170.3,77.4
5994,H15993,H,304.7,315.3,1546.0,16.1,34.0,1,PWF (Power Failure),0,0,1,0,0,2.0,81.9
9160,L19159,L,300.4,309.7,1546.0,24.4,144.0,0,No Failure,0,0,0,0,0,135.6,61.6
3500,H13499,H,301.2,311.6,1226.0,39.7,201.0,0,No Failure,0,0,0,0,0,91.0,41.4
9692,L19691,L,297.4,307.8,1168.0,62.9,193.0,1,OSF (Overstrain Failure),0,0,0,1,0,1.7,28.3
6386,H16385,H,302.6,312.9,1322.0,39.0,15.0,0,No Failure,0,0,0,0,0,210.4,95.6
663,L10662,L,301.2,311.5,1177.0,37.1,26.0,0,No Failure,0,0,0,0,0,202.8,92.2
6285,H16284,H,299.9,308.0,1168.0,40.4,111.0,1,HDF (Heat Dissipation),0,1,0,0,0,4.9,58.0
1314,L11313,L,300.0,308.8,1168.0,77.58,44.0,0,No Failure,0,0,0,0,0,186.4,84.7
3890,L13889,L,299.3,310.0,1168.0,31.0,28.0,0,No Failure,0,0,0,0,0,202.2,91.9
7200,M17199,M,300.2,308.1,1168.0,34.6,81.0,1,HDF (Heat Dissipation),0,1,0,0,0,6.0,66.3
2594,L12593,L,295.9,307.5,1168.0,26.7,220.0,1,PWF (Power Failure),1,0,1,0,0,4.4,33.3
4374,L14373,L,294.3,303.5,1464.0,21.5,149.0,1,PWF (Power Failure),0,0,1,0,0,5.9,55.2
6247,H16246,H,301.6,310.1,1306.0,23.2,196.0,1,HDF (Heat Dissipation),0,1,1,0,0,5.7,38.1
8603,L18602,L,298.5,308.3,1168.0,44.6,32.0,0,No Failure,0,0,0,0,0,195.2,88.7
3292,M13291,M,299.5,308.8,1455.0,26.4,149.0,0,No Failure,0,0,0,0,0,132.8,60.4
237,L10236,L,300.8,311.8,1168.0,35.8,127.0,0,No Failure,0,0,0,0,0,136.8,62.2
8554,M18553,M,302.1,310.0,1324.0,34.9,81.0,1,HDF (Heat Dissipation),0,1,0,0,0,1.4,71.4
7721,L17720,L,303.2,314.1,1397.0,28.3,65.0,0,No Failure,0,0,0,0,0,180.4,82.0
6282,L16281,L,299.4,309.0,1168.0,35.4,104.0,0,No Failure,0,0,0,0,0,147.8,67.2
3637,H13636,H,307.1,306.8,1168.0,39.7,36.0,0,No Failure,0,0,0,0,0,183.7,83.5
4545,L14544,L,298.6,307.7,1168.0,54.6,37.0,0,No Failure,0,0,0,0,0,181.7,82.6
3602,L13601,L,298.9,309.3,1168.0,49.2,141.0,0,No Failure,0,0,0,0,0,116.3,52.9
9344,L19343,L,298.0,308.7,1168.0,42.3,109.0,0,No Failure,0,0,0,0,0,144.4,65.6
5530,H15529,H,297.2,307.4,1168.0,41.7,199.0,0,No Failure,0,0,0,0,0,90.3,41.1
671,L10670,L,300.4,311.8,1541.0,13.5,107.0,1,PWF (Power Failure),0,0,1,0,0,6.5,77.7
1659,L11658,L,300.2,309.5,1392.0,28.4,144.0,0,No Failure,0,0,0,0,0,130.3,59.2
5071,L15070,L,298.6,308.8,1223.0,33.8,213.0,0,No Failure,0,0,0,0,0,83.1,37.8
2304,L12303,L,298.4,308.4,1410.0,39.8,127.0,0,No Failure,0,0,0,0,0,133.8,60.8
9497,L19496,L,299.9,308.8,1294.0,42.1,209.0,0,No Failure,0,0,0,0,0,67.7,30.8
2920,M12919,M,302.7,313.9,1371.0,40.0,12.0,0,No Failure,0,0,0,0,0,212.1,96.4
9912,M19911,M,300.8,309.4,1234.0,42.3,46.0,1,HDF (Heat Dissipation),0,1,0,0,0,2.7,79.9
5364,H15363,H,302.9,313.6,1168.0,36.3,67.0,0,No Failure,0,0,0,0,0,178.2,81.0
5621,L15620,L,302.4,311.4,1194.0,40.2,58.0,0,No Failure,0,0,0,0,0,169.5,77.0
1179,L11178,L,300.1,310.7,1419.0,19.7,8.0,1,PWF (Power Failure),0,0,1,0,0,6.3,88.0
1014,H11013,H,303.2,311.6,1168.0,39.3,87.0,1,HDF (Heat Dissipation),0,1,0,0,0,5.7,64.7
7939,L17938,L,304.7,315.9,1227.0,40.3,142.0,0,No Failure,0,0,0,0,0,123.2,56.0
2352,H12351,H,300.3,310.8,1385.0,44.0,66.0,0,No Failure,0,0,0,0,0,176.2,80.1
918,L10917,L,298.3,306.5,1348.0,35.0,206.0,1,HDF (Heat Dissipation),0,1,0,0,0,7.6,35.5
2934,H12933,H,300.9,311.4,1364.0,22.4,62.0,1,PWF (Power Failure),0,0,1,0,0,5.4,76.9
6695,L16694,L,296.8,307.8,1344.0,43.8,159.0,0,No Failure,0,0,0,0,0,108.3,49.2
4774,L14773,L,300.3,310.5,1170.0,33.0,142.0,0,No Failure,0,0,0,0,0,129.4,58.8
6859,L16858,L,298.7,310.2,1181.0,37.1,45.0,0,No Failure,0,0,0,0,0,190.2,86.4
7893,L17892,L,303.7,314.4,1344.0,45.3,188.0,0,No Failure,0,0,0,0,0,86.2,39.2
7602,H17601,H,301.0,312.4,1168.0,59.5,86.0,0,No Failure,0,0,0,0,0,156.2,71.0
3348,M13347,M,302.9,311.7,1168.0,54.6,118.0,0,No Failure,0,0,0,0,0,119.4,54.3
1850,M11849,M,298.0,308.0,1168.0,62.4,133.0,0,No Failure,0,0,0,0,0,115.8,52.7
4177,M14176,M,298.8,310.2,1173.0,26.5,113.0,1,PWF (Power Failure),0,0,1,0,0,7.0,63.1
90,M10089,M,298.9,310.8,1264.0,27.0,62.0,0,No Failure,0,0,0,0,0,177.3,80.6
2518,L12517,L,298.7,309.8,1197.0,43.4,190.0,0,No Failure,0,0,0,0,0,86.9,39.5
8560,H18559,H,301.6,312.2,1433.0,51.5,100.0,0,No Failure,0,0,0,0,0,149.9,68.1
595,L10594,L,300.0,312.0,1168.0,50.2,210.0,0,No Failure,0,0,0,0,0,64.3,29.2
7522,L17521,L,295.6,305.4,1188.0,41.4,39.0,0,No Failure,0,0,0,0,0,191.0,86.8
9575,L19574,L,299.0,309.5,1214.0,37.7,16.0,0,No Failure,0,0,0,0,0,209.3,95.2
5995,M15994,M,302.1,310.9,1203.0,45.7,40.0,0,No Failure,0,0,0,0,0,179.3,81.5
8147,L18146,L,304.2,316.6,1168.0,47.3,0.0,0,No Failure,0,0,0,0,0,220.0,100.0
5774,M15773,M,302.7,313.2,1321.0,51.0,173.0,0,No Failure,0,0,0,0,0,95.4,43.3
3387,M13386,M,302.1,310.9,1168.0,53.7,21.0,0,No Failure,0,0,0,0,0,191.4,87.0
3555,L13554,L,302.4,312.5,1217.0,37.0,178.0,0,No Failure,0,0,0,0,0,102.2,46.4
6439,H16438,H,295.8,303.6,1168.0,41.2,186.0,1,HDF (Heat Dissipation),0,1,0,0,0,6.1,34.1
6568,M16567,M,298.6,310.0,1168.0,40.1,175.0,0,No Failure,0,0,0,0,0,104.4,47.5
308,M10307,M,304.0,314.2,1168.0,41.1,142.0,0,No Failure,0,0,0,0,0,125.4,57.0
7286,H17285,H,298.9,309.6,1431.0,36.3,139.0,0,No Failure,0,0,0,0,0,133.2,60.6
4660,L14659,L,297.5,307.7,1168.0,48.9,217.0,0,No Failure,0,0,0,0,0,60.9,27.7
2271,M12270,M,299.8,311.8,1168.0,39.3,17.0,0,No Failure,0,0,0,0,0,208.8,94.9
1819,L11818,L,297.4,307.7,1168.0,37.8,36.0,0,No Failure,0,0,0,0,0,196.0,89.1
9293,M19292,M,295.2,305.1,1168.0,40.8,165.0,0,No Failure,0,0,0,0,0,109.3,49.7
9724,L19723,L,300.0,310.7,1225.0,49.3,76.0,0,No Failure,0,0,0,0,0,164.1,74.6
7127,L17126,L,300.8,311.3,1256.0,35.5,54.0,0,No Failure,0,0,0,0,0,184.7,84.0
7975,M17974,M,299.8,318.2,1168.0,36.6,45.0,0,No Failure,0,0,0,0,0,191.1,86.9
4898,M14897,M,296.6,307.7,1168.0,40.4,80.0,0,No Failure,0,0,0,0,0,167.0,75.9
7154,M17153,M,298.6,307.4,1168.0,60.6,138.0,0,No Failure,0,0,0,0,0,100.1,45.5
3469,L13468,L,298.1,307.6,1175.0,27.0,91.0,1,PWF (Power Failure),0,0,1,0,0,7.8,66.6
538,L10537,L,300.2,309.5,1168.0,41.0,20.0,0,No Failure,0,0,0,0,0,198.6,90.3
2083,M12082,M,297.7,318.2,1168.0,40.4,63.0,0,No Failure,0,0,0,0,0,164.0,74.5
6457,L16456,L,298.6,311.2,1168.0,43.4,16.0,0,No Failure,0,0,0,0,0,208.8,94.9
9436,M19435,M,301.1,312.0,1168.0,36.7,0.0,0,No Failure,0,0,0,0,0,220.0,100.0
421,M10420,M,301.0,310.2,1168.0,44.5,97.0,0,No Failure,0,0,0,0,0,144.8,65.8
1560,H11559,H,299.3,309.8,1268.0,52.2,16.0,0,No Failure,0,0,0,0,0,208.7,94.9
2970,L12969,L,304.2,310.0,1168.0,51.6,180.0,0,No Failure,0,0,0,0,0,85.1,38.7
9321,M19320,M,298.5,309.8,1348.0,33.7,41.0,0,No Failure,0,0,0,0,0,194.4,88.3
9662,M19661,M,302.3,311.8,1240.0,37.5,79.0,0,No Failure,0,0,0,0,0,164.3,74.7
6096,L16095,L,301.0,310.5,1237.0,41.2,161.0,0,No Failure,0,0,0,0,0,104.7,47.6
1552,L11551,L,295.9,307.1,1301.0,44.0,203.0,0,No Failure,0,0,0,0,0,77.1,35.0
5677,L15676,L,299.9,307.3,1168.0,46.0,23.0,1,HDF (Heat Dissipation),0,1,0,0,0,6.3,79.5
5622,L15621,L,303.0,312.7,1168.0,37.1,60.0,0,No Failure,0,0,0,0,0,176.9,80.4
8703,L18702,L,302.4,315.2,1299.0,39.1,111.0,0,No Failure,0,0,0,0,0,145.1,66.0
9447,M19446,M,296.9,307.0,1168.0,51.4,33.0,0,No Failure,0,0,0,0,0,196.2,89.2
9721,M19720,M,299.8,309.7,1546.0,42.9,65.0,0,No Failure,0,0,0,0,0,175.0,79.5
5050,H15049,H,302.2,312.3,1173.0,35.3,143.0,0,No Failure,0,0,0,0,0,131.5,59.8
1671,L11670,L,300.4,308.4,1168.0,52.5,186.0,1,HDF (Heat Dissipation),0,1,0,0,0,2.6,26.2
5130,H15129,H,298.6,308.8,1387.0,40.0,188.0,0,No Failure,0,0,0,0,0,99.1,45.0
6158,L16157,L,298.7,308.4,1182.0,37.0,402.0,0,No Failure,0,0,0,0,0,124.7,56.7
529,M10528,M,299.1,309.0,1171.0,50.9,223.0,1,TWF (Tool Wear Failure),1,0,0,0,0,0.1,26.5
1039,L11038,L,300.0,311.5,1168.0,49.5,180.0,0,No Failure,0,0,0,0,0,87.3,39.7
7000,M16999,M,299.5,307.3,1168.0,32.9,76.0,1,HDF (Heat Dissipation),0,1,0,0,0,7.5,67.5
2824,H12823,H,303.4,314.0,1546.0,12.4,108.0,1,PWF (Power Failure),0,0,1,0,0,0.2,58.0
5667,L15666,L,302.5,314.1,1168.0,45.7,195.0,0,No Failure,0,0,0,0,0,80.7,36.7
4741,L14740,L,298.5,308.4,1168.0,40.2,32.0,0,No Failure,0,0,0,0,0,197.1,89.6
2176,M12175,M,299.2,308.2,1168.0,51.9,140.0,0,No Failure,0,0,0,0,0,107.4,48.8
9341,L19340,L,299.6,308.4,1168.0,44.5,100.0,0,No Failure,0,0,0,0,0,136.1,61.9
917,L10916,L,302.1,311.4,1282.0,34.7,204.0,0,No Failure,0,0,0,0,0,82.6,37.5
8216,L18215,L,301.6,312.6,1168.0,57.3,16.0,0,No Failure,0,0,0,0,0,207.5,94.3
8634,M18633,M,301.9,311.1,1212.0,33.9,137.0,0,No Failure,0,0,0,0,0,125.8,57.2
2369,L12368,L,300.7,310.2,1178.0,49.8,123.0,0,No Failure,0,0,0,0,0,123.6,56.2
4766,L14765,L,301.5,311.9,1168.0,47.1,115.0,0,No Failure,0,0,0,0,0,136.9,62.2
4828,L14827,L,302.4,312.6,1168.0,45.3,84.0,0,No Failure,0,0,0,0,0,160.2,72.8
4033,M14032,M,299.2,310.6,1215.0,50.2,49.0,0,No Failure,0,0,0,0,0,184.9,84.1
8542,L18541,L,300.0,317.99,1168.0,23.3,43.0,1,HDF (Heat Dissipation),0,1,1,0,0,1.0,69.7
615,L10614,L,304.6,314.3,1322.0,35.0,72.0,0,No Failure,0,0,0,0,0,171.5,78.0
1226,H11225,H,301.0,311.1,1168.0,49.5,164.0,0,No Failure,0,0,0,0,0,106.6,48.5
1203,H11202,H,295.9,305.2,1284.0,23.0,91.0,1,PWF (Power Failure),0,0,1,0,0,4.5,65.8
3938,M13937,M,298.1,309.0,1235.0,35.6,192.0,0,No Failure,0,0,0,0,0,97.9,44.5
3120,L13119,L,303.7,312.9,1278.0,36.7,12.0,0,No Failure,0,0,0,0,0,206.0,93.6
5987,L15986,L,301.5,312.3,1168.0,46.6,8.0,0,No Failure,0,0,0,0,0,214.2,97.4
8401,M18400,M,300.5,309.8,1546.0,14.9,223.0,1,PWF (Power Failure),0,0,1,0,0,1.6,37.1
9428,L19427,L,296.7,306.5,1168.0,37.3,192.0,0,No Failure,0,0,0,0,0,90.4,41.1
4795,L14794,L,298.8,308.7,1168.0,46.7,214.0,0,No Failure,0,0,0,0,0,64.8,29.4
9278,L19277,L,296.4,310.0,1214.0,31.9,112.0,1,HDF (Heat Dissipation),0,1,0,0,0,3.8,57.0
7029,M17028,M,299.6,311.1,1423.0,35.8,106.0,0,No Failure,0,0,0,0,0,104.7,47.6
3370,L13369,L,301.2,312.9,1168.0,51.6,183.0,0,No Failure,0,0,0,0,0,82.8,37.6
6791,L16790,L,299.0,308.6,1265.0,25.9,37.0,1,PWF (Power Failure),0,0,1,0,0,0.9,83.9
8955,L18954,L,298.6,309.2,1376.0,17.8,85.0,1,PWF (Power Failure),0,0,1,0,0,1.3,68.9
1668,L11667,L,299.9,309.1,1168.0,50.3,176.0,0,No Failure,0,0,0,0,0,80.6,36.7
3517,M13516,M,301.9,312.1,1209.0,28.3,51.0,0,No Failure,0,0,0,0,0,183.7,83.5
9849,L19848,L,299.0,309.7,1168.0,40.15,40.0,0,No Failure,0,0,0,0,0,190.8,86.7
3785,M13784,M,298.2,308.9,1255.0,46.2,107.0,0,No Failure,0,0,0,0,0,145.7,66.2
8029,H18028,H,300.2,310.2,1347.0,30.8,34.0,0,No Failure,0,0,0,0,0,199.7,90.8
6941,M16940,M,300.1,311.7,1321.0,25.3,88.0,1,PWF (Power Failure),0,0,1,0,0,1.8,73.1
4781,L14780,L,302.9,312.0,1168.0,47.0,160.0,0,No Failure,0,0,0,0,0,94.6,43.0
2598,L12597,L,298.0,307.3,1368.0,34.2,10.0,0,No Failure,0,0,0,0,0,211.0,95.9
6850,H16849,H,301.6,310.1,1168.0,58.4,17.0,1,HDF (Heat Dissipation),0,1,0,0,0,4.0,86.8
9010,L19009,L,300.2,310.2,1187.0,32.1,58.0,0,No Failure,0,0,0,0,0,183.3,83.3
2428,M12427,M,300.8,318.2,1316.0,52.9,101.0,1,HDF (Heat Dissipation),0,1,0,0,0,2.5,61.1
7712,M17711,M,297.7,308.4,1243.0,38.7,37.0,0,No Failure,0,0,0,0,0,195.8,89.0
1960,M11959,M,296.4,304.7,1535.0,31.2,92.0,0,No Failure,0,0,0,0,0,163.7,74.4
5186,H15185,H,302.0,312.5,1168.0,43.0,155.0,0,No Failure,0,0,0,0,0,118.0,53.6
856,L10855,L,298.4,307.6,1168.0,48.9,215.0,1,TWF (Tool Wear Failure),1,0,0,0,0,5.0,24.3
2028,L12027,L,301.2,311.8,1364.0,32.5,103.0,0,No Failure,0,0,0,0,0,154.6,70.3
3015,L13014,L,300.5,309.9,1168.0,39.3,111.0,0,No Failure,0,0,0,0,0,138.4,62.9
6326,L16325,L,299.8,310.4,1168.0,51.7,38.0,0,No Failure,0,0,0,0,0,191.5,87.0
4150,L14149,L,300.4,309.6,1192.0,39.3,26.0,0,No Failure,0,0,0,0,0,193.6,88.0
6604,L16603,L,299.4,309.4,1338.0,16.5,61.0,1,PWF (Power Failure),0,0,1,0,0,0.3,75.1
672,M10671,M,302.3,313.5,1278.0,48.1,55.0,0,No Failure,0,0,0,0,0,181.2,82.4
2556,M12555,M,301.2,311.5,1546.0,38.7,89.0,0,No Failure,0,0,0,0,0,161.9,73.6
9451,H19450,H,297.9,308.4,1490.0,25.7,45.0,0,No Failure,0,0,0,0,0,194.3,88.3
848,M10847,M,298.8,308.2,1168.0,48.9,184.0,0,No Failure,0,0,0,0,0,83.0,37.7
45,H10044,H,300.3,311.7,1280.0,40.3,149.0,0,No Failure,0,0,0,0,0,124.0,56.3
5269,H15268,H,305.9,315.1,1168.0,39.4,199.0,0,No Failure,0,0,0,0,0,83.8,38.1
2911,M12910,M,300.6,311.1,1168.0,33.3,201.0,0,No Failure,0,0,0,0,0,94.7,43.1
3041,L13040,L,299.4,308.4,1546.0,18.4,193.0,1,PWF (Power Failure),0,0,1,0,0,2.2,42.6
5836,L15835,L,299.5,309.4,1171.0,45.0,172.0,0,No Failure,0,0,0,0,0,96.8,44.0
8210,H18209,H,302.7,312.6,1168.0,38.2,215.0,0,No Failure,0,0,0,0,0,82.6,37.5
6679,L16678,L,300.1,310.9,1168.0,45.6,98.0,0,No Failure,0,0,0,0,0,150.1,68.2
8027,L18026,L,300.0,311.1,1168.0,47.4,29.0,0,No Failure,0,0,0,0,0,199.0,90.5
6631,M16630,M,297.7,308.1,1168.0,55.1,149.0,0,No Failure,0,0,0,0,0,109.3,49.7
8524,L18523,L,298.5,310.6,1168.0,49.6,213.0,0,No Failure,0,0,0,0,0,62.9,28.6
8502,M18501,M,298.5,307.9,1178.0,47.3,135.0,0,No Failure,0,0,0,0,0,118.9,54.0
6769,H16768,H,297.1,307.3,1168.0,42.4,185.0,0,No Failure,0,0,0,0,0,98.8,44.9
4571,L14570,L,301.6,311.7,1168.0,49.2,127.0,0,No Failure,0,0,0,0,0,126.6,57.6
4913,L14912,L,301.7,311.9,1389.0,21.3,128.0,1,PWF (Power Failure),0,0,1,0,0,0.9,58.2
6149,H16148,H,300.7,310.2,1354.0,21.8,108.0,1,PWF (Power Failure),0,0,1,0,0,6.8,63.1
7747,M17746,M,303.9,310.05,1168.0,53.0,149.0,0,No Failure,0,0,0,0,0,111.0,50.5
4524,H14523,H,299.6,310.0,1190.0,34.5,186.0,0,No Failure,0,0,0,0,0,105.6,48.0
1737,H11736,H,298.8,309.7,1316.0,32.8,198.0,0,No Failure,0,0,0,0,0,99.9,45.4
4421,L14420,L,298.4,309.1,1168.0,40.8,74.0,0,No Failure,0,0,0,0,0,169.3,77.0
1124,L11123,L,300.6,310.7,1172.0,26.4,31.0,1,PWF (Power Failure),0,0,1,0,0,2.7,84.6
5349,M15348,M,302.7,312.9,1168.0,35.2,13.0,0,No Failure,0,0,0,0,0,211.8,96.3
7098,L17097,L,300.7,310.5,1168.0,48.3,185.0,0,No Failure,0,0,0,0,0,82.8,37.6
7917,H17916,H,302.4,312.3,1168.0,35.5,70.0,0,No Failure,0,0,0,0,0,175.5,79.8
1295,L11294,L,300.4,311.9,1182.0,41.0,192.0,0,No Failure,0,0,0,0,0,88.3,40.1
3524,L13523,L,300.0,310.0,1168.0,53.7,77.0,0,No Failure,0,0,0,0,0,161.3,73.3
8534,H18533,H,297.8,308.3,1168.0,30.3,15.0,0,No Failure,0,0,0,0,0,208.5,94.8
6152,M16151,M,301.5,310.3,1168.0,46.0,123.0,0,No Failure,0,0,0,0,0,121.6,55.3
567,M10566,M,300.2,311.6,1177.0,44.9,114.0,0,No Failure,0,0,0,0,0,141.7,64.4
3801,L13800,L,303.2,313.2,1168.0,29.5,164.0,0,No Failure,0,0,0,0,0,113.5,51.6
1947,L11946,L,297.8,306.9,1191.0,45.5,36.0,0,No Failure,0,0,0,0,0,184.4,83.8
3792,L13791,L,298.8,310.0,1265.0,52.4,135.0,0,No Failure,0,0,0,0,0,118.2,53.7
1501,M11500,M,300.7,310.4,1244.0,29.3,45.0,0,No Failure,0,0,0,0,0,190.2,86.5
7914,H17913,H,301.7,313.8,1260.0,30.6,54.0,0,No Failure,0,0,0,0,0,187.9,85.4
8284,M18283,M,302.0,312.6,1282.0,40.2,43.0,0,No Failure,0,0,0,0,0,191.6,87.1
6396,M16395,M,300.5,311.7,1168.0,57.9,46.0,0,No Failure,0,0,0,0,0,185.1,84.1
6985,L16984,L,299.7,308.2,1302.0,35.6,21.0,1,HDF (Heat Dissipation),0,1,0,0,0,7.8,89.3
9941,H19940,H,299.5,310.7,1203.0,37.8,142.0,0,No Failure,0,0,0,0,0,130.3,59.2
6893,L16892,L,297.1,305.8,1303.0,29.0,151.0,0,No Failure,0,0,0,0,0,118.9,54.0
4194,H14193,H,302.2,312.4,1191.0,44.4,172.0,0,No Failure,0,0,0,0,0,105.5,48.0
1864,M11863,M,296.2,306.9,1364.0,31.1,184.0,0,No Failure,0,0,0,0,0,107.6,48.9
3153,L13152,L,295.7,305.0,1269.0,44.1,124.0,0,No Failure,0,0,0,0,0,127.1,57.8
7490,L17489,L,302.1,311.7,1168.0,40.8,160.0,0,No Failure,0,0,0,0,0,106.0,48.2
464,L10463,L,302.6,311.3,1168.0,54.1,20.0,0,No Failure,0,0,0,0,0,190.4,86.5
5642,M15641,M,301.5,311.5,1199.0,56.8,121.0,0,No Failure,0,0,0,0,0,129.0,58.6
1377,M11376,M,298.3,307.7,1168.0,38.9,46.0,0,No Failure,0,0,0,0,0,183.3,83.3
2763,L12762,L,301.3,311.8,1168.0,55.6,149.0,0,No Failure,0,0,0,0,0,104.7,47.6
985,L10984,L,298.5,310.2,1168.0,59.0,206.0,1,OSF (Overstrain Failure),0,0,0,1,0,2.1,25.7
1721,L11720,L,299.8,308.9,1168.0,49.1,146.0,0,No Failure,0,0,0,0,0,102.8,46.7
3149,H13148,H,303.3,314.6,1191.0,40.0,108.0,0,No Failure,0,0,0,0,0,150.5,68.4
3385,L13384,L,301.0,311.3,1285.0,36.3,15.0,0,No Failure,0,0,0,0,0,210.1,95.5
5702,L15701,L,304.4,315.3,1398.0,38.2,111.0,0,No Failure,0,0,0,0,0,145.7,66.2
2641,M12640,M,300.1,309.4,1187.0,71.11,159.0,1,PWF (Power Failure),0,0,1,0,0,6.8,47.9
9425,M19424,M,300.1,310.0,1168.0,35.2,181.0,0,No Failure,0,0,0,0,0,104.2,47.4
9207,M19206,M,292.925,306.5,1173.0,38.1,82.0,0,No Failure,0,0,0,0,0,155.7,70.8
603,H10602,H,299.8,308.5,1326.0,33.1,22.0,0,No Failure,0,0,0,0,0,199.5,90.7
4830,H14829,H,300.2,310.4,1172.0,34.1,90.0,0,No Failure,0,0,0,0,0,164.8,74.9
5486,H15485,H,301.2,311.4,1208.0,45.8,56.0,0,No Failure,0,0,0,0,0,182.3,82.9
1155,M11154,M,298.5,308.8,1304.0,27.5,145.0,0,No Failure,0,0,0,0,0,133.0,60.5
1243,L11242,L,301.8,312.4,1546.0,28.1,10.0,0,No Failure,0,0,0,0,0,213.9,97.2
1741,L11740,L,300.2,311.2,1244.0,52.3,212.0,1,OSF (Overstrain Failure),1,0,0,1,0,2.1,27.4
5426,M15425,M,301.5,310.0,1247.0,49.3,67.0,1,HDF (Heat Dissipation),0,1,0,0,0,5.7,72.3
1328,M11327,M,300.2,310.05,1168.0,48.3,87.0,0,No Failure,0,0,0,0,0,158.6,72.1
8269,M18268,M,300.9,311.6,1192.0,42.0,208.0,0,No Failure,0,0,0,0,0,80.4,36.6
6499,L16498,L,301.5,310.9,1168.0,42.7,162.0,0,No Failure,0,0,0,0,0,100.6,45.7
389,L10388,L,301.5,312.4,1168.0,48.5,206.0,0,No Failure,0,0,0,0,0,69.4,31.6
21,M10020,M,301.1,311.1,1168.0,36.3,71.0,0,No Failure,0,0,0,0,0,174.6,79.4
2217,L12216,L,298.7,308.6,908.0,34.3,60.0,0,No Failure,0,0,0,0,0,180.4,82.0
8075,H18074,H,300.7,311.1,1456.0,29.2,197.0,0,No Failure,0,0,0,0,0,104.1,47.3
6314,L16313,L,302.2,312.9,1168.0,36.5,0.0,0,No Failure,0,0,0,0,0,220.0,100.0
404,L10403,L,300.2,311.4,1168.0,38.5,33.0,0,No Failure,0,0,0,0,0,197.9,89.9
618,L10617,L,298.2,307.0,1168.0,43.4,81.0,0,No Failure,0,0,0,0,0,150.1,68.2
1225,L11224,L,300.9,313.2,1168.0,54.0,162.0,0,No Failure,0,0,0,0,0,96.2,43.7
3840,L13839,L,302.6,312.9,1168.0,39.9,70.0,0,No Failure,0,0,0,0,0,172.4,78.4
1917,M11916,M,297.8,307.0,1168.0,45.6,152.0,0,No Failure,0,0,0,0,0,106.2,48.3
6872,M16871,M,298.4,307.4,1168.0,48.5,-188.0,0,No Failure,0,0,0,0,0,148.9,67.7
4486,L14485,L,299.3,309.3,1168.0,53.8,70.0,0,No Failure,0,0,0,0,0,166.6,75.7
7913,L17912,L,301.7,310.6,1168.0,34.2,52.0,0,No Failure,0,0,0,0,0,174.3,79.2
6896,L16895,L,299.7,318.2,1168.0,25.2,159.0,1,PWF (Power Failure),0,0,1,0,0,3.2,48.3
5156,L15155,L,300.0,313.0,1208.0,33.3,64.0,0,No Failure,0,0,0,0,0,168.4,76.5
2360,L12359,L,299.7,308.8,1418.0,20.2,94.0,1,PWF (Power Failure),0,0,1,0,0,6.2,65.4
1498,M11497,M,296.2,306.5,1200.0,36.4,34.0,0,No Failure,0,0,0,0,0,198.2,90.1
4517,L14516,L,298.3,309.4,1183.0,52.7,165.0,0,No Failure,0,0,0,0,0,95.2,43.3
6033,L16032,L,297.3,306.7,1217.0,61.1,180.0,0,No Failure,0,0,0,0,0,68.7,31.2
4192,M14191,M,300.4,312.5,1279.0,44.1,165.0,0,No Failure,0,0,0,0,0,107.4,48.8
3339,L13338,L,299.4,310.1,1305.0,18.3,86.0,1,PWF (Power Failure),0,0,1,0,0,5.3,68.5
5249,L15248,L,301.6,312.6,1168.0,29.6,133.0,0,No Failure,0,0,0,0,0,132.9,60.4
9954,L19953,L,299.0,310.2,1182.0,24.1,402.0,0,No Failure,0,0,0,0,0,108.0,49.1
8952,M18951,M,299.5,309.1,1476.0,23.4,73.0,0,No Failure,0,0,0,0,0,173.4,78.8
6875,L16874,L,299.6,310.9,1219.0,44.9,94.0,0,No Failure,0,0,0,0,0,153.3,69.7
4941,H14940,H,299.2,310.0,1168.0,40.2,0.0,0,No Failure,0,0,0,0,0,220.0,100.0
3589,M13588,M,298.3,308.6,1431.0,24.8,89.0,0,No Failure,0,0,0,0,0,166.4,75.6
1872,L11871,L,299.6,310.1,1168.0,41.1,7.0,0,No Failure,0,0,0,0,0,215.2,97.8
5208,H15207,H,301.1,311.0,1208.0,49.1,8.0,0,No Failure,0,0,0,0,0,213.4,97.0
4481,L14480,L,295.6,307.2,1296.0,34.0,53.0,0,No Failure,0,0,0,0,0,185.9,84.5
9714,M19713,M,300.4,311.4,1314.0,17.7,45.0,1,PWF (Power Failure),0,0,1,0,0,6.9,79.0
8840,M18839,M,298.3,309.0,1168.0,37.4,153.0,0,No Failure,0,0,0,0,0,121.2,55.1
6161,M16160,M,297.7,306.3,1168.0,55.7,150.0,0,No Failure,0,0,0,0,0,92.6,42.1
1476,M11475,M,298.5,307.8,1168.0,54.5,179.0,0,No Failure,0,0,0,0,0,79.9,36.3
8330,L18329,L,299.2,309.4,1168.0,57.9,202.0,1,OSF (Overstrain Failure),0,0,0,1,0,1.8,27.7
491,M10490,M,299.8,310.4,1179.0,37.2,96.0,0,No Failure,0,0,0,0,0,158.1,71.9
5689,M15688,M,300.1,309.7,1168.0,59.2,58.0,0,No Failure,0,0,0,0,0,171.2,77.8
8133,H18132,H,302.4,313.3,1265.0,26.2,164.0,1,PWF (Power Failure),0,0,1,0,0,5.8,53.2
1281,L11280,L,300.4,311.2,1186.0,52.0,149.0,0,No Failure,0,0,0,0,0,108.0,49.1
6821,M16820,M,298.9,310.1,1168.0,52.7,130.0,0,No Failure,0,0,0,0,0,125.1,56.9
920,M10919,M,307.1,310.6,1301.0,35.0,210.0,0,No Failure,0,0,0,0,0,87.2,39.6
8509,H18508,H,299.0,309.6,1471.0,32.6,156.0,0,No Failure,0,0,0,0,0,125.5,57.1
6391,L16390,L,300.3,311.0,1168.0,32.6,33.0,0,No Failure,0,0,0,0,0,199.0,90.5
2581,L12580,L,297.7,307.1,1441.0,31.7,178.0,0,No Failure,0,0,0,0,0,107.6,48.9
9605,L19604,L,296.7,304.9,1289.0,42.1,110.0,1,HDF (Heat Dissipation),0,1,0,0,0,2.5,59.6
227,L10226,L,303.6,315.4,1168.0,42.2,89.0,0,No Failure,0,0,0,0,0,158.3,72.0
3124,L13123,L,300.1,309.8,1460.0,47.1,23.0,0,No Failure,0,0,0,0,0,203.4,92.4
360,M10359,M,303.2,314.2,1257.0,32.1,104.0,0,No Failure,0,0,0,0,0,155.9,70.9
1011,M11010,M,300.3,310.1,1168.0,53.2,78.0,0,No Failure,0,0,0,0,0,160.7,73.0
3893,M13892,M,301.6,310.5,1168.0,50.0,36.0,0,No Failure,0,0,0,0,0,182.2,82.8
9843,L19842,L,302.0,312.3,1246.0,36.0,19.0,0,No Failure,0,0,0,0,0,207.5,94.3
5384,L15383,L,302.1,313.9,1168.0,38.2,146.0,0,No Failure,0,0,0,0,0,122.3,55.6
7771,L17770,L,300.3,309.9,1546.0,15.6,11.0,1,PWF (Power Failure),0,0,1,0,0,0.5,87.3
5198,L15197,L,297.9,306.8,1244.0,34.3,202.0,0,No Failure,0,0,0,0,0,79.6,36.2
6632,L16631,L,300.5,310.0,1168.0,43.8,-187.0,0,No Failure,0,0,0,0,0,107.0,48.6
8804,L18803,L,298.6,309.3,1168.0,62.7,11.0,0,No Failure,0,0,0,0,0,211.0,95.9
5342,L15341,L,296.3,306.1,1168.0,52.9,208.0,1,OSF (Overstrain Failure),0,0,0,1,0,6.6,27.4
1749,L11748,L,299.9,311.6,1192.0,39.2,17.0,0,No Failure,0,0,0,0,0,208.5,94.8
6478,L16477,L,298.7,310.1,1168.0,40.0,92.0,0,No Failure,0,0,0,0,0,157.4,71.6
8110,M18109,M,301.8,311.9,1168.0,37.8,85.0,0,No Failure,0,0,0,0,0,164.9,75.0
754,L10753,L,301.8,312.2,1168.0,45.2,103.0,0,No Failure,0,0,0,0,0,146.7,66.7
5794,L15793,L,300.8,312.9,1199.0,35.2,31.0,0,No Failure,0,0,0,0,0,199.8,90.8
6382,H16381,H,297.7,307.7,1203.0,37.1,0.0,0,No Failure,0,0,0,0,0,220.0,100.0
6672,L16671,L,299.7,308.3,1222.0,39.0,76.0,0,No Failure,0,0,0,0,0,154.7,70.3
8096,H18095,H,298.8,310.0,1168.0,49.9,36.0,0,No Failure,0,0,0,0,0,195.0,88.7
6490,H16489,H,300.3,309.6,1168.0,41.4,132.0,0,No Failure,0,0,0,0,0,126.5,57.5
2552,L12551,L,299.5,308.7,1214.0,32.3,76.0,0,No Failure,0,0,0,0,0,163.5,74.3
5170,L15169,L,298.9,310.0,1217.0,41.8,109.0,0,No Failure,0,0,0,0,0,144.7,65.8
9001,H19000,H,292.925,310.0,1238.0,46.4,30.0,0,No Failure,0,0,0,0,0,199.7,90.8
7276,M17275,M,299.4,310.1,1219.0,31.7,106.0,0,No Failure,0,0,0,0,0,154.9,70.4
6221,L16220,L,303.3,302.0,1213.0,42.3,117.0,1,HDF (Heat Dissipation),0,1,0,0,0,3.1,56.5
5137,L15136,L,299.6,309.4,1168.0,40.2,0.0,0,No Failure,0,0,0,0,0,217.8,99.0
690,M10689,M,303.0,312.9,1233.0,43.6,116.0,0,No Failure,0,0,0,0,0,140.2,63.7
6954,M16953,M,297.5,309.9,1168.0,38.5,134.0,0,No Failure,0,0,0,0,0,132.7,60.3
8853,L18852,L,302.2,312.0,1168.0,2.52,196.0,1,PWF (Power Failure),0,0,1,0,0,0.8,40.8
8979,M18978,M,296.7,305.5,1168.0,63.5,164.0,0,No Failure,0,0,0,0,0,77.4,35.2
236,H10235,H,302.2,311.9,1439.0,37.6,121.0,0,No Failure,0,0,0,0,0,143.5,65.2
3847,M13846,M,301.2,310.8,1308.0,51.1,96.0,0,No Failure,0,0,0,0,0,148.3,67.4
1871,L11870,L,299.1,311.2,1168.0,46.1,5.0,0,No Failure,0,0,0,0,0,216.4,98.4
3846,M13845,M,297.7,307.3,1377.0,39.2,93.0,0,No Failure,0,0,0,0,0,157.7,71.7
6072,L16071,L,298.3,302.0,1168.0,36.6,84.0,0,No Failure,0,0,0,0,0,164.6,74.8
7679,H17678,H,302.4,311.7,1168.0,30.4,144.0,0,No Failure,0,0,0,0,0,124.5,56.6
469,L10468,L,303.3,314.9,1210.0,30.6,38.0,0,No Failure,0,0,0,0,0,196.3,89.2
2296,L12295,L,297.7,307.9,1168.0,39.7,101.0,0,No Failure,0,0,0,0,0,151.5,68.9
6273,M16272,M,300.9,311.0,1168.0,42.1,76.0,0,No Failure,0,0,0,0,0,169.0,76.8
8320,L18319,L,307.1,314.2,1546.0,13.9,164.0,1,PWF (Power Failure),0,0,1,0,0,7.2,51.0
2966,M12965,M,303.1,313.2,1168.0,36.1,168.0,0,No Failure,0,0,0,0,0,112.7,51.2
1510,M11509,M,299.9,310.7,1284.0,36.7,77.0,0,No Failure,0,0,0,0,0,170.6,77.5
4996,L14995,L,300.6,310.2,1182.0,42.1,189.0,0,No Failure,0,0,0,0,0,87.2,39.6
6671,L16670,L,298.5,308.4,1168.0,39.1,73.0,0,No Failure,0,0,0,0,0,169.7,77.1
6183,H16182,H,303.3,312.8,1168.0,53.9,224.0,0,No Failure,0,0,0,0,0,54.6,24.8
4819,M14818,M,298.5,309.0,1306.0,38.2,57.0,0,No Failure,0,0,0,0,0,182.9,83.2
982,H10981,H,300.1,309.5,1168.0,32.7,193.0,0,No Failure,0,0,0,0,0,96.4,43.8
2951,L12950,L,300.2,309.4,1278.0,34.7,117.0,0,No Failure,0,0,0,0,0,138.1,62.8
1190,M11189,M,300.4,311.3,1425.0,19.8,106.0,1,PWF (Power Failure),0,0,1,0,0,1.8,79.3
7020,M17019,M,299.5,308.8,1168.0,33.5,150.0,0,No Failure,0,0,0,0,0,118.7,53.9
5459,L15458,L,301.6,312.1,1252.0,46.8,192.0,0,No Failure,0,0,0,0,0,81.6,37.1
1391,H11390,H,301.3,312.0,1168.0,77.58,96.0,0,No Failure,0,0,0,0,0,153.3,69.7
5079,L15078,L,299.8,311.2,1220.0,38.7,16.0,0,No Failure,0,0,0,0,0,209.2,95.1
5835,M15834,M,303.3,312.9,1174.0,22.3,168.0,1,PWF (Power Failure),0,0,1,0,0,2.6,45.0
4548,L14547,L,298.7,308.8,1168.0,38.6,47.0,0,No Failure,0,0,0,0,0,188.4,85.7
5125,M15124,M,300.0,310.8,1276.0,28.9,170.0,0,No Failure,0,0,0,0,0,118.2,53.7
6608,L16607,L,300.4,308.9,1232.0,30.7,75.0,1,HDF (Heat Dissipation),0,1,0,0,0,3.4,72.2
7106,L17105,L,299.1,309.4,1372.0,29.0,207.0,0,No Failure,0,0,0,0,0,92.9,42.2
6024,H16023,H,299.4,309.5,1455.0,32.1,147.0,0,No Failure,0,0,0,0,0,131.4,59.7
9521,H19520,H,301.4,311.5,1298.0,33.8,63.0,0,No Failure,0,0,0,0,0,181.5,82.5
750,H10749,H,299.0,318.2,1286.0,41.0,89.0,0,No Failure,0,0,0,0,0,154.4,70.2
3485,M13484,M,301.6,311.6,1299.0,36.6,151.0,0,No Failure,0,0,0,0,0,123.2,56.0
470,M10469,M,302.1,311.1,1168.0,42.1,40.0,0,No Failure,0,0,0,0,0,182.1,82.8
2696,L12695,L,301.6,310.5,1168.0,51.2,135.0,0,No Failure,0,0,0,0,0,107.0,48.6
1450,L11449,L,297.8,308.8,1425.0,35.4,91.0,0,No Failure,0,0,0,0,0,160.6,73.0
6624,L16623,L,300.5,311.6,1290.0,36.5,125.0,0,No Failure,0,0,0,0,0,137.6,62.6
4267,L14266,L,295.7,304.8,1296.0,49.8,0.0,0,No Failure,0,0,0,0,0,213.9,97.2
9729,M19728,M,299.4,310.2,1429.0,47.0,92.0,0,No Failure,0,0,0,0,0,155.7,70.8
9449,L19448,L,298.1,308.0,1279.0,41.9,40.0,0,No Failure,0,0,0,0,0,191.6,87.1
9556,L19555,L,297.0,306.4,1176.0,47.2,189.0,0,No Failure,0,0,0,0,0,76.7,34.9
5637,L15636,L,299.8,309.7,1168.0,30.0,105.0,0,No Failure,0,0,0,0,0,150.2,68.3
4729,M14728,M,297.5,308.0,1168.0,46.7,210.0,0,No Failure,0,0,0,0,0,73.7,33.5
6017,L16016,L,307.1,311.3,1168.0,46.6,118.0,0,No Failure,0,0,0,0,0,132.9,60.4
6321,L16320,L,298.9,310.7,1256.0,41.8,21.0,0,No Failure,0,0,0,0,0,205.5,93.4
8449,L18448,L,301.3,310.2,1527.0,26.2,174.0,0,No Failure,0,0,0,0,0,116.1,52.8
3193,M13192,M,300.3,309.7,1201.0,45.3,41.0,0,No Failure,0,0,0,0,0,185.2,84.2
836,M10835,M,300.9,310.3,1168.0,40.5,142.0,0,No Failure,0,0,0,0,0,119.3,54.2
5155,L15154,L,302.6,312.2,908.0,46.7,62.0,0,No Failure,0,0,0,0,0,170.9,77.7
3468,L13467,L,301.3,311.3,1168.0,50.8,88.0,0,No Failure,0,0,0,0,0,154.5,70.2
6067,L16066,L,302.0,310.2,1546.0,46.8,67.0,1,HDF (Heat Dissipation),0,1,0,0,0,6.9,69.0
8015,L18014,L,300.0,311.7,1327.0,47.9,206.0,0,No Failure,0,0,0,0,0,69.1,31.4
5738,M15737,M,303.3,312.9,1183.0,25.6,39.0,1,PWF (Power Failure),0,0,1,0,0,1.2,79.8
5734,H15733,H,301.9,312.3,1168.0,32.5,22.0,0,No Failure,0,0,0,0,0,206.7,94.0
9672,H19671,H,298.7,307.9,1542.0,24.4,122.0,0,No Failure,0,0,0,0,0,151.2,68.7
7114,M17113,M,298.2,307.8,1546.0,16.9,4.0,1,PWF (Power Failure),0,0,1,0,0,3.8,89.0
3463,L13462,L,300.0,311.8,1168.0,55.7,74.0,0,No Failure,0,0,0,0,0,162.7,74.0
6081,L16080,L,301.7,312.3,1392.0,30.8,114.0,0,No Failure,0,0,0,0,0,148.8,67.6
226,H10225,H,299.5,308.5,1175.0,32.5,83.0,0,No Failure,0,0,0,0,0,158.8,72.2
5742,M15741,M,300.6,311.2,1292.0,36.0,56.0,0,No Failure,0,0,0,0,0,184.3,83.8
7132,M17131,M,301.1,310.8,1342.0,36.1,68.0,0,No Failure,0,0,0,0,0,175.2,79.6
280,H10279,H,299.4,310.4,1168.0,45.3,44.0,0,No Failure,0,0,0,0,0,190.5,86.6
1178,L11177,L,300.3,311.1,1546.0,40.2,6.0,0,No Failure,0,0,0,0,0,215.9,98.1
8226,L18225,L,299.0,309.4,1288.0,38.5,53.0,0,No Failure,0,0,0,0,0,184.4,83.8
7075,M17074,M,302.6,312.6,1168.0,51.2,104.0,0,No Failure,0,0,0,0,0,145.0,65.9
9474,L19473,L,296.1,306.1,1390.0,21.1,122.0,1,PWF (Power Failure),0,0,1,0,0,3.5,59.5
8699,L18698,L,301.1,312.3,1168.0,45.4,100.0,0,No Failure,0,0,0,0,0,148.8,67.6
3912,L13911,L,307.1,311.8,1180.0,44.3,105.0,0,No Failure,0,0,0,0,0,145.9,66.3
7668,L17667,L,300.1,309.1,1168.0,42.8,104.0,0,No Failure,0,0,0,0,0,136.5,62.1
5686,L15685,L,303.5,314.4,1176.0,26.8,51.0,1,PWF (Power Failure),0,0,1,0,0,7.4,79.8
5171,M15170,M,295.8,306.4,1267.0,43.4,112.0,0,No Failure,0,0,0,0,0,144.0,65.4
9992,L19991,L,299.9,310.7,1168.0,38.6,84.0,0,No Failure,0,0,0,0,0,163.6,74.4
7650,M17649,M,297.4,307.8,1168.0,77.58,42.0,0,No Failure,0,0,0,0,0,192.2,87.4
8417,H18416,H,300.2,302.0,1241.0,32.2,60.0,0,No Failure,0,0,0,0,0,178.3,81.0
4330,H14329,H,297.8,308.6,1168.0,24.6,0.0,1,PWF (Power Failure),0,0,1,0,0,5.6,90.1
5286,L15285,L,300.0,308.9,1168.0,58.7,26.0,0,No Failure,0,0,0,0,0,187.3,85.1
6953,L16952,L,299.6,310.3,1226.0,52.6,132.0,0,No Failure,0,0,0,0,0,120.3,54.7
3924,H13923,H,296.5,307.2,1333.0,2.52,143.0,0,No Failure,0,0,0,0,0,130.4,59.3
5928,H15927,H,300.3,310.1,1396.0,28.8,56.0,0,No Failure,0,0,0,0,0,186.7,84.9
8718,L18717,L,301.3,313.1,1546.0,16.5,152.0,1,PWF (Power Failure),0,0,1,0,0,4.0,52.8
8667,L18666,L,300.9,312.8,1168.0,52.0,3.0,0,No Failure,0,0,0,0,0,217.7,99.0
5242,L15241,L,298.8,307.7,1168.0,43.1,112.0,0,No Failure,0,0,0,0,0,129.7,58.9
2914,M12913,M,301.8,312.8,1295.0,35.4,211.0,0,No Failure,0,0,0,0,0,86.1,39.1
2377,H12376,H,301.5,310.9,1233.0,24.8,145.0,1,PWF (Power Failure),0,0,1,0,0,5.2,52.6
2174,L12173,L,302.5,312.3,1168.0,30.6,135.0,0,No Failure,0,0,0,0,0,132.0,60.0
2487,M12486,M,299.8,310.8,1168.0,39.4,76.0,0,No Failure,0,0,0,0,0,170.1,77.3
5491,L15490,L,300.8,311.9,1396.0,26.7,76.0,0,No Failure,0,0,0,0,0,174.4,79.3
467,M10466,M,299.6,308.8,1256.0,37.1,30.0,0,No Failure,0,0,0,0,0,193.8,88.1
5692,L15691,L,300.1,310.6,1345.0,44.4,72.0,0,No Failure,0,0,0,0,0,169.1,76.9
3251,H13250,H,301.3,311.7,1168.0,44.0,20.0,0,No Failure,0,0,0,0,0,206.7,94.0
6225,M16224,M,302.2,314.1,1196.0,49.4,128.0,0,No Failure,0,0,0,0,0,128.9,58.6
5869,L15868,L,300.2,311.1,1168.0,57.0,76.0,0,No Failure,0,0,0,0,0,160.6,73.0
1454,H11453,H,297.1,306.6,1328.0,26.8,108.0,0,No Failure,0,0,0,0,0,153.1,69.6
1884,M11883,M,298.1,306.9,1194.0,61.2,51.0,0,No Failure,0,0,0,0,0,167.2,76.0
3224,M13223,M,301.4,310.4,1168.0,46.2,145.0,0,No Failure,0,0,0,0,0,108.4,49.3
2087,L12086,L,299.0,307.6,1227.0,43.4,75.0,0,No Failure,0,0,0,0,0,153.7,69.9
2387,H12386,H,302.0,313.3,1350.0,40.9,180.0,0,No Failure,0,0,0,0,0,103.4,47.0
7836,L17835,L,301.3,310.5,1168.0,48.4,7.0,0,No Failure,0,0,0,0,0,206.1,93.7
5063,L15062,L,299.9,309.7,1168.0,52.2,186.0,0,No Failure,0,0,0,0,0,77.7,35.3
957,M10956,M,300.0,309.4,1346.0,33.4,111.0,0,No Failure,0,0,0,0,0,148.0,67.3
6132,M16131,M,300.8,310.7,1220.0,47.6,361.0,0,No Failure,0,0,0,0,0,177.6,80.7
6446,L16445,L,302.3,312.9,908.0,38.4,214.0,1,TWF (Tool Wear Failure),1,0,0,0,0,6.6,34.8
1919,M11918,M,299.3,310.1,1168.0,34.7,160.0,0,No Failure,0,0,0,0,0,119.1,54.1
5241,L15240,L,299.3,310.5,1245.0,33.4,109.0,0,No Failure,0,0,0,0,0,150.2,68.3
6857,L16856,L,297.8,307.4,1260.0,50.8,40.0,0,No Failure,0,0,0,0,0,186.9,84.9
6248,H16247,H,299.6,308.9,1168.0,46.2,202.0,0,No Failure,0,0,0,0,0,76.0,34.6
9535,H19534,H,299.9,308.4,1168.0,49.2,116.0,1,HDF (Heat Dissipation),0,1,0,0,0,2.3,56.1
4027,M14026,M,302.1,309.4,1191.0,26.1,27.0,1,HDF (Heat Dissipation),0,1,1,0,0,4.2,72.5
7775,M17774,M,298.4,310.5,1384.0,27.5,23.0,0,No Failure,0,0,0,0,0,206.4,93.8
7138,L17137,L,296.0,306.4,1168.0,49.4,86.0,0,No Failure,0,0,0,0,0,156.7,71.2
7800,L17799,L,300.2,310.8,1168.0,46.9,106.0,0,No Failure,0,0,0,0,0,143.5,65.2
9328,L19327,L,292.925,305.2,1168.0,61.6,60.0,0,No Failure,0,0,0,0,0,161.5,73.4
6603,L16602,L,300.5,311.2,1185.0,35.9,59.0,0,No Failure,0,0,0,0,0,181.3,82.4
841,L10840,L,300.8,311.4,1168.0,40.9,162.0,0,No Failure,0,0,0,0,0,109.0,49.5
9376,L19375,L,299.9,310.3,1395.0,33.5,16.0,0,No Failure,0,0,0,0,0,209.7,95.3
3086,L13085,L,301.9,312.2,1255.0,39.2,116.0,0,No Failure,0,0,0,0,0,141.7,64.4
6849,L16848,L,298.0,307.4,1168.0,56.2,15.0,0,No Failure,0,0,0,0,0,201.7,91.7
7059,M17058,M,296.8,307.1,1168.0,22.1,54.0,1,PWF (Power Failure),0,0,1,0,0,4.6,76.2
878,L10877,L,301.5,311.1,1180.0,49.5,71.0,0,No Failure,0,0,0,0,0,163.3,74.2
5569,L15568,L,300.6,312.0,1168.0,52.2,97.0,0,No Failure,0,0,0,0,0,146.9,66.8
8850,H18849,H,298.3,308.2,1213.0,32.3,186.0,0,No Failure,0,0,0,0,0,106.6,48.5
7846,L17845,L,300.7,308.9,1251.0,33.7,37.0,1,HDF (Heat Dissipation),0,1,0,0,0,7.3,82.0
3233,M13232,M,301.4,312.1,1168.0,55.9,173.0,0,No Failure,0,0,0,0,0,90.7,41.2
8835,L18834,L,301.1,311.2,1392.0,21.6,137.0,1,PWF (Power Failure),0,0,1,0,0,2.5,56.4
4060,H14059,H,297.4,308.9,1168.0,35.9,149.0,0,No Failure,0,0,0,0,0,127.3,57.9
4907,H14906,H,296.7,307.2,1168.0,39.9,109.0,0,No Failure,0,0,0,0,0,150.0,68.2
4723,L14722,L,302.2,311.3,1195.0,33.2,190.0,0,No Failure,0,0,0,0,0,88.7,40.3
3902,H13901,H,302.0,302.0,1181.0,31.1,66.0,0,No Failure,0,0,0,0,0,180.5,82.1
3908,H13907,H,298.6,309.4,1280.0,27.9,88.0,0,No Failure,0,0,0,0,0,167.2,76.0
8695,M18694,M,300.7,310.6,1168.0,44.8,106.0,0,No Failure,0,0,0,0,0,156.4,71.1
7050,L17049,L,298.8,309.2,1286.0,28.0,-188.0,0,No Failure,0,0,0,0,0,202.8,92.2
6592,M16591,M,299.0,308.7,1301.0,2.52,26.0,0,No Failure,0,0,0,0,0,199.6,90.7
10,L10009,L,297.1,305.9,1436.0,17.2,34.0,1,PWF (Power Failure),0,0,1,0,0,4.4,81.3
3899,L13898,L,296.1,305.3,1168.0,39.0,59.0,0,No Failure,0,0,0,0,0,171.4,77.9
8545,L18544,L,298.6,308.6,1168.0,44.2,53.0,0,No Failure,0,0,0,0,0,182.6,83.0
8176,H18175,H,304.2,315.3,1168.0,48.0,102.0,0,No Failure,0,0,0,0,0,150.3,68.3
8601,M18600,M,302.4,310.5,1168.0,31.5,26.0,1,HDF (Heat Dissipation),0,1,0,0,0,7.4,83.3
8510,H18509,H,300.6,302.0,1168.0,39.3,162.0,0,No Failure,0,0,0,0,0,116.4,52.9
6689,M16688,M,299.2,309.0,1168.0,37.0,138.0,0,No Failure,0,0,0,0,0,129.0,58.6
4089,L14088,L,296.7,306.4,1248.0,46.1,30.0,0,No Failure,0,0,0,0,0,195.8,89.0
989,L10988,L,302.7,311.9,1287.0,39.0,5.0,0,No Failure,0,0,0,0,0,210.9,95.9
8497,L18496,L,302.3,312.3,1210.0,25.5,121.0,1,PWF (Power Failure),0,0,1,0,0,2.6,60.3
5717,H15716,H,302.5,315.4,1291.0,76.44,167.0,0,No Failure,0,0,0,0,0,117.7,53.5
2714,L12713,L,302.0,312.9,1168.0,56.3,201.0,1,OSF (Overstrain Failure),0,0,0,1,0,3.1,28.9
7539,L17538,L,300.9,311.8,1370.0,30.0,86.0,0,No Failure,0,0,0,0,0,166.7,75.8
8647,M18646,M,297.4,307.9,1248.0,40.0,174.0,0,No Failure,0,0,0,0,0,105.2,47.8
7738,L17737,L,299.7,309.8,1242.0,34.0,117.0,0,No Failure,0,0,0,0,0,144.7,65.8
6832,M16831,M,299.8,310.1,1262.0,39.7,164.0,0,No Failure,0,0,0,0,0,118.5,53.9
5210,L15209,L,301.2,312.9,1323.0,24.0,15.0,1,PWF (Power Failure),0,0,1,0,0,8.0,90.1
4499,H14498,H,296.2,310.0,1168.0,26.8,110.0,1,PWF (Power Failure),0,0,1,0,0,1.8,64.7
8108,H18107,H,300.8,312.1,1168.0,35.9,75.0,0,No Failure,0,0,0,0,0,173.3,78.8
2281,L12280,L,299.6,308.9,1334.0,26.9,53.0,0,No Failure,0,0,0,0,0,183.4,83.4
9664,H19663,H,302.4,312.8,1168.0,26.9,84.0,1,PWF (Power Failure),0,0,1,0,0,1.0,71.6
7518,M17517,M,292.925,309.8,1168.0,36.1,27.0,0,No Failure,0,0,0,0,0,192.9,87.7
987,L10986,L,299.7,311.9,1260.0,36.9,0.0,0,No Failure,0,0,0,0,0,220.0,100.0
8563,H18562,H,298.7,308.6,1168.0,28.2,109.0,1,PWF (Power Failure),0,0,1,0,0,2.2,66.2
4049,L14048,L,299.7,309.3,1240.0,38.5,105.0,0,No Failure,0,0,0,0,0,145.8,66.3
4938,M14937,M,301.0,318.2,1168.0,42.9,209.0,0,No Failure,0,0,0,0,0,72.1,32.8
9754,L19753,L,298.8,309.4,1353.0,30.5,184.0,0,No Failure,0,0,0,0,0,105.4,47.9
8745,M18744,M,303.0,313.5,1168.0,54.5,27.0,0,No Failure,0,0,0,0,0,200.0,90.9
4694,H14693,H,296.2,306.7,1197.0,38.8,103.0,0,No Failure,0,0,0,0,0,154.4,70.2
9460,H19459,H,296.8,307.0,1168.0,62.1,75.0,0,No Failure,0,0,0,0,0,163.4,74.3
6481,M16480,M,301.1,310.7,1430.0,33.3,99.0,0,No Failure,0,0,0,0,0,158.0,71.8
5859,M15858,M,301.1,310.7,1168.0,35.9,42.0,0,No Failure,0,0,0,0,0,188.8,85.8
2418,M12417,M,307.1,310.2,1244.0,39.7,68.0,0,No Failure,0,0,0,0,0,169.4,77.0
4742,L14741,L,299.2,310.2,1299.0,31.4,34.0,0,No Failure,0,0,0,0,0,198.6,90.3
2526,L12525,L,300.3,310.4,1182.0,18.5,216.0,1,PWF (Power Failure),1,0,1,0,0,4.5,40.1
9890,H19889,H,303.3,313.7,1450.0,31.0,182.0,0,No Failure,0,0,0,0,0,111.3,50.6
150,L10149,L,299.5,308.5,1168.0,59.7,34.0,0,No Failure,0,0,0,0,0,181.9,82.7
283,L10282,L,300.4,310.1,1168.0,41.1,54.0,0,No Failure,0,0,0,0,0,179.6,81.6
1384,H11383,H,298.7,307.8,1302.0,34.2,69.0,0,No Failure,0,0,0,0,0,171.8,78.1
2918,H12917,H,302.4,312.7,1204.0,53.1,4.0,0,No Failure,0,0,0,0,0,217.2,98.7
608,L10607,L,301.7,311.8,1222.0,49.2,47.0,0,No Failure,0,0,0,0,0,185.4,84.3
9164,M19163,M,300.1,309.0,1381.0,38.1,159.0,0,No Failure,0,0,0,0,0,113.4,51.5
9250,H19249,H,301.3,310.8,1212.0,29.0,3.0,0,No Failure,0,0,0,0,0,209.7,95.3
4910,L14909,L,298.9,309.0,1317.0,29.1,121.0,0,No Failure,0,0,0,0,0,145.6,66.2
6542,L16541,L,298.4,308.0,1471.0,22.2,83.0,1,PWF (Power Failure),0,0,1,0,0,5.7,73.6
5673,L15672,L,299.4,308.8,1278.0,39.9,6.0,0,No Failure,0,0,0,0,0,211.4,96.1
9839,H19838,H,300.0,311.5,1168.0,40.4,2.0,0,No Failure,0,0,0,0,0,218.7,99.4
1427,L11426,L,298.5,309.4,1168.0,52.8,12.0,0,No Failure,0,0,0,0,0,210.9,95.9
5407,L15406,L,300.8,311.5,1168.0,33.2,4.0,0,No Failure,0,0,0,0,0,217.4,98.8
5245,L15244,L,296.8,306.8,1302.0,28.8,120.0,0,No Failure,0,0,0,0,0,146.5,66.6
1870,H11869,H,300.1,308.6,1323.0,31.9,0.0,1,HDF (Heat Dissipation),0,1,0,0,0,4.7,96.2
9915,L19914,L,299.8,311.7,1255.0,44.3,57.0,0,No Failure,0,0,0,0,0,179.8,81.7
175,L10174,L,298.7,308.4,1168.0,48.1,125.0,0,No Failure,0,0,0,0,0,125.6,57.1
8034,L18033,L,302.6,312.0,1248.0,34.3,52.0,0,No Failure,0,0,0,0,0,181.1,82.3
8845,M18844,M,299.6,310.2,1244.0,26.5,166.0,1,PWF (Power Failure),0,0,1,0,0,4.3,51.5
3767,M13766,M,301.8,312.0,1168.0,38.4,35.0,0,No Failure,0,0,0,0,0,197.2,89.6
3759,H13758,H,303.0,312.0,1206.0,45.4,5.0,0,No Failure,0,0,0,0,0,205.9,93.6
666,M10665,M,297.9,307.6,1303.0,19.6,33.0,1,PWF (Power Failure),0,0,1,0,0,6.5,80.9
4551,L14550,L,303.8,314.3,1186.0,32.9,57.0,0,No Failure,0,0,0,0,0,183.7,83.5
910,L10909,L,302.6,312.7,1168.0,42.6,170.0,0,No Failure,0,0,0,0,0,101.7,46.2
9886,H19885,H,304.4,314.3,1335.0,25.0,166.0,1,PWF (Power Failure),0,0,1,0,0,6.8,53.2
7064,L17063,L,300.6,313.0,1168.0,47.0,67.0,0,No Failure,0,0,0,0,0,171.6,78.0
4084,L14083,L,299.8,309.2,1168.0,35.1,13.0,0,No Failure,0,0,0,0,0,204.9,93.2
8675,L18674,L,299.6,310.7,1168.0,37.4,30.0,0,No Failure,0,0,0,0,0,200.1,90.9
9377,H19376,H,301.4,312.5,1204.0,50.2,19.0,0,No Failure,0,0,0,0,0,206.8,94.0
5930,L15929,L,301.2,312.5,1183.0,40.15,66.0,0,No Failure,0,0,0,0,0,167.4,76.1
6190,M16189,M,301.3,312.4,1168.0,35.1,19.0,0,No Failure,0,0,0,0,0,208.0,94.5
8738,L18737,L,299.0,309.5,1168.0,33.0,4.0,0,No Failure,0,0,0,0,0,217.4,98.8
3023,L13022,L,299.7,310.2,1288.0,77.58,133.0,0,No Failure,0,0,0,0,0,129.1,58.7
4982,L14981,L,300.3,312.4,1168.0,58.8,143.0,0,No Failure,0,0,0,0,0,106.6,48.5
8477,M18476,M,299.4,308.1,1278.0,36.4,46.0,0,No Failure,0,0,0,0,0,180.7,82.1
2906,M12905,M,300.2,309.7,1168.0,44.6,181.0,0,No Failure,0,0,0,0,0,90.5,41.1
726,L10725,L,302.2,312.5,1323.0,30.3,26.0,0,No Failure,0,0,0,0,0,203.8,92.7
5570,H15569,H,292.925,302.0,1546.0,30.6,99.0,0,No Failure,0,0,0,0,0,161.1,73.2
1709,H11708,H,299.4,309.5,1168.0,49.3,98.0,0,No Failure,0,0,0,0,0,152.4,69.3
2284,M12283,M,304.1,315.3,1168.0,34.8,62.0,0,No Failure,0,0,0,0,0,180.9,82.2
8513,M18512,M,299.1,309.1,1168.0,52.3,172.0,0,No Failure,0,0,0,0,0,94.8,43.1
8287,L18286,L,302.5,310.7,1168.0,48.1,52.0,1,HDF (Heat Dissipation),0,1,0,0,0,3.8,73.8
1171,L11170,L,303.8,313.7,1229.0,57.1,202.0,1,OSF (Overstrain Failure),0,0,0,1,0,5.9,27.7
8018,M18017,M,297.3,307.6,1369.0,41.3,4.0,0,No Failure,0,0,0,0,0,217.3,98.8
3380,H13379,H,299.9,309.4,1209.0,34.6,216.0,0,No Failure,0,0,0,0,0,81.7,37.1
4801,L14800,L,301.0,310.7,1168.0,37.2,0.0,0,No Failure,0,0,0,0,0,216.7,98.5
9726,H19725,H,297.9,307.8,1168.0,29.3,82.0,0,No Failure,0,0,0,0,0,164.7,74.9
519,L10518,L,302.0,310.9,1168.0,38.8,185.0,0,No Failure,0,0,0,0,0,83.4,37.9
7788,H17787,H,299.0,309.2,1297.0,37.4,67.0,0,No Failure,0,0,0,0,0,177.8,80.8
4487,M14486,M,296.3,306.2,1330.0,41.1,106.0,0,No Failure,0,0,0,0,0,171.5,78.0
5825,L15824,L,298.9,310.9,1213.0,40.0,137.0,0,No Failure,0,0,0,0,0,126.8,57.7
4611,H14610,H,304.83,306.5,1281.0,34.5,50.0,0,No Failure,0,0,0,0,0,189.2,86.0
3201,M13200,M,298.3,310.1,1546.0,28.0,67.0,0,No Failure,0,0,0,0,0,180.2,81.9
9025,M19024,M,300.5,310.6,1392.0,21.9,119.0,1,PWF (Power Failure),0,0,1,0,0,0.1,62.1
9882,L19881,L,300.1,311.9,1257.0,38.4,154.0,0,No Failure,0,0,0,0,0,116.8,53.1
1753,H11752,H,298.1,307.5,1287.0,37.5,29.0,0,No Failure,0,0,0,0,0,197.4,89.7
2373,L12372,L,299.8,310.3,1283.0,28.4,135.0,0,No Failure,0,0,0,0,0,137.6,62.5
2227,M12226,M,292.925,311.6,1168.0,39.7,93.0,0,No Failure,0,0,0,0,0,158.8,72.2
7364,H17363,H,300.0,308.3,1168.0,48.0,179.0,1,HDF (Heat Dissipation),0,1,0,0,0,6.5,35.9
6750,M16749,M,297.1,308.9,1546.0,19.8,122.0,0,No Failure,0,0,0,0,0,153.0,69.6
2948,M12947,M,299.5,308.8,1228.0,55.9,104.0,0,No Failure,0,0,0,0,0,135.4,61.6
4258,L14257,L,303.3,313.0,1483.0,18.4,170.0,1,PWF (Power Failure),0,0,1,0,0,4.2,47.5
5759,L15758,L,301.4,312.5,1280.0,43.5,121.0,0,No Failure,0,0,0,0,0,135.2,61.4
168,H10167,H,300.4,310.7,1168.0,48.4,98.0,0,No Failure,0,0,0,0,0,152.8,69.5
3413,M13412,M,299.9,309.3,1426.0,36.8,115.0,0,No Failure,0,0,0,0,0,145.5,66.1
1163,H11162,H,301.6,311.2,1239.0,50.9,169.0,0,No Failure,0,0,0,0,0,98.3,44.7
4555,L14554,L,298.0,309.6,1168.0,60.6,69.0,0,No Failure,0,0,0,0,0,164.6,74.8
5557,L15556,L,303.6,315.1,1168.0,42.5,60.0,0,No Failure,0,0,0,0,0,178.3,81.0
1466,M11465,M,298.7,307.8,1296.0,34.4,148.0,0,No Failure,0,0,0,0,0,120.8,54.9
1810,L11809,L,298.8,308.2,1263.0,61.7,8.0,0,No Failure,0,0,0,0,0,208.6,94.8
1412,H11411,H,299.0,310.0,1220.0,31.1,178.0,0,No Failure,0,0,0,0,0,113.6,51.6
6077,M16076,M,298.2,307.9,1168.0,43.6,101.0,0,No Failure,0,0,0,0,0,148.0,67.3
5037,H15036,H,300.0,311.2,1173.0,32.8,108.0,0,No Failure,0,0,0,0,0,160.6,73.0
1405,L11404,L,301.0,311.2,1329.0,42.4,150.0,0,No Failure,0,0,0,0,0,115.8,52.7
5611,L15610,L,301.4,310.7,1168.0,46.7,29.0,0,No Failure,0,0,0,0,0,191.4,87.0
2768,M12767,M,299.8,308.6,1168.0,39.5,163.0,0,No Failure,0,0,0,0,0,99.7,45.3
7408,M17407,M,299.9,308.5,1201.0,34.0,116.0,0,No Failure,0,0,0,0,0,131.9,60.0
541,H10540,H,302.0,314.3,1222.0,25.1,30.0,1,PWF (Power Failure),0,0,1,0,0,0.6,84.9
695,H10694,H,302.0,313.8,1168.0,46.4,134.0,0,No Failure,0,0,0,0,0,129.5,58.9
5419,L15418,L,304.0,313.1,1368.0,34.6,43.0,0,No Failure,0,0,0,0,0,188.9,85.9
1044,M11043,M,300.3,311.4,1233.0,38.6,196.0,0,No Failure,0,0,0,0,0,92.1,41.9
3959,L13958,L,299.7,309.9,1177.0,35.4,36.0,0,No Failure,0,0,0,0,0,196.5,89.3
9217,H19216,H,297.7,306.7,1302.0,34.6,112.0,0,No Failure,0,0,0,0,0,144.5,65.7
220,L10219,L,301.9,310.0,1168.0,56.5,65.0,0,No Failure,0,0,0,0,0,169.4,77.0
3942,L13941,L,297.0,306.8,1263.0,24.8,203.0,1,PWF (Power Failure),0,0,1,0,0,2.6,38.4
5332,M15331,M,301.9,309.5,1233.0,47.9,177.0,1,HDF (Heat Dissipation),0,1,0,0,0,2.3,33.0
3988,L13987,L,300.1,310.1,1281.0,22.0,115.0,1,PWF (Power Failure),0,0,1,0,0,3.2,60.1
5636,M15635,M,302.3,311.7,1358.0,27.4,101.0,0,No Failure,0,0,0,0,0,157.9,71.8
2690,M12689,M,300.5,309.2,1168.0,50.7,402.0,0,No Failure,0,0,0,0,0,128.1,58.2
8352,H18351,H,300.7,310.4,1168.0,35.4,52.0,0,No Failure,0,0,0,0,0,184.5,83.9
9509,M19508,M,299.7,308.6,1359.0,39.6,24.0,0,No Failure,0,0,0,0,0,199.8,90.8
7789,M17788,M,304.3,312.7,1233.0,39.7,72.0,1,HDF (Heat Dissipation),0,1,0,0,0,1.1,71.5
8937,L18936,L,299.8,309.5,1168.0,55.2,27.0,0,No Failure,0,0,0,0,0,195.9,89.0
3962,L13961,L,299.5,311.7,1168.0,59.5,44.0,0,No Failure,0,0,0,0,0,184.9,84.1
9482,L19481,L,295.4,304.3,1168.0,40.9,152.0,0,No Failure,0,0,0,0,0,103.7,47.1
4186,H14185,H,300.1,311.7,1252.0,31.8,147.0,0,No Failure,0,0,0,0,0,131.6,59.8
1235,L11234,L,301.3,311.5,1352.0,54.1,196.0,0,No Failure,0,0,0,0,0,70.1,31.9
1348,L11347,L,300.6,310.6,1168.0,32.8,161.0,0,No Failure,0,0,0,0,0,117.5,53.4
1213,M11212,M,299.9,310.6,1168.0,42.6,125.0,0,No Failure,0,0,0,0,0,135.7,61.7
8119,L18118,L,303.4,313.5,1183.0,49.3,118.0,0,No Failure,0,0,0,0,0,133.2,60.5
38,L10037,L,299.4,310.1,1168.0,45.0,126.0,0,No Failure,0,0,0,0,0,130.5,59.3
3536,M13535,M,298.8,307.6,1280.0,50.6,111.0,0,No Failure,0,0,0,0,0,131.3,59.7
8368,M18367,M,299.4,308.9,1168.0,30.5,114.0,0,No Failure,0,0,0,0,0,143.3,65.1
5966,L15965,L,302.4,311.8,1314.0,29.9,169.0,0,No Failure,0,0,0,0,0,111.7,50.8
7376,L17375,L,298.9,307.7,1431.0,39.7,12.0,0,No Failure,0,0,0,0,0,210.9,95.8
777,M10776,M,299.3,308.3,1168.0,32.7,176.0,0,No Failure,0,0,0,0,0,99.9,45.4
7404,M17403,M,296.5,305.4,1168.0,37.3,101.0,0,No Failure,0,0,0,0,0,142.7,64.9
9292,H19291,H,295.8,305.6,1247.0,44.0,159.0,0,No Failure,0,0,0,0,0,112.7,51.2
7424,L17423,L,298.9,310.0,1168.0,43.1,166.0,0,No Failure,0,0,0,0,0,104.0,47.3
527,H10526,H,302.2,312.7,1275.0,52.5,212.0,0,No Failure,0,0,0,0,0,70.2,31.9
3810,M13809,M,298.8,308.9,1530.0,39.7,192.0,0,No Failure,0,0,0,0,0,104.9,47.7
6029,H16028,H,298.9,309.8,1168.0,50.5,167.0,0,No Failure,0,0,0,0,0,103.7,47.1
9096,M19095,M,303.1,314.1,1179.0,51.1,143.0,0,No Failure,0,0,0,0,0,116.9,53.1
9309,L19308,L,299.6,310.0,1349.0,19.3,0.0,1,PWF (Power Failure),0,0,1,0,0,1.3,90.0
1704,M11703,M,298.4,309.8,1457.0,31.8,83.0,0,No Failure,0,0,0,0,0,169.0,76.8
4797,L14796,L,301.5,310.4,1168.0,48.3,220.0,0,No Failure,0,0,0,0,0,47.3,21.5
3448,M13447,M,302.7,312.3,1281.0,36.3,18.0,0,No Failure,0,0,0,0,0,205.5,93.4
9135,L19134,L,299.1,309.5,1189.0,40.5,65.0,0,No Failure,0,0,0,0,0,175.6,79.8
4146,L14145,L,297.3,308.0,1305.0,33.3,14.0,0,No Failure,0,0,0,0,0,211.0,95.9
5640,M15639,M,299.9,309.8,1168.0,47.3,115.0,0,No Failure,0,0,0,0,0,138.4,62.9
8095,L18094,L,304.5,315.2,1523.0,24.3,34.0,0,No Failure,0,0,0,0,0,200.1,90.9
8043,H18042,H,302.1,313.1,1168.0,48.9,80.0,0,No Failure,0,0,0,0,0,164.9,75.0
6814,L16813,L,297.1,308.2,1168.0,52.0,111.0,0,No Failure,0,0,0,0,0,136.5,62.1
7321,L17320,L,298.1,309.6,1358.0,35.6,35.0,0,No Failure,0,0,0,0,0,197.1,89.6
8295,M18294,M,300.6,311.4,1168.0,55.2,78.0,0,No Failure,0,0,0,0,0,162.0,73.6
7649,L17648,L,297.0,307.9,1168.0,62.5,39.0,1,RNF (Random Failure),0,0,0,0,1,2.5,85.6
348,L10347,L,302.4,311.9,1168.0,39.8,66.0,0,No Failure,0,0,0,0,0,169.7,77.1
8222,M18221,M,303.0,314.6,1168.0,54.4,39.0,0,No Failure,0,0,0,0,0,191.2,86.9
1778,L11777,L,299.8,311.7,1168.0,32.7,125.0,0,No Failure,0,0,0,0,0,140.5,63.9
1694,M11693,M,299.0,310.0,1168.0,43.9,44.0,0,No Failure,0,0,0,0,0,190.0,86.4
4554,M14553,M,300.5,311.8,1168.0,46.5,66.0,0,No Failure,0,0,0,0,0,174.1,79.1
8234,M18233,M,300.0,309.3,1168.0,31.3,81.0,0,No Failure,0,0,0,0,0,162.7,74.0
2177,L12176,L,299.1,309.2,1168.0,43.0,144.0,0,No Failure,0,0,0,0,0,119.5,54.3
8204,M18203,M,303.3,313.5,1168.0,40.3,106.0,0,No Failure,0,0,0,0,0,88.3,40.2
7147,L17146,L,301.6,310.9,1168.0,38.2,115.0,0,No Failure,0,0,0,0,0,135.3,61.5
134,L10133,L,302.3,312.6,1297.0,28.4,205.0,0,No Failure,0,0,0,0,0,94.9,43.1
7066,H17065,H,298.4,306.7,1340.0,33.9,71.0,1,HDF (Heat Dissipation),0,1,0,0,0,5.4,76.5
7685,L17684,L,297.7,307.8,1253.0,40.3,171.0,0,No Failure,0,0,0,0,0,103.4,47.0
2105,M12104,M,302.6,312.7,1354.0,37.9,132.0,0,No Failure,0,0,0,0,0,134.4,61.1
4920,L14919,L,301.9,312.6,1168.0,57.5,156.0,0,No Failure,0,0,0,0,0,97.5,44.3
7783,M17782,M,300.4,310.2,1168.0,72.89,49.0,1,PWF (Power Failure),0,0,1,0,0,1.8,77.1
7299,H17298,H,299.4,310.1,1275.0,31.8,188.0,0,No Failure,0,0,0,0,0,106.9,48.6
9196,L19195,L,298.1,308.3,1261.0,42.1,47.0,0,No Failure,0,0,0,0,0,187.4,85.2
7494,L17493,L,302.4,312.9,1168.0,50.1,176.0,0,No Failure,0,0,0,0,0,89.7,40.8
1772,M11771,M,302.1,314.1,1364.0,25.2,100.0,0,No Failure,0,0,0,0,0,156.6,71.2
1876,M11875,M,296.9,307.6,1471.0,21.1,27.0,1,PWF (Power Failure),0,0,1,0,0,1.7,86.3
1055,L11054,L,301.8,312.4,1168.0,59.9,13.0,0,No Failure,0,0,0,0,0,209.6,95.3
7183,M17182,M,301.9,313.2,1257.0,38.5,26.0,0,No Failure,0,0,0,0,0,203.1,92.3
6506,L16505,L,301.1,309.9,1168.0,46.6,188.0,0,No Failure,0,0,0,0,0,71.5,32.5
2050,L12049,L,296.8,310.0,1190.0,30.4,176.0,0,No Failure,0,0,0,0,0,110.1,50.1
9814,L19813,L,303.7,313.6,1342.0,37.2,140.0,0,No Failure,0,0,0,0,0,126.7,57.6
7500,L17499,L,298.1,307.9,1345.0,21.7,196.0,1,PWF (Power Failure),0,0,1,0,0,6.9,39.5
2380,M12379,M,300.0,311.1,1168.0,56.8,157.0,0,No Failure,0,0,0,0,0,101.9,46.3
119,L10118,L,302.9,312.1,1269.0,35.4,159.0,0,No Failure,0,0,0,0,0,109.9,50.0
4641,L14640,L,298.9,308.8,1216.0,34.9,402.0,0,No Failure,0,0,0,0,0,122.9,55.8
7118,M17117,M,301.0,312.1,1168.0,53.4,20.0,0,No Failure,0,0,0,0,0,205.3,93.3
9156,H19155,H,299.9,308.8,1168.0,54.9,131.0,0,No Failure,0,0,0,0,0,113.7,51.7
9169,L19168,L,298.4,308.6,1546.0,23.7,175.0,0,No Failure,0,0,0,0,0,118.1,53.7
8879,L18878,L,300.5,311.9,1274.0,37.6,61.0,0,No Failure,0,0,0,0,0,179.4,81.5
5851,H15850,H,301.9,312.4,1168.0,47.0,13.0,0,No Failure,0,0,0,0,0,211.2,96.0
2693,H12692,H,299.1,309.7,1340.0,36.2,119.0,0,No Failure,0,0,0,0,0,145.8,66.3
3286,M13285,M,300.0,309.2,1270.0,39.5,133.0,0,No Failure,0,0,0,0,0,126.2,57.4
3493,H13492,H,299.8,310.3,1259.0,48.1,174.0,0,No Failure,0,0,0,0,0,100.9,45.9
7512,M17511,M,304.2,313.1,1186.0,29.9,4.0,0,No Failure,0,0,0,0,0,203.1,92.3
2551,M12550,M,302.3,312.4,1168.0,28.0,72.0,1,PWF (Power Failure),0,0,1,0,0,3.2,75.9
8292,H18291,H,301.3,310.2,1227.0,39.2,69.0,0,No Failure,0,0,0,0,0,165.1,75.1
3062,L13061,L,297.8,307.4,1367.0,25.4,35.0,0,No Failure,0,0,0,0,0,193.3,87.9
8327,M18326,M,302.2,313.7,1284.0,38.3,190.0,0,No Failure,0,0,0,0,0,96.4,43.8
7812,M17811,M,301.4,311.1,1168.0,48.3,142.0,0,No Failure,0,0,0,0,0,116.5,53.0
9996,L19995,L,300.4,311.4,1168.0,38.4,92.0,0,No Failure,0,0,0,0,0,158.3,72.0
9967,L19966,L,302.6,311.9,1486.0,21.7,227.0,1,PWF (Power Failure),0,0,1,0,0,4.8,35.9
7434,L17433,L,298.7,308.6,1168.0,66.0,203.0,1,OSF (Overstrain Failure),0,0,0,1,0,6.8,24.4
66,M10065,M,299.4,309.8,1303.0,32.3,220.0,0,No Failure,0,0,0,0,0,84.1,38.2
3248,H13247,H,301.2,312.1,1528.0,29.3,7.0,0,No Failure,0,0,0,0,0,215.9,98.1
6003,M16002,M,296.2,306.3,1252.0,48.1,70.0,0,No Failure,0,0,0,0,0,170.7,77.6
2932,L12931,L,302.9,310.6,1168.0,31.9,56.0,1,HDF (Heat Dissipation),0,1,0,0,0,7.8,72.4
2692,L12691,L,299.9,309.9,1168.0,57.0,117.0,0,No Failure,0,0,0,0,0,128.5,58.4
7340,H17339,H,302.3,311.9,1168.0,46.9,99.0,0,No Failure,0,0,0,0,0,148.5,67.5
5970,M15969,M,299.5,308.9,1168.0,59.4,181.0,0,No Failure,0,0,0,0,0,74.6,33.9
6422,M16421,M,298.3,308.8,1168.0,48.8,132.0,0,No Failure,0,0,0,0,0,126.5,57.5
7753,H17752,H,300.5,311.2,1306.0,48.7,171.0,0,No Failure,0,0,0,0,0,102.5,46.6
5583,L15582,L,300.9,311.4,1242.0,29.7,146.0,0,No Failure,0,0,0,0,0,129.7,59.0
2522,M12521,M,298.9,307.8,1168.0,33.9,200.0,0,No Failure,0,0,0,0,0,82.6,37.6
7598,M17597,M,296.6,304.8,1168.0,31.9,72.0,1,HDF (Heat Dissipation),0,1,0,0,0,3.6,70.9
364,L10363,L,302.4,313.0,1251.0,39.9,118.0,0,No Failure,0,0,0,0,0,139.8,63.6
6646,L16645,L,299.0,310.5,1199.0,41.9,199.0,0,No Failure,0,0,0,0,0,82.4,37.5
9574,M19573,M,298.4,308.7,1242.0,36.4,13.0,0,No Failure,0,0,0,0,0,211.7,96.2
1352,H11351,H,298.1,307.7,1210.0,32.2,172.0,0,No Failure,0,0,0,0,0,112.0,50.9
4541,L14540,L,298.9,307.1,1168.0,54.3,25.0,1,HDF (Heat Dissipation),0,1,0,0,0,5.6,82.3
6443,H16442,H,296.8,307.0,1168.0,55.4,201.0,0,No Failure,0,0,0,0,0,75.0,34.1
377,H10376,H,299.9,309.7,1168.0,40.3,158.0,0,No Failure,0,0,0,0,0,116.0,52.7
5132,L15131,L,302.1,313.4,1235.0,38.1,196.0,0,No Failure,0,0,0,0,0,89.0,40.4
8539,L18538,L,302.2,312.0,1168.0,46.3,36.0,0,No Failure,0,0,0,0,0,192.0,87.3
2207,M12206,M,297.7,302.0,1356.0,39.3,26.0,0,No Failure,0,0,0,0,0,202.9,92.2
8326,L18325,L,302.3,314.0,1254.0,45.0,188.0,0,No Failure,0,0,0,0,0,86.5,39.3
2461,H12460,H,298.5,307.9,1168.0,28.5,206.0,1,PWF (Power Failure),0,0,1,0,0,4.5,38.3
327,H10326,H,301.0,309.9,1281.0,29.7,206.0,0,No Failure,0,0,0,0,0,90.1,41.0
564,M10563,M,300.7,311.6,1168.0,37.1,105.0,0,No Failure,0,0,0,0,0,152.4,69.3
413,L10412,L,300.8,311.1,1451.0,17.7,70.0,1,PWF (Power Failure),0,0,1,0,0,6.4,72.6
2370,M12369,M,299.2,308.1,1187.0,37.9,126.0,0,No Failure,0,0,0,0,0,126.2,57.4
1698,M11697,M,296.7,305.9,1168.0,34.9,57.0,0,No Failure,0,0,0,0,0,175.2,79.6
88,L10087,L,297.3,306.4,1168.0,22.8,56.0,1,PWF (Power Failure),0,0,1,0,0,3.6,70.8
2185,M12184,M,298.8,306.8,1168.0,40.1,178.0,1,HDF (Heat Dissipation),0,1,0,0,0,7.1,36.6
7851,M17850,M,302.1,311.9,1168.0,49.1,52.0,0,No Failure,0,0,0,0,0,180.9,82.2
7265,M17264,M,297.8,307.0,1168.0,47.0,65.0,0,No Failure,0,0,0,0,0,165.8,75.4
5948,M15947,M,302.3,312.0,1420.0,30.1,121.0,0,No Failure,0,0,0,0,0,146.3,66.5
2585,L12584,L,300.0,310.8,1174.0,43.4,191.0,0,No Failure,0,0,0,0,0,86.2,39.2
4007,L14006,L,303.5,311.7,1187.0,30.6,176.0,1,HDF (Heat Dissipation),0,1,0,0,0,4.5,41.1
9194,L19193,L,301.3,312.7,1168.0,41.4,42.0,0,No Failure,0,0,0,0,0,191.1,86.9
3099,L13098,L,301.9,312.6,1168.0,38.9,166.0,0,No Failure,0,0,0,0,0,108.2,49.2
293,H10292,H,299.4,308.3,1279.0,18.8,85.0,1,PWF (Power Failure),0,0,1,0,0,5.6,65.6
1724,M11723,M,299.2,308.5,1255.0,30.6,154.0,0,No Failure,0,0,0,0,0,120.3,54.7
2260,L12259,L,297.1,305.9,1181.0,50.0,197.0,0,No Failure,0,0,0,0,0,61.0,27.7
473,L10472,L,300.7,311.4,1186.0,40.7,48.0,0,No Failure,0,0,0,0,0,187.2,85.1
1630,L11629,L,297.3,305.6,1168.0,45.3,42.0,1,HDF (Heat Dissipation),0,1,0,0,0,3.0,77.9
245,M10244,M,302.0,314.7,1168.0,59.6,153.0,0,No Failure,0,0,0,0,0,102.5,46.6
7473,L17472,L,299.5,310.0,1168.0,36.3,108.0,0,No Failure,0,0,0,0,0,149.0,67.7
7470,M17469,M,298.9,308.2,1168.0,35.1,97.0,0,No Failure,0,0,0,0,0,150.9,68.6
3795,M13794,M,299.7,311.5,1168.0,28.6,143.0,1,PWF (Power Failure),0,0,1,0,0,0.1,57.4
6746,L16745,L,298.9,309.9,1176.0,52.9,109.0,0,No Failure,0,0,0,0,0,137.4,62.5
4297,L14296,L,301.0,310.6,1168.0,53.8,109.0,0,No Failure,0,0,0,0,0,132.5,60.2
4760,H14759,H,300.8,310.5,1168.0,45.3,91.0,0,No Failure,0,0,0,0,0,155.7,70.8
5616,L15615,L,303.4,314.8,1192.0,33.8,44.0,0,No Failure,0,0,0,0,0,191.7,87.1
9914,L19913,L,299.9,310.3,1168.0,49.1,54.0,0,No Failure,0,0,0,0,0,180.3,82.0
6684,H16683,H,295.8,305.2,1168.0,39.4,115.0,0,No Failure,0,0,0,0,0,139.8,63.5
3165,M13164,M,299.0,309.8,1168.0,36.5,166.0,0,No Failure,0,0,0,0,0,113.6,51.7
6070,L16069,L,301.4,313.2,1370.0,30.5,75.0,0,No Failure,0,0,0,0,0,173.3,78.8
2192,M12191,M,298.1,308.1,1193.0,50.2,203.0,0,No Failure,0,0,0,0,0,74.6,33.9
2450,M12449,M,298.9,307.4,1168.0,74.8,169.0,1,HDF (Heat Dissipation),0,1,1,1,0,4.1,20.6
5743,M15742,M,302.1,312.2,1263.0,28.9,60.0,0,No Failure,0,0,0,0,0,184.1,83.7
8931,M18930,M,300.7,318.2,1228.0,53.3,2.0,0,No Failure,0,0,0,0,0,215.6,98.0
3539,L13538,L,300.2,309.0,1168.0,38.6,119.0,0,No Failure,0,0,0,0,0,126.9,57.7
8374,L18373,L,299.0,311.4,1168.0,43.9,131.0,0,No Failure,0,0,0,0,0,127.9,58.1
7963,M17962,M,303.0,312.7,1423.0,41.0,2.0,0,No Failure,0,0,0,0,0,218.3,99.2
7770,M17769,M,300.9,309.2,1181.0,40.5,7.0,1,HDF (Heat Dissipation),0,1,0,0,0,4.3,89.4
5004,L15003,L,299.0,310.0,908.0,53.1,211.0,1,OSF (Overstrain Failure),0,0,0,1,0,7.7,24.7
2720,M12719,M,298.7,308.9,1381.0,51.1,0.0,0,No Failure,0,0,0,0,0,220.0,100.0
4607,H14606,H,302.9,312.9,1422.0,26.0,32.0,0,No Failure,0,0,0,0,0,201.7,91.7
7266,L17265,L,299.0,307.8,1298.0,47.2,69.0,0,No Failure,0,0,0,0,0,162.1,73.7
4254,M14253,M,299.4,308.5,1362.0,35.5,156.0,0,No Failure,0,0,0,0,0,117.4,53.4
4945,M14944,M,296.7,306.2,1168.0,44.6,18.0,0,No Failure,0,0,0,0,0,202.2,91.9
7970,L17969,L,300.6,311.1,1366.0,45.4,28.0,0,No Failure,0,0,0,0,0,200.1,90.9
6068,L16067,L,300.7,310.9,1168.0,31.9,70.0,0,No Failure,0,0,0,0,0,175.8,79.9
6030,L16029,L,301.6,311.7,1181.0,29.8,173.0,0,No Failure,0,0,0,0,0,109.8,49.9
5871,M15870,M,301.0,311.9,1314.0,40.6,81.0,0,No Failure,0,0,0,0,0,166.3,75.6
182,H10181,H,300.2,310.1,1447.0,14.3,153.0,1,PWF (Power Failure),0,0,1,0,0,7.7,54.3
5113,M15112,M,299.7,310.4,1239.0,50.5,128.0,0,No Failure,0,0,0,0,0,128.1,58.2
1643,L11642,L,299.6,310.5,1267.0,38.7,89.0,0,No Failure,0,0,0,0,0,160.2,72.8
8256,L18255,L,296.0,305.2,1267.0,59.9,159.0,0,No Failure,0,0,0,0,0,86.5,39.3
1237,L11236,L,298.5,309.2,1264.0,49.7,402.0,0,No Failure,0,0,0,0,0,70.9,32.2
7774,H17773,H,301.6,310.6,1335.0,42.8,18.0,0,No Failure,0,0,0,0,0,203.1,92.3
4520,L14519,L,296.7,308.9,1360.0,46.0,174.0,0,No Failure,0,0,0,0,0,95.4,43.4
3606,L13605,L,300.0,313.2,1303.0,36.7,154.0,0,No Failure,0,0,0,0,0,118.3,53.8
7909,M17908,M,300.9,312.1,1376.0,33.3,36.0,0,No Failure,0,0,0,0,0,197.6,89.8
4737,M14736,M,301.1,309.1,1168.0,50.4,20.0,1,HDF (Heat Dissipation),0,1,0,0,0,0.7,83.5
688,H10687,H,302.9,314.0,1324.0,45.8,106.0,0,No Failure,0,0,0,0,0,148.7,67.6
867,H10866,H,299.7,310.2,1277.0,23.6,34.0,1,PWF (Power Failure),0,0,1,0,0,4.2,83.3
1490,L11489,L,298.9,310.4,1168.0,77.58,5.0,0,No Failure,0,0,0,0,0,216.3,98.3
508,H10507,H,304.4,315.4,1168.0,50.5,153.0,0,No Failure,0,0,0,0,0,113.5,51.6
9815,H19814,H,301.0,311.4,1168.0,46.5,142.0,0,No Failure,0,0,0,0,0,124.0,56.4
863,M10862,M,298.4,310.0,1340.0,39.3,19.0,0,No Failure,0,0,0,0,0,207.5,94.3
7142,M17141,M,299.0,308.7,1270.0,18.1,97.0,1,PWF (Power Failure),0,0,1,0,0,6.9,65.1
8818,M18817,M,297.8,306.4,1213.0,2.52,71.0,1,HDF (Heat Dissipation),0,1,0,0,0,4.1,71.4
3180,M13179,M,298.5,307.0,1168.0,46.5,0.0,1,HDF (Heat Dissipation),0,1,0,0,0,5.4,92.5
7759,L17758,L,299.1,309.3,1465.0,27.6,195.0,0,No Failure,0,0,0,0,0,101.9,46.3
9424,L19423,L,297.6,308.6,1168.0,45.2,179.0,0,No Failure,0,0,0,0,0,92.7,42.1
2983,L12982,L,302.4,311.0,908.0,46.0,2.0,0,No Failure,0,0,0,0,0,205.6,93.5
4510,L14509,L,296.3,305.6,1182.0,41.3,142.0,0,No Failure,0,0,0,0,0,114.6,52.1
4509,M14508,M,299.4,311.1,1279.0,34.8,139.0,0,No Failure,0,0,0,0,0,132.2,60.1
5391,M15390,M,301.6,311.0,1168.0,38.7,170.0,0,No Failure,0,0,0,0,0,102.4,46.6
5815,M15814,M,299.8,311.6,1168.0,53.8,105.0,0,No Failure,0,0,0,0,0,142.7,64.9
8831,L18830,L,301.1,313.1,1304.0,47.7,124.0,0,No Failure,0,0,0,0,0,130.0,59.1
4166,L14165,L,298.7,311.5,1351.0,2.52,76.0,1,PWF (Power Failure),0,0,1,0,0,0.7,75.7
6130,L16129,L,300.4,311.2,1284.0,39.0,53.0,0,No Failure,0,0,0,0,0,184.3,83.8
7979,H17978,H,300.6,310.0,1168.0,39.0,64.0,0,No Failure,0,0,0,0,0,172.6,78.4
8998,L18997,L,299.1,309.5,1233.0,44.5,17.0,0,No Failure,0,0,0,0,0,208.0,94.5
3594,L13593,L,300.8,309.8,1168.0,37.4,109.0,0,No Failure,0,0,0,0,0,136.6,62.1
9508,L19507,L,299.8,311.1,1313.0,32.4,22.0,0,No Failure,0,0,0,0,0,206.0,93.7
5671,M15670,M,302.7,312.8,1168.0,43.4,214.0,1,TWF (Tool Wear Failure),1,0,0,0,0,4.5,34.0
2483,L12482,L,298.4,307.5,1344.0,22.8,65.0,1,PWF (Power Failure),0,0,1,0,0,2.1,73.7
8067,L18066,L,300.3,310.8,1537.0,41.8,173.0,0,No Failure,0,0,0,0,0,100.5,45.7
3700,L13699,L,299.8,310.8,1168.0,34.0,6.0,0,No Failure,0,0,0,0,0,216.1,98.2
9252,L19251,L,297.8,307.9,1255.0,40.15,11.0,0,No Failure,0,0,0,0,0,212.9,96.8
8620,M18619,M,301.6,311.7,1546.0,15.8,85.0,1,PWF (Power Failure),0,0,1,0,0,1.0,69.6
2835,M12834,M,302.3,311.4,1546.0,24.3,185.0,0,No Failure,0,0,0,0,0,113.9,51.8
7387,M17386,M,298.5,309.2,1168.0,55.6,48.0,0,No Failure,0,0,0,0,0,184.2,83.7
1369,L11368,L,299.1,308.8,1168.0,43.5,15.0,0,No Failure,0,0,0,0,0,206.2,93.7
6447,M16446,M,298.7,307.9,1246.0,36.9,217.0,1,TWF (Tool Wear Failure),1,0,0,0,0,5.1,33.3
6749,L16748,L,297.9,306.9,1168.0,51.9,119.0,0,No Failure,0,0,0,0,0,119.6,54.4
559,M10558,M,300.5,310.7,1234.0,77.58,88.0,0,No Failure,0,0,0,0,0,161.1,73.2
8736,L18735,L,307.1,308.7,1168.0,31.8,215.0,1,TWF (Tool Wear Failure),1,0,0,0,0,4.0,38.4
6630,M16629,M,301.1,310.2,1168.0,54.6,146.0,0,No Failure,0,0,0,0,0,102.0,46.4
2539,L12538,L,300.4,312.1,1208.0,42.7,35.0,0,No Failure,0,0,0,0,0,195.6,88.9
4290,M14289,M,298.6,308.7,1168.0,48.6,86.0,0,No Failure,0,0,0,0,0,159.2,72.4
5481,L15480,L,299.8,311.2,1168.0,50.7,42.0,0,No Failure,0,0,0,0,0,188.7,85.8
3047,L13046,L,301.9,312.4,1275.0,32.8,215.0,1,TWF (Tool Wear Failure),1,0,0,0,0,2.1,37.8
6419,H16418,H,298.9,309.9,1168.0,33.8,121.0,0,No Failure,0,0,0,0,0,146.0,66.4
5265,L15264,L,299.6,310.8,1168.0,47.3,186.0,0,No Failure,0,0,0,0,0,85.4,38.8
2935,M12934,M,301.5,312.8,1168.0,36.7,68.0,0,No Failure,0,0,0,0,0,176.4,80.2
5934,L15933,L,300.2,311.5,1365.0,35.3,79.0,0,No Failure,0,0,0,0,0,168.5,76.6
3970,L13969,L,301.3,311.8,1168.0,44.5,64.0,0,No Failure,0,0,0,0,0,174.8,79.4
5977,M15976,M,302.9,313.5,1169.0,32.0,204.0,0,No Failure,0,0,0,0,0,94.3,42.9
1116,L11115,L,299.9,310.7,1168.0,55.7,0.0,0,No Failure,0,0,0,0,0,220.0,100.0
4214,L14213,L,299.4,302.0,1211.0,38.8,17.0,0,No Failure,0,0,0,0,0,208.6,94.8
8764,M18763,M,295.9,305.7,1168.0,30.5,88.0,0,No Failure,0,0,0,0,0,162.4,73.8
3859,M13858,M,299.3,308.5,1178.0,49.7,133.0,0,No Failure,0,0,0,0,0,116.3,52.9
9049,H19048,H,299.2,308.1,1278.0,39.8,194.0,0,No Failure,0,0,0,0,0,87.1,39.6
7859,H17858,H,297.5,307.6,1168.0,40.6,77.0,0,No Failure,0,0,0,0,0,170.2,77.4
7433,M17432,M,299.1,308.6,1168.0,45.6,199.0,0,No Failure,0,0,0,0,0,77.0,35.0
689,M10688,M,301.6,313.0,1546.0,15.2,112.0,1,PWF (Power Failure),0,0,1,0,0,7.2,63.3
7928,L17927,L,302.9,311.7,1168.0,45.3,110.0,0,No Failure,0,0,0,0,0,128.5,58.4
4470,L14469,L,299.0,308.3,1197.0,42.7,16.0,0,No Failure,0,0,0,0,0,201.2,91.4
2388,L12387,L,299.2,308.6,1214.0,49.8,185.0,0,No Failure,0,0,0,0,0,77.1,35.0
969,M10968,M,298.1,308.0,1279.0,48.6,151.0,0,No Failure,0,0,0,0,0,112.4,51.1
3723,H13722,H,300.0,310.9,1287.0,38.1,92.0,0,No Failure,0,0,0,0,0,161.7,73.5
2673,L12672,L,301.4,311.1,1168.0,35.9,50.0,0,No Failure,0,0,0,0,0,183.9,83.6
9604,L19603,L,302.1,314.1,1182.0,39.0,108.0,0,No Failure,0,0,0,0,0,147.2,66.9
2667,H12666,H,299.3,309.8,1168.0,35.9,32.0,0,No Failure,0,0,0,0,0,200.1,90.9
4846,L14845,L,300.6,310.3,1168.0,52.4,144.0,0,No Failure,0,0,0,0,0,108.1,49.1
5357,M15356,M,292.925,309.2,1226.0,27.2,44.0,1,PWF (Power Failure),0,0,1,0,0,4.8,82.1
2250,L12249,L,299.2,308.6,1168.0,36.7,162.0,0,No Failure,0,0,0,0,0,106.4,48.4
4399,L14398,L,298.2,308.8,908.0,37.5,3.0,0,No Failure,0,0,0,0,0,218.0,99.1
7155,H17154,H,301.6,311.8,1259.0,33.0,141.0,0,No Failure,0,0,0,0,0,134.3,61.1
1222,L11221,L,301.2,311.0,1276.0,23.4,151.0,1,PWF (Power Failure),0,0,1,0,0,7.6,51.1
5618,H15617,H,302.2,310.0,1264.0,42.4,48.0,0,No Failure,0,0,0,0,0,188.5,85.7
3575,L13574,L,297.8,306.3,1244.0,33.2,40.0,1,HDF (Heat Dissipation),0,1,0,0,0,2.9,82.2
981,H10980,H,301.9,309.6,1168.0,47.2,187.0,1,HDF (Heat Dissipation),0,1,0,0,0,2.0,30.7
6040,L16039,L,299.0,306.3,1168.0,54.0,207.0,1,HDF (Heat Dissipation),1,1,0,1,0,3.1,14.6
8970,M18969,M,300.9,309.7,1168.0,41.7,131.0,0,No Failure,0,0,0,0,0,119.1,54.1
9144,M19143,M,299.5,308.3,1168.0,46.5,91.0,0,No Failure,0,0,0,0,0,143.5,65.2
7565,L17564,L,300.9,311.8,1168.0,56.6,172.0,0,No Failure,0,0,0,0,0,85.9,39.0
9414,H19413,H,298.9,309.3,1266.0,33.7,142.0,0,No Failure,0,0,0,0,0,133.2,60.6
2891,L12890,L,300.5,309.9,1329.0,29.9,126.0,0,No Failure,0,0,0,0,0,138.8,63.1
711,H10710,H,302.9,313.5,1294.0,25.6,186.0,1,PWF (Power Failure),0,0,1,0,0,4.6,47.7
3967,L13966,L,299.8,310.5,1355.0,42.7,57.0,0,No Failure,0,0,0,0,0,180.3,82.0
9530,L19529,L,298.4,308.1,1168.0,45.6,97.0,0,No Failure,0,0,0,0,0,147.5,67.0
1138,L11137,L,302.3,312.9,1191.0,42.6,82.0,0,No Failure,0,0,0,0,0,163.0,74.1
340,H10339,H,300.2,318.2,1364.0,32.6,32.0,0,No Failure,0,0,0,0,0,199.9,90.8
2267,M12266,M,302.2,312.8,1242.0,46.1,0.0,0,No Failure,0,0,0,0,0,220.0,100.0
6306,L16305,L,300.3,309.7,1196.0,42.8,194.0,0,No Failure,0,0,0,0,0,78.2,35.6
5344,M15343,M,301.5,312.4,1536.0,20.7,0.0,1,PWF (Power Failure),0,0,1,0,0,1.2,94.1
4247,H14246,H,300.6,310.4,1168.0,61.4,131.0,0,No Failure,0,0,0,0,0,119.3,54.2
9237,L19236,L,297.6,306.3,1211.0,24.2,184.0,1,PWF (Power Failure),0,0,1,0,0,3.8,35.7
7578,L17577,L,292.925,307.5,1379.0,14.2,0.0,1,PWF (Power Failure),0,0,1,0,0,5.1,88.3
542,M10541,M,300.9,310.8,1277.0,37.2,36.0,0,No Failure,0,0,0,0,0,196.0,89.1
222,L10221,L,301.4,312.9,1194.0,53.2,70.0,0,No Failure,0,0,0,0,0,166.9,75.8
87,M10086,M,299.6,309.5,1299.0,33.6,52.0,0,No Failure,0,0,0,0,0,186.8,84.9
8279,H18278,H,297.7,306.6,1261.0,48.5,26.0,0,No Failure,0,0,0,0,0,193.0,87.7
4693,M14692,M,299.6,310.2,1191.0,56.1,99.0,0,No Failure,0,0,0,0,0,145.9,66.3
7966,H17965,H,301.7,312.0,1183.0,31.6,10.0,0,No Failure,0,0,0,0,0,214.0,97.3
3809,H13808,H,300.5,310.4,1433.0,35.3,186.0,0,No Failure,0,0,0,0,0,104.8,47.6
7045,H17044,H,299.8,309.0,1391.0,30.7,8.0,0,No Failure,0,0,0,0,0,213.2,96.9
9937,L19936,L,299.1,309.5,1212.0,45.7,131.0,0,No Failure,0,0,0,0,0,126.4,57.5
3945,L13944,L,302.9,314.0,1258.0,45.4,213.0,0,No Failure,0,0,0,0,0,68.3,31.0
1662,M11661,M,295.7,304.2,1303.0,34.7,152.0,1,HDF (Heat Dissipation),0,1,0,0,0,5.0,52.0
9678,M19677,M,301.8,313.1,1168.0,39.7,145.0,0,No Failure,0,0,0,0,0,124.5,56.6
4806,M14805,M,301.3,311.5,1237.0,30.9,14.0,0,No Failure,0,0,0,0,0,211.5,96.1
2796,M12795,M,298.7,307.9,1403.0,31.1,53.0,0,No Failure,0,0,0,0,0,186.0,84.5
4916,H14915,H,300.2,309.5,1168.0,45.9,139.0,0,No Failure,0,0,0,0,0,118.7,54.0
8413,M18412,M,301.3,311.4,1543.0,17.3,45.0,1,PWF (Power Failure),0,0,1,0,0,3.5,79.1
7703,M17702,M,301.7,313.6,1415.0,22.8,10.0,1,PWF (Power Failure),0,0,1,0,0,2.3,92.2
2792,L12791,L,300.0,310.3,1247.0,34.3,36.0,0,No Failure,0,0,0,0,0,196.8,89.4
3928,H13927,H,299.4,307.6,1168.0,35.6,158.0,1,HDF (Heat Dissipation),0,1,0,0,0,0.9,46.4
3390,L13389,L,301.1,311.8,1285.0,32.3,33.0,0,No Failure,0,0,0,0,0,199.1,90.5
5957,M15956,M,298.7,310.8,1168.0,45.7,146.0,0,No Failure,0,0,0,0,0,119.1,54.1
5792,M15791,M,299.2,308.7,1168.0,49.1,25.0,0,No Failure,0,0,0,0,0,196.7,89.4
2048,M12047,M,297.1,305.7,1168.0,52.4,171.0,1,HDF (Heat Dissipation),0,1,0,0,0,1.3,36.4
2014,L12013,L,300.0,309.5,1216.0,38.6,62.0,0,No Failure,0,0,0,0,0,173.2,78.7
5475,M15474,M,302.2,312.3,1305.0,39.5,19.0,0,No Failure,0,0,0,0,0,207.5,94.3
4576,L14575,L,298.1,307.6,1168.0,40.0,146.0,0,No Failure,0,0,0,0,0,115.2,52.4
194,H10193,H,301.7,310.8,1386.0,29.4,192.0,0,No Failure,0,0,0,0,0,104.3,47.4
7887,L17886,L,300.2,309.1,1421.0,44.7,167.0,0,No Failure,0,0,0,0,0,100.3,45.6
6988,L16987,L,300.0,309.1,1209.0,49.4,31.0,0,No Failure,0,0,0,0,0,187.6,85.3
9797,L19796,L,298.0,305.6,1168.0,39.7,86.0,1,HDF (Heat Dissipation),0,1,0,0,0,7.2,61.5
3548,H13547,H,300.9,310.2,1354.0,42.5,149.0,0,No Failure,0,0,0,0,0,119.3,54.2
1337,L11336,L,301.2,311.4,1240.0,29.2,122.0,0,No Failure,0,0,0,0,0,144.7,65.8
9243,L19242,L,304.5,318.2,1319.0,41.9,205.0,0,No Failure,0,0,0,0,0,78.3,35.6
9615,L19614,L,298.8,307.8,1364.0,19.1,147.0,1,PWF (Power Failure),0,0,1,0,0,7.7,51.2
7615,L17614,L,300.0,310.6,1246.0,46.1,136.0,0,No Failure,0,0,0,0,0,122.5,55.7
4288,L14287,L,301.8,310.3,1203.0,31.0,77.0,1,HDF (Heat Dissipation),0,1,0,0,0,1.8,70.7
1887,L11886,L,299.3,308.9,1229.0,52.6,60.0,0,No Failure,0,0,0,0,0,170.8,77.6
1619,H11618,H,297.6,309.4,1168.0,77.58,7.0,0,No Failure,0,0,0,0,0,215.4,97.9
6253,L16252,L,299.0,309.2,1182.0,39.8,8.0,0,No Failure,0,0,0,0,0,214.6,97.5
893,L10892,L,298.6,308.2,1172.0,46.8,118.0,0,No Failure,0,0,0,0,0,130.5,59.3
8880,L18879,L,295.6,306.1,1521.0,18.8,63.0,1,PWF (Power Failure),0,0,1,0,0,4.8,74.2
5059,M15058,M,299.2,308.8,1340.0,31.0,175.0,0,No Failure,0,0,0,0,0,111.2,50.6
3252,M13251,M,292.925,309.8,1168.0,44.2,26.0,0,No Failure,0,0,0,0,0,202.2,91.9
4141,L14140,L,299.2,309.5,1168.0,44.5,0.0,0,No Failure,0,0,0,0,0,220.0,100.0
7166,L17165,L,299.7,310.2,1315.0,52.9,183.0,0,No Failure,0,0,0,0,0,81.4,37.0
8270,L18269,L,300.6,310.0,1350.0,27.3,211.0,0,No Failure,0,0,0,0,0,90.0,40.9
4411,L14410,L,299.7,310.0,1325.0,33.7,43.0,0,No Failure,0,0,0,0,0,190.2,86.4
8373,L18372,L,301.6,311.2,1168.0,49.3,128.0,0,No Failure,0,0,0,0,0,121.4,55.2
3405,H13404,H,299.4,308.4,1168.0,39.9,86.0,0,No Failure,0,0,0,0,0,153.7,69.9
1629,L11628,L,298.1,307.3,1431.0,38.9,40.0,0,No Failure,0,0,0,0,0,192.4,87.5
5828,L15827,L,301.8,311.4,908.0,38.7,146.0,0,No Failure,0,0,0,0,0,119.0,54.1
6835,L16834,L,297.7,310.0,1296.0,25.6,175.0,1,PWF (Power Failure),0,0,1,0,0,0.9,48.7
3901,L13900,L,297.7,308.4,1168.0,65.9,64.0,0,No Failure,0,0,0,0,0,166.5,75.7
6527,L16526,L,298.0,307.4,1168.0,36.2,37.0,0,No Failure,0,0,0,0,0,189.1,85.9
1784,L11783,L,298.3,308.6,1318.0,38.9,141.0,0,No Failure,0,0,0,0,0,125.1,56.8
5087,M15086,M,300.7,311.5,1187.0,39.7,38.0,0,No Failure,0,0,0,0,0,191.3,87.0
6100,L16099,L,299.6,310.5,1219.0,46.1,172.0,0,No Failure,0,0,0,0,0,96.7,44.0
1128,M11127,M,299.3,308.5,1168.0,64.0,44.0,0,No Failure,0,0,0,0,0,176.4,80.2
9458,L19457,L,300.7,310.6,1168.0,28.5,69.0,1,PWF (Power Failure),0,0,1,0,0,1.4,76.4
8318,H18317,H,303.8,313.6,1168.0,31.6,156.0,0,No Failure,0,0,0,0,0,124.1,56.4
171,L10170,L,297.9,310.2,1168.0,41.0,112.0,0,No Failure,0,0,0,0,0,143.2,65.1
5232,H15231,H,302.3,312.4,1278.0,33.7,82.0,0,No Failure,0,0,0,0,0,169.9,77.2
8666,M18665,M,295.6,305.5,1168.0,52.1,0.0,0,No Failure,0,0,0,0,0,218.9,99.5
9089,M19088,M,297.4,307.4,1293.0,30.5,121.0,0,No Failure,0,0,0,0,0,146.5,66.6
2361,H12360,H,299.8,310.3,1258.0,28.7,96.0,0,No Failure,0,0,0,0,0,163.2,74.2
5390,H15389,H,301.4,310.9,1168.0,32.0,164.0,0,No Failure,0,0,0,0,0,115.7,52.6
8003,L18002,L,299.3,307.9,1242.0,48.9,160.0,1,HDF (Heat Dissipation),0,1,0,0,0,5.3,40.8
792,L10791,L,300.1,308.6,1388.0,27.2,0.0,0,No Failure,0,0,0,0,0,215.9,98.1
4209,L14208,L,301.2,312.3,1474.0,29.1,2.0,0,No Failure,0,0,0,0,0,218.8,99.4
759,L10758,L,298.5,308.0,1264.0,27.8,118.0,0,No Failure,0,0,0,0,0,141.0,64.1
8531,M18530,M,302.2,312.9,1366.0,44.0,6.0,0,No Failure,0,0,0,0,0,215.9,98.1
9407,L19406,L,298.8,308.1,1436.0,55.9,123.0,0,No Failure,0,0,0,0,0,124.2,56.5
114,M10113,M,299.2,308.8,1293.0,38.1,140.0,0,No Failure,0,0,0,0,0,126.3,57.4
2639,H12638,H,300.8,310.4,1543.0,22.9,152.0,0,No Failure,0,0,0,0,0,132.7,60.3
2993,L12992,L,299.8,318.2,1214.0,41.1,34.0,0,No Failure,0,0,0,0,0,195.6,88.9
5421,L15420,L,300.6,308.9,1168.0,48.2,49.0,1,HDF (Heat Dissipation),0,1,0,0,0,0.8,75.3
324,M10323,M,301.2,312.3,1239.0,30.2,193.0,0,No Failure,0,0,0,0,0,103.0,46.8
4253,L14252,L,299.7,309.6,1424.0,35.2,153.0,0,No Failure,0,0,0,0,0,120.3,54.7
4862,H14861,H,302.7,314.3,1168.0,33.2,195.0,0,No Failure,0,0,0,0,0,101.3,46.1
2797,M12796,M,300.3,309.7,1418.0,36.3,56.0,0,No Failure,0,0,0,0,0,183.3,83.3
7294,L17293,L,298.8,309.3,1222.0,35.0,168.0,0,No Failure,0,0,0,0,0,110.8,50.4
9728,L19727,L,299.7,309.4,1546.0,37.0,89.0,0,No Failure,0,0,0,0,0,161.1,73.2
4015,M14014,M,298.0,307.8,1182.0,47.1,202.0,0,No Failure,0,0,0,0,0,76.6,34.8
2151,M12150,M,299.1,308.1,1442.0,41.7,61.0,0,No Failure,0,0,0,0,0,178.8,81.3
6813,L16812,L,300.0,308.1,1546.0,17.5,108.0,1,PWF (Power Failure),0,0,1,0,0,4.6,63.2
8973,H18972,H,298.3,307.2,1168.0,55.8,143.0,0,No Failure,0,0,0,0,0,104.5,47.5
3209,L13208,L,300.5,309.1,1195.0,30.5,99.0,0,No Failure,0,0,0,0,0,142.9,65.0
5806,M15805,M,300.3,302.0,1285.0,48.8,73.0,0,No Failure,0,0,0,0,0,168.3,76.5
9028,H19027,H,297.6,307.9,1168.0,28.5,130.0,1,PWF (Power Failure),0,0,1,0,0,7.2,61.5
6236,L16235,L,300.6,310.2,1215.0,40.3,163.0,0,No Failure,0,0,0,0,0,104.7,47.6
5988,L15987,L,299.2,308.8,1168.0,41.2,11.0,0,No Failure,0,0,0,0,0,208.0,94.6
4345,M14344,M,297.8,309.8,1375.0,36.2,50.0,0,No Failure,0,0,0,0,0,188.0,85.5
3802,L13801,L,300.2,302.0,1168.0,39.9,167.0,0,No Failure,0,0,0,0,0,104.3,47.4
5209,L15208,L,299.2,310.6,1245.0,45.8,13.0,0,No Failure,0,0,0,0,0,210.7,95.8
116,H10115,H,301.2,311.6,1248.0,47.9,147.0,0,No Failure,0,0,0,0,0,119.6,54.4
8687,M18686,M,300.6,311.2,1175.0,52.6,66.0,0,No Failure,0,0,0,0,0,171.9,78.1
4331,L14330,L,296.1,305.5,1168.0,50.9,5.0,0,No Failure,0,0,0,0,0,209.7,95.3
5858,M15857,M,301.4,311.3,1215.0,36.6,39.0,0,No Failure,0,0,0,0,0,194.0,88.2
7178,H17177,H,298.7,309.7,1168.0,44.5,8.0,0,No Failure,0,0,0,0,0,214.7,97.6
5887,L15886,L,301.2,310.4,1168.0,31.7,126.0,0,No Failure,0,0,0,0,0,131.8,59.9
5951,L15950,L,302.5,312.0,1168.0,36.1,131.0,0,No Failure,0,0,0,0,0,128.5,58.4
1591,L11590,L,295.5,305.2,1168.0,40.15,127.0,0,No Failure,0,0,0,0,0,122.6,55.7
8214,M18213,M,300.2,309.8,1168.0,52.6,10.0,0,No Failure,0,0,0,0,0,208.3,94.7
9226,H19225,H,295.4,304.6,1393.0,33.9,146.0,0,No Failure,0,0,0,0,0,128.6,58.5
2414,M12413,M,300.8,311.1,1212.0,65.7,57.0,0,No Failure,0,0,0,0,0,174.3,79.2
8151,M18150,M,300.1,309.9,1430.0,13.6,14.0,1,PWF (Power Failure),0,0,1,0,0,0.1,86.6
69,L10068,L,299.5,309.3,1285.0,33.5,230.0,1,TWF (Tool Wear Failure),1,0,0,0,0,7.0,32.3
625,H10624,H,299.9,311.6,1300.0,51.0,104.0,0,No Failure,0,0,0,0,0,147.3,67.0
2933,M12932,M,302.3,311.4,1168.0,43.6,59.0,0,No Failure,0,0,0,0,0,170.0,77.3
7985,M17984,M,302.9,312.4,1328.0,26.4,89.0,0,No Failure,0,0,0,0,0,161.7,73.5
3329,M13328,M,299.0,309.9,1272.0,38.4,51.0,0,No Failure,0,0,0,0,0,186.8,84.9
2299,L12298,L,300.0,308.2,1168.0,54.3,110.0,0,No Failure,0,0,0,0,0,133.6,60.7
1716,M11715,M,299.7,310.9,1300.0,47.4,126.0,0,No Failure,0,0,0,0,0,131.7,59.9
8301,M18300,M,302.3,310.05,1171.0,37.9,96.0,0,No Failure,0,0,0,0,0,154.4,70.2
6667,H16666,H,301.0,309.3,1168.0,45.3,55.0,1,HDF (Heat Dissipation),0,1,0,0,0,1.6,74.8
2713,L12712,L,298.7,310.1,1546.0,29.6,198.0,0,No Failure,0,0,0,0,0,92.8,42.2
6894,L16893,L,296.5,306.8,1255.0,40.8,153.0,0,No Failure,0,0,0,0,0,115.2,52.4
4659,M14658,M,297.8,307.9,1168.0,41.6,213.0,0,No Failure,0,0,0,0,0,77.5,35.2
506,M10505,M,300.6,309.7,1351.0,35.7,148.0,0,No Failure,0,0,0,0,0,121.9,55.4
3208,L13207,L,301.8,314.4,1168.0,43.8,96.0,0,No Failure,0,0,0,0,0,152.5,69.3
3814,L13813,L,297.8,309.9,1168.0,29.5,205.0,0,No Failure,0,0,0,0,0,88.2,40.1
8140,L18139,L,298.5,307.5,1168.0,33.2,188.0,0,No Failure,0,0,0,0,0,88.8,40.4
6528,L16527,L,298.4,308.4,1281.0,40.3,39.0,0,No Failure,0,0,0,0,0,193.4,87.9
3001,H13000,H,297.7,308.5,1168.0,57.9,60.0,0,No Failure,0,0,0,0,0,176.0,80.0
4622,H14621,H,298.4,307.1,1300.0,33.8,85.0,0,No Failure,0,0,0,0,0,159.4,72.5
7677,L17676,L,299.8,309.8,1168.0,51.6,135.0,0,No Failure,0,0,0,0,0,118.8,54.0
6771,L16770,L,296.2,306.7,1168.0,46.6,192.0,0,No Failure,0,0,0,0,0,81.8,37.2
3072,H13071,H,299.1,308.3,1224.0,20.8,65.0,1,PWF (Power Failure),0,0,1,0,0,5.4,70.3
744,L10743,L,300.0,312.1,1168.0,47.0,73.0,0,No Failure,0,0,0,0,0,167.3,76.0
4853,H14852,H,299.0,309.5,1546.0,35.8,164.0,0,No Failure,0,0,0,0,0,118.0,53.7
3230,L13229,L,300.8,311.7,1168.0,37.0,166.0,0,No Failure,0,0,0,0,0,110.1,50.0
2006,H12005,H,297.3,307.3,1192.0,51.9,40.0,0,No Failure,0,0,0,0,0,191.9,87.2
5303,M15302,M,298.4,307.9,1506.0,21.9,83.0,1,PWF (Power Failure),0,0,1,0,0,0.4,74.5
3766,M13765,M,299.0,308.4,1267.0,77.58,31.0,0,No Failure,0,0,0,0,0,194.2,88.3
1991,L11990,L,300.8,310.6,1341.0,45.9,199.0,0,No Failure,0,0,0,0,0,76.7,34.9
5371,L15370,L,299.2,307.9,1168.0,39.0,99.0,0,No Failure,0,0,0,0,0,139.0,63.2
922,H10921,H,303.1,312.3,1521.0,32.9,216.0,1,TWF (Tool Wear Failure),1,0,0,0,0,3.8,40.4
4244,M14243,M,297.1,306.5,1168.0,55.3,121.0,0,No Failure,0,0,0,0,0,123.4,56.1
4650,L14649,L,298.6,308.5,1168.0,60.3,177.0,0,No Failure,0,0,0,0,0,77.0,35.0
4239,M14238,M,300.2,309.8,1168.0,37.2,102.0,0,No Failure,0,0,0,0,0,149.9,68.1
7246,H17245,H,300.6,309.8,1168.0,34.4,227.0,1,TWF (Tool Wear Failure),1,0,0,0,0,5.8,32.6
9923,M19922,M,300.2,311.3,1283.0,39.7,86.0,0,No Failure,0,0,0,0,0,166.7,75.8
2547,H12546,H,300.2,309.1,1210.0,41.6,58.0,0,No Failure,0,0,0,0,0,170.6,77.6
995,H10994,H,298.3,307.3,1168.0,60.5,23.0,0,No Failure,0,0,0,0,0,191.8,87.2
6332,H16331,H,299.8,309.8,1216.0,45.6,60.0,0,No Failure,0,0,0,0,0,179.7,81.7
6119,H16118,H,298.9,308.3,1203.0,39.2,23.0,0,No Failure,0,0,0,0,0,198.8,90.4
8753,M18752,M,297.6,306.7,1168.0,40.3,56.0,0,No Failure,0,0,0,0,0,173.0,78.7
7255,M17254,M,301.0,310.05,1184.0,38.8,25.0,1,HDF (Heat Dissipation),0,1,0,0,0,4.1,82.6
3183,L13182,L,300.4,310.5,1168.0,36.1,-188.0,0,No Failure,0,0,0,0,0,212.1,96.4
8039,L18038,L,297.5,306.2,1182.0,43.5,67.0,0,No Failure,0,0,0,0,0,159.2,72.4
5788,H15787,H,302.1,311.3,1204.0,40.3,5.0,0,No Failure,0,0,0,0,0,208.0,94.5
6723,L16722,L,299.2,308.5,1168.0,40.5,36.0,0,No Failure,0,0,0,0,0,187.7,85.3
4844,L14843,L,297.6,306.6,1174.0,34.1,139.0,0,No Failure,0,0,0,0,0,119.4,54.3
4332,H14331,H,296.8,307.9,1259.0,43.8,-188.0,0,No Failure,0,0,0,0,0,214.7,97.6
3497,M13496,M,298.7,307.7,1275.0,50.7,191.0,0,No Failure,0,0,0,0,0,75.0,34.1
8066,L18065,L,301.3,310.8,1333.0,29.5,170.0,0,No Failure,0,0,0,0,0,112.5,51.2
1446,M11445,M,297.6,308.2,1174.0,37.9,74.0,0,No Failure,0,0,0,0,0,172.0,78.2
6824,L16823,L,296.8,305.1,1528.0,29.1,140.0,0,No Failure,0,0,0,0,0,134.0,60.9
6015,L16014,L,302.7,313.1,1222.0,58.8,107.0,0,No Failure,0,0,0,0,0,130.4,59.3
5982,M15981,M,302.2,311.2,1168.0,36.9,221.0,0,No Failure,0,0,0,0,0,66.9,30.4
4196,M14195,M,299.7,309.9,1168.0,34.3,181.0,0,No Failure,0,0,0,0,0,106.2,48.3
9817,L19816,L,299.5,309.0,1419.0,36.6,149.0,0,No Failure,0,0,0,0,0,121.0,55.0
2423,M12422,M,300.5,311.0,1168.0,51.8,83.0,0,No Failure,0,0,0,0,0,159.8,72.7
9064,M19063,M,298.7,310.0,1187.0,19.4,47.0,1,PWF (Power Failure),0,0,1,0,0,6.8,78.8
1083,H11082,H,304.8,315.5,1168.0,55.3,110.0,0,No Failure,0,0,0,0,0,140.7,64.0
5722,L15721,L,300.2,309.8,1168.0,54.7,185.0,0,No Failure,0,0,0,0,0,73.5,33.4
5848,L15847,L,299.4,308.5,1274.0,48.2,5.0,0,No Failure,0,0,0,0,0,209.4,95.2
4956,L14955,L,299.4,310.8,1168.0,63.8,57.0,0,No Failure,0,0,0,0,0,173.1,78.7
8691,M18690,M,300.5,310.8,1289.0,23.1,81.0,1,PWF (Power Failure),0,0,1,0,0,7.9,70.6
8362,H18361,H,302.6,311.4,1328.0,50.2,92.0,0,No Failure,0,0,0,0,0,149.6,68.0
7380,L17379,L,299.3,310.1,1204.0,33.3,26.0,0,No Failure,0,0,0,0,0,203.4,92.4
3744,M13743,M,299.1,309.0,1278.0,26.5,172.0,0,No Failure,0,0,0,0,0,111.5,50.7
6084,L16083,L,300.3,311.6,1224.0,41.5,121.0,0,No Failure,0,0,0,0,0,136.6,62.1
6680,L16679,L,300.4,310.0,1272.0,36.2,100.0,0,No Failure,0,0,0,0,0,154.3,70.1
9254,M19253,M,298.4,308.2,1321.0,29.2,17.0,0,No Failure,0,0,0,0,0,208.7,94.8
4001,M14000,M,299.1,309.3,1188.0,43.5,155.0,0,No Failure,0,0,0,0,0,114.7,52.1
9977,M19976,M,298.7,309.0,1268.0,44.1,27.0,0,No Failure,0,0,0,0,0,201.6,91.6
5648,L15647,L,303.8,314.3,1354.0,23.0,140.0,1,PWF (Power Failure),0,0,1,0,0,4.0,56.5
7211,M17210,M,297.5,308.7,1311.0,24.7,116.0,1,PWF (Power Failure),0,0,1,0,0,5.2,64.5
3000,L12999,L,301.6,310.9,1205.0,44.0,57.0,0,No Failure,0,0,0,0,0,172.3,78.3
592,L10591,L,297.8,308.1,1168.0,44.5,202.0,0,No Failure,0,0,0,0,0,77.2,35.1
6050,M16049,M,300.6,312.4,908.0,28.4,8.0,0,No Failure,0,0,0,0,0,210.6,95.7
5100,H15099,H,299.2,308.0,1168.0,40.1,83.0,0,No Failure,0,0,0,0,0,153.4,69.7
2175,L12174,L,298.9,309.5,1168.0,63.5,138.0,0,No Failure,0,0,0,0,0,106.7,48.5
7498,M17497,M,301.5,310.1,908.0,37.5,189.0,0,No Failure,0,0,0,0,0,95.9,43.6
7827,M17826,M,302.7,311.9,1168.0,48.4,194.0,0,No Failure,0,0,0,0,0,74.2,33.7
736,M10735,M,302.4,313.4,1168.0,44.0,48.0,0,No Failure,0,0,0,0,0,187.3,85.1
185,M10184,M,302.4,312.9,1168.0,47.4,164.0,0,No Failure,0,0,0,0,0,105.1,47.8
3035,H13034,H,292.925,318.2,1168.0,37.9,170.0,0,No Failure,0,0,0,0,0,112.5,51.1
9686,L19685,L,300.0,305.9,1168.0,50.5,172.0,0,No Failure,0,0,0,0,0,92.2,41.9
1494,M11493,M,299.7,309.0,1338.0,44.4,19.0,0,No Failure,0,0,0,0,0,203.6,92.5
7916,H17915,H,300.9,311.1,1197.0,33.4,65.0,0,No Failure,0,0,0,0,0,180.4,82.0
3404,H13403,H,299.5,308.9,1244.0,30.0,80.0,0,No Failure,0,0,0,0,0,167.2,76.0
7397,L17396,L,292.925,310.6,1182.0,2.52,79.0,0,No Failure,0,0,0,0,0,171.0,77.7
412,M10411,M,300.1,310.0,1168.0,36.6,66.0,0,No Failure,0,0,0,0,0,176.6,80.3
124,L10123,L,299.2,309.8,1168.0,41.8,175.0,0,No Failure,0,0,0,0,0,99.1,45.1
5126,L15125,L,297.7,308.5,1311.0,44.4,174.0,0,No Failure,0,0,0,0,0,97.1,44.1
550,L10549,L,302.4,311.1,1212.0,36.7,62.0,0,No Failure,0,0,0,0,0,165.5,75.2
9333,L19332,L,302.4,313.5,1311.0,37.9,107.0,0,No Failure,0,0,0,0,0,171.3,77.9
9343,H19342,H,296.7,308.2,1176.0,2.52,104.0,0,No Failure,0,0,0,0,0,156.6,71.2
801,M10800,M,302.3,311.6,1261.0,51.0,24.0,0,No Failure,0,0,0,0,0,196.9,89.5
4115,M14114,M,296.5,306.9,1293.0,35.7,119.0,0,No Failure,0,0,0,0,0,144.3,65.6
5123,L15122,L,300.6,310.9,1168.0,32.1,163.0,0,No Failure,0,0,0,0,0,116.9,53.1
5893,M15892,M,299.7,309.1,1168.0,46.9,149.0,0,No Failure,0,0,0,0,0,109.4,49.7
6876,M16875,M,300.0,308.9,1168.0,33.4,96.0,0,No Failure,0,0,0,0,0,148.0,67.3
8551,M18550,M,300.3,312.3,1168.0,50.0,71.0,0,No Failure,0,0,0,0,0,169.2,76.9
9807,M19806,M,298.3,308.6,1168.0,49.5,119.0,0,No Failure,0,0,0,0,0,135.2,61.5
6708,M16707,M,300.8,310.6,1168.0,48.4,198.0,0,No Failure,0,0,0,0,0,78.0,35.4
2143,M12142,M,298.9,308.8,1213.0,40.5,29.0,0,No Failure,0,0,0,0,0,199.7,90.8
1740,M11739,M,297.8,310.2,1168.0,42.9,106.0,1,TWF (Tool Wear Failure),1,0,0,0,0,2.2,35.8
8135,L18134,L,302.8,313.3,1228.0,36.4,176.0,0,No Failure,0,0,0,0,0,104.1,47.3
8379,L18378,L,300.4,310.6,1169.0,40.15,150.0,0,No Failure,0,0,0,0,0,113.0,51.4
3513,H13512,H,298.1,307.4,1168.0,32.9,32.0,0,No Failure,0,0,0,0,0,192.9,87.7
5542,M15541,M,303.7,312.7,1459.0,39.6,12.0,0,No Failure,0,0,0,0,0,212.1,96.4
8681,L18680,L,299.9,309.5,1168.0,36.4,333.0,0,No Failure,0,0,0,0,0,184.0,83.6
5641,L15640,L,300.2,310.8,1168.0,38.3,118.0,0,No Failure,0,0,0,0,0,141.0,64.1
2964,M12963,M,298.4,307.7,1168.0,32.7,162.0,0,No Failure,0,0,0,0,0,111.9,50.9
7042,L17041,L,298.6,307.5,1318.0,29.8,0.0,0,No Failure,0,0,0,0,0,213.6,97.1
4139,M14138,M,298.1,309.5,1546.0,60.9,208.0,1,OSF (Overstrain Failure),0,0,0,1,0,3.1,26.7
7083,M17082,M,301.8,312.1,1168.0,38.3,139.0,0,No Failure,0,0,0,0,0,129.6,58.9
8395,L18394,L,301.5,310.0,1334.0,27.3,199.0,0,No Failure,0,0,0,0,0,99.8,45.4
7969,L17968,L,301.4,310.7,1168.0,43.4,25.0,0,No Failure,0,0,0,0,0,194.8,88.5
6846,L16845,L,295.3,305.1,1168.0,43.4,8.0,0,No Failure,0,0,0,0,0,212.2,96.5
210,M10209,M,300.6,311.3,1230.0,44.4,28.0,0,No Failure,0,0,0,0,0,200.8,91.3
4928,L14927,L,302.1,314.2,1213.0,29.8,177.0,0,No Failure,0,0,0,0,0,110.1,50.0
1691,M11690,M,297.3,307.9,1168.0,48.4,32.0,0,No Failure,0,0,0,0,0,197.4,89.7
9031,L19030,L,301.4,309.1,1168.0,40.8,141.0,1,HDF (Heat Dissipation),0,1,0,0,0,3.7,44.6
3260,L13259,L,300.4,310.5,1168.0,36.9,50.0,0,No Failure,0,0,0,0,0,186.9,85.0
2180,H12179,H,298.0,309.8,1263.0,28.9,154.0,0,No Failure,0,0,0,0,0,129.6,58.9
6470,H16469,H,301.3,311.3,1296.0,31.7,62.0,0,No Failure,0,0,0,0,0,182.7,83.1
1814,L11813,L,295.8,305.1,1510.0,33.2,19.0,0,No Failure,0,0,0,0,0,207.9,94.5
3566,H13565,H,303.6,314.0,1291.0,44.6,8.0,0,No Failure,0,0,0,0,0,214.7,97.6
557,L10556,L,299.0,302.0,1226.0,46.1,83.0,0,No Failure,0,0,0,0,0,153.6,69.8
1841,L11840,L,300.0,311.8,1314.0,45.1,105.0,0,No Failure,0,0,0,0,0,145.4,66.1
8438,M18437,M,304.5,314.7,1168.0,39.3,139.0,0,No Failure,0,0,0,0,0,128.8,58.5
2628,L12627,L,297.7,309.0,1326.0,39.8,119.0,0,No Failure,0,0,0,0,0,139.2,63.3
3918,M13917,M,300.0,308.6,1352.0,41.5,123.0,0,No Failure,0,0,0,0,0,131.8,59.9
3321,L13320,L,302.1,313.2,1168.0,45.1,19.0,0,No Failure,0,0,0,0,0,206.5,93.9
2703,L12702,L,302.8,313.2,1184.0,53.4,161.0,0,No Failure,0,0,0,0,0,97.6,44.4
8904,L18903,L,302.6,311.7,1175.0,42.6,137.0,0,No Failure,0,0,0,0,0,114.8,52.2
6398,L16397,L,297.4,307.2,1168.0,34.4,53.0,0,No Failure,0,0,0,0,0,183.5,83.4
4601,M14600,M,297.0,307.5,1268.0,32.9,9.0,0,No Failure,0,0,0,0,0,214.4,97.5
2515,L12514,L,303.2,313.5,1168.0,54.6,179.0,0,No Failure,0,0,0,0,0,82.6,37.5
9342,L19341,L,300.0,310.0,1168.0,41.5,102.0,0,No Failure,0,0,0,0,0,149.7,68.1
6866,L16865,L,298.7,309.6,1333.0,30.7,67.0,0,No Failure,0,0,0,0,0,178.2,81.0
5251,L15250,L,301.1,310.3,1284.0,55.6,140.0,0,No Failure,0,0,0,0,0,105.9,48.1
1943,L11942,L,296.2,306.3,1546.0,18.4,22.0,1,PWF (Power Failure),0,0,1,0,0,4.5,86.0
3241,H13240,H,299.5,310.0,1245.0,40.5,197.0,0,No Failure,0,0,0,0,0,92.8,42.2
1726,L11725,L,300.3,310.2,1183.0,31.7,160.0,0,No Failure,0,0,0,0,0,118.1,53.7
9757,M19756,M,298.6,307.2,1339.0,26.1,192.0,1,HDF (Heat Dissipation),0,1,0,0,0,5.9,44.2
7504,L17503,L,301.4,310.5,1178.0,40.6,206.0,0,No Failure,0,0,0,0,0,69.3,31.5
6643,L16642,L,300.4,308.4,1171.0,48.9,190.0,1,HDF (Heat Dissipation),0,1,0,0,0,7.7,26.7
4799,H14798,H,300.5,309.4,1198.0,50.1,224.0,1,TWF (Tool Wear Failure),1,0,0,0,0,5.8,23.8
5981,M15980,M,299.9,309.0,1546.0,14.1,217.0,1,PWF (Power Failure),0,0,1,0,0,4.0,39.0
9791,L19790,L,298.7,307.7,1168.0,33.9,70.0,0,No Failure,0,0,0,0,0,164.0,74.5
7654,L17653,L,300.8,310.6,1205.0,49.6,56.0,0,No Failure,0,0,0,0,0,176.5,80.2
8929,L18928,L,297.3,306.7,1168.0,27.7,216.0,1,PWF (Power Failure),0,0,1,0,0,0.1,32.3
4516,L14515,L,297.9,307.4,1168.0,49.1,162.0,0,No Failure,0,0,0,0,0,95.5,43.4
6159,L16158,L,300.0,308.5,1168.0,37.2,142.0,1,HDF (Heat Dissipation),0,1,0,0,0,0.1,45.2
7018,L17017,L,295.2,305.8,1168.0,36.1,144.0,0,No Failure,0,0,0,0,0,125.4,57.0
3864,L13863,L,299.7,309.5,1168.0,42.4,147.0,0,No Failure,0,0,0,0,0,115.7,52.6
924,M10923,M,302.2,311.7,1168.0,53.5,225.0,1,OSF (Overstrain Failure),0,0,0,1,0,0.9,22.4
8206,L18205,L,301.0,311.1,1239.0,39.9,205.0,0,No Failure,0,0,0,0,0,80.7,36.7
1325,L11324,L,296.9,307.8,1168.0,43.8,77.0,0,No Failure,0,0,0,0,0,165.9,75.4
132,H10131,H,298.0,307.0,1319.0,37.6,196.0,0,No Failure,0,0,0,0,0,90.6,41.2
5784,H15783,H,300.2,311.1,1187.0,39.3,209.0,0,No Failure,0,0,0,0,0,62.3,28.3
9016,H19015,H,296.8,308.2,1168.0,50.9,81.0,0,No Failure,0,0,0,0,0,163.4,74.3
2724,L12723,L,301.5,311.5,1170.0,48.4,16.0,0,No Failure,0,0,0,0,0,208.3,94.7
7746,M17745,M,301.3,311.6,1234.0,45.3,146.0,0,No Failure,0,0,0,0,0,119.4,54.3
9283,L19282,L,298.0,307.3,1168.0,41.3,132.0,0,No Failure,0,0,0,0,0,121.5,55.2
2182,H12181,H,297.7,307.6,1168.0,40.8,164.0,0,No Failure,0,0,0,0,0,112.8,51.3
9829,L19828,L,299.0,307.6,1168.0,32.7,191.0,0,No Failure,0,0,0,0,0,83.1,37.8
1670,H11669,H,300.4,311.4,1347.0,29.4,181.0,0,No Failure,0,0,0,0,0,113.3,51.5
8871,M18870,M,298.0,308.7,1528.0,24.1,35.0,0,No Failure,0,0,0,0,0,200.0,90.9
1404,L11403,L,300.1,311.2,908.0,37.4,148.0,0,No Failure,0,0,0,0,0,121.7,55.3
405,H10404,H,299.6,312.2,1546.0,36.8,35.0,0,No Failure,0,0,0,0,0,198.1,90.0
5918,M15917,M,300.5,308.8,1216.0,29.4,25.0,1,HDF (Heat Dissipation),0,1,0,0,0,5.8,84.5
6164,M16163,M,298.3,309.6,1169.0,36.9,160.0,0,No Failure,0,0,0,0,0,117.1,53.2
6701,L16700,L,300.4,310.9,1346.0,27.8,176.0,0,No Failure,0,0,0,0,0,113.2,51.5
2990,M12989,M,302.4,311.9,1248.0,45.6,21.0,0,No Failure,0,0,0,0,0,201.0,91.4
7143,M17142,M,300.6,308.9,1168.0,40.6,100.0,1,HDF (Heat Dissipation),0,1,0,0,0,5.9,61.3
5179,M15178,M,298.5,308.6,1168.0,46.6,135.0,0,No Failure,0,0,0,0,0,126.0,57.3
9452,L19451,L,301.4,310.4,1168.0,43.9,51.0,0,No Failure,0,0,0,0,0,173.1,78.7
9502,M19501,M,296.1,306.0,1301.0,28.2,3.0,0,No Failure,0,0,0,0,0,217.6,98.9
7111,H17110,H,300.0,311.8,1546.0,6.2,221.0,1,PWF (Power Failure),0,0,1,0,0,6.1,42.6
7882,L17881,L,300.5,311.5,1168.0,35.9,153.0,0,No Failure,0,0,0,0,0,119.7,54.4
9371,H19370,H,302.0,311.5,1188.0,25.3,203.0,1,PWF (Power Failure),1,0,1,0,0,6.6,36.9
6272,L16271,L,297.0,305.7,1168.0,45.8,74.0,0,No Failure,0,0,0,0,0,152.8,69.5
8397,M18396,M,302.4,313.2,1356.0,29.0,205.0,0,No Failure,0,0,0,0,0,97.1,44.1
3788,L13787,L,299.9,310.7,1231.0,42.7,123.0,0,No Failure,0,0,0,0,0,134.4,61.1
5532,H15531,H,300.9,310.5,1369.0,37.7,207.0,0,No Failure,0,0,0,0,0,87.9,39.9
9094,L19093,L,299.1,308.5,1337.0,39.3,137.0,0,No Failure,0,0,0,0,0,124.4,56.6
113,L10112,L,300.8,310.0,1204.0,57.0,138.0,0,No Failure,0,0,0,0,0,103.4,47.0
2952,M12951,M,297.7,308.9,1251.0,43.2,119.0,0,No Failure,0,0,0,0,0,139.4,63.3
258,L10257,L,300.2,311.3,1168.0,59.9,199.0,1,OSF (Overstrain Failure),0,0,0,1,0,4.0,27.7
5704,M15703,M,301.6,311.2,1168.0,50.4,116.0,0,No Failure,0,0,0,0,0,132.4,60.2
6601,L16600,L,301.8,311.3,1168.0,41.3,54.0,0,No Failure,0,0,0,0,0,177.4,80.6
5802,M15801,M,302.2,312.8,1466.0,28.0,59.0,0,No Failure,0,0,0,0,0,185.0,84.1
9417,L19416,L,298.4,308.1,1327.0,40.7,155.0,0,No Failure,0,0,0,0,0,112.3,51.1
7656,M17655,M,303.7,313.6,1287.0,39.7,61.0,0,No Failure,0,0,0,0,0,179.1,81.4
3206,L13205,L,298.4,308.0,1226.0,39.0,91.0,0,No Failure,0,0,0,0,0,154.7,70.3
8600,L18599,L,301.7,311.6,1168.0,56.1,23.0,0,No Failure,0,0,0,0,0,201.0,91.4
7396,H17395,H,300.8,311.6,1359.0,34.1,74.0,0,No Failure,0,0,0,0,0,174.6,79.4
5323,H15322,H,300.8,309.7,1168.0,52.2,147.0,0,No Failure,0,0,0,0,0,104.3,47.4
6259,L16258,L,301.4,312.6,1171.0,42.5,29.0,0,No Failure,0,0,0,0,0,199.8,90.8
1168,M11167,M,299.7,308.4,1168.0,55.7,191.0,0,No Failure,0,0,0,0,0,63.1,28.7
4104,L14103,L,297.8,306.9,1443.0,28.9,79.0,0,No Failure,0,0,0,0,0,171.3,77.8
2285,L12284,L,302.3,312.5,1168.0,44.0,65.0,0,No Failure,0,0,0,0,0,174.2,79.2
6066,H16065,H,301.8,314.7,1168.0,30.2,61.0,0,No Failure,0,0,0,0,0,180.9,82.2
5411,L15410,L,299.0,309.6,1370.0,28.6,17.0,0,No Failure,0,0,0,0,0,209.6,95.3
2491,H12490,H,307.1,308.4,1168.0,44.7,92.0,0,No Failure,0,0,0,0,0,148.7,67.6
7806,M17805,M,301.5,311.6,1168.0,43.0,124.0,0,No Failure,0,0,0,0,0,136.1,61.9
9558,M19557,M,298.4,309.4,1290.0,32.7,195.0,0,No Failure,0,0,0,0,0,99.1,45.1
5093,L15092,L,300.1,307.6,1372.0,21.1,57.0,1,HDF (Heat Dissipation),0,1,1,0,0,6.3,71.8
2866,L12865,L,301.6,309.1,1168.0,41.6,51.0,1,HDF (Heat Dissipation),0,1,0,0,0,5.6,71.5
7617,L17616,L,298.8,310.2,1368.0,29.2,144.0,0,No Failure,0,0,0,0,0,131.4,59.7
9852,M19851,M,301.8,311.4,1222.0,35.0,49.0,0,No Failure,0,0,0,0,0,185.0,84.1
5639,L15638,L,301.5,311.8,1168.0,54.2,112.0,0,No Failure,0,0,0,0,0,134.3,61.0
3127,M13126,M,301.0,311.1,1546.0,36.7,31.0,0,No Failure,0,0,0,0,0,200.1,91.0
9239,M19238,M,300.4,310.6,1196.0,46.5,191.0,0,No Failure,0,0,0,0,0,87.1,39.6
8322,M18321,M,300.6,308.4,1300.0,29.1,170.0,1,HDF (Heat Dissipation),0,1,0,0,0,1.5,47.0
3725,H13724,H,300.4,309.0,1168.0,31.3,100.0,0,No Failure,0,0,0,0,0,144.7,65.8
6222,L16221,L,296.1,305.5,1178.0,33.8,120.0,0,No Failure,0,0,0,0,0,136.3,61.9
6127,L16126,L,298.3,305.7,1315.0,55.5,46.0,1,HDF (Heat Dissipation),0,1,0,0,0,4.5,76.8
2266,L12265,L,295.6,305.1,1168.0,46.1,215.0,0,No Failure,0,0,0,0,0,60.4,27.5
4144,L14143,L,299.1,310.4,1168.0,57.6,8.0,0,No Failure,0,0,0,0,0,213.7,97.1
573,L10572,L,300.3,309.0,1168.0,49.0,133.0,0,No Failure,0,0,0,0,0,108.1,49.1
4609,L14608,L,294.0,302.1,1177.0,27.6,41.0,1,HDF (Heat Dissipation),0,1,1,0,0,4.5,74.2
887,L10886,L,303.5,315.1,1168.0,39.7,98.0,0,No Failure,0,0,0,0,0,153.5,69.8
2401,M12400,M,299.5,309.4,1249.0,32.1,5.0,0,No Failure,0,0,0,0,0,216.0,98.2
9687,H19686,H,298.7,308.4,1168.0,27.9,175.0,1,PWF (Power Failure),0,0,1,0,0,4.6,47.4
1191,L11190,L,300.3,310.3,1276.0,37.0,46.0,0,No Failure,0,0,0,0,0,189.5,86.2
5739,H15738,H,301.0,312.7,1320.0,45.3,43.0,0,No Failure,0,0,0,0,0,191.2,86.9
3332,L13331,L,301.4,312.0,1200.0,41.7,62.0,0,No Failure,0,0,0,0,0,177.2,80.5
3984,L13983,L,301.8,311.2,1168.0,41.2,107.0,0,No Failure,0,0,0,0,0,139.9,63.6
6038,L16037,L,300.5,311.6,1338.0,33.2,202.0,0,No Failure,0,0,0,0,0,90.9,41.3
4734,L14733,L,299.7,309.9,1168.0,40.2,9.0,0,No Failure,0,0,0,0,0,213.9,97.2
6934,M16933,M,298.0,307.9,1168.0,46.1,64.0,0,No Failure,0,0,0,0,0,174.5,79.3
1479,L11478,L,297.1,307.7,1546.0,22.2,191.0,1,PWF (Power Failure),0,0,1,0,0,5.2,44.1
1826,L11825,L,300.6,309.6,1168.0,40.1,60.0,0,No Failure,0,0,0,0,0,168.2,76.4
5106,L15105,L,300.9,310.8,1168.0,51.7,104.0,0,No Failure,0,0,0,0,0,140.9,64.0
6969,M16968,M,307.1,310.1,1308.0,32.7,180.0,0,No Failure,0,0,0,0,0,104.1,47.3
7933,L17932,L,304.8,314.8,1306.0,36.2,126.0,0,No Failure,0,0,0,0,0,137.2,62.4
7637,L17636,L,301.5,311.5,1168.0,43.3,2.0,0,No Failure,0,0,0,0,0,218.6,99.4
4173,H14172,H,300.3,310.0,1247.0,39.4,99.0,0,No Failure,0,0,0,0,0,154.0,70.0
1386,L11385,L,296.7,307.5,1396.0,31.6,79.0,0,No Failure,0,0,0,0,0,170.3,77.4
8380,L18379,L,300.8,310.3,1168.0,35.7,153.0,0,No Failure,0,0,0,0,0,114.4,52.0
7446,M17445,M,300.1,310.8,1168.0,40.5,18.0,0,No Failure,0,0,0,0,0,208.1,94.6
7108,M17107,M,292.925,309.8,1168.0,37.8,213.0,0,No Failure,0,0,0,0,0,82.0,37.3
5655,L15654,L,301.9,312.7,1198.0,20.0,162.0,1,PWF (Power Failure),0,0,1,0,0,0.1,48.8
539,L10538,L,300.4,309.4,1168.0,55.4,22.0,0,No Failure,0,0,0,0,0,192.0,87.3
6620,L16619,L,294.8,304.7,1395.0,31.9,112.0,0,No Failure,0,0,0,0,0,149.0,67.7
570,M10569,M,301.0,310.4,1169.0,38.3,122.0,0,No Failure,0,0,0,0,0,134.0,60.9
7028,L17027,L,300.1,310.0,1286.0,40.3,179.0,0,No Failure,0,0,0,0,0,98.0,44.5
3607,L13606,L,292.925,307.4,1168.0,48.6,157.0,0,No Failure,0,0,0,0,0,105.1,47.8
9219,M19218,M,297.8,307.1,1168.0,39.0,123.0,0,No Failure,0,0,0,0,0,131.8,59.9
4879,L14878,L,298.9,308.2,1329.0,45.1,22.0,0,No Failure,0,0,0,0,0,200.6,91.2
3790,M13789,M,296.3,305.3,1546.0,16.9,129.0,1,PWF (Power Failure),0,0,1,0,0,2.0,58.7
8737,M18736,M,297.2,307.5,908.0,33.5,0.0,0,No Failure,0,0,0,0,0,220.0,100.0
5701,H15700,H,300.7,308.8,1181.0,42.5,106.0,1,HDF (Heat Dissipation),0,1,0,0,0,6.4,58.9
7034,L17033,L,299.0,307.9,1333.0,44.2,197.0,0,No Failure,0,0,0,0,0,75.4,34.3
4037,L14036,L,298.7,308.8,1168.0,46.4,63.0,0,No Failure,0,0,0,0,0,174.7,79.4
7151,M17150,M,300.5,311.9,1413.0,35.1,127.0,0,No Failure,0,0,0,0,0,139.6,63.5
8638,L18637,L,303.0,313.7,1197.0,47.6,149.0,0,No Failure,0,0,0,0,0,111.9,50.9
3316,L13315,L,298.3,309.1,1168.0,54.6,6.0,0,No Failure,0,0,0,0,0,215.4,97.9
240,L10239,L,297.6,306.5,1413.0,15.3,135.0,1,PWF (Power Failure),0,0,1,0,0,2.9,56.6
7405,M17404,M,298.7,309.3,1235.0,60.7,105.0,0,No Failure,0,0,0,0,0,138.7,63.1
882,M10881,M,296.8,305.0,1168.0,34.2,82.0,1,HDF (Heat Dissipation),0,1,0,0,0,7.3,67.6
714,H10713,H,301.0,311.0,1256.0,51.7,202.0,0,No Failure,0,0,0,0,0,78.1,35.5
1950,H11949,H,295.4,305.6,1265.0,24.1,46.0,1,PWF (Power Failure),0,0,1,0,0,6.4,80.6
5847,H15846,H,300.8,310.1,1175.0,48.5,0.0,0,No Failure,0,0,0,0,0,212.3,96.5
2708,L12707,L,298.9,308.6,1168.0,39.7,180.0,0,No Failure,0,0,0,0,0,94.6,43.0
9908,M19907,M,299.5,310.3,1226.0,32.1,30.0,0,No Failure,0,0,0,0,0,201.5,91.6
571,L10570,L,298.7,308.2,1212.0,36.0,125.0,0,No Failure,0,0,0,0,0,132.8,60.3
281,L10280,L,301.7,313.5,1168.0,49.5,49.0,0,No Failure,0,0,0,0,0,183.9,83.6
2715,H12714,H,301.2,311.4,1168.0,43.9,203.0,0,No Failure,0,0,0,0,0,85.4,38.8
3631,L13630,L,298.6,310.0,1168.0,64.4,16.0,0,No Failure,0,0,0,0,0,195.8,89.0
9607,M19606,M,302.6,314.2,1319.0,34.8,118.0,0,No Failure,0,0,0,0,0,145.5,66.1
8861,L18860,L,301.3,310.8,1168.0,43.3,2.0,0,No Failure,0,0,0,0,0,213.1,96.9
2198,M12197,M,300.3,311.2,1173.0,30.5,223.0,1,TWF (Tool Wear Failure),1,0,0,0,0,4.5,37.7
6804,L16803,L,299.8,310.5,1168.0,38.3,77.0,0,No Failure,0,0,0,0,0,168.4,76.6
7352,L17351,L,298.5,310.0,1256.0,20.1,138.0,1,PWF (Power Failure),0,0,1,0,0,4.9,54.8
5917,M15916,M,299.1,308.9,1168.0,50.5,21.0,0,No Failure,0,0,0,0,0,202.7,92.1
1020,L11019,L,300.1,309.6,1406.0,20.0,111.0,1,PWF (Power Failure),0,0,1,0,0,4.4,61.3
7245,L17244,L,300.7,311.3,1546.0,33.8,225.0,0,No Failure,0,0,0,0,0,75.4,34.3
3512,M13511,M,299.7,309.4,1262.0,29.1,28.0,0,No Failure,0,0,0,0,0,200.7,91.2
8927,M18926,M,298.8,309.3,1528.0,19.6,208.0,1,PWF (Power Failure),0,0,1,0,0,3.9,39.9
5720,L15719,L,303.8,314.6,1243.0,28.6,180.0,0,No Failure,0,0,0,0,0,107.8,49.0
4051,H14050,H,297.6,308.5,1191.0,49.6,112.0,0,No Failure,0,0,0,0,0,142.5,64.8
5912,L15911,L,301.6,313.1,1168.0,44.0,6.0,0,No Failure,0,0,0,0,0,215.8,98.1
2133,H12132,H,299.2,310.4,1254.0,53.1,215.0,0,No Failure,0,0,0,0,0,67.4,30.7
7436,L17435,L,300.5,310.5,1409.0,28.0,209.0,0,No Failure,0,0,0,0,0,92.9,42.2
5889,H15888,H,298.8,309.4,1168.0,42.2,131.0,0,No Failure,0,0,0,0,0,134.3,61.0
1140,M11139,M,300.0,310.8,1168.0,38.5,88.0,0,No Failure,0,0,0,0,0,162.6,73.9
5654,L15653,L,299.9,310.6,1259.0,47.2,160.0,0,No Failure,0,0,0,0,0,104.3,47.4
6206,M16205,M,300.1,310.6,1302.0,27.2,71.0,0,No Failure,0,0,0,0,0,175.6,79.8
9361,L19360,L,299.7,309.2,1195.0,47.3,167.0,0,No Failure,0,0,0,0,0,93.6,42.6
2205,L12204,L,301.2,311.1,1277.0,50.7,20.0,0,No Failure,0,0,0,0,0,204.4,92.9
4467,L14466,L,299.8,312.1,1236.0,38.9,3.0,0,No Failure,0,0,0,0,0,218.0,99.1
2212,L12211,L,300.9,311.9,1173.0,25.4,43.0,1,PWF (Power Failure),0,0,1,0,0,2.6,79.9
72,L10071,L,299.8,309.5,1269.0,41.3,2.0,0,No Failure,0,0,0,0,0,216.2,98.3
8007,M18006,M,297.7,307.4,1168.0,30.5,172.0,0,No Failure,0,0,0,0,0,110.3,50.1
