Type,Weld Current [kA],Electrode Squeeze Force [N],Dynamic Resistance [uOhm],Cooling Water Flow [L/min],Electrode Cap Wear [cycles],Weld Time [ms],Machine failure,Failure Mode,RUL [min],Health Index [%]
H,9.41,3468.25,223.49,4.51,278.09,190.04,0,No Failure,198.3,85.2
M,10.32,4208.96,209.89,5.3,366.3,195.86,0,No Failure,172.1,76.0
M,9.2,3117.8,302.14,4.88,1330.04,194.58,0,No Failure,152.2,68.9
M,10.11,3237.12,197.05,5.24,582.4,169.38,0,No Failure,172.3,76.0
L,10.55,3045.16,205.08,4.95,243.96,180.67,0,No Failure,174.7,76.9
H,10.04,3447.04,223.74,5.85,332.76,236.16,0,No Failure,184.6,80.4
L,10.02,3901.33,192.4,4.41,533.44,207.46,0,No Failure,186.7,81.1
M,11.74,3452.69,203.36,4.45,132.32,196.92,0,No Failure,168.2,74.6
L,9.44,3298.73,211.03,5.14,324.55,241.5,0,No Failure,193.9,83.7
L,8.31,3290.62,171.55,4.06,259.2,191.27,0,No Failure,153.1,69.2
M,9.41,2746.65,165.43,4.4,516.3,197.65,0,No Failure,159.0,71.3
L,7.49,3482.37,225.69,4.78,350.72,228.56,0,No Failure,180.0,78.8
L,8.73,3011.58,196.11,3.73,160.97,220.26,0,No Failure,151.7,68.7
M,10.64,3452.95,204.37,4.77,290.16,204.31,0,No Failure,207.2,88.4
M,7.78,3150.45,175.15,5.15,259.31,199.87,0,No Failure,155.3,70.0
M,10.59,3172.4,256.45,3.94,376.14,205.02,0,No Failure,173.5,76.5
L,7.28,3564.45,173.06,4.14,1025.07,186.33,0,No Failure,105.4,52.3
M,9.03,3400.48,195.47,9.01,432.49,237.32,0,No Failure,179.0,78.4
M,8.2,3304.02,257.13,3.84,330.79,207.76,0,No Failure,163.7,73.0
L,10.34,3417.68,216.48,3.85,182.62,240.87,0,No Failure,174.0,76.6
H,10.14,2512.73,251.63,4.69,1.0,192.09,0,No Failure,137.1,63.6
H,9.14,2933.15,198.47,4.84,42.15,217.22,0,No Failure,171.6,75.8
M,10.45,3245.55,212.31,,448.38,221.01,0,No Failure,210.2,89.5
H,9.8,3436.52,234.74,4.81,510.77,208.1,0,No Failure,221.1,93.3
L,8.25,3436.34,196.37,5.27,944.01,147.34,0,No Failure,119.8,57.4
M,10.46,3161.08,195.69,5.26,229.66,219.35,0,No Failure,182.0,79.5
M,7.83,3569.83,148.68,4.99,840.43,215.88,0,No Failure,134.9,62.8
M,11.08,3145.71,,5.12,433.75,218.75,0,No Failure,190.8,82.6
M,8.98,3595.61,181.78,4.08,625.75,210.09,0,No Failure,174.1,76.7
H,8.64,,213.52,4.4,525.5,228.32,0,No Failure,174.9,76.9
L,10.42,1300.61,265.5,4.95,269.02,216.9,0,No Failure,179.2,78.5
L,9.28,3573.55,219.51,6.27,488.32,256.0,0,No Failure,156.4,70.4
L,10.81,3621.36,269.63,4.31,1.0,200.9,0,No Failure,144.3,66.1
H,9.22,3242.64,237.46,4.31,254.71,228.85,0,No Failure,179.6,78.6
L,10.51,3301.88,223.16,5.75,312.19,224.52,0,No Failure,184.3,80.3
L,7.58,2900.25,219.87,5.73,95.91,205.49,0,No Failure,139.7,64.5
L,9.58,3549.85,190.38,5.23,543.12,234.75,0,No Failure,184.4,80.3
M,9.98,2299.98,158.12,4.99,172.34,223.68,0,No Failure,132.9,62.1
H,9.75,3349.2,287.11,4.48,502.1,228.1,0,No Failure,176.8,77.6
L,9.57,3593.8,204.14,,1.0,188.9,0,No Failure,164.6,73.3
M,9.54,3699.69,242.74,5.43,694.28,204.7,0,No Failure,174.4,76.8
H,9.54,3991.19,275.76,3.72,375.04,220.04,0,No Failure,148.2,67.5
H,10.88,4002.44,214.64,4.31,541.23,197.62,0,No Failure,172.0,75.9
L,9.72,3705.28,167.86,3.55,501.3,63.11,0,No Failure,143.5,65.8
L,10.14,3115.06,185.34,5.24,276.7,189.91,0,No Failure,175.9,77.3
H,9.89,3428.02,221.38,3.34,294.73,180.15,0,No Failure,174.9,77.0
M,11.28,3244.64,219.49,6.08,36.31,154.85,0,No Failure,120.1,57.5
L,10.33,3289.64,222.64,6.07,570.01,195.94,0,No Failure,177.4,77.8
M,9.15,3113.1,201.55,5.12,432.13,241.26,0,No Failure,183.3,79.9
H,10.66,3093.78,218.0,4.64,551.38,,0,No Failure,193.5,83.5
M,8.93,3302.32,173.2,5.9,393.52,172.35,0,No Failure,151.9,68.8
H,8.45,3368.03,199.01,4.25,19.63,219.44,0,No Failure,166.3,73.9
H,9.53,3268.78,245.71,5.24,1100.0,209.49,0,No Failure,160.1,71.7
M,10.7,3698.59,209.24,4.76,577.54,242.17,0,No Failure,178.7,78.3
H,11.34,3278.86,223.16,5.27,565.43,222.86,0,No Failure,180.1,78.8
M,9.35,3547.43,200.98,4.94,659.7,234.2,0,No Failure,185.1,80.6
H,8.26,3487.13,226.47,5.44,1.0,213.45,0,No Failure,164.4,73.2
L,11.19,5186.31,221.43,4.98,463.23,,0,No Failure,188.7,81.8
M,10.5,3181.8,214.68,5.69,556.17,249.74,0,No Failure,165.9,73.7
L,8.19,3498.09,217.42,4.72,14.34,210.85,0,No Failure,181.9,79.4
H,8.54,3451.67,221.47,5.31,203.27,192.39,0,No Failure,179.1,78.4
M,7.51,3327.17,228.4,5.02,800.61,158.64,0,No Failure,132.6,61.9
H,8.24,3301.52,183.07,5.31,744.39,206.97,0,No Failure,162.7,72.6
M,9.51,3783.28,214.75,3.86,221.14,224.78,0,No Failure,176.5,77.5
M,10.2,3604.9,301.49,3.63,64.97,211.2,0,No Failure,132.9,62.1
M,9.38,3466.82,189.14,5.54,695.89,178.11,0,No Failure,162.8,72.6
L,10.24,3476.46,286.73,3.54,-1072.51,204.63,0,No Failure,152.2,68.9
M,11.42,3341.53,212.31,5.22,313.66,255.39,0,No Failure,166.3,73.9
L,10.58,3266.28,209.22,4.85,409.0,174.55,0,No Failure,194.6,83.9
L,9.91,3563.42,251.34,4.26,699.46,188.62,0,No Failure,169.0,74.8
L,13.02,3882.19,212.25,5.18,336.63,204.58,0,No Failure,154.1,69.6
M,10.75,3257.93,188.53,3.94,538.88,190.61,0,No Failure,167.7,74.4
M,9.45,3344.66,220.54,4.31,692.89,213.82,0,No Failure,198.6,85.3
L,8.89,3529.38,210.98,4.45,387.5,179.59,0,No Failure,189.3,82.0
L,11.15,3237.77,210.74,3.99,744.26,219.74,0,No Failure,165.9,73.8
M,8.07,3008.31,192.91,4.98,1515.07,202.33,0,No Failure,178.3,78.1
L,11.06,3393.21,250.97,6.72,433.07,245.02,0,No Failure,138.2,64.0
L,10.87,3461.84,197.76,4.36,190.0,243.31,0,No Failure,166.2,73.9
L,10.93,2996.59,196.39,5.5,1.0,207.29,0,No Failure,152.5,69.0
L,9.8,3123.07,215.24,4.49,695.13,227.22,0,No Failure,191.7,82.9
M,9.26,3474.35,240.51,3.65,77.37,210.46,0,No Failure,168.6,74.7
H,9.39,3787.54,251.25,8.98,352.02,161.52,0,No Failure,160.2,71.7
L,8.92,5272.44,206.9,4.93,797.1,171.97,0,No Failure,167.9,74.5
H,10.43,2564.47,243.69,5.42,373.95,208.51,0,No Failure,163.9,73.1
L,11.11,3397.49,248.71,5.5,171.59,221.13,0,No Failure,165.1,73.5
H,11.28,2594.48,208.29,4.74,127.02,160.32,1,Weld Expulsion & Splash,6.5,15.1
L,9.06,3358.16,170.86,5.2,374.16,210.99,0,No Failure,193.1,83.4
L,11.15,3526.79,180.46,4.34,264.02,181.86,0,No Failure,158.8,71.2
L,10.92,3338.55,233.86,4.75,871.79,161.75,0,No Failure,148.3,67.5
L,9.33,3321.89,194.25,3.84,297.5,173.65,0,No Failure,166.7,74.0
L,10.33,3520.71,195.81,5.41,494.99,182.9,0,No Failure,181.5,79.3
M,9.51,2511.23,212.27,4.3,607.75,171.32,0,No Failure,148.2,67.5
M,7.77,,165.93,5.59,803.87,213.0,0,No Failure,123.6,58.8
L,10.07,3494.08,177.2,3.96,295.13,224.98,0,No Failure,177.0,77.7
H,9.21,3284.33,260.08,6.37,347.66,196.2,0,No Failure,156.4,70.4
M,10.26,3155.81,192.72,5.07,370.59,235.64,0,No Failure,185.8,80.8
M,10.34,3209.54,191.92,5.4,740.19,186.55,0,No Failure,162.7,72.6
H,10.06,2356.85,236.04,5.24,787.55,210.43,0,No Failure,147.6,67.3
L,10.02,2857.49,271.51,5.13,324.11,167.26,0,No Failure,143.8,65.9
L,10.88,3418.81,190.76,5.25,557.99,191.63,0,No Failure,180.3,78.8
L,8.91,3727.87,208.61,5.56,309.26,194.53,0,No Failure,176.1,77.4
H,11.31,3060.66,227.44,4.2,865.16,194.39,1,Weld Expulsion & Splash,5.4,21.2
H,9.22,,180.16,3.72,179.81,238.23,0,No Failure,134.9,62.8
L,9.14,3396.11,230.23,5.75,828.06,243.53,0,No Failure,152.8,69.1
L,10.47,2745.68,225.54,5.62,279.87,188.7,0,No Failure,156.3,70.4
L,10.39,2451.07,233.03,4.41,494.79,314.72,0,No Failure,157.1,70.6
L,10.51,3478.86,204.99,4.94,336.84,191.11,0,No Failure,200.3,85.9
L,10.43,3665.68,206.26,5.33,536.6,198.52,0,No Failure,188.5,81.8
H,11.65,3467.76,256.87,2.74,87.66,221.52,0,No Failure,115.5,55.9
L,9.03,3089.31,205.54,4.05,302.93,253.4,0,No Failure,158.3,71.1
H,8.87,3278.68,217.43,5.68,738.41,207.64,0,No Failure,178.6,78.3
L,9.86,3337.87,146.34,5.82,192.73,227.51,0,No Failure,153.6,69.4
L,9.21,3289.19,184.87,5.97,511.95,242.86,0,No Failure,158.7,71.2
H,9.6,4082.37,239.09,3.17,629.73,188.61,0,No Failure,133.2,62.2
H,9.06,2679.05,215.83,5.02,239.84,176.3,0,No Failure,159.2,71.4
H,9.55,3270.7,212.89,5.04,276.05,183.46,0,No Failure,197.4,84.9
H,12.13,4009.32,214.49,5.37,274.11,234.36,0,No Failure,142.1,65.3
H,11.57,2869.64,225.24,4.97,620.95,189.01,1,Weld Expulsion & Splash,2.2,25.2
L,10.35,3691.8,210.16,5.66,114.04,247.55,0,No Failure,153.5,69.4
L,10.56,3288.21,219.24,5.04,139.72,232.56,0,No Failure,183.3,79.9
L,,3802.67,186.17,4.23,595.05,169.54,0,No Failure,135.4,62.9
H,10.12,3219.57,203.94,5.22,652.65,226.55,0,No Failure,186.8,81.2
H,10.8,2941.13,280.2,6.36,1.0,219.79,0,No Failure,105.8,52.5
L,9.39,3389.06,208.26,4.91,233.88,211.01,0,No Failure,214.9,91.1
L,10.34,,231.04,4.25,562.45,222.12,0,No Failure,192.4,83.1
H,9.37,3102.83,188.74,4.01,603.75,210.26,0,No Failure,178.9,78.4
L,11.21,3373.41,257.64,4.16,844.12,243.78,1,Electrode Cap Mushrooming,12.5,17.0
L,8.2,2555.59,234.82,5.44,701.7,241.29,0,No Failure,117.9,56.8
M,10.1,3090.84,240.72,6.83,906.54,201.31,0,No Failure,128.3,60.5
L,9.89,4031.24,174.22,4.97,564.31,219.74,0,No Failure,171.9,75.9
M,9.91,4026.98,204.11,5.15,175.84,199.78,0,No Failure,176.0,77.3
H,8.37,3150.3,220.51,5.61,360.14,213.25,0,No Failure,182.6,79.7
M,9.84,4443.63,,4.12,296.77,224.33,0,No Failure,130.3,61.2
L,11.07,3145.05,227.04,4.67,600.63,231.92,0,No Failure,175.3,77.1
L,10.24,3522.7,226.6,4.47,1011.63,163.97,0,No Failure,145.5,66.5
M,10.55,3349.1,257.48,4.21,165.38,224.11,0,No Failure,166.7,74.0
M,13.45,3755.97,207.93,3.55,1.0,201.22,0,No Failure,144.5,66.2
M,9.11,3602.41,217.55,3.93,474.89,235.46,0,No Failure,181.0,79.1
H,10.36,2794.35,156.31,5.75,616.24,193.08,0,No Failure,132.4,61.9
L,8.06,3167.67,248.51,4.81,862.39,223.68,0,No Failure,149.3,67.9
H,9.58,3430.8,213.65,4.58,198.33,179.05,0,No Failure,194.7,83.9
L,9.38,2905.9,219.43,5.21,262.77,184.17,0,No Failure,174.4,76.8
M,9.58,3163.86,223.09,3.31,513.48,235.29,1,Torch Cooling Restriction,12.6,29.5
L,11.03,3465.52,236.9,4.19,331.9,223.03,0,No Failure,180.8,79.0
H,9.21,3568.93,212.58,4.43,288.22,202.08,0,No Failure,201.2,86.3
L,10.55,3446.62,194.89,4.3,511.83,215.23,0,No Failure,196.8,84.7
L,8.48,4326.18,150.22,4.52,243.31,214.44,0,No Failure,128.8,60.6
H,8.86,3662.87,196.27,3.94,205.62,211.47,0,No Failure,172.4,76.1
H,10.85,3000.22,202.61,5.82,278.68,191.7,0,No Failure,158.2,71.0
M,8.59,2814.8,221.58,3.66,1963.09,257.56,1,Torch Cooling Restriction,8.7,8.7
L,10.49,3126.19,166.16,5.81,736.78,207.85,0,No Failure,150.1,68.1
M,8.7,2732.91,187.29,4.04,49.22,210.34,0,No Failure,140.8,64.9
M,9.61,3815.2,223.81,5.72,322.63,217.89,0,No Failure,184.0,80.2
L,10.17,3047.89,208.86,4.28,451.62,228.88,0,No Failure,191.1,82.7
H,10.24,4049.55,197.21,4.96,1.0,203.19,0,No Failure,161.5,72.2
H,10.15,3470.2,171.06,4.96,1100.0,197.47,0,No Failure,152.9,69.2
M,9.0,5329.72,31.98,4.8,562.06,224.34,0,No Failure,199.1,85.5
L,10.37,3258.32,182.36,4.1,567.27,179.28,0,No Failure,164.3,73.2
L,10.6,3058.38,209.78,4.6,436.69,206.41,0,No Failure,203.6,87.1
L,10.6,3888.58,177.11,5.44,304.31,213.0,0,No Failure,165.6,73.7
H,8.56,3783.07,220.94,5.05,751.56,205.06,0,No Failure,172.1,75.9
L,9.8,3687.52,209.88,5.09,424.1,191.87,0,No Failure,206.7,88.2
L,10.22,3090.16,223.12,4.33,339.81,186.47,0,No Failure,185.7,80.8
L,9.13,3249.93,218.08,4.71,1.0,203.17,0,No Failure,188.0,81.6
M,9.31,3330.22,163.12,5.3,208.57,186.78,0,No Failure,163.8,73.0
L,9.39,3815.97,205.76,4.4,399.42,227.8,0,No Failure,190.2,82.4
L,10.57,4223.74,234.77,3.99,332.6,261.09,0,No Failure,127.0,60.0
L,9.51,3191.18,208.92,3.9,370.05,207.58,0,No Failure,199.8,85.8
L,9.61,3575.73,265.4,3.33,636.3,224.37,0,No Failure,149.3,67.9
M,10.06,3437.83,235.02,4.26,246.07,182.1,0,No Failure,183.0,79.8
L,10.43,3654.88,208.95,4.68,51.93,186.19,0,No Failure,174.0,76.6
L,10.23,3761.82,204.58,4.21,469.08,213.48,0,No Failure,195.2,84.1
M,10.4,3550.31,308.92,4.41,358.46,235.42,0,No Failure,148.6,67.6
M,7.25,3190.5,209.08,5.13,390.26,212.82,0,No Failure,180.4,78.9
L,9.98,3721.96,204.39,5.0,153.93,243.69,0,No Failure,174.0,76.6
H,9.84,3497.03,198.94,3.57,373.78,199.84,0,No Failure,191.3,82.7
H,9.11,2950.5,201.62,3.29,204.0,246.69,1,Torch Cooling Restriction,2.1,17.2
M,9.92,3490.0,199.89,6.21,203.04,229.0,0,No Failure,169.6,75.1
L,8.7,2967.03,191.2,5.43,332.21,200.08,0,No Failure,167.9,74.5
M,7.95,2845.6,220.83,4.76,248.76,233.75,0,No Failure,158.8,71.2
L,9.66,3587.73,197.2,9.86,527.3,233.22,0,No Failure,171.9,75.9
M,12.32,2709.54,216.48,4.31,424.36,232.15,1,Weld Expulsion & Splash,2.1,22.4
H,9.37,3697.8,200.0,4.73,859.16,196.39,0,No Failure,173.8,76.6
M,9.05,3432.06,230.39,6.53,397.59,214.0,0,No Failure,179.1,78.4
H,10.2,3464.6,231.06,3.41,555.15,200.75,0,No Failure,178.6,78.3
L,9.42,3094.08,,4.62,398.5,232.54,0,No Failure,200.0,85.8
L,10.18,3735.86,278.28,5.18,211.48,184.35,0,No Failure,149.6,68.0
H,11.15,2949.86,209.04,4.8,132.7,198.12,0,No Failure,171.3,75.7
L,9.52,3532.57,208.6,0.42,660.66,214.06,0,No Failure,203.8,87.2
H,8.5,3076.0,190.0,6.15,98.69,210.59,0,No Failure,144.5,66.2
H,12.19,3724.42,197.97,3.97,259.94,172.96,0,No Failure,130.0,61.0
L,10.02,2798.81,161.93,5.71,764.75,214.38,0,No Failure,139.7,64.5
M,8.79,3839.68,164.89,5.25,239.8,194.14,0,No Failure,149.5,67.9
L,10.86,4542.69,163.53,3.12,237.81,193.94,0,No Failure,92.1,47.6
H,10.84,2722.76,211.51,4.45,181.27,202.87,0,No Failure,166.5,74.0
L,11.28,4004.45,180.17,5.9,-795.51,220.36,0,No Failure,143.7,65.9
L,10.57,3172.73,211.74,5.49,546.9,186.19,0,No Failure,178.6,78.3
H,10.88,3495.49,280.39,5.23,,211.4,1,Electrode Cap Mushrooming,9.1,25.6
L,9.51,2927.75,245.83,4.7,577.85,268.85,0,No Failure,148.6,67.6
M,8.12,3422.76,202.75,6.1,400.92,230.1,0,No Failure,166.1,73.8
M,10.23,956.98,204.23,4.37,231.71,202.21,0,No Failure,178.7,78.3
L,10.08,3180.74,194.76,5.54,285.07,211.4,0,No Failure,190.8,82.6
L,11.55,2983.48,214.59,4.09,125.32,221.2,1,Weld Expulsion & Splash,10.5,24.7
M,10.31,4040.45,219.92,5.18,406.43,230.25,0,No Failure,180.6,79.0
L,,3053.72,286.11,0.43,8.32,225.55,0,No Failure,139.3,64.4
M,10.09,3716.09,236.26,4.47,316.69,187.89,0,No Failure,183.3,79.9
M,9.86,3665.73,212.96,5.63,165.62,231.55,0,No Failure,177.9,78.0
L,9.74,3462.05,203.36,4.05,81.05,242.27,0,No Failure,170.4,75.4
L,9.67,3363.73,215.68,4.3,114.87,236.25,0,No Failure,187.7,81.5
L,10.46,3209.57,200.75,3.91,1.0,219.61,0,No Failure,161.8,72.3
H,11.13,3245.7,180.5,4.42,205.88,216.19,0,No Failure,170.5,75.4
L,9.01,3557.97,221.99,6.35,635.23,194.6,0,No Failure,160.7,71.9
L,9.37,3483.03,254.32,5.37,564.6,221.83,0,No Failure,181.0,79.1
M,11.06,3665.29,211.46,5.28,562.89,219.5,0,No Failure,182.8,79.7
L,10.32,2942.42,153.36,4.25,1023.46,205.01,0,No Failure,127.0,60.0
L,9.86,3109.36,176.16,5.42,521.75,240.72,0,No Failure,167.0,74.2
L,10.84,3575.46,219.23,3.26,448.92,227.19,0,No Failure,169.0,74.8
L,11.18,3290.94,219.16,5.41,360.92,202.72,0,No Failure,191.5,82.8
H,8.32,3467.71,204.32,4.45,330.13,194.11,0,No Failure,186.3,81.0
L,9.38,3820.78,204.24,5.04,560.05,238.46,0,No Failure,177.3,77.8
H,11.47,3950.35,255.93,6.18,479.83,192.41,0,No Failure,127.0,60.0
H,11.41,3554.84,210.96,4.92,392.55,253.45,0,No Failure,174.7,76.9
M,11.85,3739.98,177.35,4.06,107.09,240.81,0,No Failure,119.8,57.4
H,9.75,3250.83,211.8,4.79,876.57,213.23,0,No Failure,198.6,85.3
L,6.93,4058.83,263.57,5.52,651.0,257.88,0,No Failure,83.7,44.6
M,12.02,3781.53,137.07,5.56,760.39,202.08,0,No Failure,108.5,53.4
M,10.1,2911.96,243.74,5.8,481.37,195.15,0,No Failure,165.5,73.6
L,10.61,4093.56,189.67,5.32,498.17,251.57,0,No Failure,142.3,65.4
H,8.93,3958.82,241.24,2.66,450.12,226.39,0,No Failure,132.2,61.8
L,9.8,2952.09,168.61,3.61,1516.54,215.76,0,No Failure,162.6,72.6
L,10.39,3220.71,243.09,4.22,679.94,203.11,0,No Failure,175.6,77.2
M,8.87,3762.59,169.03,6.13,1.0,210.24,0,No Failure,131.8,61.7
M,11.84,3614.15,190.77,3.46,715.13,257.49,1,Torch Cooling Restriction,1.8,8.7
L,11.19,3816.99,218.8,5.09,492.59,216.3,0,No Failure,185.2,80.6
L,9.39,2677.35,206.79,5.35,1.0,173.29,0,No Failure,135.4,62.9
M,9.01,3621.36,170.27,4.96,481.38,199.29,0,No Failure,182.0,79.5
L,8.88,3082.95,200.43,5.0,58.58,188.43,0,No Failure,163.3,72.8
L,8.79,3024.65,186.02,4.69,580.93,239.1,0,No Failure,162.5,72.6
L,10.79,3510.04,203.54,4.79,183.96,208.65,0,No Failure,198.4,85.3
L,8.63,3409.76,225.85,4.85,661.42,202.98,0,No Failure,195.4,84.2
H,9.41,3321.94,223.0,4.69,463.61,183.19,0,No Failure,204.0,87.2
M,10.86,3966.39,235.45,4.13,126.75,250.95,0,No Failure,129.3,60.8
L,10.32,3197.03,212.1,4.24,659.24,212.04,0,No Failure,193.1,83.4
M,9.31,2884.0,173.86,6.78,718.95,,0,No Failure,109.0,53.6
H,10.36,3470.81,229.8,4.88,331.72,206.68,0,No Failure,211.8,90.0
L,9.34,4649.07,179.24,5.03,629.51,214.44,0,No Failure,162.5,72.6
L,10.28,4111.44,225.37,4.96,162.57,235.29,0,No Failure,160.5,71.9
M,9.3,3607.76,218.12,3.22,,245.26,1,Torch Cooling Restriction,7.7,26.2
H,10.13,3138.52,253.84,5.82,427.51,189.91,0,No Failure,169.1,74.9
L,9.75,3650.62,226.88,4.03,834.92,199.54,0,No Failure,171.7,75.8
L,9.12,3651.75,188.47,4.18,532.71,237.48,0,No Failure,167.2,74.2
H,9.39,3104.59,240.03,5.48,411.07,233.3,0,No Failure,178.5,78.2
H,8.91,3762.73,240.03,5.0,721.01,216.52,0,No Failure,170.6,75.4
L,9.09,3425.75,203.01,4.85,1100.0,218.08,0,No Failure,170.9,75.5
H,9.81,3241.45,216.38,4.71,538.44,258.76,0,No Failure,190.2,82.4
L,10.6,3128.59,191.77,6.24,670.91,219.28,0,No Failure,151.7,68.7
M,9.35,4141.86,193.1,3.89,564.89,186.18,0,No Failure,146.4,66.8
L,9.95,3792.92,240.87,4.25,488.24,227.07,0,No Failure,180.7,79.0
L,2.17,3773.32,191.76,4.83,721.36,229.37,0,No Failure,159.0,71.3
M,12.59,3835.6,262.41,5.54,569.94,271.24,0,No Failure,90.8,47.1
L,12.82,3438.38,182.75,5.32,221.93,222.55,0,No Failure,145.5,66.5
L,11.44,2914.01,182.41,4.63,179.44,175.12,1,Weld Expulsion & Splash,10.3,18.3
L,8.27,2952.15,203.6,5.29,509.26,229.08,0,No Failure,164.2,73.1
L,10.12,3175.93,234.01,4.72,419.41,191.35,0,No Failure,202.2,86.6
L,10.23,3425.52,188.75,3.71,779.43,212.87,0,No Failure,170.3,75.3
L,9.41,3635.9,151.87,4.7,228.56,194.91,0,No Failure,168.0,74.5
M,11.13,3809.41,248.01,4.94,499.27,236.6,0,No Failure,160.9,72.0
M,9.31,3698.33,201.38,4.32,341.79,197.41,0,No Failure,189.7,82.2
H,12.24,3237.37,199.1,6.28,247.11,205.63,0,No Failure,143.6,65.9
H,10.62,3179.81,188.02,5.48,931.85,229.74,0,No Failure,143.5,65.8
L,11.11,3720.43,206.83,4.39,583.92,222.05,0,No Failure,175.8,77.3
L,7.9,3602.03,199.94,4.96,1002.09,211.55,0,No Failure,153.0,69.2
L,10.87,2972.58,234.96,4.78,47.97,201.58,0,No Failure,165.7,73.7
M,8.94,2921.88,277.53,3.7,40.03,205.91,0,No Failure,124.7,59.2
L,,3841.99,222.51,5.42,703.57,199.95,0,No Failure,177.0,77.7
M,9.71,3418.05,181.88,5.17,543.38,247.79,0,No Failure,180.0,78.8
L,9.96,3342.36,209.94,6.67,398.14,200.34,0,No Failure,184.9,80.5
H,10.32,4373.6,210.36,5.6,533.67,215.3,0,No Failure,161.0,72.0
L,8.45,3563.08,222.96,4.74,414.22,228.67,0,No Failure,195.4,84.2
L,10.63,3517.81,246.49,3.57,559.42,235.4,1,Torch Cooling Restriction,3.6,24.8
H,10.26,3716.19,233.69,3.89,870.95,222.23,0,No Failure,153.0,69.2
L,11.09,3823.67,264.88,3.27,277.85,255.18,1,Torch Cooling Restriction,4.9,7.6
M,9.81,3440.39,228.19,5.01,423.98,219.3,0,No Failure,220.7,93.2
L,12.55,3471.69,201.27,5.93,437.07,193.39,0,No Failure,153.9,69.5
L,9.66,3914.52,232.25,4.92,634.71,211.63,0,No Failure,189.8,82.2
M,10.27,3595.87,212.09,7.72,436.7,208.26,0,No Failure,210.2,89.5
M,9.56,2953.4,242.68,5.31,346.63,,0,No Failure,157.4,70.7
L,11.5,3646.74,270.9,4.45,393.35,223.44,0,No Failure,158.8,71.2
M,6.9,2315.13,198.88,4.25,505.36,243.04,0,No Failure,127.8,60.3
L,8.65,3110.28,168.79,5.54,269.35,203.27,0,No Failure,157.5,70.8
L,9.62,3606.41,243.22,5.35,663.61,203.8,0,No Failure,182.5,79.6
M,8.33,3522.2,167.43,8.37,,207.97,0,No Failure,159.2,71.4
L,,3697.45,265.58,4.05,248.81,195.59,0,No Failure,128.6,60.5
M,9.26,3608.64,165.49,5.21,600.15,204.14,0,No Failure,174.0,76.6
M,9.61,3717.65,262.55,5.64,548.35,201.48,0,No Failure,168.0,74.5
L,,3335.19,230.24,6.43,321.93,237.78,0,No Failure,164.0,73.1
H,8.98,3683.76,231.25,3.43,639.81,246.73,1,Torch Cooling Restriction,11.8,19.5
L,9.56,3902.04,222.77,5.16,594.6,191.19,0,No Failure,179.6,78.6
L,10.06,3562.59,244.11,5.89,1.0,178.5,0,No Failure,142.7,65.6
M,6.5,2631.72,246.1,3.88,1160.54,204.59,0,No Failure,93.2,48.0
L,7.63,3496.0,187.34,4.56,208.11,167.83,0,No Failure,143.2,65.7
L,7.91,3063.01,155.2,5.52,457.82,204.46,0,No Failure,146.8,67.0
M,9.09,3423.57,183.66,4.4,1100.0,204.57,0,No Failure,155.6,70.1
M,9.02,3274.15,149.59,4.34,91.78,230.57,0,No Failure,145.2,66.4
M,9.83,3353.42,167.36,6.04,822.07,230.97,0,No Failure,146.6,66.9
L,10.85,3239.71,307.87,4.05,425.6,170.14,0,No Failure,128.6,60.5
M,10.56,3878.39,211.9,4.2,253.25,218.52,0,No Failure,177.6,77.9
H,9.57,3224.25,269.68,5.32,135.85,208.72,0,No Failure,171.0,75.6
L,11.03,3162.32,227.63,6.3,423.0,185.99,0,No Failure,157.5,70.8
L,9.61,3095.77,180.05,5.98,676.1,226.5,0,No Failure,153.6,69.4
H,8.48,2828.79,239.92,4.25,,166.18,0,No Failure,131.5,61.6
M,10.02,3246.44,199.18,4.37,201.26,222.64,0,No Failure,190.3,82.4
H,9.7,3700.26,256.33,5.35,1880.52,223.34,0,No Failure,174.3,76.7
L,8.96,3445.08,197.6,4.39,1.0,217.89,0,No Failure,175.4,77.1
L,8.33,2956.47,165.81,6.01,279.31,200.81,0,No Failure,133.9,62.4
M,9.57,4162.98,187.35,3.86,304.73,228.55,0,No Failure,150.6,68.4
M,15.73,3547.65,205.68,5.01,429.27,187.74,0,No Failure,204.5,87.4
H,9.12,3653.58,205.35,5.35,565.6,198.08,0,No Failure,185.2,80.6
L,9.94,3354.31,186.23,2.83,301.25,191.93,0,No Failure,159.8,71.6
H,11.12,4058.99,218.18,5.01,615.41,207.14,0,No Failure,172.0,75.9
L,9.69,2548.66,250.95,4.63,269.71,246.63,0,No Failure,146.5,66.9
M,11.09,3425.65,249.76,4.54,501.72,250.98,0,No Failure,164.5,73.3
L,9.49,3457.29,205.41,5.14,94.59,218.06,0,No Failure,194.0,83.7
M,9.74,3353.86,242.94,4.82,777.13,218.04,0,No Failure,193.6,83.6
L,10.54,3027.97,204.54,4.8,369.13,170.05,0,No Failure,178.3,78.1
L,7.65,2973.67,235.51,4.28,537.22,227.89,0,No Failure,149.8,68.0
M,8.64,3418.66,217.74,5.26,367.37,197.4,0,No Failure,199.4,85.6
M,9.94,2621.41,213.15,4.82,-1080.91,248.47,0,No Failure,159.1,71.3
H,9.6,2328.35,226.16,4.06,385.7,248.79,0,No Failure,142.5,65.5
M,8.85,3471.54,251.76,3.21,451.63,195.67,0,No Failure,159.2,71.4
L,7.54,3833.88,291.09,4.36,308.25,211.9,0,No Failure,132.7,62.0
M,9.29,3219.76,143.18,4.75,217.89,227.85,0,No Failure,162.7,72.6
L,8.15,3455.91,237.27,,469.99,192.78,0,No Failure,185.7,80.8
L,7.84,3136.04,222.14,3.7,473.61,199.84,0,No Failure,163.0,72.7
L,9.71,2884.42,219.9,5.14,629.96,203.99,0,No Failure,189.3,82.0
M,8.13,3050.89,209.35,5.5,217.37,159.62,0,No Failure,136.2,63.3
M,15.55,3689.73,194.84,4.56,563.2,170.65,0,No Failure,168.3,74.6
L,,3251.78,233.84,4.37,345.87,168.69,0,No Failure,171.0,75.5
L,9.62,3279.01,202.58,4.01,1994.5,222.0,0,No Failure,177.7,77.9
M,8.3,3431.28,267.96,4.7,421.98,184.38,0,No Failure,170.9,75.5
L,8.37,1400.24,177.73,5.06,764.33,169.03,0,No Failure,131.1,61.4
H,9.81,2651.15,186.0,5.51,648.65,245.9,0,No Failure,139.5,64.4
H,9.88,3143.48,218.73,4.49,464.42,229.89,0,No Failure,203.3,87.0
M,8.7,3417.6,174.43,4.25,577.04,206.67,0,No Failure,178.6,78.2
M,8.64,3526.78,188.73,5.35,586.8,142.1,0,No Failure,136.6,63.4
L,10.17,3052.99,223.58,4.42,425.7,256.35,0,No Failure,176.4,77.5
L,7.77,3728.13,227.96,5.18,533.55,247.63,0,No Failure,149.3,67.9
M,4.57,3038.72,249.14,5.5,432.88,249.61,0,No Failure,158.4,71.1
L,9.98,2768.14,152.29,4.84,712.26,218.22,0,No Failure,153.5,69.4
H,9.63,3106.54,242.75,5.3,661.38,206.52,0,No Failure,182.1,79.5
M,15.42,4291.38,190.18,5.82,408.06,206.52,0,No Failure,154.7,69.8
H,8.47,3315.28,231.67,4.82,84.03,216.59,0,No Failure,181.5,79.3
L,,3665.95,219.71,4.96,596.23,234.77,0,No Failure,159.7,71.5
L,7.61,3533.12,223.98,4.56,304.78,181.92,0,No Failure,166.5,74.0
H,10.29,3774.79,219.05,5.81,466.34,200.16,0,No Failure,183.7,80.1
H,9.83,3495.49,202.39,4.47,740.08,223.04,0,No Failure,192.0,83.0
H,9.73,2439.02,185.35,6.0,349.62,202.47,0,No Failure,148.3,67.5
L,9.43,3529.32,242.11,3.86,684.96,74.15,0,No Failure,163.7,73.0
L,7.59,3515.19,219.68,4.37,877.88,210.89,0,No Failure,160.4,71.8
L,9.81,3135.08,168.77,4.76,305.6,187.12,0,No Failure,181.7,79.3
L,9.73,3271.86,182.99,,150.31,238.02,0,No Failure,144.6,66.2
M,8.59,3058.87,184.51,4.79,1.0,209.84,0,No Failure,164.5,73.2
L,9.56,2973.1,218.1,4.72,1.0,206.38,0,No Failure,185.0,80.5
L,9.78,3605.42,226.9,4.43,346.99,204.58,0,No Failure,208.9,89.0
H,10.92,3511.52,210.07,5.75,363.09,,0,No Failure,183.0,79.8
M,10.1,3879.66,208.83,4.85,842.74,185.71,0,No Failure,167.0,74.1
L,9.03,3598.05,214.33,4.19,439.46,170.33,0,No Failure,179.5,78.6
L,11.92,3492.79,229.64,4.53,424.2,205.06,0,No Failure,188.7,81.8
L,8.39,2991.21,209.73,5.16,319.32,252.44,0,No Failure,157.0,70.6
M,10.74,3215.69,174.86,5.21,550.58,232.3,0,No Failure,166.3,73.9
H,11.24,3721.18,203.8,5.96,759.35,187.89,0,No Failure,138.0,63.9
L,10.13,2786.99,232.18,4.85,183.28,215.59,0,No Failure,180.2,78.8
M,8.39,3802.63,192.78,5.01,285.32,224.78,0,No Failure,168.2,74.6
M,10.38,3424.18,224.3,4.9,82.09,193.25,0,No Failure,190.2,82.3
M,9.27,3636.69,231.54,4.63,368.72,209.63,0,No Failure,206.7,88.2
L,10.16,3938.34,200.5,4.03,226.05,265.13,0,No Failure,138.6,64.1
H,9.97,3919.08,201.96,5.22,365.4,181.16,0,No Failure,177.3,77.8
M,8.75,3160.53,178.41,4.91,644.65,217.48,0,No Failure,174.0,76.6
L,8.97,3619.28,229.86,5.61,286.66,209.2,0,No Failure,184.6,80.4
H,11.55,3338.71,216.56,5.64,616.19,,0,No Failure,177.6,77.9
M,9.96,2731.64,199.41,5.68,306.12,191.06,0,No Failure,162.9,72.7
L,10.03,3543.4,223.25,4.9,673.37,194.88,0,No Failure,197.4,84.9
M,7.98,3176.62,165.31,5.5,729.06,224.45,0,No Failure,134.1,62.5
L,9.61,3204.17,198.85,5.9,432.37,217.63,0,No Failure,191.5,82.8
L,,3271.29,255.27,5.41,395.36,203.78,0,No Failure,188.6,81.8
L,,3464.53,229.81,4.78,424.32,201.51,0,No Failure,218.4,92.3
H,9.59,3164.03,189.22,4.58,668.77,207.91,0,No Failure,191.4,82.8
L,8.9,,203.07,4.93,252.65,202.73,0,No Failure,196.3,84.5
L,10.5,3529.71,252.36,3.83,347.33,214.98,0,No Failure,176.8,77.6
M,9.32,3638.44,246.38,4.57,495.05,237.69,0,No Failure,178.9,78.4
L,10.47,3401.89,231.96,5.26,424.36,222.45,0,No Failure,203.3,87.0
M,10.2,3017.68,399.48,4.53,114.43,183.42,0,No Failure,167.4,74.3
L,10.32,3368.65,174.56,6.36,443.33,225.79,0,No Failure,165.6,73.6
L,10.13,3696.66,272.97,4.87,345.98,218.13,0,No Failure,181.9,79.4
L,9.73,3526.58,227.49,3.81,469.23,241.36,0,No Failure,182.0,79.5
L,10.95,3305.18,275.88,4.27,347.31,176.29,0,No Failure,150.2,68.2
L,9.47,3171.75,137.17,3.55,378.66,249.5,1,Torch Cooling Restriction,8.9,16.4
M,9.54,3446.63,178.14,4.54,474.39,262.27,0,No Failure,171.7,75.8
L,8.69,3486.6,218.05,5.62,908.83,192.84,0,No Failure,157.2,70.7
M,9.08,3647.24,190.55,5.21,805.2,205.24,0,No Failure,169.4,75.0
L,10.48,2985.9,180.95,4.2,378.7,243.93,0,No Failure,157.4,70.7
M,10.73,3807.28,189.58,3.38,626.07,203.79,0,No Failure,148.4,67.6
H,12.45,4128.46,268.67,4.73,423.17,220.55,0,No Failure,135.2,62.9
L,10.34,3082.57,203.48,4.34,589.07,,0,No Failure,190.5,82.5
H,9.31,3060.41,239.24,4.41,525.19,179.06,0,No Failure,170.5,75.4
M,9.92,3430.34,191.94,4.98,,208.25,0,No Failure,193.0,83.3
M,7.37,4196.72,237.24,4.57,650.09,212.62,0,No Failure,138.1,63.9
L,8.33,3260.39,275.33,5.19,365.19,219.07,0,No Failure,164.6,73.3
L,9.9,3188.84,202.73,4.1,301.33,214.18,0,No Failure,197.9,85.1
M,10.1,3688.38,196.89,4.25,340.87,239.67,0,No Failure,177.6,77.9
M,11.13,3531.09,190.75,4.04,-453.2,196.82,0,No Failure,166.4,73.9
L,11.02,3202.03,194.06,3.86,65.95,213.93,0,No Failure,157.1,70.6
M,12.84,3997.9,217.44,6.13,42.9,218.66,0,No Failure,110.0,54.0
L,10.61,2837.97,191.02,5.19,438.88,233.22,0,No Failure,167.6,74.3
M,10.4,3538.35,194.98,5.24,1030.93,172.2,0,No Failure,140.2,64.7
H,11.08,3348.15,203.44,5.55,234.62,225.39,0,No Failure,174.8,76.9
L,9.1,3905.05,198.15,3.84,431.97,235.53,0,No Failure,161.8,72.3
H,10.97,3443.52,236.6,4.55,390.58,193.69,0,No Failure,192.1,83.1
M,10.03,3606.64,282.47,5.27,359.48,153.64,0,No Failure,142.4,65.5
M,9.47,3315.93,249.13,5.22,97.38,213.48,0,No Failure,181.8,79.4
L,9.2,3689.71,193.56,4.42,248.38,266.77,0,No Failure,150.9,68.4
M,10.0,3568.51,232.31,3.68,762.36,203.25,0,No Failure,170.0,75.2
L,10.39,3558.33,309.57,4.94,532.53,229.84,0,No Failure,153.8,69.5
H,12.19,3416.56,203.76,4.63,410.26,214.57,0,No Failure,191.6,82.8
L,11.23,3941.12,200.99,3.56,627.7,201.5,0,No Failure,143.5,65.8
M,9.07,4107.34,235.97,3.87,608.35,222.51,0,No Failure,148.3,67.5
M,11.63,3279.31,210.74,5.1,297.63,212.11,0,No Failure,190.1,82.3
L,11.23,3728.92,178.59,4.98,198.54,194.98,0,No Failure,158.4,71.1
H,9.6,2959.49,231.97,5.53,496.2,201.52,0,No Failure,183.8,80.1
M,9.31,3607.95,275.01,5.91,300.01,176.43,0,No Failure,140.0,64.6
H,9.58,3159.82,175.87,6.1,218.61,184.49,0,No Failure,148.9,67.7
L,,3308.02,217.15,1.08,206.54,250.19,0,No Failure,177.6,77.9
L,8.67,3276.65,175.84,4.68,900.45,217.11,0,No Failure,159.4,71.5
L,9.65,3731.22,264.31,3.42,386.62,243.43,1,Torch Cooling Restriction,6.2,21.4
L,8.68,3949.65,266.52,4.81,245.49,258.22,0,No Failure,130.7,61.3
L,8.57,3605.64,243.06,3.91,582.65,214.75,0,No Failure,166.5,74.0
M,8.25,,221.2,3.12,81.01,241.11,1,Torch Cooling Restriction,7.4,13.0
L,12.35,2899.43,170.52,5.22,352.08,176.24,1,Weld Expulsion & Splash,8.5,13.8
M,9.66,3576.25,225.73,4.98,393.72,200.78,0,No Failure,213.3,90.5
M,10.38,3674.81,259.79,4.68,174.68,185.07,0,No Failure,162.1,72.4
L,4.08,2732.09,182.39,4.38,293.72,241.34,0,No Failure,145.2,66.4
H,9.55,3006.15,193.09,4.38,238.02,227.48,0,No Failure,176.1,77.4
H,10.33,3535.64,171.62,5.47,228.04,225.41,0,No Failure,167.5,74.3
L,7.64,3329.57,229.09,4.91,919.32,198.71,0,No Failure,155.5,70.1
L,8.97,2981.92,221.45,5.19,504.39,220.14,0,No Failure,186.4,81.0
M,10.25,3170.67,250.69,4.72,483.22,209.02,0,No Failure,199.5,85.7
H,9.56,3378.66,208.34,4.19,496.18,177.5,0,No Failure,192.6,83.2
L,9.25,3804.48,194.65,4.08,247.14,216.17,0,No Failure,173.8,76.6
M,12.29,3429.12,234.28,5.13,342.61,212.06,0,No Failure,179.2,78.5
M,9.3,3242.27,250.75,0.81,148.76,189.13,0,No Failure,175.1,77.0
L,10.99,3030.5,201.16,6.55,449.31,185.47,0,No Failure,144.6,66.2
M,9.73,2886.84,189.9,6.05,801.11,206.12,0,No Failure,150.2,68.2
L,10.15,4107.93,228.4,5.31,218.02,233.81,0,No Failure,158.0,71.0
M,8.02,3143.56,376.49,4.16,768.83,257.82,0,No Failure,129.1,60.7
L,8.75,3327.52,210.41,4.36,1.0,255.39,0,No Failure,151.9,68.8
M,9.12,3121.3,172.57,4.06,90.69,245.73,0,No Failure,135.6,63.0
M,6.2,3610.88,218.86,4.45,70.05,171.08,0,No Failure,124.4,59.1
M,9.79,3257.7,214.21,5.18,569.6,184.27,0,No Failure,198.3,85.2
L,10.81,2967.86,237.45,5.64,254.98,187.47,0,No Failure,151.8,68.8
L,9.35,3188.19,258.47,5.5,380.97,211.54,0,No Failure,184.3,80.3
L,11.78,3461.58,249.91,4.36,11.76,250.88,0,No Failure,127.3,60.1
L,8.86,3464.51,223.71,3.56,286.98,242.95,1,Torch Cooling Restriction,11.8,27.3
H,9.57,3198.53,159.67,5.22,81.51,241.72,0,No Failure,147.8,67.3
H,10.52,3931.42,184.0,5.36,140.37,201.36,0,No Failure,155.3,70.0
L,8.94,3562.26,244.81,4.22,444.03,218.83,0,No Failure,185.9,80.9
M,10.26,3789.37,248.47,5.17,35.65,147.44,0,No Failure,124.9,59.2
M,10.46,3442.18,191.3,5.12,717.86,191.88,0,No Failure,177.9,78.0
L,12.1,3448.56,193.76,5.85,383.13,195.59,0,No Failure,159.4,71.5
M,8.73,2532.05,192.73,5.23,673.28,173.22,0,No Failure,126.2,59.7
L,8.88,3762.56,244.92,,205.31,213.4,0,No Failure,173.8,76.6
H,9.15,3622.37,236.37,4.42,388.82,197.04,0,No Failure,191.7,82.9
M,10.53,3206.13,209.84,4.86,1.0,201.82,0,No Failure,184.0,80.1
L,8.89,3165.52,240.96,5.31,518.13,244.76,0,No Failure,163.2,72.8
L,10.29,4084.02,206.83,4.86,534.2,182.13,0,No Failure,172.5,76.1
L,10.07,3725.94,201.57,3.28,298.01,215.32,0,No Failure,171.6,75.8
M,10.56,3481.72,205.02,4.64,191.88,230.07,0,No Failure,188.4,81.7
L,9.07,3706.96,209.37,5.76,586.45,226.34,0,No Failure,171.2,75.6
M,9.13,3524.14,201.36,5.16,512.44,208.94,0,No Failure,203.7,87.2
L,9.69,,206.53,3.6,197.73,184.45,0,No Failure,170.7,75.5
L,10.13,3731.47,260.38,5.17,495.35,242.08,0,No Failure,164.3,73.2
L,9.74,3584.43,192.72,4.23,198.39,213.09,0,No Failure,191.2,82.7
M,8.72,2639.54,188.08,3.67,134.0,204.3,0,No Failure,132.0,61.7
M,8.15,3602.58,199.25,3.86,354.51,186.07,0,No Failure,159.2,71.4
L,9.62,3726.15,209.65,4.53,574.48,216.7,0,No Failure,200.4,86.0
H,8.02,3563.93,318.04,5.48,287.37,217.63,0,No Failure,130.7,61.3
H,11.34,3776.04,202.58,6.57,638.04,196.01,0,No Failure,132.9,62.1
M,12.21,3189.26,223.45,4.08,722.06,190.44,0,No Failure,143.3,65.8
L,10.08,3418.37,243.55,5.55,299.75,256.86,0,No Failure,165.6,73.7
M,8.93,1526.37,217.23,5.26,542.39,196.6,0,No Failure,195.1,84.1
L,10.67,3379.04,178.24,3.73,441.92,224.69,0,No Failure,174.0,76.6
M,9.07,3553.09,163.81,5.09,129.93,195.88,0,No Failure,162.4,72.5
M,9.11,3378.57,194.03,4.8,282.62,172.7,0,No Failure,184.5,80.4
L,10.16,3989.56,175.46,4.67,1.0,220.39,0,No Failure,152.5,69.0
H,10.11,3221.75,164.91,6.65,533.18,223.26,0,No Failure,147.1,67.1
M,9.94,3464.8,210.18,4.87,375.09,197.23,0,No Failure,220.0,92.9
M,10.07,3054.02,244.76,5.31,453.17,164.57,0,No Failure,163.1,72.8
L,7.65,2934.61,234.55,4.49,679.03,206.65,0,No Failure,153.3,69.3
M,11.22,3040.12,177.52,3.54,573.61,216.59,1,Weld Expulsion & Splash,9.1,20.9
L,11.11,2909.2,245.26,5.61,483.98,202.6,0,No Failure,158.5,71.2
L,10.62,3287.72,202.82,5.07,475.15,226.75,0,No Failure,196.6,84.6
M,7.76,2860.19,199.05,4.68,106.82,193.34,0,No Failure,145.2,66.4
L,8.85,3715.16,258.56,5.84,542.96,247.53,0,No Failure,135.6,63.0
M,11.54,3315.96,225.23,5.27,541.65,235.38,0,No Failure,171.1,75.6
L,10.58,3451.55,182.83,4.63,616.09,247.22,0,No Failure,168.9,74.8
L,10.52,3293.26,206.86,4.9,376.31,217.19,0,No Failure,211.2,89.8
L,9.9,3849.57,175.46,4.81,306.49,218.88,0,No Failure,186.0,80.9
M,11.48,3646.96,241.78,4.9,122.42,225.22,0,No Failure,159.7,71.6
H,11.94,3433.37,202.03,4.63,288.71,194.02,0,No Failure,177.8,78.0
L,11.18,3441.29,198.87,4.16,750.12,224.97,0,No Failure,164.5,73.3
M,9.17,2359.18,212.15,5.8,359.7,216.56,0,No Failure,155.8,70.2
M,10.15,4217.98,191.56,4.0,534.23,240.37,0,No Failure,143.8,65.9
M,9.1,3150.77,200.52,5.56,,178.36,0,No Failure,151.6,68.7
L,8.47,3214.57,187.1,,592.97,199.59,0,No Failure,174.2,76.7
M,10.18,3394.13,181.44,4.57,432.42,205.94,0,No Failure,209.0,89.0
M,7.97,3964.77,221.62,4.63,178.96,184.76,0,No Failure,149.8,68.1
L,9.97,3444.6,194.18,4.85,491.63,178.1,0,No Failure,198.3,85.2
H,9.67,3312.31,228.64,5.77,511.43,256.04,0,No Failure,170.1,75.2
H,9.79,3123.24,285.6,5.5,483.1,203.01,0,No Failure,169.2,74.9
L,9.38,3280.2,175.31,4.53,99.17,168.45,0,No Failure,154.1,69.6
L,10.25,3973.93,245.24,5.05,1.0,210.71,0,No Failure,160.4,71.8
M,10.55,4052.7,230.64,4.12,218.74,193.37,0,No Failure,154.8,69.8
M,8.45,3125.99,219.68,4.47,364.82,206.06,0,No Failure,193.1,83.4
L,9.24,3488.24,208.52,3.22,702.6,183.21,0,No Failure,154.4,69.7
L,,3532.59,162.66,4.93,334.47,211.89,0,No Failure,182.9,79.8
H,10.33,3009.27,178.55,4.2,409.7,187.49,0,No Failure,169.2,74.9
H,11.06,3691.75,210.38,4.99,761.69,201.6,0,No Failure,174.6,76.8
L,10.96,3371.6,259.08,4.48,270.61,203.54,0,No Failure,178.8,78.3
H,9.28,3313.53,192.62,4.87,52.21,218.62,0,No Failure,185.9,80.8
M,8.39,3192.16,216.95,5.65,525.02,193.72,0,No Failure,173.8,76.6
M,10.12,3113.87,216.97,4.5,553.38,260.72,0,No Failure,173.2,76.3
M,10.15,2930.14,266.68,4.01,709.13,232.62,0,No Failure,138.2,63.9
H,11.27,3699.67,195.77,5.81,591.71,190.43,0,No Failure,150.3,68.2
L,12.09,3429.09,207.64,4.35,148.37,186.68,0,No Failure,158.5,71.1
L,7.71,3415.87,231.91,5.66,643.98,247.29,0,No Failure,142.2,65.4
H,9.22,3519.95,170.19,5.62,242.78,200.51,0,No Failure,168.4,74.6
M,9.51,3009.45,251.54,7.97,380.04,235.36,0,No Failure,175.7,77.2
H,8.18,3188.21,250.75,4.83,501.57,206.37,0,No Failure,181.2,79.2
M,11.18,3675.7,139.33,6.18,1.0,190.12,0,No Failure,99.8,50.3
L,8.9,3097.39,246.96,5.08,313.66,204.51,0,No Failure,181.6,79.3
H,9.91,2803.3,268.62,4.29,615.69,197.93,0,No Failure,154.6,69.7
L,10.05,3693.02,192.29,5.76,1.0,233.25,0,No Failure,148.7,67.7
H,9.25,3529.26,211.71,4.53,231.1,225.52,0,No Failure,196.1,84.5
M,10.06,3191.03,221.83,5.99,537.35,186.68,0,No Failure,175.2,77.1
L,9.44,2867.33,195.73,4.62,426.12,209.18,0,No Failure,197.9,85.1
L,8.44,2548.68,183.25,3.85,549.81,186.26,0,No Failure,123.8,58.9
L,10.41,2916.28,203.37,5.25,280.8,176.79,0,No Failure,163.9,73.0
H,10.15,3813.75,202.93,4.08,562.9,195.52,0,No Failure,176.8,77.6
L,10.56,3610.05,232.33,5.67,546.52,227.4,0,No Failure,173.0,76.3
L,9.17,3422.65,244.36,4.92,232.5,182.86,0,No Failure,182.0,79.5
M,11.71,2100.0,233.12,4.62,336.31,180.43,1,Weld Expulsion & Splash,11.7,14.6
L,9.84,3779.26,216.57,4.98,526.54,197.61,0,No Failure,203.4,87.0
M,9.23,3681.89,147.8,4.29,643.97,196.39,0,No Failure,151.3,68.6
M,10.02,3675.64,165.13,5.64,317.66,186.24,0,No Failure,159.7,71.6
M,9.78,3344.68,238.25,6.24,366.35,203.35,0,No Failure,187.1,81.3
M,11.04,3064.06,,4.71,397.55,243.31,0,No Failure,175.2,77.1
M,8.0,3555.98,207.22,4.17,44.65,219.44,0,No Failure,158.7,71.2
L,8.72,3168.07,220.43,4.84,537.68,187.89,0,No Failure,188.2,81.7
H,2.62,3584.93,210.06,5.81,228.21,235.41,0,No Failure,152.5,69.0
H,9.98,,242.5,1.52,438.15,200.5,0,No Failure,205.0,87.6
M,10.5,3074.44,222.39,4.84,367.28,224.07,0,No Failure,198.7,85.4
L,10.84,3076.39,191.07,3.7,428.25,210.66,0,No Failure,174.8,76.9
H,10.83,2979.05,173.53,5.11,767.19,244.48,0,No Failure,133.7,62.4
M,8.67,3737.2,57.98,3.66,352.88,217.94,0,No Failure,164.2,73.1
H,9.88,3006.11,157.64,4.48,480.78,237.93,0,No Failure,164.0,73.1
L,10.72,3200.92,186.15,4.92,568.52,219.86,0,No Failure,184.9,80.5
L,11.89,3090.04,178.98,3.45,589.34,189.93,1,Weld Expulsion & Splash,13.6,14.3
M,11.18,2380.32,251.6,4.03,270.65,238.4,0,No Failure,113.3,55.1
H,10.1,3441.77,207.96,5.29,582.5,251.8,0,No Failure,181.1,79.1
L,9.86,3551.56,195.98,4.67,802.68,200.17,0,No Failure,188.4,81.7
L,10.88,2963.21,212.97,5.1,273.0,215.37,0,No Failure,185.0,80.5
M,11.86,3802.57,187.25,5.15,186.82,228.68,0,No Failure,143.8,65.9
L,8.06,3862.05,222.63,5.54,233.89,190.03,0,No Failure,149.9,68.1
L,9.02,3093.15,206.46,4.78,226.16,177.37,0,No Failure,176.3,77.4
L,9.86,3943.06,142.14,4.99,669.26,209.41,0,No Failure,158.8,71.2
M,10.98,3320.73,227.56,5.41,484.37,209.91,0,No Failure,195.8,84.3
L,9.21,3744.84,214.74,3.82,423.31,194.3,0,No Failure,185.2,80.6
M,10.75,3299.85,213.27,8.85,449.95,203.82,0,No Failure,211.5,89.9
H,8.58,3529.65,243.65,4.87,1.0,,0,No Failure,151.7,68.7
L,,3587.52,210.12,3.85,102.48,49.98,0,No Failure,156.4,70.4
L,8.93,3567.9,205.24,4.84,764.19,236.08,0,No Failure,174.2,76.7
L,10.47,3066.45,201.41,4.89,80.01,250.86,0,No Failure,157.6,70.8
M,8.73,2774.21,165.17,4.85,667.67,155.53,0,No Failure,119.2,57.2
H,10.43,3417.71,245.55,3.68,786.18,246.84,1,Torch Cooling Restriction,13.9,20.3
L,11.59,3426.14,251.53,5.44,412.37,200.65,0,No Failure,174.2,76.7
L,9.81,3506.99,271.57,5.59,414.98,181.67,0,No Failure,171.0,75.6
L,10.85,3911.3,268.25,5.02,24.06,193.8,0,No Failure,134.8,62.7
M,10.6,3284.87,174.67,4.19,324.66,195.81,0,No Failure,174.6,76.8
M,8.42,2425.67,161.3,3.77,899.82,202.6,0,No Failure,93.2,48.0
L,10.18,2931.96,222.21,4.77,413.06,236.7,0,No Failure,192.2,83.1
L,9.6,3823.37,191.95,5.86,683.61,226.34,0,No Failure,156.7,70.5
M,10.33,3731.25,214.05,5.77,672.62,201.86,0,No Failure,174.9,76.9
H,10.42,3227.84,196.3,5.56,166.26,254.7,0,No Failure,151.3,68.6
L,8.75,3055.79,,3.79,968.66,251.05,0,No Failure,122.6,58.4
M,10.16,3082.97,220.71,6.33,693.95,221.9,0,No Failure,159.7,71.5
M,9.44,3193.03,215.37,3.95,464.38,213.09,0,No Failure,202.7,86.8
M,10.77,3512.92,186.94,4.64,208.15,226.61,0,No Failure,178.6,78.2
H,8.73,3802.91,200.63,5.1,202.06,221.3,0,No Failure,171.8,75.8
L,11.36,3683.61,203.96,6.42,235.12,208.03,0,No Failure,151.5,68.7
M,9.0,3108.17,193.37,5.69,79.66,229.29,0,No Failure,150.7,68.4
L,10.03,3093.65,254.8,5.67,600.69,244.56,0,No Failure,150.2,68.2
M,10.58,3331.65,192.46,5.79,386.47,255.19,0,No Failure,160.9,72.0
H,9.71,3513.2,240.24,4.17,522.16,221.04,0,No Failure,193.7,83.6
M,3.97,2935.67,200.91,4.84,506.05,191.85,0,No Failure,183.6,80.0
L,8.56,3167.52,201.38,,168.69,155.74,0,No Failure,125.9,59.6
L,7.98,2919.15,254.5,4.85,195.6,198.7,0,No Failure,150.0,68.1
L,10.97,3217.73,172.07,3.62,276.13,215.33,0,No Failure,155.5,70.1
L,8.55,3201.15,250.19,5.09,514.87,187.56,0,No Failure,168.4,74.6
L,9.23,3364.99,259.13,5.29,494.91,235.97,0,No Failure,175.3,77.1
H,10.52,3839.64,214.58,4.26,273.71,,0,No Failure,183.8,80.1
L,7.51,3278.95,151.33,5.19,608.73,213.45,0,No Failure,146.6,66.9
L,9.81,3133.53,208.41,5.45,1.0,257.97,0,No Failure,151.5,68.6
M,9.51,3879.17,252.07,4.61,594.73,169.6,0,No Failure,154.5,69.7
L,10.87,3472.41,262.23,4.27,544.45,222.52,0,No Failure,169.8,75.1
M,9.46,3026.09,185.24,5.49,66.48,206.25,0,No Failure,163.6,72.9
H,11.51,3037.16,202.66,5.06,409.35,188.65,1,Weld Expulsion & Splash,6.8,31.3
H,9.28,2979.33,90.22,3.85,705.54,216.59,0,No Failure,152.2,68.9
M,10.95,3682.31,217.45,4.61,391.7,224.99,0,No Failure,194.1,83.8
M,10.33,3754.07,155.77,4.28,-747.48,258.64,0,No Failure,139.4,64.4
L,7.88,3153.09,234.7,4.9,381.53,205.89,0,No Failure,184.4,80.3
M,9.33,3395.84,240.11,5.43,174.35,183.63,0,No Failure,173.1,76.3
L,7.63,3866.0,213.46,3.66,344.7,160.58,0,No Failure,125.9,59.6
L,10.85,,239.39,4.34,342.76,213.27,0,No Failure,182.8,79.7
L,9.7,6252.08,,3.46,410.08,229.74,0,No Failure,159.6,71.5
L,12.1,2945.78,211.39,4.26,227.33,195.24,1,Weld Expulsion & Splash,2.2,23.6
L,8.16,3787.61,194.97,4.55,785.13,185.09,0,No Failure,143.4,65.8
L,10.31,3741.09,189.94,4.86,430.26,219.58,0,No Failure,197.3,84.9
L,9.1,3208.98,396.7,4.3,334.51,289.44,0,No Failure,148.8,67.7
L,10.21,3367.43,212.29,4.09,595.0,178.99,0,No Failure,183.8,80.1
L,,3277.83,181.45,6.28,560.1,211.23,0,No Failure,172.7,76.2
H,9.63,3580.83,222.28,2.73,820.99,225.25,0,No Failure,145.3,66.4
L,10.47,2831.25,177.63,4.6,684.41,208.79,0,No Failure,165.0,73.4
L,10.37,3992.6,238.81,4.56,286.38,205.71,0,No Failure,177.9,78.0
L,8.12,3644.0,190.09,5.01,960.04,220.21,0,No Failure,145.6,66.6
L,10.15,3614.88,262.3,5.76,33.77,216.94,0,No Failure,151.3,68.6
L,9.21,3275.71,255.97,,161.76,227.2,0,No Failure,167.7,74.4
H,10.64,3419.33,224.13,5.72,906.56,171.89,0,No Failure,144.9,66.3
L,9.55,3626.84,240.32,4.11,564.97,237.66,0,No Failure,171.4,75.7
L,10.48,3418.11,204.15,4.27,179.3,223.65,0,No Failure,187.5,81.4
L,11.53,2961.43,203.17,5.56,191.59,205.23,1,Weld Expulsion & Splash,3.7,25.2
L,7.56,3184.13,190.16,5.33,350.97,207.83,0,No Failure,168.6,74.7
H,9.07,3876.94,206.77,4.8,-796.81,207.4,0,No Failure,200.3,85.9
L,11.01,3323.09,229.87,3.36,352.02,166.02,0,No Failure,147.1,67.1
H,8.52,3751.88,179.63,5.21,478.28,232.99,0,No Failure,160.9,72.0
L,11.05,3805.17,155.94,4.86,87.87,214.09,0,No Failure,149.1,67.8
L,8.52,3279.34,298.65,3.98,,188.17,0,No Failure,131.6,61.6
M,9.28,3712.52,252.4,4.59,1.0,250.9,0,No Failure,140.8,64.9
H,8.45,3570.62,228.63,5.52,579.93,209.82,0,No Failure,180.3,78.9
L,9.03,3458.83,169.25,5.66,634.82,240.71,0,No Failure,150.4,68.3
L,11.04,3612.25,250.91,5.02,588.25,225.85,0,No Failure,168.8,74.8
H,11.27,3134.75,222.9,5.78,74.2,217.26,0,No Failure,154.6,69.8
M,10.21,4151.94,283.1,5.36,26.17,174.82,0,No Failure,106.8,52.8
L,10.43,3677.15,231.79,5.31,614.31,223.23,0,No Failure,178.0,78.1
H,8.95,2896.92,,5.36,428.39,242.25,0,No Failure,149.5,67.9
M,9.0,2951.94,249.96,4.78,181.94,238.85,0,No Failure,156.4,70.4
L,9.15,3565.49,214.77,4.6,166.4,178.75,0,No Failure,181.4,79.3
L,6.8,3274.07,241.32,4.23,240.86,209.73,0,No Failure,153.6,69.4
L,9.9,2552.65,212.04,5.29,703.7,241.23,0,No Failure,151.3,68.6
L,9.73,3550.1,210.18,5.48,510.47,213.4,0,No Failure,207.5,88.5
H,10.1,3848.47,300.36,4.85,583.0,266.65,0,No Failure,124.3,59.0
L,8.46,2971.07,256.85,4.93,179.08,233.57,0,No Failure,146.9,67.0
M,8.52,3764.7,148.26,6.09,554.57,195.06,0,No Failure,126.2,59.7
L,9.57,3306.23,213.2,5.87,227.76,201.89,0,No Failure,190.8,82.6
M,10.63,2628.45,273.77,5.55,312.32,183.28,0,No Failure,125.0,59.3
L,9.27,3673.42,233.14,4.98,468.07,217.3,0,No Failure,199.9,85.8
L,11.89,2342.2,198.24,3.07,158.42,177.9,1,Weld Expulsion & Splash,2.7,0.0
L,10.36,4217.97,237.6,5.52,326.2,212.74,0,No Failure,162.8,72.6
L,10.98,3449.29,240.36,3.14,326.38,233.14,0,No Failure,151.1,68.5
L,10.48,3396.58,221.93,5.43,124.08,233.77,0,No Failure,177.6,77.9
L,10.83,3264.95,249.8,4.84,601.22,184.65,0,No Failure,172.0,75.9
M,10.4,3509.54,206.14,3.98,773.6,186.16,0,No Failure,165.4,73.6
M,8.81,4414.89,275.49,5.2,1.0,222.37,0,No Failure,107.9,53.2
L,6.82,3808.62,260.38,3.99,308.02,177.64,0,No Failure,110.5,54.1
H,9.52,4540.83,206.16,6.56,480.19,213.56,0,No Failure,139.5,64.4
H,9.37,3265.58,200.77,4.07,364.75,232.83,0,No Failure,186.4,81.0
M,8.64,3648.37,241.3,4.48,170.33,218.4,0,No Failure,170.5,75.4
L,10.47,2994.74,191.43,5.12,296.32,168.38,0,No Failure,158.6,71.2
L,9.18,3822.16,175.02,5.02,485.03,219.13,0,No Failure,178.1,78.1
H,9.98,3515.87,194.89,4.79,319.43,221.27,0,No Failure,208.0,88.7
L,9.1,3093.01,246.33,5.34,99.63,223.69,0,No Failure,159.2,71.4
H,9.45,3139.16,249.24,4.14,330.94,233.57,0,No Failure,171.1,75.6
L,10.2,3755.03,179.28,5.39,234.87,247.82,0,No Failure,151.2,68.6
L,9.11,3404.51,233.55,4.46,863.12,174.18,0,No Failure,159.8,71.6
L,,3494.05,168.66,4.89,264.58,178.46,0,No Failure,162.9,72.7
L,9.55,3264.01,205.99,3.81,701.17,211.12,0,No Failure,185.4,80.7
H,10.31,3238.08,248.08,5.44,479.74,177.96,0,No Failure,170.3,75.3
M,8.86,3511.57,205.1,4.72,723.11,206.79,0,No Failure,192.6,83.2
M,11.08,3534.14,227.0,2.97,448.9,225.66,0,No Failure,158.4,71.1
M,8.22,3297.41,216.95,6.08,152.65,218.94,0,No Failure,160.7,71.9
L,9.97,4095.82,209.95,4.54,375.22,225.92,0,No Failure,186.5,81.0
L,10.09,3334.52,233.12,4.44,332.54,222.32,0,No Failure,202.2,86.6
M,10.36,3963.76,201.4,3.67,662.28,255.5,1,Torch Cooling Restriction,12.9,16.3
H,8.51,4118.01,258.51,4.21,521.66,186.69,0,No Failure,134.4,62.6
L,11.22,2772.31,199.98,3.37,26.11,197.44,1,Weld Expulsion & Splash,9.3,12.6
M,10.52,3457.23,180.13,4.76,341.26,181.22,0,No Failure,184.4,80.3
M,9.82,4045.46,191.12,5.52,150.32,211.84,0,No Failure,165.9,73.8
M,9.22,3588.84,223.92,4.75,740.5,197.12,0,No Failure,188.1,81.6
H,8.15,4504.06,252.75,3.63,415.18,230.57,0,No Failure,111.8,54.6
H,10.9,2980.14,194.26,3.85,526.29,209.74,0,No Failure,168.4,74.6
L,10.61,2973.65,219.77,5.96,436.41,203.59,0,No Failure,177.8,78.0
L,11.53,,215.33,5.04,325.67,188.05,0,No Failure,173.9,76.6
H,11.8,3275.71,189.87,4.12,764.48,201.91,0,No Failure,150.3,68.2
L,8.62,3383.72,212.65,5.11,544.29,241.69,0,No Failure,184.9,80.5
H,11.73,3826.48,202.35,4.86,697.73,200.39,0,No Failure,161.4,72.1
M,8.58,3338.17,228.26,4.53,496.74,222.14,0,No Failure,194.0,83.7
H,9.0,2846.49,262.15,5.17,472.67,216.32,0,No Failure,165.8,73.7
L,9.07,3399.88,246.99,5.36,118.69,261.37,0,No Failure,147.0,67.1
M,9.34,3260.94,170.78,4.44,198.8,196.69,0,No Failure,174.0,76.6
H,9.08,3703.85,268.28,4.34,677.31,228.61,0,No Failure,150.7,68.4
L,10.35,3585.12,216.52,5.6,485.1,208.45,0,No Failure,201.1,86.2
L,11.11,3480.04,223.42,4.49,546.17,202.32,0,No Failure,193.2,83.4
M,12.31,3020.73,148.15,4.11,555.54,176.9,1,Weld Expulsion & Splash,13.3,8.4
M,10.81,3279.96,265.93,4.86,611.41,209.63,0,No Failure,180.5,78.9
M,7.95,3527.76,202.22,4.04,784.36,240.18,0,No Failure,140.7,64.8
M,9.62,3380.2,236.2,3.78,-101.54,287.51,0,No Failure,143.9,66.0
H,9.94,3607.22,263.27,4.68,602.21,198.76,0,No Failure,182.8,79.7
M,8.51,3441.34,221.94,5.55,273.85,209.81,0,No Failure,190.1,82.3
L,11.04,3319.35,210.31,4.51,1.0,221.25,0,No Failure,174.6,76.8
L,10.29,2954.19,175.57,4.55,942.79,223.83,0,No Failure,144.9,66.3
L,10.04,3968.14,230.57,5.18,448.1,223.8,0,No Failure,185.8,80.8
L,9.77,3608.71,169.51,4.48,527.58,202.62,0,No Failure,189.0,81.9
M,7.27,3203.32,189.43,3.64,678.34,218.66,0,No Failure,134.3,62.6
L,9.06,3349.08,229.64,5.14,628.94,183.68,0,No Failure,181.2,79.2
H,8.7,3294.5,218.37,4.5,734.89,240.87,0,No Failure,169.7,75.1
L,9.72,3536.74,242.54,4.06,232.29,199.5,0,No Failure,184.0,80.2
M,10.26,4095.94,235.66,5.33,233.33,204.59,0,No Failure,166.3,73.9
M,10.33,3126.53,250.91,3.92,306.87,199.69,0,No Failure,169.6,75.1
M,9.98,3477.21,230.94,4.75,516.85,217.36,0,No Failure,213.6,90.6
L,10.66,3717.88,180.25,5.79,429.95,196.97,0,No Failure,166.2,73.9
H,9.62,2765.61,185.05,5.72,589.38,224.08,0,No Failure,155.3,70.0
L,11.77,3349.67,261.71,5.78,930.2,208.28,1,Electrode Cap Mushrooming,2.1,16.0
M,6.96,3339.66,32.64,4.21,265.92,229.52,0,No Failure,146.4,66.9
M,11.23,3454.12,231.74,4.34,545.34,207.98,0,No Failure,189.0,82.0
H,8.23,2424.07,220.37,5.16,75.84,181.68,0,No Failure,123.9,58.9
M,9.59,3140.8,223.9,5.82,315.83,218.31,0,No Failure,187.2,81.3
H,10.47,2849.79,287.96,8.37,259.06,230.38,0,No Failure,140.0,64.6
L,9.25,3659.0,207.42,5.97,310.51,241.89,0,No Failure,163.7,73.0
H,8.96,3373.08,271.02,4.44,409.16,200.42,0,No Failure,183.7,80.1
M,6.78,3391.15,223.1,4.55,464.96,184.7,0,No Failure,166.3,73.9
M,7.9,3405.95,207.91,3.05,562.56,220.33,0,No Failure,154.7,69.8
L,9.8,3456.55,200.46,4.28,520.71,216.19,0,No Failure,208.3,88.8
L,10.48,3418.96,260.13,5.15,154.77,183.77,0,No Failure,164.1,73.1
L,9.47,3379.11,176.1,3.74,1.0,248.38,0,No Failure,138.7,64.1
L,13.32,2921.41,244.59,5.26,482.54,193.26,1,Weld Expulsion & Splash,4.8,16.7
H,11.28,3179.33,246.33,5.47,324.79,203.38,0,No Failure,168.6,74.7
L,10.14,3684.45,201.9,5.69,368.77,208.96,0,No Failure,193.4,83.5
H,14.96,4130.05,197.48,4.94,347.37,226.7,0,No Failure,176.5,77.5
M,8.32,3813.63,225.14,4.36,-1100.14,201.39,0,No Failure,162.0,72.4
L,9.41,3324.14,152.78,4.54,363.26,214.72,0,No Failure,187.4,81.4
L,8.9,3415.3,,4.82,445.96,220.18,0,No Failure,208.0,88.7
L,10.28,3429.83,213.7,5.24,56.09,226.35,0,No Failure,186.7,81.1
L,10.55,3090.59,241.49,4.63,424.5,214.37,0,No Failure,195.9,84.4
L,10.49,3282.72,265.37,4.36,204.76,221.45,0,No Failure,168.5,74.7
M,8.69,3466.48,273.09,4.49,229.98,183.4,0,No Failure,155.0,69.9
M,10.5,3006.75,211.7,4.27,368.08,206.3,0,No Failure,194.5,83.9
M,9.84,3849.75,136.59,5.15,788.7,211.56,0,No Failure,148.1,67.5
M,11.89,3115.26,250.29,4.22,-215.69,244.88,1,Electrode Cap Mushrooming,5.1,5.1
M,11.33,3979.31,250.37,4.42,436.53,195.32,0,No Failure,156.7,70.5
L,8.69,2803.09,205.08,4.44,579.23,235.52,0,No Failure,158.5,71.1
M,10.21,3805.47,221.86,4.84,177.65,182.54,0,No Failure,178.2,78.1
H,9.92,3385.02,239.82,5.31,247.86,182.97,0,No Failure,184.9,80.5
H,8.51,3736.6,209.33,4.06,570.69,229.53,0,No Failure,165.3,73.6
L,10.55,3395.04,143.91,3.91,629.16,241.57,0,No Failure,139.3,64.4
M,10.65,3797.62,179.01,4.41,397.13,215.18,0,No Failure,179.7,78.6
H,9.52,2698.27,214.57,4.7,411.55,209.35,0,No Failure,203.0,86.9
L,9.43,3498.14,221.73,3.81,204.13,237.93,0,No Failure,172.9,76.2
L,8.55,3365.55,243.2,4.82,654.44,177.06,0,No Failure,168.4,74.6
H,10.28,3688.99,206.99,4.52,578.13,202.46,0,No Failure,195.3,84.2
M,8.89,3258.55,233.83,3.84,184.34,204.37,0,No Failure,171.5,75.7
L,9.33,2952.67,253.7,4.11,164.58,186.38,0,No Failure,147.4,67.2
L,10.6,3691.34,234.21,5.3,827.22,211.41,0,No Failure,167.7,74.4
L,9.57,3561.76,248.09,5.63,1282.68,209.6,0,No Failure,167.3,74.3
L,9.86,3637.58,197.13,4.27,527.97,209.12,0,No Failure,201.2,86.3
M,6.26,3797.45,244.25,4.16,138.95,174.08,0,No Failure,104.3,51.9
L,9.61,3746.31,202.77,4.61,1934.07,204.21,0,No Failure,178.6,78.2
M,11.28,3769.5,178.12,6.54,1.0,196.57,0,No Failure,110.5,54.1
L,9.08,3371.19,238.01,4.74,636.66,201.14,0,No Failure,195.2,84.1
L,9.77,3208.71,213.29,3.88,533.44,226.78,0,No Failure,192.2,83.1
L,10.91,3384.98,231.84,5.15,472.28,213.35,0,No Failure,201.7,86.4
H,8.49,3212.66,174.05,4.88,147.69,221.22,0,No Failure,165.2,73.5
M,9.98,3687.44,195.17,5.44,666.79,,0,No Failure,181.1,79.1
H,11.26,3252.42,205.47,4.97,398.07,229.98,0,No Failure,189.5,82.1
L,,3461.84,199.02,4.97,134.94,215.06,0,No Failure,192.7,83.3
M,8.83,2758.58,250.54,4.39,198.7,210.92,0,No Failure,157.0,70.6
L,9.2,3164.69,184.48,3.46,219.85,226.09,0,No Failure,153.5,69.4
L,9.78,3486.52,158.35,5.56,677.88,229.98,0,No Failure,161.1,72.0
L,9.54,3485.59,219.01,5.95,451.3,255.81,0,No Failure,173.3,76.4
H,11.4,3173.83,267.96,6.22,664.62,222.5,0,No Failure,125.7,59.5
L,10.55,4349.0,179.75,3.81,7.03,201.84,0,No Failure,117.5,56.6
M,9.21,2624.12,241.78,4.4,1071.13,181.63,0,No Failure,114.5,55.6
L,11.39,3480.34,184.32,4.85,62.7,159.56,0,No Failure,139.6,64.4
L,10.1,3344.64,291.17,4.96,241.14,175.22,0,No Failure,156.6,70.4
H,9.54,3619.65,258.61,5.41,690.2,209.62,0,No Failure,173.8,76.6
L,11.76,3099.17,236.44,,608.08,198.19,1,Weld Expulsion & Splash,3.7,14.3
L,8.31,3444.37,188.41,5.46,744.15,198.28,0,No Failure,159.5,71.5
L,11.45,3104.64,272.94,5.22,576.38,197.24,0,No Failure,146.8,67.0
H,9.07,3557.44,221.13,4.27,372.45,185.22,0,No Failure,188.8,81.9
L,8.95,3609.83,254.47,3.78,210.08,181.24,0,No Failure,144.1,66.0
H,10.76,3280.95,225.64,3.97,442.8,193.4,0,No Failure,185.5,80.7
L,9.38,3260.11,141.84,4.62,487.2,209.01,0,No Failure,182.3,79.6
M,8.54,4164.95,229.1,4.56,624.12,263.72,0,No Failure,128.0,60.3
L,9.42,2916.99,152.99,4.75,531.68,208.72,0,No Failure,173.8,76.6
H,10.18,3682.39,137.03,4.48,650.76,234.73,0,No Failure,144.8,66.3
L,11.0,3349.02,242.04,4.57,573.11,188.42,0,No Failure,177.2,77.8
L,10.52,3831.84,192.79,6.02,324.86,201.95,0,No Failure,162.4,72.5
H,9.83,3124.63,215.69,4.59,7.89,182.32,0,No Failure,177.2,77.7
L,10.91,3084.51,214.51,4.39,94.27,219.92,0,No Failure,173.3,76.4
M,9.31,3374.27,225.36,3.82,,217.24,0,No Failure,187.5,81.4
M,9.82,3096.6,247.71,4.7,355.47,191.24,0,No Failure,191.7,82.9
L,10.86,,203.26,4.05,30.47,225.6,0,No Failure,149.2,67.9
H,9.21,3303.79,225.09,3.73,418.85,191.02,0,No Failure,186.8,81.2
M,9.94,3033.84,141.09,4.9,536.23,188.38,0,No Failure,161.4,72.2
M,8.28,3662.42,189.56,5.34,246.56,203.52,0,No Failure,166.8,74.1
L,8.94,3531.69,228.16,5.57,425.22,216.07,0,No Failure,194.4,83.9
M,8.92,3251.07,134.42,5.59,807.38,193.63,0,No Failure,127.1,60.0
M,8.7,3002.6,240.48,4.52,397.11,193.59,0,No Failure,176.0,77.3
H,11.18,3675.32,230.38,4.04,169.19,198.01,0,No Failure,159.8,71.6
M,9.87,3170.41,224.45,4.23,1.0,226.53,0,No Failure,173.5,76.4
L,10.42,3764.88,208.1,5.12,677.55,219.69,0,No Failure,181.8,79.4
L,8.27,3514.8,247.29,4.92,395.67,212.42,0,No Failure,191.1,82.7
M,9.95,3247.24,227.09,5.07,645.13,173.23,0,No Failure,180.1,78.8
H,11.13,3809.19,194.82,4.85,833.12,203.28,0,No Failure,160.3,71.8
L,10.52,3050.98,182.16,4.07,1100.0,213.26,0,No Failure,135.4,62.9
L,9.96,3880.89,220.43,5.48,526.95,228.89,0,No Failure,180.5,78.9
L,10.3,3239.89,219.63,5.01,463.4,234.73,0,No Failure,199.8,85.8
H,10.37,3768.72,228.62,3.14,680.48,188.11,0,No Failure,142.0,65.3
L,8.25,3217.36,165.81,5.04,578.49,213.69,0,No Failure,166.9,74.1
M,10.52,3366.84,207.75,3.77,376.43,225.53,0,No Failure,189.3,82.1
M,8.86,3142.2,203.02,4.18,388.01,174.28,0,No Failure,170.2,75.3
L,9.27,3132.38,218.27,5.21,218.16,255.49,0,No Failure,166.7,74.0
L,10.45,3815.48,152.45,4.12,489.87,181.44,0,No Failure,143.7,65.9
M,9.54,3875.83,223.98,4.75,414.91,226.76,0,No Failure,199.1,85.5
L,10.98,3172.25,263.51,4.47,-699.97,212.13,0,No Failure,174.9,76.9
L,9.95,3692.19,270.3,4.6,,182.28,0,No Failure,162.1,72.4
L,11.14,5114.49,240.1,4.31,245.4,221.88,0,No Failure,177.3,77.8
L,10.38,3250.19,225.51,6.34,547.63,199.56,0,No Failure,171.7,75.8
M,9.17,3191.23,209.17,4.18,275.07,206.5,0,No Failure,194.0,83.7
M,11.51,3637.02,265.24,5.0,373.17,214.76,0,No Failure,169.4,75.0
H,8.36,5035.19,223.88,5.42,458.96,231.12,0,No Failure,179.1,78.4
L,3.95,3030.32,238.16,6.78,245.13,260.17,0,No Failure,118.1,56.8
M,10.32,3507.78,184.0,4.55,175.55,187.78,0,No Failure,175.9,77.3
H,10.1,4126.17,289.81,4.92,510.33,174.15,0,No Failure,135.2,62.9
L,10.21,2862.3,226.55,4.79,251.22,190.9,0,No Failure,181.6,79.3
M,11.12,2935.43,191.73,5.98,475.37,186.63,0,No Failure,145.2,66.4
L,8.41,4110.01,258.01,4.38,111.53,178.58,0,No Failure,117.9,56.7
M,12.36,3828.22,183.37,4.04,736.91,235.54,0,No Failure,114.6,55.6
L,10.11,3448.69,250.49,3.93,505.56,253.83,0,No Failure,162.2,72.4
L,9.34,3388.84,166.61,4.51,622.57,208.59,0,No Failure,187.9,81.6
L,9.23,3464.59,221.06,3.37,412.17,217.73,0,No Failure,189.8,82.2
L,11.0,3667.66,243.05,4.92,571.28,203.16,0,No Failure,180.1,78.8
L,10.36,3494.85,179.73,9.28,262.03,224.92,0,No Failure,176.2,77.4
L,9.62,3850.42,243.4,4.69,492.47,236.5,0,No Failure,179.3,78.5
L,11.32,3395.7,198.36,4.42,650.17,210.59,0,No Failure,185.6,80.7
H,9.44,3144.79,137.85,5.48,365.46,199.77,0,No Failure,160.5,71.8
L,10.85,3245.1,188.38,5.35,385.94,173.07,0,No Failure,166.2,73.8
L,10.48,3277.64,171.31,3.94,406.81,202.49,0,No Failure,178.7,78.3
L,9.47,2951.76,229.01,5.4,574.65,230.05,0,No Failure,172.8,76.2
M,10.56,3037.95,235.66,5.43,448.91,219.57,0,No Failure,181.5,79.3
L,9.76,3437.58,240.9,,484.17,180.74,0,No Failure,193.2,83.4
H,9.76,3090.73,197.25,5.57,-853.62,193.59,0,No Failure,181.6,79.3
M,10.07,3585.66,219.04,4.17,232.21,203.06,0,No Failure,195.6,84.3
L,11.18,3161.69,191.57,4.69,554.03,198.54,0,No Failure,179.2,78.5
M,11.49,3049.84,187.24,4.54,358.2,194.23,1,Weld Expulsion & Splash,5.2,29.0
M,12.0,3436.03,240.89,4.65,425.03,239.12,0,No Failure,170.6,75.4
H,11.47,2913.2,248.98,6.02,471.05,219.66,1,Weld Expulsion & Splash,5.0,20.5
H,8.56,3868.69,172.93,4.06,511.73,229.51,0,No Failure,146.2,66.8
M,8.43,3102.12,196.61,5.06,756.86,211.79,0,No Failure,169.1,74.9
H,9.8,3730.07,261.75,5.32,409.71,,0,No Failure,176.0,77.3
M,10.21,2517.87,218.34,4.81,842.82,205.96,0,No Failure,164.0,73.1
L,10.42,2886.79,205.74,2.75,554.95,188.53,0,No Failure,137.7,63.8
L,8.82,3777.93,188.68,6.61,41.96,186.23,0,No Failure,117.0,56.5
L,8.79,3033.62,224.43,4.98,466.31,208.26,0,No Failure,197.1,84.8
L,10.6,3582.54,190.05,5.0,402.63,224.43,0,No Failure,193.0,83.4
L,7.85,3212.77,197.98,3.83,782.16,,0,No Failure,144.6,66.2
H,10.38,3828.6,232.35,4.81,449.27,209.31,0,No Failure,202.1,86.6
M,4.61,4015.66,197.56,5.0,355.0,253.83,0,No Failure,157.9,70.9
L,10.81,3498.17,299.79,6.9,471.23,161.18,0,No Failure,98.1,49.8
L,11.08,3357.9,199.85,4.8,239.45,200.63,0,No Failure,193.7,83.6
L,10.27,3891.18,234.12,3.71,395.32,241.12,0,No Failure,157.3,70.7
M,8.82,3575.63,203.91,5.1,123.44,208.96,0,No Failure,186.0,80.9
L,10.64,2950.08,240.37,5.78,354.17,136.93,0,No Failure,122.9,58.5
L,10.73,3167.58,178.58,6.14,296.97,201.68,0,No Failure,156.2,70.3
M,10.76,3631.71,252.75,5.66,193.7,211.08,0,No Failure,163.2,72.8
L,7.55,3456.99,213.22,4.37,347.67,238.5,0,No Failure,170.9,75.5
L,11.58,3653.26,197.13,4.05,236.32,264.67,0,No Failure,129.9,61.0
L,9.04,3572.56,221.02,4.99,584.44,217.93,0,No Failure,198.4,85.3
L,8.62,3481.1,162.81,4.8,227.6,184.32,0,No Failure,163.4,72.9
L,10.38,3449.81,242.46,4.31,417.82,199.88,0,No Failure,198.5,85.3
M,8.6,2688.19,247.74,,143.96,187.62,0,No Failure,134.9,62.8
M,9.19,3845.23,184.74,2.77,602.53,207.09,0,No Failure,139.9,64.6
H,9.79,3141.28,239.48,3.35,227.05,190.19,0,No Failure,159.7,71.6
L,9.23,3231.04,219.88,4.7,269.2,212.26,0,No Failure,208.6,88.9
L,7.08,3923.16,201.65,3.82,310.56,187.05,0,No Failure,128.3,60.4
L,9.44,2766.42,222.63,5.37,69.07,195.24,0,No Failure,158.9,71.3
H,10.43,2994.02,250.26,5.49,1003.74,176.69,1,Electrode Cap Mushrooming,5.8,12.6
M,9.97,3613.07,241.87,4.7,411.67,199.36,0,No Failure,205.4,87.7
L,10.54,3267.44,192.99,5.21,735.97,206.31,0,No Failure,180.4,78.9
H,7.21,3000.04,196.83,5.82,568.39,226.06,0,No Failure,134.0,62.5
H,11.18,3488.86,174.09,6.4,158.11,170.13,0,No Failure,117.6,56.7
L,11.77,3380.64,174.9,3.29,528.12,186.25,0,No Failure,135.2,62.9
L,7.72,3458.01,224.85,4.09,705.91,179.23,0,No Failure,147.7,67.3
L,8.48,3773.44,261.34,5.4,503.04,162.57,0,No Failure,132.0,61.8
L,9.3,2905.21,193.07,5.46,678.56,222.63,0,No Failure,161.2,72.1
L,8.88,3226.31,259.67,5.22,471.76,214.83,0,No Failure,181.4,79.2
H,10.52,4028.23,164.98,5.26,306.93,226.26,0,No Failure,150.0,68.1
M,11.33,3722.44,231.75,4.36,333.38,223.78,0,No Failure,171.5,75.7
L,10.75,3353.1,186.27,5.38,364.93,235.58,0,No Failure,176.9,77.6
L,10.3,3385.01,148.25,3.11,468.36,199.86,0,No Failure,152.7,69.1
L,10.27,3031.28,205.87,4.51,580.27,215.65,0,No Failure,192.4,83.2
M,9.55,3351.24,220.97,6.34,398.0,253.06,0,No Failure,168.3,74.6
M,8.5,2764.49,23.67,4.15,507.05,206.58,0,No Failure,163.0,72.7
L,8.94,3552.89,203.79,6.55,428.69,222.24,0,No Failure,169.4,75.0
M,11.59,3450.44,211.08,5.84,206.63,210.14,0,No Failure,173.4,76.4
M,11.71,3828.54,248.17,2.78,460.7,202.16,0,No Failure,126.6,59.8
L,10.95,3267.9,204.15,4.0,539.67,192.11,0,No Failure,175.3,77.1
H,9.32,3100.18,189.05,,357.43,226.66,0,No Failure,186.4,81.0
M,10.16,3384.05,241.42,4.96,709.4,179.28,0,No Failure,177.9,78.0
M,10.73,3957.8,205.29,5.77,528.1,278.57,0,No Failure,124.5,59.1
L,10.33,3742.86,196.17,1.97,644.84,203.76,0,No Failure,179.9,78.7
M,8.91,3224.35,145.84,4.69,729.09,192.46,0,No Failure,150.4,68.3
M,11.07,4012.6,194.71,4.31,122.58,184.25,0,No Failure,138.1,63.9
L,2.79,3105.77,176.08,4.51,113.09,177.79,0,No Failure,137.8,63.8
M,9.93,3422.55,202.75,5.56,434.13,223.21,0,No Failure,205.1,87.6
L,9.59,,227.95,3.3,734.26,245.51,1,Torch Cooling Restriction,13.4,23.1
M,12.05,3243.61,198.56,5.48,121.4,276.66,0,No Failure,113.6,55.2
H,10.09,3857.45,199.17,5.45,1.0,167.61,0,No Failure,138.4,64.0
H,11.59,3111.98,271.06,4.31,727.98,217.76,1,Electrode Cap Mushrooming,7.5,18.8
M,6.86,3380.87,224.71,4.77,683.88,235.11,0,No Failure,156.7,70.5
M,10.48,3437.11,204.65,5.66,481.03,228.23,0,No Failure,188.7,81.8
H,7.73,2761.06,209.84,4.11,80.59,208.91,0,No Failure,142.4,65.4
L,9.7,3422.44,67.59,5.45,296.07,210.53,0,No Failure,209.2,89.1
L,10.43,3362.37,184.66,5.04,76.83,191.54,0,No Failure,173.8,76.5
H,10.95,2848.82,158.07,5.4,323.36,183.64,0,No Failure,134.9,62.8
L,6.43,3433.03,192.28,5.39,771.27,168.36,0,No Failure,115.4,55.9
L,9.54,3509.81,184.7,4.78,455.83,183.5,0,No Failure,196.1,84.4
L,9.22,2903.48,200.69,2.98,607.53,175.97,0,No Failure,129.4,60.8
L,10.27,3695.16,168.34,3.82,338.19,171.24,0,No Failure,145.1,66.4
M,9.45,3709.83,209.55,4.12,581.38,215.0,0,No Failure,190.5,82.5
L,8.68,3356.98,278.74,4.62,178.01,200.99,0,No Failure,164.1,73.1
M,10.49,2928.08,212.3,4.12,690.46,187.04,0,No Failure,161.0,72.0
L,,3507.74,213.5,3.82,354.43,179.5,0,No Failure,179.8,78.7
L,9.73,2628.67,234.79,4.79,31.3,259.29,0,No Failure,137.7,63.8
M,8.82,3383.55,223.22,4.59,692.6,181.85,0,No Failure,179.5,78.6
L,10.85,2829.34,208.74,4.1,521.16,233.61,0,No Failure,160.1,71.7
H,10.63,2703.7,187.57,5.62,72.04,204.01,0,No Failure,140.3,64.7
L,8.94,3342.0,208.9,4.85,199.75,216.34,0,No Failure,202.1,86.6
H,10.67,2580.05,210.49,4.88,143.6,233.97,0,No Failure,145.7,66.6
H,8.33,3128.8,219.57,5.29,862.32,205.99,0,No Failure,162.2,72.5
H,10.3,2729.96,188.84,5.02,789.0,232.85,0,No Failure,146.8,67.0
M,7.99,3436.27,210.74,4.45,546.56,232.52,0,No Failure,179.0,78.4
L,9.11,3306.98,164.09,5.7,278.45,210.59,0,No Failure,171.7,75.8
H,8.2,3148.46,250.36,5.0,776.72,180.37,1,Electrode Cap Mushrooming,12.8,19.8
L,8.78,2799.8,150.62,4.46,119.17,155.19,0,No Failure,103.8,51.7
L,7.24,3540.43,212.43,4.03,455.4,222.16,0,No Failure,168.7,74.8
M,8.65,4333.46,267.04,5.51,544.54,,0,No Failure,123.0,58.6
M,10.18,3253.66,209.82,4.4,251.03,247.63,0,No Failure,180.8,79.0
L,9.64,3652.48,194.02,4.77,883.65,212.8,0,No Failure,183.1,79.9
M,8.25,3579.86,225.07,6.11,359.57,208.97,0,No Failure,172.2,76.0
M,8.17,3524.44,262.26,6.05,113.69,218.89,0,No Failure,134.5,62.6
L,9.43,3635.42,180.68,5.12,286.47,190.1,0,No Failure,178.6,78.3
L,9.47,3229.75,210.06,5.04,396.44,221.83,0,No Failure,210.9,89.7
H,7.76,3208.44,210.91,5.26,247.64,174.23,0,No Failure,155.0,69.9
L,9.54,2718.05,223.17,4.6,536.47,192.68,0,No Failure,179.8,78.7
H,10.08,3233.54,168.34,4.99,592.84,200.18,0,No Failure,183.5,80.0
H,10.41,2648.09,197.87,5.7,1100.0,213.88,0,No Failure,123.9,58.9
M,8.96,3262.73,222.0,5.8,249.05,238.94,0,No Failure,166.4,73.9
L,8.88,3932.04,201.46,4.7,868.59,227.75,0,No Failure,153.7,69.4
L,10.88,3185.31,218.62,4.36,725.13,233.28,0,No Failure,168.2,74.6
H,12.34,2791.15,210.27,,582.64,180.46,1,Weld Expulsion & Splash,3.0,13.4
H,9.39,3980.35,171.92,4.35,394.77,250.5,0,No Failure,149.8,68.0
L,9.58,2969.96,184.57,5.27,371.83,252.82,0,No Failure,161.6,72.2
M,10.83,3369.72,254.6,5.57,593.69,208.0,0,No Failure,174.6,76.8
L,9.02,3735.34,255.92,6.47,313.69,192.21,0,No Failure,139.7,64.5
H,10.05,3353.86,12.05,5.04,228.18,200.22,0,No Failure,186.9,81.2
H,10.53,3586.28,249.18,4.26,,176.6,0,No Failure,168.6,74.7
L,11.16,3203.9,193.62,5.32,351.2,195.4,0,No Failure,176.0,77.3
L,9.69,3341.84,192.83,4.8,306.18,206.78,0,No Failure,215.1,91.2
L,9.36,3555.49,204.31,3.26,423.62,229.34,0,No Failure,175.7,77.2
M,8.53,3420.55,,5.11,311.65,183.84,0,No Failure,167.6,74.4
L,9.19,3495.28,227.93,6.33,348.15,229.02,0,No Failure,170.6,75.4
H,9.91,3828.16,235.05,5.31,239.77,211.5,0,No Failure,186.4,81.0
M,8.48,3128.86,258.85,4.14,416.0,187.33,0,No Failure,158.0,71.0
H,9.73,3745.46,232.32,5.38,284.55,194.82,0,No Failure,184.3,80.3
M,10.32,3069.36,234.17,6.2,200.92,166.85,0,No Failure,135.7,63.0
L,,3759.01,430.61,4.87,501.54,238.27,0,No Failure,169.3,75.0
L,8.79,2754.56,200.97,4.8,303.45,195.29,0,No Failure,173.5,76.5
L,8.97,3614.06,188.96,,391.5,204.66,0,No Failure,180.1,78.8
L,9.88,3383.77,230.38,5.5,507.98,207.6,0,No Failure,208.1,88.7
H,8.71,3423.13,237.06,4.49,111.43,209.48,0,No Failure,184.6,80.4
L,11.24,3031.73,246.78,6.35,47.63,244.35,1,Weld Expulsion & Splash,5.0,7.8
L,10.93,3625.65,188.12,4.85,705.72,179.99,0,No Failure,160.4,71.8
L,10.95,3290.52,196.64,5.16,483.98,194.48,0,No Failure,187.2,81.3
H,9.23,3670.49,264.11,5.39,122.51,173.97,0,No Failure,139.3,64.3
H,8.82,3814.23,235.03,4.96,211.27,204.82,0,No Failure,177.5,77.9
L,8.86,3788.02,261.29,5.03,137.91,215.58,0,No Failure,159.5,71.5
L,10.6,3284.07,231.06,3.42,582.95,184.82,0,No Failure,158.5,71.1
L,10.76,3803.18,223.33,4.66,661.26,217.33,0,No Failure,181.0,79.1
M,9.19,3208.34,234.49,4.52,627.01,211.34,0,No Failure,192.6,83.2
M,11.04,2996.64,217.84,3.67,367.79,239.83,1,Torch Cooling Restriction,4.7,25.3
M,8.19,3689.5,196.99,4.37,515.42,227.09,0,No Failure,168.4,74.6
L,12.16,3373.12,246.82,4.43,562.41,227.67,0,No Failure,159.4,71.5
M,9.34,3404.42,179.44,4.04,506.14,177.49,0,No Failure,171.7,75.8
M,15.87,3936.92,261.4,4.51,441.28,218.47,0,No Failure,180.7,79.0
M,11.03,3521.93,222.75,5.09,814.56,223.29,0,No Failure,171.8,75.9
H,11.02,,239.28,5.9,387.38,159.54,0,No Failure,133.8,62.4
M,9.18,3385.16,184.54,5.33,634.58,183.18,0,No Failure,171.5,75.8
M,9.96,3233.45,187.23,4.41,149.6,239.4,0,No Failure,170.9,75.5
L,9.6,2830.31,199.34,6.24,617.08,167.02,0,No Failure,132.8,62.0
H,11.27,3230.37,246.02,5.24,157.71,224.63,0,No Failure,159.3,71.4
L,10.16,3443.83,261.75,3.37,587.33,204.49,0,No Failure,164.3,73.2
H,8.48,3309.32,199.56,4.31,,170.38,0,No Failure,168.4,74.6
M,10.97,3697.62,168.07,4.79,367.41,203.89,0,No Failure,179.3,78.5
L,11.57,3252.04,214.94,3.71,321.09,232.33,0,No Failure,163.2,72.8
M,14.1,4091.57,227.63,6.53,224.22,193.45,0,No Failure,128.1,60.4
L,10.55,3707.83,236.84,5.8,550.85,166.43,0,No Failure,146.2,66.8
M,9.34,3750.98,194.83,5.17,312.5,247.2,0,No Failure,168.7,74.7
M,11.6,3603.93,198.74,4.27,330.5,198.49,0,No Failure,172.2,76.0
H,9.15,3248.45,216.12,4.33,387.59,191.25,0,No Failure,198.9,85.4
L,11.31,3160.0,272.31,4.51,112.8,181.9,0,No Failure,134.0,62.4
L,10.6,3400.65,201.66,4.57,617.36,198.92,0,No Failure,196.2,84.5
M,7.51,3391.48,204.89,4.29,16.02,208.18,0,No Failure,162.3,72.5
H,11.15,2608.45,237.8,6.32,137.18,198.1,0,No Failure,116.4,56.2
L,9.14,3516.29,318.49,4.68,393.15,198.33,0,No Failure,165.4,73.6
H,9.08,3274.81,202.55,4.48,472.42,185.58,0,No Failure,191.4,82.8
H,11.11,3524.99,196.59,4.26,390.93,216.38,0,No Failure,188.9,81.9
L,11.59,3269.15,165.14,4.98,945.75,197.81,0,No Failure,136.4,63.3
L,11.89,3075.46,217.21,4.8,332.34,202.81,1,Weld Expulsion & Splash,6.1,35.2
L,10.08,2954.51,229.38,5.0,508.1,204.15,0,No Failure,196.0,84.4
L,9.78,3851.11,214.78,3.28,1058.61,206.89,0,No Failure,143.4,65.8
H,7.37,3595.67,237.75,5.55,581.62,214.83,0,No Failure,155.0,69.9
M,8.43,3553.05,46.2,5.44,266.13,,0,No Failure,180.2,78.8
M,10.49,2990.11,209.16,4.13,294.14,72.9,0,No Failure,186.7,81.1
M,10.33,3179.89,277.9,7.86,407.34,204.92,0,No Failure,168.6,74.7
L,11.54,2857.04,268.01,5.53,363.99,216.58,1,Weld Expulsion & Splash,12.8,20.2
L,10.38,4316.5,199.96,4.26,495.13,182.83,0,No Failure,150.9,68.4
L,9.92,3758.61,207.2,5.93,307.19,207.07,0,No Failure,185.8,80.8
L,10.47,3310.39,211.04,4.44,542.54,200.18,0,No Failure,202.0,86.5
M,12.67,2666.84,229.1,4.91,541.78,197.44,1,Weld Expulsion & Splash,8.6,20.1
M,9.44,2661.42,246.2,3.3,364.7,161.69,0,No Failure,120.2,57.6
M,9.02,3369.76,205.47,4.45,817.1,215.59,0,No Failure,184.9,80.5
H,8.53,3701.06,244.16,4.87,687.36,207.31,0,No Failure,173.1,76.3
L,10.28,3469.1,182.14,4.44,608.91,211.34,0,No Failure,192.6,83.2
H,12.13,3803.59,233.06,3.18,225.61,243.6,1,Torch Cooling Restriction,1.8,9.0
M,10.04,3270.93,281.32,3.32,377.48,243.4,1,Torch Cooling Restriction,2.6,20.0
L,9.33,3544.22,189.27,4.71,674.58,199.95,0,No Failure,188.6,81.8
M,9.32,2892.26,115.26,5.04,374.41,218.73,0,No Failure,176.6,77.6
M,10.59,3272.85,184.52,3.93,247.64,220.6,0,No Failure,170.8,75.5
L,9.41,3339.24,166.08,4.63,615.23,239.12,0,No Failure,171.4,75.7
H,9.23,3091.74,249.69,,1810.79,214.54,0,No Failure,178.3,78.1
M,9.52,3370.09,173.25,1.29,323.91,143.43,0,No Failure,146.5,66.9
L,10.47,2931.13,202.74,5.04,762.98,180.77,0,No Failure,156.9,70.6
L,9.69,4223.9,159.97,4.51,138.3,220.62,0,No Failure,144.2,66.1
M,8.72,3721.56,226.59,5.94,240.5,204.43,0,No Failure,165.0,73.4
L,10.06,3851.98,243.29,5.78,36.79,194.71,0,No Failure,146.5,66.9
H,8.68,2602.1,203.33,4.09,412.92,221.48,0,No Failure,161.0,72.0
M,9.11,3448.82,241.14,5.41,620.1,187.38,0,No Failure,173.4,76.4
M,10.62,3502.63,189.27,4.74,65.29,226.2,0,No Failure,175.1,77.0
L,7.47,2992.7,208.84,4.69,367.48,196.88,0,No Failure,171.2,75.6
L,9.16,3126.04,165.95,3.86,577.87,214.16,0,No Failure,161.2,72.1
L,10.48,3362.13,419.99,4.6,662.04,175.47,0,No Failure,168.3,74.6
L,7.94,3579.14,337.98,5.85,473.25,226.89,0,No Failure,155.8,70.2
M,8.48,3728.89,219.1,3.54,121.23,179.93,0,No Failure,138.2,63.9
H,10.76,3675.04,218.29,3.67,410.78,231.46,0,No Failure,173.7,76.5
H,8.61,3225.83,375.46,4.21,850.62,270.4,0,No Failure,130.6,61.3
L,9.54,3482.55,243.11,3.9,306.61,202.59,0,No Failure,187.0,81.2
H,8.44,3325.8,208.07,4.05,,208.13,0,No Failure,189.3,82.1
L,9.94,4152.46,196.63,3.31,758.37,253.41,1,Torch Cooling Restriction,10.2,10.3
H,8.93,2870.6,210.28,4.16,370.04,192.47,0,No Failure,174.2,76.7
M,9.96,3719.95,280.0,4.42,314.23,183.63,0,No Failure,159.0,71.3
M,10.9,4218.29,217.88,4.91,305.48,211.41,0,No Failure,177.2,77.8
L,9.63,3481.58,236.68,6.11,475.23,190.42,0,No Failure,178.6,78.3
H,7.86,3302.17,260.59,5.67,1.0,202.65,0,No Failure,133.5,62.3
M,9.8,3251.54,185.07,5.23,514.66,215.26,0,No Failure,199.7,85.7
M,9.29,3248.91,244.91,4.83,660.39,173.36,0,No Failure,170.3,75.3
L,11.23,3465.74,167.86,3.32,61.94,184.44,0,No Failure,120.4,57.6
L,10.75,3401.27,194.35,4.56,841.45,220.93,0,No Failure,175.4,77.1
H,9.37,3511.21,171.49,5.41,1267.58,222.21,0,No Failure,158.3,71.1
L,12.41,3283.28,270.96,4.23,496.51,187.23,0,No Failure,136.7,63.4
H,9.11,3965.61,178.72,4.29,1046.86,198.33,0,No Failure,127.6,60.2
M,9.27,3943.14,201.72,4.29,245.74,262.41,0,No Failure,145.4,66.5
M,10.57,3196.38,249.3,6.27,1256.86,222.96,0,No Failure,137.6,63.7
L,9.26,3195.93,216.16,1.18,116.84,191.93,0,No Failure,183.7,80.1
H,9.55,3042.62,201.43,4.34,261.98,204.17,0,No Failure,190.3,82.4
L,7.29,3458.56,189.65,5.04,549.75,214.09,0,No Failure,171.9,75.9
L,8.48,2699.01,185.48,6.37,725.45,213.87,0,No Failure,120.2,57.6
M,12.03,3250.5,218.45,5.22,464.76,233.99,0,No Failure,171.5,75.7
M,11.93,3111.93,165.3,4.47,354.55,263.12,0,No Failure,125.2,59.3
M,8.4,3369.08,217.53,4.89,675.37,214.82,0,No Failure,194.9,84.0
L,8.51,3237.49,265.28,4.14,465.56,201.36,0,No Failure,166.4,73.9
L,9.72,3205.14,200.27,5.31,482.18,172.36,0,No Failure,183.1,79.9
H,10.22,3855.38,210.42,3.02,164.18,211.92,0,No Failure,156.2,70.3
L,9.86,4013.56,234.91,5.7,,253.72,0,No Failure,153.0,69.2
H,8.98,3728.42,189.86,,402.72,222.53,0,No Failure,171.1,75.6
M,9.18,3095.15,201.88,3.44,403.37,173.35,0,No Failure,157.0,70.6
H,11.45,3395.85,229.63,4.48,779.57,175.16,0,No Failure,154.6,69.8
L,9.9,3708.27,192.76,4.76,1.0,249.58,0,No Failure,159.2,71.4
M,9.21,3362.05,213.35,4.59,624.1,192.66,0,No Failure,199.4,85.6
L,9.72,2989.36,260.11,5.62,172.16,,0,No Failure,152.8,69.1
M,9.66,3882.49,238.81,4.36,582.54,206.71,0,No Failure,183.2,79.9
M,9.55,3679.24,266.21,3.91,111.83,201.33,0,No Failure,153.8,69.5
L,10.43,3522.85,263.87,4.32,625.76,192.44,0,No Failure,165.6,73.6
M,10.58,3592.8,195.6,5.33,175.35,279.06,0,No Failure,137.1,63.6
H,10.78,3091.65,229.7,5.6,204.08,187.96,0,No Failure,159.3,71.4
L,8.28,3249.52,174.8,5.0,208.85,212.04,0,No Failure,171.9,75.9
M,8.64,3714.63,227.63,5.52,772.9,204.12,0,No Failure,160.8,72.0
M,7.42,3279.02,184.5,4.59,343.16,215.21,0,No Failure,172.0,75.9
H,9.53,2768.0,156.88,3.75,228.95,222.02,0,No Failure,137.3,63.6
L,9.87,4468.43,200.57,5.11,536.82,193.99,0,No Failure,184.0,80.2
L,9.19,3524.24,223.05,5.28,523.42,201.08,0,No Failure,198.8,85.4
L,7.95,2806.39,215.35,5.03,343.53,208.04,0,No Failure,176.7,77.6
H,9.95,2941.92,157.99,5.0,184.21,,0,No Failure,122.0,58.2
M,9.67,2776.1,174.6,3.66,292.4,197.21,0,No Failure,150.2,68.2
L,11.62,3976.44,166.54,4.61,497.62,210.57,0,No Failure,155.5,70.1
L,9.2,2682.8,252.64,3.21,546.28,195.06,0,No Failure,130.0,61.0
H,10.54,3632.43,212.9,5.82,230.23,209.39,0,No Failure,183.6,80.0
M,10.3,3346.1,200.14,5.08,266.24,177.66,0,No Failure,185.2,80.6
M,11.3,3748.79,203.42,3.48,601.29,244.53,1,Torch Cooling Restriction,4.6,17.6
M,10.75,3221.19,184.26,,578.06,183.4,0,No Failure,165.5,73.6
H,10.59,3136.08,272.8,5.39,152.82,206.43,0,No Failure,155.8,70.2
M,9.62,4109.48,179.83,4.95,351.75,211.83,0,No Failure,181.1,79.1
M,10.78,3247.16,217.06,6.15,663.01,357.76,0,No Failure,150.6,68.3
M,9.9,3695.76,233.53,3.34,331.99,207.89,0,No Failure,178.5,78.2
L,,4286.29,298.35,4.92,126.55,194.82,0,No Failure,122.9,58.5
L,8.95,3841.25,188.29,5.17,676.24,214.85,0,No Failure,167.5,74.3
L,9.62,3116.5,234.93,6.14,104.35,192.25,0,No Failure,154.1,69.6
L,10.47,3450.92,209.71,5.21,111.1,186.51,0,No Failure,180.4,78.9
H,10.37,3307.33,237.93,4.13,546.51,210.52,0,No Failure,193.2,83.4
H,9.92,3167.51,229.61,5.65,517.56,233.89,0,No Failure,180.5,78.9
L,10.63,2999.57,247.11,4.04,610.99,222.73,0,No Failure,157.7,70.9
L,9.72,3436.81,234.25,5.13,589.78,161.77,0,No Failure,177.0,77.7
L,12.0,,192.68,5.14,402.98,197.36,0,No Failure,172.6,76.1
H,9.85,3459.71,261.12,4.08,891.94,229.9,1,Electrode Cap Mushrooming,2.9,24.4
L,9.87,3316.31,201.55,4.34,521.88,206.66,0,No Failure,209.9,89.3
L,8.19,3811.85,302.66,4.16,295.43,235.03,0,No Failure,116.9,56.4
H,9.69,3827.23,236.44,,295.57,244.44,0,No Failure,167.7,74.4
L,8.37,3148.21,178.15,4.17,603.66,204.07,0,No Failure,160.5,71.8
M,10.57,4182.83,209.23,4.5,512.81,195.72,0,No Failure,170.8,75.5
L,9.66,2952.74,210.43,4.21,328.51,271.22,0,No Failure,157.5,70.8
L,9.81,3271.17,233.69,4.54,26.58,170.3,0,No Failure,166.8,74.1
L,10.42,3321.26,194.36,5.69,403.49,189.49,0,No Failure,183.5,80.0
L,9.72,3444.62,409.17,5.45,565.92,272.6,0,No Failure,147.3,67.2
L,10.29,2813.14,149.32,3.97,624.33,188.19,0,No Failure,129.5,60.9
M,8.58,3050.7,186.96,4.39,175.9,229.49,0,No Failure,155.6,70.1
L,7.89,2683.36,204.13,5.21,858.33,233.99,0,No Failure,122.7,58.4
L,9.03,2913.09,227.99,4.14,1.0,212.66,0,No Failure,157.9,70.9
L,11.69,3257.39,217.52,3.41,547.57,238.82,1,Torch Cooling Restriction,5.1,22.3
M,9.7,2904.86,221.75,5.8,591.55,253.62,0,No Failure,152.5,69.0
M,8.77,3600.84,255.32,4.46,573.26,215.62,0,No Failure,175.2,77.1
M,10.14,3609.46,229.1,5.36,710.71,200.53,0,No Failure,181.5,79.3
M,7.76,3810.45,198.16,4.18,429.43,209.27,0,No Failure,170.3,75.3
L,10.78,3845.36,216.06,4.56,389.71,339.52,0,No Failure,199.2,85.5
L,9.18,3487.71,214.13,9.62,346.36,194.21,0,No Failure,199.7,85.7
L,14.92,3183.91,18.33,4.97,696.19,199.56,0,No Failure,183.7,80.1
L,9.99,3023.76,215.12,5.49,405.59,214.61,0,No Failure,202.6,86.8
H,9.47,3064.17,180.47,4.05,517.26,230.96,0,No Failure,167.3,74.3
L,9.9,3018.62,207.38,5.41,410.45,199.6,0,No Failure,198.1,85.2
H,10.44,3512.12,232.06,4.08,346.47,216.6,0,No Failure,192.8,83.3
M,8.71,4152.61,228.74,4.95,530.33,164.88,0,No Failure,144.9,66.3
M,8.73,2967.06,181.75,5.15,297.97,241.8,0,No Failure,152.8,69.1
M,9.72,3471.01,242.64,5.73,294.88,214.6,0,No Failure,190.7,82.6
H,10.35,3652.65,246.03,5.36,127.75,165.86,0,No Failure,145.1,66.4
M,9.85,2709.39,185.4,3.46,207.83,194.24,0,No Failure,142.1,65.3
L,10.52,3596.09,214.29,4.14,372.75,201.55,0,No Failure,198.2,85.2
L,9.45,3016.96,283.18,4.59,437.4,224.47,0,No Failure,169.5,75.0
H,11.2,3249.77,208.1,5.11,205.26,202.52,0,No Failure,184.0,80.2
M,9.05,3724.24,226.62,4.98,417.03,187.22,0,No Failure,190.3,82.4
L,15.08,3125.24,225.43,5.12,557.35,199.05,0,No Failure,193.8,83.6
L,10.1,3214.27,256.07,4.36,293.25,203.92,0,No Failure,185.4,80.6
L,3.26,4107.91,219.11,5.11,745.35,231.67,0,No Failure,155.1,69.9
L,8.24,3511.89,218.28,4.21,520.78,266.0,0,No Failure,154.3,69.7
L,12.15,2979.26,204.0,4.01,1.0,229.43,1,Weld Expulsion & Splash,3.6,14.3
L,9.95,2800.05,234.01,4.32,134.66,212.87,0,No Failure,171.8,75.9
H,7.99,2542.88,178.28,5.55,652.86,232.33,0,No Failure,112.8,55.0
L,9.46,3326.81,380.21,5.45,15.55,217.44,0,No Failure,182.8,79.7
H,12.22,3311.17,271.28,5.21,717.55,207.25,0,No Failure,142.5,65.5
L,11.35,3415.66,197.36,4.96,911.03,252.58,0,No Failure,143.5,65.8
L,7.82,3900.33,261.63,4.29,716.39,228.6,0,No Failure,123.8,58.9
L,9.84,3700.58,174.71,2.91,586.5,184.15,0,No Failure,137.9,63.9
L,11.57,3746.01,249.79,4.12,408.14,148.66,0,No Failure,126.2,59.7
L,9.06,3913.19,192.52,5.15,347.55,199.47,0,No Failure,177.0,77.7
M,9.86,2953.58,170.18,4.45,555.81,238.32,0,No Failure,162.5,72.6
L,8.76,3679.07,166.75,6.65,313.15,218.88,0,No Failure,136.5,63.3
L,8.77,3332.53,184.26,5.39,144.27,192.12,0,No Failure,163.8,73.0
L,11.09,4261.27,242.48,4.54,566.47,222.79,0,No Failure,147.4,67.2
L,10.75,3055.08,235.95,4.25,551.54,256.16,0,No Failure,149.9,68.1
L,8.72,2966.23,173.71,4.77,1061.55,209.2,0,No Failure,141.5,65.1
L,9.48,3934.87,215.65,5.57,419.42,215.5,0,No Failure,192.4,83.1
H,8.29,3483.95,182.28,4.73,228.63,241.23,0,No Failure,163.2,72.8
H,9.82,3160.15,196.24,2.95,88.38,196.83,0,No Failure,149.9,68.1
H,3.19,3571.99,178.48,3.26,50.59,201.85,0,No Failure,148.1,67.5
M,11.63,3028.57,155.22,5.13,188.69,207.67,1,Weld Expulsion & Splash,9.1,21.0
M,10.15,3665.95,219.45,5.18,670.67,239.71,0,No Failure,176.9,77.6
M,7.63,3111.59,287.37,5.68,710.58,214.94,0,No Failure,118.7,57.0
H,9.92,3992.16,173.37,4.68,421.03,229.99,0,No Failure,176.7,77.6
M,8.09,3584.67,200.91,4.75,492.48,195.8,0,No Failure,184.9,80.5
M,8.9,3696.86,225.46,4.17,542.28,248.7,0,No Failure,161.7,72.3
L,9.23,3699.5,203.7,5.21,837.92,167.93,0,No Failure,148.8,67.7
L,9.85,4222.27,262.96,4.49,287.84,181.85,0,No Failure,146.4,66.9
M,11.22,4085.77,218.13,5.1,549.82,257.06,0,No Failure,142.4,65.4
H,9.74,2592.63,237.42,5.2,392.59,229.4,0,No Failure,170.7,75.4
H,11.36,3357.23,189.76,5.67,251.08,208.62,0,No Failure,172.2,76.0
L,11.77,3586.81,235.38,5.82,66.69,247.67,0,No Failure,122.9,58.5
M,10.95,3910.15,245.22,4.79,220.47,164.78,0,No Failure,142.9,65.6
M,10.66,3904.92,197.66,4.79,280.96,220.23,0,No Failure,181.3,79.2
L,,3625.04,190.9,4.78,375.93,231.97,0,No Failure,193.4,83.5
M,9.54,2873.45,237.53,4.16,502.58,200.52,0,No Failure,177.4,77.8
H,9.14,2723.61,243.27,5.47,148.23,155.03,0,No Failure,118.7,57.1
L,8.31,3144.52,207.68,4.53,563.22,222.46,0,No Failure,180.3,78.9
L,10.33,3074.86,231.28,4.61,741.89,215.59,0,No Failure,181.3,79.2
L,9.77,3583.38,195.59,5.01,783.33,215.07,0,No Failure,190.1,82.3
H,10.75,3576.58,270.67,2.55,287.72,220.84,0,No Failure,126.9,59.9
H,8.48,3438.07,235.81,4.95,643.04,197.78,0,No Failure,182.6,79.7
L,9.57,3661.63,193.54,4.73,212.0,224.66,0,No Failure,189.8,82.2
L,9.26,3403.97,219.94,3.89,680.75,211.47,0,No Failure,191.8,82.9
L,8.5,3413.36,238.8,5.0,366.58,119.06,0,No Failure,175.0,77.0
L,10.66,3637.67,207.55,4.59,138.39,217.53,0,No Failure,185.4,80.7
M,9.18,3827.68,249.55,5.36,379.35,189.01,0,No Failure,167.1,74.2
L,8.98,3667.33,305.88,4.34,155.48,159.92,0,No Failure,110.5,54.1
H,12.23,3153.36,212.03,4.95,378.84,192.02,0,No Failure,174.9,76.9
M,8.77,3325.71,172.16,2.27,469.87,234.45,0,No Failure,166.7,74.0
L,10.55,3592.77,144.22,5.45,527.14,184.75,0,No Failure,147.7,67.3
L,9.38,3362.04,221.88,8.91,494.83,199.27,0,No Failure,207.0,88.3
L,10.19,2981.82,187.81,5.02,285.52,193.37,0,No Failure,178.2,78.1
H,8.56,3864.4,194.61,3.87,390.26,207.12,0,No Failure,168.6,74.7
H,9.19,2806.13,221.5,2.97,771.46,240.16,1,Torch Cooling Restriction,12.2,12.6
L,9.82,2686.88,185.94,4.93,183.09,207.04,0,No Failure,174.7,76.9
L,9.18,3301.7,227.25,4.82,577.08,216.41,0,No Failure,205.4,87.8
L,9.5,3219.2,219.8,4.27,302.0,179.55,0,No Failure,186.1,80.9
H,10.2,3797.53,218.24,4.55,157.14,182.02,0,No Failure,174.2,76.7
H,10.18,2784.65,186.41,3.96,225.35,221.07,0,No Failure,156.0,70.3
H,10.42,3521.39,178.65,4.87,1.0,201.78,0,No Failure,172.8,76.2
M,9.36,3136.31,246.28,4.48,485.73,193.97,0,No Failure,184.9,80.5
L,11.29,3231.19,253.84,4.8,488.14,240.23,0,No Failure,167.1,74.2
M,10.24,3088.11,267.85,5.05,444.54,204.42,0,No Failure,183.4,80.0
H,10.86,3425.55,216.19,4.5,304.27,203.57,0,No Failure,204.5,87.4
L,10.15,4018.22,242.07,5.66,632.65,213.55,0,No Failure,160.5,71.8
M,8.21,2788.66,379.26,3.94,526.9,231.54,0,No Failure,148.9,67.7
H,10.69,3282.19,194.4,5.22,585.71,183.66,0,No Failure,174.2,76.7
L,10.77,3426.2,246.41,6.46,469.93,240.11,0,No Failure,150.3,68.2
L,8.28,3608.16,225.16,6.0,485.95,195.66,0,No Failure,164.4,73.2
H,9.03,2692.56,203.76,5.67,804.32,182.84,0,No Failure,131.1,61.4
L,9.64,3483.7,165.62,4.18,183.02,213.68,0,No Failure,178.0,78.0
L,10.48,3144.87,203.68,4.81,347.05,266.53,0,No Failure,170.9,75.5
M,10.09,3258.01,179.02,4.51,294.26,218.8,0,No Failure,191.4,82.8
M,11.02,4122.81,269.64,2.96,229.12,164.7,0,No Failure,82.3,44.1
L,10.5,3620.56,249.7,4.48,425.3,204.12,0,No Failure,192.1,83.1
L,11.3,3659.35,215.39,4.02,282.24,231.76,0,No Failure,166.8,74.1
H,10.01,3758.4,287.29,5.08,281.25,214.74,0,No Failure,167.2,74.2
H,8.42,3257.16,252.75,4.71,465.57,202.02,0,No Failure,184.8,80.4
L,8.72,3218.52,226.53,5.02,1.0,243.78,0,No Failure,155.6,70.1
L,10.14,3610.02,253.54,5.82,602.33,230.5,0,No Failure,159.3,71.4
L,10.85,3560.82,228.15,3.99,206.75,231.34,0,No Failure,165.8,73.7
M,9.17,3140.02,202.71,6.28,186.87,190.65,0,No Failure,153.7,69.4
L,8.39,3702.61,192.24,4.03,725.22,183.36,0,No Failure,140.8,64.9
L,7.94,2756.08,180.83,4.69,274.29,226.16,0,No Failure,145.9,66.7
M,9.11,3909.35,184.07,3.29,150.98,164.5,0,No Failure,112.7,54.9
H,9.9,3116.41,240.72,4.5,434.03,196.93,0,No Failure,197.8,85.0
M,8.38,3639.56,196.36,4.41,514.45,168.37,0,No Failure,157.7,70.8
L,9.43,3107.11,191.03,4.47,714.15,197.37,0,No Failure,175.3,77.1
L,7.94,3579.48,213.55,5.6,459.02,202.41,0,No Failure,179.9,78.7
M,10.61,2915.55,180.24,6.2,707.62,251.32,0,No Failure,113.9,55.4
L,10.64,3083.47,251.58,6.49,90.41,192.53,0,No Failure,126.4,59.8
M,10.27,2899.71,231.7,4.4,639.95,185.98,0,No Failure,164.5,73.3
M,10.08,3576.03,213.6,4.59,431.77,187.72,0,No Failure,207.7,88.6
L,11.25,3765.3,248.63,5.58,1.0,207.87,0,No Failure,140.7,64.8
L,8.91,3700.45,146.17,4.1,313.13,184.91,0,No Failure,141.1,65.0
H,9.66,2789.96,237.32,4.63,668.15,202.8,0,No Failure,176.2,77.4
H,11.02,3690.6,363.92,6.2,281.46,198.25,0,No Failure,162.1,72.4
H,8.81,3073.79,187.11,3.55,663.59,168.14,0,No Failure,127.1,60.0
H,8.97,2696.7,172.07,4.33,541.09,224.01,0,No Failure,149.3,67.9
L,10.84,3429.93,180.5,5.71,462.7,180.34,0,No Failure,164.3,73.2
M,10.64,3761.21,258.83,5.76,952.82,228.62,1,Electrode Cap Mushrooming,6.3,13.3
L,10.17,3869.55,205.0,4.17,486.27,175.69,0,No Failure,169.1,74.9
H,10.1,4133.56,239.81,5.06,1.0,211.31,0,No Failure,157.9,70.9
M,11.11,4441.13,266.48,6.02,18.01,198.7,0,No Failure,90.9,47.2
M,9.01,1537.3,216.5,5.84,512.46,240.8,0,No Failure,172.4,76.1
M,7.6,3642.04,224.07,5.05,269.64,233.67,0,No Failure,162.2,72.4
L,11.01,5050.4,220.19,3.49,335.88,189.97,0,No Failure,157.9,70.9
L,9.45,3323.93,203.44,4.34,679.51,236.93,0,No Failure,180.7,79.0
H,10.33,2611.65,202.42,5.37,173.23,241.61,0,No Failure,143.1,65.7
M,8.25,3365.69,223.39,4.68,626.76,222.59,0,No Failure,186.9,81.2
L,11.54,2938.58,218.98,3.23,237.02,234.9,1,Weld Expulsion & Splash,6.3,16.3
M,9.59,3799.8,202.84,5.57,408.26,189.97,0,No Failure,183.4,80.0
L,9.22,3265.95,163.02,0.14,484.48,199.54,0,No Failure,176.7,77.6
M,9.2,3264.94,213.77,6.1,199.87,222.63,0,No Failure,174.0,76.6
M,8.42,3539.75,217.87,3.38,250.77,222.65,0,No Failure,162.7,72.6
H,9.85,3753.36,237.38,4.04,1.0,200.2,0,No Failure,162.4,72.5
M,9.61,3045.34,238.15,5.25,273.78,219.84,0,No Failure,184.7,80.4
M,9.25,3149.95,234.88,5.73,495.85,227.99,0,No Failure,174.7,76.9
L,6.73,3065.33,220.2,4.74,302.03,191.15,0,No Failure,156.9,70.6
M,11.04,2986.38,157.96,3.86,447.26,226.46,0,No Failure,143.2,65.7
M,10.83,3309.77,275.69,4.29,815.77,203.63,1,Electrode Cap Mushrooming,12.5,22.9
H,10.36,3606.68,219.65,4.97,327.79,183.05,0,No Failure,193.1,83.4
M,6.95,2324.67,268.91,3.65,690.08,170.14,0,No Failure,57.3,35.3
L,12.44,2935.31,139.52,2.54,800.01,198.53,1,Weld Expulsion & Splash,10.0,0.0
M,9.42,3741.79,198.19,3.51,795.04,227.27,0,No Failure,147.7,67.3
L,11.48,3418.12,195.93,4.96,372.72,249.76,0,No Failure,172.2,76.0
M,8.34,3343.63,168.24,5.62,237.35,220.85,0,No Failure,156.1,70.3
L,9.43,3320.36,238.9,4.6,200.87,238.49,0,No Failure,181.6,79.3
M,9.71,3323.91,194.75,4.47,499.88,240.67,0,No Failure,192.5,83.2
L,9.38,3035.82,220.4,5.66,567.68,219.01,0,No Failure,181.7,79.4
H,11.47,3372.01,203.21,5.35,214.98,218.34,0,No Failure,177.7,77.9
H,9.99,2968.81,241.35,5.41,357.14,230.43,0,No Failure,175.2,77.0
H,10.2,3408.39,176.0,4.85,615.24,230.77,0,No Failure,186.6,81.1
M,9.97,3705.45,235.06,5.22,174.81,127.14,0,No Failure,176.2,77.4
M,10.43,3043.57,210.51,3.61,293.44,190.47,0,No Failure,166.7,74.0
H,9.54,3619.89,190.27,5.17,603.31,199.37,0,No Failure,187.3,81.4
H,7.94,3540.27,240.83,2.66,561.04,333.18,0,No Failure,134.3,62.6
L,9.23,3637.24,242.17,5.39,587.78,151.11,0,No Failure,145.1,66.4
L,9.97,3212.38,238.67,4.33,603.21,250.74,0,No Failure,168.5,74.7
L,8.77,3140.28,149.53,4.72,206.85,233.18,0,No Failure,149.9,68.1
L,9.21,4112.65,207.6,4.0,469.9,260.02,0,No Failure,144.0,66.0
H,10.21,3766.13,160.45,3.75,487.95,236.27,0,No Failure,146.9,67.0
M,11.04,3229.0,213.74,5.68,224.91,169.8,0,No Failure,155.5,70.1
H,3.39,3386.29,172.87,5.02,417.24,192.77,0,No Failure,176.6,77.6
M,8.72,3665.1,221.38,4.3,249.33,224.36,0,No Failure,178.2,78.1
H,9.45,4086.0,229.25,5.7,123.23,175.99,0,No Failure,137.2,63.6
H,9.61,3007.29,316.96,4.07,364.91,226.57,0,No Failure,160.3,71.8
M,9.4,3021.64,206.29,5.57,78.65,220.67,0,No Failure,167.5,74.3
H,9.55,3597.55,237.38,4.61,322.03,224.58,0,No Failure,196.6,84.6
M,9.61,3980.66,170.02,4.85,327.69,206.9,0,No Failure,180.9,79.1
M,8.08,2871.02,267.43,4.78,419.69,193.03,0,No Failure,154.8,69.8
L,9.29,2777.77,164.95,5.05,722.08,228.72,0,No Failure,143.5,65.8
H,9.6,4041.26,217.5,3.84,379.21,215.51,0,No Failure,181.9,79.4
L,10.04,4014.05,259.06,4.83,358.88,212.55,0,No Failure,182.2,79.5
L,8.7,3443.83,251.06,4.7,1.0,183.26,0,No Failure,156.1,70.3
L,9.03,3841.13,232.37,5.28,261.79,195.49,0,No Failure,171.1,75.6
M,14.11,3499.08,219.72,2.93,315.31,,0,No Failure,164.6,73.3
M,8.94,3018.9,164.96,4.24,249.07,69.88,0,No Failure,143.5,65.8
M,8.8,3078.28,202.45,5.09,106.07,177.65,0,No Failure,157.1,70.6
H,10.58,3234.88,256.1,4.77,732.61,224.83,1,Electrode Cap Mushrooming,7.7,30.1
H,8.42,2878.61,139.16,5.04,650.16,157.89,0,No Failure,104.9,52.1
H,10.2,3793.65,196.07,5.54,426.14,100.1,0,No Failure,187.9,81.5
L,9.21,3246.84,233.76,5.55,621.36,193.14,0,No Failure,174.9,76.9
M,9.29,,242.89,4.4,164.79,168.44,0,No Failure,162.1,72.4
H,11.39,3069.51,206.01,5.27,758.31,217.09,1,Weld Expulsion & Splash,7.3,27.1
M,12.64,4152.77,297.48,10.25,271.6,218.06,0,No Failure,74.6,41.4
M,10.09,3718.92,155.88,5.02,-413.65,231.56,0,No Failure,161.6,72.2
L,10.34,3652.98,186.64,4.53,272.28,227.64,0,No Failure,180.0,78.8
H,11.83,3824.98,261.01,4.67,363.28,216.52,0,No Failure,158.8,71.3
M,9.35,3028.77,195.7,3.96,60.04,217.72,0,No Failure,161.1,72.1
M,8.51,3789.21,158.46,4.67,520.66,181.28,0,No Failure,148.0,67.4
H,9.76,3496.62,250.3,5.12,882.81,204.3,1,Electrode Cap Mushrooming,9.8,32.4
M,9.07,3475.08,178.98,4.62,227.47,213.11,0,No Failure,189.6,82.1
L,11.45,3025.85,236.43,5.72,310.13,240.57,1,Weld Expulsion & Splash,13.5,20.4
L,9.88,3793.92,203.12,4.82,223.11,237.78,0,No Failure,184.1,80.2
L,9.41,2966.13,198.6,4.5,313.57,217.0,0,No Failure,189.9,82.2
M,12.12,2875.36,241.3,4.7,569.77,215.8,1,Weld Expulsion & Splash,11.7,24.9
L,,3537.67,187.37,5.25,690.15,244.76,0,No Failure,166.5,74.0
H,9.06,3064.64,194.63,4.45,543.01,182.88,0,No Failure,171.2,75.6
L,8.64,3474.7,265.08,4.73,632.58,219.0,0,No Failure,173.2,76.3
L,8.5,3419.11,216.63,5.55,510.4,243.49,0,No Failure,175.3,77.1
L,10.55,3141.51,213.97,4.61,1.0,180.96,0,No Failure,166.3,73.9
L,7.86,3806.79,173.63,4.63,233.06,179.22,0,No Failure,137.5,63.7
M,8.77,2896.94,199.46,5.3,683.53,214.6,0,No Failure,164.8,73.4
L,9.76,3287.9,223.01,4.77,776.27,203.36,0,No Failure,202.0,86.5
M,9.82,3117.96,242.98,5.17,312.15,178.53,0,No Failure,177.9,78.0
M,9.78,3385.6,248.77,3.75,193.74,209.08,0,No Failure,184.2,80.2
L,9.03,3608.79,196.11,3.64,198.57,223.36,0,No Failure,162.1,72.4
M,8.69,3736.98,217.93,3.84,464.4,193.73,0,No Failure,173.9,76.6
M,9.43,3374.25,204.27,3.99,325.77,204.25,0,No Failure,200.8,86.1
L,10.06,3208.36,189.89,3.95,1.0,207.97,0,No Failure,168.2,74.6
L,11.15,3958.32,180.5,4.37,486.93,176.5,0,No Failure,143.5,65.8
L,9.56,3396.39,187.4,4.94,534.65,198.93,0,No Failure,204.6,87.5
M,10.91,3436.31,191.05,3.77,771.19,194.1,0,No Failure,154.3,69.7
L,8.24,3805.27,141.92,4.5,666.4,265.84,0,No Failure,103.8,51.8
L,11.52,3277.44,203.81,4.94,385.26,245.76,0,No Failure,175.0,77.0
M,10.16,3401.33,202.83,5.52,462.04,213.22,0,No Failure,208.2,88.7
M,10.15,3046.15,187.6,4.6,143.92,206.48,0,No Failure,181.4,79.3
L,10.02,4169.91,194.88,5.6,264.51,215.36,0,No Failure,163.3,72.8
M,10.53,3139.22,226.07,4.4,55.19,193.07,0,No Failure,168.7,74.8
H,8.3,3471.86,288.07,4.41,365.92,254.58,0,No Failure,137.0,63.5
M,9.52,3882.7,285.23,6.17,294.67,216.14,0,No Failure,138.8,64.2
M,9.74,3178.64,260.15,4.75,501.37,241.33,0,No Failure,179.9,78.7
M,8.63,3732.08,195.27,5.41,500.77,192.73,0,No Failure,169.3,74.9
M,12.24,3327.75,248.44,4.08,327.25,213.25,0,No Failure,161.1,72.1
L,9.97,3611.6,222.07,5.81,522.93,189.81,0,No Failure,183.2,79.9
L,8.37,3580.1,235.85,4.31,426.48,204.91,0,No Failure,187.0,81.2
H,10.91,,207.89,5.38,346.71,221.5,0,No Failure,191.4,82.8
L,10.62,4305.12,171.01,5.28,492.56,198.03,0,No Failure,144.9,66.3
M,11.11,3261.04,296.26,5.63,1.0,187.97,0,No Failure,114.1,55.4
H,8.15,4305.21,165.74,6.17,,176.6,0,No Failure,92.5,47.8
H,8.46,3440.41,205.01,4.14,503.28,217.05,0,No Failure,189.4,82.1
H,9.76,2786.91,159.56,5.41,233.38,234.65,0,No Failure,144.0,66.0
L,8.25,3855.54,63.16,4.19,209.75,225.53,0,No Failure,152.7,69.1
M,9.79,3517.21,174.17,6.15,485.48,196.44,0,No Failure,172.3,76.0
H,10.27,3242.96,223.55,3.9,167.68,146.7,0,No Failure,144.0,66.0
M,11.08,3663.46,228.92,4.91,536.94,209.81,0,No Failure,193.2,83.4
L,11.52,3026.01,166.49,4.85,144.88,180.5,1,Weld Expulsion & Splash,4.8,18.1
M,10.43,3189.64,194.21,4.47,516.33,242.5,0,No Failure,176.4,77.5
M,9.42,2955.09,258.84,4.73,541.7,192.69,0,No Failure,172.8,76.2
L,9.84,3638.63,189.06,4.83,317.39,215.77,0,No Failure,205.0,87.6
L,7.67,3676.3,192.08,4.19,485.26,235.79,0,No Failure,151.3,68.6
L,10.2,4318.0,259.44,4.81,301.69,204.74,0,No Failure,163.4,72.9
L,11.92,2396.24,197.34,4.92,400.2,221.38,1,Weld Expulsion & Splash,2.9,21.9
M,8.77,3361.4,161.3,4.75,107.48,249.4,0,No Failure,148.5,67.6
L,10.33,3548.57,265.3,4.42,46.35,236.73,0,No Failure,150.1,68.2
M,9.23,3312.09,234.25,3.67,352.79,225.91,0,No Failure,179.3,78.5
L,9.42,3395.81,229.74,4.64,94.01,230.06,0,No Failure,188.3,81.7
M,7.66,2749.33,222.7,5.89,84.25,212.21,0,No Failure,130.5,61.2
H,9.45,3511.07,176.56,5.09,630.6,213.29,0,No Failure,188.5,81.8
L,5.76,3102.74,248.49,4.23,420.09,201.6,0,No Failure,173.5,76.4
M,10.19,3542.53,165.08,3.93,343.16,241.94,0,No Failure,158.4,71.1
H,10.75,3223.04,167.58,4.06,420.59,180.46,0,No Failure,159.5,71.5
L,10.14,3081.22,213.11,2.72,253.12,205.32,0,No Failure,162.2,72.4
H,10.77,3201.94,286.09,5.01,135.67,140.55,0,No Failure,112.3,54.8
L,9.75,3693.01,217.09,4.98,1.69,218.63,0,No Failure,188.3,81.7
H,10.32,3903.14,224.81,4.46,218.64,251.48,0,No Failure,158.1,71.0
M,10.53,3137.53,254.86,4.76,557.85,239.46,0,No Failure,168.8,74.8
L,10.13,4297.6,224.09,5.23,201.45,207.01,0,No Failure,167.2,74.2
H,10.35,3500.33,240.12,4.76,1.0,238.12,0,No Failure,167.7,74.4
L,10.44,3445.16,182.51,5.07,445.19,172.56,0,No Failure,180.2,78.8
L,9.15,2854.44,227.03,4.0,768.85,219.81,0,No Failure,154.9,69.8
L,9.5,3168.72,196.74,4.93,492.92,191.83,0,No Failure,197.0,84.8
M,9.54,2767.32,204.86,4.81,,212.08,0,No Failure,194.6,83.9
H,8.13,3494.84,276.32,6.21,502.67,214.51,0,No Failure,142.3,65.4
M,10.26,3511.56,218.8,5.03,,219.17,0,No Failure,212.9,90.4
L,10.12,3195.11,181.8,4.83,341.18,247.21,0,No Failure,179.4,78.5
L,9.44,3552.45,156.62,3.91,475.25,193.47,0,No Failure,165.5,73.6
L,8.9,3924.9,223.05,6.09,154.04,188.13,0,No Failure,141.0,64.9
M,9.35,4412.39,194.14,4.84,515.53,329.64,0,No Failure,168.2,74.6
L,9.65,3680.87,205.52,5.41,500.37,216.59,0,No Failure,198.6,85.3
M,8.83,3558.72,,3.77,808.9,195.03,0,No Failure,147.2,67.1
H,9.76,3345.18,216.12,4.57,1100.0,223.76,0,No Failure,177.1,77.7
L,10.42,3430.41,249.17,3.8,589.39,197.88,0,No Failure,172.0,75.9
H,9.66,3523.99,198.12,4.87,532.02,203.07,0,No Failure,210.8,89.7
L,9.8,3124.41,212.91,4.17,496.57,219.5,0,No Failure,202.4,86.7
M,8.3,3362.35,215.01,3.38,106.66,215.46,0,No Failure,161.9,72.4
L,8.38,2703.94,238.74,4.83,117.92,184.02,0,No Failure,140.2,64.6
L,9.62,3397.49,227.6,3.29,74.0,,0,No Failure,144.4,66.1
M,10.74,3219.28,227.22,2.3,692.23,226.63,0,No Failure,135.4,63.0
L,7.14,3287.77,151.59,6.67,806.22,206.72,0,No Failure,97.0,49.4
H,12.58,3953.64,20.24,4.47,97.53,228.64,0,No Failure,128.0,60.3
L,10.37,3644.74,224.69,4.88,110.98,195.39,0,No Failure,184.7,80.4
H,3.92,2923.07,243.96,5.87,739.92,225.25,0,No Failure,149.3,67.9
M,11.96,3014.39,213.16,4.42,496.76,222.43,1,Weld Expulsion & Splash,2.9,30.2
L,,3501.02,259.78,5.21,197.28,192.99,0,No Failure,167.9,74.5
L,10.62,3009.34,247.31,4.75,708.71,233.07,0,No Failure,159.8,71.6
H,10.27,3585.79,193.93,5.44,412.47,242.44,0,No Failure,179.1,78.4
H,8.81,3049.1,264.44,3.52,751.99,187.94,1,Electrode Cap Mushrooming,13.7,13.2
H,12.01,3324.78,135.61,5.77,514.96,257.63,0,No Failure,106.1,52.6
L,8.31,2359.61,170.53,5.84,25.75,233.34,0,No Failure,88.3,46.3
M,8.9,3360.89,281.07,4.58,390.96,190.32,0,No Failure,172.6,76.1
M,9.43,3373.64,,4.97,298.03,226.15,0,No Failure,195.2,84.2
L,8.44,3533.04,235.61,4.7,102.37,189.45,0,No Failure,167.2,74.2
H,8.77,3072.8,260.18,4.56,167.4,218.73,0,No Failure,160.9,72.0
H,10.75,2653.68,230.35,2.97,578.0,216.27,0,No Failure,133.3,62.2
L,7.36,3497.76,175.28,4.56,375.62,201.32,0,No Failure,166.7,74.1
M,8.5,3042.59,239.8,4.79,145.74,192.41,0,No Failure,163.5,72.9
L,10.54,3376.34,187.69,5.2,1.0,208.01,0,No Failure,176.7,77.6
M,10.6,3060.36,211.15,3.84,628.04,192.85,0,No Failure,166.4,73.9
H,9.06,3919.31,216.99,4.75,559.52,242.49,0,No Failure,174.4,76.8
H,9.76,3266.33,264.99,6.89,637.25,216.88,0,No Failure,145.1,66.4
M,9.67,3489.9,231.71,3.73,640.18,231.35,0,No Failure,174.2,76.7
H,8.79,2979.26,176.14,4.47,71.47,208.7,0,No Failure,157.0,70.6
L,10.05,3470.08,238.0,5.6,608.23,215.83,0,No Failure,188.4,81.7
M,9.9,3349.81,227.39,5.47,462.13,179.58,0,No Failure,193.0,83.3
L,11.0,3785.27,207.81,4.76,-711.9,254.62,0,No Failure,162.1,72.4
L,10.86,3104.53,198.88,5.7,143.86,200.64,0,No Failure,160.2,71.8
L,9.35,2951.56,203.62,5.0,66.22,227.0,0,No Failure,169.6,75.1
L,8.46,3077.22,203.84,4.96,379.89,208.31,0,No Failure,194.1,83.7
H,10.34,2692.83,166.37,4.03,658.18,203.61,0,No Failure,141.6,65.2
M,11.8,3408.93,40.48,4.61,151.04,184.36,0,No Failure,169.7,75.1
H,9.92,3077.23,177.66,4.62,485.2,210.61,0,No Failure,197.5,85.0
L,9.59,2750.92,184.79,4.94,473.79,213.36,0,No Failure,185.6,80.7
L,8.98,3258.6,147.53,6.73,1.0,239.24,0,No Failure,99.9,50.4
L,7.2,3065.57,235.39,4.68,34.86,221.07,0,No Failure,142.3,65.4
L,10.77,3402.73,227.84,4.38,241.22,183.85,0,No Failure,181.1,79.1
H,8.68,3510.29,193.57,5.02,303.74,192.11,0,No Failure,184.1,80.2
L,8.27,3573.54,255.7,5.29,1.0,249.19,0,No Failure,125.6,59.5
M,9.13,3408.78,238.1,5.13,420.4,219.84,0,No Failure,204.8,87.5
L,9.77,3308.68,261.29,5.63,826.87,189.82,1,Electrode Cap Mushrooming,7.3,24.6
L,9.26,3375.07,218.67,5.68,308.79,174.28,0,No Failure,179.3,78.5
L,9.79,3482.54,258.49,4.95,184.22,218.59,0,No Failure,189.9,82.3
L,10.97,3457.86,258.11,4.48,581.2,222.99,0,No Failure,172.9,76.2
H,9.77,2920.31,231.26,5.12,,163.33,0,No Failure,169.7,75.1
L,8.61,3171.14,191.8,4.29,585.53,202.82,0,No Failure,174.8,76.9
L,8.97,2395.63,240.7,4.37,396.09,221.67,0,No Failure,154.3,69.6
H,9.2,3238.21,231.53,5.02,405.97,206.96,0,No Failure,208.5,88.9
M,9.84,3740.56,221.3,4.3,460.67,180.4,0,No Failure,188.8,81.9
L,10.52,3381.24,222.69,4.65,164.71,217.65,0,No Failure,199.6,85.7
L,11.75,2748.92,233.67,4.68,355.76,174.36,1,Weld Expulsion & Splash,3.6,21.0
L,8.97,1424.74,232.06,6.09,394.86,207.03,0,No Failure,183.0,79.8
L,8.54,3113.71,235.71,4.15,548.72,191.09,0,No Failure,164.1,73.1
L,8.28,3468.24,207.56,4.89,441.14,201.13,0,No Failure,202.1,86.6
M,8.82,3623.69,258.47,4.51,401.3,184.85,0,No Failure,170.4,75.4
M,10.94,2780.3,213.48,2.85,534.68,200.12,0,No Failure,140.6,64.8
L,10.86,3189.39,216.02,5.65,1.0,233.47,0,No Failure,153.6,69.4
L,9.13,3365.48,234.26,5.44,671.62,270.21,0,No Failure,148.4,67.6
M,8.84,3788.98,191.17,3.9,100.09,214.88,0,No Failure,153.9,69.5
M,11.52,3128.29,180.34,5.97,69.59,221.47,0,No Failure,130.1,61.1
M,9.31,3451.36,196.48,5.02,,175.49,0,No Failure,174.4,76.8
M,8.03,3166.83,237.9,5.06,604.59,228.08,0,No Failure,163.1,72.8
M,7.94,2991.58,385.3,4.38,231.79,155.62,0,No Failure,133.4,62.2
M,10.43,3431.76,284.31,4.49,287.46,204.48,0,No Failure,175.6,77.2
L,10.13,3162.78,200.5,4.15,636.85,220.74,0,No Failure,182.5,79.6
M,9.55,3676.38,247.33,3.69,904.85,231.07,0,No Failure,138.6,64.1
L,10.24,3642.88,247.05,4.98,439.12,200.18,0,No Failure,195.8,84.3
L,9.99,2944.85,240.04,4.56,591.34,245.0,0,No Failure,165.6,73.7
L,8.15,2867.85,203.27,4.4,850.15,220.24,0,No Failure,143.7,65.9
M,10.66,2789.76,176.28,4.85,205.52,227.09,0,No Failure,155.6,70.1
M,9.99,3367.0,238.93,4.64,248.0,155.26,0,No Failure,176.9,77.7
M,10.32,3245.36,197.77,4.01,449.27,170.98,0,No Failure,172.5,76.1
H,8.87,3190.96,,4.95,110.48,280.17,0,No Failure,123.1,58.6
L,9.25,3610.85,205.86,3.73,307.16,208.99,0,No Failure,187.6,81.4
L,9.44,2895.63,203.69,4.32,448.74,224.29,0,No Failure,186.2,81.0
L,10.97,3436.91,253.16,3.96,246.15,168.73,0,No Failure,145.3,66.5
L,8.7,3692.9,172.55,5.08,389.67,217.94,0,No Failure,177.0,77.7
L,10.04,3131.33,221.76,5.43,523.59,229.4,0,No Failure,188.7,81.8
L,10.74,3134.2,287.92,5.69,487.47,262.23,0,No Failure,120.4,57.6
M,11.0,4071.13,245.93,5.57,719.11,192.51,0,No Failure,130.7,61.3
L,11.95,,222.59,3.72,337.18,219.89,1,Weld Expulsion & Splash,7.5,23.2
L,9.51,,172.12,4.87,585.23,168.51,0,No Failure,173.6,76.5
L,11.03,3442.0,224.48,4.82,401.67,206.02,0,No Failure,211.4,89.9
H,9.61,3338.21,179.35,3.31,300.91,181.63,0,No Failure,158.1,71.0
M,11.05,3187.6,259.58,4.36,1.0,252.71,0,No Failure,124.7,59.2
L,7.31,2894.32,252.36,4.91,19.84,249.26,0,No Failure,108.5,53.4
M,8.82,4077.89,230.77,3.98,321.05,199.15,0,No Failure,158.0,70.9
L,10.44,4869.83,247.87,4.61,688.63,236.12,0,No Failure,161.3,72.1
M,10.1,3778.7,184.9,4.45,420.3,203.16,0,No Failure,192.6,83.2
L,9.5,3254.97,233.24,4.41,539.93,204.69,0,No Failure,200.5,86.0
L,9.41,4488.55,254.72,4.15,401.99,174.5,0,No Failure,148.3,67.5
L,10.59,3935.17,199.97,4.27,876.79,215.32,0,No Failure,153.1,69.2
L,,3800.26,248.47,4.78,1.0,229.08,0,No Failure,164.4,73.2
H,9.81,3715.61,203.18,3.27,61.14,225.3,0,No Failure,153.9,69.5
M,8.33,2874.61,241.52,4.79,616.97,204.57,0,No Failure,166.2,73.9
M,9.49,4061.57,237.77,4.05,62.02,244.36,0,No Failure,133.4,62.3
L,10.97,2684.84,226.65,5.11,537.67,193.47,0,No Failure,161.6,72.2
H,9.44,3748.97,229.49,4.51,149.02,227.9,0,No Failure,176.6,77.5
L,10.45,3740.18,229.87,5.61,1.0,176.05,0,No Failure,140.8,64.9
L,8.65,3021.38,218.49,3.89,738.58,194.06,0,No Failure,154.3,69.6
L,9.72,3452.06,,3.44,860.57,194.37,0,No Failure,146.6,66.9
H,8.98,3726.31,245.81,5.24,410.82,180.22,0,No Failure,169.2,74.9
M,10.03,3652.79,219.18,5.85,210.15,216.75,0,No Failure,182.9,79.8
L,10.83,2980.89,239.87,5.41,140.2,227.14,0,No Failure,151.8,68.8
L,10.34,3332.53,228.53,4.66,611.27,139.67,0,No Failure,159.9,71.6
M,10.65,2905.25,253.98,5.49,609.23,191.39,0,No Failure,147.7,67.3
L,9.94,4234.41,159.49,4.87,480.67,205.66,0,No Failure,166.6,74.0
H,10.25,3458.62,227.83,5.57,354.36,193.61,0,No Failure,192.7,83.3
L,10.55,2608.72,190.42,5.68,309.2,214.94,0,No Failure,154.1,69.6
L,9.68,3793.45,275.61,4.39,702.59,216.28,0,No Failure,159.6,71.5
H,9.87,2820.15,211.7,6.58,451.07,166.67,0,No Failure,143.9,66.0
H,10.05,3916.22,225.14,3.43,523.58,201.54,0,No Failure,167.9,74.5
H,9.28,4114.31,192.18,3.11,297.61,236.54,1,Torch Cooling Restriction,5.8,15.7
L,9.5,3550.87,227.12,6.2,468.05,222.25,0,No Failure,182.0,79.5
L,8.78,3777.0,215.89,5.5,336.18,179.27,0,No Failure,167.8,74.4
H,9.43,4013.95,219.19,4.0,93.89,230.11,0,No Failure,154.5,69.7
H,10.0,3822.08,183.59,5.39,216.83,210.37,0,No Failure,177.1,77.7
H,10.18,2505.74,243.1,4.06,,206.26,0,No Failure,142.6,65.5
M,11.38,3101.05,270.83,4.96,652.79,206.28,0,No Failure,155.0,69.9
L,9.78,4230.22,266.32,3.85,458.91,172.63,0,No Failure,131.3,61.5
M,10.19,3822.87,283.92,4.48,591.64,197.53,0,No Failure,155.6,70.1
M,9.62,3182.95,279.72,4.58,569.49,230.07,0,No Failure,167.9,74.5
M,9.23,3419.19,214.95,5.33,210.15,211.91,0,No Failure,204.4,87.4
L,8.18,3177.28,236.61,5.34,776.57,218.28,0,No Failure,155.4,70.1
L,11.07,3649.91,411.95,5.03,786.18,188.34,1,Electrode Cap Mushrooming,4.2,21.5
L,9.73,3681.52,216.62,5.67,128.71,165.36,0,No Failure,158.6,71.2
M,10.2,3345.45,169.37,4.17,616.53,210.98,0,No Failure,181.8,79.4
H,10.06,,204.78,5.4,622.39,184.83,0,No Failure,163.6,72.9
M,10.18,3761.55,201.89,4.81,489.13,213.39,0,No Failure,205.6,87.8
M,8.44,3485.75,215.66,4.7,239.95,194.56,0,No Failure,191.9,83.0
L,9.88,2736.69,219.84,4.77,446.43,189.7,0,No Failure,192.5,83.2
M,10.32,3890.57,270.01,5.05,729.42,219.75,1,Electrode Cap Mushrooming,12.1,23.8
L,10.66,3072.04,213.1,3.63,293.23,189.02,0,No Failure,165.4,73.6
M,9.27,2537.91,186.5,3.45,351.91,201.72,0,No Failure,142.9,65.6
L,10.26,3802.66,143.74,4.91,,181.0,0,No Failure,140.3,64.7
L,8.9,3738.94,255.65,4.71,1.0,195.01,0,No Failure,152.6,69.0
H,10.61,4046.81,168.11,6.15,,204.41,0,No Failure,144.6,66.2
M,9.78,3439.02,212.0,6.28,660.2,246.43,0,No Failure,164.8,73.4
H,10.11,3284.72,220.98,5.51,820.06,247.18,0,No Failure,161.1,72.0
H,16.71,2684.82,223.53,5.13,359.07,185.26,0,No Failure,164.6,73.3
M,11.42,3185.25,171.91,4.37,431.95,228.69,0,No Failure,163.5,72.9
M,10.47,,142.17,4.51,58.23,172.44,0,No Failure,134.9,62.8
L,8.88,3402.64,223.84,4.12,64.38,182.13,0,No Failure,165.3,73.5
L,9.62,3758.44,169.64,3.71,324.88,175.89,0,No Failure,147.3,67.2
L,12.81,3698.76,206.73,5.66,366.44,235.73,0,No Failure,140.3,64.7
L,10.06,3422.85,257.74,5.54,836.6,225.6,1,Electrode Cap Mushrooming,13.4,26.7
M,8.85,2840.66,227.7,4.98,695.45,257.1,0,No Failure,142.8,65.6
H,10.15,5874.29,282.84,4.54,-555.02,193.67,0,No Failure,170.2,75.3
M,9.15,2920.46,369.78,5.87,190.69,258.34,0,No Failure,131.0,61.4
H,8.93,2722.25,229.92,4.38,669.81,226.15,0,No Failure,154.9,69.8
H,9.65,3416.59,285.01,2.99,535.13,227.09,0,No Failure,144.5,66.2
L,8.4,3749.36,186.02,3.85,662.59,194.39,0,No Failure,143.5,65.8
L,8.11,3597.92,144.02,4.48,381.92,222.89,0,No Failure,153.6,69.4
L,8.55,2978.6,264.1,4.94,,229.93,0,No Failure,159.8,71.6
L,10.24,3672.37,201.79,4.35,80.51,205.25,0,No Failure,180.1,78.8
L,9.16,3367.71,214.2,5.26,342.75,200.92,0,No Failure,207.9,88.6
M,10.95,3888.23,188.46,5.23,163.6,239.6,0,No Failure,143.5,65.8
H,9.6,3549.65,175.37,4.7,920.21,216.63,0,No Failure,171.0,75.6
M,9.18,3604.36,189.11,4.26,675.21,211.79,0,No Failure,179.6,78.6
M,9.64,3524.89,168.67,6.21,770.81,227.56,0,No Failure,144.2,66.1
M,11.56,3225.14,205.96,4.92,436.25,195.94,0,No Failure,189.5,82.1
H,9.2,3331.0,213.83,5.18,346.81,,0,No Failure,210.8,89.7
H,11.12,3261.16,213.44,4.52,1.0,226.28,0,No Failure,169.3,75.0
L,10.04,2639.56,182.36,4.5,719.71,221.05,0,No Failure,154.5,69.7
L,8.02,3275.35,207.58,5.88,97.3,207.74,0,No Failure,159.1,71.3
M,10.91,3458.68,212.38,5.18,1.0,162.16,0,No Failure,152.3,68.9
H,10.36,3846.36,271.89,5.75,557.13,218.16,0,No Failure,149.8,68.0
M,11.26,3392.0,200.95,5.51,377.07,247.72,0,No Failure,168.2,74.6
L,9.92,3502.92,256.95,5.47,662.02,208.4,0,No Failure,181.4,79.2
L,9.99,2913.81,199.29,5.3,698.12,197.04,0,No Failure,171.0,75.6
M,11.0,3339.93,246.69,5.69,250.66,207.25,0,No Failure,172.0,75.9
H,9.11,3524.25,157.04,3.28,519.23,252.58,1,Torch Cooling Restriction,5.4,15.4
L,8.83,3695.6,208.6,5.59,1.0,222.85,0,No Failure,156.9,70.6
H,10.22,3569.87,171.98,2.53,470.16,169.32,0,No Failure,126.8,59.9
L,11.34,3053.07,208.05,5.5,1.0,221.07,1,Weld Expulsion & Splash,7.2,22.8
M,8.86,3433.19,205.75,6.09,839.17,215.9,0,No Failure,161.0,72.0
L,10.15,3869.63,208.44,5.28,106.16,173.95,0,No Failure,156.7,70.5
L,8.79,3508.38,143.41,5.05,344.12,197.69,0,No Failure,166.3,73.9
L,10.67,3144.36,242.01,4.82,443.84,206.99,0,No Failure,199.1,85.5
L,9.54,3970.45,161.93,5.79,587.93,229.6,0,No Failure,140.4,64.7
M,8.79,3161.18,240.14,4.34,132.71,184.04,0,No Failure,156.3,70.4
L,7.84,2932.18,273.55,4.37,2.27,223.31,0,No Failure,116.6,56.3
M,7.87,2454.61,273.82,4.09,651.92,199.68,0,No Failure,105.4,52.3
L,9.87,3431.87,229.96,3.73,232.13,218.54,0,No Failure,189.1,82.0
L,9.31,2997.1,200.0,5.24,565.01,220.47,0,No Failure,182.3,79.6
M,11.46,3615.22,266.78,4.01,236.99,192.52,0,No Failure,140.3,64.7
L,9.23,2609.22,228.55,5.32,501.27,240.17,0,No Failure,155.0,69.9
H,9.05,3192.11,268.16,5.58,364.93,214.07,0,No Failure,170.7,75.5
M,9.59,3622.7,182.52,4.38,374.99,211.24,0,No Failure,198.6,85.3
L,8.81,3310.3,223.13,5.7,433.55,173.66,0,No Failure,173.4,76.4
L,9.69,3846.83,218.52,4.81,720.57,196.88,0,No Failure,188.8,81.9
M,8.66,3146.97,238.12,4.3,240.28,206.61,0,No Failure,176.4,77.5
H,10.01,3224.96,193.44,5.24,627.34,238.56,0,No Failure,176.5,77.5
M,9.96,4017.77,203.73,4.15,547.95,228.34,0,No Failure,171.5,75.8
L,8.23,3175.43,220.8,2.84,569.01,231.98,0,No Failure,138.3,64.0
L,8.82,3596.59,232.88,5.29,470.22,211.67,0,No Failure,193.7,83.6
M,8.79,3766.5,189.32,5.2,786.16,229.97,0,No Failure,150.8,68.4
L,11.74,3660.97,203.18,3.85,113.87,226.03,0,No Failure,143.5,65.8
M,11.22,3167.13,186.36,5.27,693.15,195.7,0,No Failure,157.4,70.8
M,9.86,3328.91,191.63,7.4,245.32,212.06,0,No Failure,163.4,72.9
L,10.47,3513.57,173.35,5.22,349.36,237.7,0,No Failure,172.5,76.1
L,9.59,3498.68,200.43,3.67,520.67,242.84,1,Torch Cooling Restriction,4.3,31.2
M,9.18,3720.4,213.47,4.8,385.52,181.14,0,No Failure,195.1,84.1
M,9.09,3235.35,242.05,3.43,296.86,217.57,0,No Failure,166.8,74.1
H,10.34,3180.17,233.45,3.9,503.78,222.47,0,No Failure,180.6,78.9
M,9.46,3777.27,219.71,4.27,700.53,219.56,0,No Failure,180.4,78.9
L,9.51,2597.98,267.88,5.38,112.26,193.0,0,No Failure,131.5,61.6
L,10.84,3566.05,241.39,5.44,301.08,211.78,0,No Failure,181.8,79.4
M,10.73,3714.49,241.63,4.67,630.69,220.25,0,No Failure,176.3,77.4
L,8.73,3913.53,148.58,4.57,327.4,212.68,0,No Failure,156.8,70.5
M,10.67,3280.92,219.55,3.93,554.34,229.07,0,No Failure,180.0,78.7
L,7.8,3145.21,187.12,5.05,387.02,201.53,0,No Failure,173.1,76.3
L,9.77,2783.82,227.73,4.25,654.3,257.02,0,No Failure,148.6,67.6
M,9.74,3405.59,211.71,5.13,488.83,205.97,0,No Failure,222.9,94.0
L,10.13,3950.01,189.0,5.48,7.24,212.05,0,No Failure,155.7,70.1
L,8.87,3344.49,242.4,4.78,558.06,209.48,0,No Failure,200.4,86.0
L,11.15,3614.01,222.71,5.09,300.03,219.35,0,No Failure,187.1,81.3
L,9.77,3387.62,208.58,5.08,492.32,201.27,0,No Failure,219.3,92.7
L,8.76,3961.52,176.56,5.46,391.33,261.98,0,No Failure,131.2,61.5
L,9.67,3033.18,199.95,4.25,896.33,229.32,0,No Failure,158.7,71.2
H,10.56,3664.66,206.78,5.14,762.57,184.12,0,No Failure,166.4,73.9
H,10.42,4013.2,238.36,3.54,344.87,204.22,0,No Failure,157.7,70.9
L,11.28,2931.28,212.1,3.73,837.77,226.03,1,Weld Expulsion & Splash,7.5,18.1
M,8.4,3473.92,175.21,5.53,229.55,261.1,0,No Failure,134.3,62.6
L,8.94,4129.43,188.24,5.93,437.53,207.97,0,No Failure,156.7,70.5
L,10.12,4033.48,171.22,5.31,1579.35,141.6,0,No Failure,121.2,57.9
M,16.35,3430.45,220.44,4.93,110.95,201.0,0,No Failure,199.8,85.8
L,9.2,3936.9,201.24,4.04,1.0,201.25,0,No Failure,151.8,68.8
L,10.7,3444.03,144.25,5.19,524.19,180.21,0,No Failure,154.6,69.7
M,11.33,3543.81,158.79,,563.55,182.01,0,No Failure,153.6,69.4
H,10.88,2716.9,214.29,5.42,646.03,195.69,0,No Failure,157.4,70.7
L,11.48,3418.09,170.28,4.49,587.34,166.93,0,No Failure,146.0,66.7
H,8.26,3140.08,236.13,4.45,2096.87,201.28,0,No Failure,150.2,68.2
L,11.06,3144.79,208.86,5.04,588.76,241.05,0,No Failure,170.9,75.5
H,9.99,3573.82,230.57,3.46,428.32,248.8,1,Torch Cooling Restriction,2.3,29.2
M,10.23,3275.01,291.06,4.48,350.88,207.94,0,No Failure,177.6,77.9
L,9.95,3509.46,185.93,4.66,675.4,187.79,0,No Failure,183.9,80.1
H,10.25,3150.08,198.08,4.73,653.18,203.94,0,No Failure,193.4,83.5
M,9.54,3140.52,188.13,4.5,717.26,194.21,0,No Failure,175.1,77.0
M,9.41,3349.82,240.51,4.65,646.55,209.86,0,No Failure,201.2,86.2
M,10.77,3344.57,261.06,4.06,707.66,191.85,0,No Failure,153.5,69.4
L,8.51,3751.5,211.74,4.99,331.98,202.64,0,No Failure,190.1,82.3
L,9.84,3201.92,197.18,4.36,374.64,194.92,0,No Failure,199.8,85.8
L,9.59,3568.52,282.4,5.26,109.07,196.75,0,No Failure,156.7,70.5
L,9.33,3062.03,202.1,5.96,433.01,247.68,0,No Failure,161.9,72.3
H,9.16,3889.69,205.25,4.14,1100.0,210.9,0,No Failure,145.0,66.4
H,10.93,3546.38,241.64,4.94,224.98,171.69,0,No Failure,162.6,72.6
L,8.39,3275.72,239.78,4.12,736.06,223.29,0,No Failure,157.5,70.8
L,9.55,3173.7,35.85,5.27,377.42,177.46,0,No Failure,169.2,74.9
M,11.76,3472.76,158.23,3.93,727.29,174.48,0,No Failure,117.3,56.5
H,12.13,3319.31,196.49,4.84,70.67,260.54,0,No Failure,135.7,63.1
L,10.33,3015.31,221.18,4.94,500.78,223.12,0,No Failure,195.9,84.4
M,8.47,3958.71,228.09,4.57,349.92,251.73,0,No Failure,153.2,69.3
H,11.02,3647.13,202.24,5.14,105.51,205.31,0,No Failure,174.1,76.7
H,9.67,2913.57,222.22,4.08,282.49,201.91,0,No Failure,184.0,80.2
H,8.53,3171.45,233.56,3.94,14.56,195.25,0,No Failure,147.4,67.2
L,9.38,3256.43,220.28,4.83,272.63,232.5,0,No Failure,199.8,85.8
L,10.41,3469.86,223.61,4.6,362.41,211.74,0,No Failure,214.6,91.0
M,8.82,3133.58,221.68,5.39,809.36,214.2,0,No Failure,169.7,75.1
L,9.45,3645.6,202.23,5.07,341.0,230.45,0,No Failure,193.5,83.5
L,9.7,3347.17,183.08,5.61,156.17,207.55,0,No Failure,183.8,80.1
H,12.1,3043.25,214.26,3.97,85.39,230.58,1,Weld Expulsion & Splash,7.5,18.7
M,8.79,3193.06,245.62,4.85,157.94,215.44,0,No Failure,179.2,78.5
L,9.57,3269.71,251.74,4.4,954.9,214.09,1,Electrode Cap Mushrooming,5.6,28.7
H,10.39,3327.6,251.66,4.65,583.01,216.76,0,No Failure,191.4,82.8
L,11.91,3416.64,177.45,4.48,32.42,192.67,0,No Failure,145.7,66.6
L,9.06,3531.06,225.9,3.98,204.25,240.6,0,No Failure,166.0,73.8
L,7.16,3287.0,255.55,3.75,459.45,200.52,0,No Failure,145.3,66.5
H,9.83,2916.41,201.84,4.2,478.09,232.35,0,No Failure,181.2,79.2
M,8.66,3412.67,210.52,5.46,69.53,173.76,0,No Failure,159.2,71.4
M,8.48,3166.71,219.1,4.79,178.88,242.8,0,No Failure,170.9,75.5
M,10.0,2967.17,154.79,3.5,434.36,181.85,0,No Failure,141.4,65.1
L,9.52,3701.55,221.98,4.63,393.03,203.75,0,No Failure,210.0,89.4
H,8.2,3450.07,259.39,5.02,531.15,210.55,0,No Failure,180.0,78.8
L,9.01,2951.79,216.08,5.07,1.0,207.41,0,No Failure,173.7,76.5
H,9.87,1673.66,234.36,4.81,559.97,264.66,0,No Failure,179.5,78.6
L,9.38,3332.2,235.0,4.43,317.8,208.16,0,No Failure,205.1,87.6
L,8.89,3278.4,219.35,4.78,659.39,226.13,0,No Failure,192.3,83.1
M,8.06,3461.37,225.09,3.83,585.23,223.22,0,No Failure,166.6,74.0
L,10.12,3124.4,202.94,5.04,590.89,198.63,0,No Failure,193.6,83.6
L,9.49,3082.62,237.27,4.54,211.75,237.22,0,No Failure,173.5,76.4
L,8.39,3362.43,233.16,3.58,77.85,221.56,0,No Failure,152.4,69.0
M,9.35,3544.48,173.43,5.8,606.7,240.23,0,No Failure,152.6,69.0
M,10.85,3114.43,193.12,4.38,-318.16,217.8,0,No Failure,150.1,68.2
L,9.21,3493.96,218.4,4.04,412.11,203.58,0,No Failure,204.7,87.5
L,10.01,3338.22,186.4,3.14,480.8,178.8,0,No Failure,159.8,71.6
M,10.29,3506.46,210.88,4.53,379.27,323.64,0,No Failure,203.0,86.9
H,10.4,3529.4,171.74,4.94,474.04,217.44,0,No Failure,192.7,83.2
L,10.75,3104.82,188.02,4.82,421.96,144.21,0,No Failure,155.8,70.2
L,9.79,3324.43,247.84,4.38,200.07,192.89,0,No Failure,185.3,80.6
L,9.03,3933.29,217.26,4.12,261.8,228.57,0,No Failure,167.8,74.4
L,11.24,3658.8,254.75,4.35,631.83,184.33,0,No Failure,147.5,67.2
L,9.21,3648.68,180.67,4.68,566.14,211.81,0,No Failure,190.4,82.4
H,11.7,3148.56,238.24,4.88,-1046.07,202.7,0,No Failure,166.2,73.9
M,9.6,3711.99,184.76,4.97,494.88,255.99,0,No Failure,169.5,75.0
M,8.28,3792.66,169.92,5.48,312.2,185.51,0,No Failure,140.9,64.9
M,9.83,3046.04,199.4,4.56,218.32,226.83,0,No Failure,187.0,81.2
M,8.37,,228.98,3.85,224.24,203.36,0,No Failure,146.6,66.9
L,9.03,2652.84,185.15,5.24,410.72,224.34,0,No Failure,162.8,72.7
H,9.61,3875.49,213.81,6.29,492.65,201.4,0,No Failure,174.2,76.7
M,9.14,3216.7,196.52,5.52,829.66,207.89,0,No Failure,169.3,75.0
L,10.95,3636.24,191.26,5.68,256.29,237.42,0,No Failure,153.5,69.4
H,10.59,3555.68,152.88,5.48,617.92,85.69,0,No Failure,162.4,72.5
L,10.68,3847.93,200.37,4.68,818.08,249.92,0,No Failure,145.4,66.5
H,10.43,4042.84,197.66,4.68,170.63,210.76,0,No Failure,175.4,77.1
L,10.09,2931.84,200.34,6.18,1.0,179.79,0,No Failure,131.2,61.5
L,10.95,2423.02,209.37,5.28,316.05,187.5,0,No Failure,147.3,67.2
L,8.58,,183.47,6.24,242.35,203.26,0,No Failure,158.0,71.0
H,8.89,3946.05,255.25,5.15,202.79,211.98,0,No Failure,160.3,71.8
L,9.39,3779.37,182.11,5.94,321.59,233.28,0,No Failure,155.3,70.0
L,8.67,2964.13,218.71,5.5,149.57,167.7,0,No Failure,142.3,65.4
H,9.39,3411.67,217.92,4.67,278.39,230.31,0,No Failure,206.3,88.1
H,8.56,3150.01,220.01,4.43,470.75,216.98,0,No Failure,193.1,83.4
M,10.79,3805.36,259.66,4.76,390.3,,0,No Failure,178.1,78.1
M,8.39,2841.84,221.67,4.63,616.56,223.42,0,No Failure,166.9,74.1
M,9.31,3503.52,257.51,4.69,774.8,204.39,1,Electrode Cap Mushrooming,6.5,32.9
H,7.97,3038.54,266.36,4.08,433.6,175.25,0,No Failure,133.2,62.2
H,8.43,3820.19,181.36,4.55,449.69,216.39,0,No Failure,174.1,76.7
H,9.54,3191.47,179.82,4.06,591.39,276.52,0,No Failure,138.4,64.0
H,9.82,3873.1,217.89,4.75,313.97,237.57,0,No Failure,191.9,83.0
H,8.96,3535.18,170.84,5.7,294.89,188.17,0,No Failure,157.8,70.9
M,8.42,2957.31,196.8,5.42,789.65,181.1,0,No Failure,135.0,62.8
M,8.5,2691.98,203.4,4.85,857.22,192.57,0,No Failure,143.6,65.9
L,7.49,3651.97,238.02,4.78,553.71,223.6,0,No Failure,165.8,73.7
H,6.2,3792.53,239.69,4.57,174.34,182.03,0,No Failure,123.1,58.6
M,10.74,3170.61,64.96,4.43,494.53,195.47,0,No Failure,192.3,83.1
H,9.17,3150.91,206.8,3.65,591.45,231.27,0,No Failure,166.2,73.8
L,8.5,3631.85,150.8,3.75,143.32,232.48,0,No Failure,123.4,58.7
L,11.22,2500.99,164.07,3.66,384.53,194.68,1,Weld Expulsion & Splash,7.0,12.2
M,9.55,2748.06,222.43,5.06,528.91,225.49,0,No Failure,182.1,79.5
H,9.39,3428.83,234.18,4.66,392.13,192.9,0,No Failure,206.9,88.3
M,11.75,2643.82,221.78,4.66,417.9,203.36,1,Weld Expulsion & Splash,4.9,29.8
L,9.28,5068.56,200.41,5.59,106.95,245.13,0,No Failure,163.0,72.7
L,10.08,3284.36,219.06,6.17,385.68,151.0,0,No Failure,158.2,71.0
M,9.89,3768.06,199.03,5.08,129.72,245.42,0,No Failure,166.4,73.9
H,8.98,2946.18,178.46,4.81,192.76,233.39,0,No Failure,159.8,71.6
H,9.29,,195.06,5.59,426.2,182.86,0,No Failure,168.0,74.5
H,11.5,3334.44,259.13,6.4,183.59,224.89,0,No Failure,130.7,61.3
M,10.99,3297.81,201.43,4.81,414.74,203.87,0,No Failure,207.0,88.3
L,10.78,2486.06,167.51,4.84,810.76,253.48,0,No Failure,107.7,53.1
L,10.69,,220.26,4.67,253.37,233.29,0,No Failure,178.2,78.1
L,11.31,3537.59,200.44,5.57,463.01,233.45,0,No Failure,170.0,75.2
M,9.26,3007.6,222.52,5.38,235.73,164.43,0,No Failure,156.8,70.5
H,8.09,3023.74,214.58,4.02,435.48,153.83,0,No Failure,144.1,66.0
M,8.68,3658.63,233.39,4.57,16.98,228.98,0,No Failure,159.2,71.4
L,12.46,3476.94,227.75,5.31,694.91,207.29,0,No Failure,160.6,71.9
L,8.77,2732.4,167.55,4.49,391.61,218.91,0,No Failure,158.7,71.2
M,10.8,3341.95,225.47,4.45,675.12,230.84,0,No Failure,179.4,78.5
H,10.98,3656.72,243.75,6.87,131.51,177.48,0,No Failure,112.5,54.9
L,11.21,2953.72,211.4,4.7,1.0,184.88,1,Weld Expulsion & Splash,12.9,23.9
M,9.33,4166.38,262.25,5.2,81.62,168.5,0,No Failure,118.6,57.0
M,9.42,3842.57,241.45,3.83,649.98,218.54,0,No Failure,160.8,71.9
L,8.39,3135.04,178.98,5.42,5.27,230.17,0,No Failure,135.9,63.1
M,7.57,3629.64,211.16,4.57,407.82,220.31,0,No Failure,183.4,80.0
M,11.36,3531.29,236.53,4.13,542.73,189.12,0,No Failure,164.7,73.3
H,9.1,3014.17,243.03,4.16,405.54,237.13,0,No Failure,166.9,74.1
L,10.28,3120.06,175.59,4.86,273.45,166.38,0,No Failure,161.5,72.2
L,9.18,3625.76,221.28,4.13,388.72,253.22,0,No Failure,173.1,76.3
L,10.18,3788.65,189.85,3.64,93.18,205.59,0,No Failure,156.0,70.2
M,9.02,3712.17,174.16,6.36,188.76,276.63,0,No Failure,102.1,51.1
M,10.34,3541.48,200.9,5.23,414.67,223.14,0,No Failure,200.8,86.1
H,8.92,3233.33,144.81,4.76,143.34,208.79,0,No Failure,164.9,73.4
L,8.29,3435.14,174.08,6.4,508.4,254.16,0,No Failure,126.5,59.8
H,11.68,3327.72,230.82,6.41,569.7,206.28,0,No Failure,155.0,69.9
L,9.46,2474.53,245.28,5.49,320.84,216.4,0,No Failure,155.3,70.0
M,8.97,3262.22,202.77,5.78,150.55,200.48,0,No Failure,170.8,75.5
L,8.47,3493.41,247.47,4.7,595.65,180.7,0,No Failure,167.2,74.2
L,7.95,3348.54,187.0,3.38,439.12,162.27,0,No Failure,133.6,62.3
L,10.41,3113.04,207.02,4.28,377.96,251.35,0,No Failure,173.5,76.5
M,10.72,2683.97,183.76,5.44,974.44,205.46,0,No Failure,127.1,60.0
H,10.16,2806.3,221.15,4.73,249.51,225.79,0,No Failure,183.4,79.9
M,9.69,3114.15,249.69,5.01,551.45,252.25,0,No Failure,167.7,74.4
M,10.73,3569.23,228.51,4.43,509.77,194.76,0,No Failure,188.7,81.8
L,11.17,3648.62,229.98,5.21,294.27,208.94,0,No Failure,184.3,80.3
M,10.55,2799.74,213.2,6.35,445.15,181.32,0,No Failure,149.1,67.8
L,11.4,3745.9,224.65,5.37,250.65,200.21,0,No Failure,167.2,74.2
H,9.12,3255.94,171.94,5.66,444.07,183.5,0,No Failure,164.8,73.4
L,9.34,3797.79,196.98,4.4,513.31,171.19,0,No Failure,167.0,74.1
M,9.4,3138.94,212.66,4.83,812.2,180.67,0,No Failure,175.6,77.2
L,10.87,3874.97,248.51,4.92,679.88,191.87,0,No Failure,155.7,70.2
L,8.67,3696.66,235.23,3.99,16.42,185.68,0,No Failure,140.5,64.8
M,8.44,4247.06,232.11,3.82,206.36,201.83,0,No Failure,135.4,63.0
H,9.19,3732.87,156.39,6.32,432.92,210.58,0,No Failure,154.2,69.6
M,9.34,3420.04,180.0,4.62,544.61,196.74,0,No Failure,194.0,83.7
L,11.25,3943.26,175.28,5.03,454.77,191.27,0,No Failure,156.4,70.4
L,7.82,3746.46,218.37,4.65,757.03,172.15,0,No Failure,143.9,66.0
L,9.18,3353.75,193.34,4.68,273.1,174.48,0,No Failure,182.2,79.5
L,7.31,3817.97,216.03,5.88,162.72,181.5,0,No Failure,126.6,59.8
H,9.11,3955.07,188.85,5.4,148.7,94.1,0,No Failure,161.7,72.3
L,11.5,2549.21,232.75,4.53,231.19,191.17,1,Weld Expulsion & Splash,3.1,19.5
M,8.63,3350.23,148.08,4.45,143.32,181.35,0,No Failure,142.4,65.4
L,9.65,3282.23,216.49,5.26,289.05,209.06,0,No Failure,212.9,90.4
H,10.87,3775.32,211.54,3.93,1.0,200.6,0,No Failure,154.3,69.6
L,10.17,3185.9,180.91,4.57,386.34,221.25,0,No Failure,193.8,83.6
L,7.49,3710.83,206.3,4.7,555.85,164.93,0,No Failure,147.8,67.4
L,11.65,3167.84,206.27,5.23,297.28,192.08,0,No Failure,169.6,75.1
L,10.01,3067.75,58.09,5.51,482.77,191.63,0,No Failure,188.0,81.6
L,9.48,,183.72,4.75,592.1,197.17,0,No Failure,192.2,83.1
M,9.64,3256.84,200.28,4.82,371.16,171.12,0,No Failure,194.7,84.0
L,10.88,2801.46,216.83,5.42,599.04,195.09,0,No Failure,163.0,72.7
H,10.7,2756.35,226.03,4.0,77.93,169.71,0,No Failure,127.7,60.2
L,8.58,3419.98,225.39,6.35,424.97,214.82,0,No Failure,179.6,78.6
L,11.63,3281.1,195.38,4.67,563.36,230.54,0,No Failure,172.4,76.1
H,9.32,3791.08,205.02,3.27,153.17,269.01,1,Torch Cooling Restriction,13.6,13.1
L,,3446.32,246.53,4.23,251.4,207.21,0,No Failure,162.9,72.7
L,9.85,3234.06,193.29,3.87,382.41,216.75,0,No Failure,194.5,83.9
L,10.24,3436.86,,5.64,423.15,203.0,0,No Failure,196.1,84.4
L,7.62,4131.88,171.75,4.63,493.39,197.83,0,No Failure,139.2,64.3
L,10.22,3732.54,243.88,4.04,774.3,201.09,0,No Failure,159.7,71.6
L,8.72,3875.43,239.07,5.08,509.73,197.7,0,No Failure,172.1,76.0
L,9.73,3832.19,244.98,3.87,697.31,195.33,0,No Failure,157.8,70.9
H,8.69,3624.16,248.53,5.87,399.45,212.39,0,No Failure,171.7,75.8
L,10.84,5212.48,269.6,3.98,402.48,269.17,0,No Failure,138.6,64.1
L,11.19,3247.04,256.86,4.44,1.0,211.81,0,No Failure,155.5,70.1
L,8.67,3511.3,184.43,6.8,278.49,241.18,1,Torch Cooling Restriction,11.8,22.2
M,10.18,3004.74,198.94,4.06,295.05,204.83,0,No Failure,182.1,79.5
M,11.45,3310.02,200.93,3.71,407.26,225.79,0,No Failure,170.6,75.4
L,10.22,3596.61,203.32,4.11,442.73,220.84,0,No Failure,196.3,84.5
H,9.51,1713.95,215.02,3.44,621.77,197.47,0,No Failure,174.8,76.9
M,8.99,3207.34,214.73,5.21,1.0,209.66,0,No Failure,183.0,79.8
M,10.73,3569.63,248.69,4.28,436.89,194.26,0,No Failure,179.8,78.7
L,8.82,3890.51,222.94,3.78,526.87,342.34,0,No Failure,165.3,73.6
L,9.56,2645.56,178.52,5.41,517.6,191.79,0,No Failure,154.9,69.9
M,10.73,3736.17,198.31,5.29,551.48,173.67,0,No Failure,160.5,71.9
L,11.04,2496.58,247.35,4.36,1023.54,209.37,0,No Failure,112.9,55.0
L,9.33,3753.38,256.04,5.38,,181.99,0,No Failure,165.9,73.8
M,9.53,3133.45,217.84,4.74,397.39,177.24,0,No Failure,198.8,85.4
L,9.88,3708.51,225.72,4.85,181.13,172.05,0,No Failure,178.2,78.1
M,7.96,3555.08,216.68,4.26,1.95,179.42,0,No Failure,146.1,66.7
H,9.98,3337.21,194.83,5.76,674.91,201.74,0,No Failure,181.6,79.3
L,9.71,3532.84,199.85,5.06,302.93,184.97,0,No Failure,195.6,84.3
L,11.69,3276.11,232.53,4.13,229.52,241.16,0,No Failure,150.7,68.4
H,10.59,3087.16,220.99,4.83,440.68,222.43,0,No Failure,202.1,86.6
L,9.65,2827.6,173.51,4.61,1012.95,198.82,0,No Failure,153.6,69.4
H,8.95,3578.07,241.78,4.75,569.04,233.5,0,No Failure,180.1,78.8
H,10.65,2535.24,151.0,4.07,287.59,186.49,0,No Failure,119.1,57.2
H,9.85,,240.18,4.25,449.25,201.03,0,No Failure,197.7,85.0
L,11.91,4245.92,271.21,5.14,250.95,180.71,0,No Failure,107.5,53.1
L,8.83,3396.52,225.43,5.4,448.18,259.69,0,No Failure,172.6,76.1
L,9.41,3176.07,234.0,4.03,276.85,226.94,0,No Failure,178.2,78.1
M,9.13,3942.23,74.62,4.33,276.46,220.01,0,No Failure,172.9,76.2
M,8.15,3656.0,258.44,3.99,634.36,235.83,0,No Failure,134.8,62.7
L,9.37,3556.21,216.61,5.3,385.9,185.03,0,No Failure,196.7,84.6
H,15.01,3473.66,206.29,5.46,156.13,209.84,0,No Failure,194.1,83.7
L,10.33,2970.33,226.4,4.44,310.04,168.0,0,No Failure,165.3,73.6
L,10.12,2629.51,221.54,5.15,491.73,185.65,0,No Failure,171.2,75.6
L,11.04,2519.87,205.23,5.13,239.33,191.68,0,No Failure,148.8,67.7
L,10.55,2646.56,209.83,5.0,516.96,206.52,0,No Failure,181.6,79.3
L,8.56,3878.54,212.32,4.38,426.16,192.76,0,No Failure,179.6,78.6
M,8.68,3503.47,262.63,6.52,184.67,231.49,0,No Failure,128.8,60.6
L,10.78,3887.75,208.57,7.85,557.58,200.98,0,No Failure,175.4,77.1
L,10.27,3103.76,162.79,4.85,249.4,259.74,0,No Failure,149.0,67.8
L,7.94,3671.07,222.48,5.11,1.0,232.79,0,No Failure,148.0,67.4
L,9.74,2956.24,206.8,5.39,190.73,188.38,0,No Failure,173.9,76.6
M,11.84,3065.24,232.14,5.22,596.24,254.49,1,Weld Expulsion & Splash,5.5,18.6
H,10.27,3639.12,234.94,4.68,,231.51,0,No Failure,172.2,76.0
L,10.57,2853.26,215.69,5.03,142.28,179.28,0,No Failure,161.6,72.2
M,9.9,3787.14,230.27,5.25,250.55,220.76,0,No Failure,186.6,81.1
M,10.08,3090.08,168.31,4.96,340.01,217.74,0,No Failure,185.5,80.7
L,9.19,3386.51,274.46,5.94,261.84,184.63,0,No Failure,149.1,67.8
L,9.83,4081.56,227.57,3.68,889.29,202.08,0,No Failure,144.1,66.0
L,9.39,3857.26,221.69,5.51,701.15,170.47,0,No Failure,151.2,68.6
M,13.46,3663.13,187.02,4.45,1.0,209.13,0,No Failure,130.9,61.4
H,9.66,4307.12,168.17,5.88,267.54,188.98,0,No Failure,129.1,60.7
H,9.48,3534.57,185.75,4.94,377.59,305.62,0,No Failure,205.8,87.9
L,10.77,2995.34,186.99,4.23,475.5,202.73,0,No Failure,174.0,76.6
M,11.25,3240.79,159.91,6.34,578.17,199.84,0,No Failure,134.5,62.6
M,10.15,3206.07,173.52,4.11,59.17,169.69,0,No Failure,140.5,64.7
L,9.32,3243.94,301.53,5.23,447.94,227.78,0,No Failure,160.3,71.8
M,12.08,2955.69,240.69,5.09,459.05,225.21,1,Weld Expulsion & Splash,4.7,25.4
L,10.04,3443.31,226.79,3.97,607.16,209.14,0,No Failure,198.0,85.1
H,15.65,3361.89,275.15,4.16,868.52,205.15,1,Electrode Cap Mushrooming,4.7,26.2
M,10.69,3945.97,163.16,5.6,552.36,211.67,0,No Failure,151.1,68.5
L,10.05,3211.73,274.11,4.33,274.66,212.55,0,No Failure,177.4,77.8
H,8.88,3291.22,179.14,4.78,1164.88,239.68,0,No Failure,167.6,74.4
L,8.51,3845.64,227.59,4.72,414.76,159.38,0,No Failure,160.3,71.8
H,10.61,2833.94,221.92,5.56,508.13,239.88,0,No Failure,158.8,71.2
L,10.23,3551.87,232.61,4.28,111.31,193.09,0,No Failure,175.7,77.2
L,8.32,3285.81,227.71,3.98,583.12,211.29,0,No Failure,178.0,78.0
L,10.06,3594.47,225.47,4.86,336.55,212.54,0,No Failure,214.2,90.9
M,11.94,3415.76,182.8,4.24,341.4,222.09,0,No Failure,166.8,74.1
H,9.37,3136.01,220.38,,868.98,214.51,0,No Failure,156.6,70.5
L,9.8,3521.97,173.3,4.78,373.36,209.36,0,No Failure,210.0,89.4
M,10.07,2701.88,221.81,5.9,458.89,215.86,0,No Failure,173.2,76.4
M,11.63,3648.94,215.01,4.56,164.1,210.75,0,No Failure,180.2,78.8
H,11.21,4066.67,254.64,5.12,523.1,201.17,0,No Failure,152.0,68.8
H,9.63,3232.61,229.09,4.18,478.6,189.35,0,No Failure,192.5,83.2
L,9.55,3415.72,144.18,4.53,383.0,235.34,0,No Failure,175.2,77.1
L,8.99,3694.23,183.67,3.7,809.53,201.76,0,No Failure,145.4,66.5
M,9.04,3746.89,219.35,6.01,298.67,213.92,0,No Failure,175.7,77.2
M,9.94,4627.95,,4.81,286.07,227.47,0,No Failure,161.7,72.3
L,9.75,2645.25,182.89,4.48,1321.39,239.45,0,No Failure,154.8,69.8
L,10.97,3192.41,208.48,4.95,218.57,257.14,0,No Failure,163.0,72.7
L,10.34,3628.71,204.2,5.79,649.69,207.19,0,No Failure,178.9,78.3
L,11.26,3814.52,219.12,5.56,442.95,231.31,0,No Failure,167.2,74.2
L,11.29,3951.62,204.05,4.31,549.52,185.5,0,No Failure,154.2,69.6
L,,2604.4,226.68,4.91,598.29,214.14,0,No Failure,174.1,76.7
M,8.66,3731.91,225.46,5.36,269.66,232.47,0,No Failure,167.4,74.3
M,9.7,3628.13,191.7,5.26,332.32,181.07,0,No Failure,182.4,79.6
L,10.16,4080.61,198.8,4.6,590.45,195.93,0,No Failure,172.9,76.2
M,9.91,3588.44,188.82,5.75,511.59,230.2,0,No Failure,177.5,77.9
L,7.44,3221.34,247.12,5.73,905.19,197.32,0,No Failure,121.3,58.0
M,9.94,3090.18,216.85,4.3,406.7,178.1,0,No Failure,191.1,82.7
L,10.05,3698.95,172.7,4.26,,245.92,0,No Failure,164.2,73.2
M,8.32,3388.42,180.59,4.59,1.0,194.92,0,No Failure,158.2,71.0
H,7.19,2733.54,181.45,4.3,223.29,180.84,0,No Failure,113.9,55.4
L,9.36,3747.2,169.14,8.66,234.14,225.24,0,No Failure,163.5,72.9
M,11.51,2932.73,251.71,5.37,482.96,226.42,1,Weld Expulsion & Splash,12.8,23.0
L,11.07,3424.11,215.49,4.32,481.6,64.1,0,No Failure,189.6,82.2
H,10.58,3699.29,194.04,4.36,361.55,212.98,0,No Failure,190.2,82.4
M,9.59,4243.84,252.63,4.66,292.26,204.11,0,No Failure,167.1,74.2
L,9.26,3111.17,203.24,3.96,745.55,187.67,0,No Failure,159.7,71.6
M,10.24,3885.24,187.05,4.36,483.75,203.04,0,No Failure,180.9,79.1
H,11.16,3107.11,187.22,5.44,179.21,200.02,0,No Failure,157.6,70.8
M,8.92,2553.98,181.81,5.61,403.2,183.9,0,No Failure,139.2,64.3
L,7.95,3621.63,181.66,9.75,663.99,235.61,0,No Failure,128.9,60.7
M,9.63,3809.01,228.79,4.8,591.77,208.63,0,No Failure,201.0,86.2
H,8.66,3024.54,197.71,4.01,383.08,179.35,0,No Failure,159.1,71.3
M,9.37,2883.3,96.88,3.18,733.92,264.72,1,Torch Cooling Restriction,14.0,9.2
M,5.04,3018.52,190.01,4.27,315.76,171.24,0,No Failure,161.5,72.2
M,10.83,3437.06,171.94,5.57,139.17,239.36,0,No Failure,147.2,67.1
L,10.61,3505.68,165.73,4.17,511.04,190.85,0,No Failure,167.0,74.1
M,9.94,3005.06,165.41,4.45,571.85,211.81,0,No Failure,177.8,78.0
L,10.4,2667.21,204.92,5.34,490.13,244.77,0,No Failure,155.9,70.2
M,10.53,3204.2,216.34,3.9,669.92,229.27,0,No Failure,171.9,75.9
M,9.15,3282.09,207.84,5.18,370.6,215.43,0,No Failure,207.1,88.3
H,10.43,3444.71,243.6,3.84,367.61,193.08,0,No Failure,179.3,78.5
M,7.26,3555.85,268.03,4.17,36.45,215.22,0,No Failure,127.5,60.2
H,10.22,2912.27,206.4,3.13,88.24,186.71,0,No Failure,135.8,63.1
L,11.28,2718.14,223.47,4.66,682.53,217.14,1,Weld Expulsion & Splash,6.8,26.8
M,11.38,3404.02,222.82,4.92,744.18,238.0,0,No Failure,170.2,75.3
H,9.39,3454.52,186.45,5.3,388.2,188.75,0,No Failure,190.4,82.4
H,7.87,3388.86,187.31,,23.35,222.4,0,No Failure,161.8,72.3
H,10.59,3020.61,197.71,4.88,116.19,202.89,0,No Failure,177.1,77.7
L,9.75,3907.81,227.32,4.6,157.62,224.3,0,No Failure,180.5,78.9
L,9.22,3685.78,194.02,6.58,677.37,158.47,0,No Failure,119.6,57.4
L,9.49,4188.77,201.72,6.13,507.92,220.68,0,No Failure,154.3,69.6
L,10.91,2935.67,210.78,5.05,306.55,219.49,0,No Failure,183.0,79.8
L,10.31,3823.28,188.11,5.4,1.0,199.31,0,No Failure,153.4,69.3
M,8.78,3484.11,152.37,4.98,650.84,268.97,0,No Failure,131.8,61.7
L,9.78,3555.49,262.69,4.29,896.92,201.66,1,Electrode Cap Mushrooming,10.8,27.0
H,10.32,3062.98,203.67,4.88,782.86,206.96,0,No Failure,184.6,80.4
M,7.7,3750.58,234.83,3.92,161.0,200.79,0,No Failure,142.5,65.5
L,,3208.16,202.18,4.76,440.13,228.13,0,No Failure,205.4,87.8
M,11.08,3645.15,226.77,5.34,758.6,184.66,0,No Failure,154.2,69.6
H,11.14,3202.87,187.04,5.28,747.32,187.65,0,No Failure,151.2,68.5
L,8.69,3155.69,229.04,5.32,406.34,176.7,0,No Failure,172.4,76.1
M,11.19,3683.56,201.1,5.15,197.63,222.6,0,No Failure,170.3,75.3
L,7.44,3361.72,223.01,4.58,663.21,177.3,0,No Failure,157.5,70.8
L,11.5,3317.12,230.06,4.58,1.0,188.25,0,No Failure,157.3,70.7
L,9.93,3708.86,253.8,5.2,912.42,,1,Electrode Cap Mushrooming,4.6,26.9
M,10.98,3331.93,224.97,3.9,617.08,235.03,0,No Failure,165.9,73.8
M,11.25,3718.88,146.44,3.56,1.0,209.43,0,No Failure,116.5,56.2
M,9.46,3764.48,183.98,5.25,300.02,209.45,0,No Failure,186.3,81.0
L,7.57,3384.5,183.32,3.81,766.99,197.94,0,No Failure,138.8,64.1
L,8.36,3699.15,203.09,4.88,508.77,211.11,0,No Failure,192.1,83.0
L,11.59,3603.71,222.72,4.74,517.03,196.27,0,No Failure,184.7,80.4
M,8.77,3749.18,191.39,4.37,763.97,213.82,0,No Failure,163.8,73.0
L,7.89,3233.01,210.19,4.95,568.49,206.22,0,No Failure,187.1,81.3
L,9.52,3327.24,160.04,4.47,490.1,233.01,0,No Failure,178.3,78.1
H,9.35,3000.45,203.24,4.7,431.76,179.5,0,No Failure,187.5,81.4
M,12.05,3622.25,168.11,3.96,496.17,241.26,0,No Failure,130.7,61.3
L,9.38,3101.55,360.25,4.69,339.42,265.47,0,No Failure,163.2,72.8
L,10.12,3147.3,248.9,3.88,403.79,210.46,0,No Failure,186.8,81.2
L,10.31,2903.58,192.77,4.91,312.78,200.64,0,No Failure,184.8,80.4
L,,3715.8,248.64,4.18,514.5,210.66,0,No Failure,152.7,69.1
L,11.78,3079.4,224.34,6.49,236.38,200.52,1,Weld Expulsion & Splash,9.0,19.0
M,10.47,3095.53,251.35,6.68,533.75,253.49,0,No Failure,122.5,58.4
M,9.82,3328.01,197.04,4.92,704.37,236.79,0,No Failure,188.4,81.7
M,10.17,3211.95,225.79,5.02,210.87,254.69,0,No Failure,172.7,76.2
H,10.06,3197.29,191.42,3.85,398.7,215.63,0,No Failure,190.6,82.5
L,10.55,3547.26,234.8,4.93,585.48,199.5,0,No Failure,192.3,83.1
M,9.81,3896.66,161.56,3.72,593.7,,0,No Failure,156.6,70.4
M,10.34,3121.69,173.39,5.35,372.81,180.19,0,No Failure,164.9,73.4
L,9.61,3308.52,218.22,6.08,427.14,242.28,0,No Failure,182.4,79.6
H,9.47,2993.97,126.76,3.79,526.31,169.81,0,No Failure,118.6,57.0
L,10.04,3397.11,230.0,3.94,410.06,174.75,0,No Failure,186.4,81.0
M,10.76,3484.51,221.07,5.81,260.25,238.0,0,No Failure,168.6,74.7
M,9.53,2810.42,196.79,6.14,175.05,212.7,0,No Failure,155.3,70.0
M,10.16,3532.49,232.57,4.92,339.82,212.29,0,No Failure,211.1,89.8
M,8.79,3242.43,162.31,-0.84,575.54,170.02,0,No Failure,126.1,59.7
M,10.7,2463.8,263.63,4.28,1.0,191.44,0,No Failure,111.8,54.6
L,9.73,2939.37,202.62,4.81,320.42,186.51,0,No Failure,190.8,82.6
L,,2436.63,239.74,4.49,1040.57,202.87,0,No Failure,130.9,61.3
M,8.76,2954.73,225.0,4.4,482.08,161.25,0,No Failure,156.0,70.3
L,9.08,3952.82,191.41,4.49,1.0,200.75,0,No Failure,153.9,69.5
L,8.9,3123.25,191.94,5.51,402.44,145.63,0,No Failure,144.5,66.2
M,10.37,3530.09,196.01,,349.44,218.66,0,No Failure,199.9,85.8
M,11.3,3250.94,170.04,4.83,488.39,187.79,0,No Failure,169.3,75.0
L,10.11,3331.72,224.77,3.96,612.15,249.81,0,No Failure,170.5,75.4
H,11.74,2801.4,231.29,,8.36,203.97,1,Weld Expulsion & Splash,8.6,20.9
M,11.84,3283.24,202.02,5.29,525.81,193.28,0,No Failure,170.2,75.3
L,9.94,3613.47,226.01,4.85,475.87,193.67,0,No Failure,207.8,88.6
L,10.16,3656.26,246.81,4.74,37.12,212.66,0,No Failure,179.5,78.6
L,10.73,5705.58,239.89,5.35,149.61,219.5,0,No Failure,163.4,72.9
L,9.41,3483.92,212.84,4.82,127.73,231.86,0,No Failure,195.1,84.1
H,11.53,3994.73,202.86,5.42,522.83,186.96,0,No Failure,148.3,67.5
L,11.95,,237.06,5.15,1475.71,255.29,0,No Failure,146.6,66.9
L,9.82,3772.72,232.43,4.7,297.9,181.85,0,No Failure,186.1,80.9
L,9.82,4108.54,182.57,5.35,568.17,233.12,0,No Failure,156.5,70.4
L,11.28,3057.52,211.78,6.25,465.89,234.66,1,Weld Expulsion & Splash,2.8,23.8
M,12.43,,179.49,3.89,883.4,178.13,1,Weld Expulsion & Splash,12.6,4.5
L,9.45,3742.17,167.83,4.99,401.3,221.76,0,No Failure,183.7,80.1
H,8.95,3515.89,223.54,4.32,922.5,227.54,0,No Failure,163.0,72.7
M,9.64,3486.48,244.24,5.24,144.81,,0,No Failure,170.5,75.4
M,10.99,3214.77,194.19,4.34,630.8,179.42,0,No Failure,160.2,71.7
M,9.36,3574.81,228.39,4.1,170.24,,0,No Failure,173.1,76.3
L,11.64,3656.85,215.24,5.69,530.35,199.85,0,No Failure,169.3,74.9
M,9.23,3808.3,202.59,4.12,714.18,221.4,0,No Failure,166.6,74.0
H,8.45,3511.75,182.85,4.43,-545.3,232.55,0,No Failure,174.2,76.7
L,10.55,3507.54,274.48,4.86,708.35,207.98,0,No Failure,173.0,76.3
L,11.1,3715.81,260.79,5.01,74.32,222.32,0,No Failure,149.2,67.9
L,8.74,3151.97,230.6,4.69,81.23,174.72,0,No Failure,157.9,70.9
L,9.82,5599.59,236.93,3.8,346.09,248.17,0,No Failure,174.1,76.7
M,8.82,3558.85,246.94,3.97,392.34,175.3,0,No Failure,160.2,71.8
L,8.76,3627.28,265.61,3.72,412.4,187.49,0,No Failure,151.4,68.6
H,8.0,3220.67,204.84,4.46,683.83,202.52,0,No Failure,171.5,75.7
H,9.8,3729.59,222.43,5.49,891.75,191.95,0,No Failure,164.3,73.2
M,9.96,2754.09,155.12,4.64,324.63,170.3,0,No Failure,144.3,66.1
L,10.2,3632.74,238.81,3.71,140.25,209.56,0,No Failure,170.4,75.4
H,10.4,3183.85,239.89,5.95,577.29,205.72,0,No Failure,171.9,75.9
L,9.52,3158.98,,5.6,572.45,193.56,0,No Failure,150.7,68.4
M,12.78,2744.9,201.94,5.75,455.92,252.06,1,Weld Expulsion & Splash,10.6,9.6
M,10.44,3032.22,207.42,4.16,281.59,208.89,0,No Failure,187.7,81.5
M,9.97,3951.64,256.78,5.23,646.62,211.22,0,No Failure,168.4,74.6
H,8.8,4131.8,167.61,4.35,648.85,227.02,0,No Failure,134.6,62.7
M,11.47,3860.54,148.43,4.83,428.95,258.58,0,No Failure,129.5,60.8
L,10.47,3392.7,184.03,4.5,528.23,246.82,0,No Failure,176.3,77.4
M,11.58,3076.97,226.66,4.69,225.76,211.56,1,Weld Expulsion & Splash,13.1,33.2
M,9.23,3333.33,260.66,5.66,466.92,188.98,0,No Failure,170.7,75.4
L,10.86,3669.64,154.2,4.4,401.12,207.01,0,No Failure,171.0,75.6
L,9.45,3459.05,245.9,5.21,300.75,187.2,0,No Failure,185.1,80.6
H,11.26,3406.85,237.38,,290.38,203.63,0,No Failure,181.5,79.3
M,12.67,3945.36,210.91,3.82,799.22,212.93,0,No Failure,125.1,59.3
M,8.89,3381.45,221.06,4.05,529.74,175.44,0,No Failure,176.5,77.5
M,10.03,3147.94,413.96,5.21,564.07,204.42,0,No Failure,173.4,76.4
H,9.17,3134.39,192.03,4.48,568.18,175.78,0,No Failure,168.5,74.7
L,10.21,3522.25,247.68,4.61,565.0,188.81,0,No Failure,184.7,80.4
L,9.68,3731.89,226.79,5.27,429.59,192.36,0,No Failure,195.9,84.4
M,10.32,3047.43,177.04,5.49,271.5,199.4,0,No Failure,166.9,74.1
L,9.73,3370.62,182.88,4.26,41.87,207.79,0,No Failure,183.4,79.9
M,9.15,3398.61,218.2,5.19,711.64,240.67,0,No Failure,180.6,79.0
H,9.37,3424.91,172.72,5.04,239.73,184.71,0,No Failure,177.5,77.9
L,11.56,2744.11,180.07,4.19,305.51,182.49,1,Weld Expulsion & Splash,8.3,16.2
L,8.22,3512.22,208.77,4.99,1.0,211.38,0,No Failure,176.3,77.4
L,11.03,3616.71,252.68,5.35,394.55,238.55,0,No Failure,161.8,72.3
L,12.51,3053.76,273.75,4.09,325.91,192.2,1,Weld Expulsion & Splash,11.3,13.6
M,9.82,3170.47,233.86,5.3,177.07,217.23,0,No Failure,189.1,82.0
L,10.28,2801.77,217.03,3.41,251.41,214.31,0,No Failure,163.0,72.7
H,10.05,3513.62,267.58,4.1,771.8,262.08,1,Electrode Cap Mushrooming,8.0,16.8
M,9.12,3364.51,175.77,4.39,733.33,189.04,0,No Failure,165.5,73.6
L,10.08,3240.0,247.42,5.35,396.6,181.37,0,No Failure,180.5,78.9
L,8.02,3404.65,191.77,4.26,1724.05,176.71,0,No Failure,146.9,67.0
L,9.49,3516.97,251.97,4.93,469.24,229.19,0,No Failure,193.2,83.4
L,9.23,3887.94,236.38,5.23,1.0,215.35,0,No Failure,159.9,71.6
H,7.58,3054.51,238.6,4.94,518.06,184.3,0,No Failure,154.6,69.8
L,9.74,3621.06,186.05,5.3,419.9,218.96,0,No Failure,198.7,85.4
M,10.01,3890.53,231.27,4.45,267.59,195.45,0,No Failure,180.9,79.1
L,10.24,3214.24,215.62,4.59,691.93,241.51,0,No Failure,182.0,79.4
L,11.36,3340.83,194.22,4.2,472.31,217.66,0,No Failure,183.1,79.9
M,10.82,3301.93,223.18,4.95,596.09,183.5,0,No Failure,184.2,80.2
H,10.78,3580.07,176.16,4.7,331.34,212.61,0,No Failure,188.9,81.9
H,10.9,4032.3,152.22,5.19,501.39,195.33,0,No Failure,142.6,65.5
H,2.95,3432.91,249.31,5.34,59.29,220.74,0,No Failure,161.3,72.1
L,12.4,3515.46,150.98,4.76,729.18,208.34,0,No Failure,142.7,65.5
L,8.99,3821.73,181.07,6.29,763.61,210.74,0,No Failure,138.3,64.0
M,10.01,3107.72,252.24,3.32,409.68,221.54,0,No Failure,166.0,73.8
M,10.38,3866.85,178.79,5.49,381.49,234.72,0,No Failure,160.0,71.7
M,8.86,3088.42,237.36,4.43,931.96,227.54,0,No Failure,148.3,67.5
M,9.06,2575.29,208.26,5.95,294.8,246.98,0,No Failure,133.7,62.3
M,10.5,2735.55,182.1,4.05,247.22,224.1,0,No Failure,148.4,67.6
H,6.2,2899.58,233.05,,386.15,178.23,0,No Failure,136.4,63.3
M,10.99,3293.27,160.39,5.05,394.49,195.7,0,No Failure,174.3,76.7
M,9.5,3551.0,225.94,5.39,741.36,214.61,0,No Failure,186.6,81.1
H,9.8,3885.77,206.67,5.01,764.66,126.78,0,No Failure,175.8,77.3
M,10.56,3377.65,157.63,4.26,428.18,169.04,0,No Failure,160.1,71.7
L,10.61,3356.35,212.44,3.72,136.05,194.81,0,No Failure,173.0,76.3
H,10.35,3659.38,234.08,6.65,478.93,218.01,0,No Failure,162.9,72.7
L,9.8,2653.82,227.74,5.52,584.89,242.51,0,No Failure,154.2,69.6
L,9.79,3548.03,232.88,0.68,700.68,203.02,0,No Failure,187.8,81.5
L,9.99,3112.0,181.59,6.35,798.89,217.34,0,No Failure,145.2,66.4
M,9.53,,190.45,4.3,381.48,195.42,0,No Failure,187.3,81.3
L,10.05,2924.15,209.01,4.31,346.51,205.12,0,No Failure,194.6,83.9
H,8.78,3645.67,229.74,4.01,141.51,234.01,0,No Failure,156.1,70.3
H,8.89,3204.18,174.01,5.55,1422.82,211.71,0,No Failure,178.5,78.2
M,10.6,1768.38,230.05,5.33,34.68,159.09,0,No Failure,141.5,65.1
L,7.71,3989.94,220.06,,180.84,232.35,0,No Failure,150.2,68.2
L,8.45,3771.62,213.64,3.33,259.07,202.66,0,No Failure,157.1,70.6
M,9.64,3572.1,188.83,5.66,348.64,195.8,0,No Failure,184.7,80.4
H,8.7,3837.87,263.43,5.9,794.14,203.47,1,Electrode Cap Mushrooming,4.0,15.6
M,10.7,3266.99,265.96,5.11,387.14,182.07,0,No Failure,168.5,74.7
L,10.15,2299.02,255.24,4.85,446.23,245.0,0,No Failure,142.2,65.4
L,11.97,3103.91,215.96,4.09,80.34,206.43,0,No Failure,155.5,70.1
L,8.93,3069.28,165.53,4.74,464.37,199.97,0,No Failure,177.9,78.0
L,10.36,3302.85,293.98,3.97,237.92,175.87,0,No Failure,135.7,63.1
L,9.83,3527.23,239.0,4.62,1.0,190.59,0,No Failure,177.5,77.9
L,,3577.98,227.99,4.64,619.29,194.36,0,No Failure,194.5,83.9
H,6.2,3420.16,277.47,3.86,668.27,199.88,0,No Failure,116.5,56.3
M,10.09,3307.25,176.52,4.2,550.84,197.82,0,No Failure,183.0,79.8
M,9.91,2947.68,246.18,5.62,56.02,209.33,0,No Failure,161.5,72.2
L,10.42,3677.23,207.77,3.88,203.69,204.37,0,No Failure,177.9,78.0
H,8.42,3362.61,224.53,5.23,532.71,185.44,0,No Failure,180.4,78.9
L,7.61,4498.38,220.35,5.06,456.12,217.3,0,No Failure,146.5,66.9
H,9.96,3794.61,195.49,4.85,625.93,173.77,0,No Failure,172.4,76.1
L,9.73,3602.52,200.15,5.14,9.65,240.71,0,No Failure,168.0,74.5
L,7.4,3056.18,227.64,4.93,774.72,200.67,0,No Failure,151.7,68.7
H,10.17,3455.83,170.33,5.83,661.52,216.85,0,No Failure,167.3,74.3
L,10.75,3925.52,229.11,5.77,304.18,206.91,0,No Failure,166.5,74.0
L,10.57,2845.24,236.8,4.11,556.35,195.19,0,No Failure,160.7,71.9
M,10.54,2779.84,267.93,5.74,306.59,249.66,0,No Failure,122.6,58.4
H,10.25,3314.11,218.41,4.44,607.27,187.8,0,No Failure,193.2,83.4
L,8.86,3341.23,155.64,4.58,416.91,182.84,0,No Failure,171.2,75.6
L,10.07,3262.45,209.09,4.68,307.65,222.44,0,No Failure,208.9,89.0
M,10.16,3502.33,200.47,5.1,439.89,253.47,0,No Failure,186.4,81.0
M,13.48,3737.71,259.78,4.74,509.63,209.71,0,No Failure,148.0,67.4
L,11.0,3112.2,229.78,4.02,458.35,229.79,0,No Failure,170.6,75.4
L,10.68,3428.04,200.73,4.48,102.58,187.42,0,No Failure,175.7,77.2
L,10.58,3218.39,247.58,5.1,652.24,202.82,0,No Failure,178.0,78.1
L,8.57,3027.53,178.09,4.96,184.47,205.26,0,No Failure,165.7,73.7
M,10.51,3762.35,265.74,4.26,716.76,224.47,0,No Failure,148.2,67.5
H,10.21,3976.57,233.62,4.49,264.35,238.3,0,No Failure,164.7,73.3
M,10.57,3446.67,215.61,5.12,492.46,216.11,0,No Failure,210.7,89.6
L,9.15,3438.71,228.02,5.44,460.91,181.68,0,No Failure,187.2,81.3
L,9.08,3271.87,242.7,4.46,349.25,237.07,0,No Failure,180.2,78.8
H,8.72,2643.06,199.7,4.48,587.01,218.23,0,No Failure,161.4,72.2
L,9.9,2812.34,216.56,5.25,404.28,150.34,0,No Failure,162.6,72.6
L,9.26,3761.23,198.23,4.81,363.88,226.41,0,No Failure,193.7,83.6
L,11.78,3651.53,239.04,5.49,714.53,211.85,0,No Failure,153.1,69.2
M,11.13,3620.65,221.77,3.67,339.96,214.83,0,No Failure,175.3,77.1
L,10.38,3245.51,235.82,4.21,102.89,221.11,0,No Failure,173.4,76.4
L,9.13,3479.02,223.25,5.65,523.33,233.37,0,No Failure,182.3,79.6
L,9.22,3196.52,221.24,4.79,270.03,197.62,0,No Failure,201.4,86.3
L,10.48,3014.71,211.85,4.87,531.59,188.81,0,No Failure,189.3,82.0
M,8.72,3578.07,268.18,4.5,525.82,218.3,0,No Failure,171.2,75.6
L,10.92,3253.67,275.01,6.11,476.09,187.3,0,No Failure,140.6,64.8
H,10.41,3843.47,213.19,5.53,109.64,174.36,0,No Failure,151.4,68.6
M,11.83,3689.9,280.04,3.54,765.18,195.25,1,Electrode Cap Mushrooming,8.8,7.6
M,10.66,1290.37,137.48,4.42,445.24,218.72,0,No Failure,166.1,73.8
M,9.31,3460.65,209.38,5.58,1.0,208.43,0,No Failure,181.8,79.4
L,8.08,2818.57,253.89,5.35,721.62,209.72,1,Electrode Cap Mushrooming,7.1,19.2
H,8.79,3558.03,157.47,4.68,213.35,215.08,0,No Failure,170.0,75.2
M,11.5,3617.19,209.69,4.49,299.97,200.81,0,No Failure,182.6,79.7
L,8.78,3174.95,222.96,4.0,378.67,192.89,0,No Failure,180.5,78.9
H,13.13,3581.17,242.93,4.16,840.81,238.93,0,No Failure,109.5,53.8
M,8.7,2748.54,159.79,5.09,281.06,254.29,0,No Failure,124.0,58.9
L,10.08,2720.5,237.73,4.45,161.06,216.03,0,No Failure,167.2,74.2
L,10.9,3476.52,260.48,4.6,60.93,206.71,0,No Failure,167.6,74.3
M,9.36,3636.75,249.16,4.25,372.57,216.75,0,No Failure,187.2,81.3
L,9.48,3689.82,273.44,5.73,662.88,226.46,0,No Failure,146.9,67.0
M,10.73,3540.23,194.16,4.26,373.05,241.69,0,No Failure,174.4,76.8
L,8.37,3699.57,247.55,4.2,910.35,223.21,0,No Failure,136.0,63.2
L,11.3,3457.65,241.11,5.4,503.22,,0,No Failure,172.4,76.1
H,12.55,3219.03,212.09,3.52,626.4,207.57,0,No Failure,148.3,67.5
M,10.06,2791.94,216.75,3.53,351.66,214.56,0,No Failure,175.1,77.0
L,9.61,4069.89,177.01,4.72,125.6,235.39,0,No Failure,151.8,68.8
L,8.7,3470.09,209.54,5.28,210.6,238.46,0,No Failure,175.1,77.0
M,9.68,3710.29,245.16,4.37,508.14,261.11,0,No Failure,160.9,72.0
L,9.65,4250.68,177.77,5.54,356.96,239.57,0,No Failure,143.8,65.9
L,,3456.81,152.34,4.38,293.55,231.68,0,No Failure,159.5,71.5
M,10.08,3659.18,240.01,4.25,389.4,192.9,0,No Failure,187.3,81.3
H,9.13,3548.98,228.75,4.92,339.86,186.37,0,No Failure,193.5,83.5
M,8.35,3187.24,244.45,4.52,767.15,220.1,0,No Failure,159.4,71.4
M,8.68,2596.56,184.23,1.19,562.3,,0,No Failure,149.9,68.1
M,9.03,3486.18,192.45,6.12,655.39,194.03,0,No Failure,159.4,71.5
M,9.38,3470.54,219.46,4.91,23.44,218.05,0,No Failure,194.6,83.9
M,9.33,3600.05,271.09,3.78,899.09,197.89,1,Electrode Cap Mushrooming,5.9,17.8
M,9.46,3300.02,242.7,3.3,444.49,221.33,0,No Failure,175.8,77.3
H,9.33,3769.55,,5.6,27.74,233.96,0,No Failure,156.8,70.5
M,9.64,3285.72,179.15,5.74,1135.28,223.4,0,No Failure,166.0,73.8
L,9.49,3522.7,226.81,5.12,546.83,207.64,0,No Failure,207.5,88.5
L,10.45,3136.29,219.42,4.98,812.72,204.72,0,No Failure,183.7,80.1
M,10.11,3036.55,242.64,4.96,659.27,233.74,0,No Failure,171.2,75.6
L,11.81,3171.73,187.61,4.75,411.15,246.11,0,No Failure,161.7,72.3
M,11.02,3623.74,205.74,5.86,679.54,231.63,0,No Failure,153.8,69.5
M,10.67,3496.61,168.65,5.2,282.24,176.56,0,No Failure,160.1,71.7
H,9.06,3197.53,160.37,4.85,467.74,247.07,0,No Failure,164.4,73.2
L,9.91,3061.58,267.76,3.23,540.03,238.18,1,Torch Cooling Restriction,12.8,18.7
H,10.08,2967.49,199.77,5.09,426.13,272.27,0,No Failure,161.9,72.4
L,8.93,3254.48,157.31,4.71,-225.8,188.73,0,No Failure,155.4,70.0
L,8.6,3314.41,277.72,4.57,522.66,303.99,0,No Failure,166.8,74.1
L,7.83,2605.8,185.89,5.42,525.81,194.8,0,No Failure,132.9,62.1
M,9.99,3726.4,211.9,5.14,514.7,212.44,0,No Failure,206.8,88.2
L,7.66,3994.65,142.4,4.14,556.17,224.96,0,No Failure,114.4,55.5
M,8.56,3238.21,157.7,4.35,1.0,180.62,0,No Failure,129.3,60.8
M,9.05,4291.1,221.57,0.84,570.54,200.71,0,No Failure,171.6,75.8
H,9.82,3902.86,163.93,5.94,446.14,211.2,0,No Failure,166.2,73.8
L,8.92,3324.06,257.3,4.53,392.48,214.55,0,No Failure,192.1,83.0
M,7.54,3405.21,258.86,5.14,19.68,229.38,0,No Failure,138.1,63.9
L,11.36,3539.82,213.47,4.14,191.41,239.97,0,No Failure,161.4,72.2
H,9.36,,180.51,4.55,383.73,203.33,0,No Failure,195.3,84.2
M,10.06,3653.89,226.42,6.02,416.27,210.08,0,No Failure,193.5,83.5
L,9.23,3587.22,201.56,4.37,443.89,203.18,0,No Failure,201.9,86.5
M,9.47,3328.04,180.14,4.96,517.28,221.33,0,No Failure,197.2,84.8
H,11.62,3846.72,208.99,5.22,1023.21,235.14,0,No Failure,125.8,59.6
H,10.53,3514.3,135.25,4.58,197.96,220.17,0,No Failure,158.4,71.1
M,11.55,3054.05,228.53,6.31,470.96,221.9,1,Weld Expulsion & Splash,4.2,23.0
M,9.17,3658.84,259.26,4.24,1722.64,234.24,0,No Failure,166.2,73.9
M,10.93,3270.51,246.71,4.68,144.74,225.71,0,No Failure,171.0,75.6
M,9.74,2491.39,207.81,3.8,700.95,227.02,0,No Failure,145.9,66.7
M,8.77,3636.69,261.14,5.01,578.35,186.59,0,No Failure,161.4,72.1
H,9.54,3097.09,213.94,5.76,384.86,200.21,0,No Failure,193.5,83.5
H,8.11,3474.61,218.65,6.02,230.56,182.26,0,No Failure,153.3,69.3
M,9.87,3501.82,225.84,5.06,365.55,194.78,0,No Failure,210.0,89.4
H,8.99,3597.73,249.3,3.7,802.21,236.11,0,No Failure,136.5,63.3
L,9.72,2834.69,247.55,4.47,252.64,237.3,0,No Failure,162.3,72.5
M,10.13,3205.82,231.23,3.38,330.56,230.91,0,No Failure,168.7,74.7
M,10.59,3563.79,249.75,4.65,202.11,188.57,0,No Failure,172.1,76.0
H,11.13,2790.81,197.85,5.1,773.05,203.28,0,No Failure,152.1,68.9
H,8.5,3394.91,17.79,4.68,106.11,188.7,0,No Failure,158.4,71.1
L,11.09,3131.13,228.16,5.99,806.99,214.71,0,No Failure,149.0,67.8
L,14.77,3301.02,207.3,4.44,385.65,209.28,0,No Failure,207.9,88.6
L,9.66,2935.38,205.0,5.4,366.13,160.76,0,No Failure,164.2,73.2
M,9.55,3737.44,259.58,4.46,608.08,176.94,0,No Failure,158.0,71.0
M,11.82,3452.43,217.16,7.4,616.04,265.04,0,No Failure,109.5,53.8
M,10.22,3356.36,174.31,4.35,188.65,168.65,0,No Failure,159.2,71.4
H,10.39,3790.16,204.84,6.17,612.95,160.1,0,No Failure,134.4,62.6
L,8.28,3440.64,233.08,5.14,150.22,210.16,0,No Failure,181.8,79.4
M,8.88,3351.71,251.83,4.54,427.3,190.14,0,No Failure,187.0,81.2
L,8.87,3371.85,210.65,3.9,400.87,236.09,0,No Failure,185.3,80.6
M,10.47,3390.93,229.8,5.32,353.24,194.72,0,No Failure,196.7,84.7
L,9.65,3541.9,162.94,3.3,737.24,211.45,0,No Failure,151.5,68.7
L,10.06,2800.96,177.61,4.77,611.95,210.03,0,No Failure,178.8,78.3
H,10.23,3516.88,216.08,7.31,157.37,123.87,0,No Failure,182.8,79.7
L,7.78,3344.7,198.91,5.48,746.93,202.61,0,No Failure,158.9,71.3
H,8.76,3129.9,242.35,4.56,58.97,245.97,0,No Failure,146.6,66.9
L,9.22,3460.34,235.17,5.03,245.75,167.91,0,No Failure,174.3,76.7
M,9.8,3628.14,285.66,4.5,370.41,239.62,0,No Failure,165.6,73.7
M,9.38,3355.0,209.92,4.85,643.12,208.22,0,No Failure,212.2,90.2
H,9.27,3058.74,285.02,5.52,536.15,212.66,0,No Failure,158.2,71.0
H,9.03,3551.51,193.94,4.21,310.41,240.91,0,No Failure,171.4,75.7
L,11.14,3250.65,197.83,4.8,378.26,243.27,0,No Failure,180.6,79.0
L,9.0,3201.86,211.2,3.59,471.66,196.85,0,No Failure,180.0,78.8
H,9.15,3217.1,274.79,5.04,348.45,216.02,0,No Failure,179.0,78.4
M,9.74,3113.32,188.27,4.52,84.64,222.78,0,No Failure,176.8,77.6
L,9.84,,266.5,5.75,68.17,206.14,0,No Failure,157.7,70.8
M,10.84,2894.23,231.47,4.54,881.8,183.04,0,No Failure,141.1,65.0
H,10.7,3148.88,166.53,3.9,921.91,209.23,0,No Failure,138.9,64.2
M,7.51,3574.27,200.32,5.12,505.08,221.6,0,No Failure,171.8,75.9
M,8.12,3211.75,170.16,5.64,614.57,169.69,0,No Failure,127.5,60.2
L,10.12,3579.12,212.26,3.92,365.53,190.4,0,No Failure,191.1,82.7
L,9.31,3189.98,161.96,6.2,407.71,217.69,0,No Failure,161.7,72.3
H,9.01,3815.56,206.29,4.16,539.55,190.81,0,No Failure,172.3,76.0
H,10.42,4000.4,231.39,4.96,122.98,189.77,0,No Failure,160.9,72.0
L,10.94,2986.11,212.25,4.52,633.21,206.61,0,No Failure,182.2,79.5
M,8.53,3366.65,253.98,5.04,465.45,185.43,0,No Failure,176.1,77.4
M,9.64,3748.17,192.29,4.18,353.17,196.23,0,No Failure,184.8,80.4
H,9.66,3434.64,184.45,4.81,699.92,143.3,0,No Failure,158.0,70.9
M,11.23,3491.49,202.45,5.86,734.19,238.45,0,No Failure,146.6,66.9
L,9.19,3485.41,236.94,3.61,134.43,196.13,0,No Failure,162.9,72.7
L,10.45,3440.04,219.8,5.46,632.63,205.46,0,No Failure,195.1,84.1
L,10.05,2569.26,212.97,4.95,394.99,202.71,0,No Failure,190.7,82.5
M,9.04,3209.32,242.58,3.92,392.03,193.96,0,No Failure,175.8,77.3
L,10.74,3761.66,243.11,3.98,583.86,216.64,0,No Failure,164.2,73.1
L,9.56,3170.2,220.78,4.64,327.6,189.05,0,No Failure,200.4,86.0
L,11.7,3394.4,241.83,4.65,406.11,218.18,0,No Failure,189.2,82.0
L,10.17,3453.01,178.29,5.0,111.08,185.67,0,No Failure,172.9,76.2
L,10.54,3184.1,193.73,5.67,394.49,202.06,0,No Failure,184.0,80.1
M,11.13,3469.26,209.42,3.5,607.5,204.31,0,No Failure,171.0,75.6
L,8.64,3685.68,243.21,4.02,283.58,154.97,0,No Failure,136.8,63.4
H,11.61,3957.31,240.82,4.61,764.5,217.25,0,No Failure,145.3,66.5
L,11.12,3217.13,368.21,4.47,392.06,219.47,0,No Failure,194.7,84.0
H,10.97,4040.88,194.05,3.97,443.31,154.73,0,No Failure,129.3,60.8
M,10.47,3801.26,261.66,4.08,361.97,205.31,0,No Failure,167.6,74.4
L,8.98,3079.77,235.78,5.04,361.38,227.09,0,No Failure,183.8,80.1
M,11.94,2810.67,193.38,4.7,373.55,167.69,1,Weld Expulsion & Splash,2.8,19.5
L,9.47,2625.58,215.25,4.65,650.93,265.87,0,No Failure,146.7,67.0
M,10.4,3506.87,245.63,4.73,217.97,227.86,0,No Failure,184.6,80.4
M,8.46,3624.61,158.21,3.15,237.85,193.24,0,No Failure,124.1,59.0
H,8.98,3413.91,211.77,5.4,312.76,212.74,0,No Failure,204.0,87.3
H,12.2,3109.67,169.19,4.57,1.0,236.46,0,No Failure,119.4,57.3
L,10.45,2940.02,221.34,4.23,473.44,235.34,0,No Failure,175.4,77.1
M,10.61,3440.51,188.58,4.02,267.27,171.44,0,No Failure,160.7,71.9
H,9.65,3300.64,208.12,5.54,659.34,161.2,0,No Failure,165.9,73.7
M,9.4,3242.62,192.8,5.26,244.91,182.56,0,No Failure,176.6,77.5
M,10.18,3634.45,199.09,4.96,132.74,214.85,0,No Failure,190.8,82.6
H,9.45,2778.17,231.81,5.09,817.14,239.12,0,No Failure,148.3,67.5
L,8.88,3124.21,184.33,4.41,376.07,178.64,0,No Failure,167.6,74.4
M,11.58,4233.79,246.32,4.25,729.49,233.98,0,No Failure,115.0,55.7
M,9.23,3312.32,243.76,5.45,419.99,258.4,0,No Failure,167.6,74.3
L,11.24,2920.05,216.4,5.46,523.59,205.04,1,Weld Expulsion & Splash,12.1,31.6
L,10.68,3217.41,276.39,5.3,545.33,206.52,0,No Failure,167.4,74.3
M,8.18,3036.28,227.45,4.5,348.66,235.55,0,No Failure,166.7,74.0
L,8.58,2997.36,220.48,4.01,301.33,234.12,0,No Failure,161.9,72.3
M,9.91,3910.24,304.97,5.86,353.44,236.18,0,No Failure,127.5,60.2
L,10.04,2997.53,221.0,4.52,433.93,198.46,0,No Failure,202.0,86.6
M,11.52,3668.55,150.05,5.0,669.42,181.2,0,No Failure,131.1,61.4
H,10.62,2722.07,207.76,5.47,729.64,242.9,0,No Failure,139.1,64.3
L,12.51,3158.33,205.87,3.33,478.72,176.55,0,No Failure,128.3,60.4
L,10.22,3466.98,377.74,5.58,308.0,231.03,0,No Failure,185.4,80.7
L,11.6,3382.78,165.33,5.8,534.67,203.26,0,No Failure,154.8,69.8
L,7.02,3524.3,146.76,4.28,244.58,166.54,0,No Failure,108.3,53.4
L,8.39,2893.54,218.55,5.06,576.89,211.87,0,No Failure,179.2,78.5
M,9.92,2782.64,256.26,3.74,429.22,231.29,0,No Failure,154.2,69.6
L,9.91,3211.23,221.01,4.76,203.17,249.83,0,No Failure,185.6,80.7
H,9.22,3356.95,196.29,5.76,680.53,166.54,0,No Failure,153.7,69.4
L,8.47,3786.49,221.99,3.7,778.53,187.44,0,No Failure,138.4,64.0
L,8.77,2978.34,199.56,4.88,526.12,248.34,0,No Failure,165.2,73.5
L,9.78,4398.26,199.42,4.34,529.8,200.6,0,No Failure,166.5,74.0
H,9.11,3253.74,245.15,4.36,501.17,173.98,0,No Failure,170.0,75.2
M,7.63,3625.44,176.86,5.52,588.17,174.82,0,No Failure,129.9,61.0
L,7.87,3193.75,230.93,4.52,656.46,198.69,0,No Failure,166.0,73.8
M,8.62,3143.54,218.66,4.01,236.04,319.73,0,No Failure,176.4,77.5
L,9.67,3270.59,190.73,6.11,555.21,186.96,0,No Failure,168.3,74.6
M,7.61,2978.89,242.55,4.85,289.14,235.27,0,No Failure,150.1,68.1
L,7.39,3217.68,244.06,5.28,308.02,228.04,0,No Failure,153.0,69.2
H,10.33,3414.21,222.81,3.69,485.37,219.99,0,No Failure,193.0,83.4
M,10.58,3877.25,212.06,4.86,399.64,211.75,0,No Failure,203.2,87.0
L,9.77,3651.69,172.33,6.22,610.07,235.17,0,No Failure,147.9,67.4
H,11.26,2842.27,199.3,3.84,217.92,194.06,1,Weld Expulsion & Splash,6.0,20.6
H,10.06,3321.2,184.69,3.46,377.53,184.84,0,No Failure,169.4,75.0
L,9.45,2992.16,178.59,4.81,818.53,227.28,0,No Failure,161.2,72.1
H,9.47,3277.1,224.78,5.77,,214.29,0,No Failure,173.7,76.5
L,12.19,3357.59,203.97,5.4,77.99,259.96,0,No Failure,129.0,60.7
L,11.56,2719.89,197.56,5.23,310.79,218.29,1,Weld Expulsion & Splash,6.6,24.9
L,9.13,3093.61,203.18,5.01,347.36,201.28,0,No Failure,196.3,84.5
L,10.69,3462.17,265.76,5.63,672.82,230.99,0,No Failure,150.5,68.3
H,9.48,3713.45,204.17,4.51,852.59,227.17,0,No Failure,170.3,75.3
M,9.14,3205.29,175.13,3.78,302.61,204.13,0,No Failure,168.8,74.8
L,7.46,2636.73,220.28,4.28,227.78,160.98,0,No Failure,114.6,55.6
M,8.89,3124.22,209.25,5.59,103.39,204.17,0,No Failure,170.5,75.4
L,11.63,3618.7,90.1,4.58,55.05,198.02,0,No Failure,159.9,71.6
M,9.84,3385.54,191.95,5.16,171.98,222.67,0,No Failure,194.5,83.9
L,12.35,3565.86,197.02,4.4,531.6,190.94,0,No Failure,158.3,71.1
H,8.15,3376.1,224.09,4.1,635.17,233.73,0,No Failure,165.4,73.6
M,10.53,3259.46,208.59,5.08,415.64,208.49,0,No Failure,213.0,90.4
M,10.13,4107.94,270.03,4.05,715.18,211.75,0,No Failure,140.9,64.9
L,10.37,3131.49,291.39,4.28,533.32,237.1,0,No Failure,145.5,66.5
M,8.72,4009.05,265.7,5.39,507.48,215.28,0,No Failure,151.3,68.6
M,9.09,3722.44,209.54,5.1,598.75,204.16,0,No Failure,191.1,82.7
M,9.34,2939.32,207.56,4.83,226.23,239.78,0,No Failure,176.8,77.6
L,8.05,2943.2,203.13,5.19,747.95,153.69,0,No Failure,121.6,58.1
H,8.35,3804.21,236.69,5.12,1.0,164.1,0,No Failure,125.7,59.5
L,12.71,4153.95,185.06,3.84,725.56,215.32,0,No Failure,106.7,52.8
L,8.28,3204.15,176.79,5.11,391.64,206.61,0,No Failure,179.8,78.7
L,10.3,3938.4,153.34,4.28,128.1,212.31,0,No Failure,147.0,67.1
M,9.61,3021.75,219.24,4.92,593.67,225.27,0,No Failure,195.0,84.0
L,11.5,3642.03,181.52,3.1,432.41,180.99,0,No Failure,131.9,61.7
H,10.97,3303.18,195.56,4.52,49.94,229.83,0,No Failure,165.2,73.5
L,8.9,3210.06,221.52,5.48,202.51,221.1,0,No Failure,179.2,78.5
M,9.59,3295.64,222.19,3.66,310.79,199.16,0,No Failure,190.1,82.3
M,9.95,2899.58,225.89,4.03,513.88,244.45,0,No Failure,165.6,73.7
L,9.58,2996.35,217.58,4.27,186.46,174.55,0,No Failure,168.1,74.5
M,7.78,5501.11,232.9,4.1,493.42,220.05,0,No Failure,162.7,72.6
L,10.0,3064.78,192.52,4.3,499.94,183.35,0,No Failure,178.0,78.0
L,10.61,3721.78,216.17,4.98,487.63,221.4,0,No Failure,198.2,85.2
L,8.5,3200.7,262.05,4.97,643.13,227.24,0,No Failure,159.1,71.3
H,9.58,3230.37,229.47,6.04,284.97,219.58,0,No Failure,180.5,78.9
M,11.34,2655.27,193.44,4.35,550.03,186.2,1,Weld Expulsion & Splash,6.7,20.1
L,,4105.33,183.66,4.33,169.19,213.22,0,No Failure,154.8,69.8
H,8.48,3555.94,212.49,3.67,767.91,211.45,0,No Failure,164.6,73.3
M,9.6,3284.43,148.14,5.26,302.7,200.88,0,No Failure,175.1,77.0
L,9.43,3670.67,67.12,4.62,649.16,214.72,0,No Failure,195.4,84.2
M,11.03,3265.14,229.77,4.58,217.81,191.77,0,No Failure,178.8,78.3
L,10.15,2525.23,191.93,4.19,667.76,230.19,0,No Failure,143.5,65.8
L,9.31,3219.45,223.22,5.41,539.21,203.45,0,No Failure,195.8,84.3
H,10.18,4100.72,169.15,4.64,268.29,164.47,0,No Failure,138.3,64.0
L,8.59,2656.21,259.68,4.8,241.53,181.48,0,No Failure,137.7,63.8
L,11.31,4083.59,185.31,5.24,374.13,211.81,0,No Failure,160.7,71.9
L,7.85,3268.44,199.05,4.65,168.38,226.6,0,No Failure,167.2,74.2
H,8.74,3069.64,224.89,5.16,256.14,195.16,0,No Failure,177.2,77.7
M,9.71,3779.55,213.66,3.74,236.38,235.24,0,No Failure,170.3,75.3
M,9.59,3571.48,242.24,6.89,447.7,176.76,0,No Failure,147.5,67.2
M,7.28,3264.16,257.98,3.74,615.08,253.04,0,No Failure,111.8,54.6
M,9.18,,281.9,4.91,788.32,156.9,1,Electrode Cap Mushrooming,9.2,10.7
M,8.64,2970.16,192.78,3.69,290.67,187.52,0,No Failure,146.6,66.9
H,10.47,3089.15,265.87,5.27,423.45,199.55,0,No Failure,174.6,76.8
M,9.74,3495.49,195.25,4.21,290.25,179.61,0,No Failure,183.8,80.1
M,12.05,3043.53,266.68,4.43,270.78,216.07,1,Weld Expulsion & Splash,7.8,21.2
L,10.37,3515.51,283.25,5.33,507.88,,0,No Failure,160.1,71.7
M,7.92,2604.3,219.22,4.94,142.68,168.05,0,No Failure,127.6,60.2
L,9.63,3101.83,215.68,5.37,337.49,203.75,0,No Failure,202.7,86.8
M,10.16,3689.65,178.32,4.98,105.38,179.58,0,No Failure,159.2,71.4
H,11.13,1135.85,195.18,4.85,790.99,218.01,0,No Failure,157.1,70.6
L,10.96,4048.13,208.17,4.96,548.52,202.26,0,No Failure,175.3,77.1
L,9.55,3994.58,,4.13,719.47,241.95,0,No Failure,135.0,62.8
L,8.17,3126.36,224.48,3.5,381.27,212.31,0,No Failure,168.2,74.6
L,6.36,3287.84,239.95,5.29,274.15,212.61,0,No Failure,171.4,75.7
L,9.2,3377.46,221.49,5.39,428.79,247.04,0,No Failure,189.2,82.0
L,9.5,3589.01,189.72,4.01,48.68,170.69,0,No Failure,147.3,67.2
M,9.55,3703.91,185.98,4.51,145.79,199.9,0,No Failure,177.9,78.0
M,9.04,3632.71,227.3,4.5,342.61,224.75,0,No Failure,191.5,82.8
L,12.13,3481.94,196.73,5.28,765.25,198.28,0,No Failure,152.4,69.0
M,10.16,3176.98,236.83,4.45,499.03,232.24,0,No Failure,186.8,81.2
H,8.21,3756.21,143.31,6.57,495.95,233.53,0,No Failure,107.4,53.0
H,9.21,3623.9,217.53,4.6,444.84,218.63,0,No Failure,209.0,89.0
L,9.92,3634.11,221.52,5.29,550.38,230.41,0,No Failure,192.4,83.2
M,9.76,3048.12,153.74,,333.38,278.35,1,Torch Cooling Restriction,2.9,10.5
H,8.61,3809.88,225.65,5.04,464.36,181.31,0,No Failure,172.9,76.2
H,9.59,4071.15,270.79,4.6,417.33,223.41,0,No Failure,167.3,74.3
L,10.73,3605.03,209.84,3.36,429.81,250.46,1,Torch Cooling Restriction,5.2,25.6
H,11.79,3602.07,192.72,5.22,380.45,220.45,0,No Failure,172.7,76.2
L,10.93,3440.07,211.78,3.91,906.27,195.17,0,No Failure,158.9,71.3
L,9.15,2873.97,237.04,4.93,255.72,180.17,0,No Failure,163.8,73.0
M,9.69,3246.53,219.96,5.38,327.03,179.48,0,No Failure,190.6,82.5
M,10.05,2752.22,190.01,4.49,719.46,216.78,0,No Failure,165.4,73.6
M,7.69,3948.71,212.05,4.21,331.0,208.07,0,No Failure,164.9,73.4
M,9.41,3299.28,226.77,5.22,509.78,205.07,0,No Failure,206.0,88.0
M,9.57,3615.19,262.28,3.62,328.33,244.22,1,Torch Cooling Restriction,2.3,23.0
H,9.65,2278.25,233.49,5.26,502.54,238.46,0,No Failure,147.0,67.1
M,12.07,2890.27,223.36,4.79,266.8,186.76,1,Weld Expulsion & Splash,5.1,25.0
L,,3721.82,186.02,5.39,725.32,326.64,0,No Failure,167.0,74.2
H,8.66,3207.62,173.67,5.28,86.99,203.91,0,No Failure,158.1,71.0
L,9.63,3222.63,188.47,4.36,466.69,233.86,0,No Failure,188.3,81.7
H,10.3,3280.36,243.21,4.61,446.88,214.38,0,No Failure,204.8,87.5
M,8.75,2875.68,232.68,5.67,409.17,190.75,0,No Failure,161.7,72.3
H,7.84,3359.35,231.51,5.76,397.04,242.71,0,No Failure,157.6,70.8
L,11.35,3067.74,246.36,6.29,566.04,204.62,1,Weld Expulsion & Splash,8.5,20.6
M,9.27,2907.75,212.49,4.68,505.29,263.33,0,No Failure,166.6,74.0
M,9.26,3596.72,245.45,4.43,781.4,262.72,0,No Failure,141.5,65.1
L,9.17,4041.54,221.71,4.35,175.72,221.38,0,No Failure,167.0,74.2
M,9.35,3094.52,225.08,4.2,472.13,208.61,0,No Failure,198.3,85.2
L,9.19,3168.91,264.49,3.21,469.32,196.67,0,No Failure,150.6,68.3
M,9.6,3167.9,203.84,4.74,584.91,216.33,0,No Failure,205.1,87.6
L,10.11,3853.86,210.32,5.54,411.88,243.87,0,No Failure,175.2,77.0
H,10.15,3724.9,251.99,4.74,463.5,224.49,0,No Failure,188.8,81.9
L,8.59,3861.32,188.34,6.07,260.73,222.74,0,No Failure,143.4,65.8
H,8.81,3887.64,266.77,4.87,315.02,206.99,0,No Failure,168.6,74.7
M,7.71,3298.41,236.77,6.75,151.2,243.05,0,No Failure,113.0,55.0
M,9.68,3053.23,199.69,4.35,364.3,215.22,0,No Failure,199.2,85.6
L,10.23,4383.96,159.98,4.33,771.08,207.13,0,No Failure,129.6,60.9
M,9.97,2960.43,194.61,4.68,734.05,223.99,0,No Failure,176.0,77.3
M,10.18,3860.84,238.52,7.0,1.0,189.84,0,No Failure,114.9,55.7
L,9.21,3520.97,229.65,4.8,426.47,186.88,0,No Failure,203.1,86.9
L,10.13,3262.19,169.7,3.52,372.69,185.54,0,No Failure,160.1,71.7
L,9.68,3331.93,64.39,4.62,98.51,207.27,0,No Failure,198.8,85.4
L,9.63,3884.79,237.58,4.7,638.97,200.3,0,No Failure,182.7,79.7
H,9.75,3099.36,238.17,4.22,78.78,214.59,0,No Failure,176.8,77.6
H,8.66,3664.02,222.54,4.4,587.76,223.23,0,No Failure,180.0,78.8
L,8.67,3133.74,208.43,5.7,33.16,246.56,0,No Failure,139.8,64.5
H,8.62,3807.49,189.51,3.84,358.61,238.97,0,No Failure,149.0,67.8
L,10.13,2914.95,167.26,3.58,465.66,205.85,0,No Failure,159.0,71.3
M,8.84,3085.21,232.99,5.34,648.87,248.81,0,No Failure,151.2,68.6
H,8.43,3256.02,225.14,4.91,64.65,192.55,0,No Failure,171.2,75.6
L,10.54,2961.33,231.07,4.9,787.45,191.55,0,No Failure,163.8,73.0
L,8.79,3523.96,213.2,4.87,447.23,228.27,0,No Failure,203.7,87.1
L,11.04,3120.57,180.3,3.45,1.0,222.73,0,No Failure,127.7,60.2
H,8.69,2845.1,237.89,5.0,603.72,196.68,0,No Failure,163.7,73.0
M,9.66,3691.87,238.6,4.48,240.79,228.09,0,No Failure,182.9,79.8
M,7.78,3855.07,200.4,4.27,222.49,201.88,0,No Failure,154.4,69.7
M,9.78,3480.2,227.89,5.01,374.88,223.16,0,No Failure,213.6,90.7
H,9.58,3281.79,180.22,5.83,499.29,204.39,0,No Failure,183.4,79.9
M,9.41,2696.41,195.76,4.71,245.31,197.08,0,No Failure,172.8,76.2
L,11.85,5116.71,225.31,3.66,1.0,181.31,0,No Failure,133.5,62.3
M,9.43,3392.42,203.48,5.28,111.3,207.92,0,No Failure,196.4,84.6
M,8.49,4207.2,179.69,4.9,236.52,207.69,0,No Failure,153.5,69.4
M,12.3,3835.01,185.65,5.78,315.7,204.59,0,No Failure,139.2,64.3
L,8.13,3359.69,201.52,5.7,665.15,201.29,0,No Failure,165.8,73.7
M,9.17,3793.19,194.84,3.51,526.33,213.84,0,No Failure,167.1,74.2
L,10.81,3456.16,242.12,5.08,48.82,202.49,0,No Failure,173.7,76.5
L,10.19,3115.63,221.53,4.69,660.3,235.13,0,No Failure,183.8,80.1
M,10.9,3168.05,220.01,5.39,540.15,260.83,0,No Failure,157.2,70.7
H,10.63,3254.17,189.21,3.34,413.2,195.39,0,No Failure,167.5,74.3
M,10.72,3424.96,204.94,4.27,-688.25,223.4,0,No Failure,193.7,83.6
L,10.04,3347.53,215.39,4.55,373.79,236.46,0,No Failure,208.2,88.7
M,9.32,3687.32,200.15,5.91,233.98,236.8,0,No Failure,159.4,71.5
L,11.3,4161.85,265.06,5.45,385.36,225.76,0,No Failure,134.5,62.6
L,11.08,2881.13,182.15,4.89,406.21,226.84,0,No Failure,169.2,74.9
H,9.02,4186.59,214.57,4.54,310.74,259.52,0,No Failure,149.5,68.0
L,9.52,3257.79,180.35,4.69,31.04,220.04,0,No Failure,177.6,77.9
L,8.43,3049.12,237.05,5.12,547.22,197.98,0,No Failure,170.9,75.5
M,10.04,3077.43,192.61,5.57,478.95,275.7,0,No Failure,147.6,67.3
M,8.59,3558.58,145.37,4.73,601.55,211.5,0,No Failure,166.2,73.9
H,11.88,2876.99,251.58,5.56,672.93,,1,Weld Expulsion & Splash,4.6,17.2
L,9.3,3673.8,222.9,3.16,520.43,181.98,0,No Failure,156.9,70.6
M,11.83,3758.45,229.67,3.65,169.99,224.78,0,No Failure,136.9,63.5
M,8.33,3581.37,244.31,5.33,591.01,238.11,0,No Failure,154.8,69.8
M,10.34,3080.12,233.11,5.69,434.67,177.35,0,No Failure,167.9,74.5
M,12.98,3282.15,243.08,6.68,442.19,207.36,0,No Failure,131.4,61.5
L,9.36,3835.86,185.89,5.25,356.44,212.33,0,No Failure,185.4,80.6
M,8.83,3026.53,219.08,4.77,501.75,233.41,0,No Failure,186.4,81.0
L,10.68,3278.67,,5.19,117.55,224.45,0,No Failure,163.2,72.8
L,11.09,2931.23,198.48,4.81,420.57,221.62,0,No Failure,185.1,80.6
M,10.28,3776.83,248.06,4.68,197.53,209.99,0,No Failure,183.1,79.9
H,11.08,2742.53,284.25,4.49,320.73,187.15,0,No Failure,130.7,61.3
M,9.13,3554.19,215.13,5.42,384.2,231.62,0,No Failure,193.7,83.6
M,10.84,3117.65,200.78,5.01,433.15,197.16,0,No Failure,191.9,83.0
H,12.2,3531.74,211.67,3.89,654.65,212.46,0,No Failure,161.2,72.1
M,8.46,4075.56,221.79,4.64,783.63,181.4,0,No Failure,141.9,65.3
L,9.24,3248.84,160.92,5.03,413.97,191.31,0,No Failure,180.8,79.0
L,10.19,3792.24,160.53,4.9,429.16,207.36,0,No Failure,186.0,80.9
M,10.92,3088.11,216.48,5.26,351.04,245.63,0,No Failure,171.6,75.8
M,9.33,4596.77,232.37,5.25,-486.13,234.68,0,No Failure,157.3,70.7
L,8.45,3132.27,,4.71,711.55,211.67,0,No Failure,160.0,71.7
H,8.55,3449.92,225.24,4.56,480.06,229.3,0,No Failure,192.8,83.3
L,11.42,3389.37,373.08,5.01,566.66,226.28,0,No Failure,181.8,79.4
L,8.99,3177.95,194.3,5.82,550.96,193.05,0,No Failure,166.8,74.1
M,10.6,3381.31,219.55,4.81,324.65,212.29,0,No Failure,217.2,91.9
L,9.58,3521.66,218.93,4.83,838.73,201.24,0,No Failure,195.3,84.2
M,9.65,3549.95,243.36,4.35,144.91,222.7,0,No Failure,180.9,79.1
M,11.33,3534.6,204.01,4.75,1.0,188.34,0,No Failure,163.1,72.8
L,9.47,3657.61,174.15,4.37,436.57,208.82,0,No Failure,192.7,83.3
M,8.88,3187.9,159.05,5.06,8.36,235.03,0,No Failure,140.1,64.6
M,12.26,3947.51,210.55,5.02,523.31,212.22,0,No Failure,165.9,73.8
L,8.06,3109.35,266.4,4.85,114.52,201.06,0,No Failure,149.4,67.9
M,10.03,3326.44,225.99,3.01,46.89,200.01,0,No Failure,158.2,71.0
L,9.23,3058.91,211.25,4.06,258.36,223.09,0,No Failure,180.1,78.8
L,10.19,3719.92,188.3,4.9,654.85,229.05,0,No Failure,176.9,77.7
L,10.54,2963.42,243.43,4.76,340.95,180.35,0,No Failure,170.6,75.4
M,10.08,3349.5,91.55,6.19,1100.0,206.37,0,No Failure,149.1,67.8
M,10.05,3477.17,227.41,3.45,255.91,195.14,0,No Failure,177.3,77.8
L,10.72,3479.39,211.15,5.59,301.09,183.74,0,No Failure,179.2,78.5
L,9.12,2908.81,254.95,4.15,801.76,211.81,1,Electrode Cap Mushrooming,10.2,22.8
L,10.44,3929.81,201.15,6.14,635.49,234.83,0,No Failure,141.9,65.2
L,10.96,3154.48,150.66,6.06,402.97,201.66,0,No Failure,147.0,67.1
L,9.75,3949.84,254.25,5.68,659.13,243.17,0,No Failure,139.6,64.4
M,9.81,3492.44,197.53,5.61,170.81,207.84,0,No Failure,191.9,83.0
L,9.55,2530.67,254.94,4.52,550.26,218.95,0,No Failure,159.1,71.3
H,9.05,3317.47,252.92,3.33,482.71,224.18,0,No Failure,161.7,72.3
L,10.95,3690.56,219.39,5.02,556.67,168.39,0,No Failure,167.3,74.3
L,9.37,3528.72,225.19,4.35,527.86,182.3,0,No Failure,188.1,81.6
M,10.6,4041.26,198.89,4.9,276.76,190.68,0,No Failure,168.9,74.8
M,9.38,3567.35,246.55,4.21,330.13,203.35,0,No Failure,188.0,81.6
H,10.61,3114.8,184.31,4.56,172.1,197.45,0,No Failure,170.8,75.5
M,10.52,3662.75,204.57,4.95,409.48,219.48,0,No Failure,203.1,86.9
H,11.04,3728.14,203.73,3.93,78.41,253.35,0,No Failure,132.1,61.8
M,8.06,3504.92,227.87,5.54,328.43,182.39,0,No Failure,163.5,72.9
M,9.58,4144.68,260.41,4.8,1.0,202.21,0,No Failure,149.6,68.0
L,10.34,3682.23,180.55,5.75,428.72,200.38,0,No Failure,175.8,77.3
M,8.67,3829.72,207.21,4.8,248.81,225.4,0,No Failure,179.9,78.7
M,9.19,3473.09,171.37,3.6,504.78,176.51,0,No Failure,152.7,69.1
H,10.7,3677.72,191.29,4.92,541.61,236.64,0,No Failure,175.0,77.0
M,12.05,3844.12,254.95,3.59,519.39,227.25,0,No Failure,124.6,59.1
L,11.55,2958.93,239.47,4.4,379.23,209.45,1,Weld Expulsion & Splash,5.0,30.9
H,8.78,3467.92,250.74,5.01,131.04,231.6,0,No Failure,166.3,73.9
L,10.02,3384.65,215.0,5.58,907.11,193.38,0,No Failure,176.0,77.3
H,8.95,4952.16,211.48,4.15,585.8,219.82,0,No Failure,176.3,77.4
M,8.66,3973.6,251.82,5.23,827.7,216.8,1,Electrode Cap Mushrooming,2.4,19.6
H,8.88,3644.87,286.84,5.47,658.84,202.58,0,No Failure,145.3,66.4
L,9.65,3150.92,171.94,3.76,404.38,220.43,0,No Failure,175.6,77.2
M,9.36,3373.57,248.99,5.59,571.08,178.19,0,No Failure,167.4,74.3
L,9.04,5444.46,207.78,4.86,315.58,231.16,0,No Failure,194.0,83.7
L,10.7,3634.46,179.84,4.98,700.94,255.79,0,No Failure,146.3,66.8
M,9.7,2854.78,221.22,5.16,147.46,241.54,0,No Failure,165.5,73.6
H,9.46,3529.54,216.94,4.51,241.29,202.24,0,No Failure,205.5,87.8
L,9.2,3802.64,210.62,5.4,310.85,187.47,0,No Failure,177.1,77.7
L,9.4,4347.68,153.37,5.72,482.11,222.71,0,No Failure,140.8,64.9
H,8.53,3981.73,255.56,4.49,646.3,215.18,0,No Failure,151.6,68.7
M,9.24,3637.16,214.84,5.6,387.28,193.25,0,No Failure,191.4,82.8
H,11.33,2654.04,208.55,5.06,676.55,158.24,1,Weld Expulsion & Splash,13.3,14.6
H,9.73,3523.1,203.68,3.91,989.59,210.22,0,No Failure,171.1,75.6
M,10.11,4129.43,189.85,3.41,440.74,176.24,0,No Failure,138.7,64.1
M,8.09,3608.58,217.57,5.81,521.63,216.04,0,No Failure,172.8,76.2
H,8.92,,184.8,3.47,432.14,238.63,1,Torch Cooling Restriction,2.1,18.5
M,9.93,3435.96,239.88,4.38,212.29,234.11,0,No Failure,185.4,80.7
M,4.21,3146.64,213.98,3.98,180.35,185.24,0,No Failure,171.6,75.8
M,8.99,3454.61,264.56,,1001.6,242.44,1,Electrode Cap Mushrooming,6.1,19.1
M,9.17,3061.16,,4.49,54.87,200.33,0,No Failure,177.8,78.0
L,10.29,3448.42,188.59,5.07,540.57,189.56,0,No Failure,190.1,82.3
M,9.74,3092.45,151.88,6.01,10.12,202.71,0,No Failure,136.5,63.4
M,8.88,3299.87,177.26,3.98,39.02,360.68,0,No Failure,141.4,65.1
L,9.57,3327.06,235.54,3.23,797.16,197.28,0,No Failure,156.2,70.3
M,11.47,3683.39,236.3,4.75,230.21,242.92,0,No Failure,157.5,70.8
L,9.08,3430.6,258.36,4.99,488.75,198.39,0,No Failure,190.1,82.3
L,11.42,3499.15,220.74,5.23,637.21,236.67,0,No Failure,167.9,74.4
H,10.56,3994.98,21.82,3.93,997.87,230.44,0,No Failure,124.0,58.9
L,9.89,3494.97,243.95,4.44,709.88,197.64,0,No Failure,184.9,80.5
M,9.18,3406.46,223.18,5.3,657.79,217.77,0,No Failure,194.9,84.0
L,8.86,3932.82,220.35,4.51,670.95,227.04,0,No Failure,167.1,74.2
L,10.91,4035.99,203.37,4.92,930.79,217.58,0,No Failure,149.6,68.0
M,9.82,3140.19,237.28,4.33,131.64,215.05,0,No Failure,185.0,80.5
M,9.95,3704.6,212.47,4.1,182.07,202.77,0,No Failure,188.0,81.6
L,7.1,3182.7,63.2,5.26,855.55,,0,No Failure,148.2,67.5
M,10.94,3217.15,185.89,4.74,235.62,226.51,0,No Failure,176.7,77.6
M,9.03,3105.89,198.1,4.73,418.63,217.04,0,No Failure,201.7,86.4
L,10.41,4165.6,199.22,4.61,549.33,182.67,0,No Failure,160.2,71.7
M,10.99,3593.32,232.84,5.83,1.0,204.77,0,No Failure,152.2,68.9
M,10.25,2834.72,248.82,3.13,270.16,219.05,0,No Failure,141.0,64.9
L,9.09,3676.15,252.77,5.08,696.58,195.38,0,No Failure,165.1,73.5
M,10.51,3677.92,271.26,4.8,895.58,229.51,1,Electrode Cap Mushrooming,5.9,21.4
H,9.44,,213.13,5.16,545.18,202.26,0,No Failure,193.8,83.7
M,10.41,3069.72,201.28,5.95,402.19,184.94,0,No Failure,167.9,74.5
M,10.02,4064.28,223.07,6.1,351.18,229.1,0,No Failure,159.9,71.6
H,10.14,3181.01,226.42,5.71,564.2,241.91,0,No Failure,169.9,75.2
M,9.6,3549.42,206.75,4.49,372.23,252.18,0,No Failure,188.7,81.8
L,9.77,3295.84,192.83,6.54,222.66,252.21,0,No Failure,145.6,66.6
H,8.99,3476.28,237.41,5.01,789.05,206.64,0,No Failure,182.5,79.6
M,8.98,3551.14,352.05,4.78,118.85,220.37,0,No Failure,192.7,83.3
L,9.72,3510.31,255.32,5.73,247.44,207.45,0,No Failure,180.9,79.1
M,10.28,3019.6,260.23,3.89,1.0,277.81,0,No Failure,101.9,51.1
M,10.94,3190.71,197.66,4.39,85.88,227.93,0,No Failure,162.9,72.7
L,10.32,3841.02,226.7,5.16,177.05,168.92,0,No Failure,156.8,70.5
L,8.01,3706.06,262.98,5.98,663.08,223.7,0,No Failure,126.6,59.9
L,10.0,3889.46,253.24,4.81,558.87,196.57,0,No Failure,179.0,78.4
M,11.24,3302.77,240.83,4.49,1.0,232.7,0,No Failure,152.5,69.0
H,8.95,3443.04,198.41,3.9,738.18,226.64,0,No Failure,166.0,73.8
H,7.57,3156.69,212.77,4.66,443.21,184.61,0,No Failure,174.6,76.8
L,8.52,3222.23,181.02,4.3,771.68,188.72,0,No Failure,148.6,67.6
L,8.57,3500.31,254.1,3.09,525.98,196.59,0,No Failure,145.8,66.6
L,7.9,3770.66,199.67,3.62,53.68,200.27,0,No Failure,133.2,62.2
H,9.54,3707.63,204.67,4.26,977.55,204.35,0,No Failure,165.8,73.7
H,10.88,2889.63,247.24,4.84,256.84,232.12,0,No Failure,160.3,71.8
L,8.4,3928.98,358.47,3.78,471.2,226.05,0,No Failure,157.0,70.6
L,7.93,,153.69,5.11,318.15,172.68,0,No Failure,107.3,53.0
M,9.3,3346.04,228.73,7.8,387.51,216.89,0,No Failure,211.1,89.8
L,10.37,,231.12,4.59,243.38,239.69,0,No Failure,168.1,74.6
H,7.34,3801.53,439.49,4.41,707.71,168.48,0,No Failure,96.7,49.3
L,8.4,2880.43,195.4,5.12,725.49,199.0,0,No Failure,153.4,69.3
M,10.19,3653.57,165.22,4.59,565.09,212.0,0,No Failure,183.2,79.9
M,10.73,3514.71,242.26,4.76,-710.99,172.58,0,No Failure,181.7,79.4
L,,3528.72,205.83,4.39,767.2,211.71,0,No Failure,195.9,84.4
L,9.52,3338.95,262.08,4.49,342.62,183.75,0,No Failure,180.6,79.0
M,8.15,3289.25,236.82,5.28,718.8,190.9,0,No Failure,157.5,70.8
H,10.45,4039.81,273.17,4.38,329.88,204.02,0,No Failure,155.5,70.1
L,9.0,3012.22,209.33,5.23,89.44,176.31,0,No Failure,155.6,70.1
H,9.57,3357.56,226.18,6.15,501.12,203.61,0,No Failure,190.8,82.6
M,11.3,3579.0,222.74,4.06,379.26,213.63,0,No Failure,186.0,80.9
L,9.68,3028.71,238.29,4.19,1.0,239.97,0,No Failure,150.0,68.1
L,10.38,3530.91,190.87,4.68,102.64,204.58,0,No Failure,186.6,81.1
L,8.62,3361.57,218.98,4.03,350.09,203.57,0,No Failure,193.9,83.7
M,8.29,3182.37,220.77,4.93,737.36,232.0,0,No Failure,167.4,74.3
L,10.19,3549.08,222.25,7.29,645.79,211.73,0,No Failure,176.9,77.6
M,9.14,3392.31,222.2,5.43,790.16,206.37,0,No Failure,186.0,80.9
H,8.95,3655.94,182.85,4.69,342.66,219.35,0,No Failure,187.1,81.3
H,8.03,3238.57,231.84,4.72,83.73,224.56,0,No Failure,165.4,73.6
L,9.92,3807.83,233.6,4.18,619.43,185.5,0,No Failure,168.9,74.8
H,6.09,3057.92,263.46,4.65,262.85,149.53,1,Weld Expulsion & Splash,10.5,14.3
L,11.93,3392.65,263.99,5.48,621.6,206.7,0,No Failure,154.1,69.6
L,10.31,4059.93,194.09,4.91,776.4,208.37,0,No Failure,167.2,74.2
L,8.77,3156.79,207.44,4.51,594.06,187.39,0,No Failure,178.1,78.1
L,8.96,3173.85,267.64,6.95,617.5,232.28,0,No Failure,118.1,56.8
H,10.19,4126.67,255.19,6.68,535.67,67.61,0,No Failure,132.6,62.0
M,7.6,4316.22,216.95,4.34,649.55,167.14,0,No Failure,114.8,55.7
M,10.9,4191.41,219.38,4.14,396.0,198.31,0,No Failure,164.9,73.4
M,9.48,3877.97,210.87,3.81,40.73,207.86,0,No Failure,165.3,73.5
L,8.31,3761.0,230.92,4.19,705.7,207.56,0,No Failure,161.5,72.2
H,10.35,3419.67,194.08,4.9,548.2,166.72,0,No Failure,181.3,79.2
H,9.81,2999.3,255.82,5.37,309.8,216.51,0,No Failure,178.7,78.3
M,11.0,3664.0,151.45,4.93,34.8,206.06,0,No Failure,148.5,67.6
H,8.28,3471.62,277.88,5.45,782.45,216.55,1,Electrode Cap Mushrooming,8.5,19.9
L,9.13,3540.65,234.05,6.33,325.07,192.09,0,No Failure,163.8,73.0
L,9.85,3569.48,224.7,5.45,233.81,244.17,0,No Failure,178.2,78.1
H,9.22,3592.62,212.03,4.44,318.04,193.11,0,No Failure,196.2,84.5
M,8.37,3249.13,202.67,3.25,417.94,224.51,0,No Failure,163.9,73.0
H,9.07,3579.78,235.37,4.66,573.77,209.82,0,No Failure,198.3,85.2
M,9.27,3698.22,194.11,6.01,1.0,211.32,0,No Failure,154.8,69.8
L,8.36,3565.82,153.12,4.95,386.04,227.4,0,No Failure,164.1,73.1
H,11.17,3491.92,198.34,5.66,106.48,239.63,0,No Failure,148.9,67.7
L,8.89,3059.57,235.76,5.15,196.79,211.92,0,No Failure,178.5,78.2
H,9.87,3226.97,239.2,4.75,563.65,203.91,0,No Failure,204.9,87.6
L,12.81,2883.34,237.62,4.24,925.88,166.77,1,Weld Expulsion & Splash,11.8,1.4
L,8.15,3146.34,206.23,3.78,78.8,211.54,0,No Failure,155.5,70.1
M,7.91,3113.9,225.96,5.74,446.23,157.37,0,No Failure,138.1,63.9
M,11.8,3046.24,226.18,4.99,410.37,193.31,1,Weld Expulsion & Splash,10.3,31.9
M,8.38,3419.7,235.23,4.54,592.56,201.76,0,No Failure,185.8,80.8
M,9.33,3307.51,225.32,5.14,395.06,196.03,0,No Failure,205.8,87.9
M,8.26,,242.43,5.0,148.69,195.59,0,No Failure,153.5,69.4
M,8.23,2796.9,219.16,4.41,374.16,226.82,0,No Failure,167.2,74.2
H,9.45,3512.05,159.27,5.26,259.78,218.84,0,No Failure,176.0,77.3
L,9.86,3817.22,188.93,4.99,390.18,222.07,0,No Failure,194.5,83.9
L,10.0,3270.72,187.18,4.89,302.66,183.48,0,No Failure,190.3,82.4
L,11.13,3574.24,234.17,5.52,672.41,201.73,0,No Failure,166.0,73.8
L,7.21,2922.29,215.43,4.21,216.95,189.32,0,No Failure,142.1,65.3
L,9.59,3720.18,229.43,4.65,282.51,197.32,0,No Failure,195.4,84.2
H,9.94,5131.37,228.73,5.28,543.7,207.04,0,No Failure,207.3,88.4
M,10.47,3437.64,266.38,4.14,71.23,169.66,0,No Failure,138.7,64.1
M,9.07,3448.87,225.25,4.62,182.88,203.32,0,No Failure,198.1,85.2
L,11.84,2285.67,223.18,4.56,537.64,224.42,1,Weld Expulsion & Splash,12.2,18.4
H,14.02,3279.54,219.95,3.68,397.32,211.82,0,No Failure,190.2,82.3
L,10.75,3746.89,224.43,4.78,533.02,221.84,0,No Failure,190.9,82.6
H,9.25,2838.33,158.77,6.43,234.75,199.4,0,No Failure,126.1,59.7
M,11.36,3307.01,176.2,6.55,1987.98,180.27,0,No Failure,118.6,57.0
L,10.86,3700.81,221.39,5.21,249.35,182.91,0,No Failure,170.5,75.4
M,9.68,3159.1,,6.47,262.87,257.22,0,No Failure,148.5,67.6
L,9.02,3161.43,220.74,5.97,356.45,233.82,0,No Failure,170.7,75.5
L,8.14,3704.83,213.49,5.08,688.51,218.48,0,No Failure,172.7,76.2
H,10.91,2915.08,211.86,4.16,302.98,199.89,0,No Failure,173.6,76.5
M,12.86,2610.23,192.69,4.75,286.41,216.24,1,Weld Expulsion & Splash,8.8,18.5
M,8.79,3894.28,234.11,4.1,205.3,191.4,0,No Failure,153.4,69.3
L,10.21,3551.95,251.99,5.08,563.38,168.55,0,No Failure,165.9,73.8
H,9.61,2862.54,246.88,5.23,259.58,225.59,0,No Failure,168.5,74.7
L,11.16,3502.25,211.64,5.0,323.54,175.36,0,No Failure,180.5,78.9
L,9.52,3517.34,205.16,3.57,406.53,231.77,0,No Failure,184.4,80.3
H,9.85,3089.02,196.82,4.81,366.51,201.9,0,No Failure,208.1,88.7
M,7.79,2950.11,151.96,6.0,261.11,256.31,0,No Failure,93.2,48.0
L,8.62,3207.59,213.27,3.8,803.41,178.86,0,No Failure,146.3,66.8
M,9.39,3329.81,220.09,3.6,349.04,210.65,0,No Failure,197.7,85.0
L,9.15,3069.66,223.04,5.65,527.14,210.3,0,No Failure,187.2,81.3
L,9.95,4235.89,251.29,4.07,657.63,234.74,0,No Failure,136.6,63.4
M,8.28,3554.13,226.79,4.22,203.91,194.47,0,No Failure,168.2,74.6
L,10.63,3516.08,236.76,4.83,274.03,184.69,0,No Failure,185.0,80.5
H,10.25,3638.5,216.62,6.98,573.38,229.48,0,No Failure,152.9,69.1
L,9.83,3830.26,221.42,5.21,713.75,207.34,0,No Failure,188.1,81.6
L,14.91,3047.95,221.41,4.87,639.78,201.6,0,No Failure,197.7,85.0
L,8.37,5250.17,178.89,4.62,548.32,218.03,0,No Failure,172.5,76.1
H,10.86,3289.8,192.63,5.42,-1010.17,251.5,0,No Failure,158.0,70.9
M,11.14,3546.65,213.64,5.93,704.43,203.87,0,No Failure,166.6,74.0
L,8.72,3796.91,237.27,5.75,238.82,,0,No Failure,154.6,69.8
L,9.98,4141.52,271.04,5.03,581.54,,0,No Failure,161.7,72.3
L,8.3,3684.78,177.24,5.82,356.29,244.0,0,No Failure,138.6,64.1
L,3.46,3471.76,220.11,4.32,75.65,204.44,0,No Failure,188.7,81.8
L,9.47,4067.68,171.1,4.93,274.84,227.24,0,No Failure,161.2,72.1
M,11.07,3838.3,16.27,4.22,625.87,202.01,0,No Failure,158.2,71.0
H,8.06,3822.06,260.96,5.42,178.82,218.28,0,No Failure,139.1,64.2
L,10.59,4381.0,300.67,5.3,1.0,220.13,0,No Failure,99.0,50.1
M,9.1,3472.97,209.39,4.86,491.5,203.69,0,No Failure,213.6,90.6
M,9.25,2858.82,118.36,4.84,473.67,206.33,0,No Failure,179.0,78.4
L,8.57,3387.31,223.04,5.1,529.73,243.44,0,No Failure,181.6,79.3
L,9.86,3642.41,220.54,5.4,680.64,272.76,0,No Failure,154.2,69.6
L,8.87,3337.71,241.88,5.22,506.8,239.74,0,No Failure,175.7,77.2
L,8.64,3108.35,141.35,3.85,355.04,228.13,0,No Failure,137.4,63.7
L,10.22,2892.91,201.55,4.09,170.62,205.6,0,No Failure,171.2,75.6
M,8.13,3470.13,224.24,4.71,260.07,227.37,0,No Failure,183.9,80.1
L,8.94,3447.2,,4.17,473.5,175.19,0,No Failure,156.9,70.6
L,,3251.36,229.81,4.03,757.03,222.94,0,No Failure,178.4,78.2
M,9.73,3580.96,190.08,5.45,196.1,230.21,0,No Failure,176.6,77.5
L,9.85,3470.49,203.88,5.68,546.6,184.88,0,No Failure,186.8,81.1
M,11.1,3771.21,192.42,3.63,519.72,178.38,0,No Failure,141.6,65.1
L,8.24,3918.59,316.91,4.43,314.2,184.22,0,No Failure,115.4,55.9
L,11.47,4110.19,75.43,,574.29,190.75,0,No Failure,156.0,70.3
M,9.94,3180.88,208.77,4.27,521.2,235.19,0,No Failure,190.7,82.5
L,9.97,3102.53,253.58,4.93,652.49,227.69,0,No Failure,175.5,77.2
M,10.2,2595.89,207.48,4.9,76.22,200.95,0,No Failure,165.4,73.6
M,9.11,2875.73,175.55,4.71,616.23,200.56,0,No Failure,166.8,74.1
M,10.97,2663.88,187.0,3.39,460.96,215.41,0,No Failure,141.6,65.2
M,9.6,3137.82,231.25,4.64,295.19,217.23,0,No Failure,201.4,86.3
M,9.1,3510.96,219.58,4.76,539.03,197.92,0,No Failure,206.1,88.0
L,9.12,2926.58,199.93,5.29,1335.72,182.93,0,No Failure,147.2,67.1
H,7.81,3439.59,190.59,4.97,694.59,190.19,0,No Failure,162.0,72.4
L,9.91,3216.44,226.79,5.88,697.47,201.0,0,No Failure,177.3,77.8
L,10.88,,229.62,6.02,432.17,260.44,0,No Failure,135.3,62.9
L,10.45,3998.13,208.42,4.11,1.0,218.31,0,No Failure,153.9,69.5
L,3.46,3928.69,250.94,5.15,305.89,253.28,0,No Failure,145.2,66.4
M,11.38,3528.64,171.9,4.97,465.16,182.04,0,No Failure,164.7,73.3
L,11.36,3610.78,211.64,5.06,839.2,227.98,0,No Failure,161.2,72.1
H,10.27,3725.5,247.51,4.42,597.8,203.96,0,No Failure,179.3,78.5
L,11.07,4042.81,209.9,4.94,1.0,189.14,0,No Failure,147.0,67.1
L,9.36,3580.66,156.29,4.24,621.72,320.44,0,No Failure,167.2,74.2
H,10.77,2717.64,220.91,5.31,236.07,201.76,0,No Failure,165.5,73.6
L,9.73,3287.36,219.09,5.2,355.8,196.46,0,No Failure,210.3,89.5
L,8.27,3733.32,44.84,5.05,141.87,223.78,0,No Failure,169.6,75.1
L,10.67,3572.37,214.16,3.76,486.77,204.63,0,No Failure,189.4,82.1
L,7.81,3629.15,219.52,3.46,195.69,203.82,0,No Failure,151.6,68.7
M,8.9,3627.56,202.36,4.25,674.95,224.0,0,No Failure,173.0,76.3
M,9.07,3491.28,193.13,6.01,545.28,256.39,0,No Failure,149.4,67.9
L,10.87,3710.37,218.51,4.88,138.95,222.1,0,No Failure,181.3,79.2
M,11.5,3370.44,208.74,3.87,105.37,224.56,0,No Failure,160.5,71.8
H,10.99,3147.66,222.68,5.27,453.06,233.47,0,No Failure,180.4,78.9
M,9.91,3709.42,215.67,4.97,359.49,241.74,0,No Failure,196.1,84.4
H,10.97,3424.96,241.21,4.12,784.37,208.12,0,No Failure,168.7,74.8
L,10.36,3883.39,203.87,3.78,252.8,287.87,0,No Failure,125.1,59.3
L,9.93,3520.31,211.23,1.18,74.55,227.45,0,No Failure,188.4,81.7
L,10.08,3248.91,212.2,6.19,204.52,228.69,0,No Failure,171.8,75.8
L,10.5,3673.6,231.61,4.77,283.55,195.63,0,No Failure,190.8,82.6
L,8.59,3010.76,271.16,4.22,455.44,193.15,0,No Failure,152.0,68.8
L,10.27,2703.24,208.17,4.79,319.3,219.14,0,No Failure,187.4,81.4
M,12.08,3077.83,,5.33,427.43,191.8,1,Weld Expulsion & Splash,11.8,28.9
L,9.82,3562.72,167.53,3.63,370.96,182.01,0,No Failure,162.3,72.5
M,9.15,3707.2,259.46,4.78,-729.69,221.95,0,No Failure,186.6,81.1
M,10.61,3490.2,223.98,5.65,538.29,230.2,0,No Failure,180.6,79.0
M,10.27,3418.85,260.37,5.92,124.89,186.61,0,No Failure,150.5,68.3
M,10.03,3067.21,160.63,4.51,291.33,218.74,0,No Failure,174.9,76.9
H,8.29,3484.5,188.04,5.52,507.83,205.64,0,No Failure,176.9,77.6
L,9.25,2721.22,230.14,4.69,423.57,196.71,0,No Failure,184.4,80.3
M,9.22,3749.4,179.37,4.49,350.0,201.2,0,No Failure,181.8,79.4
H,8.45,3447.42,277.12,4.37,346.26,266.3,0,No Failure,135.7,63.0
L,8.75,3537.37,280.27,5.69,289.69,,0,No Failure,146.0,66.7
M,8.71,4034.61,220.02,5.2,510.05,260.04,0,No Failure,147.0,67.0
L,10.66,3220.82,190.27,5.27,440.72,218.76,0,No Failure,190.5,82.5
M,9.05,3062.69,243.17,3.96,448.49,227.13,0,No Failure,169.6,75.1
H,10.75,3831.43,250.96,4.48,294.4,221.98,0,No Failure,167.0,74.1
L,10.94,3069.08,246.24,4.28,353.36,193.0,0,No Failure,167.1,74.2
L,9.19,3194.49,230.35,5.03,166.63,226.12,0,No Failure,182.4,79.6
L,8.78,3218.73,204.11,5.13,12.31,219.64,0,No Failure,171.5,75.7
M,14.42,2846.6,247.58,4.55,69.74,241.02,0,No Failure,144.8,66.3
L,8.29,3631.78,243.84,5.64,1783.78,183.45,0,No Failure,145.6,66.6
H,9.79,3285.65,203.39,5.09,332.88,229.16,0,No Failure,204.5,87.4
M,11.08,3876.07,220.24,1.16,75.8,175.41,0,No Failure,152.5,69.0
M,9.3,3411.2,197.66,6.69,251.22,218.8,0,No Failure,166.2,73.9
M,8.96,3356.91,210.59,3.91,751.36,199.81,0,No Failure,175.9,77.3
L,10.32,2679.93,-23.15,4.63,457.22,232.98,0,No Failure,147.8,67.3
M,8.4,3568.42,168.65,5.03,306.16,257.54,0,No Failure,145.1,66.4
M,10.23,1040.95,262.08,4.41,746.94,234.57,1,Electrode Cap Mushrooming,6.1,22.0
L,10.12,3506.12,237.49,4.49,367.27,180.34,0,No Failure,189.7,82.2
H,10.6,3009.49,175.13,4.05,626.53,189.82,0,No Failure,148.8,67.7
M,10.59,3089.24,205.98,4.2,440.71,248.82,0,No Failure,170.9,75.5
L,10.29,3479.85,228.34,3.95,567.09,227.83,0,No Failure,183.0,79.8
L,10.01,3131.02,252.04,5.31,-1060.91,250.11,0,No Failure,154.2,69.6
M,10.37,3757.52,270.88,4.48,961.43,228.7,1,Electrode Cap Mushrooming,12.4,17.2
L,11.06,3482.62,191.74,4.36,374.76,202.29,0,No Failure,189.1,82.0
H,9.33,3220.82,210.5,4.64,685.59,242.64,0,No Failure,180.5,78.9
H,11.69,4173.11,238.36,4.98,387.69,170.42,0,No Failure,135.9,63.1
L,10.32,3545.16,255.81,4.75,317.48,225.23,0,No Failure,188.0,81.6
L,11.78,,200.95,4.67,207.23,186.38,0,No Failure,160.7,71.9
L,8.93,3232.05,187.37,4.18,352.94,238.09,0,No Failure,170.0,75.2
H,8.28,3543.18,176.72,4.85,477.31,213.33,0,No Failure,185.7,80.8
L,9.08,3658.65,219.46,5.34,252.07,230.76,0,No Failure,179.8,78.7
L,10.1,3031.37,236.1,4.52,356.21,240.95,0,No Failure,178.5,78.2
M,9.31,3421.63,246.68,3.87,1100.0,183.19,0,No Failure,133.0,62.1
H,16.08,3797.94,214.46,3.71,265.9,204.3,0,No Failure,181.4,79.2
M,9.54,3725.02,191.4,6.3,186.27,179.48,0,No Failure,142.8,65.6
L,10.62,2818.46,211.88,6.1,458.84,215.97,0,No Failure,167.7,74.4
L,9.53,3566.46,260.7,5.27,458.37,196.32,0,No Failure,184.5,80.4
M,10.78,3047.85,247.33,4.59,1.0,190.16,0,No Failure,149.1,67.8
H,8.11,3215.86,179.8,4.27,865.16,201.22,0,No Failure,143.2,65.7
H,11.0,3044.63,390.78,3.76,438.32,173.84,0,No Failure,160.1,71.7
L,9.22,3214.09,235.65,4.18,297.33,199.5,0,No Failure,185.1,80.6
H,11.93,3067.63,220.32,4.24,796.68,223.86,1,Weld Expulsion & Splash,5.8,21.7
L,11.23,3307.88,234.28,5.19,345.47,255.77,0,No Failure,161.9,72.3
L,9.14,3578.24,213.78,4.32,189.06,233.44,0,No Failure,181.0,79.1
H,10.21,2814.41,196.35,,612.47,204.08,0,No Failure,162.7,72.6
M,9.64,3566.24,250.42,4.43,26.87,170.59,0,No Failure,152.4,69.0
H,9.11,3001.44,240.03,5.19,1.0,164.31,0,No Failure,134.0,62.4
M,9.83,3106.37,234.59,5.89,554.76,201.37,0,No Failure,179.4,78.6
H,8.98,3803.04,244.44,4.01,318.6,182.64,0,No Failure,154.5,69.7
H,10.79,3332.59,198.49,4.5,275.71,188.94,0,No Failure,184.4,80.3
M,9.21,3042.96,210.4,3.65,548.31,197.22,0,No Failure,172.5,76.1
L,11.05,3390.9,185.54,4.95,807.32,196.45,0,No Failure,168.8,74.8
H,8.81,3533.28,250.94,4.83,516.46,232.15,0,No Failure,180.1,78.8
L,10.33,3318.25,229.6,6.3,212.37,189.04,0,No Failure,161.8,72.3
M,10.0,3771.94,223.48,4.85,682.32,209.4,0,No Failure,198.3,85.2
M,10.09,3243.84,208.54,5.47,1.0,235.54,0,No Failure,166.7,74.0
M,10.09,3395.81,230.49,4.57,571.05,207.89,0,No Failure,211.6,89.9
M,9.56,3288.89,229.43,4.52,505.8,251.63,0,No Failure,185.1,80.6
M,9.7,3316.69,260.39,5.05,373.22,171.86,0,No Failure,178.4,78.2
L,10.33,2857.38,261.84,3.19,598.6,207.71,0,No Failure,138.1,63.9
L,8.92,3131.49,146.32,6.02,386.4,197.09,0,No Failure,144.8,66.3
H,8.54,3434.24,212.24,3.99,453.61,206.32,0,No Failure,196.8,84.7
L,9.91,3783.02,254.01,5.08,155.84,210.18,0,No Failure,179.0,78.4
L,8.46,2965.49,218.26,4.76,848.47,232.03,0,No Failure,156.6,70.5
L,8.7,3085.44,207.27,3.99,155.97,213.21,0,No Failure,169.9,75.2
M,8.68,2808.5,169.75,3.62,547.87,192.72,0,No Failure,131.0,61.4
L,8.89,3450.12,190.39,4.14,548.14,205.11,0,No Failure,186.4,81.0
L,11.66,3304.33,,3.53,275.5,246.65,1,Torch Cooling Restriction,11.7,17.3
L,9.9,2958.01,302.46,5.07,270.88,211.32,0,No Failure,159.6,71.5
M,11.49,3569.81,185.84,5.57,219.81,175.14,0,No Failure,140.6,64.8
M,10.0,3479.73,174.46,4.71,407.81,208.67,0,No Failure,209.8,89.3
L,11.27,902.73,227.26,4.73,156.51,198.77,1,Weld Expulsion & Splash,10.0,28.2
L,9.58,3911.38,239.79,5.34,1100.0,209.41,0,No Failure,145.5,66.5
L,11.49,3681.97,134.39,4.47,466.51,238.39,0,No Failure,134.1,62.5
L,9.53,3593.25,236.76,5.45,66.9,206.69,0,No Failure,177.4,77.8
H,10.8,3364.73,209.87,5.33,555.19,218.18,0,No Failure,195.8,84.3
H,8.87,3458.0,241.11,4.62,708.98,171.37,0,No Failure,162.1,72.4
M,8.91,3203.81,214.71,4.57,483.37,226.41,0,No Failure,198.5,85.3
M,10.95,3732.9,245.27,5.38,266.85,234.5,0,No Failure,155.1,69.9
M,9.07,3314.13,181.42,4.78,86.24,233.57,0,No Failure,170.7,75.5
M,11.06,3777.69,166.28,4.28,271.0,205.44,0,No Failure,157.4,70.7
L,8.28,2689.57,235.83,6.1,148.68,230.19,0,No Failure,118.1,56.8
M,8.35,3170.87,164.72,3.13,754.12,211.13,0,No Failure,125.3,59.4
M,10.36,3793.15,194.08,5.55,-609.79,232.36,0,No Failure,173.2,76.3
M,9.4,3247.94,217.27,3.9,829.03,270.74,0,No Failure,139.7,64.5
M,9.58,3048.56,183.82,5.3,249.65,191.6,0,No Failure,172.0,75.9
L,8.0,3117.57,196.02,5.07,1.0,215.32,0,No Failure,155.2,70.0
L,10.88,3583.09,253.85,5.16,663.69,174.42,0,No Failure,149.4,67.9
L,9.29,3629.92,238.65,3.59,377.73,196.57,0,No Failure,173.5,76.4
L,11.13,3538.81,274.72,5.17,404.99,224.03,0,No Failure,166.7,74.0
L,11.36,4222.15,200.48,3.21,562.28,192.0,0,No Failure,120.0,57.5
L,9.38,2928.18,217.43,5.28,509.33,213.64,0,No Failure,194.2,83.8
L,11.44,4254.32,205.15,5.72,608.22,,0,No Failure,135.3,62.9
H,9.79,,171.61,3.99,544.56,173.48,0,No Failure,164.2,73.1
M,10.82,1754.98,207.22,4.84,296.2,183.9,0,No Failure,186.8,81.2
L,10.13,3650.57,254.82,3.65,364.98,269.4,1,Torch Cooling Restriction,2.1,18.5
M,9.43,3219.87,272.23,5.21,28.95,172.83,0,No Failure,138.8,64.2
M,10.32,4041.18,188.87,3.97,270.25,210.26,0,No Failure,164.5,73.3
M,8.52,3354.52,226.74,4.66,572.53,213.81,0,No Failure,197.9,85.1
H,13.2,3457.83,227.42,3.12,51.91,241.86,1,Torch Cooling Restriction,4.7,6.0
L,9.15,3715.51,247.49,5.01,171.14,221.68,0,No Failure,172.3,76.0
L,10.15,2993.46,200.4,5.06,287.45,175.28,0,No Failure,172.9,76.2
L,11.53,3831.84,205.21,4.82,587.81,189.5,0,No Failure,166.5,74.0
H,8.53,3610.8,177.63,3.66,788.46,165.93,0,No Failure,115.6,55.9
M,6.36,3357.67,247.4,4.76,537.47,222.48,0,No Failure,157.0,70.6
L,8.75,3535.25,246.08,4.57,334.82,204.9,0,No Failure,189.6,82.1
L,11.06,3494.17,221.68,5.61,542.78,231.1,0,No Failure,174.8,76.9
M,10.94,3330.08,235.68,5.3,56.71,206.63,0,No Failure,173.1,76.3
L,9.35,2968.06,261.29,5.6,128.63,158.84,0,No Failure,121.7,58.1
M,10.9,3495.68,242.5,4.9,471.54,175.84,0,No Failure,177.8,78.0
M,10.9,3482.68,199.95,3.9,1.0,200.93,0,No Failure,159.8,71.6
L,9.55,3405.83,272.01,8.04,587.26,235.74,0,No Failure,174.7,76.9
M,10.48,4365.88,242.91,4.7,365.65,184.22,0,No Failure,152.6,69.0
L,9.25,2986.95,174.66,5.58,693.58,195.08,0,No Failure,149.7,68.0
M,10.14,3861.27,206.24,4.33,529.96,207.16,0,No Failure,192.1,83.0
H,9.97,3141.57,240.73,5.39,627.11,218.24,0,No Failure,181.8,79.4
H,9.76,3760.83,211.28,5.29,461.22,193.31,0,No Failure,198.1,85.1
M,11.5,3315.27,252.01,5.51,179.14,199.11,0,No Failure,154.7,69.8
L,9.49,2692.55,209.93,4.96,334.6,237.0,0,No Failure,176.1,77.4
L,8.78,3382.45,217.27,3.39,-627.23,205.09,0,No Failure,188.8,81.9
L,8.48,3686.88,203.63,4.32,136.29,198.33,0,No Failure,166.2,73.9
M,8.99,2979.11,205.95,4.06,219.51,206.33,0,No Failure,174.4,76.8
M,8.37,3401.12,222.64,3.79,484.34,319.48,0,No Failure,186.3,81.0
H,11.72,3909.75,208.72,4.01,192.39,175.32,0,No Failure,132.2,61.8
L,9.39,3105.02,200.34,4.97,209.64,204.87,0,No Failure,193.3,83.4
L,11.5,3814.75,199.62,5.32,157.44,165.49,0,No Failure,131.8,61.7
L,9.35,3467.47,222.04,5.48,549.96,234.5,0,No Failure,187.7,81.5
H,9.07,3860.05,169.46,4.91,346.98,216.2,0,No Failure,176.0,77.3
L,9.16,3180.99,235.34,4.31,230.59,198.81,0,No Failure,180.7,79.0
M,12.62,3587.45,213.95,3.96,466.79,150.24,0,No Failure,129.6,60.9
H,10.8,2977.85,236.0,3.87,662.03,230.87,0,No Failure,147.2,67.1
L,10.56,3075.67,288.42,5.02,530.77,192.1,0,No Failure,154.5,69.7
L,10.39,3547.54,177.73,5.64,382.91,202.78,0,No Failure,181.3,79.2
L,10.23,3585.18,218.37,4.27,461.69,153.73,0,No Failure,172.7,76.2
M,10.88,2826.22,162.97,4.48,222.68,207.13,0,No Failure,152.3,68.9
M,9.61,2849.93,198.19,5.32,200.62,240.37,0,No Failure,159.8,71.6
L,7.88,3435.65,218.89,5.94,502.36,200.85,0,No Failure,172.6,76.1
M,8.78,3584.54,166.25,4.22,1.0,220.41,0,No Failure,145.8,66.6
H,10.23,4031.37,209.71,4.96,244.36,184.86,0,No Failure,172.6,76.1
L,10.53,3292.03,233.24,0.89,1.0,183.06,0,No Failure,166.4,73.9
M,7.9,3633.92,237.95,5.76,1.0,189.78,0,No Failure,129.1,60.7
M,8.54,3135.68,231.64,5.3,566.84,237.2,0,No Failure,163.7,73.0
M,9.38,4075.34,118.64,3.87,802.69,254.06,0,No Failure,82.8,44.3
L,9.33,3437.24,227.06,4.08,45.74,198.41,0,No Failure,177.6,77.9
M,10.9,3745.74,198.21,5.33,293.86,202.68,0,No Failure,176.4,77.5
H,8.08,3142.76,196.08,3.56,567.43,254.18,1,Torch Cooling Restriction,2.6,15.6
H,10.26,4029.0,202.82,4.4,674.54,226.88,0,No Failure,164.0,73.1
L,9.55,3431.18,219.92,4.93,326.89,224.53,0,No Failure,213.9,90.8
L,8.92,3607.46,257.1,6.04,491.92,212.17,0,No Failure,164.8,73.4
L,10.28,3249.33,215.11,4.79,824.93,154.16,0,No Failure,162.1,72.4
L,9.9,3280.95,208.84,4.2,75.32,200.48,0,No Failure,188.2,81.7
M,10.72,2817.12,232.24,4.18,746.22,183.14,0,No Failure,140.7,64.8
H,9.24,3048.21,281.67,4.74,381.01,216.63,0,No Failure,175.5,77.1
H,10.75,3087.88,230.73,4.74,477.81,216.81,0,No Failure,195.4,84.2
M,8.64,2413.62,192.07,4.69,319.16,218.77,0,No Failure,155.1,69.9
H,11.52,3394.1,233.83,5.06,410.22,229.56,0,No Failure,186.1,80.9
M,10.95,3833.13,225.16,1.3,1.0,197.55,0,No Failure,151.5,68.7
M,10.46,3479.64,195.55,4.08,444.2,226.12,0,No Failure,189.7,82.2
H,14.24,3707.83,270.12,5.05,561.92,237.96,0,No Failure,159.6,71.5
L,10.85,3654.99,241.21,4.2,452.11,230.51,0,No Failure,172.3,76.0
H,9.68,4014.12,165.29,4.24,1907.16,229.76,0,No Failure,150.8,68.4
L,8.6,3613.23,223.0,4.44,361.39,218.7,0,No Failure,192.0,83.0
L,11.05,3355.29,174.63,5.5,1.0,246.22,0,No Failure,132.9,62.1
L,11.03,3606.97,206.03,4.74,1.0,209.6,0,No Failure,179.5,78.6
L,8.48,3599.69,205.92,6.12,207.3,219.92,0,No Failure,158.9,71.3
L,10.92,3408.91,181.69,3.03,162.63,171.33,0,No Failure,125.9,59.6
L,8.26,3711.94,225.94,4.77,170.48,172.28,0,No Failure,156.6,70.4
M,8.97,3491.96,171.1,4.57,551.98,190.36,0,No Failure,175.4,77.1
L,10.28,4085.7,205.03,5.01,351.14,207.43,0,No Failure,188.4,81.7
M,9.07,3328.31,202.46,5.51,670.01,227.21,0,No Failure,176.7,77.6
L,11.0,3580.44,219.96,5.02,547.44,194.74,0,No Failure,189.1,82.0
L,10.82,3296.79,217.79,4.94,262.67,184.9,0,No Failure,189.2,82.0
M,10.13,2858.81,200.37,3.9,307.04,224.53,0,No Failure,168.6,74.7
M,7.72,3997.09,216.51,4.59,31.23,250.7,0,No Failure,126.3,59.7
M,10.02,3384.53,207.42,4.86,387.8,213.46,0,No Failure,226.6,95.2
L,8.1,3611.07,241.69,4.7,165.26,242.05,0,No Failure,152.6,69.1
L,9.08,3191.33,,5.18,421.32,179.83,0,No Failure,163.5,72.9
L,10.09,2844.59,232.68,3.45,312.58,216.42,0,No Failure,163.3,72.8
M,9.72,4629.56,181.14,3.99,401.7,191.33,0,No Failure,143.0,65.7
L,9.31,3579.14,247.1,4.31,768.56,207.28,0,No Failure,173.8,76.6
L,11.73,3400.51,257.67,4.94,594.3,232.71,0,No Failure,160.9,72.0
M,9.39,3758.3,233.05,5.53,690.89,163.61,0,No Failure,145.2,66.4
L,10.71,3439.49,185.74,5.33,541.47,206.31,0,No Failure,188.7,81.8
H,8.69,3522.93,251.24,3.85,861.2,220.43,1,Electrode Cap Mushrooming,11.9,21.0
M,9.78,3265.09,206.27,5.73,373.42,172.63,0,No Failure,181.9,79.4
L,8.63,2955.71,256.76,4.51,128.28,99.3,0,No Failure,154.9,69.9
M,8.32,3048.82,243.25,4.14,302.68,217.79,0,No Failure,162.4,72.5
H,8.89,3452.02,225.2,3.72,357.01,205.26,0,No Failure,189.0,81.9
M,7.61,3890.33,244.77,5.04,425.48,225.01,0,No Failure,157.3,70.7
L,8.91,3273.02,260.15,4.92,404.98,192.43,0,No Failure,184.0,80.2
H,10.44,4399.17,201.91,5.39,527.32,199.87,0,No Failure,155.5,70.1
H,8.56,3783.51,99.62,4.66,300.55,200.69,0,No Failure,175.4,77.1
M,9.01,3143.97,249.19,3.85,1.0,172.98,0,No Failure,127.8,60.3
M,10.83,3388.03,245.16,4.38,304.51,189.81,0,No Failure,179.4,78.5
M,9.4,3791.67,214.92,4.39,1.0,187.33,0,No Failure,165.8,73.7
L,8.41,3557.17,198.04,4.22,197.73,221.94,0,No Failure,169.5,75.0
L,10.98,3849.68,40.37,6.03,570.43,207.52,0,No Failure,155.3,70.0
L,9.62,2975.17,148.95,5.18,382.76,256.75,0,No Failure,144.7,66.2
M,10.04,2853.1,178.5,4.56,583.83,207.06,0,No Failure,177.2,77.7
L,9.84,3958.15,189.52,5.64,768.71,174.86,0,No Failure,138.6,64.1
M,9.96,3403.05,278.39,3.43,147.03,,1,Torch Cooling Restriction,13.3,17.0
L,10.67,3541.14,256.71,5.97,1100.0,231.86,1,Electrode Cap Mushrooming,13.9,11.0
H,8.97,3297.46,222.93,4.68,554.86,188.45,0,No Failure,193.7,83.6
M,10.36,3506.27,303.53,5.72,945.46,205.53,1,Electrode Cap Mushrooming,4.1,14.4
M,11.15,3076.64,195.9,5.15,123.16,196.44,0,No Failure,160.9,72.0
H,9.76,3792.83,264.19,4.92,,179.98,0,No Failure,166.4,73.9
H,7.89,3642.45,220.81,4.28,26.41,141.02,0,No Failure,115.7,56.0
H,11.21,2593.83,224.54,5.68,84.8,217.06,1,Weld Expulsion & Splash,4.7,17.8
M,11.02,2687.25,234.82,5.6,244.6,246.7,0,No Failure,129.2,60.7
H,10.03,3843.66,183.05,4.51,792.91,191.35,0,No Failure,158.7,71.2
M,8.72,3082.81,233.92,5.15,1.0,245.33,0,No Failure,142.6,65.5
H,11.4,3600.11,181.56,5.27,460.56,192.41,0,No Failure,167.2,74.2
M,9.61,3394.45,226.17,5.48,191.31,185.07,0,No Failure,185.1,80.5
M,9.86,3410.37,203.62,5.02,343.93,202.33,0,No Failure,218.1,92.2
L,8.74,3697.28,220.95,5.03,540.32,190.86,0,No Failure,183.5,80.0
L,7.96,2967.06,165.46,5.76,344.46,216.87,1,Weld Expulsion & Splash,2.5,13.8
M,8.97,3276.09,164.05,3.31,239.43,217.34,0,No Failure,148.5,67.6
L,11.45,2969.1,208.92,4.03,694.47,268.51,1,Weld Expulsion & Splash,6.0,12.9
L,8.6,3175.12,234.09,3.98,622.53,159.0,0,No Failure,138.5,64.0
M,10.04,3326.0,225.46,4.48,268.37,55.42,0,No Failure,181.6,79.3
M,10.63,3115.1,184.16,3.61,575.77,168.33,0,No Failure,137.0,63.5
L,9.22,3505.76,186.22,4.72,225.64,253.95,0,No Failure,168.7,74.8
H,9.26,3986.19,222.91,4.76,391.2,211.29,0,No Failure,199.8,85.8
L,8.54,2918.83,232.76,4.52,445.64,210.8,0,No Failure,184.2,80.2
L,8.04,3742.93,226.86,4.72,,240.17,0,No Failure,146.6,66.9
L,8.83,4053.9,203.29,4.59,518.24,256.24,0,No Failure,150.8,68.4
L,10.94,3231.93,211.87,4.38,203.74,286.47,0,No Failure,143.5,65.8
M,7.65,3902.05,257.64,4.47,655.45,227.91,0,No Failure,131.7,61.6
L,10.68,3433.53,200.21,5.37,408.3,216.43,0,No Failure,201.2,86.3
H,7.76,3301.34,242.26,5.19,525.48,219.12,0,No Failure,171.1,75.6
L,9.09,3487.03,230.25,4.91,353.73,218.48,0,No Failure,205.8,87.9
L,10.74,3167.33,247.04,4.76,500.32,207.48,0,No Failure,192.7,83.2
M,9.54,3587.37,241.45,5.4,466.42,224.65,0,No Failure,189.5,82.1
L,,3542.35,202.76,4.5,543.42,246.93,0,No Failure,169.1,74.9
H,11.97,3640.45,236.38,5.22,191.34,197.62,0,No Failure,155.1,69.9
L,9.24,2748.75,187.98,4.06,497.33,195.6,0,No Failure,160.3,71.8
M,10.17,2775.21,199.6,4.8,274.08,201.75,0,No Failure,185.3,80.6
L,10.61,4236.75,249.44,4.43,611.44,222.33,0,No Failure,146.8,67.0
H,10.22,3303.04,233.21,4.72,569.05,220.75,0,No Failure,201.9,86.5
M,8.81,3563.72,234.41,4.13,570.95,255.2,0,No Failure,154.5,69.7
L,9.63,2493.48,231.64,4.44,392.61,197.36,0,No Failure,173.1,76.3
L,9.57,3049.37,229.7,5.53,748.71,226.92,0,No Failure,165.8,73.7
L,10.11,2680.13,221.37,4.75,371.72,233.05,0,No Failure,182.2,79.5
L,9.42,3819.3,209.27,3.86,366.03,224.73,0,No Failure,180.5,78.9
L,11.46,3304.92,243.49,4.82,552.81,208.3,0,No Failure,187.3,81.3
L,10.19,3479.09,250.07,5.49,180.79,234.77,0,No Failure,166.2,73.9
L,10.83,3815.56,223.41,4.99,135.55,171.67,0,No Failure,154.7,69.8
L,10.59,3677.04,221.67,4.24,526.72,217.96,0,No Failure,189.2,82.0
L,10.2,,266.92,3.59,414.79,228.24,0,No Failure,157.3,70.7
L,11.05,3584.99,221.17,3.52,488.53,200.6,0,No Failure,172.8,76.2
H,9.97,3915.0,264.5,5.55,41.2,213.47,0,No Failure,147.6,67.3
L,10.41,3430.63,269.2,6.63,114.09,200.58,0,No Failure,137.1,63.6
H,9.16,2832.65,175.21,3.97,493.49,226.6,0,No Failure,153.2,69.3
L,7.81,2936.89,239.21,5.66,1.0,135.0,0,No Failure,85.3,45.2
H,12.12,3014.57,255.6,4.53,571.69,279.07,1,Weld Expulsion & Splash,10.6,8.2
L,9.58,3792.04,243.94,4.36,234.67,219.31,0,No Failure,178.0,78.0
H,11.3,3632.71,277.21,4.66,477.8,223.75,0,No Failure,161.2,72.1
M,9.5,3456.49,233.48,5.95,281.97,171.28,0,No Failure,164.5,73.3
M,10.52,3534.97,251.17,4.43,703.59,193.29,0,No Failure,167.9,74.4
L,8.82,3341.99,251.75,5.55,748.21,206.29,1,Electrode Cap Mushrooming,7.8,28.3
L,10.38,3292.19,212.48,5.73,357.04,179.41,0,No Failure,181.4,79.3
L,8.91,3251.93,209.03,5.22,289.21,191.77,0,No Failure,188.0,81.6
H,9.26,3186.42,206.91,7.27,451.54,204.83,0,No Failure,191.4,82.8
L,7.72,3117.0,160.29,5.34,-732.95,224.44,0,No Failure,148.4,67.5
H,9.61,3925.79,167.19,4.51,685.14,222.62,0,No Failure,158.9,71.3
M,9.69,3188.77,150.04,5.0,394.8,189.77,0,No Failure,177.5,77.9
M,10.89,1439.94,231.67,4.24,606.24,225.1,0,No Failure,171.1,75.6
L,10.94,3651.63,187.97,5.35,1.0,206.3,0,No Failure,157.3,70.7
M,10.01,3540.76,221.86,4.03,283.4,197.68,0,No Failure,193.9,83.7
L,,2676.87,199.31,4.59,190.21,206.55,0,No Failure,164.4,73.2
M,9.33,3174.58,249.06,3.18,1.0,171.73,0,No Failure,118.7,57.0
M,11.84,4095.06,235.87,5.92,554.24,209.29,0,No Failure,137.3,63.6
M,10.33,3243.5,275.52,3.67,361.44,196.46,0,No Failure,158.5,71.1
L,9.78,3871.7,208.92,3.83,738.76,190.17,0,No Failure,161.6,72.2
M,8.29,4087.91,247.64,5.61,477.68,219.84,0,No Failure,145.0,66.4
M,7.91,,264.49,4.16,525.56,250.37,0,No Failure,137.2,63.6
L,8.37,3271.9,158.61,4.65,474.2,217.72,0,No Failure,173.6,76.5
L,9.47,2697.32,217.13,3.83,895.96,237.12,0,No Failure,134.1,62.5
L,15.82,2633.21,218.39,5.65,471.67,163.63,0,No Failure,152.5,69.0
M,11.1,3926.22,221.49,4.16,145.62,196.96,0,No Failure,155.1,69.9
H,10.41,3029.27,213.75,4.86,561.88,219.03,0,No Failure,198.1,85.2
M,9.97,3115.51,205.84,4.83,523.66,182.38,0,No Failure,195.1,84.1
L,11.23,3435.89,250.85,5.39,377.5,203.95,0,No Failure,180.3,78.9
H,9.9,3559.3,191.25,4.62,324.03,236.12,0,No Failure,192.3,83.1
L,9.7,3161.31,226.56,4.67,447.9,219.52,0,No Failure,211.6,90.0
L,10.54,3326.4,167.08,6.89,644.0,222.2,0,No Failure,134.6,62.7
L,6.74,3118.28,238.38,5.13,335.73,230.14,0,No Failure,145.9,66.7
H,10.23,3297.84,207.08,4.64,298.42,181.7,0,No Failure,195.2,84.1
L,9.72,3348.19,223.84,4.8,448.36,195.14,0,No Failure,220.4,93.1
L,9.4,2732.76,244.99,3.62,541.76,165.12,0,No Failure,128.0,60.3
M,10.42,3236.68,216.46,5.24,507.15,219.73,0,No Failure,201.6,86.4
M,10.42,3537.63,235.55,4.59,741.9,254.03,0,No Failure,159.6,71.5
H,9.88,3195.52,200.62,4.13,525.21,219.3,0,No Failure,195.5,84.2
M,9.89,3161.17,213.95,5.04,790.37,230.35,0,No Failure,184.7,80.4
L,8.69,4235.28,204.25,4.74,,209.97,0,No Failure,179.5,78.6
H,10.31,3040.32,238.82,5.69,159.23,214.86,0,No Failure,165.9,73.8
M,9.06,3135.82,241.59,5.25,495.14,243.31,0,No Failure,167.9,74.5
L,10.43,3922.3,262.21,3.5,291.22,202.39,0,No Failure,143.8,65.9
L,9.14,3647.12,245.27,5.14,555.98,212.66,0,No Failure,186.8,81.1
M,10.47,2876.62,195.14,5.5,550.92,247.72,0,No Failure,149.5,68.0
M,11.55,3749.68,235.48,4.85,367.13,251.17,0,No Failure,157.5,70.8
H,9.36,3824.09,178.95,4.43,620.67,178.12,0,No Failure,155.3,70.0
L,9.68,3753.15,193.73,4.88,544.95,248.92,0,No Failure,176.7,77.6
M,9.08,3544.34,212.43,5.34,427.6,161.27,0,No Failure,177.7,77.9
M,11.21,3210.83,220.29,4.27,700.67,208.61,0,No Failure,177.9,78.0
M,10.43,2932.99,247.88,4.7,215.15,245.83,0,No Failure,155.1,69.9
M,11.31,2729.84,206.17,4.95,1.0,228.25,1,Weld Expulsion & Splash,4.3,20.3
L,10.32,3180.52,206.23,2.97,617.16,189.24,0,No Failure,152.7,69.1
H,12.89,3888.47,204.46,4.9,469.32,179.82,0,No Failure,143.7,65.9
M,9.54,3328.84,186.27,5.08,493.06,187.84,0,No Failure,193.2,83.4
L,10.72,3113.05,213.45,5.39,506.65,237.85,0,No Failure,176.9,77.6
M,9.09,3280.31,222.72,5.64,158.05,170.54,0,No Failure,159.1,71.3
L,10.68,3545.16,196.57,5.16,968.64,233.62,0,No Failure,160.5,71.8
L,7.93,3831.28,287.78,3.3,45.5,175.71,0,No Failure,78.4,42.8
H,9.82,3069.86,216.65,9.84,21.67,187.83,0,No Failure,166.5,74.0
M,10.12,3692.61,204.12,3.97,455.85,202.21,0,No Failure,192.3,83.1
H,9.42,3859.04,178.76,6.28,470.1,232.87,0,No Failure,146.7,67.0
L,12.12,3454.68,,6.2,449.97,196.63,0,No Failure,156.4,70.4
M,9.41,3221.68,226.43,5.22,450.54,205.02,0,No Failure,206.9,88.3
M,7.73,3914.3,260.12,5.41,700.83,203.17,0,No Failure,129.6,60.9
L,9.13,3622.54,249.95,5.04,688.33,196.36,0,No Failure,171.4,75.7
L,8.58,3672.14,198.07,5.59,303.82,178.14,0,No Failure,156.6,70.4
L,11.19,,217.4,5.08,262.75,230.66,0,No Failure,162.5,72.5
M,8.92,3952.68,257.79,4.54,400.79,232.7,0,No Failure,160.6,71.9
M,12.34,3232.94,215.97,5.66,765.94,221.82,0,No Failure,146.3,66.8
H,9.73,3365.14,197.98,6.51,333.95,231.16,0,No Failure,172.5,76.1
M,9.49,3844.07,233.85,4.51,347.47,247.77,0,No Failure,171.2,75.6
L,9.12,3242.73,122.69,3.68,504.5,253.85,1,Torch Cooling Restriction,7.5,12.0
M,11.6,3174.14,180.73,3.95,491.38,204.15,0,No Failure,160.4,71.8
L,10.39,3186.97,177.18,4.99,423.82,159.5,0,No Failure,165.6,73.6
L,,3420.05,190.1,4.13,768.57,,0,No Failure,155.9,70.2
L,9.91,2471.6,201.43,6.76,1.0,256.22,0,No Failure,92.1,47.6
H,10.73,3627.86,210.79,5.17,371.9,253.87,0,No Failure,174.5,76.8
L,12.17,3390.09,203.02,5.29,309.85,203.84,0,No Failure,177.4,77.8
L,9.53,3636.59,279.97,4.58,447.85,225.18,0,No Failure,176.9,77.7
M,10.7,3168.16,211.9,5.14,169.85,208.57,0,No Failure,190.7,82.6
H,10.63,3461.58,230.02,4.24,525.78,204.92,0,No Failure,195.4,84.2
M,8.76,,207.54,4.49,137.43,206.36,0,No Failure,188.3,81.7
M,11.78,3083.43,174.06,5.52,670.17,189.8,1,Weld Expulsion & Splash,10.1,16.8
L,10.21,3840.83,224.11,5.26,423.35,170.35,0,No Failure,174.5,76.8
H,9.9,3402.14,216.01,4.51,280.28,211.0,0,No Failure,221.7,93.5
H,12.71,3177.28,214.3,4.15,412.45,239.27,0,No Failure,154.1,69.6
M,9.64,3537.64,421.02,4.25,518.05,213.43,0,No Failure,194.1,83.7
H,3.72,3957.67,223.05,5.02,358.81,215.01,0,No Failure,192.2,83.1
L,9.13,3033.83,221.84,4.97,841.82,171.32,0,No Failure,153.8,69.5
M,9.74,3896.88,211.1,4.86,887.02,220.62,0,No Failure,176.7,77.6
M,9.98,3904.53,210.0,3.2,450.99,164.43,0,No Failure,147.0,67.1
M,9.94,4085.69,220.21,2.65,399.09,232.5,0,No Failure,144.2,66.1
L,10.12,3808.35,204.49,6.2,1.0,184.95,0,No Failure,138.5,64.0
L,8.65,3390.59,214.7,4.01,768.59,191.75,0,No Failure,170.4,75.4
H,10.64,3371.21,214.85,4.43,160.11,213.33,0,No Failure,199.0,85.5
M,9.37,3308.71,257.44,5.99,657.88,188.75,0,No Failure,153.2,69.3
H,7.31,2563.45,276.16,4.05,,202.36,0,No Failure,88.9,46.5
L,8.59,4023.35,295.52,3.24,424.64,236.52,1,Torch Cooling Restriction,1.8,8.7
L,6.56,4150.27,190.36,3.51,275.37,198.99,0,No Failure,104.4,52.0
L,8.59,3890.68,269.57,4.4,343.33,217.18,0,No Failure,156.0,70.2
H,10.54,2846.86,208.57,4.01,1419.54,215.54,0,No Failure,161.0,72.0
M,7.96,3662.9,209.28,4.32,401.73,179.1,0,No Failure,167.1,74.2
L,10.69,3160.69,239.98,5.14,592.46,242.78,0,No Failure,163.7,73.0
M,9.57,3360.29,227.12,4.77,1.0,222.23,0,No Failure,192.2,83.1
M,10.94,2949.12,195.41,4.26,123.09,218.12,0,No Failure,157.9,70.9
L,9.68,3799.38,227.59,5.95,721.84,217.03,0,No Failure,165.8,73.7
L,8.0,3644.37,169.17,5.34,473.66,197.4,0,No Failure,157.2,70.7
L,11.54,3066.19,242.2,4.64,510.16,185.41,1,Weld Expulsion & Splash,9.3,27.1
M,9.97,,211.67,5.3,267.05,224.34,0,No Failure,197.9,85.1
M,10.03,2929.54,212.06,4.36,435.37,218.68,0,No Failure,199.2,85.5
M,10.03,4323.73,195.1,3.13,589.84,232.25,0,No Failure,126.2,59.7
H,10.06,3156.39,295.53,5.06,264.67,189.05,0,No Failure,155.8,70.2
M,9.34,3046.05,167.41,5.57,759.36,223.84,0,No Failure,146.2,66.8
L,11.72,3506.75,205.0,3.79,360.97,225.26,0,No Failure,167.0,74.2
M,10.29,3816.14,191.84,3.51,155.8,258.72,1,Torch Cooling Restriction,8.1,14.7
L,9.77,3716.21,175.49,6.64,569.92,190.7,0,No Failure,144.4,66.2
L,,3348.64,179.45,5.21,348.47,208.85,0,No Failure,180.8,79.0
L,10.3,3504.92,269.6,6.28,401.44,,0,No Failure,155.2,70.0
M,10.51,3458.68,221.72,4.96,518.73,238.45,0,No Failure,194.8,84.0
H,10.29,4032.71,212.99,3.8,270.3,230.29,0,No Failure,160.3,71.8
L,11.21,2970.43,196.63,3.64,58.51,232.09,1,Weld Expulsion & Splash,3.8,15.6
M,9.59,2495.2,209.27,5.05,649.92,214.41,0,No Failure,172.5,76.1
L,9.21,3242.43,152.15,5.02,149.79,241.76,0,No Failure,149.4,67.9
H,9.95,3848.48,197.17,5.41,417.33,254.22,0,No Failure,167.4,74.3
H,8.91,3530.47,186.17,4.03,259.65,197.99,0,No Failure,172.1,75.9
L,9.18,3359.55,203.22,6.2,486.73,216.22,0,No Failure,185.1,80.5
M,7.89,3762.18,241.56,5.6,43.19,216.32,0,No Failure,137.3,63.6
H,9.73,3256.16,211.74,5.71,292.22,211.82,0,No Failure,202.2,86.6
L,,2831.57,223.03,5.19,561.84,168.69,0,No Failure,151.0,68.5
M,9.37,3510.69,194.54,6.14,339.59,187.17,0,No Failure,169.7,75.1
H,8.5,3702.06,192.54,5.83,891.45,244.84,0,No Failure,120.5,57.7
H,9.32,4029.47,191.95,4.68,553.27,198.96,0,No Failure,176.1,77.4
L,8.94,3481.4,224.16,4.6,254.3,194.91,0,No Failure,194.2,83.8
L,9.22,3301.29,197.02,5.78,180.06,208.06,0,No Failure,180.1,78.8
H,10.06,3503.17,259.82,4.15,213.0,196.48,0,No Failure,172.9,76.2
M,9.31,3743.04,192.39,6.58,334.47,214.01,0,No Failure,160.8,72.0
M,8.5,3714.15,220.48,4.88,270.13,208.41,0,No Failure,192.3,83.1
H,9.1,3540.91,227.29,4.82,561.08,211.42,0,No Failure,206.9,88.3
M,8.49,3494.95,215.9,3.27,215.34,215.24,0,No Failure,166.8,74.1
L,8.29,3420.64,208.92,5.36,425.38,183.9,0,No Failure,184.4,80.3
M,10.68,2992.82,214.13,,419.34,208.87,0,No Failure,205.7,87.9
L,8.04,3087.11,240.42,6.23,543.14,198.02,0,No Failure,141.9,65.2
H,10.66,3413.31,213.81,5.97,606.72,217.21,0,No Failure,184.1,80.2
L,8.13,3547.78,204.09,6.17,1.0,194.23,0,No Failure,136.5,63.3
H,10.71,3096.13,181.48,4.39,529.11,220.03,0,No Failure,174.5,76.8
M,9.16,2780.38,162.68,3.44,566.32,211.21,0,No Failure,138.7,64.1
L,9.3,3439.57,208.1,3.81,777.39,207.25,0,No Failure,180.9,79.1
M,11.55,3171.21,163.37,5.43,563.49,188.82,0,No Failure,142.0,65.3
H,9.53,3814.38,219.92,3.92,522.47,202.78,0,No Failure,185.7,80.8
H,9.92,3179.81,235.62,4.88,438.03,218.63,0,No Failure,210.1,89.4
M,7.38,3355.7,252.58,4.05,971.5,214.46,1,Electrode Cap Mushrooming,4.9,15.5
L,7.98,3893.16,171.43,4.94,651.13,225.98,0,No Failure,141.8,65.2
L,8.71,3218.69,292.08,4.8,600.09,164.62,0,No Failure,135.7,63.1
L,6.8,3157.47,209.12,5.89,400.43,232.07,0,No Failure,144.1,66.0
H,10.45,3623.22,202.72,4.16,526.41,179.03,0,No Failure,173.7,76.5
H,9.23,2952.86,204.07,5.31,263.58,222.74,0,No Failure,177.7,77.9
M,9.94,2379.39,181.08,5.32,396.0,233.32,0,No Failure,149.8,68.1
M,8.86,3174.68,219.13,5.0,372.74,179.29,0,No Failure,186.9,81.2
M,10.84,2856.5,289.98,3.9,341.0,221.32,0,No Failure,132.4,61.9
M,9.49,2856.01,192.18,3.53,492.64,228.13,0,No Failure,157.2,70.7
H,10.48,3018.04,159.0,3.21,282.04,226.36,0,No Failure,132.1,61.8
M,7.87,3849.94,216.8,4.04,752.16,72.39,0,No Failure,151.1,68.5
L,10.41,3165.45,219.75,4.68,556.56,185.6,0,No Failure,191.0,82.6
M,10.61,3344.92,189.43,4.47,612.39,225.88,0,No Failure,182.7,79.7
H,9.34,2711.48,188.9,4.83,676.18,216.47,0,No Failure,169.3,75.0
M,10.34,3457.42,224.26,5.28,546.2,205.58,0,No Failure,203.6,87.1
M,8.17,3602.42,216.41,5.03,422.07,178.24,0,No Failure,180.9,79.1
L,8.08,2805.25,218.76,4.98,630.94,186.62,0,No Failure,154.5,69.7
L,7.37,3289.11,225.81,5.69,97.8,212.71,0,No Failure,152.4,69.0
M,10.8,3563.4,242.57,4.56,304.34,243.29,0,No Failure,169.6,75.1
L,10.13,3022.98,227.31,4.61,259.31,125.91,0,No Failure,178.9,78.3
M,8.72,3525.19,198.23,5.75,264.94,156.79,0,No Failure,144.4,66.1
M,8.73,4210.37,242.04,5.96,841.57,196.87,0,No Failure,115.3,55.8
H,9.43,3481.5,240.13,3.99,43.2,229.64,0,No Failure,163.1,72.8
H,10.76,3747.19,216.73,4.26,45.56,218.04,0,No Failure,168.8,74.8
H,9.68,3137.93,253.86,4.13,538.79,232.84,0,No Failure,170.2,75.3
M,8.85,3696.46,222.46,3.9,508.54,235.42,0,No Failure,168.0,74.5
L,10.28,3099.38,204.56,4.54,358.6,216.21,0,No Failure,201.4,86.3
M,9.35,2990.21,200.32,5.29,318.79,220.34,0,No Failure,184.8,80.5
L,9.97,4140.72,207.78,4.71,359.09,225.73,0,No Failure,186.2,80.9
L,9.58,3293.58,192.18,5.09,400.53,203.24,0,No Failure,208.8,89.0
L,9.75,3123.9,193.82,4.25,105.06,181.83,0,No Failure,165.6,73.6
H,11.06,3003.81,220.43,3.67,1.0,216.02,0,No Failure,146.3,66.8
H,9.54,4018.36,183.71,5.52,157.16,229.12,0,No Failure,148.8,67.7
L,9.04,3863.55,155.6,5.71,218.97,181.73,0,No Failure,128.1,60.4
L,7.92,3867.75,187.69,4.36,472.53,251.09,0,No Failure,139.0,64.2
M,11.56,3141.03,219.73,4.74,187.07,187.04,0,No Failure,168.9,74.8
M,10.47,2881.35,191.3,5.66,600.12,210.58,0,No Failure,165.9,73.8
M,7.83,3257.77,233.8,4.63,521.99,197.98,0,No Failure,177.4,77.8
L,8.17,3527.32,230.12,4.26,1.0,193.04,0,No Failure,152.6,69.0
L,,3054.74,234.34,3.54,217.54,221.24,0,No Failure,166.4,73.9
L,9.36,3641.73,193.43,4.45,306.66,214.91,0,No Failure,194.4,83.9
H,11.57,3878.43,211.59,3.25,212.92,215.93,0,No Failure,141.5,65.1
L,9.05,3405.84,235.11,4.79,714.39,225.32,0,No Failure,188.8,81.9
M,9.6,3676.51,219.98,4.13,518.14,234.61,0,No Failure,185.7,80.8
H,11.76,3810.49,210.96,5.19,190.59,214.69,0,No Failure,165.5,73.6
L,12.5,3019.48,120.62,5.8,172.65,201.13,1,Weld Expulsion & Splash,13.2,3.2
M,8.97,2700.52,222.75,3.76,341.21,182.74,0,No Failure,148.9,67.7
M,10.17,4017.72,256.08,6.32,168.43,194.32,0,No Failure,128.4,60.5
M,10.04,3754.43,233.81,3.21,527.59,210.51,0,No Failure,170.8,75.5
L,,3533.26,221.74,6.5,306.46,214.52,0,No Failure,164.6,73.3
H,9.91,3822.11,240.1,4.18,817.92,196.09,0,No Failure,158.9,71.3
H,10.23,2900.93,207.22,3.46,398.06,230.37,0,No Failure,165.2,73.5
L,8.75,3666.62,191.15,5.25,397.94,96.52,0,No Failure,184.8,80.4
M,11.18,3214.65,228.17,5.51,339.49,220.95,0,No Failure,177.6,77.9
M,9.55,3415.6,188.12,3.42,206.99,207.57,0,No Failure,177.0,77.7
M,10.8,3105.29,173.06,3.49,390.01,230.9,0,No Failure,148.1,67.5
L,9.2,3628.38,204.1,3.67,921.79,212.45,0,No Failure,157.0,70.6
M,10.56,2923.77,182.83,4.78,553.48,177.54,0,No Failure,161.9,72.3
M,10.74,3769.48,174.87,6.06,516.4,189.37,0,No Failure,143.5,65.8
M,8.8,3718.12,233.46,4.77,291.27,226.84,0,No Failure,182.5,79.6
H,10.33,2770.59,210.16,5.46,530.78,191.53,0,No Failure,169.7,75.1
L,8.76,3217.03,262.05,5.0,241.94,210.49,0,No Failure,177.2,77.7
L,9.64,3963.56,245.72,5.32,456.02,274.34,0,No Failure,142.2,65.4
L,10.62,3602.69,182.9,5.49,342.3,186.4,0,No Failure,167.8,74.4
L,11.47,3633.76,166.24,5.08,595.8,227.29,0,No Failure,152.3,68.9
M,10.51,2825.16,265.65,3.66,422.23,214.06,0,No Failure,152.9,69.2
H,9.39,3524.11,235.64,4.22,366.27,188.98,0,No Failure,188.7,81.8
M,9.61,,172.66,4.02,1001.73,210.45,0,No Failure,135.8,63.1
H,15.99,3623.9,230.69,4.37,557.64,229.7,0,No Failure,186.4,81.0
L,9.71,3389.01,227.7,5.21,531.54,254.71,0,No Failure,185.9,80.8
L,10.42,3853.8,249.24,5.38,502.44,203.96,0,No Failure,172.8,76.2
L,9.47,2892.48,123.38,4.99,566.34,189.2,0,No Failure,140.3,64.7
L,11.27,3375.36,201.09,5.83,560.33,191.27,0,No Failure,166.8,74.1
L,9.7,2916.94,194.76,4.56,483.43,226.26,0,No Failure,187.8,81.5
L,10.2,4118.69,201.51,3.52,346.71,184.21,0,No Failure,147.8,67.4
M,10.92,3410.64,254.67,4.26,299.15,217.15,0,No Failure,179.1,78.4
L,11.49,3242.24,174.72,6.33,290.59,209.97,0,No Failure,147.4,67.2
H,10.25,3532.38,248.92,5.01,359.11,261.1,0,No Failure,168.3,74.6
L,7.92,3053.32,196.17,4.26,605.54,216.96,0,No Failure,160.1,71.7
L,9.4,3000.01,240.63,3.9,419.54,210.31,0,No Failure,185.0,80.5
M,8.89,3191.34,192.46,5.43,328.83,191.81,0,No Failure,175.0,77.0
M,11.57,3852.84,221.84,5.38,427.47,215.6,0,No Failure,175.2,77.0
L,10.55,3053.85,207.02,6.53,291.82,205.55,0,No Failure,162.0,72.4
L,10.09,3143.63,216.88,4.45,742.47,202.47,0,No Failure,190.1,82.3
M,10.64,2968.01,191.65,5.19,201.58,220.36,0,No Failure,168.1,74.5
L,10.22,3189.43,173.75,5.75,307.71,212.58,0,No Failure,175.0,77.0
L,9.68,3803.44,193.58,6.28,670.87,194.63,0,No Failure,152.0,68.8
H,10.04,3958.67,226.05,6.3,402.6,217.54,0,No Failure,169.4,75.0
L,7.42,3140.72,161.15,,251.38,207.46,0,No Failure,153.3,69.3
H,8.92,3156.82,220.92,5.43,274.2,186.53,0,No Failure,175.2,77.0
H,9.55,2647.74,270.47,4.02,339.61,193.21,0,No Failure,143.8,65.9
M,11.44,1833.12,223.12,5.74,158.45,249.89,0,No Failure,144.5,66.2
M,10.07,3860.57,213.18,4.69,719.87,232.52,0,No Failure,178.6,78.2
M,8.1,3158.14,264.32,3.86,163.9,190.71,0,No Failure,130.5,61.2
M,11.85,3172.85,185.2,4.85,316.11,199.52,0,No Failure,170.6,75.4
L,11.44,3425.08,180.96,3.61,319.33,230.71,0,No Failure,152.2,68.9
L,8.76,3261.51,258.12,5.97,408.83,198.69,0,No Failure,164.4,73.2
H,9.41,3596.33,223.63,5.52,251.22,231.82,0,No Failure,180.6,79.0
L,4.88,3575.21,196.61,4.85,458.28,219.66,0,No Failure,210.6,89.6
L,10.66,3555.43,208.93,5.87,391.18,218.56,0,No Failure,187.6,81.4
L,11.4,,194.38,4.88,240.06,208.75,0,No Failure,184.0,80.2
L,9.81,3311.91,221.06,,633.47,236.35,0,No Failure,192.2,83.1
M,10.19,3817.13,206.46,5.63,368.34,244.56,0,No Failure,168.4,74.6
M,11.06,2742.8,189.65,4.63,249.13,193.17,0,No Failure,155.1,69.9
L,9.53,3723.42,288.11,4.92,619.14,191.45,0,No Failure,157.6,70.8
L,9.23,3378.82,211.87,5.52,417.9,243.47,0,No Failure,191.6,82.8
M,9.91,3485.67,158.97,6.05,656.76,189.25,0,No Failure,150.5,68.3
M,7.64,3856.72,195.16,3.93,432.37,234.17,0,No Failure,143.9,66.0
H,10.65,3033.82,190.17,4.61,526.05,188.33,0,No Failure,174.2,76.7
M,10.1,3332.78,175.35,4.29,973.93,190.68,0,No Failure,152.2,68.9
H,9.55,2918.52,185.88,3.78,261.97,230.52,0,No Failure,155.5,70.1
L,9.57,3458.72,237.56,5.27,410.34,245.37,0,No Failure,188.7,81.8
M,9.38,3892.93,215.68,5.49,287.32,202.63,0,No Failure,184.3,80.3
H,10.27,3610.19,238.85,4.92,419.91,216.22,0,No Failure,205.6,87.8
M,9.8,3059.97,250.11,6.0,543.01,174.22,0,No Failure,150.5,68.3
L,9.22,3337.89,119.06,5.05,725.05,217.38,0,No Failure,150.4,68.3
L,7.64,2626.43,242.04,3.87,94.59,225.7,0,No Failure,110.5,54.1
M,10.81,4018.11,219.94,8.77,623.55,185.02,0,No Failure,161.8,72.3
M,9.97,3413.05,182.79,4.74,-308.71,187.13,0,No Failure,184.4,80.3
M,8.84,3637.1,257.59,3.9,698.38,209.87,0,No Failure,156.8,70.6
L,9.62,3264.04,232.74,5.43,143.44,220.03,0,No Failure,184.2,80.2
L,11.17,2200.04,208.93,4.91,465.28,183.21,0,No Failure,145.8,66.6
L,9.83,3611.87,212.11,5.29,1459.04,277.93,0,No Failure,190.9,82.6
H,9.35,3609.91,204.5,5.29,843.47,177.78,0,No Failure,159.1,71.3
M,10.08,3022.29,177.46,4.29,271.16,231.15,0,No Failure,166.2,73.9
M,11.39,3744.25,175.34,5.28,423.47,215.91,0,No Failure,168.2,74.6
L,9.59,3323.38,226.89,4.4,198.94,196.2,0,No Failure,195.2,84.1
L,9.63,4617.54,231.94,4.74,643.8,199.3,0,No Failure,157.7,70.9
L,6.5,3277.3,212.68,5.07,745.2,173.58,0,No Failure,133.9,62.4
M,10.21,3089.04,162.95,4.66,437.34,213.55,0,No Failure,188.4,81.7
L,8.08,3928.89,270.05,5.44,271.95,170.09,0,No Failure,115.2,55.8
H,9.67,2731.7,203.37,4.04,414.91,219.56,0,No Failure,181.3,79.2
M,10.89,3776.28,166.54,3.45,573.21,192.49,0,No Failure,133.4,62.3
L,10.9,4206.26,154.94,4.76,723.16,179.52,0,No Failure,118.6,57.0
M,8.86,3483.57,237.42,3.62,115.85,192.81,0,No Failure,154.8,69.8
L,10.22,3046.79,426.38,,944.27,219.86,1,Electrode Cap Mushrooming,10.4,20.6
L,8.27,3562.87,183.7,4.91,531.06,188.76,0,No Failure,171.4,75.7
M,9.43,3168.42,218.42,4.3,247.72,225.73,0,No Failure,190.5,82.5
M,8.87,3403.88,228.54,5.45,273.52,233.13,0,No Failure,180.6,79.0
M,11.2,3175.23,224.46,4.87,468.86,191.42,0,No Failure,188.3,81.7
M,10.51,3030.45,204.91,4.99,1.0,222.62,0,No Failure,168.6,74.7
L,10.94,4283.05,274.61,4.93,523.72,208.15,0,No Failure,145.5,66.5
M,8.58,3473.93,168.76,4.53,293.97,179.65,0,No Failure,161.7,72.3
M,9.73,3053.37,178.89,4.44,401.67,238.95,0,No Failure,178.1,78.1
H,11.9,3406.07,163.92,5.72,767.51,226.88,0,No Failure,129.8,61.0
L,10.28,3360.39,244.68,5.69,127.33,240.11,0,No Failure,158.0,70.9
L,10.67,3417.72,184.32,7.82,865.15,210.25,0,No Failure,176.6,77.5
M,11.16,3346.07,229.35,4.78,330.29,223.55,0,No Failure,195.3,84.2
L,11.68,3098.26,244.02,4.19,571.11,201.63,1,Weld Expulsion & Splash,2.1,25.5
M,10.56,3425.88,208.18,3.81,705.71,229.76,0,No Failure,171.1,75.6
H,8.96,2406.6,240.19,5.41,1.0,231.61,0,No Failure,118.0,56.8
H,7.34,3275.77,210.48,5.03,470.42,206.23,0,No Failure,185.9,80.8
H,10.64,4138.31,207.16,4.53,406.35,233.49,0,No Failure,170.4,75.3
M,8.65,3758.78,207.7,4.82,114.49,241.96,0,No Failure,162.5,72.5
H,9.9,3584.53,169.84,4.17,266.27,210.58,0,No Failure,184.1,80.2
H,10.11,3969.4,210.29,5.64,426.74,226.27,0,No Failure,180.1,78.8
H,10.59,3533.09,210.18,5.1,598.16,184.94,0,No Failure,185.6,80.7
M,12.18,3553.44,209.25,5.3,1666.49,216.74,0,No Failure,178.6,78.3
M,9.74,3262.6,193.93,,399.58,175.19,0,No Failure,185.4,80.7
L,10.98,3425.14,217.28,5.46,804.5,219.03,0,No Failure,174.8,76.9
L,9.39,4080.8,195.02,5.15,561.62,178.45,0,No Failure,157.4,70.8
H,9.15,2303.43,231.36,4.06,384.72,193.63,0,No Failure,147.2,67.1
M,9.06,3741.34,242.87,5.12,1759.14,171.06,0,No Failure,162.7,72.6
L,10.31,3334.63,190.75,5.51,681.86,247.45,0,No Failure,160.1,71.7
M,9.03,3440.9,213.21,4.45,203.49,237.44,0,No Failure,186.2,80.9
L,8.18,3049.23,271.07,4.5,1482.67,231.45,0,No Failure,143.2,65.7
H,9.94,3365.96,193.39,5.69,92.94,219.0,0,No Failure,178.8,78.3
L,9.05,3274.86,168.87,3.83,303.62,247.35,0,No Failure,147.5,67.3
H,9.63,4937.96,272.96,5.53,196.96,254.19,0,No Failure,131.1,61.4
L,8.95,3522.23,256.97,5.9,835.77,208.59,1,Electrode Cap Mushrooming,6.3,22.9
L,9.95,4040.58,243.5,4.11,188.99,207.62,0,No Failure,164.8,73.4
L,9.7,3738.67,250.63,3.53,365.06,194.09,0,No Failure,165.0,73.5
L,9.45,3327.18,227.15,6.22,312.35,169.27,0,No Failure,161.3,72.1
L,8.71,3328.44,176.28,4.54,322.17,221.12,0,No Failure,182.2,79.5
M,9.5,3744.5,197.02,5.34,646.13,214.79,0,No Failure,182.4,79.6
L,,3459.28,258.27,5.06,639.9,196.66,0,No Failure,180.1,78.8
L,11.25,3213.2,226.92,5.44,320.75,241.93,0,No Failure,163.5,72.9
M,10.05,2779.38,179.22,5.69,191.39,196.91,0,No Failure,149.4,67.9
M,10.23,2890.82,157.12,5.07,216.39,235.78,0,No Failure,147.0,67.1
M,7.81,3486.09,265.28,5.69,134.56,188.87,0,No Failure,130.2,61.1
L,13.92,3348.26,253.23,3.81,533.94,211.19,0,No Failure,177.8,78.0
M,9.84,4317.14,184.53,4.05,367.79,226.58,0,No Failure,155.1,69.9
L,9.86,3130.49,283.91,4.22,81.58,218.17,0,No Failure,153.0,69.2
M,9.54,2575.95,167.23,,175.9,184.66,0,No Failure,125.6,59.5
L,9.11,3833.26,182.59,6.0,1.0,204.48,0,No Failure,138.3,64.0
L,9.41,3576.63,208.42,4.13,160.08,254.21,0,No Failure,162.6,72.6
L,10.88,3562.21,168.48,3.83,525.53,205.14,0,No Failure,163.3,72.8
L,6.31,3691.54,155.31,5.34,291.45,243.26,0,No Failure,107.6,53.1
L,10.45,3097.28,225.34,3.89,666.49,214.19,0,No Failure,174.0,76.6
L,7.48,3538.13,228.75,5.36,-823.22,220.57,0,No Failure,173.0,76.3
M,10.58,3024.95,228.6,3.91,323.49,219.45,0,No Failure,174.4,76.8
M,8.59,2870.21,246.9,5.1,765.12,194.11,0,No Failure,144.3,66.1
H,9.09,,251.42,5.42,568.38,238.04,0,No Failure,164.9,73.4
M,9.8,4079.92,189.2,5.57,830.01,203.56,0,No Failure,150.5,68.3
L,9.03,2987.26,271.97,3.72,346.69,151.79,0,No Failure,116.1,56.1
L,10.38,3613.63,254.17,4.91,518.61,174.23,0,No Failure,170.2,75.3
H,8.99,3112.36,213.77,3.31,438.98,233.92,0,No Failure,166.6,74.0
L,8.61,3440.26,239.07,6.02,634.53,179.21,0,No Failure,148.0,67.4
M,8.45,3389.57,150.85,4.62,540.65,206.45,0,No Failure,173.5,76.4
H,10.86,2894.84,204.89,3.76,320.92,222.06,0,No Failure,161.3,72.1
L,8.41,3440.22,213.92,4.38,1.0,216.58,0,No Failure,176.4,77.5
M,9.77,3690.83,241.41,4.99,490.9,217.96,0,No Failure,200.0,85.8
L,9.79,3403.22,190.03,3.19,613.35,205.86,0,No Failure,177.2,77.8
L,10.25,3765.05,179.72,6.36,220.89,167.6,0,No Failure,125.7,59.5
M,8.77,3340.08,194.84,4.97,,214.27,0,No Failure,179.9,78.7
M,9.6,3826.54,183.86,2.61,1.0,179.94,0,No Failure,108.8,53.5
M,9.53,3132.12,171.51,4.57,387.44,234.55,0,No Failure,179.6,78.6
L,9.39,3527.15,199.15,5.13,828.05,255.48,0,No Failure,156.3,70.3
M,9.44,2753.04,181.28,3.97,412.69,190.22,0,No Failure,159.4,71.4
M,12.43,3915.98,191.11,4.27,425.06,204.59,0,No Failure,152.7,69.1
L,10.34,3259.51,206.83,5.22,94.9,181.38,0,No Failure,172.6,76.1
M,11.79,3571.04,234.61,4.91,359.66,210.74,0,No Failure,187.3,81.3
L,11.43,3548.37,216.33,6.5,515.94,235.11,0,No Failure,150.0,68.1
H,9.6,2767.96,213.5,3.28,388.88,172.45,0,No Failure,150.2,68.2
M,9.32,3565.65,190.85,4.06,449.9,233.36,0,No Failure,180.6,79.0
M,9.17,3612.79,245.94,4.47,1.0,232.59,0,No Failure,156.3,70.4
H,10.77,3202.19,197.37,4.01,7.77,182.24,0,No Failure,145.9,66.7
M,9.14,2624.9,224.54,,162.42,197.96,0,No Failure,163.5,72.9
M,9.68,3342.8,206.89,5.0,484.91,135.0,0,No Failure,175.3,77.1
L,7.52,,270.64,5.1,407.5,236.66,0,No Failure,151.1,68.5
M,10.34,3349.83,210.44,6.45,896.52,254.96,0,No Failure,130.8,61.3
L,8.93,3764.91,209.68,3.67,359.91,182.57,0,No Failure,162.9,72.7
L,10.68,3633.54,228.75,5.6,288.88,237.14,0,No Failure,166.7,74.0
L,8.78,4039.7,207.85,4.53,926.24,220.99,0,No Failure,147.8,67.3
M,10.59,2909.95,185.28,5.07,399.3,239.63,0,No Failure,166.0,73.8
M,10.4,3119.87,143.86,5.84,377.66,183.62,0,No Failure,141.4,65.1
M,9.84,3389.26,190.96,4.97,269.69,256.76,0,No Failure,182.2,79.5
H,10.05,3883.82,217.09,5.74,261.35,,0,No Failure,176.4,77.5
M,10.16,2594.86,166.01,4.94,526.27,194.18,0,No Failure,155.7,70.1
L,10.38,3286.14,284.92,3.65,284.01,207.17,0,No Failure,156.4,70.4
H,9.17,2768.84,213.47,5.25,868.6,204.19,0,No Failure,160.1,71.7
M,11.02,3236.86,211.22,4.27,241.69,201.03,0,No Failure,184.4,80.3
L,10.61,3482.03,194.45,3.53,255.71,224.64,0,No Failure,166.8,74.1
H,9.18,3183.01,180.31,3.91,432.95,192.19,0,No Failure,172.8,76.2
L,11.53,2979.45,237.44,5.03,498.94,220.95,1,Weld Expulsion & Splash,8.5,29.7
L,10.27,3177.27,196.18,4.7,668.61,185.5,0,No Failure,179.3,78.5
M,10.63,3641.6,186.71,3.27,766.14,206.76,0,No Failure,145.7,66.6
L,10.84,3554.15,220.63,4.77,129.65,163.26,0,No Failure,164.5,73.3
M,9.59,3658.9,247.06,4.58,694.84,249.31,0,No Failure,160.7,71.9
L,11.32,3149.08,274.12,4.34,451.01,206.16,0,No Failure,163.4,72.9
L,10.69,3430.84,214.61,4.9,883.41,317.77,0,No Failure,189.5,82.1
L,10.99,3785.32,385.62,3.22,530.92,216.3,0,No Failure,156.2,70.3
L,11.62,3430.34,195.07,4.41,1.0,184.26,0,No Failure,148.9,67.7
L,10.01,3438.11,202.83,5.16,465.35,212.83,0,No Failure,216.7,91.7
L,10.05,3734.88,211.59,4.7,328.98,196.8,0,No Failure,203.4,87.1
M,10.23,3572.94,180.4,6.03,598.94,212.84,0,No Failure,169.2,74.9
M,9.73,3764.41,198.01,5.71,438.58,228.21,0,No Failure,182.4,79.6
L,9.73,3176.92,235.5,5.73,693.81,191.29,0,No Failure,168.8,74.8
M,9.3,3287.64,208.62,4.42,637.65,180.77,0,No Failure,182.8,79.7
M,11.75,3346.04,211.41,4.71,86.37,246.87,0,No Failure,158.9,71.3
L,8.77,3512.2,189.78,5.89,-698.65,209.38,0,No Failure,173.0,76.3
M,9.51,3096.59,290.69,4.47,407.76,192.25,0,No Failure,165.5,73.6
M,9.38,3208.66,203.47,3.53,343.94,203.94,0,No Failure,183.9,80.1
M,12.05,3164.74,226.91,3.9,407.0,237.31,0,No Failure,153.2,69.3
L,7.8,3065.78,207.01,3.54,185.18,221.97,0,No Failure,142.3,65.4
L,10.97,3337.31,253.04,,498.35,223.73,0,No Failure,179.9,78.7
M,8.26,3028.45,230.91,5.33,851.18,210.08,0,No Failure,153.9,69.5
L,7.82,3302.9,204.39,5.33,361.66,177.56,0,No Failure,165.0,73.4
M,9.34,3297.0,213.72,3.97,32.86,199.59,0,No Failure,178.0,78.0
M,9.5,3415.65,211.44,4.86,489.12,206.7,0,No Failure,225.0,94.7
M,9.56,2765.65,173.8,6.45,144.07,225.59,0,No Failure,125.3,59.4
L,11.2,3374.19,282.38,5.03,483.28,186.78,0,No Failure,160.2,71.7
H,10.17,3895.87,216.3,5.2,613.63,201.11,0,No Failure,185.7,80.8
L,10.71,3115.42,238.68,4.89,537.14,153.0,0,No Failure,155.3,70.0
H,11.18,3413.35,209.87,5.08,180.79,192.41,0,No Failure,183.1,79.9
M,10.31,3414.25,181.32,5.9,337.5,230.3,0,No Failure,172.7,76.2
L,11.08,3323.18,235.44,4.01,451.11,,0,No Failure,175.2,77.1
L,9.36,3407.69,242.73,4.04,573.55,240.28,0,No Failure,172.9,76.2
M,9.24,3171.32,156.51,5.96,549.43,227.37,0,No Failure,147.9,67.4
M,9.05,3907.61,237.42,5.74,605.34,,0,No Failure,156.7,70.5
M,10.44,3364.65,207.61,5.45,419.03,185.7,0,No Failure,195.2,84.2
M,8.79,3250.9,172.38,4.31,176.2,178.43,0,No Failure,149.8,68.1
L,8.14,3301.52,219.58,4.87,169.92,218.51,0,No Failure,185.6,80.7
L,10.11,3492.46,204.51,4.89,245.34,184.0,0,No Failure,195.4,84.2
M,10.01,3091.86,228.2,5.34,545.19,210.83,0,No Failure,197.0,84.8
M,8.65,2829.9,219.6,3.35,15.96,199.66,0,No Failure,132.2,61.8
M,10.82,2775.86,212.2,5.22,734.82,190.88,0,No Failure,154.8,69.8
L,15.8,3559.44,227.94,4.36,539.67,188.7,0,No Failure,190.8,82.6
H,10.51,2999.59,230.67,5.4,1.0,203.44,0,No Failure,160.0,71.7
H,8.95,3887.95,164.86,3.42,438.0,205.05,0,No Failure,148.2,67.5
L,10.03,3295.94,186.02,4.6,314.29,200.43,0,No Failure,200.2,85.9
M,8.11,3313.4,253.88,5.34,230.3,236.95,0,No Failure,150.2,68.2
H,7.98,3586.49,239.85,3.47,304.5,223.67,0,No Failure,148.0,67.4
H,10.51,3235.15,242.74,4.7,720.01,213.54,0,No Failure,184.5,80.3
L,9.54,2954.99,260.43,4.22,612.02,212.77,0,No Failure,167.9,74.5
M,10.18,3881.85,211.33,4.2,409.5,229.68,0,No Failure,185.6,80.7
L,9.23,2572.39,168.91,3.12,372.54,222.99,0,No Failure,126.3,59.7
H,9.71,3422.09,240.87,5.45,1.0,229.13,0,No Failure,170.2,75.3
L,10.4,3379.9,237.02,4.82,430.61,196.94,0,No Failure,209.7,89.3
M,10.2,3725.85,264.87,3.85,62.66,180.14,0,No Failure,131.4,61.6
M,10.15,4381.3,237.47,4.05,427.23,233.56,0,No Failure,150.2,68.2
M,10.9,3539.06,273.87,4.33,213.62,256.72,0,No Failure,133.8,62.4
M,8.73,3480.38,272.81,4.73,346.35,250.37,0,No Failure,158.8,71.2
M,10.86,3446.98,254.36,4.82,420.93,175.08,0,No Failure,179.1,78.4
M,8.97,2784.87,205.4,4.23,358.0,190.95,0,No Failure,168.2,74.6
L,9.21,3225.59,167.39,4.45,457.39,197.45,0,No Failure,181.9,79.4
M,9.29,3044.71,192.34,5.02,413.23,209.68,0,No Failure,200.9,86.2
H,10.8,3250.64,201.61,4.88,354.3,188.9,0,No Failure,192.4,83.1
M,10.34,2809.59,230.05,5.1,452.7,201.33,0,No Failure,185.3,80.6
M,10.82,3623.24,198.44,4.93,459.3,175.34,0,No Failure,179.1,78.4
M,8.71,2820.17,226.15,3.5,234.37,221.87,0,No Failure,146.0,66.7
M,10.29,3799.42,175.13,5.33,-790.96,212.81,0,No Failure,176.5,77.5
H,10.18,3468.94,262.42,4.16,1966.85,269.52,1,Electrode Cap Mushrooming,10.1,17.2
H,8.78,,210.01,4.72,720.19,,0,No Failure,177.6,77.9
L,9.23,3552.7,236.29,3.59,305.8,154.72,0,No Failure,144.4,66.2
L,11.37,3638.58,194.94,,715.73,198.9,0,No Failure,165.7,73.7
H,9.27,3319.46,182.53,4.44,54.77,192.12,0,No Failure,168.8,74.8
M,10.25,2860.74,152.7,5.36,535.03,252.95,0,No Failure,131.3,61.5
L,12.19,3832.52,288.18,5.65,492.71,206.81,0,No Failure,125.4,59.4
M,8.53,3315.23,181.74,4.5,409.84,191.17,0,No Failure,181.7,79.4
L,11.8,3036.6,227.97,3.81,345.98,209.75,1,Weld Expulsion & Splash,11.9,27.7
L,8.61,3554.49,207.11,4.37,592.17,219.12,0,No Failure,185.5,80.7
L,6.85,3168.46,218.55,5.29,647.42,194.54,0,No Failure,149.6,68.0
M,11.16,3178.44,202.43,5.99,593.93,162.85,0,No Failure,136.3,63.3
M,8.86,3568.66,184.16,4.19,435.27,218.41,0,No Failure,184.1,80.2
L,11.08,3301.83,215.8,4.9,37.92,186.23,0,No Failure,173.5,76.4
M,8.71,3154.48,296.42,4.25,478.66,202.19,0,No Failure,152.2,68.9
H,10.53,3026.62,244.05,3.99,245.49,238.54,0,No Failure,151.2,68.6
M,12.61,3440.35,180.89,4.61,170.78,228.46,0,No Failure,147.4,67.2
M,7.92,2948.53,233.55,4.17,219.51,184.72,0,No Failure,140.7,64.8
M,10.59,2796.47,172.72,4.58,394.83,202.04,0,No Failure,170.4,75.4
L,9.7,3403.09,196.08,5.2,304.45,223.75,0,No Failure,203.4,87.1
M,9.75,3718.54,40.13,3.52,540.17,201.75,0,No Failure,163.5,72.9
L,9.87,3050.75,263.0,5.57,693.02,220.71,0,No Failure,158.6,71.2
L,9.9,2873.36,227.68,7.0,281.52,204.18,0,No Failure,175.9,77.3
L,10.05,3201.29,74.07,5.86,1.0,190.66,0,No Failure,145.7,66.6
L,11.48,3497.17,264.06,4.12,82.27,177.97,0,No Failure,128.5,60.5
L,8.86,3484.3,211.67,3.52,296.08,195.72,0,No Failure,176.1,77.4
H,10.67,3446.36,250.25,4.46,299.56,201.18,0,No Failure,186.6,81.1
M,9.14,3136.78,221.46,5.13,657.18,231.76,0,No Failure,178.8,78.3
M,8.64,3113.6,181.66,4.33,758.83,224.99,0,No Failure,151.7,68.7
M,7.76,3809.73,228.47,4.37,560.63,192.44,0,No Failure,156.0,70.3
L,10.83,2956.86,254.34,3.19,100.82,198.32,0,No Failure,123.4,58.7
L,10.07,2952.92,179.05,4.94,544.94,170.37,0,No Failure,161.5,72.2
M,9.35,3396.35,216.21,4.23,149.48,206.38,0,No Failure,200.0,85.8
L,11.46,3547.03,214.48,5.49,573.48,226.81,0,No Failure,173.4,76.4
M,10.87,3949.59,181.97,4.56,297.8,219.47,0,No Failure,165.3,73.5
L,10.73,3216.51,214.2,4.5,90.68,186.97,0,No Failure,174.7,76.9
M,9.63,3700.81,,5.13,619.13,232.05,0,No Failure,181.8,79.4
L,9.23,3244.91,241.55,5.91,256.75,230.24,0,No Failure,163.8,73.0
L,10.94,3465.48,195.66,4.76,218.45,192.33,0,No Failure,184.8,80.4
L,,3585.16,283.72,3.1,1.0,224.75,0,No Failure,119.5,57.3
M,10.14,3344.8,284.55,4.52,651.04,214.11,0,No Failure,173.7,76.5
H,9.76,3195.87,190.41,3.64,497.7,201.2,0,No Failure,182.7,79.7
H,8.46,3539.41,179.14,4.93,381.52,211.73,0,No Failure,190.1,82.3
M,10.11,2920.43,189.28,4.78,37.73,185.88,0,No Failure,160.5,71.8
L,9.29,3123.26,205.29,5.07,311.95,219.41,0,No Failure,196.7,84.7
L,7.6,2629.89,219.38,5.14,301.52,179.82,0,No Failure,138.1,63.9
L,11.35,3230.58,181.83,5.02,444.74,191.16,0,No Failure,174.8,76.9
M,9.39,4064.34,188.82,5.57,519.94,208.08,0,No Failure,168.6,74.7
L,8.7,2691.28,152.57,5.13,748.1,235.67,0,No Failure,116.9,56.4
M,11.14,2672.53,220.82,4.78,723.53,198.6,0,No Failure,158.6,71.2
H,12.38,2740.41,218.67,4.86,171.19,176.7,1,Weld Expulsion & Splash,3.6,17.0
H,10.05,3089.34,234.14,4.04,763.55,202.96,0,No Failure,169.9,75.2
H,8.99,3524.12,265.01,3.74,783.48,230.08,1,Electrode Cap Mushrooming,5.8,18.8
H,10.75,3289.06,225.28,7.19,635.65,178.77,0,No Failure,133.2,62.2
H,10.09,3790.44,180.14,4.97,745.64,215.36,0,No Failure,173.0,76.3
L,9.69,3379.79,199.21,4.61,347.01,217.19,0,No Failure,215.9,91.5
M,11.09,3258.75,268.86,4.19,437.94,,0,No Failure,162.4,72.5
H,10.16,3350.08,205.38,4.18,495.7,233.03,0,No Failure,194.2,83.8
L,7.92,3636.59,250.38,5.27,1.0,188.41,0,No Failure,132.6,62.0
H,9.3,3481.64,216.74,4.26,1.0,231.95,0,No Failure,174.4,76.8
L,9.12,3671.22,157.09,4.47,514.58,184.43,0,No Failure,159.3,71.4
M,10.51,3779.27,222.24,3.89,515.91,202.23,0,No Failure,179.1,78.4
L,9.74,3217.68,260.81,5.65,584.96,238.32,0,No Failure,160.6,71.9
H,8.58,3047.99,154.3,4.84,553.26,214.56,0,No Failure,164.2,73.2
M,10.7,3710.93,240.43,4.92,415.6,239.92,0,No Failure,178.3,78.2
M,12.22,3636.75,142.94,4.4,572.6,169.32,0,No Failure,113.0,55.0
M,9.03,3584.69,212.11,6.02,155.31,227.17,0,No Failure,164.4,73.2
M,8.66,3291.51,236.58,4.68,842.61,221.41,0,No Failure,169.7,75.1
L,8.91,3661.34,212.99,5.32,534.47,199.9,0,No Failure,189.6,82.2
M,8.92,2609.62,253.99,4.15,970.78,227.38,1,Electrode Cap Mushrooming,13.6,9.8
L,9.32,4504.04,215.04,4.11,611.63,204.48,0,No Failure,155.2,70.0
L,10.21,2721.13,228.71,5.37,52.87,234.49,0,No Failure,145.7,66.6
L,9.57,2547.79,200.79,4.47,599.03,163.05,0,No Failure,143.5,65.8
H,9.54,3142.71,186.75,3.65,717.07,204.14,0,No Failure,163.1,72.7
L,,3436.22,214.2,4.78,532.4,231.07,0,No Failure,206.0,88.0
M,9.67,4121.12,205.56,5.16,171.16,204.29,0,No Failure,175.1,77.0
L,9.25,2496.96,374.39,4.65,281.66,231.13,0,No Failure,157.4,70.7
H,9.91,3061.99,262.33,5.5,29.62,292.4,0,No Failure,111.4,54.5
M,10.21,3410.16,213.75,4.31,117.88,203.92,0,No Failure,198.4,85.3
L,8.96,3444.26,244.92,4.47,589.53,167.52,0,No Failure,164.2,73.2
L,8.71,3470.99,246.33,5.07,519.68,228.74,0,No Failure,180.7,79.0
M,9.71,3787.28,170.07,3.87,463.03,175.4,0,No Failure,154.1,69.6
L,10.05,2994.01,264.7,4.41,289.16,196.61,0,No Failure,168.4,74.7
L,11.75,2815.86,189.18,4.44,81.9,217.65,1,Weld Expulsion & Splash,13.4,19.2
H,8.88,3444.06,234.13,,-587.28,196.94,0,No Failure,188.6,81.8
M,9.96,4063.26,218.43,4.72,325.3,208.41,0,No Failure,199.1,85.5
M,7.52,3532.3,208.39,4.79,199.19,209.57,0,No Failure,182.6,79.7
M,10.66,3448.98,228.25,4.58,329.64,169.39,0,No Failure,181.1,79.1
M,10.61,2889.36,203.13,4.13,812.44,224.0,0,No Failure,150.9,68.4
L,9.86,3497.12,227.27,4.5,237.62,245.77,0,No Failure,186.6,81.1
H,9.07,3061.92,274.45,4.12,401.9,224.62,0,No Failure,160.0,71.7
L,10.33,3739.52,244.98,5.03,8.41,,0,No Failure,169.7,75.1
L,8.67,3417.0,207.4,3.46,582.46,227.12,0,No Failure,168.2,74.6
L,7.61,3449.91,164.82,4.66,152.17,175.84,0,No Failure,137.3,63.6
M,10.99,3643.54,191.77,5.21,459.12,206.23,0,No Failure,187.0,81.2
M,8.69,3833.13,202.97,4.22,266.46,176.26,0,No Failure,154.6,69.7
H,9.47,3595.57,162.94,5.01,88.17,230.01,0,No Failure,160.9,72.0
L,11.0,2875.41,230.94,5.3,534.83,173.87,0,No Failure,150.1,68.2
L,10.54,3697.51,239.02,5.89,457.64,232.56,0,No Failure,163.9,73.0
M,9.67,3403.4,188.18,5.01,247.84,265.04,0,No Failure,172.0,75.9
L,,3540.04,139.26,5.42,,269.64,0,No Failure,107.5,53.1
L,11.81,3257.67,232.45,4.52,512.97,222.45,0,No Failure,175.7,77.2
L,7.54,2891.44,172.86,6.98,631.64,236.31,0,No Failure,86.4,45.6
M,11.17,3414.02,230.23,4.76,415.31,198.0,0,No Failure,202.7,86.8
M,9.52,2894.55,221.43,4.77,522.52,199.73,0,No Failure,197.2,84.8
M,12.35,3622.86,218.9,3.25,421.09,197.21,0,No Failure,150.0,68.1
