Type,Suction Pressure [kPa],Discharge Pressure [kPa],Flow Rate [m3/h],Impeller Vibration [mm/s],Motor Phase Current [A],Mechanical Seal Temp [C],Pump Speed [rpm],Machine failure,Failure Mode,RUL [min],Health Index [%]
M,135.65,653.38,165.05,1.89,42.88,68.98,2920.0,0,No Failure,177.2,77.8
M,122.67,713.75,152.78,4.66,51.33,77.79,2978.0,0,No Failure,149.9,68.1
M,121.82,572.54,126.84,4.2,39.79,60.62,2957.0,0,No Failure,187.0,81.2
M,143.67,750.85,162.08,1.14,39.95,65.08,2860.0,0,No Failure,132.7,62.0
M,88.52,542.03,138.59,2.12,43.01,51.94,3060.0,0,No Failure,133.4,62.2
L,127.47,712.3,156.15,5.79,35.58,70.67,3038.0,0,No Failure,138.8,64.2
L,122.09,649.63,169.62,3.16,33.45,75.92,3074.0,0,No Failure,150.2,68.2
H,119.33,574.15,176.19,3.12,36.79,64.38,2872.0,0,No Failure,170.0,75.2
L,101.08,542.2,134.18,4.42,43.9,57.53,2941.0,0,No Failure,171.6,75.8
H,116.1,647.73,155.15,4.46,41.02,69.23,2895.0,0,No Failure,198.0,85.1
L,86.02,560.35,139.33,2.8,48.26,72.27,2948.0,0,No Failure,161.1,72.1
L,107.85,648.89,143.96,3.01,40.72,69.3,2914.0,0,No Failure,208.8,88.9
L,74.33,634.91,140.49,3.36,44.51,72.4,2946.0,0,No Failure,184.3,80.3
L,117.19,583.8,144.75,2.97,38.36,60.86,3003.0,0,No Failure,195.8,84.3
M,115.13,565.65,119.82,2.85,36.87,92.46,2910.0,0,No Failure,168.7,74.7
H,124.2,699.2,140.89,0.81,45.5,55.4,2794.0,0,No Failure,135.6,63.0
L,121.41,562.61,147.57,3.85,49.98,67.24,3033.0,0,No Failure,170.0,75.2
L,154.62,650.57,156.88,2.66,33.67,58.47,2952.0,0,No Failure,165.4,73.6
L,129.01,730.11,147.94,1.28,41.13,58.01,3006.0,0,No Failure,160.6,71.9
H,115.01,671.31,166.06,3.85,42.71,72.59,2931.0,0,No Failure,194.7,84.0
L,128.63,683.96,135.24,3.26,34.88,49.18,2935.0,0,No Failure,168.2,74.6
H,96.12,697.49,117.95,3.27,42.04,62.73,3006.0,0,No Failure,179.2,78.5
M,128.42,557.65,163.68,3.8,49.06,58.72,3019.0,0,No Failure,155.5,70.1
L,101.64,575.65,187.89,4.06,36.95,70.78,2924.0,0,No Failure,153.0,69.2
M,119.14,686.6,147.65,2.21,42.94,59.24,2860.0,0,No Failure,183.1,79.8
H,116.67,579.06,139.41,1.89,61.61,60.46,2955.0,0,No Failure,157.2,70.7
H,103.58,614.91,105.25,2.02,43.45,61.26,2964.0,0,No Failure,176.1,77.4
L,118.9,515.94,144.685,2.85,37.66,61.91,2949.0,0,No Failure,184.1,80.2
L,96.8,610.04,165.29,2.95,38.43,66.86,2950.0,0,No Failure,177.7,77.9
M,97.44,626.38,137.47,2.62,42.1,54.18,2925.0,0,No Failure,189.1,82.0
L,95.03,601.99,137.73,3.43,46.37,62.75,2948.0,0,No Failure,198.8,85.4
M,104.27,696.99,142.68,4.21,40.13,67.42,2871.0,0,No Failure,165.6,73.7
L,107.16,605.31,156.11,1.07,41.27,73.51,2886.0,0,No Failure,164.6,73.3
L,104.84,603.36,135.43,2.56,46.44,64.75,2956.0,0,No Failure,196.9,84.7
L,126.05,627.83,168.37,4.44,36.84,73.96,2982.0,0,No Failure,169.5,75.0
M,99.4,637.9,174.5,4.16,42.44,71.1,2954.0,0,No Failure,186.0,80.9
H,83.29,541.02,160.2,3.39,40.18,73.79,2909.0,0,No Failure,152.8,69.1
L,140.78,670.22,114.46,5.84,47.12,75.03,2896.0,0,No Failure,129.2,60.8
L,119.65,600.11,139.22,4.07,50.52,49.25,3057.0,0,No Failure,151.1,68.5
L,95.59,684.59,162.98,3.36,37.0,62.87,3014.0,0,No Failure,141.1,65.0
M,61.38,635.79,123.31,4.0,38.92,57.34,3042.0,0,No Failure,141.6,65.1
L,98.77,618.69,143.56,2.84,44.73,64.22,2864.0,0,No Failure,191.7,82.9
L,112.96,692.51,158.9,5.32,44.29,71.88,2967.0,0,No Failure,176.3,77.4
M,118.07,643.76,146.24,0.6,50.65,63.29,2968.0,0,No Failure,185.3,80.6
L,109.79,622.43,226.023,3.64,38.23,57.28,3129.0,0,No Failure,159.9,71.6
L,102.97,602.79,171.54,5.06,48.85,61.87,2919.0,0,No Failure,164.1,73.1
L,102.44,690.7,166.81,1.2,33.09,54.38,3068.0,0,No Failure,122.9,58.5
M,117.93,649.25,120.49,4.49,42.44,65.93,3027.0,0,No Failure,189.8,82.2
M,94.41,594.22,140.01,4.86,33.04,61.25,2921.0,0,No Failure,165.9,73.8
L,121.74,622.05,141.54,4.44,46.91,55.78,2984.0,0,No Failure,186.8,81.2
M,105.15,604.83,130.86,2.22,47.13,72.9,2951.0,0,No Failure,177.4,77.8
L,97.2,645.94,142.7,1.73,60.98,49.97,3042.0,0,No Failure,124.3,59.0
L,137.64,637.92,136.03,0.64,51.41,78.61,2808.0,0,No Failure,101.4,50.9
H,101.9,849.554,172.73,3.67,44.55,66.31,2885.0,0,No Failure,183.0,79.8
L,104.61,660.73,82.36,4.58,43.43,61.33,2970.0,0,No Failure,164.6,73.3
H,137.74,572.23,134.54,7.41,25.01,66.01,3090.0,0,No Failure,91.3,47.3
M,159.47,704.45,127.84,5.47,44.87,78.4,2884.0,0,No Failure,115.1,55.8
M,104.62,687.26,136.89,1.01,51.16,62.17,2884.0,0,No Failure,155.5,70.1
H,100.49,661.17,165.37,4.03,41.22,94.0,2983.0,0,No Failure,174.1,76.7
H,109.62,632.18,182.57,6.86,43.44,73.8,2929.0,0,No Failure,152.7,69.1
M,129.74,613.06,151.41,2.17,46.19,80.55,3036.0,0,No Failure,151.4,68.6
L,126.09,498.39,159.11,2.74,50.98,75.4,2949.0,0,No Failure,142.7,65.5
L,136.65,722.04,144.62,0.97,42.48,72.48,2922.0,0,No Failure,158.0,71.0
L,100.98,616.07,166.21,4.42,29.67,63.69,2907.0,0,No Failure,164.6,73.3
L,121.15,608.74,165.68,3.88,49.42,55.13,2903.0,0,No Failure,169.6,75.1
L,137.36,628.72,173.99,3.98,41.64,69.17,2824.0,0,No Failure,160.5,71.8
H,90.73,623.9,138.07,1.57,35.67,53.46,2928.0,0,No Failure,159.7,71.6
M,102.27,721.23,119.42,1.69,45.83,65.21,2828.0,0,No Failure,141.4,65.1
L,106.94,660.33,142.58,6.07,42.44,65.59,2885.0,0,No Failure,183.7,80.1
M,120.15,648.89,226.023,2.89,55.89,69.29,2888.0,0,No Failure,144.1,66.0
L,119.63,637.92,145.65,4.23,41.925,61.54,2993.0,0,No Failure,208.4,88.8
L,134.06,633.91,152.95,3.07,40.44,58.52,3056.0,0,No Failure,180.9,79.1
L,105.24,650.83,125.28,4.88,46.58,54.08,2831.0,0,No Failure,151.8,68.8
L,160.4,546.7,135.77,4.19,45.26,59.98,2826.0,0,No Failure,128.8,60.6
M,107.92,599.25,174.65,3.84,44.54,54.31,2863.0,0,No Failure,161.7,72.3
H,113.85,568.05,177.45,4.72,41.93,65.63,3059.0,0,No Failure,151.1,68.5
H,115.43,722.6,89.35,3.1,44.63,74.3,2908.0,0,No Failure,149.9,68.1
M,106.14,575.83,157.82,4.79,35.92,72.93,3014.0,0,No Failure,154.4,69.7
H,131.64,576.05,173.19,2.61,46.34,56.71,2980.0,0,No Failure,158.3,71.1
L,141.69,713.82,178.98,6.44,54.83,63.41,2902.0,0,No Failure,112.1,54.7
L,97.64,733.36,126.57,0.6,39.73,76.69,2894.0,0,No Failure,126.8,59.9
H,122.57,429.313,155.1,2.46,40.9,51.41,2912.0,0,No Failure,175.5,77.2
M,119.38,563.8,125.14,3.34,35.12,64.79,2946.0,0,No Failure,188.0,81.6
H,113.7,613.27,141.67,2.78,34.13,69.86,2915.0,0,No Failure,190.5,82.5
L,106.03,631.34,150.61,1.96,40.56,82.75,2948.0,0,No Failure,178.5,78.2
L,110.36,786.21,144.685,5.88,42.16,62.81,2898.0,0,No Failure,156.7,70.5
M,91.23,637.45,142.18,4.01,40.27,64.93,2921.0,0,No Failure,202.1,86.6
L,99.41,637.52,144.685,3.4,55.13,74.53,2898.0,0,No Failure,164.1,73.1
M,113.36,564.25,139.17,3.78,37.81,69.6,2894.0,0,No Failure,182.5,79.7
H,125.81,615.82,121.63,6.08,48.53,54.38,2925.0,0,No Failure,149.8,68.1
M,124.5,717.67,176.58,3.42,46.05,62.47,3008.0,0,No Failure,170.2,75.3
L,130.42,581.99,169.62,3.02,35.88,70.58,2987.0,0,No Failure,163.1,72.8
M,126.16,640.17,107.93,0.6,31.26,68.85,2949.0,0,No Failure,149.9,68.1
H,84.2,529.11,119.92,5.98,43.23,79.48,2870.0,1,Mechanical Seal Dry-Run,10.7,6.4
H,145.34,589.97,106.26,3.19,36.95,58.25,2958.0,0,No Failure,156.2,70.3
M,139.31,606.22,184.16,2.04,42.8,72.43,2947.0,0,No Failure,158.9,71.3
L,124.19,579.28,151.84,2.86,37.89,68.64,3043.0,0,No Failure,172.3,76.0
L,102.73,610.58,144.41,3.65,38.52,75.16,3084.0,0,No Failure,166.2,73.9
L,115.51,664.32,161.33,5.35,38.84,65.72,2909.0,0,No Failure,186.1,80.9
M,81.45,580.21,154.46,3.92,37.03,72.46,2974.0,0,No Failure,158.9,71.3
L,108.67,633.0,163.12,5.75,41.55,72.28,2958.0,0,No Failure,182.5,79.6
M,141.91,631.18,161.85,4.54,39.56,57.09,3145.0,0,No Failure,159.9,71.6
L,116.6,797.98,139.59,3.51,51.13,60.4,2999.0,1,Discharge Blockage Overload,7.7,26.5
M,89.23,687.53,129.83,3.92,45.39,67.15,2940.0,0,No Failure,179.3,78.5
M,88.75,650.46,168.07,3.24,48.17,70.6,2890.0,0,No Failure,164.8,73.4
L,130.99,604.67,63.267,2.58,39.57,64.68,2939.0,0,No Failure,194.6,83.9
H,98.74,677.01,131.31,5.62,42.82,77.48,2943.0,0,No Failure,162.3,72.5
L,115.57,557.17,126.44,2.0,32.09,54.74,2811.0,0,No Failure,127.9,60.3
M,104.39,705.78,125.41,4.28,35.7,64.23,2979.0,0,No Failure,175.0,77.0
M,73.54,450.39,129.37,2.88,44.01,62.84,2910.0,0,No Failure,137.7,63.8
H,95.12,570.43,176.34,3.78,48.78,65.93,2961.0,0,No Failure,164.5,73.2
L,114.82,682.88,158.71,1.14,45.34,61.44,2862.0,0,No Failure,166.0,73.8
L,106.07,700.75,151.52,3.54,39.84,58.84,2825.0,0,No Failure,173.0,76.3
M,137.69,704.26,175.94,3.46,42.44,63.43,2989.0,0,No Failure,161.8,72.3
M,131.46,692.83,175.3,3.26,41.4,65.33,2896.0,0,No Failure,179.2,78.5
H,107.96,634.25,165.69,2.76,50.65,46.78,2903.0,0,No Failure,157.0,70.6
H,127.54,506.68,143.2,2.42,32.82,74.08,2905.0,0,No Failure,140.8,64.9
L,106.12,641.2,153.38,2.9,41.65,64.74,2950.0,0,No Failure,220.8,93.2
H,149.08,519.72,157.19,0.6,59.17,71.12,2920.0,0,No Failure,94.5,48.5
L,106.94,587.83,160.15,5.07,36.98,63.46,2864.0,0,No Failure,165.3,73.5
M,122.46,572.81,123.17,4.64,47.43,61.68,3017.0,0,No Failure,162.3,72.5
L,108.21,650.76,63.267,3.61,65.304,61.07,2952.0,0,No Failure,205.5,87.8
L,114.82,606.69,147.29,3.22,48.87,59.85,2832.0,0,No Failure,174.6,76.8
L,114.81,472.09,130.95,8.494,42.93,64.41,2913.0,0,No Failure,171.2,75.6
L,125.11,684.11,143.99,3.36,46.88,72.14,2981.0,0,No Failure,174.9,76.9
M,118.79,622.46,126.2,3.47,47.88,64.66,2946.0,0,No Failure,206.6,88.2
M,129.97,599.53,130.0,3.63,37.09,64.97,2932.0,0,No Failure,191.2,82.7
L,140.05,591.95,165.61,3.91,35.23,66.1,2996.0,0,No Failure,163.6,73.0
M,122.29,614.02,142.94,5.05,51.23,58.13,2893.0,0,No Failure,169.2,74.9
L,134.89,508.12,132.96,2.8,39.73,73.12,3048.0,0,No Failure,137.8,63.8
M,117.92,660.21,144.62,3.62,42.92,64.83,2960.0,0,No Failure,225.0,94.7
M,138.91,615.84,147.11,2.6,39.61,70.07,3041.0,0,No Failure,172.2,76.0
M,105.71,691.44,63.267,2.2,36.4,61.85,2962.0,0,No Failure,166.9,74.1
L,94.66,552.67,128.57,5.13,54.76,66.7,2987.0,0,No Failure,136.3,63.3
H,97.62,578.7,132.84,5.19,32.19,66.25,3026.0,0,No Failure,145.9,66.7
L,147.26,659.37,155.26,4.0,36.86,75.08,2870.0,0,No Failure,152.0,68.8
L,125.07,599.3,108.49,2.87,51.75,66.26,3015.0,0,No Failure,156.2,70.3
M,91.78,609.22,118.55,3.43,38.48,62.78,3013.0,0,No Failure,169.2,74.9
H,96.27,695.39,178.56,0.6,30.3,60.62,2930.0,0,No Failure,128.9,60.7
L,116.09,601.68,130.19,3.45,51.28,70.28,2894.0,0,No Failure,178.0,78.1
H,180.328,617.49,100.41,1.32,40.96,73.88,3000.0,0,No Failure,152.9,69.1
M,78.98,429.313,173.43,4.02,28.8,72.14,3068.0,0,No Failure,117.7,56.7
M,138.82,630.85,144.43,2.96,39.24,72.2,2922.0,0,No Failure,189.5,82.1
H,116.87,693.33,163.91,3.99,37.99,67.33,2870.0,0,No Failure,176.8,77.6
H,97.11,702.45,128.9,4.59,33.97,61.68,2974.0,0,No Failure,163.2,72.8
M,138.9,598.1,143.53,2.35,32.29,67.14,2908.0,0,No Failure,165.6,73.6
H,121.05,651.66,155.43,0.6,39.26,64.87,2861.0,0,No Failure,172.5,76.1
L,101.21,603.59,134.98,3.76,39.59,68.76,2939.0,0,No Failure,195.3,84.2
L,114.72,591.01,150.15,2.46,45.57,49.29,2924.0,0,No Failure,177.6,77.9
M,129.36,514.21,118.9,3.12,34.53,57.27,2828.0,0,No Failure,125.9,59.6
L,142.58,734.51,158.26,3.85,42.6,74.45,2950.0,0,No Failure,164.0,73.1
H,119.84,614.75,138.04,2.26,49.01,58.18,2999.0,0,No Failure,179.7,78.6
M,130.2,568.52,151.95,2.4,49.71,73.97,3013.0,0,No Failure,150.2,68.2
L,99.92,678.31,126.03,2.57,35.08,66.46,2972.0,0,No Failure,175.6,77.2
H,112.33,611.62,153.54,1.81,45.7,34.533,2945.0,0,No Failure,198.9,85.5
H,92.98,607.52,152.2,6.01,40.39,52.54,2952.0,0,No Failure,156.6,70.5
L,104.11,665.74,168.16,4.34,47.1,74.98,2901.0,0,No Failure,162.1,72.4
H,114.13,604.73,149.41,4.45,33.54,94.0,2974.0,0,No Failure,182.4,79.6
L,128.47,597.08,134.06,3.85,31.94,64.8,3035.0,0,No Failure,167.3,74.3
M,109.57,596.91,158.67,4.71,38.12,68.56,2867.0,0,No Failure,170.4,75.4
M,100.61,671.37,170.82,2.45,33.11,78.76,2886.0,0,No Failure,138.9,64.2
M,138.43,660.99,127.33,3.1,33.45,60.2,2707.0,0,No Failure,172.0,75.9
M,104.24,579.66,124.25,2.54,32.13,69.1,2839.0,0,No Failure,142.5,65.5
H,129.39,588.27,142.17,1.27,38.84,66.16,2998.0,0,No Failure,173.0,76.3
L,122.33,606.02,152.38,4.67,37.32,60.24,2962.0,0,No Failure,190.2,82.4
H,95.98,727.33,191.35,7.45,43.47,64.91,2902.0,0,No Failure,120.4,57.6
L,128.27,571.78,145.38,5.12,40.77,62.56,2983.0,0,No Failure,183.8,80.1
L,127.36,589.05,149.41,4.96,48.04,68.67,2913.0,0,No Failure,171.5,75.8
H,122.95,623.33,166.13,3.17,39.08,73.19,2967.0,0,No Failure,189.2,82.0
M,124.13,684.36,117.46,2.29,50.37,71.33,2973.0,0,No Failure,159.1,71.4
H,116.52,616.39,134.54,4.03,30.99,65.8,2928.0,0,No Failure,189.5,82.1
L,109.98,698.29,97.05,5.95,40.98,66.75,2902.0,0,No Failure,149.9,68.1
H,117.18,698.8,138.73,1.43,44.15,54.07,2842.0,0,No Failure,156.6,70.5
M,124.52,638.935,137.86,3.02,38.25,56.58,2907.0,0,No Failure,195.2,84.1
L,120.46,572.71,164.22,1.51,28.14,53.59,2925.0,0,No Failure,136.7,63.4
H,103.56,644.6,142.2,2.76,35.65,79.34,2870.0,0,No Failure,166.2,73.9
L,99.68,632.9,130.86,4.12,47.99,56.91,2979.0,0,No Failure,180.2,78.8
L,152.23,710.69,162.51,1.88,46.25,67.76,3009.0,0,No Failure,140.5,64.8
M,121.76,693.63,167.85,4.1,49.74,65.75,3024.0,0,No Failure,165.6,73.6
H,108.1,592.39,166.97,0.6,42.45,67.92,2973.0,0,No Failure,169.4,75.0
H,150.58,656.48,144.43,1.08,45.84,67.9,3062.0,0,No Failure,147.3,67.2
L,82.25,644.29,159.5,2.82,18.688,62.58,2839.0,0,No Failure,171.1,75.6
M,108.01,716.83,154.48,2.92,46.59,64.31,3028.0,0,No Failure,178.2,78.1
L,148.27,652.67,138.35,3.28,37.05,58.81,2945.0,0,No Failure,186.1,80.9
L,117.88,601.99,63.267,4.43,31.4,58.07,2847.0,0,No Failure,163.1,72.7
M,141.03,578.48,171.34,3.3,42.53,66.62,2909.0,0,No Failure,173.2,76.4
L,134.74,673.15,148.02,3.04,51.64,56.86,3063.0,0,No Failure,155.2,70.0
L,149.6,636.29,148.66,2.43,39.47,57.47,3098.0,0,No Failure,153.3,69.3
L,128.02,704.45,165.06,4.08,37.14,60.91,2929.0,0,No Failure,175.1,77.0
H,129.9,630.84,124.87,4.05,37.92,75.43,2937.0,0,No Failure,177.0,77.7
M,120.45,659.03,166.41,3.91,30.18,42.65,2935.0,0,No Failure,148.9,67.7
L,123.3,537.22,110.93,1.91,31.78,62.9,2929.0,0,No Failure,144.4,66.1
L,150.48,655.85,123.91,4.36,43.72,63.89,2960.0,0,No Failure,180.5,78.9
L,116.92,694.59,134.5,3.15,49.78,63.05,2969.0,0,No Failure,194.0,83.7
H,128.62,711.72,168.6,4.13,59.89,60.68,3016.0,0,No Failure,132.6,61.9
L,107.4,696.37,111.67,3.68,48.58,54.96,2986.0,0,No Failure,160.1,71.7
M,118.75,663.68,125.11,3.21,47.24,72.2,2823.0,0,No Failure,165.4,73.6
M,119.63,534.53,161.3,1.45,42.76,57.06,2899.0,0,No Failure,156.9,70.6
H,99.71,580.57,165.94,3.03,40.58,68.8,3050.0,0,No Failure,164.7,73.3
L,100.3,619.71,126.94,5.12,40.49,61.71,2897.0,0,No Failure,177.4,77.8
H,90.78,619.28,129.65,5.47,35.29,74.94,2950.0,1,Impeller Cavitation,8.6,24.6
L,152.37,656.33,123.04,3.25,34.48,64.19,2968.0,0,No Failure,151.6,68.7
M,121.44,681.87,135.65,3.93,37.89,57.15,2834.0,0,No Failure,168.9,74.8
M,129.47,723.99,152.53,2.33,41.24,50.53,2957.0,0,No Failure,167.2,74.2
M,114.06,646.23,153.46,4.57,31.1,68.56,2911.0,0,No Failure,182.2,79.5
H,106.48,654.42,139.42,1.93,30.49,77.31,2831.0,0,No Failure,140.5,64.8
M,153.22,653.14,116.33,4.92,37.32,55.1,3011.0,0,No Failure,137.2,63.6
M,112.4,638.935,122.31,3.42,39.02,70.9,2946.0,0,No Failure,185.9,80.8
M,105.63,691.51,139.1,1.3,43.42,55.34,2960.0,0,No Failure,176.2,77.4
M,140.97,599.17,149.71,2.59,31.48,54.06,3076.0,0,No Failure,133.8,62.4
M,115.39,520.48,127.25,3.94,45.42,53.71,2981.0,0,No Failure,162.6,72.6
M,141.32,634.55,117.06,2.42,36.76,73.09,2981.0,0,No Failure,158.7,71.2
L,116.7,633.01,172.02,3.82,65.304,74.81,2888.0,0,No Failure,168.3,74.6
H,105.63,597.76,116.25,4.1,43.07,77.02,2901.0,1,Mechanical Seal Dry-Run,8.5,27.8
L,103.45,652.83,149.47,0.62,54.5,59.92,3079.0,0,No Failure,137.5,63.7
H,105.61,659.12,143.12,3.9,35.86,75.51,2881.0,0,No Failure,175.3,77.1
H,81.84,612.83,101.67,1.93,48.12,66.27,2980.0,0,No Failure,143.6,65.9
M,127.59,687.65,156.21,3.15,37.55,61.29,2834.0,0,No Failure,170.7,75.5
L,104.27,742.01,156.22,6.55,41.13,65.53,2990.0,0,No Failure,155.6,70.1
M,115.67,572.69,120.07,2.89,45.35,64.66,2933.0,0,No Failure,186.9,81.2
M,79.25,602.8,123.17,2.74,47.37,58.77,2985.0,0,No Failure,155.9,70.2
M,111.04,705.36,139.69,5.24,44.11,62.04,2928.0,0,No Failure,187.1,81.3
L,123.02,536.7,130.53,3.83,57.25,58.97,2930.0,0,No Failure,150.1,68.2
M,138.43,658.37,121.16,0.6,37.48,73.13,2991.0,0,No Failure,141.8,65.2
L,124.16,610.8,155.98,7.15,46.83,94.0,3047.0,0,No Failure,145.8,66.6
L,103.66,719.65,147.44,3.36,47.84,67.28,3029.0,0,No Failure,175.1,77.0
L,137.87,429.313,150.26,4.95,43.16,68.64,2928.0,0,No Failure,162.9,72.7
H,119.14,672.3,180.52,3.77,44.94,79.64,3036.0,0,No Failure,152.4,69.0
L,125.22,635.01,138.06,3.48,53.31,64.32,3193.0,0,No Failure,195.6,84.3
L,122.14,588.6,164.7,0.7,47.59,57.4,3043.0,0,No Failure,140.6,64.8
L,110.74,678.49,146.46,3.94,32.71,59.04,2879.0,0,No Failure,178.1,78.1
M,130.06,648.01,143.56,4.26,45.57,57.09,2892.0,0,No Failure,185.9,80.8
H,96.86,553.61,136.73,2.23,42.84,65.24,2999.0,0,No Failure,173.8,76.6
L,90.48,668.2,119.64,4.32,39.09,63.91,2952.0,0,No Failure,182.7,79.7
M,152.64,618.15,136.22,6.09,35.3,69.35,2908.0,0,No Failure,142.0,65.3
H,119.57,608.05,144.9,5.75,30.91,74.74,3017.0,0,No Failure,150.0,68.1
M,109.41,569.78,145.91,0.96,43.21,64.66,2934.0,0,No Failure,180.0,78.7
M,101.97,429.313,104.9,3.43,46.22,65.34,2966.0,0,No Failure,178.1,78.1
M,102.88,670.86,176.24,1.87,18.688,65.58,2985.0,0,No Failure,169.7,75.1
M,120.82,608.17,140.89,4.39,58.4,61.03,2840.0,0,No Failure,152.6,69.0
H,74.51,699.68,150.04,3.67,40.57,56.01,2879.0,0,No Failure,157.2,70.7
H,113.6,666.35,147.22,1.56,30.21,51.64,2807.0,0,No Failure,137.3,63.6
L,124.97,609.91,115.96,-1.671,37.66,66.57,2958.0,0,No Failure,186.9,81.2
H,115.87,668.49,181.35,3.53,34.89,57.62,2927.0,0,No Failure,177.7,77.9
L,102.76,677.42,201.53,4.41,33.56,77.62,2951.0,0,No Failure,135.5,63.0
L,98.75,596.09,143.94,3.4,45.86,65.46,2909.0,0,No Failure,196.7,84.7
M,126.38,726.64,155.84,0.88,39.14,68.54,2922.0,0,No Failure,158.9,71.3
L,131.44,598.02,137.25,5.57,37.91,73.71,2876.0,0,No Failure,150.4,68.3
M,128.96,746.74,157.95,2.99,43.77,59.21,2845.0,0,No Failure,156.9,70.6
L,98.35,667.16,156.66,2.99,53.25,76.87,2707.0,0,No Failure,152.9,69.2
L,143.79,594.61,175.96,5.39,20.17,63.66,2976.0,0,No Failure,145.6,66.6
M,104.87,688.93,117.72,1.81,45.82,60.06,2928.0,0,No Failure,168.2,74.6
M,86.34,725.82,159.24,3.21,44.49,61.87,2884.0,0,No Failure,163.2,72.8
M,118.03,673.09,102.88,4.77,34.19,62.04,2962.0,0,No Failure,167.5,74.3
H,124.07,634.09,129.96,4.29,31.96,63.36,3033.0,0,No Failure,173.8,76.6
M,93.25,637.11,150.68,5.0,44.66,72.47,2925.0,0,No Failure,178.5,78.2
L,103.25,588.94,128.21,5.13,31.28,71.98,2873.0,0,No Failure,138.7,64.1
H,145.03,615.13,180.37,5.62,40.55,67.23,3020.0,0,No Failure,144.0,66.0
H,103.47,608.77,131.03,3.12,34.03,69.52,3033.0,0,No Failure,168.4,74.6
L,133.08,571.89,150.77,4.05,45.7,75.36,3044.0,0,No Failure,152.6,69.1
L,126.84,718.08,149.3,2.41,50.8,94.0,2866.0,0,No Failure,147.0,67.1
M,88.82,666.32,118.23,1.47,49.14,54.87,2902.0,0,No Failure,137.4,63.7
M,69.99,639.16,127.34,2.33,33.92,63.31,2962.0,0,No Failure,163.3,72.8
L,100.08,578.4,142.68,5.95,30.97,68.62,3024.0,0,No Failure,140.1,64.6
M,135.16,628.59,142.17,3.46,40.87,59.57,2851.0,0,No Failure,188.8,81.9
L,106.81,570.43,159.73,2.12,30.2,63.15,3014.0,0,No Failure,154.9,69.9
M,155.79,708.8,115.83,3.25,35.63,51.04,3088.0,0,No Failure,108.0,53.2
M,92.47,654.83,112.77,8.494,46.02,66.2,2835.0,0,No Failure,162.4,72.5
L,141.6,648.36,149.49,-1.671,38.32,59.86,2909.0,0,No Failure,178.1,78.1
M,125.25,640.79,147.79,1.62,41.85,62.2,2867.0,0,No Failure,192.0,83.0
M,128.32,646.78,154.53,3.43,35.61,58.94,3036.0,0,No Failure,180.0,78.8
H,128.34,650.84,119.72,2.94,32.77,54.26,3081.0,0,No Failure,143.4,65.8
M,150.42,607.21,158.21,4.26,35.88,52.37,2951.0,0,No Failure,155.5,70.1
L,116.3,849.554,175.36,5.35,49.57,56.41,2974.0,0,No Failure,159.9,71.6
L,158.42,643.29,136.39,3.22,37.01,79.38,2960.0,0,No Failure,160.6,71.9
L,104.8,627.07,131.26,4.42,30.07,59.23,3030.0,0,No Failure,160.4,71.8
M,138.07,624.77,170.55,2.0,42.41,53.96,2950.0,0,No Failure,171.2,75.6
H,123.28,508.95,107.44,4.34,35.95,74.1,2968.0,0,No Failure,135.0,62.8
L,89.73,568.43,146.94,3.37,56.33,62.65,2884.0,0,No Failure,154.9,69.9
L,135.73,577.07,176.62,1.88,38.73,59.94,2982.0,0,No Failure,153.5,69.4
M,88.82,663.01,126.11,4.45,32.18,69.78,2924.0,0,No Failure,156.5,70.4
M,101.37,503.65,165.44,3.43,43.9,82.59,2927.0,0,No Failure,122.1,58.2
L,167.67,621.13,162.06,4.9,46.55,54.38,3017.0,0,No Failure,130.1,61.1
L,113.55,622.86,136.97,2.59,58.28,77.68,3032.0,0,No Failure,147.2,67.1
L,132.75,641.7,99.89,8.494,44.04,75.86,2919.0,0,No Failure,158.8,71.3
L,110.14,618.49,167.18,1.76,50.3,68.97,2938.0,0,No Failure,172.8,76.2
M,100.03,637.98,146.64,6.3,40.78,72.32,2956.0,0,No Failure,180.9,79.1
M,115.8,636.59,150.5,3.01,48.07,74.08,2904.0,0,No Failure,192.0,83.0
M,151.33,663.11,142.68,1.4,45.44,65.49,3003.0,0,No Failure,162.8,72.7
L,112.53,755.07,127.08,0.87,54.26,73.23,2879.0,1,Discharge Blockage Overload,1.6,11.5
L,109.11,696.46,123.99,3.34,36.58,66.3,2927.0,0,No Failure,187.5,81.4
L,126.18,645.98,123.19,3.79,43.47,62.8,3027.0,0,No Failure,191.3,82.7
L,109.58,429.313,159.29,2.54,46.81,60.25,3051.0,0,No Failure,152.4,69.0
H,123.89,673.1,148.66,3.83,37.2,67.37,2953.0,0,No Failure,202.0,86.6
H,139.82,682.35,130.53,2.41,43.73,69.24,3150.0,0,No Failure,138.3,64.0
L,93.34,780.36,144.685,2.75,44.17,70.25,2989.0,0,No Failure,154.4,69.7
M,105.99,638.935,126.12,2.43,41.2,61.58,2984.0,0,No Failure,193.7,83.6
L,114.82,669.83,162.25,2.29,48.29,55.42,3016.0,0,No Failure,159.3,71.4
L,96.77,672.94,133.52,4.4,44.01,62.67,2972.0,0,No Failure,189.8,82.2
L,122.94,573.58,146.97,3.37,42.81,55.62,3021.0,0,No Failure,185.2,80.6
L,102.21,849.554,160.53,4.68,32.4,67.2,2969.0,0,No Failure,168.9,74.8
L,90.36,604.85,111.82,4.1,65.304,53.94,2887.0,0,No Failure,145.7,66.6
L,75.23,590.45,166.78,1.01,44.81,85.07,2879.0,0,No Failure,115.4,55.9
L,114.0,790.48,176.08,2.09,36.96,62.69,3114.0,0,No Failure,122.1,58.2
L,103.68,691.64,145.45,2.47,46.24,65.68,3002.0,0,No Failure,186.4,81.0
M,109.4,626.4,120.13,3.35,40.59,81.42,2946.0,0,No Failure,178.9,78.4
H,92.59,690.36,107.17,2.49,45.65,64.19,3001.0,0,No Failure,159.1,71.4
L,89.63,660.01,161.26,3.85,42.38,60.05,2999.0,0,No Failure,183.3,79.9
M,118.42,707.62,171.14,1.19,65.304,50.25,2951.0,0,No Failure,150.5,68.3
L,112.28,667.92,164.11,6.08,44.08,65.35,2922.0,0,No Failure,180.3,78.9
H,103.4,687.78,189.01,4.09,35.33,60.43,2909.0,0,No Failure,156.3,70.4
M,110.97,583.99,135.84,1.65,38.99,62.3,2982.0,0,No Failure,184.2,80.3
M,103.41,608.18,140.53,4.89,43.07,80.24,2901.0,0,No Failure,166.0,73.8
M,79.08,678.73,171.31,3.43,45.58,80.4,2979.0,0,No Failure,143.8,65.9
L,120.73,705.35,158.74,4.87,51.59,65.96,2869.0,0,No Failure,155.8,70.2
L,121.06,626.9,156.23,5.84,52.67,80.43,2953.0,0,No Failure,150.6,68.3
M,151.83,619.14,123.91,3.78,37.78,70.42,2972.0,0,No Failure,165.6,73.7
H,126.32,664.24,149.58,4.04,27.4,56.61,2955.0,0,No Failure,172.0,75.9
L,95.85,429.313,118.67,-1.44,34.12,51.81,3018.0,0,No Failure,133.7,62.4
H,93.93,720.36,127.63,4.62,44.82,59.08,2916.0,0,No Failure,159.7,71.6
L,95.18,700.97,128.73,1.25,35.15,79.36,3025.0,0,No Failure,122.6,58.4
L,118.16,732.22,161.72,2.81,43.36,72.26,2910.0,0,No Failure,173.4,76.4
L,127.42,690.49,159.19,3.36,54.6,63.4,2849.0,0,No Failure,158.7,71.2
L,89.71,590.37,149.61,5.01,51.26,52.73,2856.0,1,Impeller Cavitation,4.4,16.6
L,119.29,568.93,206.39,3.71,39.87,68.96,3041.0,0,No Failure,145.6,66.6
L,103.09,685.38,101.89,5.69,46.65,61.83,2871.0,0,No Failure,140.2,64.6
L,130.29,586.37,146.26,2.97,34.27,57.17,2997.0,0,No Failure,172.3,76.0
H,110.57,669.31,147.17,1.3,41.59,68.07,2975.0,0,No Failure,194.4,83.8
L,139.6,627.92,122.26,4.11,42.82,84.15,2950.0,0,No Failure,159.6,71.5
L,110.64,622.5,110.8,5.32,41.925,66.39,2880.0,0,No Failure,169.9,75.2
L,141.78,581.03,140.27,2.74,39.74,49.81,2939.0,0,No Failure,164.6,73.3
M,94.49,643.75,167.21,3.07,47.13,80.44,2929.0,0,No Failure,163.7,73.0
H,84.76,620.29,153.44,2.29,22.0,60.59,3073.0,0,No Failure,123.2,58.6
M,94.14,649.48,77.88,8.494,26.1,71.52,2979.0,0,No Failure,109.1,53.6
M,98.76,638.935,141.74,2.39,39.47,56.74,2863.0,0,No Failure,168.2,74.6
M,96.43,627.16,154.39,3.49,49.69,74.84,2920.0,0,No Failure,175.2,77.0
M,105.87,599.35,131.11,2.14,38.7,60.97,3026.0,0,No Failure,173.9,76.6
L,119.82,564.47,166.65,4.04,42.03,66.97,2823.0,0,No Failure,166.0,73.8
H,132.97,616.98,168.45,4.61,39.97,62.15,3001.0,0,No Failure,176.0,77.3
L,132.7,637.45,97.54,1.07,28.12,86.47,2910.0,1,Mechanical Seal Dry-Run,12.2,4.8
M,109.51,543.45,172.36,6.29,48.01,73.89,2959.0,0,No Failure,135.3,62.9
L,123.76,547.22,172.97,1.96,39.65,56.87,3021.0,0,No Failure,146.8,67.0
M,125.87,686.6,130.7,4.92,40.54,68.47,3006.0,0,No Failure,174.1,76.6
M,108.27,729.61,151.17,2.67,37.68,67.49,2881.0,0,No Failure,172.0,75.9
L,96.21,611.93,111.92,3.36,45.29,80.44,2893.0,1,Mechanical Seal Dry-Run,12.6,17.5
M,100.46,672.27,133.78,3.37,37.86,68.42,2868.0,0,No Failure,180.1,78.8
H,107.81,660.37,154.96,2.51,42.53,74.37,2961.0,0,No Failure,193.8,83.6
H,130.82,683.82,130.66,4.79,32.29,74.01,2898.0,0,No Failure,146.2,66.8
H,89.76,534.22,135.04,3.91,41.93,52.55,2966.0,0,No Failure,157.3,70.7
H,118.91,716.53,115.39,5.29,39.97,47.65,2910.0,0,No Failure,140.8,64.9
L,113.48,643.87,164.31,4.53,39.04,67.54,2947.0,0,No Failure,202.0,86.5
L,134.84,612.56,178.22,1.69,39.58,64.09,2953.0,0,No Failure,174.7,76.9
M,104.61,648.38,127.86,2.52,41.16,51.47,3007.0,0,No Failure,175.9,77.3
L,126.55,623.42,145.16,3.94,32.35,67.78,3075.0,0,No Failure,168.6,74.7
L,95.43,561.77,140.75,5.03,49.51,52.07,2994.0,0,No Failure,141.8,65.2
L,75.75,635.1,125.61,1.34,37.39,70.49,2952.0,0,No Failure,155.5,70.1
L,110.48,671.6,147.36,0.92,46.42,63.83,2897.0,0,No Failure,182.2,79.5
L,94.48,597.02,188.64,3.24,37.63,62.44,2963.0,0,No Failure,170.3,75.3
L,74.88,649.55,152.36,1.37,45.26,49.47,3028.0,0,No Failure,134.9,62.8
H,134.78,710.67,107.66,3.12,41.93,64.79,3020.0,0,No Failure,152.0,68.8
M,122.66,573.83,140.5,4.59,26.13,59.61,2920.0,0,No Failure,156.0,70.2
M,112.78,602.99,163.07,5.32,48.35,65.66,3011.0,0,No Failure,170.1,75.2
L,114.82,604.66,176.0,1.64,39.78,73.27,2980.0,0,No Failure,154.8,69.8
L,147.87,734.21,111.92,2.46,53.74,63.83,2907.0,1,Discharge Blockage Overload,8.9,15.1
L,132.72,608.9,133.1,2.9,36.83,48.45,2971.0,0,No Failure,165.1,73.5
M,139.43,540.92,162.44,0.6,39.63,69.23,2945.0,0,No Failure,143.7,65.9
L,88.5,720.8,141.19,2.54,44.91,61.02,2859.0,0,No Failure,158.5,71.1
M,67.49,644.28,176.98,4.82,36.23,67.24,2912.0,0,No Failure,143.3,65.7
L,102.39,644.05,143.9,1.72,39.61,70.55,2935.0,0,No Failure,193.0,83.3
H,120.27,621.28,149.73,1.65,46.59,77.33,2829.0,0,No Failure,153.7,69.4
L,94.08,666.79,171.4,4.42,43.44,59.46,2918.0,0,No Failure,173.6,76.5
H,94.25,641.825,160.31,2.49,52.69,67.46,2968.0,1,Discharge Blockage Overload,8.5,24.3
H,148.11,679.14,129.52,1.0,41.71,67.86,2915.0,0,No Failure,157.4,70.8
M,77.5,648.44,150.34,3.19,18.688,59.66,3024.0,0,No Failure,166.2,73.9
H,127.24,650.0,143.8,1.22,50.17,36.8,2904.0,0,No Failure,163.4,72.9
M,96.54,682.33,152.19,4.37,47.38,62.97,2707.0,0,No Failure,177.5,77.9
L,108.47,664.06,167.5,5.01,41.45,63.55,3000.0,0,No Failure,186.8,81.2
M,122.51,593.18,192.91,5.13,32.44,76.05,2923.0,0,No Failure,129.9,61.0
H,131.44,559.08,121.9,4.25,44.96,66.33,2893.0,0,No Failure,162.3,72.5
L,52.0,716.28,180.87,2.38,34.93,79.51,2859.0,0,No Failure,87.5,46.0
M,117.89,613.63,159.63,4.62,45.22,62.93,3086.0,0,No Failure,172.9,76.2
M,125.43,559.21,137.85,1.0,65.304,79.09,2950.0,0,No Failure,147.2,67.1
L,85.64,611.06,174.09,4.95,51.52,77.32,2906.0,0,No Failure,125.5,59.5
L,90.36,698.86,185.62,4.42,47.21,71.35,2966.0,0,No Failure,144.5,66.2
H,83.43,652.41,156.02,1.48,43.09,55.57,2955.0,0,No Failure,169.7,75.1
M,112.82,676.17,166.18,4.08,43.09,67.82,2953.0,0,No Failure,200.0,85.8
M,140.47,619.36,140.87,3.33,33.8,71.84,2946.0,0,No Failure,174.8,76.9
L,127.44,429.313,143.09,3.47,36.69,63.18,3007.0,0,No Failure,199.1,85.5
M,118.65,604.73,144.37,1.54,35.51,74.75,2955.0,0,No Failure,177.1,77.7
H,92.85,706.18,142.42,3.99,55.55,60.65,2761.0,0,No Failure,125.3,59.4
M,102.83,610.47,170.21,3.28,42.16,76.41,2924.0,0,No Failure,179.9,78.7
L,114.82,558.85,143.83,5.03,43.99,41.73,2873.0,0,No Failure,118.5,57.0
M,94.52,592.95,161.44,4.66,44.94,83.72,2912.0,0,No Failure,142.8,65.6
H,123.01,722.28,136.96,2.45,45.01,64.69,3015.0,0,No Failure,177.8,78.0
L,128.26,660.66,148.36,2.42,52.15,58.64,2952.0,0,No Failure,182.2,79.5
H,97.55,634.79,159.65,3.48,45.6,67.16,2985.0,0,No Failure,195.1,84.1
L,113.02,634.11,116.21,1.79,39.5,80.13,2992.0,1,Mechanical Seal Dry-Run,9.3,27.4
H,94.16,573.15,117.53,4.55,44.19,54.3,2885.0,0,No Failure,144.4,66.2
L,120.09,600.62,146.44,5.02,37.03,61.06,2989.0,0,No Failure,185.9,80.9
L,125.37,583.44,166.99,3.79,36.63,69.94,2966.0,0,No Failure,175.8,77.3
M,142.28,582.36,132.24,3.63,53.17,62.47,2956.0,0,No Failure,167.3,74.3
L,113.02,675.1,117.69,4.84,41.39,49.9,2884.0,0,No Failure,159.7,71.6
M,91.37,661.87,137.3,5.67,40.32,48.96,3035.0,1,Impeller Cavitation,4.5,20.6
L,87.29,667.19,134.39,3.42,37.51,67.73,2826.0,0,No Failure,163.3,72.8
M,132.03,651.78,159.53,2.46,27.78,54.03,3045.0,0,No Failure,139.1,64.3
L,120.5,669.43,190.64,3.31,43.28,56.27,2860.0,0,No Failure,164.6,73.3
L,106.81,559.95,167.82,1.25,39.62,61.49,3008.0,0,No Failure,157.1,70.6
L,140.77,649.52,131.89,1.68,43.6,57.2,2727.0,0,No Failure,157.9,70.9
L,102.4,672.18,155.08,4.95,42.65,65.51,2951.0,0,No Failure,196.9,84.7
L,141.55,662.11,109.92,2.78,41.55,63.84,3067.0,0,No Failure,160.4,71.8
L,102.92,429.313,191.21,3.44,44.49,59.02,3014.0,0,No Failure,150.5,68.3
H,120.04,600.55,182.24,3.01,45.06,72.72,2956.0,0,No Failure,176.9,77.7
M,144.67,705.48,161.91,2.87,43.82,51.22,2909.0,0,No Failure,151.5,68.7
M,99.13,560.45,145.62,2.9,30.52,60.5,2890.0,0,No Failure,160.1,71.7
M,117.51,618.96,132.25,3.54,37.76,94.0,2916.0,0,No Failure,201.4,86.3
H,103.15,691.43,133.91,1.15,58.02,65.44,2707.0,0,No Failure,149.9,68.1
M,114.3,644.74,125.3,3.99,45.5,55.44,2975.0,0,No Failure,193.3,83.5
H,100.47,688.93,147.04,2.17,39.57,69.96,2793.0,0,No Failure,155.2,70.0
L,112.15,643.21,138.23,7.45,31.11,60.04,2929.0,0,No Failure,159.1,71.4
M,115.44,672.77,138.64,3.61,29.77,78.86,3024.0,0,No Failure,159.3,71.4
L,95.24,531.8,163.53,3.82,47.49,65.84,2953.0,0,No Failure,167.0,74.2
H,103.25,721.07,117.84,4.71,28.35,74.57,2799.0,0,No Failure,102.9,51.4
H,120.35,723.61,143.64,3.52,30.38,62.64,3023.0,0,No Failure,171.0,75.5
L,114.2,624.94,139.04,4.41,50.41,62.93,2983.0,0,No Failure,195.5,84.2
H,120.34,707.49,111.2,5.41,45.81,56.68,2970.0,0,No Failure,153.8,69.5
L,127.07,763.9,124.83,4.15,38.16,66.52,2891.0,0,No Failure,155.3,70.0
H,101.86,505.8,168.49,6.14,18.688,71.85,3063.0,0,No Failure,101.7,51.0
L,138.92,660.12,155.25,4.67,27.84,71.91,3028.0,0,No Failure,138.4,64.0
L,141.52,564.73,180.15,2.89,43.42,50.94,2931.0,0,No Failure,145.2,66.4
H,95.31,633.81,159.62,4.18,30.42,75.59,2952.0,0,No Failure,161.9,72.4
L,129.91,602.49,145.85,2.79,38.82,48.3,2857.0,0,No Failure,160.1,71.7
M,92.76,546.62,128.61,1.13,44.41,60.49,2986.0,0,No Failure,148.7,67.7
L,139.28,625.11,109.59,6.81,43.73,57.49,3062.0,0,No Failure,124.0,58.9
M,111.6,690.13,178.88,4.58,33.03,62.31,2914.0,0,No Failure,162.8,72.7
L,124.72,663.5,120.21,3.43,46.16,78.64,3011.0,0,No Failure,164.8,73.4
H,115.38,740.69,154.01,5.84,40.6,63.66,2952.0,0,No Failure,175.0,77.0
M,115.04,669.55,177.25,2.44,33.67,61.93,2996.0,0,No Failure,172.3,76.0
H,119.75,713.67,180.77,4.27,50.69,66.59,2812.0,0,No Failure,135.3,62.9
M,112.8,693.97,122.93,2.81,41.1,54.32,2922.0,0,No Failure,181.3,79.2
M,102.11,603.09,145.3,4.14,35.32,67.45,3074.0,0,No Failure,167.5,74.3
M,127.81,691.99,142.68,1.48,43.42,75.84,3033.0,0,No Failure,136.8,63.4
H,101.11,588.36,149.9,4.23,32.06,57.09,2923.0,0,No Failure,167.1,74.2
H,103.34,605.94,120.35,3.23,45.73,58.6,2922.0,0,No Failure,182.7,79.7
L,121.99,568.03,177.06,5.04,31.05,66.8,3000.0,0,No Failure,142.4,65.4
M,123.89,665.33,118.72,4.96,41.94,58.21,2943.0,0,No Failure,183.9,80.1
M,105.39,641.14,117.6,2.86,40.52,62.0,2993.0,0,No Failure,194.4,83.9
H,114.56,602.75,131.15,6.84,40.89,72.7,3024.0,0,No Failure,155.4,70.1
M,124.93,594.48,174.97,3.83,40.98,34.533,2827.0,0,No Failure,159.7,71.6
M,119.87,632.49,153.73,5.26,33.31,56.29,2966.0,0,No Failure,176.1,77.4
H,103.4,567.41,163.02,1.0,47.13,64.7,2891.0,0,No Failure,153.8,69.5
L,129.25,604.64,160.51,2.78,31.89,67.31,2986.0,0,No Failure,170.0,75.2
M,91.74,649.81,158.45,3.65,45.41,68.76,3028.0,0,No Failure,177.3,77.8
L,106.56,794.56,138.0,2.26,31.53,76.38,3043.0,0,No Failure,117.2,56.5
L,119.16,662.65,148.3,7.06,53.04,65.27,2907.0,0,No Failure,158.9,71.3
H,129.93,730.25,140.87,2.01,37.34,62.89,3193.0,0,No Failure,153.8,69.5
L,132.34,610.57,128.93,0.6,45.44,64.43,2973.0,0,No Failure,169.2,74.9
M,129.06,700.53,132.86,4.98,39.53,80.11,3015.0,0,No Failure,145.3,66.5
H,92.63,554.43,171.72,3.22,44.1,58.69,3001.0,0,No Failure,159.2,71.4
M,108.4,628.96,114.03,2.42,41.64,66.63,2916.0,0,No Failure,191.0,82.6
H,135.44,607.9,167.47,2.85,42.82,70.27,2998.0,0,No Failure,174.8,76.9
M,116.29,724.26,135.77,-1.671,54.87,75.12,2873.0,1,Discharge Blockage Overload,7.3,18.9
M,125.92,625.84,135.76,5.54,42.19,59.91,2923.0,0,No Failure,188.4,81.7
H,103.14,571.09,113.02,1.33,41.8,63.3,2981.0,0,No Failure,165.4,73.6
L,100.08,666.12,142.45,6.74,44.33,67.87,2951.0,0,No Failure,176.3,77.4
H,104.87,678.67,113.06,4.83,29.49,70.28,2961.0,0,No Failure,149.5,68.0
L,105.94,577.44,119.51,2.48,43.85,67.91,2885.0,0,No Failure,168.5,74.7
M,112.37,575.39,139.54,2.54,61.83,58.65,2913.0,0,No Failure,152.2,68.9
L,127.62,633.44,146.38,3.94,46.29,49.69,2894.0,0,No Failure,177.8,78.0
M,113.73,721.95,167.57,4.05,47.92,66.26,2973.0,0,No Failure,177.0,77.7
L,125.68,589.41,183.72,3.44,29.85,63.63,2934.0,0,No Failure,165.1,73.5
H,81.87,653.48,145.56,4.9,43.53,69.46,2875.0,0,No Failure,168.1,74.6
L,142.83,794.14,123.52,0.6,32.52,53.56,2978.0,0,No Failure,96.1,49.0
M,85.59,656.6,138.51,2.74,46.92,57.98,3193.0,0,No Failure,165.0,73.4
L,99.79,637.92,118.3,5.13,43.94,63.28,3022.0,0,No Failure,157.3,70.7
L,105.18,573.54,159.54,2.97,48.13,82.78,2933.0,0,No Failure,154.7,69.8
L,138.38,583.38,153.9,4.06,52.05,60.06,2891.0,0,No Failure,155.9,70.2
L,109.83,578.47,119.39,1.4,41.39,53.19,3030.0,0,No Failure,148.8,67.7
L,111.62,655.05,172.0,1.17,43.16,71.77,2943.0,0,No Failure,178.1,78.1
L,123.8,507.07,136.26,4.63,38.32,73.67,3030.0,0,No Failure,141.8,65.2
H,92.7,682.11,118.09,2.02,33.27,55.55,2894.0,0,No Failure,137.8,63.8
M,89.33,609.74,130.35,2.62,39.07,55.88,2989.0,0,No Failure,168.1,74.5
L,114.82,683.0,175.99,2.61,47.26,75.64,2942.0,0,No Failure,164.4,73.2
M,139.86,761.44,132.08,3.27,43.73,40.75,2994.0,0,No Failure,129.7,60.9
M,180.328,650.15,189.39,4.73,40.21,62.32,2926.0,0,No Failure,183.3,79.9
L,123.72,615.12,161.4,2.6,35.24,34.533,3021.0,0,No Failure,176.1,77.4
M,137.47,630.97,174.22,5.64,40.69,70.85,2990.0,0,No Failure,157.9,70.9
L,106.0,601.85,146.05,2.59,37.73,48.07,2977.0,0,No Failure,173.8,76.6
H,86.32,621.73,144.44,3.58,53.93,66.2,3014.0,0,No Failure,156.2,70.3
H,116.05,662.08,126.27,5.31,40.88,94.0,2875.0,0,No Failure,181.1,79.2
M,110.0,604.47,157.71,3.92,45.37,63.53,2971.0,0,No Failure,202.0,86.6
L,128.51,689.23,120.59,3.01,32.57,63.45,3000.0,0,No Failure,167.1,74.2
H,137.59,651.93,121.8,1.78,49.85,77.32,3026.0,0,No Failure,134.6,62.7
L,114.82,586.72,165.11,4.64,52.31,66.17,3070.0,0,No Failure,150.9,68.4
L,133.22,671.07,162.63,6.28,32.79,68.46,3070.0,0,No Failure,126.9,59.9
M,124.83,663.14,126.99,0.81,48.38,71.75,2925.0,0,No Failure,158.4,71.1
L,108.67,679.42,145.13,4.92,42.92,58.46,3032.0,0,No Failure,181.9,79.4
L,98.78,587.39,196.1,3.72,36.92,58.55,2838.0,0,No Failure,136.1,63.2
H,137.96,659.0,145.84,2.49,44.41,65.44,2942.0,0,No Failure,199.0,85.5
L,81.26,637.92,133.22,2.73,43.7,55.13,2950.0,0,No Failure,177.1,77.7
L,115.85,583.04,158.07,3.45,47.07,71.7,2855.0,0,No Failure,173.0,76.3
L,133.37,657.0,119.34,2.8,47.95,58.19,2969.0,0,No Failure,173.6,76.5
M,141.39,652.31,157.92,4.9,59.89,68.42,2899.0,0,No Failure,138.1,63.9
H,120.39,671.14,198.52,3.09,33.34,59.75,2872.0,0,No Failure,149.8,68.1
L,102.24,528.16,126.84,3.97,36.8,59.2,2944.0,0,No Failure,165.2,73.5
M,113.47,568.34,149.07,4.48,36.29,61.58,2955.0,0,No Failure,190.7,82.5
M,103.83,684.95,153.15,4.81,36.06,69.65,2866.0,0,No Failure,161.7,72.3
M,93.28,597.58,114.87,3.73,38.79,66.79,3057.0,0,No Failure,156.8,70.5
M,85.3,712.88,137.68,1.52,45.42,62.89,3025.0,0,No Failure,151.3,68.6
L,114.29,604.28,130.83,3.62,45.71,68.41,2885.0,0,No Failure,190.8,82.6
L,130.44,611.13,155.74,3.36,45.05,48.44,3033.0,0,No Failure,138.7,64.1
M,93.22,692.33,209.16,3.14,55.8,63.34,2931.0,0,No Failure,133.6,62.3
M,117.02,660.9,169.45,5.23,55.86,75.82,2850.0,0,No Failure,129.9,61.0
M,110.89,706.3,151.15,1.52,36.0,67.23,3005.0,0,No Failure,168.3,74.6
M,135.85,702.33,120.95,1.41,37.34,70.99,3041.0,0,No Failure,133.4,62.2
L,101.76,692.95,125.42,4.44,38.44,63.23,2934.0,0,No Failure,182.1,79.5
H,118.21,669.48,152.69,3.28,40.83,67.02,3008.0,0,No Failure,204.5,87.4
M,180.328,654.04,126.74,1.94,50.59,52.25,2956.0,0,No Failure,158.9,71.3
L,150.89,652.91,174.62,1.99,38.71,49.86,2971.0,0,No Failure,142.1,65.3
H,105.6,730.74,159.58,3.28,57.96,59.7,2940.0,1,Discharge Blockage Overload,9.5,25.6
M,114.08,623.8,118.54,4.41,18.688,64.87,2951.0,0,No Failure,199.1,85.5
M,110.33,627.76,161.01,0.6,38.16,57.8,2914.0,0,No Failure,169.9,75.2
L,135.78,487.03,179.71,0.6,43.47,67.6,2950.0,0,No Failure,118.2,56.9
L,115.55,571.03,170.49,4.25,65.304,68.93,2957.0,0,No Failure,185.9,80.8
M,132.56,564.02,173.71,4.08,40.44,59.01,2999.0,0,No Failure,161.1,72.1
H,90.11,577.54,149.49,2.72,36.88,59.74,2860.0,0,No Failure,159.0,71.3
M,180.328,678.28,119.79,3.5,49.74,71.53,2897.0,0,No Failure,172.1,75.9
L,112.34,602.93,150.38,4.49,47.16,72.17,2852.0,0,No Failure,169.5,75.0
L,117.55,725.24,147.76,3.25,36.51,69.95,2947.0,0,No Failure,191.4,82.8
H,150.57,618.81,167.2,3.86,38.06,70.0,2962.0,0,No Failure,168.3,74.6
M,99.27,737.59,132.0,0.6,52.38,71.64,2986.0,1,Discharge Blockage Overload,4.3,14.6
H,93.13,561.56,143.5,3.6,41.85,64.2,3028.0,0,No Failure,183.8,80.1
M,115.73,604.67,144.02,4.62,29.49,70.06,3070.0,0,No Failure,156.3,70.4
L,109.04,715.45,144.685,4.82,30.3,62.99,2855.0,0,No Failure,150.6,68.3
H,134.93,625.21,166.07,1.69,33.92,55.27,3065.0,0,No Failure,135.3,62.9
L,96.44,639.45,138.91,2.49,30.5,34.533,2944.0,0,No Failure,180.6,79.0
M,98.62,696.01,119.14,3.02,45.39,56.81,2971.0,0,No Failure,170.1,75.2
H,175.64,684.52,159.53,5.22,43.21,43.56,2959.0,0,No Failure,148.4,67.6
M,106.17,614.7,162.28,0.6,46.13,58.75,2937.0,0,No Failure,168.6,74.7
M,116.48,634.38,128.27,2.46,51.18,58.79,2892.0,0,No Failure,177.6,77.9
L,115.36,629.05,139.98,2.75,41.94,66.74,2914.0,0,No Failure,215.3,91.2
L,109.78,660.26,151.43,2.8,46.24,48.09,2920.0,0,No Failure,179.1,78.4
L,138.96,645.5,127.0,3.93,38.97,50.39,2803.0,0,No Failure,143.7,65.9
L,109.53,649.18,91.62,3.74,46.69,47.22,2977.0,0,No Failure,153.2,69.2
M,127.33,700.38,140.47,2.48,39.91,40.01,2962.0,0,No Failure,167.6,74.4
M,180.328,649.36,130.19,3.7,28.46,52.64,2967.0,0,No Failure,164.1,73.1
M,72.36,657.9,161.61,3.09,44.65,57.44,3009.0,0,No Failure,160.6,71.9
H,103.22,618.31,161.46,4.78,50.78,59.43,2952.0,0,No Failure,156.8,70.5
L,111.41,610.97,144.03,5.87,38.47,61.5,2941.0,0,No Failure,191.7,82.9
L,66.09,637.92,141.37,2.98,45.76,72.75,3035.0,0,No Failure,153.9,69.5
L,114.82,642.6,63.267,2.46,27.18,72.48,2950.0,0,No Failure,139.1,64.3
M,99.2,724.3,141.43,4.09,30.27,65.29,2927.0,0,No Failure,166.3,73.9
M,130.38,611.81,135.85,3.61,42.0,65.72,2947.0,0,No Failure,210.0,89.4
M,142.3,667.25,115.82,1.08,46.21,68.87,2961.0,0,No Failure,152.1,68.9
L,137.63,717.53,175.0,3.19,34.41,66.62,2886.0,0,No Failure,148.8,67.7
M,106.75,569.18,118.21,3.76,37.83,60.21,3026.0,0,No Failure,164.6,73.3
H,134.12,665.26,166.93,5.54,45.28,64.56,2855.0,0,No Failure,156.6,70.5
H,171.06,729.44,133.95,4.71,38.52,51.88,3033.0,0,No Failure,129.3,60.8
L,104.25,590.07,152.87,3.45,38.6,57.16,2981.0,0,No Failure,188.9,81.9
L,131.34,657.24,114.65,1.12,41.49,61.84,3034.0,0,No Failure,159.6,71.5
M,99.77,709.68,115.51,3.55,52.23,55.33,2828.0,0,No Failure,129.4,60.8
L,119.25,429.313,150.49,2.21,44.61,55.03,3035.0,0,No Failure,182.7,79.7
L,102.72,727.21,122.92,3.72,42.82,72.75,2707.0,0,No Failure,168.7,74.8
L,107.79,682.5,109.13,2.64,52.81,69.58,2933.0,0,No Failure,158.4,71.1
M,98.41,582.3,147.87,3.26,42.37,64.82,2893.0,0,No Failure,195.6,84.3
L,113.47,614.71,133.1,5.31,48.98,55.69,2975.0,0,No Failure,172.6,76.1
M,107.38,717.35,150.29,5.82,24.5,65.8,2885.0,0,No Failure,134.2,62.5
M,126.13,587.4,165.92,6.61,46.34,34.533,3193.0,0,No Failure,143.2,65.7
L,101.98,629.73,138.98,2.62,32.35,65.28,2950.0,0,No Failure,184.5,80.3
L,109.81,543.79,63.267,4.53,47.59,57.99,2881.0,0,No Failure,162.0,72.4
M,115.28,602.66,154.86,1.66,41.07,70.55,2921.0,0,No Failure,188.2,81.7
L,115.1,644.07,144.685,1.86,51.09,76.21,2890.0,0,No Failure,165.4,73.6
M,129.81,645.11,114.31,2.7,35.9,64.01,3028.0,0,No Failure,172.1,76.0
H,114.41,720.06,123.76,1.76,41.24,66.56,3018.0,0,No Failure,170.1,75.2
L,95.21,628.32,181.16,3.53,42.54,61.46,3041.0,0,No Failure,173.6,76.5
M,131.21,570.94,182.54,2.42,43.06,82.24,3001.0,0,No Failure,134.0,62.5
M,128.05,586.81,134.34,5.38,30.75,63.4,3057.0,0,No Failure,143.4,65.8
H,105.48,568.28,139.39,2.25,46.88,64.11,3048.0,0,No Failure,168.9,74.8
L,107.74,539.74,153.58,4.17,33.44,59.06,3011.0,0,No Failure,157.4,70.8
H,119.14,597.63,146.03,4.77,45.48,81.34,2952.0,0,No Failure,175.5,77.2
L,114.57,647.33,149.74,5.23,44.56,54.74,2919.0,0,No Failure,189.6,82.2
H,111.05,670.46,181.08,-1.671,57.68,71.29,2950.0,0,No Failure,159.6,71.5
L,103.31,667.27,133.46,2.01,51.95,65.38,2997.0,0,No Failure,170.2,75.3
M,109.91,621.8,143.34,1.66,43.59,60.08,3047.0,0,No Failure,183.2,79.9
L,130.46,705.97,179.76,0.6,33.12,64.13,2874.0,0,No Failure,127.6,60.2
M,99.75,685.42,147.25,0.6,51.45,66.04,2933.0,0,No Failure,161.2,72.1
M,117.36,583.79,188.58,3.98,46.56,48.54,2987.0,0,No Failure,148.0,67.4
M,112.03,727.59,88.15,4.59,53.67,55.59,2991.0,1,Discharge Blockage Overload,5.3,13.0
M,104.81,638.935,98.06,3.37,35.47,68.7,3093.0,0,No Failure,146.7,66.9
L,116.83,642.48,210.54,3.86,54.43,59.78,2991.0,0,No Failure,150.8,68.4
M,122.92,684.75,147.81,4.71,43.54,65.07,2989.0,0,No Failure,194.8,84.0
M,120.23,672.7,189.63,4.49,45.86,66.09,2881.0,0,No Failure,163.2,72.8
L,114.82,680.38,131.02,3.56,58.87,69.96,2966.0,0,No Failure,146.4,66.9
L,110.82,693.95,153.54,3.36,39.02,54.88,3193.0,0,No Failure,180.4,78.9
H,92.43,606.79,163.25,1.37,49.68,65.92,3031.0,0,No Failure,146.6,66.9
M,92.42,565.12,141.42,2.4,33.76,51.17,2902.0,0,No Failure,143.0,65.6
M,140.71,619.86,125.03,6.38,43.43,66.87,3006.0,0,No Failure,154.1,69.6
L,116.6,671.14,140.73,3.36,30.06,43.81,2975.0,0,No Failure,154.0,69.5
M,63.49,618.15,159.27,4.88,43.29,70.0,2928.0,0,No Failure,154.4,69.7
H,134.51,589.29,121.54,3.15,39.02,51.07,2789.0,0,No Failure,133.5,62.3
M,112.17,716.99,128.24,4.93,46.86,49.7,2929.0,0,No Failure,154.6,69.7
L,106.2,649.79,134.52,5.43,49.14,63.83,2855.0,0,No Failure,169.0,74.9
M,87.07,505.66,154.93,1.48,49.31,66.4,2707.0,0,No Failure,133.1,62.2
L,99.72,703.06,174.84,3.53,41.14,52.58,2856.0,0,No Failure,152.1,68.9
L,130.71,753.88,148.74,2.03,37.9,62.09,2943.0,0,No Failure,170.5,75.4
H,126.0,688.28,148.87,2.73,48.16,70.0,2844.0,0,No Failure,165.3,73.5
L,86.76,659.87,146.05,2.54,42.51,71.7,2983.0,0,No Failure,183.7,80.1
H,74.35,650.7,169.68,5.17,39.89,62.88,2918.0,1,Impeller Cavitation,9.8,26.9
L,100.14,673.86,158.8,3.99,36.44,56.74,2944.0,0,No Failure,180.7,79.0
L,124.14,604.0,131.7,4.11,49.25,67.39,2970.0,0,No Failure,183.6,80.0
L,114.32,623.52,114.23,2.6,40.85,41.39,2894.0,0,No Failure,156.4,70.4
L,90.6,630.69,148.49,5.64,40.11,60.78,2917.0,1,Impeller Cavitation,5.6,33.3
H,138.89,605.23,145.55,2.9,51.07,55.28,2886.0,0,No Failure,160.6,71.9
L,135.09,679.02,172.55,1.66,45.93,53.87,3064.0,0,No Failure,131.4,61.5
L,94.59,669.06,163.37,2.97,35.06,56.62,2941.0,0,No Failure,172.6,76.1
M,101.71,644.48,141.84,2.57,41.53,62.55,2894.0,0,No Failure,203.5,87.1
M,129.24,616.69,137.17,2.31,43.34,75.09,2986.0,0,No Failure,178.8,78.3
M,115.51,644.77,129.35,3.72,29.12,56.8,2895.0,0,No Failure,174.7,76.9
L,107.36,537.77,154.26,2.79,36.77,62.01,2905.0,0,No Failure,173.1,76.3
H,116.19,634.25,158.35,2.13,49.82,74.75,3023.0,0,No Failure,167.0,74.2
L,123.37,596.76,158.12,4.27,48.89,61.93,3003.0,0,No Failure,177.0,77.7
M,97.4,597.57,169.35,3.19,29.05,67.8,2941.0,0,No Failure,163.1,72.8
L,106.91,636.97,165.65,2.44,52.54,68.56,2882.0,0,No Failure,166.7,74.0
M,131.83,649.3,63.267,3.36,44.69,59.29,2982.0,0,No Failure,186.7,81.1
H,116.04,675.75,130.74,3.41,46.09,61.53,2961.0,0,No Failure,206.2,88.0
L,139.95,576.89,63.267,3.85,44.72,70.85,2996.0,0,No Failure,172.2,76.0
L,133.03,622.68,98.22,6.06,45.48,76.51,2938.0,1,Mechanical Seal Dry-Run,10.8,18.1
L,138.19,686.43,162.97,1.12,65.304,58.33,2932.0,0,No Failure,162.0,72.4
L,77.66,651.79,137.15,3.99,46.32,67.62,2965.0,0,No Failure,179.6,78.6
H,95.98,596.53,112.49,2.78,43.75,66.92,2876.0,0,No Failure,164.2,73.2
H,142.05,580.35,135.06,3.77,40.3,51.57,2936.0,0,No Failure,167.5,74.3
L,100.17,732.79,113.55,4.54,36.88,47.01,2959.0,0,No Failure,133.7,62.4
H,103.91,580.25,146.45,2.93,39.71,66.79,2956.0,0,No Failure,200.5,86.0
M,107.89,635.58,145.68,4.63,36.19,68.38,2827.0,0,No Failure,175.5,77.1
M,127.01,687.36,143.61,2.92,43.22,60.98,2898.0,0,No Failure,194.9,84.0
L,131.43,558.06,119.06,4.18,41.19,68.55,2927.0,0,No Failure,169.0,74.9
L,67.28,620.63,110.15,2.16,31.6,63.62,2880.0,0,No Failure,127.6,60.2
H,92.47,648.36,226.023,5.68,46.7,69.22,2967.0,0,No Failure,169.6,75.0
M,117.03,708.0,96.41,4.61,36.99,66.9,2899.0,0,No Failure,153.1,69.2
M,103.13,631.06,156.94,2.01,56.74,66.32,2930.0,0,No Failure,168.4,74.6
M,115.67,554.0,131.13,2.3,40.26,79.28,2863.0,0,No Failure,151.2,68.5
M,100.25,556.13,122.99,1.74,50.6,65.59,2856.0,0,No Failure,137.1,63.6
M,88.02,655.07,182.06,5.77,65.304,75.98,2919.0,1,Impeller Cavitation,7.5,14.1
M,105.49,641.91,131.43,3.35,39.08,62.1,2949.0,0,No Failure,213.7,90.7
L,96.96,667.39,143.76,3.8,54.11,69.97,2849.0,0,No Failure,157.8,70.9
L,134.33,623.53,99.82,0.6,55.01,58.58,2969.0,0,No Failure,125.0,59.3
H,100.74,602.2,132.0,4.52,48.57,66.89,2875.0,0,No Failure,166.2,73.9
L,117.78,721.59,146.87,1.64,42.21,61.37,2998.0,0,No Failure,184.2,80.2
L,125.89,594.01,91.49,1.95,34.15,66.74,2948.0,0,No Failure,151.2,68.5
L,107.8,767.21,157.35,3.94,44.0,61.89,3003.0,0,No Failure,170.8,75.5
M,101.42,743.1,137.34,5.8,43.86,54.8,2952.0,0,No Failure,155.9,70.2
M,107.41,612.6,125.36,4.1,39.06,66.14,2913.0,0,No Failure,190.8,82.6
L,119.93,692.44,180.92,2.19,39.33,56.4,2837.0,0,No Failure,146.7,67.0
M,151.16,595.51,149.58,2.4,37.12,61.21,3076.0,0,No Failure,147.1,67.1
M,126.61,693.29,149.54,3.57,42.06,64.6,3040.0,0,No Failure,193.3,83.5
M,139.66,429.313,137.02,0.64,47.44,48.53,2998.0,0,No Failure,135.6,63.0
L,109.11,662.46,163.03,2.03,32.16,66.47,2950.0,0,No Failure,165.9,73.8
L,120.43,665.83,154.84,3.49,50.68,53.7,2945.0,0,No Failure,185.9,80.8
L,96.63,626.02,151.49,3.55,36.61,54.37,2854.0,0,No Failure,169.4,75.0
M,126.84,570.63,168.98,2.59,42.88,71.0,2864.0,0,No Failure,159.1,71.4
M,112.34,532.22,120.21,3.04,41.17,71.71,2965.0,0,No Failure,174.4,76.8
M,121.9,578.55,156.42,2.78,41.49,65.42,2959.0,0,No Failure,200.9,86.2
M,112.96,698.95,179.77,4.06,43.85,57.06,2937.0,0,No Failure,177.4,77.8
H,95.28,708.67,132.17,5.29,44.16,73.73,2707.0,0,No Failure,146.2,66.8
M,145.15,626.81,157.53,2.53,32.11,76.83,2874.0,0,No Failure,139.2,64.3
H,126.79,546.67,130.52,3.57,57.26,78.43,3006.0,0,No Failure,128.8,60.6
L,133.97,526.42,160.89,4.11,35.91,65.96,3001.0,0,No Failure,153.5,69.4
M,131.12,676.9,128.4,2.78,48.33,68.6,3033.0,0,No Failure,163.6,72.9
M,112.69,621.46,63.267,4.64,34.57,34.533,2811.0,0,No Failure,162.1,72.4
M,108.11,615.4,145.86,1.79,46.19,57.55,2983.0,0,No Failure,185.8,80.8
H,98.91,657.41,115.69,3.74,43.1,49.84,2905.0,0,No Failure,166.3,73.9
M,93.71,612.04,135.0,3.66,32.76,56.77,2960.0,0,No Failure,174.3,76.7
M,110.31,793.04,142.68,3.22,49.08,53.79,3054.0,0,No Failure,129.4,60.8
H,105.92,681.44,152.88,3.19,43.96,62.72,2852.0,0,No Failure,188.8,81.9
L,129.61,681.38,156.67,1.51,40.87,67.54,2816.0,0,No Failure,156.3,70.4
L,129.48,651.84,137.73,3.27,47.18,64.19,2918.0,0,No Failure,192.0,83.0
M,109.74,685.39,148.76,1.05,44.59,65.75,2976.0,0,No Failure,185.4,80.7
M,89.77,714.47,113.16,3.3,39.43,63.06,3007.0,0,No Failure,162.3,72.5
M,129.62,577.36,149.33,2.88,43.36,66.8,2912.0,0,No Failure,189.9,82.3
H,105.32,598.74,135.11,3.36,65.304,53.49,2982.0,0,No Failure,164.2,73.2
L,103.57,602.49,157.59,3.77,18.688,68.04,3027.0,0,No Failure,168.9,74.8
L,126.06,701.84,151.54,2.03,34.47,65.73,2867.0,0,No Failure,162.3,72.5
L,129.2,603.26,149.54,2.66,48.44,58.15,2915.0,0,No Failure,179.2,78.5
M,121.98,606.26,159.82,5.63,47.41,57.78,2993.0,0,No Failure,164.3,73.2
L,123.93,687.39,141.9,4.01,41.16,66.36,3006.0,0,No Failure,195.9,84.4
L,180.328,600.4,166.33,1.41,48.79,70.48,3030.0,0,No Failure,149.8,68.1
L,82.36,637.92,139.97,3.16,35.02,73.23,2893.0,0,No Failure,167.4,74.3
L,134.68,595.24,123.76,5.3,30.98,66.84,2940.0,0,No Failure,151.9,68.8
M,139.15,645.71,182.16,2.11,48.67,63.06,2936.0,0,No Failure,165.8,73.7
L,78.2,617.9,162.56,2.9,39.77,71.46,2830.0,0,No Failure,148.1,67.5
M,136.89,631.87,144.24,1.09,39.6,57.44,2907.0,0,No Failure,173.1,76.3
L,123.45,629.06,137.42,2.56,34.69,70.66,2971.0,0,No Failure,186.9,81.2
M,106.57,583.65,101.66,3.34,35.49,58.01,2891.0,0,No Failure,155.8,70.2
M,102.22,573.86,115.22,2.9,49.12,67.97,2937.0,0,No Failure,165.8,73.7
L,98.9,637.92,122.98,3.52,59.14,52.4,2907.0,0,No Failure,133.7,62.3
M,131.0,602.48,156.03,3.52,32.77,67.94,2957.0,0,No Failure,182.9,79.8
L,122.08,705.59,160.23,3.55,32.32,73.98,3061.0,0,No Failure,146.7,66.9
L,83.34,708.01,139.1,1.43,45.41,61.55,3045.0,0,No Failure,144.6,66.2
L,119.86,699.33,139.86,1.62,56.37,64.39,2750.0,0,No Failure,128.8,60.6
L,123.83,766.27,201.89,4.47,35.56,54.8,2996.0,0,No Failure,117.1,56.5
L,164.52,759.87,144.28,2.26,41.37,63.13,3053.0,0,No Failure,136.2,63.2
M,138.72,593.66,127.81,4.16,51.48,52.8,2957.0,0,No Failure,152.0,68.8
L,143.02,629.21,125.9,2.64,51.84,61.83,2905.0,0,No Failure,162.7,72.6
M,132.17,609.67,128.55,1.91,37.79,70.11,2912.0,0,No Failure,167.4,74.3
L,97.56,735.77,127.7,4.56,48.75,65.24,2853.0,0,No Failure,143.9,66.0
L,96.43,628.61,144.685,2.17,52.29,76.4,2828.0,0,No Failure,113.2,55.1
M,110.82,634.43,173.5,1.74,35.8,55.2,2949.0,0,No Failure,173.3,76.4
M,137.53,704.81,170.85,5.95,50.52,66.46,3027.0,0,No Failure,127.3,60.1
M,112.99,623.35,146.05,5.89,50.45,83.64,2960.0,0,No Failure,156.5,70.4
L,114.05,638.24,151.14,2.42,46.61,64.19,2841.0,0,No Failure,190.3,82.4
L,96.61,714.67,153.44,2.45,56.13,55.69,3045.0,0,No Failure,129.1,60.7
M,74.78,636.02,126.14,4.03,43.94,64.66,2838.0,0,No Failure,160.3,71.8
L,102.88,429.313,141.46,3.13,35.54,66.04,2953.0,0,No Failure,200.4,86.0
L,105.58,629.44,109.93,4.95,47.56,60.49,2893.0,0,No Failure,163.6,72.9
L,114.29,691.32,140.84,4.47,40.53,68.49,2870.0,0,No Failure,186.2,81.0
M,74.14,630.56,122.82,3.79,42.5,62.58,3019.0,0,No Failure,170.8,75.5
M,124.21,680.37,140.35,4.55,45.89,59.59,2919.0,0,No Failure,186.5,81.1
M,130.75,729.21,156.38,0.6,41.58,71.68,3069.0,0,No Failure,132.5,61.9
L,125.36,683.86,147.78,3.58,37.95,56.08,2967.0,0,No Failure,192.3,83.1
H,122.76,625.7,145.35,4.21,35.64,65.39,2995.0,0,No Failure,197.1,84.8
M,110.78,621.09,152.44,4.49,48.34,60.63,2964.0,0,No Failure,194.9,84.0
L,86.21,697.9,214.66,5.35,42.2,34.533,2856.0,1,Impeller Cavitation,5.5,10.1
L,144.0,623.43,144.685,1.56,41.84,69.34,2912.0,0,No Failure,164.5,73.3
L,109.85,634.86,148.22,1.71,40.64,61.32,2976.0,0,No Failure,203.5,87.1
M,90.68,644.25,128.67,6.85,36.04,56.16,2965.0,1,Impeller Cavitation,3.0,22.3
L,143.67,665.72,138.81,5.66,50.71,49.61,3078.0,0,No Failure,116.2,56.2
L,107.04,735.91,157.36,2.58,35.62,51.93,2982.0,0,No Failure,153.9,69.5
H,115.65,583.85,151.87,4.91,36.09,60.92,2979.0,0,No Failure,182.7,79.7
H,123.98,699.22,184.47,1.46,33.25,55.37,3028.0,0,No Failure,125.4,59.4
L,132.07,615.91,124.5,3.75,45.83,71.22,2997.0,0,No Failure,174.8,76.9
L,91.62,664.0,151.35,2.26,41.5,63.97,3019.0,0,No Failure,185.5,80.7
M,109.16,693.68,136.31,3.79,48.04,80.57,2947.0,0,No Failure,171.8,75.8
M,49.634,693.06,119.86,6.02,37.52,83.63,3031.0,1,Mechanical Seal Dry-Run,7.8,14.6
L,119.32,686.34,159.1,3.32,39.63,92.26,3037.0,0,No Failure,179.4,78.5
H,125.71,737.48,169.89,4.13,41.55,55.1,2948.0,0,No Failure,168.5,74.7
L,115.83,590.89,170.4,2.99,53.18,60.5,3007.0,0,No Failure,165.8,73.7
M,103.27,690.24,114.79,3.29,50.27,76.5,3054.0,1,Mechanical Seal Dry-Run,14.0,19.0
H,128.96,592.01,109.8,4.88,40.31,79.42,2997.0,1,Mechanical Seal Dry-Run,13.3,20.2
M,115.62,616.95,120.03,3.56,44.52,49.23,3023.0,0,No Failure,171.3,75.7
M,106.57,610.3,192.94,4.95,38.3,72.48,3020.0,0,No Failure,144.5,66.2
M,144.06,559.01,120.65,6.31,36.56,57.89,2984.0,0,No Failure,125.2,59.3
H,110.03,649.08,131.29,4.33,39.47,39.4,2996.0,0,No Failure,184.5,80.3
M,120.05,646.75,142.72,4.31,41.21,51.78,3001.0,0,No Failure,191.2,82.7
H,137.63,553.55,145.92,3.3,46.52,66.15,3021.0,0,No Failure,171.6,75.8
L,107.22,546.06,141.33,2.49,46.72,63.58,3026.0,0,No Failure,172.6,76.1
M,115.06,657.77,148.71,5.95,53.85,72.39,2990.0,0,No Failure,160.8,71.9
H,100.47,849.554,185.64,3.48,42.83,69.98,2957.0,0,No Failure,163.2,72.8
H,116.78,655.69,158.43,3.85,44.53,45.26,2975.0,0,No Failure,179.9,78.7
M,137.12,698.11,126.74,3.19,45.62,65.26,2940.0,0,No Failure,183.3,79.9
L,101.42,708.76,173.55,2.21,40.07,56.32,2996.0,0,No Failure,156.4,70.4
L,120.49,654.38,168.6,3.67,40.72,76.95,3009.0,0,No Failure,178.0,78.0
L,114.36,563.46,63.267,4.51,53.49,54.56,2928.0,0,No Failure,142.6,65.5
M,111.93,648.35,112.46,3.37,42.44,42.85,2890.0,0,No Failure,161.9,72.3
M,124.25,619.39,168.2,1.39,49.21,70.03,2926.0,0,No Failure,163.3,72.8
M,112.31,633.23,140.15,4.08,38.54,74.74,2986.0,0,No Failure,193.8,83.6
H,135.23,598.38,133.27,0.6,44.72,63.83,2985.0,0,No Failure,166.1,73.8
M,143.34,622.15,163.66,3.58,37.67,64.23,2972.0,0,No Failure,186.4,81.0
L,136.9,577.91,148.63,2.68,42.74,50.39,2920.0,0,No Failure,167.8,74.4
L,123.64,633.84,134.26,2.32,41.04,70.09,2912.0,0,No Failure,194.3,83.8
M,132.4,649.15,226.023,3.23,49.55,68.59,2897.0,0,No Failure,168.8,74.8
L,83.55,578.11,136.2,3.13,43.01,55.91,2959.0,0,No Failure,174.9,76.9
H,134.51,629.75,184.63,2.92,50.7,63.4,2922.0,0,No Failure,167.9,74.4
M,90.28,573.0,114.85,2.72,53.08,56.86,2996.0,0,No Failure,134.0,62.4
L,106.78,553.74,135.05,2.12,41.53,65.39,2887.0,0,No Failure,176.9,77.7
M,100.92,615.25,163.89,3.44,44.65,70.86,3076.0,0,No Failure,167.3,74.3
H,115.98,579.81,205.81,2.7,46.29,59.99,3003.0,0,No Failure,152.4,69.0
L,101.6,642.79,134.31,4.05,53.63,77.86,2969.0,0,No Failure,164.3,73.2
L,103.03,694.2,126.84,1.13,37.44,58.45,3109.0,0,No Failure,131.4,61.5
H,122.9,670.36,141.25,1.37,43.9,61.07,2839.0,0,No Failure,171.8,75.9
H,90.2,624.48,151.42,4.22,62.39,67.62,3054.0,0,No Failure,136.0,63.2
M,101.35,540.25,116.04,3.5,37.64,72.13,2941.0,0,No Failure,161.0,72.0
M,102.54,609.3,129.15,4.68,35.92,60.51,2892.0,0,No Failure,169.5,75.0
L,110.41,588.9,155.69,4.5,48.02,59.12,2938.0,0,No Failure,183.0,79.8
L,128.61,658.2,190.49,2.36,47.43,65.89,3073.0,0,No Failure,146.0,66.7
M,120.03,654.93,149.23,6.0,48.41,69.86,2989.0,0,No Failure,172.8,76.2
M,137.1,586.45,140.45,2.93,40.22,63.9,2853.0,0,No Failure,177.9,78.0
M,95.78,615.47,195.34,3.61,39.28,75.51,2914.0,0,No Failure,153.2,69.3
L,93.25,697.42,157.25,3.01,32.35,67.75,2836.0,0,No Failure,147.0,67.1
M,81.77,528.81,129.3,2.72,47.08,72.35,2923.0,0,No Failure,140.1,64.6
L,121.08,624.93,162.88,0.87,41.97,62.04,3020.0,0,No Failure,177.6,77.9
L,133.78,653.94,164.08,1.96,43.24,54.29,2916.0,0,No Failure,170.2,75.3
L,126.89,560.42,167.02,3.12,42.51,62.89,2980.0,0,No Failure,185.5,80.7
M,103.1,749.51,126.6,3.91,35.22,72.46,3047.0,0,No Failure,138.1,63.9
L,111.26,528.62,131.93,3.13,46.1,58.44,2912.0,0,No Failure,172.6,76.1
L,95.56,612.7,153.6,4.81,47.39,63.76,2886.0,0,No Failure,173.9,76.6
H,150.45,609.2,164.41,5.83,46.54,71.45,2972.0,0,No Failure,142.8,65.6
M,91.87,697.94,127.71,5.35,44.73,66.38,2915.0,1,Impeller Cavitation,2.2,27.0
L,147.98,654.89,137.18,5.15,33.38,63.14,2955.0,0,No Failure,168.4,74.7
M,106.04,608.09,176.67,4.84,37.45,54.47,2876.0,0,No Failure,150.2,68.2
M,109.46,554.91,182.66,2.96,34.31,68.26,3057.0,0,No Failure,140.9,64.9
H,112.16,579.94,176.26,4.2,43.95,62.17,2921.0,0,No Failure,182.3,79.6
L,124.31,621.42,120.81,5.16,37.24,57.8,2972.0,0,No Failure,170.9,75.5
M,136.9,598.59,146.39,5.88,45.98,61.92,3023.0,0,No Failure,160.7,71.9
M,100.31,686.02,104.43,3.67,43.05,69.97,2876.0,0,No Failure,161.5,72.2
H,89.86,663.95,106.68,5.02,40.06,52.26,2952.0,1,Impeller Cavitation,7.3,23.4
L,105.92,580.1,139.54,4.1,41.31,52.34,3039.0,0,No Failure,168.0,74.5
H,79.97,619.94,114.85,2.53,32.72,74.48,2949.0,0,No Failure,143.8,65.9
M,140.55,638.935,138.82,1.67,30.02,63.67,2924.0,0,No Failure,138.1,63.9
H,111.8,663.52,128.25,4.22,40.25,57.55,2788.0,0,No Failure,164.6,73.3
H,124.78,688.27,178.29,3.62,34.82,67.1,3027.0,0,No Failure,161.0,72.0
L,102.9,686.2,172.43,3.2,22.35,78.92,2899.0,0,No Failure,123.5,58.7
M,112.88,735.37,141.56,2.15,42.82,57.21,2950.0,0,No Failure,187.1,81.3
M,128.84,609.31,164.19,2.09,39.12,61.69,3006.0,0,No Failure,175.3,77.1
M,144.49,810.25,140.71,4.88,34.7,59.7,2895.0,0,No Failure,125.0,59.3
L,82.73,703.22,183.76,5.03,49.98,55.13,2933.0,1,Impeller Cavitation,9.9,14.0
M,107.86,701.21,151.02,2.69,39.88,60.8,2948.0,0,No Failure,198.4,85.3
L,110.99,602.69,180.24,2.15,49.13,82.35,2913.0,0,No Failure,139.9,64.5
L,105.32,673.77,130.47,5.92,43.01,64.06,3107.0,0,No Failure,155.1,69.9
M,131.61,642.13,150.9,3.42,45.12,73.13,2978.0,0,No Failure,195.2,84.1
M,119.0,677.67,149.09,3.96,34.3,62.75,2924.0,0,No Failure,195.6,84.3
L,102.45,586.27,160.95,3.52,38.28,62.69,2857.0,0,No Failure,176.3,77.5
L,136.12,664.56,172.1,6.6,42.45,64.78,2897.0,0,No Failure,156.2,70.3
L,139.5,646.99,175.09,2.9,42.96,76.14,3003.0,0,No Failure,162.5,72.5
M,95.93,620.57,150.48,2.97,25.55,74.59,2981.0,0,No Failure,154.0,69.6
M,107.36,548.78,179.66,3.89,46.86,69.04,3012.0,0,No Failure,153.3,69.3
H,95.54,651.96,98.67,3.87,65.304,66.89,2927.0,0,No Failure,149.1,67.8
L,117.55,706.77,155.22,1.15,37.22,79.32,2869.0,0,No Failure,140.1,64.6
H,146.48,567.59,161.95,3.31,41.7,64.11,2927.0,0,No Failure,177.0,77.7
M,79.34,570.33,151.99,6.1,47.69,79.99,2939.0,1,Impeller Cavitation,8.5,13.7
M,108.25,672.57,134.37,5.06,51.33,62.57,3023.0,0,No Failure,166.4,73.9
H,97.31,707.0,141.53,5.46,55.64,71.45,2900.0,0,No Failure,135.7,63.1
M,102.89,539.31,134.5,3.76,53.7,48.67,2945.0,0,No Failure,144.2,66.1
L,116.79,670.64,121.15,5.17,40.1,54.17,2936.0,0,No Failure,175.5,77.1
L,147.77,681.33,158.3,5.27,52.06,45.71,2856.0,0,No Failure,106.6,52.7
H,139.07,710.97,132.32,0.6,40.54,64.57,2792.0,0,No Failure,131.2,61.5
L,127.09,574.93,124.13,3.79,50.88,67.16,2808.0,0,No Failure,143.7,65.9
L,100.18,579.69,120.68,2.09,39.99,63.44,2996.0,0,No Failure,170.8,75.5
M,155.58,616.56,148.62,-1.671,39.49,77.66,2886.0,0,No Failure,147.4,67.2
L,106.0,712.59,138.94,3.5,40.2,83.37,2932.0,0,No Failure,170.3,75.3
H,145.8,670.16,173.8,2.88,45.27,52.2,2904.0,0,No Failure,149.6,68.0
L,133.86,651.76,130.17,2.08,41.32,73.19,2988.0,0,No Failure,175.6,77.2
H,105.97,673.52,151.02,3.85,50.95,46.39,2869.0,0,No Failure,151.2,68.5
M,119.82,531.53,133.28,2.44,42.12,79.34,3001.0,0,No Failure,156.0,70.2
H,101.45,674.65,136.86,2.74,48.18,75.82,2867.0,0,No Failure,159.1,71.3
L,94.11,659.05,100.42,5.28,47.03,65.53,2911.0,0,No Failure,151.8,68.8
M,123.76,682.22,147.71,3.39,45.19,94.0,2878.0,0,No Failure,193.6,83.6
H,84.72,668.79,110.0,4.3,39.79,66.59,2845.0,0,No Failure,147.9,67.4
L,103.14,605.94,165.59,2.79,42.6,69.74,2915.0,0,No Failure,185.4,80.7
H,136.47,628.29,202.22,3.55,41.73,65.62,2878.0,0,No Failure,165.2,73.5
L,140.3,695.12,114.4,3.75,46.42,71.29,3036.0,0,No Failure,144.8,66.3
L,126.86,613.17,150.04,4.66,40.96,51.01,2906.0,0,No Failure,175.6,77.2
H,121.04,728.79,123.9,5.05,29.32,52.6,3023.0,0,No Failure,122.8,58.5
H,131.77,603.06,159.81,3.94,47.84,61.95,2936.0,0,No Failure,184.7,80.4
L,127.82,607.12,135.3,1.08,35.11,72.55,3023.0,0,No Failure,149.1,67.8
L,79.45,644.88,181.23,3.36,32.34,66.97,3006.0,0,No Failure,146.8,67.0
M,155.61,663.01,146.21,3.64,48.83,55.0,3111.0,0,No Failure,136.9,63.5
L,135.86,649.84,175.46,4.06,44.21,42.3,3032.0,0,No Failure,138.0,63.9
H,93.94,667.08,167.36,2.39,56.15,64.74,2909.0,0,No Failure,153.7,69.4
H,131.81,511.04,123.73,4.34,41.41,60.08,3004.0,0,No Failure,153.5,69.4
L,128.46,645.55,155.56,3.96,50.81,57.86,2880.0,0,No Failure,172.7,76.2
L,107.72,627.91,171.68,1.0,49.38,71.8,2902.0,0,No Failure,152.6,69.0
M,100.09,649.82,198.3,4.06,34.71,65.12,2924.0,0,No Failure,163.7,73.0
H,107.79,602.66,126.89,2.7,57.24,70.93,3020.0,0,No Failure,148.6,67.6
L,80.84,671.23,139.85,3.4,18.688,64.74,3057.0,0,No Failure,178.4,78.2
L,113.14,656.38,101.7,2.3,28.87,49.5,3026.0,0,No Failure,128.8,60.6
L,81.94,546.0,126.57,3.91,30.93,63.85,2900.0,0,No Failure,140.7,64.8
L,113.51,620.55,139.01,2.74,46.4,48.8,2990.0,0,No Failure,180.7,79.0
M,150.64,608.63,132.93,4.58,29.49,57.14,2938.0,0,No Failure,145.6,66.6
M,115.62,663.1,167.62,0.6,48.28,60.64,2965.0,0,No Failure,170.3,75.3
M,106.82,642.83,117.85,2.59,54.86,66.75,2965.0,0,No Failure,173.3,76.4
L,114.74,519.24,164.36,1.49,52.96,58.12,3020.0,0,No Failure,131.2,61.5
M,115.84,533.84,141.37,1.55,59.94,63.05,2979.0,0,No Failure,147.0,67.1
M,121.73,574.08,121.83,2.32,35.28,69.79,2971.0,0,No Failure,165.0,73.5
H,125.31,648.86,111.51,5.16,50.53,60.2,2873.0,0,No Failure,151.2,68.5
H,138.34,640.44,152.94,2.63,45.12,49.57,2956.0,0,No Failure,177.7,77.9
L,122.49,621.52,175.88,3.99,59.43,57.32,2905.0,0,No Failure,147.3,67.2
L,139.26,699.75,152.96,2.01,49.13,55.58,2942.0,0,No Failure,157.3,70.7
L,82.88,608.1,148.95,4.31,46.72,66.3,2971.0,0,No Failure,178.1,78.1
H,125.63,591.99,154.38,2.41,41.66,71.47,3037.0,0,No Failure,172.8,76.2
H,120.73,641.14,118.68,3.28,42.38,51.41,2932.0,0,No Failure,192.1,83.0
L,125.05,574.5,144.685,2.72,41.21,66.72,3004.0,0,No Failure,181.0,79.1
H,88.49,656.46,163.84,3.54,41.49,70.24,2865.0,0,No Failure,173.1,76.3
L,105.66,647.76,168.87,1.56,44.47,65.94,2999.0,0,No Failure,179.4,78.5
L,113.45,544.26,223.38,4.47,37.51,57.49,2952.0,0,No Failure,158.0,71.0
H,113.42,675.01,124.1,1.51,44.26,64.78,2850.0,0,No Failure,171.4,75.7
H,129.91,615.22,166.94,6.64,41.93,69.34,2981.0,0,No Failure,151.6,68.7
L,121.51,624.31,132.28,3.13,32.22,62.43,2920.0,0,No Failure,191.0,82.7
H,128.1,612.29,159.63,3.36,30.15,62.52,2889.0,0,No Failure,170.4,75.4
L,132.31,667.06,162.41,4.42,40.14,55.81,2967.0,0,No Failure,177.9,78.0
L,96.77,617.02,146.66,1.56,45.52,73.37,2809.0,0,No Failure,148.5,67.6
M,106.78,581.97,141.39,2.95,44.26,63.1,3011.0,0,No Failure,193.6,83.6
M,126.54,648.76,168.53,5.33,42.02,62.2,3071.0,0,No Failure,166.9,74.1
L,114.11,628.53,150.19,3.88,47.53,63.62,2903.0,0,No Failure,206.3,88.1
L,141.91,644.99,166.28,2.35,39.01,57.51,2883.0,0,No Failure,163.5,72.9
M,112.68,602.25,187.76,3.67,18.688,73.61,2878.0,0,No Failure,157.8,70.9
L,92.48,627.06,139.97,3.42,43.55,71.97,2952.0,0,No Failure,199.3,85.6
L,120.06,630.85,152.59,7.01,34.89,51.06,3193.0,0,No Failure,152.2,68.9
L,131.61,575.51,150.97,5.03,34.38,41.17,2868.0,0,No Failure,120.0,57.5
H,136.19,730.66,166.91,2.78,40.12,65.5,2953.0,0,No Failure,174.5,76.8
M,124.57,629.5,142.16,1.88,36.14,68.57,3018.0,0,No Failure,179.1,78.4
L,115.67,666.31,172.78,6.04,45.31,58.09,2773.0,0,No Failure,135.6,63.0
L,161.81,593.07,103.69,2.45,41.58,56.97,2974.0,0,No Failure,139.8,64.5
M,119.63,626.11,138.98,5.45,35.23,63.57,2928.0,0,No Failure,189.5,82.1
M,95.99,542.13,180.83,4.82,48.46,79.79,3049.0,0,No Failure,103.9,51.8
L,109.69,636.01,142.32,3.38,39.85,73.51,3193.0,0,No Failure,204.3,87.3
H,142.34,600.56,131.68,3.36,36.33,63.82,2945.0,0,No Failure,180.9,79.1
H,122.54,574.85,129.51,3.27,48.7,64.4,2763.0,0,No Failure,152.8,69.1
L,135.47,637.42,167.61,3.64,38.68,57.57,2945.0,0,No Failure,188.4,81.7
H,122.49,610.64,182.72,1.84,43.18,68.91,3040.0,0,No Failure,158.5,71.1
L,128.51,668.23,156.73,3.27,43.55,56.19,2964.0,0,No Failure,194.8,84.0
L,139.58,646.62,176.48,0.6,50.19,62.96,3080.0,0,No Failure,126.1,59.6
L,104.45,538.15,175.98,2.8,54.57,34.533,2890.0,0,No Failure,133.0,62.1
H,127.11,592.42,178.57,4.99,39.79,72.5,2940.0,0,No Failure,161.5,72.2
L,113.98,567.52,166.15,2.85,47.28,72.24,2883.0,0,No Failure,163.6,72.9
L,156.02,693.45,165.65,0.6,38.33,64.19,2953.0,0,No Failure,143.2,65.7
L,98.98,611.54,164.17,6.53,48.75,69.29,2932.0,0,No Failure,151.2,68.6
M,99.05,711.47,148.78,3.08,36.35,55.92,3061.0,0,No Failure,155.8,70.2
M,125.11,657.85,122.19,2.59,52.55,67.96,2976.0,0,No Failure,171.4,75.7
L,139.01,636.5,141.33,2.41,42.36,56.33,2936.0,0,No Failure,192.4,83.1
H,108.51,696.05,63.267,2.49,49.73,59.84,2919.0,0,No Failure,162.4,72.5
L,159.82,703.59,183.79,4.56,40.52,71.14,2945.0,0,No Failure,138.3,64.0
M,106.93,567.58,141.16,3.83,47.39,75.73,2954.0,0,No Failure,177.4,77.8
H,124.58,636.36,167.26,3.43,36.27,58.3,2909.0,0,No Failure,187.4,81.4
L,114.14,668.49,151.24,4.87,41.02,65.71,3054.0,0,No Failure,187.0,81.2
L,115.05,528.89,117.15,1.47,44.97,77.0,2940.0,1,Mechanical Seal Dry-Run,6.7,21.7
M,125.0,568.01,155.85,6.09,52.03,94.0,2892.0,0,No Failure,147.8,67.3
L,113.93,637.43,114.82,3.9,42.09,68.13,2880.0,0,No Failure,193.0,83.4
M,123.85,599.28,108.23,2.72,39.9,63.38,3028.0,0,No Failure,171.6,75.8
L,142.39,637.46,175.3,3.73,36.83,65.54,2990.0,0,No Failure,174.5,76.8
H,105.17,608.09,117.84,3.85,42.78,75.3,2979.0,0,No Failure,176.5,77.5
L,129.29,627.51,107.87,4.94,28.96,60.54,3002.0,0,No Failure,143.5,65.8
M,96.95,634.77,151.38,4.22,34.14,64.79,2928.0,0,No Failure,190.4,82.4
L,116.9,725.67,197.01,5.82,39.26,81.34,2875.0,0,No Failure,110.5,54.1
M,89.47,701.7,114.74,2.39,42.12,73.41,2952.0,0,No Failure,160.1,71.7
M,90.77,613.7,124.27,3.39,38.59,68.73,3039.0,0,No Failure,168.0,74.5
M,138.76,596.48,151.71,3.26,36.01,64.67,3101.0,0,No Failure,159.8,71.6
M,117.39,656.81,133.29,3.27,41.28,51.1,2904.0,0,No Failure,192.7,83.3
M,95.77,553.19,139.93,0.65,38.76,61.05,2795.0,0,No Failure,129.1,60.7
M,123.03,728.99,166.59,2.06,36.63,70.66,3014.0,0,No Failure,149.1,67.8
M,94.03,629.47,107.27,4.29,36.36,62.45,3036.0,0,No Failure,156.6,70.5
L,116.75,688.55,144.64,4.66,35.49,64.02,2890.0,0,No Failure,187.5,81.4
M,129.08,717.3,135.59,3.33,46.01,94.0,2909.0,0,No Failure,176.9,77.7
L,101.81,573.95,148.36,4.71,32.11,56.26,2931.0,0,No Failure,160.8,71.9
H,123.72,645.91,123.39,1.46,40.75,65.09,2911.0,0,No Failure,186.8,81.2
M,123.46,649.07,139.28,3.07,47.91,81.05,2874.0,0,No Failure,167.5,74.3
L,101.01,429.313,172.71,2.33,31.44,67.73,2969.0,0,No Failure,161.6,72.2
M,119.12,650.18,122.08,4.45,40.34,65.76,2984.0,0,No Failure,196.1,84.4
M,146.64,584.55,137.32,1.84,39.36,66.48,3000.0,0,No Failure,161.8,72.3
L,101.14,677.62,126.7,6.81,31.54,57.47,2873.0,0,No Failure,126.0,59.6
L,85.51,670.35,103.91,2.34,33.79,94.0,2761.0,0,No Failure,112.8,55.0
L,124.34,701.8,135.37,2.98,37.97,52.8,2861.0,0,No Failure,161.3,72.1
M,114.13,654.27,135.22,3.51,36.3,61.38,2857.0,0,No Failure,192.5,83.2
L,117.71,626.57,127.57,3.11,39.45,54.75,2920.0,0,No Failure,193.7,83.6
M,147.86,687.98,152.73,3.33,39.32,74.35,2935.0,0,No Failure,171.4,75.7
L,106.58,599.48,119.31,4.74,44.18,72.42,2950.0,0,No Failure,175.6,77.2
L,132.25,586.44,149.75,2.96,39.59,66.35,3003.0,0,No Failure,185.9,80.9
L,110.13,602.75,113.44,5.46,50.38,65.91,2868.0,0,No Failure,148.9,67.7
M,107.69,679.13,161.67,2.18,41.93,56.82,2936.0,0,No Failure,187.1,81.3
M,83.99,755.57,144.54,4.68,38.53,56.47,2898.0,0,No Failure,144.0,66.0
H,133.65,625.01,133.88,5.33,40.0,64.06,2808.0,0,No Failure,161.8,72.3
L,91.21,633.97,124.71,2.4,42.35,68.65,2964.0,0,No Failure,186.5,81.1
H,120.08,644.55,143.85,3.36,49.03,62.91,2950.0,0,No Failure,217.3,92.0
H,100.25,621.07,134.2,0.84,36.44,73.71,2944.0,0,No Failure,163.1,72.8
M,118.56,633.61,136.67,0.86,36.47,66.7,2957.0,0,No Failure,187.9,81.6
L,115.55,653.74,166.81,8.494,45.86,50.98,2975.0,0,No Failure,182.6,79.7
L,97.8,581.45,170.78,4.64,36.77,71.99,2997.0,0,No Failure,149.8,68.0
L,111.2,599.01,118.28,3.32,39.09,70.37,3193.0,0,No Failure,187.9,81.6
M,90.71,622.6,98.12,2.8,42.29,83.48,2935.0,1,Mechanical Seal Dry-Run,2.5,21.6
L,122.68,622.48,174.07,5.69,40.0,74.57,2866.0,0,No Failure,149.6,68.0
H,137.62,618.1,157.81,2.47,34.14,74.46,2965.0,0,No Failure,162.9,72.7
M,49.634,572.62,164.67,3.56,45.71,59.84,2969.0,0,No Failure,185.2,80.6
L,58.45,642.68,151.88,3.62,40.34,63.51,2967.0,0,No Failure,183.7,80.1
M,139.28,669.25,125.53,5.32,43.05,51.24,2911.0,0,No Failure,151.5,68.7
M,105.51,647.15,172.5,1.53,52.49,51.72,2987.0,0,No Failure,145.0,66.4
M,123.48,645.5,114.71,1.87,49.25,71.42,2943.0,0,No Failure,169.1,74.9
H,92.04,587.6,131.73,4.11,45.46,78.6,2966.0,0,No Failure,159.1,71.3
L,133.24,580.23,141.81,1.05,39.21,69.82,3018.0,0,No Failure,156.1,70.3
L,138.45,585.28,145.84,2.4,39.16,63.32,2894.0,0,No Failure,179.2,78.5
M,116.64,560.33,168.31,4.72,51.7,51.29,2957.0,0,No Failure,148.2,67.5
M,97.06,575.98,106.42,3.14,45.23,60.23,2978.0,0,No Failure,164.8,73.4
H,133.7,611.98,133.28,2.65,51.23,63.88,2842.0,0,No Failure,161.7,72.3
L,117.53,737.11,113.48,2.63,55.36,72.16,2977.0,1,Discharge Blockage Overload,2.3,19.2
L,104.76,564.93,129.26,0.6,42.06,61.68,2922.0,0,No Failure,166.2,73.9
M,130.17,590.77,162.97,4.26,42.4,49.36,3193.0,0,No Failure,154.8,69.8
L,129.4,718.99,128.86,5.42,45.88,70.71,2965.0,0,No Failure,156.9,70.6
L,114.28,631.44,160.26,1.32,45.03,55.7,3033.0,0,No Failure,169.6,75.1
L,142.77,581.47,151.24,2.03,43.04,58.27,2978.0,0,No Failure,169.4,75.0
L,98.22,663.9,152.0,4.44,43.87,67.28,2973.0,0,No Failure,192.4,83.2
L,117.32,608.21,143.28,2.75,34.33,56.3,2919.0,0,No Failure,187.2,81.3
L,100.07,563.37,148.47,4.69,39.07,68.47,3059.0,0,No Failure,158.1,71.0
L,114.35,685.91,145.33,2.94,48.22,55.17,3020.0,0,No Failure,180.7,79.0
M,94.88,648.32,129.79,4.47,41.73,60.56,3044.0,0,No Failure,176.4,77.5
M,131.07,562.43,195.35,3.97,40.48,57.5,2909.0,0,No Failure,148.9,67.7
H,103.09,623.23,156.8,3.14,29.48,65.6,2872.0,0,No Failure,171.3,75.7
M,92.88,670.0,120.44,6.21,39.69,94.0,3026.0,0,No Failure,127.9,60.3
L,111.21,680.1,167.72,0.6,52.01,67.26,2941.0,0,No Failure,157.1,70.7
L,78.6,749.69,124.86,5.96,41.08,63.64,2980.0,1,Impeller Cavitation,3.6,19.0
H,141.11,617.75,133.52,6.95,45.39,62.73,2868.0,0,No Failure,146.0,66.7
M,136.97,628.58,154.71,0.6,46.11,60.55,2921.0,0,No Failure,166.4,73.9
L,106.39,626.9,146.83,1.97,48.06,70.25,3081.0,0,No Failure,164.2,73.2
H,143.95,631.41,175.58,2.6,51.54,54.76,2978.0,0,No Failure,147.6,67.3
M,118.65,782.7,148.0,1.75,38.49,64.08,2976.0,0,No Failure,170.5,75.4
L,92.47,664.33,166.26,5.2,44.29,64.6,2920.0,0,No Failure,173.7,76.5
L,68.47,554.1,123.65,4.54,47.58,61.42,2988.0,0,No Failure,134.5,62.6
M,90.17,689.72,161.69,3.89,47.8,67.39,2886.0,0,No Failure,162.0,72.4
L,111.96,647.26,153.61,2.44,46.93,56.23,3039.0,0,No Failure,179.0,78.4
L,139.29,628.21,162.53,2.98,49.15,70.94,2971.0,0,No Failure,172.3,76.0
L,137.79,665.96,137.76,5.07,42.35,55.41,3070.0,0,No Failure,154.9,69.9
L,135.25,577.76,161.49,2.99,40.05,48.55,3021.0,0,No Failure,149.8,68.0
L,89.34,599.04,63.267,1.73,42.88,73.95,2952.0,0,No Failure,167.1,74.2
L,112.66,735.37,143.86,2.22,37.04,65.99,2964.0,0,No Failure,185.5,80.7
M,107.22,728.33,166.96,4.88,38.26,56.11,2946.0,0,No Failure,161.8,72.3
H,139.82,695.42,144.63,3.33,34.13,55.11,2958.0,0,No Failure,173.3,76.4
M,109.57,673.94,120.68,2.46,29.06,60.87,2888.0,0,No Failure,157.4,70.7
L,103.68,547.68,132.39,2.64,62.7,67.91,2856.0,0,No Failure,125.5,59.5
L,112.87,581.04,146.89,4.73,56.64,67.97,2934.0,0,No Failure,168.4,74.7
H,118.73,705.22,163.86,3.8,37.54,67.23,3042.0,0,No Failure,170.9,75.5
M,138.16,551.96,200.42,4.28,48.99,59.38,2946.0,0,No Failure,105.9,52.5
M,98.03,676.61,139.82,4.44,30.48,55.18,2956.0,0,No Failure,164.2,73.1
M,95.0,658.05,138.65,5.12,18.688,70.31,2915.0,0,No Failure,175.9,77.3
L,164.85,662.76,148.1,3.61,40.66,58.11,2918.0,0,No Failure,172.9,76.2
M,121.95,530.99,128.72,4.55,41.1,64.89,2913.0,0,No Failure,174.9,76.9
L,130.9,682.05,163.99,4.63,45.03,76.61,2753.0,0,No Failure,124.9,59.2
M,110.0,616.33,125.31,3.07,56.38,67.14,3066.0,0,No Failure,154.8,69.8
L,138.85,664.3,63.267,3.01,39.03,61.31,2988.0,0,No Failure,187.5,81.4
M,125.88,628.84,121.53,3.25,39.32,68.08,2880.0,0,No Failure,185.6,80.7
H,92.3,715.11,142.57,5.53,44.4,50.11,2885.0,0,No Failure,139.6,64.4
M,129.31,663.42,119.65,3.28,43.59,63.84,2944.0,0,No Failure,201.4,86.3
L,121.66,529.14,119.8,-1.671,38.43,77.77,2889.0,1,Mechanical Seal Dry-Run,10.7,17.9
H,112.71,650.3,128.14,4.17,37.63,54.6,2953.0,0,No Failure,192.0,83.0
H,128.38,688.77,162.37,5.61,42.55,58.29,2990.0,0,No Failure,166.0,73.8
L,119.98,485.94,158.83,3.56,40.32,73.02,2894.0,0,No Failure,157.1,70.6
M,118.1,633.08,154.22,3.69,53.37,44.22,2898.0,0,No Failure,159.3,71.4
H,115.61,608.32,149.2,3.28,25.01,87.57,3047.0,0,No Failure,132.1,61.8
M,124.01,652.88,133.19,3.94,46.88,68.82,3024.0,0,No Failure,183.2,79.9
M,99.92,644.06,165.3,4.74,50.43,68.83,2957.0,0,No Failure,174.5,76.8
M,129.33,736.38,109.45,2.76,49.93,72.67,2949.0,0,No Failure,145.2,66.4
L,109.37,579.8,157.45,2.6,40.95,53.1,2964.0,0,No Failure,181.6,79.3
L,133.99,596.93,145.47,2.58,36.78,64.19,2986.0,0,No Failure,166.9,74.1
L,130.41,655.67,122.14,4.32,45.13,73.81,2952.0,0,No Failure,177.8,78.0
L,96.51,716.34,190.66,2.37,46.33,70.03,2942.0,0,No Failure,147.5,67.2
L,121.79,568.67,181.24,2.16,40.66,59.03,2933.0,0,No Failure,167.6,74.4
L,122.16,689.39,144.685,2.8,56.86,60.74,2843.0,0,No Failure,139.6,64.4
H,111.42,642.96,167.88,3.35,28.2,72.97,2952.0,0,No Failure,171.4,75.7
L,108.78,574.47,134.03,4.4,44.25,55.06,2944.0,0,No Failure,181.3,79.2
H,120.34,641.08,157.32,2.77,43.34,64.58,3041.0,0,No Failure,198.9,85.4
L,120.38,652.5,226.023,4.26,53.75,71.26,3047.0,0,No Failure,165.1,73.5
M,121.08,655.05,183.09,4.85,32.12,84.66,2924.0,0,No Failure,132.7,62.0
M,99.63,657.01,179.09,4.12,40.37,58.86,2963.0,0,No Failure,180.9,79.1
L,74.22,620.02,142.83,4.68,42.55,65.59,2912.0,0,No Failure,178.1,78.1
L,120.28,638.63,169.38,2.73,43.33,55.86,2896.0,0,No Failure,186.1,80.9
H,130.67,626.89,138.99,3.53,40.57,67.03,2959.0,0,No Failure,209.7,89.3
M,126.74,703.08,130.12,3.79,38.55,63.84,2951.0,0,No Failure,194.4,83.9
L,110.12,638.61,141.76,3.99,32.93,48.18,2920.0,0,No Failure,176.1,77.4
M,145.53,639.88,160.91,1.59,44.11,61.21,2925.0,0,No Failure,174.7,76.9
H,103.61,551.03,143.37,3.15,37.14,68.56,2970.0,0,No Failure,183.5,80.0
L,114.83,629.97,132.2,4.08,45.91,78.6,2929.0,0,No Failure,185.7,80.8
L,102.15,594.64,155.4,4.13,29.16,55.91,2930.0,0,No Failure,160.3,71.8
L,99.43,688.36,146.39,2.7,46.47,57.9,2936.0,0,No Failure,185.8,80.8
L,81.29,621.16,131.06,1.67,47.3,68.72,2839.0,0,No Failure,141.5,65.1
H,99.01,695.63,147.4,3.14,45.75,46.42,3027.0,0,No Failure,156.3,70.4
L,129.87,652.51,112.76,3.09,42.65,54.87,2978.0,0,No Failure,179.9,78.7
M,111.22,598.36,158.28,3.1,42.7,63.77,2937.0,0,No Failure,210.8,89.7
L,104.84,729.29,144.86,1.95,27.88,60.56,2921.0,0,No Failure,154.0,69.5
L,113.86,626.17,159.43,5.88,29.15,76.48,2899.0,0,No Failure,143.6,65.9
L,112.71,678.87,124.32,3.83,41.12,82.92,2892.0,0,No Failure,165.8,73.7
M,123.34,719.94,103.85,3.5,45.41,66.12,2968.0,0,No Failure,172.5,76.1
M,101.27,700.29,176.85,1.05,40.06,61.69,3047.0,0,No Failure,143.2,65.7
H,132.55,597.22,134.9,3.56,47.51,68.31,2909.0,0,No Failure,180.5,78.9
L,116.57,780.27,120.52,2.42,42.93,63.69,2868.0,0,No Failure,159.3,71.4
L,114.73,597.27,131.55,5.89,36.69,72.44,2942.0,0,No Failure,169.3,75.0
L,133.7,670.33,190.12,0.91,43.85,65.75,2988.0,0,No Failure,150.8,68.4
M,141.76,704.92,145.3,5.93,33.24,60.74,2842.0,0,No Failure,131.7,61.6
M,118.58,649.37,147.77,3.69,53.14,94.0,3044.0,0,No Failure,175.6,77.2
L,108.14,678.49,136.9,0.85,43.9,61.39,2995.0,0,No Failure,177.4,77.8
L,105.2,614.23,128.88,3.13,32.95,69.13,3076.0,0,No Failure,159.1,71.3
L,137.0,792.65,126.1,4.68,48.24,60.24,2986.0,0,No Failure,133.9,62.4
L,138.59,697.25,126.01,2.29,45.81,76.13,2975.0,0,No Failure,151.6,68.7
L,123.21,639.45,147.66,4.22,38.97,60.22,3029.0,0,No Failure,194.6,83.9
L,125.02,710.64,152.81,1.45,34.32,61.55,3003.0,0,No Failure,159.2,71.4
H,123.99,703.69,166.26,3.57,44.29,75.36,3061.0,0,No Failure,155.1,69.9
M,116.93,525.42,163.5,2.81,41.71,52.29,3004.0,0,No Failure,161.0,72.0
L,116.2,657.15,164.56,3.58,40.92,72.55,2970.0,0,No Failure,200.2,85.9
M,118.94,747.74,118.62,1.47,44.35,53.3,3047.0,0,No Failure,131.5,61.6
H,110.23,579.69,140.76,1.81,38.34,75.27,2907.0,0,No Failure,167.4,74.3
M,130.41,623.94,138.77,3.43,45.94,50.65,2906.0,0,No Failure,180.1,78.8
L,107.55,586.88,127.19,2.45,36.16,64.19,2934.0,0,No Failure,170.2,75.3
H,115.01,673.67,155.87,3.05,54.11,61.8,2955.0,0,No Failure,191.1,82.7
H,121.43,686.34,121.53,3.65,18.688,67.0,2993.0,0,No Failure,191.1,82.7
L,134.21,674.0,116.89,2.21,35.75,52.94,3026.0,0,No Failure,139.9,64.6
L,114.82,538.69,165.96,0.6,36.66,77.31,3193.0,0,No Failure,120.4,57.6
L,96.7,689.84,117.43,2.82,44.27,64.33,2911.0,0,No Failure,177.2,77.7
L,116.86,654.43,123.98,2.99,45.32,61.54,2812.0,0,No Failure,177.7,77.9
H,92.5,675.36,106.83,4.02,34.28,68.77,2958.0,0,No Failure,158.3,71.1
H,117.3,617.14,129.07,5.22,40.77,62.64,3017.0,0,No Failure,185.7,80.8
L,107.25,694.22,128.78,3.17,41.62,58.55,2968.0,0,No Failure,194.5,83.9
H,105.43,692.82,143.98,4.67,46.16,55.28,2994.0,0,No Failure,173.7,76.5
L,127.01,637.67,161.91,4.32,50.23,57.23,2965.0,0,No Failure,178.9,78.4
M,118.34,636.35,184.4,4.03,42.57,65.34,2920.0,0,No Failure,196.1,84.5
L,116.7,641.84,63.267,4.2,43.82,63.19,2983.0,0,No Failure,216.3,91.6
M,110.77,618.24,164.61,5.89,51.03,61.67,2975.0,0,No Failure,166.5,74.0
M,131.49,666.61,153.17,2.32,32.27,56.69,2938.0,0,No Failure,169.8,75.1
H,109.65,544.8,143.89,0.92,55.71,69.62,3011.0,0,No Failure,136.1,63.2
H,92.53,641.825,141.23,2.39,31.45,62.76,2952.0,0,No Failure,179.2,78.5
L,115.92,728.79,125.96,3.16,39.76,70.4,2942.0,0,No Failure,185.8,80.8
H,131.44,602.25,164.82,3.6,39.07,60.02,2982.0,0,No Failure,184.2,80.3
M,114.65,619.92,165.15,2.26,43.13,60.97,2895.0,0,No Failure,191.9,83.0
M,131.98,740.61,85.69,5.94,36.9,54.45,2850.0,0,No Failure,92.2,47.6
M,57.58,648.43,142.9,2.42,50.19,56.78,2953.0,0,No Failure,155.9,70.2
L,123.52,637.27,142.12,3.21,47.53,60.55,2999.0,0,No Failure,201.5,86.4
H,108.35,849.554,140.2,3.53,46.78,66.69,2910.0,0,No Failure,191.1,82.7
M,84.01,582.06,153.9,2.36,41.83,61.75,3074.0,0,No Failure,155.8,70.2
M,123.67,685.2,158.98,5.45,42.83,60.2,3014.0,0,No Failure,171.7,75.8
M,125.5,665.82,169.7,3.1,49.82,73.24,2942.0,0,No Failure,173.7,76.5
M,101.94,658.82,154.04,1.0,35.78,69.2,2877.0,0,No Failure,158.9,71.3
L,93.2,682.14,174.24,1.09,32.63,63.11,2858.0,0,No Failure,131.4,61.5
H,107.65,621.88,144.81,4.26,41.19,72.65,2983.0,0,No Failure,198.1,85.2
L,106.89,622.92,144.685,2.17,46.31,66.97,2951.0,0,No Failure,193.8,83.6
L,89.45,695.94,165.39,3.67,52.17,78.37,2933.0,0,No Failure,142.1,65.3
H,49.634,560.08,119.21,2.3,44.12,62.46,3104.0,0,No Failure,145.7,66.6
L,104.65,565.77,162.55,2.96,43.4,88.61,2892.0,0,No Failure,142.1,65.3
L,111.64,726.77,185.46,2.48,41.0,48.74,2990.0,0,No Failure,145.5,66.5
L,114.82,679.18,151.18,3.15,41.75,66.54,2911.0,0,No Failure,204.2,87.3
L,134.82,637.92,114.58,1.96,46.74,55.53,3007.0,0,No Failure,152.3,68.9
L,103.26,579.13,147.7,2.67,46.81,58.09,2971.0,0,No Failure,182.6,79.7
L,116.5,611.61,164.06,2.99,35.8,73.13,2928.0,0,No Failure,182.9,79.8
M,125.12,699.3,175.5,3.13,45.3,69.35,2899.0,0,No Failure,169.2,74.9
L,99.4,429.313,125.2,2.02,34.23,56.36,2948.0,0,No Failure,156.8,70.5
L,107.24,566.62,164.09,4.38,35.57,61.43,3028.0,0,No Failure,159.9,71.6
M,114.43,671.01,158.05,4.16,48.8,71.72,2825.0,0,No Failure,162.6,72.6
M,103.81,628.95,178.67,6.07,41.74,69.46,3029.0,0,No Failure,155.3,70.0
L,119.38,590.73,126.31,3.44,39.24,73.36,2948.0,0,No Failure,190.4,82.4
H,97.91,611.77,115.55,2.96,45.52,80.3,2893.0,1,Mechanical Seal Dry-Run,5.1,23.3
L,128.22,657.48,167.15,3.18,42.46,68.15,2923.0,0,No Failure,196.0,84.4
H,94.5,620.31,136.33,0.6,50.12,71.87,2900.0,0,No Failure,145.9,66.7
L,116.63,786.89,154.72,4.97,51.61,67.49,3011.0,1,Discharge Blockage Overload,8.4,20.2
M,118.62,574.11,106.83,5.13,46.29,62.79,2965.0,0,No Failure,165.8,73.7
L,146.17,739.21,118.34,0.61,48.47,61.02,3083.0,0,No Failure,100.8,50.7
L,119.79,579.43,122.56,4.5,41.68,57.1,2819.0,0,No Failure,156.7,70.5
M,106.51,548.58,141.44,3.23,39.47,64.66,2953.0,0,No Failure,199.9,85.8
M,103.01,622.58,164.57,4.25,45.02,63.65,2926.0,0,No Failure,194.0,83.7
L,99.69,628.83,159.98,4.85,46.61,60.81,3045.0,0,No Failure,167.0,74.1
L,118.26,690.19,144.685,1.14,51.82,56.63,2841.0,0,No Failure,137.1,63.5
M,127.66,567.24,124.72,1.63,39.2,76.17,2913.0,0,No Failure,148.1,67.5
L,120.45,703.95,140.11,0.6,44.45,61.11,3030.0,0,No Failure,162.5,72.6
M,132.26,644.73,112.76,3.43,55.5,75.02,2931.0,0,No Failure,143.0,65.6
L,139.52,591.79,109.04,4.55,41.925,73.08,2972.0,0,No Failure,137.9,63.8
M,103.12,750.47,123.74,4.26,45.4,61.9,3030.0,0,No Failure,154.0,69.6
M,111.64,718.09,134.13,3.47,38.62,64.76,2910.0,0,No Failure,193.6,83.6
L,126.65,571.46,170.14,2.91,43.99,58.21,2905.0,0,No Failure,170.3,75.3
L,117.38,543.76,153.45,4.65,43.67,55.58,2892.0,0,No Failure,166.9,74.1
H,86.6,648.34,145.78,1.75,45.04,75.34,2883.0,0,No Failure,160.1,71.7
M,126.37,629.11,122.1,1.79,37.16,94.0,2913.0,0,No Failure,168.1,74.5
L,101.6,532.87,146.39,3.19,65.304,67.38,2970.0,0,No Failure,187.7,81.5
L,113.36,597.15,129.82,4.0,52.24,78.06,2959.0,0,No Failure,165.8,73.7
L,115.76,631.21,163.17,1.57,44.89,77.75,2936.0,0,No Failure,175.9,77.3
L,119.39,655.51,139.42,4.0,59.57,66.28,2707.0,0,No Failure,180.6,79.0
H,114.93,631.01,97.46,2.5,40.76,74.68,2923.0,0,No Failure,173.0,76.3
L,149.05,670.28,153.42,2.54,41.76,57.67,3090.0,0,No Failure,152.3,68.9
L,133.67,664.74,125.59,2.48,38.66,76.11,2839.0,0,No Failure,147.9,67.4
L,141.24,753.45,102.55,6.54,50.91,75.95,2906.0,1,Discharge Blockage Overload,7.2,0.6
L,118.65,705.65,144.37,1.76,38.09,63.55,2904.0,0,No Failure,185.6,80.7
M,120.15,662.73,109.65,3.85,38.91,70.44,2899.0,0,No Failure,175.9,77.3
M,132.79,565.47,159.29,3.48,47.43,69.24,3024.0,0,No Failure,162.2,72.5
L,92.31,462.5,178.11,5.49,41.26,58.27,2899.0,0,No Failure,118.6,57.0
M,107.63,693.68,97.69,0.69,41.67,68.8,2946.0,0,No Failure,155.4,70.0
M,118.49,588.84,136.95,4.18,44.9,68.79,2936.0,0,No Failure,194.9,84.0
L,135.13,637.92,182.76,3.51,29.47,68.98,2860.0,0,No Failure,142.4,65.4
L,127.0,769.23,153.87,3.09,50.66,76.21,2742.0,1,Discharge Blockage Overload,5.0,9.0
H,84.43,623.45,176.06,1.99,46.4,49.05,2918.0,0,No Failure,138.3,64.0
H,65.67,695.55,165.41,4.5,41.93,69.12,2941.0,0,No Failure,147.2,67.1
L,116.29,735.2,161.84,8.494,41.17,56.83,2984.0,0,No Failure,183.4,80.0
H,129.05,623.9,94.05,2.24,30.29,58.66,2954.0,0,No Failure,147.6,67.3
L,119.46,591.3,166.56,4.73,36.55,69.0,3008.0,0,No Failure,166.0,73.8
L,49.634,429.313,136.07,2.91,39.56,71.33,2833.0,0,No Failure,175.4,77.1
L,117.34,584.26,154.0,2.96,37.34,70.15,2881.0,0,No Failure,179.7,78.6
L,104.88,593.62,102.44,4.9,43.71,68.4,3081.0,0,No Failure,141.0,64.9
M,107.32,637.25,121.95,2.79,40.7,63.83,2900.0,0,No Failure,199.5,85.7
L,103.63,644.82,154.86,4.3,37.02,63.62,2940.0,0,No Failure,201.8,86.5
M,132.47,597.08,158.87,4.4,40.21,64.14,2906.0,0,No Failure,184.4,80.3
L,147.34,686.9,125.25,2.82,42.51,59.96,2940.0,0,No Failure,175.7,77.2
L,119.96,676.15,122.44,3.07,46.33,67.65,2854.0,0,No Failure,174.5,76.8
M,49.634,703.87,125.71,4.01,41.67,65.24,2892.0,0,No Failure,169.1,74.9
L,112.16,523.5,149.79,1.72,46.86,74.05,2935.0,0,No Failure,159.1,71.3
H,111.22,731.92,120.85,2.87,39.08,55.87,2923.0,0,No Failure,168.4,74.6
L,135.92,675.91,152.36,4.23,43.0,76.19,3034.0,0,No Failure,162.2,72.5
L,131.71,588.34,171.98,1.62,33.63,71.98,3039.0,0,No Failure,130.2,61.1
M,113.83,693.67,146.56,4.94,35.73,34.533,2914.0,0,No Failure,172.4,76.1
L,106.32,679.69,150.01,8.494,38.06,69.01,2991.0,0,No Failure,189.0,81.9
L,106.13,708.83,128.35,3.36,36.65,66.29,3193.0,0,No Failure,174.6,76.8
L,136.95,785.65,191.63,2.38,49.88,59.09,3007.0,0,No Failure,111.1,54.3
L,100.97,629.96,152.79,4.98,32.46,52.69,2963.0,0,No Failure,164.7,73.3
L,106.05,560.99,127.01,2.23,40.73,58.45,2975.0,0,No Failure,173.5,76.5
M,131.62,737.83,150.78,5.16,43.68,67.5,2987.0,0,No Failure,164.8,73.4
H,49.634,694.74,149.47,2.45,41.93,59.59,2937.0,0,No Failure,199.6,85.7
L,124.33,659.74,144.685,2.47,45.9,76.17,2945.0,1,Mechanical Seal Dry-Run,4.7,29.8
H,121.48,634.95,152.28,3.11,45.52,62.77,2941.0,0,No Failure,215.0,91.1
M,129.09,647.39,153.3,4.09,39.39,68.33,2906.0,0,No Failure,193.4,83.5
M,104.81,539.07,139.02,4.84,37.28,64.44,2979.0,0,No Failure,172.3,76.0
M,134.63,778.0,165.16,3.34,51.4,68.1,3009.0,1,Discharge Blockage Overload,10.1,19.0
L,131.43,626.57,169.58,5.97,40.71,64.7,3012.0,0,No Failure,166.6,74.0
H,117.31,663.35,145.7,3.74,51.15,49.92,2897.0,0,No Failure,174.7,76.9
L,114.82,691.58,127.8,2.34,46.48,64.93,3106.0,0,No Failure,155.9,70.2
H,77.56,624.06,126.1,4.55,65.304,68.09,2938.0,0,No Failure,133.9,62.4
L,153.08,693.5,158.17,4.4,35.31,56.29,2923.0,0,No Failure,147.0,67.1
L,129.04,673.24,139.63,1.04,45.8,62.86,2734.0,0,No Failure,143.5,65.8
M,113.72,642.21,129.64,5.17,31.35,66.75,3053.0,0,No Failure,162.7,72.6
M,120.45,667.01,166.41,3.94,49.02,78.56,2912.0,0,No Failure,163.4,72.9
M,120.0,652.35,170.04,5.06,51.97,70.85,2836.0,0,No Failure,144.8,66.3
H,107.45,584.65,136.86,5.31,51.85,71.36,2881.0,0,No Failure,149.0,67.8
H,90.98,638.37,148.59,3.2,46.02,54.62,3058.0,0,No Failure,170.3,75.3
M,180.328,573.87,137.58,2.62,45.47,62.55,2902.0,0,No Failure,180.1,78.8
H,74.65,681.23,170.0,5.82,43.14,44.94,2961.0,1,Impeller Cavitation,1.9,13.6
L,93.52,651.99,145.63,4.48,31.9,56.27,2923.0,0,No Failure,169.8,75.1
H,93.41,607.77,180.52,5.65,46.56,75.27,2991.0,0,No Failure,134.1,62.5
H,139.72,638.84,144.44,4.16,40.31,75.49,3078.0,0,No Failure,163.3,72.8
H,107.22,632.14,143.53,4.31,39.36,58.65,3014.0,0,No Failure,194.3,83.8
M,117.19,730.09,139.0,3.86,39.28,73.39,2928.0,0,No Failure,181.6,79.3
L,132.41,557.07,112.31,3.94,41.21,55.88,2775.0,0,No Failure,128.2,60.4
L,115.75,582.71,142.19,2.45,33.4,74.68,3009.0,0,No Failure,165.6,73.7
M,89.74,674.97,188.14,1.8,44.55,72.11,2940.0,0,No Failure,148.5,67.6
L,133.61,606.94,129.49,3.52,51.13,72.49,2799.0,0,No Failure,141.3,65.0
H,88.88,583.45,152.04,2.92,34.79,63.28,3001.0,0,No Failure,169.7,75.1
M,118.35,597.12,191.59,4.8,43.98,63.45,2977.0,0,No Failure,173.3,76.4
L,106.23,842.94,171.54,3.66,37.52,61.96,3020.0,0,No Failure,173.0,76.3
L,122.0,575.37,148.64,3.9,36.66,66.02,2707.0,0,No Failure,195.8,84.4
M,143.17,627.35,139.23,1.06,42.44,60.95,2937.0,0,No Failure,173.6,76.5
L,103.05,670.59,134.51,3.06,41.7,59.64,2947.0,0,No Failure,204.8,87.5
L,114.82,618.54,138.76,4.99,18.688,62.08,3013.0,0,No Failure,181.3,79.2
L,99.1,661.17,147.61,2.95,48.39,59.24,2894.0,0,No Failure,183.3,79.9
H,103.67,740.49,145.17,1.22,33.66,49.99,2992.0,0,No Failure,135.0,62.8
H,126.1,608.42,124.66,2.05,51.56,76.93,2707.0,0,No Failure,151.4,68.6
L,101.9,697.08,128.43,3.51,45.74,53.59,2832.0,0,No Failure,154.2,69.6
M,123.08,610.39,160.55,3.98,44.6,58.62,2907.0,0,No Failure,187.5,81.4
L,96.41,589.12,160.39,4.85,18.688,69.91,2950.0,0,No Failure,148.1,67.5
L,99.52,612.86,131.29,1.92,48.29,57.54,2931.0,0,No Failure,170.2,75.3
M,111.56,653.26,142.68,4.68,41.21,51.35,3102.0,0,No Failure,154.3,69.7
L,133.28,642.5,226.023,2.94,50.87,65.83,2997.0,0,No Failure,188.1,81.6
L,116.88,607.54,152.03,4.75,51.48,56.61,2909.0,0,No Failure,172.0,75.9
M,99.53,560.29,201.29,1.45,40.39,59.66,3075.0,0,No Failure,117.1,56.5
H,96.1,669.53,156.25,3.67,39.87,60.64,2783.0,0,No Failure,163.3,72.8
L,159.78,666.29,154.86,3.63,36.76,77.55,2947.0,0,No Failure,156.5,70.4
M,144.42,592.31,116.49,6.0,35.78,34.533,2950.0,0,No Failure,148.3,67.5
M,139.85,608.03,159.89,2.96,49.18,75.72,2949.0,0,No Failure,164.6,73.3
L,117.87,658.68,125.29,3.26,47.98,60.25,2982.0,0,No Failure,193.9,83.7
M,110.08,599.85,140.3,4.42,42.46,66.84,2886.0,0,No Failure,194.1,83.7
M,100.34,695.09,112.12,3.21,47.9,63.25,2948.0,0,No Failure,178.6,78.2
L,110.93,661.97,127.13,3.28,33.9,55.48,2881.0,0,No Failure,173.3,76.4
L,95.25,590.93,123.0,2.86,47.57,65.1,2903.0,0,No Failure,170.3,75.3
H,80.56,563.94,161.86,5.96,41.82,53.69,3193.0,1,Impeller Cavitation,2.3,19.3
L,94.61,600.58,148.33,2.65,39.42,68.39,2992.0,0,No Failure,183.7,80.1
L,85.62,568.53,98.33,4.67,57.85,64.9,2935.0,0,No Failure,120.0,57.5
M,102.68,625.15,173.15,5.2,37.04,58.19,3037.0,0,No Failure,153.1,69.2
L,74.89,692.27,117.77,3.34,48.78,66.57,2948.0,0,No Failure,159.9,71.6
H,104.56,665.09,161.54,2.65,40.76,60.91,2907.0,0,No Failure,191.2,82.7
M,124.43,597.17,153.85,1.67,42.93,53.77,3096.0,0,No Failure,149.8,68.0
L,128.43,643.06,128.34,5.76,42.97,63.19,2940.0,0,No Failure,190.0,82.3
M,93.2,572.86,140.13,4.36,34.05,72.0,2870.0,0,No Failure,147.2,67.1
H,104.07,705.78,140.5,3.85,42.16,60.3,2983.0,0,No Failure,194.7,83.9
L,114.82,624.31,152.05,4.33,46.72,68.41,2984.0,0,No Failure,177.7,77.9
L,109.44,703.12,166.63,6.03,41.09,65.71,2950.0,0,No Failure,176.0,77.3
H,145.95,595.88,153.83,4.56,34.97,59.06,3094.0,0,No Failure,135.1,62.8
M,82.69,628.01,137.17,1.38,44.77,68.18,2913.0,0,No Failure,167.1,74.2
H,120.31,697.66,126.15,-1.671,46.33,71.51,2975.0,0,No Failure,181.5,79.3
M,127.93,668.79,169.5,3.43,38.06,62.16,2946.0,0,No Failure,181.1,79.2
M,107.78,639.14,139.46,4.76,35.12,61.54,3025.0,0,No Failure,183.0,79.8
M,153.28,611.11,124.88,1.94,47.67,71.73,2978.0,0,No Failure,146.0,66.7
H,122.74,698.44,209.21,2.87,53.44,47.98,2893.0,0,No Failure,111.3,54.4
L,107.81,608.15,107.06,4.88,36.63,74.11,2970.0,0,No Failure,155.9,70.2
L,131.6,660.29,170.42,5.41,47.66,53.35,2958.0,0,No Failure,155.3,70.0
L,125.44,593.18,143.52,3.71,38.59,70.56,2946.0,0,No Failure,197.3,84.9
L,97.45,683.52,150.11,2.73,32.73,71.81,2993.0,0,No Failure,164.4,73.2
M,154.77,579.59,108.9,3.9,41.48,71.15,2948.0,0,No Failure,153.7,69.4
L,115.68,587.14,122.11,2.37,38.35,68.93,3060.0,0,No Failure,162.7,72.6
L,118.34,638.7,163.84,4.57,41.925,52.27,2981.0,0,No Failure,166.2,73.9
H,124.03,579.32,125.2,3.55,42.81,69.2,2949.0,0,No Failure,193.6,83.6
L,118.39,653.23,141.69,4.0,31.62,75.98,2950.0,0,No Failure,183.5,80.0
M,130.17,636.46,119.06,3.34,45.21,57.56,2899.0,0,No Failure,182.4,79.6
L,119.62,590.85,138.04,4.59,24.52,46.59,3114.0,0,No Failure,107.6,53.1
H,135.27,657.56,137.22,4.89,32.93,52.68,2914.0,0,No Failure,155.0,69.9
L,135.53,680.51,163.53,3.87,44.18,66.42,2919.0,0,No Failure,183.0,79.8
M,104.25,701.82,142.68,4.4,42.92,57.65,2960.0,0,No Failure,190.4,82.4
L,145.39,630.06,152.55,2.47,49.66,57.24,2974.0,0,No Failure,168.0,74.5
M,115.49,590.76,149.62,3.66,62.84,69.77,2707.0,0,No Failure,158.5,71.1
L,64.75,658.48,118.25,2.95,34.54,69.19,2868.0,0,No Failure,134.2,62.5
M,131.58,656.66,120.88,3.79,39.33,74.71,3018.0,0,No Failure,166.4,73.9
M,82.66,643.36,117.08,4.23,40.82,88.87,2887.0,1,Mechanical Seal Dry-Run,3.5,16.8
H,104.83,656.52,156.34,1.73,34.81,67.15,2953.0,0,No Failure,183.5,80.0
L,99.84,647.3,166.81,5.49,39.59,75.2,2977.0,0,No Failure,163.2,72.8
H,97.41,666.74,166.37,5.29,40.96,58.71,2929.0,0,No Failure,172.7,76.2
L,98.07,612.23,141.04,2.16,44.4,94.0,2831.0,0,No Failure,173.1,76.3
L,88.96,539.21,109.93,4.48,50.17,67.37,2931.0,0,No Failure,135.7,63.1
M,108.03,653.64,105.01,3.43,65.304,53.85,2950.0,0,No Failure,168.3,74.6
L,121.34,664.18,95.86,4.15,41.34,71.25,2996.0,0,No Failure,168.0,74.5
M,129.64,624.07,147.4,3.32,42.28,55.41,3006.0,0,No Failure,195.9,84.4
M,90.19,429.313,160.97,2.68,43.95,52.15,2944.0,0,No Failure,157.7,70.9
M,97.94,624.34,137.71,3.33,35.41,77.5,2946.0,0,No Failure,160.3,71.8
M,136.29,618.9,155.58,2.97,40.91,65.47,2707.0,0,No Failure,199.0,85.5
L,113.25,539.51,167.83,5.17,42.63,52.38,2903.0,0,No Failure,151.4,68.6
L,108.57,697.45,131.86,1.89,51.79,69.03,3030.0,0,No Failure,151.8,68.7
M,116.65,728.15,166.13,2.17,54.13,63.21,2966.0,1,Discharge Blockage Overload,6.7,27.2
L,114.82,716.18,149.36,3.36,42.38,68.41,2869.0,0,No Failure,160.3,71.8
L,143.73,694.15,137.01,4.39,33.5,76.78,3001.0,0,No Failure,140.0,64.6
M,130.21,662.74,127.37,4.84,45.62,61.24,3006.0,0,No Failure,173.6,76.5
M,99.76,661.17,154.22,3.85,42.08,64.54,3011.0,0,No Failure,198.9,85.5
L,122.14,611.06,155.13,1.74,40.16,79.4,2938.0,0,No Failure,172.6,76.1
L,100.6,641.92,149.65,0.77,36.96,71.38,2937.0,0,No Failure,174.1,76.7
L,94.97,636.87,141.68,4.92,43.42,58.69,2924.0,0,No Failure,189.7,82.2
H,72.93,617.17,124.45,3.46,45.4,53.34,2946.0,0,No Failure,163.0,72.7
L,108.94,601.74,151.01,3.19,51.11,71.85,2921.0,0,No Failure,181.6,79.3
M,139.94,670.0,144.28,0.6,36.17,70.71,2955.0,0,No Failure,161.0,72.0
M,129.83,625.35,143.94,1.76,45.04,72.35,2893.0,0,No Failure,176.0,77.3
L,98.14,664.43,137.98,4.96,43.68,66.16,2912.0,0,No Failure,186.2,81.0
H,81.21,717.1,76.12,4.56,34.11,53.97,2955.0,0,No Failure,108.1,53.3
M,75.0,582.63,161.34,1.66,48.32,40.0,3064.0,0,No Failure,90.5,47.0
M,136.73,639.68,132.44,2.63,39.58,55.92,2890.0,0,No Failure,176.8,77.6
L,105.39,700.08,182.02,2.77,44.57,59.21,3069.0,0,No Failure,150.0,68.1
L,131.15,623.87,165.75,2.41,36.35,58.39,2865.0,0,No Failure,161.7,72.3
L,106.2,607.55,177.85,4.46,59.4,70.62,2865.0,0,No Failure,128.6,60.6
M,104.19,633.78,144.2,2.44,45.9,78.93,2989.0,0,No Failure,178.9,78.4
L,109.36,659.09,169.88,2.24,44.73,83.83,3039.0,0,No Failure,146.3,66.8
M,118.75,620.66,151.57,3.95,43.78,68.1,3042.0,0,No Failure,192.8,83.3
L,76.14,559.97,123.34,3.0,49.19,76.03,2929.0,0,No Failure,133.4,62.2
L,102.9,687.4,151.87,3.6,47.3,67.87,2916.0,0,No Failure,187.9,81.6
H,138.35,609.04,145.16,5.27,18.688,55.54,2952.0,0,No Failure,155.6,70.1
L,136.77,580.1,149.78,2.87,33.47,81.0,3088.0,0,No Failure,124.6,59.1
M,104.45,580.89,180.86,6.31,43.03,55.33,2973.0,0,No Failure,144.9,66.3
L,124.46,611.36,116.31,1.48,34.37,50.82,2981.0,0,No Failure,144.3,66.1
H,94.9,764.41,117.64,4.56,37.34,63.22,2945.0,0,No Failure,153.0,69.2
M,130.26,695.67,154.03,5.36,41.39,62.06,2877.0,0,No Failure,169.8,75.1
M,143.14,538.34,153.52,2.28,43.55,66.68,2921.0,0,No Failure,163.1,72.8
L,123.01,596.24,159.03,2.05,44.49,67.5,3010.0,0,No Failure,177.1,77.7
H,109.2,680.79,140.27,4.33,35.51,64.83,2948.0,0,No Failure,197.8,85.1
H,100.48,695.86,166.82,5.19,38.67,73.87,2849.0,0,No Failure,139.0,64.2
M,83.42,738.61,158.06,3.96,45.33,63.56,3007.0,0,No Failure,157.9,70.9
M,146.63,677.46,189.96,1.18,46.16,51.11,2939.0,0,No Failure,124.2,59.0
M,132.23,688.13,141.64,1.42,35.81,59.09,2852.0,0,No Failure,151.5,68.6
M,123.41,651.31,161.19,2.74,39.0,71.37,2940.0,0,No Failure,193.5,83.5
M,106.96,662.48,147.09,4.44,42.44,69.49,2994.0,0,No Failure,194.0,83.7
M,104.71,795.72,175.22,2.12,46.74,69.34,2870.0,0,No Failure,126.2,59.7
L,111.67,642.52,109.21,2.74,49.66,74.31,3062.0,0,No Failure,151.0,68.5
H,117.07,662.84,124.49,0.6,39.16,72.82,2949.0,0,No Failure,171.6,75.8
M,141.05,618.81,75.0,4.51,36.94,51.24,2914.0,0,No Failure,123.2,58.6
L,153.23,710.81,147.53,3.4,40.13,69.73,2961.0,0,No Failure,175.8,77.3
M,154.69,698.13,142.68,4.51,49.56,58.78,2887.0,0,No Failure,139.5,64.4
M,88.53,663.08,141.16,2.52,44.81,60.61,2907.0,0,No Failure,182.4,79.6
L,122.65,608.53,151.21,3.4,30.6,59.69,2878.0,0,No Failure,176.0,77.3
M,128.35,629.45,132.18,5.33,47.56,58.74,2892.0,0,No Failure,167.5,74.3
M,115.01,640.41,169.8,4.9,41.83,64.76,2876.0,0,No Failure,192.5,83.2
M,131.12,733.15,128.79,2.52,46.56,82.93,2899.0,0,No Failure,133.7,62.3
H,111.65,684.85,154.45,5.55,49.56,57.25,2960.0,0,No Failure,169.8,75.1
H,125.85,429.313,179.65,4.31,43.85,74.81,2972.0,0,No Failure,169.2,74.9
H,123.05,709.6,140.9,2.62,48.48,62.78,2794.0,0,No Failure,157.7,70.9
L,98.83,705.59,146.25,2.46,30.52,40.0,3116.0,0,No Failure,101.9,51.1
M,95.13,634.51,149.31,3.02,37.46,62.95,2879.0,0,No Failure,190.7,82.5
M,118.1,652.55,187.54,2.7,41.7,57.19,2924.0,0,No Failure,183.6,80.0
L,113.3,685.37,159.46,2.04,38.55,55.74,2855.0,0,No Failure,163.9,73.0
H,110.52,578.21,80.2,3.13,44.47,62.6,2948.0,0,No Failure,170.1,75.2
L,116.15,677.99,170.18,4.41,52.38,68.57,2954.0,0,No Failure,173.7,76.5
L,145.85,593.83,129.04,2.34,29.73,67.99,3036.0,0,No Failure,134.0,62.4
L,114.82,712.24,163.5,2.27,26.6,64.19,3008.0,0,No Failure,140.1,64.6
M,112.25,632.17,138.99,1.65,49.32,56.89,2846.0,0,No Failure,165.8,73.7
M,87.89,624.21,126.18,3.09,41.78,56.46,2936.0,0,No Failure,184.6,80.4
H,59.52,689.73,166.85,3.99,35.85,72.77,2924.0,0,No Failure,133.8,62.4
M,121.09,554.24,146.85,3.21,45.18,59.8,3011.0,0,No Failure,184.5,80.3
L,135.52,623.86,146.94,8.494,40.04,71.37,2934.0,0,No Failure,192.4,83.1
H,110.8,622.08,123.53,3.69,34.23,66.18,2967.0,0,No Failure,192.5,83.2
H,80.27,596.11,151.18,3.13,40.97,58.94,2857.0,0,No Failure,165.8,73.7
L,92.03,686.89,142.48,3.94,56.77,62.28,3034.0,0,No Failure,152.0,68.9
H,106.91,575.64,144.27,4.77,38.89,60.72,2995.0,0,No Failure,182.3,79.6
L,91.5,619.97,150.87,3.81,28.83,59.46,2998.0,0,No Failure,163.9,73.0
L,117.38,594.93,155.7,4.13,39.77,64.19,2792.0,0,No Failure,165.7,73.7
M,141.47,849.554,150.45,2.65,38.0,78.03,2870.0,0,No Failure,137.6,63.7
M,117.37,630.74,184.54,3.0,46.61,71.32,2955.0,0,No Failure,184.3,80.3
M,107.03,631.31,137.41,2.47,40.34,64.14,2946.0,0,No Failure,209.8,89.3
L,90.26,691.68,157.04,5.53,31.71,50.77,2899.0,1,Impeller Cavitation,13.5,14.4
L,106.21,692.21,164.33,4.13,41.72,79.27,2890.0,0,No Failure,162.2,72.4
L,114.82,587.6,118.18,4.19,45.41,61.28,2999.0,0,No Failure,168.4,74.6
L,104.78,743.01,122.73,1.71,42.24,71.03,2937.0,0,No Failure,161.1,72.0
H,142.96,743.2,120.05,4.14,39.84,52.24,2956.0,0,No Failure,144.6,66.2
L,105.86,619.33,126.3,2.34,41.47,62.25,2966.0,0,No Failure,198.4,85.3
L,132.96,666.28,185.65,3.55,44.03,73.75,2937.0,0,No Failure,169.7,75.1
H,86.61,608.01,148.41,2.23,49.37,56.6,2895.0,0,No Failure,157.3,70.7
H,123.93,576.14,169.88,0.92,34.15,61.7,2977.0,0,No Failure,151.4,68.6
L,180.328,668.88,99.1,1.12,36.62,71.23,2832.0,0,No Failure,124.5,59.1
H,113.65,740.89,140.14,1.89,39.86,53.15,3002.0,0,No Failure,162.3,72.5
M,92.09,668.25,134.78,4.6,34.69,46.13,3016.0,0,No Failure,138.1,63.9
H,143.2,647.0,165.7,4.47,41.79,66.97,3022.0,0,No Failure,172.9,76.2
M,134.25,507.24,136.38,4.18,42.09,71.09,3024.0,0,No Failure,151.5,68.6
H,95.49,613.32,117.11,2.41,42.04,66.43,2966.0,0,No Failure,183.9,80.1
M,83.74,686.38,132.91,4.67,35.95,65.79,2898.0,0,No Failure,158.0,71.0
L,49.634,592.39,126.76,2.33,47.81,62.46,2930.0,0,No Failure,163.3,72.8
L,80.63,574.25,137.7,3.8,42.9,65.57,2945.0,0,No Failure,183.3,79.9
M,116.8,726.67,163.91,3.93,57.24,67.02,2958.0,1,Discharge Blockage Overload,2.5,27.1
H,78.74,610.23,167.51,2.05,46.17,56.26,2880.0,0,No Failure,141.2,65.0
L,99.08,573.13,136.52,1.15,30.68,68.91,3048.0,0,No Failure,131.2,61.5
L,101.42,539.18,132.9,0.98,46.44,63.59,2993.0,0,No Failure,154.3,69.6
H,104.91,603.16,115.96,3.68,39.74,60.77,2944.0,0,No Failure,190.8,82.6
M,112.77,705.88,130.87,2.23,37.3,65.74,3027.0,0,No Failure,172.5,76.1
H,107.42,576.51,164.41,3.79,40.67,55.36,2967.0,0,No Failure,181.7,79.4
H,117.22,627.1,179.22,2.66,38.11,66.47,2921.0,0,No Failure,188.1,81.6
M,118.15,554.53,151.19,4.16,38.35,55.89,2911.0,0,No Failure,175.6,77.2
L,118.83,608.56,148.82,3.29,50.81,64.19,2956.0,0,No Failure,205.6,87.8
L,118.07,665.62,136.57,5.92,36.73,56.76,2951.0,0,No Failure,177.9,78.0
M,100.79,581.44,132.43,2.82,22.0,65.16,3011.0,0,No Failure,145.1,66.4
M,104.53,567.46,141.95,2.24,39.03,63.37,3001.0,0,No Failure,182.5,79.6
L,104.32,625.49,131.47,3.05,18.688,58.67,2950.0,0,No Failure,176.4,77.5
H,150.51,445.25,130.9,4.05,32.23,49.8,2868.0,0,No Failure,95.1,48.7
L,125.28,616.72,160.44,0.6,65.304,65.83,3024.0,0,No Failure,164.3,73.2
M,134.82,696.84,150.3,3.74,42.44,68.62,3078.0,0,No Failure,161.2,72.1
L,110.56,698.83,153.94,3.81,37.08,58.17,2948.0,0,No Failure,191.8,82.9
H,119.64,601.86,138.2,4.79,38.51,69.15,2937.0,0,No Failure,190.3,82.4
L,138.31,574.78,158.13,2.01,46.45,52.48,2920.0,0,No Failure,149.1,67.8
H,142.55,751.65,127.08,4.12,45.62,50.16,2760.0,0,No Failure,102.1,51.2
M,129.17,616.69,117.76,1.8,33.37,53.68,2898.0,0,No Failure,144.3,66.1
L,82.65,632.77,152.23,3.87,38.89,60.03,2891.0,0,No Failure,178.8,78.3
M,115.0,638.935,118.58,4.96,56.28,58.34,2863.0,0,No Failure,135.4,62.9
H,101.64,534.51,128.63,2.39,38.35,75.4,2943.0,0,No Failure,155.3,70.0
M,165.52,634.61,159.01,2.44,47.33,64.66,3029.0,0,No Failure,138.9,64.2
L,85.21,684.44,127.6,1.55,30.24,61.83,2975.0,0,No Failure,143.6,65.8
L,90.41,598.46,149.92,3.67,44.39,67.97,2935.0,0,No Failure,190.3,82.4
L,98.5,715.53,129.22,3.36,34.54,56.66,2921.0,0,No Failure,158.7,71.2
L,105.94,689.16,135.86,2.66,43.21,73.95,2923.0,0,No Failure,182.9,79.8
M,103.38,692.53,116.26,1.2,37.43,60.35,2971.0,0,No Failure,158.5,71.1
M,153.07,507.56,142.56,4.86,36.38,62.17,2886.0,0,No Failure,133.8,62.4
M,138.31,641.02,168.39,6.93,44.26,66.76,2886.0,0,No Failure,149.9,68.1
L,121.61,601.71,141.22,5.83,41.78,67.28,2946.0,0,No Failure,192.5,83.2
M,119.98,642.98,112.1,4.23,34.97,51.91,2928.0,0,No Failure,167.0,74.2
M,140.02,630.37,156.46,3.85,40.81,62.06,2988.0,0,No Failure,193.1,83.4
H,117.13,628.85,142.97,4.66,47.98,72.38,2988.0,0,No Failure,187.4,81.4
M,121.32,543.58,120.71,3.56,41.15,67.72,3026.0,0,No Failure,170.4,75.4
M,139.15,651.9,162.56,0.6,44.33,51.54,2860.0,0,No Failure,135.6,63.0
L,86.66,612.19,130.11,2.3,36.09,57.76,2895.0,0,No Failure,156.8,70.5
H,136.47,596.13,161.91,5.77,41.01,74.32,2945.0,0,No Failure,158.5,71.1
L,144.17,643.68,126.4,3.4,40.02,61.13,2875.0,0,No Failure,180.4,78.9
M,112.25,630.56,126.15,3.28,65.304,75.29,2912.0,0,No Failure,175.0,77.0
M,113.26,620.28,132.95,2.1,43.34,71.98,2965.0,0,No Failure,194.3,83.8
H,122.26,524.44,140.53,4.2,44.97,64.22,2919.0,0,No Failure,181.7,79.4
H,80.41,663.22,92.75,2.5,41.99,69.01,3020.0,0,No Failure,143.4,65.8
M,105.21,653.4,118.04,2.3,35.82,65.37,2933.0,0,No Failure,182.7,79.7
H,146.28,654.19,157.27,3.0,37.47,58.78,2932.0,0,No Failure,179.1,78.4
M,101.4,705.09,130.16,6.33,50.23,56.87,2853.0,0,No Failure,125.8,59.6
L,99.05,709.69,151.01,3.99,39.64,52.62,2843.0,0,No Failure,154.4,69.7
L,126.36,683.16,173.82,3.58,40.29,69.44,2916.0,0,No Failure,181.0,79.1
H,117.15,650.34,157.69,1.09,36.37,41.59,2984.0,0,No Failure,148.8,67.7
L,49.634,575.9,141.42,5.48,44.85,54.64,2962.0,0,No Failure,173.0,76.3
L,112.05,639.7,125.88,2.87,44.15,66.82,2966.0,0,No Failure,208.0,88.7
L,134.72,653.13,175.97,3.01,41.4,70.89,2907.0,0,No Failure,176.7,77.6
H,113.3,687.35,163.88,2.4,31.52,64.98,2934.0,0,No Failure,178.2,78.1
M,121.27,644.62,154.18,2.51,42.56,71.56,2932.0,0,No Failure,202.1,86.6
L,120.62,732.46,170.1,2.89,29.48,55.94,2892.0,0,No Failure,140.0,64.6
L,114.82,662.43,133.41,3.73,37.37,65.15,3033.0,0,No Failure,191.9,83.0
L,137.85,645.48,149.65,1.78,42.99,62.44,2995.0,0,No Failure,188.2,81.7
M,131.67,429.313,150.96,0.6,43.61,53.21,3047.0,0,No Failure,152.2,68.9
H,102.26,569.16,167.5,2.09,41.31,74.92,2871.0,0,No Failure,149.3,67.9
M,113.61,580.94,161.89,2.64,35.11,73.12,2950.0,0,No Failure,176.4,77.5
M,110.39,635.37,170.28,4.83,47.28,62.17,2972.0,0,No Failure,186.8,81.1
H,114.37,704.87,143.69,3.31,42.39,61.56,2948.0,0,No Failure,216.2,91.6
L,127.47,527.82,155.68,2.0,43.66,50.01,2923.0,0,No Failure,149.6,68.0
L,108.69,586.62,147.51,0.9,39.33,68.69,2868.0,0,No Failure,165.1,73.5
L,121.78,662.73,156.64,3.08,42.93,57.13,3045.0,0,No Failure,185.4,80.7
M,101.5,645.92,152.28,5.23,44.33,66.29,2968.0,0,No Failure,193.2,83.4
H,134.22,684.87,146.66,0.6,48.5,59.87,2979.0,0,No Failure,159.1,71.3
L,114.88,706.33,63.267,5.48,46.42,68.5,2958.0,0,No Failure,183.4,79.9
M,130.81,624.61,136.95,3.43,42.66,71.11,2821.0,0,No Failure,175.8,77.3
H,147.3,608.92,154.31,5.01,39.6,69.78,2966.0,0,No Failure,168.0,74.5
H,103.84,679.23,140.88,2.39,46.86,59.84,2947.0,0,No Failure,191.4,82.8
L,95.77,618.17,125.54,4.63,45.99,63.74,2912.0,0,No Failure,178.8,78.3
L,83.92,675.32,159.94,1.27,44.23,55.05,2981.0,0,No Failure,151.1,68.5
L,119.88,641.66,139.9,3.33,41.3,74.36,2894.0,0,No Failure,201.3,86.3
L,110.8,557.48,129.55,2.74,36.85,63.41,2960.0,0,No Failure,186.2,80.9
H,123.82,661.7,135.05,4.84,49.26,59.8,2922.0,0,No Failure,179.4,78.6
L,94.1,429.313,187.67,2.41,35.81,62.86,2946.0,0,No Failure,160.0,71.7
M,101.21,637.24,119.0,1.88,39.29,72.09,2910.0,0,No Failure,170.0,75.2
L,110.85,651.26,145.3,3.17,43.92,61.22,2976.0,0,No Failure,217.3,92.0
M,104.63,664.36,142.3,1.77,43.92,53.97,2846.0,0,No Failure,165.6,73.7
M,107.03,676.24,136.95,1.36,39.59,75.58,3023.0,0,No Failure,160.1,71.7
L,138.36,542.65,169.45,1.06,65.304,63.01,2846.0,0,No Failure,125.7,59.5
L,97.07,735.18,172.99,4.7,41.49,71.27,2919.0,0,No Failure,152.8,69.1
M,133.17,606.31,107.71,4.9,42.44,70.88,2979.0,0,No Failure,154.4,69.7
L,109.88,693.58,141.21,5.56,37.26,82.16,2939.0,0,No Failure,156.5,70.4
H,128.44,665.67,226.023,3.47,47.96,53.61,3049.0,0,No Failure,158.4,71.1
M,114.75,638.53,176.5,3.8,41.31,59.51,2911.0,0,No Failure,198.7,85.4
M,122.56,596.21,127.77,3.5,40.89,63.29,3024.0,0,No Failure,192.5,83.2
M,132.8,541.73,149.8,0.93,34.53,69.04,2925.0,0,No Failure,145.3,66.4
M,148.33,629.68,159.96,4.42,46.89,72.31,2995.0,0,No Failure,159.0,71.3
M,112.88,642.88,179.76,1.66,42.41,52.51,2925.0,0,No Failure,173.6,76.5
M,127.92,667.79,191.14,3.5,46.21,67.5,2875.0,0,No Failure,162.9,72.7
L,104.58,703.25,173.05,2.58,47.65,65.26,2898.0,0,No Failure,165.8,73.7
L,131.67,690.08,210.81,2.17,40.58,48.02,3084.0,0,No Failure,103.8,51.8
H,132.52,570.97,132.62,4.85,40.74,63.62,2997.0,0,No Failure,174.3,76.7
M,180.328,593.34,175.06,3.74,42.8,85.23,2969.0,0,No Failure,147.6,67.3
L,116.02,630.96,148.45,3.42,39.52,57.14,2926.0,0,No Failure,212.8,90.4
L,97.95,593.68,122.63,7.54,48.67,71.72,3004.0,0,No Failure,144.4,66.1
L,109.9,565.34,121.64,1.93,45.39,55.62,2893.0,0,No Failure,155.5,70.1
M,91.48,726.46,122.4,5.77,44.21,62.52,2878.0,1,Impeller Cavitation,13.9,19.9
L,143.48,603.34,153.27,3.1,44.34,63.96,2912.0,0,No Failure,188.1,81.6
M,98.43,697.74,145.53,3.84,34.27,78.03,3008.0,0,No Failure,156.4,70.4
L,94.14,672.51,133.78,4.53,41.29,62.18,3011.0,0,No Failure,180.6,79.0
M,130.49,568.9,142.68,5.89,57.25,70.5,2903.0,0,No Failure,119.3,57.2
L,114.82,651.59,144.685,5.1,29.81,58.76,2927.0,0,No Failure,177.4,77.8
H,94.43,566.05,107.17,4.71,37.86,53.11,2955.0,0,No Failure,141.6,65.1
H,110.33,613.61,160.05,3.05,41.91,69.15,2950.0,0,No Failure,208.2,88.7
M,100.47,766.14,116.44,4.86,44.61,68.14,3122.0,0,No Failure,116.6,56.3
M,49.634,735.48,137.28,5.57,40.39,73.06,2920.0,0,No Failure,158.3,71.1
H,117.01,641.19,171.1,1.89,45.97,74.46,2858.0,0,No Failure,161.7,72.3
M,105.5,700.66,137.24,1.91,44.01,55.89,2918.0,0,No Failure,173.6,76.5
H,111.55,644.78,126.87,3.9,18.688,74.04,2956.0,0,No Failure,196.1,84.4
H,132.02,600.76,180.36,6.52,53.06,60.19,2986.0,0,No Failure,127.4,60.1
H,114.8,701.37,124.73,1.79,51.74,60.74,2835.0,0,No Failure,146.0,66.7
H,125.67,634.07,124.14,3.36,33.25,62.43,2942.0,0,No Failure,188.6,81.8
L,126.73,849.554,116.55,2.82,39.39,83.41,2961.0,1,Mechanical Seal Dry-Run,3.9,27.8
M,117.22,668.9,150.62,3.65,37.72,72.9,2906.0,0,No Failure,191.9,83.0
M,125.41,612.15,123.84,3.7,56.72,64.94,2951.0,0,No Failure,176.1,77.4
L,87.72,695.53,120.9,3.36,65.304,60.11,2982.0,0,No Failure,135.3,62.9
L,122.44,614.19,140.72,1.79,38.01,77.93,2878.0,0,No Failure,162.6,72.6
M,109.54,579.62,167.25,2.02,46.79,53.42,2985.0,0,No Failure,158.2,71.0
M,106.2,671.1,101.17,3.04,48.38,58.81,3074.0,0,No Failure,146.4,66.9
L,136.85,649.29,151.21,2.9,36.41,71.69,3066.0,0,No Failure,163.1,72.8
M,124.77,721.59,166.52,4.13,48.15,75.45,2929.0,0,No Failure,155.1,69.9
M,108.0,636.31,207.51,1.98,37.6,73.94,2950.0,0,No Failure,154.9,69.9
L,92.56,555.68,131.92,1.8,55.52,34.533,2868.0,0,No Failure,130.1,61.1
M,113.18,699.98,132.36,2.66,38.22,77.46,2877.0,0,No Failure,162.6,72.6
L,102.33,613.24,174.45,6.39,32.69,66.0,2950.0,0,No Failure,130.5,61.2
M,120.4,566.61,176.13,2.62,45.84,52.41,3041.0,0,No Failure,143.9,66.0
L,95.25,637.92,226.023,3.36,48.62,55.37,2989.0,0,No Failure,167.5,74.3
H,113.73,725.43,133.22,2.89,54.25,60.57,2899.0,1,Discharge Blockage Overload,10.4,27.8
L,118.96,704.12,136.0,4.87,65.304,74.73,2950.0,0,No Failure,169.8,75.1
L,122.0,652.86,152.05,5.37,46.41,55.62,2921.0,0,No Failure,178.4,78.2
L,134.26,676.66,184.97,4.33,26.41,63.44,3000.0,0,No Failure,137.8,63.8
L,129.2,644.79,152.08,3.03,43.21,73.33,2973.0,0,No Failure,197.0,84.8
L,125.45,672.83,171.84,2.86,38.98,59.69,2954.0,0,No Failure,187.5,81.4
H,88.63,849.554,157.65,3.38,25.35,67.93,3049.0,0,No Failure,144.6,66.2
L,131.17,621.14,120.19,2.98,49.19,67.66,2918.0,0,No Failure,175.4,77.1
M,128.82,688.16,149.65,0.6,36.47,72.39,3101.0,0,No Failure,129.6,60.9
M,135.16,551.36,126.02,5.52,49.09,62.87,2929.0,0,No Failure,148.6,67.6
L,139.1,586.66,165.91,2.57,37.78,74.72,2921.0,0,No Failure,154.1,69.6
M,107.97,675.35,105.41,3.46,43.59,64.66,2989.0,0,No Failure,182.5,79.6
L,106.64,726.8,163.94,2.88,33.31,79.74,2850.0,0,No Failure,129.5,60.8
M,106.95,643.65,97.59,3.9,43.13,62.85,3002.0,0,No Failure,183.1,79.9
M,106.72,575.41,135.18,2.58,34.12,55.31,2926.0,0,No Failure,167.2,74.2
L,96.5,693.52,142.54,0.8,36.34,52.28,2961.0,0,No Failure,151.8,68.8
L,113.65,690.57,226.023,4.52,43.74,71.11,3010.0,0,No Failure,179.3,78.5
M,113.23,640.37,134.36,0.6,46.82,63.42,2898.0,0,No Failure,182.4,79.6
L,133.12,702.52,128.27,2.1,36.95,58.96,2920.0,0,No Failure,162.1,72.4
M,88.31,608.27,135.88,3.43,38.84,56.89,2840.0,0,No Failure,164.0,73.1
M,120.37,611.84,118.98,2.36,41.36,74.16,2844.0,0,No Failure,161.7,72.3
L,99.29,606.14,63.267,1.54,49.31,34.533,2904.0,0,No Failure,159.2,71.4
L,147.04,691.76,144.685,2.88,48.93,66.11,3104.0,0,No Failure,140.4,64.7
M,107.4,679.77,139.47,2.48,43.42,58.63,2884.0,0,No Failure,185.9,80.8
M,114.35,675.89,125.56,4.63,51.93,62.66,3051.0,0,No Failure,161.9,72.3
M,131.58,743.13,136.64,3.3,45.91,54.0,3027.0,0,No Failure,154.2,69.6
H,133.02,597.9,144.83,3.45,46.77,68.02,2707.0,0,No Failure,191.4,82.8
L,115.88,541.46,127.48,2.21,40.67,50.98,2862.0,0,No Failure,149.0,67.8
L,110.6,673.02,226.023,2.53,51.94,66.43,2888.0,0,No Failure,168.5,74.7
H,118.97,689.72,138.61,3.24,48.45,70.02,2952.0,0,No Failure,189.3,82.1
L,116.6,705.73,147.67,4.92,22.0,71.57,2984.0,0,No Failure,144.8,66.3
L,180.328,662.97,136.07,2.98,41.04,69.28,2915.0,0,No Failure,193.7,83.6
L,107.26,562.11,147.31,3.18,45.53,70.42,2971.0,0,No Failure,188.5,81.7
M,118.69,694.44,151.54,4.72,47.11,51.57,2938.0,0,No Failure,172.6,76.1
L,105.28,561.4,142.61,3.98,29.08,66.79,2938.0,0,No Failure,171.3,75.7
L,118.56,671.2,179.11,4.05,42.74,65.31,3019.0,0,No Failure,183.6,80.0
L,109.78,692.54,181.6,3.81,37.44,61.52,2707.0,0,No Failure,179.6,78.6
L,132.74,729.47,136.27,4.5,31.43,62.78,2945.0,0,No Failure,162.6,72.6
L,113.05,572.12,143.63,5.99,42.45,56.15,2894.0,0,No Failure,169.3,75.0
H,94.04,597.14,156.29,1.9,39.83,68.18,3036.0,0,No Failure,161.9,72.3
L,87.39,639.16,133.11,3.21,37.39,70.76,2924.0,0,No Failure,183.0,79.8
M,137.75,627.63,158.28,5.85,39.27,72.89,2925.0,0,No Failure,161.4,72.2
L,95.92,670.31,102.32,3.57,34.2,65.18,2990.0,0,No Failure,162.8,72.7
M,117.44,613.05,137.8,3.59,37.4,57.11,2905.0,0,No Failure,194.5,83.9
H,127.48,751.88,128.53,1.99,36.43,64.11,2986.0,0,No Failure,159.0,71.3
M,148.07,691.06,162.2,2.63,37.03,55.8,2994.0,0,No Failure,150.2,68.2
L,104.14,582.02,130.73,2.53,44.41,67.68,2956.0,0,No Failure,187.2,81.3
L,123.8,707.36,144.5,3.56,32.74,64.53,2988.0,0,No Failure,186.2,80.9
H,96.94,594.57,177.95,4.21,32.18,63.44,2827.0,0,No Failure,138.8,64.2
L,150.48,702.23,127.44,8.29,44.47,64.81,2860.0,0,No Failure,153.5,69.4
L,136.01,623.76,111.23,2.18,50.19,53.5,2967.0,0,No Failure,148.6,67.6
L,135.28,609.67,154.29,2.32,45.42,76.31,3026.0,0,No Failure,156.8,70.5
M,110.56,614.83,132.48,4.63,30.0,66.07,2852.0,0,No Failure,161.0,72.0
L,125.01,597.45,158.22,2.62,47.4,44.87,2892.0,0,No Failure,150.2,68.2
M,118.89,593.4,131.3,4.35,41.07,58.28,2960.0,0,No Failure,193.9,83.7
M,148.19,570.43,136.94,2.43,38.85,55.97,3077.0,0,No Failure,136.1,63.2
H,109.13,638.68,134.89,3.47,37.79,70.28,2919.0,0,No Failure,202.4,86.7
M,91.74,609.16,162.11,2.87,42.86,64.75,2872.0,0,No Failure,179.3,78.5
M,112.1,639.38,170.2,2.35,48.74,63.62,2953.0,0,No Failure,196.2,84.5
M,114.76,639.73,136.38,5.48,35.18,58.1,2894.0,0,No Failure,177.8,78.0
M,115.63,746.05,119.76,3.34,18.688,74.96,2936.0,0,No Failure,147.3,67.2
H,92.47,649.96,162.13,2.88,43.5,59.6,2939.0,0,No Failure,191.8,82.9
L,114.11,787.11,169.24,2.63,35.95,56.97,2958.0,0,No Failure,153.7,69.4
M,90.84,709.56,155.21,3.38,45.21,64.15,2907.0,0,No Failure,181.7,79.4
L,150.79,743.99,161.29,3.08,50.11,64.88,3072.0,1,Discharge Blockage Overload,12.2,15.7
L,120.54,649.69,148.53,4.0,43.64,62.82,2979.0,0,No Failure,213.9,90.7
L,97.37,665.85,145.5,1.95,45.71,64.19,3000.0,0,No Failure,171.9,75.9
H,110.94,669.56,161.57,2.73,42.46,64.65,3013.0,0,No Failure,197.3,84.9
M,83.53,628.81,127.9,3.4,43.54,64.42,2884.0,0,No Failure,184.6,80.4
M,83.39,706.76,144.44,6.89,47.79,56.5,2884.0,1,Impeller Cavitation,6.1,14.6
L,70.41,750.91,177.92,3.04,40.76,63.08,2950.0,0,No Failure,131.6,61.6
L,172.74,610.78,130.48,3.22,43.06,67.43,2881.0,0,No Failure,158.3,71.1
L,139.89,640.1,185.62,2.08,42.49,69.55,2863.0,0,No Failure,154.0,69.6
M,124.78,608.13,158.75,2.42,51.13,45.21,3001.0,0,No Failure,145.0,66.4
H,149.73,645.99,162.06,5.11,33.31,66.76,3067.0,0,No Failure,136.9,63.5
L,95.69,547.69,63.267,1.09,40.81,54.46,2891.0,0,No Failure,145.2,66.4
L,121.49,649.89,151.56,2.41,40.9,67.24,2921.0,0,No Failure,205.0,87.6
H,86.19,630.97,192.99,4.2,45.21,54.88,2998.0,0,No Failure,146.0,66.7
L,106.79,557.32,104.89,3.54,32.81,72.07,2976.0,0,No Failure,148.4,67.5
L,134.26,627.98,155.69,2.87,42.4,65.49,2950.0,0,No Failure,187.6,81.4
H,132.96,659.58,130.73,1.99,45.77,71.34,3019.0,0,No Failure,163.8,73.0
L,141.22,598.27,174.89,3.5,49.4,65.09,3001.0,0,No Failure,161.8,72.3
L,123.94,637.92,140.51,3.6,33.26,52.22,3058.0,0,No Failure,151.7,68.7
L,96.88,593.17,175.87,3.11,45.31,42.69,2883.0,0,No Failure,135.8,63.1
M,117.89,768.13,131.92,1.75,42.04,64.35,3035.0,0,No Failure,163.0,72.7
L,117.1,588.98,123.11,3.23,44.96,63.47,3052.0,0,No Failure,181.9,79.4
M,96.18,561.64,63.267,3.1,42.44,50.22,2954.0,0,No Failure,164.9,73.4
L,117.32,604.73,114.98,2.38,35.55,55.11,2953.0,0,No Failure,171.6,75.8
H,68.27,681.84,135.73,3.88,46.13,58.04,3062.0,0,No Failure,141.1,65.0
H,122.86,697.56,133.9,7.05,44.1,58.27,2783.0,0,No Failure,127.6,60.2
L,89.71,721.82,156.79,3.45,50.73,70.13,3009.0,1,Discharge Blockage Overload,4.8,23.6
M,119.36,755.51,150.05,3.65,47.73,72.87,3021.0,0,No Failure,160.3,71.8
H,91.47,648.03,153.01,3.23,38.36,57.94,3076.0,0,No Failure,169.0,74.9
L,109.06,731.87,129.94,1.12,44.04,72.17,2963.0,0,No Failure,160.1,71.7
M,101.43,644.0,173.03,3.46,39.25,53.1,2883.0,0,No Failure,172.4,76.1
H,120.89,638.94,136.61,2.42,39.48,49.78,2939.0,0,No Failure,188.9,81.9
H,126.04,681.74,149.72,4.08,43.25,60.25,2887.0,0,No Failure,189.4,82.1
L,109.94,564.99,123.83,4.61,41.83,66.46,2873.0,0,No Failure,171.8,75.8
L,122.19,797.99,124.98,5.31,40.29,60.04,3021.0,0,No Failure,138.6,64.1
H,100.57,641.83,186.18,1.82,39.44,69.23,2981.0,0,No Failure,166.8,74.1
L,114.9,664.69,134.04,4.2,18.688,66.07,2937.0,0,No Failure,198.4,85.3
H,109.35,596.06,119.07,1.52,46.16,73.77,2991.0,0,No Failure,156.5,70.4
L,130.96,429.313,138.39,2.55,40.88,64.19,2980.0,0,No Failure,156.4,70.4
M,99.96,575.04,158.88,5.36,42.12,59.78,3053.0,0,No Failure,155.4,70.0
M,125.58,577.63,149.2,1.99,42.44,77.33,2899.0,0,No Failure,145.1,66.4
H,117.02,634.64,132.62,1.87,47.52,62.81,2835.0,0,No Failure,176.5,77.5
H,104.5,654.22,159.91,1.31,35.86,57.38,2843.0,0,No Failure,152.1,68.9
H,89.33,658.45,175.5,5.56,45.84,56.04,2965.0,1,Impeller Cavitation,13.7,23.5
L,107.8,679.23,153.89,3.32,35.72,50.8,2882.0,0,No Failure,168.8,74.8
L,105.0,592.63,104.92,3.18,45.5,62.9,3128.0,0,No Failure,146.6,66.9
L,140.46,606.68,179.87,2.78,42.84,68.31,2840.0,0,No Failure,152.3,68.9
L,111.55,749.42,109.25,6.81,36.08,67.28,2907.0,0,No Failure,127.4,60.1
L,136.35,592.05,143.44,3.72,49.58,51.39,2944.0,0,No Failure,169.5,75.0
H,105.39,733.27,150.26,3.71,42.3,63.25,2937.0,0,No Failure,198.5,85.3
L,117.64,800.17,99.39,3.74,47.63,71.59,2982.0,0,No Failure,134.9,62.8
M,108.3,572.12,146.13,5.69,46.66,46.92,3193.0,0,No Failure,146.9,67.0
M,121.7,642.34,155.78,4.29,48.22,86.71,2940.0,0,No Failure,165.7,73.7
H,140.38,585.08,153.17,1.75,49.21,62.84,2932.0,0,No Failure,164.7,73.3
M,126.64,594.75,156.19,1.91,24.94,65.2,2963.0,0,No Failure,157.4,70.8
M,131.44,697.21,143.33,3.04,41.12,51.08,2864.0,0,No Failure,167.1,74.2
L,134.24,639.77,130.76,0.6,48.75,60.43,2953.0,0,No Failure,168.1,74.5
L,123.96,590.97,160.79,5.15,31.31,78.96,3073.0,0,No Failure,120.5,57.7
H,92.45,723.87,153.45,3.18,35.25,67.89,2817.0,0,No Failure,145.6,66.6
L,112.22,562.78,133.04,2.2,35.76,63.57,3067.0,0,No Failure,160.8,72.0
M,89.61,605.66,150.79,5.25,44.42,55.96,3020.0,1,Impeller Cavitation,5.1,25.6
L,116.21,757.76,165.59,3.06,32.57,62.08,2933.0,0,No Failure,166.9,74.1
H,97.18,702.27,129.36,4.65,36.96,69.94,2954.0,0,No Failure,167.5,74.3
L,80.09,736.47,147.27,3.47,40.97,69.87,2946.0,0,No Failure,174.4,76.8
L,128.73,663.55,117.51,4.28,48.87,66.45,2918.0,0,No Failure,172.5,76.1
M,104.86,598.19,131.93,4.91,42.33,72.56,2929.0,0,No Failure,179.4,78.5
M,109.87,559.35,162.79,4.01,29.55,64.09,2936.0,0,No Failure,169.6,75.1
L,128.25,656.51,142.18,3.37,44.87,54.12,2961.0,0,No Failure,198.8,85.4
L,104.85,559.03,135.37,4.53,52.75,65.0,3031.0,0,No Failure,153.7,69.4
M,128.66,624.08,127.65,1.34,43.09,48.57,2902.0,0,No Failure,156.3,70.3
L,96.94,683.2,114.05,4.46,44.63,61.14,3031.0,0,No Failure,158.3,71.1
L,127.03,555.42,148.01,3.78,47.74,60.25,2960.0,0,No Failure,183.6,80.0
M,121.08,690.4,154.04,2.66,43.27,64.36,3037.0,0,No Failure,188.3,81.7
L,111.39,612.89,168.16,3.03,46.98,57.17,3051.0,0,No Failure,169.2,74.9
L,121.34,562.83,144.48,2.99,39.81,71.27,3010.0,0,No Failure,182.0,79.5
H,117.91,496.33,134.75,1.85,41.93,64.79,2951.0,0,No Failure,159.7,71.6
M,125.04,600.06,175.86,5.21,41.58,68.64,3046.0,0,No Failure,156.5,70.4
M,100.52,619.1,171.31,2.62,39.01,60.72,2995.0,0,No Failure,178.5,78.2
L,94.57,589.37,191.0,2.54,41.74,72.14,2828.0,0,No Failure,134.7,62.7
M,115.3,664.7,141.19,5.52,42.74,74.85,2876.0,0,No Failure,175.2,77.0
L,122.48,724.66,114.78,3.82,39.85,66.57,2865.0,0,No Failure,163.3,72.8
M,115.13,656.19,185.54,1.77,46.13,65.33,2940.0,0,No Failure,181.6,79.3
M,131.73,603.98,126.74,5.44,35.64,76.86,2828.0,0,No Failure,126.2,59.7
M,118.74,629.08,153.29,5.65,40.75,58.84,2894.0,0,No Failure,184.0,80.2
H,120.58,616.1,117.22,3.12,43.8,62.69,2938.0,0,No Failure,201.2,86.3
L,126.79,594.3,144.685,3.36,44.05,51.27,2779.0,0,No Failure,153.7,69.4
L,79.08,643.71,158.67,4.24,47.28,73.22,3072.0,0,No Failure,142.8,65.6
L,128.48,651.99,193.43,3.5,43.88,79.02,2999.0,0,No Failure,156.0,70.3
L,104.14,620.94,130.74,2.47,47.8,60.84,2900.0,0,No Failure,181.0,79.1
L,105.67,539.16,195.68,5.3,40.73,60.81,2918.0,0,No Failure,142.7,65.5
L,107.4,588.87,160.54,2.01,46.7,73.14,2920.0,0,No Failure,166.7,74.0
M,133.82,552.32,145.28,2.56,41.04,61.47,2938.0,0,No Failure,186.7,81.1
M,112.56,663.48,125.99,3.15,47.99,62.61,3130.0,0,No Failure,165.0,73.4
L,180.328,597.78,126.55,3.64,37.88,76.16,2971.0,0,No Failure,163.7,73.0
M,94.59,606.78,124.97,3.76,37.26,66.18,2939.0,0,No Failure,184.2,80.2
L,131.97,720.55,152.11,4.64,36.41,77.17,2950.0,0,No Failure,156.5,70.4
M,137.55,578.76,140.3,4.08,42.44,67.87,3028.0,0,No Failure,174.2,76.7
M,157.49,673.63,163.38,3.01,35.38,61.49,2859.0,0,No Failure,146.7,67.0
M,126.27,696.38,129.16,2.9,38.5,56.56,2931.0,0,No Failure,178.7,78.3
L,121.02,637.57,132.73,4.89,47.4,84.35,3019.0,0,No Failure,152.6,69.0
H,112.29,654.8,169.94,5.66,40.77,63.72,3083.0,0,No Failure,165.3,73.5
H,102.83,624.98,133.75,4.85,36.97,55.85,2972.0,0,No Failure,176.8,77.6
L,89.96,600.89,226.023,3.01,44.24,73.16,2834.0,0,No Failure,159.5,71.5
H,116.49,622.07,145.08,3.44,47.02,73.67,2870.0,0,No Failure,190.2,82.4
M,128.13,607.49,140.89,2.24,33.64,65.85,2889.0,0,No Failure,174.5,76.8
H,103.58,686.45,116.6,5.94,38.74,63.63,2854.0,0,No Failure,149.4,67.9
L,131.74,547.67,187.56,2.23,59.08,73.08,2973.0,0,No Failure,110.1,54.0
M,180.328,549.3,123.26,1.09,41.26,65.14,2936.0,0,No Failure,169.4,75.0
L,85.39,517.88,144.685,3.06,24.32,84.8,2989.0,1,Mechanical Seal Dry-Run,6.8,0.0
M,127.87,585.34,145.81,2.47,47.51,57.58,3082.0,0,No Failure,156.7,70.5
L,109.87,540.83,143.62,1.51,42.07,65.74,3010.0,0,No Failure,176.3,77.4
L,107.47,545.96,137.12,3.36,37.63,64.76,2989.0,0,No Failure,186.7,81.1
M,98.82,631.47,119.27,0.68,40.05,61.15,2994.0,0,No Failure,164.7,73.3
L,110.38,547.07,166.54,3.17,48.9,53.78,2928.0,0,No Failure,161.4,72.2
M,115.28,659.13,150.19,4.01,52.0,56.32,2925.0,0,No Failure,186.6,81.1
L,99.15,752.41,145.82,2.09,54.96,71.35,2980.0,1,Discharge Blockage Overload,6.2,19.8
H,138.26,637.66,163.85,-1.34,42.6,73.38,2931.0,0,No Failure,178.0,78.1
H,111.0,569.19,174.35,2.36,37.04,62.8,2855.0,0,No Failure,158.4,71.1
L,128.01,622.89,107.86,3.89,34.76,70.32,3034.0,0,No Failure,154.3,69.6
M,129.36,574.02,154.94,4.68,42.44,56.5,2958.0,0,No Failure,162.5,72.6
H,124.34,597.12,113.06,2.32,37.29,62.42,2964.0,0,No Failure,176.1,77.4
L,99.24,628.81,142.04,1.95,40.31,67.67,2861.0,0,No Failure,180.7,79.0
M,99.41,701.37,121.36,4.11,41.94,64.66,2907.0,0,No Failure,180.0,78.8
L,118.88,652.04,158.25,2.34,38.5,60.17,2958.0,0,No Failure,199.9,85.8
L,97.89,662.77,128.07,5.09,36.07,61.15,2913.0,0,No Failure,169.2,74.9
L,122.43,613.3,186.4,4.62,43.01,60.45,2923.0,0,No Failure,176.2,77.4
L,132.59,700.86,148.39,5.12,37.87,57.15,2969.0,0,No Failure,168.2,74.6
M,122.49,615.38,131.66,2.25,53.16,63.48,2949.0,0,No Failure,183.8,80.1
L,124.71,612.09,122.21,3.53,34.23,63.08,3019.0,0,No Failure,177.7,77.9
L,114.2,705.49,116.98,1.76,44.53,53.13,2868.0,0,No Failure,148.8,67.7
H,90.79,510.22,152.95,3.0,48.8,61.58,2983.0,0,No Failure,154.9,69.9
L,125.02,637.92,156.15,3.05,41.42,49.08,2894.0,0,No Failure,181.7,79.4
L,115.79,594.99,175.35,4.93,43.22,63.55,2951.0,0,No Failure,190.7,82.6
L,102.61,626.11,132.1,3.11,49.4,68.61,2996.0,0,No Failure,183.2,79.9
M,127.33,618.31,122.65,2.54,47.38,56.22,2950.0,0,No Failure,178.5,78.2
H,100.59,566.55,128.29,2.19,42.32,57.39,2999.0,0,No Failure,166.5,74.0
H,93.95,643.29,151.75,4.84,41.09,66.73,2995.0,0,No Failure,188.8,81.9
H,180.328,699.76,169.68,3.43,33.18,62.94,2954.0,0,No Failure,184.2,80.2
H,120.25,678.2,166.73,5.15,39.05,61.41,2784.0,0,No Failure,150.1,68.2
H,115.99,649.57,106.83,3.88,47.7,51.26,3002.0,0,No Failure,164.1,73.1
L,123.85,653.28,159.59,3.58,46.2,65.56,2707.0,0,No Failure,203.4,87.0
M,123.86,733.49,171.03,4.13,36.59,61.62,2949.0,0,No Failure,171.0,75.5
L,94.25,626.15,135.56,4.02,46.63,54.51,2903.0,0,No Failure,173.2,76.3
L,126.86,620.03,136.49,5.35,36.45,70.38,3029.0,0,No Failure,162.5,72.6
L,76.47,653.31,141.26,3.41,41.67,76.09,2941.0,0,No Failure,182.0,79.5
M,125.1,581.01,173.02,3.37,34.4,84.62,2903.0,0,No Failure,139.3,64.3
L,134.62,593.65,174.12,2.14,32.42,61.16,3006.0,0,No Failure,146.2,66.8
M,120.56,585.68,136.38,2.37,53.99,58.43,3103.0,0,No Failure,139.8,64.5
H,87.65,687.54,117.23,2.62,46.99,56.55,2976.0,0,No Failure,153.9,69.5
M,97.71,589.52,152.55,0.7,38.55,53.41,3028.0,0,No Failure,141.6,65.2
M,112.13,647.36,63.267,2.5,41.21,61.54,2944.0,0,No Failure,200.3,86.0
H,119.96,601.42,138.3,3.15,50.79,71.24,2926.0,0,No Failure,184.3,80.3
M,121.1,709.57,174.56,4.29,28.0,74.86,2914.0,0,No Failure,135.6,63.0
L,87.96,668.5,118.59,4.86,36.23,56.62,2859.0,0,No Failure,137.9,63.8
L,96.19,655.14,167.22,2.54,43.28,73.23,2924.0,0,No Failure,176.0,77.3
L,120.02,592.9,196.24,3.31,48.13,66.07,2982.0,0,No Failure,168.4,74.7
M,132.22,539.29,118.43,2.56,38.75,72.23,2932.0,0,No Failure,152.5,69.0
L,104.58,614.05,126.78,3.61,42.35,64.15,3032.0,0,No Failure,193.9,83.7
L,107.73,650.19,116.31,2.48,37.4,78.57,3006.0,1,Mechanical Seal Dry-Run,12.3,26.4
L,128.17,713.15,144.35,5.93,35.98,60.98,3020.0,0,No Failure,154.1,69.6
L,86.4,665.43,129.51,4.64,50.57,64.45,3051.0,0,No Failure,149.8,68.1
M,108.98,679.22,159.73,1.92,55.1,61.05,2824.0,0,No Failure,142.9,65.6
H,124.02,717.95,141.35,6.27,35.57,58.07,3002.0,0,No Failure,148.9,67.7
L,84.3,672.15,145.32,4.39,51.21,70.96,2832.0,0,No Failure,142.7,65.5
L,123.34,596.67,94.29,3.23,42.54,58.57,2951.0,0,No Failure,179.2,78.5
M,107.76,719.41,146.72,4.0,47.59,76.95,3037.0,0,No Failure,156.0,70.2
H,125.64,619.12,161.64,2.66,32.83,68.5,3027.0,0,No Failure,165.9,73.8
M,114.14,578.27,132.14,3.87,48.35,70.31,2953.0,0,No Failure,186.8,81.2
H,128.15,510.65,142.75,2.66,46.72,62.28,2943.0,0,No Failure,174.8,76.9
M,110.43,647.64,149.64,2.67,29.94,60.19,2998.0,0,No Failure,182.7,79.7
M,91.73,598.35,135.84,5.12,41.1,63.34,2935.0,1,Impeller Cavitation,7.8,34.8
H,101.47,645.54,134.15,4.37,33.47,58.21,2948.0,0,No Failure,184.0,80.2
L,110.67,627.94,167.93,4.65,49.24,57.45,2914.0,0,No Failure,173.4,76.4
L,98.24,495.2,113.39,1.39,49.68,82.96,3013.0,1,Mechanical Seal Dry-Run,6.6,2.1
L,163.09,552.71,132.68,1.31,37.54,65.78,2908.0,0,No Failure,132.1,61.8
M,121.52,710.95,153.11,4.22,46.96,67.14,2895.0,0,No Failure,177.0,77.7
L,108.49,676.03,108.33,3.57,36.28,57.25,2931.0,0,No Failure,174.2,76.7
M,126.35,609.88,138.66,1.76,40.88,79.03,2944.0,0,No Failure,175.1,77.0
M,119.64,723.02,130.17,2.39,33.89,70.95,2933.0,0,No Failure,164.2,73.2
M,107.85,648.87,146.41,2.02,42.47,49.59,2946.0,0,No Failure,175.0,77.0
L,121.09,581.48,156.39,3.91,55.31,61.12,2862.0,0,No Failure,157.2,70.7
L,136.15,599.83,94.75,3.24,36.58,62.59,2896.0,0,No Failure,155.7,70.1
H,138.31,721.99,142.19,1.89,50.79,69.83,3030.0,1,Discharge Blockage Overload,9.5,19.6
L,98.99,641.2,134.64,0.6,43.29,72.18,2961.0,0,No Failure,174.9,76.9
M,107.47,714.23,146.76,5.43,29.01,60.22,2917.0,0,No Failure,154.1,69.6
H,109.93,652.88,144.44,5.32,48.4,60.41,2985.0,0,No Failure,171.1,75.6
L,113.41,609.91,144.685,5.84,42.44,69.47,2980.0,0,No Failure,183.7,80.0
M,135.27,552.91,133.03,2.56,39.44,52.59,2939.0,0,No Failure,160.3,71.8
L,116.94,661.42,174.19,2.31,38.7,56.57,2963.0,0,No Failure,182.3,79.6
L,97.44,686.8,128.43,3.55,41.925,64.17,2956.0,0,No Failure,185.4,80.7
L,137.92,655.44,149.14,4.84,46.88,80.91,2956.0,0,No Failure,162.0,72.4
M,110.49,594.15,153.0,2.91,45.99,83.61,2890.0,0,No Failure,161.6,72.2
M,118.51,639.13,128.71,4.16,34.35,76.14,2973.0,0,No Failure,178.1,78.1
M,96.13,609.32,116.56,4.13,49.95,59.76,2891.0,0,No Failure,156.8,70.5
M,112.68,584.46,136.82,3.61,50.66,76.53,2974.0,0,No Failure,172.8,76.2
L,129.87,617.69,153.84,6.14,42.58,89.42,2823.0,0,No Failure,121.6,58.1
H,121.44,684.29,130.96,3.51,43.3,74.95,2853.0,0,No Failure,172.8,76.2
L,110.99,650.21,93.38,6.48,37.0,65.09,3072.0,0,No Failure,134.0,62.5
H,116.94,662.07,156.33,4.04,49.78,68.32,2912.0,0,No Failure,188.0,81.6
H,95.95,592.05,169.98,2.07,41.98,58.87,2897.0,0,No Failure,165.1,73.5
M,96.38,673.98,136.7,4.74,53.64,78.18,2931.0,0,No Failure,146.8,67.0
L,125.77,663.15,148.01,4.56,41.95,71.78,2937.0,0,No Failure,196.9,84.7
L,115.42,647.71,168.6,5.68,38.79,61.05,2707.0,0,No Failure,186.5,81.1
L,102.04,849.554,119.49,4.56,22.56,59.34,2880.0,0,No Failure,129.1,60.7
H,102.47,581.3,171.38,2.26,53.81,63.61,2864.0,0,No Failure,144.6,66.2
H,98.95,643.72,143.43,1.5,44.18,67.82,2877.0,0,No Failure,180.9,79.1
L,86.12,663.08,142.79,3.66,48.75,75.51,2868.0,0,No Failure,157.5,70.8
M,129.09,724.77,131.69,3.06,37.41,56.45,2990.0,0,No Failure,165.7,73.7
L,80.01,662.51,172.34,3.07,45.99,57.26,2907.0,0,No Failure,158.7,71.2
M,113.41,610.43,156.24,2.45,50.1,63.08,2958.0,0,No Failure,194.9,84.0
H,147.28,595.57,173.23,4.43,41.56,61.76,2959.0,0,No Failure,170.0,75.2
M,128.93,587.61,139.87,0.6,31.97,66.75,2994.0,0,No Failure,150.7,68.4
L,110.7,670.04,166.16,3.23,46.9,51.45,2960.0,0,No Failure,180.9,79.1
L,111.24,639.51,152.1,0.72,44.83,66.33,2926.0,0,No Failure,191.5,82.8
L,97.3,758.21,145.04,2.45,31.21,63.05,2950.0,0,No Failure,163.4,72.9
L,126.8,618.31,131.0,4.65,38.65,60.23,2856.0,0,No Failure,171.4,75.7
L,97.97,506.09,118.28,3.7,39.94,55.06,3050.0,0,No Failure,133.6,62.3
M,113.02,786.08,148.36,5.09,44.79,55.39,2971.0,0,No Failure,158.8,71.2
M,122.3,655.72,157.39,5.89,44.07,61.06,3060.0,0,No Failure,166.0,73.8
M,107.98,849.554,140.48,1.89,43.79,58.41,2954.0,0,No Failure,199.7,85.7
M,127.58,644.43,176.22,5.26,41.07,66.87,2997.0,0,No Failure,175.0,77.0
L,49.634,746.54,141.58,3.99,30.2,72.23,2788.0,0,No Failure,122.1,58.2
H,110.66,703.23,143.25,3.36,35.28,54.66,2707.0,0,No Failure,172.2,76.0
M,130.8,693.46,165.63,4.77,45.36,70.39,2889.0,0,No Failure,157.8,70.9
L,130.0,646.0,114.56,3.54,45.55,64.23,3127.0,0,No Failure,161.6,72.2
L,123.25,601.62,158.75,2.03,47.93,59.56,2846.0,0,No Failure,160.4,71.8
M,110.28,676.74,168.09,4.44,41.09,63.61,2857.0,0,No Failure,180.5,78.9
M,141.23,655.4,153.08,6.11,55.19,73.66,2895.0,0,No Failure,128.9,60.7
M,135.54,613.41,180.09,3.78,38.77,64.16,2970.0,0,No Failure,180.8,79.0
L,133.36,707.77,181.04,3.21,35.15,57.03,2944.0,0,No Failure,157.4,70.7
H,139.65,601.66,148.33,0.91,49.17,73.13,3097.0,0,No Failure,123.8,58.9
M,114.8,553.76,138.35,6.34,43.58,67.19,2986.0,0,No Failure,169.2,74.9
H,126.75,768.45,161.64,2.5,35.98,70.04,2972.0,0,No Failure,152.5,69.0
H,119.78,732.04,101.55,3.51,46.29,73.62,2906.0,0,No Failure,150.8,68.4
H,124.39,657.29,146.05,3.37,41.71,61.01,2960.0,0,No Failure,219.8,92.9
L,116.11,637.92,137.19,3.52,44.95,77.17,2891.0,0,No Failure,177.8,78.0
M,111.85,611.9,177.73,1.61,42.17,64.07,2930.0,0,No Failure,187.9,81.5
M,90.89,624.39,151.84,7.16,49.34,60.45,2983.0,1,Impeller Cavitation,8.3,22.5
L,137.21,646.03,151.68,2.02,47.28,65.55,2983.0,0,No Failure,183.1,79.8
M,123.56,605.57,144.56,3.8,36.1,64.66,2996.0,0,No Failure,196.1,84.4
L,99.6,738.8,126.54,2.53,51.34,80.43,3036.0,1,Discharge Blockage Overload,11.7,11.8
H,117.92,622.81,138.58,2.71,49.91,57.06,2957.0,0,No Failure,192.9,83.3
L,122.28,641.0,110.63,4.08,41.24,70.72,3008.0,0,No Failure,180.9,79.1
M,94.85,616.79,107.75,3.99,53.35,64.78,3193.0,0,No Failure,148.3,67.5
H,104.54,601.67,129.3,4.17,31.11,64.8,2873.0,0,No Failure,164.6,73.3
L,121.99,700.93,120.65,4.7,35.96,69.38,2950.0,0,No Failure,168.3,74.6
M,136.22,514.99,113.6,1.63,39.86,66.17,3020.0,0,No Failure,132.8,62.0
M,124.46,429.313,161.55,2.6,40.15,58.26,2906.0,0,No Failure,175.5,77.1
M,116.66,664.09,161.52,2.76,46.73,67.3,2829.0,0,No Failure,175.2,77.0
L,169.67,731.36,155.54,4.28,33.66,64.19,2923.0,0,No Failure,125.4,59.4
H,109.34,698.96,122.66,5.02,46.68,69.11,3111.0,0,No Failure,138.8,64.2
M,142.26,591.84,160.36,1.91,27.92,75.64,2990.0,0,No Failure,125.4,59.4
M,99.29,692.8,155.62,3.38,52.26,52.58,2859.0,0,No Failure,148.2,67.5
L,125.67,648.67,142.32,2.18,40.31,78.22,2886.0,0,No Failure,175.2,77.0
H,130.17,671.39,169.18,1.62,30.88,66.97,2964.0,0,No Failure,156.7,70.5
L,117.64,693.32,161.38,2.51,38.28,65.04,3004.0,0,No Failure,184.8,80.5
L,98.79,677.36,129.8,0.6,48.35,68.75,3027.0,0,No Failure,143.8,65.9
L,110.09,604.35,133.35,3.8,32.72,73.32,2991.0,0,No Failure,172.3,76.0
L,118.26,676.29,163.73,2.05,38.67,64.38,2917.0,0,No Failure,189.1,82.0
L,135.17,708.34,117.03,3.19,40.44,66.87,2993.0,0,No Failure,170.9,75.5
L,84.11,555.8,110.63,3.08,30.86,64.57,3050.0,0,No Failure,125.4,59.4
L,125.53,634.37,96.79,3.92,42.32,76.03,2903.0,1,Mechanical Seal Dry-Run,4.0,28.3
H,125.62,625.05,145.47,3.11,27.95,65.23,2983.0,0,No Failure,186.4,81.0
L,89.51,541.58,134.87,4.55,40.71,60.86,2895.0,0,No Failure,158.9,71.3
M,49.634,538.25,138.44,4.29,32.97,75.44,2890.0,0,No Failure,138.8,64.1
M,129.79,709.05,152.15,2.71,38.67,72.57,2862.0,0,No Failure,160.3,71.8
L,118.02,753.86,174.14,2.43,39.23,74.25,2977.0,0,No Failure,153.0,69.2
H,82.1,560.3,151.61,5.12,36.59,70.34,2890.0,1,Impeller Cavitation,8.4,19.4
L,107.1,678.16,141.06,3.84,44.11,74.24,2875.0,0,No Failure,180.3,78.9
L,130.38,675.43,138.97,6.53,32.26,81.55,3011.0,0,No Failure,122.4,58.3
M,149.95,589.17,161.31,4.85,45.8,68.37,2933.0,0,No Failure,157.5,70.8
M,180.328,586.57,160.78,1.87,49.63,62.9,2976.0,0,No Failure,162.8,72.6
L,96.14,587.15,123.81,5.74,48.0,55.57,3054.0,0,No Failure,127.6,60.2
M,136.06,579.1,63.267,4.29,35.95,71.08,2875.0,0,No Failure,135.9,63.1
M,150.87,574.63,133.12,8.48,43.57,60.07,3040.0,0,No Failure,147.3,67.2
M,143.92,623.32,152.07,0.6,33.63,72.46,3054.0,0,No Failure,128.2,60.4
M,103.67,597.13,168.8,4.19,40.35,68.43,2949.0,0,No Failure,186.9,81.2
L,116.83,715.2,140.75,4.59,33.88,75.39,3020.0,0,No Failure,154.7,69.8
L,105.98,638.24,147.51,3.99,41.925,94.0,2995.0,0,No Failure,193.6,83.6
L,104.72,591.07,135.76,1.79,40.33,67.77,2900.0,0,No Failure,178.0,78.0
L,126.42,628.71,157.27,3.72,52.84,51.11,2921.0,0,No Failure,167.2,74.2
H,114.6,557.49,146.1,3.56,47.02,60.48,2991.0,0,No Failure,191.8,82.9
L,93.1,515.96,126.45,4.71,50.23,72.89,2883.0,0,No Failure,121.6,58.1
M,145.49,703.53,154.99,1.37,42.88,63.43,2774.0,0,No Failure,134.9,62.8
L,114.82,648.63,136.99,2.95,41.11,64.19,2937.0,0,No Failure,207.8,88.6
M,128.92,588.07,120.55,3.55,42.58,72.84,2898.0,0,No Failure,172.7,76.2
M,113.18,678.0,135.04,3.87,38.57,67.22,2909.0,0,No Failure,196.9,84.7
L,109.46,628.13,159.65,4.08,47.4,53.59,2938.0,0,No Failure,185.7,80.8
H,103.19,748.12,156.97,3.03,47.05,62.04,2840.0,0,No Failure,155.7,70.1
L,119.41,717.53,129.85,1.95,34.83,67.0,2819.0,0,No Failure,146.0,66.7
H,157.54,683.54,144.44,2.54,43.28,74.75,2863.0,0,No Failure,128.6,60.6
M,114.19,540.44,179.34,4.76,43.54,57.95,3072.0,0,No Failure,140.7,64.8
M,105.28,571.35,167.6,2.97,42.15,53.91,2921.0,0,No Failure,173.9,76.6
H,137.91,543.36,130.24,4.68,48.91,61.91,2945.0,0,No Failure,157.6,70.8
L,104.38,635.33,123.18,2.39,33.47,57.12,2984.0,0,No Failure,170.5,75.4
H,87.17,557.13,119.01,3.13,33.68,70.39,2952.0,0,No Failure,150.6,68.3
H,123.52,664.11,129.61,2.41,42.41,54.57,2902.0,0,No Failure,181.6,79.3
M,143.63,615.53,143.98,3.89,39.39,65.02,2812.0,0,No Failure,170.3,75.3
L,125.69,759.79,163.92,3.89,50.87,71.05,2894.0,1,Discharge Blockage Overload,5.0,20.7
L,81.57,590.77,154.09,3.27,41.61,64.19,3019.0,0,No Failure,150.4,68.3
H,115.44,659.71,158.41,4.21,38.31,61.03,2891.0,0,No Failure,193.2,83.4
M,101.05,644.11,127.04,4.32,45.21,61.27,2905.0,0,No Failure,187.3,81.4
L,126.87,579.6,189.66,0.6,42.43,59.11,2968.0,0,No Failure,147.8,67.3
M,120.65,719.28,158.96,3.71,36.46,52.1,2993.0,0,No Failure,163.4,72.9
H,146.88,619.23,166.39,5.27,37.38,68.33,2871.0,0,No Failure,145.3,66.4
L,129.34,695.94,166.28,4.4,37.12,58.97,3017.0,0,No Failure,159.2,71.4
M,103.15,677.22,126.64,4.83,54.02,56.27,2917.0,0,No Failure,151.1,68.5
M,117.77,670.29,158.64,2.12,26.55,67.67,2937.0,0,No Failure,167.8,74.4
M,128.65,624.16,166.19,3.9,44.2,64.38,3029.0,0,No Failure,185.5,80.7
L,122.7,669.91,172.73,2.45,33.96,59.74,3014.0,0,No Failure,162.6,72.6
L,104.92,673.15,154.65,5.0,40.67,57.43,2932.0,0,No Failure,184.8,80.5
L,108.47,673.33,160.7,3.76,33.88,65.52,2858.0,0,No Failure,174.3,76.7
H,122.01,553.15,140.79,1.32,32.96,54.91,2953.0,0,No Failure,155.1,69.9
M,95.35,745.57,104.83,5.18,33.92,58.52,2947.0,0,No Failure,129.4,60.8
L,103.07,585.34,163.7,4.21,45.38,65.25,2866.0,0,No Failure,170.8,75.5
H,96.39,508.47,132.39,2.11,35.03,59.37,2904.0,0,No Failure,140.3,64.7
M,155.77,581.52,126.59,2.91,44.84,73.09,2946.0,0,No Failure,143.8,65.9
M,81.49,655.11,112.36,5.06,39.53,68.82,2946.0,1,Impeller Cavitation,6.1,26.7
L,117.04,583.46,156.76,4.5,32.86,53.46,2939.0,0,No Failure,167.0,74.1
L,94.07,564.36,175.95,3.78,40.78,47.8,2981.0,0,No Failure,146.1,66.7
L,103.31,655.86,140.66,3.08,37.16,54.6,2968.0,0,No Failure,191.5,82.8
H,124.44,652.12,172.77,2.11,40.33,57.91,2905.0,0,No Failure,176.5,77.5
M,128.22,648.87,153.77,3.42,38.64,71.67,2866.0,0,No Failure,184.3,80.3
L,120.12,621.48,120.46,6.06,41.38,54.81,2989.0,0,No Failure,165.1,73.5
H,118.99,561.48,157.9,3.5,34.19,62.92,3038.0,0,No Failure,171.5,75.7
L,96.56,555.64,139.67,3.6,41.09,53.12,3006.0,0,No Failure,167.6,74.4
L,126.38,629.17,161.45,6.14,43.26,52.96,2830.0,0,No Failure,145.2,66.4
H,96.83,689.96,132.26,2.2,38.02,61.07,2915.0,0,No Failure,173.4,76.4
M,138.71,632.98,152.14,3.06,50.34,71.25,2972.0,0,No Failure,178.1,78.1
M,135.41,591.7,142.88,4.49,38.26,61.48,3014.0,0,No Failure,174.7,76.9
H,97.09,704.91,139.92,3.41,51.12,40.0,2975.0,0,No Failure,142.2,65.4
H,95.91,762.65,149.22,3.21,36.4,55.52,2910.0,0,No Failure,155.9,70.2
L,122.47,671.12,165.19,1.57,50.46,56.36,2871.0,0,No Failure,148.8,67.7
H,100.25,635.75,140.14,6.52,26.66,60.54,2964.0,0,No Failure,153.0,69.2
L,128.26,627.18,182.87,4.65,37.15,62.57,2946.0,0,No Failure,177.5,77.8
M,141.15,610.65,141.27,2.5,33.02,76.86,2999.0,0,No Failure,150.8,68.4
M,114.71,640.48,199.01,2.24,45.56,56.83,2987.0,0,No Failure,167.4,74.3
H,107.36,572.11,152.42,2.15,44.07,83.46,2865.0,0,No Failure,145.5,66.5
H,136.6,741.6,120.1,4.29,56.2,72.13,3149.0,1,Discharge Blockage Overload,1.9,1.6
L,122.88,563.0,140.64,3.6,39.36,73.68,3031.0,0,No Failure,171.3,75.7
H,93.05,552.38,152.75,4.85,47.12,60.62,3113.0,0,No Failure,131.6,61.6
M,106.02,624.88,132.66,3.69,47.39,67.12,2980.0,0,No Failure,195.9,84.4
M,115.3,604.69,153.33,0.6,40.63,69.01,2707.0,0,No Failure,174.7,76.9
M,180.328,613.07,108.68,2.92,50.02,59.6,2969.0,0,No Failure,166.6,74.0
L,133.84,495.73,165.2,2.22,50.16,50.81,2939.0,0,No Failure,123.9,58.9
L,125.46,710.34,151.92,2.54,41.3,68.06,2931.0,0,No Failure,189.4,82.1
M,106.19,702.82,140.97,4.28,44.81,65.55,2896.0,0,No Failure,186.5,81.1
L,109.26,681.03,160.07,4.08,38.89,56.59,2990.0,0,No Failure,181.9,79.4
L,72.63,621.71,140.38,0.6,30.29,59.81,3013.0,0,No Failure,127.9,60.3
L,130.96,608.2,145.76,4.57,46.01,53.52,2946.0,0,No Failure,181.0,79.1
L,109.73,700.45,154.59,3.17,39.0,54.59,2868.0,0,No Failure,173.4,76.4
L,120.6,586.75,157.7,4.75,36.99,65.47,3193.0,0,No Failure,175.8,77.3
M,109.25,663.94,146.75,1.41,49.02,66.45,2907.0,0,No Failure,181.2,79.2
M,144.13,693.42,190.04,3.43,46.25,68.24,2986.0,0,No Failure,152.5,69.0
H,91.22,679.68,121.02,3.46,38.89,54.48,2980.0,0,No Failure,167.7,74.4
M,109.42,699.87,147.98,2.47,30.95,65.95,2889.0,0,No Failure,170.4,75.3
L,112.16,699.26,181.86,3.02,48.77,67.8,2871.0,0,No Failure,159.1,71.3
H,108.69,591.68,158.98,0.6,55.32,74.15,2872.0,0,No Failure,125.5,59.4
H,143.51,656.56,156.58,2.79,48.7,71.13,2961.0,0,No Failure,172.6,76.1
M,117.69,579.8,124.23,4.97,53.55,62.68,3042.0,0,No Failure,148.7,67.7
M,102.02,667.84,129.63,6.13,42.91,77.81,2970.0,0,No Failure,157.7,70.8
M,141.39,607.7,129.38,1.12,54.94,66.93,2870.0,0,No Failure,130.6,61.2
M,108.24,598.96,147.52,3.93,44.75,54.53,2960.0,0,No Failure,194.0,83.7
L,135.32,600.89,120.86,3.03,38.42,62.27,2944.0,0,No Failure,184.4,80.3
L,132.52,624.28,156.92,3.05,43.09,78.09,3033.0,0,No Failure,168.6,74.7
L,128.77,611.94,134.77,4.69,42.97,55.4,2973.0,0,No Failure,182.2,79.5
L,114.85,582.68,136.93,3.03,55.02,75.59,3051.0,0,No Failure,148.7,67.7
M,158.54,669.48,126.37,5.47,48.47,59.89,2907.0,0,No Failure,138.0,63.9
H,134.03,663.34,160.89,3.0,42.7,65.16,2991.0,0,No Failure,193.8,83.6
L,123.82,553.87,143.39,3.89,36.68,54.19,3073.0,0,No Failure,152.4,69.0
M,143.57,733.36,170.72,4.17,46.18,42.91,2980.0,0,No Failure,120.9,57.8
H,127.14,557.06,178.76,2.13,43.15,60.98,2928.0,0,No Failure,164.5,73.2
H,99.16,605.4,137.45,3.84,48.24,65.99,2964.0,0,No Failure,190.7,82.6
L,96.55,668.5,131.35,6.22,33.59,71.72,3009.0,0,No Failure,139.5,64.4
L,127.24,583.24,160.29,3.29,43.27,66.57,2995.0,0,No Failure,189.5,82.1
H,96.23,680.2,180.23,5.14,55.59,67.86,2925.0,0,No Failure,136.4,63.3
L,129.81,634.11,159.46,2.95,39.28,59.9,2956.0,0,No Failure,199.8,85.8
L,111.62,733.77,109.35,3.05,44.26,61.15,3085.0,0,No Failure,150.3,68.2
M,133.13,648.57,148.55,2.48,39.92,54.32,2892.0,0,No Failure,180.0,78.8
L,115.56,690.67,149.17,4.68,18.688,62.22,2888.0,0,No Failure,187.9,81.5
L,106.83,681.0,157.11,2.78,37.76,69.0,2930.0,0,No Failure,188.4,81.7
M,103.19,622.66,196.36,2.37,44.82,61.71,2804.0,0,No Failure,144.1,66.0
L,114.82,590.8,136.72,2.32,40.53,59.89,2842.0,0,No Failure,153.3,69.3
M,124.71,640.35,135.17,4.49,46.09,69.51,3002.0,0,No Failure,187.0,81.2
L,115.09,670.36,166.28,5.29,40.68,64.49,2931.0,0,No Failure,192.9,83.3
M,93.6,618.71,130.92,2.09,48.51,67.49,3002.0,0,No Failure,166.3,73.9
L,103.76,684.05,150.61,2.29,37.61,54.85,2858.0,0,No Failure,162.2,72.4
L,114.82,673.73,130.13,4.43,43.51,51.59,2966.0,0,No Failure,184.7,80.4
L,102.49,648.43,137.24,4.61,40.11,64.73,2954.0,0,No Failure,205.7,87.8
M,99.24,672.59,169.76,4.47,45.02,64.66,2979.0,0,No Failure,170.4,75.4
M,142.34,429.313,149.74,2.91,51.86,73.34,2984.0,0,No Failure,167.3,74.3
M,123.4,572.21,135.76,3.13,44.89,66.26,3005.0,0,No Failure,186.7,81.1
M,70.88,686.78,168.17,5.67,48.11,57.41,2865.0,1,Impeller Cavitation,11.6,11.2
M,147.88,628.32,147.71,2.33,49.94,72.54,3020.0,0,No Failure,154.0,69.6
L,114.82,729.34,122.96,2.49,32.2,78.31,2886.0,0,No Failure,133.1,62.1
M,111.74,653.68,106.22,4.55,46.0,50.5,2870.0,0,No Failure,150.8,68.4
L,91.55,635.28,121.82,4.19,28.52,61.1,2869.0,0,No Failure,148.4,67.6
H,101.5,751.67,193.73,3.97,38.16,59.19,2952.0,0,No Failure,135.9,63.1
L,124.28,689.51,151.97,3.71,44.29,57.9,2937.0,0,No Failure,195.5,84.2
L,104.39,640.1,142.52,3.1,43.74,71.71,3030.0,0,No Failure,194.0,83.7
M,115.79,594.36,163.22,4.34,47.06,69.77,2862.0,0,No Failure,168.4,74.7
H,106.02,531.15,109.75,2.46,39.75,66.66,2854.0,0,No Failure,145.4,66.5
H,142.84,641.14,127.5,4.42,45.17,63.86,2992.0,0,No Failure,181.7,79.4
L,104.79,606.3,158.32,3.51,32.43,61.37,3042.0,0,No Failure,170.5,75.4
H,149.21,637.37,165.67,4.37,23.27,61.98,2827.0,0,No Failure,122.1,58.2
L,103.72,637.92,141.17,3.68,42.13,52.4,2904.0,0,No Failure,195.2,84.1
M,91.32,546.1,145.07,-1.671,44.29,66.67,2970.0,0,No Failure,165.3,73.5
M,121.11,660.8,179.89,4.48,41.3,64.66,2884.0,0,No Failure,181.3,79.2
H,97.63,429.313,121.36,1.34,42.27,70.34,3011.0,0,No Failure,165.6,73.6
L,95.17,558.28,131.63,0.96,46.39,51.61,3009.0,0,No Failure,129.9,61.0
M,106.8,678.45,175.3,3.43,42.44,49.37,2892.0,0,No Failure,130.5,61.2
L,129.76,619.31,145.08,4.46,48.23,73.63,2945.0,0,No Failure,182.9,79.8
M,120.48,569.01,175.61,4.24,29.55,74.06,2870.0,0,No Failure,130.9,61.4
L,103.38,612.58,137.85,3.92,37.88,75.3,2919.0,0,No Failure,180.5,78.9
M,137.58,624.38,168.89,0.6,41.7,56.3,2798.0,0,No Failure,131.0,61.4
L,112.17,617.75,135.59,4.23,41.925,68.25,3018.0,0,No Failure,194.6,83.9
M,101.99,627.18,138.41,3.04,48.81,68.01,3040.0,0,No Failure,179.3,78.5
H,121.8,668.53,130.02,4.89,46.37,62.08,3013.0,0,No Failure,178.2,78.1
L,107.02,600.21,150.15,4.17,35.88,76.21,2915.0,0,No Failure,172.5,76.1
H,164.03,672.71,158.2,2.11,51.08,59.35,3031.0,0,No Failure,129.7,60.9
L,99.03,713.02,178.91,2.47,37.9,56.27,2931.0,0,No Failure,153.8,69.5
L,116.45,596.82,137.9,2.87,41.68,61.9,2913.0,0,No Failure,206.6,88.2
M,107.44,624.42,135.42,2.19,39.18,67.88,2967.0,0,No Failure,196.6,84.6
L,137.79,723.41,164.36,5.64,37.55,75.92,2968.0,0,No Failure,134.7,62.7
M,97.91,623.04,142.68,6.06,34.7,60.07,2913.0,0,No Failure,162.4,72.5
L,137.02,629.26,141.99,3.74,42.33,58.8,2997.0,0,No Failure,196.1,84.5
L,102.11,661.39,104.95,5.06,45.96,65.78,2972.0,0,No Failure,167.7,74.4
M,73.93,640.53,155.84,3.43,31.34,60.64,2924.0,0,No Failure,155.6,70.1
L,150.89,693.1,190.23,1.17,41.01,68.36,2923.0,0,No Failure,134.2,62.5
L,125.85,648.39,171.45,2.06,48.31,82.88,3193.0,0,No Failure,140.2,64.7
H,89.46,695.86,115.46,2.96,46.02,59.14,2871.0,0,No Failure,150.7,68.4
H,103.22,584.43,146.75,4.71,46.04,69.63,2883.0,0,No Failure,171.2,75.6
M,119.83,571.27,101.97,2.81,40.39,59.97,2905.0,0,No Failure,167.1,74.2
L,147.93,624.23,152.38,3.3,41.8,60.09,2892.0,0,No Failure,186.2,80.9
L,134.08,718.21,125.98,4.6,41.925,70.2,3011.0,0,No Failure,127.6,60.2
M,144.41,588.29,142.68,4.37,30.02,56.31,3008.0,0,No Failure,144.2,66.1
L,98.74,656.97,148.92,4.56,41.15,65.13,2911.0,0,No Failure,197.8,85.0
L,122.02,713.41,128.13,4.29,41.7,70.96,2828.0,0,No Failure,159.2,71.4
L,114.82,637.92,151.88,0.6,33.84,51.82,2944.0,0,No Failure,145.2,66.4
L,118.95,661.45,146.91,2.33,34.55,58.78,2954.0,0,No Failure,194.8,84.0
M,129.42,630.24,147.34,1.08,36.31,60.02,3071.0,0,No Failure,158.1,71.0
L,126.47,607.7,139.17,5.86,27.77,48.27,2827.0,0,No Failure,113.2,55.1
L,121.65,451.87,149.89,2.31,51.97,64.88,2975.0,0,No Failure,152.2,68.9
M,139.38,579.88,114.76,3.03,36.47,57.48,2942.0,0,No Failure,159.7,71.6
L,114.82,642.04,132.45,3.36,42.0,70.09,3023.0,0,No Failure,193.2,83.4
L,114.82,558.6,102.08,3.79,39.46,66.58,2917.0,0,No Failure,169.6,75.1
M,111.03,620.11,135.21,1.54,38.26,72.82,2915.0,0,No Failure,177.5,77.9
L,49.634,739.24,148.39,4.87,39.81,67.76,2958.0,0,No Failure,173.3,76.4
H,135.89,561.19,129.88,4.22,48.16,65.02,2946.0,0,No Failure,171.4,75.7
H,112.85,627.76,123.88,3.11,61.16,50.16,3038.0,0,No Failure,137.2,63.6
L,88.7,705.61,152.68,8.494,37.8,59.18,3023.0,0,No Failure,166.5,74.0
M,100.73,619.07,139.65,1.5,47.83,65.73,3193.0,0,No Failure,177.4,77.8
H,83.08,670.58,136.06,3.21,39.5,67.78,2963.0,0,No Failure,186.3,81.0
H,128.9,648.73,148.19,3.44,44.64,56.38,2914.0,0,No Failure,198.9,85.4
L,97.31,683.07,201.68,4.24,30.51,72.39,2966.0,0,No Failure,130.6,61.2
L,109.46,596.12,146.55,5.21,40.88,59.66,2707.0,0,No Failure,178.7,78.3
M,92.3,634.28,143.96,3.7,49.56,56.32,2920.0,0,No Failure,182.5,79.6
L,97.97,674.11,140.45,4.11,48.7,55.63,2964.0,0,No Failure,177.7,77.9
L,132.93,756.26,154.27,3.77,35.93,60.47,2983.0,0,No Failure,162.2,72.5
L,106.03,665.51,158.59,2.93,42.82,69.61,2876.0,0,No Failure,186.9,81.2
L,102.13,662.79,137.1,3.95,50.03,65.35,2816.0,0,No Failure,166.7,74.0
H,108.43,771.12,110.74,2.47,44.95,58.44,2972.0,0,No Failure,151.6,68.7
M,125.95,679.77,134.58,3.17,41.29,74.93,2831.0,0,No Failure,168.0,74.5
L,125.97,634.02,151.15,4.52,47.37,58.87,3002.0,0,No Failure,184.5,80.3
L,137.54,656.58,63.267,2.89,40.45,59.57,2918.0,0,No Failure,164.5,73.2
H,141.69,680.43,140.03,1.22,35.66,66.65,3083.0,0,No Failure,139.3,64.4
L,113.27,699.92,143.42,2.95,34.34,59.78,3077.0,0,No Failure,168.3,74.6
L,107.17,736.58,149.78,4.6,39.61,44.68,2861.0,0,No Failure,139.1,64.3
L,131.14,683.38,108.3,4.27,39.94,63.07,3003.0,0,No Failure,168.4,74.7
M,104.26,579.82,142.69,5.09,33.81,64.86,2904.0,0,No Failure,170.3,75.3
M,133.63,575.49,134.67,3.43,35.13,54.71,2946.0,0,No Failure,166.3,73.9
L,115.65,614.98,145.75,2.33,44.27,49.49,2998.0,0,No Failure,183.2,79.9
L,128.01,535.49,104.06,1.86,65.304,68.81,2893.0,0,No Failure,136.4,63.3
L,112.91,609.17,167.27,4.5,33.6,55.89,2891.0,0,No Failure,162.3,72.5
M,123.4,633.88,162.5,5.14,43.82,65.18,2978.0,0,No Failure,192.5,83.2
L,136.28,636.95,152.67,3.36,50.35,61.91,2959.0,0,No Failure,188.8,81.9
L,102.54,579.55,153.38,2.49,44.56,69.76,2850.0,0,No Failure,165.1,73.5
M,104.26,617.89,141.01,2.91,42.12,69.4,2898.0,0,No Failure,198.7,85.4
M,120.19,757.89,130.88,2.18,51.29,67.0,2916.0,1,Discharge Blockage Overload,12.3,24.6
M,111.66,670.97,144.14,0.6,38.42,67.01,2849.0,0,No Failure,167.9,74.5
M,93.45,627.91,146.55,3.2,46.31,56.92,2932.0,0,No Failure,193.0,83.4
L,116.3,724.37,160.88,2.26,39.47,74.86,2899.0,0,No Failure,162.7,72.6
L,88.08,648.08,140.85,1.26,53.69,58.76,2820.0,0,No Failure,132.9,62.1
L,85.12,673.62,119.0,4.45,42.78,73.62,2896.0,0,No Failure,153.3,69.3
M,101.13,567.48,107.1,4.52,47.38,71.48,2870.0,0,No Failure,136.1,63.2
L,124.24,597.93,154.31,2.55,47.98,64.2,2988.0,0,No Failure,187.3,81.4
L,108.51,554.52,131.98,2.43,34.46,79.5,2907.0,0,No Failure,145.2,66.4
M,113.98,660.99,135.62,1.81,39.02,47.17,2921.0,0,No Failure,171.9,75.9
L,119.95,671.77,125.75,1.34,40.15,64.9,2989.0,0,No Failure,182.6,79.7
M,118.6,559.95,164.92,3.88,34.63,59.96,3063.0,0,No Failure,154.0,69.5
L,107.1,637.21,173.97,3.18,28.51,74.53,2981.0,0,No Failure,160.4,71.8
L,106.59,510.46,146.12,3.36,55.72,63.77,3193.0,0,No Failure,162.0,72.4
M,102.05,690.16,145.82,2.51,33.56,53.94,2936.0,0,No Failure,170.8,75.5
L,88.33,686.58,144.16,4.93,39.53,65.8,2894.0,0,No Failure,172.4,76.1
M,76.58,656.66,141.43,4.81,34.96,68.42,2944.0,0,No Failure,167.0,74.2
H,131.29,693.96,166.61,0.92,30.26,59.82,2927.0,0,No Failure,139.6,64.5
M,112.82,640.51,161.15,2.86,37.5,66.76,2928.0,0,No Failure,204.2,87.3
H,109.55,630.7,207.63,4.04,49.83,54.49,2946.0,0,No Failure,154.9,69.9
L,115.65,697.61,104.01,2.13,41.79,64.33,2807.0,0,No Failure,155.9,70.2
H,83.96,747.1,147.14,4.43,53.97,58.37,2816.0,1,Discharge Blockage Overload,6.2,10.8
L,137.28,626.44,122.71,1.72,36.72,54.89,2864.0,0,No Failure,144.8,66.3
L,119.02,740.17,122.08,3.81,34.8,55.91,2981.0,0,No Failure,158.4,71.1
L,94.43,695.43,134.07,2.99,44.85,74.77,2967.0,0,No Failure,172.0,75.9
L,143.91,656.21,146.2,2.92,42.55,61.12,3031.0,0,No Failure,185.4,80.6
M,103.03,665.15,146.97,3.84,40.22,48.84,2967.0,0,No Failure,186.3,81.0
L,101.09,684.9,146.07,4.39,50.76,64.45,3032.0,0,No Failure,171.2,75.6
L,79.98,703.01,162.95,1.71,41.66,54.64,2941.0,0,No Failure,151.7,68.7
M,108.17,615.96,140.28,2.82,35.71,70.36,3031.0,0,No Failure,179.1,78.4
L,114.82,621.93,125.42,4.72,45.45,64.25,2973.0,0,No Failure,189.2,82.0
M,123.19,631.59,145.95,3.58,42.44,55.36,2888.0,0,No Failure,199.8,85.8
L,117.67,629.35,179.77,3.27,43.57,62.51,2949.0,0,No Failure,206.4,88.1
L,126.59,712.48,156.25,5.67,32.82,66.58,2928.0,0,No Failure,155.6,70.1
M,123.4,632.28,129.89,3.91,41.33,66.15,2917.0,0,No Failure,205.2,87.7
L,52.0,573.87,148.02,1.89,44.39,66.86,2891.0,0,No Failure,143.4,65.8
L,110.28,675.4,126.63,4.59,33.79,50.83,2811.0,0,No Failure,135.7,63.1
H,106.88,643.71,137.57,2.89,38.57,58.24,2836.0,0,No Failure,182.4,79.6
L,116.65,674.69,130.08,1.32,42.51,62.04,3093.0,0,No Failure,166.0,73.8
H,128.4,849.554,164.96,1.73,41.88,66.96,2935.0,0,No Failure,181.2,79.2
H,112.12,594.0,185.09,3.75,43.26,59.42,2952.0,0,No Failure,187.2,81.3
H,133.22,551.89,142.83,3.36,42.21,69.35,2913.0,0,No Failure,174.8,76.9
M,111.21,589.0,131.89,4.07,48.31,65.39,2954.0,0,No Failure,193.1,83.4
L,92.79,623.33,142.67,2.38,38.97,67.36,2996.0,0,No Failure,185.8,80.8
L,110.38,625.77,163.84,3.26,40.47,54.17,2882.0,0,No Failure,185.8,80.8
M,97.73,596.1,176.22,4.88,44.52,34.533,3032.0,0,No Failure,156.1,70.3
L,126.99,693.18,148.73,5.29,47.2,65.32,2950.0,0,No Failure,183.5,80.0
L,104.25,566.21,141.67,2.15,48.08,80.46,2950.0,0,No Failure,158.7,71.2
L,113.98,614.8,121.33,3.03,41.33,64.82,2997.0,0,No Failure,201.9,86.5
H,115.24,710.14,147.9,1.91,44.4,58.5,2989.0,0,No Failure,183.3,79.9
L,112.59,849.554,172.65,0.6,41.925,63.9,3013.0,0,No Failure,159.7,71.6
H,171.8,682.04,113.69,4.9,50.12,71.51,2822.0,0,No Failure,113.9,55.3
M,147.08,777.41,124.39,2.97,43.94,59.76,3058.0,0,No Failure,130.2,61.1
L,129.6,623.34,129.95,3.85,31.85,71.22,2888.0,0,No Failure,164.4,73.2
H,116.13,599.54,129.83,4.28,40.12,71.72,3001.0,0,No Failure,183.4,80.0
H,113.16,702.85,144.44,0.6,38.25,76.24,2941.0,0,No Failure,145.6,66.6
L,128.3,723.97,127.19,4.55,48.08,69.1,2859.0,0,No Failure,146.1,66.7
H,138.96,611.74,135.0,4.53,34.2,56.02,2796.0,0,No Failure,135.1,62.8
L,108.12,702.23,119.47,1.54,39.97,77.07,3056.0,1,Mechanical Seal Dry-Run,2.7,18.4
M,111.68,699.79,158.56,5.18,32.09,64.66,2940.0,0,No Failure,171.2,75.6
L,123.9,693.34,133.27,4.73,49.77,69.79,2942.0,0,No Failure,171.8,75.8
M,104.18,600.78,117.57,3.81,36.48,69.17,2984.0,0,No Failure,173.3,76.4
L,108.66,674.37,141.34,5.33,55.01,68.67,2916.0,0,No Failure,162.9,72.7
M,114.33,620.86,100.56,1.22,51.32,70.14,3005.0,0,No Failure,144.1,66.0
L,123.99,651.03,135.35,4.56,37.13,75.5,2887.0,0,No Failure,170.3,75.3
L,112.14,540.17,191.81,3.5,34.42,63.39,2965.0,0,No Failure,162.5,72.6
L,122.45,638.87,144.2,4.85,54.29,60.21,2995.0,0,No Failure,177.5,77.9
L,122.8,624.05,152.59,2.14,40.01,58.72,3026.0,0,No Failure,184.0,80.2
M,124.22,689.77,162.61,2.73,45.82,54.08,3061.0,0,No Failure,155.0,69.9
L,107.37,600.95,141.83,3.61,54.97,56.94,2883.0,0,No Failure,167.1,74.2
H,163.58,626.15,146.59,3.45,41.64,61.33,3027.0,0,No Failure,176.5,77.5
L,123.96,600.87,158.89,1.24,46.15,63.9,3059.0,0,No Failure,161.8,72.3
L,105.7,673.53,144.78,5.43,40.48,62.81,2949.0,0,No Failure,199.2,85.6
M,115.89,656.14,149.05,3.64,41.79,64.77,2927.0,0,No Failure,223.9,94.3
M,104.84,493.97,176.43,4.66,42.39,67.02,2951.0,0,No Failure,157.7,70.9
L,115.58,637.92,123.84,2.51,42.85,58.36,2816.0,0,No Failure,177.6,77.9
L,127.08,627.83,146.28,3.28,49.66,85.65,2874.0,0,No Failure,157.4,70.8
H,117.82,849.554,144.44,1.83,28.18,65.61,2908.0,0,No Failure,150.5,68.3
L,127.48,602.33,174.6,4.63,65.304,63.67,2888.0,0,No Failure,167.0,74.1
M,104.96,672.4,118.28,3.52,43.39,73.32,2990.0,0,No Failure,179.6,78.6
H,102.67,662.23,163.07,3.18,41.93,68.89,2954.0,0,No Failure,194.6,83.9
H,122.37,683.71,145.09,2.62,47.72,56.28,2892.0,0,No Failure,178.5,78.2
L,111.94,619.34,135.94,2.77,44.03,77.3,3024.0,0,No Failure,178.6,78.2
L,107.6,616.5,164.93,2.09,49.02,68.97,2999.0,0,No Failure,169.7,75.1
L,103.04,594.9,154.58,3.81,46.13,54.93,2902.0,0,No Failure,175.5,77.2
L,120.55,657.92,136.18,2.14,33.15,60.71,2866.0,0,No Failure,171.6,75.8
M,133.94,668.92,134.21,3.69,50.59,34.533,3008.0,0,No Failure,175.7,77.2
L,130.77,540.22,127.02,5.94,42.57,63.1,2811.0,0,No Failure,135.0,62.8
L,133.47,666.27,169.5,1.95,51.06,55.43,2942.0,0,No Failure,154.7,69.8
L,81.27,602.95,132.17,0.6,43.43,75.99,2912.0,0,No Failure,138.6,64.1
L,124.27,637.92,140.46,1.88,32.32,69.26,2830.0,0,No Failure,156.2,70.3
L,96.54,849.554,144.36,5.65,43.97,56.25,2859.0,0,No Failure,134.3,62.5
M,109.88,649.44,156.65,2.49,42.6,58.09,3079.0,0,No Failure,179.3,78.5
L,120.44,528.9,143.39,3.51,41.04,68.14,2931.0,0,No Failure,193.0,83.4
L,104.06,647.34,121.31,4.02,45.82,60.6,2945.0,0,No Failure,194.2,83.8
M,85.79,672.86,139.6,5.7,49.55,68.5,3056.0,1,Impeller Cavitation,4.0,18.8
H,130.74,637.24,125.11,3.36,42.3,68.12,2912.0,0,No Failure,198.0,85.1
L,93.11,623.11,102.75,2.67,48.28,77.26,2972.0,1,Mechanical Seal Dry-Run,11.7,21.6
H,134.19,614.78,169.12,1.17,44.53,57.88,2960.0,0,No Failure,164.6,73.3
M,132.84,590.13,131.21,2.92,53.81,61.05,2942.0,0,No Failure,169.1,74.9
H,134.18,620.05,154.65,2.18,41.91,70.18,2947.0,0,No Failure,191.2,82.7
M,139.84,709.07,168.88,4.53,38.21,85.49,3038.0,0,No Failure,115.4,55.9
L,108.72,670.8,91.49,2.51,50.12,60.09,2910.0,0,No Failure,153.3,69.3
L,85.72,634.95,115.39,1.91,55.02,58.91,2955.0,0,No Failure,146.3,66.8
H,93.71,659.96,169.93,3.15,45.05,77.91,2958.0,0,No Failure,169.4,75.0
M,119.1,688.89,140.1,5.43,51.95,64.38,3050.0,0,No Failure,158.9,71.3
M,164.76,683.58,154.24,2.2,47.02,62.21,2946.0,0,No Failure,151.9,68.8
L,128.13,576.99,132.04,3.77,41.925,64.41,2997.0,0,No Failure,187.8,81.5
H,96.58,658.37,167.5,0.67,38.18,68.63,2820.0,0,No Failure,137.5,63.7
L,127.08,560.79,158.21,3.91,44.79,71.17,3063.0,0,No Failure,156.1,70.3
M,109.68,720.74,129.09,3.56,39.06,69.71,2960.0,0,No Failure,186.5,81.1
M,102.46,655.76,99.24,3.65,51.13,56.72,2964.0,0,No Failure,161.2,72.1
L,147.05,676.37,63.267,7.23,47.24,73.51,3037.0,0,No Failure,115.2,55.8
M,114.72,683.79,141.16,2.59,43.79,56.15,2932.0,0,No Failure,197.9,85.1
H,121.8,591.82,107.9,4.55,37.28,53.72,2871.0,0,No Failure,144.6,66.2
H,146.32,682.52,135.12,8.494,41.93,52.39,2971.0,0,No Failure,167.7,74.4
M,118.99,712.74,119.61,2.66,46.72,77.68,2979.0,1,Mechanical Seal Dry-Run,8.1,25.6
L,108.36,724.84,170.2,5.27,47.06,59.55,2961.0,0,No Failure,159.2,71.4
L,138.07,595.86,133.83,4.07,48.63,70.28,3047.0,0,No Failure,152.8,69.1
L,105.71,729.76,145.86,4.72,40.18,69.41,2883.0,0,No Failure,170.1,75.3
L,111.4,720.31,124.7,4.57,39.66,74.78,3005.0,0,No Failure,158.5,71.1
M,94.33,496.96,147.72,3.83,44.88,73.48,2974.0,0,No Failure,155.7,70.1
L,104.39,615.37,119.08,5.05,55.56,59.12,2969.0,0,No Failure,152.6,69.1
L,103.25,711.47,86.97,1.91,36.95,67.14,2950.0,0,No Failure,144.8,66.3
L,123.51,673.97,158.13,4.44,41.72,63.94,2933.0,0,No Failure,202.3,86.7
H,128.46,668.37,149.61,3.89,48.72,66.8,3047.0,0,No Failure,175.8,77.3
H,103.72,563.3,129.99,2.78,34.9,59.55,3092.0,0,No Failure,144.5,66.2
M,106.95,638.02,177.78,2.48,35.06,64.37,2866.0,0,No Failure,170.9,75.5
L,94.4,624.26,122.21,4.94,36.79,60.08,2948.0,0,No Failure,173.0,76.3
L,139.12,665.83,137.01,4.51,39.38,74.31,2849.0,0,No Failure,155.2,70.0
L,144.67,636.51,144.12,4.57,38.61,64.64,2950.0,0,No Failure,196.3,84.5
L,114.28,626.32,134.07,6.14,38.83,70.4,2892.0,0,No Failure,172.7,76.2
L,103.99,712.24,140.96,5.11,48.51,73.72,2912.0,0,No Failure,156.2,70.3
L,116.06,589.33,124.54,3.32,39.69,59.86,2972.0,0,No Failure,196.6,84.6
H,97.4,599.52,190.11,4.4,41.34,71.0,2962.0,0,No Failure,163.0,72.7
L,115.34,703.26,139.5,4.12,38.71,75.94,2939.0,0,No Failure,184.2,80.2
H,133.12,620.11,125.8,3.36,18.688,57.31,3054.0,0,No Failure,171.1,75.6
M,97.68,634.62,148.05,4.2,36.5,61.48,2929.0,0,No Failure,195.4,84.2
L,137.36,573.2,139.95,2.68,40.11,61.55,2936.0,0,No Failure,185.1,80.6
M,126.42,727.97,154.2,3.63,44.51,68.11,2999.0,0,No Failure,178.9,78.4
L,114.1,575.98,155.03,0.7,45.21,65.37,2907.0,0,No Failure,172.5,76.1
L,101.5,734.74,123.47,5.55,32.09,64.57,2707.0,0,No Failure,131.8,61.7
M,123.55,650.88,134.15,5.93,44.07,72.86,2928.0,0,No Failure,175.5,77.1
L,69.5,612.22,125.63,0.6,37.38,64.21,2972.0,0,No Failure,144.2,66.1
L,131.68,616.32,126.51,2.78,44.38,73.94,2919.0,0,No Failure,175.5,77.2
L,142.29,699.72,168.86,1.53,36.22,69.16,2868.0,0,No Failure,132.9,62.1
L,93.91,755.05,142.13,5.99,39.76,65.68,2889.0,0,No Failure,147.6,67.3
M,111.8,616.33,121.88,2.9,40.3,58.59,2862.0,0,No Failure,181.1,79.1
L,107.39,607.14,183.95,-1.671,45.3,34.533,2997.0,0,No Failure,170.3,75.3
H,95.47,671.02,149.05,2.32,46.15,66.11,3014.0,0,No Failure,178.5,78.2
H,99.08,793.49,194.11,4.69,32.77,58.45,2905.0,0,No Failure,108.0,53.2
H,124.61,661.52,181.42,5.21,32.16,60.66,2910.0,0,No Failure,152.1,68.9
L,100.24,609.88,166.32,3.39,50.67,61.16,3057.0,0,No Failure,162.3,72.5
M,122.79,624.67,142.68,3.38,39.78,72.94,3026.0,0,No Failure,186.2,80.9
L,134.54,664.78,163.88,5.62,38.63,68.48,2955.0,0,No Failure,169.8,75.1
L,141.79,660.39,169.88,2.53,38.99,61.11,2928.0,0,No Failure,174.7,76.9
M,102.87,625.36,109.06,1.87,45.79,40.81,3024.0,0,No Failure,127.3,60.1
M,130.99,595.3,110.48,3.04,44.51,63.59,2922.0,0,No Failure,179.7,78.6
M,110.62,699.84,141.4,1.87,35.8,54.56,2877.0,0,No Failure,160.2,71.7
M,95.68,613.26,115.86,2.73,49.35,61.19,2897.0,0,No Failure,162.4,72.5
H,121.68,589.83,164.36,4.69,43.21,64.41,3085.0,0,No Failure,165.9,73.8
L,125.56,659.78,226.023,2.67,36.49,70.3,2804.0,0,No Failure,158.5,71.1
L,106.73,728.15,166.3,2.79,46.97,64.19,2885.0,0,No Failure,168.0,74.5
L,129.79,574.27,141.07,5.32,50.09,65.57,3001.0,0,No Failure,160.5,71.9
L,126.67,659.61,144.69,4.39,42.98,62.62,2977.0,0,No Failure,206.2,88.0
L,114.01,682.31,156.17,3.31,37.93,66.02,3085.0,0,No Failure,180.4,78.9
L,131.99,685.56,158.5,2.38,35.16,50.75,2972.0,0,No Failure,156.0,70.3
M,130.03,587.86,181.36,3.71,45.05,91.12,2926.0,0,No Failure,162.4,72.5
M,110.22,592.66,155.14,3.76,42.44,65.21,2917.0,0,No Failure,190.8,82.6
L,102.88,682.18,118.35,4.81,39.68,73.7,2945.0,0,No Failure,167.6,74.4
H,103.89,578.99,154.86,3.72,43.82,51.7,2980.0,0,No Failure,176.3,77.5
M,121.73,763.76,175.83,3.91,45.98,80.68,2925.0,0,No Failure,138.2,63.9
M,137.83,571.9,114.65,3.12,38.88,59.09,3047.0,0,No Failure,148.7,67.7
L,139.5,588.71,154.12,3.63,36.92,62.56,3045.0,0,No Failure,167.5,74.3
M,102.62,556.19,139.11,2.22,30.15,59.31,3005.0,0,No Failure,150.0,68.1
M,131.21,649.4,130.03,2.34,37.6,71.33,2938.0,0,No Failure,181.5,79.3
L,118.9,630.21,119.87,3.36,37.52,64.99,2955.0,0,No Failure,185.7,80.8
M,131.12,664.63,152.05,1.25,43.61,67.82,2848.0,0,No Failure,164.9,73.4
M,132.3,748.73,146.99,2.96,49.16,52.13,2895.0,0,No Failure,147.5,67.2
M,105.41,635.25,135.46,0.85,42.44,69.81,2978.0,0,No Failure,176.7,77.6
L,126.83,755.37,146.53,3.81,58.26,53.5,2934.0,1,Discharge Blockage Overload,5.5,20.3
L,125.82,721.31,125.29,3.36,44.83,67.75,2910.0,0,No Failure,164.9,73.4
L,132.23,649.51,121.6,1.69,38.25,73.52,3012.0,0,No Failure,156.2,70.3
L,83.47,643.34,86.03,3.65,36.38,81.71,2964.0,1,Mechanical Seal Dry-Run,9.8,16.6
L,79.4,601.36,131.17,3.83,34.96,56.54,2819.0,0,No Failure,135.6,63.0
M,129.42,591.22,107.92,4.37,42.42,68.47,2944.0,0,No Failure,174.6,76.8
H,121.69,546.96,128.58,5.71,42.76,61.99,2816.0,0,No Failure,145.7,66.6
L,101.49,654.06,153.33,3.43,47.69,71.93,2896.0,0,No Failure,184.0,80.2
M,128.15,637.73,173.7,2.54,45.0,94.0,2932.0,0,No Failure,177.7,77.9
L,144.29,650.33,159.17,3.75,39.58,58.29,3009.0,0,No Failure,175.8,77.2
L,106.67,711.48,141.98,4.04,39.8,75.61,2993.0,0,No Failure,174.6,76.8
H,104.25,624.14,160.56,4.47,48.16,62.46,3007.0,0,No Failure,180.1,78.8
M,150.15,638.935,110.87,3.87,32.53,49.78,3033.0,0,No Failure,104.3,51.9
H,115.37,638.79,128.59,3.68,34.52,47.82,3005.0,0,No Failure,172.0,75.9
L,85.11,710.28,128.36,3.14,34.09,73.17,2851.0,0,No Failure,133.9,62.4
L,82.02,666.74,146.68,2.89,38.79,58.81,2880.0,0,No Failure,172.0,75.9
L,106.55,849.554,141.54,4.62,56.74,64.83,2969.0,0,No Failure,182.7,79.7
L,114.59,511.66,118.34,5.51,38.74,72.32,2978.0,0,No Failure,143.7,65.9
M,116.97,566.83,157.73,4.04,49.56,74.0,2978.0,0,No Failure,167.4,74.3
M,114.18,681.23,168.81,4.1,45.23,47.29,3055.0,0,No Failure,150.4,68.3
M,127.14,606.07,160.15,4.48,35.6,47.75,3018.0,0,No Failure,147.3,67.2
L,97.15,643.75,149.98,3.45,41.83,62.02,2795.0,0,No Failure,185.5,80.7
M,123.64,754.71,165.65,5.75,37.05,66.16,2798.0,0,No Failure,122.8,58.5
M,99.18,649.74,134.73,3.26,41.21,68.72,3090.0,0,No Failure,178.7,78.3
H,77.94,600.06,146.74,2.15,40.33,67.75,2969.0,0,No Failure,174.8,76.9
M,107.72,621.1,108.76,2.93,50.46,61.25,2950.0,0,No Failure,180.0,78.8
M,137.42,656.39,127.78,3.67,43.12,67.93,3080.0,0,No Failure,169.2,74.9
L,120.84,644.44,122.05,2.79,48.86,60.18,2830.0,0,No Failure,168.0,74.5
H,132.44,651.53,139.51,4.55,40.18,61.26,2993.0,0,No Failure,191.7,82.9
M,123.82,638.45,140.59,6.79,44.46,70.71,3003.0,0,No Failure,169.4,75.0
L,135.92,582.47,144.685,4.57,27.09,73.71,2948.0,0,No Failure,144.3,66.1
L,103.58,671.18,148.04,4.14,37.53,58.91,2960.0,0,No Failure,194.4,83.9
M,130.76,674.75,141.49,1.06,38.38,68.51,2907.0,0,No Failure,170.0,75.2
H,103.15,698.04,94.64,3.72,39.63,73.97,2934.0,0,No Failure,156.9,70.6
L,106.57,631.07,119.05,3.43,42.19,48.52,3012.0,0,No Failure,175.5,77.2
L,106.31,679.38,133.59,3.25,45.6,64.19,2987.0,0,No Failure,169.2,74.9
M,86.01,578.51,158.68,4.78,43.91,75.59,2986.0,0,No Failure,149.4,67.9
M,89.76,429.313,133.89,2.65,42.84,55.68,3010.0,0,No Failure,171.1,75.6
L,99.09,693.63,149.5,3.21,49.88,60.63,2987.0,0,No Failure,179.8,78.7
L,49.634,636.95,176.49,2.94,38.03,62.08,2854.0,0,No Failure,174.7,76.9
L,99.09,687.38,205.78,5.86,44.72,52.22,2950.0,0,No Failure,124.0,58.9
H,96.66,622.67,145.77,4.13,48.96,62.11,2987.0,0,No Failure,188.5,81.8
L,117.44,688.91,160.73,3.17,47.66,70.14,2985.0,0,No Failure,184.2,80.2
M,144.31,580.46,118.25,4.19,30.16,71.43,2938.0,0,No Failure,138.4,64.0
L,110.16,597.71,133.39,3.31,40.97,64.61,2937.0,0,No Failure,211.7,90.0
M,128.08,682.28,132.32,1.29,44.49,65.74,2872.0,0,No Failure,166.3,73.9
M,126.86,625.1,129.58,3.38,40.76,66.96,2867.0,0,No Failure,192.4,83.1
L,123.4,672.45,96.17,4.3,42.44,72.52,3023.0,0,No Failure,155.6,70.1
L,104.2,744.79,226.023,3.39,37.88,59.32,2893.0,0,No Failure,152.6,69.1
L,105.08,629.43,132.38,3.15,22.0,61.19,2936.0,0,No Failure,170.8,75.5
L,81.67,727.09,155.4,4.3,36.78,61.63,2960.0,0,No Failure,160.5,71.9
L,119.84,635.02,173.61,1.37,46.78,66.56,2844.0,0,No Failure,160.6,71.9
M,138.39,645.14,116.49,3.63,40.4,69.26,3044.0,0,No Failure,168.9,74.8
L,132.79,647.47,161.35,2.86,36.79,45.93,2907.0,0,No Failure,158.8,71.2
H,116.08,638.9,147.05,-1.671,53.93,55.33,2996.0,0,No Failure,185.8,80.8
H,146.38,717.76,148.23,5.2,38.81,66.96,3001.0,0,No Failure,154.7,69.8
H,109.05,598.26,160.31,2.71,48.85,70.78,3013.0,0,No Failure,169.8,75.1
H,126.02,610.92,137.21,3.76,47.31,62.81,3070.0,0,No Failure,177.5,77.9
M,104.51,642.69,190.47,3.74,49.73,64.37,2858.0,0,No Failure,163.2,72.8
M,138.47,664.13,177.49,4.3,39.3,83.07,2776.0,0,No Failure,112.7,54.9
L,111.8,634.05,126.07,3.28,42.99,64.18,2854.0,0,No Failure,200.5,86.0
L,82.35,521.06,154.09,2.5,40.18,34.533,2890.0,0,No Failure,136.6,63.4
M,113.7,735.73,171.45,4.08,47.76,75.71,3015.0,0,No Failure,146.5,66.9
M,140.36,741.7,139.58,3.92,58.19,59.75,2957.0,1,Discharge Blockage Overload,11.8,21.1
H,97.39,689.29,151.45,3.56,34.01,69.49,2831.0,0,No Failure,157.5,70.8
H,118.11,691.97,120.86,2.71,50.16,55.83,2910.0,0,No Failure,163.5,72.9
L,93.64,608.49,118.78,1.78,29.86,67.48,3010.0,0,No Failure,139.4,64.4
H,99.22,744.34,102.41,2.81,40.14,63.31,2945.0,0,No Failure,163.5,72.9
L,52.0,683.17,112.36,3.0,49.2,65.26,2930.0,0,No Failure,142.3,65.4
L,128.56,637.92,144.17,4.87,41.4,67.93,2981.0,0,No Failure,182.3,79.6
H,113.45,647.64,166.83,4.66,42.33,64.61,2973.0,0,No Failure,204.4,87.4
L,141.44,645.33,134.18,3.33,46.16,69.03,3089.0,0,No Failure,164.5,73.3
M,113.19,683.6,116.67,2.98,32.55,66.56,2976.0,0,No Failure,176.4,77.5
H,138.69,595.3,134.93,2.76,37.47,55.02,2920.0,0,No Failure,167.4,74.3
L,120.48,659.04,128.1,2.59,38.21,68.68,3013.0,0,No Failure,183.4,79.9
L,107.55,601.74,155.67,3.44,35.96,70.95,2878.0,0,No Failure,178.1,78.1
M,103.71,694.16,133.62,2.25,45.31,55.61,3092.0,0,No Failure,148.6,67.6
M,108.12,654.62,142.68,4.35,47.86,79.87,2906.0,0,No Failure,159.1,71.4
H,114.59,616.99,141.73,4.02,52.57,52.85,3022.0,0,No Failure,169.6,75.1
H,104.62,641.14,164.2,1.87,43.0,67.8,2927.0,0,No Failure,191.5,82.8
M,109.84,664.64,153.35,1.4,39.86,64.18,2988.0,0,No Failure,192.4,83.1
L,52.0,655.2,128.64,3.18,49.2,76.21,2924.0,0,No Failure,141.6,65.2
M,126.44,623.22,161.45,3.02,44.56,34.533,3049.0,0,No Failure,171.6,75.8
L,117.67,548.49,175.76,2.17,38.0,58.7,2938.0,0,No Failure,164.2,73.1
L,118.66,621.82,119.78,4.19,36.17,69.12,2800.0,0,No Failure,156.7,70.5
L,117.78,597.06,203.59,3.38,43.02,61.08,2911.0,0,No Failure,175.3,77.1
L,107.11,673.68,154.33,4.41,60.16,57.73,2939.0,0,No Failure,158.8,71.2
M,112.82,515.25,122.17,3.68,37.89,64.88,3016.0,0,No Failure,166.1,73.8
H,120.72,552.35,160.15,2.66,47.17,67.99,2952.0,0,No Failure,156.3,70.4
M,135.63,641.79,123.9,5.65,42.07,62.5,3055.0,0,No Failure,163.9,73.1
L,121.51,687.37,155.09,4.29,41.19,72.94,2965.0,0,No Failure,188.4,81.7
M,128.71,661.83,130.06,2.49,41.86,54.28,2914.0,0,No Failure,181.7,79.3
L,109.13,618.78,144.97,4.43,39.58,56.06,2962.0,0,No Failure,199.1,85.5
H,109.79,641.825,134.32,4.52,40.5,71.25,2953.0,0,No Failure,190.4,82.4
M,112.15,649.14,144.97,4.73,45.98,71.83,2982.0,0,No Failure,194.3,83.8
H,93.19,628.36,141.51,1.08,32.25,71.07,2959.0,0,No Failure,161.3,72.1
H,121.0,723.76,118.13,3.2,41.93,73.95,3014.0,0,No Failure,165.4,73.6
H,110.51,716.17,140.91,2.64,36.55,62.73,2999.0,0,No Failure,183.6,80.0
L,122.84,591.37,112.12,3.43,46.44,69.88,2895.0,0,No Failure,170.3,75.3
L,143.63,650.11,123.86,3.69,42.16,57.56,2966.0,0,No Failure,185.1,80.5
L,127.57,656.21,143.09,5.08,54.37,60.87,2928.0,0,No Failure,172.8,76.2
M,123.78,640.19,169.26,3.4,47.43,69.24,2931.0,0,No Failure,193.9,83.7
M,127.85,582.13,138.4,6.54,53.86,61.31,2985.0,0,No Failure,143.9,66.0
L,85.67,671.31,164.37,2.49,32.17,65.81,3069.0,0,No Failure,140.1,64.6
M,102.71,634.03,163.86,3.46,34.95,53.56,3002.0,0,No Failure,173.5,76.5
H,134.02,519.89,149.9,4.01,35.85,69.93,2964.0,0,No Failure,160.6,71.9
M,101.27,780.28,142.82,3.64,43.31,66.72,2784.0,0,No Failure,148.5,67.6
L,111.39,782.95,107.27,4.35,45.33,61.81,3004.0,0,No Failure,146.8,67.0
L,91.39,626.49,121.5,4.16,46.84,52.34,2955.0,0,No Failure,165.9,73.7
L,134.99,700.02,141.26,4.52,38.44,68.81,2901.0,0,No Failure,170.6,75.4
H,115.76,727.86,159.71,3.57,26.96,55.34,2787.0,0,No Failure,126.1,59.7
M,103.01,631.07,128.08,3.11,41.84,60.12,2872.0,0,No Failure,191.9,83.0
M,118.64,599.35,167.97,3.71,49.74,67.53,2906.0,0,No Failure,178.2,78.1
H,112.19,705.82,165.56,5.39,53.77,77.37,3085.0,0,No Failure,113.5,55.2
H,180.328,669.91,175.19,2.33,40.74,56.05,2876.0,0,No Failure,171.5,75.7
L,113.02,713.01,129.56,5.89,41.68,55.18,2911.0,0,No Failure,162.7,72.6
H,137.64,581.83,122.4,4.66,48.15,63.87,2983.0,0,No Failure,161.7,72.3
L,146.64,486.2,130.12,1.71,26.73,71.45,2877.0,0,No Failure,91.7,47.5
L,89.31,691.68,119.35,3.1,29.93,52.09,2890.0,0,No Failure,130.5,61.2
L,122.91,657.26,135.5,2.2,35.99,54.26,2957.0,0,No Failure,181.5,79.3
L,137.79,700.96,182.11,2.41,47.16,53.3,2906.0,0,No Failure,136.4,63.3
L,100.79,701.09,137.25,3.05,34.0,75.15,2823.0,0,No Failure,143.3,65.8
M,130.5,732.02,147.08,1.25,19.83,67.13,2993.0,1,Discharge Blockage Overload,12.9,23.0
L,106.54,631.37,150.24,3.19,32.49,60.07,3005.0,0,No Failure,187.9,81.5
H,111.31,646.0,164.93,2.44,49.83,51.78,2897.0,0,No Failure,165.8,73.7
M,103.23,538.71,159.25,3.76,46.04,60.3,2952.0,0,No Failure,178.2,78.1
L,133.94,623.2,150.25,3.65,44.15,48.74,2857.0,0,No Failure,166.0,73.8
H,119.57,747.03,196.98,2.13,45.56,65.61,2922.0,0,No Failure,148.9,67.7
L,97.76,629.15,164.06,2.59,48.63,66.77,2955.0,0,No Failure,184.6,80.4
L,101.07,665.01,158.68,4.86,45.08,67.82,2956.0,0,No Failure,186.2,80.9
M,123.84,619.15,152.9,2.69,41.49,57.79,2904.0,0,No Failure,195.1,84.1
M,116.11,544.84,127.82,1.8,44.41,81.52,2953.0,0,No Failure,153.9,69.5
M,99.51,555.02,118.05,6.7,38.71,60.56,2910.0,0,No Failure,136.8,63.4
H,132.21,571.06,124.24,5.04,44.69,64.71,3010.0,0,No Failure,161.1,72.1
M,104.47,642.76,125.27,5.85,40.7,64.73,3052.0,0,No Failure,169.4,75.0
M,130.59,725.7,108.63,5.29,55.43,71.67,3003.0,1,Discharge Blockage Overload,10.1,10.1
M,105.76,591.95,141.45,5.45,40.78,69.73,2869.0,0,No Failure,169.4,75.0
M,110.84,678.55,144.4,4.31,60.42,73.4,2888.0,0,No Failure,150.3,68.2
L,157.79,688.59,165.26,5.12,39.52,67.56,3066.0,0,No Failure,130.2,61.1
L,112.96,674.39,145.59,4.57,48.25,56.68,2951.0,0,No Failure,192.4,83.1
H,94.74,643.25,159.2,3.29,48.95,67.84,2972.0,0,No Failure,188.1,81.6
H,81.89,671.07,161.46,3.9,43.73,60.83,2942.0,0,No Failure,181.2,79.2
L,114.04,730.95,147.25,2.61,50.14,66.36,2950.0,1,Discharge Blockage Overload,8.9,36.0
M,96.92,624.87,124.3,2.43,44.0,59.1,2921.0,0,No Failure,181.4,79.3
L,95.81,671.6,147.25,2.91,33.68,36.03,2882.0,0,No Failure,161.9,72.3
M,78.17,563.86,135.58,4.03,45.99,71.77,2988.0,0,No Failure,151.5,68.7
L,144.26,581.01,116.32,2.67,48.87,64.77,2857.0,0,No Failure,142.6,65.5
M,123.41,620.28,165.33,1.57,44.82,61.36,2889.0,0,No Failure,174.9,76.9
M,88.62,671.45,139.71,3.83,42.79,58.4,2948.0,0,No Failure,193.1,83.4
M,105.49,463.53,170.54,2.49,50.5,54.56,2954.0,1,Discharge Blockage Overload,7.8,20.3
L,108.01,724.32,130.32,5.14,53.48,58.09,2971.0,1,Discharge Blockage Overload,6.5,22.7
H,115.26,641.82,149.72,3.16,48.12,56.09,2938.0,0,No Failure,205.4,87.7
H,102.7,736.84,146.7,5.0,38.77,61.94,2975.0,0,No Failure,174.1,76.7
L,95.93,579.6,124.18,1.72,33.2,72.43,2912.0,0,No Failure,140.3,64.7
L,118.93,652.51,177.45,2.23,37.88,70.12,2936.0,0,No Failure,180.4,78.9
M,148.67,752.23,155.46,2.44,44.12,72.84,2828.0,0,No Failure,125.3,59.4
H,96.85,612.7,152.43,3.26,57.24,63.72,2967.0,0,No Failure,177.2,77.8
L,129.43,602.73,143.88,3.53,43.88,60.67,2946.0,0,No Failure,207.3,88.4
H,143.15,671.72,158.14,2.61,43.59,64.16,2929.0,0,No Failure,186.7,81.1
M,108.65,659.79,180.34,5.58,44.62,91.35,2941.0,0,No Failure,138.3,64.0
M,106.92,562.92,119.22,3.51,39.67,63.92,3193.0,0,No Failure,173.4,76.4
L,121.28,610.72,142.94,3.47,50.58,51.96,3005.0,0,No Failure,176.1,77.4
L,135.86,616.46,146.78,2.07,44.22,53.37,3067.0,0,No Failure,157.0,70.6
M,111.57,588.46,142.38,4.32,41.79,60.26,3113.0,0,No Failure,172.9,76.2
L,138.06,567.26,163.26,3.91,39.16,51.57,2963.0,0,No Failure,158.5,71.1
M,98.35,546.64,160.88,2.89,34.04,62.11,2912.0,0,No Failure,161.1,72.0
L,110.04,715.06,117.11,2.08,34.41,55.42,2885.0,0,No Failure,143.2,65.7
H,144.79,686.44,186.75,2.14,47.31,62.8,2848.0,0,No Failure,132.7,62.0
M,123.79,713.6,127.75,6.01,40.83,68.44,2948.0,0,No Failure,168.4,74.7
M,61.13,664.46,175.88,1.38,35.32,57.27,2865.0,0,No Failure,110.4,54.1
H,97.63,645.84,119.52,6.39,38.41,63.58,2974.0,0,No Failure,166.8,74.1
M,115.52,610.86,151.89,1.41,50.77,58.12,2937.0,0,No Failure,177.4,77.8
M,84.55,697.75,142.27,5.23,52.3,52.43,2847.0,1,Impeller Cavitation,6.9,12.5
H,139.98,608.36,169.61,5.01,42.87,69.5,2911.0,0,No Failure,162.7,72.6
H,131.72,641.825,115.44,3.56,39.27,65.9,2962.0,0,No Failure,178.5,78.2
L,105.31,808.39,170.54,3.26,39.71,59.14,2980.0,0,No Failure,154.9,69.9
M,100.1,617.9,168.9,3.05,44.84,70.13,2940.0,0,No Failure,186.5,81.0
M,120.26,496.56,186.56,4.08,40.97,67.83,2994.0,0,No Failure,149.8,68.0
H,106.74,600.1,130.21,4.97,39.75,61.56,2912.0,0,No Failure,182.4,79.6
L,90.92,620.0,139.81,4.64,51.26,75.96,2926.0,0,No Failure,156.7,70.5
M,126.03,585.77,166.89,2.4,39.28,62.73,3193.0,0,No Failure,168.9,74.8
L,102.84,620.45,129.82,3.73,44.76,68.6,2973.0,0,No Failure,194.7,84.0
M,119.55,627.6,108.87,2.94,27.84,61.59,2912.0,0,No Failure,164.5,73.3
L,91.71,619.79,109.92,2.79,41.83,66.09,2923.0,0,No Failure,179.7,78.7
L,150.25,686.95,151.77,4.17,24.46,70.82,2989.0,0,No Failure,132.9,62.1
L,123.6,735.68,158.22,2.69,37.84,67.17,3056.0,0,No Failure,157.9,70.9
L,103.75,633.75,121.64,6.79,34.86,79.3,3055.0,0,No Failure,119.2,57.2
L,114.82,504.56,168.86,5.34,45.63,52.67,2964.0,0,No Failure,137.8,63.8
L,73.94,593.71,129.86,4.72,46.29,62.26,3062.0,0,No Failure,139.2,64.3
H,124.8,579.47,169.59,4.47,44.55,78.42,3150.0,0,No Failure,121.0,57.9
M,102.3,603.9,129.48,2.7,65.304,52.81,3020.0,0,No Failure,166.0,73.8
M,134.96,682.45,142.14,0.91,35.11,62.15,3036.0,0,No Failure,152.4,69.0
L,134.18,559.95,160.66,3.14,37.65,81.14,3005.0,0,No Failure,143.6,65.9
L,108.0,580.07,152.63,3.46,33.64,72.15,2956.0,0,No Failure,181.9,79.4
L,148.66,621.73,124.08,2.79,46.12,79.36,2838.0,0,No Failure,132.7,62.0
L,130.56,663.89,150.6,-1.671,30.19,60.64,3050.0,0,No Failure,161.6,72.2
L,106.57,818.08,202.42,2.34,44.09,40.0,2923.0,0,No Failure,96.1,49.0
M,127.28,657.32,163.01,5.95,44.34,65.94,2983.0,0,No Failure,175.0,77.0
L,90.94,540.32,139.28,2.89,50.64,71.48,2944.0,0,No Failure,156.2,70.3
L,130.73,549.5,157.14,3.61,42.38,67.02,3053.0,0,No Failure,168.3,74.6
M,118.74,518.14,150.28,4.57,45.17,64.25,2913.0,0,No Failure,177.1,77.7
L,120.84,629.11,121.99,3.64,39.95,64.43,2939.0,0,No Failure,208.7,88.9
H,130.84,556.28,120.24,2.03,55.71,58.09,2982.0,0,No Failure,132.7,62.0
L,140.37,608.32,163.2,3.5,42.62,82.3,2873.0,0,No Failure,152.2,68.9
H,119.77,607.17,184.28,5.07,42.02,57.5,2989.0,0,No Failure,168.1,74.5
L,95.72,597.73,203.09,2.22,38.99,66.18,3061.0,0,No Failure,133.6,62.3
L,112.06,659.51,117.32,3.01,38.1,60.0,2785.0,0,No Failure,162.2,72.4
L,130.96,591.22,175.58,3.36,48.73,66.67,2948.0,0,No Failure,159.4,71.4
L,137.0,667.34,211.89,2.3,57.84,62.38,2950.0,0,No Failure,131.4,61.5
L,132.83,647.64,226.023,1.98,42.66,58.47,2981.0,0,No Failure,187.3,81.3
L,136.45,602.96,127.22,2.78,36.99,55.39,2936.0,0,No Failure,169.4,75.0
M,116.55,576.48,145.68,2.64,45.86,66.65,3013.0,0,No Failure,189.3,82.1
H,100.96,610.49,159.42,3.72,44.26,62.75,3134.0,0,No Failure,164.2,73.1
M,109.9,652.65,139.92,3.94,43.66,74.94,2849.0,0,No Failure,181.4,79.2
M,97.44,637.14,207.55,1.96,36.92,65.63,2912.0,0,No Failure,151.4,68.6
L,96.22,613.59,97.64,3.76,32.81,75.68,2805.0,0,No Failure,116.5,56.3
M,99.38,516.35,127.5,2.17,55.91,66.19,3017.0,0,No Failure,127.2,60.0
L,85.5,598.24,226.023,4.77,39.7,66.17,2893.0,0,No Failure,169.5,75.0
L,108.74,703.53,135.61,0.82,40.23,65.73,2969.0,0,No Failure,177.7,77.9
H,90.71,681.67,152.44,7.1,44.88,71.3,2951.0,1,Impeller Cavitation,2.4,23.8
H,127.64,635.48,126.15,-1.671,46.03,69.98,2971.0,0,No Failure,184.2,80.2
L,113.31,637.07,113.67,4.86,41.24,70.4,3046.0,0,No Failure,171.6,75.8
L,113.08,668.04,168.63,3.34,42.73,65.41,2972.0,0,No Failure,207.6,88.5
H,119.08,646.14,150.42,4.72,43.55,61.11,3017.0,0,No Failure,196.9,84.7
H,125.85,617.9,113.03,2.84,43.98,70.87,2990.0,0,No Failure,176.7,77.6
L,122.71,589.06,151.46,3.09,46.43,66.82,2964.0,0,No Failure,197.4,84.9
L,106.86,577.67,187.21,2.21,49.97,54.67,3020.0,0,No Failure,133.0,62.1
L,92.94,698.34,129.18,5.13,44.92,56.46,3072.0,0,No Failure,137.2,63.6
M,119.18,651.89,159.04,3.56,48.32,68.51,2892.0,0,No Failure,190.5,82.5
L,116.57,702.02,117.51,2.59,43.39,73.37,2916.0,0,No Failure,172.5,76.1
L,95.58,549.16,169.92,3.02,55.03,75.1,3027.0,0,No Failure,121.0,57.8
H,110.69,650.18,159.75,3.99,49.14,56.73,2904.0,0,No Failure,182.3,79.6
L,116.84,709.33,130.62,0.81,42.4,63.89,2888.0,0,No Failure,172.9,76.2
L,103.78,676.06,146.84,4.58,37.28,71.23,3019.0,0,No Failure,173.1,76.3
H,116.08,536.9,125.61,4.51,45.41,64.11,3001.0,0,No Failure,171.0,75.6
M,82.33,711.83,143.79,0.6,38.7,62.18,3068.0,0,No Failure,134.2,62.5
L,132.35,603.32,163.94,5.35,45.63,60.45,3007.0,0,No Failure,161.1,72.0
H,67.87,653.03,129.51,3.72,37.74,80.05,2826.0,0,No Failure,126.2,59.7
L,110.27,619.27,145.84,2.71,38.98,60.63,2880.0,0,No Failure,197.1,84.8
M,136.73,613.63,102.81,1.5,39.91,71.88,3001.0,0,No Failure,143.7,65.9
H,139.6,582.43,167.91,2.88,41.05,66.48,2935.0,0,No Failure,178.1,78.1
L,83.37,614.71,156.42,2.47,32.89,56.62,2992.0,0,No Failure,152.8,69.1
H,132.16,674.53,121.82,3.0,47.36,62.74,2911.0,0,No Failure,178.4,78.2
L,84.37,587.96,162.75,0.86,47.75,61.73,3027.0,0,No Failure,135.5,63.0
L,113.64,664.93,159.56,5.01,34.17,66.61,3060.0,0,No Failure,163.8,73.0
H,113.76,634.22,116.57,4.99,46.12,67.39,2872.0,0,No Failure,173.5,76.4
M,118.86,593.92,161.28,4.66,54.78,59.45,3083.0,0,No Failure,140.5,64.8
M,128.91,683.02,165.36,2.16,43.18,64.71,2919.0,0,No Failure,183.6,80.0
L,125.95,728.13,134.37,5.92,52.39,71.83,2923.0,1,Discharge Blockage Overload,4.8,18.8
H,131.35,703.29,111.36,5.57,44.99,62.52,2934.0,0,No Failure,157.4,70.7
M,92.56,715.14,63.267,2.28,33.07,75.62,2969.0,0,No Failure,150.2,68.2
L,138.86,630.28,135.09,4.58,36.25,69.24,2707.0,0,No Failure,177.4,77.8
L,113.82,564.48,111.54,3.0,40.43,64.19,3091.0,0,No Failure,154.2,69.6
L,83.29,646.57,142.38,3.07,36.47,64.28,3014.0,0,No Failure,183.7,80.1
M,109.25,643.15,130.24,1.51,53.25,59.35,2913.0,0,No Failure,167.8,74.4
L,111.48,650.98,150.67,1.85,42.5,60.97,2970.0,0,No Failure,205.5,87.8
L,121.74,722.61,135.39,2.32,48.93,66.27,2913.0,0,No Failure,171.4,75.7
L,99.28,642.02,164.12,2.11,46.46,67.41,2973.0,0,No Failure,183.0,79.8
M,98.91,575.67,103.57,1.73,36.52,62.5,2949.0,0,No Failure,155.2,70.0
H,127.41,725.25,112.11,2.99,41.08,66.98,3001.0,0,No Failure,167.2,74.2
L,109.98,698.74,140.52,2.37,46.81,71.58,2942.0,0,No Failure,184.3,80.3
L,137.43,638.87,117.98,3.43,37.62,50.62,2921.0,0,No Failure,167.8,74.4
M,106.41,716.1,210.75,4.18,48.48,72.85,2915.0,0,No Failure,130.0,61.0
H,131.65,541.41,159.25,2.3,46.74,61.96,2966.0,0,No Failure,166.4,73.9
L,114.18,586.63,134.85,2.8,47.77,62.83,2882.0,0,No Failure,185.4,80.7
L,109.1,701.24,173.67,2.91,41.06,75.56,3018.0,0,No Failure,162.0,72.4
L,114.82,589.65,163.16,2.89,40.4,67.92,2954.0,0,No Failure,180.1,78.8
H,108.88,623.11,133.62,2.01,34.43,59.14,2947.0,0,No Failure,185.7,80.8
L,122.96,848.44,63.267,5.17,45.78,34.533,2892.0,0,No Failure,165.1,73.5
M,138.84,659.57,128.44,2.95,39.56,58.98,2965.0,0,No Failure,185.5,80.7
L,96.55,543.43,136.77,3.23,42.26,73.34,2975.0,0,No Failure,173.5,76.5
L,88.89,635.24,141.08,1.92,33.52,69.34,2984.0,0,No Failure,168.0,74.5
L,96.23,627.85,125.03,1.92,42.8,74.71,2924.0,0,No Failure,170.6,75.4
H,121.48,681.4,173.81,2.02,39.06,66.87,2945.0,0,No Failure,181.3,79.2
H,97.31,526.89,156.82,4.38,42.69,61.18,2959.0,0,No Failure,173.4,76.4
H,71.78,633.77,173.97,5.01,30.52,70.26,2960.0,1,Impeller Cavitation,9.6,17.7
L,121.0,674.84,152.66,1.73,32.3,61.31,2920.0,0,No Failure,174.4,76.8
M,110.77,776.92,117.74,3.61,46.92,62.3,3023.0,0,No Failure,155.0,69.9
M,113.74,618.59,152.57,3.82,40.48,60.49,2849.0,0,No Failure,194.4,83.9
L,116.26,630.97,165.7,0.65,36.34,48.41,2977.0,0,No Failure,153.3,69.3
H,87.11,634.78,144.43,3.02,45.76,63.32,3104.0,0,No Failure,171.7,75.8
M,112.11,577.67,118.69,3.72,42.32,55.19,2932.0,0,No Failure,183.5,80.0
L,115.31,587.85,193.18,4.24,35.27,70.44,2905.0,0,No Failure,154.0,69.5
M,88.74,637.99,169.56,4.9,42.88,69.17,2836.0,0,No Failure,155.0,69.9
L,114.82,537.72,167.89,3.61,37.54,61.37,3025.0,0,No Failure,163.6,72.9
L,125.97,571.98,130.46,0.6,45.72,69.66,2995.0,0,No Failure,151.3,68.6
M,150.53,650.04,147.57,4.2,40.93,63.93,2931.0,0,No Failure,194.7,84.0
H,121.11,631.88,100.79,2.16,35.84,76.49,3015.0,1,Mechanical Seal Dry-Run,5.9,21.7
H,107.35,666.35,134.89,5.51,30.86,65.78,2938.0,0,No Failure,171.7,75.8
L,97.65,629.48,181.17,4.35,52.82,75.09,2930.0,0,No Failure,146.6,66.9
M,153.69,727.45,147.11,6.92,42.75,61.02,2858.0,0,No Failure,127.0,60.0
M,79.12,590.76,142.42,1.21,47.77,65.97,2916.0,0,No Failure,154.8,69.8
L,110.51,672.24,166.85,2.61,45.71,62.1,3007.0,0,No Failure,184.1,80.2
M,97.94,554.85,189.54,3.94,49.27,63.01,2924.0,0,No Failure,150.2,68.2
L,115.03,619.44,123.39,2.45,48.52,66.75,2915.0,0,No Failure,186.4,81.0
M,129.07,583.23,165.47,4.44,37.22,67.62,2924.0,0,No Failure,170.5,75.4
L,111.73,673.32,144.76,0.6,41.63,69.02,3064.0,0,No Failure,168.4,74.7
L,114.82,582.76,128.13,3.32,46.3,62.61,2916.0,0,No Failure,194.9,84.0
M,86.64,663.91,151.79,4.09,38.15,60.42,3087.0,0,No Failure,158.3,71.1
M,141.38,579.54,165.72,4.0,39.38,68.83,2951.0,0,No Failure,172.2,76.0
H,180.328,584.94,157.03,4.13,47.7,49.11,2940.0,0,No Failure,167.4,74.3
L,153.77,611.61,160.18,6.04,42.72,64.19,3033.0,0,No Failure,141.1,65.0
L,115.83,753.27,169.05,1.95,42.0,73.47,2953.0,0,No Failure,165.5,73.6
L,84.05,639.62,171.13,2.13,18.688,60.14,2880.0,0,No Failure,158.7,71.2
L,122.97,684.77,180.25,2.24,30.15,68.2,2898.0,0,No Failure,146.4,66.8
L,105.22,586.27,154.07,4.12,23.42,60.83,3045.0,0,No Failure,142.0,65.3
M,87.53,601.55,142.68,3.18,40.19,68.95,2950.0,0,No Failure,188.7,81.8
H,103.88,632.42,158.03,7.08,44.9,59.13,2976.0,0,No Failure,165.8,73.7
M,81.67,638.9,109.9,5.95,36.63,56.41,2993.0,1,Impeller Cavitation,9.2,17.6
H,94.47,756.53,136.61,8.494,46.91,65.32,2995.0,0,No Failure,155.4,70.0
L,120.43,586.02,151.03,2.89,56.42,64.36,2955.0,0,No Failure,181.7,79.3
L,111.13,605.12,146.33,6.17,44.93,63.44,2825.0,0,No Failure,167.0,74.1
L,95.82,642.06,64.87,0.6,43.33,73.47,2892.0,0,No Failure,146.5,66.9
M,133.62,612.74,128.7,3.59,30.08,67.46,2920.0,0,No Failure,169.7,75.1
L,111.89,658.99,63.267,3.36,49.66,72.26,2945.0,0,No Failure,187.2,81.3
L,128.93,675.52,209.6,5.21,43.26,55.22,2993.0,0,No Failure,136.1,63.2
H,80.69,696.05,136.71,5.54,65.304,63.79,2990.0,1,Impeller Cavitation,5.8,23.8
L,133.49,693.29,177.49,8.494,39.09,59.99,2959.0,0,No Failure,173.8,76.6
L,108.68,626.67,175.79,4.54,37.48,53.99,2967.0,0,No Failure,171.8,75.8
L,138.55,636.7,171.94,3.06,43.52,55.25,2934.0,0,No Failure,180.0,78.7
M,125.81,673.33,109.76,5.0,46.42,63.59,2914.0,0,No Failure,168.3,74.6
L,162.24,664.1,156.76,4.33,42.71,77.95,3006.0,0,No Failure,144.9,66.3
L,122.98,645.83,143.06,2.63,46.55,67.72,2956.0,0,No Failure,206.6,88.2
L,49.634,579.44,140.36,5.6,48.05,61.64,2870.0,0,No Failure,157.1,70.7
H,120.23,650.02,140.35,3.33,36.02,61.71,2959.0,0,No Failure,211.6,89.9
L,114.82,569.99,125.76,3.91,29.06,67.52,2944.0,0,No Failure,163.8,73.0
L,132.33,570.85,174.19,0.93,36.72,64.08,2861.0,0,No Failure,137.1,63.6
M,119.6,689.67,119.04,0.6,39.17,76.22,2748.0,1,Mechanical Seal Dry-Run,7.0,10.0
L,114.82,655.85,141.42,2.2,41.925,45.38,2953.0,0,No Failure,139.2,64.3
M,106.42,553.78,111.23,3.95,44.96,53.95,2926.0,0,No Failure,157.4,70.7
L,114.82,586.8,126.29,3.83,44.81,68.83,2960.0,0,No Failure,186.8,81.2
L,59.68,641.35,166.05,0.97,42.34,58.44,2844.0,0,No Failure,150.3,68.2
L,127.75,608.68,184.72,3.25,41.17,51.2,2952.0,0,No Failure,172.6,76.1
H,121.65,601.35,137.21,4.19,36.84,69.24,3193.0,0,No Failure,189.7,82.2
L,150.85,619.63,135.1,3.6,41.79,67.8,2947.0,0,No Failure,192.0,83.0
L,114.82,615.16,132.36,3.39,41.59,58.76,2911.0,0,No Failure,185.6,80.7
L,96.82,575.6,140.8,3.18,47.67,47.92,2844.0,0,No Failure,144.1,66.0
M,94.72,731.27,133.65,3.66,41.2,61.78,2900.0,0,No Failure,176.3,77.4
L,72.38,679.69,90.03,4.99,37.76,64.61,2993.0,0,No Failure,128.7,60.6
M,102.93,660.64,136.03,1.92,34.64,55.4,3023.0,0,No Failure,160.3,71.8
L,133.47,696.57,190.94,3.84,37.45,64.04,2935.0,0,No Failure,165.9,73.8
M,108.83,585.02,105.98,2.81,41.79,75.16,2868.0,0,No Failure,155.1,69.9
L,93.88,668.68,135.86,3.43,28.24,53.01,2922.0,0,No Failure,157.4,70.8
M,92.35,618.57,145.98,2.58,43.98,65.47,2787.0,0,No Failure,167.8,74.4
L,106.06,673.92,135.89,4.2,41.2,68.25,2857.0,0,No Failure,182.7,79.7
M,124.25,641.07,136.82,3.96,39.26,63.35,2853.0,0,No Failure,194.8,84.0
L,123.32,540.0,138.83,4.43,47.12,48.79,2962.0,0,No Failure,156.1,70.3
H,142.82,659.72,116.68,3.44,52.04,67.71,3017.0,0,No Failure,154.3,69.6
H,104.16,644.01,127.1,7.69,33.69,65.98,2919.0,0,No Failure,178.5,78.2
M,131.77,646.23,128.38,5.1,45.37,41.88,3193.0,0,No Failure,135.8,63.1
H,90.79,602.2,136.14,1.27,46.03,74.54,3059.0,0,No Failure,136.5,63.4
L,112.52,572.5,141.38,2.94,29.51,62.66,2820.0,0,No Failure,158.4,71.1
L,118.4,696.18,148.14,3.34,41.25,69.8,2973.0,0,No Failure,204.7,87.5
L,146.64,683.44,124.95,3.01,49.58,75.48,2886.0,0,No Failure,140.0,64.6
M,124.18,547.48,158.21,4.08,51.49,63.7,2812.0,0,No Failure,145.3,66.5
L,120.98,603.52,140.69,0.6,34.84,55.25,2898.0,0,No Failure,155.5,70.1
M,104.46,691.79,133.79,0.89,32.92,70.73,2922.0,0,No Failure,151.3,68.6
L,155.76,637.92,164.25,0.6,42.77,69.34,2961.0,0,No Failure,148.4,67.6
M,115.06,572.46,111.75,3.85,24.2,66.03,2915.0,0,No Failure,149.7,68.0
M,114.13,638.935,136.36,4.41,53.66,63.3,2919.0,0,No Failure,191.5,82.8
M,112.64,632.3,132.6,3.8,42.75,52.29,2946.0,0,No Failure,188.6,81.8
L,91.56,599.94,129.62,2.93,27.77,68.78,2947.0,0,No Failure,159.2,71.4
L,94.99,707.02,168.03,1.95,40.97,63.12,2923.0,0,No Failure,170.1,75.3
L,122.76,654.28,174.34,5.59,43.31,77.81,3038.0,0,No Failure,146.3,66.8
M,117.61,690.15,160.44,1.91,41.22,68.54,2945.0,0,No Failure,191.1,82.7
M,106.26,604.52,142.68,5.11,46.05,67.61,2922.0,0,No Failure,174.6,76.8
H,99.63,672.61,134.49,3.98,39.52,65.58,2999.0,0,No Failure,189.7,82.2
L,119.2,623.78,127.96,4.51,49.9,73.88,3028.0,0,No Failure,161.6,72.2
M,95.95,599.71,150.94,5.27,46.53,59.27,3081.0,0,No Failure,148.4,67.5
H,140.47,520.27,118.25,1.52,41.61,59.12,2899.0,0,No Failure,135.9,63.1
M,102.86,573.65,185.36,4.31,34.0,66.82,2861.0,0,No Failure,139.6,64.5
H,123.41,639.75,145.86,4.67,46.3,70.56,2961.0,0,No Failure,198.2,85.2
M,86.75,588.52,146.78,1.69,18.688,71.94,2962.0,0,No Failure,148.9,67.7
L,113.57,540.49,119.36,5.51,35.95,58.07,3075.0,0,No Failure,128.4,60.5
M,100.77,684.56,152.4,4.28,36.53,70.09,2915.0,0,No Failure,175.6,77.2
L,107.76,693.4,116.84,8.494,41.26,59.84,2988.0,0,No Failure,166.4,73.9
L,95.8,741.76,154.19,3.68,49.06,70.46,3007.0,0,No Failure,153.8,69.5
L,131.64,632.6,131.13,3.6,38.33,56.43,2966.0,0,No Failure,191.1,82.7
L,118.37,628.05,142.19,4.46,35.75,68.52,2903.0,0,No Failure,191.5,82.8
M,128.16,657.1,197.29,3.74,48.26,56.27,2986.0,0,No Failure,156.2,70.3
M,149.64,679.84,141.8,2.13,49.5,72.9,3056.0,0,No Failure,136.2,63.2
M,101.63,714.72,151.69,2.95,38.91,77.09,2925.0,0,No Failure,168.8,74.8
L,126.9,554.76,150.71,2.61,23.23,53.91,2851.0,0,No Failure,121.0,57.9
H,114.54,849.554,187.25,1.12,43.22,67.01,2889.0,0,No Failure,164.4,73.2
M,113.39,565.69,141.27,4.03,43.78,61.13,2918.0,0,No Failure,196.4,84.6
H,134.88,699.15,168.32,5.78,38.56,62.83,2922.0,0,No Failure,157.1,70.7
M,116.01,588.08,121.09,5.65,43.94,51.8,2840.0,0,No Failure,141.6,65.1
L,131.21,566.53,150.42,3.36,44.93,49.82,2968.0,0,No Failure,148.7,67.7
M,71.56,681.79,165.73,3.88,44.95,46.95,2910.0,0,No Failure,135.7,63.1
L,127.26,637.92,157.9,8.494,44.42,68.36,2953.0,0,No Failure,156.3,70.4
L,114.82,653.82,145.68,0.6,44.23,58.76,2854.0,0,No Failure,154.7,69.8
L,83.02,659.01,108.24,3.77,37.13,58.97,2880.0,0,No Failure,150.9,68.4
L,126.48,567.7,149.75,5.84,36.04,72.14,2944.0,0,No Failure,159.0,71.3
L,113.69,682.51,140.16,2.8,52.4,58.16,2885.0,0,No Failure,174.0,76.6
M,118.68,429.313,115.8,1.57,36.91,62.21,2977.0,0,No Failure,172.4,76.1
H,99.71,756.43,160.64,4.83,32.73,53.58,2902.0,0,No Failure,128.4,60.5
L,107.86,720.68,226.023,5.36,32.5,57.52,2954.0,0,No Failure,156.4,70.4
L,121.93,538.47,165.65,4.05,44.15,60.47,2916.0,0,No Failure,172.6,76.1
L,105.58,644.31,144.83,4.75,48.17,74.22,2885.0,0,No Failure,174.5,76.8
L,86.54,575.58,116.09,3.6,34.64,65.33,3015.0,0,No Failure,150.8,68.4
H,139.65,714.81,138.44,6.38,41.93,52.73,3076.0,0,No Failure,93.3,48.0
H,127.46,569.04,108.32,2.21,41.83,62.6,2832.0,0,No Failure,150.7,68.4
M,133.37,718.63,182.44,4.09,35.67,61.53,2997.0,0,No Failure,148.9,67.7
L,109.13,669.42,106.12,3.18,42.71,73.54,2995.0,0,No Failure,174.8,76.9
L,114.27,699.04,138.36,5.71,47.23,71.04,2927.0,0,No Failure,170.2,75.3
L,113.49,620.19,160.37,2.95,43.32,50.21,2951.0,0,No Failure,193.9,83.7
H,130.7,621.23,151.08,3.36,43.4,57.39,2976.0,0,No Failure,179.7,78.6
M,132.66,675.15,138.98,5.18,42.0,71.41,3045.0,0,No Failure,164.1,73.1
M,96.94,683.6,137.36,1.77,37.68,73.33,3019.0,0,No Failure,155.4,70.0
L,108.32,675.99,185.98,2.7,47.93,65.78,2935.0,0,No Failure,174.9,76.9
L,131.87,565.25,128.0,5.56,42.78,70.0,2999.0,0,No Failure,154.7,69.8
M,114.31,574.07,157.85,2.99,43.99,65.63,2960.0,0,No Failure,201.9,86.5
H,120.88,654.79,115.82,2.41,39.32,56.32,2849.0,0,No Failure,164.0,73.1
M,138.92,634.77,126.4,2.29,34.5,55.11,3018.0,0,No Failure,152.9,69.2
L,151.42,600.63,142.99,4.19,40.53,67.01,3090.0,0,No Failure,155.7,70.1
H,110.74,648.01,145.37,0.88,32.7,72.38,2947.0,0,No Failure,175.5,77.2
H,118.65,672.4,128.6,4.23,41.58,67.74,2939.0,0,No Failure,201.4,86.3
L,134.09,652.89,166.3,4.53,48.99,64.39,2932.0,0,No Failure,178.7,78.3
H,120.35,673.23,141.21,4.24,41.21,49.21,2933.0,0,No Failure,187.1,81.2
M,114.69,589.04,129.65,1.06,32.58,70.04,2988.0,0,No Failure,156.6,70.5
L,122.04,534.54,105.03,3.13,42.91,67.68,3059.0,0,No Failure,149.8,68.1
M,103.89,710.16,110.57,4.87,44.32,60.11,2963.0,0,No Failure,164.0,73.1
L,113.54,677.87,140.15,2.57,50.05,49.32,2925.0,0,No Failure,171.5,75.7
L,151.11,596.06,160.08,3.84,43.65,76.14,3000.0,0,No Failure,153.4,69.3
H,79.99,625.2,226.023,5.2,47.14,48.25,2858.0,1,Impeller Cavitation,5.7,13.4
H,100.98,620.6,166.05,1.09,43.7,60.88,3058.0,0,No Failure,157.2,70.7
L,137.15,633.02,113.95,2.79,45.44,53.82,2926.0,0,No Failure,166.6,74.0
M,139.99,600.74,176.8,3.75,33.04,63.06,3015.0,0,No Failure,153.7,69.4
L,130.67,687.77,142.27,3.74,31.45,68.64,2944.0,0,No Failure,179.9,78.7
M,127.51,675.81,128.54,2.87,43.51,56.7,3025.0,0,No Failure,174.9,77.0
H,136.92,665.49,125.46,3.65,47.4,63.97,3009.0,0,No Failure,178.4,78.2
M,122.43,606.17,159.48,0.6,38.7,62.34,2868.0,0,No Failure,162.5,72.5
H,123.48,731.45,165.43,4.28,48.35,61.49,2919.0,0,No Failure,165.3,73.5
M,101.07,709.68,149.59,4.0,37.97,73.15,3006.0,0,No Failure,167.6,74.4
M,115.5,686.86,147.16,4.69,44.85,73.62,2932.0,0,No Failure,188.0,81.6
H,120.5,633.83,179.98,2.6,50.85,62.67,2988.0,0,No Failure,175.8,77.3
L,84.03,637.92,172.28,3.36,33.73,58.66,3010.0,0,No Failure,148.9,67.8
L,124.81,605.85,128.46,3.21,49.53,65.9,2969.0,0,No Failure,188.8,81.9
H,93.82,535.44,162.81,3.91,37.25,47.66,3043.0,0,No Failure,124.8,59.2
H,122.99,710.22,148.47,2.57,39.13,62.2,2875.0,0,No Failure,181.2,79.2
L,126.79,792.11,164.14,4.82,44.25,78.35,2924.0,0,No Failure,132.9,62.1
M,133.87,636.62,136.3,3.41,34.47,75.98,2982.0,0,No Failure,176.7,77.6
L,108.09,707.72,107.81,3.76,51.55,86.42,3193.0,1,Mechanical Seal Dry-Run,6.9,14.4
H,105.37,601.95,138.73,3.14,39.0,66.51,2944.0,0,No Failure,204.9,87.6
L,103.51,563.02,129.71,4.02,38.85,46.67,3047.0,0,No Failure,140.4,64.7
L,135.45,429.313,159.76,2.89,45.62,78.6,2894.0,0,No Failure,164.5,73.2
M,132.82,695.44,129.69,2.6,38.47,57.31,2876.0,0,No Failure,161.1,72.1
L,116.95,686.23,115.9,4.79,46.26,55.88,2928.0,0,No Failure,168.1,74.5
L,122.94,708.51,107.12,3.63,46.29,65.84,2970.0,0,No Failure,174.6,76.8
M,125.02,658.59,124.08,4.67,32.72,64.66,3038.0,0,No Failure,162.1,72.4
L,109.9,622.06,177.96,4.09,34.35,48.46,2932.0,0,No Failure,158.3,71.1
M,116.55,638.97,172.16,3.31,35.45,74.76,2873.0,0,No Failure,172.6,76.1
L,88.11,566.7,121.08,5.27,40.46,64.71,2929.0,1,Impeller Cavitation,10.5,26.4
M,103.51,597.08,156.93,3.34,32.84,58.5,2946.0,0,No Failure,180.0,78.8
L,119.06,659.24,107.09,1.18,38.91,59.14,3100.0,0,No Failure,140.5,64.8
H,124.67,712.34,164.84,2.42,51.56,62.78,3094.0,0,No Failure,140.1,64.6
H,89.84,650.73,167.37,1.4,38.81,58.11,2966.0,0,No Failure,164.6,73.3
M,117.12,620.06,110.32,3.43,32.43,69.23,2890.0,0,No Failure,138.0,63.9
M,132.57,840.0,123.92,2.14,40.1,58.39,2995.0,0,No Failure,137.1,63.6
H,96.83,626.14,187.03,2.75,31.52,63.05,2951.0,0,No Failure,166.2,73.9
H,89.43,641.3,144.79,2.54,44.8,86.3,2896.0,0,No Failure,157.0,70.6
M,129.24,661.34,148.24,4.44,45.21,67.97,2999.0,0,No Failure,187.9,81.6
H,133.13,655.14,134.79,3.0,36.18,56.08,2940.0,0,No Failure,184.4,80.3
H,103.31,849.554,188.83,1.02,42.47,63.69,2895.0,0,No Failure,166.9,74.1
H,113.53,652.23,134.16,1.43,39.36,58.59,2947.0,0,No Failure,194.5,83.9
H,105.94,691.11,128.05,4.39,39.5,67.28,2929.0,0,No Failure,185.0,80.5
M,75.59,564.86,126.3,4.86,49.19,65.22,2955.0,0,No Failure,146.9,67.0
L,114.82,595.83,138.91,2.89,41.17,68.92,3043.0,0,No Failure,186.7,81.1
L,136.43,621.04,161.79,2.55,42.94,51.2,2901.0,0,No Failure,166.5,74.0
H,145.38,685.11,156.23,4.28,35.48,71.84,2921.0,0,No Failure,157.0,70.6
L,61.15,675.61,139.12,2.22,46.7,65.45,2888.0,0,No Failure,149.5,68.0
L,131.2,597.15,141.12,5.48,50.33,63.35,3002.0,0,No Failure,164.5,73.3
L,110.52,587.08,195.45,5.09,49.78,62.6,2867.0,0,No Failure,139.1,64.3
H,104.51,773.43,128.44,4.84,48.15,64.79,2910.0,0,No Failure,151.7,68.7
M,116.64,662.08,131.35,2.45,29.08,70.23,2951.0,0,No Failure,177.5,77.9
M,106.73,609.67,169.14,2.57,41.72,64.66,2905.0,0,No Failure,191.8,82.9
L,114.82,637.92,183.43,2.94,43.66,72.01,2950.0,0,No Failure,138.2,64.0
L,83.88,688.36,131.02,1.89,35.78,70.42,2882.0,0,No Failure,142.6,65.5
L,110.62,622.29,146.17,4.04,48.15,64.64,2895.0,0,No Failure,199.5,85.6
L,144.96,684.7,111.13,5.63,33.01,71.82,3077.0,0,No Failure,104.3,51.9
L,102.2,649.95,170.64,5.84,36.2,69.27,2952.0,0,No Failure,166.4,73.9
L,135.12,551.38,137.95,3.13,50.3,63.51,2880.0,0,No Failure,162.5,72.6
M,134.65,740.9,165.74,1.84,42.03,68.3,2889.0,0,No Failure,151.5,68.7
L,104.1,671.44,159.8,2.31,40.93,56.86,2971.0,0,No Failure,185.4,80.6
L,103.01,627.53,113.26,2.35,36.65,64.19,2933.0,1,Mechanical Seal Dry-Run,7.0,26.1
L,111.42,630.6,168.77,4.25,42.02,69.57,2973.0,0,No Failure,197.5,84.9
L,114.61,754.3,166.55,3.01,39.68,60.12,3024.0,0,No Failure,166.9,74.1
M,115.81,648.11,147.24,2.78,42.83,66.24,2946.0,0,No Failure,223.6,94.2
L,127.26,674.6,128.65,5.01,44.85,67.62,2883.0,0,No Failure,169.8,75.1
H,98.39,615.69,146.73,3.28,46.6,59.68,2903.0,0,No Failure,192.1,83.0
L,94.21,601.35,185.59,3.5,41.39,67.47,2989.0,0,No Failure,172.8,76.2
L,125.32,582.99,153.61,4.04,39.27,60.47,2951.0,0,No Failure,194.4,83.8
L,105.26,667.15,149.6,2.9,47.4,49.85,2999.0,0,No Failure,172.6,76.1
M,127.04,686.42,142.14,4.22,44.1,76.85,2914.0,0,No Failure,175.8,77.3
L,129.49,712.74,141.96,3.97,39.62,65.36,2945.0,0,No Failure,195.1,84.1
L,138.77,667.73,159.27,4.4,41.91,73.19,2984.0,0,No Failure,173.7,76.5
L,92.96,647.23,141.97,3.36,31.34,70.4,2871.0,0,No Failure,161.9,72.4
L,133.26,625.04,125.46,6.5,39.36,62.51,2918.0,0,No Failure,165.1,73.5
H,107.61,640.63,160.48,2.85,45.26,58.14,2987.0,0,No Failure,194.7,84.0
M,103.79,663.33,133.56,4.03,49.22,57.53,2905.0,0,No Failure,176.7,77.6
H,142.94,782.8,107.59,3.5,32.43,77.0,2998.0,1,Mechanical Seal Dry-Run,6.9,7.8
M,129.28,644.07,140.69,2.66,36.1,70.11,2930.0,0,No Failure,191.3,82.8
M,127.25,634.13,158.05,4.72,49.68,60.76,2995.0,0,No Failure,177.1,77.7
M,91.12,629.89,179.9,2.98,42.03,82.77,3015.0,0,No Failure,148.3,67.5
L,92.6,702.8,140.29,2.55,38.76,53.44,2819.0,0,No Failure,143.9,66.0
H,96.82,660.22,148.13,4.93,36.74,68.75,2920.0,0,No Failure,178.7,78.3
M,127.39,602.69,112.0,2.67,42.54,53.37,2873.0,0,No Failure,158.4,71.1
L,160.74,574.13,126.52,0.88,39.26,58.82,2937.0,0,No Failure,135.3,62.9
H,135.64,632.59,144.44,5.06,42.36,60.78,2906.0,0,No Failure,155.5,70.1
M,149.65,709.64,112.39,4.34,49.75,54.23,2955.0,0,No Failure,132.9,62.1
H,106.59,659.95,139.04,3.2,44.44,61.82,2858.0,0,No Failure,194.7,84.0
M,107.11,588.36,119.25,4.07,50.25,68.57,2831.0,0,No Failure,148.3,67.5
L,126.35,642.47,141.23,3.47,43.08,66.25,3023.0,0,No Failure,206.2,88.0
L,102.8,637.92,185.27,4.15,46.08,62.58,2952.0,0,No Failure,171.7,75.8
H,114.14,620.8,158.97,2.53,35.13,67.05,2997.0,0,No Failure,187.7,81.5
H,143.76,696.3,192.22,4.13,42.38,64.11,2974.0,0,No Failure,148.1,67.4
M,112.44,585.45,153.3,3.53,37.74,60.92,2959.0,0,No Failure,202.0,86.5
L,79.55,589.4,151.68,3.04,40.6,59.41,2881.0,0,No Failure,167.4,74.3
L,118.97,646.89,132.5,3.73,39.43,70.81,2934.0,0,No Failure,204.0,87.3
M,129.56,666.22,167.43,5.11,30.87,52.48,2953.0,0,No Failure,148.3,67.5
M,143.15,644.02,142.85,2.03,40.71,73.97,3025.0,0,No Failure,167.6,74.3
H,86.01,594.31,156.84,2.0,46.47,78.99,2937.0,0,No Failure,148.2,67.5
H,143.47,587.33,140.17,5.61,49.85,76.53,3103.0,0,No Failure,110.7,54.2
M,108.24,686.9,127.43,3.74,47.75,57.42,2803.0,0,No Failure,154.7,69.8
H,115.67,637.49,115.03,4.87,30.74,67.05,2911.0,0,No Failure,168.8,74.8
L,133.33,703.97,128.96,4.17,43.21,63.02,2985.0,0,No Failure,181.0,79.1
L,103.19,572.07,114.04,1.5,54.29,84.32,2894.0,1,Mechanical Seal Dry-Run,10.4,7.0
M,106.59,641.47,167.43,3.76,53.75,51.46,2798.0,0,No Failure,137.7,63.8
L,106.17,547.64,153.51,2.35,44.28,68.29,3064.0,0,No Failure,158.6,71.2
M,115.33,725.01,148.59,4.47,45.74,64.66,3032.0,0,No Failure,157.3,70.7
M,115.58,679.92,87.89,2.65,47.94,56.08,2933.0,0,No Failure,157.2,70.7
L,105.69,655.2,133.65,2.39,39.71,72.03,2918.0,0,No Failure,187.1,81.3
M,81.72,637.31,139.18,6.58,40.07,69.44,2851.0,1,Impeller Cavitation,2.3,21.4
L,96.71,637.92,136.65,2.3,35.41,72.77,2977.0,0,No Failure,172.1,76.0
M,112.87,645.76,158.14,3.43,44.15,76.51,2957.0,0,No Failure,201.5,86.4
L,85.88,624.26,147.4,3.37,45.4,61.31,2901.0,0,No Failure,190.0,82.3
L,102.33,751.83,134.25,3.74,44.67,62.56,3104.0,0,No Failure,151.9,68.8
M,100.08,625.03,172.37,1.77,33.85,72.9,2919.0,0,No Failure,153.1,69.2
L,106.39,571.39,166.04,3.62,40.5,34.533,2968.0,0,No Failure,180.5,78.9
L,139.39,684.9,134.39,0.8,35.05,69.88,3011.0,0,No Failure,140.7,64.8
L,103.43,569.17,155.16,3.02,40.68,66.86,2966.0,0,No Failure,192.6,83.2
M,106.5,660.54,119.26,2.84,44.21,53.03,2897.0,0,No Failure,172.8,76.2
L,125.83,583.76,120.4,2.48,43.65,64.39,2995.0,0,No Failure,179.9,78.7
L,132.69,567.93,128.97,4.04,40.66,81.09,3014.0,0,No Failure,147.5,67.2
L,119.98,612.52,135.06,1.93,38.89,55.23,2908.0,0,No Failure,178.6,78.3
L,139.59,753.84,141.76,3.54,36.81,63.58,3039.0,0,No Failure,159.1,71.3
H,125.21,674.68,149.73,1.96,34.31,60.28,2967.0,0,No Failure,180.6,79.0
H,142.27,687.65,122.79,-1.671,42.74,63.55,2788.0,0,No Failure,155.7,70.2
H,112.33,619.18,136.21,2.86,36.84,73.67,2997.0,0,No Failure,184.9,80.5
M,152.39,650.11,144.42,5.57,44.44,70.04,2937.0,0,No Failure,169.3,75.0
L,114.8,616.02,149.03,2.79,42.4,60.73,2872.0,0,No Failure,202.7,86.8
L,128.5,591.57,127.41,3.13,43.66,65.8,2934.0,0,No Failure,194.1,83.8
M,98.89,588.04,171.79,3.83,31.74,67.69,2856.0,0,No Failure,146.1,66.8
L,93.15,685.01,144.59,6.1,45.45,59.96,2927.0,0,No Failure,166.6,74.0
M,121.62,588.79,156.93,1.34,42.62,65.86,2934.0,0,No Failure,186.8,81.2
L,100.74,554.74,145.05,1.77,39.29,62.73,2876.0,0,No Failure,168.4,74.7
L,121.05,704.17,139.78,3.74,38.1,55.4,3102.0,0,No Failure,158.1,71.0
L,106.58,594.85,133.95,2.91,40.79,52.78,2982.0,0,No Failure,182.6,79.7
L,124.06,596.98,144.685,2.22,30.74,54.26,2912.0,0,No Failure,151.3,68.6
M,112.72,681.45,156.13,5.23,40.44,65.92,2909.0,0,No Failure,188.0,81.6
L,114.54,619.16,138.78,7.8,56.77,63.18,3008.0,0,No Failure,144.5,66.2
L,85.57,769.29,142.91,3.89,34.49,65.94,2976.0,0,No Failure,154.6,69.8
M,97.0,610.95,133.24,5.17,35.35,81.26,2990.0,0,No Failure,143.1,65.7
L,135.34,632.32,150.96,3.2,46.02,63.26,3079.0,0,No Failure,180.0,78.7
H,105.52,709.74,134.21,3.01,43.86,68.98,2981.0,0,No Failure,186.1,80.9
H,126.54,496.39,121.52,3.74,52.0,70.47,3018.0,0,No Failure,131.2,61.5
L,128.7,714.26,140.99,2.89,32.78,67.27,2871.0,0,No Failure,161.9,72.3
H,73.31,640.27,114.64,4.45,48.21,75.53,2906.0,0,No Failure,137.2,63.6
L,107.82,631.77,152.29,3.61,37.94,61.29,3107.0,0,No Failure,179.6,78.6
M,144.03,577.61,172.36,5.37,47.06,69.91,2973.0,0,No Failure,140.5,64.8
L,88.23,618.19,134.72,2.9,51.33,62.48,2973.0,0,No Failure,175.7,77.2
H,91.12,712.54,130.52,3.29,36.03,58.58,2914.0,0,No Failure,164.4,73.2
M,104.52,677.65,100.38,3.67,43.18,59.95,2875.0,0,No Failure,167.0,74.1
L,81.34,605.45,117.81,1.38,41.11,63.01,2976.0,0,No Failure,160.0,71.7
L,76.34,519.56,199.22,0.81,42.58,77.39,3035.0,0,No Failure,79.8,43.3
M,104.42,640.43,145.85,4.66,36.9,68.37,2955.0,0,No Failure,199.8,85.8
M,116.42,524.42,108.99,2.45,43.1,49.36,2911.0,0,No Failure,143.2,65.7
M,105.13,690.89,139.88,2.14,40.62,59.12,3010.0,0,No Failure,180.6,79.0
M,95.34,694.75,150.86,4.86,45.32,57.22,2834.0,0,No Failure,150.5,68.3
M,144.1,664.33,136.94,2.14,50.92,65.46,3015.0,0,No Failure,159.3,71.4
M,115.47,631.11,122.88,4.46,52.22,58.84,2916.0,0,No Failure,175.8,77.3
H,124.69,726.39,156.45,2.65,40.84,55.46,3015.0,0,No Failure,166.1,73.8
L,65.45,716.94,103.83,1.49,50.29,65.46,2909.0,0,No Failure,110.0,54.0
M,122.43,484.53,147.09,4.16,47.67,55.28,2936.0,0,No Failure,157.4,70.7
L,121.94,717.19,114.37,3.36,41.24,65.92,2965.0,0,No Failure,170.0,75.2
L,91.47,735.51,150.22,3.33,38.01,76.52,2901.0,0,No Failure,154.7,69.8
H,73.97,668.97,127.79,4.66,33.04,71.34,2930.0,0,No Failure,143.1,65.7
M,117.38,524.84,113.18,3.32,41.34,65.71,2985.0,0,No Failure,177.2,77.8
M,107.21,607.45,119.95,2.83,41.51,67.75,2973.0,0,No Failure,192.5,83.2
M,107.51,664.3,149.27,2.79,27.13,77.32,3058.0,0,No Failure,143.2,65.7
L,98.08,711.46,174.14,3.74,44.2,81.31,2955.0,0,No Failure,153.2,69.3
M,112.15,620.37,157.23,3.97,43.55,63.31,2924.0,0,No Failure,209.8,89.3
L,132.99,755.56,130.56,3.5,36.31,67.68,2995.0,0,No Failure,159.8,71.6
M,109.89,582.9,154.69,2.93,23.38,67.52,2809.0,0,No Failure,136.2,63.2
L,116.11,608.49,109.82,4.22,41.02,68.18,2938.0,0,No Failure,189.7,82.2
H,116.39,456.19,138.36,2.79,37.7,73.84,2933.0,0,No Failure,158.5,71.1
M,100.05,643.48,122.91,3.64,49.01,50.16,2707.0,0,No Failure,160.4,71.8
L,116.44,597.16,158.06,2.05,49.52,51.8,2971.0,0,No Failure,166.2,73.8
L,87.94,583.84,148.96,4.18,39.82,61.4,2950.0,0,No Failure,171.9,75.9
L,120.42,541.1,191.18,2.75,41.26,67.14,2960.0,0,No Failure,167.2,74.2
H,135.93,695.67,105.02,5.63,42.89,57.67,3002.0,0,No Failure,139.9,64.5
L,95.98,595.77,140.06,3.97,32.05,59.82,2881.0,0,No Failure,163.2,72.8
M,106.97,676.59,134.25,1.5,37.86,44.67,3036.0,0,No Failure,140.3,64.7
M,102.13,738.81,150.37,-1.671,51.64,67.2,2873.0,1,Discharge Blockage Overload,5.9,24.9
H,92.03,601.6,129.64,5.3,41.55,80.59,3097.0,0,No Failure,125.0,59.3
L,128.98,617.94,125.11,1.6,49.74,64.08,2720.0,0,No Failure,136.2,63.2
L,99.09,582.07,154.32,5.55,30.88,40.0,3031.0,0,No Failure,105.8,52.5
L,123.04,675.6,158.21,4.06,28.58,77.61,2707.0,0,No Failure,154.4,69.7
H,100.31,685.18,143.05,3.88,40.39,42.87,2863.0,0,No Failure,154.6,69.7
M,107.69,660.64,132.43,1.66,45.86,64.66,2850.0,0,No Failure,172.6,76.1
M,118.19,706.08,142.5,1.88,42.2,53.5,3026.0,0,No Failure,170.6,75.4
M,180.328,731.47,119.66,3.65,36.6,78.13,2910.0,1,Mechanical Seal Dry-Run,9.8,22.9
H,124.57,679.16,185.15,3.36,50.16,60.26,2856.0,0,No Failure,144.9,66.3
H,119.92,664.23,121.43,4.51,41.93,63.87,2952.0,0,No Failure,193.5,83.5
M,106.17,766.14,150.84,3.26,45.78,65.1,2966.0,0,No Failure,183.6,80.0
L,95.5,575.47,124.06,0.72,48.93,76.38,2986.0,0,No Failure,126.8,59.9
L,116.05,502.05,128.37,2.29,36.99,69.57,2955.0,0,No Failure,162.5,72.6
H,109.12,686.8,154.75,1.34,50.29,58.25,3122.0,0,No Failure,134.2,62.5
L,129.34,552.36,127.49,4.06,31.84,61.79,2974.0,0,No Failure,159.7,71.6
L,101.68,569.84,127.95,4.37,46.32,63.82,2873.0,0,No Failure,166.5,74.0
L,109.09,626.46,135.18,4.49,48.11,60.2,2985.0,0,No Failure,188.8,81.9
H,136.76,604.18,166.97,2.9,40.18,77.1,2861.0,0,No Failure,151.5,68.6
L,105.19,664.73,142.55,2.44,51.62,54.07,2901.0,0,No Failure,168.2,74.6
L,114.82,589.01,119.66,4.03,39.55,51.21,2931.0,0,No Failure,173.2,76.4
L,115.58,600.33,115.09,1.78,47.15,83.97,3004.0,1,Mechanical Seal Dry-Run,12.1,19.4
M,72.0,616.94,157.38,3.78,45.59,49.17,2900.0,0,No Failure,147.0,67.1
H,87.46,661.95,140.14,4.45,45.89,66.23,2985.0,0,No Failure,181.0,79.1
M,90.63,693.78,143.48,3.09,50.32,66.97,2922.0,0,No Failure,175.5,77.2
L,106.23,636.55,133.6,3.2,28.96,70.87,2892.0,0,No Failure,172.1,76.0
M,102.61,719.44,186.02,2.84,36.05,63.24,2922.0,0,No Failure,160.1,71.7
H,115.32,544.99,133.27,2.89,40.77,69.11,2934.0,0,No Failure,189.1,82.0
M,106.45,699.94,110.99,3.89,46.6,58.48,2899.0,0,No Failure,162.8,72.7
H,98.55,776.48,173.33,5.37,41.86,61.09,2955.0,0,No Failure,150.3,68.2
M,124.59,618.81,115.82,6.47,50.96,56.73,2973.0,0,No Failure,143.3,65.7
L,124.84,672.29,163.51,0.74,41.925,67.68,2944.0,0,No Failure,165.6,73.6
H,120.31,699.71,127.65,4.03,47.37,64.5,2906.0,0,No Failure,182.5,79.7
L,101.98,664.0,113.07,6.71,32.59,68.24,2886.0,0,No Failure,131.4,61.5
M,98.05,595.74,206.95,4.91,45.07,84.34,2849.0,1,Mechanical Seal Dry-Run,1.7,8.1
L,82.42,667.59,161.92,2.4,49.55,66.69,2920.0,0,No Failure,161.1,72.1
L,115.92,698.09,140.67,2.0,45.22,60.26,2979.0,0,No Failure,189.2,82.0
L,113.26,620.4,149.57,2.66,55.46,54.94,2936.0,0,No Failure,177.1,77.7
L,128.06,628.05,158.38,3.51,33.43,64.19,3013.0,0,No Failure,168.6,74.7
M,99.33,594.85,153.48,2.85,45.87,57.49,3193.0,0,No Failure,162.1,72.4
L,112.08,558.97,138.06,4.18,35.91,79.94,2885.0,0,No Failure,152.4,69.0
M,96.68,723.18,149.8,1.54,41.93,51.99,2957.0,0,No Failure,162.4,72.5
L,124.94,575.21,80.07,2.21,48.83,53.3,2914.0,0,No Failure,124.2,59.0
M,122.07,465.64,101.54,2.57,40.45,55.38,2935.0,0,No Failure,150.2,68.2
L,145.78,749.07,143.33,3.44,46.4,70.14,2971.0,0,No Failure,163.9,73.1
L,106.75,694.58,148.63,2.79,39.08,67.15,2982.0,0,No Failure,193.7,83.6
L,79.72,673.36,127.05,2.24,41.925,69.51,2864.0,0,No Failure,152.7,69.1
L,135.54,659.22,124.01,2.66,34.4,67.26,2990.0,0,No Failure,169.3,75.0
H,114.77,613.53,181.48,2.84,43.59,68.29,2989.0,0,No Failure,186.3,81.0
L,117.1,761.2,88.96,1.78,42.12,75.22,2921.0,0,No Failure,132.1,61.8
L,120.29,648.86,135.93,3.52,36.86,61.36,2860.0,0,No Failure,192.6,83.2
M,152.61,546.99,123.61,4.89,49.41,63.5,3063.0,0,No Failure,119.9,57.5
H,76.19,729.5,140.68,2.29,33.88,73.38,2951.0,0,No Failure,141.4,65.1
M,116.59,643.1,162.82,2.49,47.53,67.4,3024.0,0,No Failure,185.1,80.6
L,160.21,580.08,132.64,3.01,45.1,61.9,2927.0,0,No Failure,164.2,73.2
L,86.02,568.69,148.59,3.43,40.8,44.33,2874.0,0,No Failure,146.1,66.7
L,108.21,568.08,151.19,5.87,41.83,67.57,3013.0,0,No Failure,169.3,75.0
M,108.03,657.64,133.14,3.25,43.57,71.55,2989.0,0,No Failure,197.3,84.9
H,122.96,665.49,179.97,3.92,43.1,64.63,2930.0,0,No Failure,193.1,83.4
M,102.58,674.97,128.49,3.78,53.74,64.82,3014.0,0,No Failure,168.2,74.6
M,122.26,621.2,183.84,3.31,33.92,58.55,2955.0,0,No Failure,177.4,77.8
L,112.14,754.79,152.7,2.78,34.57,70.39,2923.0,0,No Failure,166.3,73.9
H,115.15,664.35,148.55,3.84,49.33,65.18,2975.0,0,No Failure,204.7,87.5
H,117.85,644.85,121.34,-1.671,47.23,64.31,2859.0,0,No Failure,184.7,80.4
L,97.44,617.26,146.01,3.21,34.92,57.93,2995.0,0,No Failure,183.8,80.1
H,119.21,621.12,143.37,2.53,45.72,70.01,2930.0,0,No Failure,200.5,86.0
H,113.27,642.43,107.09,5.05,32.85,53.64,2949.0,0,No Failure,161.4,72.2
M,83.72,628.63,136.98,5.2,48.49,74.13,2915.0,1,Impeller Cavitation,5.4,24.1
L,124.45,635.15,186.51,2.69,46.92,67.89,2978.0,0,No Failure,175.9,77.3
L,105.4,598.33,155.99,1.83,50.98,63.09,2920.0,0,No Failure,173.3,76.4
L,108.42,759.67,181.94,3.52,44.5,55.44,3011.0,0,No Failure,148.5,67.6
L,157.32,600.44,149.86,1.0,31.84,71.12,3015.0,0,No Failure,124.4,59.1
M,113.72,658.82,161.02,4.72,40.95,48.11,2900.0,0,No Failure,172.1,75.9
M,106.32,649.22,165.35,4.65,34.11,56.3,3059.0,0,No Failure,153.6,69.4
L,49.634,683.59,154.5,3.6,39.58,60.02,2912.0,0,No Failure,189.8,82.2
L,121.45,545.39,141.06,4.1,38.91,79.94,2914.0,0,No Failure,161.3,72.1
L,114.82,665.17,141.2,4.92,47.81,46.69,2950.0,0,No Failure,124.3,59.0
M,78.34,712.6,149.39,6.02,43.88,55.95,2929.0,1,Impeller Cavitation,3.6,20.9
M,101.25,581.67,154.44,5.48,54.21,77.18,2875.0,0,No Failure,125.2,59.3
M,98.47,582.27,91.31,2.89,40.09,69.96,2873.0,0,No Failure,144.3,66.1
L,125.91,649.67,151.96,3.64,40.31,55.68,2999.0,0,No Failure,194.8,84.0
L,108.25,434.04,159.01,4.59,42.28,64.33,2931.0,0,No Failure,192.1,83.0
L,150.29,671.37,126.96,1.27,37.46,51.89,2995.0,0,No Failure,133.8,62.4
M,86.52,592.2,140.92,2.1,32.76,40.0,2838.0,0,No Failure,107.9,53.2
M,142.04,663.19,152.91,1.4,46.66,68.32,2891.0,0,No Failure,159.7,71.6
L,106.28,618.41,138.29,2.95,52.06,49.86,2950.0,0,No Failure,149.3,67.9
L,115.55,601.34,226.023,2.73,51.48,76.27,2960.0,0,No Failure,174.1,76.7
M,101.7,721.61,111.72,2.07,30.67,58.56,2883.0,0,No Failure,128.6,60.5
H,123.14,658.53,138.75,2.97,33.33,68.48,2908.0,0,No Failure,186.5,81.0
L,128.63,697.09,190.49,3.49,43.02,64.54,3029.0,0,No Failure,166.5,74.0
M,99.55,684.15,133.14,4.86,42.5,65.6,3057.0,0,No Failure,169.1,74.9
M,97.89,682.97,125.4,4.99,49.43,72.48,2927.0,0,No Failure,153.9,69.5
M,117.41,684.0,135.18,2.05,42.25,64.87,2969.0,0,No Failure,201.7,86.4
M,90.03,664.5,152.95,2.35,30.1,50.82,2868.0,0,No Failure,135.2,62.9
M,101.96,627.5,124.51,3.77,39.81,54.63,2876.0,0,No Failure,174.6,76.8
H,114.42,794.48,128.95,1.83,32.41,76.04,2924.0,0,No Failure,129.8,61.0
H,126.27,602.27,133.69,3.03,38.38,75.06,2956.0,0,No Failure,183.9,80.1
M,115.79,543.71,170.77,1.01,49.43,70.46,2844.0,0,No Failure,127.1,60.0
L,115.12,667.13,164.45,4.08,47.79,57.82,2917.0,0,No Failure,184.9,80.5
L,106.7,662.25,118.88,5.19,65.304,55.63,2884.0,0,No Failure,155.0,69.9
M,99.08,635.78,156.34,2.9,26.47,65.01,2887.0,0,No Failure,167.0,74.1
L,100.55,621.61,145.96,3.07,38.14,51.02,3017.0,0,No Failure,176.5,77.5
M,49.634,656.22,157.41,2.14,51.77,69.53,2959.0,0,No Failure,165.4,73.6
M,158.47,576.9,111.71,5.13,54.45,58.65,3035.0,0,No Failure,100.3,50.5
L,114.54,640.83,164.31,5.37,43.8,66.44,2878.0,0,No Failure,184.9,80.5
L,118.88,659.97,137.55,4.17,33.34,62.88,2922.0,0,No Failure,194.0,83.7
M,113.38,670.54,145.53,4.32,65.304,73.56,2920.0,0,No Failure,183.5,80.0
L,140.64,624.09,135.94,3.3,45.77,59.52,2932.0,0,No Failure,190.6,82.5
M,84.12,677.52,144.2,4.57,50.9,69.59,3017.0,0,No Failure,152.8,69.1
M,180.328,718.35,175.24,2.46,43.53,68.23,3025.0,0,No Failure,160.9,72.0
M,135.65,570.93,185.09,2.83,54.05,68.32,2888.0,0,No Failure,130.7,61.3
L,94.98,635.15,161.29,2.85,42.68,57.69,3030.0,0,No Failure,179.1,78.4
L,134.46,619.67,120.05,3.87,23.06,73.55,2927.0,0,No Failure,139.2,64.3
M,98.1,614.66,138.44,4.39,47.94,50.65,3009.0,0,No Failure,159.8,71.6
L,90.7,682.37,124.63,3.31,45.26,69.87,2941.0,0,No Failure,178.8,78.3
L,126.64,637.92,141.71,5.41,41.925,62.6,2955.0,0,No Failure,183.7,80.1
L,144.67,655.36,175.54,2.91,31.34,71.3,2974.0,0,No Failure,149.9,68.1
L,128.82,566.85,157.99,4.31,41.13,69.67,2958.0,0,No Failure,181.3,79.2
H,142.77,675.75,140.36,2.65,47.21,56.62,3001.0,0,No Failure,165.6,73.6
L,118.45,693.24,75.0,5.07,36.64,60.45,3023.0,0,No Failure,133.9,62.4
L,107.39,612.83,190.77,4.98,44.78,73.28,3049.0,0,No Failure,141.1,65.0
H,156.5,634.34,142.19,3.06,37.11,61.69,2993.0,0,No Failure,178.6,78.2
M,119.25,634.61,154.79,3.09,37.95,65.22,2969.0,0,No Failure,211.6,90.0
L,93.47,738.77,122.11,2.5,39.25,64.62,3003.0,0,No Failure,157.8,70.9
M,98.97,603.77,122.66,3.3,58.14,61.02,2998.0,0,No Failure,154.7,69.8
L,109.2,573.4,115.06,2.98,34.36,59.53,2981.0,0,No Failure,166.1,73.8
M,123.67,636.14,155.94,3.23,46.42,69.24,2932.0,0,No Failure,202.1,86.6
H,97.6,685.54,151.87,3.2,45.43,76.28,2793.0,0,No Failure,148.1,67.5
M,120.81,611.03,126.84,4.11,50.57,63.34,2905.0,0,No Failure,181.3,79.2
H,93.29,616.55,180.84,4.66,42.28,64.04,3010.0,0,No Failure,169.5,75.0
L,131.45,624.82,219.75,2.99,38.12,58.51,3011.0,0,No Failure,148.3,67.5
M,149.16,631.79,142.68,4.28,39.99,58.32,3026.0,0,No Failure,155.9,70.2
M,114.96,657.01,171.8,3.6,48.69,59.6,2895.0,0,No Failure,183.9,80.1
L,104.27,628.78,142.53,2.62,47.7,71.05,2919.0,0,No Failure,189.5,82.1
L,136.46,504.43,142.94,2.7,49.25,59.35,2978.0,0,No Failure,152.7,69.1
M,111.08,691.12,149.56,4.12,46.85,66.49,3005.0,0,No Failure,188.3,81.7
H,89.6,580.22,170.92,3.03,39.03,73.83,2920.0,0,No Failure,157.0,70.6
M,129.22,635.73,133.54,5.04,38.21,54.52,2935.0,0,No Failure,177.9,78.0
M,102.13,638.935,152.52,3.36,40.8,67.14,2976.0,0,No Failure,203.9,87.2
M,149.89,672.18,158.92,4.55,41.47,68.77,3052.0,0,No Failure,154.8,69.8
H,118.02,621.42,150.34,2.74,30.17,51.01,2974.0,0,No Failure,171.6,75.8
L,125.85,582.24,139.6,5.76,41.65,71.06,2896.0,0,No Failure,166.8,74.1
M,110.86,674.51,160.98,3.61,33.05,67.89,2910.0,0,No Failure,182.4,79.6
L,120.22,714.94,137.17,3.54,45.86,59.21,2979.0,0,No Failure,188.8,81.9
L,134.89,580.7,152.14,3.7,47.44,61.62,2871.0,0,No Failure,170.6,75.4
H,154.5,580.88,135.82,4.15,44.19,69.65,2783.0,0,No Failure,132.9,62.1
L,141.3,636.14,141.7,3.93,39.21,56.97,2876.0,0,No Failure,178.5,78.2
L,96.36,675.71,118.9,3.26,34.83,61.33,2972.0,0,No Failure,175.0,77.0
L,121.88,660.97,148.72,1.66,37.61,63.91,2876.0,0,No Failure,185.1,80.6
L,112.11,676.97,118.7,3.21,43.23,62.66,2840.0,0,No Failure,182.4,79.6
H,105.51,655.28,126.65,3.66,36.84,75.57,2977.0,0,No Failure,179.0,78.4
M,88.78,673.9,143.86,5.15,18.688,69.62,3044.0,1,Impeller Cavitation,6.7,22.9
M,124.35,538.88,142.68,2.77,41.89,81.81,2938.0,0,No Failure,164.4,73.2
H,116.86,664.27,151.18,3.25,35.1,57.03,2958.0,0,No Failure,199.3,85.6
M,118.38,649.17,165.73,4.79,39.84,70.8,2838.0,0,No Failure,168.9,74.8
L,146.31,631.72,118.28,4.91,46.3,80.41,3027.0,1,Mechanical Seal Dry-Run,9.1,16.0
L,95.37,704.35,110.32,2.34,29.33,63.3,2988.0,0,No Failure,141.1,65.0
M,114.78,632.78,142.96,6.22,45.12,73.41,2930.0,0,No Failure,182.6,79.7
M,101.96,534.22,142.68,4.86,38.41,45.16,3043.0,0,No Failure,122.2,58.3
L,115.52,653.33,163.78,3.5,42.09,60.97,3001.0,0,No Failure,207.6,88.5
L,106.57,638.19,134.2,2.31,29.82,76.27,2866.0,0,No Failure,151.8,68.7
M,104.22,605.66,143.84,2.62,44.99,68.14,3015.0,0,No Failure,187.9,81.6
L,154.42,653.57,138.86,2.83,47.33,68.21,2965.0,0,No Failure,175.6,77.2
L,110.87,585.94,169.47,4.22,36.08,54.18,2950.0,0,No Failure,161.9,72.3
L,118.87,631.25,112.02,4.25,35.51,80.13,2969.0,1,Mechanical Seal Dry-Run,10.6,27.1
M,120.35,690.87,132.38,2.78,41.46,58.32,3009.0,0,No Failure,186.2,80.9
M,122.35,759.93,179.19,1.25,40.41,66.88,2973.0,0,No Failure,149.1,67.8
L,83.82,555.63,151.02,1.14,48.79,59.78,2882.0,0,No Failure,133.6,62.3
M,89.47,541.6,161.76,2.66,33.63,64.25,2882.0,0,No Failure,146.0,66.7
L,127.99,602.0,128.91,1.88,42.57,64.16,2974.0,0,No Failure,189.2,82.0
L,100.48,612.13,149.03,4.42,50.91,55.78,2963.0,0,No Failure,174.2,76.7
L,107.14,672.42,124.7,4.59,45.67,61.54,2968.0,0,No Failure,186.0,80.9
M,137.79,639.62,94.65,1.95,45.25,65.55,2969.0,0,No Failure,163.5,72.9
H,124.07,622.27,126.94,0.6,40.93,65.28,2960.0,0,No Failure,183.4,79.9
M,92.29,672.96,144.91,4.21,38.3,78.54,2846.0,0,No Failure,152.4,69.0
H,112.09,703.55,157.48,3.26,35.11,56.38,3029.0,0,No Failure,168.8,74.8
H,112.86,662.97,138.23,6.17,47.27,62.89,2874.0,0,No Failure,172.2,76.0
M,116.36,649.0,97.17,2.25,46.8,55.87,2968.0,0,No Failure,168.1,74.5
H,126.9,822.7,141.05,3.28,46.64,60.89,2920.0,0,No Failure,164.9,73.4
L,138.75,615.19,162.51,1.39,40.11,74.52,2989.0,0,No Failure,155.3,70.0
M,135.25,705.67,144.03,1.03,40.13,63.7,2782.0,0,No Failure,144.5,66.2
H,120.31,555.44,150.67,1.8,49.29,67.7,2944.0,0,No Failure,172.9,76.2
M,123.78,671.88,105.41,5.81,49.08,61.93,2877.0,0,No Failure,143.2,65.7
L,124.6,637.92,126.99,4.92,45.62,69.38,3072.0,0,No Failure,163.4,72.9
H,120.88,570.84,166.5,3.52,39.62,50.75,3005.0,0,No Failure,164.8,73.4
H,141.12,693.28,124.65,2.58,39.26,61.92,2947.0,0,No Failure,176.2,77.4
L,102.5,646.84,136.3,0.6,44.19,61.59,2993.0,0,No Failure,178.2,78.1
L,136.96,658.71,142.02,2.82,60.56,59.53,2800.0,0,No Failure,132.8,62.0
M,115.99,668.92,171.37,3.88,43.86,58.97,3005.0,0,No Failure,187.0,81.2
H,49.634,678.98,124.41,2.3,57.7,71.3,2911.0,0,No Failure,150.1,68.2
L,100.48,660.44,147.35,6.21,45.58,62.7,3013.0,0,No Failure,171.7,75.8
L,126.65,590.3,122.06,5.06,46.01,59.44,2902.0,0,No Failure,162.0,72.4
L,137.31,731.9,176.48,5.32,35.65,47.2,2883.0,0,No Failure,106.0,52.6
M,91.46,570.06,142.68,4.2,47.09,64.04,3018.0,0,No Failure,164.0,73.1
H,104.83,720.33,95.02,4.69,41.46,60.1,2948.0,0,No Failure,160.3,71.8
M,130.07,664.08,168.39,2.27,42.7,70.72,2887.0,0,No Failure,170.9,75.5
L,124.7,521.07,194.32,3.76,38.87,58.5,2865.0,0,No Failure,135.0,62.8
H,109.16,664.95,147.17,3.58,37.88,62.75,2909.0,0,No Failure,206.7,88.2
L,117.27,771.67,138.25,2.57,43.43,72.12,3036.0,0,No Failure,158.2,71.0
H,86.84,653.34,147.44,2.85,36.06,63.5,2889.0,0,No Failure,182.0,79.5
L,124.23,686.55,153.58,2.46,45.03,67.89,2947.0,0,No Failure,193.3,83.4
M,92.39,557.84,149.46,3.07,60.16,51.79,3018.0,0,No Failure,123.2,58.6
L,149.46,634.39,158.52,5.5,34.21,65.36,2952.0,0,No Failure,164.4,73.2
L,137.34,661.7,144.81,3.56,41.97,70.29,2897.0,0,No Failure,194.0,83.7
M,140.36,672.21,148.26,2.69,43.37,56.1,2977.0,0,No Failure,181.8,79.4
L,75.41,585.95,125.52,4.81,45.18,75.54,2915.0,0,No Failure,137.0,63.5
M,129.31,570.79,140.08,3.84,34.18,66.81,3027.0,0,No Failure,167.0,74.2
L,120.13,711.16,159.53,2.65,36.83,71.99,3056.0,0,No Failure,155.2,70.0
H,103.35,661.02,122.89,2.27,30.41,54.54,3062.0,0,No Failure,137.1,63.6
M,102.99,570.05,161.3,3.1,42.39,75.49,2946.0,0,No Failure,179.3,78.5
H,112.66,613.28,168.22,4.33,47.32,64.18,3051.0,0,No Failure,175.1,77.0
L,98.66,632.82,185.94,5.17,44.14,58.28,3014.0,0,No Failure,155.3,70.0
M,112.04,581.01,143.87,2.26,32.06,67.84,2902.0,0,No Failure,173.7,76.5
M,90.57,549.92,63.267,1.73,48.42,63.09,3064.0,0,No Failure,126.7,59.9
M,121.56,687.01,155.35,3.57,47.87,59.98,2923.0,0,No Failure,190.3,82.4
H,88.52,644.32,199.79,3.17,44.68,57.53,3099.0,0,No Failure,134.5,62.6
L,97.76,685.66,136.87,3.36,47.09,65.92,2928.0,0,No Failure,178.8,78.3
L,114.87,616.19,142.33,4.12,39.17,48.11,2956.0,0,No Failure,191.3,82.8
M,106.64,677.87,141.81,4.35,42.72,68.55,2914.0,0,No Failure,196.2,84.5
L,150.53,565.87,124.83,4.84,39.37,67.33,3108.0,0,No Failure,123.3,58.7
M,136.24,644.54,143.67,1.41,46.09,65.29,2952.0,0,No Failure,191.2,82.7
L,97.42,557.06,185.39,2.28,44.99,62.91,3015.0,0,No Failure,147.9,67.4
H,137.84,613.64,105.94,3.05,38.78,53.1,3061.0,0,No Failure,139.7,64.5
M,115.39,656.96,166.47,3.8,37.37,60.0,2962.0,0,No Failure,199.2,85.5
L,114.82,684.29,182.5,1.6,50.67,73.97,2974.0,0,No Failure,146.4,66.8
L,140.42,607.25,119.15,2.87,53.63,58.53,2956.0,0,No Failure,156.2,70.3
L,87.78,607.19,133.05,1.91,36.75,68.75,2980.0,0,No Failure,163.7,73.0
L,105.19,703.55,118.34,4.73,43.14,68.71,2945.0,0,No Failure,175.7,77.2
L,130.41,496.88,132.44,2.72,39.12,62.75,2980.0,0,No Failure,163.5,72.9
L,114.93,678.61,114.49,1.11,50.08,73.3,2905.0,0,No Failure,146.8,67.0
L,99.85,685.17,188.2,2.67,49.85,69.68,2949.0,0,No Failure,156.9,70.6
L,114.82,661.57,171.53,3.72,41.925,65.57,3190.0,0,No Failure,187.4,81.4
M,129.43,580.02,142.33,2.67,45.64,59.44,2883.0,0,No Failure,175.6,77.2
L,98.1,625.04,153.29,2.95,49.26,83.48,2971.0,0,No Failure,161.4,72.2
M,117.16,648.39,126.25,2.92,43.18,69.21,2957.0,0,No Failure,207.2,88.4
L,111.84,601.67,145.28,2.86,35.58,67.94,2940.0,0,No Failure,200.3,86.0
H,122.84,739.04,145.17,4.25,36.27,63.15,2929.0,0,No Failure,183.0,79.8
M,126.73,662.43,121.37,1.65,48.6,70.74,2965.0,0,No Failure,165.3,73.5
M,135.75,669.4,127.39,3.97,45.91,63.63,2958.0,0,No Failure,189.7,82.2
H,83.36,579.27,164.9,4.49,65.304,61.31,2947.0,0,No Failure,164.4,73.2
H,118.7,601.05,170.95,3.91,48.13,71.48,3049.0,0,No Failure,160.0,71.7
L,102.95,654.29,104.16,3.55,42.07,65.57,2948.0,0,No Failure,197.1,84.8
H,118.42,641.825,137.56,3.84,40.7,74.68,2950.0,0,No Failure,195.5,84.2
L,125.96,660.53,171.52,1.49,25.65,61.89,3045.0,0,No Failure,133.2,62.2
H,93.57,684.12,80.29,3.1,35.2,62.27,2868.0,0,No Failure,134.9,62.8
L,105.02,630.13,149.7,5.86,33.6,61.26,2707.0,0,No Failure,168.0,74.5
L,180.328,819.78,137.32,5.02,40.63,51.51,2869.0,0,No Failure,134.2,62.5
L,134.48,561.45,120.15,5.35,32.02,61.62,3007.0,0,No Failure,134.0,62.4
L,114.82,655.31,135.86,2.79,37.95,62.43,2896.0,0,No Failure,201.3,86.3
H,111.23,683.82,172.53,4.17,39.53,71.68,2928.0,0,No Failure,178.9,78.4
L,114.82,594.46,136.73,2.81,41.925,57.83,2833.0,0,No Failure,175.9,77.3
M,108.14,606.18,133.04,2.53,39.31,60.03,2872.0,0,No Failure,181.6,79.3
L,106.94,615.09,136.66,5.18,44.63,64.33,2860.0,0,No Failure,179.9,78.7
M,61.67,634.94,124.87,4.01,36.47,63.4,2955.0,0,No Failure,166.0,73.8
L,100.15,636.13,152.45,1.61,56.5,62.77,2881.0,0,No Failure,158.3,71.1
M,116.87,588.51,142.68,4.46,50.9,57.99,2893.0,0,No Failure,172.4,76.1
L,100.42,657.35,185.36,3.04,43.07,48.89,2956.0,0,No Failure,167.1,74.2
M,113.12,641.2,158.78,3.73,36.79,61.51,2932.0,0,No Failure,207.5,88.5
M,110.6,620.02,133.05,3.43,50.6,67.81,2787.0,0,No Failure,165.0,73.4
L,117.9,709.83,157.31,2.78,31.77,60.62,2969.0,0,No Failure,175.4,77.1
H,128.69,546.61,169.15,4.56,41.26,67.77,3009.0,0,No Failure,159.5,71.5
M,112.11,621.48,140.69,5.71,43.61,54.05,2922.0,0,No Failure,181.8,79.4
L,81.38,665.96,157.83,3.44,45.93,76.11,2980.0,0,No Failure,164.6,73.3
L,128.09,556.47,140.09,5.5,55.61,49.45,3062.0,0,No Failure,109.0,53.6
L,72.8,678.82,144.685,5.51,43.35,57.31,2906.0,1,Impeller Cavitation,12.7,20.3
L,91.27,730.25,115.09,0.85,36.46,69.69,2924.0,0,No Failure,129.1,60.7
L,113.5,527.32,142.15,2.15,42.02,65.62,2971.0,0,No Failure,189.7,82.2
L,117.34,594.09,151.84,5.45,41.77,77.5,3059.0,0,No Failure,156.5,70.4
L,121.59,639.31,144.38,2.79,46.02,63.08,2911.0,0,No Failure,210.3,89.5
L,130.03,617.36,152.78,3.47,47.19,63.36,2941.0,0,No Failure,203.4,87.0
M,103.61,642.6,146.59,5.95,46.36,72.85,2903.0,0,No Failure,170.8,75.5
M,131.25,699.01,125.31,1.49,34.41,64.66,3053.0,0,No Failure,130.9,61.4
L,124.59,708.44,124.31,2.94,34.22,34.533,2862.0,0,No Failure,155.0,69.9
M,116.41,641.33,136.98,3.25,43.34,71.23,2921.0,0,No Failure,211.0,89.7
L,130.37,572.37,136.85,3.3,42.3,49.51,3022.0,0,No Failure,165.3,73.5
H,132.47,429.313,148.28,2.73,38.87,94.0,2971.0,0,No Failure,196.7,84.6
M,122.43,668.68,169.63,4.07,36.1,48.07,2823.0,0,No Failure,139.4,64.4
H,89.87,578.05,138.23,4.48,58.74,76.38,2974.0,0,No Failure,129.4,60.8
L,124.5,678.63,160.95,2.2,40.73,68.58,3037.0,0,No Failure,172.7,76.2
M,99.46,659.34,188.02,5.68,36.04,64.12,2870.0,0,No Failure,144.4,66.2
L,136.07,553.62,164.41,1.33,44.64,65.79,2951.0,0,No Failure,161.3,72.1
M,74.43,661.64,119.86,2.58,37.56,53.91,2961.0,0,No Failure,151.5,68.7
H,103.07,624.4,158.36,4.57,34.31,61.66,2916.0,0,No Failure,180.0,78.7
M,99.64,697.24,161.63,4.31,41.96,65.43,2944.0,0,No Failure,190.9,82.6
L,112.23,703.25,157.24,2.81,33.19,78.06,2950.0,0,No Failure,162.6,72.6
L,113.66,597.26,134.81,2.29,32.92,71.91,2938.0,0,No Failure,176.1,77.4
H,112.2,721.11,123.16,5.82,40.33,58.32,2953.0,0,No Failure,166.6,74.0
L,114.82,548.02,121.26,5.3,46.83,49.55,2978.0,0,No Failure,136.8,63.5
L,121.99,577.29,133.04,2.77,43.64,54.7,2936.0,0,No Failure,183.3,79.9
M,108.46,652.57,172.28,1.73,41.03,64.47,2928.0,0,No Failure,191.1,82.7
M,104.75,627.95,109.76,4.33,43.9,68.34,3125.0,0,No Failure,149.9,68.1
M,107.26,651.03,137.24,2.12,53.84,57.21,3114.0,0,No Failure,143.2,65.7
M,129.19,582.73,129.27,2.44,42.44,75.75,2927.0,0,No Failure,163.8,73.0
H,109.25,701.87,122.86,1.95,35.07,63.99,2997.0,0,No Failure,167.5,74.3
H,127.9,567.3,125.55,3.66,41.57,66.17,2933.0,0,No Failure,189.2,82.0
M,111.02,706.02,117.3,1.37,43.33,72.49,3040.0,0,No Failure,147.4,67.2
L,89.42,667.38,163.5,2.61,48.61,62.0,3041.0,0,No Failure,158.0,71.0
M,125.31,696.75,138.77,5.06,54.31,68.32,2901.0,0,No Failure,154.4,69.7
H,112.0,640.4,141.05,4.02,27.4,57.94,2834.0,0,No Failure,163.7,73.0
M,89.4,691.16,148.95,4.07,40.37,72.57,2915.0,0,No Failure,173.6,76.5
L,111.2,660.06,147.58,2.01,35.73,59.37,3142.0,0,No Failure,155.5,70.1
M,129.41,581.61,139.27,4.51,45.04,72.39,2951.0,0,No Failure,179.3,78.5
M,126.33,758.6,171.63,1.92,48.54,80.47,2842.0,0,No Failure,106.6,52.7
L,90.91,483.3,157.72,2.76,49.27,58.9,2956.0,0,No Failure,143.2,65.7
H,100.34,626.27,150.13,2.8,43.19,62.65,2933.0,0,No Failure,208.0,88.7
L,126.99,618.68,117.81,4.84,46.0,55.07,2964.0,0,No Failure,168.2,74.6
M,123.27,575.66,152.65,6.66,38.96,69.9,2898.0,0,No Failure,153.7,69.5
M,135.84,577.59,128.62,0.6,47.94,58.01,2975.0,0,No Failure,143.1,65.7
L,128.67,609.33,147.92,2.98,46.58,54.73,2957.0,0,No Failure,189.3,82.0
L,99.42,595.22,156.53,2.09,42.6,61.36,2965.0,0,No Failure,188.1,81.6
L,107.1,683.81,116.64,3.5,43.04,71.29,3007.0,0,No Failure,178.0,78.0
L,160.96,657.67,138.06,4.97,50.25,69.71,2932.0,0,No Failure,150.0,68.1
L,180.328,592.01,134.78,4.16,42.62,67.55,2922.0,0,No Failure,196.2,84.5
L,113.75,627.51,126.46,2.62,34.43,86.12,2833.0,0,No Failure,139.1,64.3
L,110.97,559.42,163.49,2.86,54.03,62.31,2961.0,0,No Failure,169.4,75.0
L,139.42,638.46,135.01,-1.671,51.86,61.36,3062.0,0,No Failure,160.6,71.9
L,126.56,729.76,146.91,5.08,40.13,57.57,2799.0,0,No Failure,144.5,66.2
H,105.13,612.17,143.35,5.08,40.68,48.79,3193.0,0,No Failure,176.5,77.5
M,121.56,581.46,122.08,1.14,35.5,63.63,2861.0,0,No Failure,150.9,68.4
L,99.85,605.98,137.32,4.8,55.94,51.21,2896.0,0,No Failure,139.3,64.3
L,100.85,710.3,143.6,5.76,46.42,68.07,2921.0,0,No Failure,165.3,73.6
L,138.37,664.23,119.72,3.98,39.18,64.99,2707.0,0,No Failure,179.8,78.7
L,123.56,693.77,145.98,4.27,43.01,62.26,3045.0,0,No Failure,185.8,80.8
L,136.16,606.8,152.83,5.53,46.14,57.41,2805.0,0,No Failure,139.5,64.4
L,94.66,759.04,210.38,5.14,40.76,72.23,3011.0,0,No Failure,107.7,53.2
L,114.84,586.81,101.69,3.19,41.06,63.17,2972.0,0,No Failure,189.5,82.1
L,107.51,639.2,110.7,4.73,42.1,62.06,2865.0,0,No Failure,178.4,78.2
L,132.15,687.75,165.57,5.31,49.58,71.81,2988.0,0,No Failure,146.5,66.9
L,130.11,635.38,133.31,1.84,36.27,52.76,2887.0,0,No Failure,160.5,71.8
H,123.38,706.06,143.67,3.92,36.12,62.97,2863.0,0,No Failure,178.8,78.3
L,125.61,676.78,133.5,4.37,39.45,70.24,2933.0,0,No Failure,186.7,81.1
M,117.4,581.31,86.71,3.08,35.35,62.94,2944.0,0,No Failure,167.0,74.1
L,118.97,702.08,113.51,5.51,52.83,65.13,2925.0,0,No Failure,151.2,68.6
L,90.42,561.27,172.89,1.38,44.1,62.71,3017.0,0,No Failure,143.8,65.9
M,114.37,737.07,162.79,4.11,54.81,72.41,3045.0,1,Discharge Blockage Overload,4.9,18.2
H,113.95,623.97,167.19,4.39,22.0,69.09,3020.0,0,No Failure,147.3,67.2
L,115.19,587.15,104.42,5.1,31.37,69.73,2960.0,0,No Failure,150.7,68.4
L,97.46,635.75,111.75,4.48,34.39,64.0,2934.0,0,No Failure,174.9,76.9
H,110.82,629.41,155.0,1.82,31.51,68.23,2993.0,0,No Failure,174.2,76.7
M,117.68,669.31,161.09,1.8,39.82,52.01,2953.0,0,No Failure,179.6,78.6
H,113.03,849.554,151.21,2.21,41.69,76.57,2933.0,0,No Failure,189.4,82.1
M,139.66,626.52,151.55,1.32,37.91,60.36,2895.0,0,No Failure,167.1,74.2
H,96.95,625.69,126.01,3.67,41.97,59.04,2947.0,0,No Failure,199.3,85.6
M,129.79,620.87,152.56,1.63,46.32,77.61,2948.0,0,No Failure,169.7,75.1
L,130.23,637.92,196.48,4.83,47.94,55.21,2962.0,0,No Failure,136.4,63.3
L,119.52,671.13,128.45,4.46,40.4,72.76,2978.0,0,No Failure,184.3,80.3
L,101.64,753.32,147.18,3.73,50.17,70.35,3023.0,1,Discharge Blockage Overload,4.8,24.4
M,113.92,597.6,129.24,3.18,52.83,62.48,2996.0,0,No Failure,181.5,79.3
M,105.22,672.38,177.53,3.0,45.16,66.52,2971.0,0,No Failure,184.9,80.5
M,134.94,674.69,166.56,4.36,37.29,49.08,2971.0,0,No Failure,153.9,69.5
L,120.89,591.37,132.94,4.88,38.92,55.31,3038.0,0,No Failure,161.8,72.3
L,128.68,603.28,164.87,6.69,47.74,58.33,2896.0,0,No Failure,142.9,65.6
M,124.68,731.96,148.52,3.58,39.23,64.45,2983.0,0,No Failure,192.1,83.0
M,127.78,745.79,193.33,4.41,46.19,79.09,2869.0,0,No Failure,112.8,55.0
H,84.88,587.34,226.023,4.11,41.73,67.73,2885.0,0,No Failure,168.3,74.6
H,125.68,627.85,123.05,3.9,48.43,70.03,2886.0,0,No Failure,173.2,76.3
M,49.634,765.66,146.6,5.29,32.44,70.85,2938.0,0,No Failure,148.0,67.4
L,91.37,675.73,131.34,4.91,40.47,75.53,2964.0,0,No Failure,164.2,73.2
L,123.06,572.08,167.43,1.33,32.12,56.76,3041.0,0,No Failure,130.4,61.2
M,106.23,661.4,116.39,3.42,42.44,56.85,2980.0,0,No Failure,186.4,81.0
M,158.91,658.46,126.25,2.69,32.01,72.13,2975.0,0,No Failure,143.4,65.8
L,122.5,588.27,182.09,2.52,45.17,64.75,3056.0,0,No Failure,159.4,71.4
L,116.31,662.81,141.98,3.36,39.45,71.78,2943.0,0,No Failure,202.8,86.8
M,109.51,653.49,160.77,4.73,36.0,58.53,2925.0,0,No Failure,182.5,79.6
H,102.44,517.13,136.23,3.54,36.07,64.83,2852.0,0,No Failure,158.4,71.1
M,101.91,603.91,87.78,4.82,38.67,58.95,2986.0,0,No Failure,148.3,67.5
M,126.19,615.96,121.36,2.34,56.9,62.87,2929.0,0,No Failure,162.5,72.6
L,100.31,673.12,160.11,3.59,43.99,68.3,2938.0,0,No Failure,195.3,84.2
M,105.37,638.71,137.39,5.3,43.03,65.9,2916.0,0,No Failure,196.5,84.6
M,121.25,585.24,172.15,3.86,37.71,48.73,2903.0,0,No Failure,155.7,70.1
L,112.81,651.24,137.61,7.09,65.304,66.44,2953.0,0,No Failure,174.0,76.6
L,115.25,639.07,128.72,1.21,40.08,64.29,3048.0,0,No Failure,182.8,79.8
M,101.7,600.28,172.11,1.76,22.68,89.8,3010.0,0,No Failure,117.0,56.4
M,129.49,429.313,152.48,2.15,42.09,42.49,2924.0,0,No Failure,160.0,71.7
M,98.8,710.46,137.61,2.93,42.1,59.79,2906.0,0,No Failure,184.3,80.3
M,104.68,611.53,137.79,4.55,37.33,61.56,2819.0,0,No Failure,167.7,74.4
L,110.91,651.9,156.39,6.21,46.99,70.68,2785.0,0,No Failure,142.9,65.6
M,80.32,732.34,116.97,2.27,36.43,66.61,2892.0,0,No Failure,133.6,62.3
L,136.59,706.57,142.39,4.07,50.92,62.81,2912.0,0,No Failure,169.9,75.2
M,113.47,599.86,100.34,3.54,35.25,69.19,2941.0,0,No Failure,174.8,76.9
L,90.28,684.01,129.23,3.0,46.89,62.67,2707.0,0,No Failure,167.8,74.4
L,103.83,571.7,144.1,2.08,38.13,72.76,2933.0,0,No Failure,174.5,76.8
M,127.93,696.77,145.73,1.95,43.89,62.87,2847.0,0,No Failure,173.6,76.5
H,139.86,623.63,140.13,4.06,40.16,51.61,2958.0,0,No Failure,181.2,79.2
L,107.65,602.65,136.88,0.6,36.4,47.48,2890.0,0,No Failure,140.5,64.8
L,123.28,549.81,136.74,2.95,44.05,72.21,2825.0,0,No Failure,157.2,70.7
L,119.9,611.03,226.023,3.67,32.89,73.04,2916.0,0,No Failure,182.0,79.5
M,107.07,671.9,140.22,3.36,40.78,74.31,2919.0,0,No Failure,196.2,84.5
H,122.37,574.27,180.92,4.44,42.33,65.43,3014.0,0,No Failure,168.7,74.8
L,126.17,587.06,170.08,0.86,46.13,68.35,2951.0,0,No Failure,161.5,72.2
M,105.29,731.53,134.18,4.02,44.41,70.4,2934.0,0,No Failure,177.9,78.0
L,138.15,628.72,142.12,3.36,43.33,48.22,2865.0,0,No Failure,154.0,69.5
L,89.76,662.51,112.94,3.03,37.48,71.09,3046.0,0,No Failure,150.0,68.1
H,120.16,704.3,176.89,2.94,47.08,75.63,3030.0,0,No Failure,148.7,67.7
L,114.82,429.313,149.07,4.48,33.73,51.48,2859.0,0,No Failure,157.4,70.7
M,99.68,570.48,122.39,2.54,32.07,55.62,2927.0,0,No Failure,148.8,67.7
L,114.82,690.21,149.27,3.78,42.33,54.15,2994.0,0,No Failure,182.2,79.5
M,106.72,660.08,155.06,3.2,44.15,58.18,3009.0,0,No Failure,193.8,83.6
M,87.08,734.07,159.86,2.44,35.02,68.6,2995.0,0,No Failure,144.8,66.3
M,92.83,623.09,183.27,3.43,43.51,64.97,2955.0,0,No Failure,180.2,78.8
H,120.84,648.66,132.25,0.97,39.71,94.0,2931.0,0,No Failure,188.8,81.9
H,91.85,663.9,140.08,3.36,33.87,74.73,2929.0,0,No Failure,173.4,76.4
M,100.39,708.05,141.71,3.0,46.94,55.09,2990.0,0,No Failure,172.2,76.0
M,123.6,652.32,121.52,3.13,39.63,69.81,2830.0,0,No Failure,173.2,76.3
L,127.76,596.38,75.0,4.11,41.46,63.41,2896.0,0,No Failure,157.7,70.9
H,114.87,579.83,157.46,4.25,46.98,67.01,2971.0,0,No Failure,188.7,81.8
L,122.57,679.9,190.01,0.91,42.37,55.4,2928.0,0,No Failure,152.1,68.9
M,109.19,613.21,161.33,0.85,49.55,68.44,2958.0,0,No Failure,168.8,74.8
H,109.97,624.8,122.59,2.75,38.35,68.39,2965.0,0,No Failure,193.9,83.7
L,79.31,648.61,141.35,2.97,50.34,60.46,2903.0,0,No Failure,170.8,75.5
L,97.19,616.33,144.685,6.94,52.83,61.56,2861.0,0,No Failure,133.6,62.3
M,93.79,635.34,141.07,3.44,50.86,55.0,3067.0,0,No Failure,161.3,72.1
L,101.58,628.83,147.06,4.92,38.79,65.49,3060.0,0,No Failure,178.4,78.2
L,93.57,722.92,130.05,4.83,44.25,68.4,2900.0,0,No Failure,157.0,70.6
L,106.01,627.9,119.66,2.54,34.98,63.66,2885.0,0,No Failure,176.7,77.6
M,115.1,757.67,178.33,3.03,35.51,53.44,3021.0,0,No Failure,139.8,64.5
L,107.01,620.29,177.33,2.92,38.31,58.54,3007.0,0,No Failure,175.1,77.0
H,97.88,702.13,174.46,3.69,36.03,53.65,3033.0,0,No Failure,142.8,65.6
L,121.11,595.49,152.18,3.77,42.5,70.73,2858.0,0,No Failure,184.4,80.3
L,130.57,665.21,136.14,3.97,31.57,54.92,2828.0,0,No Failure,147.9,67.4
M,104.65,429.313,127.24,4.87,32.26,82.53,3014.0,0,No Failure,129.5,60.9
L,112.47,634.59,171.79,4.22,38.54,81.26,2904.0,0,No Failure,166.1,73.8
L,108.92,618.09,94.26,5.57,18.688,48.61,2895.0,0,No Failure,135.7,63.1
L,141.88,684.54,162.93,6.47,39.59,70.36,2870.0,0,No Failure,134.6,62.7
H,180.328,597.56,142.42,2.66,47.0,65.93,2921.0,0,No Failure,174.6,76.8
M,99.92,648.33,75.51,3.11,40.34,56.31,2841.0,0,No Failure,169.9,75.2
L,104.28,611.16,141.84,2.22,56.82,49.2,2707.0,0,No Failure,152.7,69.1
M,112.92,665.29,184.98,2.41,50.53,55.16,2920.0,0,No Failure,158.3,71.1
H,113.71,634.66,156.82,1.08,43.08,61.92,3050.0,0,No Failure,180.7,79.0
L,180.328,612.45,143.75,2.67,42.53,87.92,3073.0,0,No Failure,150.1,68.2
L,96.85,591.37,70.0,2.64,41.01,65.52,2950.0,0,No Failure,169.1,74.9
M,89.57,644.2,170.23,3.75,46.56,71.67,2970.0,0,No Failure,173.8,76.6
L,138.68,636.75,114.35,2.48,37.96,72.06,2969.0,0,No Failure,167.0,74.1
L,98.14,627.8,164.38,3.48,57.8,74.51,2997.0,0,No Failure,150.3,68.2
H,137.99,677.25,139.37,3.53,41.72,65.93,2955.0,0,No Failure,203.6,87.1
M,109.69,638.935,113.44,3.28,44.11,61.92,2909.0,0,No Failure,188.3,81.7
H,138.34,672.76,135.51,3.97,45.08,73.33,2925.0,0,No Failure,175.2,77.0
L,180.328,702.67,152.5,4.99,44.02,55.38,3193.0,0,No Failure,175.2,77.0
M,87.34,614.23,126.95,2.37,30.1,61.39,2909.0,0,No Failure,153.2,69.2
H,138.25,616.62,154.57,1.98,43.66,80.58,2919.0,0,No Failure,158.8,71.2
M,121.68,744.6,135.21,5.19,50.63,67.33,2940.0,1,Discharge Blockage Overload,3.5,26.5
L,111.88,638.28,189.74,3.61,35.45,62.15,2977.0,0,No Failure,184.6,80.4
M,83.38,696.2,163.4,2.09,39.34,69.68,2995.0,0,No Failure,153.0,69.2
L,99.65,637.4,170.05,3.23,30.04,65.13,2968.0,0,No Failure,179.4,78.6
L,117.57,616.7,126.71,1.85,32.14,62.27,2957.0,0,No Failure,180.4,78.9
L,105.42,542.28,147.24,2.22,37.38,67.85,2897.0,0,No Failure,168.0,74.5
L,139.43,599.54,150.02,8.494,40.41,74.29,2943.0,0,No Failure,178.6,78.2
H,123.43,774.03,122.3,3.36,40.33,53.78,2888.0,0,No Failure,143.7,65.9
M,175.9,717.47,226.023,3.71,42.6,71.87,2859.0,0,No Failure,138.0,63.9
L,104.69,664.52,145.23,3.69,35.08,64.59,2981.0,0,No Failure,201.0,86.2
L,131.9,739.78,145.04,3.63,38.28,78.36,2867.0,0,No Failure,150.6,68.3
H,125.97,736.61,130.44,2.66,39.67,73.48,2967.0,0,No Failure,166.9,74.1
L,128.73,739.23,152.88,2.34,33.45,64.19,2984.0,0,No Failure,161.8,72.3
L,96.17,565.98,108.16,0.99,39.73,70.69,2845.0,0,No Failure,122.5,58.4
L,134.83,674.74,162.09,2.29,45.98,58.2,2894.0,0,No Failure,164.7,73.3
L,121.89,614.49,140.57,3.08,44.85,59.67,2907.0,0,No Failure,200.3,85.9
M,125.4,682.01,168.07,4.56,40.29,51.51,2845.0,0,No Failure,149.3,67.9
M,122.78,727.7,163.63,3.64,43.15,78.83,2863.0,0,No Failure,152.6,69.0
H,119.95,650.84,190.26,5.57,43.17,63.59,3058.0,0,No Failure,158.1,71.0
H,111.49,654.33,122.43,5.11,37.34,65.18,2954.0,0,No Failure,190.2,82.4
M,122.09,703.15,132.57,3.27,35.99,54.47,3193.0,0,No Failure,171.8,75.9
M,77.64,587.96,146.65,8.494,36.85,72.99,2867.0,0,No Failure,144.7,66.2
L,96.42,717.04,137.18,2.47,41.925,63.65,2846.0,0,No Failure,167.2,74.2
M,137.81,849.554,115.81,2.15,41.71,66.54,2972.0,0,No Failure,169.1,74.9
M,136.43,689.38,173.42,3.97,52.2,45.42,2942.0,0,No Failure,133.7,62.4
L,117.5,699.23,144.68,1.54,50.66,52.77,2950.0,0,No Failure,160.0,71.7
M,94.34,560.84,165.52,4.28,42.01,47.8,2919.0,0,No Failure,149.5,67.9
L,109.84,755.65,167.72,5.35,28.8,54.32,2968.0,0,No Failure,126.1,59.6
L,109.29,714.66,160.22,4.05,40.43,58.4,2984.0,0,No Failure,181.3,79.2
M,127.46,686.17,130.69,0.93,50.69,55.2,2971.0,0,No Failure,148.5,67.6
L,128.89,613.01,122.6,3.57,50.23,51.36,2967.0,0,No Failure,165.0,73.4
L,82.65,692.03,153.95,1.88,42.9,61.79,2932.0,0,No Failure,163.9,73.1
H,111.52,642.93,157.29,3.09,48.49,70.15,2999.0,0,No Failure,191.7,82.9
M,131.14,722.71,133.99,2.3,50.2,53.68,3014.0,1,Discharge Blockage Overload,3.8,20.1
L,123.72,601.01,163.57,2.71,41.85,63.88,3043.0,0,No Failure,185.3,80.6
M,137.43,580.06,159.56,0.6,33.0,46.38,2935.0,0,No Failure,119.7,57.4
H,103.01,603.68,167.51,3.16,27.54,61.37,2862.0,0,No Failure,151.9,68.8
L,123.43,616.67,140.3,3.76,36.01,58.3,2952.0,0,No Failure,198.6,85.3
M,81.55,614.82,63.267,2.86,31.02,63.97,2864.0,0,No Failure,151.4,68.6
M,126.3,527.52,100.85,3.14,44.49,70.29,2827.0,0,No Failure,131.5,61.6
M,110.16,668.82,152.32,1.72,42.67,76.18,2996.0,0,No Failure,176.7,77.6
M,134.82,638.935,149.91,3.25,43.09,71.99,3050.0,0,No Failure,176.7,77.6
M,99.77,576.75,63.267,4.47,25.44,60.98,3011.0,0,No Failure,148.5,67.6
H,121.16,669.9,133.08,0.86,34.68,62.01,2884.0,0,No Failure,162.9,72.7
M,123.52,704.69,141.32,3.23,40.55,61.66,2884.0,0,No Failure,192.5,83.2
M,125.8,642.04,164.91,5.58,45.79,79.32,2929.0,0,No Failure,159.5,71.5
L,113.85,744.1,138.04,0.6,30.18,67.24,2989.0,0,No Failure,142.8,65.6
M,120.62,610.17,165.35,5.88,40.49,60.26,3123.0,0,No Failure,145.3,66.4
L,118.84,740.22,152.75,5.48,42.64,65.81,2953.0,0,No Failure,181.9,79.4
M,142.24,709.92,140.47,4.0,34.17,69.12,3033.0,0,No Failure,150.5,68.3
M,120.11,734.68,63.267,3.74,47.46,67.49,2835.0,0,No Failure,154.4,69.7
H,143.04,626.22,153.31,5.14,39.1,61.26,2910.0,0,No Failure,173.9,76.6
M,123.09,746.51,181.62,6.3,39.55,57.63,3067.0,0,No Failure,115.5,55.9
H,155.82,538.22,102.45,4.71,47.47,43.55,2899.0,0,No Failure,87.8,46.1
M,104.79,613.45,130.44,4.96,50.49,54.73,2925.0,0,No Failure,162.6,72.6
H,98.79,729.43,169.03,2.52,45.31,76.49,3006.0,0,No Failure,142.1,65.3
M,110.3,627.7,127.65,1.17,49.92,70.2,2928.0,0,No Failure,169.0,74.9
M,122.19,615.36,182.37,3.6,42.41,57.63,2898.0,0,No Failure,180.7,79.0
H,126.63,692.34,187.95,1.49,36.09,54.39,3083.0,0,No Failure,115.9,56.1
H,106.97,653.53,124.45,2.4,54.21,52.49,2774.0,0,No Failure,125.8,59.6
L,112.65,686.94,122.54,3.9,41.925,73.2,2966.0,0,No Failure,177.5,77.9
L,162.15,657.54,137.49,3.17,49.89,67.61,2982.0,0,No Failure,163.2,72.8
M,98.12,717.14,138.05,3.25,46.38,73.5,2856.0,0,No Failure,157.2,70.7
L,97.55,553.74,142.17,2.26,43.52,86.82,2852.0,0,No Failure,130.3,61.1
M,107.03,688.58,162.1,2.23,42.89,77.7,2886.0,0,No Failure,161.4,72.2
M,81.48,638.48,138.91,3.54,36.79,67.4,2937.0,0,No Failure,189.5,82.1
H,97.02,631.37,133.35,3.28,65.304,69.04,2911.0,0,No Failure,194.6,83.9
L,58.36,849.554,129.28,1.48,58.3,51.57,2917.0,0,No Failure,126.6,59.8
L,114.71,643.44,156.57,2.76,39.48,55.61,2848.0,0,No Failure,184.5,80.4
M,149.01,645.29,163.76,5.26,28.7,60.24,2900.0,0,No Failure,137.9,63.8
L,160.26,743.44,145.55,4.77,43.77,76.06,2994.0,0,No Failure,132.8,62.0
M,145.1,622.47,132.0,1.93,48.23,61.78,2921.0,0,No Failure,167.1,74.2
M,130.8,593.16,131.01,1.93,49.1,72.88,2987.0,0,No Failure,155.4,70.1
L,98.29,735.97,145.38,2.53,31.93,63.84,3028.0,0,No Failure,156.5,70.4
L,88.94,639.16,163.03,4.41,43.61,51.38,2960.0,0,No Failure,172.3,76.0
L,111.8,605.83,160.88,4.77,38.14,62.68,2930.0,0,No Failure,191.1,82.7
L,125.7,692.65,157.42,2.19,42.27,51.46,2975.0,0,No Failure,172.2,76.0
L,139.53,695.11,160.94,3.1,44.31,64.73,2867.0,0,No Failure,171.2,75.6
M,72.2,620.76,141.15,3.11,48.95,61.65,2972.0,0,No Failure,174.0,76.6
M,85.42,659.13,164.84,3.6,48.43,65.12,2863.0,0,No Failure,164.7,73.3
L,110.21,620.0,63.267,3.72,51.52,60.84,3027.0,0,No Failure,163.8,73.0
M,148.91,849.554,172.63,3.63,36.86,70.79,2888.0,0,No Failure,143.8,65.9
M,94.85,683.63,144.46,4.96,48.02,56.63,2940.0,0,No Failure,171.0,75.6
L,128.04,721.67,105.21,2.16,40.13,70.23,2976.0,0,No Failure,152.9,69.2
L,87.68,622.34,142.73,3.36,28.89,75.6,2975.0,0,No Failure,159.3,71.4
L,109.33,664.28,188.13,4.92,31.92,65.64,2784.0,0,No Failure,128.8,60.6
L,108.48,603.09,140.58,3.67,40.41,62.17,2924.0,0,No Failure,208.6,88.9
L,96.37,633.74,146.44,5.01,35.0,62.04,2959.0,0,No Failure,187.6,81.4
M,114.97,655.47,137.38,2.36,40.41,64.74,2964.0,0,No Failure,213.7,90.7
L,112.31,645.25,154.79,0.91,47.12,58.55,2923.0,0,No Failure,180.5,78.9
M,86.54,625.64,171.68,3.65,44.15,56.83,3060.0,0,No Failure,156.0,70.2
M,74.4,580.13,162.33,3.74,33.88,63.74,2918.0,0,No Failure,155.6,70.1
L,102.99,643.59,159.24,3.41,36.23,53.55,2859.0,0,No Failure,172.1,75.9
H,72.95,684.14,75.0,2.42,48.65,64.54,2979.0,0,No Failure,125.2,59.3
H,123.75,651.53,132.22,4.5,39.71,61.48,3018.0,0,No Failure,188.3,81.7
L,138.44,666.24,161.24,3.61,18.688,71.94,2894.0,0,No Failure,151.4,68.6
H,112.91,607.57,148.09,4.42,41.02,72.63,3193.0,0,No Failure,192.9,83.3
L,107.11,684.88,107.0,4.63,31.54,63.28,3086.0,0,No Failure,135.2,62.9
L,144.05,610.3,168.88,3.24,44.24,63.72,2918.0,0,No Failure,182.0,79.5
H,120.96,673.31,142.44,2.5,48.81,53.53,3020.0,0,No Failure,170.1,75.2
M,93.87,645.18,173.45,1.8,46.92,53.36,2968.0,0,No Failure,157.2,70.7
L,90.33,597.91,199.53,4.85,48.94,56.68,3015.0,0,No Failure,122.0,58.2
L,138.56,746.85,145.94,5.2,41.925,71.78,2880.0,0,No Failure,148.2,67.5
M,122.77,510.46,110.73,3.61,48.61,54.86,2962.0,0,No Failure,146.5,66.9
H,111.92,560.64,141.41,4.65,46.45,64.54,3003.0,0,No Failure,182.0,79.5
M,125.78,686.38,152.06,4.79,29.71,67.61,2963.0,0,No Failure,167.6,74.4
L,99.97,662.86,114.95,3.88,31.59,58.18,2878.0,0,No Failure,152.6,69.0
H,111.09,659.95,146.89,0.6,40.64,66.63,2905.0,0,No Failure,186.8,81.2
H,111.18,580.15,137.4,3.61,43.16,74.52,2911.0,0,No Failure,187.1,81.3
H,118.01,786.37,129.59,2.05,50.3,52.07,3054.0,1,Discharge Blockage Overload,8.6,12.1
L,137.88,614.5,98.7,2.7,39.96,73.52,2994.0,0,No Failure,151.1,68.5
H,128.69,733.34,117.92,2.53,36.33,64.87,3024.0,0,No Failure,151.9,68.8
L,141.55,634.07,131.46,4.07,35.05,84.46,2904.0,0,No Failure,144.8,66.3
M,118.44,690.67,146.16,2.15,46.25,58.78,2707.0,0,No Failure,191.1,82.7
H,115.28,617.25,155.28,3.03,37.12,68.1,3007.0,0,No Failure,194.9,84.0
L,124.41,641.42,135.57,2.18,49.98,69.34,2936.0,0,No Failure,185.9,80.8
L,98.45,628.62,86.28,3.97,41.37,53.94,2870.0,0,No Failure,147.4,67.2
L,133.99,565.2,135.84,1.57,41.12,54.52,2914.0,0,No Failure,157.9,70.9
M,67.16,582.09,130.02,4.69,49.03,63.58,2953.0,0,No Failure,150.9,68.4
H,105.14,683.25,130.85,1.92,45.03,69.55,2855.0,0,No Failure,162.7,72.6
H,131.55,638.11,182.55,1.36,49.77,67.37,2881.0,0,No Failure,147.0,67.0
L,134.69,600.68,183.73,3.01,43.55,75.02,2981.0,0,No Failure,159.1,71.3
L,119.21,626.08,161.48,3.08,43.0,61.45,2896.0,0,No Failure,202.1,86.6
M,135.33,558.7,134.82,3.82,36.4,44.72,2854.0,0,No Failure,129.4,60.8
L,82.0,664.91,164.06,4.3,47.46,61.15,2946.0,0,No Failure,170.8,75.5
L,109.91,702.39,121.51,2.55,56.08,64.22,3073.0,0,No Failure,141.6,65.1
H,143.42,665.96,105.62,5.54,40.53,72.64,2896.0,0,No Failure,137.3,63.6
M,137.49,621.53,154.13,4.64,46.47,61.25,2888.0,0,No Failure,173.4,76.4
L,144.74,688.43,114.42,3.28,35.72,55.82,2960.0,0,No Failure,156.0,70.2
M,124.9,622.54,110.74,3.67,44.7,79.01,2904.0,1,Mechanical Seal Dry-Run,3.6,27.9
M,118.02,686.77,141.63,5.32,40.02,66.37,2875.0,0,No Failure,181.1,79.2
L,119.86,634.76,120.55,2.4,43.71,55.26,2922.0,0,No Failure,185.9,80.8
L,80.92,679.33,136.38,4.88,33.98,64.19,2963.0,0,No Failure,151.7,68.7
M,100.62,669.8,144.23,2.9,35.14,64.66,2820.0,0,No Failure,170.8,75.5
H,86.5,574.65,115.09,1.2,40.03,71.76,2985.0,0,No Failure,137.3,63.6
L,114.01,649.81,121.21,3.72,35.77,45.79,2875.0,0,No Failure,159.5,71.5
L,135.34,526.55,138.58,2.84,34.23,61.96,3016.0,0,No Failure,152.9,69.2
H,92.75,703.51,149.06,2.08,29.02,67.52,3038.0,0,No Failure,139.9,64.5
L,106.39,584.95,163.5,1.52,43.18,54.37,2991.0,0,No Failure,162.4,72.5
L,114.31,666.43,125.32,3.69,43.44,72.47,2960.0,0,No Failure,198.4,85.3
L,127.19,712.24,116.45,4.06,43.47,56.68,3070.0,0,No Failure,147.7,67.3
M,114.91,680.53,130.96,2.91,43.85,59.8,3050.0,0,No Failure,184.1,80.2
H,70.66,643.1,122.9,3.35,53.41,84.29,2987.0,0,No Failure,125.3,59.4
L,123.3,657.22,169.1,2.94,53.23,80.43,2909.0,0,No Failure,150.0,68.1
H,93.58,672.68,169.23,4.55,37.81,52.29,2984.0,0,No Failure,153.6,69.4
H,106.56,674.8,165.94,2.19,34.69,69.67,2920.0,0,No Failure,168.7,74.7
L,115.89,655.25,169.77,3.2,47.22,76.18,2837.0,0,No Failure,162.8,72.7
L,114.82,669.5,141.04,3.91,42.48,69.0,3023.0,0,No Failure,191.6,82.9
L,119.43,582.46,175.32,3.2,45.44,66.43,2888.0,0,No Failure,176.9,77.7
H,115.98,728.33,172.13,0.6,48.29,53.34,2957.0,0,No Failure,140.3,64.7
M,89.03,587.71,130.91,4.07,26.58,59.65,3036.0,0,No Failure,133.9,62.4
H,133.79,799.49,166.76,2.49,41.93,63.92,2964.0,0,No Failure,158.8,71.2
H,126.34,614.52,140.35,1.3,45.33,56.49,2967.0,0,No Failure,178.4,78.2
M,134.61,723.18,156.52,3.43,47.45,80.9,3048.0,0,No Failure,126.6,59.8
L,130.9,631.24,135.59,4.57,46.0,72.96,2967.0,0,No Failure,181.3,79.2
H,118.02,643.79,139.04,2.12,39.08,62.8,2853.0,0,No Failure,191.9,83.0
L,115.79,691.42,146.0,2.32,42.73,62.0,2927.0,0,No Failure,205.7,87.9
L,131.32,727.35,121.89,4.01,35.83,56.34,2984.0,0,No Failure,152.4,69.0
L,95.44,587.06,145.39,2.36,47.31,62.85,2912.0,0,No Failure,180.2,78.8
L,98.59,667.83,140.26,4.09,39.39,75.14,2980.0,0,No Failure,180.4,78.9
M,113.16,582.44,124.98,3.31,42.44,69.95,2923.0,0,No Failure,191.1,82.7
M,110.04,626.38,163.67,0.6,51.26,62.5,2861.0,0,No Failure,152.9,69.2
M,95.11,585.24,113.43,3.88,65.304,68.42,2879.0,0,No Failure,144.0,66.0
L,129.05,627.73,116.92,5.2,32.24,50.88,2892.0,0,No Failure,136.2,63.2
L,138.23,642.69,96.94,7.57,48.68,77.44,2936.0,1,Mechanical Seal Dry-Run,4.9,9.5
H,108.23,619.61,150.14,2.13,36.74,47.39,2942.0,0,No Failure,173.6,76.5
M,125.58,545.45,137.82,2.68,42.05,53.24,2963.0,0,No Failure,176.0,77.3
L,100.39,653.32,125.95,3.04,36.83,59.67,2970.0,0,No Failure,187.8,81.5
L,112.83,652.49,160.07,3.98,40.35,60.56,2971.0,0,No Failure,206.4,88.1
H,75.5,567.18,127.13,3.15,30.79,59.64,3029.0,0,No Failure,130.6,61.2
M,84.19,641.61,160.22,3.37,38.72,55.13,3029.0,0,No Failure,167.8,74.4
M,122.82,638.935,172.44,3.68,50.41,63.12,3049.0,0,No Failure,170.7,75.5
M,108.94,604.46,117.74,5.88,34.44,68.68,3028.0,0,No Failure,144.9,66.3
M,131.38,617.41,134.34,4.3,36.45,61.03,2993.0,0,No Failure,180.6,79.0
L,129.29,632.76,138.05,4.43,42.75,55.22,2846.0,0,No Failure,174.7,76.9
L,147.66,598.73,177.67,3.46,39.8,75.08,2926.0,0,No Failure,155.8,70.2
L,112.03,576.7,129.5,2.62,52.34,67.36,3119.0,0,No Failure,141.6,65.2
H,107.27,623.48,168.02,1.57,40.73,61.53,2852.0,0,No Failure,170.2,75.3
L,143.26,712.32,156.72,2.98,35.4,65.19,3026.0,0,No Failure,157.1,70.6
L,111.73,614.68,115.82,2.83,33.48,67.37,2935.0,0,No Failure,180.7,79.0
M,127.16,595.53,117.6,3.23,39.57,68.24,2927.0,0,No Failure,183.8,80.1
L,123.53,622.79,141.17,5.14,46.1,60.92,2923.0,0,No Failure,190.2,82.4
H,85.25,551.69,139.79,3.68,48.23,73.02,2994.0,0,No Failure,151.9,68.8
L,95.95,650.15,129.61,2.27,39.58,61.59,3022.0,0,No Failure,178.0,78.1
L,133.69,609.41,114.33,4.87,36.45,51.46,2886.0,0,No Failure,138.4,64.0
H,164.93,642.83,121.21,5.23,32.25,58.62,3079.0,0,No Failure,111.6,54.5
H,148.3,641.0,140.0,3.77,51.52,79.45,3010.0,0,No Failure,149.1,67.8
L,159.22,556.44,125.78,4.28,44.44,71.3,2902.0,0,No Failure,137.4,63.7
L,97.06,647.56,115.77,4.6,52.17,70.66,3118.0,0,No Failure,126.5,59.8
M,135.01,592.79,155.54,4.37,29.11,55.75,2915.0,0,No Failure,148.5,67.6
M,49.634,676.39,105.41,4.04,36.09,63.85,2998.0,0,No Failure,164.1,73.1
L,118.7,694.31,131.59,3.94,45.33,66.88,2880.0,0,No Failure,183.5,80.0
L,102.59,542.58,151.98,4.03,37.89,78.61,2983.0,0,No Failure,155.7,70.1
L,136.36,650.95,143.34,2.59,36.7,59.53,2881.0,0,No Failure,178.7,78.3
L,100.93,676.34,184.8,3.09,46.89,52.33,2838.0,0,No Failure,139.0,64.2
H,102.33,612.37,163.26,1.12,44.39,59.2,2872.0,0,No Failure,160.1,71.7
M,103.88,695.15,149.95,2.87,37.14,72.96,2965.0,0,No Failure,181.1,79.1
H,97.65,450.65,157.07,3.96,42.23,65.04,2891.0,0,No Failure,175.2,77.0
H,94.07,677.33,146.54,1.97,41.51,68.96,3012.0,0,No Failure,177.3,77.8
M,101.85,648.56,147.36,2.13,41.48,76.6,3016.0,0,No Failure,177.9,78.0
H,107.26,677.6,185.95,4.67,36.88,59.82,2968.0,0,No Failure,165.2,73.5
H,106.69,544.07,136.71,4.1,43.69,64.07,2923.0,0,No Failure,188.3,81.7
H,126.47,637.2,165.98,4.47,51.08,74.68,2900.0,0,No Failure,159.4,71.4
L,108.56,590.84,118.66,2.28,48.72,73.33,2945.0,0,No Failure,164.6,73.3
L,138.25,490.67,102.52,2.83,42.85,82.65,2986.0,1,Mechanical Seal Dry-Run,11.0,9.8
H,121.21,613.51,138.08,5.66,40.12,94.0,3031.0,0,No Failure,172.7,76.2
L,71.76,635.58,158.45,3.7,47.45,70.84,3026.0,0,No Failure,155.6,70.1
L,119.03,691.39,141.37,0.95,39.23,74.83,2982.0,0,No Failure,167.2,74.2
L,98.74,687.53,137.58,2.6,49.51,65.2,2993.0,0,No Failure,176.4,77.5
L,102.0,554.74,138.68,4.72,47.91,66.96,2951.0,0,No Failure,174.4,76.8
H,97.83,681.59,136.98,0.75,36.36,63.54,2934.0,0,No Failure,169.5,75.0
L,133.61,725.17,155.02,2.6,42.62,61.67,2894.0,0,No Failure,173.5,76.4
M,128.8,677.87,167.18,4.05,40.75,68.99,2959.0,0,No Failure,186.9,81.2
M,109.86,639.36,113.19,3.99,34.42,78.8,3024.0,1,Mechanical Seal Dry-Run,13.2,24.5
L,134.06,503.44,182.39,3.15,49.9,68.03,2947.0,0,No Failure,141.6,65.1
L,119.0,636.67,196.45,3.09,28.03,72.72,3002.0,0,No Failure,146.0,66.7
L,114.82,596.54,174.01,2.16,40.86,61.43,2968.0,0,No Failure,186.2,80.9
H,121.86,684.84,131.12,4.64,43.69,75.28,3003.0,0,No Failure,169.2,74.9
M,148.39,601.41,150.13,3.66,39.1,68.68,3042.0,0,No Failure,165.9,73.8
L,114.82,632.29,129.59,1.58,54.14,67.04,2952.0,0,No Failure,154.6,69.7
M,142.95,535.83,168.33,4.03,46.13,61.23,2896.0,0,No Failure,147.3,67.2
L,110.25,669.21,181.5,2.81,51.29,54.92,2955.0,0,No Failure,164.8,73.4
M,117.27,429.313,139.37,4.02,40.92,68.77,3076.0,0,No Failure,180.4,78.9
M,120.23,721.45,173.11,4.38,47.09,64.38,2818.0,0,No Failure,149.3,67.9
M,101.93,650.09,149.67,1.19,45.47,69.45,3034.0,0,No Failure,168.8,74.8
L,116.05,602.25,150.1,3.24,36.17,45.17,2882.0,0,No Failure,167.0,74.2
L,132.33,622.97,165.46,1.7,34.46,59.31,3040.0,0,No Failure,150.5,68.3
M,94.96,628.29,166.77,2.17,43.32,63.46,2919.0,0,No Failure,185.8,80.8
L,93.92,646.58,197.35,1.3,28.97,60.75,2994.0,0,No Failure,126.8,59.9
M,103.75,584.12,139.73,3.39,46.1,72.57,2982.0,0,No Failure,184.5,80.3
M,129.36,728.47,181.1,3.64,41.75,68.4,2889.0,0,No Failure,161.3,72.1
H,110.56,589.6,160.41,3.19,27.18,60.53,2895.0,0,No Failure,163.6,73.0
H,97.28,604.12,155.98,3.31,37.73,69.06,3105.0,0,No Failure,159.7,71.6
H,124.93,587.96,131.31,0.6,41.05,52.09,3036.0,0,No Failure,143.4,65.8
M,94.68,598.06,143.17,4.14,50.19,70.84,2968.0,0,No Failure,173.3,76.4
H,130.44,618.82,170.59,4.19,45.4,62.59,2896.0,0,No Failure,178.3,78.1
L,93.27,662.34,158.65,4.09,46.04,63.16,2919.0,0,No Failure,186.2,81.0
L,105.9,674.72,180.43,3.52,51.47,57.34,2905.0,0,No Failure,160.5,71.9
L,129.99,622.83,167.87,3.59,33.34,74.04,2928.0,0,No Failure,168.4,74.7
L,121.37,636.32,141.88,2.4,44.47,67.28,2995.0,0,No Failure,202.3,86.6
L,126.65,755.48,114.88,3.97,65.304,49.89,2810.0,1,Discharge Blockage Overload,8.0,8.0
H,104.25,690.26,119.19,3.74,44.13,63.92,3028.0,0,No Failure,178.7,78.3
M,125.34,654.78,134.89,5.46,45.33,94.0,2945.0,0,No Failure,175.5,77.2
M,89.76,604.09,137.09,1.82,39.37,82.24,3006.0,0,No Failure,143.6,65.9
M,105.02,559.36,114.15,1.64,45.99,65.5,3005.0,0,No Failure,153.3,69.3
L,104.89,594.06,135.42,4.05,45.7,52.52,3143.0,0,No Failure,140.9,64.9
M,103.34,519.44,138.84,2.4,28.83,70.96,2892.0,0,No Failure,135.7,63.1
M,96.63,674.49,139.37,3.49,38.34,61.65,2932.0,0,No Failure,197.4,84.9
M,123.58,630.33,157.24,2.98,39.16,57.92,2968.0,0,No Failure,199.3,85.6
M,124.65,586.05,98.31,1.89,49.22,71.56,3010.0,0,No Failure,134.8,62.7
L,120.05,696.41,132.66,2.21,37.21,62.19,2962.0,0,No Failure,187.2,81.3
L,112.21,695.71,132.4,2.07,36.33,78.03,3017.0,0,No Failure,153.5,69.4
M,96.85,585.6,137.65,4.75,35.16,53.44,3070.0,0,No Failure,137.3,63.6
L,119.88,528.89,145.98,2.03,46.21,85.61,2903.0,0,No Failure,139.7,64.5
L,137.03,568.6,116.63,2.83,44.78,49.29,2950.0,0,No Failure,150.6,68.3
H,128.37,659.11,109.16,1.43,40.33,53.54,2920.0,0,No Failure,156.0,70.2
L,137.0,662.05,167.13,1.94,28.45,78.13,3015.0,0,No Failure,123.7,58.8
H,116.51,588.68,172.19,3.98,36.64,46.46,3010.0,0,No Failure,150.1,68.2
M,101.58,675.56,141.24,2.8,53.13,69.71,3012.0,0,No Failure,166.6,74.0
L,99.91,713.57,86.64,2.81,39.42,60.34,3014.0,0,No Failure,142.8,65.6
M,120.86,630.64,140.62,4.87,50.21,77.88,2938.0,0,No Failure,173.0,76.3
L,110.47,551.47,134.55,4.78,41.925,53.19,2909.0,0,No Failure,155.5,70.1
L,126.9,595.19,116.75,4.65,41.12,67.81,3078.0,0,No Failure,154.8,69.8
L,133.19,707.35,149.95,4.28,41.12,69.9,2915.0,0,No Failure,178.5,78.2
H,96.38,633.24,109.15,5.37,48.39,69.57,2993.0,0,No Failure,150.7,68.4
M,104.02,692.94,173.62,2.54,37.98,63.47,2801.0,0,No Failure,151.4,68.6
M,118.33,642.65,113.14,4.07,39.6,59.81,2966.0,0,No Failure,195.0,84.1
H,85.09,668.94,174.5,1.99,45.92,61.45,2927.0,0,No Failure,160.5,71.8
M,102.2,627.86,125.35,1.76,59.59,63.08,3012.0,0,No Failure,147.2,67.1
L,117.75,700.71,161.3,3.39,26.65,57.43,2953.0,0,No Failure,168.5,74.7
M,106.76,701.83,148.23,4.21,41.87,72.29,2989.0,0,No Failure,185.9,80.8
L,122.51,697.95,141.22,3.76,30.42,66.89,2904.0,0,No Failure,175.1,77.0
L,128.29,715.31,142.19,1.94,46.03,55.89,2904.0,0,No Failure,163.3,72.8
L,97.98,563.03,158.27,4.6,45.25,65.29,2707.0,0,No Failure,171.5,75.8
L,110.71,626.18,137.4,2.91,37.34,71.06,3015.0,0,No Failure,188.5,81.7
L,132.49,595.76,146.77,5.2,36.95,60.29,2810.0,0,No Failure,150.5,68.3
L,145.0,642.13,182.94,5.36,42.41,54.22,2975.0,0,No Failure,151.1,68.5
L,83.25,697.37,190.67,5.25,37.49,63.12,2877.0,1,Impeller Cavitation,12.2,15.5
M,93.36,668.97,166.9,3.21,45.06,54.22,3019.0,0,No Failure,163.5,72.9
L,133.47,617.38,127.58,6.55,35.19,63.98,3016.0,0,No Failure,150.3,68.2
L,122.46,687.02,145.38,3.39,43.37,63.34,2950.0,0,No Failure,218.3,92.3
L,96.04,429.313,145.75,2.84,39.36,66.26,3074.0,0,No Failure,178.4,78.2
M,136.77,657.74,132.08,4.46,57.6,51.49,2990.0,0,No Failure,138.2,63.9
L,128.27,565.89,146.57,2.85,50.75,60.43,2927.0,0,No Failure,175.7,77.2
L,128.15,694.43,141.98,2.56,37.07,72.91,2992.0,0,No Failure,172.2,76.0
L,114.59,567.18,157.29,3.03,45.91,57.63,2829.0,0,No Failure,165.8,73.7
L,102.78,637.92,140.83,4.16,35.24,64.44,2963.0,0,No Failure,194.4,83.9
M,95.33,649.25,162.47,2.44,40.09,63.74,2974.0,0,No Failure,192.9,83.3
H,106.69,682.22,97.13,2.18,42.22,63.53,2977.0,0,No Failure,174.3,76.7
L,128.1,716.54,156.17,1.73,41.03,50.64,2947.0,0,No Failure,162.7,72.6
H,151.11,582.28,170.85,3.47,42.25,84.5,2952.0,0,No Failure,136.9,63.5
L,108.52,665.68,182.36,1.37,44.8,43.12,2903.0,0,No Failure,134.7,62.7
M,86.22,586.26,170.39,4.91,39.04,71.92,3106.0,0,No Failure,121.8,58.1
L,128.4,628.53,124.57,5.03,39.09,57.96,2987.0,0,No Failure,174.3,76.7
M,130.97,429.313,100.14,4.13,49.5,57.39,3009.0,0,No Failure,146.8,67.0
H,140.13,577.18,138.59,2.35,43.17,49.49,2892.0,0,No Failure,151.9,68.8
M,84.53,778.5,151.76,4.27,45.78,66.45,2946.0,0,No Failure,131.7,61.6
M,87.9,573.7,118.66,3.8,51.75,59.66,2929.0,0,No Failure,150.3,68.2
L,98.89,678.82,135.56,3.52,56.5,72.71,2887.0,0,No Failure,152.6,69.0
M,118.85,675.11,135.07,1.58,42.59,60.74,2850.0,0,No Failure,176.5,77.5
L,112.02,666.98,170.91,3.83,45.95,60.82,2989.0,0,No Failure,188.7,81.8
H,111.79,693.51,102.49,5.63,44.92,82.06,2895.0,1,Mechanical Seal Dry-Run,6.7,15.3
H,122.37,624.69,160.84,2.31,39.25,66.89,3000.0,0,No Failure,188.7,81.8
L,128.5,564.57,129.44,1.41,34.18,50.73,2940.0,0,No Failure,140.9,64.9
M,117.43,568.05,132.69,4.8,57.35,57.27,2925.0,0,No Failure,149.9,68.1
H,135.58,677.62,158.97,3.5,49.73,65.92,2909.0,0,No Failure,177.2,77.8
M,105.82,618.28,131.48,3.23,39.73,50.73,3013.0,0,No Failure,177.2,77.8
L,97.33,760.38,172.37,5.18,44.37,62.0,3007.0,0,No Failure,141.7,65.2
M,113.0,650.39,175.97,6.28,42.56,66.12,3055.0,0,No Failure,161.5,72.2
L,102.79,549.3,226.023,4.16,47.74,71.28,2987.0,0,No Failure,156.7,70.5
L,126.15,631.36,138.21,2.36,29.41,55.2,2990.0,0,No Failure,165.2,73.5
H,117.83,574.15,166.25,2.44,45.17,67.53,2990.0,0,No Failure,177.6,77.9
H,98.95,577.79,143.23,3.47,65.304,75.98,2996.0,0,No Failure,180.1,78.8
L,96.75,666.5,163.32,1.76,37.81,72.78,3021.0,0,No Failure,153.5,69.4
M,112.8,647.14,119.48,3.43,48.32,67.44,2959.0,0,No Failure,197.2,84.8
H,106.97,613.29,157.92,1.77,40.65,34.533,2898.0,0,No Failure,183.1,79.9
L,120.41,683.37,152.41,4.86,25.77,55.08,2946.0,0,No Failure,156.2,70.3
M,113.11,535.49,127.6,1.19,39.66,69.97,2975.0,0,No Failure,159.7,71.6
L,101.76,586.46,155.14,3.37,43.79,58.75,3028.0,0,No Failure,181.0,79.1
L,114.46,560.29,168.77,3.77,39.37,67.36,2926.0,0,No Failure,185.1,80.5
