Type,Vibration RMS [mm/s],Bearing Temp [C],Spindle Current [A],Acoustic Emission [dB],Lubricant Viscosity [cSt],Operating Hours [h],Machine failure,Failure Mode,RUL [min],Health Index [%],Type_Encoded,Vibro-Thermal Stress,Electro-Acoustic Index
M,7.0,83.9,10.44,92.7,37.3,617.0,1,Bearing Thermal Seizure,10.7,30.1,1.0,5.87,9.68
M,3.98,67.8,13.77,85.8,55.7,529.0,0,No Failure,185.7,61.9,1.0,2.7,11.81
L,3.22,75.2,19.58,85.7,68.6,779.0,0,No Failure,149.3,49.8,0.0,2.42,16.78
L,3.02,66.3,13.54,85.4,27.2,970.0,1,Lubrication Breakdown,6.7,47.3,0.0,2.0,11.56
L,2.76,73.1,16.01,81.7,43.8,160.0,0,No Failure,202.0,67.3,0.0,2.02,13.08
L,1.75,78.4,17.15,81.7,46.3,47.0,0,No Failure,214.8,71.6,0.0,1.37,14.01
H,1.65,70.6,12.32,80.3,35.4,258.0,0,No Failure,201.6,67.2,2.0,1.16,9.89
L,4.54,71.7,28.8,97.3,49.8,206.0,1,Motor Winding Overload,7.1,62.2,0.0,3.26,28.02
L,9.566,67.6,16.11,76.7,47.9,257.0,0,No Failure,234.6,78.2,0.0,6.47,12.36
M,4.99,67.0,16.65,90.6,46.8,587.0,0,No Failure,169.0,56.3,1.0,3.34,15.08
M,3.68,76.4,21.45,84.9,47.8,745.0,0,No Failure,161.3,53.8,1.0,2.81,18.21
M,1.91,34.58,23.52,80.6,45.9,730.0,0,No Failure,199.5,66.5,1.0,0.66,18.96
L,5.02,93.0,17.58,87.5,35.3,1055.0,0,No Failure,72.5,24.2,0.0,4.67,15.38
L,3.33,68.5,15.39,81.2,50.4,101.0,0,No Failure,221.0,73.7,0.0,2.28,12.5
H,1.38,58.0,22.55,79.3,38.8,972.0,0,No Failure,200.7,66.9,2.0,0.8,17.88
H,2.95,65.8,18.75,85.4,39.1,206.0,0,No Failure,203.4,67.8,2.0,1.94,16.01
M,2.48,56.6,12.89,82.1,48.3,217.0,0,No Failure,243.4,81.1,1.0,1.4,10.58
L,2.2,57.9,15.44,83.8,47.0,835.0,0,No Failure,211.8,70.6,0.0,1.27,12.94
H,1.55,56.6,22.53,80.0,32.9,159.0,0,No Failure,231.3,77.1,2.0,0.88,18.02
L,3.3,87.0,9.18,81.4,33.0,997.0,0,No Failure,105.8,35.3,0.0,2.87,7.47
L,6.17,60.9,18.96,91.9,37.9,629.0,0,No Failure,147.6,49.2,0.0,3.76,17.42
L,3.2,64.6,17.85,81.2,33.6,487.0,0,No Failure,178.5,59.5,0.0,2.07,14.49
L,6.68,64.1,21.14,99.1,48.8,1007.0,0,No Failure,133.8,44.6,0.0,4.28,20.95
L,2.57,58.1,21.16,81.4,51.2,1016.0,0,No Failure,199.3,66.4,0.0,1.49,17.22
L,0.58,54.6,23.1,81.7,49.3,1111.0,0,No Failure,227.6,75.9,0.0,0.32,18.87
M,2.39,76.5,16.9,84.9,45.9,460.0,0,No Failure,188.9,63.0,1.0,1.83,14.35
L,1.18,53.1,14.01,76.8,42.4,2160.0,0,No Failure,244.2,81.4,0.0,0.63,10.76
L,2.78,71.0,15.26,80.8,47.5,1042.0,0,No Failure,168.5,56.2,0.0,1.97,12.33
L,2.83,70.3,18.56,72.8,49.5,577.0,0,No Failure,233.8,77.9,0.0,1.99,13.51
M,3.21,75.3,14.57,84.6,32.7,854.0,0,No Failure,137.0,45.7,1.0,2.42,12.33
L,-3.556,64.0,16.16,74.8,61.4,-1015.0,0,No Failure,246.0,82.0,0.0,-2.28,12.09
L,3.98,74.9,16.58,88.9,36.1,662.0,0,No Failure,143.4,47.8,0.0,2.98,14.74
H,6.53,84.4,16.37,92.8,45.5,142.0,1,Bearing Thermal Seizure,5.9,44.6,2.0,5.51,15.19
L,2.09,64.0,12.14,84.3,44.4,1175.0,1,Lubrication Breakdown,4.9,50.1,0.0,1.34,10.23
H,3.28,60.2,16.65,82.9,33.3,1169.0,0,No Failure,151.6,50.5,2.0,1.97,13.8
L,2.6,74.7,23.66,85.4,45.7,305.0,0,No Failure,197.1,65.7,0.0,1.94,20.21
H,2.85,66.6,20.67,84.0,40.2,1070.0,0,No Failure,161.9,54.0,2.0,1.9,17.36
L,2.85,73.0,14.63,82.3,41.8,854.0,0,No Failure,162.7,54.2,0.0,2.08,12.04
M,2.14,59.2,20.64,83.8,38.8,257.0,0,No Failure,224.1,74.7,1.0,1.27,17.3
H,3.37,70.6,12.18,83.2,50.0,657.0,0,No Failure,181.7,60.6,2.0,2.38,10.13
L,0.65,73.7,16.02,73.5,44.2,1046.0,0,No Failure,184.9,61.6,0.0,0.48,11.77
M,2.22,56.5,17.52,83.8,40.2,915.0,0,No Failure,198.1,66.0,1.0,1.25,14.68
L,4.16,63.6,17.43,89.9,43.4,869.0,0,No Failure,166.5,55.5,0.0,2.65,15.67
M,3.04,58.0,18.13,82.1,43.0,660.0,0,No Failure,202.1,67.4,1.0,1.76,14.88
L,4.75,75.2,8.01,83.6,32.7,272.0,0,No Failure,146.1,48.7,0.0,3.57,6.7
M,5.75,63.9,17.34,92.4,40.4,861.0,0,No Failure,140.0,46.7,1.0,3.67,16.02
L,2.96,69.9,12.22,79.6,53.1,263.0,0,No Failure,208.2,69.4,0.0,2.07,9.73
L,1.17,55.5,18.48,75.5,56.7,282.0,0,No Failure,259.5,86.5,0.0,0.65,13.95
L,3.24,77.1,22.03,85.4,47.6,294.0,0,No Failure,187.9,62.6,0.0,2.5,18.81
M,0.06,58.5,15.45,70.9,47.1,147.0,0,No Failure,273.2,91.1,1.0,0.04,10.95
H,9.566,50.8,23.6,85.8,42.3,125.0,0,No Failure,240.8,80.3,2.0,4.86,20.25
M,9.566,96.7,18.58,107.1,41.1,569.0,1,Bearing Thermal Seizure,9.6,10.6,1.0,9.25,19.9
M,5.3,60.7,17.18,91.0,32.2,105.0,0,No Failure,175.3,58.4,1.0,3.22,15.63
H,4.95,77.1,3.712,87.7,51.4,267.0,0,No Failure,167.5,55.8,2.0,3.82,3.26
M,3.53,56.8,15.21,90.3,44.7,635.0,0,No Failure,202.4,67.5,1.0,2.01,13.73
L,7.19,68.5,17.83,98.9,35.5,570.0,1,Bearing Thermal Seizure,9.6,26.9,0.0,4.93,17.63
L,1.63,46.9,16.65,77.9,56.8,241.0,0,No Failure,266.6,88.9,0.0,0.76,12.97
H,1.47,71.4,17.84,78.4,39.9,230.0,0,No Failure,211.8,70.6,2.0,1.05,13.99
L,1.58,54.9,13.8,83.7,58.3,574.0,0,No Failure,240.8,80.3,0.0,0.87,11.55
M,1.07,56.6,16.12,76.4,48.6,591.0,0,No Failure,243.2,81.1,1.0,0.61,12.32
H,5.55,73.6,21.01,107.1,54.0,961.0,0,No Failure,131.9,44.0,2.0,4.08,22.5
L,2.74,66.1,27.89,61.2,47.8,738.0,0,No Failure,194.6,64.9,0.0,1.81,17.07
M,4.65,76.0,11.77,87.4,50.0,222.0,0,No Failure,175.9,58.6,1.0,3.53,10.29
L,1.83,59.4,19.03,82.4,33.9,787.0,0,No Failure,192.5,64.2,0.0,1.09,15.68
L,6.45,91.2,13.83,97.1,40.4,681.0,1,Bearing Thermal Seizure,2.6,28.4,0.0,5.88,13.43
M,0.75,64.6,12.99,74.5,39.8,359.0,0,No Failure,228.2,76.1,1.0,0.48,9.68
L,3.5,85.5,15.57,83.7,36.9,107.0,0,No Failure,157.7,52.6,0.0,2.99,13.03
H,2.21,66.8,25.48,83.4,47.3,434.0,0,No Failure,214.4,71.5,2.0,1.48,21.25
H,1.59,70.3,26.43,87.3,47.2,166.0,0,No Failure,228.8,76.3,2.0,1.12,23.07
M,2.54,69.0,17.28,78.1,53.7,661.0,0,No Failure,195.6,65.2,1.0,1.75,13.5
M,3.39,66.1,10.03,84.1,49.2,647.0,0,No Failure,191.0,63.7,1.0,2.24,8.44
M,2.41,79.8,20.86,82.6,45.1,490.0,0,No Failure,179.0,59.7,1.0,1.92,17.23
M,5.37,85.5,18.74,91.9,39.2,285.0,0,No Failure,128.4,42.8,1.0,4.59,17.22
L,2.13,65.6,20.51,80.7,48.0,85.0,0,No Failure,236.6,78.9,0.0,1.4,16.55
H,1.78,53.8,16.41,80.3,43.7,189.0,0,No Failure,251.8,83.9,2.0,0.96,13.18
M,3.69,81.0,19.22,88.9,36.3,996.0,0,No Failure,118.7,39.6,1.0,2.99,17.09
H,2.64,44.7,14.68,81.8,54.0,955.0,0,No Failure,217.6,72.5,2.0,1.18,12.01
L,2.75,65.0,20.51,83.5,56.3,123.0,0,No Failure,227.8,75.9,0.0,1.79,17.13
L,5.32,82.4,26.53,97.4,39.2,347.0,1,Motor Winding Overload,8.1,44.1,0.0,4.38,25.84
L,4.03,73.7,20.4,86.9,43.9,228.0,0,No Failure,180.9,60.3,0.0,2.97,17.73
H,2.53,64.5,17.82,83.8,44.8,713.0,0,No Failure,196.4,65.5,2.0,1.63,14.93
M,4.64,77.7,26.73,92.8,42.0,276.0,1,Motor Winding Overload,7.8,53.0,1.0,3.61,24.81
M,3.41,56.4,19.27,84.2,45.7,1027.0,0,No Failure,187.0,62.3,1.0,1.92,16.23
M,3.37,50.7,21.17,86.3,50.6,1146.0,0,No Failure,197.1,65.7,1.0,1.71,18.27
M,1.28,76.8,19.8,78.3,40.1,913.0,0,No Failure,169.7,56.6,1.0,0.98,15.5
M,2.08,61.2,14.23,82.3,41.7,850.0,0,No Failure,196.5,65.5,1.0,1.27,11.71
M,1.27,73.0,15.44,72.0,40.3,983.0,0,No Failure,174.3,58.1,1.0,0.93,11.12
H,3.19,66.8,15.97,84.0,68.6,514.0,0,No Failure,194.2,64.7,2.0,2.13,13.41
H,3.21,58.4,22.04,83.0,39.8,612.0,0,No Failure,195.7,65.2,2.0,1.87,18.29
H,1.5,66.3,20.48,82.2,42.0,115.0,0,No Failure,231.2,77.1,2.0,0.99,16.83
M,1.98,65.9,23.18,84.1,54.2,292.0,0,No Failure,227.6,75.9,1.0,1.3,19.49
L,0.86,64.2,16.54,77.6,46.5,716.0,0,No Failure,221.8,73.9,0.0,0.55,12.84
L,0.74,72.3,17.08,83.7,43.8,942.0,0,No Failure,191.0,63.7,0.0,0.54,14.3
L,5.7,62.7,18.98,90.8,43.3,864.0,0,No Failure,148.1,49.4,0.0,3.57,17.23
L,0.94,67.1,19.78,79.2,41.4,162.0,0,No Failure,233.5,77.8,0.0,0.63,15.67
H,4.31,102.62,24.35,88.0,52.9,111.0,0,No Failure,195.7,65.2,2.0,4.42,21.43
H,1.78,67.1,13.4,75.1,44.7,959.0,0,No Failure,188.5,62.8,2.0,1.19,10.06
L,2.23,72.1,18.59,81.3,53.2,857.0,0,No Failure,183.7,61.2,0.0,1.61,15.11
L,3.68,66.5,19.74,84.5,53.0,315.0,0,No Failure,203.0,67.6,0.0,2.45,16.68
L,3.48,66.1,17.31,84.0,46.9,1059.0,0,No Failure,167.2,55.7,0.0,2.3,14.54
L,0.67,50.0,21.8,78.4,49.6,1167.0,0,No Failure,232.9,77.6,0.0,0.34,17.09
L,2.96,84.6,20.15,83.0,40.9,140.0,0,No Failure,172.2,57.4,0.0,2.5,16.72
M,0.32,70.7,22.36,75.3,44.2,1124.0,0,No Failure,191.4,63.8,1.0,0.23,16.84
H,0.92,62.7,19.2,76.0,48.6,1171.0,0,No Failure,204.0,68.0,2.0,0.58,14.59
L,2.07,45.6,20.37,83.6,68.6,1012.0,0,No Failure,211.3,70.4,0.0,0.94,17.03
L,5.4,74.6,22.68,92.9,39.7,916.0,0,No Failure,119.2,39.7,0.0,4.03,21.07
L,4.14,64.4,16.0,87.1,56.2,766.0,0,No Failure,178.6,59.5,0.0,2.67,13.94
M,3.65,61.8,29.13,91.7,54.7,675.0,1,Motor Winding Overload,6.3,64.9,1.0,2.26,26.71
L,2.85,62.9,25.81,89.7,47.4,533.0,0,No Failure,209.1,69.7,0.0,1.79,23.15
L,6.78,69.6,13.02,93.7,39.5,481.0,0,No Failure,132.5,44.2,0.0,4.72,12.2
H,1.2,50.1,24.04,76.0,46.2,189.0,0,No Failure,271.4,90.5,2.0,0.6,18.27
L,2.49,84.9,14.75,85.4,36.2,352.0,0,No Failure,158.7,52.9,0.0,2.11,12.6
M,0.34,34.58,20.06,78.8,46.7,630.0,0,No Failure,231.1,77.0,1.0,0.12,15.81
M,8.06,74.3,14.49,98.7,52.8,461.0,1,Harmonic Resonance,10.2,40.9,1.0,5.99,14.3
H,9.566,73.6,16.71,93.7,44.7,36.0,0,No Failure,173.9,58.0,2.0,7.04,15.66
M,3.18,73.1,25.03,84.5,44.4,1024.0,0,No Failure,154.4,51.5,1.0,2.32,21.15
L,2.73,64.2,21.23,81.7,58.8,938.0,0,No Failure,188.9,63.0,0.0,1.75,17.34
L,2.61,71.9,25.76,86.6,52.7,432.0,0,No Failure,200.3,66.8,0.0,1.88,22.31
L,3.22,81.8,14.33,83.5,45.6,892.0,0,No Failure,145.2,48.4,0.0,2.63,11.97
M,2.28,54.8,18.05,81.7,52.5,1133.0,0,No Failure,203.8,67.9,1.0,1.25,14.75
L,1.62,67.4,22.9,84.4,50.7,313.0,0,No Failure,228.3,76.1,0.0,1.09,19.33
L,5.11,66.2,13.46,87.7,34.6,202.0,0,No Failure,166.3,55.4,0.0,3.38,11.8
L,3.92,75.7,22.62,88.5,50.4,488.0,0,No Failure,172.8,57.6,0.0,2.97,20.02
L,1.11,64.3,13.83,76.8,48.8,796.0,0,No Failure,217.0,72.3,0.0,0.71,10.62
H,5.09,69.8,22.87,95.8,47.0,220.0,0,No Failure,180.8,60.3,2.0,3.55,21.91
M,9.566,68.8,16.47,81.3,46.1,362.0,0,No Failure,200.8,66.9,1.0,6.58,13.39
M,1.49,64.0,21.98,84.4,46.6,630.0,0,No Failure,218.4,72.8,1.0,0.95,18.55
M,3.37,83.3,18.5,87.6,33.9,573.0,0,No Failure,135.1,45.0,1.0,2.81,16.21
H,4.77,88.4,15.2,89.5,31.3,392.0,0,No Failure,110.9,37.0,2.0,4.22,13.6
L,3.15,68.9,14.23,87.3,56.4,586.0,0,No Failure,191.6,63.9,0.0,2.17,12.42
M,8.01,90.7,19.67,102.5,45.5,717.0,1,Bearing Thermal Seizure,5.8,24.4,1.0,7.27,20.16
H,5.33,72.9,20.17,91.5,45.6,675.0,0,No Failure,146.2,48.7,2.0,3.89,18.46
M,7.58,69.4,19.54,101.4,49.3,162.0,1,Harmonic Resonance,8.8,51.2,1.0,5.26,19.81
L,4.1,68.8,20.56,91.0,51.6,469.0,0,No Failure,185.1,61.7,0.0,2.82,18.71
M,4.53,80.0,19.36,83.8,31.2,127.0,0,No Failure,144.0,48.0,1.0,3.62,16.22
L,4.05,78.1,26.25,93.2,41.9,550.0,0,No Failure,152.2,50.7,0.0,3.16,24.46
H,5.3,70.7,19.23,92.0,47.2,1118.0,0,No Failure,131.7,43.9,2.0,3.75,17.69
L,5.64,79.3,21.04,90.6,52.3,1141.0,0,No Failure,110.3,36.8,0.0,4.47,19.06
H,2.37,66.1,18.51,82.1,34.7,1032.0,0,No Failure,161.2,53.7,2.0,1.57,15.2
M,2.71,64.6,19.41,80.5,49.7,1110.0,0,No Failure,179.7,59.9,1.0,1.75,15.63
M,3.87,80.3,26.0,92.7,33.8,301.0,0,No Failure,148.0,49.3,1.0,3.11,24.1
M,6.51,71.9,14.7,91.7,35.9,949.0,0,No Failure,101.5,33.8,1.0,4.68,13.48
L,1.18,75.2,9.34,70.3,47.6,1096.0,0,No Failure,178.6,59.5,0.0,0.89,6.57
L,1.05,70.2,16.16,78.6,35.7,201.0,0,No Failure,213.6,71.2,0.0,0.74,12.7
M,9.566,80.8,14.65,101.6,30.2,519.0,1,Harmonic Resonance,1.7,15.9,1.0,7.73,14.88
M,5.06,81.4,23.22,91.5,36.5,348.0,0,No Failure,132.7,44.2,1.0,4.12,21.25
L,4.75,76.3,13.86,85.8,40.5,933.0,0,No Failure,124.9,41.6,0.0,3.62,11.89
H,3.16,79.2,12.92,85.5,57.7,730.0,0,No Failure,163.6,54.5,2.0,2.5,11.05
H,1.29,65.3,25.26,82.3,42.3,188.0,0,No Failure,232.8,77.6,2.0,0.84,20.79
M,1.79,61.7,18.19,80.2,43.5,268.0,0,No Failure,231.6,77.2,1.0,1.1,14.59
L,0.72,55.9,15.59,77.7,54.3,16.0,0,No Failure,278.0,92.6,0.0,0.4,12.11
H,2.4,70.4,8.82,78.4,44.9,836.0,0,No Failure,180.3,60.1,2.0,1.69,6.91
L,1.16,94.37,18.56,79.2,49.7,485.0,0,No Failure,251.3,83.8,0.0,1.09,14.7
H,3.09,87.5,13.81,83.5,46.7,208.0,0,No Failure,171.7,57.2,2.0,2.7,11.53
M,3.21,70.8,17.85,83.3,40.5,211.0,0,No Failure,192.2,64.1,1.0,2.27,14.87
M,1.64,46.4,14.55,77.2,47.5,324.0,0,No Failure,261.4,87.1,1.0,0.76,11.23
M,5.36,64.3,17.15,83.8,43.9,827.0,0,No Failure,152.3,50.8,1.0,3.45,14.37
M,1.62,56.8,17.75,80.6,41.7,436.0,0,No Failure,232.0,77.3,1.0,0.92,14.31
M,7.87,82.6,24.73,105.0,35.1,737.0,1,Bearing Thermal Seizure,10.9,23.8,1.0,6.5,25.97
M,4.28,78.6,22.5,87.9,34.8,880.0,0,No Failure,118.9,39.6,1.0,3.36,19.78
H,3.5,78.1,18.41,87.3,30.8,497.0,0,No Failure,142.1,47.4,2.0,2.73,16.07
L,3.49,69.1,13.03,86.5,39.1,367.0,0,No Failure,181.6,60.5,0.0,2.41,11.27
H,4.76,85.7,21.03,90.9,36.1,693.0,0,No Failure,110.1,36.7,2.0,4.08,19.12
H,2.45,68.8,20.85,80.9,37.0,569.0,0,No Failure,182.0,60.7,2.0,1.69,16.87
M,2.27,73.1,21.68,80.0,37.8,682.0,0,No Failure,171.5,57.2,1.0,1.66,17.34
H,2.16,62.5,20.87,85.1,54.8,47.0,0,No Failure,244.3,81.4,2.0,1.35,17.76
L,2.52,79.4,3.712,80.8,40.3,668.0,0,No Failure,160.9,53.6,0.0,2.0,3.0
M,3.23,73.8,11.16,85.8,35.8,16.0,0,No Failure,187.2,62.4,1.0,2.38,9.58
M,2.28,69.7,18.62,74.6,48.0,24.0,0,No Failure,229.5,76.5,1.0,1.59,13.89
L,6.67,76.7,19.35,95.0,37.9,68.0,0,No Failure,137.5,45.8,0.0,5.12,18.38
L,3.58,60.3,17.63,85.5,37.9,272.0,0,No Failure,200.6,66.9,0.0,2.16,15.07
H,6.86,68.0,12.06,93.2,44.6,124.0,0,No Failure,161.6,53.9,2.0,4.66,11.24
L,7.1,86.8,23.97,100.1,41.2,294.0,1,Bearing Thermal Seizure,9.6,35.4,0.0,6.16,23.99
H,0.35,68.1,18.45,77.5,48.1,727.0,0,No Failure,222.9,74.3,2.0,0.24,14.3
H,1.01,66.3,12.95,79.6,41.5,318.0,0,No Failure,226.5,75.5,2.0,0.67,10.31
M,4.79,76.5,15.28,92.6,38.6,202.0,0,No Failure,157.1,52.4,1.0,3.66,14.15
L,1.86,69.5,23.17,82.5,44.4,933.0,0,No Failure,183.8,61.3,0.0,1.29,19.12
M,2.51,67.1,14.52,81.0,47.3,703.0,0,No Failure,196.4,65.5,1.0,1.68,11.76
M,1.53,57.4,15.44,77.0,42.2,556.0,0,No Failure,226.9,75.6,1.0,0.88,11.89
L,2.3,58.4,16.45,81.4,51.2,911.0,0,No Failure,207.5,69.2,0.0,1.34,13.39
M,4.29,60.2,20.43,90.9,50.0,1184.0,0,No Failure,164.1,54.7,1.0,2.58,18.57
H,1.53,81.0,20.73,82.5,41.1,620.0,0,No Failure,174.5,58.2,2.0,1.24,17.1
M,2.28,76.6,18.88,77.4,47.3,909.0,0,No Failure,170.2,56.7,1.0,1.75,14.61
L,1.75,73.6,18.06,84.9,41.2,193.0,0,No Failure,207.9,69.3,0.0,1.29,15.33
H,4.22,77.9,19.09,88.2,43.4,851.0,0,No Failure,138.0,46.0,2.0,3.29,16.84
L,1.52,50.5,15.49,80.7,42.1,1028.0,0,No Failure,217.0,72.3,0.0,0.77,12.5
H,2.57,71.6,13.84,79.1,45.2,1126.0,0,No Failure,161.7,53.9,2.0,1.84,10.95
L,4.95,67.5,16.11,86.0,45.8,279.0,0,No Failure,182.1,60.7,0.0,3.34,13.85
M,3.37,71.9,20.32,85.0,52.9,176.0,0,No Failure,203.2,67.7,1.0,2.42,17.27
L,0.67,53.5,25.16,76.0,57.8,759.0,0,No Failure,246.3,82.1,0.0,0.36,19.12
M,2.02,64.7,17.51,83.3,50.2,634.0,0,No Failure,212.4,70.8,1.0,1.31,14.59
M,1.61,60.4,22.57,74.7,55.9,591.0,0,No Failure,201.9,67.3,1.0,0.97,16.86
M,3.2,81.4,13.28,82.5,42.6,312.0,0,No Failure,169.9,56.6,1.0,2.6,10.96
M,4.44,73.2,18.52,89.5,41.0,1083.0,0,No Failure,128.6,42.9,1.0,3.25,16.58
M,1.23,73.8,15.17,80.7,44.1,837.0,0,No Failure,187.4,62.5,1.0,0.91,12.24
M,3.36,75.8,22.04,86.0,42.7,107.0,0,No Failure,189.4,63.1,1.0,2.55,18.95
M,4.47,70.6,18.52,92.6,51.1,194.0,0,No Failure,190.4,63.5,1.0,3.16,17.15
H,1.59,57.5,19.01,78.3,57.7,65.0,0,No Failure,260.9,87.0,2.0,0.91,14.88
L,1.82,57.6,16.85,78.4,45.0,987.0,0,No Failure,206.2,68.7,0.0,1.05,13.21
L,2.26,52.9,16.95,84.3,43.8,806.0,0,No Failure,216.7,72.2,0.0,1.2,14.29
L,4.62,81.9,18.04,88.2,42.0,797.0,0,No Failure,124.9,41.6,0.0,3.78,15.91
L,1.65,48.8,22.63,89.1,58.0,286.0,0,No Failure,264.0,88.0,0.0,0.81,20.16
L,3.53,83.4,13.61,87.5,37.2,1074.0,0,No Failure,113.7,37.9,0.0,2.94,11.91
L,1.83,63.8,14.71,78.0,46.0,359.0,0,No Failure,226.8,75.6,0.0,1.17,11.47
L,2.26,72.7,18.85,83.8,48.8,1008.0,0,No Failure,174.5,58.2,0.0,1.64,15.8
H,2.85,87.2,17.13,80.4,32.5,372.0,0,No Failure,141.7,47.2,2.0,2.49,13.77
L,1.37,63.2,10.74,73.3,47.5,1057.0,0,No Failure,201.9,67.3,0.0,0.87,7.87
M,5.76,81.3,20.28,92.2,39.1,338.0,0,No Failure,128.9,43.0,1.0,4.68,18.7
L,2.44,66.8,14.65,85.6,44.4,219.0,0,No Failure,198.2,66.1,0.0,1.63,12.54
L,2.31,68.0,24.48,84.3,45.7,448.0,0,No Failure,207.1,69.0,0.0,1.57,20.64
M,6.58,61.5,20.53,97.5,51.5,134.0,0,No Failure,183.9,61.3,1.0,4.05,20.02
M,1.85,58.4,14.61,79.8,42.1,144.0,0,No Failure,241.1,80.4,1.0,1.08,11.66
L,5.66,68.9,26.02,93.6,44.2,530.0,0,No Failure,154.6,51.5,0.0,3.9,24.35
H,6.58,84.5,17.08,93.4,43.5,863.0,1,Bearing Thermal Seizure,8.4,31.1,2.0,5.56,15.95
L,1.09,58.8,16.1,74.1,40.1,110.0,0,No Failure,248.4,82.8,0.0,0.64,11.93
M,4.28,74.3,22.72,86.4,49.3,1094.0,0,No Failure,140.5,46.8,1.0,3.18,19.63
M,0.71,59.8,18.33,75.8,37.6,540.0,0,No Failure,225.4,75.1,1.0,0.42,13.89
H,2.2,70.6,11.31,78.5,47.1,158.0,0,No Failure,220.4,73.5,2.0,1.55,8.88
M,5.28,74.4,19.15,91.1,42.8,596.0,0,No Failure,142.7,47.6,1.0,3.93,17.45
M,3.45,68.8,18.93,80.6,44.55,185.0,0,No Failure,207.9,69.3,1.0,2.37,15.26
L,4.41,75.9,18.5,87.3,53.4,587.0,0,No Failure,161.0,53.7,0.0,3.35,16.15
H,3.0,60.0,21.76,85.5,43.5,686.0,0,No Failure,198.2,66.1,2.0,1.8,18.6
M,5.99,73.3,15.31,92.3,46.5,709.0,0,No Failure,136.6,45.5,1.0,4.39,14.13
L,1.51,68.8,16.26,80.5,47.7,979.0,0,No Failure,193.1,64.4,0.0,1.04,13.09
M,4.51,70.7,19.6,90.1,35.8,591.0,0,No Failure,174.5,58.2,1.0,3.19,17.66
M,3.44,74.2,8.26,82.9,29.4,105.0,0,No Failure,167.7,55.9,1.0,2.55,6.85
H,5.46,87.1,13.9,92.2,43.9,219.0,0,No Failure,135.8,45.3,2.0,4.76,12.82
L,2.9,72.1,13.0,83.5,52.1,462.0,0,No Failure,194.6,64.9,0.0,2.09,10.86
L,7.1,73.7,13.76,97.5,48.9,1155.0,0,No Failure,101.7,33.9,0.0,5.23,13.42
H,0.91,56.2,15.63,78.4,48.7,956.0,0,No Failure,227.9,76.0,2.0,0.51,12.25
H,2.63,82.1,16.77,76.4,29.2,1010.0,1,Lubrication Breakdown,11.1,39.0,2.0,2.16,12.81
L,5.46,68.5,19.7,92.0,44.0,337.0,0,No Failure,154.9,51.6,0.0,3.74,18.12
H,3.99,69.8,17.34,87.5,44.0,1152.0,0,No Failure,143.2,47.7,2.0,2.79,15.17
L,1.96,63.8,19.12,83.2,48.5,1074.0,0,No Failure,193.0,64.3,0.0,1.25,15.91
L,4.38,80.3,22.86,92.5,48.6,528.0,0,No Failure,155.5,51.8,0.0,3.52,21.15
H,1.28,66.5,26.68,79.0,46.1,11.0,0,No Failure,246.2,82.1,2.0,0.85,21.08
M,7.31,75.3,22.35,96.9,31.1,705.0,0,No Failure,87.8,29.3,1.0,5.5,21.66
L,6.0,79.5,20.72,95.3,34.2,106.0,0,No Failure,132.1,44.0,0.0,4.77,19.75
M,3.93,59.0,19.43,88.1,34.6,474.0,0,No Failure,182.6,60.9,1.0,2.32,17.12
L,7.35,87.5,17.56,103.1,39.6,1151.0,1,Bearing Thermal Seizure,9.1,18.6,0.0,6.43,18.1
L,2.83,69.5,17.18,89.1,39.5,661.0,0,No Failure,151.0,50.3,0.0,1.97,15.31
L,1.93,61.1,17.16,78.9,57.7,886.0,0,No Failure,208.2,69.4,0.0,1.18,13.54
M,5.54,81.2,19.55,90.5,35.9,22.0,0,No Failure,142.0,47.3,1.0,4.5,17.69
L,3.19,68.5,20.89,84.6,50.9,156.0,0,No Failure,213.3,71.1,0.0,2.19,17.67
L,1.69,51.8,15.31,78.2,49.9,1141.0,0,No Failure,217.2,72.4,0.0,0.88,11.97
L,2.83,73.6,27.51,86.4,48.6,357.0,0,No Failure,189.0,63.0,0.0,2.08,23.77
M,2.2,67.2,22.05,82.6,42.5,725.0,0,No Failure,190.6,63.5,1.0,1.48,18.21
H,2.39,78.3,20.45,79.7,45.4,778.0,0,No Failure,168.5,56.2,2.0,1.87,16.3
H,6.14,65.1,14.57,96.3,47.8,1053.0,0,No Failure,136.2,45.4,2.0,4.0,14.03
L,4.8,71.1,17.68,91.8,36.7,203.0,0,No Failure,164.3,54.8,0.0,3.41,16.23
L,1.63,58.5,17.8,78.3,46.9,609.0,0,No Failure,229.2,76.4,0.0,0.95,13.94
L,3.05,60.3,19.78,83.3,50.7,909.0,0,No Failure,193.9,64.6,0.0,1.84,16.48
L,6.34,75.9,24.4,94.0,41.6,621.0,0,No Failure,122.4,40.8,0.0,4.81,22.94
L,2.58,64.3,20.23,84.5,51.3,1013.0,0,No Failure,186.9,62.3,0.0,1.66,17.09
L,0.68,48.9,11.54,73.7,43.6,577.0,0,No Failure,259.9,86.6,0.0,0.33,8.5
M,0.51,66.7,18.74,73.7,43.5,836.0,0,No Failure,210.0,70.0,1.0,0.34,13.81
M,4.15,85.0,19.02,90.1,38.3,65.0,0,No Failure,154.8,51.6,1.0,3.53,17.14
M,3.03,78.0,20.31,87.1,50.1,848.0,0,No Failure,161.8,53.9,1.0,2.36,17.69
M,1.76,69.4,21.68,81.3,46.3,2193.0,0,No Failure,203.5,67.8,1.0,1.22,17.63
M,0.52,53.1,21.3,77.4,44.8,929.0,0,No Failure,234.8,78.3,1.0,0.28,16.49
M,2.37,55.0,15.56,82.0,42.4,321.0,0,No Failure,232.8,77.6,1.0,1.3,12.76
L,5.09,80.0,23.13,89.8,40.4,364.0,0,No Failure,141.3,47.1,0.0,4.07,20.77
L,4.18,63.2,21.31,89.6,43.0,705.0,0,No Failure,174.5,58.2,0.0,2.64,19.09
H,1.36,63.6,22.53,79.9,55.0,611.0,0,No Failure,224.4,74.8,2.0,0.86,18.0
L,5.05,76.6,21.95,93.7,47.2,26.0,0,No Failure,177.8,59.3,0.0,3.87,20.57
L,2.76,67.5,15.19,81.1,48.5,210.0,0,No Failure,218.3,72.8,0.0,1.86,12.32
M,1.27,63.6,17.76,78.0,53.8,69.0,0,No Failure,252.7,84.2,1.0,0.81,13.85
H,4.75,80.1,24.26,91.8,43.7,820.0,0,No Failure,128.7,42.9,2.0,3.8,22.27
L,2.36,75.6,19.32,89.0,48.8,659.0,0,No Failure,184.9,61.6,0.0,1.78,17.19
H,1.47,68.8,19.58,77.0,37.9,1060.0,0,No Failure,171.9,57.3,2.0,1.01,15.08
L,1.79,60.4,25.46,83.8,34.4,539.0,0,No Failure,204.3,68.1,0.0,1.08,21.34
L,2.99,74.8,15.71,82.9,49.5,1113.0,0,No Failure,155.5,51.8,0.0,2.24,13.02
L,1.42,66.7,15.2,75.1,47.9,183.0,0,No Failure,238.6,79.5,0.0,0.95,11.42
M,2.87,68.3,16.66,77.9,62.7,1039.0,0,No Failure,173.8,57.9,1.0,1.96,12.98
H,2.17,74.0,16.56,79.6,48.0,16.0,0,No Failure,222.7,74.2,2.0,1.61,13.18
L,2.83,60.9,21.49,80.4,52.5,99.0,0,No Failure,253.8,84.6,0.0,1.72,17.28
L,1.45,68.7,18.56,78.9,50.4,146.0,0,No Failure,236.3,78.8,0.0,1.0,14.64
L,5.15,67.2,22.16,89.5,38.8,1110.0,0,No Failure,125.9,42.0,0.0,3.46,19.83
L,3.03,63.1,18.75,82.8,52.1,525.0,0,No Failure,207.8,69.3,0.0,1.91,15.52
L,2.77,69.1,18.88,85.8,37.4,321.0,0,No Failure,190.3,63.4,0.0,1.91,16.2
H,1.39,69.45,15.64,74.5,44.0,261.0,0,No Failure,217.3,72.4,2.0,0.97,11.65
H,1.2,65.0,8.52,70.1,43.3,1073.0,0,No Failure,192.1,64.0,2.0,0.78,5.97
L,4.15,59.5,17.61,82.3,43.5,251.0,0,No Failure,205.9,68.6,0.0,2.47,14.49
L,6.67,75.5,14.52,95.4,45.7,1147.0,0,No Failure,100.0,33.3,0.0,5.04,13.85
H,4.75,70.1,14.27,89.1,38.6,308.0,0,No Failure,165.1,55.0,2.0,3.33,12.71
L,1.79,76.2,21.9,84.8,39.0,599.0,0,No Failure,178.0,59.3,0.0,1.36,18.57
H,0.44,53.6,17.3,74.8,37.4,42.0,0,No Failure,265.8,88.6,2.0,0.24,12.94
L,2.84,69.6,20.7,82.0,50.7,842.0,0,No Failure,181.4,60.5,0.0,1.98,16.97
L,1.6,50.9,16.27,77.8,51.7,809.0,0,No Failure,236.8,78.9,0.0,0.81,12.66
L,2.15,69.4,19.86,82.2,41.9,926.0,0,No Failure,175.7,58.6,0.0,1.49,16.32
L,3.26,75.5,20.22,84.1,45.9,947.0,0,No Failure,155.1,51.7,0.0,2.46,17.01
L,0.85,34.58,14.84,77.1,48.6,173.0,0,No Failure,245.0,81.7,0.0,0.29,11.44
L,2.49,53.2,18.86,78.3,49.5,367.0,0,No Failure,242.6,80.9,0.0,1.32,14.77
M,4.76,53.9,19.64,90.4,44.7,1179.0,0,No Failure,164.8,54.9,1.0,2.57,17.75
L,3.46,99.4,17.59,84.5,44.4,373.0,0,No Failure,130.7,43.6,0.0,3.44,14.86
L,0.26,62.7,16.54,74.4,37.6,76.0,0,No Failure,248.7,82.9,0.0,0.16,12.31
H,1.81,71.1,13.7,78.4,34.0,311.0,0,No Failure,193.3,64.4,2.0,1.29,10.74
L,1.77,57.8,22.06,84.5,40.1,160.0,0,No Failure,238.9,79.6,0.0,1.02,18.64
L,2.94,74.2,8.67,81.9,34.6,27.0,0,No Failure,187.5,62.5,0.0,2.18,7.1
M,3.04,60.0,16.9,82.9,47.9,571.0,0,No Failure,211.4,70.5,1.0,1.82,14.01
H,4.38,66.3,13.2,89.7,68.6,921.0,0,No Failure,154.9,51.6,2.0,2.9,11.84
H,3.9,56.3,17.97,85.3,49.7,593.0,0,No Failure,206.6,68.9,2.0,2.2,15.33
M,3.43,69.0,21.61,88.0,39.6,345.0,0,No Failure,184.6,61.5,1.0,2.37,19.02
L,2.48,67.7,16.15,81.5,25.9,839.0,1,Lubrication Breakdown,2.8,50.1,0.0,1.68,13.16
L,4.85,67.7,20.42,90.7,53.0,1042.0,0,No Failure,148.8,49.6,0.0,3.28,18.52
H,1.72,66.0,27.32,85.4,50.5,498.0,0,No Failure,220.5,73.5,2.0,1.14,23.33
L,3.92,68.7,24.68,89.5,39.4,602.0,0,No Failure,165.6,55.2,0.0,2.69,22.09
M,5.39,76.6,23.12,94.0,49.4,1029.0,0,No Failure,124.6,41.5,1.0,4.13,21.73
L,3.67,70.2,16.38,87.7,49.9,897.0,0,No Failure,166.6,55.5,0.0,2.58,14.37
M,2.11,65.8,14.21,81.0,52.6,856.0,0,No Failure,197.9,66.0,1.0,1.39,11.51
H,2.66,65.0,20.8,84.5,36.6,351.0,0,No Failure,197.0,65.7,2.0,1.73,17.58
M,4.61,84.2,33.088,88.7,43.3,679.0,0,No Failure,128.7,42.9,1.0,3.88,29.35
H,2.04,67.7,19.13,84.5,50.5,1060.0,0,No Failure,184.8,61.6,2.0,1.38,16.16
L,3.93,72.9,17.5,89.1,44.4,536.0,0,No Failure,169.3,56.4,0.0,2.86,15.59
L,0.67,75.1,14.28,71.2,41.4,466.0,0,No Failure,205.8,68.6,0.0,0.5,10.17
M,5.53,83.2,18.08,93.1,32.0,202.0,0,No Failure,122.1,40.7,1.0,4.6,16.83
L,1.82,102.62,16.53,79.1,42.9,972.0,0,No Failure,160.7,53.6,0.0,1.87,13.08
L,4.49,85.8,12.76,87.1,36.5,577.0,0,No Failure,128.3,42.8,0.0,3.85,11.11
L,0.78,63.0,18.51,76.6,55.5,577.0,0,No Failure,214.0,71.3,0.0,0.49,14.18
H,3.38,77.4,19.46,85.3,39.0,485.0,0,No Failure,160.4,53.5,2.0,2.62,16.6
H,1.04,66.8,8.37,75.1,40.1,623.0,0,No Failure,207.4,69.1,2.0,0.69,6.29
L,4.89,65.8,19.9,91.7,50.6,120.0,0,No Failure,198.2,66.1,0.0,3.22,18.25
M,1.14,59.1,17.41,76.2,47.1,272.0,0,No Failure,251.6,83.9,1.0,0.67,13.27
L,1.36,58.7,24.62,79.0,43.2,808.0,0,No Failure,215.7,71.9,0.0,0.8,19.45
M,1.42,70.5,18.52,107.1,40.5,47.0,0,No Failure,224.5,74.8,1.0,1.0,19.83
L,4.53,68.8,23.65,89.3,48.4,853.0,0,No Failure,160.3,53.4,0.0,3.12,21.12
H,3.26,75.8,11.11,87.5,42.8,944.0,0,No Failure,149.1,49.7,2.0,2.47,9.72
L,2.15,73.6,17.45,80.1,55.1,379.0,0,No Failure,205.6,68.5,0.0,1.58,13.98
L,2.57,80.2,27.52,84.6,48.7,247.0,0,No Failure,193.5,64.5,0.0,2.06,23.28
L,1.92,60.2,19.69,81.2,66.1,512.0,0,No Failure,228.8,76.3,0.0,1.16,15.99
M,3.31,70.1,10.34,79.5,44.4,206.0,0,No Failure,199.6,66.5,1.0,2.32,8.22
L,1.45,64.8,14.16,76.8,46.3,737.0,0,No Failure,211.5,70.5,0.0,0.94,10.87
M,0.54,61.3,19.66,76.4,46.4,1028.0,0,No Failure,216.0,72.0,1.0,0.33,15.02
L,2.83,69.5,26.23,83.6,20.0,419.0,0,No Failure,198.1,66.0,0.0,1.97,21.93
L,1.51,57.3,23.44,79.5,43.7,400.0,0,No Failure,237.8,79.3,0.0,0.87,18.63
L,0.95,72.6,14.71,76.9,59.8,377.0,0,No Failure,223.5,74.5,0.0,0.69,11.31
M,3.16,63.1,17.69,83.8,36.8,390.0,0,No Failure,192.7,64.2,1.0,1.99,14.82
L,2.87,65.1,10.28,82.9,42.0,548.0,0,No Failure,193.9,64.6,0.0,1.87,8.52
L,5.16,82.2,14.52,90.5,42.6,867.0,0,No Failure,114.8,38.3,0.0,4.24,13.14
H,1.5,67.0,23.36,81.3,48.8,380.0,0,No Failure,227.3,75.8,2.0,1.0,18.99
H,3.67,65.6,19.84,86.5,33.2,647.0,0,No Failure,161.6,53.9,2.0,2.41,17.16
L,1.49,39.6,16.25,79.2,64.4,197.0,0,No Failure,270.6,90.2,0.0,0.59,12.87
H,3.48,64.3,18.66,82.8,43.0,257.0,0,No Failure,203.9,68.0,2.0,2.24,15.45
M,3.77,70.8,23.55,91.9,43.4,210.0,0,No Failure,190.1,63.4,1.0,2.67,21.64
L,0.79,65.7,15.77,72.3,40.9,120.0,0,No Failure,239.5,79.8,0.0,0.52,11.4
L,3.54,65.6,13.34,81.5,44.2,81.0,0,No Failure,211.4,70.5,0.0,2.32,10.87
M,4.44,68.8,25.36,87.8,47.2,830.0,0,No Failure,161.2,53.7,1.0,3.05,22.27
M,2.94,64.2,24.72,88.2,47.3,434.0,0,No Failure,210.1,70.0,1.0,1.89,21.8
L,0.79,59.9,16.49,79.3,39.8,910.0,0,No Failure,209.6,69.9,0.0,0.47,13.08
M,3.09,68.4,24.61,88.2,56.0,241.0,0,No Failure,210.6,70.2,1.0,2.11,21.71
M,0.49,59.7,15.29,73.2,51.0,993.0,0,No Failure,224.5,74.8,1.0,0.29,11.19
M,1.68,69.3,24.33,81.0,50.7,126.0,0,No Failure,233.0,77.7,1.0,1.16,19.71
M,5.65,66.3,21.12,95.1,38.4,468.0,0,No Failure,152.6,50.9,1.0,3.75,20.09
L,0.89,66.1,11.81,75.3,33.9,684.0,0,No Failure,196.5,65.5,0.0,0.59,8.89
L,1.69,72.7,23.13,79.7,45.0,438.0,0,No Failure,205.1,68.4,0.0,1.23,18.43
M,9.566,102.62,16.13,107.1,35.2,666.0,1,Bearing Thermal Seizure,11.1,0.0,1.0,9.82,17.28
L,5.45,75.4,13.17,95.4,48.3,690.0,0,No Failure,143.2,47.7,0.0,4.11,12.56
M,6.3,63.4,3.712,96.1,52.1,371.0,0,No Failure,172.0,57.3,1.0,3.99,3.57
M,4.2,58.6,19.08,86.8,48.7,204.0,0,No Failure,217.5,72.5,1.0,2.46,16.56
L,0.73,64.1,20.65,80.6,49.9,611.0,0,No Failure,231.7,77.2,0.0,0.47,16.64
L,3.18,59.0,17.84,84.2,59.4,408.0,0,No Failure,219.9,73.3,0.0,1.88,15.02
L,1.92,54.3,24.67,83.7,33.4,161.0,0,No Failure,231.9,77.3,0.0,1.04,20.65
L,2.76,76.5,19.84,83.2,39.7,238.0,0,No Failure,183.9,61.3,0.0,2.11,16.51
H,1.33,49.7,15.96,78.5,46.4,1015.0,0,No Failure,228.9,76.3,2.0,0.66,12.53
L,3.85,66.7,23.07,88.3,46.2,227.0,0,No Failure,201.5,67.2,0.0,2.57,20.37
H,5.1,63.0,18.39,93.4,55.4,705.0,0,No Failure,171.8,57.3,2.0,3.21,17.18
L,3.62,64.9,20.99,88.8,57.1,500.0,0,No Failure,197.7,65.9,0.0,2.35,18.64
H,2.73,59.2,15.48,81.1,48.5,452.0,0,No Failure,223.2,74.4,2.0,1.62,12.55
L,5.95,63.7,22.15,100.0,36.1,1164.0,0,No Failure,114.9,38.3,0.0,3.79,22.15
L,3.99,70.9,16.58,82.5,48.5,164.0,0,No Failure,197.6,65.9,0.0,2.83,13.68
L,5.3,71.3,16.73,93.4,34.2,577.0,0,No Failure,134.1,44.7,0.0,3.78,15.63
H,1.8,62.0,27.74,79.9,49.5,151.0,0,No Failure,244.8,81.6,2.0,1.12,22.16
L,1.5,60.7,15.23,73.6,46.3,705.0,0,No Failure,220.6,73.5,0.0,0.91,11.21
H,2.86,73.6,15.95,86.8,33.9,945.0,0,No Failure,142.6,47.5,2.0,2.1,13.84
L,1.77,70.3,18.93,79.6,33.5,616.0,0,No Failure,179.3,59.8,0.0,1.24,15.07
L,3.15,64.2,19.0,84.4,57.1,1068.0,0,No Failure,176.9,59.0,0.0,2.02,16.04
H,4.95,64.5,26.73,93.7,49.4,563.0,1,Motor Winding Overload,7.2,59.3,2.0,3.19,25.05
H,0.36,73.7,12.27,72.2,42.3,260.0,0,No Failure,224.6,74.9,2.0,0.27,8.86
L,1.92,68.9,14.73,83.1,45.9,1014.0,0,No Failure,182.5,60.8,0.0,1.32,12.24
L,1.95,52.9,21.38,85.3,38.6,608.0,0,No Failure,221.3,73.8,0.0,1.03,18.24
H,1.62,63.8,25.43,82.3,35.5,985.0,0,No Failure,179.4,59.8,2.0,1.03,20.93
L,3.34,69.3,19.61,84.6,41.8,438.0,0,No Failure,184.5,61.5,0.0,2.31,16.59
M,1.24,73.3,24.03,82.1,47.3,861.0,0,No Failure,192.8,64.3,1.0,0.91,19.73
H,5.01,76.0,20.6,94.7,46.4,129.0,0,No Failure,172.9,57.6,2.0,3.81,19.51
H,3.55,67.8,14.1,84.6,53.4,662.0,0,No Failure,184.7,61.6,2.0,2.41,11.93
L,1.66,60.0,15.33,79.1,53.3,406.0,0,No Failure,237.9,79.3,0.0,1.0,12.13
M,5.52,83.8,19.08,94.1,43.0,655.0,0,No Failure,118.2,39.4,1.0,4.63,17.95
L,4.55,73.8,13.52,86.7,35.4,754.0,0,No Failure,132.3,44.1,0.0,3.36,11.72
H,1.86,72.1,22.32,81.9,38.2,653.0,0,No Failure,181.1,60.4,2.0,1.34,18.28
H,0.51,74.2,24.81,76.3,42.0,644.0,0,No Failure,201.9,67.3,2.0,0.38,18.93
H,3.76,67.3,14.81,86.6,62.5,183.0,0,No Failure,206.9,69.0,2.0,2.53,12.83
L,3.49,70.2,18.21,83.2,57.6,959.0,0,No Failure,165.8,55.3,0.0,2.45,15.15
H,2.24,66.4,14.17,80.3,56.3,818.0,0,No Failure,196.9,65.6,2.0,1.49,11.38
H,4.94,70.7,22.19,95.2,42.4,544.0,0,No Failure,156.5,52.2,2.0,3.49,21.12
M,9.566,77.3,15.64,107.1,45.4,1187.0,1,Harmonic Resonance,9.1,9.8,1.0,7.39,16.75
L,4.0,72.2,20.55,88.7,34.3,485.0,0,No Failure,154.2,51.4,0.0,2.89,18.23
H,6.86,83.1,15.13,99.2,40.4,587.0,1,Bearing Thermal Seizure,2.1,33.6,2.0,5.7,15.01
M,0.97,69.0,23.58,84.6,40.0,336.0,0,No Failure,218.1,72.7,1.0,0.67,19.95
L,3.68,64.4,12.02,82.5,52.3,627.0,0,No Failure,191.6,63.9,0.0,2.37,9.92
L,4.83,95.3,10.93,83.4,39.9,485.0,0,No Failure,107.2,35.7,0.0,4.6,9.12
L,0.63,64.0,24.0,78.0,50.8,1077.0,0,No Failure,209.9,70.0,0.0,0.4,18.72
L,4.57,71.4,22.62,90.2,40.6,577.0,0,No Failure,133.2,44.4,0.0,3.26,20.4
L,1.21,75.8,21.59,81.4,43.6,789.0,0,No Failure,185.1,61.7,0.0,0.92,17.57
H,1.32,68.9,14.27,78.3,49.6,951.0,0,No Failure,197.3,65.8,2.0,0.91,11.17
L,2.7,68.5,20.16,87.8,44.0,351.0,0,No Failure,226.6,75.5,0.0,1.85,17.7
M,4.34,90.7,13.34,83.5,34.0,437.0,0,No Failure,114.6,38.2,1.0,3.94,11.14
M,4.72,55.1,13.41,80.5,42.2,154.0,0,No Failure,209.7,69.9,1.0,2.6,10.8
H,3.49,73.6,16.77,80.4,47.8,665.0,0,No Failure,173.4,57.8,2.0,2.57,13.48
H,4.18,69.6,15.32,91.0,52.3,114.0,0,No Failure,200.2,66.7,2.0,2.91,13.94
M,5.38,75.9,22.56,96.0,39.5,231.0,0,No Failure,150.7,50.2,1.0,4.08,21.66
M,1.72,69.2,14.77,82.3,57.2,642.0,0,No Failure,206.9,69.0,1.0,1.19,12.16
L,3.28,65.0,20.18,89.2,47.5,980.0,0,No Failure,177.0,59.0,0.0,2.13,18.0
M,7.51,70.6,22.38,98.4,44.5,233.0,1,Harmonic Resonance,4.4,47.4,1.0,5.3,22.02
M,0.83,51.4,16.09,76.4,51.5,1168.0,0,No Failure,227.9,76.0,1.0,0.43,12.29
L,4.65,68.0,20.1,89.2,45.4,432.0,0,No Failure,176.7,58.9,0.0,3.16,17.93
L,5.31,75.5,16.76,96.4,26.7,259.0,0,No Failure,128.0,42.7,0.0,4.01,16.16
M,5.34,71.0,20.46,91.3,43.1,1124.0,0,No Failure,122.9,41.0,1.0,3.79,18.68
M,1.88,62.7,12.18,78.9,44.2,1011.0,0,No Failure,192.5,64.2,1.0,1.18,9.61
L,1.68,66.3,20.82,85.9,54.4,305.0,0,No Failure,230.1,76.7,0.0,1.11,17.88
M,1.31,52.7,19.61,81.4,45.9,-313.0,0,No Failure,216.1,72.0,1.0,0.69,15.96
L,2.6,68.6,17.52,83.4,42.4,264.0,0,No Failure,205.4,68.5,0.0,1.78,14.61
L,9.47,69.3,19.63,103.2,45.2,613.0,1,Harmonic Resonance,9.0,33.8,0.0,6.56,20.26
M,6.75,72.9,19.39,98.5,44.4,768.0,0,No Failure,120.7,40.2,1.0,4.92,19.1
M,1.66,58.2,18.6,79.6,62.6,1175.0,0,No Failure,203.1,67.7,1.0,0.97,14.81
L,2.04,74.8,23.39,78.1,53.2,725.0,0,No Failure,187.4,62.5,0.0,1.53,18.27
L,2.21,59.7,20.23,82.4,33.5,814.0,0,No Failure,184.8,61.6,0.0,1.32,16.67
L,1.62,75.9,17.92,78.9,44.4,475.0,0,No Failure,203.2,67.7,0.0,1.23,14.14
M,3.54,57.0,17.37,86.5,46.6,83.0,0,No Failure,232.9,77.6,1.0,2.02,15.03
L,7.65,76.6,10.01,93.7,42.4,1000.0,1,Harmonic Resonance,7.7,28.8,0.0,5.86,9.38
M,5.83,64.0,17.5,93.2,55.9,892.0,0,No Failure,150.9,50.3,1.0,3.73,16.31
L,8.36,76.7,17.42,98.8,51.3,919.0,1,Harmonic Resonance,6.6,30.3,0.0,6.41,17.21
H,1.83,54.5,15.37,80.0,54.6,1078.0,0,No Failure,213.1,71.0,2.0,1.0,12.3
H,2.51,62.5,24.65,87.6,39.4,26.0,0,No Failure,225.3,75.1,2.0,1.57,21.59
L,2.82,72.2,27.1,85.0,41.5,371.0,0,No Failure,188.3,62.8,0.0,2.04,23.04
L,2.74,72.2,16.58,78.9,33.0,445.0,0,No Failure,170.4,56.8,0.0,1.98,13.08
L,0.55,59.5,15.23,73.1,48.0,956.0,0,No Failure,226.0,75.3,0.0,0.33,11.13
L,1.67,60.6,24.94,84.2,43.8,215.0,0,No Failure,238.6,79.5,0.0,1.01,21.0
L,9.566,53.0,18.05,82.1,54.7,1188.0,0,No Failure,204.3,68.1,0.0,5.07,14.82
L,3.66,59.1,17.07,83.7,58.9,806.0,0,No Failure,193.5,64.5,0.0,2.16,14.29
M,0.82,64.5,24.62,80.2,36.9,192.0,0,No Failure,230.7,76.9,1.0,0.53,19.75
L,1.77,67.7,24.24,81.5,53.7,804.0,0,No Failure,201.2,67.1,0.0,1.2,19.76
M,3.3,67.8,11.15,79.2,36.8,432.0,0,No Failure,179.3,59.8,1.0,2.24,8.83
L,3.22,66.0,16.52,81.6,49.5,959.0,0,No Failure,177.8,59.3,0.0,2.13,13.48
L,2.69,64.5,20.83,84.2,42.4,279.0,0,No Failure,211.7,70.6,0.0,1.74,17.54
L,3.13,60.8,14.92,80.3,45.2,596.0,0,No Failure,202.5,67.5,0.0,1.9,11.98
H,1.68,61.5,15.41,81.2,45.8,954.0,0,No Failure,203.3,67.8,2.0,1.03,12.51
M,7.86,77.4,23.02,104.1,52.2,1100.0,1,Harmonic Resonance,2.1,29.0,1.0,6.08,23.96
L,1.96,64.2,18.33,80.8,34.2,1175.0,0,No Failure,162.3,54.1,0.0,1.26,14.81
M,9.566,96.3,26.9,107.1,43.0,1159.0,1,Bearing Thermal Seizure,6.7,0.0,1.0,9.21,28.81
H,3.49,64.3,20.42,89.0,32.6,78.0,0,No Failure,194.0,64.7,2.0,2.24,18.17
L,2.64,71.2,14.56,78.9,46.7,436.0,0,No Failure,198.8,66.3,0.0,1.88,11.49
H,4.27,67.5,17.74,92.7,43.9,1144.0,0,No Failure,144.4,48.1,2.0,2.88,16.44
L,5.16,61.0,15.06,89.1,41.9,858.0,0,No Failure,156.4,52.1,0.0,3.15,13.42
H,3.89,69.4,20.43,90.7,44.6,580.0,0,No Failure,175.0,58.3,2.0,2.7,18.53
H,2.12,71.7,17.97,81.0,48.8,864.0,0,No Failure,185.6,61.9,2.0,1.52,14.56
L,1.63,59.4,23.41,80.3,55.7,486.0,0,No Failure,235.5,78.5,0.0,0.97,18.8
M,3.02,68.6,20.85,89.5,34.5,422.0,0,No Failure,177.8,59.3,1.0,2.07,18.66
M,2.69,64.2,19.26,83.9,38.1,312.0,0,No Failure,202.9,67.6,1.0,1.73,16.16
L,2.99,80.9,15.28,83.1,44.5,277.0,0,No Failure,178.8,59.6,0.0,2.42,12.7
H,1.26,64.4,21.41,81.6,44.9,1048.0,0,No Failure,196.7,65.6,2.0,0.81,17.47
M,4.69,67.8,16.91,88.2,54.9,321.0,0,No Failure,186.8,62.3,1.0,3.18,14.91
L,5.04,73.1,13.84,85.9,29.9,1102.0,1,Lubrication Breakdown,10.9,33.3,0.0,3.68,11.89
H,1.97,67.1,22.03,83.4,43.3,1185.0,0,No Failure,172.2,57.4,2.0,1.32,18.37
L,3.14,77.1,15.07,81.1,37.2,1185.0,0,No Failure,125.9,42.0,0.0,2.42,12.22
L,1.5,61.7,12.17,80.9,56.8,127.0,0,No Failure,250.6,83.5,0.0,0.93,9.85
M,4.64,78.4,17.13,87.8,49.9,1032.0,0,No Failure,130.7,43.6,1.0,3.64,15.04
H,9.36,82.8,12.17,69.61,37.9,652.0,1,Bearing Thermal Seizure,2.8,20.3,2.0,7.75,8.47
M,3.39,73.0,13.05,85.5,45.2,927.0,0,No Failure,158.1,52.7,1.0,2.47,11.16
M,7.21,79.9,19.53,96.9,43.8,601.0,0,No Failure,108.0,36.0,1.0,5.76,18.92
M,1.92,71.6,19.59,80.3,49.9,869.0,0,No Failure,188.2,62.7,1.0,1.37,15.73
L,-3.556,79.7,14.22,87.5,42.1,975.0,0,No Failure,128.1,42.7,0.0,-2.83,12.44
L,4.49,64.5,26.08,93.2,62.8,330.0,0,No Failure,195.6,65.2,0.0,2.9,24.31
M,2.53,56.4,23.08,87.7,40.3,312.0,0,No Failure,224.5,74.8,1.0,1.43,20.24
L,3.83,66.8,13.84,84.7,44.1,584.0,0,No Failure,179.9,60.0,0.0,2.56,11.72
M,2.95,71.5,12.83,81.8,35.2,973.0,0,No Failure,146.6,48.9,1.0,2.11,10.49
M,2.49,65.2,20.89,83.2,50.2,807.0,0,No Failure,196.6,65.5,1.0,1.62,17.38
L,4.48,63.9,17.77,88.7,51.4,1054.0,0,No Failure,160.7,53.6,0.0,2.86,15.76
M,0.46,57.0,12.75,74.4,45.2,534.0,0,No Failure,248.2,82.7,1.0,0.26,9.49
M,7.48,65.3,16.3,96.3,48.0,1154.0,0,No Failure,113.5,37.8,1.0,4.88,15.7
H,3.65,85.1,20.08,88.7,43.5,312.0,0,No Failure,158.2,52.7,2.0,3.11,17.81
H,4.19,70.0,20.55,90.6,46.2,868.0,0,No Failure,158.4,52.8,2.0,2.93,18.62
M,2.3,67.1,21.45,80.2,38.3,868.0,0,No Failure,174.8,58.3,1.0,1.54,17.2
M,2.97,70.4,21.89,89.2,46.7,750.0,0,No Failure,180.4,60.1,1.0,2.09,19.53
H,1.43,67.2,15.91,83.3,48.3,2193.0,0,No Failure,194.0,64.7,2.0,0.96,13.25
H,2.77,63.1,15.51,79.1,43.2,1173.0,0,No Failure,170.2,56.7,2.0,1.75,12.27
L,0.94,57.8,15.33,76.1,48.0,1083.0,0,No Failure,217.9,72.6,0.0,0.54,11.67
L,2.9,67.2,8.56,81.4,47.6,631.0,0,No Failure,195.3,65.1,0.0,1.95,6.97
H,2.68,67.2,15.09,82.5,39.1,926.0,0,No Failure,168.1,56.0,2.0,1.8,12.45
L,1.15,78.9,14.43,75.8,37.7,573.0,0,No Failure,179.9,60.0,0.0,0.91,10.94
L,4.61,75.4,18.14,85.3,37.9,1033.0,0,No Failure,118.9,39.6,0.0,3.48,15.47
H,2.96,82.9,13.31,82.1,37.1,538.0,0,No Failure,148.8,49.6,2.0,2.45,10.93
L,1.14,68.5,15.78,76.7,47.2,556.0,0,No Failure,223.6,74.5,0.0,0.78,12.1
L,3.06,64.8,21.79,88.6,47.3,964.0,0,No Failure,180.8,60.3,0.0,1.98,19.31
M,2.93,72.6,19.74,79.6,46.0,16.0,0,No Failure,211.9,70.6,1.0,2.13,15.71
M,0.74,41.4,19.45,73.1,49.8,1173.0,0,No Failure,231.6,77.2,1.0,0.31,14.22
L,3.43,65.4,19.79,85.0,52.2,1053.0,0,No Failure,171.5,57.2,0.0,2.24,16.82
L,-3.556,69.6,21.66,82.0,47.8,859.0,0,No Failure,191.4,63.8,0.0,-2.47,17.76
H,2.34,61.1,18.79,82.8,42.6,969.0,0,No Failure,188.9,63.0,2.0,1.43,15.56
L,2.83,74.7,19.96,96.0,60.1,77.0,0,No Failure,166.0,55.3,0.0,2.11,19.16
M,2.86,42.4,21.12,82.6,45.1,357.0,0,No Failure,239.4,79.8,1.0,1.21,17.45
L,2.12,76.4,20.23,84.2,41.1,405.0,0,No Failure,186.7,62.2,0.0,1.62,17.03
L,1.05,68.6,19.56,75.4,42.0,1077.0,0,No Failure,184.4,61.5,0.0,0.72,14.75
M,3.03,59.4,18.72,84.8,44.55,711.0,0,No Failure,191.5,63.8,1.0,1.8,15.87
L,5.5,67.8,15.85,89.8,46.6,296.0,0,No Failure,174.9,58.3,0.0,3.73,14.23
M,3.81,72.4,18.96,85.5,48.1,378.0,0,No Failure,186.3,62.1,1.0,2.76,16.21
H,3.81,73.4,21.04,86.6,46.6,1024.0,0,No Failure,149.5,49.8,2.0,2.8,18.22
L,2.32,65.9,22.74,81.9,53.3,625.0,0,No Failure,206.5,68.8,0.0,1.53,18.62
M,1.78,74.4,17.05,75.3,49.8,1195.0,0,No Failure,168.1,56.0,1.0,1.32,12.84
M,6.1,74.7,12.97,88.1,41.4,126.0,0,No Failure,152.4,50.8,1.0,4.56,11.43
M,5.7,71.3,24.26,94.7,54.9,2193.0,0,No Failure,131.0,43.7,1.0,4.06,22.97
L,5.55,61.4,30.33,93.6,51.4,632.0,1,Motor Winding Overload,2.8,57.6,0.0,3.41,28.39
M,1.81,62.9,20.47,80.9,45.8,524.0,0,No Failure,220.3,73.4,1.0,1.14,16.56
L,9.566,72.0,20.93,107.1,34.3,1071.0,1,Harmonic Resonance,5.6,3.8,0.0,6.89,22.42
M,2.61,67.9,18.61,79.6,54.7,1183.0,0,No Failure,170.8,56.9,1.0,1.77,14.81
H,1.34,57.8,19.19,83.9,48.5,928.0,0,No Failure,220.4,73.5,2.0,0.77,16.1
L,3.07,72.9,13.01,81.8,49.4,1060.0,0,No Failure,160.9,53.6,0.0,2.24,10.64
M,4.81,65.2,17.72,87.7,44.6,865.0,0,No Failure,157.1,52.4,1.0,3.14,15.54
H,4.32,59.5,20.62,85.5,55.6,664.0,0,No Failure,191.1,63.7,2.0,2.57,17.63
H,0.81,75.0,13.4,79.8,46.3,401.0,0,No Failure,216.3,72.1,2.0,0.61,10.69
M,3.27,71.1,16.13,84.0,55.8,924.0,0,No Failure,168.7,56.2,1.0,2.32,13.55
H,4.41,74.9,23.8,92.6,45.6,897.0,0,No Failure,143.1,47.7,2.0,3.3,22.04
M,4.13,88.3,19.63,91.1,36.3,1051.0,0,No Failure,95.6,31.9,1.0,3.65,17.88
L,7.46,91.2,13.61,93.6,39.0,1163.0,1,Bearing Thermal Seizure,7.8,15.1,0.0,6.8,12.74
M,1.63,34.58,20.38,79.5,46.6,799.0,0,No Failure,236.1,78.7,1.0,0.56,16.2
M,2.38,56.3,14.8,85.0,44.1,447.0,0,No Failure,226.8,75.6,1.0,1.34,12.58
L,3.61,60.7,13.79,84.1,41.7,1076.0,0,No Failure,166.1,55.4,0.0,2.19,11.6
L,1.8,62.9,17.91,79.7,49.3,11.0,0,No Failure,250.0,83.3,0.0,1.13,14.27
M,0.36,66.1,19.0,78.2,40.4,559.0,0,No Failure,221.4,73.8,1.0,0.24,14.86
L,3.97,83.6,17.33,84.4,39.9,435.0,0,No Failure,144.4,48.1,0.0,3.32,14.63
L,1.58,65.9,19.85,83.8,47.6,176.0,0,No Failure,237.9,79.3,0.0,1.04,16.63
M,1.0,64.1,13.1,71.2,49.3,128.0,0,No Failure,252.3,84.1,1.0,0.64,9.33
M,0.55,34.58,25.7,77.9,44.7,198.0,0,No Failure,251.3,83.8,1.0,0.19,20.02
L,1.08,66.0,22.72,80.1,44.6,949.0,0,No Failure,200.3,66.8,0.0,0.71,18.2
H,3.45,61.8,26.66,88.1,48.6,1171.0,1,Motor Winding Overload,4.1,57.5,2.0,2.13,23.49
M,2.15,62.8,17.73,79.8,36.1,585.0,0,No Failure,195.5,65.2,1.0,1.35,14.15
L,2.56,60.8,25.12,84.8,42.5,967.0,0,No Failure,186.6,62.2,0.0,1.56,21.3
L,0.21,67.5,18.31,74.4,56.9,929.0,0,No Failure,215.8,71.9,0.0,0.14,13.62
L,1.83,68.5,17.74,81.4,45.4,583.0,0,No Failure,217.0,72.3,0.0,1.25,14.44
H,4.63,64.7,13.92,88.0,39.2,404.0,0,No Failure,173.8,57.9,2.0,3.0,12.25
M,1.63,55.6,21.55,79.8,52.0,45.0,0,No Failure,265.2,88.4,1.0,0.91,17.2
H,1.74,76.9,19.57,78.7,44.0,129.0,0,No Failure,203.2,67.7,2.0,1.34,15.4
L,1.86,68.6,24.34,79.7,37.5,321.0,0,No Failure,203.4,67.8,0.0,1.28,19.4
L,0.91,59.6,18.56,83.7,44.5,903.0,0,No Failure,217.4,72.5,0.0,0.54,15.53
H,1.87,83.6,18.47,82.8,32.1,539.0,0,No Failure,152.7,50.9,2.0,1.56,15.29
M,7.85,82.4,12.32,98.0,51.0,1149.0,1,Bearing Thermal Seizure,9.0,24.9,1.0,6.47,12.07
L,4.28,76.9,22.24,91.1,46.9,338.0,0,No Failure,171.1,57.0,0.0,3.29,20.26
M,1.63,59.2,12.17,76.8,33.0,848.0,0,No Failure,190.8,63.6,1.0,0.96,9.35
L,4.28,70.1,21.81,89.9,39.5,377.0,0,No Failure,169.5,56.5,0.0,3.0,19.61
L,1.5,73.4,11.16,78.9,39.9,900.0,0,No Failure,173.9,58.0,0.0,1.1,8.81
M,1.44,50.0,16.66,76.6,61.5,731.0,0,No Failure,244.6,81.5,1.0,0.72,12.76
L,7.07,72.6,21.14,99.5,38.3,722.0,0,No Failure,108.4,36.1,0.0,5.13,21.03
H,6.07,79.5,21.74,94.4,46.3,514.0,0,No Failure,132.6,44.2,2.0,4.83,20.52
M,-3.556,76.4,17.85,87.7,43.2,1141.0,0,No Failure,141.3,47.1,1.0,-2.72,15.65
L,1.85,66.5,14.44,80.7,45.1,1114.0,0,No Failure,181.8,60.6,0.0,1.23,11.65
H,7.3,82.7,23.08,95.6,41.2,887.0,1,Bearing Thermal Seizure,6.8,27.4,2.0,6.04,22.06
M,2.28,65.4,16.07,80.6,44.3,-1015.0,0,No Failure,217.3,72.4,1.0,1.49,12.95
L,1.58,51.8,19.14,79.1,50.5,640.0,0,No Failure,243.7,81.2,0.0,0.82,15.14
M,1.68,63.0,18.27,77.0,47.9,1022.0,0,No Failure,200.7,66.9,1.0,1.06,14.07
L,2.46,84.4,18.6,78.6,45.0,1073.0,0,No Failure,139.9,46.6,0.0,2.08,14.62
L,2.24,73.0,24.14,81.4,42.5,1031.0,0,No Failure,163.2,54.4,0.0,1.64,19.65
H,1.84,76.9,3.712,79.5,40.5,250.0,0,No Failure,196.0,65.4,2.0,1.41,2.95
H,0.84,80.0,21.19,72.0,47.5,878.0,0,No Failure,184.2,61.4,2.0,0.67,15.26
L,2.89,61.7,23.64,84.4,30.9,846.0,1,Lubrication Breakdown,8.2,55.2,0.0,1.78,19.95
L,3.08,52.9,22.66,85.2,62.5,154.0,0,No Failure,246.1,82.0,0.0,1.63,19.31
M,1.41,65.5,24.92,80.3,36.3,457.0,0,No Failure,206.6,68.9,1.0,0.92,20.01
L,2.83,58.3,14.87,83.8,56.7,798.0,0,No Failure,206.4,68.8,0.0,1.65,12.46
L,4.21,76.3,21.92,86.7,36.0,547.0,0,No Failure,143.2,47.7,0.0,3.21,19.0
H,0.76,80.0,15.17,76.4,40.7,988.0,0,No Failure,167.5,55.8,2.0,0.61,11.59
L,1.8,62.8,23.11,81.7,48.5,743.0,0,No Failure,213.6,71.2,0.0,1.13,18.88
M,1.4,60.3,22.27,77.6,43.3,314.0,0,No Failure,236.9,79.0,1.0,0.84,17.28
L,1.16,75.5,21.99,79.1,42.6,118.0,0,No Failure,218.2,72.7,0.0,0.88,17.39
H,2.86,73.6,11.58,78.1,45.9,492.0,0,No Failure,186.9,62.3,2.0,2.1,9.04
M,0.79,59.8,13.27,77.1,52.4,528.0,0,No Failure,243.6,81.2,1.0,0.47,10.23
L,4.62,79.6,17.33,89.4,42.7,2193.0,0,No Failure,141.2,47.1,0.0,3.68,15.49
M,2.91,78.5,12.27,82.6,38.4,630.0,0,No Failure,156.0,52.0,1.0,2.28,10.14
L,4.21,68.5,21.34,88.6,47.6,968.0,0,No Failure,157.2,52.4,0.0,2.88,18.91
L,1.59,66.1,18.56,83.7,51.8,834.0,0,No Failure,205.2,68.4,0.0,1.05,15.53
L,4.71,88.7,16.83,90.5,43.8,757.0,0,No Failure,115.4,38.5,0.0,4.18,15.23
M,2.06,57.5,21.98,85.7,52.7,611.0,0,No Failure,227.4,75.8,1.0,1.18,18.84
M,1.19,66.8,16.09,74.8,50.1,333.0,0,No Failure,234.1,78.0,1.0,0.79,12.04
M,0.52,62.2,11.62,74.9,46.9,176.0,0,No Failure,258.0,86.0,1.0,0.32,8.7
L,8.54,68.5,14.97,100.4,40.5,313.0,1,Harmonic Resonance,11.5,40.6,0.0,5.85,15.03
L,1.71,62.4,13.61,79.8,52.2,17.0,0,No Failure,251.9,84.0,0.0,1.07,10.86
M,5.39,62.1,19.53,91.2,48.5,381.0,0,No Failure,186.0,62.0,1.0,3.35,17.81
L,9.566,81.7,23.97,105.6,68.6,821.0,1,Harmonic Resonance,2.2,14.6,0.0,7.82,25.31
H,3.37,73.6,16.55,85.6,53.8,94.0,0,No Failure,203.9,68.0,2.0,2.48,14.17
H,2.13,80.7,17.22,77.3,39.2,513.0,0,No Failure,169.2,56.4,2.0,1.72,13.31
M,1.6,63.2,19.2,81.0,48.0,342.0,0,No Failure,235.5,78.5,1.0,1.01,15.55
M,3.9,72.1,17.32,88.2,43.1,95.0,0,No Failure,191.0,63.7,1.0,2.81,15.28
L,1.82,47.9,5.42,85.4,66.1,975.0,0,No Failure,227.4,75.8,0.0,0.87,4.63
M,2.72,75.3,18.34,82.1,48.0,1025.0,0,No Failure,162.5,54.2,1.0,2.05,15.06
M,0.81,59.7,18.61,77.9,40.8,181.0,0,No Failure,248.0,82.7,1.0,0.48,14.5
H,2.52,71.9,18.77,79.6,40.4,170.0,0,No Failure,200.9,67.0,2.0,1.81,14.94
L,4.06,82.4,33.088,87.2,44.7,969.0,0,No Failure,127.5,42.5,0.0,3.35,28.85
M,1.37,61.9,15.32,77.3,43.2,651.0,0,No Failure,217.0,72.3,1.0,0.85,11.84
L,3.92,59.6,22.47,86.7,46.6,588.0,0,No Failure,197.4,65.8,0.0,2.34,19.48
L,4.65,67.5,21.63,90.6,49.9,139.0,0,No Failure,197.0,65.7,0.0,3.14,19.6
M,5.09,68.7,25.18,91.7,44.55,1178.0,0,No Failure,136.9,45.6,1.0,3.5,23.09
L,1.14,63.6,19.12,77.2,47.0,759.0,0,No Failure,218.1,72.7,0.0,0.73,14.76
M,1.19,73.3,15.33,73.6,44.55,793.0,0,No Failure,172.6,57.5,1.0,0.87,11.28
H,2.8,70.2,14.61,80.5,48.3,389.0,0,No Failure,203.4,67.8,2.0,1.97,11.76
H,2.2,70.9,17.48,82.8,42.8,605.0,0,No Failure,189.7,63.2,2.0,1.56,14.47
L,3.18,65.8,22.05,86.3,39.0,140.0,0,No Failure,203.5,67.8,0.0,2.09,19.03
M,2.87,67.9,22.06,83.7,45.7,1046.0,0,No Failure,170.1,56.7,1.0,1.95,18.46
H,5.3,86.0,18.45,61.2,50.5,25.0,0,No Failure,157.2,52.4,2.0,4.56,11.29
H,1.92,66.0,20.26,81.3,39.4,583.0,0,No Failure,198.2,66.1,2.0,1.27,16.47
L,2.32,68.7,25.19,81.9,34.5,522.0,0,No Failure,181.7,60.6,0.0,1.59,20.63
H,1.7,63.0,26.35,83.8,40.9,960.0,0,No Failure,190.9,63.6,2.0,1.07,22.08
L,4.95,82.0,19.66,88.6,37.2,525.0,0,No Failure,125.3,41.8,0.0,4.06,17.42
M,0.87,50.9,16.58,75.6,58.7,805.0,0,No Failure,246.5,82.2,1.0,0.44,12.53
M,1.94,63.8,23.39,85.3,35.8,154.0,0,No Failure,217.3,72.4,1.0,1.24,19.95
L,3.73,79.8,21.61,87.3,33.1,245.0,0,No Failure,152.4,50.8,0.0,2.98,18.87
L,3.95,72.2,12.1,87.1,37.7,521.0,0,No Failure,159.2,53.1,0.0,2.85,10.54
L,0.97,68.1,26.97,82.7,35.4,66.0,0,No Failure,225.1,75.0,0.0,0.66,22.3
L,0.69,66.0,22.11,77.0,39.6,626.0,0,No Failure,212.5,70.8,0.0,0.46,17.02
L,2.83,76.9,16.5,79.5,43.0,687.0,0,No Failure,166.2,55.4,0.0,2.18,13.12
M,2.41,74.2,25.05,85.1,46.7,1191.0,0,No Failure,158.1,52.7,1.0,1.79,21.32
L,3.75,72.0,13.81,88.2,34.0,229.0,0,No Failure,170.1,56.7,0.0,2.7,12.18
L,4.62,75.9,14.4,87.5,34.2,562.0,0,No Failure,134.6,44.9,0.0,3.51,12.6
L,2.28,77.4,19.98,61.2,50.0,876.0,0,No Failure,171.5,57.2,0.0,1.76,12.23
M,0.86,44.4,22.19,77.0,54.4,423.0,0,No Failure,267.6,89.2,1.0,0.38,17.09
M,2.47,73.5,19.02,81.7,57.5,713.0,0,No Failure,184.9,61.6,1.0,1.82,15.54
M,0.99,69.5,22.12,79.6,50.2,187.0,0,No Failure,238.7,79.6,1.0,0.69,17.61
M,4.89,71.5,21.98,92.3,43.0,506.0,0,No Failure,158.5,52.8,1.0,3.5,20.29
M,1.05,62.6,18.55,78.7,43.3,290.0,0,No Failure,238.1,79.4,1.0,0.66,14.6
M,2.52,62.1,15.31,80.5,39.3,-593.0,0,No Failure,167.3,55.8,1.0,1.56,12.32
M,2.09,62.8,19.83,78.5,34.7,870.0,0,No Failure,179.5,59.8,1.0,1.31,15.57
L,1.33,53.9,11.76,76.2,44.6,231.0,0,No Failure,257.1,85.7,0.0,0.72,8.96
M,2.29,76.3,16.18,80.3,39.7,57.0,0,No Failure,199.6,66.5,1.0,1.75,12.99
L,0.91,60.7,19.05,76.8,56.6,1139.0,0,No Failure,209.7,69.9,0.0,0.55,14.63
M,3.48,83.1,3.712,86.1,43.1,824.0,0,No Failure,138.1,46.0,1.0,2.89,3.2
M,1.31,66.1,16.83,81.0,44.55,465.0,0,No Failure,227.4,75.8,1.0,0.87,13.63
M,1.93,61.0,15.73,79.8,41.2,453.0,0,No Failure,217.8,72.6,1.0,1.18,12.55
L,6.83,58.8,19.44,100.4,48.1,1026.0,0,No Failure,141.5,47.2,0.0,4.02,19.52
M,5.29,70.2,21.92,97.5,27.5,417.0,0,No Failure,132.4,44.1,1.0,3.71,21.37
L,2.9,64.2,17.3,82.5,38.2,1159.0,0,No Failure,157.9,52.6,0.0,1.86,14.27
L,7.2,84.2,22.86,95.9,37.1,1057.0,1,Bearing Thermal Seizure,5.7,21.5,0.0,6.06,21.92
M,5.17,75.9,18.37,87.2,48.0,581.0,0,No Failure,151.3,50.4,1.0,3.92,16.02
M,7.02,84.9,19.77,97.9,44.5,705.0,1,Bearing Thermal Seizure,3.5,32.2,1.0,5.96,19.35
L,5.36,61.2,12.14,90.5,47.6,961.0,0,No Failure,158.5,52.8,0.0,3.28,10.99
M,4.05,57.2,14.03,90.0,32.4,794.0,0,No Failure,164.7,54.9,1.0,2.32,12.63
L,3.7,76.2,16.16,86.0,50.3,516.0,0,No Failure,173.2,57.7,0.0,2.82,13.9
H,4.15,83.4,16.01,85.7,42.6,501.0,0,No Failure,144.0,48.0,2.0,3.46,13.72
L,6.73,89.3,17.12,95.3,40.9,617.0,1,Bearing Thermal Seizure,11.5,29.8,0.0,6.01,16.32
L,3.74,64.4,16.15,80.3,20.0,107.0,0,No Failure,210.1,70.0,0.0,2.41,12.97
L,4.99,59.9,14.38,89.1,45.8,349.0,0,No Failure,193.3,64.4,0.0,2.99,12.81
L,-3.556,60.6,13.33,77.5,47.1,1050.0,0,No Failure,216.8,72.3,0.0,-2.15,10.33
L,9.02,70.1,23.04,107.1,55.3,412.0,1,Harmonic Resonance,7.4,40.3,0.0,6.32,24.68
M,3.22,71.4,19.08,86.4,45.0,698.0,0,No Failure,174.6,58.2,1.0,2.3,16.49
H,2.02,69.45,18.62,84.9,39.3,492.0,0,No Failure,196.6,65.5,2.0,1.4,15.81
L,2.74,61.6,16.73,82.5,49.5,86.0,0,No Failure,236.5,78.8,0.0,1.69,13.8
H,3.6,70.2,15.25,87.9,48.0,606.0,0,No Failure,178.1,59.4,2.0,2.53,13.4
L,5.31,53.8,19.41,91.5,46.0,1049.0,0,No Failure,166.7,55.6,0.0,2.86,17.76
M,1.18,68.6,17.0,80.7,46.0,486.0,0,No Failure,230.6,76.9,1.0,0.81,13.72
M,1.87,57.6,16.14,79.5,45.3,972.0,0,No Failure,206.8,68.9,1.0,1.08,12.83
H,6.53,73.3,26.74,97.7,50.2,568.0,1,Motor Winding Overload,4.5,46.4,2.0,4.79,26.12
L,0.84,61.0,22.1,75.3,45.3,696.0,0,No Failure,227.3,75.8,0.0,0.51,16.64
L,1.79,56.3,18.96,82.9,50.7,824.0,0,No Failure,222.7,74.2,0.0,1.01,15.72
L,2.74,79.6,22.08,107.1,29.7,135.0,0,No Failure,165.1,55.0,0.0,2.18,23.65
M,4.4,73.7,20.95,83.1,45.6,37.0,0,No Failure,188.7,62.9,1.0,3.24,17.41
M,0.57,58.4,15.83,75.4,44.0,147.0,0,No Failure,261.2,87.1,1.0,0.33,11.94
L,2.98,68.0,14.77,84.4,54.4,644.0,0,No Failure,192.7,64.2,0.0,2.03,12.47
L,0.56,62.2,16.62,71.7,48.6,1108.0,0,No Failure,212.8,71.0,0.0,0.35,11.92
L,1.35,55.7,15.7,79.0,45.7,352.0,0,No Failure,249.1,83.0,0.0,0.75,12.4
M,1.13,64.2,17.29,83.3,42.3,1127.0,0,No Failure,190.2,63.4,1.0,0.73,14.4
L,6.84,73.7,21.97,98.2,52.8,1073.0,0,No Failure,109.2,36.4,0.0,5.04,21.57
L,1.21,55.2,14.3,75.7,43.7,667.0,0,No Failure,232.6,77.5,0.0,0.67,10.83
H,3.53,74.5,17.4,84.5,43.5,476.0,0,No Failure,172.8,57.6,2.0,2.63,14.7
M,2.6,102.62,19.76,84.3,53.6,206.0,0,No Failure,241.4,80.5,1.0,2.67,16.66
L,2.56,59.8,18.25,107.1,56.3,372.0,0,No Failure,228.2,76.1,0.0,1.53,19.55
L,1.92,63.7,13.73,81.9,49.3,801.0,0,No Failure,207.4,69.1,0.0,1.22,11.24
M,7.3,88.7,32.26,102.3,20.0,121.0,1,Bearing Thermal Seizure,6.2,38.8,1.0,6.48,33.0
L,0.51,63.4,28.03,74.5,46.2,499.0,0,No Failure,238.3,79.4,0.0,0.32,20.88
L,1.35,68.0,13.34,75.1,36.2,98.0,0,No Failure,220.1,73.4,0.0,0.92,10.02
M,3.47,62.5,17.44,83.6,55.9,273.0,0,No Failure,215.8,71.9,1.0,2.17,14.58
L,2.16,75.9,21.1,83.1,39.2,225.0,0,No Failure,192.8,64.3,0.0,1.64,17.53
M,2.01,70.8,26.1,83.3,47.5,835.0,0,No Failure,189.4,63.1,1.0,1.42,21.74
M,4.31,65.6,11.86,85.7,30.5,1142.0,1,Lubrication Breakdown,7.2,41.2,1.0,2.83,10.16
L,3.58,75.8,20.67,85.7,47.3,1074.0,0,No Failure,146.5,48.8,0.0,2.71,17.71
M,4.58,75.8,21.03,89.9,45.2,42.0,0,No Failure,181.1,60.4,1.0,3.47,18.91
H,2.14,60.1,18.11,82.8,48.7,87.0,0,No Failure,247.4,82.5,2.0,1.29,15.0
M,1.75,60.3,19.5,76.4,34.7,-402.0,0,No Failure,176.7,58.9,1.0,1.06,14.9
L,9.566,52.4,27.27,86.9,38.9,574.0,0,No Failure,208.4,69.5,0.0,5.01,23.7
L,1.99,71.1,19.38,76.3,59.5,106.0,0,No Failure,226.4,75.5,0.0,1.41,14.79
H,2.75,56.3,24.36,85.0,44.0,103.0,0,No Failure,239.0,79.7,2.0,1.55,20.71
L,3.91,71.9,3.712,85.6,41.1,184.0,0,No Failure,183.3,61.1,0.0,2.81,3.18
L,1.67,56.2,20.67,61.2,41.6,806.0,0,No Failure,213.9,71.3,0.0,0.94,12.65
L,1.51,49.9,18.05,77.4,52.6,268.0,0,No Failure,266.8,88.9,0.0,0.75,13.97
M,3.78,52.3,21.76,87.6,54.8,929.0,0,No Failure,199.3,66.4,1.0,1.98,19.06
M,1.67,49.5,18.66,83.8,47.0,884.0,0,No Failure,232.1,77.4,1.0,0.83,15.64
M,3.1,61.2,16.48,85.1,41.0,591.0,0,No Failure,173.6,57.9,1.0,1.9,14.02
L,1.28,66.0,18.74,79.5,40.0,1078.0,0,No Failure,182.9,61.0,0.0,0.84,14.9
M,3.56,62.3,22.5,90.3,40.6,1194.0,0,No Failure,155.7,51.9,1.0,2.22,20.32
L,0.92,71.8,21.45,79.6,47.3,1050.0,0,No Failure,190.6,63.5,0.0,0.66,17.07
L,3.95,74.5,15.87,82.4,32.9,237.0,0,No Failure,160.1,53.4,0.0,2.94,13.08
L,8.86,72.4,16.83,104.6,39.9,248.0,1,Harmonic Resonance,9.5,37.3,0.0,6.41,17.6
M,2.57,68.3,20.44,84.3,43.3,974.0,0,No Failure,172.5,57.5,1.0,1.76,17.23
L,4.16,70.6,19.35,91.6,37.3,11.0,0,No Failure,184.4,61.5,0.0,2.94,17.72
M,2.83,68.8,16.39,78.2,39.4,259.0,0,No Failure,196.8,65.6,1.0,1.95,12.82
M,4.0,84.6,27.56,91.6,47.5,940.0,1,Motor Winding Overload,7.3,43.5,1.0,3.38,25.24
L,3.02,69.9,20.29,85.3,42.5,375.0,0,No Failure,191.9,64.0,0.0,2.11,17.31
M,3.05,57.7,20.22,88.5,55.3,401.0,0,No Failure,224.5,74.8,1.0,1.76,17.89
M,2.95,75.9,13.2,84.2,34.0,624.0,0,No Failure,153.1,51.0,1.0,2.24,11.11
M,2.52,67.5,25.03,86.3,40.9,562.0,0,No Failure,191.0,63.7,1.0,1.7,21.6
L,2.37,67.3,23.06,81.1,47.4,174.0,0,No Failure,224.5,74.8,0.0,1.6,18.7
L,2.95,64.1,18.56,80.0,53.6,385.0,0,No Failure,213.8,71.3,0.0,1.89,14.85
H,1.15,56.9,22.62,78.7,34.2,208.0,0,No Failure,235.9,78.6,2.0,0.65,17.8
L,2.69,56.2,19.8,82.2,45.9,92.0,0,No Failure,243.9,81.3,0.0,1.51,16.28
H,1.2,63.1,25.25,82.9,49.5,1061.0,0,No Failure,205.0,68.3,2.0,0.76,20.93
L,2.31,58.3,12.66,79.9,35.4,220.0,0,No Failure,219.4,73.1,0.0,1.35,10.12
L,4.24,56.9,17.23,83.1,46.3,627.0,0,No Failure,196.1,65.4,0.0,2.41,14.32
M,1.89,77.2,22.32,82.6,46.6,229.0,0,No Failure,206.8,68.9,1.0,1.46,18.44
M,2.71,69.7,18.66,81.5,36.5,1199.0,0,No Failure,144.4,48.1,1.0,1.89,15.21
H,1.1,81.1,16.42,78.8,49.0,635.0,0,No Failure,191.6,63.9,2.0,0.89,12.94
L,1.19,72.1,8.88,75.9,42.7,331.0,0,No Failure,214.1,71.4,0.0,0.86,6.74
H,0.55,66.1,14.42,74.9,48.7,112.0,0,No Failure,255.0,85.0,2.0,0.36,10.8
L,5.11,80.4,10.74,88.2,42.6,443.0,0,No Failure,140.3,46.8,0.0,4.11,9.47
H,0.98,57.2,14.7,79.6,39.1,749.0,0,No Failure,219.3,73.1,2.0,0.56,11.7
L,2.99,64.2,23.23,83.9,41.7,960.0,0,No Failure,173.0,57.7,0.0,1.92,19.49
L,6.79,94.8,13.04,97.9,41.6,368.0,1,Bearing Thermal Seizure,5.7,30.5,0.0,6.44,12.77
L,1.8,67.5,33.088,83.6,52.7,598.0,0,No Failure,211.5,70.5,0.0,1.22,27.66
H,1.67,60.0,19.19,77.2,45.3,481.0,0,No Failure,229.2,76.4,2.0,1.0,14.81
H,6.98,85.2,19.37,96.1,35.6,301.0,1,Bearing Thermal Seizure,5.0,33.5,2.0,5.95,18.61
M,3.01,76.7,13.39,86.7,51.3,649.0,0,No Failure,174.6,58.2,1.0,2.31,11.61
M,3.34,66.3,21.94,82.1,51.0,936.0,0,No Failure,176.8,58.9,1.0,2.21,18.01
L,2.33,67.5,20.98,85.8,42.5,218.0,0,No Failure,213.6,71.2,0.0,1.57,18.0
M,8.18,80.6,22.3,99.9,45.9,913.0,1,Harmonic Resonance,5.7,27.3,1.0,6.59,22.28
H,1.92,64.1,20.84,80.4,50.1,50.0,0,No Failure,244.1,81.4,2.0,1.23,16.76
H,2.41,76.8,20.89,85.5,51.4,65.0,0,No Failure,211.5,70.5,2.0,1.85,17.86
M,4.86,74.6,18.6,87.7,51.9,96.0,0,No Failure,182.2,60.7,1.0,3.63,16.31
H,0.48,102.62,17.81,78.9,45.6,173.0,0,No Failure,239.5,79.8,2.0,0.49,14.05
L,2.48,74.1,20.46,84.6,47.5,950.0,0,No Failure,170.9,57.0,0.0,1.84,17.31
L,2.83,46.2,15.1,76.1,51.8,1036.0,0,No Failure,239.9,80.0,0.0,1.31,11.49
L,2.15,76.3,14.7,82.2,42.8,545.0,0,No Failure,182.6,60.9,0.0,1.64,12.08
M,1.29,66.4,20.77,76.7,46.5,510.0,0,No Failure,222.1,74.0,1.0,0.86,15.93
M,2.93,60.5,13.68,82.7,49.7,916.0,0,No Failure,194.7,64.9,1.0,1.77,11.31
M,3.33,67.7,4.52,86.3,40.8,476.0,0,No Failure,184.1,61.4,1.0,2.25,3.9
L,1.71,65.0,16.31,79.5,45.7,1111.0,0,No Failure,187.9,62.6,0.0,1.11,12.97
L,3.35,71.4,23.97,89.1,39.8,456.0,0,No Failure,175.7,58.6,0.0,2.39,21.36
M,1.01,71.4,16.92,80.1,56.3,743.0,0,No Failure,206.8,68.9,1.0,0.72,13.55
M,1.09,80.2,21.38,77.8,37.5,665.0,0,No Failure,173.1,57.7,1.0,0.87,16.63
H,1.92,68.5,24.77,81.3,43.8,911.0,0,No Failure,184.7,61.6,2.0,1.32,20.14
H,3.7,72.3,18.43,88.2,43.4,769.0,0,No Failure,160.1,53.4,2.0,2.68,16.26
M,4.46,68.1,19.0,87.0,55.2,1098.0,0,No Failure,150.4,50.1,1.0,3.04,16.53
M,1.81,68.6,22.36,86.6,41.0,152.0,0,No Failure,216.8,72.3,1.0,1.24,19.36
M,9.566,66.9,13.4,81.3,46.4,921.0,0,No Failure,188.8,62.9,1.0,6.4,10.89
H,2.67,92.4,5.57,81.1,35.1,756.0,0,No Failure,119.1,39.7,2.0,2.47,4.52
L,1.54,61.3,22.01,79.5,39.9,20.0,0,No Failure,241.6,80.5,0.0,0.94,17.5
L,2.83,85.1,20.8,95.6,20.0,795.0,1,Bearing Thermal Seizure,4.9,30.6,0.0,2.41,19.88
M,3.47,98.1,19.13,83.7,42.4,801.0,0,No Failure,108.1,36.0,1.0,3.4,16.01
L,3.54,49.0,26.35,86.8,42.6,735.0,0,No Failure,207.1,69.0,0.0,1.73,22.87
L,2.79,69.8,13.31,78.8,43.9,198.0,0,No Failure,206.5,68.8,0.0,1.95,10.49
L,2.59,78.8,17.14,81.5,37.9,480.0,0,No Failure,166.2,55.4,0.0,2.04,13.97
M,6.95,77.1,18.31,98.3,40.4,229.0,0,No Failure,129.5,43.2,1.0,5.36,18.0
M,3.14,88.4,17.31,85.1,38.8,165.0,0,No Failure,157.2,52.4,1.0,2.78,14.73
L,3.18,68.9,20.16,84.8,44.4,326.0,0,No Failure,185.4,61.8,0.0,2.19,17.1
M,3.98,69.6,20.52,82.9,40.7,875.0,0,No Failure,151.7,50.6,1.0,2.77,17.01
M,5.85,64.0,22.18,91.1,39.9,1150.0,0,No Failure,123.1,41.0,1.0,3.74,20.21
L,3.3,66.6,21.95,88.4,48.0,1104.0,0,No Failure,168.3,56.1,0.0,2.2,19.4
M,0.6,77.4,18.58,74.4,54.5,739.0,0,No Failure,200.4,66.8,1.0,0.46,13.82
H,3.64,87.3,33.088,87.2,47.9,1083.0,0,No Failure,123.3,41.1,2.0,3.18,28.85
M,7.26,75.4,23.61,99.8,41.8,45.0,0,No Failure,140.5,46.8,1.0,5.47,23.56
L,2.69,64.0,17.13,83.2,32.3,199.0,0,No Failure,198.5,66.2,0.0,1.72,14.25
H,6.91,82.6,15.59,92.4,44.7,613.0,1,Bearing Thermal Seizure,10.0,35.8,2.0,5.71,14.41
M,3.7,75.6,15.03,80.3,42.9,1127.0,0,No Failure,134.7,44.9,1.0,2.8,12.07
L,0.78,69.5,19.15,80.0,40.8,486.0,0,No Failure,213.5,71.2,0.0,0.54,15.32
L,2.12,80.9,18.96,85.4,58.8,607.0,0,No Failure,180.0,60.0,0.0,1.72,16.19
H,2.56,69.4,20.85,83.5,30.5,333.0,0,No Failure,179.5,59.8,2.0,1.78,17.41
M,7.79,72.1,17.92,99.2,48.8,322.0,1,Harmonic Resonance,10.9,45.8,1.0,5.62,17.78
M,3.62,83.9,15.6,85.7,35.8,427.0,0,No Failure,141.4,47.1,1.0,3.04,13.37
M,3.4,57.0,14.19,82.7,48.6,153.0,0,No Failure,233.7,77.9,1.0,1.94,11.74
M,2.41,61.7,16.61,83.3,39.6,556.0,0,No Failure,202.0,67.3,1.0,1.49,13.84
M,7.13,75.8,22.08,97.1,37.7,685.0,0,No Failure,102.0,34.0,1.0,5.4,21.44
H,6.19,79.6,18.24,95.0,46.1,477.0,0,No Failure,132.3,44.1,2.0,4.93,17.33
L,4.66,83.1,22.54,90.3,48.7,674.0,0,No Failure,138.9,46.3,0.0,3.87,20.35
L,2.42,75.5,21.46,83.5,30.3,373.0,0,No Failure,166.7,55.6,0.0,1.83,17.92
L,0.4,83.3,20.9,78.9,41.5,1074.0,0,No Failure,162.8,54.2,0.0,0.33,16.49
L,1.8,34.58,24.45,82.4,38.8,918.0,0,No Failure,157.5,52.5,0.0,0.62,20.15
L,2.3,78.9,21.16,79.4,47.0,914.0,0,No Failure,164.5,54.8,0.0,1.81,16.8
M,2.3,60.1,17.03,80.7,49.7,46.0,0,No Failure,247.3,82.4,1.0,1.38,13.74
M,3.89,74.3,17.57,88.3,36.4,95.0,0,No Failure,174.7,58.2,1.0,2.89,15.51
L,3.68,75.1,17.86,90.2,52.2,40.0,0,No Failure,199.5,66.5,0.0,2.76,16.11
H,1.21,60.4,13.13,78.0,50.5,202.0,0,No Failure,253.2,84.4,2.0,0.73,10.24
M,2.26,53.1,12.17,82.4,41.1,591.0,0,No Failure,208.8,69.6,1.0,1.2,10.03
L,2.8,56.5,21.0,80.8,41.8,992.0,0,No Failure,189.5,63.2,0.0,1.58,16.97
L,3.41,67.2,21.13,86.1,43.1,631.0,0,No Failure,180.5,60.2,0.0,2.29,18.19
L,1.49,54.2,22.82,78.2,39.3,452.0,0,No Failure,233.8,77.9,0.0,0.81,17.85
L,0.99,68.3,17.27,80.1,31.6,564.0,0,No Failure,192.7,64.2,0.0,0.68,13.83
M,1.88,52.0,21.89,84.9,56.0,888.0,0,No Failure,226.9,75.6,1.0,0.98,18.58
L,1.83,72.4,20.23,80.9,42.1,242.0,0,No Failure,208.5,69.5,0.0,1.32,16.37
H,4.41,73.5,18.94,91.5,53.6,367.0,0,No Failure,176.8,58.9,2.0,3.24,17.33
L,0.54,67.0,10.19,70.7,37.0,867.0,0,No Failure,195.8,65.3,0.0,0.36,7.2
H,1.92,83.2,18.24,77.7,44.0,1183.0,0,No Failure,147.6,49.2,2.0,1.6,14.17
M,1.07,67.1,15.93,78.0,57.2,942.0,0,No Failure,204.7,68.2,1.0,0.72,12.43
H,2.91,58.5,25.44,87.4,44.5,148.0,0,No Failure,231.1,77.0,2.0,1.7,22.23
M,2.15,64.5,7.44,76.5,36.7,482.0,0,No Failure,198.3,66.1,1.0,1.39,5.69
H,0.78,69.4,19.01,79.1,50.8,18.0,0,No Failure,250.1,83.4,2.0,0.54,15.04
L,2.76,71.5,17.67,90.7,47.0,1010.0,0,No Failure,168.5,56.2,0.0,1.97,16.03
L,3.26,79.4,15.86,82.2,52.2,442.0,0,No Failure,176.3,58.8,0.0,2.59,13.04
H,5.35,82.2,12.43,89.4,33.2,41.0,0,No Failure,136.7,45.6,2.0,4.4,11.11
L,4.46,55.7,19.19,61.2,41.6,442.0,0,No Failure,196.4,65.5,0.0,2.48,11.74
L,3.61,71.8,21.01,83.4,46.9,633.0,0,No Failure,175.4,58.5,0.0,2.59,17.52
M,1.4,60.8,18.6,77.3,46.5,608.0,0,No Failure,226.9,75.6,1.0,0.85,14.38
M,2.24,60.6,18.67,82.9,43.3,227.0,0,No Failure,229.6,76.5,1.0,1.36,15.48
L,3.05,64.8,17.44,84.6,47.2,105.0,0,No Failure,223.7,74.6,0.0,1.98,14.75
H,2.23,67.3,13.56,84.3,44.0,209.0,0,No Failure,218.5,72.8,2.0,1.5,11.43
L,1.47,62.1,11.78,72.9,44.3,574.0,0,No Failure,221.1,73.7,0.0,0.91,8.59
L,3.16,78.3,18.56,83.5,46.5,621.0,0,No Failure,168.2,56.1,0.0,2.47,15.5
M,3.08,78.3,20.8,83.3,35.0,447.0,0,No Failure,157.2,52.4,1.0,2.41,17.33
H,6.6,69.8,19.58,93.5,42.9,153.0,0,No Failure,156.9,52.3,2.0,4.61,18.31
M,2.59,75.7,15.62,80.8,39.8,206.0,0,No Failure,189.5,63.2,1.0,1.96,12.62
M,6.39,73.3,9.85,96.2,46.9,644.0,0,No Failure,135.4,45.1,1.0,4.68,9.48
L,3.57,64.8,19.86,88.0,38.2,497.0,0,No Failure,181.1,60.4,0.0,2.31,17.48
M,2.99,77.7,23.75,81.4,36.5,804.0,0,No Failure,144.5,48.2,1.0,2.32,19.33
M,4.01,71.6,23.12,89.8,49.7,75.0,0,No Failure,200.4,66.8,1.0,2.87,20.76
H,6.59,79.4,16.84,92.6,40.2,54.0,0,No Failure,138.0,46.0,2.0,5.23,15.59
M,2.94,59.9,18.49,86.7,44.5,1088.0,0,No Failure,180.9,60.3,1.0,1.76,16.03
M,3.47,74.3,22.4,86.5,41.0,1066.0,0,No Failure,140.0,46.7,1.0,2.58,19.38
L,0.43,47.3,17.88,75.7,42.8,1116.0,0,No Failure,229.2,76.4,0.0,0.2,13.54
L,6.6,72.3,16.75,92.4,35.1,1174.0,0,No Failure,86.9,29.0,0.0,4.77,15.48
L,1.68,62.1,15.94,80.3,41.8,249.0,0,No Failure,230.1,76.7,0.0,1.04,12.8
H,1.75,72.6,11.76,77.1,45.8,1076.0,0,No Failure,174.1,58.0,2.0,1.27,9.07
L,-3.556,64.7,19.65,85.5,45.4,446.0,0,No Failure,206.9,69.0,0.0,-2.3,16.8
H,9.09,81.7,19.99,105.8,41.6,630.0,1,Harmonic Resonance,11.1,24.8,2.0,7.43,21.15
M,4.53,74.3,24.1,91.2,41.7,311.0,0,No Failure,165.1,55.0,1.0,3.37,21.98
L,6.07,83.8,21.2,97.9,29.8,714.0,1,Lubrication Breakdown,6.0,28.1,0.0,5.09,20.75
M,2.07,57.6,12.25,75.7,45.6,170.0,0,No Failure,244.8,81.6,1.0,1.19,9.27
L,2.65,64.9,22.43,86.3,43.8,367.0,0,No Failure,209.5,69.8,0.0,1.72,19.36
L,3.6,61.3,11.99,85.3,51.3,252.0,0,No Failure,217.6,72.5,0.0,2.21,10.23
H,1.98,74.3,20.93,83.9,43.6,546.0,0,No Failure,190.2,63.4,2.0,1.47,17.56
M,3.68,73.3,12.65,88.7,45.7,791.0,0,No Failure,161.4,53.8,1.0,2.7,11.22
M,2.78,62.5,14.42,80.9,43.9,601.0,0,No Failure,201.1,67.0,1.0,1.74,11.67
M,3.04,68.6,18.52,87.1,37.1,1185.0,0,No Failure,157.6,52.5,1.0,2.09,16.13
M,0.79,46.3,21.01,75.6,48.8,1175.0,0,No Failure,230.9,77.0,1.0,0.37,15.88
M,3.16,47.4,21.89,84.4,40.1,346.0,0,No Failure,227.0,75.7,1.0,1.5,18.48
M,1.88,69.0,20.63,80.5,34.1,632.0,0,No Failure,180.7,60.2,1.0,1.3,16.61
M,1.06,62.1,20.56,82.8,47.2,693.0,0,No Failure,225.8,75.3,1.0,0.66,17.02
M,5.29,70.9,17.47,89.6,39.8,510.0,0,No Failure,148.5,49.5,1.0,3.75,15.65
L,3.0,69.4,18.9,86.4,39.4,179.0,0,No Failure,197.4,65.8,0.0,2.08,16.33
L,4.19,66.5,15.85,81.7,43.6,1104.0,0,No Failure,148.9,49.6,0.0,2.79,12.95
L,1.96,78.4,16.72,77.9,41.4,437.0,0,No Failure,183.7,61.2,0.0,1.54,13.02
H,1.41,57.5,21.26,80.8,54.3,214.0,0,No Failure,255.8,85.3,2.0,0.81,17.18
L,1.01,64.5,16.82,74.3,48.5,111.0,0,No Failure,252.2,84.1,0.0,0.65,12.5
M,1.8,69.5,21.28,79.4,39.8,70.0,0,No Failure,219.1,73.0,1.0,1.25,16.9
L,4.28,69.3,24.91,90.6,38.5,1115.0,0,No Failure,132.4,44.1,0.0,2.97,22.57
M,1.71,71.4,23.91,85.5,47.6,222.0,0,No Failure,222.9,74.3,1.0,1.22,20.44
L,3.93,76.9,23.02,89.1,47.0,344.0,0,No Failure,175.6,58.5,0.0,3.02,20.51
M,4.37,68.6,21.81,90.7,40.8,765.0,0,No Failure,179.2,59.7,1.0,3.0,19.78
M,9.566,102.62,21.45,107.1,38.8,166.0,1,Bearing Thermal Seizure,8.3,0.6,1.0,9.82,22.97
M,3.06,59.6,21.45,85.7,55.3,237.0,0,No Failure,228.8,76.3,1.0,1.82,18.38
L,5.05,92.8,26.16,96.8,46.4,766.0,0,No Failure,106.9,35.6,0.0,4.69,25.32
L,3.87,66.3,16.88,92.5,50.3,893.0,0,No Failure,172.0,57.3,0.0,2.57,15.61
H,4.15,73.5,18.88,86.2,41.4,807.0,0,No Failure,146.3,48.8,2.0,3.05,16.27
L,0.49,73.6,21.76,76.4,27.4,998.0,1,Lubrication Breakdown,2.4,53.1,0.0,0.36,16.62
L,3.82,68.6,10.89,84.4,46.4,1014.0,0,No Failure,159.1,53.0,0.0,2.62,9.19
L,3.1,51.3,17.34,82.1,52.4,102.0,0,No Failure,251.6,83.9,0.0,1.59,14.24
L,3.33,66.7,16.93,86.5,42.3,929.0,0,No Failure,166.2,55.4,0.0,2.22,14.64
M,1.84,102.62,17.38,80.4,49.2,2179.0,0,No Failure,214.2,71.4,1.0,1.89,13.97
M,3.03,60.8,16.58,81.0,55.9,1018.0,0,No Failure,187.7,62.6,1.0,1.84,13.43
L,4.73,67.8,24.18,88.9,49.1,222.0,0,No Failure,191.2,63.7,0.0,3.21,21.5
M,2.04,74.6,18.9,81.5,37.3,194.0,0,No Failure,195.1,65.0,1.0,1.52,15.4
M,4.59,72.6,25.43,93.3,42.6,453.0,0,No Failure,162.2,54.1,1.0,3.33,23.73
L,4.07,82.8,21.46,88.5,38.9,966.0,0,No Failure,116.3,38.8,0.0,3.37,18.99
H,2.63,78.4,17.4,85.5,39.0,600.0,0,No Failure,162.5,54.2,2.0,2.06,14.88
L,2.43,72.0,33.088,81.9,46.3,80.0,0,No Failure,217.0,72.3,0.0,1.75,27.1
M,5.06,87.6,19.37,89.4,40.2,111.0,0,No Failure,138.8,46.3,1.0,4.43,17.32
H,4.11,80.4,17.07,86.3,37.1,197.0,0,No Failure,155.8,51.9,2.0,3.3,14.73
L,4.04,64.8,23.52,85.8,43.3,153.0,0,No Failure,201.3,67.1,0.0,2.62,20.18
L,2.83,61.2,18.03,84.1,37.5,829.0,0,No Failure,180.1,60.0,0.0,1.73,15.16
H,4.29,69.1,8.93,85.1,37.2,191.0,0,No Failure,176.5,58.8,2.0,2.96,7.6
L,3.81,79.5,10.46,81.4,39.4,1149.0,0,No Failure,118.1,39.4,0.0,3.03,8.51
M,1.14,57.2,18.96,75.3,35.9,394.0,0,No Failure,229.2,76.4,1.0,0.65,14.28
L,2.41,65.7,15.36,79.4,43.6,-1015.0,0,No Failure,190.9,63.6,0.0,1.58,12.2
M,3.13,76.4,19.94,85.2,36.7,517.0,0,No Failure,159.9,53.3,1.0,2.39,16.99
M,1.27,63.0,16.55,78.2,44.55,1141.0,0,No Failure,181.6,60.5,1.0,0.8,12.94
L,1.5,68.0,23.28,79.2,47.6,457.0,0,No Failure,220.7,73.6,0.0,1.02,18.44
M,4.57,82.0,12.7,83.6,43.7,732.0,0,No Failure,131.7,43.9,1.0,3.75,10.62
H,3.11,72.8,10.8,82.2,40.0,606.0,0,No Failure,158.0,52.7,2.0,2.26,8.88
M,1.5,53.9,20.44,78.9,47.4,524.0,0,No Failure,245.2,81.7,1.0,0.81,16.13
M,4.22,78.9,19.73,88.0,42.2,591.0,0,No Failure,146.8,48.9,1.0,3.33,17.36
H,2.75,59.6,20.11,85.1,49.0,725.0,0,No Failure,208.5,69.5,2.0,1.64,17.11
H,2.68,50.6,22.43,83.0,43.8,1160.0,0,No Failure,198.1,66.0,2.0,1.36,18.62
H,2.39,66.3,14.22,80.7,34.8,76.0,0,No Failure,208.5,69.5,2.0,1.58,11.48
L,1.61,79.5,20.48,81.1,53.0,728.0,0,No Failure,183.5,61.2,0.0,1.28,16.61
H,3.84,72.6,21.85,91.0,37.0,95.0,0,No Failure,179.9,60.0,2.0,2.79,19.88
L,2.04,70.6,16.4,83.4,41.6,736.0,0,No Failure,183.7,61.2,0.0,1.44,13.68
M,3.64,60.9,15.21,87.1,42.4,63.0,0,No Failure,217.2,72.4,1.0,2.22,13.25
L,1.24,52.6,29.02,82.9,38.2,638.0,0,No Failure,229.0,76.3,0.0,0.65,24.06
L,3.88,80.1,19.84,85.2,46.8,540.0,0,No Failure,159.7,53.2,0.0,3.11,16.9
L,3.78,76.3,19.84,86.3,45.0,468.0,0,No Failure,169.0,56.3,0.0,2.88,17.12
H,3.56,75.6,19.76,81.7,52.5,1013.0,0,No Failure,151.4,50.5,2.0,2.69,16.14
L,5.85,79.5,13.25,92.6,37.4,516.0,0,No Failure,119.3,39.8,0.0,4.65,12.27
M,1.57,75.2,16.01,77.7,50.8,1080.0,0,No Failure,175.0,58.3,1.0,1.18,12.44
L,3.76,80.0,20.39,87.6,29.1,840.0,1,Lubrication Breakdown,9.2,38.2,0.0,3.01,17.86
L,3.94,59.0,12.25,86.5,41.2,738.0,0,No Failure,181.1,60.4,0.0,2.32,10.6
L,0.75,67.3,25.03,78.5,41.6,1123.0,0,No Failure,187.9,62.6,0.0,0.5,19.65
M,1.95,62.6,25.76,79.8,48.7,1136.0,0,No Failure,192.4,64.1,1.0,1.22,20.56
L,6.47,65.4,18.07,93.6,47.6,137.0,0,No Failure,176.7,58.9,0.0,4.23,16.91
M,3.22,73.8,22.12,85.9,41.1,433.0,0,No Failure,176.1,58.7,1.0,2.38,19.0
M,6.02,82.7,19.03,94.1,43.3,42.0,0,No Failure,145.0,48.3,1.0,4.98,17.91
M,4.14,58.4,16.82,85.4,46.5,1054.0,0,No Failure,173.5,57.8,1.0,2.42,14.36
H,2.18,59.0,3.712,83.3,40.8,208.0,0,No Failure,230.0,76.7,2.0,1.29,3.09
L,3.59,60.9,21.12,87.7,43.7,78.0,0,No Failure,219.4,73.1,0.0,2.19,18.52
L,1.99,54.2,15.69,80.7,42.6,1093.0,0,No Failure,201.1,67.0,0.0,1.08,12.66
L,2.81,68.2,20.32,88.2,46.7,143.0,0,No Failure,217.2,72.4,0.0,1.92,17.92
L,2.62,72.0,8.02,79.7,50.8,955.0,0,No Failure,173.9,58.0,0.0,1.89,6.39
L,0.43,53.9,10.01,72.7,57.2,1033.0,0,No Failure,234.9,78.3,0.0,0.23,7.28
H,2.51,63.3,20.89,83.0,35.9,881.0,0,No Failure,174.6,58.2,2.0,1.59,17.34
M,2.93,55.7,24.59,85.6,41.8,979.0,0,No Failure,190.0,63.3,1.0,1.63,21.05
L,5.01,71.7,17.83,90.3,33.2,116.0,0,No Failure,158.4,52.8,0.0,3.59,16.1
L,4.38,74.0,14.64,85.1,27.5,387.0,0,No Failure,138.3,46.1,0.0,3.24,12.46
M,9.566,88.2,16.4,86.0,44.9,133.0,0,No Failure,131.8,43.9,1.0,8.44,14.1
L,3.04,91.3,15.65,82.3,34.0,736.0,0,No Failure,115.5,38.5,0.0,2.78,12.88
M,2.16,47.3,19.99,81.1,49.1,1106.0,0,No Failure,216.4,72.1,1.0,1.02,16.21
H,0.9,51.8,16.37,76.2,34.6,248.0,0,No Failure,248.1,82.7,2.0,0.47,12.47
H,0.41,55.8,9.83,74.6,40.0,52.0,0,No Failure,266.0,88.7,2.0,0.23,7.33
M,1.58,73.9,14.76,79.7,44.55,243.0,0,No Failure,208.5,69.5,1.0,1.17,11.76
M,4.43,70.3,16.65,89.4,30.7,1087.0,1,Lubrication Breakdown,5.4,38.6,1.0,3.11,14.89
L,2.9,74.5,22.23,107.1,46.1,910.0,0,No Failure,164.0,54.7,0.0,2.16,23.81
H,3.64,76.4,14.85,81.5,46.4,1188.0,0,No Failure,137.1,45.7,2.0,2.78,12.1
H,-3.556,70.8,22.67,84.6,46.2,48.0,0,No Failure,221.3,73.8,2.0,-2.52,19.18
L,2.12,72.5,15.07,87.6,31.4,133.0,0,No Failure,190.6,63.5,0.0,1.54,13.2
L,1.75,68.4,17.14,81.0,31.1,753.0,0,No Failure,172.2,57.4,0.0,1.2,13.88
H,3.28,55.4,18.47,87.1,43.0,1152.0,0,No Failure,179.6,59.8,2.0,1.82,16.09
L,1.98,47.8,23.73,82.4,44.5,1195.0,0,No Failure,208.0,69.3,0.0,0.95,19.55
M,8.8,102.62,18.81,100.0,40.3,1186.0,1,Bearing Thermal Seizure,8.1,8.4,1.0,9.03,18.81
M,4.04,54.0,18.02,85.9,53.5,804.0,0,No Failure,198.8,66.3,1.0,2.18,15.48
H,6.23,71.3,16.96,97.5,42.2,697.0,0,No Failure,130.3,43.4,2.0,4.44,16.54
H,1.79,81.8,19.24,77.4,47.1,76.0,0,No Failure,207.5,69.2,2.0,1.46,14.89
L,4.38,62.1,21.75,90.3,52.8,17.0,0,No Failure,217.5,72.5,0.0,2.72,19.64
L,4.57,54.4,15.96,88.6,46.0,1075.0,0,No Failure,173.9,58.0,0.0,2.49,14.14
H,2.19,60.1,24.48,77.8,40.5,229.0,0,No Failure,226.1,75.4,2.0,1.32,19.05
L,6.55,75.2,12.44,90.8,25.4,434.0,0,No Failure,101.3,33.8,0.0,4.93,11.3
H,3.12,69.8,10.99,85.1,45.5,623.0,0,No Failure,183.8,61.3,2.0,2.18,9.35
H,0.92,57.6,15.73,75.6,51.5,725.0,0,No Failure,236.5,78.8,2.0,0.53,11.89
H,4.18,52.9,20.22,87.7,47.7,508.0,0,No Failure,213.4,71.1,2.0,2.21,17.73
H,1.76,64.7,16.44,78.9,38.7,234.0,0,No Failure,219.1,73.0,2.0,1.14,12.97
L,4.09,70.3,16.73,84.0,46.5,353.0,0,No Failure,185.4,61.8,0.0,2.88,14.05
M,2.06,67.4,16.29,79.3,46.6,87.0,0,No Failure,231.3,77.1,1.0,1.39,12.92
M,2.42,78.7,12.21,75.1,42.4,72.0,0,No Failure,197.2,65.7,1.0,1.9,9.17
L,3.3,67.6,11.36,80.1,53.0,944.0,0,No Failure,174.3,58.1,0.0,2.23,9.1
L,2.84,68.1,23.77,83.4,30.2,75.0,0,No Failure,190.7,63.6,0.0,1.93,19.82
H,3.23,102.62,33.088,88.2,45.3,15.0,0,No Failure,238.0,79.3,2.0,3.31,29.18
M,6.27,72.9,16.42,93.7,45.2,318.0,0,No Failure,151.0,50.3,1.0,4.57,15.39
L,3.71,56.9,21.2,85.9,45.7,399.0,0,No Failure,213.4,71.1,0.0,2.11,18.21
M,2.83,68.1,23.8,83.5,48.5,706.0,0,No Failure,191.4,63.8,1.0,1.93,19.87
L,5.89,72.0,15.73,93.3,47.1,1164.0,0,No Failure,118.9,39.6,0.0,4.24,14.68
L,9.46,84.4,25.22,107.1,39.8,854.0,1,Bearing Thermal Seizure,11.9,16.5,0.0,7.98,27.01
L,5.52,68.5,11.94,87.7,20.0,830.0,0,No Failure,131.6,43.9,0.0,3.78,10.47
H,7.98,79.0,15.33,96.0,59.24,398.0,1,Harmonic Resonance,9.9,25.5,2.0,6.3,14.72
H,3.36,75.0,11.66,82.4,38.5,663.0,0,No Failure,155.6,51.9,2.0,2.52,9.61
L,0.82,58.9,3.712,80.9,36.0,156.0,0,No Failure,242.0,80.7,0.0,0.48,3.0
H,1.92,58.1,18.78,80.8,37.3,1113.0,0,No Failure,183.7,61.2,2.0,1.12,15.17
L,0.69,52.2,23.49,77.2,47.5,646.0,0,No Failure,253.3,84.4,0.0,0.36,18.13
M,2.82,61.0,21.18,87.6,49.7,391.0,0,No Failure,221.4,73.8,1.0,1.72,18.55
L,4.51,71.8,18.38,84.8,46.9,672.0,0,No Failure,161.6,53.9,0.0,3.24,15.59
L,2.47,71.5,21.9,83.8,48.9,113.0,0,No Failure,218.9,73.0,0.0,1.77,18.35
H,1.41,62.4,16.79,77.7,45.3,167.0,0,No Failure,243.5,81.2,2.0,0.88,13.05
M,9.5,68.6,19.3,79.5,33.7,605.0,0,No Failure,190.8,63.6,1.0,6.52,15.34
L,3.82,75.6,21.47,90.8,46.2,442.0,0,No Failure,173.3,57.8,0.0,2.89,19.49
M,7.69,77.0,26.68,101.9,53.1,1020.0,1,Harmonic Resonance,4.1,31.4,1.0,5.92,27.19
L,2.91,74.2,18.76,82.0,53.0,674.0,0,No Failure,179.7,59.9,0.0,2.16,15.38
M,3.01,69.0,22.11,90.3,41.9,1156.0,0,No Failure,153.7,51.2,1.0,2.08,19.97
H,3.19,58.8,29.75,81.7,34.6,827.0,0,No Failure,175.1,58.4,2.0,1.88,24.31
M,1.55,57.8,15.68,77.7,51.8,479.0,0,No Failure,240.1,80.0,1.0,0.9,12.18
H,2.17,53.9,18.18,81.2,37.1,2193.0,0,No Failure,185.5,61.8,2.0,1.17,14.76
H,1.62,49.8,22.54,81.8,58.2,304.0,0,No Failure,263.5,87.8,2.0,0.81,18.44
L,4.86,65.7,18.07,89.3,35.9,577.0,0,No Failure,143.6,47.9,0.0,3.19,16.14
L,3.73,59.8,22.64,90.3,46.3,1054.0,0,No Failure,175.7,58.6,0.0,2.23,20.44
L,4.04,66.6,9.45,82.4,48.8,577.0,0,No Failure,163.5,54.5,0.0,2.69,7.79
H,3.99,86.3,16.42,87.9,33.2,1030.0,0,No Failure,96.9,32.3,2.0,3.44,14.43
L,3.28,71.2,22.4,86.7,38.0,939.0,0,No Failure,149.6,49.9,0.0,2.34,19.42
L,4.63,75.0,14.36,91.1,42.7,946.0,0,No Failure,132.4,44.1,0.0,3.47,13.08
L,1.49,72.6,16.8,79.4,50.4,63.0,0,No Failure,232.1,77.4,0.0,1.08,13.34
L,0.86,63.3,17.25,77.6,46.0,992.0,0,No Failure,208.9,69.6,0.0,0.54,13.39
L,1.16,59.0,19.28,78.4,35.0,396.0,0,No Failure,223.6,74.5,0.0,0.68,15.12
L,5.1,64.4,22.8,92.4,45.0,1074.0,0,No Failure,145.2,48.4,0.0,3.28,21.07
M,1.65,59.0,24.31,79.6,51.2,957.0,0,No Failure,212.5,70.8,1.0,0.97,19.35
L,3.74,67.2,21.07,85.2,42.7,1137.0,0,No Failure,150.1,50.0,0.0,2.51,17.95
H,1.32,64.8,13.71,77.8,51.8,446.0,0,No Failure,230.8,76.9,2.0,0.86,10.67
H,2.28,61.2,26.83,87.8,44.4,406.0,0,No Failure,220.9,73.6,2.0,1.4,23.56
L,4.29,62.5,18.72,84.8,43.5,656.0,0,No Failure,177.8,59.3,0.0,2.68,15.87
L,3.01,62.7,11.98,81.3,35.9,317.0,0,No Failure,197.5,65.8,0.0,1.89,9.74
M,5.08,77.1,12.52,85.9,49.0,443.0,0,No Failure,157.0,52.3,1.0,3.92,10.75
M,2.59,83.1,15.87,81.4,34.8,315.0,0,No Failure,160.3,53.4,1.0,2.15,12.92
L,5.74,63.9,15.05,86.2,58.0,486.0,0,No Failure,172.6,57.5,0.0,3.67,12.97
M,3.59,72.3,17.53,84.8,39.1,335.0,0,No Failure,175.5,58.5,1.0,2.6,14.87
L,2.89,81.3,23.8,87.0,52.2,41.0,0,No Failure,197.4,65.8,0.0,2.35,20.71
H,2.38,73.6,18.36,83.3,56.7,268.0,0,No Failure,208.2,69.4,2.0,1.75,15.29
H,1.95,69.3,21.95,88.3,36.3,290.0,0,No Failure,200.2,66.7,2.0,1.35,19.38
M,2.67,87.1,19.74,84.5,39.9,82.0,0,No Failure,172.1,57.4,1.0,2.33,16.68
M,4.89,84.5,23.37,90.7,37.8,435.0,0,No Failure,126.7,42.2,1.0,4.13,21.2
L,3.55,75.9,10.53,83.8,48.9,233.0,0,No Failure,190.0,63.3,0.0,2.69,8.82
M,2.3,65.1,18.82,81.8,37.5,498.0,0,No Failure,195.8,65.3,1.0,1.5,15.39
L,2.22,73.2,19.7,80.0,40.2,1117.0,0,No Failure,154.6,51.5,0.0,1.63,15.76
L,1.34,69.8,12.61,78.0,46.9,421.0,0,No Failure,219.8,73.3,0.0,0.94,9.84
M,2.97,64.1,17.65,85.4,50.0,2193.0,0,No Failure,195.4,65.1,1.0,1.9,15.07
M,1.73,76.6,23.44,82.1,51.2,172.0,0,No Failure,215.5,71.8,1.0,1.33,19.24
H,0.77,77.7,14.81,75.4,60.1,703.0,0,No Failure,199.3,66.4,2.0,0.6,11.17
L,9.566,72.7,17.38,93.8,42.7,685.0,0,No Failure,131.9,44.0,0.0,6.95,16.3
L,5.4,68.3,23.77,96.3,44.9,1166.0,0,No Failure,128.6,42.9,0.0,3.69,22.89
M,1.66,58.8,16.42,79.5,50.2,753.0,0,No Failure,223.0,74.3,1.0,0.98,13.05
M,0.95,75.4,15.36,75.2,26.4,874.0,1,Lubrication Breakdown,5.4,51.4,1.0,0.72,11.55
H,3.98,66.2,20.95,87.8,55.1,1096.0,0,No Failure,160.6,53.5,2.0,2.63,18.39
H,2.04,56.0,13.92,80.6,52.7,682.0,0,No Failure,227.1,75.7,2.0,1.14,11.22
L,9.566,102.62,23.48,107.1,39.3,428.0,1,Bearing Thermal Seizure,3.2,0.0,0.0,9.82,25.15
M,1.6,58.9,19.3,81.7,45.4,34.0,0,No Failure,254.8,84.9,1.0,0.94,15.77
M,3.9,78.8,18.22,87.6,39.4,1021.0,0,No Failure,124.7,41.6,1.0,3.07,15.96
M,5.77,64.9,22.82,94.8,51.7,798.0,0,No Failure,154.6,51.5,1.0,3.74,21.63
L,1.61,50.9,15.31,82.4,45.2,748.0,0,No Failure,234.6,78.2,0.0,0.82,12.62
M,4.9,76.5,22.81,92.5,44.6,986.0,0,No Failure,127.3,42.4,1.0,3.75,21.1
H,3.26,65.5,10.4,83.3,40.0,911.0,0,No Failure,166.3,55.4,2.0,2.14,8.66
M,2.36,65.8,17.71,84.9,40.3,146.0,0,No Failure,216.3,72.1,1.0,1.55,15.04
H,3.28,59.3,24.62,88.7,43.6,132.0,0,No Failure,223.8,74.6,2.0,1.95,21.84
L,1.51,63.5,16.97,77.5,46.4,1028.0,0,No Failure,198.9,66.3,0.0,0.96,13.15
L,1.98,61.9,13.26,76.1,48.9,419.0,0,No Failure,229.3,76.4,0.0,1.23,10.09
H,2.6,68.7,24.39,85.9,37.3,408.0,0,No Failure,188.8,62.9,2.0,1.79,20.95
H,6.66,64.2,22.99,99.9,55.1,451.0,0,No Failure,161.6,53.9,2.0,4.28,22.97
M,3.2,73.0,14.27,86.4,43.5,1125.0,0,No Failure,147.6,49.2,1.0,2.34,12.33
M,-3.556,57.5,24.84,79.2,43.0,826.0,0,No Failure,220.4,73.5,1.0,-2.04,19.67
M,9.566,81.7,17.01,104.0,46.5,-1015.0,1,Harmonic Resonance,1.5,22.8,1.0,7.82,17.69
L,2.36,75.5,19.9,83.9,36.2,58.0,0,No Failure,193.9,64.6,0.0,1.78,16.7
M,4.98,64.5,13.49,90.6,61.5,800.0,0,No Failure,165.6,55.2,1.0,3.21,12.22
M,1.64,79.9,19.66,85.1,45.8,444.0,0,No Failure,192.5,64.2,1.0,1.31,16.73
H,2.11,61.0,16.54,79.2,54.6,307.0,0,No Failure,235.0,78.3,2.0,1.29,13.1
M,6.14,74.6,17.65,107.1,41.3,375.0,0,No Failure,139.4,46.5,1.0,4.58,18.9
M,2.99,67.3,11.81,85.9,59.3,378.0,0,No Failure,207.3,69.1,1.0,2.01,10.14
M,9.566,89.4,9.35,102.8,32.0,623.0,1,Bearing Thermal Seizure,9.1,10.7,1.0,8.55,9.61
L,2.49,68.6,20.62,85.8,47.0,1011.0,0,No Failure,177.8,59.3,0.0,1.71,17.69
M,4.52,94.6,22.36,90.6,43.7,1154.0,0,No Failure,86.0,28.7,1.0,4.28,20.26
L,2.33,71.6,27.41,85.0,40.3,63.0,0,No Failure,209.2,69.7,0.0,1.67,23.3
L,1.57,47.5,19.95,80.4,48.2,550.0,0,No Failure,251.9,84.0,0.0,0.75,16.04
M,2.7,64.0,23.54,86.6,47.9,61.0,0,No Failure,233.3,77.8,1.0,1.73,20.39
H,4.21,70.8,19.36,88.6,27.4,142.0,0,No Failure,159.0,53.0,2.0,2.98,17.15
L,2.51,63.9,15.43,77.9,39.7,500.0,0,No Failure,199.3,66.4,0.0,1.6,12.02
H,3.29,59.5,12.74,82.2,41.5,74.0,0,No Failure,222.4,74.1,2.0,1.96,10.47
L,5.95,70.5,13.36,90.4,42.5,331.0,0,No Failure,154.5,51.5,0.0,4.19,12.08
M,9.566,64.6,23.06,96.0,39.0,232.0,0,No Failure,173.2,57.7,1.0,6.18,22.14
L,3.15,102.62,20.08,82.0,41.5,989.0,0,No Failure,144.1,48.0,0.0,3.23,16.47
L,3.02,73.2,21.91,89.5,38.2,87.0,0,No Failure,192.0,64.0,0.0,2.21,19.61
L,3.91,62.0,15.58,84.4,46.0,912.0,0,No Failure,175.5,58.5,0.0,2.42,13.15
L,3.19,64.8,21.13,80.7,47.0,543.0,0,No Failure,199.6,66.5,0.0,2.07,17.05
H,3.62,78.3,24.02,87.6,30.4,979.0,1,Lubrication Breakdown,3.3,38.4,2.0,2.83,21.04
M,4.54,63.0,16.15,84.9,52.0,603.0,0,No Failure,184.3,61.4,1.0,2.86,13.71
M,0.94,70.9,22.61,80.0,45.3,589.0,0,No Failure,211.6,70.5,1.0,0.67,18.09
M,2.5,62.6,19.28,84.3,45.4,471.0,0,No Failure,213.8,71.3,1.0,1.56,16.25
L,1.32,70.4,16.65,75.6,43.8,682.0,0,No Failure,200.2,66.7,0.0,0.93,12.59
L,1.88,68.4,16.21,79.3,49.8,177.0,0,No Failure,229.7,76.6,0.0,1.29,12.85
M,3.37,78.6,25.5,88.1,48.0,464.0,0,No Failure,175.4,58.5,1.0,2.65,22.47
M,4.71,70.7,18.67,92.9,30.8,586.0,0,No Failure,136.5,45.5,1.0,3.33,17.34
L,0.79,69.4,20.22,75.1,46.5,446.0,0,No Failure,225.8,75.3,0.0,0.55,15.19
M,2.65,68.8,16.55,87.5,39.3,507.0,0,No Failure,186.6,62.2,1.0,1.82,14.48
L,2.42,57.3,16.87,85.6,44.4,47.0,0,No Failure,244.3,81.4,0.0,1.39,14.44
L,3.22,77.9,17.29,84.3,45.1,1048.0,0,No Failure,144.3,48.1,0.0,2.51,14.58
M,3.57,43.5,17.08,87.4,68.0,434.0,0,No Failure,231.4,77.1,1.0,1.55,14.93
M,3.46,65.0,19.3,84.8,43.5,1142.0,0,No Failure,159.4,53.1,1.0,2.25,16.37
L,1.13,66.7,6.16,73.1,43.6,532.0,0,No Failure,217.2,72.4,0.0,0.75,4.5
L,3.19,61.8,18.34,88.8,42.6,1145.0,0,No Failure,167.6,55.9,0.0,1.97,16.29
M,5.7,75.5,10.65,86.9,41.2,412.0,0,No Failure,141.3,47.1,1.0,4.3,9.25
M,2.15,83.7,18.14,80.2,38.3,540.0,0,No Failure,159.9,53.3,1.0,1.8,14.55
L,3.56,82.1,19.41,84.7,44.2,32.0,0,No Failure,180.6,60.2,0.0,2.92,16.44
H,2.36,77.1,19.39,82.0,44.6,740.0,0,No Failure,171.7,57.2,2.0,1.82,15.9
L,2.4,70.3,29.39,86.4,50.8,930.0,0,No Failure,181.4,60.5,0.0,1.69,25.39
H,1.32,63.0,20.06,82.0,44.9,387.0,0,No Failure,231.7,77.2,2.0,0.83,16.45
L,3.57,80.1,15.16,84.3,40.0,939.0,0,No Failure,131.6,43.9,0.0,2.86,12.78
H,5.02,66.4,17.96,90.5,68.6,112.0,0,No Failure,191.8,63.9,2.0,3.33,16.25
H,9.566,74.0,19.95,107.1,42.4,552.0,1,Harmonic Resonance,8.2,26.6,2.0,7.08,21.37
L,4.34,71.5,23.57,88.2,46.2,690.0,0,No Failure,162.3,54.1,0.0,3.1,20.79
M,2.27,83.8,19.06,86.4,33.7,835.0,0,No Failure,135.1,45.0,1.0,1.9,16.47
H,6.54,75.7,19.13,94.7,37.2,274.0,0,No Failure,129.6,43.2,2.0,4.95,18.12
M,1.2,57.2,18.91,76.7,41.5,324.0,0,No Failure,242.0,80.6,1.0,0.69,14.5
L,3.12,66.8,17.7,82.8,42.0,1126.0,0,No Failure,158.4,52.8,0.0,2.08,14.66
H,3.16,64.4,15.69,85.2,32.7,398.0,0,No Failure,182.3,60.8,2.0,2.04,13.37
L,2.4,63.1,19.2,83.7,39.5,649.0,0,No Failure,194.5,64.8,0.0,1.51,16.07
L,1.14,59.7,21.63,80.4,54.9,966.0,0,No Failure,217.3,72.4,0.0,0.68,17.39
H,5.35,63.7,27.73,96.9,59.0,579.0,1,Motor Winding Overload,3.3,57.8,2.0,3.41,26.87
M,1.55,64.9,20.3,79.9,44.0,950.0,0,No Failure,195.2,65.1,1.0,1.01,16.22
M,6.32,71.1,19.44,96.3,47.5,2193.0,0,No Failure,131.0,43.7,1.0,4.49,18.72
H,3.2,76.1,20.46,87.2,37.2,345.0,0,No Failure,169.1,56.4,2.0,2.44,17.84
H,3.03,57.5,23.67,87.8,42.0,429.0,0,No Failure,213.0,71.0,2.0,1.74,20.78
M,3.33,67.6,21.35,61.2,50.2,364.0,0,No Failure,202.9,67.6,1.0,2.25,13.07
L,4.47,68.3,25.0,92.5,29.8,568.0,0,No Failure,143.6,47.9,0.0,3.05,23.12
M,1.37,62.4,10.72,107.1,41.7,480.0,0,No Failure,221.9,74.0,1.0,0.85,11.48
L,2.91,63.9,23.67,86.4,44.1,301.0,0,No Failure,211.9,70.6,0.0,1.86,20.45
H,1.2,59.7,17.91,73.9,55.1,512.0,0,No Failure,239.2,79.8,2.0,0.72,13.24
L,8.33,87.1,14.32,96.2,38.2,570.0,1,Bearing Thermal Seizure,7.0,23.4,0.0,7.26,13.78
M,4.46,77.7,19.63,89.1,42.2,192.0,0,No Failure,166.0,55.3,1.0,3.47,17.49
M,2.26,102.62,21.12,83.1,44.4,982.0,0,No Failure,195.2,65.1,1.0,2.32,17.55
M,3.51,55.0,13.43,80.8,36.5,109.0,0,No Failure,217.8,72.6,1.0,1.93,10.85
M,3.15,46.9,16.0,85.7,36.5,287.0,0,No Failure,223.6,74.5,1.0,1.48,13.71
M,4.03,75.7,17.35,85.9,43.0,549.0,0,No Failure,159.3,53.1,1.0,3.05,14.9
L,3.1,64.1,19.86,89.6,43.3,237.0,0,No Failure,210.8,70.3,0.0,1.99,17.79
M,1.02,61.6,20.66,79.9,50.9,1055.0,0,No Failure,210.7,70.2,1.0,0.63,16.51
M,6.17,77.6,24.27,96.6,36.9,937.0,0,No Failure,97.0,32.3,1.0,4.79,23.44
L,2.38,81.9,21.83,83.3,40.5,494.0,0,No Failure,166.8,55.6,0.0,1.95,18.18
L,2.07,72.7,24.16,107.1,51.7,152.0,0,No Failure,219.8,73.3,0.0,1.5,25.88
L,2.84,60.8,23.13,89.9,41.7,849.0,0,No Failure,187.3,62.4,0.0,1.73,20.79
M,5.92,65.2,19.71,98.4,44.55,664.0,0,No Failure,149.3,49.8,1.0,3.86,19.39
M,4.66,76.6,16.93,91.4,31.6,745.0,0,No Failure,118.9,39.6,1.0,3.57,15.47
H,1.33,59.7,19.22,81.4,42.0,332.0,0,No Failure,235.7,78.6,2.0,0.79,15.65
M,9.566,70.8,18.59,91.1,38.6,896.0,0,No Failure,138.1,46.0,1.0,6.77,16.94
M,4.28,71.9,9.99,86.6,34.2,824.0,0,No Failure,134.0,44.7,1.0,3.08,8.65
L,6.99,72.2,19.31,96.8,45.3,472.0,0,No Failure,135.4,45.1,0.0,5.05,18.69
L,2.89,63.6,20.07,81.1,50.6,767.0,0,No Failure,196.5,65.5,0.0,1.84,16.28
L,3.43,72.1,17.55,81.8,43.2,1002.0,0,No Failure,152.0,50.7,0.0,2.47,14.36
L,2.48,72.0,18.98,82.2,43.8,1084.0,0,No Failure,161.7,53.9,0.0,1.79,15.6
H,1.26,71.6,17.29,80.4,38.7,535.0,0,No Failure,196.8,65.6,2.0,0.9,13.9
M,9.566,94.5,16.24,107.1,33.2,325.0,1,Bearing Thermal Seizure,2.6,7.5,1.0,9.04,17.39
L,1.44,61.2,15.52,73.5,34.5,548.0,0,No Failure,207.0,69.0,0.0,0.88,11.41
L,1.01,62.6,21.43,79.4,46.3,197.0,0,No Failure,248.6,82.9,0.0,0.63,17.02
L,7.49,77.1,18.56,96.7,57.9,977.0,0,No Failure,98.6,32.9,0.0,5.77,17.95
M,0.62,57.6,22.46,76.8,46.7,542.0,0,No Failure,247.2,82.4,1.0,0.36,17.25
L,4.55,67.6,19.29,93.1,55.1,400.0,0,No Failure,185.1,61.7,0.0,3.08,17.96
M,1.81,58.5,19.46,77.9,42.7,370.0,0,No Failure,231.2,77.1,1.0,1.06,15.16
M,1.21,55.4,21.59,79.1,37.9,899.0,0,No Failure,210.2,70.1,1.0,0.67,17.08
L,4.13,66.0,23.76,83.7,46.8,295.0,0,No Failure,196.9,65.6,0.0,2.73,19.89
H,2.1,74.0,11.41,80.8,40.5,275.0,0,No Failure,197.2,65.7,2.0,1.55,9.22
L,0.51,61.0,15.6,77.6,44.4,2193.0,0,No Failure,206.6,68.9,0.0,0.31,12.11
L,3.32,68.5,19.39,84.2,48.7,1169.0,0,No Failure,135.8,45.3,0.0,2.27,16.33
H,4.35,79.9,19.2,90.4,27.2,794.0,1,Lubrication Breakdown,9.1,35.3,2.0,3.48,17.36
L,3.54,66.1,14.19,81.8,49.1,368.0,0,No Failure,202.9,67.6,0.0,2.34,11.61
L,3.37,54.0,20.54,87.4,33.7,1153.0,0,No Failure,164.4,54.8,0.0,1.82,17.95
L,1.09,70.8,17.31,75.3,37.2,-1015.0,0,No Failure,194.7,64.9,0.0,0.77,13.03
H,9.01,89.8,14.86,102.8,30.2,1133.0,1,Bearing Thermal Seizure,11.9,4.5,2.0,8.09,15.28
L,2.05,55.4,9.3,82.6,49.5,874.0,0,No Failure,218.6,72.9,0.0,1.14,7.68
M,4.92,69.5,17.61,85.7,36.9,1004.0,0,No Failure,126.2,42.1,1.0,3.42,15.09
L,1.62,54.3,18.99,78.2,44.5,714.0,0,No Failure,228.1,76.0,0.0,0.88,14.85
L,2.46,56.6,20.41,82.0,33.9,974.0,0,No Failure,180.4,60.1,0.0,1.39,16.74
M,6.83,74.4,15.34,95.7,41.7,604.0,0,No Failure,120.0,40.0,1.0,5.08,14.68
L,4.4,81.6,18.95,90.9,39.7,823.0,0,No Failure,123.0,41.0,0.0,3.59,17.23
M,1.57,66.4,21.86,83.8,37.3,65.0,0,No Failure,224.1,74.7,1.0,1.04,18.32
L,3.85,60.8,18.37,91.2,44.7,230.0,0,No Failure,210.4,70.1,0.0,2.34,16.75
M,9.566,86.6,16.41,106.8,27.4,781.0,1,Bearing Thermal Seizure,1.4,7.5,1.0,8.28,17.53
L,4.43,60.7,33.088,90.4,49.6,76.0,0,No Failure,216.7,72.2,0.0,2.69,29.91
M,2.4,73.8,23.83,81.6,46.5,297.0,0,No Failure,203.4,67.8,1.0,1.77,19.45
M,1.56,61.2,17.9,79.2,56.5,814.0,0,No Failure,216.4,72.1,1.0,0.95,14.18
L,3.01,70.2,17.74,85.7,53.7,966.0,0,No Failure,171.8,57.3,0.0,2.11,15.2
L,2.23,61.3,16.91,76.0,45.2,895.0,0,No Failure,198.3,66.1,0.0,1.37,12.85
H,1.71,59.2,19.7,80.1,41.8,876.0,0,No Failure,204.2,68.1,2.0,1.01,15.78
L,3.81,59.1,12.43,85.3,55.3,371.0,0,No Failure,213.2,71.1,0.0,2.25,10.6
L,1.67,53.2,15.91,75.5,53.5,557.0,0,No Failure,243.8,81.3,0.0,0.89,12.01
L,5.82,77.6,18.28,94.4,43.2,802.0,0,No Failure,119.7,39.9,0.0,4.52,17.26
L,2.18,63.0,20.37,81.8,36.6,705.0,0,No Failure,189.6,63.2,0.0,1.37,16.66
M,3.56,80.9,20.68,85.3,42.2,942.0,0,No Failure,133.9,44.6,1.0,2.88,17.64
M,2.42,58.3,21.3,85.1,38.8,130.0,0,No Failure,228.6,76.2,1.0,1.41,18.13
L,6.71,79.5,15.58,97.6,44.9,753.0,0,No Failure,109.7,36.6,0.0,5.33,15.21
L,1.8,58.6,24.47,82.2,45.2,532.0,0,No Failure,227.5,75.8,0.0,1.05,20.11
L,3.67,62.7,23.23,88.7,52.1,694.0,0,No Failure,191.7,63.9,0.0,2.3,20.61
L,2.29,65.0,18.56,83.8,45.9,482.0,0,No Failure,212.1,70.7,0.0,1.49,15.55
L,1.66,74.1,22.37,82.2,38.9,917.0,0,No Failure,167.8,55.9,0.0,1.23,18.39
M,1.53,57.7,20.83,82.7,50.6,47.0,0,No Failure,262.2,87.4,1.0,0.88,17.23
L,2.58,44.4,17.49,86.3,45.0,336.0,0,No Failure,243.9,81.3,0.0,1.15,15.09
M,3.03,102.62,18.52,82.4,42.7,655.0,0,No Failure,164.7,54.9,1.0,3.11,15.26
L,4.22,60.1,20.49,88.9,47.6,996.0,0,No Failure,173.9,58.0,0.0,2.54,18.22
H,0.54,42.8,18.47,72.1,49.6,719.0,0,No Failure,257.0,85.7,2.0,0.23,13.32
M,4.1,71.0,16.51,87.4,36.7,481.0,0,No Failure,159.8,53.3,1.0,2.91,14.43
M,3.98,73.7,15.63,84.5,57.2,552.0,0,No Failure,172.8,57.6,1.0,2.93,13.21
M,5.0,62.7,14.46,90.2,44.1,989.0,0,No Failure,152.5,50.8,1.0,3.14,13.04
L,1.39,67.8,19.55,81.8,35.3,1030.0,0,No Failure,171.8,57.3,0.0,0.94,15.99
L,2.76,77.5,17.78,81.5,30.9,987.0,1,Lubrication Breakdown,10.2,42.9,0.0,2.14,14.49
M,6.18,87.3,20.57,100.5,50.3,416.0,0,No Failure,123.5,41.2,1.0,5.4,20.67
H,2.54,63.8,18.9,89.7,41.8,830.0,0,No Failure,186.4,62.1,2.0,1.62,16.95
M,1.62,69.9,21.28,83.6,40.7,600.0,0,No Failure,195.8,65.3,1.0,1.13,17.79
M,1.13,58.9,20.24,107.1,42.0,700.0,0,No Failure,221.6,73.9,1.0,0.67,21.68
L,2.62,57.3,24.93,85.7,45.1,375.0,0,No Failure,227.0,75.7,0.0,1.5,21.37
M,0.38,50.2,23.13,76.9,49.4,376.0,0,No Failure,275.8,91.9,1.0,0.19,17.79
M,4.07,67.7,18.52,85.5,35.9,372.0,0,No Failure,170.8,56.9,1.0,2.76,15.83
M,2.79,79.1,16.98,83.3,40.0,1068.0,0,No Failure,137.4,45.8,1.0,2.21,14.14
M,3.14,72.2,29.88,89.3,41.2,904.0,0,No Failure,156.9,52.3,1.0,2.27,26.68
L,5.11,69.3,19.14,90.1,52.8,1176.0,0,No Failure,135.5,45.2,0.0,3.54,17.25
H,1.66,63.2,17.42,84.4,45.7,134.0,0,No Failure,241.0,80.3,2.0,1.05,14.7
M,2.62,78.4,14.74,81.1,49.5,191.0,0,No Failure,199.3,66.4,1.0,2.05,11.95
M,8.97,79.7,16.78,99.8,47.2,1144.0,1,Harmonic Resonance,3.5,21.4,1.0,7.15,16.75
M,1.99,56.4,16.32,81.2,50.6,269.0,0,No Failure,247.6,82.5,1.0,1.12,13.25
M,1.24,82.8,19.19,77.9,44.1,218.0,0,No Failure,200.2,66.7,1.0,1.03,14.95
M,1.73,56.0,14.58,78.9,51.2,1107.0,0,No Failure,209.9,70.0,1.0,0.97,11.5
L,2.72,63.4,22.79,84.2,39.7,660.0,0,No Failure,189.6,63.2,0.0,1.72,19.19
M,2.87,68.6,14.95,82.7,49.6,1166.0,0,No Failure,164.6,54.9,1.0,1.97,12.36
M,3.3,71.3,15.1,83.4,44.3,610.0,0,No Failure,176.9,59.0,1.0,2.35,12.59
M,4.63,71.0,20.05,91.9,43.6,667.0,0,No Failure,156.0,52.0,1.0,3.29,18.43
M,1.13,46.6,23.36,81.4,48.1,216.0,0,No Failure,274.4,91.5,1.0,0.53,19.02
L,7.57,88.9,16.54,99.7,48.4,418.0,1,Bearing Thermal Seizure,9.8,34.0,0.0,6.73,16.49
H,1.57,57.6,19.06,79.6,47.0,323.0,0,No Failure,246.2,82.1,2.0,0.9,15.17
L,4.19,74.3,18.04,86.0,43.4,626.0,0,No Failure,156.8,52.3,0.0,3.11,15.51
L,1.94,70.5,18.76,83.1,40.8,1075.0,0,No Failure,166.8,55.6,0.0,1.37,15.59
M,4.64,67.6,27.53,94.8,51.4,876.0,1,Motor Winding Overload,7.3,53.4,1.0,3.14,26.1
M,0.48,69.0,13.71,75.2,41.1,794.0,0,No Failure,203.6,67.9,1.0,0.33,10.31
H,4.27,66.6,11.45,79.3,37.7,999.0,0,No Failure,142.3,47.4,2.0,2.84,9.08
M,1.88,70.6,22.78,80.8,48.2,366.0,0,No Failure,215.8,71.9,1.0,1.33,18.41
L,3.41,63.3,17.48,83.8,48.9,334.0,0,No Failure,211.9,70.6,0.0,2.16,14.65
M,0.73,65.1,14.98,77.8,50.0,601.0,0,No Failure,230.2,76.7,1.0,0.48,11.65
M,7.79,76.2,21.55,98.1,51.1,455.0,1,Harmonic Resonance,2.8,40.9,1.0,5.94,21.14
M,2.21,78.2,21.16,77.9,40.3,878.0,0,No Failure,156.8,52.3,1.0,1.73,16.48
M,0.94,73.0,10.21,74.7,37.6,342.0,0,No Failure,205.8,68.6,1.0,0.69,7.63
L,2.9,77.5,19.98,79.6,37.0,131.0,0,No Failure,180.6,60.2,0.0,2.25,15.9
M,2.91,67.6,17.88,79.8,46.3,896.0,0,No Failure,178.7,59.6,1.0,1.97,14.27
L,2.57,65.1,20.12,84.1,41.1,255.0,0,No Failure,210.9,70.3,0.0,1.67,16.92
L,3.48,76.6,19.05,84.4,45.3,540.0,0,No Failure,169.3,56.4,0.0,2.67,16.08
M,1.02,68.5,21.09,81.2,49.2,766.0,0,No Failure,211.3,70.4,1.0,0.7,17.13
M,0.97,74.3,15.22,79.2,36.7,26.0,0,No Failure,217.0,72.3,1.0,0.72,12.05
M,5.65,80.8,21.01,100.1,39.0,951.0,0,No Failure,100.5,33.5,1.0,4.57,21.03
H,3.93,71.9,15.94,86.3,46.7,728.0,0,No Failure,165.9,55.3,2.0,2.83,13.76
L,5.26,74.6,22.93,91.4,57.5,818.0,0,No Failure,140.9,47.0,0.0,3.92,20.96
M,3.0,72.6,18.32,83.9,45.0,1049.0,0,No Failure,157.6,52.5,1.0,2.18,15.37
M,5.69,77.4,21.53,92.1,46.1,287.0,0,No Failure,152.7,50.9,1.0,4.4,19.83
L,2.5,68.5,21.73,87.0,54.4,79.0,0,No Failure,225.8,75.3,0.0,1.71,18.91
M,1.02,71.5,8.08,72.6,42.9,168.0,0,No Failure,226.0,75.3,1.0,0.73,5.87
L,2.71,65.4,15.79,83.7,48.9,2193.0,0,No Failure,218.6,72.9,0.0,1.77,13.22
L,2.76,83.2,17.3,79.4,42.9,63.0,0,No Failure,185.0,61.7,0.0,2.3,13.74
M,0.97,72.0,15.52,78.8,41.9,591.0,0,No Failure,194.3,64.8,1.0,0.7,12.23
L,5.55,67.8,22.13,94.5,20.0,831.0,0,No Failure,137.2,45.7,0.0,3.76,20.91
M,2.95,62.8,17.98,85.7,45.1,375.0,0,No Failure,211.7,70.6,1.0,1.85,15.41
H,2.85,64.7,21.78,82.2,43.1,935.0,0,No Failure,177.6,59.2,2.0,1.84,17.9
L,3.98,74.1,7.0,85.0,43.5,1128.0,0,No Failure,135.1,45.0,0.0,2.95,5.95
M,4.54,61.3,18.52,91.0,44.9,79.0,0,No Failure,208.3,69.4,1.0,2.78,16.85
M,3.72,66.9,13.13,84.7,49.2,539.0,0,No Failure,190.4,63.5,1.0,2.49,11.12
H,2.56,72.0,17.56,76.9,39.8,997.0,0,No Failure,157.8,52.6,2.0,1.84,13.5
H,2.07,93.0,21.55,82.4,40.6,712.0,0,No Failure,137.9,46.0,2.0,1.93,17.76
L,0.82,85.2,18.56,79.7,31.8,414.0,0,No Failure,169.0,56.3,0.0,0.7,14.79
H,2.9,47.2,17.35,86.8,35.7,688.0,0,No Failure,205.4,68.5,2.0,1.37,15.06
L,5.0,88.9,19.68,92.5,38.2,1048.0,0,No Failure,86.5,28.8,0.0,4.44,18.2
L,1.46,59.1,21.42,80.5,49.4,466.0,0,No Failure,239.3,79.8,0.0,0.86,17.24
L,3.88,80.8,13.85,84.9,53.4,1186.0,0,No Failure,128.2,42.7,0.0,3.14,11.76
M,2.36,70.1,12.83,78.9,45.6,579.0,0,No Failure,195.6,65.2,1.0,1.65,10.12
L,4.69,68.3,14.65,91.2,35.6,512.0,0,No Failure,153.9,51.3,0.0,3.2,13.36
L,3.32,63.7,20.63,83.5,44.4,57.0,0,No Failure,213.9,71.3,0.0,2.11,17.23
M,4.71,76.0,15.86,87.4,44.9,416.0,0,No Failure,159.8,53.3,1.0,3.58,13.86
H,2.19,81.4,15.11,82.7,49.6,782.0,0,No Failure,169.4,56.5,2.0,1.78,12.5
L,3.52,57.2,9.74,84.0,52.8,627.0,0,No Failure,208.0,69.4,0.0,2.01,8.18
H,1.11,72.1,15.08,74.6,42.2,243.0,0,No Failure,218.6,72.9,2.0,0.8,11.25
L,0.97,61.4,17.58,75.7,40.4,710.0,0,No Failure,215.3,71.8,0.0,0.6,13.31
M,2.72,79.2,16.95,83.8,49.6,1167.0,0,No Failure,147.6,49.2,1.0,2.15,14.2
L,3.52,88.1,12.5,84.1,56.4,117.0,0,No Failure,171.8,57.2,0.0,3.1,10.51
H,2.45,79.4,19.53,78.4,43.0,611.0,0,No Failure,169.5,56.5,2.0,1.95,15.31
L,3.09,73.4,19.93,82.9,48.2,608.0,0,No Failure,182.2,60.7,0.0,2.27,16.52
L,2.27,34.58,21.12,80.5,28.6,105.0,0,No Failure,183.6,61.2,0.0,0.78,17.0
M,3.15,79.9,12.61,87.3,41.8,664.0,0,No Failure,154.5,51.5,1.0,2.52,11.01
L,2.98,69.5,13.38,83.0,37.4,1176.0,0,No Failure,144.0,48.0,0.0,2.07,11.11
L,5.73,67.5,19.68,95.1,54.4,1074.0,0,No Failure,136.1,45.4,0.0,3.87,18.72
L,0.84,62.1,21.83,77.7,46.4,274.0,0,No Failure,248.2,82.7,0.0,0.52,16.96
H,1.02,61.2,10.86,76.4,56.9,707.0,0,No Failure,228.9,76.3,2.0,0.62,8.3
L,4.52,80.2,13.28,86.8,39.3,495.0,0,No Failure,139.9,46.6,0.0,3.63,11.53
L,9.25,77.5,22.11,104.3,33.1,681.0,1,Harmonic Resonance,4.9,20.9,0.0,7.17,23.06
M,1.57,65.3,11.05,72.3,47.0,369.0,0,No Failure,228.5,76.2,1.0,1.03,7.99
L,2.14,65.5,17.7,81.9,37.3,12.0,0,No Failure,221.1,73.7,0.0,1.4,14.5
L,1.84,60.9,18.14,81.6,45.0,915.0,0,No Failure,202.9,67.6,0.0,1.12,14.8
H,1.42,74.2,23.46,78.2,49.9,508.0,0,No Failure,207.6,69.2,2.0,1.05,18.35
M,0.49,71.5,16.42,75.8,48.1,1174.0,0,No Failure,191.9,64.0,1.0,0.35,12.45
L,1.64,55.6,23.12,80.9,42.3,693.0,0,No Failure,222.4,74.1,0.0,0.91,18.7
M,3.49,67.2,17.31,86.2,50.2,845.0,0,No Failure,177.5,59.2,1.0,2.35,14.92
M,1.99,51.4,18.56,83.2,37.3,272.0,0,No Failure,238.2,79.4,1.0,1.02,15.44
M,3.76,72.7,17.02,84.6,47.0,487.0,0,No Failure,179.1,59.7,1.0,2.73,14.4
H,2.4,69.3,15.07,79.3,38.9,1547.0,0,No Failure,210.3,70.1,2.0,1.66,11.95
L,-2.9,86.9,21.97,93.0,43.6,724.0,0,No Failure,110.7,36.9,0.0,-2.52,20.43
M,3.93,61.3,21.05,95.5,42.3,225.0,0,No Failure,204.3,68.1,1.0,2.41,20.1
M,2.43,61.3,15.31,82.3,37.1,812.0,0,No Failure,185.3,61.8,1.0,1.49,12.6
M,2.03,65.0,19.28,83.3,41.1,204.0,0,No Failure,220.7,73.6,1.0,1.32,16.06
L,4.91,56.6,19.43,88.0,49.3,405.0,0,No Failure,202.1,67.4,0.0,2.78,17.1
H,6.57,91.6,22.19,94.2,48.1,149.0,1,Bearing Thermal Seizure,7.3,41.0,2.0,6.02,20.9
L,1.24,55.7,16.59,76.4,42.5,156.0,0,No Failure,254.6,84.9,0.0,0.69,12.67
H,1.67,58.2,20.18,80.5,39.8,349.0,0,No Failure,229.5,76.5,2.0,0.97,16.24
H,2.12,72.3,18.34,79.3,37.7,888.0,0,No Failure,164.6,54.9,2.0,1.53,14.54
L,1.66,34.58,16.38,76.8,50.1,538.0,0,No Failure,251.1,83.7,0.0,0.57,12.58
M,9.566,81.7,18.46,107.1,47.2,930.0,1,Harmonic Resonance,5.7,10.5,1.0,7.82,19.77
H,4.68,64.3,17.24,87.0,35.0,408.0,0,No Failure,166.2,55.4,2.0,3.01,15.0
L,4.16,77.6,23.21,88.9,43.0,279.0,0,No Failure,167.3,55.8,0.0,3.23,20.63
M,1.9,57.4,19.22,80.2,34.0,757.0,0,No Failure,197.2,65.7,1.0,1.09,15.41
H,9.36,102.62,20.86,101.8,33.0,983.0,1,Bearing Thermal Seizure,10.7,0.0,2.0,9.61,21.24
M,2.3,65.6,22.3,84.8,37.4,521.0,0,No Failure,193.5,64.5,1.0,1.51,18.91
H,3.85,72.4,10.15,82.0,38.3,372.0,0,No Failure,168.6,56.2,2.0,2.79,8.32
M,3.64,60.8,16.4,88.2,43.8,1064.0,0,No Failure,169.9,56.6,1.0,2.21,14.46
H,2.23,54.3,26.77,84.0,33.5,224.0,0,No Failure,224.8,74.9,2.0,1.21,22.49
M,1.31,65.1,16.54,80.3,44.5,51.0,0,No Failure,243.8,81.3,1.0,0.85,13.28
M,3.71,68.4,17.3,86.5,68.6,63.0,0,No Failure,208.3,69.4,1.0,2.54,14.96
L,2.09,78.7,19.1,85.1,51.8,323.0,0,No Failure,199.0,66.3,0.0,1.64,16.25
M,2.95,68.1,24.87,84.3,50.1,221.0,0,No Failure,214.0,71.3,1.0,2.01,20.97
L,7.27,86.2,23.28,83.7,47.5,375.0,1,Bearing Thermal Seizure,3.8,37.5,0.0,6.27,19.49
M,1.71,54.7,19.79,77.8,42.6,547.0,0,No Failure,231.1,77.0,1.0,0.94,15.4
H,2.93,55.4,19.09,82.8,54.3,741.0,0,No Failure,213.7,71.2,2.0,1.62,15.81
L,3.68,54.6,16.84,90.4,46.2,61.0,0,No Failure,236.2,78.7,0.0,2.01,15.22
M,2.05,68.5,16.08,83.7,38.4,947.0,0,No Failure,171.5,57.2,1.0,1.4,13.46
H,1.67,61.5,19.86,78.4,48.4,692.0,0,No Failure,220.5,73.5,2.0,1.03,15.57
L,1.27,74.7,13.75,76.1,34.8,819.0,0,No Failure,169.2,56.4,0.0,0.95,10.46
L,5.44,66.0,17.83,90.7,42.2,353.0,0,No Failure,168.5,56.2,0.0,3.59,16.17
L,1.1,56.9,23.79,78.8,57.8,898.0,0,No Failure,226.9,75.6,0.0,0.63,18.75
H,3.74,64.0,15.07,81.8,51.1,1102.0,0,No Failure,167.8,55.9,2.0,2.39,12.33
H,2.57,54.6,27.06,86.4,41.2,264.0,0,No Failure,231.6,77.2,2.0,1.4,23.38
H,0.71,65.5,11.64,74.9,45.0,1150.0,0,No Failure,196.8,65.6,2.0,0.47,8.72
H,2.72,57.7,10.45,83.5,47.8,733.0,0,No Failure,211.9,70.6,2.0,1.57,8.73
M,7.3,63.1,18.52,97.3,36.7,159.0,0,No Failure,149.7,49.9,1.0,4.61,18.02
M,3.52,49.7,19.92,87.5,56.7,505.0,0,No Failure,228.6,76.2,1.0,1.75,17.43
L,3.43,58.2,19.8,87.0,51.1,860.0,0,No Failure,195.6,65.2,0.0,2.0,17.23
L,3.05,66.5,20.02,84.2,39.8,983.0,0,No Failure,163.1,54.4,0.0,2.03,16.86
M,2.22,64.1,25.75,86.1,51.0,348.0,0,No Failure,225.3,75.1,1.0,1.42,22.17
L,2.38,80.5,20.3,84.7,53.9,360.0,0,No Failure,189.8,63.3,0.0,1.92,17.19
M,2.31,67.7,19.25,79.6,43.0,551.0,0,No Failure,197.7,65.9,1.0,1.56,15.32
M,6.47,82.5,17.21,96.3,42.3,1102.0,1,Bearing Thermal Seizure,5.6,28.2,1.0,5.34,16.57
L,3.82,54.7,11.06,84.6,54.0,187.0,0,No Failure,231.1,77.0,0.0,2.09,9.36
H,1.66,65.4,18.33,78.3,53.6,176.0,0,No Failure,238.6,79.5,2.0,1.09,14.35
H,1.91,83.9,21.9,81.8,40.1,677.0,0,No Failure,159.1,53.0,2.0,1.6,17.91
M,0.83,57.8,14.69,75.9,52.5,928.0,0,No Failure,227.1,75.7,1.0,0.48,11.15
L,5.9,83.6,17.2,100.0,45.7,522.0,0,No Failure,125.1,41.7,0.0,4.93,17.2
L,5.8,90.0,4.37,89.4,37.9,849.0,0,No Failure,83.2,27.7,0.0,5.22,3.91
H,2.4,52.2,19.79,82.4,42.2,17.0,0,No Failure,252.8,84.3,2.0,1.25,16.31
M,9.566,34.58,16.16,100.3,42.5,820.0,1,Harmonic Resonance,3.1,34.5,1.0,3.31,16.21
H,4.31,75.0,25.68,90.6,68.0,157.0,0,No Failure,185.6,61.9,2.0,3.23,23.27
L,2.99,66.5,17.57,82.0,62.7,800.0,0,No Failure,187.8,62.6,0.0,1.99,14.41
H,6.09,87.6,20.93,96.6,43.7,133.0,0,No Failure,130.5,43.5,2.0,5.33,20.22
L,1.04,54.7,21.44,77.2,44.4,796.0,0,No Failure,233.2,77.7,0.0,0.57,16.55
M,1.04,55.6,18.16,81.0,50.0,777.0,0,No Failure,236.3,78.8,1.0,0.58,14.71
H,2.77,66.5,13.32,81.6,40.7,600.0,0,No Failure,187.5,62.5,2.0,1.84,10.87
L,6.32,61.1,15.93,93.9,49.8,255.0,0,No Failure,182.1,60.7,0.0,3.86,14.96
M,2.75,74.4,17.86,82.2,47.1,820.0,0,No Failure,172.5,57.5,1.0,2.05,14.68
M,7.7,75.9,18.4,98.8,43.6,825.0,1,Harmonic Resonance,11.3,32.7,1.0,5.84,18.18
L,3.08,70.5,18.85,83.7,36.6,194.0,0,No Failure,188.4,62.8,0.0,2.17,15.78
M,1.86,70.5,18.35,77.0,46.9,789.0,0,No Failure,193.2,64.4,1.0,1.31,14.13
L,2.35,66.2,12.74,77.6,41.6,333.0,0,No Failure,208.6,69.5,0.0,1.56,9.89
L,3.83,63.6,14.6,82.2,46.4,589.0,0,No Failure,190.2,63.4,0.0,2.44,12.0
M,1.69,62.1,22.68,83.2,43.5,766.0,0,No Failure,207.2,69.1,1.0,1.05,18.87
H,0.71,72.7,13.58,83.5,41.4,685.0,0,No Failure,199.2,66.4,2.0,0.52,11.34
M,6.56,77.7,18.19,93.6,44.4,917.0,0,No Failure,106.2,35.4,1.0,5.1,17.03
M,2.43,67.4,15.63,80.4,43.3,254.0,0,No Failure,212.1,70.7,1.0,1.64,12.57
H,3.81,69.45,29.07,91.4,42.6,159.0,1,Motor Winding Overload,7.2,64.6,2.0,2.65,26.57
M,3.01,63.4,18.08,82.5,57.4,140.0,0,No Failure,226.7,75.6,1.0,1.91,14.92
H,2.13,65.1,18.81,79.9,51.3,218.0,0,No Failure,230.9,77.0,2.0,1.39,15.03
L,3.45,77.6,16.0,86.7,45.3,960.0,0,No Failure,146.7,48.9,0.0,2.68,13.87
M,4.17,65.7,25.07,90.1,37.7,151.0,0,No Failure,187.8,62.6,1.0,2.74,22.59
L,1.8,55.3,24.17,80.0,41.5,604.0,0,No Failure,223.9,74.6,0.0,1.0,19.34
L,2.22,76.3,18.12,84.2,42.9,460.0,0,No Failure,186.1,62.0,0.0,1.69,15.26
L,3.86,71.3,19.17,88.2,35.1,576.0,0,No Failure,154.7,51.6,0.0,2.75,16.91
L,0.88,65.1,20.85,78.7,49.8,441.0,0,No Failure,236.2,78.7,0.0,0.57,16.41
M,2.83,64.9,16.53,79.9,51.1,312.0,0,No Failure,217.5,72.5,1.0,1.84,13.21
M,6.54,61.6,11.13,90.9,35.9,591.0,0,No Failure,113.9,38.0,1.0,4.03,10.12
L,1.77,67.5,16.26,79.6,40.8,1047.0,0,No Failure,176.5,58.8,0.0,1.19,12.94
M,2.51,68.4,21.74,83.3,43.7,1004.0,0,No Failure,172.3,57.4,1.0,1.72,18.11
H,1.64,63.8,17.52,74.8,49.1,24.0,0,No Failure,249.7,83.2,2.0,1.05,13.1
M,2.85,66.8,19.19,86.4,44.0,340.0,0,No Failure,204.8,68.3,1.0,1.9,16.58
M,1.79,52.7,3.712,79.8,40.1,742.0,0,No Failure,219.8,73.3,1.0,0.94,2.96
M,0.49,67.7,23.21,78.5,46.4,932.0,0,No Failure,208.7,69.6,1.0,0.33,18.22
M,2.77,63.2,22.64,82.9,48.6,1191.0,0,No Failure,177.7,59.2,1.0,1.75,18.77
M,7.97,84.4,22.6,103.9,45.6,223.0,1,Bearing Thermal Seizure,6.2,37.0,1.0,6.73,23.48
L,3.85,102.62,21.21,84.2,36.9,952.0,0,No Failure,128.3,42.8,0.0,3.95,17.86
H,3.38,61.9,23.35,87.5,45.6,317.0,0,No Failure,211.7,70.6,2.0,2.09,20.43
L,0.77,52.3,15.7,107.1,44.0,162.0,0,No Failure,270.0,90.0,0.0,0.4,16.81
H,2.23,68.5,18.27,87.9,48.6,766.0,0,No Failure,195.4,65.1,2.0,1.53,16.06
L,6.16,72.5,17.85,94.1,49.0,217.0,0,No Failure,163.3,54.4,0.0,4.47,16.8
L,3.87,76.6,19.63,85.0,42.9,274.0,0,No Failure,173.1,57.7,0.0,2.96,16.69
H,5.17,82.3,16.22,92.7,38.2,801.0,0,No Failure,109.9,36.6,2.0,4.25,15.04
H,3.34,64.4,21.14,85.6,36.7,133.0,0,No Failure,200.4,66.8,2.0,2.15,18.1
L,4.32,81.1,18.61,90.6,43.7,141.0,0,No Failure,166.3,55.4,0.0,3.5,16.86
M,6.87,68.6,13.4,95.5,42.7,623.0,0,No Failure,116.1,38.7,1.0,4.71,12.8
L,3.09,68.5,17.32,86.9,41.9,1016.0,0,No Failure,186.1,62.0,0.0,2.12,15.05
L,3.12,85.5,19.82,88.0,48.8,954.0,0,No Failure,140.4,46.8,0.0,2.67,17.44
H,5.36,62.6,16.8,91.1,51.8,354.0,0,No Failure,186.8,62.3,2.0,3.36,15.3
M,1.3,48.7,13.7,78.2,43.5,884.0,0,No Failure,230.6,76.9,1.0,0.63,10.71
L,3.38,81.8,14.86,79.9,42.8,693.0,0,No Failure,148.0,49.3,0.0,2.76,11.87
M,2.94,61.6,18.13,78.1,58.7,59.0,0,No Failure,235.3,78.4,1.0,1.81,14.16
M,0.85,71.8,12.43,75.4,30.5,491.0,0,No Failure,189.2,63.1,1.0,0.61,9.37
M,3.18,77.5,18.55,85.7,68.42,642.0,0,No Failure,148.7,49.6,1.0,2.46,15.9
M,1.52,86.0,23.5,78.2,27.6,566.0,0,No Failure,143.0,47.7,1.0,1.31,18.38
M,3.93,61.8,18.52,83.9,49.9,577.0,0,No Failure,196.0,65.3,1.0,2.43,15.54
H,2.75,60.7,24.53,86.3,47.3,671.0,0,No Failure,207.7,69.2,2.0,1.67,21.17
L,2.46,80.4,25.82,82.8,44.6,1081.0,0,No Failure,146.7,48.9,0.0,1.98,21.38
M,1.8,68.9,14.6,78.9,46.2,297.0,0,No Failure,220.5,73.5,1.0,1.24,11.52
M,3.18,34.58,15.29,80.3,47.9,696.0,0,No Failure,171.1,57.0,1.0,1.1,12.28
H,1.78,62.4,11.01,83.5,42.0,129.0,0,No Failure,234.6,78.2,2.0,1.11,9.19
H,3.68,65.1,19.05,86.1,51.7,835.0,0,No Failure,179.8,59.9,2.0,2.4,16.4
M,1.55,50.9,17.24,81.7,49.9,1016.0,0,No Failure,227.1,75.7,1.0,0.79,14.09
L,4.87,64.9,17.06,87.0,32.0,994.0,0,No Failure,127.8,42.6,0.0,3.16,14.84
L,4.0,84.1,18.71,87.3,29.5,263.0,0,No Failure,132.9,44.3,0.0,3.36,16.33
H,1.01,64.0,22.91,77.7,40.5,30.0,0,No Failure,243.7,81.2,2.0,0.65,17.8
L,1.94,83.6,19.78,85.2,48.0,733.0,0,No Failure,170.7,56.9,0.0,1.62,16.85
L,2.11,60.6,16.3,78.1,49.0,2193.0,0,No Failure,193.0,64.3,0.0,1.28,12.73
M,3.28,85.1,11.66,82.3,40.4,925.0,0,No Failure,126.8,42.3,1.0,2.79,9.6
L,3.96,70.8,12.18,84.0,48.4,308.0,0,No Failure,191.0,63.7,0.0,2.8,10.23
M,3.63,78.7,21.87,91.2,28.6,842.0,1,Lubrication Breakdown,6.9,39.3,1.0,2.86,19.95
L,0.85,77.0,17.44,77.5,43.4,416.0,0,No Failure,205.8,68.6,0.0,0.65,13.52
L,2.59,68.6,14.28,78.9,37.3,362.0,0,No Failure,191.4,63.8,0.0,1.78,11.27
L,6.1,64.6,17.56,93.7,42.6,2193.0,0,No Failure,130.1,43.4,0.0,3.94,16.45
M,0.83,69.4,9.1,78.1,34.7,16.0,0,No Failure,225.6,75.2,1.0,0.58,7.11
L,1.94,67.1,21.17,82.1,31.4,652.0,0,No Failure,177.9,59.3,0.0,1.3,17.38
L,1.17,69.2,15.1,76.0,42.3,349.0,0,No Failure,218.5,72.8,0.0,0.81,11.48
H,2.99,76.5,18.99,84.4,37.1,625.0,0,No Failure,156.9,52.3,2.0,2.29,16.03
L,0.37,65.5,14.79,72.6,37.9,735.0,0,No Failure,209.2,69.7,0.0,0.24,10.74
L,1.35,61.5,13.17,75.6,43.5,927.0,0,No Failure,204.8,68.3,0.0,0.83,9.96
H,2.26,76.8,22.28,86.5,39.6,1020.0,0,No Failure,150.6,50.2,2.0,1.74,19.27
L,1.65,71.7,16.33,80.1,45.6,581.0,0,No Failure,201.6,67.2,0.0,1.18,13.08
L,1.03,69.6,13.86,74.3,33.7,10.0,0,No Failure,221.0,73.7,0.0,0.72,10.3
L,2.43,57.3,22.59,83.1,44.8,948.0,0,No Failure,200.3,66.8,0.0,1.39,18.77
L,4.27,69.9,22.32,88.5,49.9,870.0,0,No Failure,160.7,53.6,0.0,2.98,19.75
L,1.0,66.0,22.75,78.4,48.8,406.0,0,No Failure,234.6,78.2,0.0,0.66,17.84
L,1.67,69.5,14.25,81.9,42.8,19.0,0,No Failure,228.8,76.3,0.0,1.16,11.67
M,3.64,77.3,16.53,84.7,47.3,1105.0,0,No Failure,141.1,47.0,1.0,2.81,14.0
H,3.6,72.7,13.75,83.5,43.1,143.0,0,No Failure,191.4,63.8,2.0,2.62,11.48
H,7.14,77.2,20.12,98.7,43.2,606.0,0,No Failure,134.1,44.7,2.0,5.51,19.86
L,2.84,74.9,14.59,81.6,38.9,409.0,0,No Failure,176.1,58.7,0.0,2.13,11.91
L,4.52,72.9,15.34,91.0,68.6,147.0,0,No Failure,177.4,59.1,0.0,3.3,13.96
L,5.0,56.3,26.82,93.5,36.3,460.0,1,Motor Winding Overload,5.6,59.2,0.0,2.82,25.08
M,6.01,72.9,18.76,96.6,47.2,781.0,0,No Failure,134.8,44.9,1.0,4.38,18.12
L,3.54,91.0,17.15,82.7,43.1,77.0,0,No Failure,158.9,53.0,0.0,3.22,14.18
M,4.98,71.9,23.63,94.2,45.2,1114.0,0,No Failure,130.1,43.4,1.0,3.58,22.26
M,5.43,62.9,20.23,93.4,42.5,879.0,0,No Failure,149.1,49.7,1.0,3.42,18.89
M,6.68,68.6,24.07,100.3,32.3,699.0,0,No Failure,99.1,33.0,1.0,4.58,24.14
L,2.79,76.5,18.55,84.6,35.2,585.0,0,No Failure,158.1,52.7,0.0,2.13,15.69
H,1.67,80.2,14.3,76.5,51.9,220.0,0,No Failure,206.7,68.9,2.0,1.34,10.94
M,1.89,71.8,17.45,77.1,46.9,390.0,0,No Failure,210.1,70.0,1.0,1.36,13.45
M,4.29,69.1,24.77,89.6,47.0,957.0,0,No Failure,155.8,51.9,1.0,2.96,22.19
M,2.28,55.8,11.98,82.2,47.7,185.0,0,No Failure,248.7,82.9,1.0,1.27,9.85
M,2.28,72.4,19.92,82.5,50.2,516.0,0,No Failure,199.5,66.5,1.0,1.65,16.43
L,2.93,71.5,16.99,84.5,36.7,136.0,0,No Failure,191.4,63.8,0.0,2.09,14.36
M,2.84,78.6,21.43,87.6,38.8,1024.0,0,No Failure,137.8,45.9,1.0,2.23,18.77
H,2.45,78.2,15.83,84.3,55.2,298.0,0,No Failure,196.5,65.5,2.0,1.92,13.34
M,4.41,54.2,21.46,88.3,49.5,1106.0,0,No Failure,178.4,59.5,1.0,2.39,18.95
L,1.38,59.3,18.7,80.3,32.1,469.0,0,No Failure,211.2,70.4,0.0,0.82,15.02
M,3.31,77.8,15.22,82.7,37.3,803.0,0,No Failure,141.5,47.2,1.0,2.58,12.59
L,1.81,61.7,20.87,83.6,55.7,14.0,0,No Failure,252.1,84.0,0.0,1.12,17.45
L,1.1,65.3,17.46,76.7,38.9,151.0,0,No Failure,231.0,77.0,0.0,0.72,13.39
L,0.87,52.4,19.71,74.7,65.3,406.0,0,No Failure,263.5,87.8,0.0,0.46,14.72
L,4.0,70.2,14.23,83.2,47.6,1000.0,0,No Failure,156.4,52.1,0.0,2.81,11.84
L,1.22,56.1,12.62,74.9,51.2,1069.0,0,No Failure,218.3,72.8,0.0,0.68,9.45
H,2.86,73.1,13.74,83.1,41.7,374.0,0,No Failure,186.2,62.1,2.0,2.09,11.42
M,0.94,58.3,20.21,80.6,43.0,88.0,0,No Failure,257.7,85.9,1.0,0.55,16.29
L,4.22,56.7,17.73,85.5,37.7,26.0,0,No Failure,211.4,70.5,0.0,2.39,15.16
L,3.64,82.1,19.62,84.0,33.2,325.0,0,No Failure,145.1,48.4,0.0,2.99,16.48
H,4.59,78.0,12.56,87.5,36.1,695.0,0,No Failure,127.6,42.5,2.0,3.58,10.99
L,2.4,79.5,16.93,82.4,31.3,558.0,0,No Failure,151.5,50.5,0.0,1.91,13.95
L,2.25,62.7,16.36,76.9,44.4,-1015.0,0,No Failure,226.0,75.3,0.0,1.41,12.58
L,4.4,69.2,23.19,89.6,51.7,67.0,0,No Failure,200.5,66.8,0.0,3.04,20.78
M,1.06,60.7,18.96,78.9,48.7,657.0,0,No Failure,231.8,77.3,1.0,0.64,14.96
L,7.77,79.3,21.14,100.2,51.9,372.0,1,Harmonic Resonance,3.9,40.3,0.0,6.16,21.18
M,4.28,56.8,19.55,88.4,47.0,205.0,0,No Failure,218.2,72.7,1.0,2.43,17.28
M,2.09,61.9,18.52,78.5,48.2,615.0,0,No Failure,218.0,72.7,1.0,1.29,14.54
M,5.05,61.1,9.57,87.3,46.6,1133.0,0,No Failure,152.3,50.8,1.0,3.09,8.35
L,2.83,63.4,24.96,90.1,43.4,196.0,0,No Failure,199.9,66.6,0.0,1.79,22.49
H,2.2,64.2,20.72,81.1,44.9,106.0,0,No Failure,231.8,77.3,2.0,1.41,16.8
L,1.86,60.8,23.38,80.5,35.8,856.0,0,No Failure,189.2,63.1,0.0,1.13,18.82
L,0.94,65.9,14.72,75.2,50.1,92.0,0,No Failure,251.3,83.8,0.0,0.62,11.07
H,6.83,75.0,18.87,93.9,40.4,972.0,0,No Failure,98.1,32.7,2.0,5.12,17.72
H,5.28,61.9,19.21,90.0,20.0,961.0,0,No Failure,139.2,46.4,2.0,3.27,17.29
L,3.3,80.6,16.61,85.9,43.8,661.0,0,No Failure,154.9,51.6,0.0,2.66,14.27
H,1.71,75.9,20.8,81.3,45.9,278.0,0,No Failure,208.1,69.4,2.0,1.3,16.91
L,4.49,75.5,15.1,91.5,45.7,298.0,0,No Failure,171.0,57.0,0.0,3.39,13.82
L,4.32,68.7,19.18,87.3,30.3,464.0,0,No Failure,150.8,50.3,0.0,2.97,16.74
L,2.54,54.2,14.58,78.4,44.1,129.0,0,No Failure,244.8,81.6,0.0,1.38,11.43
M,6.72,74.7,20.75,96.5,47.0,997.0,0,No Failure,110.8,36.9,1.0,5.02,20.02
L,6.38,74.8,24.17,98.5,53.0,975.0,0,No Failure,117.9,39.3,0.0,4.77,23.81
M,2.38,73.8,19.41,76.8,41.5,678.0,0,No Failure,175.6,58.5,1.0,1.76,14.91
L,6.59,75.1,24.64,96.7,35.5,643.0,0,No Failure,108.7,36.2,0.0,4.95,23.83
L,2.18,47.3,14.19,78.4,36.4,65.0,0,No Failure,247.3,82.4,0.0,1.03,11.12
L,3.22,78.1,18.98,88.2,41.3,304.0,0,No Failure,174.3,58.1,0.0,2.51,16.74
M,1.47,66.0,7.48,83.8,40.6,888.0,0,No Failure,191.0,63.7,1.0,0.97,6.27
H,1.02,78.9,18.77,80.8,30.6,1169.0,1,Lubrication Breakdown,1.7,46.3,2.0,0.8,15.17
M,1.9,67.1,18.4,81.3,38.5,755.0,0,No Failure,186.0,62.0,1.0,1.27,14.96
L,1.7,68.3,16.25,76.5,42.8,262.0,0,No Failure,218.6,72.9,0.0,1.16,12.43
M,1.88,77.2,19.68,81.8,39.6,877.0,0,No Failure,162.0,54.0,1.0,1.45,16.1
L,1.85,65.5,11.75,79.7,42.4,988.0,0,No Failure,185.2,61.7,0.0,1.21,9.36
L,6.99,71.1,26.53,97.0,40.2,81.0,1,Motor Winding Overload,2.0,49.3,0.0,4.97,25.73
M,2.25,68.7,16.57,81.5,33.4,324.0,0,No Failure,190.6,63.5,1.0,1.55,13.5
H,1.27,54.4,15.52,76.0,44.3,908.0,0,No Failure,222.5,74.2,2.0,0.69,11.8
L,3.79,50.4,24.88,88.8,48.1,206.0,0,No Failure,239.2,79.7,0.0,1.91,22.09
L,2.7,74.7,23.59,86.8,45.0,1181.0,0,No Failure,150.7,50.2,0.0,2.02,20.48
H,0.45,67.0,11.78,74.3,47.6,887.0,0,No Failure,215.0,71.7,2.0,0.3,8.75
M,2.05,64.7,17.91,81.2,34.3,122.0,0,No Failure,212.9,71.0,1.0,1.33,14.54
M,3.36,72.4,18.81,85.0,36.0,751.0,0,No Failure,152.0,50.6,1.0,2.43,15.99
L,2.27,59.5,17.43,82.9,34.4,165.0,0,No Failure,218.5,72.8,0.0,1.35,14.45
L,2.18,64.7,15.86,76.8,42.4,587.0,0,No Failure,202.6,67.5,0.0,1.41,12.18
L,2.5,85.7,11.8,77.3,40.7,294.0,0,No Failure,167.9,56.0,0.0,2.14,9.12
L,4.58,65.3,20.84,89.7,48.9,725.0,0,No Failure,173.0,57.7,0.0,2.99,18.69
L,3.86,71.6,18.56,90.2,59.8,541.0,1,Motor Winding Overload,3.6,59.7,0.0,2.76,16.74
L,3.0,63.4,20.34,85.8,38.4,530.0,0,No Failure,190.0,63.3,0.0,1.9,17.45
L,3.39,61.0,23.62,88.4,51.8,328.0,0,No Failure,217.1,72.4,0.0,2.07,20.88
H,0.93,60.9,17.45,79.1,51.3,250.0,0,No Failure,253.5,84.5,2.0,0.57,13.8
H,1.18,62.2,13.48,75.8,57.6,453.0,0,No Failure,237.5,79.2,2.0,0.73,10.22
L,2.4,66.5,21.82,86.4,46.3,472.0,0,No Failure,208.8,69.6,0.0,1.6,18.85
L,1.86,63.2,21.17,85.4,40.7,23.0,0,No Failure,234.9,78.3,0.0,1.18,18.08
M,6.63,71.5,17.77,99.4,58.3,350.0,0,No Failure,152.5,50.8,1.0,4.74,17.66
M,2.57,63.2,12.16,83.6,46.1,454.0,0,No Failure,213.7,71.2,1.0,1.62,10.17
L,3.89,63.6,20.74,92.5,46.1,433.0,0,No Failure,196.7,65.6,0.0,2.47,19.18
L,1.01,74.6,23.79,76.2,45.8,1004.0,0,No Failure,183.4,61.1,0.0,0.75,18.13
L,4.39,71.8,13.46,83.7,35.6,1190.0,0,No Failure,117.0,39.0,0.0,3.15,11.27
L,3.6,58.8,25.13,86.7,49.6,814.0,0,No Failure,194.4,64.8,0.0,2.12,21.79
L,5.05,68.8,19.84,93.7,50.0,166.0,0,No Failure,187.8,62.6,0.0,3.47,18.59
H,6.08,85.3,13.87,92.3,37.6,698.0,0,No Failure,96.0,32.0,2.0,5.19,12.8
H,4.73,58.6,20.61,89.8,49.7,331.0,0,No Failure,204.2,68.1,2.0,2.77,18.51
L,2.83,72.6,16.15,87.0,39.4,834.0,0,No Failure,140.3,46.8,0.0,2.05,14.05
M,2.74,61.3,3.712,83.3,53.0,627.0,0,No Failure,210.1,70.0,1.0,1.68,3.09
L,6.77,65.8,14.71,93.5,30.0,147.0,0,No Failure,139.8,46.6,0.0,4.45,13.75
H,4.41,73.6,10.55,83.4,41.0,1085.0,0,No Failure,128.1,42.7,2.0,3.25,8.8
H,1.75,72.0,18.37,82.9,26.9,495.0,0,No Failure,170.3,56.8,2.0,1.26,15.23
H,0.34,59.4,24.39,79.8,50.9,170.0,0,No Failure,268.2,89.4,2.0,0.2,19.46
M,3.58,55.6,11.42,82.1,38.3,86.0,0,No Failure,220.1,73.4,1.0,1.99,9.38
M,1.48,55.6,28.54,83.9,43.8,657.0,0,No Failure,229.0,76.3,1.0,0.82,23.95
L,3.68,59.1,19.57,86.2,52.3,881.0,0,No Failure,189.4,63.1,0.0,2.17,16.87
L,2.36,84.4,24.08,82.5,44.4,114.0,0,No Failure,181.9,60.6,0.0,1.99,19.87
H,3.89,78.6,18.78,90.4,33.1,206.0,0,No Failure,154.6,51.5,2.0,3.06,16.98
H,4.39,70.2,16.13,82.8,50.0,817.0,0,No Failure,161.1,53.7,2.0,3.08,13.36
M,1.01,68.4,21.44,81.7,42.0,664.0,0,No Failure,205.9,68.6,1.0,0.69,17.52
M,0.71,65.2,22.26,80.5,43.7,1086.0,0,No Failure,198.2,66.1,1.0,0.46,17.92
H,1.44,42.2,17.06,80.3,65.8,556.0,0,No Failure,253.3,84.4,2.0,0.61,13.7
L,3.81,76.1,18.93,83.1,47.7,881.0,0,No Failure,153.2,51.1,0.0,2.9,15.73
H,3.4,76.3,16.51,79.4,40.5,1152.0,0,No Failure,131.7,43.9,2.0,2.59,13.11
L,3.22,62.3,18.05,87.0,33.2,2193.0,0,No Failure,154.6,51.5,0.0,2.01,15.7
H,-3.556,64.8,20.07,84.3,40.3,643.0,0,No Failure,188.7,62.9,2.0,-2.3,16.92
L,3.75,64.8,14.26,85.1,47.7,543.0,0,No Failure,193.5,64.5,0.0,2.43,12.14
M,0.73,55.9,22.51,74.7,50.2,1040.0,0,No Failure,226.6,75.5,1.0,0.41,16.81
H,3.06,77.6,23.78,87.5,43.6,64.0,0,No Failure,193.5,64.5,2.0,2.37,20.81
L,0.96,73.1,21.1,77.1,38.3,53.0,0,No Failure,221.1,73.7,0.0,0.7,16.27
M,2.77,61.7,18.53,84.9,57.4,774.0,0,No Failure,201.5,67.2,1.0,1.71,15.73
H,1.41,77.2,19.82,82.4,49.4,165.0,0,No Failure,218.8,72.9,2.0,1.09,16.33
M,4.48,84.1,11.04,86.3,36.4,1101.0,0,No Failure,97.1,32.4,1.0,3.77,9.53
L,2.37,64.6,16.63,79.9,43.3,690.0,0,No Failure,196.7,65.6,0.0,1.53,13.29
L,5.78,83.8,14.98,93.1,47.7,18.0,0,No Failure,155.1,51.7,0.0,4.84,13.95
L,5.45,74.5,20.8,89.7,46.4,382.0,0,No Failure,157.5,52.5,0.0,4.06,18.66
L,5.96,68.4,13.71,93.8,39.5,187.0,0,No Failure,160.3,53.4,0.0,4.08,12.86
L,1.45,53.6,17.93,84.7,43.4,180.0,0,No Failure,256.5,85.5,0.0,0.78,15.19
M,2.4,69.6,16.4,75.4,42.3,243.0,0,No Failure,206.9,69.0,1.0,1.67,12.37
M,1.57,60.1,19.76,83.7,50.1,1014.0,0,No Failure,208.5,69.5,1.0,0.94,16.54
M,9.5,82.0,3.712,101.0,51.1,706.0,1,Harmonic Resonance,2.4,25.3,1.0,7.79,3.75
M,4.81,80.5,15.36,89.9,39.8,915.0,0,No Failure,115.4,38.5,1.0,3.87,13.81
L,3.41,60.0,30.6,90.5,49.7,22.0,1,Motor Winding Overload,10.9,78.0,0.0,2.05,27.69
L,4.95,53.2,18.19,89.7,51.4,792.0,0,No Failure,189.0,63.0,0.0,2.63,16.32
M,3.61,47.0,16.36,86.8,36.5,1140.0,0,No Failure,174.9,58.3,1.0,1.7,14.2
H,2.33,72.1,22.77,85.1,43.2,348.0,0,No Failure,199.2,66.4,2.0,1.68,19.38
M,1.31,59.6,12.51,72.4,44.55,180.0,0,No Failure,241.1,80.4,1.0,0.78,9.06
M,5.86,57.1,22.26,99.2,52.7,497.0,0,No Failure,184.0,61.3,1.0,3.35,22.08
M,3.23,59.1,17.83,83.6,43.3,783.0,0,No Failure,191.8,63.9,1.0,1.91,14.91
L,2.99,69.6,18.56,83.0,30.8,719.0,1,Lubrication Breakdown,10.8,51.5,0.0,2.08,15.4
L,3.02,76.4,22.73,87.7,37.6,491.0,0,No Failure,164.3,54.8,0.0,2.31,19.93
L,1.92,51.1,18.13,80.1,53.5,344.0,0,No Failure,255.4,85.1,0.0,0.98,14.52
L,3.73,61.1,13.15,85.6,42.0,449.0,0,No Failure,195.6,65.2,0.0,2.28,11.26
L,1.65,66.8,22.5,76.8,48.4,987.0,0,No Failure,195.4,65.1,0.0,1.1,17.28
L,7.31,90.0,20.72,99.4,47.4,1027.0,1,Bearing Thermal Seizure,11.6,23.9,0.0,6.58,20.6
L,3.42,70.6,21.44,88.3,40.6,450.0,0,No Failure,178.1,59.4,0.0,2.41,18.93
L,7.99,68.5,20.64,104.5,44.5,615.0,1,Bearing Thermal Seizure,2.7,28.7,0.0,5.47,21.57
L,2.15,73.8,18.09,76.0,43.6,555.0,0,No Failure,188.5,62.8,0.0,1.59,13.75
L,4.13,72.4,3.712,85.2,39.7,706.0,0,No Failure,150.8,50.3,0.0,2.99,3.16
H,0.66,49.3,23.06,79.8,55.1,255.0,0,No Failure,278.6,92.9,2.0,0.33,18.4
M,3.56,69.0,13.72,78.5,44.0,248.0,0,No Failure,195.7,65.2,1.0,2.46,10.77
L,2.55,66.3,22.22,83.8,50.7,111.0,0,No Failure,228.4,76.1,0.0,1.69,18.62
L,2.53,63.0,16.87,80.9,25.8,105.0,0,No Failure,195.6,65.2,0.0,1.59,13.65
L,6.5,76.8,19.95,93.5,29.0,1045.0,1,Lubrication Breakdown,3.0,24.9,0.0,4.99,18.65
L,4.53,76.0,19.42,87.3,49.4,636.0,0,No Failure,156.7,52.2,0.0,3.44,16.95
M,2.72,76.0,20.38,86.2,36.6,1093.0,0,No Failure,137.1,45.7,1.0,2.07,17.57
L,0.93,60.8,12.11,75.2,45.6,147.0,0,No Failure,254.5,84.8,0.0,0.57,9.11
L,2.06,61.0,11.16,77.8,48.9,642.0,0,No Failure,218.9,73.0,0.0,1.26,8.68
M,1.88,75.4,21.62,83.6,48.8,293.0,0,No Failure,209.9,70.0,1.0,1.42,18.07
L,2.35,68.5,20.66,85.7,46.4,986.0,0,No Failure,201.8,67.3,0.0,1.61,17.71
H,6.47,82.3,19.26,94.9,41.3,1024.0,1,Bearing Thermal Seizure,3.7,29.1,2.0,5.32,18.28
L,2.06,57.5,12.45,77.7,45.1,560.0,0,No Failure,224.7,74.9,0.0,1.18,9.67
L,2.21,82.7,20.58,79.7,40.3,586.0,0,No Failure,162.4,54.1,0.0,1.83,16.4
M,5.46,64.0,17.68,90.7,34.6,405.0,0,No Failure,156.0,52.0,1.0,3.49,16.04
L,2.74,65.4,20.85,89.9,44.8,805.0,0,No Failure,187.2,62.4,0.0,1.79,18.74
M,2.89,62.5,19.45,83.4,44.55,177.0,0,No Failure,228.2,76.1,1.0,1.81,16.22
L,1.23,56.5,18.82,107.1,38.5,1130.0,0,No Failure,197.3,65.8,0.0,0.69,20.16
M,1.95,61.7,15.17,81.2,41.1,1056.0,0,No Failure,185.8,61.9,1.0,1.2,12.32
L,1.26,59.7,13.36,75.0,36.9,558.0,0,No Failure,216.2,72.1,0.0,0.75,10.02
M,2.18,66.9,13.99,81.2,51.9,235.0,0,No Failure,225.8,75.3,1.0,1.46,11.36
M,2.64,34.58,12.76,77.9,58.3,304.0,0,No Failure,250.2,83.4,1.0,0.91,9.94
L,2.76,59.9,21.32,84.3,50.3,1012.0,0,No Failure,193.4,64.5,0.0,1.65,17.97
L,1.7,59.7,14.71,84.9,52.7,243.0,0,No Failure,246.1,82.0,0.0,1.01,12.49
L,1.22,59.4,18.76,78.2,51.2,30.0,0,No Failure,263.7,87.9,0.0,0.72,14.67
L,1.12,73.4,17.46,74.9,33.3,592.0,0,No Failure,182.4,60.8,0.0,0.82,13.08
H,2.56,63.2,19.06,81.1,43.7,641.0,0,No Failure,200.2,66.7,2.0,1.62,15.46
L,2.26,71.4,25.07,85.2,35.4,156.0,0,No Failure,197.1,65.7,0.0,1.61,21.36
M,2.17,61.5,20.11,79.6,38.2,-1015.0,0,No Failure,225.8,75.3,1.0,1.33,16.01
L,1.55,54.5,21.69,81.5,63.4,302.0,0,No Failure,255.6,85.2,0.0,0.84,17.68
L,6.83,90.0,12.37,95.2,46.1,989.0,1,Bearing Thermal Seizure,1.9,25.8,0.0,6.15,11.78
L,4.94,81.1,15.55,87.4,28.0,1101.0,1,Lubrication Breakdown,11.1,27.3,0.0,4.01,13.59
H,1.51,66.9,16.11,80.0,41.8,883.0,0,No Failure,191.1,63.7,2.0,1.01,12.89
M,1.15,52.9,13.06,74.9,44.5,1000.0,0,No Failure,222.8,74.3,1.0,0.61,9.78
L,1.79,69.0,18.73,84.3,52.8,790.0,0,No Failure,199.0,66.3,0.0,1.24,15.79
L,1.52,83.1,13.28,71.5,41.9,802.0,0,No Failure,162.8,54.3,0.0,1.26,9.5
H,0.91,69.6,12.51,72.4,33.5,885.0,0,No Failure,178.5,59.5,2.0,0.63,9.06
H,2.56,74.3,22.15,83.1,47.9,395.0,0,No Failure,197.9,66.0,2.0,1.9,18.41
L,3.93,102.62,15.87,89.9,53.8,512.0,0,No Failure,194.8,64.9,0.0,4.03,14.27
H,6.15,66.7,18.91,90.7,44.0,1180.0,0,No Failure,119.7,39.9,2.0,4.1,17.15
M,5.0,71.4,19.78,92.3,48.3,536.0,0,No Failure,164.8,54.9,1.0,3.57,18.26
L,2.17,34.58,21.02,78.4,33.6,692.0,0,No Failure,203.4,67.8,0.0,0.75,16.48
H,1.9,72.3,13.2,74.3,32.5,231.0,0,No Failure,191.0,63.7,2.0,1.37,9.81
M,3.61,63.8,14.02,84.4,50.4,911.0,0,No Failure,179.5,59.8,1.0,2.3,11.83
M,3.31,66.3,18.59,83.9,35.0,392.0,0,No Failure,181.0,60.3,1.0,2.19,15.6
L,2.59,57.0,19.43,84.1,44.9,630.0,0,No Failure,214.9,71.6,0.0,1.48,16.34
M,5.74,76.4,17.31,93.8,32.0,886.0,0,No Failure,98.8,32.9,1.0,4.39,16.24
L,1.52,69.2,13.14,76.9,38.7,95.0,0,No Failure,220.2,73.4,0.0,1.05,10.1
M,4.6,74.5,14.03,90.9,52.0,59.0,0,No Failure,187.7,62.6,1.0,3.43,12.75
M,1.1,66.9,17.09,77.4,39.5,660.0,0,No Failure,203.5,67.8,1.0,0.74,13.23
M,1.96,58.6,22.02,80.2,41.5,1008.0,0,No Failure,195.0,65.0,1.0,1.15,17.66
L,1.3,55.1,17.97,73.7,48.5,57.0,0,No Failure,269.9,90.0,0.0,0.72,13.24
M,4.68,71.1,20.37,88.2,44.9,624.0,0,No Failure,159.6,53.2,1.0,3.33,17.97
M,4.68,73.4,16.32,84.4,40.9,580.0,0,No Failure,150.0,50.0,1.0,3.44,13.77
M,3.12,54.9,19.1,83.3,47.4,47.0,0,No Failure,245.8,81.9,1.0,1.71,15.91
L,3.06,69.8,13.55,83.7,44.4,281.0,0,No Failure,199.7,66.6,0.0,2.14,11.34
L,0.83,55.5,14.67,75.0,45.7,1127.0,0,No Failure,217.6,72.5,0.0,0.46,11.0
H,1.63,58.7,33.088,83.5,41.4,227.0,0,No Failure,238.0,79.3,2.0,0.96,27.63
M,7.13,75.8,11.43,95.3,45.0,28.0,0,No Failure,148.0,49.3,1.0,5.4,10.89
M,1.65,68.7,15.3,74.1,49.4,514.0,0,No Failure,215.2,71.7,1.0,1.13,11.34
H,2.13,65.8,18.63,83.2,46.0,947.0,0,No Failure,189.5,63.2,2.0,1.4,15.5
M,0.67,60.1,21.15,79.2,47.0,794.0,0,No Failure,229.5,76.5,1.0,0.4,16.75
H,2.25,60.7,22.94,86.4,51.5,227.0,0,No Failure,237.7,79.2,2.0,1.37,19.82
L,2.83,71.8,16.93,86.3,37.5,615.0,0,No Failure,150.8,50.3,0.0,2.03,14.61
L,1.47,64.0,13.23,76.1,40.2,2193.0,0,No Failure,201.9,67.3,0.0,0.94,10.07
L,1.14,59.1,13.87,72.5,50.2,211.0,0,No Failure,256.3,85.4,0.0,0.67,10.06
H,2.91,67.4,16.45,81.8,37.5,502.0,0,No Failure,183.0,61.0,2.0,1.96,13.46
L,4.73,49.4,13.71,88.0,45.9,131.0,0,No Failure,227.6,75.9,0.0,2.34,12.06
L,4.39,57.8,20.82,95.6,48.2,675.0,0,No Failure,193.0,64.3,0.0,2.54,19.9
L,3.02,65.7,13.73,85.3,38.0,190.0,0,No Failure,201.5,67.2,0.0,1.98,11.71
M,1.33,60.0,19.75,79.0,41.3,1174.0,0,No Failure,191.8,63.9,1.0,0.8,15.6
L,3.96,102.62,15.82,83.6,40.0,30.0,0,No Failure,197.9,66.0,0.0,4.06,13.23
L,2.22,56.0,25.57,87.0,41.1,749.0,0,No Failure,209.0,69.7,0.0,1.24,22.25
L,3.34,69.6,12.22,107.1,33.0,1164.0,0,No Failure,131.8,43.9,0.0,2.32,13.09
M,1.3,59.2,19.42,80.1,43.2,1094.0,0,No Failure,201.2,67.1,1.0,0.77,15.56
L,0.52,59.0,20.75,75.9,38.4,456.0,0,No Failure,235.1,78.4,0.0,0.31,15.75
M,4.49,74.7,20.18,88.4,34.0,659.0,0,No Failure,133.5,44.5,1.0,3.35,17.84
H,0.67,59.8,21.63,79.1,56.9,478.0,0,No Failure,247.7,82.6,2.0,0.4,17.11
L,0.97,71.1,17.88,77.2,44.0,767.0,0,No Failure,199.5,66.5,0.0,0.69,13.8
M,1.45,66.5,20.44,79.7,40.1,301.0,0,No Failure,218.7,72.9,1.0,0.96,16.29
L,5.92,66.4,20.09,97.4,46.9,67.0,0,No Failure,184.2,61.4,0.0,3.93,19.57
L,3.54,57.4,15.57,88.3,55.0,749.0,0,No Failure,201.3,67.1,0.0,2.03,13.75
L,8.33,83.4,12.84,99.1,35.4,206.0,1,Bearing Thermal Seizure,3.7,30.3,0.0,6.95,12.72
L,8.02,67.3,20.72,105.3,44.5,695.0,1,Harmonic Resonance,6.6,39.7,0.0,5.4,21.82
M,4.08,74.2,12.75,83.6,45.6,1150.0,0,No Failure,136.2,45.4,1.0,3.03,10.66
L,4.82,87.5,21.11,90.7,42.0,350.0,0,No Failure,133.4,44.5,0.0,4.22,19.15
L,4.8,62.9,24.0,85.1,36.5,274.0,0,No Failure,176.8,58.9,0.0,3.02,20.42
M,2.23,68.6,17.35,80.4,51.2,958.0,0,No Failure,185.6,61.9,1.0,1.53,13.95
L,5.36,65.5,22.7,96.8,43.5,1110.0,0,No Failure,135.0,45.0,0.0,3.51,21.97
H,1.51,63.1,18.56,80.8,40.0,1057.0,0,No Failure,186.7,62.2,2.0,0.95,15.0
M,6.84,79.7,18.96,94.5,50.6,685.0,0,No Failure,116.6,38.9,1.0,5.45,17.92
L,0.7,52.2,11.92,74.1,56.3,50.0,0,No Failure,283.9,94.6,0.0,0.37,8.83
L,4.89,72.6,19.13,90.2,40.8,786.0,0,No Failure,138.4,46.1,0.0,3.55,17.26
M,5.67,79.4,17.0,93.8,46.1,798.0,0,No Failure,123.5,41.2,1.0,4.5,15.95
L,1.45,57.9,26.51,82.7,53.0,348.0,0,No Failure,247.8,82.6,0.0,0.84,21.92
H,2.41,74.7,11.99,76.9,36.3,803.0,0,No Failure,157.8,52.6,2.0,1.8,9.22
H,2.32,63.5,15.7,82.6,43.1,707.0,0,No Failure,198.4,66.1,2.0,1.47,12.97
L,0.58,53.5,24.02,78.3,34.3,1043.0,0,No Failure,208.6,69.5,0.0,0.31,18.81
L,2.83,73.9,17.68,84.4,51.2,324.0,0,No Failure,193.1,64.4,0.0,2.09,14.92
M,1.13,57.3,21.14,75.0,46.6,591.0,0,No Failure,247.0,82.3,1.0,0.65,15.86
L,0.93,79.3,20.43,74.5,42.7,-969.0,0,No Failure,169.5,56.5,0.0,0.74,15.22
L,4.93,68.5,21.31,91.9,47.9,409.0,0,No Failure,163.1,54.4,0.0,3.38,19.58
M,3.34,72.3,13.4,85.7,38.2,451.0,0,No Failure,171.4,57.1,1.0,2.41,11.48
L,1.78,49.6,19.35,82.2,50.3,62.0,0,No Failure,273.5,91.2,0.0,0.88,15.91
L,3.48,83.1,20.09,90.2,43.1,679.0,0,No Failure,145.4,48.5,0.0,2.89,18.12
L,8.45,78.1,16.1,100.9,20.0,334.0,1,Harmonic Resonance,11.5,32.1,0.0,6.6,16.24
M,2.65,69.7,25.38,84.2,46.3,883.0,0,No Failure,178.6,59.5,1.0,1.85,21.37
M,-3.556,71.7,20.68,88.7,39.8,572.0,0,No Failure,171.5,57.2,1.0,-2.55,18.34
H,0.52,67.2,11.82,73.2,54.8,633.0,0,No Failure,227.1,75.7,2.0,0.35,8.65
M,6.29,62.3,20.72,94.5,44.2,649.0,0,No Failure,153.6,51.2,1.0,3.92,19.58
H,4.36,67.4,16.26,88.9,50.4,628.0,0,No Failure,176.6,58.9,2.0,2.94,14.46
M,1.51,71.0,23.53,82.8,36.0,138.0,0,No Failure,209.7,69.9,1.0,1.07,19.48
L,0.64,67.9,16.94,74.7,39.3,192.0,0,No Failure,230.5,76.8,0.0,0.43,12.65
H,0.94,60.3,23.62,76.8,44.4,578.0,0,No Failure,231.7,77.2,2.0,0.57,18.14
M,2.02,67.4,24.83,82.7,40.9,281.0,0,No Failure,211.9,70.6,1.0,1.36,20.53
H,3.9,71.7,18.13,89.3,45.0,436.0,0,No Failure,178.2,59.4,2.0,2.8,16.19
H,8.34,88.3,3.712,99.8,40.5,520.0,1,Bearing Thermal Seizure,8.0,24.8,2.0,7.36,3.7
L,1.64,59.5,18.56,79.6,52.9,875.0,0,No Failure,215.7,71.9,0.0,0.98,14.77
M,4.97,64.0,19.31,90.8,45.0,11.0,0,No Failure,200.8,66.9,1.0,3.18,17.53
L,2.83,76.8,19.05,98.4,41.2,287.0,1,Harmonic Resonance,7.4,38.1,0.0,2.17,18.75
H,2.25,59.3,24.09,80.2,47.9,359.0,0,No Failure,233.7,77.9,2.0,1.33,19.32
L,2.42,62.9,25.6,80.5,50.3,1151.0,0,No Failure,184.9,61.6,0.0,1.52,20.61
H,2.18,61.7,17.92,75.1,52.3,727.0,0,No Failure,211.6,70.5,2.0,1.35,13.46
L,2.62,65.5,21.63,87.0,40.0,988.0,0,No Failure,170.8,56.9,0.0,1.72,18.82
M,8.72,73.8,19.44,97.2,37.5,778.0,1,Harmonic Resonance,6.7,26.7,1.0,6.44,18.9
M,4.39,64.2,13.95,83.6,45.6,19.0,0,No Failure,208.7,69.6,1.0,2.82,11.66
L,1.74,72.2,8.36,75.1,46.8,151.0,0,No Failure,223.1,74.4,0.0,1.26,6.28
H,2.48,48.4,22.53,85.5,50.3,691.0,0,No Failure,232.9,77.6,2.0,1.2,19.26
L,1.2,75.5,28.82,83.5,40.4,259.0,0,No Failure,206.6,68.9,0.0,0.91,24.06
M,4.56,102.62,19.15,86.0,37.8,55.0,0,No Failure,171.4,57.1,1.0,4.68,16.47
H,4.6,83.0,19.71,89.4,39.6,933.0,0,No Failure,111.9,37.3,2.0,3.82,17.62
L,4.48,67.6,16.84,86.0,52.2,389.0,0,No Failure,186.6,62.2,0.0,3.03,14.48
L,1.07,71.0,17.27,77.4,45.6,1140.0,0,No Failure,182.6,60.9,0.0,0.76,13.37
L,-3.556,60.7,19.02,78.4,42.8,1135.0,0,No Failure,195.0,65.0,0.0,-2.16,14.91
M,4.38,69.1,17.87,85.7,36.7,511.0,0,No Failure,158.4,52.8,1.0,3.03,15.31
H,5.97,71.5,16.05,88.4,46.9,1022.0,0,No Failure,125.6,41.9,2.0,4.27,14.19
L,3.06,34.58,22.73,86.9,35.4,382.0,0,No Failure,178.5,59.5,0.0,1.06,19.75
M,3.44,69.5,18.52,83.7,46.6,582.0,0,No Failure,184.2,61.4,1.0,2.39,15.5
L,4.95,79.5,26.57,92.1,43.4,680.0,1,Motor Winding Overload,3.7,44.6,0.0,3.94,24.47
M,3.69,72.4,24.5,90.5,43.0,55.0,0,No Failure,195.0,65.0,1.0,2.67,22.17
H,2.49,66.1,14.64,79.5,46.4,59.0,0,No Failure,229.3,76.4,2.0,1.65,11.64
L,2.07,66.0,20.1,79.1,44.5,58.0,0,No Failure,231.6,77.2,0.0,1.37,15.9
M,0.73,56.9,21.75,75.1,53.2,987.0,0,No Failure,227.3,75.8,1.0,0.42,16.33
M,1.24,60.6,17.72,77.1,44.3,368.0,0,No Failure,237.5,79.2,1.0,0.75,13.66
L,6.24,64.6,19.2,93.2,47.4,762.0,0,No Failure,149.7,49.9,0.0,4.03,17.89
M,1.09,59.5,19.93,77.3,49.9,501.0,0,No Failure,241.6,80.5,1.0,0.65,15.41
L,4.8,73.5,22.89,88.0,48.8,948.0,0,No Failure,142.6,47.5,0.0,3.53,20.14
M,1.88,68.2,21.97,81.9,46.2,949.0,0,No Failure,188.2,62.7,1.0,1.28,17.99
L,1.92,65.5,17.56,80.6,45.0,364.0,0,No Failure,220.2,73.4,0.0,1.26,14.15
L,2.52,78.5,14.91,83.5,37.4,1177.0,0,No Failure,132.0,44.0,0.0,1.98,12.45
M,3.11,65.0,16.91,87.1,55.5,653.0,0,No Failure,196.5,65.5,1.0,2.02,14.73
L,0.81,51.2,21.55,82.0,41.9,913.0,0,No Failure,230.3,76.8,0.0,0.41,17.67
M,1.4,60.1,15.53,78.0,45.6,557.0,0,No Failure,229.3,76.4,1.0,0.84,12.11
L,1.18,50.5,12.4,78.4,49.7,165.0,0,No Failure,275.3,91.8,0.0,0.6,9.72
M,3.96,65.7,22.11,90.1,55.5,135.0,0,No Failure,209.9,70.0,1.0,2.6,19.92
M,4.1,72.3,28.9,93.3,68.6,1122.0,1,Motor Winding Overload,2.6,48.5,1.0,2.96,26.96
H,2.54,41.4,28.36,85.2,49.7,1116.0,0,No Failure,210.9,70.3,2.0,1.05,24.16
H,3.02,73.6,13.15,83.6,47.2,79.0,0,No Failure,207.8,69.3,2.0,2.22,10.99
L,5.75,65.4,15.18,92.7,38.8,764.0,0,No Failure,139.0,46.3,0.0,3.76,14.07
M,3.17,84.4,26.64,89.3,52.5,421.0,1,Motor Winding Overload,10.4,56.2,1.0,2.68,23.79
L,5.18,80.4,21.41,88.6,41.4,80.0,0,No Failure,155.3,51.8,0.0,4.16,18.97
H,1.03,76.8,21.22,77.4,36.7,271.0,0,No Failure,199.0,66.3,2.0,0.79,16.42
M,4.82,54.9,13.53,86.1,53.9,991.0,0,No Failure,177.4,59.1,1.0,2.65,11.65
M,1.15,77.3,23.24,61.2,34.6,620.0,0,No Failure,175.2,58.4,1.0,0.89,14.22
M,3.62,59.8,14.59,83.3,47.4,77.0,0,No Failure,228.0,76.0,1.0,2.16,12.15
M,4.86,59.3,17.0,88.2,52.0,496.0,0,No Failure,192.8,64.3,1.0,2.88,14.99
H,0.86,55.8,15.56,74.3,37.9,196.0,0,No Failure,249.1,83.0,2.0,0.48,11.56
H,2.15,76.1,13.95,80.2,50.9,732.0,0,No Failure,183.0,61.0,2.0,1.64,11.19
M,3.05,69.0,30.23,89.0,51.1,880.0,1,Motor Winding Overload,11.1,59.3,1.0,2.1,26.9
H,1.74,68.7,14.72,79.4,36.3,693.0,0,No Failure,184.1,61.4,2.0,1.2,11.69
M,2.86,75.6,18.06,81.3,31.8,580.0,0,No Failure,153.1,51.0,1.0,2.16,14.68
M,8.22,67.6,23.19,107.1,51.3,679.0,1,Harmonic Resonance,2.9,41.0,1.0,5.56,24.84
L,3.54,68.8,15.78,83.7,49.9,1196.0,0,No Failure,156.1,52.0,0.0,2.44,13.21
M,2.6,77.8,17.81,82.2,31.9,503.0,0,No Failure,156.1,52.0,1.0,2.02,14.64
M,2.12,55.0,18.59,81.8,56.0,524.0,0,No Failure,236.0,78.7,1.0,1.17,15.21
M,2.52,50.4,6.66,80.0,56.0,196.0,0,No Failure,256.3,85.4,1.0,1.27,5.33
L,7.15,75.9,18.86,97.6,47.4,843.0,0,No Failure,111.1,37.0,0.0,5.43,18.41
L,2.68,61.5,20.61,82.9,30.1,721.0,1,Lubrication Breakdown,10.5,57.9,0.0,1.65,17.09
L,4.06,56.5,20.56,85.7,52.3,25.0,0,No Failure,232.5,77.5,0.0,2.29,17.62
M,3.15,67.5,15.25,83.2,37.0,1123.0,0,No Failure,147.7,49.2,1.0,2.13,12.69
M,3.24,70.0,15.93,83.8,36.7,1088.0,0,No Failure,142.7,47.6,1.0,2.27,13.35
M,2.59,77.6,21.25,79.2,37.1,131.0,0,No Failure,184.6,61.5,1.0,2.01,16.83
M,1.6,54.6,19.08,61.2,60.1,850.0,0,No Failure,227.3,75.8,1.0,0.87,11.68
L,1.49,72.2,18.08,82.7,42.5,694.0,0,No Failure,191.4,63.8,0.0,1.08,14.95
M,1.94,67.6,17.8,81.1,45.4,270.0,0,No Failure,221.2,73.7,1.0,1.31,14.44
M,2.18,70.9,15.56,83.6,41.4,325.0,0,No Failure,201.5,67.2,1.0,1.55,13.01
L,1.3,56.5,17.87,81.1,46.8,293.0,0,No Failure,253.1,84.4,0.0,0.73,14.49
L,3.85,73.2,11.57,84.9,40.3,525.0,0,No Failure,163.0,54.3,0.0,2.82,9.82
L,1.34,65.9,25.43,82.8,36.9,177.0,0,No Failure,221.8,73.9,0.0,0.88,21.06
L,0.54,50.0,15.79,71.9,45.8,692.0,0,No Failure,254.4,84.8,0.0,0.27,11.35
M,1.73,78.7,12.83,73.4,42.7,109.0,0,No Failure,204.9,68.3,1.0,1.36,9.42
H,6.06,68.9,19.08,96.7,39.8,443.0,0,No Failure,145.8,48.6,2.0,4.18,18.45
L,1.91,63.4,16.73,80.1,50.4,705.0,0,No Failure,212.9,71.0,0.0,1.21,13.4
L,4.27,62.0,15.37,92.0,40.5,125.0,0,No Failure,200.2,66.7,0.0,2.65,14.14
H,1.42,72.8,19.25,79.8,45.2,1128.0,0,No Failure,174.3,58.1,2.0,1.03,15.36
M,1.83,66.9,21.03,83.5,54.3,1181.0,0,No Failure,183.1,61.0,1.0,1.22,17.56
M,2.7,72.0,20.53,79.7,39.0,111.0,0,No Failure,198.8,66.3,1.0,1.94,16.36
M,3.6,74.1,15.02,89.2,44.55,161.0,0,No Failure,196.5,65.5,1.0,2.67,13.4
L,3.2,82.2,22.79,83.5,39.7,65.0,0,No Failure,175.4,58.5,0.0,2.63,19.03
L,8.31,85.8,22.59,104.7,39.7,1091.0,1,Bearing Thermal Seizure,4.3,16.6,0.0,7.13,23.65
L,2.21,74.9,20.46,80.3,40.0,1198.0,0,No Failure,146.9,49.0,0.0,1.66,16.43
H,1.41,81.8,4.35,67.5,51.4,1037.0,0,No Failure,166.0,55.3,2.0,1.15,2.94
L,4.03,80.2,13.09,86.9,34.7,489.0,0,No Failure,138.3,46.1,0.0,3.23,11.38
L,1.44,54.1,9.63,75.7,51.9,85.0,0,No Failure,268.6,89.6,0.0,0.78,7.29
L,1.19,53.4,15.96,78.0,48.8,391.0,0,No Failure,258.0,86.0,0.0,0.64,12.45
M,1.93,60.3,17.98,79.2,41.1,769.0,0,No Failure,203.2,67.7,1.0,1.16,14.24
L,2.83,65.2,19.36,85.3,43.8,363.0,0,No Failure,206.9,69.0,0.0,1.85,16.51
M,9.566,78.7,17.83,107.1,47.3,424.0,1,Harmonic Resonance,9.0,27.8,1.0,7.53,19.1
M,3.31,54.1,16.53,84.5,30.7,1179.0,1,Lubrication Breakdown,8.8,52.8,1.0,1.79,13.97
L,3.46,58.9,16.49,81.3,51.4,920.0,0,No Failure,190.8,63.6,0.0,2.04,13.41
M,2.84,63.2,16.83,82.2,44.55,858.0,0,No Failure,180.6,60.2,1.0,1.79,13.83
M,2.66,58.6,12.19,82.6,50.8,74.0,0,No Failure,244.2,81.4,1.0,1.56,10.07
M,6.9,77.7,16.13,96.4,48.1,1185.0,0,No Failure,94.8,31.6,1.0,5.36,15.55
M,2.91,63.5,16.71,81.7,47.9,919.0,0,No Failure,188.7,62.9,1.0,1.85,13.65
H,1.24,73.1,21.65,78.3,48.5,244.0,0,No Failure,225.3,75.1,2.0,0.91,16.95
L,1.94,80.1,19.68,83.1,43.4,1167.0,0,No Failure,147.7,49.2,0.0,1.55,16.35
M,5.35,70.2,24.36,93.1,37.9,533.0,0,No Failure,144.6,48.2,1.0,3.76,22.68
L,1.81,68.3,19.51,81.4,58.0,262.0,0,No Failure,226.5,75.5,0.0,1.24,15.88
L,7.18,83.8,17.08,95.8,33.0,510.0,1,Bearing Thermal Seizure,6.5,28.6,0.0,6.02,16.36
M,1.45,53.2,11.95,77.0,46.2,280.0,0,No Failure,257.3,85.8,1.0,0.77,9.2
M,4.78,75.7,23.25,89.0,37.7,744.0,0,No Failure,130.1,43.4,1.0,3.62,20.69
L,3.46,73.4,14.06,80.5,52.9,1129.0,0,No Failure,151.3,50.4,0.0,2.54,11.32
L,1.91,73.5,17.73,81.7,40.3,318.0,0,No Failure,198.2,66.1,0.0,1.4,14.49
M,3.03,64.2,19.47,84.1,50.5,1145.0,0,No Failure,174.6,58.2,1.0,1.95,16.37
M,1.25,79.0,20.61,77.6,37.0,547.0,0,No Failure,178.4,59.5,1.0,0.99,15.99
L,6.46,77.1,16.59,91.0,31.7,760.0,0,No Failure,93.7,31.2,0.0,4.98,15.1
M,4.7,60.1,19.4,88.3,48.3,246.0,0,No Failure,205.8,68.6,1.0,2.82,17.13
L,6.16,84.8,15.82,87.0,35.6,845.0,0,No Failure,85.0,28.3,0.0,5.22,13.76
H,1.85,55.2,20.27,83.1,47.3,851.0,0,No Failure,221.5,73.8,2.0,1.02,16.84
L,4.49,91.0,18.01,91.5,33.6,1122.0,0,No Failure,77.0,25.7,0.0,4.09,16.48
L,2.0,56.4,19.13,80.6,34.9,767.0,0,No Failure,199.0,66.3,0.0,1.13,15.42
L,6.64,82.8,25.75,94.2,39.4,528.0,1,Bearing Thermal Seizure,2.4,35.1,0.0,5.5,24.26
L,2.67,69.0,19.53,80.6,28.2,187.0,0,No Failure,182.0,60.7,0.0,1.84,15.74
H,4.6,63.4,14.04,94.3,43.9,964.0,0,No Failure,157.2,52.4,2.0,2.92,13.24
L,4.4,82.2,15.76,92.2,41.9,557.0,0,No Failure,139.0,46.3,0.0,3.62,14.53
L,2.32,65.9,18.56,85.2,41.1,677.0,0,No Failure,191.5,63.8,0.0,1.53,15.81
M,4.53,79.1,15.93,87.4,44.0,501.0,0,No Failure,150.1,50.0,1.0,3.58,13.92
L,1.21,61.3,17.88,80.8,47.5,269.0,0,No Failure,247.2,82.4,0.0,0.74,14.45
L,1.66,76.1,16.31,80.0,39.8,704.0,0,No Failure,176.1,58.7,0.0,1.26,13.05
H,1.36,61.8,19.22,75.7,32.8,368.0,0,No Failure,212.8,70.9,2.0,0.84,14.55
L,1.61,68.0,13.79,81.8,46.2,272.0,0,No Failure,226.0,75.3,0.0,1.09,11.28
M,9.566,67.7,27.26,81.1,48.3,888.0,0,No Failure,198.5,66.2,1.0,6.48,22.11
L,1.63,65.6,33.088,107.1,50.7,487.0,0,No Failure,223.1,74.4,0.0,1.07,35.44
L,3.06,78.2,18.56,84.8,47.3,112.0,0,No Failure,196.6,65.5,0.0,2.39,15.74
M,3.62,87.4,17.22,84.4,44.5,266.0,0,No Failure,158.1,52.7,1.0,3.16,14.53
M,0.93,68.6,22.35,78.5,20.0,326.0,0,No Failure,203.3,67.8,1.0,0.64,17.54
L,4.21,74.9,22.16,91.7,36.5,802.0,0,No Failure,134.1,44.7,0.0,3.15,20.32
L,9.566,67.6,9.09,76.6,43.4,687.0,0,No Failure,196.1,65.4,0.0,6.47,6.96
L,2.67,63.4,25.82,84.3,54.7,727.0,0,No Failure,201.8,67.3,0.0,1.69,21.77
H,1.8,69.2,20.43,78.0,41.0,314.0,0,No Failure,209.7,69.9,2.0,1.25,15.94
M,2.8,83.0,18.06,84.5,36.9,591.0,0,No Failure,122.4,40.8,1.0,2.32,15.26
M,1.76,53.9,21.95,78.9,41.0,322.0,0,No Failure,240.4,80.1,1.0,0.95,17.32
M,7.45,91.5,15.3,98.6,34.2,311.0,1,Bearing Thermal Seizure,11.5,26.3,1.0,6.82,15.09
L,2.38,58.4,18.56,82.4,49.5,1045.0,0,No Failure,199.7,66.6,0.0,1.39,15.29
M,9.566,55.9,20.68,90.3,47.1,652.0,0,No Failure,216.4,72.1,1.0,5.35,18.67
M,1.76,60.0,20.54,82.1,50.4,890.0,0,No Failure,212.4,70.8,1.0,1.06,16.86
M,1.27,55.4,10.35,73.6,40.1,26.0,0,No Failure,257.0,85.7,1.0,0.7,7.62
L,3.58,75.4,13.31,86.7,48.1,48.0,0,No Failure,199.8,66.6,0.0,2.7,11.54
M,5.58,66.4,24.01,94.4,44.8,28.0,0,No Failure,186.8,62.3,1.0,3.71,22.67
L,3.32,76.5,3.712,87.4,50.4,34.0,0,No Failure,201.7,67.2,0.0,2.54,3.24
L,2.76,67.8,22.99,85.5,46.2,1126.0,0,No Failure,168.6,56.2,0.0,1.87,19.66
L,4.83,64.8,16.47,91.8,41.1,114.0,0,No Failure,188.9,63.0,0.0,3.13,15.12
M,3.78,68.5,20.47,88.1,40.9,953.0,0,No Failure,153.0,51.0,1.0,2.59,18.03
M,0.53,52.7,16.82,76.0,57.3,246.0,0,No Failure,275.3,91.8,1.0,0.28,12.78
H,6.45,73.7,8.47,92.6,51.2,882.0,0,No Failure,123.8,41.3,2.0,4.75,7.84
M,1.81,77.6,18.99,81.8,46.1,1023.0,0,No Failure,166.5,55.5,1.0,1.4,15.53
L,1.89,62.8,20.11,83.0,36.5,1090.0,0,No Failure,174.4,58.1,0.0,1.19,16.69
L,4.71,75.0,15.49,89.6,39.2,14.0,0,No Failure,171.6,57.2,0.0,3.53,13.88
M,7.87,83.3,5.85,102.1,36.9,1163.0,1,Bearing Thermal Seizure,7.4,17.3,1.0,6.56,5.97
L,1.06,70.2,16.5,74.4,32.9,1007.0,0,No Failure,168.2,56.1,0.0,0.74,12.28
L,2.41,77.0,22.39,79.1,28.7,448.0,0,No Failure,157.2,52.4,0.0,1.86,17.71
H,2.48,54.6,15.75,82.3,53.8,883.0,0,No Failure,214.1,71.4,2.0,1.35,12.96
M,2.35,67.6,17.02,81.7,48.4,517.0,0,No Failure,208.1,69.4,1.0,1.59,13.91
L,2.41,68.2,18.59,85.1,39.4,956.0,0,No Failure,168.7,56.2,0.0,1.64,15.82
H,2.05,73.3,16.75,82.6,53.6,534.0,0,No Failure,199.8,66.6,2.0,1.5,13.84
L,3.36,73.6,18.56,81.1,48.0,940.0,0,No Failure,161.7,53.9,0.0,2.47,15.05
L,1.71,63.3,21.05,79.6,35.7,577.0,0,No Failure,215.8,71.9,0.0,1.08,16.76
M,6.99,70.1,25.43,98.5,47.5,1139.0,0,No Failure,110.2,36.7,1.0,4.9,25.05
H,3.69,76.3,21.29,87.2,31.4,371.0,0,No Failure,150.5,50.2,2.0,2.82,18.56
H,3.29,74.7,17.57,85.5,47.4,1066.0,0,No Failure,153.0,51.0,2.0,2.46,15.02
L,2.83,67.1,20.01,83.4,41.3,1000.0,0,No Failure,169.0,56.3,0.0,1.9,16.69
L,2.99,65.7,18.3,80.8,43.7,170.0,0,No Failure,213.1,71.0,0.0,1.96,14.79
M,5.68,75.7,17.13,93.4,54.3,527.0,0,No Failure,147.7,49.2,1.0,4.3,16.0
L,2.94,65.2,17.05,82.8,37.7,403.0,0,No Failure,192.3,64.1,0.0,1.92,14.12
L,4.0,76.5,14.79,86.9,34.8,169.0,0,No Failure,162.3,54.1,0.0,3.06,12.85
L,2.57,71.3,9.05,80.8,49.5,1112.0,0,No Failure,168.1,56.0,0.0,1.83,7.31
L,1.45,48.1,22.03,79.5,56.3,1053.0,0,No Failure,228.3,76.1,0.0,0.7,17.51
L,3.93,70.9,19.93,88.2,35.0,955.0,0,No Failure,135.5,45.2,0.0,2.79,17.58
L,2.26,80.1,17.74,82.8,37.8,525.0,0,No Failure,165.5,55.2,0.0,1.81,14.69
M,2.97,63.7,23.08,88.6,35.7,329.0,0,No Failure,195.0,65.0,1.0,1.89,20.45
M,3.93,83.6,14.83,89.3,41.0,896.0,0,No Failure,123.8,41.3,1.0,3.29,13.24
L,1.18,78.1,14.01,77.0,46.1,328.0,0,No Failure,208.5,69.5,0.0,0.92,10.79
L,4.39,69.1,24.78,89.8,49.6,788.0,0,No Failure,164.8,54.9,0.0,3.03,22.25
M,-3.556,74.6,10.54,80.8,49.1,1050.0,0,No Failure,162.9,54.3,1.0,-2.65,8.52
L,4.84,72.6,12.45,88.8,45.0,971.0,0,No Failure,137.3,45.8,0.0,3.51,11.06
L,2.4,66.6,14.41,77.8,50.8,915.0,0,No Failure,189.6,63.2,0.0,1.6,11.21
L,3.5,63.0,10.6,82.3,52.8,25.0,0,No Failure,226.8,75.6,0.0,2.2,8.72
H,2.86,67.3,12.54,81.3,49.8,163.0,0,No Failure,219.7,73.2,2.0,1.92,10.2
L,1.89,68.0,26.22,85.8,50.2,565.0,0,No Failure,210.9,70.3,0.0,1.29,22.5
M,2.07,74.0,17.84,80.8,51.9,1094.0,0,No Failure,170.1,56.7,1.0,1.53,14.41
L,4.64,61.7,17.87,83.8,39.4,1116.0,0,No Failure,144.4,48.1,0.0,2.86,14.98
L,2.57,70.7,9.07,77.6,53.4,1088.0,0,No Failure,170.5,56.8,0.0,1.82,7.04
L,2.47,102.62,24.66,85.0,39.8,1146.0,0,No Failure,172.3,57.4,0.0,2.53,20.96
H,1.33,56.5,19.13,83.0,44.8,1009.0,0,No Failure,213.3,71.1,2.0,0.75,15.88
M,4.86,82.6,14.53,92.1,40.7,225.0,0,No Failure,146.6,48.9,1.0,4.01,13.38
L,1.51,69.2,17.04,80.1,41.2,388.0,0,No Failure,210.1,70.0,0.0,1.04,13.65
L,3.26,75.1,18.24,78.9,51.5,174.0,0,No Failure,198.3,66.1,0.0,2.45,14.39
L,1.79,71.2,17.4,79.6,39.5,753.0,0,No Failure,181.2,60.4,0.0,1.27,13.85
L,4.06,83.2,20.62,85.6,41.8,412.0,0,No Failure,148.6,49.5,0.0,3.38,17.65
L,2.54,55.7,16.01,78.1,38.7,183.0,0,No Failure,229.4,76.5,0.0,1.41,12.5
L,2.26,76.8,18.97,80.7,48.7,926.0,0,No Failure,170.4,56.8,0.0,1.74,15.31
M,6.08,75.7,21.03,91.6,39.5,259.0,0,No Failure,140.6,46.8,1.0,4.6,19.26
H,4.84,65.0,22.3,88.2,36.7,972.0,0,No Failure,137.5,45.8,2.0,3.15,19.67
L,4.39,69.2,19.42,86.2,47.5,947.0,0,No Failure,155.7,51.9,0.0,3.04,16.74
H,3.29,80.1,17.54,85.3,48.3,913.0,0,No Failure,151.0,50.3,2.0,2.64,14.96
H,0.66,60.5,8.1,73.7,28.2,918.0,1,Lubrication Breakdown,1.2,62.9,2.0,0.4,5.97
L,2.66,52.9,15.82,82.5,38.8,584.0,0,No Failure,213.5,71.2,0.0,1.41,13.05
M,4.48,74.3,12.53,90.6,35.7,342.0,0,No Failure,153.4,51.1,1.0,3.33,11.35
L,0.64,73.4,17.03,77.4,48.5,1151.0,0,No Failure,187.2,62.4,0.0,0.47,13.18
L,1.18,56.2,18.84,77.1,39.8,50.0,0,No Failure,254.9,85.0,0.0,0.66,14.53
M,3.2,83.0,22.11,90.6,42.8,811.0,0,No Failure,142.1,47.4,1.0,2.66,20.03
H,4.1,71.2,16.9,87.9,44.1,886.0,0,No Failure,152.5,50.8,2.0,2.92,14.86
M,3.71,64.0,20.64,90.6,58.1,395.0,0,No Failure,203.6,67.9,1.0,2.37,18.7
H,4.16,70.1,17.09,87.8,45.6,1051.0,0,No Failure,148.3,49.4,2.0,2.92,15.01
H,1.37,57.4,25.74,79.9,43.4,606.0,0,No Failure,231.4,77.1,2.0,0.79,20.57
M,2.28,60.1,23.43,81.7,41.1,1150.0,0,No Failure,180.0,60.0,1.0,1.37,19.14
L,4.62,71.6,16.22,87.7,42.4,558.0,0,No Failure,158.2,52.7,0.0,3.31,14.22
L,5.39,61.2,10.94,92.3,46.6,787.0,0,No Failure,165.0,55.0,0.0,3.3,10.1
L,4.2,56.2,18.72,86.3,50.8,501.0,0,No Failure,207.4,69.1,0.0,2.36,16.16
H,1.05,71.5,10.84,76.1,37.0,232.0,0,No Failure,211.8,70.6,2.0,0.75,8.25
L,2.58,60.6,20.89,83.7,51.0,669.0,0,No Failure,211.5,70.5,0.0,1.56,17.48
H,4.72,95.6,22.4,86.7,35.3,330.0,0,No Failure,107.5,35.8,2.0,4.51,19.42
L,7.48,85.6,17.33,94.9,36.8,121.0,1,Bearing Thermal Seizure,10.3,34.8,0.0,6.4,16.45
M,3.74,73.2,17.81,83.2,46.3,794.0,0,No Failure,161.8,53.9,1.0,2.74,14.82
L,2.83,73.8,3.712,88.2,45.6,623.0,0,No Failure,167.7,55.9,0.0,2.09,3.27
L,4.3,66.6,17.32,84.7,41.7,1004.0,0,No Failure,148.8,49.6,0.0,2.86,14.67
H,3.99,77.4,16.47,87.1,46.8,617.0,0,No Failure,159.8,53.3,2.0,3.09,14.35
L,1.68,69.5,20.08,80.1,53.3,545.0,0,No Failure,211.7,70.6,0.0,1.17,16.08
L,1.08,57.1,24.66,81.6,53.0,728.0,0,No Failure,235.2,78.4,0.0,0.62,20.12
L,3.6,69.6,23.82,87.8,47.2,231.0,0,No Failure,200.6,66.9,0.0,2.51,20.91
M,2.32,71.1,27.19,81.3,46.1,915.0,0,No Failure,178.2,59.4,1.0,1.65,22.11
H,0.68,69.45,13.6,73.1,46.0,191.0,0,No Failure,259.7,86.6,2.0,0.47,9.94
L,-3.556,53.4,20.22,76.8,54.7,209.0,0,No Failure,271.6,90.5,0.0,-1.9,15.53
M,5.03,74.3,21.04,89.7,33.9,721.0,0,No Failure,124.0,41.3,1.0,3.74,18.87
M,1.51,75.6,18.67,75.0,20.0,175.0,0,No Failure,217.5,72.5,1.0,1.14,14.0
L,2.24,69.7,19.57,81.3,40.0,777.0,0,No Failure,178.0,59.3,0.0,1.56,15.91
L,3.01,70.3,20.73,80.0,49.5,150.0,0,No Failure,212.4,70.8,0.0,2.12,16.58
L,6.4,73.1,14.75,96.5,42.1,1046.0,0,No Failure,106.9,35.6,0.0,4.68,14.23
M,8.42,78.7,9.67,96.8,38.1,827.0,1,Harmonic Resonance,1.1,24.3,1.0,6.63,9.36
L,1.03,72.0,19.43,81.0,49.9,118.0,0,No Failure,236.6,78.9,0.0,0.74,15.74
M,3.56,55.7,14.19,83.3,30.7,1190.0,1,Lubrication Breakdown,4.7,50.4,1.0,1.98,11.82
L,5.45,66.3,11.24,89.4,54.0,1152.0,0,No Failure,138.3,46.1,0.0,3.61,10.05
M,4.32,59.4,33.088,89.2,46.6,300.0,0,No Failure,207.0,69.0,1.0,2.57,29.51
M,1.57,57.3,14.15,82.9,62.0,1130.0,0,No Failure,208.3,69.4,1.0,0.9,11.73
L,4.79,66.7,5.44,90.1,25.9,172.0,0,No Failure,155.4,51.8,0.0,3.19,4.9
L,5.6,88.1,16.08,86.6,32.8,65.0,0,No Failure,119.7,39.9,0.0,4.93,13.93
H,1.27,56.3,13.42,75.3,47.7,1024.0,0,No Failure,219.0,73.0,2.0,0.72,10.11
L,6.29,66.3,19.66,93.7,41.6,146.0,0,No Failure,166.0,55.3,0.0,4.17,18.42
L,5.3,79.6,19.01,95.4,43.2,442.0,0,No Failure,140.5,46.8,0.0,4.22,18.14
M,3.9,58.9,15.1,86.2,38.8,278.0,0,No Failure,200.6,66.9,1.0,2.3,13.02
L,3.79,77.4,16.13,87.4,47.0,497.0,0,No Failure,168.8,56.3,0.0,2.93,14.1
L,1.97,67.3,15.22,61.2,39.6,641.0,0,No Failure,192.4,64.1,0.0,1.33,9.31
L,2.92,71.2,19.67,87.5,39.9,55.0,0,No Failure,201.9,67.3,0.0,2.08,17.21
L,5.28,72.3,18.71,89.9,29.9,1197.0,1,Lubrication Breakdown,2.8,31.2,0.0,3.82,16.82
H,4.12,48.6,22.11,88.9,45.8,351.0,0,No Failure,224.4,74.8,2.0,2.0,19.66
L,3.36,75.0,13.44,77.3,29.8,1148.0,1,Lubrication Breakdown,2.9,38.6,0.0,2.52,10.39
L,0.47,34.58,14.64,74.2,44.4,767.0,0,No Failure,226.9,75.6,0.0,0.16,10.86
M,2.66,71.0,16.92,83.5,47.0,194.0,0,No Failure,211.6,70.5,1.0,1.89,14.13
L,2.71,51.9,23.27,85.4,49.7,491.0,0,No Failure,236.1,78.7,0.0,1.41,19.87
M,3.44,85.9,15.84,82.2,44.9,362.0,0,No Failure,159.4,53.1,1.0,2.95,13.02
M,6.68,81.7,24.28,102.3,32.3,656.0,0,No Failure,87.9,29.3,1.0,5.46,24.84
L,3.14,68.5,22.87,86.9,38.9,299.0,0,No Failure,190.5,63.5,0.0,2.15,19.87
L,2.94,62.2,20.56,86.8,47.9,589.0,0,No Failure,207.4,69.1,0.0,1.83,17.85
L,3.86,71.4,12.81,83.3,44.4,770.0,0,No Failure,155.4,51.8,0.0,2.76,10.67
H,2.26,60.6,20.9,87.4,41.5,905.0,0,No Failure,192.2,64.1,2.0,1.37,18.27
H,2.63,76.4,21.03,84.8,30.7,331.0,0,No Failure,165.0,55.0,2.0,2.01,17.83
M,1.44,74.0,12.6,78.3,49.7,175.0,0,No Failure,224.4,74.8,1.0,1.07,9.87
L,2.38,78.7,22.63,82.1,54.5,1033.0,0,No Failure,159.7,53.2,0.0,1.87,18.58
L,3.51,76.4,16.69,87.0,33.6,761.0,0,No Failure,137.2,45.7,0.0,2.68,14.52
L,1.13,59.5,15.12,79.7,45.1,476.0,0,No Failure,237.1,79.0,0.0,0.67,12.05
L,4.56,77.3,13.5,91.0,48.7,415.0,0,No Failure,164.8,54.9,0.0,3.52,12.28
M,4.36,73.4,17.76,90.4,43.0,204.0,0,No Failure,176.8,58.9,1.0,3.2,16.06
L,2.03,70.2,14.88,81.0,31.8,428.0,0,No Failure,182.4,60.8,0.0,1.43,12.05
L,3.15,79.6,22.73,85.6,33.2,868.0,0,No Failure,129.4,43.1,0.0,2.51,19.46
H,4.61,81.5,9.8,84.5,55.0,752.0,0,No Failure,138.9,46.3,2.0,3.76,8.28
M,4.95,71.0,33.088,88.8,37.3,706.0,0,No Failure,138.5,46.2,1.0,3.51,29.38
H,2.94,71.8,6.13,75.6,42.9,535.0,0,No Failure,181.9,60.6,2.0,2.11,4.63
L,3.84,64.7,11.97,85.5,49.2,544.0,0,No Failure,193.0,64.3,0.0,2.48,10.23
M,4.86,74.6,21.64,94.7,41.9,101.0,0,No Failure,171.0,57.0,1.0,3.63,20.49
L,3.93,66.1,16.69,87.4,51.8,808.0,0,No Failure,175.8,58.6,0.0,2.6,14.59
M,2.51,45.2,19.8,81.3,36.9,507.0,0,No Failure,221.7,73.9,1.0,1.13,16.1
M,1.67,71.1,22.29,81.6,40.4,588.0,0,No Failure,192.8,64.3,1.0,1.19,18.19
H,3.51,102.62,29.86,92.0,48.2,565.0,1,Motor Winding Overload,9.4,60.6,2.0,3.6,27.47
L,4.07,66.3,18.87,91.1,47.8,142.0,0,No Failure,206.5,68.8,0.0,2.7,17.19
M,1.93,62.4,20.82,81.3,39.1,647.0,0,No Failure,201.5,67.2,1.0,1.2,16.93
L,7.45,73.4,19.44,99.0,50.0,487.0,0,No Failure,131.1,43.7,0.0,5.47,19.25
M,1.54,65.5,17.15,80.9,61.2,495.0,0,No Failure,224.0,74.7,1.0,1.01,13.87
L,2.67,76.6,21.17,79.7,33.5,702.0,0,No Failure,150.6,50.2,0.0,2.05,16.87
M,3.1,81.9,15.64,80.5,44.0,862.0,0,No Failure,145.2,48.4,1.0,2.54,12.59
M,3.04,72.2,22.59,85.7,41.3,764.0,0,No Failure,165.4,55.1,1.0,2.19,19.36
L,3.02,72.4,18.84,83.2,44.4,994.0,0,No Failure,140.7,46.9,0.0,2.19,15.67
L,2.83,66.6,9.39,84.2,32.6,448.0,0,No Failure,164.3,54.8,0.0,1.88,7.91
M,0.92,68.6,14.39,73.1,46.7,1113.0,0,No Failure,187.7,62.6,1.0,0.63,10.52
M,4.25,71.1,28.55,85.3,42.1,475.0,0,No Failure,167.6,55.9,1.0,3.02,24.35
L,2.47,60.3,13.81,81.6,32.7,563.0,0,No Failure,191.3,63.8,0.0,1.49,11.27
L,1.89,64.6,8.55,77.2,44.4,486.0,0,No Failure,206.0,68.7,0.0,1.22,6.6
M,1.8,60.4,21.69,78.2,45.2,591.0,0,No Failure,204.9,68.3,1.0,1.09,16.96
H,3.07,66.3,26.78,84.8,44.6,497.0,0,No Failure,196.1,65.4,2.0,2.04,22.71
H,2.48,76.9,20.1,80.6,44.0,728.0,0,No Failure,170.0,56.7,2.0,1.91,16.2
L,4.05,79.5,16.3,88.2,55.2,20.0,0,No Failure,186.8,62.3,0.0,3.22,14.38
L,2.61,73.4,15.77,85.6,53.6,316.0,0,No Failure,203.1,67.7,0.0,1.92,13.5
L,2.41,70.5,12.93,82.4,46.8,848.0,0,No Failure,182.8,60.9,0.0,1.7,10.65
M,4.22,34.58,21.71,88.1,45.4,666.0,0,No Failure,171.4,57.1,1.0,1.46,19.13
M,4.61,85.4,21.04,88.1,53.2,909.0,0,No Failure,123.2,41.1,1.0,3.94,18.54
L,1.0,57.5,21.03,74.8,37.9,828.0,0,No Failure,212.3,70.8,0.0,0.57,15.73
H,3.03,70.4,18.07,80.7,57.6,805.0,0,No Failure,179.2,59.7,2.0,2.13,14.58
L,2.07,74.3,14.09,79.7,33.3,359.0,0,No Failure,179.8,59.9,0.0,1.54,11.23
L,0.38,60.4,19.64,76.0,40.4,701.0,0,No Failure,225.5,75.2,0.0,0.23,14.93
L,1.47,63.9,16.73,79.2,47.6,445.0,0,No Failure,229.9,76.6,0.0,0.94,13.25
L,2.6,69.2,23.45,82.1,51.5,939.0,0,No Failure,180.5,60.2,0.0,1.8,19.25
L,1.43,65.9,21.12,78.6,60.9,1179.0,0,No Failure,190.5,63.5,0.0,0.94,16.6
L,1.58,52.6,18.63,79.0,58.8,102.0,0,No Failure,269.0,89.7,0.0,0.83,14.72
M,3.48,92.0,16.46,85.3,43.4,927.0,0,No Failure,115.7,38.6,1.0,3.2,14.04
L,1.44,56.8,24.95,78.5,50.7,1007.0,0,No Failure,217.2,72.4,0.0,0.82,19.59
L,2.43,74.2,20.75,84.2,36.9,822.0,0,No Failure,158.6,52.9,0.0,1.8,17.47
M,5.91,74.3,14.78,94.6,45.6,1195.0,0,No Failure,109.8,36.6,1.0,4.39,13.98
L,3.88,73.0,18.93,85.0,49.8,445.0,0,No Failure,180.8,60.3,0.0,2.83,16.09
M,2.97,72.7,18.91,80.6,50.6,158.0,0,No Failure,207.7,69.2,1.0,2.16,15.24
M,3.25,61.2,15.38,84.2,51.0,322.0,0,No Failure,218.8,72.9,1.0,1.99,12.95
L,1.88,68.5,15.81,79.5,46.9,469.0,0,No Failure,249.9,83.3,0.0,1.29,12.57
M,1.99,69.8,12.12,80.0,44.0,710.0,0,No Failure,191.6,63.9,1.0,1.39,9.7
M,2.61,73.6,29.44,85.4,51.2,706.0,0,No Failure,183.2,61.1,1.0,1.92,25.14
H,2.96,71.2,19.5,87.2,55.6,1137.0,0,No Failure,161.9,54.0,2.0,2.11,17.0
L,6.33,76.4,21.62,97.5,35.8,207.0,0,No Failure,131.8,43.9,0.0,4.84,21.08
L,3.55,64.8,3.712,83.6,48.7,1050.0,0,No Failure,171.3,57.1,0.0,2.3,3.1
L,4.64,74.3,19.98,91.7,44.1,623.0,0,No Failure,152.3,50.8,0.0,3.45,18.32
H,1.79,69.5,11.8,76.2,44.9,1113.0,0,No Failure,176.3,58.8,2.0,1.24,8.99
M,2.46,60.4,16.2,83.0,55.6,249.0,0,No Failure,234.5,78.2,1.0,1.49,13.45
L,1.01,77.3,17.67,75.1,29.1,585.0,0,No Failure,168.9,56.3,0.0,0.78,13.27
M,3.72,72.6,14.51,88.0,51.1,110.0,0,No Failure,200.5,66.8,1.0,2.7,12.77
L,5.81,73.9,13.32,93.9,54.2,852.0,0,No Failure,133.3,44.4,0.0,4.29,12.51
M,3.2,61.2,16.46,84.4,29.2,379.0,0,No Failure,182.8,60.9,1.0,1.96,13.89
L,1.12,65.8,12.77,76.0,42.9,66.0,0,No Failure,241.2,80.4,0.0,0.74,9.71
L,2.1,68.5,20.13,79.3,43.5,701.0,0,No Failure,212.9,71.0,0.0,1.44,15.96
M,9.566,52.0,21.85,80.8,49.4,403.0,0,No Failure,254.6,84.9,1.0,4.97,17.65
H,2.44,48.3,20.07,82.1,44.1,299.0,0,No Failure,246.0,82.0,2.0,1.18,16.48
M,3.49,69.2,14.31,84.8,38.1,1079.0,0,No Failure,144.0,48.0,1.0,2.42,12.13
L,0.39,52.6,18.56,69.9,29.5,624.0,0,No Failure,225.2,75.1,0.0,0.21,12.97
L,0.99,66.9,8.81,70.8,48.7,926.0,0,No Failure,206.9,69.0,0.0,0.66,6.24
M,9.566,86.6,20.31,107.1,42.4,818.0,1,Bearing Thermal Seizure,6.4,15.8,1.0,8.28,21.75
M,2.84,77.1,16.72,79.7,57.8,144.0,0,No Failure,201.3,67.1,1.0,2.19,13.33
L,3.07,63.6,19.91,86.2,31.2,850.0,0,No Failure,159.8,53.3,0.0,1.95,17.16
L,3.28,75.9,15.83,80.2,37.9,718.0,0,No Failure,151.1,50.4,0.0,2.49,12.7
H,1.56,67.3,18.38,83.7,47.8,973.0,0,No Failure,195.9,65.3,2.0,1.05,15.38
H,2.04,68.9,18.24,81.5,45.8,970.0,0,No Failure,183.0,61.0,2.0,1.41,14.87
L,3.41,64.7,20.46,88.4,45.4,699.0,0,No Failure,186.2,62.1,0.0,2.21,18.09
L,2.57,70.7,22.79,79.5,45.8,140.0,0,No Failure,213.9,71.3,0.0,1.82,18.12
H,0.42,69.45,24.09,75.4,41.9,1027.0,0,No Failure,212.4,70.8,2.0,0.29,18.16
M,1.68,64.8,18.76,76.4,53.3,174.0,0,No Failure,239.6,79.9,1.0,1.09,14.33
M,6.65,85.1,15.51,98.7,43.2,572.0,1,Bearing Thermal Seizure,9.1,35.1,1.0,5.66,15.31
L,2.25,65.8,20.23,84.4,48.0,48.0,0,No Failure,236.5,78.8,0.0,1.48,17.07
L,0.65,76.5,13.79,73.9,40.7,774.0,0,No Failure,186.6,62.2,0.0,0.5,10.19
L,1.25,53.6,17.78,81.0,52.8,947.0,0,No Failure,229.0,76.3,0.0,0.67,14.4
L,2.44,50.3,21.24,87.3,39.3,-446.0,0,No Failure,200.1,66.7,0.0,1.23,18.54
H,1.53,58.6,21.87,107.1,50.0,153.0,0,No Failure,255.1,85.0,2.0,0.9,23.42
H,1.9,70.6,20.01,81.1,38.3,486.0,0,No Failure,192.1,64.0,2.0,1.34,16.23
M,8.81,73.6,19.29,101.7,61.3,1122.0,1,Harmonic Resonance,10.1,12.6,1.0,6.48,19.62
H,1.94,62.0,20.72,81.1,35.3,97.0,0,No Failure,222.8,74.3,2.0,1.2,16.8
L,1.0,54.9,17.08,80.0,60.2,315.0,0,No Failure,261.3,87.1,0.0,0.55,13.66
L,2.52,60.1,21.7,85.5,50.6,1084.0,0,No Failure,192.5,64.2,0.0,1.51,18.55
L,0.74,70.6,13.24,70.7,44.4,1093.0,0,No Failure,194.4,64.8,0.0,0.52,9.36
L,3.22,69.9,20.66,86.5,37.7,247.0,0,No Failure,187.0,62.3,0.0,2.25,17.87
L,2.68,59.1,20.09,87.6,48.4,25.0,0,No Failure,245.4,81.8,0.0,1.58,17.6
L,0.7,73.1,22.56,78.7,37.1,657.0,0,No Failure,192.1,64.0,0.0,0.51,17.75
M,2.75,59.6,18.3,86.6,37.8,1073.0,0,No Failure,172.7,57.6,1.0,1.64,15.85
H,4.39,71.5,20.86,87.3,32.1,1035.0,0,No Failure,119.0,39.7,2.0,3.14,18.21
M,5.01,61.8,20.56,94.0,51.9,163.0,0,No Failure,202.5,67.5,1.0,3.1,19.33
M,3.17,61.2,18.0,82.1,39.5,44.0,0,No Failure,218.5,72.8,1.0,1.94,14.78
L,4.14,67.0,20.73,90.1,49.6,144.0,0,No Failure,204.5,68.2,0.0,2.77,18.68
L,5.1,68.1,12.74,87.4,42.1,1192.0,0,No Failure,126.6,42.2,0.0,3.47,11.13
M,0.33,62.9,13.28,75.1,40.9,765.0,0,No Failure,218.8,72.9,1.0,0.21,9.97
M,9.566,89.8,14.54,104.7,45.7,591.0,1,Bearing Thermal Seizure,11.2,11.3,1.0,8.59,15.22
L,9.25,69.1,15.81,72.1,44.1,401.0,0,No Failure,224.2,74.7,0.0,6.39,11.4
H,2.82,69.45,15.63,84.4,37.4,17.0,0,No Failure,225.1,75.0,2.0,1.96,13.19
L,6.17,70.0,22.94,97.3,42.5,885.0,0,No Failure,124.9,41.6,0.0,4.32,22.32
H,1.16,61.2,19.18,75.3,36.8,112.0,0,No Failure,236.6,78.9,2.0,0.71,14.44
L,2.36,70.9,13.55,75.4,41.7,446.0,0,No Failure,193.6,64.5,0.0,1.67,10.22
L,7.79,84.2,22.29,99.2,41.8,347.0,1,Bearing Thermal Seizure,7.2,33.6,0.0,6.56,22.11
L,2.93,68.5,17.74,80.6,54.0,921.0,0,No Failure,178.5,59.5,0.0,2.01,14.3
H,1.11,67.2,27.66,82.8,50.9,752.0,0,No Failure,213.4,71.1,2.0,0.75,22.9
H,4.73,78.0,11.77,87.6,44.2,922.0,0,No Failure,129.0,43.0,2.0,3.69,10.31
M,3.7,68.6,20.02,83.0,38.3,651.0,0,No Failure,166.2,55.4,1.0,2.54,16.62
L,3.56,75.2,25.65,90.4,42.6,714.0,0,No Failure,157.5,52.5,0.0,2.68,23.19
L,2.86,58.9,21.72,83.6,61.5,90.0,0,No Failure,240.2,80.1,0.0,1.68,18.16
M,0.71,79.6,20.45,74.6,49.0,498.0,0,No Failure,206.6,68.9,1.0,0.57,15.26
L,1.75,62.9,19.4,77.5,44.4,150.0,0,No Failure,237.3,79.1,0.0,1.1,15.04
H,2.42,68.4,19.29,85.0,48.0,353.0,0,No Failure,213.8,71.3,2.0,1.66,16.4
M,9.566,73.7,17.11,100.5,28.1,271.0,1,Harmonic Resonance,9.4,25.0,1.0,7.05,17.2
M,0.98,80.0,18.68,80.5,48.4,216.0,0,No Failure,216.3,72.1,1.0,0.78,15.04
L,3.16,70.1,19.99,86.7,51.8,444.0,0,No Failure,196.1,65.4,0.0,2.22,17.33
H,3.5,64.1,22.48,86.6,44.0,1058.0,0,No Failure,172.4,57.5,2.0,2.24,19.47
M,2.82,73.7,18.32,83.8,51.8,184.0,0,No Failure,206.4,68.8,1.0,2.08,15.35
M,1.98,60.0,14.99,72.6,20.0,777.0,0,No Failure,211.6,70.5,1.0,1.19,10.88
L,7.54,67.4,13.65,99.9,44.1,63.0,1,Harmonic Resonance,11.2,52.0,0.0,5.08,13.64
L,3.28,71.5,19.13,82.2,42.8,974.0,0,No Failure,155.9,52.0,0.0,2.35,15.72
L,1.09,65.8,13.33,73.5,41.0,754.0,0,No Failure,203.8,67.9,0.0,0.72,9.8
H,2.53,71.1,17.7,85.7,44.4,595.0,0,No Failure,188.4,62.8,2.0,1.8,15.17
M,1.63,67.4,20.92,83.0,38.9,608.0,0,No Failure,197.0,65.7,1.0,1.1,17.36
H,2.56,68.8,11.72,78.4,38.4,606.0,0,No Failure,174.8,58.3,2.0,1.76,9.19
L,6.4,79.0,19.95,94.8,68.6,934.0,0,No Failure,104.1,34.7,0.0,5.06,18.91
L,0.55,56.9,20.15,77.8,44.4,860.0,0,No Failure,215.1,71.7,0.0,0.31,15.68
M,5.95,82.6,19.15,95.5,20.0,207.0,0,No Failure,146.4,48.8,1.0,4.91,18.29
L,3.14,81.1,18.04,85.8,40.4,706.0,0,No Failure,147.6,49.2,0.0,2.55,15.48
M,3.31,72.7,22.48,87.0,51.5,790.0,0,No Failure,171.7,57.2,1.0,2.41,19.56
L,1.44,68.5,21.74,80.6,50.4,304.0,0,No Failure,261.9,87.3,0.0,0.99,17.52
M,1.79,60.0,22.11,81.5,48.6,282.0,0,No Failure,242.4,80.8,1.0,1.07,18.02
L,1.37,68.3,21.83,82.8,49.5,218.0,0,No Failure,234.5,78.2,0.0,0.94,18.08
L,4.14,75.5,16.29,86.7,36.7,274.0,0,No Failure,160.6,53.5,0.0,3.13,14.12
M,0.99,80.9,18.52,77.9,45.1,370.0,0,No Failure,201.5,67.2,1.0,0.8,14.43
M,2.89,74.0,17.51,87.5,41.4,705.0,0,No Failure,166.9,55.6,1.0,2.14,15.32
M,6.51,92.3,11.26,91.9,38.0,953.0,1,Bearing Thermal Seizure,3.1,21.4,1.0,6.01,10.35
L,2.6,70.7,11.35,86.1,51.1,170.0,0,No Failure,216.0,72.0,0.0,1.84,9.77
L,1.19,59.5,16.66,77.6,48.2,552.0,0,No Failure,237.8,79.3,0.0,0.71,12.93
M,5.02,81.8,10.33,90.4,55.6,356.0,0,No Failure,152.7,50.9,1.0,4.11,9.34
L,5.38,77.6,19.61,94.8,37.9,248.0,0,No Failure,143.6,47.9,0.0,4.17,18.59
L,2.36,50.2,18.89,82.7,45.5,780.0,0,No Failure,225.1,75.0,0.0,1.18,15.62
L,3.67,66.4,18.15,80.8,33.0,1116.0,0,No Failure,136.2,45.4,0.0,2.44,14.67
H,3.68,63.7,19.05,84.2,45.4,523.0,0,No Failure,193.5,64.5,2.0,2.34,16.04
H,1.8,79.9,23.15,79.2,45.7,766.0,0,No Failure,174.1,58.0,2.0,1.44,18.33
H,1.75,68.3,8.22,76.9,35.5,398.0,0,No Failure,198.0,66.0,2.0,1.2,6.32
L,3.17,65.0,22.34,84.0,43.6,892.0,0,No Failure,175.9,58.6,0.0,2.06,18.77
L,6.67,72.3,12.45,93.5,56.3,196.0,0,No Failure,158.1,52.7,0.0,4.82,11.64
H,2.79,72.8,11.82,87.1,32.7,1134.0,0,No Failure,133.5,44.5,2.0,2.03,10.3
L,2.83,65.8,15.44,81.7,52.3,615.0,0,No Failure,200.5,66.8,0.0,1.86,12.61
L,5.45,72.0,13.76,90.9,32.4,234.0,0,No Failure,144.7,48.2,0.0,3.92,12.51
L,0.71,68.5,11.41,76.6,44.8,683.0,0,No Failure,232.4,77.5,0.0,0.49,8.74
L,1.28,69.0,24.28,79.3,36.1,769.0,0,No Failure,185.3,61.8,0.0,0.88,19.25
L,3.57,66.9,17.44,85.2,40.3,952.0,0,No Failure,157.9,52.6,0.0,2.39,14.86
L,0.83,51.8,19.21,76.6,47.0,495.0,0,No Failure,259.0,86.3,0.0,0.43,14.71
M,3.06,76.2,13.3,79.2,44.6,224.0,0,No Failure,190.1,63.4,1.0,2.33,10.53
M,5.98,83.7,21.93,94.3,46.3,400.0,0,No Failure,131.1,43.7,1.0,5.01,20.68
H,1.71,59.7,26.86,79.1,56.2,378.0,0,No Failure,239.3,79.8,2.0,1.02,21.25
M,0.81,59.8,14.87,75.9,45.1,825.0,0,No Failure,223.3,74.4,1.0,0.48,11.29
L,7.66,71.4,22.01,100.2,51.5,745.0,1,Harmonic Resonance,7.2,39.8,0.0,5.47,22.05
L,5.24,70.0,19.59,90.2,33.4,713.0,0,No Failure,129.3,43.1,0.0,3.67,17.67
H,3.75,83.7,16.52,88.3,50.2,810.0,0,No Failure,142.9,47.6,2.0,3.14,14.59
M,3.91,73.5,25.7,93.8,42.4,310.0,0,No Failure,176.1,58.7,1.0,2.87,24.11
L,3.53,80.6,19.65,86.0,39.8,1196.0,0,No Failure,117.9,39.3,0.0,2.85,16.9
H,2.72,57.4,13.91,85.7,54.0,320.0,0,No Failure,233.5,77.8,2.0,1.56,11.92
L,1.77,71.5,14.65,77.1,45.7,891.0,0,No Failure,185.1,61.7,0.0,1.27,11.3
H,3.43,75.5,9.92,84.4,54.6,867.0,0,No Failure,160.6,53.5,2.0,2.59,8.37
L,0.84,62.2,18.56,77.2,50.3,1091.0,0,No Failure,210.0,70.0,0.0,0.52,14.33
M,8.1,74.0,22.32,102.7,47.1,326.0,1,Harmonic Resonance,1.9,42.6,1.0,5.99,22.92
M,3.98,90.7,16.77,84.0,39.2,495.0,0,No Failure,125.8,41.9,1.0,3.61,14.09
H,9.566,95.9,19.01,107.1,38.9,945.0,1,Bearing Thermal Seizure,7.8,4.2,2.0,9.17,20.36
L,2.68,78.0,14.6,79.7,48.1,902.0,0,No Failure,163.7,54.6,0.0,2.09,11.64
M,2.73,70.9,13.88,81.2,34.9,476.0,0,No Failure,175.0,58.3,1.0,1.94,11.27
H,2.59,59.2,16.96,85.3,68.6,698.0,0,No Failure,198.1,66.0,2.0,1.53,14.47
M,4.58,65.4,19.14,87.6,58.9,602.0,0,No Failure,179.0,59.7,1.0,3.0,16.77
L,2.36,73.7,16.37,82.6,43.3,359.0,0,No Failure,195.2,65.1,0.0,1.74,13.52
L,2.56,68.5,13.88,80.2,40.7,555.0,0,No Failure,178.7,59.6,0.0,1.75,11.13
M,4.25,63.3,18.56,86.2,34.4,79.0,0,No Failure,189.2,63.1,1.0,2.69,16.0
L,6.26,73.8,19.47,98.2,52.7,489.0,0,No Failure,145.8,48.6,0.0,4.62,19.12
M,1.37,62.5,10.51,74.0,53.9,177.0,0,No Failure,248.2,82.7,1.0,0.86,7.78
L,2.9,64.0,17.47,84.5,51.1,1018.0,0,No Failure,183.0,61.0,0.0,1.86,14.76
M,2.46,69.7,20.33,84.9,37.3,546.0,0,No Failure,181.8,60.6,1.0,1.71,17.26
L,1.27,74.9,16.03,77.6,37.7,361.0,0,No Failure,196.9,65.6,0.0,0.95,12.44
M,4.23,68.2,19.61,86.5,39.4,1106.0,0,No Failure,137.3,45.8,1.0,2.88,16.96
H,3.77,64.9,18.47,89.2,47.8,289.0,0,No Failure,205.9,68.6,2.0,2.45,16.48
H,2.02,66.9,19.68,79.6,48.7,275.0,0,No Failure,225.9,75.3,2.0,1.35,15.67
L,0.5,62.1,21.76,79.1,48.4,440.0,0,No Failure,247.2,82.4,0.0,0.31,17.21
M,4.46,70.8,23.01,89.8,44.4,443.0,0,No Failure,171.2,57.1,1.0,3.16,20.66
L,1.29,56.5,12.35,75.7,49.7,707.0,0,No Failure,234.7,78.2,0.0,0.73,9.35
M,1.84,65.7,11.05,75.9,47.9,935.0,0,No Failure,197.5,65.8,1.0,1.21,8.39
M,4.8,66.7,12.79,82.7,54.7,746.0,0,No Failure,166.3,55.4,1.0,3.2,10.58
M,6.04,84.6,19.37,91.8,29.7,749.0,1,Lubrication Breakdown,9.3,27.0,1.0,5.11,17.78
H,1.13,66.9,21.46,77.6,47.9,88.0,0,No Failure,246.8,82.3,2.0,0.76,16.65
L,5.98,52.8,22.15,95.4,52.7,275.0,0,No Failure,202.2,67.4,0.0,3.16,21.13
L,5.08,80.4,13.93,90.1,44.6,1003.0,0,No Failure,116.3,38.8,0.0,4.08,12.55
L,5.0,66.9,13.89,89.6,45.7,326.0,0,No Failure,180.1,60.0,0.0,3.34,12.45
L,1.36,66.3,24.46,79.2,49.4,161.0,0,No Failure,241.5,80.5,0.0,0.9,19.37
M,8.32,102.62,17.91,103.8,41.7,653.0,1,Harmonic Resonance,10.8,42.3,1.0,8.54,18.59
M,5.25,79.0,16.8,90.2,42.7,568.0,0,No Failure,135.2,45.1,1.0,4.15,15.15
M,6.85,80.2,13.17,83.8,43.7,163.0,0,No Failure,133.8,44.6,1.0,5.49,11.04
M,3.85,61.7,24.29,84.4,32.9,800.0,0,No Failure,158.9,53.0,1.0,2.38,20.5
L,2.29,60.0,14.95,104.86,45.2,961.0,0,No Failure,196.9,65.6,0.0,1.37,15.68
L,2.13,55.7,10.74,79.6,38.6,292.0,0,No Failure,229.1,76.4,0.0,1.19,8.55
H,2.68,72.3,18.47,81.7,44.3,1122.0,0,No Failure,157.5,52.5,2.0,1.94,15.09
H,4.24,72.0,16.07,85.4,39.8,754.0,0,No Failure,147.9,49.3,2.0,3.05,13.72
M,3.25,62.8,12.25,80.3,39.1,861.0,0,No Failure,172.7,57.6,1.0,2.04,9.84
L,2.19,68.5,15.22,82.1,56.2,677.0,0,No Failure,210.8,70.3,0.0,1.5,12.5
H,1.87,51.2,20.3,84.1,44.0,799.0,0,No Failure,232.0,77.3,2.0,0.96,17.07
L,4.22,73.6,11.26,85.4,31.0,2018.0,0,No Failure,160.1,53.4,0.0,3.11,9.62
H,2.95,65.5,24.57,87.1,40.2,498.0,0,No Failure,191.3,63.8,2.0,1.93,21.4
M,0.82,58.7,20.31,80.3,50.6,333.0,0,No Failure,255.2,85.1,1.0,0.48,16.31
M,6.85,75.6,14.28,93.5,47.5,412.0,0,No Failure,137.4,45.8,1.0,5.18,13.35
M,2.99,61.5,19.32,83.8,57.8,643.0,0,No Failure,205.6,68.5,1.0,1.84,16.19
L,4.26,72.3,21.48,90.7,50.9,268.0,0,No Failure,186.1,62.0,0.0,3.08,19.48
M,2.34,60.1,18.52,82.0,44.7,64.0,0,No Failure,239.9,80.0,1.0,1.41,15.19
L,1.81,63.5,24.55,83.2,53.7,14.0,0,No Failure,248.5,82.8,0.0,1.15,20.43
M,0.39,52.4,20.97,82.0,51.0,953.0,0,No Failure,242.4,80.8,1.0,0.2,17.2
L,3.75,79.7,14.36,89.3,28.3,805.0,1,Lubrication Breakdown,7.1,38.6,0.0,2.99,12.82
L,4.01,70.6,18.46,87.3,36.3,805.0,0,No Failure,144.9,48.3,0.0,2.83,16.12
L,3.0,72.9,22.64,87.5,49.8,443.0,0,No Failure,192.7,64.2,0.0,2.19,19.81
L,4.32,83.2,12.78,86.1,48.2,892.0,0,No Failure,132.3,44.1,0.0,3.59,11.0
L,5.06,72.9,22.2,93.6,35.1,36.0,0,No Failure,162.8,54.3,0.0,3.69,20.78
M,3.48,60.7,15.36,82.6,48.8,661.0,0,No Failure,199.9,66.6,1.0,2.11,12.69
H,6.42,70.4,27.32,96.3,39.8,587.0,1,Motor Winding Overload,1.3,43.6,2.0,4.52,26.31
L,2.64,66.1,18.87,80.4,33.5,606.0,0,No Failure,176.8,58.9,0.0,1.75,15.17
L,2.65,77.5,15.83,79.4,49.3,746.0,0,No Failure,172.9,57.6,0.0,2.05,12.57
H,6.37,72.4,19.46,89.5,44.1,346.0,0,No Failure,147.3,49.1,2.0,4.61,17.42
H,0.79,70.9,10.45,76.7,47.4,-890.0,0,No Failure,202.5,67.5,2.0,0.56,8.02
M,2.23,70.7,22.6,83.9,43.2,742.0,0,No Failure,183.6,61.2,1.0,1.58,18.96
L,2.96,68.7,9.81,82.9,40.5,26.0,0,No Failure,209.0,69.6,0.0,2.03,8.13
M,2.79,68.9,19.21,86.5,43.4,667.0,0,No Failure,184.0,61.3,1.0,1.92,16.62
H,1.06,64.7,23.27,83.5,47.2,1187.0,0,No Failure,195.9,65.3,2.0,0.69,19.43
L,1.54,56.3,22.61,81.6,47.5,81.0,0,No Failure,262.2,87.4,0.0,0.87,18.45
H,3.96,71.6,15.91,85.4,35.4,719.0,0,No Failure,146.2,48.7,2.0,2.84,13.59
M,2.59,72.1,27.86,87.7,37.1,973.0,0,No Failure,153.5,51.2,1.0,1.87,24.43
M,1.21,57.0,15.43,83.3,43.6,457.0,0,No Failure,239.3,79.8,1.0,0.69,12.85
M,4.73,75.5,18.52,86.9,43.5,953.0,0,No Failure,131.2,43.7,1.0,3.57,16.09
H,4.15,71.5,14.74,88.4,44.0,1006.0,0,No Failure,133.2,44.4,2.0,2.97,13.03
H,1.45,70.4,13.53,75.1,41.2,1046.0,0,No Failure,175.6,58.5,2.0,1.02,10.16
L,1.01,71.6,19.67,79.3,53.1,926.0,0,No Failure,197.2,65.7,0.0,0.72,15.6
L,2.9,62.7,24.7,83.8,48.6,1172.0,0,No Failure,177.9,59.3,0.0,1.82,20.7
L,5.33,81.3,15.28,83.5,44.3,122.0,0,No Failure,154.7,51.6,0.0,4.33,12.76
H,2.9,53.8,18.5,81.8,46.8,1068.0,0,No Failure,198.8,66.3,2.0,1.56,15.13
H,6.73,73.6,22.83,99.8,46.3,969.0,0,No Failure,113.0,37.7,2.0,4.95,22.78
L,2.1,70.2,16.43,77.3,45.1,353.0,0,No Failure,209.2,69.7,0.0,1.47,12.7
M,3.23,67.9,13.22,83.6,54.8,158.0,0,No Failure,213.9,71.3,1.0,2.19,11.05
M,2.15,67.7,18.42,82.8,44.5,874.0,0,No Failure,186.4,62.1,1.0,1.46,15.25
M,5.45,64.5,15.53,83.8,36.4,588.0,0,No Failure,149.2,49.7,1.0,3.52,13.01
H,1.15,62.5,21.19,78.4,42.1,772.0,0,No Failure,210.7,70.2,2.0,0.72,16.61
H,1.55,73.4,17.55,80.2,68.6,692.0,0,No Failure,172.3,57.4,2.0,1.14,14.08
H,8.87,85.1,22.51,105.7,50.1,465.0,1,Bearing Thermal Seizure,11.5,30.0,2.0,7.55,23.79
H,9.566,88.1,17.29,103.4,42.3,606.0,1,Bearing Thermal Seizure,3.4,26.0,2.0,8.43,17.88
H,1.65,60.9,15.12,81.7,43.3,611.0,0,No Failure,217.5,72.5,2.0,1.0,12.35
L,3.6,68.9,21.9,91.7,51.4,516.0,0,No Failure,189.1,63.0,0.0,2.48,20.08
L,4.7,70.2,20.81,89.2,36.3,1157.0,0,No Failure,119.0,39.7,0.0,3.3,18.56
M,3.67,71.0,18.69,88.5,30.2,480.0,0,No Failure,153.8,51.3,1.0,2.61,16.54
M,4.19,71.5,21.0,90.3,48.8,1093.0,0,No Failure,147.4,49.1,1.0,3.0,18.96
L,4.44,71.1,11.53,88.8,44.6,880.0,0,No Failure,149.4,49.8,0.0,3.16,10.24
L,3.38,58.2,13.62,88.2,49.1,247.0,0,No Failure,226.9,75.6,0.0,1.97,12.01
L,0.94,65.8,16.26,78.0,41.5,577.0,0,No Failure,215.5,71.8,0.0,0.62,12.68
M,0.63,64.8,13.8,79.9,47.6,384.0,0,No Failure,242.2,80.7,1.0,0.41,11.03
L,2.66,63.0,18.21,85.2,44.9,458.0,0,No Failure,210.6,70.2,0.0,1.68,15.51
L,4.63,74.5,12.37,83.3,39.5,916.0,0,No Failure,129.1,43.0,0.0,3.45,10.3
L,2.83,57.9,17.49,83.5,43.1,914.0,0,No Failure,197.9,66.0,0.0,1.64,14.6
L,4.91,73.4,20.63,91.3,53.9,1088.0,0,No Failure,134.4,44.8,0.0,3.6,18.84
L,5.78,91.0,21.63,93.7,48.8,525.0,0,No Failure,115.9,38.6,0.0,5.26,20.27
M,3.16,77.4,13.12,82.6,37.4,2193.0,0,No Failure,139.6,46.5,1.0,2.45,10.84
L,2.33,51.5,20.98,73.1,45.2,1081.0,0,No Failure,207.3,69.1,0.0,1.2,15.34
M,1.98,64.2,19.89,83.0,20.0,1158.0,0,No Failure,187.7,62.6,1.0,1.27,16.51
L,4.42,78.8,15.3,85.9,45.6,609.0,0,No Failure,149.6,49.9,0.0,3.48,13.14
L,2.2,66.6,20.55,81.1,40.6,195.0,0,No Failure,214.9,71.6,0.0,1.47,16.67
M,1.2,58.4,14.84,76.7,50.3,375.0,0,No Failure,248.7,82.9,1.0,0.7,11.38
H,2.25,60.1,17.35,80.6,40.1,255.0,0,No Failure,223.3,74.4,2.0,1.35,13.98
M,2.55,54.3,23.64,82.6,39.1,1096.0,0,No Failure,187.1,62.4,1.0,1.38,19.53
M,1.85,64.9,19.49,77.5,47.9,433.0,0,No Failure,224.1,74.7,1.0,1.2,15.1
M,2.65,59.9,14.22,79.2,68.6,172.0,0,No Failure,227.5,75.8,1.0,1.59,11.26
M,2.68,74.8,19.62,79.6,37.2,425.0,0,No Failure,174.5,58.2,1.0,2.0,15.62
H,0.52,49.9,16.44,79.8,51.0,297.0,0,No Failure,278.3,92.8,2.0,0.26,13.12
H,1.44,80.3,21.27,84.3,31.0,710.0,0,No Failure,154.4,51.5,2.0,1.16,17.93
L,2.97,70.1,19.08,84.1,38.0,891.0,0,No Failure,158.3,52.8,0.0,2.08,16.05
M,3.58,67.2,14.52,84.3,47.4,1112.0,0,No Failure,161.9,54.0,1.0,2.41,12.24
H,1.75,59.9,11.61,81.6,45.9,315.0,0,No Failure,237.7,79.2,2.0,1.05,9.47
M,5.36,84.8,24.11,93.9,44.9,788.0,0,No Failure,115.1,38.4,1.0,4.55,22.64
M,2.73,63.4,29.69,88.1,53.8,1033.0,1,Motor Winding Overload,10.7,61.9,1.0,1.73,26.16
M,6.13,81.1,16.89,91.6,37.4,18.0,0,No Failure,137.4,45.8,1.0,4.97,15.47
H,4.81,63.5,20.69,85.7,37.5,325.0,0,No Failure,174.7,58.2,2.0,3.05,17.73
M,1.86,62.3,16.87,78.0,30.3,807.0,1,Lubrication Breakdown,8.5,59.6,1.0,1.16,13.16
M,1.06,52.0,18.85,78.0,40.9,180.0,0,No Failure,260.3,86.8,1.0,0.55,14.7
M,5.25,77.4,21.34,94.2,38.5,1000.0,0,No Failure,109.2,36.4,1.0,4.06,20.1
L,9.566,98.8,22.14,107.1,45.4,548.0,1,Bearing Thermal Seizure,4.9,0.0,0.0,9.45,23.71
L,1.44,69.2,15.59,76.3,43.9,803.0,0,No Failure,195.2,65.1,0.0,1.0,11.9
H,1.94,68.5,13.16,76.3,56.2,454.0,0,No Failure,214.8,71.6,2.0,1.33,10.04
M,5.74,69.1,12.6,90.5,48.4,1023.0,0,No Failure,135.3,45.1,1.0,3.97,11.4
M,3.0,77.9,21.55,84.5,50.7,333.0,0,No Failure,188.2,62.7,1.0,2.34,18.21
M,2.38,81.6,22.27,82.3,35.4,382.0,0,No Failure,163.8,54.6,1.0,1.94,18.33
L,4.68,73.7,22.04,92.6,39.5,471.0,0,No Failure,152.3,50.8,0.0,3.45,20.41
L,2.26,57.1,20.33,84.3,45.8,1161.0,0,No Failure,194.1,64.7,0.0,1.29,17.14
M,3.39,76.3,22.21,85.8,43.5,579.0,0,No Failure,165.9,55.3,1.0,2.59,19.06
M,3.29,68.6,18.03,82.2,61.3,876.0,0,No Failure,163.8,54.6,1.0,2.26,14.82
L,1.56,60.8,14.17,76.6,32.9,757.0,0,No Failure,192.9,64.3,0.0,0.95,10.85
H,2.96,63.4,10.26,82.2,43.3,193.0,0,No Failure,216.2,72.1,2.0,1.88,8.43
M,2.82,75.9,15.54,79.7,45.6,449.0,0,No Failure,184.4,61.5,1.0,2.14,12.39
M,1.42,58.7,16.16,76.0,45.1,35.0,0,No Failure,257.0,85.7,1.0,0.83,12.28
M,3.3,59.6,27.01,89.0,44.5,591.0,1,Motor Winding Overload,2.0,69.5,1.0,1.97,24.04
L,3.55,72.5,24.5,89.9,53.5,429.0,0,No Failure,187.0,62.3,0.0,2.57,22.03
L,2.79,58.7,28.09,84.7,43.1,530.0,0,No Failure,210.7,70.2,0.0,1.64,23.79
M,1.33,61.8,22.88,86.2,48.5,506.0,0,No Failure,233.6,77.9,1.0,0.82,19.72
L,1.08,56.2,16.12,77.5,40.9,486.0,0,No Failure,236.3,78.8,0.0,0.61,12.49
L,2.95,77.3,26.16,90.1,46.4,578.0,0,No Failure,174.9,58.3,0.0,2.28,23.57
M,3.24,63.4,19.44,82.3,46.8,856.0,0,No Failure,185.7,61.9,1.0,2.05,16.0
M,1.52,74.3,16.51,77.4,43.0,585.0,0,No Failure,193.2,64.4,1.0,1.13,12.78
L,3.79,72.7,18.07,84.7,42.2,318.0,0,No Failure,178.5,59.5,0.0,2.76,15.31
L,4.94,80.1,22.59,94.4,36.7,407.0,0,No Failure,134.3,44.8,0.0,3.96,21.32
L,1.73,59.3,17.83,80.2,52.9,497.0,0,No Failure,233.8,77.9,0.0,1.03,14.3
L,1.36,72.9,27.68,80.9,44.8,1049.0,0,No Failure,178.1,59.4,0.0,0.99,22.39
M,0.46,62.4,26.78,83.8,43.4,538.0,0,No Failure,234.0,78.0,1.0,0.29,22.44
L,-3.556,80.3,21.2,90.7,44.7,815.0,0,No Failure,135.5,45.2,0.0,-2.86,19.23
L,8.17,87.2,19.87,102.3,37.1,799.0,1,Bearing Thermal Seizure,7.3,19.6,0.0,7.12,20.33
L,2.98,52.3,23.92,87.1,49.0,515.0,0,No Failure,230.5,76.8,0.0,1.56,20.83
L,2.84,67.9,23.75,84.7,44.4,543.0,0,No Failure,190.6,63.5,0.0,1.93,20.12
L,6.49,63.4,17.86,107.1,44.4,534.0,0,No Failure,145.1,48.4,0.0,4.11,19.13
M,3.06,61.1,16.67,85.4,50.6,990.0,0,No Failure,188.1,62.7,1.0,1.87,14.24
M,4.23,79.9,13.96,85.6,42.4,156.0,0,No Failure,166.8,55.6,1.0,3.38,11.95
M,3.83,58.9,11.93,83.4,45.6,1170.0,0,No Failure,169.1,56.4,1.0,2.26,9.95
L,2.68,68.1,20.88,84.2,42.4,485.0,0,No Failure,194.3,64.8,0.0,1.83,17.58
M,2.11,79.5,14.53,78.4,38.6,550.0,0,No Failure,168.9,56.3,1.0,1.68,11.39
H,1.64,70.6,18.15,77.4,49.4,886.0,0,No Failure,193.0,64.3,2.0,1.16,14.05
L,5.27,66.5,16.26,88.4,43.7,648.0,0,No Failure,157.7,52.6,0.0,3.5,14.37
M,3.81,74.8,14.72,85.4,43.1,605.0,0,No Failure,161.3,53.8,1.0,2.85,12.57
M,0.71,67.2,29.85,79.3,44.55,424.0,0,No Failure,235.1,78.4,1.0,0.48,23.67
L,4.18,59.4,10.51,81.8,48.2,-1015.0,0,No Failure,205.4,68.5,0.0,2.48,8.6
L,1.77,76.7,21.47,83.5,45.1,568.0,0,No Failure,189.7,63.2,0.0,1.36,17.93
L,2.91,82.6,21.93,81.5,48.5,1083.0,0,No Failure,142.5,47.5,0.0,2.4,17.87
H,1.64,77.5,9.73,73.7,39.0,246.0,0,No Failure,195.0,65.0,2.0,1.27,7.17
L,1.25,68.5,18.82,78.4,47.8,1081.0,0,No Failure,160.2,53.4,0.0,0.86,14.75
L,2.94,68.5,21.99,84.2,44.0,2193.0,0,No Failure,159.2,53.1,0.0,2.01,18.52
L,0.64,71.1,20.83,77.4,59.8,1102.0,0,No Failure,194.3,64.8,0.0,0.46,16.12
H,1.93,71.9,14.79,79.7,45.2,570.0,0,No Failure,197.3,65.8,2.0,1.39,11.79
L,1.95,56.6,26.12,83.1,54.9,323.0,0,No Failure,245.1,81.7,0.0,1.1,21.71
L,1.64,60.7,25.09,75.9,53.7,448.0,0,No Failure,234.7,78.2,0.0,1.0,19.04
L,5.39,75.4,21.46,88.9,32.6,617.0,0,No Failure,119.9,40.0,0.0,4.06,19.08
H,2.37,80.5,19.51,81.9,44.8,1136.0,0,No Failure,145.3,48.4,2.0,1.91,15.98
L,1.13,71.7,17.52,75.6,44.4,536.0,0,No Failure,208.5,69.5,0.0,0.81,13.25
H,5.32,60.4,26.46,92.5,39.6,303.0,0,No Failure,179.1,59.7,2.0,3.21,24.48
L,2.02,57.5,19.25,80.2,45.0,674.0,0,No Failure,219.4,73.1,0.0,1.16,15.44
M,1.14,58.4,11.49,73.0,42.9,159.0,0,No Failure,251.1,83.7,1.0,0.67,8.39
L,0.72,61.8,18.56,75.6,47.7,135.0,0,No Failure,259.7,86.6,0.0,0.44,14.03
L,6.86,68.5,25.34,98.0,37.0,1184.0,1,Bearing Thermal Seizure,2.3,16.0,0.0,4.7,24.83
H,3.78,61.9,26.86,87.4,42.7,539.0,0,No Failure,190.1,63.4,2.0,2.34,23.48
M,1.12,58.6,14.65,76.3,34.2,147.0,0,No Failure,235.9,78.6,1.0,0.66,11.18
L,4.59,71.6,18.56,86.5,47.7,674.0,0,No Failure,162.3,54.1,0.0,3.29,16.05
M,4.41,75.4,17.86,91.8,43.3,881.0,0,No Failure,138.8,46.3,1.0,3.33,16.4
H,1.86,72.5,22.19,82.8,32.4,52.0,0,No Failure,199.9,66.6,2.0,1.35,18.37
H,2.22,76.5,10.88,82.3,42.3,1007.0,0,No Failure,157.3,52.4,2.0,1.7,8.95
H,2.94,56.2,30.8,86.6,50.9,951.0,0,No Failure,201.5,67.2,2.0,1.65,26.67
L,0.87,63.1,22.37,80.7,48.4,985.0,0,No Failure,213.1,71.0,0.0,0.55,18.05
L,5.03,69.2,18.77,92.0,56.2,261.0,0,No Failure,182.5,60.8,0.0,3.48,17.27
H,2.03,76.4,17.67,77.7,37.2,1045.0,0,No Failure,148.9,49.6,2.0,1.55,13.73
L,1.33,77.0,22.28,79.5,54.9,963.0,0,No Failure,180.4,60.1,0.0,1.02,17.71
M,2.88,65.9,18.63,80.8,48.4,1178.0,0,No Failure,171.5,57.2,1.0,1.9,15.05
M,2.35,58.9,21.64,82.9,53.7,849.0,0,No Failure,208.9,69.6,1.0,1.38,17.94
L,3.36,71.7,21.75,84.6,50.9,1131.0,0,No Failure,156.0,52.0,0.0,2.41,18.4
M,1.96,68.1,18.77,81.2,43.5,2190.0,0,No Failure,204.1,68.0,1.0,1.33,15.24
M,5.15,85.9,14.79,91.3,38.1,900.0,0,No Failure,97.8,32.6,1.0,4.42,13.5
L,3.94,79.8,18.56,85.5,34.6,1042.0,0,No Failure,112.5,37.5,0.0,3.14,15.87
M,9.22,90.7,4.25,107.1,44.55,730.0,1,Bearing Thermal Seizure,1.8,19.9,1.0,8.36,4.55
L,1.24,53.3,12.46,78.3,58.5,143.0,0,No Failure,270.0,90.0,0.0,0.66,9.76
H,2.87,81.1,21.53,82.0,31.9,935.0,0,No Failure,124.4,41.5,2.0,2.33,17.65
L,0.74,60.8,20.64,78.1,45.6,397.0,0,No Failure,244.5,81.5,0.0,0.45,16.12
L,4.57,65.3,18.89,88.4,50.3,322.0,0,No Failure,193.3,64.4,0.0,2.98,16.7
M,1.8,79.2,19.41,61.2,46.5,980.0,0,No Failure,166.3,55.4,1.0,1.43,11.88
L,2.14,62.5,17.85,81.1,40.2,577.0,0,No Failure,221.7,73.9,0.0,1.34,14.48
M,4.52,69.6,16.45,61.2,56.4,371.0,0,No Failure,182.9,61.0,1.0,3.15,10.07
H,4.61,81.7,13.91,87.8,47.8,496.0,0,No Failure,150.9,50.3,2.0,3.77,12.21
L,2.6,86.2,22.74,83.7,50.2,212.0,0,No Failure,182.9,61.0,0.0,2.24,19.03
L,1.04,75.4,17.52,77.3,39.1,787.0,0,No Failure,180.2,60.1,0.0,0.78,13.54
L,4.31,79.4,21.31,94.0,41.2,716.0,0,No Failure,136.6,45.5,0.0,3.42,20.03
M,5.25,86.5,12.19,93.5,37.6,423.0,0,No Failure,118.2,39.4,1.0,4.54,11.4
M,2.89,71.7,18.52,85.7,45.2,243.0,0,No Failure,201.5,67.2,1.0,2.07,15.87
L,-3.556,64.4,20.08,83.3,51.0,57.0,0,No Failure,229.9,76.6,0.0,-2.29,16.73
M,3.7,68.6,16.04,88.5,48.3,73.0,0,No Failure,217.6,72.5,1.0,2.54,14.2
H,2.89,69.3,14.88,83.4,48.1,-899.0,0,No Failure,195.8,65.3,2.0,2.0,12.41
M,3.02,70.0,17.62,84.4,55.9,396.0,0,No Failure,200.6,66.9,1.0,2.11,14.87
L,0.94,62.3,19.42,82.1,59.7,1078.0,0,No Failure,209.2,69.7,0.0,0.59,15.94
L,0.9,58.8,19.85,73.0,44.8,1189.0,0,No Failure,205.4,68.5,0.0,0.53,14.49
M,1.76,97.89,29.58,75.5,50.6,72.0,0,No Failure,263.1,87.7,1.0,1.72,22.33
H,3.23,73.9,16.25,89.7,49.4,1179.0,0,No Failure,150.9,50.3,2.0,2.39,14.58
M,3.31,58.2,13.57,77.8,49.5,528.0,0,No Failure,213.8,71.3,1.0,1.93,10.56
M,2.9,69.4,14.74,76.3,44.55,611.0,0,No Failure,187.2,62.4,1.0,2.01,11.25
H,1.14,63.0,21.8,77.2,45.7,443.0,0,No Failure,232.7,77.6,2.0,0.72,16.83
L,0.94,65.7,22.7,83.7,47.5,229.0,0,No Failure,243.9,81.3,0.0,0.62,19.0
L,4.81,86.5,21.11,94.5,47.4,312.0,0,No Failure,147.2,49.1,0.0,4.16,19.95
H,1.87,66.0,30.87,82.5,45.6,-1015.0,0,No Failure,233.3,77.8,2.0,1.23,25.47
M,3.6,102.62,22.85,89.0,44.55,999.0,0,No Failure,156.4,52.1,1.0,3.69,20.34
M,1.63,57.2,24.83,86.5,48.5,250.0,0,No Failure,251.7,83.9,1.0,0.93,21.48
H,9.566,76.8,22.48,107.1,42.8,731.0,1,Harmonic Resonance,11.5,18.8,2.0,7.35,24.08
L,8.05,69.0,17.29,99.0,42.9,914.0,1,Harmonic Resonance,12.0,33.8,0.0,5.55,17.12
M,2.95,75.0,16.49,85.4,46.9,363.0,0,No Failure,191.2,63.7,1.0,2.21,14.08
L,1.79,68.5,21.87,78.4,37.2,1096.0,0,No Failure,152.5,50.8,0.0,1.23,17.15
H,1.85,67.8,18.32,77.1,47.3,735.0,0,No Failure,202.1,67.4,2.0,1.25,14.12
M,0.51,60.0,12.25,75.6,51.1,1033.0,0,No Failure,221.7,73.9,1.0,0.31,9.26
L,-3.556,61.9,25.72,82.5,51.4,849.0,0,No Failure,205.7,68.6,0.0,-2.2,21.22
M,4.35,61.9,16.0,86.4,37.1,989.0,0,No Failure,150.0,50.0,1.0,2.69,13.82
L,2.52,59.3,17.91,77.6,57.1,285.0,0,No Failure,234.1,78.0,0.0,1.49,13.9
L,1.12,62.6,25.89,81.0,47.4,909.0,0,No Failure,213.6,71.2,0.0,0.7,20.97
H,2.39,73.2,16.5,78.9,49.3,924.0,0,No Failure,176.0,58.7,2.0,1.75,13.02
L,1.33,102.62,26.38,82.7,39.8,732.0,0,No Failure,165.6,55.2,0.0,1.36,21.82
H,0.57,60.2,18.92,75.4,39.3,296.0,0,No Failure,241.7,80.6,2.0,0.34,14.27
L,1.4,74.6,23.33,84.2,55.1,650.0,0,No Failure,199.9,66.6,0.0,1.04,19.64
H,5.47,79.8,13.29,87.0,46.1,836.0,0,No Failure,123.4,41.1,2.0,4.37,11.56
L,2.97,80.9,9.5,80.6,43.8,106.0,0,No Failure,186.4,62.1,0.0,2.4,7.66
M,5.16,68.7,22.55,92.4,40.1,86.0,0,No Failure,176.4,58.8,1.0,3.54,20.84
M,3.1,62.7,11.7,83.8,39.4,827.0,0,No Failure,177.1,59.0,1.0,1.94,9.8
L,5.38,63.0,17.42,93.1,40.7,62.0,0,No Failure,187.1,62.4,0.0,3.39,16.22
L,4.53,68.4,19.57,92.1,56.1,782.0,0,No Failure,164.6,54.9,0.0,3.1,18.02
M,3.6,50.3,19.99,92.0,45.4,404.0,0,No Failure,227.3,75.8,1.0,1.81,18.39
L,2.96,64.9,15.63,79.3,46.9,52.0,0,No Failure,226.8,75.6,0.0,1.92,12.39
L,1.67,64.5,21.69,80.2,33.0,417.0,0,No Failure,201.2,67.1,0.0,1.08,17.4
L,2.32,71.3,15.77,82.9,40.1,-1015.0,0,No Failure,201.2,67.1,0.0,1.65,13.07
L,9.566,102.62,22.3,87.3,44.6,722.0,0,No Failure,190.5,63.5,0.0,9.82,19.47
H,9.11,86.3,19.15,102.4,52.1,606.0,1,Bearing Thermal Seizure,4.1,33.8,2.0,7.86,19.61
H,3.42,73.3,17.89,87.4,43.2,41.0,0,No Failure,197.8,65.9,2.0,2.51,15.64
M,4.31,85.3,28.06,92.8,31.6,600.0,1,Motor Winding Overload,6.7,37.8,1.0,3.68,26.04
L,0.98,34.58,21.89,81.8,53.1,198.0,0,No Failure,247.4,82.5,0.0,0.34,17.91
M,2.18,83.5,19.22,82.0,39.0,568.0,0,No Failure,159.8,53.3,1.0,1.82,15.76
L,1.7,67.8,12.9,77.1,51.7,30.0,0,No Failure,240.6,80.2,0.0,1.15,9.95
M,2.59,60.1,22.72,83.2,40.8,326.0,0,No Failure,216.5,72.2,1.0,1.56,18.9
M,0.72,71.7,14.69,78.4,51.9,1190.0,0,No Failure,187.6,62.6,1.0,0.52,11.52
L,0.72,65.4,20.57,78.2,37.1,643.0,0,No Failure,208.0,69.3,0.0,0.47,16.09
M,1.86,65.3,20.87,80.8,49.1,227.0,0,No Failure,233.6,77.9,1.0,1.21,16.86
L,2.21,66.4,21.78,82.6,43.4,782.0,0,No Failure,190.8,63.6,0.0,1.47,17.99
L,2.7,71.3,15.15,78.2,45.9,928.0,0,No Failure,171.8,57.3,0.0,1.93,11.85
L,6.36,80.9,15.4,95.4,35.1,38.0,0,No Failure,129.6,43.2,0.0,5.15,14.69
H,2.02,56.8,16.71,79.2,46.8,939.0,0,No Failure,210.8,70.3,2.0,1.15,13.23
L,4.0,68.5,19.77,61.2,53.0,852.0,0,No Failure,167.9,56.0,0.0,2.74,12.1
M,3.6,73.6,16.22,89.9,48.2,146.0,0,No Failure,198.3,66.1,1.0,2.65,14.58
H,5.85,85.5,20.52,95.8,46.1,249.0,0,No Failure,136.3,45.4,2.0,5.0,19.66
M,1.52,60.1,22.06,83.2,46.9,565.0,0,No Failure,229.6,76.5,1.0,0.91,18.35
H,5.89,68.1,15.82,92.8,37.8,38.0,0,No Failure,166.2,55.4,2.0,4.01,14.68
M,1.15,68.1,14.28,74.9,42.1,757.0,0,No Failure,200.2,66.7,1.0,0.78,10.7
M,1.15,65.4,14.86,77.3,46.0,1176.0,0,No Failure,191.7,63.9,1.0,0.75,11.49
M,5.6,73.4,28.08,98.1,43.9,995.0,1,Motor Winding Overload,9.6,40.9,1.0,4.11,27.55
L,2.45,64.2,13.71,80.4,48.9,547.0,0,No Failure,212.1,70.7,0.0,1.57,11.02
M,3.41,80.8,33.088,84.0,35.1,670.0,0,No Failure,136.9,45.6,1.0,2.76,27.79
M,3.9,62.8,21.46,88.4,47.5,1186.0,0,No Failure,163.0,54.3,1.0,2.45,18.97
L,3.72,81.4,20.56,90.5,32.8,100.0,0,No Failure,156.0,52.0,0.0,3.03,18.61
L,9.566,66.0,27.81,78.0,46.7,1179.0,0,No Failure,195.2,65.1,0.0,6.31,21.69
M,2.09,65.9,19.08,81.3,42.1,873.0,0,No Failure,186.5,62.2,1.0,1.38,15.51
L,3.55,69.3,23.95,88.1,41.6,48.0,0,No Failure,200.9,67.0,0.0,2.46,21.1
H,2.91,91.7,9.56,107.1,40.6,659.0,1,Bearing Thermal Seizure,10.4,5.4,2.0,2.67,10.24
H,3.3,85.2,19.26,88.7,45.5,541.0,0,No Failure,154.7,51.6,2.0,2.81,17.08
M,4.27,61.4,24.11,87.8,50.9,1007.0,0,No Failure,170.8,56.9,1.0,2.62,21.17
M,2.25,59.7,25.34,85.1,43.1,966.0,0,No Failure,193.9,64.6,1.0,1.34,21.56
L,5.7,34.58,20.13,90.4,49.5,940.0,0,No Failure,156.2,52.1,0.0,1.97,18.2
M,0.97,56.8,19.68,80.6,51.7,850.0,0,No Failure,231.2,77.1,1.0,0.55,15.86
H,4.56,70.4,15.54,87.8,49.9,1078.0,0,No Failure,145.4,48.5,2.0,3.21,13.64
H,5.26,93.4,18.06,87.5,35.2,503.0,0,No Failure,96.0,32.0,2.0,4.91,15.8
H,3.84,72.5,19.55,84.7,42.8,281.0,0,No Failure,181.2,60.4,2.0,2.78,16.56
M,3.63,69.3,16.53,82.7,39.6,769.0,0,No Failure,160.2,53.4,1.0,2.52,13.67
M,1.22,49.9,12.71,73.7,50.4,963.0,0,No Failure,235.8,78.6,1.0,0.61,9.37
M,2.72,69.1,19.1,84.5,45.0,798.0,0,No Failure,180.8,60.3,1.0,1.88,16.14
M,4.95,74.1,13.48,93.6,48.1,1022.0,0,No Failure,135.7,45.2,1.0,3.67,12.62
M,2.82,75.3,24.09,87.1,34.0,330.0,0,No Failure,170.7,56.9,1.0,2.12,20.98
L,2.23,53.6,16.16,83.3,51.5,1123.0,0,No Failure,207.4,69.1,0.0,1.2,13.46
M,1.97,57.1,19.29,80.5,52.9,384.0,0,No Failure,240.7,80.2,1.0,1.12,15.53
L,2.79,80.5,16.94,82.4,38.4,1036.0,0,No Failure,133.3,44.4,0.0,2.25,13.96
M,1.88,77.2,18.44,81.3,38.1,259.0,0,No Failure,190.2,63.4,1.0,1.45,14.99
L,4.12,69.0,17.45,86.7,47.6,201.0,0,No Failure,197.2,65.7,0.0,2.84,15.13
H,1.78,70.7,15.97,79.9,43.4,558.0,0,No Failure,199.1,66.4,2.0,1.26,12.76
M,1.25,66.4,27.01,85.5,46.8,13.0,0,No Failure,248.0,82.7,1.0,0.83,23.09
M,4.37,69.5,21.84,89.7,43.3,37.0,0,No Failure,193.3,64.4,1.0,3.04,19.59
M,5.36,58.5,24.58,91.8,50.7,856.0,0,No Failure,169.9,56.6,1.0,3.14,22.56
M,6.19,64.7,17.52,95.0,40.4,319.0,0,No Failure,159.7,53.2,1.0,4.0,16.64
L,2.75,76.7,15.12,82.0,40.5,1198.0,0,No Failure,137.1,45.7,0.0,2.11,12.4
L,3.34,63.1,21.25,91.2,30.8,439.0,0,No Failure,177.1,59.0,0.0,2.11,19.38
H,2.69,55.0,25.62,85.1,51.9,1039.0,0,No Failure,202.7,67.6,2.0,1.48,21.8
L,4.57,81.7,24.0,93.2,35.5,139.0,0,No Failure,147.2,49.1,0.0,3.73,22.37
L,1.5,79.1,23.44,80.8,20.0,297.0,0,No Failure,207.3,69.1,0.0,1.19,18.94
L,2.44,76.4,20.92,84.3,43.9,392.0,0,No Failure,188.2,62.7,0.0,1.86,17.64
L,3.28,59.5,22.88,84.3,39.3,942.0,0,No Failure,175.2,58.4,0.0,1.95,19.29
M,2.28,73.0,22.01,83.2,54.1,1030.0,0,No Failure,172.6,57.5,1.0,1.66,18.31
M,9.566,68.2,19.62,81.0,44.4,467.0,0,No Failure,189.3,63.1,1.0,6.52,15.89
M,4.11,66.4,13.24,79.4,49.1,1171.0,0,No Failure,154.7,51.6,1.0,2.73,10.51
L,3.85,77.1,18.91,83.3,27.1,804.0,1,Lubrication Breakdown,6.1,39.1,0.0,2.97,15.75
L,3.11,63.5,16.38,82.7,33.5,533.0,0,No Failure,179.4,59.8,0.0,1.97,13.55
L,0.89,61.6,19.94,73.5,35.7,332.0,0,No Failure,226.4,75.5,0.0,0.55,14.66
L,1.77,50.7,23.36,80.4,45.5,763.0,0,No Failure,232.7,77.6,0.0,0.9,18.78
L,3.48,64.4,25.43,88.3,53.1,229.0,0,No Failure,214.1,71.4,0.0,2.24,22.45
M,1.31,75.7,19.12,74.6,42.0,559.0,0,No Failure,192.7,64.2,1.0,0.99,14.26
L,2.86,82.4,20.33,85.4,44.6,211.0,0,No Failure,181.0,60.3,0.0,2.36,17.36
L,3.4,76.0,18.64,84.6,42.0,609.0,0,No Failure,162.1,54.0,0.0,2.58,15.77
H,2.7,71.5,22.29,85.5,53.7,470.0,0,No Failure,198.1,66.0,2.0,1.93,19.06
L,2.47,63.4,22.92,82.7,44.3,783.0,0,No Failure,195.0,65.0,0.0,1.57,18.95
M,5.95,74.1,15.42,92.2,50.7,246.0,0,No Failure,161.4,53.8,1.0,4.41,14.22
M,5.66,74.3,15.93,97.1,42.1,951.0,0,No Failure,118.9,39.6,1.0,4.21,15.47
M,4.86,71.3,20.84,88.2,39.9,1142.0,0,No Failure,121.9,40.6,1.0,3.47,18.38
H,3.41,70.5,22.22,86.0,44.0,1015.0,0,No Failure,156.3,52.1,2.0,2.4,19.11
M,2.79,79.8,21.44,84.2,36.6,923.0,0,No Failure,137.1,45.7,1.0,2.23,18.05
M,2.72,68.3,19.95,83.7,56.7,898.0,0,No Failure,182.8,60.9,1.0,1.86,16.7
L,0.88,55.6,15.92,74.5,40.8,215.0,0,No Failure,253.5,84.5,0.0,0.49,11.86
L,1.49,74.7,21.17,76.8,42.0,1005.0,0,No Failure,170.0,56.7,0.0,1.11,16.26
L,4.59,95.3,16.57,89.0,44.0,150.0,0,No Failure,134.5,44.8,0.0,4.37,14.75
M,0.89,62.5,19.03,81.9,35.6,638.0,0,No Failure,209.1,69.7,1.0,0.56,15.59
L,5.65,79.5,8.67,93.6,46.9,894.0,0,No Failure,120.2,40.1,0.0,4.49,8.12
L,1.98,75.1,13.18,78.8,47.7,98.0,0,No Failure,218.4,72.8,0.0,1.49,10.39
L,2.35,102.62,18.23,83.7,31.5,339.0,0,No Failure,160.7,53.6,0.0,2.41,15.26
L,2.0,57.2,18.56,79.7,51.2,805.0,0,No Failure,219.1,73.0,0.0,1.14,14.79
M,3.93,76.8,19.46,94.9,43.0,748.0,0,No Failure,148.4,49.5,1.0,3.02,18.47
H,4.51,80.8,21.11,85.4,50.6,586.0,0,No Failure,149.9,50.0,2.0,3.64,18.03
M,6.85,75.8,22.78,93.8,44.55,821.0,0,No Failure,97.8,32.6,1.0,5.19,21.37
L,3.6,34.58,13.62,85.9,45.3,637.0,0,No Failure,208.0,69.3,0.0,1.24,11.7
L,2.68,34.58,16.78,79.3,52.7,395.0,0,No Failure,200.5,66.8,0.0,0.93,13.31
L,1.27,53.6,19.26,79.2,41.6,273.0,0,No Failure,251.0,83.7,0.0,0.68,15.25
M,4.48,68.2,18.98,90.1,39.1,960.0,0,No Failure,140.8,46.9,1.0,3.06,17.1
M,2.53,74.0,15.96,87.1,40.9,748.0,0,No Failure,168.6,56.2,1.0,1.87,13.9
L,1.43,62.3,22.97,81.7,55.5,430.0,0,No Failure,235.1,78.4,0.0,0.89,18.77
M,2.61,64.5,20.67,79.2,51.3,995.0,0,No Failure,187.0,62.3,1.0,1.68,16.37
H,5.43,58.6,12.29,93.9,48.1,918.0,0,No Failure,165.6,55.2,2.0,3.18,11.54
M,1.97,68.6,20.7,81.9,45.7,199.0,0,No Failure,223.5,74.5,1.0,1.35,16.95
H,2.58,70.3,23.84,85.3,45.1,684.0,0,No Failure,186.1,62.0,2.0,1.81,20.34
M,4.84,65.2,21.19,87.6,36.0,1142.0,0,No Failure,127.4,42.5,1.0,3.16,18.56
L,4.39,68.6,26.73,92.0,44.4,281.0,1,Motor Winding Overload,6.8,61.6,0.0,3.01,24.59
L,1.11,70.9,8.85,78.9,44.7,1196.0,0,No Failure,177.9,59.3,0.0,0.79,6.98
M,3.98,45.9,18.61,82.3,41.3,851.0,0,No Failure,193.2,64.4,1.0,1.83,15.32
H,3.94,73.6,20.39,88.1,44.3,862.0,0,No Failure,151.3,50.4,2.0,2.9,17.96
L,1.41,34.58,16.6,80.5,53.8,824.0,0,No Failure,205.9,68.6,0.0,0.49,13.36
L,0.44,58.6,20.77,80.0,50.9,858.0,0,No Failure,234.1,78.0,0.0,0.26,16.62
L,4.47,71.4,19.26,92.6,47.6,173.0,0,No Failure,189.2,63.1,0.0,3.19,17.83
H,5.67,77.2,17.25,89.4,41.7,777.0,0,No Failure,121.0,40.3,2.0,4.38,15.42
M,2.84,64.7,21.03,81.9,45.3,220.0,0,No Failure,217.5,72.5,1.0,1.84,17.22
L,2.76,68.2,14.07,84.4,37.1,686.0,0,No Failure,173.5,57.8,0.0,1.88,11.88
L,5.28,74.2,19.69,95.1,44.4,1089.0,0,No Failure,121.4,40.5,0.0,3.92,18.73
M,0.57,55.3,19.45,78.5,41.8,126.0,0,No Failure,264.5,88.2,1.0,0.32,15.27
L,3.49,53.0,11.39,87.6,53.0,69.0,0,No Failure,244.7,81.6,0.0,1.85,9.98
H,6.12,70.6,21.6,94.3,44.0,532.0,0,No Failure,134.2,44.7,2.0,4.32,20.37
L,0.99,69.0,20.53,78.6,44.4,757.0,0,No Failure,204.9,68.3,0.0,0.68,16.14
M,1.45,59.7,21.21,81.6,42.2,357.0,0,No Failure,233.3,77.8,1.0,0.87,17.31
L,2.47,51.5,20.59,85.7,39.5,28.0,0,No Failure,247.9,82.6,0.0,1.27,17.65
L,1.51,69.5,21.31,76.1,37.6,809.0,0,No Failure,182.0,60.7,0.0,1.05,16.22
M,1.44,71.4,21.75,74.9,43.8,477.0,0,No Failure,206.9,69.0,1.0,1.03,16.29
H,4.23,71.6,10.85,89.7,37.2,1089.0,0,No Failure,127.4,42.5,2.0,3.03,9.73
L,1.84,65.2,23.59,87.2,42.0,614.0,0,No Failure,204.0,68.0,0.0,1.2,20.57
L,1.79,66.2,19.88,77.0,35.9,386.0,0,No Failure,203.0,67.7,0.0,1.18,15.31
H,5.37,83.7,19.49,92.5,39.1,297.0,0,No Failure,131.2,43.7,2.0,4.49,18.03
H,4.57,72.7,15.42,88.5,48.6,1026.0,0,No Failure,143.3,47.8,2.0,3.32,13.65
M,6.06,71.8,16.97,96.8,48.7,837.0,0,No Failure,135.0,45.0,1.0,4.35,16.43
L,0.8,66.6,25.5,76.9,34.3,424.0,0,No Failure,210.4,70.1,0.0,0.53,19.61
L,4.38,70.8,20.09,93.4,39.5,547.0,0,No Failure,158.3,52.8,0.0,3.1,18.76
L,1.98,64.5,18.91,82.1,48.4,887.0,0,No Failure,200.7,66.9,0.0,1.28,15.53
L,3.74,67.0,17.3,83.7,51.5,207.0,0,No Failure,206.6,68.9,0.0,2.51,14.48
L,5.97,83.1,19.29,91.3,38.5,876.0,0,No Failure,94.5,31.5,0.0,4.96,17.61
H,3.13,72.0,12.46,84.5,44.6,804.0,0,No Failure,168.6,56.2,2.0,2.25,10.53
M,2.9,58.8,8.71,84.0,46.8,744.0,0,No Failure,205.0,68.3,1.0,1.71,7.32
M,3.29,72.7,18.02,84.3,42.5,281.0,0,No Failure,187.5,62.5,1.0,2.39,15.19
L,2.87,69.2,21.16,80.2,45.5,279.0,0,No Failure,205.5,68.5,0.0,1.99,16.97
L,1.07,41.6,22.54,79.1,44.4,819.0,0,No Failure,245.0,81.7,0.0,0.45,17.83
M,5.73,68.3,17.8,95.9,40.6,1140.0,0,No Failure,117.9,39.3,1.0,3.91,17.07
L,2.23,55.4,20.47,81.1,47.2,958.0,0,No Failure,210.6,70.2,0.0,1.24,16.6
L,2.97,60.6,16.93,81.6,53.9,727.0,0,No Failure,203.5,67.8,0.0,1.8,13.81
M,7.79,66.6,15.56,93.2,55.2,562.0,1,Harmonic Resonance,2.0,45.5,1.0,5.19,14.5
M,1.46,70.6,16.14,78.0,42.0,1132.0,0,No Failure,172.2,57.4,1.0,1.03,12.59
H,6.58,70.2,14.57,90.3,39.2,742.0,0,No Failure,120.3,40.1,2.0,4.62,13.16
H,4.45,75.2,11.33,92.3,54.1,12.0,0,No Failure,190.6,63.5,2.0,3.35,10.46
M,0.99,102.62,18.37,77.9,55.2,692.0,0,No Failure,223.6,74.5,1.0,1.02,14.31
M,6.09,83.8,33.088,100.1,33.9,573.0,0,No Failure,98.4,32.8,1.0,5.1,33.12
L,2.03,52.2,17.1,76.2,55.8,855.0,0,No Failure,226.2,75.4,0.0,1.06,13.03
M,4.92,72.0,21.5,90.4,51.1,611.0,0,No Failure,160.9,53.6,1.0,3.54,19.44
L,1.22,70.8,13.96,78.1,37.4,170.0,0,No Failure,214.8,71.6,0.0,0.86,10.9
L,4.05,74.0,23.15,89.8,35.0,279.0,0,No Failure,161.5,53.8,0.0,3.0,20.79
M,1.06,52.3,18.87,75.9,52.8,712.0,0,No Failure,245.9,82.0,1.0,0.55,14.32
L,4.44,73.3,17.64,85.0,40.5,1109.0,0,No Failure,126.2,42.1,0.0,3.25,14.99
L,9.55,66.2,17.49,81.8,40.1,1003.0,0,No Failure,188.8,62.9,0.0,6.32,14.31
H,5.54,75.1,16.24,87.5,47.7,268.0,0,No Failure,163.1,54.4,2.0,4.16,14.21
L,5.05,69.7,20.72,89.6,68.6,331.0,0,No Failure,177.8,59.3,0.0,3.52,18.57
M,0.81,57.5,21.85,77.5,45.8,-1015.0,0,No Failure,269.5,89.8,1.0,0.47,16.93
M,0.1,65.5,21.89,76.8,37.5,123.0,0,No Failure,242.6,80.9,1.0,0.07,16.81
H,5.55,71.6,20.81,90.9,41.1,437.0,0,No Failure,149.7,49.9,2.0,3.97,18.92
L,2.72,64.2,19.66,82.4,48.3,210.0,0,No Failure,225.4,75.1,0.0,1.75,16.2
L,6.5,73.1,17.97,94.5,51.1,1048.0,0,No Failure,116.1,38.7,0.0,4.75,16.98
M,1.32,56.5,16.06,75.2,41.1,751.0,0,No Failure,219.7,73.2,1.0,0.75,12.08
L,1.48,46.7,17.16,72.7,47.5,21.0,0,No Failure,278.6,92.9,0.0,0.69,12.48
M,0.97,75.4,15.76,80.5,43.0,361.0,0,No Failure,209.4,69.8,1.0,0.73,12.69
M,3.07,64.6,14.02,76.4,40.0,277.0,0,No Failure,202.3,67.4,1.0,1.98,10.71
L,5.17,72.9,19.12,95.1,43.6,94.0,0,No Failure,173.7,57.9,0.0,3.77,18.18
M,6.8,80.0,24.49,96.0,39.5,850.0,0,No Failure,92.9,31.0,1.0,5.44,23.51
L,2.17,76.0,16.64,79.1,37.3,370.0,0,No Failure,181.8,60.6,0.0,1.65,13.16
H,1.11,70.1,20.18,81.9,55.8,225.0,0,No Failure,234.0,78.0,2.0,0.78,16.53
L,6.02,66.8,14.86,96.9,54.9,480.0,0,No Failure,163.4,54.5,0.0,4.02,14.4
M,3.37,61.2,24.43,91.3,49.1,447.0,0,No Failure,211.0,70.3,1.0,2.06,22.3
M,1.9,70.1,23.52,84.6,52.3,327.0,0,No Failure,218.5,72.8,1.0,1.33,19.9
L,2.35,68.0,17.08,82.6,43.9,531.0,0,No Failure,199.2,66.4,0.0,1.6,14.11
M,4.29,73.4,18.11,84.7,47.3,1159.0,0,No Failure,137.7,45.9,1.0,3.15,15.34
L,2.16,48.4,23.37,75.4,44.0,746.0,0,No Failure,227.2,75.7,0.0,1.05,17.62
L,2.37,68.8,10.13,81.0,44.4,937.0,0,No Failure,178.0,59.3,0.0,1.63,8.21
L,1.68,68.6,20.83,78.6,39.7,671.0,0,No Failure,192.3,64.1,0.0,1.15,16.37
L,3.56,62.1,20.45,83.7,41.2,196.0,0,No Failure,207.0,69.0,0.0,2.21,17.12
M,3.36,66.3,17.88,85.9,49.1,279.0,0,No Failure,209.4,69.8,1.0,2.23,15.36
L,0.76,34.58,17.91,77.7,45.7,1175.0,0,No Failure,198.3,66.1,0.0,0.26,13.92
M,6.3,75.9,19.57,89.9,48.6,856.0,0,No Failure,122.7,40.9,1.0,4.78,17.59
H,3.44,79.3,18.03,86.4,25.9,1168.0,1,Lubrication Breakdown,5.0,32.7,2.0,2.73,15.58
H,1.94,50.7,12.43,78.9,43.4,623.0,0,No Failure,233.7,77.9,2.0,0.98,9.81
M,4.19,61.6,17.95,86.0,40.7,379.0,0,No Failure,189.7,63.2,1.0,2.58,15.44
L,3.5,83.8,11.28,86.1,42.3,338.0,0,No Failure,159.3,53.1,0.0,2.93,9.71
M,1.96,72.4,18.47,76.2,41.0,421.0,0,No Failure,195.8,65.3,1.0,1.42,14.07
H,4.89,86.8,20.09,89.3,38.4,390.0,0,No Failure,125.4,41.8,2.0,4.24,17.94
L,2.06,71.2,23.04,84.8,45.5,912.0,0,No Failure,180.5,60.2,0.0,1.47,19.54
L,9.42,79.8,23.89,107.1,45.1,989.0,1,Harmonic Resonance,7.0,20.7,0.0,7.52,25.59
M,2.65,62.9,12.32,84.0,51.4,946.0,0,No Failure,192.1,64.0,1.0,1.67,10.35
L,2.16,62.9,17.38,83.3,49.6,594.0,0,No Failure,216.2,72.0,0.0,1.36,14.48
H,3.21,79.6,13.12,87.8,32.7,468.0,0,No Failure,147.7,49.2,2.0,2.56,11.52
L,5.01,68.3,15.74,90.0,46.5,882.0,0,No Failure,150.8,50.3,0.0,3.42,14.17
L,5.4,66.7,21.6,95.2,43.7,27.0,0,No Failure,186.6,62.2,0.0,3.6,20.56
M,3.15,59.7,24.76,85.8,46.3,1180.0,0,No Failure,177.2,59.1,1.0,1.88,21.24
L,4.82,73.8,8.77,86.3,55.1,765.0,0,No Failure,150.9,50.3,0.0,3.56,7.57
L,2.19,73.4,16.48,77.3,41.2,58.0,0,No Failure,209.3,69.8,0.0,1.61,12.74
L,2.76,72.3,20.94,82.8,39.8,277.0,0,No Failure,190.6,63.5,0.0,2.0,17.34
M,4.8,85.2,15.42,92.3,39.3,860.0,0,No Failure,107.9,36.0,1.0,4.09,14.23
L,1.25,65.0,20.2,79.4,39.4,118.0,0,No Failure,232.2,77.4,0.0,0.81,16.04
M,4.36,68.8,21.37,88.3,44.0,157.0,0,No Failure,190.1,63.4,1.0,3.0,18.87
L,5.68,47.4,21.62,91.6,49.2,480.0,0,No Failure,201.4,67.2,0.0,2.69,19.8
L,2.53,72.3,14.33,81.1,37.4,38.0,0,No Failure,201.2,67.1,0.0,1.83,11.62
L,4.66,70.2,16.83,90.5,39.6,658.0,0,No Failure,150.4,50.1,0.0,3.27,15.23
M,0.78,59.2,18.84,75.0,46.1,591.0,0,No Failure,228.1,76.0,1.0,0.46,14.13
M,4.01,47.9,17.29,87.9,50.7,527.0,0,No Failure,221.0,73.7,1.0,1.92,15.2
L,0.93,75.6,21.31,77.4,41.5,175.0,0,No Failure,216.1,72.0,0.0,0.7,16.49
H,2.61,75.2,18.21,86.7,36.4,537.0,0,No Failure,167.6,55.9,2.0,1.96,15.79
M,0.77,53.3,22.55,82.4,58.7,823.0,0,No Failure,242.1,80.7,1.0,0.41,18.58
L,3.04,73.5,17.12,80.7,61.1,901.0,0,No Failure,168.0,56.0,0.0,2.23,13.82
L,2.34,67.8,17.84,82.7,46.6,251.0,0,No Failure,218.6,72.9,0.0,1.59,14.75
H,3.46,79.3,18.47,81.9,36.9,331.0,0,No Failure,159.5,53.2,2.0,2.74,15.13
L,3.1,74.3,16.88,82.2,53.9,707.0,0,No Failure,175.4,58.5,0.0,2.3,13.88
L,2.39,80.8,21.97,80.2,44.4,788.0,0,No Failure,167.6,55.9,0.0,1.93,17.62
M,4.64,68.5,11.65,89.5,53.6,561.0,0,No Failure,174.0,58.0,1.0,3.18,10.43
M,1.49,61.1,18.52,77.0,54.3,1184.0,0,No Failure,199.0,66.3,1.0,0.91,14.26
M,3.96,69.0,25.29,92.3,41.4,843.0,0,No Failure,156.0,52.0,1.0,2.73,23.34
L,4.95,76.3,14.94,90.3,44.5,1117.0,0,No Failure,120.3,40.1,0.0,3.78,13.49
M,2.97,74.5,15.04,80.3,38.5,696.0,0,No Failure,160.1,53.4,1.0,2.21,12.08
M,3.97,70.1,22.24,87.7,49.1,1125.0,0,No Failure,151.4,50.5,1.0,2.78,19.5
M,2.93,57.9,15.83,86.9,52.4,51.0,0,No Failure,243.2,81.1,1.0,1.7,13.76
H,3.26,69.45,19.56,88.0,34.4,980.0,0,No Failure,140.1,46.7,2.0,2.26,17.21
L,0.96,66.7,17.53,80.2,44.7,500.0,0,No Failure,223.1,74.4,0.0,0.64,14.06
M,1.95,64.5,20.42,83.6,48.5,1036.0,0,No Failure,193.6,64.5,1.0,1.26,17.07
L,5.08,79.1,15.18,83.7,38.2,324.0,0,No Failure,141.3,47.1,0.0,4.02,12.71
L,4.41,72.1,12.56,92.4,34.7,1114.0,0,No Failure,118.3,39.4,0.0,3.18,11.61
L,5.26,73.4,15.2,91.3,42.1,764.0,0,No Failure,135.3,45.1,0.0,3.86,13.88
M,4.56,67.3,19.6,89.6,55.1,590.0,0,No Failure,176.0,58.7,1.0,3.07,17.56
L,3.81,61.1,16.39,85.7,41.5,1117.0,0,No Failure,160.2,53.4,0.0,2.33,14.05
L,2.02,67.6,19.91,80.7,41.2,115.0,0,No Failure,220.3,73.4,0.0,1.37,16.07
L,2.99,102.62,23.16,87.1,20.0,934.0,0,No Failure,133.0,44.3,0.0,3.07,20.17
L,3.79,64.6,21.26,85.9,44.6,474.0,0,No Failure,191.2,63.7,0.0,2.45,18.26
L,2.68,53.8,16.58,85.5,46.7,1116.0,0,No Failure,199.1,66.4,0.0,1.44,14.18
L,0.55,67.2,9.3,71.7,38.3,558.0,0,No Failure,213.0,71.0,0.0,0.37,6.67
M,4.72,79.0,14.55,90.5,37.2,973.0,0,No Failure,112.0,37.3,1.0,3.73,13.17
L,1.29,58.3,19.2,79.2,43.7,179.0,0,No Failure,249.8,83.3,0.0,0.75,15.21
M,6.1,69.2,19.56,94.5,46.8,654.0,0,No Failure,146.7,48.9,1.0,4.22,18.48
H,5.16,76.0,23.05,96.8,38.2,807.0,0,No Failure,122.3,40.8,2.0,3.92,22.31
L,8.73,83.8,19.67,102.2,44.9,147.0,1,Bearing Thermal Seizure,1.6,35.0,0.0,7.32,20.1
L,3.06,82.9,19.18,83.7,41.4,507.0,0,No Failure,156.8,52.3,0.0,2.54,16.05
H,7.8,70.9,19.57,97.7,38.9,414.0,1,Harmonic Resonance,2.7,39.6,2.0,5.53,19.12
M,1.31,76.1,16.9,79.8,36.9,219.0,0,No Failure,199.7,66.6,1.0,1.0,13.49
H,5.59,62.1,12.63,92.0,40.3,318.0,0,No Failure,172.7,57.6,2.0,3.47,11.62
L,4.54,85.5,17.32,88.6,37.6,1160.0,0,No Failure,92.7,30.9,0.0,3.88,15.35
L,4.18,81.7,19.16,84.0,53.7,632.0,0,No Failure,150.1,50.0,0.0,3.42,16.09
L,3.31,69.7,21.49,89.1,46.5,500.0,0,No Failure,189.5,63.2,0.0,2.31,19.15
L,4.12,78.1,20.37,83.5,42.5,518.0,0,No Failure,153.9,51.3,0.0,3.22,17.01
L,2.54,71.7,18.87,79.8,36.4,811.0,0,No Failure,161.8,53.9,0.0,1.82,15.06
L,2.99,59.9,22.03,87.3,32.9,248.0,0,No Failure,201.4,67.1,0.0,1.79,19.23
L,7.0,71.8,16.51,95.9,47.2,894.0,0,No Failure,118.4,39.5,0.0,5.03,15.83
H,2.49,50.7,30.14,85.8,43.6,523.0,0,No Failure,231.8,77.3,2.0,1.26,25.86
M,2.67,56.0,18.11,86.6,53.3,597.0,0,No Failure,223.1,74.4,1.0,1.5,15.68
M,1.76,59.9,14.11,81.0,50.3,424.0,0,No Failure,235.9,78.6,1.0,1.05,11.43
L,0.71,69.3,14.12,72.2,44.4,864.0,0,No Failure,208.9,69.6,0.0,0.49,10.19
L,7.55,68.5,13.8,94.7,42.4,642.0,1,Harmonic Resonance,9.1,34.9,0.0,5.17,13.07
L,4.36,66.8,16.15,89.1,53.8,520.0,0,No Failure,183.2,61.1,0.0,2.91,14.39
M,1.55,60.6,7.08,81.4,45.0,813.0,0,No Failure,212.4,70.8,1.0,0.94,5.76
L,7.51,82.3,27.76,100.3,45.2,396.0,1,Bearing Thermal Seizure,4.0,37.3,0.0,6.18,27.84
L,1.3,80.5,11.89,77.2,40.5,223.0,0,No Failure,197.3,65.8,0.0,1.05,9.18
M,2.04,65.0,18.84,77.7,46.9,97.0,0,No Failure,236.4,78.8,1.0,1.33,14.64
H,3.99,76.0,15.19,85.5,41.8,951.0,0,No Failure,136.9,45.6,2.0,3.03,12.99
L,2.7,85.7,19.67,81.9,50.9,729.0,0,No Failure,156.7,52.2,0.0,2.31,16.11
L,6.93,78.0,15.84,94.3,53.3,589.0,0,No Failure,123.6,41.2,0.0,5.41,14.94
L,6.47,87.9,16.7,94.7,44.2,326.0,1,Bearing Thermal Seizure,1.7,38.7,0.0,5.69,15.81
L,2.12,59.2,19.69,82.5,49.6,676.0,0,No Failure,220.0,73.3,0.0,1.26,16.24
M,4.06,78.1,18.29,87.2,47.2,732.0,0,No Failure,152.5,50.8,1.0,3.17,15.95
M,2.53,72.5,18.41,85.1,50.7,963.0,0,No Failure,173.6,57.9,1.0,1.83,15.67
M,1.6,70.6,14.29,76.9,39.4,409.0,0,No Failure,201.9,67.3,1.0,1.13,10.99
M,1.61,77.5,20.1,86.3,37.3,285.0,0,No Failure,190.4,63.5,1.0,1.25,17.35
M,6.32,66.3,20.34,96.9,34.7,977.0,0,No Failure,111.7,37.2,1.0,4.19,19.71
H,1.19,46.4,23.56,86.0,52.5,629.0,0,No Failure,252.9,84.3,2.0,0.55,20.26
M,4.43,71.8,20.5,91.1,44.8,483.0,0,No Failure,168.3,56.1,1.0,3.18,18.68
L,0.81,72.7,18.21,79.0,44.1,230.0,0,No Failure,225.4,75.1,0.0,0.59,14.39
M,4.08,56.1,11.27,83.8,68.6,699.0,0,No Failure,199.3,66.4,1.0,2.29,9.44
L,1.71,68.6,16.13,79.1,46.3,240.0,0,No Failure,225.3,75.1,0.0,1.17,12.76
M,3.63,71.0,15.62,87.5,35.8,119.0,0,No Failure,182.4,60.8,1.0,2.58,13.67
M,2.26,75.2,18.9,83.4,38.8,463.0,0,No Failure,180.2,60.1,1.0,1.7,15.76
M,2.55,63.1,15.02,80.3,45.1,96.0,0,No Failure,230.3,76.8,1.0,1.61,12.06
L,5.52,75.4,15.68,92.8,38.5,883.0,0,No Failure,115.5,38.5,0.0,4.16,14.55
L,3.84,59.7,18.02,84.8,46.1,104.0,0,No Failure,221.6,73.9,0.0,2.29,15.28
L,0.91,59.8,17.26,77.7,43.2,64.0,0,No Failure,256.6,85.5,0.0,0.54,13.41
H,4.87,76.5,19.67,92.6,42.2,1009.0,0,No Failure,122.2,40.7,2.0,3.73,18.21
M,2.21,71.6,13.89,78.6,39.8,1132.0,0,No Failure,156.4,52.1,1.0,1.58,10.92
M,3.92,76.6,21.62,81.7,37.5,1178.0,0,No Failure,117.5,39.2,1.0,3.0,17.66
L,5.54,85.8,20.5,91.8,40.2,789.0,0,No Failure,102.2,34.1,0.0,4.75,18.82
M,2.87,66.5,3.712,81.9,42.4,736.0,0,No Failure,182.5,60.8,1.0,1.91,3.04
H,2.23,71.6,24.46,85.3,53.8,698.0,0,No Failure,192.6,64.2,2.0,1.6,20.86
L,2.83,91.1,21.09,91.6,34.3,19.0,0,No Failure,113.4,37.8,0.0,2.58,19.32
L,6.14,56.8,26.06,97.8,40.8,1151.0,0,No Failure,135.3,45.1,0.0,3.49,25.49
M,2.2,62.4,19.13,78.7,58.3,155.0,0,No Failure,238.6,79.5,1.0,1.37,15.06
M,2.16,64.6,16.98,79.3,50.9,861.0,0,No Failure,199.4,66.5,1.0,1.4,13.47
L,3.15,102.62,21.24,91.5,43.9,525.0,0,No Failure,198.2,66.1,0.0,3.23,19.43
M,2.69,75.6,14.4,80.5,47.2,549.0,0,No Failure,184.6,61.5,1.0,2.03,11.59
M,5.34,73.2,15.64,92.4,47.0,745.0,0,No Failure,144.5,48.2,1.0,3.91,14.45
H,2.35,52.9,18.4,85.2,54.4,59.0,0,No Failure,260.4,86.8,2.0,1.24,15.68
L,2.83,77.8,15.68,76.2,51.5,1109.0,0,No Failure,165.2,55.1,0.0,2.2,11.95
L,2.03,67.0,20.01,83.0,53.6,998.0,0,No Failure,189.5,63.2,0.0,1.36,16.61
H,2.53,71.1,25.08,82.7,51.0,755.0,0,No Failure,186.8,62.3,2.0,1.8,20.74
M,4.48,72.8,20.22,87.1,42.1,854.0,0,No Failure,142.3,47.4,1.0,3.26,17.61
L,5.6,68.5,20.84,98.7,44.4,613.0,0,No Failure,155.0,51.7,0.0,3.84,20.57
L,0.89,64.9,15.6,72.2,50.0,171.0,0,No Failure,250.0,83.3,0.0,0.58,11.26
H,3.48,72.0,16.53,82.9,43.0,822.0,0,No Failure,160.2,53.4,2.0,2.51,13.7
M,3.72,62.8,18.36,90.5,49.7,994.0,0,No Failure,175.9,58.6,1.0,2.34,16.62
L,-3.556,66.3,19.94,89.6,42.5,13.0,0,No Failure,204.7,68.2,0.0,-2.36,17.87
L,1.76,71.4,15.83,83.7,29.7,1145.0,1,Lubrication Breakdown,8.2,48.0,0.0,1.26,13.25
L,2.05,90.7,20.82,80.2,28.4,159.0,0,No Failure,148.5,49.5,0.0,1.86,16.7
L,0.91,63.4,12.26,75.6,54.8,2193.0,0,No Failure,223.5,74.5,0.0,0.58,9.27
L,1.94,64.8,20.12,80.8,47.0,284.0,0,No Failure,228.9,76.3,0.0,1.26,16.26
L,2.83,67.4,14.94,79.4,47.5,987.0,0,No Failure,194.6,64.9,0.0,1.91,11.86
L,1.08,72.2,16.22,61.2,52.3,40.0,0,No Failure,239.4,79.8,0.0,0.78,9.93
L,1.05,68.1,18.42,107.1,49.0,543.0,0,No Failure,222.9,74.3,0.0,0.72,19.73
L,2.23,77.6,22.96,83.1,48.0,-1015.0,0,No Failure,193.3,64.4,0.0,1.73,19.08
M,5.71,63.4,24.74,96.4,41.6,461.0,0,No Failure,163.7,54.6,1.0,3.62,23.85
H,7.68,65.2,21.68,100.9,50.6,328.0,1,Harmonic Resonance,9.5,50.8,2.0,5.01,21.88
M,1.4,66.6,16.68,79.7,37.2,89.0,0,No Failure,224.5,74.8,1.0,0.93,13.29
M,3.15,65.1,15.81,83.3,36.0,826.0,0,No Failure,165.6,55.2,1.0,2.05,13.17
H,2.1,54.2,19.44,79.7,30.1,724.0,1,Lubrication Breakdown,11.6,65.2,2.0,1.14,15.49
L,1.46,71.3,26.8,83.5,38.9,1019.0,0,No Failure,170.9,57.0,0.0,1.04,22.38
M,3.86,71.6,17.74,83.3,39.5,2150.0,0,No Failure,167.6,55.9,1.0,2.76,14.78
L,1.5,61.0,13.12,74.9,39.7,377.0,0,No Failure,224.5,74.8,0.0,0.92,9.83
L,2.64,79.1,22.7,87.0,43.9,88.0,0,No Failure,195.4,65.1,0.0,2.09,19.75
L,2.15,68.5,18.73,107.1,29.5,838.0,1,Lubrication Breakdown,2.1,44.8,0.0,1.47,20.06
H,1.64,64.9,16.01,75.3,42.6,964.0,0,No Failure,190.8,63.6,2.0,1.06,12.06
M,2.53,63.8,15.31,82.6,45.0,11.0,0,No Failure,233.2,77.7,1.0,1.61,12.65
L,5.05,69.3,22.23,62.73,49.0,81.0,0,No Failure,191.1,63.7,0.0,3.5,13.94
H,2.48,73.3,24.58,84.7,49.4,1011.0,0,No Failure,170.3,56.8,2.0,1.82,20.82
M,2.71,75.7,14.02,84.6,39.6,716.0,0,No Failure,162.1,54.0,1.0,2.05,11.86
H,1.12,72.0,15.59,77.0,39.7,687.0,0,No Failure,192.0,64.0,2.0,0.81,12.0
M,2.86,65.0,13.24,79.0,41.4,1096.0,0,No Failure,165.8,55.3,1.0,1.86,10.46
M,2.09,70.4,12.69,78.9,43.0,1159.0,0,No Failure,164.8,54.9,1.0,1.47,10.01
H,1.55,58.4,27.83,83.3,53.1,302.0,0,No Failure,247.8,82.6,2.0,0.91,23.18
L,2.23,52.4,18.69,81.1,46.0,1126.0,0,No Failure,206.0,68.7,0.0,1.17,15.16
L,1.62,64.8,17.0,78.5,49.1,897.0,0,No Failure,204.3,68.1,0.0,1.05,13.34
L,7.61,68.5,18.02,101.1,44.0,330.0,1,Bearing Thermal Seizure,6.0,32.1,0.0,5.21,18.22
H,1.39,60.9,18.41,82.4,39.9,959.0,0,No Failure,197.4,65.8,2.0,0.85,15.17
L,1.47,69.0,21.51,79.6,57.8,740.0,0,No Failure,205.7,68.6,0.0,1.01,17.12
L,3.84,58.4,13.17,84.6,43.9,111.0,0,No Failure,219.9,73.3,0.0,2.24,11.14
L,0.98,55.7,17.08,79.9,41.2,556.0,0,No Failure,235.7,78.6,0.0,0.55,13.65
L,5.67,86.7,20.15,86.6,40.1,927.0,0,No Failure,91.6,30.5,0.0,4.92,17.45
L,3.03,66.9,18.55,85.3,47.1,580.0,0,No Failure,195.8,65.3,0.0,2.03,15.82
L,2.16,73.0,21.34,83.1,42.4,10.0,0,No Failure,215.1,71.7,0.0,1.58,17.73
H,2.44,69.2,33.088,82.5,42.5,698.0,0,No Failure,184.8,61.6,2.0,1.69,27.3
M,1.46,69.3,15.1,79.0,23.2,541.0,0,No Failure,170.5,56.8,1.0,1.01,11.93
M,0.42,68.8,14.85,75.1,52.6,689.0,0,No Failure,222.4,74.1,1.0,0.29,11.15
L,1.26,60.8,13.46,73.6,48.9,140.0,0,No Failure,254.9,85.0,0.0,0.77,9.91
H,2.75,60.2,19.14,80.8,51.1,413.0,0,No Failure,222.9,74.3,2.0,1.66,15.47
L,7.81,78.8,18.47,101.1,47.0,909.0,1,Harmonic Resonance,7.6,30.9,0.0,6.15,18.67
M,3.69,59.5,20.4,61.2,50.3,615.0,0,No Failure,201.8,67.3,1.0,2.2,12.48
L,3.48,64.1,28.19,88.4,36.9,242.0,1,Motor Winding Overload,4.7,64.7,0.0,2.23,24.92
L,2.04,58.2,23.68,83.3,51.8,484.0,0,No Failure,232.6,77.5,0.0,1.19,19.73
L,9.566,71.7,17.22,82.0,43.6,577.0,0,No Failure,168.5,56.2,0.0,6.86,14.12
L,4.0,72.8,18.55,91.1,43.9,1107.0,0,No Failure,139.2,46.4,0.0,2.91,16.9
L,5.14,77.8,20.62,93.3,44.2,568.0,0,No Failure,141.7,47.2,0.0,4.0,19.24
M,1.99,85.4,18.52,77.5,45.6,1190.0,0,No Failure,139.3,46.4,1.0,1.7,14.35
H,8.08,77.5,15.14,98.1,48.4,201.0,1,Harmonic Resonance,8.2,43.0,2.0,6.26,14.85
M,3.08,72.5,19.28,85.5,39.6,494.0,0,No Failure,174.8,58.3,1.0,2.23,16.48
L,5.33,76.7,13.05,94.1,43.0,59.0,0,No Failure,164.7,54.9,0.0,4.09,12.28
L,1.73,102.62,17.52,74.4,46.9,577.0,0,No Failure,198.9,66.3,0.0,1.78,13.03
H,1.82,64.8,18.25,83.5,36.4,957.0,0,No Failure,177.8,59.3,2.0,1.18,15.24
M,2.25,56.5,25.21,86.8,46.4,325.0,0,No Failure,238.3,79.4,1.0,1.27,21.88
L,5.17,69.3,25.4,92.0,68.6,1197.0,0,No Failure,122.5,40.8,0.0,3.58,23.37
M,7.18,80.3,21.99,100.6,50.9,712.0,0,No Failure,109.6,36.5,1.0,5.77,22.12
H,2.92,73.0,23.3,86.1,52.6,872.0,0,No Failure,172.1,57.4,2.0,2.13,20.06
M,2.25,68.7,33.088,82.4,32.9,482.0,0,No Failure,181.8,60.6,1.0,1.55,27.26
L,3.63,68.6,16.57,87.2,40.2,747.0,0,No Failure,163.8,54.6,0.0,2.49,14.45
L,3.86,70.2,18.78,86.6,32.7,927.0,0,No Failure,135.0,45.0,0.0,2.71,16.26
L,3.24,34.58,23.17,88.8,41.8,735.0,0,No Failure,175.0,58.3,0.0,1.12,20.57
M,3.09,55.9,26.68,85.0,48.4,16.0,0,No Failure,246.8,82.3,1.0,1.73,22.68
M,1.46,61.0,20.07,80.2,51.1,880.0,0,No Failure,214.8,71.6,1.0,0.89,16.1
H,2.78,75.9,20.26,79.3,38.5,812.0,0,No Failure,154.0,51.3,2.0,2.11,16.07
L,2.76,64.9,23.65,85.6,46.8,299.0,0,No Failure,216.9,72.3,0.0,1.79,20.24
H,5.65,102.62,19.81,95.4,26.6,328.0,0,No Failure,63.7,21.2,2.0,5.8,18.9
M,0.3,49.6,14.74,72.9,45.2,453.0,0,No Failure,268.4,89.5,1.0,0.15,10.75
L,2.08,83.1,20.27,83.3,49.1,545.0,0,No Failure,179.2,59.8,0.0,1.73,16.88
M,4.17,59.0,19.48,89.1,45.1,397.0,0,No Failure,202.2,67.4,1.0,2.46,17.36
L,4.24,62.5,25.73,87.4,42.2,873.0,0,No Failure,165.3,55.1,0.0,2.65,22.49
H,2.89,49.2,18.88,85.7,51.8,1176.0,0,No Failure,203.3,67.8,2.0,1.42,16.18
L,6.74,72.7,18.76,100.5,51.2,308.0,0,No Failure,150.7,50.2,0.0,4.9,18.85
M,1.46,73.6,18.68,83.8,44.7,126.0,0,No Failure,221.4,73.8,1.0,1.07,15.65
H,3.35,64.5,22.65,86.0,59.6,1184.0,0,No Failure,167.8,55.9,2.0,2.16,19.48
L,4.19,60.2,12.37,85.0,39.2,409.0,0,No Failure,188.3,62.8,0.0,2.52,10.51
M,8.13,82.5,19.25,95.2,46.0,28.0,1,Bearing Thermal Seizure,5.0,41.1,1.0,6.71,18.33
L,3.11,102.62,16.62,79.8,44.4,124.0,0,No Failure,207.2,69.1,0.0,3.19,13.26
H,7.32,68.5,16.37,96.5,51.4,160.0,0,No Failure,158.9,53.0,2.0,5.01,15.8
M,6.27,74.5,16.07,89.1,38.1,323.0,0,No Failure,134.7,44.9,1.0,4.67,14.32
M,1.3,59.9,15.57,77.6,39.4,26.0,0,No Failure,246.4,82.1,1.0,0.78,12.08
H,5.16,79.3,19.11,91.6,30.5,66.0,0,No Failure,138.9,46.3,2.0,4.09,17.5
L,5.46,80.4,15.81,93.1,45.2,403.0,0,No Failure,142.3,47.4,0.0,4.39,14.72
M,6.78,69.2,18.55,93.5,39.9,296.0,0,No Failure,143.2,47.7,1.0,4.69,17.34
L,-3.556,72.3,20.15,90.8,46.7,537.0,0,No Failure,158.4,52.8,0.0,-2.57,18.3
L,4.88,66.9,23.03,90.9,35.3,130.0,0,No Failure,172.8,57.6,0.0,3.26,20.93
H,0.88,60.8,18.1,75.1,51.5,1166.0,0,No Failure,208.6,69.5,2.0,0.54,13.59
L,0.79,60.9,15.35,73.5,35.1,425.0,0,No Failure,223.4,74.5,0.0,0.48,11.28
M,3.57,68.6,15.6,82.1,41.3,138.0,0,No Failure,207.6,69.2,1.0,2.45,12.81
M,2.72,64.1,16.71,84.6,45.6,635.0,0,No Failure,200.0,66.7,1.0,1.74,14.14
M,1.58,65.6,16.87,77.8,42.2,815.0,0,No Failure,196.9,65.6,1.0,1.04,13.12
H,0.88,55.0,20.6,76.3,36.5,63.0,0,No Failure,254.6,84.9,2.0,0.48,15.72
L,1.05,70.1,15.41,73.5,43.8,520.0,0,No Failure,212.5,70.8,0.0,0.74,11.33
H,2.03,70.5,15.92,83.4,43.2,606.0,0,No Failure,198.2,66.1,2.0,1.43,13.28
H,6.76,83.3,15.98,97.1,46.2,467.0,1,Bearing Thermal Seizure,5.3,39.4,2.0,5.63,15.52
L,5.52,76.1,16.32,94.4,44.3,785.0,0,No Failure,129.4,43.1,0.0,4.2,15.41
M,0.84,68.2,21.06,76.2,43.2,798.0,0,No Failure,204.0,68.0,1.0,0.57,16.05
H,3.61,64.1,19.22,84.9,47.4,773.0,0,No Failure,184.7,61.6,2.0,2.31,16.32
L,4.37,59.3,18.64,86.9,41.5,376.0,0,No Failure,193.5,64.5,0.0,2.59,16.2
H,7.18,80.8,26.04,100.9,36.3,709.0,0,No Failure,87.7,29.2,2.0,5.8,26.27
L,1.82,50.7,16.48,77.0,50.6,1080.0,0,No Failure,220.7,73.6,0.0,0.92,12.69
L,0.92,69.9,21.27,77.8,41.0,863.0,0,No Failure,192.4,64.1,0.0,0.64,16.55
L,-3.556,56.4,21.58,81.2,56.3,102.0,0,No Failure,264.4,88.1,0.0,-2.01,17.52
M,1.11,64.1,10.73,75.5,44.4,646.0,0,No Failure,218.5,72.8,1.0,0.71,8.1
M,2.97,87.2,12.44,83.3,48.9,209.0,0,No Failure,176.2,58.7,1.0,2.59,10.36
L,2.73,76.3,19.8,89.9,40.7,166.0,0,No Failure,190.1,63.4,0.0,2.08,17.8
L,3.2,62.3,20.1,87.8,45.5,1033.0,0,No Failure,177.2,59.1,0.0,1.99,17.65
M,5.76,67.6,33.088,98.4,53.3,219.0,0,No Failure,178.3,59.4,1.0,3.89,32.56
L,1.29,77.8,13.68,77.3,43.4,128.0,0,No Failure,212.8,70.9,0.0,1.0,10.57
M,2.06,71.2,17.83,80.9,43.8,1609.0,0,No Failure,218.9,73.0,1.0,1.47,14.42
M,1.29,51.8,22.15,80.9,51.0,974.0,0,No Failure,230.8,76.9,1.0,0.67,17.92
M,3.87,80.0,3.712,85.8,39.5,142.0,0,No Failure,166.8,55.6,1.0,3.1,3.18
L,2.83,90.1,16.81,100.2,44.0,250.0,1,Bearing Thermal Seizure,7.5,35.2,0.0,2.55,16.84
H,1.54,58.6,18.42,83.8,46.4,788.0,0,No Failure,220.3,73.4,2.0,0.9,15.44
L,4.73,82.4,18.56,88.2,43.3,1095.0,0,No Failure,109.9,36.6,0.0,3.9,16.37
M,2.55,85.8,13.71,76.7,36.7,387.0,0,No Failure,155.2,51.7,1.0,2.19,10.52
M,3.01,75.0,10.64,82.1,45.3,938.0,0,No Failure,158.7,52.9,1.0,2.26,8.74
M,0.51,71.7,14.71,72.5,65.3,817.0,0,No Failure,179.7,59.9,1.0,0.37,10.66
L,1.75,81.2,19.5,82.6,20.0,946.0,0,No Failure,144.7,48.2,0.0,1.42,16.11
L,0.22,58.9,21.35,74.4,61.6,404.0,0,No Failure,259.1,86.4,0.0,0.13,15.88
M,1.63,72.1,17.58,81.2,46.5,144.0,0,No Failure,224.5,74.8,1.0,1.18,14.27
L,4.11,74.3,14.49,81.7,42.9,998.0,0,No Failure,138.4,46.1,0.0,3.05,11.84
L,2.18,50.8,17.14,79.2,42.5,883.0,0,No Failure,215.7,71.9,0.0,1.11,13.57
L,3.26,58.2,23.19,84.3,54.0,508.0,0,No Failure,215.4,71.8,0.0,1.9,19.55
L,1.02,61.7,15.96,79.9,53.9,260.0,0,No Failure,250.2,83.4,0.0,0.63,12.75
M,7.99,79.4,22.09,104.8,33.8,1024.0,1,Harmonic Resonance,5.9,19.9,1.0,6.34,23.15
L,3.18,55.8,20.8,87.3,50.5,183.0,0,No Failure,237.5,79.2,0.0,1.77,18.16
L,1.29,83.2,25.65,81.5,39.1,1041.0,0,No Failure,148.6,49.5,0.0,1.07,20.9
H,4.8,66.7,11.39,84.5,41.2,688.0,0,No Failure,157.0,52.3,2.0,3.2,9.62
H,3.11,68.7,20.45,87.0,44.0,976.0,0,No Failure,165.8,55.3,2.0,2.14,17.79
H,1.52,67.6,18.91,82.2,56.4,753.0,0,No Failure,207.2,69.1,2.0,1.03,15.54
M,2.95,75.4,17.52,79.4,48.1,121.0,0,No Failure,204.4,68.1,1.0,2.22,13.91
M,6.93,92.4,19.14,99.5,29.7,547.0,1,Bearing Thermal Seizure,4.3,21.3,1.0,6.4,19.04
H,3.23,71.3,22.6,84.0,49.7,855.0,0,No Failure,172.3,57.4,2.0,2.3,18.98
L,2.11,49.8,19.77,79.0,42.7,709.0,0,No Failure,227.3,75.8,0.0,1.05,15.62
L,2.9,78.4,19.99,81.3,44.4,1128.0,0,No Failure,132.5,44.2,0.0,2.27,16.25
M,3.67,72.4,13.07,85.3,29.1,693.0,1,Lubrication Breakdown,2.0,46.1,1.0,2.66,11.15
M,1.35,67.3,22.43,75.0,47.7,782.0,0,No Failure,208.0,69.3,1.0,0.91,16.82
L,2.33,75.7,16.57,81.8,43.1,1000.0,0,No Failure,159.2,53.1,0.0,1.76,13.55
M,9.566,68.2,16.27,81.3,39.9,948.0,0,No Failure,170.6,56.9,1.0,6.52,13.23
L,2.7,57.9,15.39,81.2,44.1,645.0,0,No Failure,209.5,69.8,0.0,1.56,12.5
M,4.84,75.4,21.5,95.7,46.2,300.0,0,No Failure,167.4,55.8,1.0,3.65,20.58
L,0.63,60.1,19.06,79.0,42.1,1111.0,0,No Failure,205.4,68.5,0.0,0.38,15.06
M,4.56,81.2,22.95,93.2,36.4,497.0,0,No Failure,132.0,44.0,1.0,3.7,21.39
M,2.94,34.58,21.75,83.7,37.2,347.0,0,No Failure,199.8,66.6,1.0,1.02,18.2
L,6.54,75.2,22.57,96.1,55.1,126.0,0,No Failure,157.5,52.5,0.0,4.92,21.69
L,2.33,55.3,13.75,83.0,39.7,935.0,0,No Failure,197.1,65.7,0.0,1.29,11.41
H,1.37,62.2,21.21,81.0,53.7,1165.0,0,No Failure,199.4,66.5,2.0,0.85,17.18
H,5.54,91.9,18.63,93.2,29.1,539.0,0,No Failure,82.5,27.5,2.0,5.09,17.36
L,2.0,63.0,18.34,84.3,51.0,278.0,0,No Failure,233.8,78.0,0.0,1.26,15.46
L,9.566,66.3,15.97,76.0,51.3,1102.0,0,No Failure,185.8,61.9,0.0,6.34,12.14
L,1.22,34.58,15.49,76.7,44.1,144.0,0,No Failure,229.4,76.5,0.0,0.42,11.88
L,5.05,86.8,18.57,87.1,40.5,270.0,0,No Failure,133.1,44.4,0.0,4.38,16.17
M,2.17,65.2,19.34,81.2,42.6,860.0,0,No Failure,188.4,62.8,1.0,1.41,15.7
M,-3.556,66.9,11.9,78.0,49.4,25.0,0,No Failure,222.7,74.2,1.0,-2.38,9.28
L,1.26,60.4,19.87,78.7,43.6,405.0,0,No Failure,234.5,78.2,0.0,0.76,15.64
H,1.33,75.1,14.91,78.6,39.4,917.0,0,No Failure,171.0,57.0,2.0,1.0,11.72
M,1.24,58.9,16.77,75.7,37.5,401.0,0,No Failure,227.0,75.7,1.0,0.73,12.69
L,2.14,68.9,21.87,81.6,41.8,838.0,0,No Failure,181.1,60.4,0.0,1.47,17.85
M,4.13,63.3,18.48,91.5,44.55,1134.0,0,No Failure,152.6,50.9,1.0,2.61,16.91
M,5.31,60.1,22.04,91.6,68.6,619.0,0,No Failure,179.2,59.7,1.0,3.19,20.19
L,1.07,79.5,13.95,74.0,47.1,657.0,0,No Failure,192.5,64.2,0.0,0.85,10.32
M,3.62,75.8,17.98,86.8,54.0,525.0,0,No Failure,174.6,58.2,1.0,2.74,15.61
M,-3.556,80.9,13.03,84.7,47.6,929.0,0,No Failure,142.1,47.4,1.0,-2.88,11.04
L,2.65,66.4,15.38,84.4,45.2,1087.0,0,No Failure,173.0,57.7,0.0,1.76,12.98
H,3.16,58.3,17.37,83.3,39.7,643.0,0,No Failure,194.8,64.9,2.0,1.84,14.47
H,4.68,71.1,23.28,95.3,45.9,1167.0,0,No Failure,134.2,44.7,2.0,3.33,22.19
M,0.54,72.5,16.7,78.1,38.2,843.0,0,No Failure,188.1,62.7,1.0,0.39,13.04
L,2.94,73.9,24.89,84.3,33.1,1168.0,0,No Failure,128.4,42.8,0.0,2.17,20.98
L,6.32,80.6,16.41,92.7,48.1,167.0,0,No Failure,147.5,49.2,0.0,5.09,15.21
L,3.9,68.5,17.15,83.6,49.5,874.0,0,No Failure,168.1,56.0,0.0,2.67,14.34
M,3.44,71.9,19.35,83.0,39.6,777.0,0,No Failure,157.1,52.4,1.0,2.47,16.06
L,0.79,84.1,19.93,76.4,33.4,742.0,0,No Failure,158.1,52.7,0.0,0.66,15.23
L,5.45,68.5,16.69,90.4,36.1,272.0,0,No Failure,156.4,52.1,0.0,3.73,15.09
H,1.5,73.9,16.9,80.9,43.5,990.0,0,No Failure,174.9,58.3,2.0,1.11,13.67
M,4.24,68.5,18.6,92.3,44.4,990.0,0,No Failure,151.4,50.5,1.0,2.9,17.17
L,1.89,67.6,14.27,79.6,45.9,106.0,0,No Failure,230.9,77.0,0.0,1.28,11.36
H,3.22,85.4,21.1,84.5,33.5,269.0,0,No Failure,147.4,49.1,2.0,2.75,17.83
L,5.93,70.7,23.71,96.0,46.8,815.0,0,No Failure,137.9,46.0,0.0,4.19,22.76
L,4.94,80.6,26.07,96.3,37.6,47.0,0,No Failure,152.9,51.0,0.0,3.98,25.11
H,3.47,76.0,22.18,89.6,44.0,686.0,0,No Failure,152.0,50.7,2.0,2.64,19.87
M,0.99,62.5,18.1,76.8,39.9,562.0,0,No Failure,219.3,73.1,1.0,0.62,13.9
L,5.07,68.8,15.79,88.7,42.5,749.0,0,No Failure,148.5,49.5,0.0,3.49,14.01
L,2.83,62.0,16.97,88.1,56.7,658.0,0,No Failure,196.9,65.6,0.0,1.75,14.95
L,4.3,66.4,22.22,91.2,50.8,801.0,0,No Failure,170.7,56.9,0.0,2.86,20.26
M,4.06,72.4,22.72,88.8,49.6,606.0,0,No Failure,171.6,57.2,1.0,2.94,20.18
L,3.71,71.9,16.0,85.5,44.7,139.0,0,No Failure,194.6,64.9,0.0,2.67,13.68
L,7.65,69.7,11.2,95.0,38.3,1157.0,1,Harmonic Resonance,3.0,28.3,0.0,5.33,10.64
H,3.22,82.7,21.78,84.3,39.8,175.0,0,No Failure,168.8,56.3,2.0,2.66,18.36
H,6.05,61.3,22.06,92.1,53.4,-888.0,0,No Failure,168.5,56.2,2.0,3.71,20.32
L,2.48,102.62,20.21,85.8,54.2,132.0,0,No Failure,254.4,84.8,0.0,2.54,17.34
L,1.88,63.4,18.56,75.9,36.5,553.0,0,No Failure,200.2,66.7,0.0,1.19,14.09
L,2.41,61.8,24.59,81.9,54.5,779.0,0,No Failure,205.8,68.6,0.0,1.49,20.14
L,2.59,69.1,17.25,86.0,23.43,694.0,0,No Failure,193.1,64.4,0.0,1.79,14.84
H,3.92,73.7,18.94,88.2,41.0,874.0,0,No Failure,144.8,48.3,2.0,2.89,16.71
H,1.13,61.5,15.25,82.1,60.1,366.0,0,No Failure,243.9,81.3,2.0,0.69,12.52
M,4.75,78.6,19.11,89.1,59.6,652.0,0,No Failure,147.9,49.3,1.0,3.73,17.03
M,5.59,78.3,15.31,93.3,48.0,1181.0,0,No Failure,111.0,37.0,1.0,4.38,14.28
M,1.81,55.6,23.03,81.1,51.2,596.0,0,No Failure,235.2,78.4,1.0,1.01,18.68
M,3.82,71.1,16.25,82.6,39.3,585.0,0,No Failure,162.8,54.3,1.0,2.72,13.42
H,4.19,61.2,25.93,91.9,37.9,653.0,0,No Failure,171.8,57.3,2.0,2.56,23.83
L,1.51,68.5,23.51,82.8,53.2,949.0,0,No Failure,205.9,68.6,0.0,1.03,19.47
M,2.88,73.1,21.18,90.4,47.2,91.0,0,No Failure,210.0,70.0,1.0,2.11,19.15
L,3.09,57.0,27.09,89.3,50.6,829.0,1,Motor Winding Overload,2.3,68.0,0.0,1.76,24.19
M,5.76,79.2,22.68,93.9,43.3,1059.0,0,No Failure,104.6,34.9,1.0,4.56,21.3
L,2.46,84.0,25.24,85.6,41.0,615.0,0,No Failure,156.4,52.1,0.0,2.07,21.61
M,1.69,59.4,18.77,78.9,49.8,597.0,0,No Failure,229.2,76.4,1.0,1.0,14.81
L,0.94,50.4,20.05,79.9,39.6,355.0,0,No Failure,254.0,84.7,0.0,0.47,16.02
M,1.24,73.0,13.94,77.0,51.1,1084.0,0,No Failure,183.5,61.2,1.0,0.91,10.73
M,0.55,62.2,18.91,75.7,44.5,435.0,0,No Failure,240.3,80.1,1.0,0.34,14.31
M,5.34,82.3,17.12,83.9,38.6,393.0,0,No Failure,128.7,42.9,1.0,4.39,14.36
L,1.95,62.6,20.44,85.1,37.0,708.0,0,No Failure,194.0,64.7,0.0,1.22,17.39
L,4.6,67.2,18.76,91.6,41.8,61.0,0,No Failure,191.0,63.7,0.0,3.09,17.18
M,2.55,69.4,18.96,83.4,43.6,776.0,0,No Failure,181.0,60.3,1.0,1.77,15.81
L,2.85,59.5,33.088,88.0,48.1,391.0,0,No Failure,224.0,74.7,0.0,1.7,29.12
H,3.06,79.3,19.06,84.1,32.0,945.0,0,No Failure,125.2,41.7,2.0,2.43,16.03
M,4.25,58.3,22.93,93.9,41.3,438.0,0,No Failure,193.7,64.6,1.0,2.48,21.53
M,1.16,68.0,16.21,77.5,52.9,609.0,0,No Failure,218.3,72.8,1.0,0.79,12.56
H,4.14,75.5,22.03,88.8,52.7,759.0,0,No Failure,156.7,52.2,2.0,3.13,19.56
L,4.74,85.5,19.81,91.6,41.7,1010.0,0,No Failure,104.9,35.0,0.0,4.05,18.15
L,2.65,63.0,19.64,81.1,47.9,223.0,0,No Failure,227.9,76.0,0.0,1.67,15.93
L,4.57,88.6,19.82,90.6,46.8,837.0,0,No Failure,118.8,39.6,0.0,4.05,17.96
L,2.25,70.6,21.5,86.3,48.8,434.0,0,No Failure,207.6,69.2,0.0,1.59,18.55
M,1.53,67.1,13.51,76.0,45.4,1041.0,0,No Failure,189.0,63.0,1.0,1.03,10.27
M,3.08,102.62,14.4,83.0,44.55,520.0,0,No Failure,185.2,61.7,1.0,3.16,11.95
L,0.71,74.7,17.19,73.5,37.9,507.0,0,No Failure,197.8,65.9,0.0,0.53,12.63
M,9.566,71.5,33.088,78.2,48.7,589.0,0,No Failure,202.4,67.4,1.0,6.84,25.87
L,7.59,77.3,18.54,99.7,41.4,-1015.0,1,Harmonic Resonance,6.4,32.0,0.0,5.87,18.48
M,3.02,70.6,21.38,84.0,44.7,69.0,0,No Failure,209.8,69.9,1.0,2.13,17.96
L,4.8,67.9,16.24,90.6,49.1,99.0,0,No Failure,196.2,65.4,0.0,3.26,14.71
M,5.98,70.0,17.31,93.2,26.6,867.0,1,Lubrication Breakdown,5.1,33.2,1.0,4.19,16.13
M,2.77,76.1,9.99,78.7,41.7,394.0,0,No Failure,180.4,60.1,1.0,2.11,7.86
L,1.24,72.6,15.86,83.7,37.3,287.0,0,No Failure,204.9,68.3,0.0,0.9,13.27
M,2.25,70.8,19.32,83.2,44.55,369.0,0,No Failure,194.9,65.0,1.0,1.59,16.07
L,1.83,73.2,14.66,82.0,52.3,145.0,0,No Failure,222.3,74.1,0.0,1.34,12.02
L,2.73,55.9,18.78,85.3,35.9,522.0,0,No Failure,204.5,68.2,0.0,1.53,16.02
M,4.77,75.0,13.54,82.9,44.8,406.0,0,No Failure,161.3,53.8,1.0,3.58,11.22
L,1.78,55.0,23.25,83.1,46.8,726.0,0,No Failure,228.2,76.1,0.0,0.98,19.32
L,3.56,77.3,19.8,107.1,49.4,1028.0,0,No Failure,147.3,49.1,0.0,2.75,21.21
L,1.81,69.7,16.71,79.4,29.6,562.0,0,No Failure,175.6,58.5,0.0,1.26,13.27
M,3.51,62.7,14.77,82.3,52.0,1019.0,0,No Failure,177.6,59.2,1.0,2.2,12.16
L,2.66,71.9,21.66,81.8,47.0,1109.0,0,No Failure,164.0,54.7,0.0,1.91,17.72
H,1.67,77.9,13.95,78.2,32.6,206.0,0,No Failure,184.3,61.4,2.0,1.3,10.91
M,3.3,72.1,23.32,84.3,38.0,2193.0,0,No Failure,164.9,55.0,1.0,2.38,19.66
M,5.04,69.8,19.58,91.5,45.0,89.0,0,No Failure,184.4,61.5,1.0,3.52,17.92
H,1.3,66.7,18.09,82.4,44.8,1064.0,0,No Failure,190.6,63.5,2.0,0.87,14.91
M,4.54,60.5,17.44,88.6,45.2,427.0,0,No Failure,193.0,64.3,1.0,2.75,15.45
M,1.98,66.7,10.99,78.6,38.3,325.0,0,No Failure,206.9,69.0,1.0,1.32,8.64
L,1.03,72.6,16.91,76.6,55.1,303.0,0,No Failure,226.1,75.4,0.0,0.75,12.95
L,2.04,61.6,18.51,77.5,51.3,860.0,0,No Failure,207.0,69.0,0.0,1.26,14.35
M,2.08,71.8,18.06,78.6,59.4,316.0,0,No Failure,213.3,71.1,1.0,1.49,14.2
L,5.14,85.3,12.24,92.1,40.1,1178.0,0,No Failure,88.8,29.6,0.0,4.38,11.27
L,1.38,65.0,15.01,74.6,56.9,598.0,0,No Failure,222.0,74.0,0.0,0.9,11.2
M,2.77,71.3,18.22,84.0,55.9,1024.0,0,No Failure,169.8,56.6,1.0,1.98,15.3
L,5.75,65.0,15.56,89.9,51.7,884.0,0,No Failure,150.3,50.1,0.0,3.74,13.99
M,2.24,57.2,14.35,80.8,43.3,326.0,0,No Failure,231.4,77.1,1.0,1.28,11.59
H,1.64,70.2,22.65,75.8,42.8,851.0,0,No Failure,186.2,62.1,2.0,1.15,17.17
M,1.97,77.9,19.32,82.2,36.5,1944.0,0,No Failure,182.5,60.8,1.0,1.53,15.88
M,2.73,63.3,17.07,79.2,45.5,591.0,0,No Failure,205.6,68.5,1.0,1.73,13.52
L,8.16,88.6,21.16,102.8,40.5,1150.0,1,Bearing Thermal Seizure,5.4,14.9,0.0,7.23,21.75
M,2.1,69.7,18.28,81.1,54.0,999.0,0,No Failure,183.1,61.0,1.0,1.46,14.83
L,1.1,60.9,24.87,78.8,52.8,95.0,0,No Failure,259.0,86.3,0.0,0.67,19.6
M,2.81,68.9,20.0,85.8,44.4,594.0,0,No Failure,189.1,63.0,1.0,1.94,17.16
H,2.03,64.5,25.26,81.1,52.3,886.0,0,No Failure,200.1,66.7,2.0,1.31,20.49
L,2.63,43.0,20.89,80.7,42.5,281.0,0,No Failure,241.5,80.5,0.0,1.13,16.86
M,1.43,74.5,19.48,83.8,48.2,765.0,0,No Failure,194.0,64.7,1.0,1.07,16.32
L,0.81,73.3,22.0,73.7,38.5,120.0,0,No Failure,219.7,73.2,0.0,0.59,16.21
L,1.49,66.0,12.51,75.5,41.2,1011.0,0,No Failure,185.7,61.9,0.0,0.98,9.45
M,3.55,75.7,20.19,90.7,36.3,876.0,0,No Failure,137.1,45.7,1.0,2.69,18.31
H,1.69,66.4,19.03,80.5,50.8,1138.0,0,No Failure,188.1,62.7,2.0,1.12,15.32
M,3.51,82.6,23.45,83.2,52.1,360.0,0,No Failure,170.7,56.9,1.0,2.9,19.51
M,0.88,70.4,15.6,76.1,36.0,1146.0,0,No Failure,168.8,56.2,1.0,0.62,11.87
M,2.22,66.9,16.48,78.6,33.3,1197.0,0,No Failure,150.8,50.3,1.0,1.49,12.95
L,0.49,69.2,18.57,77.6,41.8,468.0,0,No Failure,220.6,73.5,0.0,0.34,14.41
H,2.42,71.0,11.7,81.6,32.2,328.0,0,No Failure,181.4,60.5,2.0,1.72,9.55
L,0.86,81.6,25.35,79.2,51.0,890.0,0,No Failure,181.0,60.3,0.0,0.7,20.08
H,0.89,68.6,17.58,76.0,43.8,1101.0,0,No Failure,188.5,62.8,2.0,0.61,13.36
H,0.84,64.9,23.37,81.0,39.8,949.0,0,No Failure,197.0,65.7,2.0,0.55,18.93
M,3.56,62.9,18.52,88.8,48.4,925.0,0,No Failure,181.2,60.4,1.0,2.24,16.45
M,3.73,73.1,15.16,88.6,50.5,835.0,0,No Failure,163.1,54.4,1.0,2.73,13.43
M,3.26,75.0,16.05,83.4,48.5,653.0,0,No Failure,174.6,58.2,1.0,2.44,13.39
L,1.6,56.0,25.03,80.4,53.2,577.0,0,No Failure,247.0,82.3,0.0,0.9,20.12
L,4.17,67.2,10.34,83.1,48.0,294.0,0,No Failure,196.2,65.4,0.0,2.8,8.59
M,1.65,69.3,16.03,74.4,39.0,562.0,0,No Failure,195.4,65.1,1.0,1.14,11.93
H,3.31,70.5,14.31,77.5,34.4,238.0,0,No Failure,179.2,59.7,2.0,2.33,11.09
L,3.0,79.3,19.97,84.5,45.1,978.0,0,No Failure,147.9,49.3,0.0,2.38,16.87
L,2.28,76.2,15.58,79.2,42.7,242.0,0,No Failure,196.0,65.3,0.0,1.74,12.34
M,2.23,64.0,14.79,78.1,43.3,16.0,0,No Failure,233.5,77.8,1.0,1.43,11.55
L,2.11,73.4,20.57,81.3,43.1,945.0,0,No Failure,169.4,56.5,0.0,1.55,16.72
L,2.92,57.8,24.22,86.4,51.2,372.0,0,No Failure,227.5,75.8,0.0,1.69,20.93
L,1.2,74.0,18.63,77.2,41.4,672.0,0,No Failure,190.8,63.6,0.0,0.89,14.38
L,8.98,70.8,15.71,104.3,37.1,350.0,1,Harmonic Resonance,4.9,34.5,0.0,6.36,16.39
M,2.43,55.0,14.54,81.2,42.7,520.0,0,No Failure,222.6,74.2,1.0,1.34,11.81
L,7.08,70.9,19.48,97.6,40.4,1054.0,0,No Failure,98.9,33.0,0.0,5.02,19.01
M,4.03,68.6,19.74,85.4,43.7,390.0,0,No Failure,184.7,61.6,1.0,2.76,16.86
L,2.14,70.5,14.62,79.2,53.3,18.0,0,No Failure,230.0,76.7,0.0,1.51,11.58
M,1.61,54.7,16.14,77.9,43.4,685.0,0,No Failure,226.9,75.6,1.0,0.88,12.57
L,1.27,76.5,17.07,76.6,57.1,596.0,0,No Failure,200.5,66.8,0.0,0.97,13.08
L,2.63,61.1,19.15,87.3,36.3,1094.0,0,No Failure,167.5,55.8,0.0,1.61,16.72
M,6.51,64.9,19.23,99.7,43.8,134.0,0,No Failure,170.5,56.8,1.0,4.22,19.17
L,3.85,64.4,18.12,84.1,44.1,963.0,0,No Failure,165.5,55.2,0.0,2.48,15.24
L,2.01,69.4,15.52,83.0,50.2,1090.0,0,No Failure,180.3,60.1,0.0,1.39,12.88
L,4.62,102.62,20.23,87.5,48.1,373.0,0,No Failure,182.1,60.7,0.0,4.74,17.7
M,2.1,72.1,14.12,78.3,48.1,202.0,0,No Failure,218.1,72.7,1.0,1.51,11.06
M,1.86,63.3,15.28,78.0,50.6,170.0,0,No Failure,240.5,80.2,1.0,1.18,11.92
L,3.67,60.0,3.712,85.5,51.9,389.0,0,No Failure,212.4,70.8,0.0,2.2,3.17
H,1.93,71.2,17.94,84.6,55.0,682.0,0,No Failure,198.2,66.1,2.0,1.37,15.18
L,1.85,55.8,17.16,87.1,45.5,551.0,0,No Failure,232.1,77.4,0.0,1.03,14.95
M,0.89,57.3,12.09,76.4,46.5,894.0,0,No Failure,226.3,75.4,1.0,0.51,9.24
H,2.75,102.62,17.94,84.5,54.9,111.0,0,No Failure,216.0,72.0,2.0,2.82,15.16
H,1.92,53.6,16.87,83.5,29.9,52.0,0,No Failure,232.4,77.5,2.0,1.03,14.09
H,3.56,57.9,20.34,85.3,45.3,1031.0,0,No Failure,181.1,60.4,2.0,2.06,17.35
M,2.58,82.0,20.6,79.0,40.8,468.0,0,No Failure,165.8,55.3,1.0,2.12,16.27
L,2.13,71.7,18.56,84.0,47.1,602.0,0,No Failure,196.9,65.6,0.0,1.53,15.59
M,2.28,85.7,13.31,79.9,31.8,352.0,0,No Failure,151.9,50.6,1.0,1.95,10.63
L,2.86,62.9,22.07,88.2,43.7,1143.0,0,No Failure,171.8,57.3,0.0,1.8,19.47
L,0.57,82.6,18.22,77.7,41.2,250.0,0,No Failure,202.6,67.5,0.0,0.47,14.16
L,3.77,75.3,15.01,84.8,40.8,660.0,0,No Failure,154.0,51.3,0.0,2.84,12.73
L,1.49,54.3,13.3,76.6,46.1,158.0,0,No Failure,260.5,86.8,0.0,0.81,10.19
M,5.19,64.0,17.31,89.0,45.2,185.0,0,No Failure,189.6,63.2,1.0,3.32,15.41
M,3.84,69.1,16.27,87.5,46.9,160.0,0,No Failure,201.4,67.1,1.0,2.65,14.24
L,4.11,71.1,19.03,83.3,42.5,1125.0,0,No Failure,137.7,45.9,0.0,2.92,15.85
H,3.47,63.2,19.26,86.6,43.2,973.0,0,No Failure,170.8,56.9,2.0,2.19,16.68
L,2.33,68.5,14.37,82.9,39.6,-933.0,0,No Failure,183.4,61.1,0.0,1.6,11.91
M,3.29,72.5,27.02,85.4,46.6,313.0,0,No Failure,193.6,64.5,1.0,2.39,23.08
L,0.76,62.2,20.45,76.4,41.1,72.0,0,No Failure,249.6,83.2,0.0,0.47,15.62
M,5.63,70.8,18.79,95.2,56.1,769.0,0,No Failure,146.1,48.7,1.0,3.99,17.89
L,0.99,67.1,9.9,73.8,42.8,250.0,0,No Failure,230.9,77.0,0.0,0.66,7.31
M,1.16,54.4,17.8,77.3,53.5,263.0,0,No Failure,262.8,87.6,1.0,0.63,13.76
H,1.82,77.5,8.23,82.1,45.5,178.0,0,No Failure,207.7,69.2,2.0,1.41,6.76
M,3.09,65.0,33.088,87.8,44.55,614.0,0,No Failure,182.9,61.0,1.0,2.01,29.05
M,1.33,60.2,18.46,82.0,68.6,737.0,0,No Failure,215.9,72.0,1.0,0.8,15.14
L,1.11,62.7,19.78,75.6,52.2,98.0,0,No Failure,255.1,85.0,0.0,0.7,14.95
M,2.0,65.9,14.42,80.9,46.3,706.0,0,No Failure,203.6,67.9,1.0,1.32,11.67
M,2.02,60.7,19.23,78.0,54.9,213.0,0,No Failure,241.4,80.5,1.0,1.23,15.0
L,5.97,75.2,19.38,91.8,20.0,829.0,0,No Failure,113.8,37.9,0.0,4.49,17.79
L,2.72,47.76,16.08,61.2,45.1,1169.0,0,No Failure,122.8,40.9,0.0,1.3,9.84
L,1.6,60.2,12.47,82.4,42.9,930.0,0,No Failure,202.9,67.6,0.0,0.96,10.28
L,1.88,67.5,17.16,83.6,52.1,60.0,0,No Failure,237.3,79.1,0.0,1.27,14.35
L,2.32,76.3,17.37,79.3,46.5,908.0,0,No Failure,168.8,56.3,0.0,1.77,13.77
L,2.96,72.1,21.84,84.9,43.5,922.0,0,No Failure,162.8,54.2,0.0,2.13,18.54
M,1.72,58.2,21.97,81.1,34.2,190.0,0,No Failure,226.7,75.6,1.0,1.0,17.82
L,1.19,46.4,14.3,73.5,49.4,107.0,0,No Failure,279.0,93.0,0.0,0.55,10.51
L,3.91,69.4,8.71,87.1,50.0,861.0,0,No Failure,166.8,55.6,0.0,2.71,7.59
H,2.03,102.62,19.5,85.8,44.8,614.0,0,No Failure,197.9,66.0,2.0,2.08,16.73
L,2.83,56.7,23.42,79.1,44.3,71.0,0,No Failure,266.3,88.8,0.0,1.6,18.53
L,3.74,54.3,20.81,86.4,46.7,935.0,0,No Failure,193.2,64.4,0.0,2.03,17.98
M,2.24,61.5,18.19,84.6,43.2,969.0,0,No Failure,190.5,63.5,1.0,1.38,15.39
H,1.3,65.8,18.47,76.7,49.4,876.0,0,No Failure,207.5,69.2,2.0,0.86,14.17
L,4.03,68.5,15.79,86.6,49.4,990.0,0,No Failure,156.8,52.3,0.0,2.76,13.67
M,3.98,57.3,20.25,92.2,43.6,209.0,0,No Failure,214.8,71.6,1.0,2.28,18.67
L,4.5,59.4,21.43,107.1,53.0,668.0,0,No Failure,188.7,62.9,0.0,2.67,22.95
H,2.53,64.3,14.62,81.2,46.2,693.0,0,No Failure,200.3,66.8,2.0,1.63,11.87
L,2.01,53.7,26.89,87.9,47.3,173.0,0,No Failure,256.3,85.4,0.0,1.08,23.64
L,9.566,76.4,21.27,107.1,49.6,1123.0,1,Harmonic Resonance,5.5,20.6,0.0,7.31,22.78
L,1.48,60.0,11.15,74.0,51.1,192.0,0,No Failure,251.0,83.7,0.0,0.89,8.25
L,3.2,69.3,18.92,85.4,52.1,361.0,0,No Failure,201.4,67.1,0.0,2.22,16.16
L,3.2,68.3,24.25,89.2,39.6,32.0,0,No Failure,204.7,68.2,0.0,2.19,21.63
L,6.89,82.1,3.712,100.7,41.6,435.0,1,Bearing Thermal Seizure,9.8,37.4,0.0,5.66,3.74
L,2.47,81.2,14.53,82.8,47.6,818.0,0,No Failure,163.6,54.5,0.0,2.01,12.03
M,5.09,59.6,19.87,94.4,46.6,860.0,0,No Failure,168.5,56.2,1.0,3.03,18.76
L,5.81,90.5,18.89,90.4,44.7,148.0,0,No Failure,129.4,43.1,0.0,5.26,17.08
H,7.12,82.7,15.08,97.7,51.9,398.0,1,Bearing Thermal Seizure,2.0,40.4,2.0,5.89,14.73
M,2.11,76.2,24.47,81.8,40.0,428.0,0,No Failure,184.1,61.4,1.0,1.61,20.02
M,2.68,64.9,15.76,77.8,43.7,808.0,0,No Failure,186.9,62.3,1.0,1.74,12.26
M,6.72,72.1,10.3,91.0,38.7,1027.0,0,No Failure,99.5,33.2,1.0,4.85,9.37
L,2.69,72.0,19.07,84.9,35.3,205.0,0,No Failure,187.6,62.5,0.0,1.94,16.19
H,9.38,81.4,13.95,105.2,44.6,833.0,1,Harmonic Resonance,3.1,22.1,2.0,7.64,14.68
L,2.17,84.6,17.09,82.7,41.9,630.0,0,No Failure,159.8,53.3,0.0,1.84,14.13
L,1.04,65.9,17.73,75.8,63.8,929.0,0,No Failure,208.1,69.4,0.0,0.69,13.44
M,3.83,69.2,15.74,88.0,42.1,654.0,0,No Failure,168.0,56.0,1.0,2.65,13.85
L,2.83,79.8,20.55,84.9,46.9,56.0,0,No Failure,186.9,62.3,0.0,2.26,17.45
H,1.71,69.0,12.17,74.7,43.8,1069.0,0,No Failure,178.5,59.5,2.0,1.18,9.09
L,1.29,63.1,14.83,80.4,29.7,961.0,1,Lubrication Breakdown,6.7,58.6,0.0,0.81,11.92
H,1.23,73.8,10.9,74.4,47.3,874.0,0,No Failure,191.3,63.8,2.0,0.91,8.11
L,1.29,74.5,13.27,78.7,39.1,638.0,0,No Failure,186.1,62.0,0.0,0.96,10.44
H,2.93,70.7,15.19,77.7,39.6,606.0,0,No Failure,174.7,58.2,2.0,2.07,11.8
H,2.79,63.7,22.38,88.9,42.5,805.0,0,No Failure,185.8,61.9,2.0,1.78,19.9
M,2.01,62.9,17.81,82.3,51.8,271.0,0,No Failure,234.3,78.1,1.0,1.26,14.66
H,6.28,92.9,23.56,93.3,34.3,392.0,1,Bearing Thermal Seizure,5.9,29.2,2.0,5.83,21.98
H,3.78,68.5,16.25,81.9,40.3,924.0,0,No Failure,153.3,51.1,2.0,2.59,13.31
M,0.5,77.8,17.38,74.5,41.4,394.0,0,No Failure,206.3,68.8,1.0,0.39,12.95
M,1.21,58.3,11.69,79.0,65.5,1087.0,0,No Failure,213.2,71.1,1.0,0.71,9.24
L,3.95,68.3,18.98,86.3,41.3,960.0,0,No Failure,151.5,50.5,0.0,2.7,16.38
L,0.79,72.9,16.18,79.5,45.9,544.0,0,No Failure,212.9,71.0,0.0,0.58,12.86
M,8.92,73.0,16.53,107.1,46.9,1005.0,1,Harmonic Resonance,11.8,28.2,1.0,6.51,17.7
M,1.7,55.0,25.04,80.5,38.9,581.0,0,No Failure,222.3,74.1,1.0,0.94,20.16
H,4.53,65.8,24.07,89.3,43.0,1852.0,0,No Failure,192.5,64.2,2.0,2.98,21.49
H,2.16,68.5,21.89,81.9,46.6,1111.0,0,No Failure,176.6,58.9,2.0,1.48,17.93
H,4.75,72.0,18.29,92.7,39.6,141.0,0,No Failure,171.5,57.2,2.0,3.42,16.95
L,1.08,71.3,18.27,74.4,42.1,1090.0,0,No Failure,178.1,59.4,0.0,0.77,13.59
M,0.91,34.58,21.52,73.1,45.5,271.0,0,No Failure,263.6,87.9,1.0,0.31,15.73
M,2.33,67.9,11.58,75.9,49.7,281.0,0,No Failure,219.6,73.2,1.0,1.58,8.79
M,2.0,56.5,17.98,79.4,44.8,642.0,0,No Failure,222.9,74.3,1.0,1.13,14.28
M,3.42,81.9,20.66,83.2,45.7,958.0,0,No Failure,139.3,46.4,1.0,2.8,17.19
M,4.41,72.8,21.53,92.3,39.6,1105.0,0,No Failure,126.1,42.0,1.0,3.21,19.87
H,2.69,58.9,15.57,80.2,55.6,1131.0,0,No Failure,190.3,63.4,2.0,1.58,12.49
H,2.8,65.7,16.84,82.1,38.0,66.0,0,No Failure,210.6,70.2,2.0,1.84,13.83
L,2.77,62.6,13.51,82.5,51.2,457.0,0,No Failure,215.6,71.9,0.0,1.73,11.15
L,3.76,80.8,21.02,85.7,43.8,189.0,0,No Failure,172.0,57.3,0.0,3.04,18.01
L,2.44,76.1,14.82,81.8,43.4,834.0,0,No Failure,165.8,55.3,0.0,1.86,12.12
L,3.65,65.5,18.04,90.8,34.5,1154.0,0,No Failure,139.1,46.4,0.0,2.39,16.38
H,1.3,57.9,15.39,74.5,36.8,565.0,0,No Failure,218.7,72.9,2.0,0.75,11.47
H,3.73,69.4,24.08,88.4,42.8,220.0,0,No Failure,191.9,64.0,2.0,2.59,21.29
M,1.38,71.4,18.56,80.3,56.2,185.0,0,No Failure,229.8,76.6,1.0,0.99,14.9
M,3.43,72.3,18.96,84.7,68.0,818.0,0,No Failure,169.5,56.5,1.0,2.48,16.06
M,5.6,75.0,19.35,92.8,46.8,12.0,0,No Failure,173.7,57.9,1.0,4.2,17.96
H,0.41,58.2,22.38,73.8,52.4,998.0,0,No Failure,228.3,76.1,2.0,0.24,16.52
L,2.68,64.5,20.67,82.5,43.0,185.0,0,No Failure,217.6,72.5,0.0,1.73,17.05
M,6.65,82.0,20.4,91.8,38.3,-560.0,0,No Failure,73.3,24.4,1.0,5.45,18.73
H,4.8,72.7,16.96,89.2,52.0,497.0,0,No Failure,166.8,55.6,2.0,3.49,15.13
H,4.37,69.8,18.09,88.8,37.4,839.0,0,No Failure,142.0,47.3,2.0,3.05,16.06
M,0.66,72.6,15.18,73.5,45.1,317.0,0,No Failure,225.1,75.0,1.0,0.48,11.16
M,1.3,52.2,18.56,78.9,44.5,795.0,0,No Failure,232.5,77.5,1.0,0.68,14.64
H,5.51,78.9,20.45,95.5,28.7,117.0,0,No Failure,129.3,43.1,2.0,4.35,19.53
L,1.18,59.7,15.5,76.7,44.5,239.0,0,No Failure,246.9,82.3,0.0,0.7,11.89
H,3.59,62.7,23.29,88.8,44.6,122.0,0,No Failure,215.3,71.8,2.0,2.25,20.68
M,4.53,77.6,18.52,84.9,48.5,1116.0,0,No Failure,129.5,43.2,1.0,3.52,15.72
L,0.84,61.9,17.19,82.7,42.4,1037.0,0,No Failure,203.2,67.7,0.0,0.52,14.22
L,7.25,75.7,15.57,96.5,51.6,661.0,0,No Failure,120.4,40.1,0.0,5.49,15.03
L,4.14,72.3,17.37,83.0,42.8,197.0,0,No Failure,181.9,60.6,0.0,2.99,14.42
L,2.06,64.0,14.44,80.6,51.8,199.0,0,No Failure,235.0,78.3,0.0,1.32,11.64
L,1.84,76.6,33.088,80.0,46.4,577.0,0,No Failure,190.9,63.6,0.0,1.41,26.47
H,3.14,34.58,22.69,83.4,37.3,21.0,0,No Failure,228.9,76.3,2.0,1.09,18.92
H,5.78,72.6,23.26,97.3,54.0,989.0,0,No Failure,129.5,43.2,2.0,4.2,22.63
M,1.09,76.6,22.78,75.9,47.5,575.0,0,No Failure,202.8,67.6,1.0,0.83,17.29
M,2.48,81.6,15.58,78.9,40.7,874.0,0,No Failure,147.4,49.1,1.0,2.02,12.29
L,1.67,72.1,19.27,78.8,39.9,-267.0,0,No Failure,160.5,53.5,0.0,1.2,15.18
M,4.22,62.6,25.77,93.2,45.5,1134.0,0,No Failure,158.2,52.7,1.0,2.64,24.02
L,5.92,88.6,21.37,90.4,46.8,-370.0,0,No Failure,87.3,29.1,0.0,5.25,19.32
L,1.9,77.8,14.72,75.6,52.8,421.0,0,No Failure,198.4,66.1,0.0,1.48,11.13
L,4.39,70.7,11.54,84.8,36.1,529.0,0,No Failure,153.1,51.0,0.0,3.1,9.79
L,3.76,78.7,24.11,86.6,50.0,612.0,0,No Failure,162.6,54.2,0.0,2.96,20.88
L,6.29,86.3,19.67,91.3,40.1,385.0,1,Bearing Thermal Seizure,7.6,37.1,0.0,5.43,17.96
H,7.13,81.8,16.8,98.2,43.0,262.0,0,No Failure,120.7,40.2,2.0,5.83,16.5
L,3.41,69.6,11.04,76.1,49.5,469.0,0,No Failure,192.6,64.2,0.0,2.37,8.4
M,4.4,85.1,25.27,88.2,44.6,591.0,0,No Failure,114.1,38.0,1.0,3.74,22.29
H,0.51,66.2,25.12,80.0,43.2,472.0,0,No Failure,228.7,76.2,2.0,0.34,20.1
M,1.5,74.8,15.07,79.2,39.5,333.0,0,No Failure,198.8,66.3,1.0,1.12,11.94
M,2.95,78.8,23.72,85.2,56.9,1002.0,0,No Failure,153.6,51.2,1.0,2.32,20.21
M,3.78,78.1,20.29,83.7,40.4,914.0,0,No Failure,134.8,44.9,1.0,2.95,16.98
L,2.88,73.4,18.46,81.2,39.6,1066.0,0,No Failure,147.0,49.0,0.0,2.11,14.99
L,1.15,68.9,20.4,82.9,42.8,145.0,0,No Failure,230.5,76.8,0.0,0.79,16.91
M,2.12,60.9,23.7,83.5,42.5,335.0,0,No Failure,223.7,74.6,1.0,1.29,19.79
M,2.41,58.9,16.03,80.6,58.2,253.0,0,No Failure,237.9,79.3,1.0,1.42,12.92
H,0.81,60.2,12.83,73.0,46.2,1136.0,0,No Failure,208.9,69.6,2.0,0.49,9.37
M,0.61,55.5,16.27,83.8,55.8,395.0,0,No Failure,261.2,87.1,1.0,0.34,13.63
L,1.7,57.9,10.65,80.5,38.7,345.0,0,No Failure,227.9,76.0,0.0,0.98,8.57
L,2.97,63.8,17.31,83.7,45.0,988.0,0,No Failure,178.6,59.5,0.0,1.89,14.49
M,2.07,53.7,12.13,75.6,47.0,397.0,0,No Failure,243.8,81.3,1.0,1.11,9.17
M,5.58,57.8,18.53,94.5,52.3,512.0,0,No Failure,185.6,61.9,1.0,3.23,17.51
M,4.47,68.4,21.2,89.5,41.8,667.0,0,No Failure,160.0,53.3,1.0,3.06,18.97
M,3.46,61.9,26.92,90.8,48.9,403.0,1,Motor Winding Overload,1.1,70.2,1.0,2.14,24.44
H,1.68,80.1,17.65,77.2,45.0,1086.0,0,No Failure,158.0,52.7,2.0,1.35,13.63
L,1.54,69.9,19.87,81.2,34.5,104.0,0,No Failure,210.5,70.2,0.0,1.08,16.13
L,9.566,65.2,25.52,82.4,42.2,419.0,0,No Failure,211.8,70.6,0.0,6.24,21.03
M,1.77,65.0,16.29,78.1,49.2,914.0,0,No Failure,201.1,67.0,1.0,1.15,12.72
H,9.566,74.0,17.28,103.0,31.8,624.0,1,Harmonic Resonance,11.3,20.2,2.0,7.08,17.8
L,8.36,72.1,13.44,102.0,39.0,654.0,1,Harmonic Resonance,1.2,32.4,0.0,6.03,13.71
M,2.74,74.6,14.1,79.6,40.4,269.0,0,No Failure,187.7,62.6,1.0,2.04,11.22
L,3.89,66.6,14.79,84.5,39.1,242.0,0,No Failure,187.6,62.5,0.0,2.59,12.5
H,4.45,75.2,21.75,83.5,45.0,123.0,0,No Failure,179.6,59.9,2.0,3.35,18.16
L,3.55,64.5,17.48,87.3,45.2,713.0,0,No Failure,183.7,61.2,0.0,2.29,15.26
L,4.05,57.3,19.38,87.7,53.7,694.0,0,No Failure,197.5,65.8,0.0,2.32,17.0
M,2.17,65.4,16.62,78.9,44.0,537.0,0,No Failure,206.7,68.9,1.0,1.42,13.11
M,1.45,56.4,16.98,76.2,49.8,241.0,0,No Failure,256.1,85.4,1.0,0.82,12.94
M,3.86,67.5,19.63,87.2,34.9,591.0,0,No Failure,177.0,59.0,1.0,2.61,17.12
L,0.89,73.8,24.05,80.4,46.4,127.0,0,No Failure,231.5,77.2,0.0,0.66,19.34
L,2.86,102.62,17.32,79.8,43.1,370.0,0,No Failure,186.1,62.0,0.0,2.93,13.82
L,0.53,71.8,19.12,74.0,30.0,494.0,0,No Failure,192.3,64.1,0.0,0.38,14.15
L,2.61,70.1,20.54,83.6,54.4,381.0,0,No Failure,206.5,68.8,0.0,1.83,17.17
L,3.39,76.0,14.61,61.2,29.0,337.0,0,No Failure,152.5,50.8,0.0,2.58,8.94
L,3.7,65.5,21.35,89.8,42.3,372.0,0,No Failure,191.6,63.9,0.0,2.42,19.17
M,5.37,63.3,26.72,95.9,47.3,983.0,1,Motor Winding Overload,7.8,50.8,1.0,3.4,25.62
L,2.07,60.4,17.25,81.0,54.9,1115.0,0,No Failure,196.3,65.4,0.0,1.25,13.97
M,4.56,59.7,17.98,86.3,51.5,781.0,0,No Failure,181.7,60.6,1.0,2.72,15.52
L,2.49,70.9,13.22,84.0,34.3,941.0,0,No Failure,153.8,51.3,0.0,1.77,11.1
L,2.11,67.0,3.712,86.0,43.2,652.0,0,No Failure,197.1,65.7,0.0,1.41,3.19
M,1.66,78.8,16.56,77.6,49.3,882.0,0,No Failure,176.5,58.8,1.0,1.31,12.85
M,0.72,64.6,14.5,75.7,45.1,431.0,0,No Failure,234.6,78.2,1.0,0.47,10.98
H,6.5,77.7,23.93,96.3,43.5,412.0,0,No Failure,130.6,43.5,2.0,5.05,23.04
H,5.23,71.5,20.81,90.2,36.8,544.0,0,No Failure,141.0,47.0,2.0,3.74,18.77
M,2.58,62.1,16.69,82.3,43.5,84.0,0,No Failure,229.6,76.5,1.0,1.6,13.74
L,1.49,56.1,17.31,79.3,55.7,1038.0,0,No Failure,216.3,72.1,0.0,0.84,13.73
L,4.32,57.8,15.29,92.9,53.1,545.0,0,No Failure,200.5,66.8,0.0,2.5,14.2
M,1.95,56.3,20.25,80.7,47.2,832.0,0,No Failure,218.8,72.9,1.0,1.1,16.34
L,7.57,77.1,15.42,97.6,38.7,657.0,1,Harmonic Resonance,11.3,32.3,0.0,5.84,15.05
L,3.25,64.6,19.74,87.2,40.5,285.0,0,No Failure,200.4,66.8,0.0,2.1,17.21
M,4.03,59.9,21.81,83.8,36.5,685.0,0,No Failure,172.4,57.5,1.0,2.41,18.28
M,4.14,84.0,14.67,86.8,56.2,751.0,0,No Failure,140.1,46.7,1.0,3.48,12.73
L,4.19,76.6,33.088,95.4,32.7,1004.0,1,Motor Winding Overload,4.3,38.0,0.0,3.21,31.57
L,2.27,56.8,23.45,81.5,37.5,909.0,0,No Failure,192.3,64.1,0.0,1.29,19.11
H,3.22,59.6,17.74,85.4,43.2,816.0,0,No Failure,189.1,63.0,2.0,1.92,15.15
L,1.86,65.1,24.31,83.1,48.7,350.0,0,No Failure,227.9,76.0,0.0,1.21,20.2
M,4.37,77.9,17.54,83.8,37.0,831.0,0,No Failure,125.5,41.8,1.0,3.4,14.7
H,-3.556,58.0,18.79,87.5,40.6,606.0,0,No Failure,210.4,70.1,2.0,-2.06,16.44
L,0.93,50.8,7.11,69.8,39.8,489.0,0,No Failure,247.0,82.3,0.0,0.47,4.96
H,1.74,62.6,9.83,76.6,43.5,978.0,0,No Failure,195.0,65.0,2.0,1.09,7.53
L,2.83,68.5,17.08,79.2,39.3,784.0,0,No Failure,170.8,56.9,0.0,1.94,13.53
L,0.95,61.8,16.36,77.0,50.0,437.0,0,No Failure,242.1,80.7,0.0,0.59,12.6
H,1.63,64.9,23.04,81.6,46.2,877.0,0,No Failure,201.7,67.2,2.0,1.06,18.8
M,0.69,84.6,13.06,74.6,39.7,478.0,0,No Failure,182.9,61.0,1.0,0.58,9.74
L,1.72,48.9,12.0,82.2,48.7,798.0,0,No Failure,237.5,79.2,0.0,0.84,9.86
M,2.32,63.1,22.71,85.3,49.7,960.0,0,No Failure,195.4,65.1,1.0,1.46,19.37
H,6.07,75.7,14.8,92.6,20.0,132.0,0,No Failure,162.3,54.1,2.0,4.59,13.7
L,3.14,57.6,13.23,82.2,43.0,332.0,0,No Failure,218.0,72.7,0.0,1.81,10.88
M,4.79,61.9,16.27,88.2,35.8,477.0,0,No Failure,167.5,55.8,1.0,2.97,14.35
M,4.89,70.3,17.4,85.3,33.1,619.0,0,No Failure,137.4,45.8,1.0,3.44,14.84
M,3.57,59.5,21.59,90.8,37.4,1018.0,0,No Failure,164.2,54.7,1.0,2.12,19.6
L,4.49,83.7,18.69,92.0,45.0,118.0,0,No Failure,162.4,54.1,0.0,3.76,17.19
L,4.86,71.8,17.9,88.2,45.0,613.0,0,No Failure,156.6,52.2,0.0,3.49,15.79
M,5.51,60.9,21.55,95.3,53.5,15.0,0,No Failure,205.1,68.4,1.0,3.36,20.54
M,2.54,62.2,14.96,82.7,47.0,211.0,0,No Failure,229.9,76.6,1.0,1.58,12.37
M,1.48,62.7,18.01,77.3,44.6,271.0,0,No Failure,235.5,78.5,1.0,0.93,13.92
L,3.6,83.9,26.25,89.9,40.4,161.0,0,No Failure,163.2,54.4,0.0,3.02,23.6
H,4.64,82.7,24.2,91.9,39.5,1195.0,0,No Failure,98.6,32.9,2.0,3.84,22.24
L,5.11,85.4,21.29,90.2,29.6,819.0,1,Lubrication Breakdown,9.5,29.4,0.0,4.36,19.2
L,0.74,61.8,19.93,80.4,52.0,250.0,0,No Failure,254.2,84.7,0.0,0.46,16.02
L,1.91,54.0,15.04,82.4,46.6,466.0,0,No Failure,241.1,80.4,0.0,1.03,12.39
H,2.13,67.8,15.86,83.4,41.6,1096.0,0,No Failure,170.1,56.7,2.0,1.44,13.23
H,6.89,74.0,21.0,98.0,50.0,242.0,0,No Failure,149.5,49.8,2.0,5.1,20.58
L,5.15,70.1,21.07,90.7,46.2,978.0,0,No Failure,140.1,46.7,0.0,3.61,19.11
H,2.22,80.4,13.8,79.7,56.2,929.0,0,No Failure,163.6,54.5,2.0,1.78,11.0
H,1.27,67.0,15.09,78.6,42.2,541.0,0,No Failure,211.8,70.6,2.0,0.85,11.86
L,2.99,67.3,14.57,80.8,38.3,416.0,0,No Failure,187.9,62.6,0.0,2.01,11.77
H,2.49,73.5,25.95,85.4,45.6,606.0,0,No Failure,157.8,52.6,2.0,1.83,22.16
H,3.6,88.0,22.63,87.0,37.5,275.0,0,No Failure,144.1,48.0,2.0,3.17,19.69
M,7.33,66.5,19.93,105.0,49.6,1055.0,0,No Failure,118.0,39.3,1.0,4.87,20.93
L,6.34,86.6,20.41,95.9,48.0,880.0,1,Bearing Thermal Seizure,3.9,33.2,0.0,5.49,19.57
M,1.2,57.3,17.7,76.4,47.6,198.0,0,No Failure,259.0,86.3,1.0,0.69,13.52
H,5.04,73.0,16.26,84.3,44.0,443.0,0,No Failure,158.5,52.8,2.0,3.68,13.71
M,3.23,69.9,24.14,87.1,54.0,122.0,0,No Failure,211.7,70.6,1.0,2.26,21.03
M,4.77,79.8,23.08,88.3,40.3,420.0,0,No Failure,142.9,47.6,1.0,3.81,20.38
L,1.13,51.1,23.98,81.9,42.5,288.0,0,No Failure,258.7,86.2,0.0,0.58,19.64
M,0.41,58.3,19.26,73.3,42.4,53.0,0,No Failure,265.3,88.4,1.0,0.24,14.12
M,2.69,66.1,14.09,82.7,51.5,826.0,0,No Failure,191.2,63.7,1.0,1.78,11.65
M,0.85,66.6,25.87,80.3,48.4,350.0,0,No Failure,238.1,79.4,1.0,0.57,20.77
L,1.9,59.3,20.64,80.1,45.3,1110.0,0,No Failure,196.1,65.4,0.0,1.13,16.53
L,4.48,68.4,15.34,87.1,53.0,214.0,0,No Failure,193.7,64.6,0.0,3.06,13.36
L,3.04,63.0,10.52,82.9,46.8,2193.0,0,No Failure,172.4,57.5,0.0,1.92,8.72
H,4.92,71.9,22.04,87.2,42.1,444.0,0,No Failure,158.8,52.9,2.0,3.54,19.22
M,2.46,70.2,27.42,83.2,45.4,622.0,0,No Failure,191.5,63.8,1.0,1.73,22.81
L,2.66,58.3,17.17,83.3,46.6,615.0,0,No Failure,215.2,71.7,0.0,1.55,14.3
L,2.74,68.3,24.29,81.4,34.1,681.0,0,No Failure,168.4,56.1,0.0,1.87,19.77
M,7.89,67.2,19.67,97.8,44.4,591.0,1,Harmonic Resonance,11.4,39.8,1.0,5.3,19.24
M,9.566,78.6,18.19,89.4,47.4,634.0,0,No Failure,166.3,55.4,1.0,7.52,16.26
H,1.17,67.6,16.43,76.8,37.8,589.0,0,No Failure,201.6,67.2,2.0,0.79,12.62
H,2.54,82.7,12.22,77.4,39.3,226.0,0,No Failure,174.3,58.1,2.0,2.1,9.46
L,4.13,82.5,19.09,93.3,35.6,17.0,0,No Failure,157.6,52.5,0.0,3.41,17.81
L,2.27,60.8,20.08,82.0,48.0,524.0,0,No Failure,222.4,74.1,0.0,1.38,16.47
M,0.37,56.2,17.84,73.8,46.8,1082.0,0,No Failure,226.5,75.5,1.0,0.21,13.17
L,7.15,74.2,14.74,97.9,48.3,519.0,0,No Failure,131.8,43.9,0.0,5.31,14.43
H,3.27,73.2,14.56,85.5,54.9,870.0,0,No Failure,167.2,55.7,2.0,2.39,12.45
M,3.93,74.3,14.99,84.8,36.6,104.0,0,No Failure,174.1,58.0,1.0,2.92,12.71
H,2.55,55.3,19.42,79.9,54.5,332.0,0,No Failure,239.3,79.8,2.0,1.41,15.52
L,5.25,87.7,11.03,93.5,39.1,921.0,0,No Failure,93.6,31.2,0.0,4.6,10.31
L,2.85,78.6,14.9,84.7,47.2,833.0,0,No Failure,162.3,54.1,0.0,2.24,12.62
L,9.566,74.5,20.78,89.7,46.2,120.0,0,No Failure,181.6,60.5,0.0,7.13,18.64
L,4.13,78.0,22.11,92.5,43.2,1180.0,0,No Failure,122.2,40.7,0.0,3.22,20.45
L,2.32,58.8,17.58,84.9,45.7,1010.0,0,No Failure,197.3,65.8,0.0,1.36,14.93
L,3.6,72.4,18.56,84.4,36.9,260.0,0,No Failure,175.0,58.3,0.0,2.61,15.66
H,2.64,72.6,16.36,84.2,42.1,220.0,0,No Failure,198.5,66.2,2.0,1.92,13.78
L,6.55,71.7,23.24,93.8,57.2,865.0,0,No Failure,127.4,42.5,0.0,4.7,21.8
L,6.65,63.8,15.03,92.6,46.6,286.0,0,No Failure,168.3,56.1,0.0,4.24,13.92
H,6.07,72.7,9.82,92.9,68.6,1139.0,0,No Failure,116.4,38.8,2.0,4.41,9.12
H,4.21,78.8,10.13,82.7,40.2,175.0,0,No Failure,164.4,54.8,2.0,3.32,8.38
H,3.03,58.8,18.47,89.2,48.0,947.0,0,No Failure,195.3,65.1,2.0,1.78,16.48
L,2.26,54.3,14.18,82.8,57.1,602.0,0,No Failure,231.6,77.2,0.0,1.23,11.74
L,2.83,62.2,20.67,76.5,52.5,494.0,0,No Failure,216.2,72.1,0.0,1.76,15.81
M,1.39,71.1,19.03,77.8,36.0,344.0,0,No Failure,200.8,66.9,1.0,0.99,14.81
H,1.85,50.7,25.93,86.0,49.6,971.0,0,No Failure,225.8,75.3,2.0,0.94,22.3
H,7.21,65.3,11.83,95.6,44.9,522.0,0,No Failure,143.1,47.7,2.0,4.71,11.31
L,3.26,86.8,13.59,83.6,41.4,875.0,0,No Failure,128.0,42.7,0.0,2.83,11.36
L,3.34,75.9,21.05,85.6,41.2,204.0,0,No Failure,181.9,60.6,0.0,2.54,18.02
L,1.61,63.9,14.06,78.6,43.4,754.0,0,No Failure,205.1,68.4,0.0,1.03,11.05
M,6.42,81.5,11.1,92.1,50.0,527.0,0,No Failure,126.4,42.1,1.0,5.23,10.22
H,2.44,74.4,20.21,82.3,49.7,474.0,0,No Failure,195.5,65.2,2.0,1.82,16.63
L,5.79,73.0,11.87,91.8,42.8,359.0,0,No Failure,150.7,50.2,0.0,4.23,10.9
H,1.36,71.8,14.88,77.7,40.7,384.0,0,No Failure,206.2,68.7,2.0,0.98,11.56
M,9.566,63.0,20.75,84.5,48.3,784.0,0,No Failure,195.3,65.1,1.0,6.03,17.53
H,1.92,90.2,18.47,79.4,44.8,180.0,0,No Failure,179.6,59.9,2.0,1.73,14.67
M,3.58,66.0,18.8,86.4,41.2,107.0,0,No Failure,203.4,67.8,1.0,2.36,16.24
H,0.88,67.2,17.79,78.4,38.8,858.0,0,No Failure,194.6,64.9,2.0,0.59,13.95
L,2.03,68.5,18.6,80.7,51.5,189.0,0,No Failure,226.9,75.6,0.0,1.39,15.01
M,2.86,78.1,12.68,85.0,68.6,664.0,0,No Failure,173.1,57.7,1.0,2.23,10.78
L,1.47,76.0,21.36,76.3,53.0,785.0,0,No Failure,189.5,63.2,0.0,1.12,16.3
M,3.1,64.5,19.98,84.1,44.55,900.0,0,No Failure,168.6,56.2,1.0,2.0,16.8
L,2.66,67.9,19.18,86.9,47.0,254.0,0,No Failure,214.8,71.6,0.0,1.81,16.67
L,2.31,49.1,16.78,80.1,54.6,342.0,0,No Failure,252.6,84.2,0.0,1.13,13.44
L,5.07,74.4,12.76,91.6,38.9,861.0,0,No Failure,125.2,41.7,0.0,3.77,11.69
L,1.78,64.4,21.59,82.2,48.8,545.0,0,No Failure,220.6,73.5,0.0,1.15,17.75
L,4.99,82.8,17.93,90.9,34.2,252.0,0,No Failure,131.5,43.8,0.0,4.13,16.3
M,8.34,79.5,22.46,101.2,32.8,301.0,1,Harmonic Resonance,3.6,29.7,1.0,6.63,22.73
M,2.62,63.2,20.38,85.3,52.8,686.0,0,No Failure,204.9,68.3,1.0,1.66,17.38
L,3.0,63.3,17.59,85.1,37.2,1179.0,0,No Failure,155.6,51.9,0.0,1.9,14.97
H,1.1,61.0,23.25,77.3,56.7,1160.0,0,No Failure,205.6,68.5,2.0,0.67,17.97
H,1.31,69.8,24.7,81.4,42.4,317.0,0,No Failure,217.3,72.4,2.0,0.91,20.11
M,0.94,63.1,22.51,77.6,42.1,838.0,0,No Failure,208.9,69.6,1.0,0.59,17.47
M,1.65,59.8,12.83,78.2,39.4,1048.0,0,No Failure,190.9,63.6,1.0,0.99,10.03
L,3.96,83.9,8.46,82.1,40.9,976.0,0,No Failure,118.6,39.5,0.0,3.32,6.95
L,2.07,60.6,13.51,78.7,45.1,673.0,0,No Failure,212.8,70.9,0.0,1.25,10.63
L,2.83,63.7,17.57,79.6,60.9,904.0,0,No Failure,193.7,64.6,0.0,1.8,13.99
H,3.01,57.2,16.89,83.0,46.3,931.0,0,No Failure,196.5,65.5,2.0,1.72,14.02
L,2.83,102.62,8.49,107.1,30.6,835.0,1,Bearing Thermal Seizure,5.9,0.0,0.0,2.9,9.09
L,4.54,51.5,21.35,92.3,66.4,165.0,0,No Failure,229.2,76.4,0.0,2.34,19.71
L,2.83,58.4,15.25,81.7,40.5,1038.0,0,No Failure,180.7,60.2,0.0,1.65,12.46
L,6.13,80.6,19.56,96.6,43.7,577.0,0,No Failure,121.8,40.6,0.0,4.94,18.89
M,2.94,64.4,12.66,78.1,36.5,142.0,0,No Failure,204.8,68.3,1.0,1.89,9.89
M,6.42,71.4,21.35,96.9,40.9,1076.0,0,No Failure,106.4,35.5,1.0,4.58,20.69
M,2.3,77.6,27.2,81.8,42.4,1102.0,0,No Failure,149.4,49.8,1.0,1.78,22.25
M,1.4,63.2,16.94,79.5,47.0,315.0,0,No Failure,237.7,79.2,1.0,0.88,13.47
M,2.47,68.1,21.53,86.5,41.8,443.0,0,No Failure,198.1,66.0,1.0,1.68,18.62
H,2.46,74.9,11.92,82.2,48.0,783.0,0,No Failure,178.8,59.6,2.0,1.84,9.8
M,0.87,66.7,17.91,79.3,39.6,827.0,0,No Failure,198.7,66.2,1.0,0.58,14.2
M,5.18,75.9,13.51,92.8,44.55,125.0,0,No Failure,150.0,50.0,1.0,3.93,12.54
H,2.17,66.7,21.3,79.3,51.7,1125.0,0,No Failure,181.9,60.6,2.0,1.45,16.89
M,1.05,64.9,26.44,79.1,42.0,546.0,0,No Failure,218.3,72.8,1.0,0.68,20.91
L,4.66,78.3,15.62,90.1,40.0,276.0,0,No Failure,154.0,51.3,0.0,3.65,14.07
M,3.21,70.4,12.08,78.5,47.6,901.0,0,No Failure,171.3,57.1,1.0,2.26,9.48
M,4.41,57.4,26.66,87.2,46.8,780.0,0,No Failure,186.2,62.1,1.0,2.53,23.25
H,6.13,74.4,15.59,93.2,40.7,611.0,0,No Failure,127.1,42.4,2.0,4.56,14.53
H,1.41,71.1,17.32,78.1,54.1,914.0,0,No Failure,193.6,64.5,2.0,1.0,13.53
L,1.01,48.2,12.78,76.5,50.7,734.0,0,No Failure,250.0,83.3,0.0,0.49,9.78
L,2.52,74.0,25.3,87.0,48.1,656.0,0,No Failure,186.1,62.0,0.0,1.86,22.01
M,2.98,82.3,15.89,78.7,45.7,640.0,0,No Failure,160.1,53.4,1.0,2.45,12.51
M,4.19,74.8,16.69,87.2,46.3,326.0,0,No Failure,176.0,58.7,1.0,3.13,14.55
H,2.34,58.4,20.15,79.4,56.8,870.0,0,No Failure,209.0,69.7,2.0,1.37,16.0
M,3.2,62.7,19.3,88.4,47.7,64.0,0,No Failure,228.9,76.3,1.0,2.01,17.06
M,-3.556,89.5,15.64,93.2,49.3,872.0,1,Bearing Thermal Seizure,3.8,31.4,1.0,-3.18,14.58
H,3.11,63.1,21.44,88.2,42.7,757.0,0,No Failure,185.6,61.9,2.0,1.96,18.91
L,3.76,61.8,15.86,86.3,49.4,333.0,0,No Failure,210.4,70.1,0.0,2.32,13.69
L,4.43,86.8,19.7,89.9,41.3,842.0,0,No Failure,114.1,38.0,0.0,3.85,17.71
L,5.78,52.6,19.39,90.2,68.6,212.0,0,No Failure,204.0,68.0,0.0,3.04,17.49
M,5.04,77.5,25.07,93.4,45.9,200.0,0,No Failure,165.1,55.0,1.0,3.91,23.42
M,2.68,66.9,16.51,77.7,45.6,449.0,0,No Failure,204.3,68.1,1.0,1.79,12.83
L,3.93,62.1,16.84,85.7,46.9,638.0,0,No Failure,190.3,63.4,0.0,2.44,14.43
L,3.48,75.7,19.9,83.8,42.7,711.0,0,No Failure,157.8,52.6,0.0,2.63,16.68
L,2.27,72.4,21.35,79.7,34.8,75.0,0,No Failure,197.9,66.0,0.0,1.64,17.02
M,5.6,73.8,18.69,90.8,36.6,712.0,0,No Failure,122.8,40.9,1.0,4.13,16.97
L,2.61,60.7,14.8,83.9,68.6,171.0,0,No Failure,225.9,75.3,0.0,1.58,12.42
H,2.26,60.7,15.98,77.1,47.3,721.0,0,No Failure,211.6,70.5,2.0,1.37,12.32
M,6.2,71.5,21.36,99.2,34.4,917.0,0,No Failure,105.3,35.1,1.0,4.43,21.19
H,5.19,79.7,20.8,89.9,34.8,902.0,0,No Failure,103.6,34.5,2.0,4.14,18.7
L,3.66,73.1,19.06,84.8,34.4,1038.0,0,No Failure,129.4,43.1,0.0,2.68,16.16
L,7.3,79.0,14.42,97.2,45.2,502.0,0,No Failure,116.0,38.7,0.0,5.77,14.02
L,2.62,53.0,22.05,85.6,41.5,751.0,0,No Failure,210.4,70.1,0.0,1.39,18.87
H,9.566,89.6,19.02,107.1,46.6,151.0,1,Bearing Thermal Seizure,7.1,13.2,2.0,8.57,20.37
L,2.58,58.8,21.12,86.5,50.7,881.0,0,No Failure,204.5,68.2,0.0,1.52,18.27
M,1.79,59.7,17.25,77.3,52.0,18.0,0,No Failure,256.2,85.4,1.0,1.07,13.33
M,1.73,52.4,20.59,79.7,58.0,200.0,0,No Failure,262.5,87.5,1.0,0.91,16.41
L,2.83,70.2,23.26,89.9,42.8,498.0,0,No Failure,167.6,55.9,0.0,1.99,20.91
L,8.23,82.7,17.01,105.6,51.8,494.0,1,Bearing Thermal Seizure,2.7,34.0,0.0,6.81,17.96
L,4.55,71.4,20.53,91.8,44.9,1085.0,0,No Failure,137.7,45.9,0.0,3.25,18.85
M,3.64,74.8,13.27,87.3,32.9,692.0,0,No Failure,140.8,46.9,1.0,2.72,11.58
L,2.83,68.1,15.21,81.6,36.0,854.0,0,No Failure,162.4,54.1,0.0,1.93,12.41
M,4.39,64.3,25.3,91.7,51.7,519.0,0,No Failure,187.8,62.6,1.0,2.82,23.2
H,2.63,67.3,3.712,78.8,43.2,637.0,0,No Failure,190.4,63.5,2.0,1.77,2.93
L,2.59,67.7,19.76,81.8,44.6,367.0,0,No Failure,206.1,68.7,0.0,1.75,16.16
M,1.04,61.9,17.76,78.8,39.0,708.0,0,No Failure,211.0,70.3,1.0,0.64,13.99
H,2.93,69.0,18.85,85.0,43.5,140.0,0,No Failure,208.4,69.5,2.0,2.02,16.02
M,0.99,60.4,20.84,78.9,39.3,1107.0,0,No Failure,195.2,65.1,1.0,0.6,16.44
M,4.82,58.5,21.89,92.1,54.0,499.0,0,No Failure,194.8,64.9,1.0,2.82,20.16
M,2.41,57.6,22.74,86.5,46.4,315.0,0,No Failure,234.5,78.2,1.0,1.39,19.67
L,5.61,62.9,21.48,93.8,45.0,994.0,0,No Failure,145.5,48.5,0.0,3.53,20.15
H,3.45,62.4,20.15,83.5,39.8,866.0,0,No Failure,171.9,57.3,2.0,2.15,16.83
H,1.74,61.4,22.61,81.3,49.2,681.0,0,No Failure,220.3,73.4,2.0,1.07,18.38
L,5.83,75.5,27.22,94.3,32.9,83.0,1,Motor Winding Overload,5.2,47.1,0.0,4.4,25.67
M,1.51,56.1,23.38,85.4,51.5,492.0,0,No Failure,243.4,81.1,1.0,0.85,19.97
H,1.33,69.2,21.41,79.0,48.5,644.0,0,No Failure,211.9,70.6,2.0,0.92,16.91
L,2.56,71.5,16.6,81.3,41.0,552.0,0,No Failure,183.2,61.1,0.0,1.83,13.5
H,2.03,64.2,15.45,81.0,43.1,836.0,0,No Failure,194.3,64.8,2.0,1.3,12.51
M,3.07,77.7,29.32,87.1,40.4,29.0,0,No Failure,189.2,63.1,1.0,2.39,25.54
M,3.4,80.6,18.54,82.5,52.4,674.0,0,No Failure,160.5,53.5,1.0,2.74,15.3
M,6.43,75.2,21.61,92.8,38.8,233.0,0,No Failure,137.0,45.7,1.0,4.84,20.05
H,3.02,76.4,9.86,79.0,43.6,905.0,0,No Failure,154.4,51.5,2.0,2.31,7.79
M,2.53,80.6,10.25,79.6,47.0,698.0,0,No Failure,168.9,56.3,1.0,2.04,8.16
M,1.32,60.0,15.87,76.4,51.0,905.0,0,No Failure,217.4,72.5,1.0,0.79,12.12
H,4.3,73.4,16.42,92.5,45.0,521.0,0,No Failure,165.3,55.1,2.0,3.16,15.19
M,3.35,83.8,15.78,81.9,47.4,375.0,0,No Failure,168.6,56.2,1.0,2.81,12.92
L,3.78,81.1,15.06,88.9,47.9,195.0,0,No Failure,178.3,59.4,0.0,3.07,13.39
L,5.46,85.5,21.01,92.2,43.6,701.0,0,No Failure,114.4,38.1,0.0,4.67,19.37
L,3.35,63.4,21.77,87.6,36.3,1048.0,0,No Failure,155.8,51.9,0.0,2.12,19.07
H,1.99,75.7,17.0,80.9,37.8,1067.0,0,No Failure,150.8,50.3,2.0,1.51,13.75
H,1.47,71.6,20.49,82.7,42.1,532.0,0,No Failure,200.3,66.8,2.0,1.05,16.95
M,2.07,58.5,15.12,80.2,33.7,502.0,0,No Failure,205.0,68.3,1.0,1.21,12.13
L,0.89,84.9,21.55,81.1,27.8,1042.0,1,Lubrication Breakdown,6.2,43.4,0.0,0.76,17.48
L,2.96,47.0,19.55,107.1,47.1,21.0,0,No Failure,258.5,86.2,0.0,1.39,20.94
M,1.32,58.5,21.77,80.0,52.0,789.0,0,No Failure,226.2,75.4,1.0,0.77,17.42
L,0.49,34.58,17.98,72.4,39.9,573.0,0,No Failure,250.3,83.4,0.0,0.17,13.02
L,1.06,78.2,16.54,77.2,45.3,84.0,0,No Failure,220.6,73.5,0.0,0.83,12.77
H,5.89,55.6,14.92,91.6,58.4,733.0,0,No Failure,174.8,58.3,2.0,3.27,13.67
L,2.88,75.3,23.95,84.0,56.0,142.0,0,No Failure,204.5,68.2,0.0,2.17,20.12
M,1.84,67.1,23.1,81.6,54.3,1110.0,0,No Failure,186.2,62.0,1.0,1.23,18.85
L,2.95,85.6,21.06,82.9,68.6,525.0,0,No Failure,142.2,47.4,0.0,2.53,17.46
L,1.62,61.4,16.92,77.7,50.2,292.0,0,No Failure,241.3,80.4,0.0,0.99,13.15
L,4.71,68.5,14.21,83.7,38.3,890.0,0,No Failure,111.8,37.3,0.0,3.23,11.89
L,1.88,60.6,20.15,82.0,39.9,765.0,0,No Failure,201.3,67.1,0.0,1.14,16.52
M,6.08,71.3,16.59,61.2,45.3,253.0,0,No Failure,160.1,53.4,1.0,4.34,10.15
L,2.09,88.2,16.33,77.6,41.4,742.0,0,No Failure,147.2,49.1,0.0,1.84,12.67
H,2.05,58.8,20.1,84.0,47.2,805.0,0,No Failure,213.8,71.3,2.0,1.21,16.88
L,1.45,34.58,19.21,82.6,50.0,99.0,0,No Failure,226.4,75.5,0.0,0.5,15.87
L,2.28,77.8,18.66,84.1,43.9,348.0,0,No Failure,189.7,63.2,0.0,1.77,15.69
L,2.09,70.3,18.08,79.2,53.6,495.0,0,No Failure,207.2,69.1,0.0,1.47,14.32
H,2.54,69.4,17.87,89.4,45.7,388.0,0,No Failure,204.3,68.1,2.0,1.76,15.98
L,1.67,67.1,11.28,78.8,47.7,1082.0,0,No Failure,189.2,63.1,0.0,1.12,8.89
M,3.05,72.8,21.28,86.0,52.0,645.0,0,No Failure,182.1,60.7,1.0,2.22,18.3
M,4.94,67.6,15.69,92.5,45.2,161.0,0,No Failure,186.9,62.3,1.0,3.34,14.51
L,3.65,65.9,13.27,79.2,51.8,581.0,0,No Failure,191.2,63.7,0.0,2.41,10.51
M,8.1,82.9,15.16,99.9,45.2,11.0,1,Bearing Thermal Seizure,2.2,40.8,1.0,6.71,15.14
H,1.4,61.8,11.06,78.4,38.2,719.0,0,No Failure,204.4,68.1,2.0,0.87,8.67
M,1.96,66.9,11.25,75.0,46.1,815.0,0,No Failure,196.3,65.4,1.0,1.31,8.44
M,4.68,75.1,15.18,83.5,31.5,88.0,0,No Failure,154.3,51.4,1.0,3.51,12.68
M,5.49,71.8,26.93,94.5,50.0,1093.0,1,Motor Winding Overload,5.0,43.2,1.0,3.94,25.45
M,0.57,63.1,28.94,79.0,51.9,1052.0,0,No Failure,213.7,71.2,1.0,0.36,22.86
L,3.26,59.4,20.49,80.8,37.9,83.0,0,No Failure,216.1,72.0,0.0,1.94,16.56
L,1.72,65.9,20.62,79.5,35.4,1006.0,0,No Failure,172.6,57.5,0.0,1.13,16.39
H,2.64,65.9,18.43,80.7,51.9,518.0,0,No Failure,207.6,69.2,2.0,1.74,14.87
L,1.83,66.8,19.14,74.6,41.0,955.0,0,No Failure,182.0,60.7,0.0,1.22,14.28
L,7.16,62.8,22.14,95.7,46.7,233.0,0,No Failure,166.4,55.5,0.0,4.5,21.19
M,3.8,67.9,20.85,88.7,47.9,813.0,0,No Failure,173.5,57.8,1.0,2.58,18.49
M,1.78,82.7,18.44,77.5,44.0,861.0,0,No Failure,161.0,53.7,1.0,1.47,14.29
H,2.0,64.5,19.05,81.9,44.7,804.0,0,No Failure,198.6,66.2,2.0,1.29,15.6
L,3.58,67.9,10.24,81.5,50.1,602.0,0,No Failure,187.1,62.4,0.0,2.43,8.35
H,1.92,58.7,24.93,86.2,53.7,14.0,0,No Failure,256.7,85.6,2.0,1.13,21.49
L,2.83,80.5,15.93,80.0,39.3,759.0,0,No Failure,137.6,45.9,0.0,2.28,12.74
L,3.63,71.0,17.23,89.9,48.0,192.0,0,No Failure,200.8,66.9,0.0,2.58,15.49
L,3.13,66.8,20.78,83.1,44.6,1117.0,0,No Failure,163.3,54.4,0.0,2.09,17.27
L,2.79,68.0,21.19,86.3,50.4,231.0,0,No Failure,215.8,71.9,0.0,1.9,18.29
L,4.14,55.3,18.08,107.1,40.6,886.0,0,No Failure,177.4,59.1,0.0,2.29,19.36
H,1.53,64.2,16.81,76.3,62.7,144.0,0,No Failure,244.3,81.4,2.0,0.98,12.83
H,5.46,82.2,19.37,93.7,38.6,624.0,0,No Failure,115.8,38.6,2.0,4.49,18.15
L,3.49,81.2,15.95,79.9,38.4,611.0,0,No Failure,144.0,48.0,0.0,2.83,12.74
L,3.5,54.9,12.8,88.0,51.7,1113.0,0,No Failure,188.6,62.9,0.0,1.92,11.26
L,4.64,80.8,14.94,91.4,39.4,248.0,0,No Failure,149.6,49.9,0.0,3.75,13.66
M,0.95,70.3,26.18,83.3,52.3,591.0,0,No Failure,219.2,73.1,1.0,0.67,21.81
L,2.11,53.4,23.95,89.4,58.9,377.0,0,No Failure,246.7,82.2,0.0,1.13,21.41
M,1.91,71.2,16.61,80.8,42.3,216.0,0,No Failure,211.5,70.5,1.0,1.36,13.42
M,2.08,66.3,13.6,79.8,44.55,989.0,0,No Failure,190.3,63.4,1.0,1.38,10.85
M,2.2,63.8,14.14,83.7,43.3,99.0,0,No Failure,230.1,76.7,1.0,1.4,11.84
H,3.29,69.9,16.53,80.4,48.0,303.0,0,No Failure,201.9,67.3,2.0,2.3,13.29
L,1.51,77.2,15.81,75.3,42.4,866.0,0,No Failure,172.4,57.5,0.0,1.17,11.9
M,5.6,81.9,17.52,93.4,27.9,239.0,0,No Failure,114.6,38.2,1.0,4.59,16.36
L,5.17,66.3,15.3,89.6,55.8,992.0,0,No Failure,149.9,50.0,0.0,3.43,13.71
M,4.51,74.7,18.1,89.8,38.3,793.0,0,No Failure,134.3,44.8,1.0,3.37,16.25
L,1.89,52.7,18.15,81.2,32.7,187.0,0,No Failure,232.9,77.6,0.0,1.0,14.74
H,2.69,73.1,25.31,84.7,55.9,26.0,0,No Failure,217.2,72.4,2.0,1.97,21.44
L,2.49,63.9,7.89,77.2,43.9,1053.0,0,No Failure,179.5,59.8,0.0,1.59,6.09
L,4.14,34.58,16.38,83.0,47.6,589.0,0,No Failure,215.5,71.8,0.0,1.43,13.6
H,0.28,55.7,18.91,75.2,50.3,347.0,0,No Failure,267.6,89.2,2.0,0.16,14.22
M,0.94,73.3,11.45,73.0,41.6,1084.0,0,No Failure,175.3,58.4,1.0,0.69,8.36
L,3.4,77.4,18.34,83.7,52.9,905.0,0,No Failure,155.3,51.8,0.0,2.63,15.35
L,2.0,57.2,15.86,76.2,43.9,579.0,0,No Failure,223.0,74.3,0.0,1.14,12.09
M,3.06,68.9,22.24,87.8,47.8,12.0,0,No Failure,221.1,73.7,1.0,2.11,19.53
M,6.84,75.3,13.41,97.7,35.0,718.0,0,No Failure,100.3,33.4,1.0,5.15,13.1
M,4.91,101.1,18.15,87.7,35.1,1137.0,0,No Failure,53.3,17.8,1.0,4.96,15.92
M,3.36,79.6,18.29,81.8,48.8,591.0,0,No Failure,182.2,60.8,1.0,2.67,14.96
L,2.18,76.1,17.22,83.6,41.9,904.0,0,No Failure,163.0,54.3,0.0,1.66,14.4
M,1.96,68.6,16.99,79.7,46.7,70.0,0,No Failure,231.2,77.1,1.0,1.34,13.54
H,2.76,68.5,28.7,86.4,40.7,846.0,0,No Failure,171.3,57.1,2.0,1.89,24.8
H,4.62,84.0,25.06,90.4,31.5,1071.0,0,No Failure,88.1,29.4,2.0,3.88,22.65
H,4.15,83.1,17.38,88.3,48.2,64.0,0,No Failure,176.1,58.7,2.0,3.45,15.35
L,2.3,56.2,18.56,77.9,36.1,564.0,0,No Failure,207.8,69.3,0.0,1.29,14.46
M,2.12,73.8,11.77,81.2,32.6,361.0,0,No Failure,178.8,59.6,1.0,1.56,9.56
H,2.73,65.5,18.65,84.0,48.8,1147.0,0,No Failure,175.8,58.6,2.0,1.79,15.67
L,2.83,71.1,15.23,82.2,43.5,249.0,0,No Failure,200.1,66.7,0.0,2.01,12.52
L,5.18,86.8,19.52,91.8,46.5,614.0,0,No Failure,125.0,41.7,0.0,4.5,17.92
M,2.9,70.9,22.56,82.2,46.9,1033.0,0,No Failure,166.5,55.5,1.0,2.06,18.54
M,2.22,67.3,15.69,85.8,43.2,428.0,0,No Failure,206.2,68.7,1.0,1.49,13.46
H,4.24,61.2,18.23,83.5,48.7,952.0,0,No Failure,174.4,58.1,2.0,2.59,15.22
L,0.51,61.3,16.54,73.6,49.9,985.0,0,No Failure,221.5,73.8,0.0,0.31,12.17
M,1.99,58.3,23.05,84.0,41.1,392.0,0,No Failure,225.3,75.1,1.0,1.16,19.36
M,3.58,77.6,16.91,85.1,35.4,901.0,0,No Failure,130.1,43.4,1.0,2.78,14.39
M,1.37,53.1,24.14,84.4,42.3,236.0,0,No Failure,253.8,84.6,1.0,0.73,20.37
L,5.42,78.1,18.47,88.0,33.8,149.0,0,No Failure,139.7,46.6,0.0,4.23,16.25
M,4.07,66.2,17.1,85.7,45.7,1058.0,0,No Failure,157.1,52.4,1.0,2.69,14.65
H,5.6,62.0,20.49,86.4,36.3,252.0,0,No Failure,168.8,56.3,2.0,3.47,17.7
L,3.74,79.5,19.59,88.5,42.5,958.0,0,No Failure,134.1,44.7,0.0,2.97,17.34
L,2.08,68.0,28.54,84.5,46.0,583.0,0,No Failure,204.0,68.0,0.0,1.41,24.12
M,1.66,63.0,16.34,81.4,40.6,558.0,0,No Failure,211.0,70.3,1.0,1.05,13.3
H,1.91,64.3,21.68,86.0,44.9,168.0,0,No Failure,232.4,77.5,2.0,1.23,18.64
M,1.39,48.6,23.89,84.8,35.3,189.0,0,No Failure,249.4,83.1,1.0,0.68,20.26
L,1.75,64.9,20.74,79.9,40.5,609.0,0,No Failure,203.3,67.8,0.0,1.14,16.57
M,6.3,102.62,16.45,94.2,44.8,1149.0,0,No Failure,107.7,35.9,1.0,6.47,15.5
M,2.88,54.3,21.25,85.3,52.5,932.0,0,No Failure,207.0,69.0,1.0,1.56,18.13
H,4.09,70.1,19.8,90.1,49.3,597.0,0,No Failure,176.3,58.8,2.0,2.87,17.84
M,1.48,69.0,13.05,74.0,44.3,936.0,0,No Failure,189.1,63.0,1.0,1.02,9.66
M,1.64,73.7,18.09,80.2,46.1,370.0,0,No Failure,209.2,69.7,1.0,1.21,14.51
M,1.7,61.6,22.42,84.8,56.5,836.0,0,No Failure,212.7,70.9,1.0,1.05,19.01
M,3.02,79.5,20.13,87.9,46.6,501.0,0,No Failure,173.8,57.9,1.0,2.4,17.69
L,4.54,80.7,18.3,86.9,37.4,440.0,0,No Failure,137.9,46.0,0.0,3.66,15.9
L,2.83,70.2,21.73,92.4,41.8,742.0,0,No Failure,157.8,52.6,0.0,1.99,20.08
H,0.5,65.0,11.34,72.3,43.7,2193.0,0,No Failure,226.4,75.5,2.0,0.32,8.2
L,1.71,50.0,9.61,77.5,49.8,305.0,0,No Failure,262.3,87.4,0.0,0.86,7.45
H,4.58,89.6,15.75,86.1,38.4,682.0,0,No Failure,109.3,36.4,2.0,4.1,13.56
L,7.12,73.4,13.72,93.2,45.4,522.0,0,No Failure,129.0,43.0,0.0,5.23,12.79
L,1.17,56.8,19.56,75.8,37.8,85.0,0,No Failure,248.4,82.8,0.0,0.66,14.83
M,1.67,65.0,18.8,79.0,48.8,321.0,0,No Failure,232.0,77.3,1.0,1.09,14.85
H,2.15,64.9,18.99,79.0,44.8,281.0,0,No Failure,222.2,74.1,2.0,1.4,15.0
H,2.42,67.6,11.4,79.5,37.7,1162.0,0,No Failure,156.4,52.1,2.0,1.64,9.06
L,4.77,68.9,14.43,89.8,47.9,305.0,0,No Failure,184.2,61.4,0.0,3.29,12.96
L,4.1,63.6,17.16,90.8,48.9,714.0,0,No Failure,183.3,61.1,0.0,2.61,15.58
L,9.27,74.2,3.712,100.4,36.4,657.0,1,Harmonic Resonance,3.7,25.4,0.0,6.88,3.73
L,2.83,69.2,22.98,81.5,40.4,677.0,0,No Failure,198.3,66.1,0.0,1.96,18.73
M,1.24,62.5,16.94,79.8,48.4,1166.0,0,No Failure,200.4,66.8,1.0,0.78,13.52
H,0.91,81.7,16.82,75.9,30.6,248.0,0,No Failure,180.9,60.3,2.0,0.74,12.77
M,9.566,80.3,18.07,84.9,47.9,286.0,0,No Failure,173.5,57.8,1.0,7.68,15.34
H,3.35,78.6,16.23,85.6,41.0,580.0,0,No Failure,157.2,52.4,2.0,2.63,13.89
L,4.59,78.7,17.38,82.4,42.1,-1015.0,0,No Failure,146.9,49.0,0.0,3.61,14.32
M,4.11,69.7,16.45,87.6,39.3,942.0,0,No Failure,143.9,48.0,1.0,2.86,14.41
L,1.37,70.5,20.34,76.5,35.4,285.0,0,No Failure,204.1,68.0,0.0,0.97,15.56
H,1.6,70.1,13.85,82.3,51.6,1029.0,0,No Failure,187.4,62.4,2.0,1.12,11.4
H,1.97,59.6,17.83,84.0,39.7,349.0,0,No Failure,222.6,74.2,2.0,1.17,14.98
L,2.22,70.5,19.62,77.7,38.5,83.0,0,No Failure,208.6,69.5,0.0,1.57,15.24
L,3.47,73.6,14.92,78.9,43.2,561.0,0,No Failure,170.6,56.9,0.0,2.55,11.77
M,2.21,52.3,16.84,78.3,41.6,719.0,0,No Failure,218.9,73.0,1.0,1.16,13.19
M,2.14,62.5,19.59,81.5,45.6,730.0,0,No Failure,206.1,68.7,1.0,1.34,15.97
M,2.11,76.8,21.04,83.9,38.8,978.0,0,No Failure,153.2,51.1,1.0,1.62,17.65
L,5.65,68.5,23.08,97.3,42.4,984.0,0,No Failure,112.8,37.6,0.0,3.87,22.46
L,1.68,53.9,19.4,84.4,44.6,1143.0,0,No Failure,206.9,69.0,0.0,0.91,16.37
L,2.88,78.6,15.59,82.5,33.4,754.0,0,No Failure,141.0,47.0,0.0,2.26,12.86
L,2.12,82.8,14.71,77.0,45.5,1092.0,0,No Failure,147.5,49.2,0.0,1.76,11.33
L,3.98,58.7,18.56,85.1,37.2,280.0,0,No Failure,196.9,65.6,0.0,2.34,15.79
H,2.25,68.1,16.89,78.7,55.4,73.0,0,No Failure,230.6,76.9,2.0,1.53,13.29
L,2.53,71.6,20.14,80.1,49.1,154.0,0,No Failure,215.9,72.0,0.0,1.81,16.13
M,1.21,65.1,11.35,78.0,37.8,72.0,0,No Failure,232.0,77.3,1.0,0.79,8.85
L,2.52,72.7,14.62,76.7,50.6,676.0,0,No Failure,187.7,62.6,0.0,1.83,11.21
M,3.61,51.4,18.6,83.0,46.1,136.0,0,No Failure,239.6,79.9,1.0,1.86,15.44
L,2.06,61.9,17.07,78.3,43.2,1003.0,0,No Failure,190.4,63.5,0.0,1.28,13.37
M,2.13,67.9,19.24,77.7,49.2,388.0,0,No Failure,216.8,72.3,1.0,1.45,14.95
L,2.11,72.9,13.43,74.6,42.8,468.0,0,No Failure,193.7,64.6,0.0,1.54,10.02
M,5.26,102.62,16.28,93.0,42.6,244.0,0,No Failure,101.0,33.7,1.0,5.4,15.14
M,3.04,61.0,23.26,85.4,44.3,526.0,0,No Failure,205.1,68.4,1.0,1.85,19.86
L,1.09,54.2,17.1,77.7,43.7,560.0,0,No Failure,241.6,80.5,0.0,0.59,13.29
L,1.68,75.5,16.18,77.8,37.9,1188.0,0,No Failure,149.4,49.8,0.0,1.27,12.59
L,1.01,63.5,16.95,80.5,39.8,1126.0,0,No Failure,188.7,62.9,0.0,0.64,13.64
H,6.64,69.6,17.08,94.8,52.1,1114.0,0,No Failure,118.0,39.3,2.0,4.62,16.19
H,2.17,50.5,19.68,82.1,38.4,98.0,0,No Failure,248.3,82.8,2.0,1.1,16.16
L,3.64,69.9,9.78,83.9,31.9,223.0,0,No Failure,172.3,57.4,0.0,2.54,8.21
H,1.11,52.4,19.25,82.3,46.3,460.0,0,No Failure,254.6,84.9,2.0,0.58,15.84
M,0.6,69.7,16.3,76.3,38.9,905.0,0,No Failure,191.1,63.7,1.0,0.42,12.44
L,6.19,67.3,17.94,95.3,42.3,641.0,0,No Failure,141.8,47.3,0.0,4.17,17.1
L,2.87,83.3,15.94,79.9,44.9,706.0,0,No Failure,154.9,51.6,0.0,2.39,12.74
M,0.81,91.0,18.49,76.0,43.9,273.0,0,No Failure,186.3,62.1,1.0,0.74,14.05
M,4.73,86.2,17.93,94.0,39.5,475.0,0,No Failure,126.5,42.2,1.0,4.08,16.85
M,0.94,67.7,14.8,76.9,42.4,704.0,0,No Failure,207.0,69.0,1.0,0.64,11.38
M,2.93,74.6,24.95,94.3,39.0,493.0,0,No Failure,171.5,57.2,1.0,2.19,23.53
M,4.75,58.7,15.25,89.6,36.6,47.0,0,No Failure,197.4,65.8,1.0,2.79,13.66
L,5.84,84.2,29.32,98.3,39.0,999.0,1,Motor Winding Overload,5.8,29.6,0.0,4.92,28.82
H,1.03,69.2,23.6,76.7,55.6,347.0,0,No Failure,230.7,76.9,2.0,0.71,18.1
M,2.47,64.4,20.76,83.8,40.3,244.0,0,No Failure,212.7,70.9,1.0,1.59,17.4
M,3.15,57.2,21.09,83.7,52.0,48.0,0,No Failure,241.9,80.6,1.0,1.8,17.65
M,4.89,73.6,11.83,86.4,41.5,591.0,0,No Failure,174.3,58.1,1.0,3.6,10.22
H,2.22,70.0,15.03,79.6,40.3,52.0,0,No Failure,214.4,71.5,2.0,1.55,11.96
L,2.11,63.7,20.95,79.1,51.3,1010.0,0,No Failure,194.4,64.8,0.0,1.34,16.57
L,2.52,65.7,20.22,85.9,32.7,268.0,0,No Failure,194.6,64.9,0.0,1.66,17.37
L,0.8,53.2,21.28,78.2,49.0,947.0,0,No Failure,235.7,78.6,0.0,0.43,16.64
H,3.49,84.9,27.8,88.9,33.2,164.0,1,Motor Winding Overload,7.8,49.9,2.0,2.96,24.71
