Type,PS1 Main Pressure [bar],FS1 Volume Flow [L/min],TS1 Hydraulic Oil Temp [C],CP1 Cooler Efficiency [%],VS1 Valve Switching Lag [ms],Accumulator Gas Press [bar],Motor Power [W],Machine failure,Failure Mode,RUL [min],Health Index [%]
H,153.91,10.45,49.64,86.55,32.89,96.14,2355.65,0,No Failure,175.8,77.3
L,160.41,9.21,57.11,86.46,29.48,87.83,2334.16,0,No Failure,175.4,77.1
L,129.22,9.36,42.29,98.58,14.94,99.66,2659.11,0,No Failure,134.1,62.5
M,152.09,9.72,46.85,67.76,20.97,92.54,2632.21,0,No Failure,163.4,72.9
H,182.45,10.55,53.65,79.97,34.32,99.64,2762.14,0,No Failure,143.8,65.9
L,159.11,6.79,42.99,85.61,22.3,104.29,2136.11,0,No Failure,185.8,80.8
L,174.63,11.19,41.21,71.49,21.62,107.36,2541.67,0,No Failure,149.9,68.1
L,160.5,9.16,50.87,94.84,28.39,108.45,2041.11,0,No Failure,174.4,76.8
L,160.96,8.78,45.52,77.13,24.4,96.66,2431.66,0,No Failure,201.3,86.3
L,152.81,9.72,46.37,73.4,30.99,125.94,3261.92,0,No Failure,116.0,56.1
M,173.44,8.27,48.23,94.14,18.61,107.62,2970.15,0,No Failure,170.4,75.3
L,164.34,9.96,37.44,82.88,25.59,104.42,2267.23,0,No Failure,182.7,79.7
H,164.01,5.78,46.13,69.27,29.0,86.98,3115.49,1,Internal Pump Leakage,6.4,14.1
L,168.39,7.02,47.55,85.99,13.19,93.63,2727.74,0,No Failure,170.2,75.3
L,134.13,7.09,52.17,81.2,20.75,88.12,2411.62,0,No Failure,162.1,72.4
L,162.43,8.43,39.86,79.29,23.66,97.2,2644.82,0,No Failure,199.2,85.6
M,167.84,8.37,44.61,86.5,29.71,88.68,2534.16,0,No Failure,191.0,82.6
L,159.49,7.26,51.81,88.25,14.45,108.78,2367.12,0,No Failure,182.2,79.5
M,147.68,8.37,48.92,75.74,25.34,97.36,2752.93,0,No Failure,190.2,82.4
M,168.35,9.86,48.98,75.61,35.26,92.92,2324.12,0,No Failure,166.6,74.0
L,164.8,9.48,46.97,91.49,26.67,103.01,2324.99,0,No Failure,199.7,85.7
L,171.98,8.55,38.57,86.22,23.18,108.62,2281.7,0,No Failure,187.7,81.5
L,176.71,7.61,50.2,91.73,26.49,90.41,2599.36,0,No Failure,176.5,77.5
L,160.13,8.4,50.62,84.81,25.55,111.06,2816.9,0,No Failure,201.1,86.2
L,150.53,7.92,42.4,86.28,23.01,82.42,2280.81,0,No Failure,173.9,76.6
L,162.48,8.9,51.58,75.34,30.98,99.55,2698.38,0,No Failure,186.6,81.1
M,165.34,7.93,44.56,76.81,12.39,119.76,2667.9,0,No Failure,158.9,71.3
L,177.42,8.22,45.68,97.95,24.76,80.58,2681.15,0,No Failure,158.1,71.0
H,165.02,6.24,47.37,88.85,8.0,105.07,2583.2,0,No Failure,164.3,73.2
L,168.25,5.51,42.58,91.37,29.26,101.93,1550.0,0,No Failure,129.6,60.9
L,160.33,8.21,48.62,81.22,29.44,112.71,2743.31,0,No Failure,194.5,83.9
H,172.57,6.4,46.54,76.59,23.69,89.03,2669.27,0,No Failure,166.8,74.1
L,144.28,8.06,43.72,93.21,20.48,104.6,2656.26,0,No Failure,176.5,77.5
L,165.34,9.72,46.28,76.44,22.35,120.88,2807.63,0,No Failure,163.9,73.0
H,142.48,8.45,61.27,75.31,21.33,118.64,2434.235,0,No Failure,155.5,70.1
H,157.58,7.73,58.83,83.73,24.54,90.9,2599.3,0,No Failure,185.4,80.7
H,149.11,8.75,38.69,69.41,18.12,86.59,2949.66,0,No Failure,128.8,60.6
L,156.12,8.24,53.64,93.96,18.67,119.17,1878.81,0,No Failure,149.2,67.9
H,158.5,6.8,48.91,73.57,23.54,101.12,2957.1,0,No Failure,177.8,78.0
L,187.22,6.55,55.34,74.24,18.75,103.07,2875.66,1,Internal Pump Leakage,11.0,18.3
M,153.48,7.7,50.58,83.11,23.02,89.62,2129.66,0,No Failure,186.4,81.0
M,154.15,7.34,38.53,77.88,42.47,109.17,2408.86,0,No Failure,146.1,66.7
M,168.86,8.47,58.74,82.91,26.66,115.52,2765.47,0,No Failure,173.5,76.4
L,141.75,9.0,35.87,49.175,23.11,98.1,2998.63,0,No Failure,150.7,68.4
H,178.49,8.63,51.21,90.7,25.73,105.44,2199.27,0,No Failure,186.9,81.2
L,170.5,10.75,49.86,83.59,26.88,118.78,2624.59,0,No Failure,168.9,74.8
M,178.72,7.36,42.77,71.13,13.06,110.78,2502.47,0,No Failure,148.2,67.5
H,161.95,10.92,42.94,96.4,19.2,84.61,2523.55,0,No Failure,149.9,68.1
L,172.11,8.18,55.04,79.67,9.59,104.22,2674.39,0,No Failure,167.5,74.3
L,168.85,8.37,47.48,89.63,18.66,104.07,2002.76,0,No Failure,188.9,81.9
M,179.61,7.34,46.2,80.39,23.39,117.09,2962.36,0,No Failure,157.5,70.8
M,180.08,8.37,43.73,85.25,33.09,101.21,2134.42,0,No Failure,177.3,77.8
L,152.33,9.99,46.84,77.43,29.42,106.48,2484.44,0,No Failure,183.3,79.9
H,149.46,9.67,49.44,82.32,25.01,105.23,2469.14,0,No Failure,185.4,80.7
H,175.61,10.84,65.4,83.34,26.35,119.69,2892.59,0,No Failure,118.4,56.9
L,145.98,7.41,44.15,76.55,24.36,100.71,2607.78,0,No Failure,184.6,80.4
H,140.75,10.32,47.56,81.12,23.03,77.51,2413.1,0,No Failure,158.8,71.2
L,138.92,10.28,51.52,93.45,24.95,105.88,2439.63,0,No Failure,170.7,75.4
M,167.32,7.76,40.27,84.99,18.53,107.39,2713.92,0,No Failure,180.4,78.9
L,159.24,9.39,56.2,99.83,27.77,114.94,2683.66,0,No Failure,154.1,69.6
M,176.75,9.0,49.55,93.18,31.32,95.36,2167.19,0,No Failure,168.3,74.6
L,178.14,5.57,41.95,91.22,25.17,63.004,2857.36,1,Internal Pump Leakage,5.0,20.4
M,147.89,7.51,48.05,80.3,25.71,100.94,2230.04,0,No Failure,195.5,84.2
L,168.03,7.72,47.86,81.81,34.86,100.84,2285.02,0,No Failure,192.5,83.2
M,144.33,7.89,35.01,76.14,36.51,88.36,2180.03,1,Proportional Valve Lag,8.8,14.3
H,177.26,7.73,56.44,91.68,30.49,85.4,2366.46,0,No Failure,153.9,69.5
L,168.76,7.8,41.17,91.37,18.77,85.95,2446.98,0,No Failure,171.5,75.7
M,176.42,8.64,45.55,81.29,28.0,95.54,2595.48,0,No Failure,190.9,82.6
H,169.6,8.54,46.28,83.34,33.18,93.57,2736.49,0,No Failure,184.1,80.2
M,153.57,8.76,51.73,94.88,19.7,110.14,2378.36,0,No Failure,184.0,80.2
H,126.62,10.1,50.31,93.41,37.68,92.51,2565.81,1,Proportional Valve Lag,12.6,14.9
M,162.92,13.096,34.6,96.95,16.15,96.67,2135.59,0,No Failure,151.3,68.6
M,154.37,8.06,44.93,83.08,19.64,100.61,2638.59,0,No Failure,201.5,86.4
L,141.73,7.43,46.05,82.09,19.72,109.64,2491.0,0,No Failure,182.6,79.7
L,154.04,7.36,44.9,91.61,25.49,88.79,2817.39,0,No Failure,166.3,73.9
M,160.3,9.43,52.57,92.02,36.5,118.74,2385.7,0,No Failure,159.9,71.6
M,155.72,7.99,42.97,78.0,24.62,116.84,1965.22,0,No Failure,167.1,74.2
L,160.14,6.64,49.83,80.27,21.02,98.82,2532.41,0,No Failure,198.0,85.1
M,151.72,6.75,44.82,90.98,14.83,105.37,3078.81,0,No Failure,143.6,65.9
M,180.2,9.33,51.5,100.0,27.34,104.1,2638.87,0,No Failure,165.3,73.5
H,175.12,8.16,47.66,82.85,31.91,97.8,1991.27,0,No Failure,179.3,78.5
M,176.85,9.71,51.53,75.37,30.96,97.89,2469.52,0,No Failure,173.8,76.5
M,169.04,11.18,50.07,94.78,30.35,86.98,2372.18,0,No Failure,150.6,68.3
H,162.89,6.78,58.25,83.88,31.92,93.22,2476.39,0,No Failure,174.9,76.9
M,155.57,12.07,50.93,74.47,27.14,96.94,2559.59,0,No Failure,158.9,71.3
L,163.53,7.08,41.8,84.38,23.76,107.8,2130.01,0,No Failure,187.7,81.5
L,138.82,7.39,54.95,83.38,19.54,119.7,2082.45,0,No Failure,144.9,66.3
L,161.66,7.97,37.26,94.21,24.74,98.97,2358.81,0,No Failure,188.2,81.7
L,158.03,7.14,47.33,93.58,27.35,118.37,2571.15,0,No Failure,174.1,76.7
M,149.92,6.84,58.13,92.23,22.36,103.75,2540.57,0,No Failure,170.8,75.5
H,157.21,8.57,43.6,79.15,25.01,102.395,2324.02,0,No Failure,181.0,79.1
L,183.42,8.86,47.07,100.0,26.11,101.26,2504.6,0,No Failure,180.6,79.0
H,158.32,8.35,52.6,80.15,8.0,101.93,2159.91,0,No Failure,177.8,78.0
M,153.83,9.93,39.97,78.54,24.21,85.52,2965.25,0,No Failure,133.6,62.3
L,153.9,8.86,41.82,89.24,16.32,93.53,1874.2,0,No Failure,153.8,69.5
M,169.71,9.47,50.09,85.0,34.12,99.51,1550.0,0,No Failure,153.0,69.2
M,166.75,8.28,46.96,78.53,13.91,98.62,2672.86,0,No Failure,189.1,82.0
L,172.13,10.87,50.91,81.16,24.34,110.27,2553.34,0,No Failure,179.2,78.5
H,139.54,7.71,47.82,74.25,20.14,116.94,2236.99,0,No Failure,159.2,71.4
L,167.32,6.55,54.96,86.84,20.71,103.96,2307.68,0,No Failure,182.7,79.7
L,156.4,9.09,23.433,69.92,24.36,101.71,2466.97,0,No Failure,189.2,82.0
H,162.46,9.35,53.22,83.84,24.4,111.27,2023.88,0,No Failure,187.3,81.3
M,156.4,10.28,43.42,81.63,32.92,119.45,2749.96,0,No Failure,148.0,67.4
H,167.52,5.04,47.78,93.49,25.3,94.8,2557.52,0,No Failure,167.4,74.3
M,176.04,5.59,44.81,100.0,39.18,88.52,2398.28,0,No Failure,117.9,56.7
H,162.56,9.73,45.33,82.84,25.38,102.395,2389.79,0,No Failure,202.7,86.8
L,187.72,9.15,49.71,70.37,22.02,127.68,2117.79,0,No Failure,133.3,62.2
L,175.39,5.53,48.61,100.0,19.83,87.45,2357.69,0,No Failure,142.8,65.6
L,184.0,8.37,73.517,87.91,16.9,106.0,2691.44,0,No Failure,175.7,77.2
M,164.09,8.5,41.24,86.36,23.85,97.6,2626.29,0,No Failure,204.7,87.5
L,159.19,8.82,58.39,90.33,19.01,122.18,2452.71,0,No Failure,168.9,74.8
M,149.15,8.45,41.66,95.8,24.21,84.66,2232.94,0,No Failure,153.5,69.4
H,156.97,8.07,55.12,95.43,29.58,129.54,1921.05,0,No Failure,131.7,61.7
M,151.34,10.54,44.76,82.74,24.97,112.5,2385.21,0,No Failure,179.6,78.6
M,143.02,8.43,47.89,75.26,25.76,108.78,2405.65,0,No Failure,176.6,77.6
L,166.85,7.25,44.7,94.62,25.31,118.36,2192.33,0,No Failure,165.0,73.4
L,153.49,5.82,23.433,82.21,50.064,97.55,2204.74,0,No Failure,160.8,72.0
M,157.82,7.15,55.71,94.51,12.96,81.07,2210.61,0,No Failure,134.6,62.7
H,135.91,8.58,49.36,92.12,30.29,110.09,2702.95,0,No Failure,165.0,73.5
L,170.15,7.65,53.71,80.49,26.6,107.02,2266.0,0,No Failure,188.6,81.8
L,152.2,13.096,50.55,93.86,13.25,114.87,2279.87,0,No Failure,163.0,72.7
M,150.55,9.4,55.66,82.37,28.85,109.8,2329.67,0,No Failure,176.8,77.6
M,159.83,7.81,53.09,75.43,26.66,104.41,2473.73,0,No Failure,200.8,86.1
H,153.34,6.25,55.06,84.55,13.44,94.12,2110.43,0,No Failure,148.8,67.7
H,164.24,7.82,39.53,75.47,28.4,100.9,2504.3,0,No Failure,189.0,81.9
M,127.35,6.34,57.26,75.83,20.7,90.89,2581.63,0,No Failure,128.5,60.5
L,170.46,8.48,50.16,80.69,33.33,88.28,2489.5,0,No Failure,186.0,80.9
H,177.19,8.75,48.95,76.82,25.18,96.44,2220.99,0,No Failure,190.1,82.3
M,186.56,7.21,48.12,69.49,27.61,94.91,2728.26,0,No Failure,152.8,69.1
H,163.54,10.5,59.72,79.02,30.06,91.6,2050.65,0,No Failure,143.1,65.7
M,174.45,7.3,45.1,99.63,29.87,98.49,2676.79,0,No Failure,160.5,71.8
L,159.36,7.84,46.52,84.815,27.31,112.58,2354.05,0,No Failure,176.9,77.6
M,166.48,7.75,52.85,87.37,30.02,80.6,2507.91,0,No Failure,174.2,76.7
M,176.85,11.07,42.75,95.44,27.14,109.96,2471.53,0,No Failure,152.2,68.9
L,129.61,9.15,44.09,84.44,18.6,96.67,2828.09,0,No Failure,156.0,70.3
M,168.54,8.04,38.06,80.67,20.0,111.39,2386.92,0,No Failure,181.7,79.3
H,192.67,8.16,58.52,97.7,13.47,102.69,2510.52,0,No Failure,143.7,65.9
M,168.2,7.27,60.16,85.27,25.52,105.57,2579.57,0,No Failure,183.2,79.9
L,170.48,8.26,53.26,87.32,23.75,92.38,2126.44,0,No Failure,181.9,79.4
M,162.04,8.16,48.42,84.12,24.72,86.54,2431.45,0,No Failure,208.2,88.7
M,165.33,9.08,60.72,77.02,23.64,107.41,2433.81,0,No Failure,186.6,81.1
L,128.53,6.39,45.16,89.94,27.84,103.31,1806.29,0,No Failure,131.3,61.5
L,173.93,8.72,44.74,85.85,36.31,110.25,2862.02,0,No Failure,161.4,72.2
H,152.19,6.86,44.5,100.0,30.67,118.89,2258.06,0,No Failure,140.2,64.7
L,192.01,8.03,57.39,84.815,16.31,96.34,3513.973,0,No Failure,129.6,60.9
M,176.48,8.64,45.31,70.95,32.56,93.41,1989.3,0,No Failure,149.2,67.8
L,166.51,8.41,40.07,73.76,28.27,121.61,2230.91,0,No Failure,160.7,71.9
L,169.57,7.57,51.38,86.27,26.61,101.41,2640.95,0,No Failure,200.0,85.8
M,155.05,7.72,50.84,65.31,12.73,95.43,2298.74,0,No Failure,157.5,70.8
L,153.61,6.3,50.05,71.96,17.65,114.49,2661.23,0,No Failure,151.5,68.7
L,159.46,6.99,50.16,74.46,27.66,106.41,2339.25,0,No Failure,187.8,81.5
M,156.08,9.58,53.44,86.42,24.21,122.8,2805.41,0,No Failure,144.7,66.3
L,153.42,6.8,43.4,91.32,23.75,92.42,1939.63,0,No Failure,155.5,70.1
L,157.31,6.59,53.34,83.25,28.18,109.99,2095.85,0,No Failure,170.8,75.5
L,188.8,7.4,57.11,84.815,15.4,97.65,2940.99,0,No Failure,127.9,60.3
L,160.94,9.93,52.84,87.91,34.75,99.41,2404.8,0,No Failure,182.5,79.7
M,157.45,9.26,48.04,96.04,13.16,89.49,2972.66,0,No Failure,147.2,67.1
M,152.76,7.72,44.05,78.03,33.09,123.8,2613.76,0,No Failure,153.9,69.5
L,181.07,7.38,50.87,90.67,13.5,109.77,2295.48,0,No Failure,159.2,71.4
M,144.04,8.05,51.39,78.66,22.12,100.19,2505.58,0,No Failure,196.7,84.7
M,167.7,8.46,51.9,70.94,29.92,90.1,2619.45,0,No Failure,173.9,76.6
L,179.85,9.4,42.58,73.93,23.45,98.29,2359.16,0,No Failure,175.5,77.2
L,173.37,6.33,52.31,69.83,41.74,103.97,2494.94,0,No Failure,140.6,64.8
M,131.87,8.43,65.82,92.09,10.67,109.94,2056.15,0,No Failure,81.0,43.7
L,164.81,9.19,46.44,91.3,28.38,105.97,2369.13,0,No Failure,197.1,84.8
L,155.77,6.62,47.82,93.42,19.95,120.69,2664.58,0,No Failure,159.0,71.3
H,139.16,8.63,46.87,79.19,26.89,102.54,2169.83,0,No Failure,185.6,80.7
L,177.15,9.23,38.52,78.05,31.41,74.49,2244.35,0,No Failure,129.6,60.9
M,167.55,8.64,44.2,65.57,27.53,132.35,2417.23,0,No Failure,150.6,68.3
M,143.83,8.86,51.29,100.0,26.05,114.43,2540.23,0,No Failure,164.9,73.4
L,140.38,9.02,48.56,74.38,26.41,114.56,2249.7,0,No Failure,168.5,74.7
L,146.41,8.31,45.12,92.55,8.0,102.38,2163.63,0,No Failure,160.1,71.7
L,169.02,9.47,55.59,87.46,19.59,94.22,2317.19,0,No Failure,178.1,78.1
L,140.82,11.31,47.41,100.0,35.26,107.08,2570.84,1,Proportional Valve Lag,11.8,15.9
H,170.68,7.95,40.78,92.82,14.12,98.54,2835.2,0,No Failure,157.1,70.6
L,182.57,7.35,46.77,79.5,20.75,101.8,2434.54,0,No Failure,191.6,82.9
H,162.48,5.9,36.67,78.74,16.2,118.63,2463.39,0,No Failure,145.5,66.5
M,159.18,6.09,58.35,89.92,30.83,105.8,2488.26,0,No Failure,164.9,73.4
M,155.68,8.0,44.53,85.13,21.23,140.993,2500.4,0,No Failure,199.4,85.6
H,184.29,6.68,49.55,69.43,10.83,91.09,2117.28,0,No Failure,122.5,58.4
H,167.73,8.73,53.46,91.06,25.72,110.73,2168.86,0,No Failure,183.3,79.9
L,168.37,9.81,54.64,86.04,35.53,102.16,2254.34,0,No Failure,172.1,76.0
L,163.23,9.25,50.63,100.0,19.1,114.09,2276.1,0,No Failure,169.8,75.2
H,155.87,7.32,56.5,81.08,17.93,118.4,2351.56,0,No Failure,165.6,73.7
H,170.49,9.38,55.69,93.23,28.1,86.65,2376.7,0,No Failure,163.1,72.8
M,158.0,9.34,46.85,83.07,24.15,104.14,2386.85,0,No Failure,215.6,91.3
L,156.17,9.95,45.24,83.35,18.5,84.71,2739.82,0,No Failure,164.7,73.3
L,157.07,6.59,48.41,93.09,23.76,106.94,2293.86,0,No Failure,188.7,81.8
H,181.75,8.45,44.66,83.19,25.31,86.31,2368.32,0,No Failure,171.2,75.6
H,118.49,7.09,58.77,84.11,17.23,113.88,2210.69,0,No Failure,125.2,59.3
M,159.72,8.22,38.2,86.79,29.97,114.39,2212.98,0,No Failure,173.1,76.3
M,150.49,8.76,57.35,75.87,27.65,96.54,1883.15,0,No Failure,154.8,69.8
M,184.72,9.96,49.69,72.79,27.5,95.18,2987.07,0,No Failure,142.1,65.3
L,154.93,8.54,55.8,96.42,24.43,94.7,2449.22,0,No Failure,189.0,81.9
L,158.68,7.61,47.35,93.48,17.48,90.92,2000.85,0,No Failure,164.9,73.4
L,144.8,9.86,50.0,88.37,29.12,114.02,2016.54,0,No Failure,153.2,69.3
H,171.31,9.32,55.22,99.4,23.37,100.82,2625.07,0,No Failure,174.4,76.8
M,188.14,7.93,50.26,89.46,8.68,108.06,2175.77,0,No Failure,148.3,67.5
H,143.15,9.43,43.95,81.74,31.73,93.28,2220.57,0,No Failure,161.8,72.3
M,151.28,11.16,38.84,100.0,27.85,96.27,2214.35,0,No Failure,132.2,61.8
L,174.84,7.98,58.27,78.04,23.23,119.8,2218.01,0,No Failure,160.0,71.7
H,176.34,7.42,41.39,73.72,24.19,105.72,2269.95,0,No Failure,172.9,76.2
L,170.05,7.57,54.98,92.7,15.64,89.07,2522.8,0,No Failure,162.3,72.5
H,164.82,8.86,59.73,85.43,14.3,114.38,1706.2,0,No Failure,138.6,64.1
L,161.24,9.18,48.16,81.87,27.09,76.15,2950.59,0,No Failure,165.5,73.6
L,142.26,4.97,40.21,70.81,18.74,100.54,2817.43,1,Internal Pump Leakage,4.8,12.3
M,180.66,9.43,58.07,87.31,12.19,131.91,2472.05,0,No Failure,125.9,59.6
M,180.53,10.67,55.37,78.33,13.61,93.87,2469.12,0,No Failure,145.0,66.4
L,153.76,6.8,23.433,92.96,24.48,104.05,2569.68,0,No Failure,188.3,81.7
L,165.93,9.01,40.27,77.08,19.15,109.93,2458.62,0,No Failure,183.6,80.0
H,150.98,9.02,47.39,89.36,16.61,94.82,2194.92,0,No Failure,177.6,77.9
H,191.93,7.58,52.39,49.175,36.36,94.41,2423.59,0,No Failure,150.4,68.3
H,175.82,9.07,58.89,98.72,30.74,105.21,2086.6,0,No Failure,143.2,65.7
L,183.23,8.11,43.0,75.93,15.86,101.15,2570.79,0,No Failure,171.1,75.6
L,172.52,7.37,48.62,79.53,21.86,123.38,2875.79,0,No Failure,161.3,72.1
H,182.31,7.87,57.12,86.52,32.06,86.21,2970.63,0,No Failure,133.9,62.4
L,135.09,6.93,35.27,95.59,25.68,113.31,2441.66,0,No Failure,137.0,63.5
L,165.01,9.93,56.55,78.45,23.75,115.08,2387.81,0,No Failure,166.1,73.8
L,157.74,7.29,42.04,84.14,15.57,98.17,2529.09,0,No Failure,186.2,81.0
L,159.92,6.03,48.44,81.1,18.63,106.15,2239.89,0,No Failure,183.3,79.9
L,143.43,7.1,44.58,90.47,40.79,71.55,2626.71,1,Proportional Valve Lag,6.1,9.8
L,159.26,10.82,49.74,78.26,14.78,110.9,2030.08,0,No Failure,152.4,69.0
M,154.92,7.38,57.08,70.58,13.37,110.88,2851.92,0,No Failure,135.3,62.9
H,152.15,6.49,54.27,90.75,25.1,89.19,2561.69,0,No Failure,165.5,73.6
M,156.67,10.15,43.74,59.88,25.31,81.39,2417.4,0,No Failure,142.1,65.3
L,175.88,10.36,47.45,119.577,27.63,108.96,2519.16,0,No Failure,162.7,72.6
M,188.35,8.61,55.64,95.5,18.4,114.29,2785.91,0,No Failure,139.1,64.3
M,181.85,7.92,57.15,77.41,16.4,73.89,2741.9,0,No Failure,125.2,59.3
M,162.0,7.77,38.76,81.64,12.12,126.26,2611.0,0,No Failure,149.8,68.1
H,177.66,6.63,54.93,81.78,19.58,99.4,2603.44,0,No Failure,170.9,75.5
L,157.43,7.93,35.43,91.78,28.15,93.82,1760.79,0,No Failure,142.3,65.4
H,148.12,10.85,51.02,82.14,34.6,102.395,2733.98,1,Proportional Valve Lag,4.4,24.3
M,111.833,8.43,53.14,84.12,20.94,110.31,1919.11,0,No Failure,179.7,78.6
M,186.42,7.04,43.8,72.45,26.65,105.83,2000.33,0,No Failure,144.5,66.2
L,174.0,8.07,56.52,85.48,24.76,107.97,2190.11,0,No Failure,185.3,80.6
M,157.08,9.57,35.55,81.37,25.13,106.05,2433.06,0,No Failure,184.9,80.5
H,172.82,8.81,44.36,72.6,23.48,104.45,2301.93,0,No Failure,189.2,82.0
L,141.92,10.0,40.66,97.95,19.06,100.47,2913.69,0,No Failure,134.2,62.5
L,162.76,7.92,45.79,82.48,29.41,89.93,2034.8,0,No Failure,181.6,79.3
M,161.41,9.52,43.7,88.15,25.44,103.67,2611.77,0,No Failure,199.4,85.6
L,177.44,8.26,49.67,92.39,25.32,88.69,2397.8,0,No Failure,187.3,81.4
L,175.08,7.83,42.68,94.37,39.25,113.09,2318.22,0,No Failure,145.4,66.5
L,173.61,9.66,42.2,92.85,29.51,111.76,2268.09,0,No Failure,158.6,71.2
L,156.11,8.07,61.09,85.53,28.43,124.74,2614.87,0,No Failure,158.5,71.1
H,179.75,9.55,41.71,91.23,30.85,92.56,2693.09,0,No Failure,150.0,68.1
H,168.82,8.18,46.81,89.48,27.29,118.92,2327.61,0,No Failure,186.6,81.1
L,166.04,9.61,32.31,59.08,14.24,123.52,2668.66,0,No Failure,98.9,50.0
L,151.9,7.71,43.81,81.64,28.18,90.14,2315.61,0,No Failure,180.8,79.0
L,145.68,7.94,48.58,81.5,22.41,97.51,2094.34,0,No Failure,185.4,80.7
L,186.72,9.44,54.52,99.83,16.62,103.52,2153.3,0,No Failure,139.8,64.5
L,157.44,8.76,43.45,70.69,27.71,90.15,2040.32,0,No Failure,161.1,72.1
L,160.54,10.2,51.04,85.65,14.81,77.85,2750.55,0,No Failure,150.2,68.2
L,172.09,6.8,52.96,77.1,29.95,108.25,2132.77,0,No Failure,160.2,71.7
L,171.27,7.18,41.04,100.0,23.3,111.84,2157.49,0,No Failure,152.4,69.0
H,157.59,11.8,40.36,100.0,15.61,114.4,2797.32,0,No Failure,112.4,54.8
L,163.88,8.4,49.19,107.0,20.23,95.5,2684.36,0,No Failure,165.1,73.5
M,183.82,8.86,56.07,86.86,22.44,102.5,2338.23,0,No Failure,185.5,80.7
M,146.47,7.76,55.56,83.61,29.0,63.004,2494.62,0,No Failure,189.0,81.9
M,132.99,8.46,41.19,73.79,18.69,87.73,2174.81,0,No Failure,140.5,64.8
H,180.93,8.41,46.12,81.53,27.08,93.98,2648.71,0,No Failure,187.7,81.5
H,156.75,9.22,38.37,71.62,32.52,104.22,2330.36,0,No Failure,163.3,72.8
H,176.3,7.4,52.37,119.577,27.16,109.09,2426.79,0,No Failure,185.9,80.8
H,150.16,5.65,41.35,76.77,34.49,101.62,2215.92,0,No Failure,143.0,65.6
M,158.15,8.43,40.01,64.55,12.79,97.41,2406.0,0,No Failure,161.6,72.2
M,153.47,7.67,41.68,76.43,18.44,107.26,3513.973,0,No Failure,168.5,74.7
M,150.5,8.89,40.37,76.76,13.39,100.37,2796.91,0,No Failure,158.0,71.0
M,136.71,10.07,38.11,92.01,25.83,104.12,2399.16,0,No Failure,156.5,70.4
M,148.03,7.68,50.57,82.61,17.63,103.58,2449.56,0,No Failure,198.4,85.3
M,168.4,8.14,45.39,86.3,37.05,88.95,2787.14,0,No Failure,164.4,73.2
M,153.82,8.62,44.51,86.4,19.48,99.47,2964.32,0,No Failure,182.1,79.5
M,153.34,7.32,43.82,96.56,18.73,102.44,2580.83,0,No Failure,171.9,75.9
L,187.72,8.29,45.01,80.97,31.41,111.54,2501.45,0,No Failure,173.8,76.6
H,145.38,8.77,42.99,73.5,29.55,100.17,2345.36,0,No Failure,175.7,77.2
L,142.86,7.63,42.06,86.7,34.54,94.5,2188.39,1,Proportional Valve Lag,6.4,24.7
M,186.36,7.7,47.59,87.56,18.1,107.41,2849.43,0,No Failure,164.9,73.4
L,152.89,8.3,58.26,75.74,23.99,106.66,2871.4,0,No Failure,172.6,76.1
H,166.27,6.74,42.12,100.0,9.36,85.99,2532.84,0,No Failure,130.6,61.2
L,151.25,7.5,48.51,85.9,20.35,103.46,2201.37,0,No Failure,196.6,84.6
H,178.48,11.03,49.93,80.42,20.56,104.0,2182.78,0,No Failure,166.3,73.9
H,176.89,7.95,43.76,84.99,39.36,86.61,2229.96,0,No Failure,150.8,68.4
L,169.38,8.7,41.73,81.79,17.43,114.22,2899.31,0,No Failure,163.8,73.0
L,139.56,10.83,43.59,85.15,9.82,117.1,1789.32,0,No Failure,103.7,51.7
M,151.54,6.75,51.09,70.95,22.96,112.95,2029.95,0,No Failure,152.8,69.1
M,144.82,9.17,47.38,78.36,22.84,112.98,2405.49,0,No Failure,186.7,81.1
L,143.33,8.25,46.65,92.97,20.68,98.37,2194.91,0,No Failure,180.5,78.9
M,152.17,8.34,56.22,92.18,35.0,91.41,2525.47,0,No Failure,164.6,73.3
L,161.67,9.57,46.21,84.815,15.84,124.71,2749.92,0,No Failure,159.2,71.4
M,159.36,9.33,36.18,89.73,19.87,107.48,2496.54,0,No Failure,177.6,77.9
M,171.93,9.11,54.21,61.05,8.35,88.14,2574.83,0,No Failure,125.2,59.3
M,166.9,8.55,48.21,83.14,17.75,90.42,2761.41,0,No Failure,187.2,81.3
L,171.12,9.38,52.16,80.4,31.06,94.71,1971.14,0,No Failure,163.0,72.7
M,159.18,5.97,42.94,96.26,34.01,95.01,2545.7,0,No Failure,150.4,68.3
M,174.01,5.49,47.91,87.55,31.76,106.33,2787.03,1,Internal Pump Leakage,12.4,24.9
H,169.67,8.62,44.44,71.99,8.0,107.74,2649.19,0,No Failure,157.5,70.8
M,173.56,5.96,40.3,81.76,29.62,83.26,2306.46,0,No Failure,142.3,65.4
L,153.67,8.08,39.11,81.65,28.66,100.56,2655.8,0,No Failure,185.7,80.8
H,174.99,9.56,55.04,100.0,26.54,90.95,2066.12,0,No Failure,142.0,65.3
M,165.0,8.39,47.81,93.32,20.0,101.96,2322.51,0,No Failure,208.4,88.8
L,164.55,8.18,53.07,81.87,14.3,105.01,2611.4,0,No Failure,193.1,83.4
M,188.89,7.82,47.85,83.06,18.37,99.15,2310.0,0,No Failure,184.0,80.2
L,177.71,8.8,59.72,81.44,28.83,89.02,2797.53,0,No Failure,152.3,68.9
L,153.89,7.68,48.91,76.06,22.87,102.28,2877.39,0,No Failure,189.4,82.1
L,178.59,11.44,43.5,119.577,29.11,101.19,2624.39,0,No Failure,145.0,66.4
L,177.36,6.38,44.55,80.52,31.53,100.33,2426.12,0,No Failure,173.1,76.3
H,177.45,7.31,47.34,98.32,21.07,104.01,2579.01,0,No Failure,176.2,77.4
L,142.92,9.22,36.9,79.46,18.11,111.52,2144.67,0,No Failure,145.1,66.4
M,168.78,8.18,42.84,49.175,25.04,110.46,2303.71,0,No Failure,189.9,82.2
L,151.39,8.38,44.81,68.56,17.45,97.82,2577.46,0,No Failure,175.9,77.3
H,152.95,9.59,54.18,82.47,14.07,101.99,2639.59,0,No Failure,177.0,77.7
L,147.82,8.24,51.56,90.0,20.64,109.0,2071.6,0,No Failure,176.6,77.5
L,167.37,9.78,44.94,83.34,28.69,102.35,2628.0,0,No Failure,194.2,83.8
L,182.59,7.34,41.89,92.98,26.23,94.72,2830.34,0,No Failure,151.0,68.5
M,178.1,9.19,58.44,99.12,20.17,127.8,2326.98,0,No Failure,128.7,60.6
M,158.17,8.16,60.94,77.63,22.33,109.24,2941.62,0,No Failure,163.9,73.1
M,152.21,9.29,32.0,95.97,31.7,98.03,2683.77,0,No Failure,139.8,64.5
M,151.93,10.46,55.93,91.32,30.91,94.46,2286.95,0,No Failure,152.5,69.0
L,161.79,8.18,50.61,75.43,21.65,106.24,2477.65,0,No Failure,209.7,89.3
M,150.0,10.23,36.45,70.7,24.32,113.6,1383.673,0,No Failure,147.2,67.1
M,150.27,7.23,51.28,75.84,17.44,103.91,2793.81,0,No Failure,167.6,74.4
M,169.74,8.17,53.08,75.16,24.04,97.9,2756.81,0,No Failure,188.3,81.7
L,173.73,7.56,37.66,100.0,23.37,102.03,2736.61,0,No Failure,144.2,66.1
M,185.89,6.69,49.37,67.96,17.37,94.49,1882.06,0,No Failure,124.8,59.2
L,171.28,8.47,51.19,86.45,22.09,85.55,2425.75,0,No Failure,195.9,84.4
M,166.12,9.23,55.64,79.49,30.7,90.33,2452.5,0,No Failure,178.9,78.4
L,166.01,6.98,58.22,77.59,36.61,99.19,2646.53,0,No Failure,155.4,70.0
M,181.97,7.91,39.51,91.57,9.57,104.75,2120.8,0,No Failure,139.8,64.5
M,115.36,7.02,58.58,94.17,14.56,111.92,3164.73,0,No Failure,85.2,45.2
H,184.29,7.82,35.95,92.77,32.14,109.89,2816.52,0,No Failure,131.4,61.5
M,151.2,6.8,48.53,75.86,18.47,95.44,2583.87,0,No Failure,175.6,77.2
L,145.5,9.51,48.8,92.68,23.9,93.91,2540.4,0,No Failure,184.5,80.3
M,189.4,7.11,43.21,75.88,21.56,108.84,2605.88,0,No Failure,156.6,70.5
H,174.72,10.46,53.77,78.74,29.86,102.32,2572.71,0,No Failure,170.2,75.3
H,143.8,5.78,49.51,91.81,14.08,121.65,2272.54,0,No Failure,129.5,60.8
H,153.19,10.63,39.64,93.24,32.12,106.16,3176.3,0,No Failure,121.6,58.1
L,188.41,5.34,53.49,82.57,20.26,108.69,2646.59,0,No Failure,144.9,66.3
M,158.73,7.12,54.77,66.05,22.62,102.46,2715.73,0,No Failure,169.0,74.8
H,155.78,8.73,44.41,100.0,14.87,82.4,2523.64,0,No Failure,153.8,69.5
M,147.77,9.63,50.56,84.84,15.35,108.21,2689.78,0,No Failure,172.1,76.0
M,149.77,8.17,49.17,77.35,19.11,94.45,2661.15,0,No Failure,185.9,80.8
H,165.78,6.97,36.79,95.05,30.38,91.56,2202.04,0,No Failure,144.8,66.3
L,153.35,9.16,50.17,93.18,40.72,85.98,2659.24,0,No Failure,145.2,66.4
M,171.11,6.59,49.4,100.0,25.25,89.11,2551.39,0,No Failure,163.8,73.0
L,177.17,7.85,42.21,83.92,29.17,107.54,2449.05,0,No Failure,189.7,82.2
L,138.12,8.52,45.3,94.32,31.99,101.86,2509.43,0,No Failure,175.8,77.3
L,149.43,9.27,52.59,66.92,-1.804,92.35,2397.88,0,No Failure,147.2,67.1
L,158.75,9.13,46.35,96.93,22.91,115.91,2878.96,0,No Failure,166.4,73.9
L,173.73,7.85,45.4,81.17,24.35,107.24,1843.93,0,No Failure,176.5,77.5
L,167.52,8.17,43.27,87.01,22.33,86.85,2065.34,0,No Failure,177.0,77.7
L,151.62,7.82,38.89,92.98,18.41,79.64,2579.1,0,No Failure,146.8,67.0
H,150.41,8.93,41.31,79.5,-1.804,109.32,2443.12,0,No Failure,181.0,79.1
M,144.82,4.99,51.56,85.44,22.7,97.47,2207.75,0,No Failure,159.3,71.4
L,165.63,7.64,64.68,82.75,13.62,110.27,2428.3,0,No Failure,162.9,72.7
H,168.0,8.37,49.24,119.577,28.35,93.81,2076.82,0,No Failure,185.4,80.7
L,166.76,7.66,35.6,88.61,15.46,99.0,3513.973,0,No Failure,174.4,76.8
L,162.93,9.32,43.08,74.7,13.66,116.17,2098.12,0,No Failure,151.0,68.5
L,170.13,8.28,58.67,84.815,11.05,103.27,2663.38,0,No Failure,163.2,72.8
M,164.04,7.85,56.86,78.89,19.9,95.89,3100.56,0,No Failure,161.8,72.3
L,164.87,9.2,46.37,111.01,27.0,107.37,2276.61,0,No Failure,172.3,76.0
M,145.46,9.76,52.82,69.93,32.89,97.69,2119.64,0,No Failure,142.5,65.5
L,166.57,10.29,57.41,89.15,24.68,121.43,2099.13,0,No Failure,148.1,67.5
M,159.08,7.86,61.37,100.0,36.96,107.33,2757.39,0,No Failure,136.5,63.3
H,162.29,9.29,52.77,79.46,26.02,115.15,2284.43,0,No Failure,187.1,81.3
M,177.77,7.82,57.08,91.51,27.48,104.0,2094.63,0,No Failure,164.4,73.2
L,162.48,8.28,53.97,88.54,27.4,113.24,2278.52,0,No Failure,181.8,79.4
H,153.41,7.64,48.72,75.47,21.43,107.64,2587.84,0,No Failure,188.1,81.6
H,141.11,9.13,49.69,72.75,27.93,105.77,2601.85,0,No Failure,173.9,76.6
L,179.13,6.71,44.49,89.49,38.28,115.33,2431.66,0,No Failure,144.7,66.3
L,187.88,8.23,43.0,81.23,30.74,109.84,2688.69,0,No Failure,163.9,73.0
L,162.69,9.41,48.65,53.26,20.54,107.32,2159.06,0,No Failure,181.9,79.4
L,168.99,9.26,46.3,82.23,38.15,94.22,2115.88,0,No Failure,164.6,73.3
L,181.28,9.48,54.7,63.04,42.19,90.7,2247.94,0,No Failure,108.7,53.5
H,171.09,8.51,52.78,82.97,29.7,135.53,2921.48,0,No Failure,145.5,66.5
H,169.89,8.18,42.42,84.47,22.79,95.26,2278.02,0,No Failure,198.2,85.2
L,173.62,8.5,45.37,97.6,11.37,88.42,3192.81,0,No Failure,125.5,59.4
L,177.04,8.96,48.18,100.0,25.47,95.46,2469.96,0,No Failure,183.7,80.1
M,145.09,9.37,48.58,82.77,18.26,92.33,2595.58,0,No Failure,181.4,79.2
M,167.65,7.46,52.4,80.56,29.32,108.13,2277.88,0,No Failure,185.8,80.8
L,162.48,9.47,63.04,88.47,16.33,103.35,2552.76,0,No Failure,170.5,75.4
M,161.52,6.81,52.29,63.38,30.22,105.51,2320.22,0,No Failure,163.0,72.7
L,151.0,8.4,41.42,76.36,16.76,105.15,2578.41,0,No Failure,167.3,74.3
M,123.03,7.77,55.1,49.175,30.42,106.83,2343.01,0,No Failure,143.8,65.9
M,176.07,9.21,38.07,100.0,29.99,106.49,2277.92,0,No Failure,148.4,67.5
M,153.92,8.45,39.06,89.83,19.81,107.7,2251.34,0,No Failure,179.6,78.6
M,173.89,8.6,60.71,88.71,16.21,140.993,2555.71,0,No Failure,172.1,76.0
M,165.19,5.45,41.3,76.55,28.55,102.49,2693.29,0,No Failure,159.7,71.6
M,178.51,7.11,54.28,54.05,34.4,107.42,2846.62,0,No Failure,139.1,64.3
L,169.56,11.16,58.41,94.92,35.31,89.8,2100.47,0,No Failure,114.4,55.5
M,180.43,8.41,54.28,78.86,26.24,107.52,2761.34,0,No Failure,176.9,77.7
L,166.64,9.13,55.89,91.42,36.1,99.38,1863.48,0,No Failure,148.1,67.4
M,158.34,8.28,51.6,82.14,26.8,115.86,2729.96,0,No Failure,190.4,82.4
M,152.0,8.54,46.85,71.83,23.41,128.58,2464.995,0,No Failure,169.3,75.0
L,179.09,6.78,43.9,92.58,20.35,98.43,2348.02,0,No Failure,168.3,74.6
L,179.96,7.99,47.81,73.46,15.1,95.14,2401.15,0,No Failure,173.7,76.5
L,156.44,8.59,43.02,71.13,27.25,126.66,2707.49,0,No Failure,153.8,69.5
M,163.66,7.73,59.29,94.0,20.55,97.33,3513.973,0,No Failure,172.2,76.0
M,189.22,5.34,45.84,77.83,27.22,100.76,2395.93,0,No Failure,156.5,70.4
M,151.6,9.0,36.9,68.11,42.59,106.1,2893.07,0,No Failure,115.7,56.0
M,158.78,9.73,44.78,77.38,18.92,112.0,3088.8,0,No Failure,153.4,69.3
L,152.48,8.11,55.13,88.45,40.07,117.78,2608.18,0,No Failure,150.0,68.1
H,156.62,7.9,43.96,73.0,26.36,108.24,2293.15,0,No Failure,184.7,80.4
H,133.23,8.98,50.7,79.7,36.1,94.26,2871.69,1,Proportional Valve Lag,3.3,20.4
L,146.54,8.03,51.34,97.45,19.75,110.07,2253.74,0,No Failure,168.3,74.6
H,164.75,9.03,38.58,78.15,25.52,121.79,2821.3,0,No Failure,157.1,70.6
H,145.27,7.59,36.92,71.37,33.25,108.66,3062.83,0,No Failure,118.6,57.0
L,162.48,8.4,56.6,92.66,36.62,102.08,2729.5,0,No Failure,156.1,70.3
L,198.75,7.85,43.15,71.73,25.52,110.85,2571.52,0,No Failure,150.0,68.1
H,156.04,9.6,40.33,75.18,31.18,102.395,2346.37,0,No Failure,149.0,67.8
M,151.96,8.27,64.38,95.88,28.12,91.97,2464.995,0,No Failure,146.9,67.0
H,159.55,6.22,43.43,90.51,26.29,110.0,2434.55,0,No Failure,179.9,78.7
H,198.52,7.48,48.7,99.34,21.74,106.3,2485.03,0,No Failure,160.6,71.9
L,162.2,6.44,39.61,86.7,18.01,103.34,2417.81,0,No Failure,182.7,79.7
H,153.55,8.93,57.23,85.8,22.48,98.67,3513.973,0,No Failure,193.5,83.5
L,158.55,11.42,41.45,97.77,-1.54,100.68,2204.44,0,No Failure,149.0,67.8
H,150.06,7.29,49.85,73.46,23.24,120.21,2320.64,0,No Failure,168.4,74.6
L,164.58,9.43,51.06,85.07,11.62,109.45,2644.4,0,No Failure,177.9,78.0
L,166.95,8.21,58.02,73.53,15.51,102.03,1778.35,0,No Failure,144.3,66.1
M,169.42,6.98,43.72,73.6,28.89,105.54,2189.41,0,No Failure,167.0,74.2
M,178.15,8.41,56.69,89.31,23.66,92.82,2592.54,0,No Failure,181.0,79.1
L,156.95,10.49,54.65,100.0,11.91,91.61,2408.78,0,No Failure,139.5,64.4
L,150.59,8.87,47.91,83.45,25.07,91.32,2740.61,0,No Failure,192.8,83.3
H,161.53,8.6,57.45,86.2,26.34,98.83,2432.42,0,No Failure,207.0,88.3
L,155.72,8.24,45.32,82.07,26.63,73.95,2390.58,0,No Failure,180.2,78.8
L,161.08,7.27,41.7,81.21,18.4,99.3,2255.97,0,No Failure,186.2,80.9
M,156.54,5.89,51.26,85.03,23.5,111.18,2102.61,0,No Failure,172.3,76.0
L,150.53,8.81,44.7,82.88,18.97,80.24,2983.34,0,No Failure,153.2,69.3
H,177.5,8.61,54.96,96.52,18.09,99.87,2343.51,0,No Failure,172.6,76.1
M,171.7,9.29,48.81,100.0,23.71,105.35,2348.33,0,No Failure,187.8,81.5
L,179.41,7.2,47.05,72.54,26.7,140.993,2820.1,0,No Failure,165.7,73.7
H,167.07,9.16,51.88,86.68,34.06,106.82,1652.47,0,No Failure,153.4,69.3
L,151.47,9.06,38.73,62.33,28.8,93.07,2413.13,0,No Failure,149.7,68.0
H,148.27,7.48,51.33,83.69,23.16,111.92,2542.26,0,No Failure,192.3,83.1
H,155.0,9.28,46.73,80.11,31.71,100.78,2670.06,0,No Failure,188.1,81.6
H,169.52,9.13,59.82,90.56,33.13,110.19,2178.99,0,No Failure,152.2,68.9
L,169.11,9.87,44.29,49.175,15.8,117.7,2676.48,0,No Failure,133.8,62.4
L,154.96,9.32,55.08,81.57,12.11,124.56,2059.38,0,No Failure,137.4,63.7
L,175.7,8.4,54.79,98.08,20.77,93.48,2401.03,0,No Failure,170.8,75.5
M,159.65,6.84,56.54,93.3,21.65,78.1,2598.21,0,No Failure,150.3,68.2
H,140.7,9.04,55.97,93.93,17.04,103.45,2559.29,0,No Failure,162.8,72.7
H,179.96,9.08,40.66,84.95,31.65,101.39,2542.69,0,No Failure,178.3,78.2
L,138.26,8.7,49.72,82.88,21.41,95.76,2648.84,0,No Failure,187.4,81.4
L,157.29,11.08,44.43,88.23,26.09,94.52,2451.83,0,No Failure,179.4,78.5
M,178.46,10.78,43.03,90.83,31.97,114.17,3245.58,0,No Failure,109.9,53.9
L,152.72,11.59,47.37,49.175,20.45,94.68,2748.33,0,No Failure,154.8,69.8
M,154.07,8.11,47.64,74.59,27.1,111.11,2305.25,0,No Failure,189.7,82.2
L,128.37,10.1,49.79,85.6,32.09,96.12,2780.37,0,No Failure,145.8,66.6
L,145.14,8.75,49.34,76.97,21.58,115.61,2715.04,0,No Failure,173.8,76.6
M,171.83,12.55,41.51,85.57,23.68,92.76,2699.49,0,No Failure,148.9,67.7
M,177.47,8.23,49.16,73.29,31.35,90.36,2714.36,0,No Failure,165.2,73.5
M,147.37,8.57,50.68,83.9,20.69,130.92,2730.99,0,No Failure,163.6,73.0
M,163.75,7.3,32.0,86.15,20.98,96.02,2413.32,0,No Failure,175.4,77.1
H,178.7,8.18,52.63,73.6,16.44,96.54,2937.61,0,No Failure,153.7,69.4
M,162.28,7.49,48.09,81.99,27.54,88.96,3193.21,0,No Failure,168.2,74.6
L,144.1,3.754,47.37,80.22,24.65,103.93,2986.92,0,No Failure,184.8,80.4
M,156.86,10.15,39.73,77.7,15.14,100.08,2519.28,0,No Failure,167.2,74.2
H,177.49,6.6,45.05,49.175,18.61,109.99,2086.54,0,No Failure,161.4,72.2
L,182.25,8.28,43.48,119.577,26.02,88.68,2313.58,0,No Failure,168.9,74.8
L,145.52,9.98,48.14,82.68,19.75,117.73,2345.21,0,No Failure,171.8,75.9
M,170.6,9.89,57.82,84.83,30.28,80.53,2645.69,0,No Failure,147.8,67.4
H,154.63,8.92,46.77,92.71,32.4,82.02,2414.61,0,No Failure,168.7,74.7
L,179.37,4.76,47.13,97.1,25.99,101.88,2273.22,0,No Failure,166.8,74.1
H,164.13,8.52,52.62,83.22,30.4,95.33,3513.973,0,No Failure,196.1,84.5
L,173.44,5.54,53.1,94.49,23.49,82.35,2925.92,1,Internal Pump Leakage,9.7,14.7
M,155.72,9.15,41.55,88.19,27.98,96.92,2111.27,0,No Failure,175.9,77.3
L,167.28,7.53,47.32,78.08,23.75,111.33,2284.46,0,No Failure,182.4,79.6
M,156.16,8.49,41.89,89.24,18.15,95.49,2624.89,0,No Failure,184.9,80.5
M,151.92,7.72,38.24,73.16,24.26,95.8,2559.12,0,No Failure,173.2,76.4
L,181.53,7.42,56.94,77.5,17.85,107.82,2472.74,0,No Failure,164.1,73.1
L,166.6,8.27,56.16,94.45,13.87,117.17,2226.24,0,No Failure,154.8,69.8
M,147.6,6.87,45.97,97.29,29.27,97.33,3007.13,0,No Failure,143.3,65.7
L,160.12,7.29,44.68,81.84,23.5,106.75,2367.89,0,No Failure,204.8,87.5
L,148.49,7.83,48.7,89.86,28.31,100.8,2285.69,0,No Failure,194.4,83.8
L,164.52,8.44,48.75,85.33,21.06,98.69,2300.49,0,No Failure,217.9,92.2
L,139.08,8.43,48.97,90.08,19.3,103.56,2446.13,0,No Failure,196.4,84.6
L,166.37,9.03,46.44,92.18,24.4,103.13,2307.02,0,No Failure,204.2,87.3
H,208.67,8.67,44.09,83.99,25.39,90.3,2482.55,0,No Failure,168.4,74.6
M,152.4,8.8,42.36,83.13,25.01,102.61,2640.49,0,No Failure,201.0,86.2
M,154.37,9.14,58.98,76.54,27.01,105.89,2890.65,0,No Failure,161.5,72.2
H,154.67,10.6,42.42,96.01,27.41,109.22,2207.43,0,No Failure,153.1,69.2
L,111.833,8.08,43.96,64.75,25.12,98.91,2926.49,0,No Failure,152.5,69.0
H,169.02,9.55,35.93,81.4,24.49,105.16,2769.91,0,No Failure,171.9,75.9
M,153.39,8.19,46.18,85.3,27.86,114.37,3168.38,0,No Failure,166.1,73.8
L,162.48,5.54,50.7,96.04,15.94,107.27,2820.33,1,Internal Pump Leakage,8.7,20.2
L,180.57,8.54,53.67,86.83,15.87,74.23,2433.53,0,No Failure,155.0,69.9
L,155.49,10.19,47.27,80.93,21.78,87.67,2096.03,0,No Failure,169.0,74.9
L,172.15,7.42,45.29,80.34,37.42,113.19,1686.34,0,No Failure,132.3,61.9
H,160.25,8.4,41.23,85.41,35.47,101.42,2285.98,0,No Failure,191.2,82.7
L,169.21,8.46,57.79,49.175,21.75,102.35,2767.44,1,Cooler Thermal Breakdown,8.0,31.0
L,177.88,7.55,47.16,100.0,16.38,97.55,2540.47,0,No Failure,165.3,73.6
M,140.19,8.43,49.76,76.18,20.05,108.87,2177.79,0,No Failure,166.3,73.9
M,148.7,8.42,55.38,76.07,17.61,94.16,2389.44,0,No Failure,176.6,77.6
M,172.49,10.1,53.38,84.12,33.72,107.94,2539.64,0,No Failure,165.6,73.7
H,138.07,7.21,46.51,86.29,26.84,101.76,3020.29,0,No Failure,164.0,73.1
H,159.45,8.39,57.69,100.0,20.7,108.95,2170.19,0,No Failure,167.6,74.3
L,169.72,9.54,39.71,77.25,25.3,106.96,2802.22,0,No Failure,167.6,74.4
L,165.82,7.88,49.46,84.95,35.56,102.03,2410.89,0,No Failure,194.4,83.9
L,178.23,7.86,50.84,87.41,23.61,95.12,2249.17,0,No Failure,189.9,82.3
M,159.41,6.74,53.24,81.82,25.26,105.34,2341.1,0,No Failure,195.5,84.3
L,180.42,7.96,55.26,64.36,15.72,99.07,2172.66,0,No Failure,142.8,65.6
H,172.8,9.28,33.21,83.96,25.82,92.87,2256.23,0,No Failure,165.2,73.5
L,183.47,8.5,61.05,64.19,28.93,63.004,2535.33,1,Cooler Thermal Breakdown,9.8,21.3
L,167.34,6.82,57.34,63.8,27.14,91.24,2413.83,1,Cooler Thermal Breakdown,3.3,23.1
M,161.17,5.34,41.68,87.57,26.2,102.44,2565.39,0,No Failure,173.4,76.4
L,146.84,7.81,54.61,86.59,24.65,95.06,2424.39,0,No Failure,191.8,82.9
L,170.09,8.05,48.12,82.5,-1.804,110.67,2342.02,0,No Failure,209.0,89.0
L,161.48,8.92,41.09,100.0,32.5,109.92,2696.56,0,No Failure,158.2,71.0
M,169.72,7.48,64.2,93.36,19.45,113.1,2096.41,0,No Failure,138.3,64.0
M,177.13,8.14,40.49,80.21,20.92,121.54,2473.53,0,No Failure,169.5,75.0
M,163.75,5.59,36.43,93.76,18.78,110.85,2517.67,0,No Failure,146.0,66.7
L,144.01,8.13,48.33,79.32,22.21,101.95,2244.05,0,No Failure,199.2,85.6
M,147.02,7.86,46.0,78.13,14.12,110.75,2675.2,0,No Failure,165.7,73.7
H,163.2,8.26,55.62,89.85,38.4,102.76,1929.36,0,No Failure,161.5,72.2
L,174.76,5.78,23.433,83.99,35.86,111.76,2170.78,0,No Failure,148.4,67.5
M,162.86,10.64,47.64,77.85,8.0,83.53,2890.39,0,No Failure,130.6,61.3
H,187.12,10.06,42.25,68.62,39.53,110.63,2376.95,0,No Failure,119.3,57.2
M,132.36,9.78,50.97,87.86,22.38,88.57,2620.95,0,No Failure,157.9,70.9
M,212.584,7.69,41.58,84.44,21.04,103.16,2777.19,0,No Failure,191.0,82.7
L,137.18,8.0,50.18,96.53,17.1,103.17,2160.38,0,No Failure,161.7,72.3
M,170.45,8.08,46.01,90.05,18.16,123.68,2554.13,0,No Failure,171.5,75.7
M,173.95,9.12,44.12,88.15,21.67,94.08,2394.04,0,No Failure,188.9,81.9
M,172.59,8.5,47.0,81.69,21.48,93.02,2687.15,0,No Failure,195.0,84.1
L,159.39,6.87,45.84,76.97,32.03,121.14,2782.63,0,No Failure,150.9,68.4
L,154.8,10.1,50.75,100.0,26.11,96.54,2872.48,0,No Failure,156.6,70.5
M,165.8,7.87,46.02,89.75,30.94,63.004,2147.01,0,No Failure,176.1,77.4
H,156.76,8.06,61.22,96.8,31.04,80.46,1879.67,0,No Failure,120.0,57.5
L,161.63,8.22,49.92,93.92,16.42,115.14,2183.58,0,No Failure,177.1,77.7
H,171.36,8.93,52.06,94.57,14.77,84.31,2698.39,0,No Failure,151.4,68.6
H,173.21,9.38,47.55,88.79,34.09,95.86,2363.91,0,No Failure,178.9,78.4
M,164.06,11.72,57.15,90.73,17.39,109.45,2410.28,0,No Failure,152.1,68.9
L,176.49,7.89,55.53,83.35,14.09,105.74,2157.14,0,No Failure,168.0,74.5
L,161.62,8.54,54.96,72.5,28.86,106.55,2258.23,0,No Failure,184.6,80.4
L,146.64,8.99,51.01,78.15,27.73,98.29,2493.71,0,No Failure,191.5,82.8
L,149.59,8.33,46.78,70.32,26.34,101.29,2575.71,0,No Failure,192.6,83.2
L,147.76,7.17,43.44,84.89,19.63,92.18,2658.02,0,No Failure,171.2,75.6
L,160.46,9.49,49.86,79.52,23.28,120.15,2395.7,0,No Failure,191.2,82.7
M,152.02,9.89,45.72,80.21,20.61,121.37,1811.32,0,No Failure,142.6,65.5
L,165.08,8.41,50.41,119.577,20.4,77.58,2646.67,0,No Failure,182.7,79.7
M,139.06,8.67,41.84,100.0,21.52,104.9,2747.38,0,No Failure,155.7,70.2
L,151.87,8.77,48.72,71.79,31.87,96.06,2556.21,0,No Failure,180.6,79.0
M,193.44,9.54,48.24,77.55,50.064,124.06,2717.41,0,No Failure,139.3,64.3
H,164.16,7.36,46.43,91.64,21.87,99.94,2172.87,0,No Failure,192.0,83.0
M,162.92,3.754,53.19,100.0,32.65,111.53,2773.85,0,No Failure,160.4,71.8
L,167.84,8.07,50.48,92.29,8.0,124.61,2469.67,0,No Failure,155.3,70.0
L,188.71,6.18,58.94,88.49,27.83,94.11,2256.61,0,No Failure,136.6,63.4
M,164.99,8.66,43.89,86.89,15.04,98.04,2406.54,0,No Failure,196.8,84.7
L,157.38,8.7,42.34,86.27,14.08,104.27,2642.17,0,No Failure,185.8,80.8
L,150.99,9.46,35.9,91.51,26.35,105.99,2513.27,0,No Failure,169.3,75.0
M,162.5,6.94,33.02,86.58,21.14,110.9,2470.61,0,No Failure,171.7,75.8
L,174.85,8.8,37.16,69.38,20.84,117.75,2199.65,0,No Failure,141.7,65.2
L,144.13,7.6,42.62,79.94,20.55,104.98,2373.71,0,No Failure,182.5,79.6
L,156.97,4.78,44.88,84.0,8.0,89.71,2469.52,0,No Failure,142.8,65.6
L,192.44,10.19,62.81,77.02,19.42,105.42,2423.07,0,No Failure,138.1,63.9
H,139.1,13.096,53.38,79.9,12.33,107.83,2516.13,0,No Failure,163.0,72.7
L,162.74,7.57,61.98,95.05,39.51,109.13,2428.83,0,No Failure,148.0,67.4
M,162.03,7.43,46.56,79.13,21.27,108.17,2115.56,0,No Failure,190.0,82.3
M,161.98,9.38,44.49,96.11,36.5,107.26,2418.44,0,No Failure,172.2,76.0
L,156.34,8.4,41.15,92.1,38.13,112.25,2473.13,0,No Failure,148.9,67.7
M,156.14,3.754,23.433,70.33,12.69,110.65,2460.39,0,No Failure,163.1,72.8
L,145.96,7.25,56.42,84.12,30.95,82.03,2392.79,0,No Failure,155.2,70.0
L,162.48,7.38,51.1,88.76,25.4,106.92,2523.56,0,No Failure,196.7,84.7
M,157.22,8.44,45.48,90.66,29.99,76.84,2190.22,0,No Failure,164.1,73.1
L,173.19,10.74,43.38,84.815,32.21,99.24,2589.62,0,No Failure,165.9,73.8
L,173.81,9.3,48.96,90.65,30.9,101.81,2284.24,0,No Failure,187.2,81.3
L,188.24,11.39,40.42,70.56,23.75,105.85,2718.23,0,No Failure,123.2,58.6
H,183.43,10.64,60.83,100.0,29.71,109.78,2749.62,0,No Failure,112.6,54.9
L,170.64,9.14,40.08,83.54,14.56,125.47,1872.28,0,No Failure,131.5,61.6
H,161.11,8.96,59.93,77.6,34.44,89.33,2450.5,0,No Failure,165.2,73.5
H,154.54,8.36,45.78,84.51,22.45,107.48,2149.36,0,No Failure,202.1,86.6
L,159.36,8.19,51.07,90.47,25.48,109.01,2281.49,0,No Failure,201.1,86.2
H,170.89,7.26,53.95,82.74,31.77,117.26,2319.07,0,No Failure,166.4,73.9
L,166.09,3.754,58.07,87.88,8.0,112.24,2060.87,0,No Failure,137.9,63.8
L,153.27,9.98,41.16,88.34,10.88,92.49,2958.79,0,No Failure,132.8,62.0
L,177.94,7.48,54.5,69.78,30.93,92.88,2057.38,0,No Failure,138.9,64.2
L,170.22,8.4,51.92,91.31,16.79,101.65,2431.66,0,No Failure,197.6,85.0
L,154.41,7.25,40.75,84.13,21.96,101.22,2407.5,0,No Failure,197.8,85.0
H,148.28,6.82,46.76,74.78,28.65,104.77,2471.49,0,No Failure,179.8,78.7
L,158.6,7.52,50.89,90.06,31.51,114.72,2169.33,0,No Failure,170.3,75.3
M,151.77,6.03,47.3,100.0,17.29,81.52,2478.4,0,No Failure,139.8,64.5
M,168.09,7.29,51.63,81.58,31.94,101.99,2256.12,0,No Failure,188.2,81.6
L,162.3,7.62,53.63,82.65,30.72,103.32,2838.9,0,No Failure,186.3,81.0
M,181.2,7.69,44.63,81.94,28.29,108.71,2067.2,0,No Failure,168.3,74.6
M,135.0,7.18,67.36,84.25,19.65,115.24,2569.53,0,No Failure,131.8,61.7
L,181.25,10.52,48.58,75.92,38.16,120.59,2153.14,0,No Failure,109.8,53.9
L,164.26,9.46,44.27,89.4,-1.38,119.71,2133.51,0,No Failure,156.3,70.4
L,171.42,7.21,34.95,93.75,14.34,95.52,2906.11,0,No Failure,128.8,60.6
L,141.69,9.7,49.01,80.88,18.48,110.15,2380.53,0,No Failure,176.8,77.6
L,144.19,6.95,61.98,86.66,20.26,97.3,2255.81,0,No Failure,154.1,69.6
H,203.03,10.01,50.96,78.5,26.97,114.33,1994.63,0,No Failure,127.4,60.1
H,155.25,8.33,53.11,90.46,19.59,113.46,2712.09,0,No Failure,178.9,78.4
L,135.86,8.55,52.77,95.04,8.0,96.94,2642.41,0,No Failure,142.4,65.4
L,172.95,7.53,52.53,80.77,21.0,102.57,2168.56,0,No Failure,187.6,81.4
M,162.6,8.4,42.35,82.21,26.29,107.4,2800.13,0,No Failure,196.7,84.7
L,158.09,6.48,52.99,86.78,32.95,105.03,2769.87,1,Internal Pump Leakage,7.8,29.1
H,160.11,8.96,52.38,76.49,21.34,105.91,2881.78,0,No Failure,183.2,79.9
M,175.13,6.69,47.33,84.2,28.37,103.64,2511.4,0,No Failure,193.1,83.4
L,169.23,10.06,48.96,84.815,19.25,118.48,2289.3,0,No Failure,175.2,77.0
L,188.84,8.27,43.81,88.33,22.17,106.06,2424.67,0,No Failure,186.8,81.2
M,184.88,8.1,58.07,75.14,33.15,107.23,2264.3,0,No Failure,149.6,68.0
H,173.01,7.21,53.8,85.25,22.28,107.95,2395.98,0,No Failure,190.9,82.6
M,156.94,7.31,51.66,79.99,28.17,104.79,1383.673,0,No Failure,197.8,85.0
H,156.91,8.53,57.09,100.0,29.06,122.18,2807.11,0,No Failure,141.5,65.1
H,178.43,8.12,49.88,83.5,19.38,105.69,2676.89,0,No Failure,179.6,78.6
L,181.1,11.38,52.61,79.41,18.59,90.13,2082.52,0,No Failure,132.4,61.9
L,171.82,9.34,32.0,76.7,19.78,75.38,2358.92,0,No Failure,131.2,61.4
M,166.73,6.91,56.38,80.42,30.6,106.37,2695.24,0,No Failure,168.9,74.8
M,162.51,9.72,50.56,86.08,17.78,109.49,2505.42,0,No Failure,194.7,83.9
L,197.81,6.93,41.25,94.6,31.31,119.16,2388.19,0,No Failure,121.3,57.9
L,165.38,8.72,41.88,84.75,25.92,101.18,2720.91,0,No Failure,201.4,86.3
L,178.58,6.45,51.43,78.14,23.97,105.74,2981.27,1,Internal Pump Leakage,6.6,26.3
L,160.54,6.25,42.23,98.78,29.39,106.78,1835.18,0,No Failure,136.6,63.4
M,171.01,8.25,54.9,93.17,22.34,82.41,2539.99,0,No Failure,171.6,75.8
L,145.13,9.1,41.02,73.49,16.22,95.96,1550.0,0,No Failure,122.3,58.3
L,171.96,6.39,42.49,97.24,23.28,97.02,2214.36,0,No Failure,159.0,71.3
H,158.89,7.0,53.94,86.49,40.74,105.01,2437.95,0,No Failure,171.4,75.7
M,154.19,7.5,46.83,66.93,16.89,125.95,2573.7,0,No Failure,145.6,66.6
M,147.07,9.38,50.48,76.58,18.47,113.67,2762.73,0,No Failure,160.5,71.8
H,150.73,8.07,45.62,84.84,13.85,86.81,2554.25,0,No Failure,175.2,77.1
H,156.78,7.62,52.21,94.11,22.74,98.6,3004.89,0,No Failure,171.7,75.8
H,171.46,7.09,42.67,82.6,15.96,109.63,2472.99,0,No Failure,177.2,77.8
L,172.79,8.66,48.38,74.77,29.43,80.6,2597.22,0,No Failure,169.2,74.9
M,158.94,9.27,42.69,96.29,30.47,117.87,2919.52,0,No Failure,144.0,66.0
M,147.11,10.03,52.6,49.175,28.09,104.38,2242.79,0,No Failure,161.9,72.3
L,181.52,9.81,45.76,92.92,27.1,110.35,2313.66,0,No Failure,164.9,73.4
M,145.75,7.66,53.43,86.03,24.21,63.004,1938.28,0,No Failure,158.8,71.2
H,147.87,13.096,54.84,89.71,18.66,125.57,2292.76,0,No Failure,151.0,68.5
M,173.26,7.87,50.27,82.5,30.54,92.26,2084.64,0,No Failure,175.7,77.2
H,160.38,8.98,52.41,82.24,24.21,110.49,2159.08,0,No Failure,197.1,84.8
H,159.64,10.27,55.71,79.6,24.11,81.2,2323.24,0,No Failure,165.0,73.4
H,174.86,8.45,57.67,75.77,13.33,108.45,2307.67,0,No Failure,157.4,70.7
M,161.23,8.67,56.61,83.69,15.54,103.59,2348.5,0,No Failure,196.6,84.6
L,173.52,7.06,63.48,89.59,27.08,96.47,2381.42,0,No Failure,160.3,71.8
M,162.76,3.754,41.63,76.58,19.04,98.91,2275.17,0,No Failure,179.6,78.6
H,170.69,8.22,49.64,88.89,27.75,110.07,2510.34,0,No Failure,200.2,85.9
M,150.85,7.09,49.25,81.1,18.65,78.44,2533.1,0,No Failure,166.1,73.8
M,176.23,7.94,46.76,91.07,38.22,123.92,2160.18,0,No Failure,139.4,64.4
L,163.94,8.72,55.68,99.03,35.78,82.77,2499.7,0,No Failure,149.8,68.0
M,168.02,10.04,41.68,83.34,30.45,98.66,2673.83,0,No Failure,175.1,77.0
L,163.95,7.41,52.62,79.27,23.16,106.09,1903.02,0,No Failure,180.0,78.7
M,165.74,7.13,57.19,90.46,24.4,86.53,2174.22,0,No Failure,163.0,72.7
L,148.18,8.79,55.81,100.0,24.39,63.004,2369.82,0,No Failure,167.7,74.4
H,175.45,10.09,37.88,83.7,21.16,109.49,2887.52,0,No Failure,151.8,68.7
L,161.69,7.64,36.45,81.59,37.55,101.49,2823.54,0,No Failure,159.8,71.6
H,171.6,8.0,49.21,82.86,18.96,99.4,2797.06,0,No Failure,194.1,83.7
H,163.45,8.91,60.32,84.53,27.93,127.05,2799.23,0,No Failure,153.4,69.3
M,145.18,11.3,60.19,80.71,32.38,111.1,2289.5,0,No Failure,129.7,60.9
L,171.62,8.13,50.49,79.53,15.72,109.94,2333.7,0,No Failure,186.1,80.9
L,159.98,10.85,50.45,71.58,19.35,110.47,2583.37,0,No Failure,164.6,73.3
H,167.32,7.06,46.49,94.8,24.85,96.89,2095.68,0,No Failure,176.3,77.4
M,165.77,7.08,58.68,92.3,8.0,100.32,2229.15,0,No Failure,146.8,67.0
M,181.97,8.43,44.7,73.97,22.04,108.06,2393.44,0,No Failure,183.7,80.1
L,135.8,8.28,54.9,91.46,16.41,101.05,2638.8,0,No Failure,164.8,73.4
H,160.41,7.73,53.58,74.16,27.21,97.93,2195.33,0,No Failure,183.7,80.1
L,176.85,9.45,49.7,87.09,26.64,115.3,2441.47,0,No Failure,185.5,80.7
M,161.02,8.65,55.44,80.39,29.1,113.08,2344.83,0,No Failure,188.7,81.8
H,160.78,10.24,47.31,98.39,37.63,88.39,2046.06,0,No Failure,134.2,62.5
H,178.72,9.57,57.08,77.21,20.84,97.78,2872.72,0,No Failure,152.9,69.1
H,157.54,7.0,53.49,70.25,26.45,105.96,2860.26,0,No Failure,162.0,72.4
H,185.27,9.9,45.72,77.27,17.94,85.94,2668.27,0,No Failure,144.2,66.1
M,162.19,10.2,41.32,69.71,24.58,104.36,2619.79,0,No Failure,173.6,76.5
M,165.28,9.03,47.62,83.63,12.03,101.18,2549.75,0,No Failure,199.3,85.6
M,160.54,10.9,52.97,82.51,26.22,90.93,2115.79,0,No Failure,167.2,74.2
H,146.56,9.12,53.67,84.79,28.51,108.35,2582.11,0,No Failure,183.0,79.8
H,145.39,7.51,44.48,80.01,26.48,109.94,2475.2,0,No Failure,184.6,80.4
M,146.53,8.81,57.64,67.42,26.43,92.21,2484.91,1,Cooler Thermal Breakdown,3.9,26.5
H,160.9,9.29,41.37,87.57,20.72,103.64,2860.25,0,No Failure,182.3,79.6
M,157.14,7.48,47.23,83.08,29.28,117.3,2978.75,0,No Failure,167.5,74.3
L,165.16,7.56,48.92,71.22,16.53,97.21,2490.72,0,No Failure,186.6,81.1
L,151.86,8.1,41.91,83.15,11.5,99.25,2495.32,0,No Failure,183.0,79.8
L,145.41,7.83,53.84,95.84,21.7,110.87,2363.72,0,No Failure,170.4,75.3
H,177.02,6.91,56.81,97.8,22.14,90.46,2746.46,0,No Failure,140.9,64.9
M,140.17,9.56,62.81,85.38,28.49,77.69,2557.7,0,No Failure,131.6,61.6
L,164.17,7.26,38.97,85.24,23.38,97.73,2725.91,0,No Failure,185.2,80.6
L,162.48,7.8,34.54,79.54,44.89,103.17,2528.32,0,No Failure,145.4,66.5
L,142.79,8.53,42.1,84.815,26.41,100.98,2029.45,0,No Failure,177.8,78.0
M,160.67,9.89,50.08,81.28,37.55,74.64,2559.18,0,No Failure,150.8,68.4
L,177.31,7.92,60.37,87.46,23.78,95.82,2507.15,0,No Failure,180.2,78.8
M,143.95,10.28,49.06,100.0,23.54,82.59,2286.32,0,No Failure,145.5,66.5
L,180.72,8.23,58.26,86.44,24.72,102.27,2702.4,0,No Failure,183.0,79.8
M,157.24,7.45,44.16,84.12,13.12,95.37,3040.59,0,No Failure,151.3,68.6
L,162.24,9.01,54.64,92.73,15.48,101.59,2626.56,0,No Failure,183.2,79.9
L,164.9,10.73,49.77,90.16,10.65,102.65,2323.41,0,No Failure,168.9,74.8
L,153.63,7.34,51.84,96.62,23.81,101.64,1882.32,0,No Failure,168.0,74.5
L,161.48,7.44,40.39,80.01,15.71,99.02,2851.62,0,No Failure,168.7,74.8
H,162.03,8.87,48.91,76.47,27.96,121.84,2494.28,0,No Failure,188.9,81.9
H,163.35,3.754,49.82,79.04,27.41,96.91,2031.63,0,No Failure,192.3,83.1
M,180.13,9.46,43.09,84.12,16.85,101.04,2398.04,0,No Failure,165.0,73.4
H,163.93,8.48,43.01,84.49,24.84,88.11,2364.43,0,No Failure,202.5,86.7
L,154.2,7.26,23.433,77.44,27.0,98.95,2348.37,0,No Failure,193.5,83.5
M,138.95,8.6,58.72,70.33,27.2,91.52,2117.78,0,No Failure,140.1,64.6
M,146.7,9.42,40.52,79.26,20.97,94.05,2348.61,0,No Failure,170.8,75.5
M,167.2,9.12,41.2,97.08,34.04,72.63,2299.07,0,No Failure,130.8,61.3
H,173.45,9.98,35.03,77.57,28.48,98.86,2544.91,0,No Failure,158.7,71.2
L,162.16,8.45,45.78,84.23,17.49,115.07,1988.31,0,No Failure,183.0,79.8
M,159.27,12.99,58.64,119.577,23.77,99.01,2575.6,0,No Failure,156.6,70.5
H,150.36,10.53,40.23,95.47,17.28,102.46,2318.42,0,No Failure,153.3,69.3
L,164.56,8.68,55.45,81.7,18.97,114.94,2532.3,0,No Failure,187.6,81.4
L,162.04,7.48,58.01,73.7,21.45,112.4,2656.2,0,No Failure,168.6,74.7
H,142.16,8.75,44.17,71.28,15.2,85.88,2840.25,0,No Failure,134.5,62.6
M,157.09,5.65,48.17,95.29,29.07,87.82,2249.11,0,No Failure,152.3,69.0
M,164.1,7.87,54.2,81.86,16.86,99.91,2910.75,0,No Failure,179.7,78.7
L,154.68,7.63,53.33,89.98,23.54,102.67,2210.29,0,No Failure,193.2,83.4
M,185.02,8.26,46.84,75.04,28.76,84.41,1550.0,0,No Failure,127.5,60.2
H,153.57,8.83,47.8,81.79,14.47,98.91,2508.15,0,No Failure,197.8,85.1
M,160.84,10.05,49.41,87.78,20.64,110.14,2385.18,0,No Failure,194.5,83.9
M,168.74,9.59,41.14,78.98,22.29,93.83,2331.85,0,No Failure,179.8,78.7
H,156.95,8.99,44.78,83.43,31.7,99.34,2816.89,0,No Failure,185.1,80.6
H,172.52,8.32,54.6,78.01,25.56,101.39,2374.5,0,No Failure,200.5,86.0
L,111.833,7.84,43.61,96.49,22.78,77.66,2990.31,0,No Failure,128.6,60.5
M,151.18,8.26,47.13,94.24,22.69,89.21,2652.63,0,No Failure,182.3,79.6
M,161.78,8.08,38.32,89.94,33.91,97.56,2508.6,0,No Failure,180.1,78.8
L,149.91,8.9,53.78,77.1,16.3,95.62,2342.55,0,No Failure,174.6,76.8
H,151.35,9.36,61.99,95.47,21.72,111.67,2041.07,0,No Failure,140.0,64.6
M,164.35,8.79,49.0,91.83,20.87,109.96,2461.01,0,No Failure,204.8,87.5
M,156.48,7.49,49.46,82.75,27.7,98.59,2618.08,0,No Failure,202.0,86.5
M,161.34,5.95,73.517,66.13,28.59,96.82,2433.15,0,No Failure,166.4,73.9
L,162.05,9.64,41.92,75.65,24.4,85.9,2832.81,0,No Failure,162.6,72.6
L,147.06,9.47,33.58,86.48,24.4,82.39,2762.73,0,No Failure,140.4,64.7
H,140.02,8.63,50.1,81.85,11.01,123.38,2531.64,0,No Failure,154.4,69.7
H,168.64,8.73,38.18,80.89,18.74,109.57,2497.81,0,No Failure,183.0,79.8
L,163.61,7.9,73.517,83.59,23.56,105.27,2434.9,0,No Failure,202.3,86.7
L,169.33,9.09,48.92,86.18,50.064,100.39,2289.83,0,No Failure,203.6,87.1
L,174.64,8.78,47.46,93.53,35.74,76.07,2480.98,0,No Failure,151.6,68.7
L,182.94,9.03,49.56,90.12,8.0,113.01,2044.04,0,No Failure,138.5,64.0
L,175.35,9.91,44.13,82.06,19.84,86.87,2505.9,0,No Failure,170.0,75.2
L,155.04,8.17,48.2,91.99,29.4,101.38,2649.49,0,No Failure,198.2,85.2
M,172.16,9.78,46.28,90.13,22.77,86.18,2297.17,0,No Failure,172.9,76.2
L,147.49,6.01,41.16,88.92,25.47,83.7,2652.93,0,No Failure,143.5,65.8
H,157.65,8.31,53.55,77.21,15.99,103.33,2512.65,0,No Failure,195.0,84.1
M,162.5,7.86,62.89,91.13,26.26,110.02,2575.16,0,No Failure,174.4,76.8
H,143.07,8.98,41.87,75.76,25.38,120.6,1750.03,0,No Failure,131.1,61.4
L,143.14,9.2,50.34,100.0,23.66,87.41,1972.33,0,No Failure,144.8,66.3
L,191.26,9.37,47.62,76.84,21.27,102.23,2310.06,0,No Failure,176.9,77.6
H,161.6,7.33,48.31,81.27,20.39,102.41,2341.69,0,No Failure,211.5,89.9
M,111.833,7.09,62.52,86.17,33.5,114.06,2676.45,0,No Failure,109.8,53.9
L,153.83,8.84,56.06,76.55,16.72,121.99,2618.28,0,No Failure,154.6,69.7
L,168.09,6.31,48.58,92.25,26.36,91.21,2735.34,0,No Failure,155.9,70.2
M,169.46,8.12,49.61,98.13,9.9,88.31,2014.18,0,No Failure,142.5,65.5
L,136.08,8.04,51.18,81.22,24.08,109.59,2890.27,0,No Failure,171.0,75.6
L,143.3,6.36,44.88,76.8,22.85,102.74,1383.673,0,No Failure,174.2,76.7
H,212.584,7.27,48.82,60.33,25.32,104.13,2341.37,0,No Failure,173.4,76.4
H,138.44,6.31,50.81,75.51,26.86,95.74,2523.66,0,No Failure,161.2,72.1
L,168.37,9.13,34.92,68.65,44.41,91.67,1897.33,0,No Failure,98.6,49.9
L,168.55,8.94,51.0,81.1,30.67,112.91,2431.66,0,No Failure,187.3,81.3
L,147.63,7.12,48.71,94.12,12.37,105.9,2083.92,0,No Failure,153.1,69.2
L,182.84,8.42,52.57,70.62,27.81,103.39,2321.88,0,No Failure,176.8,77.6
L,185.5,8.01,50.43,91.49,27.84,106.68,2597.53,0,No Failure,178.0,78.0
L,156.16,8.66,43.43,89.59,33.42,99.34,2139.33,0,No Failure,177.2,77.8
M,168.42,9.19,44.88,82.65,15.41,106.5,2376.19,0,No Failure,190.6,82.5
M,142.78,6.88,49.3,100.0,34.39,90.16,2703.62,0,No Failure,133.9,62.4
M,168.73,9.34,46.43,89.52,26.96,63.004,2210.69,0,No Failure,159.1,71.3
M,161.46,5.71,46.14,87.1,23.92,106.45,2466.48,0,No Failure,195.3,84.2
L,159.24,9.66,41.62,69.78,36.41,121.61,2323.09,0,No Failure,135.5,63.0
L,152.93,8.43,48.49,95.71,19.98,128.98,2274.82,0,No Failure,164.3,73.2
M,153.51,8.05,46.51,89.37,27.59,79.12,2923.62,0,No Failure,158.4,71.1
H,170.04,8.35,40.27,78.7,24.61,98.59,2714.32,0,No Failure,189.4,82.1
L,176.47,7.62,47.93,73.48,12.49,103.37,2687.95,0,No Failure,166.3,73.9
H,152.1,9.38,63.14,80.24,15.15,87.63,2419.64,0,No Failure,148.8,67.7
L,176.82,8.16,67.03,98.83,20.01,108.33,2748.91,0,No Failure,134.6,62.7
M,156.24,10.8,49.92,79.92,29.04,95.6,1383.673,0,No Failure,179.1,78.4
L,162.48,9.19,44.75,87.46,21.13,98.77,2447.97,0,No Failure,188.3,81.7
L,152.13,6.78,47.3,95.94,32.3,110.02,2613.26,0,No Failure,160.0,71.7
M,152.97,10.29,46.67,75.81,25.26,100.21,2648.82,0,No Failure,181.7,79.4
M,145.92,5.97,41.39,82.68,23.42,100.79,2196.5,0,No Failure,167.7,74.4
L,161.05,9.59,48.19,70.71,15.86,98.43,2284.89,0,No Failure,179.0,78.4
H,142.9,9.95,58.2,86.59,30.28,101.21,2341.98,0,No Failure,163.6,72.9
M,147.94,6.85,47.05,100.0,20.07,111.56,2767.31,0,No Failure,149.4,67.9
M,178.23,9.96,53.21,95.2,25.92,114.17,1883.18,0,No Failure,136.3,63.3
L,170.73,8.62,60.22,80.11,20.37,105.02,2849.16,0,No Failure,170.3,75.3
L,159.82,3.754,50.87,69.94,25.29,113.92,2827.31,0,No Failure,177.4,77.8
L,150.81,9.67,44.76,83.94,9.85,102.03,2671.09,0,No Failure,168.4,74.6
M,160.94,9.42,51.31,92.59,15.92,98.91,2674.67,0,No Failure,180.2,78.8
L,156.96,10.05,52.72,86.03,19.62,87.78,2500.76,0,No Failure,177.7,78.0
L,133.37,6.53,48.12,83.27,12.47,104.57,2715.2,0,No Failure,152.7,69.1
H,156.81,8.3,61.39,83.08,24.11,85.47,2597.13,0,No Failure,178.7,78.3
L,156.3,8.27,53.06,73.29,18.14,114.96,2461.04,0,No Failure,180.5,78.9
L,167.78,7.79,57.75,76.76,27.12,103.52,2311.6,0,No Failure,184.4,80.3
L,152.9,5.87,32.0,100.0,31.34,92.88,2473.84,0,No Failure,121.5,58.0
M,162.19,8.69,50.59,74.43,19.15,103.54,2566.44,0,No Failure,202.1,86.6
L,155.01,13.096,32.0,92.13,37.22,96.98,2348.79,0,No Failure,146.9,67.0
M,146.55,7.42,52.53,49.175,29.49,105.68,2648.04,0,No Failure,171.3,75.7
L,151.18,7.19,46.64,73.04,24.45,108.45,2834.51,0,No Failure,169.9,75.2
L,171.58,9.48,46.39,85.68,20.65,84.61,2258.77,0,No Failure,175.4,77.1
M,212.584,9.55,57.07,71.53,28.18,91.37,3149.14,0,No Failure,137.0,63.5
H,185.35,9.17,50.62,82.95,25.77,120.91,2299.07,0,No Failure,169.1,74.9
M,153.96,8.17,54.41,89.85,22.26,94.68,2083.27,0,No Failure,179.6,78.6
M,160.8,9.77,42.04,92.01,15.25,108.64,2219.11,0,No Failure,163.9,73.1
L,172.42,9.44,53.96,76.89,28.81,101.13,2652.47,0,No Failure,177.7,77.9
H,153.89,8.66,52.45,67.2,30.52,119.47,2467.7,0,No Failure,162.0,72.4
M,183.87,8.36,54.79,77.77,24.93,120.48,2864.5,0,No Failure,152.0,68.8
M,161.56,9.62,54.72,93.45,29.42,112.17,2898.61,0,No Failure,156.3,70.4
L,171.33,9.55,48.23,81.1,17.73,110.18,2545.61,0,No Failure,187.3,81.3
L,209.89,6.33,59.04,84.79,19.96,101.88,2402.36,0,No Failure,162.2,72.5
L,169.07,8.68,41.0,66.71,42.46,89.38,3111.21,0,No Failure,107.8,53.2
H,164.47,8.12,59.2,79.28,30.87,102.38,2070.23,0,No Failure,174.7,76.9
H,158.8,8.51,54.02,83.19,15.92,119.25,2410.82,0,No Failure,184.6,80.4
L,158.82,11.62,49.01,78.05,34.1,91.61,2452.0,0,No Failure,161.0,72.0
M,164.49,9.14,60.78,78.01,18.38,109.17,2529.62,0,No Failure,172.9,76.2
L,172.35,9.2,56.21,100.0,34.87,104.77,2022.62,0,No Failure,138.4,64.0
L,155.38,5.61,53.22,77.1,24.7,93.02,2102.72,0,No Failure,155.7,70.1
M,167.85,9.26,50.84,85.88,35.86,115.23,2182.41,0,No Failure,166.0,73.8
L,147.88,8.26,37.7,92.28,21.66,75.8,2453.86,0,No Failure,153.7,69.4
L,176.67,10.61,51.73,83.6,-1.804,99.23,2891.99,0,No Failure,169.2,74.9
L,162.48,6.81,52.89,83.78,33.37,88.22,2075.46,0,No Failure,153.8,69.5
H,212.584,8.44,36.17,84.58,27.45,64.0,2084.44,0,No Failure,129.2,60.8
L,178.12,8.17,54.33,78.43,24.25,103.9,2253.03,0,No Failure,189.9,82.3
M,141.87,9.19,45.21,89.23,25.8,110.46,2655.51,0,No Failure,174.0,76.6
M,161.59,5.85,38.84,87.64,39.03,103.66,1988.2,0,No Failure,135.4,63.0
H,153.85,9.01,54.57,82.2,28.68,100.5,2372.37,0,No Failure,196.3,84.5
M,169.64,9.02,38.32,72.78,21.74,85.63,2031.03,0,No Failure,144.7,66.2
M,157.93,9.45,43.53,85.9,27.34,113.27,2266.7,0,No Failure,183.1,79.8
L,160.99,7.87,50.99,91.14,26.47,92.84,2362.09,0,No Failure,197.8,85.1
M,158.62,3.754,50.03,73.16,28.82,103.69,3148.49,0,No Failure,163.0,72.7
H,175.7,8.18,38.93,79.1,23.25,98.6,3014.25,0,No Failure,165.5,73.6
L,147.19,9.41,46.15,68.72,35.14,99.6,1940.1,1,Proportional Valve Lag,11.0,19.5
M,167.87,8.23,49.09,78.23,21.98,120.75,1880.47,0,No Failure,168.8,74.8
M,150.25,7.48,46.14,68.53,21.77,111.64,2400.5,0,No Failure,173.1,76.3
M,170.53,10.26,44.66,77.31,17.74,94.22,2240.31,0,No Failure,163.0,72.7
M,169.66,8.94,63.52,68.99,22.74,106.86,2744.47,1,Cooler Thermal Breakdown,8.5,24.0
L,150.38,7.65,42.06,82.25,33.27,101.88,3000.24,0,No Failure,161.4,72.1
M,175.89,10.59,46.5,69.13,29.29,102.44,2524.72,0,No Failure,144.6,66.2
H,168.03,6.9,57.91,75.5,26.07,105.33,2394.21,0,No Failure,176.3,77.4
M,157.43,7.95,52.24,78.6,25.53,102.14,2658.4,0,No Failure,202.5,86.7
M,163.06,9.17,39.66,75.22,30.7,87.16,2264.25,0,No Failure,160.3,71.8
L,165.71,7.35,45.25,79.08,28.96,89.3,2195.7,0,No Failure,174.4,76.8
L,146.5,8.76,48.58,73.02,22.35,113.87,2593.21,0,No Failure,162.9,72.7
L,146.71,7.66,45.35,93.81,20.19,99.87,2904.46,0,No Failure,165.3,73.5
M,170.05,8.69,50.61,90.38,24.59,95.33,2231.94,0,No Failure,195.9,84.4
H,140.77,7.23,51.49,80.49,25.01,111.52,2278.9,0,No Failure,156.7,70.5
H,142.0,8.14,56.96,93.59,16.86,88.52,1914.37,0,No Failure,131.0,61.4
H,162.1,8.27,45.71,77.83,10.88,106.0,2096.96,0,No Failure,177.3,77.8
H,173.69,8.71,46.57,98.26,25.01,89.45,2222.93,0,No Failure,172.5,76.1
L,162.03,7.81,44.38,69.26,18.67,93.36,2624.88,0,No Failure,175.0,77.0
L,156.59,8.02,56.91,79.72,21.81,97.29,1959.57,0,No Failure,174.3,76.7
L,169.0,7.72,36.2,89.66,16.78,110.18,2734.07,0,No Failure,155.6,70.1
M,147.94,8.79,38.46,100.0,22.29,117.2,2356.38,0,No Failure,152.1,68.9
H,143.19,8.45,49.52,86.69,26.63,96.83,2784.99,0,No Failure,157.6,70.8
L,172.62,8.27,46.5,78.09,23.79,104.49,1952.58,0,No Failure,188.7,81.8
M,168.56,9.03,43.27,89.17,28.86,104.38,2781.11,0,No Failure,181.0,79.1
L,160.94,5.91,54.65,73.75,8.0,94.26,2637.42,0,No Failure,136.5,63.4
M,138.51,5.25,57.76,100.0,25.38,126.44,2625.06,0,No Failure,100.6,50.6
L,149.96,9.89,45.68,72.47,22.33,106.74,2259.94,0,No Failure,172.1,76.0
L,151.8,5.72,48.96,83.53,22.07,98.29,2226.71,0,No Failure,181.2,79.2
M,169.12,10.55,47.61,100.0,23.89,100.77,2743.53,0,No Failure,169.8,75.2
M,178.3,9.13,50.47,84.09,8.0,103.42,3092.04,0,No Failure,149.7,68.0
L,159.15,10.89,47.34,75.12,29.64,99.58,2202.62,0,No Failure,170.3,75.3
L,131.37,8.48,48.87,72.23,20.43,94.95,2827.26,0,No Failure,158.0,71.0
M,185.26,9.51,54.55,76.9,25.05,93.52,2891.35,0,No Failure,149.6,68.0
L,188.66,8.17,51.35,71.23,21.85,140.993,2323.61,0,No Failure,161.2,72.1
H,136.07,5.45,49.91,77.83,33.47,103.8,2860.88,1,Internal Pump Leakage,8.9,16.8
H,160.31,6.28,51.98,80.19,8.0,110.41,2590.6,0,No Failure,155.9,70.2
M,145.37,7.56,48.21,75.55,29.71,115.25,2202.61,0,No Failure,144.8,66.3
H,163.43,6.91,42.83,90.0,31.72,99.46,2141.82,0,No Failure,170.4,75.3
L,163.94,8.5,52.08,75.88,21.15,101.21,2435.79,0,No Failure,211.0,89.7
H,155.32,8.94,46.52,87.05,16.65,110.35,2795.29,0,No Failure,178.7,78.3
H,173.06,7.96,53.1,89.04,20.75,102.395,2368.33,0,No Failure,169.1,74.9
L,182.0,7.29,54.58,94.85,22.29,116.46,2375.94,0,No Failure,156.0,70.3
M,144.91,7.85,55.6,87.47,39.33,96.77,1921.04,1,Proportional Valve Lag,5.5,18.7
M,162.04,6.26,51.49,80.18,21.57,95.32,2608.22,0,No Failure,185.4,80.7
M,161.57,8.06,34.86,84.35,14.9,82.83,2491.74,0,No Failure,164.8,73.4
L,190.01,8.5,46.4,85.18,23.12,84.7,2448.51,0,No Failure,182.3,79.6
M,172.23,11.6,45.11,91.26,15.09,103.28,2142.93,0,No Failure,145.8,66.7
M,153.39,7.55,55.73,92.21,28.56,91.91,2880.05,0,No Failure,154.6,69.7
M,147.98,8.33,62.59,92.39,21.87,95.43,2079.99,0,No Failure,155.2,70.0
H,181.49,5.83,53.51,80.08,27.59,76.88,2191.04,0,No Failure,127.6,60.2
M,174.63,8.92,47.44,76.27,31.33,94.77,2580.6,0,No Failure,179.7,78.7
H,180.74,9.5,43.27,96.55,10.25,127.22,2470.14,0,No Failure,122.8,58.5
L,171.3,9.38,52.06,91.76,35.14,107.4,2381.07,0,No Failure,170.9,75.5
H,178.58,7.51,52.56,80.06,17.71,111.25,2830.86,0,No Failure,158.9,71.3
L,157.45,8.06,59.33,90.3,10.47,125.18,2125.8,0,No Failure,131.0,61.4
H,170.19,9.31,51.15,89.47,27.97,103.57,2396.77,0,No Failure,197.0,84.8
L,140.99,6.91,46.75,83.35,35.77,96.77,2685.95,1,Proportional Valve Lag,7.5,26.4
L,166.61,8.62,50.68,49.175,20.88,93.85,2185.15,0,No Failure,190.2,82.4
H,156.61,7.78,47.46,94.36,22.55,98.09,2537.84,0,No Failure,199.3,85.6
L,159.08,7.39,51.86,93.69,15.25,105.44,2431.66,0,No Failure,180.6,79.0
M,183.87,8.64,49.12,80.97,26.27,95.84,1943.55,0,No Failure,174.5,76.8
L,134.41,7.9,45.88,85.57,19.22,87.77,2166.45,0,No Failure,159.9,71.6
L,166.52,7.58,45.93,90.73,25.09,97.17,2609.68,0,No Failure,196.3,84.5
L,156.8,7.09,40.36,96.39,28.7,106.54,2507.06,0,No Failure,169.4,75.0
L,173.09,12.06,43.55,96.71,34.37,86.77,3087.67,0,No Failure,93.2,48.0
M,149.85,8.69,51.58,85.28,25.13,100.28,2007.2,0,No Failure,191.7,82.9
H,190.56,6.86,42.89,99.79,34.03,97.51,2954.78,0,No Failure,113.0,55.0
L,161.55,9.5,49.41,75.07,27.26,101.65,2803.5,0,No Failure,189.9,82.3
L,139.93,9.65,59.87,71.96,25.32,89.56,2763.05,0,No Failure,132.0,61.8
L,156.98,8.12,43.31,88.87,20.15,119.6,2633.29,0,No Failure,176.7,77.6
H,150.41,8.16,50.31,89.1,25.52,101.31,3513.973,0,No Failure,186.7,81.1
H,177.52,9.21,47.41,75.88,19.4,100.09,2109.56,0,No Failure,175.1,77.0
H,155.25,8.45,48.4,72.45,24.14,112.01,1383.673,0,No Failure,197.7,85.0
H,157.53,9.52,62.16,92.35,27.8,92.87,2535.69,0,No Failure,161.5,72.2
H,155.43,5.24,37.05,74.21,15.15,115.14,3513.973,0,No Failure,126.6,59.8
L,163.77,8.74,50.26,85.79,23.58,111.88,2632.4,0,No Failure,206.8,88.2
H,174.38,9.77,62.1,80.02,17.14,114.96,2165.44,0,No Failure,137.6,63.7
H,189.57,7.81,58.65,80.05,16.32,109.04,2336.57,0,No Failure,151.8,68.8
L,163.33,9.27,40.72,83.99,28.97,112.63,2729.46,0,No Failure,177.8,78.0
L,138.87,9.69,50.51,82.37,43.69,94.57,2914.84,1,Proportional Valve Lag,12.5,15.5
M,152.62,9.95,42.2,84.04,8.4,94.61,2412.0,0,No Failure,160.9,72.0
M,181.43,11.52,58.72,76.63,23.89,109.29,1839.68,0,No Failure,118.6,57.0
M,138.16,8.69,47.84,95.52,10.8,105.5,2132.06,0,No Failure,151.0,68.5
L,132.4,7.19,50.88,70.93,14.54,75.26,2156.31,0,No Failure,109.3,53.7
L,192.11,8.77,47.28,96.32,23.56,97.08,2417.74,0,No Failure,177.8,78.0
H,170.34,10.38,54.56,85.7,25.01,95.18,2361.75,0,No Failure,176.7,77.6
M,148.9,9.65,48.51,94.04,32.21,103.33,2555.06,0,No Failure,177.2,77.8
L,147.11,3.754,42.25,87.58,20.79,109.58,2131.63,0,No Failure,175.2,77.1
L,156.92,8.81,32.0,76.07,25.58,99.13,2112.54,0,No Failure,163.4,72.9
H,160.34,13.096,38.92,94.09,24.43,108.67,2435.39,0,No Failure,184.6,80.4
L,160.46,6.59,45.35,100.0,34.67,109.19,2375.82,0,No Failure,157.1,70.6
M,147.5,9.56,33.56,82.34,11.79,113.99,1831.71,0,No Failure,113.6,55.2
M,172.29,8.98,32.0,95.08,23.6,88.81,2321.17,0,No Failure,151.3,68.6
L,157.49,8.35,40.44,96.11,18.26,113.41,2545.8,0,No Failure,171.7,75.8
L,182.11,9.17,37.95,78.78,15.47,79.1,2430.58,0,No Failure,137.6,63.7
L,132.81,8.94,48.58,74.76,24.81,104.21,2252.98,0,No Failure,161.4,72.1
M,168.12,8.85,50.16,78.67,28.27,108.59,2505.7,0,No Failure,199.2,85.6
L,162.3,10.59,48.89,83.46,36.87,114.93,2100.38,0,No Failure,157.9,70.9
M,132.55,6.56,45.21,90.91,19.79,91.57,3513.973,0,No Failure,152.1,68.9
M,174.58,8.5,45.0,86.67,25.2,98.11,1692.43,0,No Failure,172.8,76.2
M,172.88,11.22,55.89,92.19,19.22,116.46,2484.05,0,No Failure,144.1,66.0
L,172.37,8.57,42.07,79.4,25.15,106.09,2480.18,0,No Failure,199.7,85.7
L,171.51,9.4,53.94,88.2,18.22,100.33,2025.7,0,No Failure,169.9,75.2
L,157.01,7.89,40.56,94.17,25.06,101.12,2003.37,0,No Failure,174.7,76.9
L,163.28,7.24,47.8,100.0,26.01,78.6,2522.96,0,No Failure,165.5,73.6
H,152.93,9.92,47.45,98.14,10.7,106.61,2381.91,0,No Failure,158.3,71.0
L,154.39,8.15,49.56,100.0,17.66,83.04,2242.1,0,No Failure,159.1,71.3
M,138.47,8.34,48.21,95.94,31.69,104.23,2178.48,0,No Failure,143.8,65.9
H,166.0,10.35,48.05,94.83,23.58,114.41,2159.07,0,No Failure,168.9,74.8
L,156.39,8.53,60.88,80.72,22.71,113.83,2611.45,0,No Failure,178.6,78.3
M,191.88,11.01,48.94,71.27,34.96,102.44,2440.9,0,No Failure,140.0,64.6
L,162.48,6.62,46.41,77.02,39.39,63.004,2560.49,0,No Failure,130.5,61.2
M,165.26,8.19,49.12,87.25,36.89,122.21,2039.08,0,No Failure,159.5,71.5
H,150.44,8.04,48.99,79.03,31.14,100.49,1898.39,0,No Failure,175.1,77.0
L,162.48,7.76,43.4,74.47,29.07,111.04,2229.65,0,No Failure,177.4,77.8
H,153.44,6.01,48.19,78.57,31.17,97.54,2462.22,0,No Failure,178.2,78.1
H,158.18,7.49,50.19,92.65,19.9,100.88,2125.6,0,No Failure,186.2,81.0
H,148.48,5.35,52.38,89.09,30.92,121.45,2940.83,1,Internal Pump Leakage,11.4,12.1
H,157.33,7.01,44.61,71.16,15.02,91.82,1939.6,0,No Failure,140.5,64.8
M,165.51,8.23,46.45,83.19,39.15,86.88,2311.25,0,No Failure,175.2,77.0
L,171.02,8.19,45.32,97.42,27.27,105.84,2419.22,0,No Failure,190.7,82.5
H,153.12,9.23,53.33,98.66,18.35,109.6,2509.89,0,No Failure,168.6,74.7
M,152.16,9.03,58.71,98.44,26.42,93.23,2651.82,0,No Failure,157.2,70.7
M,172.77,8.61,48.18,78.95,19.91,107.49,2250.36,0,No Failure,195.2,84.1
L,176.03,7.85,44.63,90.35,19.15,126.3,2312.23,0,No Failure,157.5,70.8
M,156.22,9.39,47.79,82.31,25.02,89.71,1383.673,0,No Failure,201.6,86.4
L,164.71,10.35,47.45,85.13,-1.804,100.76,2367.13,0,No Failure,195.7,84.3
H,131.07,9.1,53.92,100.0,23.51,79.88,2332.08,0,No Failure,134.2,62.5
M,172.88,8.34,48.28,77.5,12.43,95.12,2438.67,0,No Failure,187.7,81.5
M,161.7,7.93,43.53,76.8,18.21,101.01,2676.72,0,No Failure,191.4,82.8
M,202.2,7.87,49.35,100.0,29.38,83.18,2729.88,0,No Failure,143.5,65.8
M,149.04,5.48,32.0,82.31,31.01,108.32,2455.04,0,No Failure,139.4,64.4
M,151.71,8.59,56.67,91.58,21.01,108.68,2796.11,0,No Failure,170.1,75.2
L,150.21,9.12,48.59,90.52,16.77,83.54,2660.97,0,No Failure,164.5,73.3
M,171.36,10.74,56.31,82.76,29.69,89.07,2464.995,0,No Failure,139.3,64.3
M,148.67,10.19,50.52,91.86,14.96,87.37,2856.52,0,No Failure,138.0,63.9
L,174.73,9.57,57.93,94.88,25.52,101.54,2517.17,0,No Failure,173.8,76.6
M,154.43,9.0,49.15,86.44,22.54,108.86,2655.2,0,No Failure,200.4,86.0
M,152.72,8.52,54.93,100.0,26.46,126.4,1383.673,0,No Failure,158.4,71.1
L,198.09,10.67,34.28,94.77,17.44,85.73,2550.58,0,No Failure,98.9,50.0
H,173.74,6.0,55.15,65.46,31.58,122.58,2099.18,0,No Failure,106.3,52.6
M,177.76,6.63,46.67,82.34,27.39,98.34,2483.95,0,No Failure,187.2,81.3
H,143.84,9.64,57.04,89.81,31.87,92.91,3004.04,0,No Failure,131.0,61.4
M,167.35,9.58,47.99,99.83,26.75,104.27,2109.26,0,No Failure,174.2,76.7
L,162.48,9.23,52.44,83.16,26.2,107.73,2664.89,0,No Failure,164.8,73.4
M,186.81,9.72,44.21,89.01,36.79,110.19,2642.27,0,No Failure,142.2,65.4
H,145.93,9.44,48.72,86.61,27.38,97.25,2642.38,0,No Failure,187.6,81.4
L,165.91,10.93,51.16,85.03,12.82,109.11,2471.87,0,No Failure,171.5,75.7
M,163.48,9.35,48.21,83.25,12.61,93.12,2698.97,0,No Failure,182.3,79.6
L,135.48,6.25,53.14,71.46,17.93,94.26,2725.96,0,No Failure,129.6,60.9
M,159.65,8.8,47.53,76.55,35.51,105.54,2369.43,0,No Failure,190.6,82.5
M,156.04,8.18,54.19,88.8,32.09,96.82,1982.88,0,No Failure,169.5,75.0
L,181.62,6.88,50.66,82.8,20.08,108.24,2793.14,0,No Failure,167.2,74.2
L,169.43,9.16,53.52,82.21,17.88,86.69,2532.58,0,No Failure,177.3,77.8
H,168.07,8.36,49.67,89.95,25.87,102.23,2746.46,0,No Failure,204.8,87.5
L,170.11,8.87,38.41,81.9,-1.804,114.57,2424.91,0,No Failure,165.1,73.5
M,180.97,8.48,46.51,81.66,8.45,101.81,2703.64,0,No Failure,171.4,75.7
H,167.55,6.91,49.37,85.51,37.17,104.23,2584.51,0,No Failure,180.7,79.0
M,165.99,8.67,49.11,83.98,8.91,77.17,2727.26,0,No Failure,159.2,71.4
M,178.3,11.4,48.37,86.98,21.51,110.42,2454.14,0,No Failure,172.4,76.1
M,126.54,9.83,37.21,77.96,21.75,108.86,2643.98,0,No Failure,136.7,63.4
M,155.5,9.35,38.13,80.74,10.17,122.93,2367.83,0,No Failure,141.7,65.2
L,152.8,7.87,48.58,73.36,8.0,105.88,2273.02,0,No Failure,156.7,70.5
L,160.46,10.02,39.86,94.03,26.05,116.03,2101.83,0,No Failure,151.7,68.7
M,168.25,8.43,47.4,74.9,13.68,95.82,2557.31,0,No Failure,157.8,70.9
H,162.34,7.21,57.61,93.24,26.67,102.11,2341.71,0,No Failure,185.1,80.5
L,155.32,8.68,47.66,86.23,38.94,90.76,2377.08,0,No Failure,179.7,78.6
L,158.89,7.82,44.66,72.02,15.38,119.58,2891.43,0,No Failure,146.5,66.9
L,165.65,10.05,48.14,87.71,26.1,117.96,2042.8,0,No Failure,169.8,75.1
L,158.29,7.31,51.5,64.59,24.08,112.62,2209.13,0,No Failure,166.0,73.8
M,173.0,6.88,49.92,78.84,25.3,78.9,2310.08,0,No Failure,165.1,73.5
M,159.89,8.3,37.56,78.55,29.73,94.67,2491.48,0,No Failure,185.0,80.5
L,171.16,9.32,61.39,91.69,26.56,92.69,2312.86,0,No Failure,161.2,72.1
L,162.39,9.26,48.95,73.73,22.25,100.91,2340.16,0,No Failure,204.9,87.6
L,160.26,6.45,53.83,96.03,34.82,93.03,2319.59,0,No Failure,151.7,68.7
L,173.87,8.69,34.53,68.89,21.39,113.1,2120.09,0,No Failure,140.9,64.9
M,176.08,10.47,36.65,77.1,32.16,98.12,1958.23,0,No Failure,126.9,59.9
M,180.91,8.66,48.29,81.56,26.88,107.57,2358.41,0,No Failure,198.0,85.1
M,163.32,9.35,50.4,87.56,19.83,104.48,2586.68,0,No Failure,202.3,86.6
M,145.77,5.57,42.47,91.05,46.49,108.66,2191.95,1,Proportional Valve Lag,6.6,9.0
L,166.25,9.93,51.45,85.2,20.94,97.75,2584.67,0,No Failure,194.5,83.9
M,154.17,9.28,48.78,61.18,22.07,95.69,2597.12,0,No Failure,171.0,75.6
L,188.39,3.754,43.55,82.26,17.82,96.99,2525.74,0,No Failure,173.8,76.6
M,150.28,9.1,61.31,67.04,17.82,95.21,2623.31,1,Cooler Thermal Breakdown,4.5,20.4
H,155.81,10.13,48.36,85.08,25.08,88.21,2408.18,0,No Failure,192.6,83.2
L,160.22,7.38,44.45,70.87,22.42,113.11,2619.08,0,No Failure,175.5,77.1
L,158.85,9.49,45.12,86.69,36.6,104.29,2291.36,0,No Failure,180.3,78.9
M,146.59,9.41,46.18,78.14,13.84,104.96,2451.73,0,No Failure,178.0,78.0
M,155.66,6.85,53.38,98.27,23.85,91.84,1970.59,0,No Failure,151.4,68.6
H,132.82,8.03,37.95,85.68,13.81,92.6,2086.85,0,No Failure,135.5,63.0
L,160.04,9.59,49.26,80.63,26.09,98.51,1383.673,0,No Failure,210.1,89.4
M,149.41,6.53,37.71,69.87,25.97,124.39,2869.71,1,Internal Pump Leakage,13.2,10.5
H,172.26,7.34,48.19,91.48,30.27,108.42,2622.9,0,No Failure,179.3,78.5
L,151.04,9.29,52.7,86.22,20.88,97.64,2501.11,0,No Failure,194.4,83.9
M,132.62,8.05,48.21,86.03,28.07,98.12,2976.02,0,No Failure,154.5,69.7
M,177.49,8.4,57.52,83.87,19.09,107.93,2451.43,0,No Failure,189.6,82.1
M,182.31,8.61,49.74,99.4,29.81,85.67,2833.76,0,No Failure,143.6,65.9
L,168.48,7.68,56.27,73.65,23.68,92.87,2766.3,0,No Failure,168.5,74.7
M,163.7,7.0,47.89,78.25,28.42,63.004,2687.83,0,No Failure,190.6,82.5
M,188.4,10.0,49.97,86.99,29.73,97.47,1640.28,0,No Failure,135.1,62.9
H,157.9,7.41,53.35,94.13,26.32,105.18,2381.33,0,No Failure,189.5,82.1
L,166.82,5.53,49.84,93.11,29.49,103.14,2652.22,0,No Failure,167.7,74.4
H,140.93,9.33,45.3,69.95,22.57,101.3,1924.08,0,No Failure,154.3,69.7
H,156.67,9.59,49.44,84.69,24.98,119.51,2302.83,0,No Failure,188.7,81.8
L,162.02,7.49,40.96,89.78,20.6,99.28,2714.18,0,No Failure,184.4,80.3
M,136.74,8.69,51.64,88.55,14.3,101.26,1946.45,0,No Failure,156.1,70.3
L,157.02,10.33,38.65,83.62,19.7,63.004,2456.07,0,No Failure,179.8,78.7
H,179.58,6.0,58.87,85.98,28.4,105.66,2523.8,0,No Failure,157.3,70.7
H,167.85,7.0,40.35,100.0,23.97,100.86,2616.84,0,No Failure,170.6,75.4
L,169.55,5.89,41.64,69.98,28.36,84.65,2287.49,0,No Failure,134.5,62.6
M,137.1,7.55,48.21,98.64,30.89,99.87,2634.18,0,No Failure,160.5,71.8
L,165.65,7.99,61.17,78.38,18.93,133.62,2712.71,0,No Failure,136.9,63.5
M,158.55,9.74,44.52,92.98,32.47,96.57,2498.91,0,No Failure,176.3,77.4
M,161.0,6.43,42.36,72.77,8.0,96.97,2483.02,0,No Failure,151.3,68.6
L,176.27,8.89,35.44,86.92,14.22,124.13,2840.48,0,No Failure,125.6,59.5
H,180.88,9.84,45.23,76.04,23.87,96.11,2574.19,0,No Failure,174.8,76.9
M,172.18,8.68,44.77,83.55,25.06,105.27,2260.09,0,No Failure,203.8,87.2
M,152.73,9.63,34.27,119.577,21.67,98.17,1940.85,0,No Failure,152.7,69.1
L,163.07,7.06,48.76,84.74,27.34,93.75,2457.84,0,No Failure,206.3,88.1
M,169.34,8.83,51.65,87.85,13.57,81.2,2416.97,0,No Failure,169.0,74.9
L,207.31,6.98,55.51,93.11,21.43,111.51,2263.81,0,No Failure,131.0,61.4
M,149.01,6.24,48.83,94.48,32.85,95.59,1934.92,0,No Failure,139.4,64.4
M,155.23,10.49,58.78,83.52,28.04,111.66,2571.03,0,No Failure,164.4,73.2
L,145.64,10.43,51.66,88.81,39.37,101.74,2743.08,1,Proportional Valve Lag,9.9,21.6
H,172.63,8.11,38.04,70.81,21.7,95.04,2594.89,0,No Failure,166.4,73.9
M,162.18,10.26,46.41,86.53,24.49,94.85,2508.96,0,No Failure,199.7,85.7
H,170.88,7.03,40.73,99.65,16.55,107.82,2560.27,0,No Failure,151.9,68.8
M,184.55,5.28,52.73,96.57,30.87,85.78,2591.24,0,No Failure,118.3,56.9
L,167.99,9.62,33.55,63.97,20.82,118.78,1855.95,0,No Failure,107.2,53.0
L,146.37,7.1,38.9,96.07,15.06,95.66,1933.58,0,No Failure,124.9,59.2
H,146.29,8.15,40.29,93.25,26.68,89.67,2318.47,0,No Failure,165.3,73.6
L,172.54,9.61,32.0,95.39,16.82,102.25,1978.12,0,No Failure,130.9,61.4
M,170.26,10.24,56.26,78.56,36.21,113.28,2156.76,0,No Failure,137.8,63.8
L,153.0,9.41,73.517,87.03,31.27,99.71,2193.38,0,No Failure,176.4,77.5
L,191.81,12.03,51.92,84.38,25.63,94.5,2219.29,0,No Failure,141.7,65.2
H,182.99,8.61,47.0,76.76,25.01,140.993,2522.85,0,No Failure,195.3,84.2
M,144.77,9.28,51.19,83.78,21.78,98.14,2256.2,0,No Failure,189.9,82.2
L,159.39,9.02,45.58,82.09,18.86,91.37,2181.04,0,No Failure,186.5,81.1
L,152.96,9.07,58.04,81.86,23.61,101.01,2653.99,0,No Failure,190.1,82.3
M,149.14,8.36,52.57,85.31,28.19,101.13,2302.46,0,No Failure,200.9,86.2
L,183.24,9.05,39.72,71.27,24.9,108.54,2637.11,0,No Failure,157.5,70.8
L,155.8,7.77,54.95,72.27,16.51,95.3,2572.17,0,No Failure,168.9,74.8
H,166.44,7.48,53.98,74.28,22.51,81.36,2469.66,0,No Failure,171.3,75.7
M,182.39,4.95,48.33,80.72,23.88,82.35,2572.83,0,No Failure,148.0,67.4
M,161.65,6.31,42.08,69.27,17.76,91.09,2263.42,0,No Failure,149.1,67.8
H,142.37,9.36,58.42,100.0,12.08,115.91,2014.12,0,No Failure,106.9,52.9
L,172.45,7.47,48.58,84.815,32.13,111.62,1913.6,0,No Failure,148.1,67.4
M,161.43,7.2,48.95,89.83,24.81,102.14,2280.14,0,No Failure,207.7,88.6
M,169.53,8.67,47.41,79.66,16.41,81.51,2293.02,0,No Failure,173.9,76.6
M,148.23,8.81,62.17,93.89,20.82,102.81,2829.0,0,No Failure,155.4,70.0
H,135.49,7.73,53.72,97.1,30.78,99.47,2849.23,0,No Failure,142.6,65.5
H,155.58,9.51,50.24,79.59,18.99,109.01,2063.69,0,No Failure,175.6,77.2
M,158.67,5.1,41.56,86.34,18.17,102.57,1800.29,0,No Failure,142.0,65.3
L,151.35,11.57,52.47,100.0,23.11,122.83,2473.01,0,No Failure,136.2,63.2
L,176.66,8.62,49.26,72.65,23.7,95.16,2952.91,0,No Failure,172.5,76.1
M,172.01,12.12,39.72,78.45,17.96,117.38,2702.59,0,No Failure,122.6,58.4
L,162.0,9.18,56.43,67.21,27.5,87.99,2423.72,1,Cooler Thermal Breakdown,4.6,28.9
M,162.18,8.43,46.15,86.91,23.24,109.61,2398.74,0,No Failure,205.3,87.7
M,172.92,5.62,51.22,65.54,13.02,84.13,2334.04,0,No Failure,119.2,57.2
M,158.09,8.16,51.63,85.84,18.44,111.21,1960.5,0,No Failure,179.5,78.6
L,158.87,8.59,48.21,67.49,16.18,84.83,2725.14,0,No Failure,161.2,72.1
L,167.55,5.75,47.59,92.51,16.06,104.04,2365.18,0,No Failure,170.8,75.5
L,148.67,8.25,56.5,75.74,25.0,110.79,2044.82,0,No Failure,165.2,73.5
M,146.82,8.3,50.31,97.63,13.89,105.94,3050.7,0,No Failure,148.2,67.5
H,174.62,8.07,52.83,62.32,26.94,109.65,2444.01,0,No Failure,168.7,74.7
M,170.51,8.41,44.89,91.33,11.07,128.2,2349.32,0,No Failure,151.7,68.7
L,175.19,8.4,35.64,87.13,-1.804,96.38,2363.13,0,No Failure,182.1,79.5
M,127.46,10.74,67.6,77.16,25.7,89.14,2220.66,0,No Failure,103.0,51.5
M,166.63,7.41,44.97,88.48,41.16,99.08,2751.91,0,No Failure,160.8,72.0
H,118.88,9.19,43.41,79.46,8.0,100.55,2192.32,0,No Failure,129.3,60.8
H,150.58,6.95,48.07,91.54,33.53,96.68,2422.73,0,No Failure,175.7,77.2
H,172.44,8.28,55.4,79.89,24.4,94.48,2797.16,0,No Failure,182.2,79.5
L,176.38,5.98,52.57,100.0,15.2,116.85,2537.48,0,No Failure,129.7,60.9
L,186.1,10.51,44.09,78.22,23.12,100.38,2766.39,0,No Failure,158.2,71.0
M,165.16,6.54,45.29,95.46,22.9,115.14,2718.2,0,No Failure,163.1,72.8
M,146.99,7.2,43.42,73.93,10.89,95.34,2050.4,0,No Failure,135.7,63.1
L,169.04,9.44,55.17,83.44,30.63,101.53,2389.02,0,No Failure,191.8,82.9
M,164.34,8.23,42.79,94.34,33.7,103.82,2567.61,0,No Failure,183.2,79.9
L,136.06,8.3,49.18,75.08,24.34,101.84,2586.3,0,No Failure,192.0,83.0
M,181.85,8.78,50.84,75.45,30.06,98.6,2878.01,0,No Failure,163.4,72.9
H,180.87,7.11,40.34,78.89,25.95,86.71,2949.29,0,No Failure,137.7,63.8
H,131.03,7.73,39.82,92.11,40.86,111.89,2468.75,1,Proportional Valve Lag,2.5,15.3
L,165.09,9.31,44.21,87.11,37.73,115.16,2367.96,0,No Failure,167.8,74.4
L,178.1,7.13,39.47,77.92,27.05,134.93,2435.68,0,No Failure,136.3,63.3
L,151.87,7.03,55.48,71.65,23.75,111.32,2215.56,0,No Failure,145.2,66.4
L,143.32,9.19,45.62,84.09,16.74,100.63,2834.37,0,No Failure,173.7,76.5
M,168.33,8.1,50.57,88.15,-1.804,88.07,2178.75,0,No Failure,188.9,81.9
M,134.13,9.3,44.02,86.3,33.69,96.2,1909.88,0,No Failure,139.6,64.4
L,114.92,8.05,53.76,68.01,22.43,103.25,2729.95,0,No Failure,143.6,65.9
L,173.87,9.31,43.4,95.36,23.15,104.86,2283.73,0,No Failure,179.0,78.4
L,146.8,6.49,47.85,100.0,30.01,99.72,2213.33,0,No Failure,155.0,69.9
L,145.85,7.57,49.88,71.68,25.34,105.49,2712.89,0,No Failure,175.6,77.2
M,169.96,10.22,43.46,85.62,32.04,115.95,2580.29,0,No Failure,161.6,72.2
L,155.92,8.15,48.77,73.82,14.88,86.2,2524.34,0,No Failure,175.6,77.2
M,151.45,8.09,49.24,83.79,23.51,105.89,2791.8,0,No Failure,202.7,86.8
M,169.98,7.5,43.6,91.79,10.08,111.02,1383.673,0,No Failure,163.4,72.9
H,165.96,9.13,44.64,86.71,35.39,96.27,2273.3,0,No Failure,179.5,78.6
H,128.09,6.74,51.17,87.64,21.67,106.41,2434.235,0,No Failure,161.3,72.1
H,158.69,7.37,40.5,70.86,25.43,129.52,2406.08,0,No Failure,151.7,68.7
M,149.69,6.95,38.86,91.23,30.06,98.6,1904.05,0,No Failure,141.1,65.0
M,151.06,9.23,54.9,84.12,29.04,116.82,2943.02,0,No Failure,150.9,68.5
M,165.15,8.54,43.12,86.66,19.96,102.94,2443.18,0,No Failure,211.5,89.9
L,155.14,8.63,54.83,87.35,22.68,108.07,2608.79,0,No Failure,195.7,84.3
L,149.15,9.41,38.98,82.69,21.4,117.04,2835.7,0,No Failure,153.8,69.5
L,162.48,8.4,55.34,83.38,35.33,117.02,2510.31,0,No Failure,155.0,69.9
L,181.88,8.5,44.6,85.93,27.53,115.74,2238.34,0,No Failure,174.9,77.0
M,163.12,7.06,48.6,79.06,24.21,98.18,2013.68,0,No Failure,183.6,80.0
L,183.38,8.95,73.517,86.08,19.63,140.993,2131.0,0,No Failure,160.4,71.8
M,156.69,13.02,58.68,84.49,14.32,103.76,2452.99,0,No Failure,172.3,76.0
H,171.85,7.58,57.82,93.98,39.24,102.66,2434.235,0,No Failure,157.2,70.7
H,176.13,7.75,49.68,70.61,23.41,63.004,2576.91,0,No Failure,180.8,79.0
M,183.68,9.56,40.16,82.57,33.61,102.01,2906.97,0,No Failure,147.8,67.3
M,157.47,9.9,51.18,75.72,25.55,103.34,2790.58,0,No Failure,181.6,79.3
M,172.29,8.85,53.72,87.5,16.03,107.98,2363.72,0,No Failure,182.9,79.8
L,136.03,13.096,44.9,80.71,37.44,89.46,2903.05,1,Proportional Valve Lag,5.2,8.7
L,173.15,11.07,49.72,90.2,20.6,128.36,2572.56,0,No Failure,144.4,66.1
L,173.96,7.87,46.01,96.98,21.98,95.77,2674.69,0,No Failure,176.7,77.6
H,163.37,8.51,59.67,83.02,18.54,109.95,2583.26,0,No Failure,187.0,81.2
H,169.19,9.0,50.5,89.51,20.39,102.3,2715.54,0,No Failure,194.8,84.0
M,159.3,7.89,60.76,90.55,24.28,102.97,2392.19,0,No Failure,193.4,83.5
H,147.17,10.6,50.92,99.04,18.85,96.69,3179.54,0,No Failure,124.7,59.2
H,126.92,8.55,52.01,100.0,17.93,103.12,2916.75,0,No Failure,138.8,64.2
L,154.52,8.39,39.17,99.76,16.07,108.04,2374.3,0,No Failure,164.8,73.4
L,197.58,7.88,37.24,78.34,25.71,106.12,2781.8,0,No Failure,144.7,66.2
L,149.41,7.53,47.28,73.7,33.33,94.92,2398.58,0,No Failure,172.1,76.0
L,143.72,7.46,45.27,86.89,35.61,114.27,2214.27,1,Proportional Valve Lag,11.3,24.2
M,144.82,9.68,48.21,88.82,24.47,104.67,1963.48,0,No Failure,173.3,76.4
M,162.98,7.11,39.55,94.77,27.81,96.28,2382.49,0,No Failure,174.3,76.7
L,153.52,7.93,55.94,93.82,13.52,77.57,2731.71,0,No Failure,133.9,62.4
L,153.18,6.09,42.75,85.5,37.8,102.5,2436.45,0,No Failure,165.7,73.7
L,160.84,8.22,36.92,87.35,23.07,92.87,1887.24,0,No Failure,169.0,74.8
H,164.16,7.72,51.08,86.2,18.0,100.47,2677.36,0,No Failure,198.2,85.2
M,134.34,9.01,52.28,96.78,18.96,110.42,2364.05,0,No Failure,156.2,70.3
L,175.81,7.61,45.58,80.9,15.82,97.02,2723.29,0,No Failure,173.1,76.3
L,148.51,8.16,52.02,80.41,33.14,106.45,2556.97,0,No Failure,184.0,80.2
L,162.1,9.36,48.05,78.8,18.41,101.88,2846.6,0,No Failure,191.8,82.9
H,162.99,13.096,57.08,100.0,22.89,117.5,2888.83,0,No Failure,154.0,69.5
M,170.5,6.22,52.68,90.74,31.37,94.7,2302.77,0,No Failure,160.4,71.8
L,184.91,3.754,58.85,68.73,23.78,102.03,2616.5,1,Cooler Thermal Breakdown,11.3,18.4
L,189.53,9.45,52.77,92.03,24.37,89.94,2809.31,0,No Failure,149.0,67.8
M,171.45,7.73,40.03,63.96,25.75,108.43,2562.06,0,No Failure,161.0,72.0
M,179.63,9.79,23.433,77.7,9.43,84.94,2459.56,0,No Failure,146.3,66.8
M,161.47,7.91,58.77,82.07,26.21,98.82,1947.22,0,No Failure,178.9,78.4
L,159.89,7.81,54.52,82.48,21.64,84.2,2431.66,0,No Failure,182.5,79.7
M,172.64,9.61,51.64,86.96,29.27,113.83,2263.83,0,No Failure,172.6,76.1
M,157.85,13.096,48.21,74.89,19.08,89.14,2645.14,0,No Failure,148.0,67.4
M,157.11,7.9,59.27,90.92,16.98,101.05,3513.973,0,No Failure,180.5,78.9
L,138.23,8.27,55.52,85.83,22.7,99.17,2729.73,0,No Failure,179.3,78.5
M,166.28,6.54,51.68,64.39,24.02,109.52,2281.03,0,No Failure,164.0,73.1
M,162.25,7.26,38.2,72.78,9.02,121.52,2364.02,0,No Failure,133.9,62.4
H,153.21,8.4,38.55,74.17,20.91,108.81,2766.26,0,No Failure,167.8,74.4
L,145.17,7.37,56.21,86.53,30.53,113.06,2483.52,0,No Failure,165.6,73.7
M,166.99,7.91,53.96,84.02,28.24,96.54,2473.62,0,No Failure,202.9,86.9
H,157.83,8.05,53.24,79.22,17.28,119.86,2227.04,0,No Failure,170.2,75.3
H,112.56,8.81,50.28,89.63,18.9,106.06,2480.48,0,No Failure,166.5,74.0
H,174.11,8.55,57.04,72.42,30.4,100.4,2877.42,0,No Failure,158.2,71.0
L,147.36,8.08,47.94,81.96,18.15,102.2,2418.15,0,No Failure,205.3,87.7
L,156.07,9.79,50.36,80.89,30.39,112.45,2564.44,0,No Failure,180.6,79.0
M,141.73,7.22,57.72,93.64,22.12,113.47,2334.26,0,No Failure,151.8,68.8
L,171.96,8.37,73.517,66.75,13.14,106.54,1999.28,0,No Failure,144.9,66.3
M,171.2,7.62,40.64,67.1,25.43,96.35,2057.78,0,No Failure,154.2,69.6
H,171.77,5.7,44.53,88.17,32.17,104.44,2643.48,0,No Failure,160.2,71.7
M,136.74,7.32,51.66,79.85,16.16,90.32,2432.53,0,No Failure,161.2,72.1
H,151.77,8.48,38.4,75.45,27.41,109.85,2276.56,0,No Failure,172.0,75.9
M,154.26,8.16,52.29,100.0,27.06,111.56,2515.05,0,No Failure,178.3,78.1
L,167.34,7.82,41.41,79.59,21.16,95.28,2020.91,0,No Failure,174.0,76.6
M,138.21,8.08,50.05,82.2,18.13,140.993,3135.07,0,No Failure,140.7,64.8
M,150.8,6.69,59.95,78.97,11.25,92.63,2412.77,0,No Failure,142.9,65.6
H,178.53,9.32,50.99,100.0,21.03,108.07,2616.51,0,No Failure,164.9,73.4
L,161.3,13.096,37.53,91.64,29.18,93.47,1936.27,0,No Failure,150.4,68.3
L,193.66,8.91,56.54,90.71,31.36,108.03,2939.05,0,No Failure,133.1,62.1
H,160.32,8.45,53.04,99.95,19.44,96.09,2318.64,0,No Failure,183.4,80.0
L,181.68,9.79,48.56,84.5,28.15,104.6,1712.69,0,No Failure,159.2,71.4
L,148.51,6.64,44.84,88.09,21.94,101.59,2296.51,0,No Failure,183.3,79.9
L,165.42,6.87,38.49,82.02,21.89,96.36,2250.35,0,No Failure,176.9,77.7
L,158.14,9.56,59.19,100.0,18.9,124.16,2270.19,0,No Failure,133.4,62.3
L,146.82,9.52,34.86,72.9,27.83,98.48,2142.14,0,No Failure,143.5,65.8
H,168.91,8.43,52.19,92.67,21.23,119.57,2423.92,0,No Failure,184.5,80.4
L,140.02,6.95,48.86,98.52,16.49,100.33,2358.67,0,No Failure,160.7,71.9
M,133.77,7.29,46.22,100.0,24.3,104.79,2526.58,0,No Failure,165.3,73.5
L,165.02,9.7,60.0,86.71,13.39,109.43,2117.15,0,No Failure,151.0,68.5
L,171.17,9.84,39.64,83.88,25.83,68.67,2407.39,0,No Failure,151.2,68.5
M,185.2,10.56,49.21,86.0,22.69,108.89,2672.25,0,No Failure,168.6,74.7
H,160.78,7.58,48.63,92.11,20.58,112.68,3513.973,0,No Failure,157.2,70.7
H,155.81,7.69,56.89,92.55,22.35,129.92,2415.38,0,No Failure,157.6,70.8
L,168.05,8.8,59.07,88.57,30.98,100.86,2007.65,0,No Failure,166.3,73.9
L,162.48,9.01,47.4,66.1,25.46,99.32,2388.01,0,No Failure,181.8,79.4
M,153.83,7.04,45.77,80.54,14.33,126.39,2194.21,0,No Failure,146.2,66.8
L,152.57,6.64,67.17,86.72,23.24,108.86,2223.33,0,No Failure,149.9,68.1
L,166.1,7.13,47.85,68.48,16.48,103.76,1794.03,0,No Failure,151.4,68.6
L,170.6,7.71,35.48,77.07,17.79,107.83,2921.13,0,No Failure,146.7,66.9
M,156.45,7.85,47.75,83.25,20.28,102.43,2248.68,0,No Failure,209.0,89.0
L,133.88,10.01,54.04,70.87,35.22,112.72,2506.1,1,Proportional Valve Lag,3.0,15.3
L,164.64,8.59,51.34,94.3,21.97,115.35,2683.94,0,No Failure,183.2,79.9
M,144.35,8.32,42.89,90.72,32.14,112.91,2444.78,0,No Failure,171.5,75.7
M,157.98,8.53,45.1,75.11,16.71,107.19,1908.86,0,No Failure,169.1,74.9
L,150.98,9.21,46.36,89.24,32.66,114.48,2404.27,0,No Failure,174.5,76.8
H,170.17,8.61,46.55,92.55,21.02,80.18,2266.94,0,No Failure,172.0,75.9
L,156.19,10.63,39.62,100.0,23.75,120.0,2406.94,0,No Failure,131.4,61.5
M,151.42,7.81,44.62,64.11,22.89,106.17,2427.19,0,No Failure,178.5,78.2
H,191.44,11.27,49.96,86.69,26.55,89.18,3114.5,0,No Failure,121.8,58.1
M,183.57,8.42,53.04,70.43,20.51,96.08,2686.67,0,No Failure,164.7,73.3
H,152.93,7.6,38.61,82.23,24.12,102.92,2635.71,0,No Failure,190.0,82.3
H,189.36,8.13,46.9,69.88,19.48,104.3,2429.35,0,No Failure,174.3,76.7
L,152.97,8.01,51.59,58.35,21.98,93.6,3246.29,0,No Failure,131.8,61.7
L,145.71,8.66,40.15,88.87,17.79,98.57,2819.3,0,No Failure,163.8,73.0
M,155.24,8.62,49.03,85.01,23.18,104.82,2344.73,0,No Failure,218.4,92.4
L,171.62,11.11,40.7,76.58,24.2,104.77,2403.95,0,No Failure,169.6,75.1
H,147.3,7.54,48.72,88.98,28.49,112.26,2307.19,0,No Failure,150.7,68.4
M,171.62,9.51,54.35,100.0,16.83,107.27,2615.57,0,No Failure,155.9,70.2
H,127.59,8.69,39.84,77.24,21.15,82.34,2644.68,0,No Failure,136.9,63.5
L,125.41,6.67,53.29,82.12,23.27,93.67,1987.94,0,No Failure,140.0,64.6
H,131.48,7.4,38.49,83.98,23.71,123.77,2106.11,0,No Failure,135.4,62.9
L,162.95,7.03,49.15,95.41,24.43,92.57,2317.27,0,No Failure,188.0,81.6
L,166.18,9.59,44.99,75.2,22.3,106.9,2142.27,0,No Failure,179.7,78.6
M,165.9,7.96,48.85,82.64,-1.804,114.42,1945.94,0,No Failure,176.6,77.5
L,161.04,7.49,50.07,90.97,18.2,102.19,2450.59,0,No Failure,204.9,87.6
L,170.58,9.35,50.47,82.99,16.87,107.17,2209.99,0,No Failure,184.7,80.4
L,151.96,7.85,58.15,93.1,21.41,72.93,2543.46,0,No Failure,146.1,66.7
M,191.67,7.04,52.17,76.85,27.17,94.11,2416.52,0,No Failure,161.4,72.2
L,170.66,8.99,50.23,61.67,39.31,101.96,2702.53,0,No Failure,148.4,67.6
L,152.33,7.17,57.53,73.32,20.75,109.51,2397.28,0,No Failure,165.9,73.8
L,153.55,8.21,45.46,68.27,25.63,95.01,2450.65,0,No Failure,189.1,82.0
L,164.24,9.68,52.54,84.05,30.01,116.47,1896.26,0,No Failure,160.4,71.8
L,165.41,9.59,44.33,72.93,21.23,108.89,2259.41,0,No Failure,176.9,77.6
L,147.05,7.58,54.15,88.78,25.23,116.79,1967.67,0,No Failure,154.8,69.8
L,172.42,4.2,51.4,82.16,31.54,104.35,2909.8,1,Internal Pump Leakage,8.3,20.0
L,172.39,10.54,53.73,75.26,35.34,112.43,2004.78,0,No Failure,128.4,60.5
M,174.6,10.2,39.25,92.22,21.19,100.26,2234.81,0,No Failure,160.4,71.8
M,162.58,8.71,51.06,100.0,25.03,112.31,2708.74,0,No Failure,180.9,79.1
H,155.93,9.0,45.6,87.25,32.71,114.46,2355.9,0,No Failure,180.6,79.0
L,156.38,9.1,42.8,88.13,33.91,109.71,1383.673,0,No Failure,179.5,78.6
M,155.69,10.75,49.66,98.33,28.18,100.75,2501.41,0,No Failure,174.0,76.6
M,160.21,10.71,46.04,92.15,17.29,102.44,2073.84,0,No Failure,157.9,70.9
M,161.32,9.73,46.87,80.49,8.0,106.34,2146.32,0,No Failure,166.7,74.1
H,168.22,9.34,68.65,81.21,20.18,88.32,3058.76,0,No Failure,126.2,59.7
L,168.52,8.14,47.84,80.5,24.47,83.68,2342.33,0,No Failure,195.7,84.3
H,188.64,7.75,40.9,94.05,31.17,92.08,2205.24,0,No Failure,139.6,64.4
M,124.65,8.87,42.54,85.42,21.29,106.85,2369.82,0,No Failure,169.4,75.0
L,189.79,7.33,44.01,96.01,8.0,94.28,2639.23,0,No Failure,126.0,59.6
L,144.48,8.41,51.8,74.29,15.98,97.14,2581.35,0,No Failure,174.5,76.8
L,185.33,7.44,48.85,78.7,19.68,98.48,2107.31,0,No Failure,169.8,75.2
M,143.47,8.88,50.95,84.49,41.26,107.36,2362.87,1,Proportional Valve Lag,11.3,29.3
M,152.77,9.19,47.66,77.78,43.3,118.0,3029.61,0,No Failure,127.8,60.3
M,179.11,9.37,52.29,92.86,27.2,101.37,2544.76,0,No Failure,181.3,79.2
L,154.83,10.43,54.7,100.0,24.88,93.7,2615.49,0,No Failure,156.1,70.3
L,154.72,8.15,48.87,84.815,22.88,104.36,2535.35,0,No Failure,212.9,90.4
M,163.33,9.76,39.78,74.53,31.83,109.55,2292.62,0,No Failure,161.4,72.1
L,158.16,7.75,57.33,97.85,18.54,119.67,2431.66,0,No Failure,136.7,63.4
M,167.59,8.6,47.55,93.82,18.9,106.46,2324.19,0,No Failure,195.1,84.1
M,172.01,6.66,52.48,79.57,23.51,84.32,1981.62,0,No Failure,152.3,68.9
M,169.8,6.93,53.87,79.7,18.32,100.76,2830.96,0,No Failure,169.5,75.0
L,169.38,9.62,32.0,86.17,27.4,89.22,2369.88,0,No Failure,157.3,70.7
H,157.03,7.09,48.95,71.52,26.21,107.49,2092.7,0,No Failure,174.4,76.8
L,168.66,7.87,35.93,94.31,30.26,115.59,2524.72,0,No Failure,155.2,70.0
L,147.36,8.56,45.64,84.34,50.064,97.76,2173.3,0,No Failure,196.8,84.7
L,163.61,7.56,36.59,92.32,14.79,110.77,2655.17,0,No Failure,155.3,70.0
M,156.46,7.61,49.24,85.35,33.01,115.75,2452.74,0,No Failure,188.3,81.7
M,175.3,6.19,44.94,85.2,27.77,103.83,2436.67,0,No Failure,184.6,80.4
L,190.18,6.82,49.18,94.91,24.5,93.03,2308.3,0,No Failure,159.8,71.6
L,137.88,8.61,50.56,81.11,42.55,87.61,2378.92,1,Proportional Valve Lag,6.7,22.8
M,183.84,7.9,58.76,96.13,24.02,124.12,2363.53,0,No Failure,143.4,65.8
L,172.22,10.24,52.64,86.28,26.57,89.57,2386.58,0,No Failure,175.5,77.2
M,140.43,3.754,46.99,81.76,17.01,105.82,2220.13,0,No Failure,177.0,77.7
L,155.77,9.23,59.39,83.5,20.74,82.52,2007.73,0,No Failure,151.0,68.5
L,165.59,9.28,51.81,73.64,22.8,140.993,2533.07,0,No Failure,189.5,82.1
M,151.82,7.3,54.03,97.65,28.41,69.94,3000.65,0,No Failure,113.2,55.1
L,160.81,9.65,58.76,80.09,14.31,105.47,2376.36,0,No Failure,173.0,76.3
M,182.22,8.78,52.41,88.75,26.63,97.46,2505.95,0,No Failure,188.1,81.6
M,159.85,8.81,40.54,74.43,34.9,94.82,2719.8,0,No Failure,161.2,72.1
H,163.22,10.65,35.05,76.85,22.22,97.51,2210.23,0,No Failure,157.3,70.7
L,152.72,10.33,48.78,73.66,10.38,96.36,2828.88,0,No Failure,144.2,66.1
M,167.17,8.55,51.68,98.16,13.97,106.28,2494.95,0,No Failure,180.0,78.7
L,152.48,8.86,39.02,76.08,37.63,93.05,2521.2,0,No Failure,154.8,69.8
L,169.63,9.94,47.03,79.07,27.19,84.82,2523.76,0,No Failure,175.2,77.1
L,162.81,8.19,37.65,100.0,25.09,112.27,2902.62,0,No Failure,155.7,70.1
L,170.63,8.08,42.57,85.49,26.62,96.1,3024.39,0,No Failure,174.6,76.8
M,165.68,8.19,46.97,79.29,34.69,98.51,2745.37,0,No Failure,185.6,80.7
L,163.86,9.77,73.517,83.61,20.03,100.25,2171.39,0,No Failure,198.5,85.3
H,149.08,7.16,49.29,83.72,33.7,104.71,2421.28,0,No Failure,189.1,82.0
M,168.95,10.28,73.517,96.19,31.67,102.32,2371.83,0,No Failure,170.8,75.5
H,155.32,7.65,43.63,87.04,31.08,103.03,2241.92,0,No Failure,186.7,81.1
L,159.94,8.75,35.94,119.577,22.8,107.04,2038.0,0,No Failure,179.9,78.7
M,174.58,8.59,44.55,93.22,26.04,108.33,2313.59,0,No Failure,186.2,80.9
M,166.26,7.26,53.32,75.56,28.88,88.76,2310.65,0,No Failure,169.5,75.0
H,150.23,8.87,41.08,93.12,30.1,105.39,2154.67,0,No Failure,165.5,73.6
M,178.88,7.26,32.2,73.04,33.25,108.72,3513.973,0,No Failure,117.1,56.5
M,182.17,9.79,54.97,88.18,30.33,107.5,3241.44,0,No Failure,130.2,61.1
H,167.24,7.99,50.86,80.22,29.78,118.21,2009.01,0,No Failure,168.2,74.6
H,180.81,6.23,53.34,82.49,19.6,106.19,2507.88,0,No Failure,170.4,75.4
L,156.97,8.33,54.24,87.11,22.06,101.07,2866.08,0,No Failure,193.7,83.6
M,143.46,4.94,53.94,77.45,26.31,119.85,2778.56,1,Internal Pump Leakage,9.7,13.5
L,167.49,8.64,44.87,100.0,30.72,124.86,2381.96,0,No Failure,157.2,70.7
L,177.52,8.57,38.77,87.31,17.05,97.86,2283.66,0,No Failure,172.3,76.0
L,171.31,8.41,53.21,86.03,30.74,98.06,2899.04,0,No Failure,179.3,78.5
M,142.6,7.79,36.6,81.5,40.86,120.2,2429.49,1,Proportional Valve Lag,10.7,16.5
M,182.75,9.29,45.49,88.72,27.06,88.64,2356.73,0,No Failure,170.5,75.4
L,149.52,6.52,62.55,88.54,20.69,108.78,2415.3,0,No Failure,156.6,70.5
H,152.13,7.09,58.66,82.26,26.65,85.73,3157.24,0,No Failure,134.8,62.7
L,142.9,8.4,64.67,85.82,25.32,91.01,2574.26,0,No Failure,154.3,69.6
M,182.22,8.43,45.89,81.05,27.18,95.89,2286.42,0,No Failure,164.2,73.2
L,143.47,8.56,48.52,79.91,31.01,89.34,2584.56,0,No Failure,178.8,78.3
L,155.01,8.44,50.75,87.65,24.26,94.05,1880.31,0,No Failure,185.6,80.7
M,176.94,7.42,43.75,73.9,33.28,89.71,2693.15,0,No Failure,146.3,66.8
L,135.96,8.2,43.3,74.75,23.38,97.06,2277.32,0,No Failure,173.1,76.3
L,154.23,6.14,41.72,76.43,22.6,111.45,2227.7,0,No Failure,159.0,71.3
M,145.86,6.49,36.6,100.0,28.55,114.52,2270.33,0,No Failure,124.1,59.0
H,170.67,7.53,42.15,81.27,27.46,107.21,2168.39,0,No Failure,179.2,78.5
M,159.7,7.33,49.6,81.8,36.38,109.56,2164.76,0,No Failure,174.6,76.8
L,187.01,6.75,48.13,100.0,26.16,92.4,2711.53,0,No Failure,145.8,66.6
H,152.36,8.02,55.08,79.19,11.18,118.79,2523.71,0,No Failure,157.5,70.8
L,176.16,8.15,59.18,89.92,31.73,106.31,2406.52,0,No Failure,171.2,75.6
H,168.76,6.47,49.72,81.87,27.61,105.0,2715.68,0,No Failure,184.4,80.3
M,131.33,7.55,45.55,67.8,27.76,84.34,2542.07,0,No Failure,138.1,63.9
L,153.06,6.48,50.33,88.44,25.92,140.993,2221.29,0,No Failure,175.4,77.1
L,158.06,8.4,46.23,49.175,39.98,100.15,2736.23,0,No Failure,182.8,79.7
L,167.69,4.88,57.06,72.31,23.6,90.23,2343.35,0,No Failure,142.7,65.6
L,181.07,8.65,45.11,97.12,15.54,82.39,1905.05,0,No Failure,126.5,59.8
M,168.77,7.54,53.53,80.54,14.89,63.004,2542.67,0,No Failure,185.9,80.9
M,175.13,8.72,51.65,100.0,26.97,90.73,2645.49,0,No Failure,165.4,73.6
L,162.75,9.94,51.79,87.73,33.9,94.98,2589.67,0,No Failure,176.8,77.6
M,167.14,8.49,42.12,77.73,24.21,108.16,2365.09,0,No Failure,194.4,83.8
M,161.27,10.18,43.71,78.72,32.01,103.59,2222.57,0,No Failure,175.2,77.1
L,152.45,7.8,58.54,79.15,22.66,87.06,2687.85,0,No Failure,164.6,73.3
M,167.92,8.67,54.99,72.67,19.61,111.29,2828.62,0,No Failure,164.0,73.1
H,139.26,8.65,53.9,96.78,20.35,116.7,2115.76,0,No Failure,144.6,66.2
M,165.53,6.69,56.15,100.0,20.1,113.22,2564.98,0,No Failure,153.1,69.2
H,169.63,8.45,48.73,72.76,24.24,87.57,2174.5,0,No Failure,183.8,80.1
M,167.92,8.6,53.45,83.21,31.86,82.35,2557.77,0,No Failure,176.4,77.5
L,161.0,6.83,45.58,79.96,26.92,90.61,2516.84,0,No Failure,187.8,81.5
L,179.11,9.93,51.23,77.79,20.44,109.02,2226.12,0,No Failure,166.5,74.0
L,176.05,8.66,51.83,69.06,20.86,112.79,2355.93,0,No Failure,171.3,75.7
L,160.89,8.17,62.81,97.7,30.7,106.56,2210.96,0,No Failure,158.1,71.0
H,161.74,8.65,49.73,78.67,19.61,93.92,2468.59,0,No Failure,207.6,88.5
M,168.93,9.38,48.91,89.1,15.81,93.72,2288.33,0,No Failure,181.2,79.2
L,180.51,7.74,44.97,81.19,31.78,94.3,2475.94,0,No Failure,178.1,78.1
M,168.09,9.03,53.36,99.74,19.54,106.76,2342.43,0,No Failure,175.3,77.1
M,160.53,8.43,40.03,84.51,22.96,90.91,2196.24,0,No Failure,186.2,81.0
H,168.19,7.58,51.1,85.92,29.66,106.07,1967.61,0,No Failure,178.6,78.2
M,186.76,8.11,39.31,75.29,21.55,108.41,2500.67,0,No Failure,166.6,74.0
L,146.41,9.91,40.33,66.99,30.29,88.15,2622.66,0,No Failure,130.3,61.2
M,180.77,10.45,46.48,86.32,27.23,93.86,2697.97,0,No Failure,164.6,73.3
L,164.21,8.49,49.31,83.93,26.28,108.58,2102.94,0,No Failure,206.2,88.0
H,175.0,8.41,58.57,98.13,39.63,89.37,2483.51,0,No Failure,139.3,64.3
L,165.38,7.39,56.81,85.35,26.45,97.72,2465.71,0,No Failure,196.6,84.6
L,147.54,10.84,51.29,75.57,34.16,90.92,2402.87,0,No Failure,146.9,67.0
L,173.27,9.63,33.47,91.12,27.8,100.92,2006.58,0,No Failure,145.8,66.7
M,173.29,3.754,73.517,70.63,23.09,106.1,2553.1,0,No Failure,164.7,73.3
M,164.71,8.0,43.26,88.79,23.6,107.5,3159.3,0,No Failure,174.5,76.8
L,162.1,9.01,60.04,76.84,8.0,87.03,2061.61,0,No Failure,132.3,61.9
H,167.79,8.74,55.68,74.47,29.37,102.9,2641.14,0,No Failure,182.1,79.5
L,180.38,9.63,52.37,90.28,20.85,103.88,2476.65,0,No Failure,182.6,79.7
L,148.75,8.23,46.07,83.16,17.7,105.85,2830.32,0,No Failure,184.3,80.3
L,160.47,6.24,44.06,85.87,19.07,120.23,2658.85,0,No Failure,162.1,72.4
M,156.17,7.38,40.28,81.21,13.14,71.53,2290.11,0,No Failure,136.7,63.4
L,192.87,7.92,49.14,96.64,27.05,91.94,2390.83,0,No Failure,164.0,73.1
L,181.53,9.17,47.21,85.97,21.91,88.29,2825.98,0,No Failure,168.5,74.7
L,212.584,9.35,47.15,76.0,20.98,82.82,2369.74,0,No Failure,171.5,75.7
M,168.45,9.99,56.59,92.37,27.76,93.06,3010.33,0,No Failure,143.7,65.9
H,153.39,7.71,49.71,68.87,25.57,100.45,2667.24,0,No Failure,184.8,80.5
L,146.02,9.19,52.13,78.03,16.74,107.43,2381.97,0,No Failure,176.3,77.4
L,111.833,9.73,42.34,82.88,23.75,106.54,2581.08,0,No Failure,165.8,73.7
L,158.41,8.0,51.01,94.95,13.26,113.97,2463.68,0,No Failure,175.3,77.1
M,171.85,10.56,55.85,87.61,19.94,107.34,2606.37,0,No Failure,165.8,73.7
M,170.31,9.66,55.92,85.29,34.16,114.32,2839.6,0,No Failure,148.5,67.6
L,187.95,7.83,52.59,80.39,30.57,117.33,2459.64,0,No Failure,163.0,72.7
H,170.38,8.92,47.89,71.21,38.67,107.53,2586.93,0,No Failure,165.3,73.6
L,175.15,8.47,50.13,86.44,23.75,112.33,2319.68,0,No Failure,196.4,84.6
H,143.7,8.63,44.02,86.47,31.46,83.85,2615.58,0,No Failure,162.4,72.5
L,163.08,8.44,51.89,69.75,-1.804,109.05,2288.56,0,No Failure,191.3,82.8
H,167.27,7.38,33.74,80.97,37.46,97.2,2012.82,0,No Failure,137.6,63.7
L,151.59,9.17,57.67,85.15,15.19,74.46,2726.16,0,No Failure,137.3,63.6
L,165.0,8.48,47.63,68.23,19.67,98.91,3513.973,0,No Failure,184.1,80.2
L,160.44,9.88,50.28,81.85,26.99,109.22,1742.55,0,No Failure,168.0,74.5
H,171.22,8.69,49.0,97.75,19.58,122.52,2758.86,0,No Failure,158.5,71.1
L,132.06,6.79,52.79,92.0,17.97,113.99,1966.13,0,No Failure,124.2,59.0
H,158.18,10.84,58.8,89.98,30.04,95.87,2276.41,0,No Failure,153.8,69.5
L,130.3,10.1,43.42,86.31,33.22,107.75,2490.0,0,No Failure,150.8,68.4
M,172.37,8.54,49.78,69.86,12.55,104.37,2194.96,0,No Failure,168.6,74.7
L,166.74,7.84,52.14,80.65,36.86,97.6,2431.66,0,No Failure,186.0,80.9
M,164.64,9.45,40.9,65.38,29.97,89.45,3022.87,0,No Failure,130.1,61.1
H,111.833,6.06,46.98,68.02,20.43,91.94,2406.37,0,No Failure,156.8,70.5
M,163.89,7.27,44.26,81.48,28.44,94.21,2204.07,0,No Failure,184.2,80.2
M,198.96,6.83,32.25,75.62,24.21,101.0,2501.21,0,No Failure,97.5,49.5
L,152.55,8.59,44.94,78.84,34.23,102.26,2414.03,0,No Failure,192.6,83.2
H,170.9,6.18,44.43,79.91,21.56,94.69,2790.93,1,Internal Pump Leakage,6.7,28.0
L,179.81,9.07,47.7,95.72,31.63,103.57,1963.91,0,No Failure,157.5,70.8
M,152.47,6.38,56.37,85.2,29.16,96.67,2548.94,0,No Failure,170.6,75.4
L,159.81,8.07,51.06,82.81,17.71,74.03,1686.93,0,No Failure,144.6,66.2
M,156.48,8.85,44.39,86.1,10.79,83.02,2909.48,0,No Failure,148.0,67.4
H,184.78,6.41,45.02,75.97,12.22,111.99,2401.0,0,No Failure,140.8,64.9
L,158.07,9.56,48.62,89.2,8.0,98.62,2467.82,0,No Failure,180.6,79.0
M,144.7,6.89,47.26,74.31,24.21,105.69,2499.99,0,No Failure,177.0,77.7
L,157.97,9.78,42.19,94.73,31.46,83.53,2693.66,0,No Failure,144.5,66.2
L,162.22,7.53,50.77,84.815,27.4,107.4,2028.54,0,No Failure,182.7,79.7
L,155.18,7.15,49.35,91.42,14.44,107.64,2358.76,0,No Failure,178.2,78.1
H,170.76,10.36,38.99,79.97,19.0,102.395,2262.72,0,No Failure,156.4,70.4
H,120.45,7.58,52.83,69.56,14.59,63.004,2559.41,0,No Failure,136.1,63.2
L,171.82,8.37,53.95,84.01,-1.804,110.15,2313.59,0,No Failure,194.7,83.9
L,177.01,9.37,55.95,92.56,14.44,131.81,2262.35,0,No Failure,123.4,58.7
L,145.99,8.45,45.49,91.77,16.95,103.56,2519.74,0,No Failure,187.8,81.5
L,212.584,5.87,45.29,73.6,25.45,103.64,2524.99,0,No Failure,176.4,77.5
L,152.69,8.45,60.21,52.17,27.98,103.98,2742.7,0,No Failure,173.6,76.5
H,162.99,5.99,54.75,76.15,17.66,91.71,2736.55,0,No Failure,151.2,68.5
L,170.04,7.41,47.34,100.0,27.13,105.52,2525.96,0,No Failure,182.3,79.6
M,173.7,6.31,52.15,117.38,30.42,110.02,3035.14,1,Internal Pump Leakage,13.8,18.9
L,168.49,9.39,46.18,82.11,20.62,102.03,1962.81,0,No Failure,164.3,73.2
L,172.89,6.67,55.11,95.5,21.62,101.02,2406.89,0,No Failure,173.4,76.4
M,149.5,9.39,52.24,83.01,20.81,81.44,2478.01,0,No Failure,175.3,77.1
H,178.7,8.45,45.81,99.32,21.04,97.98,2362.69,0,No Failure,172.8,76.2
H,136.5,13.096,48.99,73.67,22.9,106.97,2615.95,0,No Failure,182.4,79.6
M,158.12,9.81,47.66,93.77,27.01,101.36,2482.77,0,No Failure,197.5,84.9
L,161.27,8.04,48.26,78.31,18.28,95.01,2591.26,0,No Failure,200.5,86.0
L,139.17,9.12,61.97,119.28,17.43,101.04,2787.36,0,No Failure,137.7,63.8
H,147.74,10.5,46.18,49.175,33.68,110.11,1858.0,0,No Failure,138.4,64.0
L,178.7,8.75,23.433,100.0,27.16,107.55,2223.4,0,No Failure,167.2,74.2
M,153.08,8.31,49.42,100.0,20.14,103.97,2392.09,0,No Failure,192.8,83.3
H,169.35,8.76,40.28,76.39,42.39,115.7,2160.67,0,No Failure,135.6,63.0
M,149.5,8.98,35.52,98.59,26.89,94.67,2475.29,0,No Failure,158.6,71.2
M,135.09,6.77,37.07,66.14,22.46,101.78,2517.92,0,No Failure,141.2,65.0
M,150.84,8.09,62.72,83.32,31.27,126.07,2330.11,0,No Failure,146.6,66.9
M,149.88,7.7,48.4,74.86,20.05,102.56,2537.91,0,No Failure,195.0,84.1
M,161.9,9.97,50.84,71.19,17.4,90.59,2498.56,0,No Failure,171.0,75.6
M,148.97,7.34,52.26,75.92,27.45,86.75,2086.68,0,No Failure,154.1,69.6
H,155.0,8.98,49.8,72.73,31.03,105.21,2250.49,0,No Failure,181.3,79.2
M,181.8,10.04,53.32,73.96,26.02,114.7,2689.51,0,No Failure,148.1,67.4
M,143.81,5.78,53.58,91.54,21.36,107.79,2532.69,0,No Failure,157.3,70.7
H,158.4,9.98,52.56,59.26,24.48,78.35,2468.75,0,No Failure,144.7,66.2
M,173.56,9.04,56.78,77.4,15.25,90.44,2212.38,0,No Failure,153.4,69.3
L,156.14,7.14,51.8,79.86,12.25,110.53,1998.14,0,No Failure,153.9,69.5
H,173.23,9.93,49.73,78.2,29.34,96.21,2315.63,0,No Failure,178.3,78.1
L,165.07,8.0,61.45,109.09,11.64,95.56,2577.49,1,Cooler Thermal Breakdown,2.6,19.3
M,157.29,7.93,50.55,100.0,24.3,102.08,1879.82,0,No Failure,175.6,77.2
L,165.7,8.94,47.86,99.7,29.72,93.73,1949.63,0,No Failure,161.8,72.3
M,165.72,7.41,56.35,81.55,22.84,112.01,2559.52,0,No Failure,186.6,81.1
M,165.47,7.85,55.09,89.11,24.72,111.64,2258.7,0,No Failure,187.7,81.5
M,163.36,8.37,47.78,88.72,19.31,108.82,2556.43,0,No Failure,207.7,88.6
M,151.8,7.12,48.23,85.04,19.8,91.78,2447.07,0,No Failure,193.6,83.6
L,178.21,9.38,52.98,75.39,30.12,106.05,2939.83,0,No Failure,152.4,69.0
L,157.44,8.76,41.88,100.0,12.92,105.07,2267.67,0,No Failure,161.7,72.3
L,158.27,9.29,41.54,62.33,26.96,108.86,2450.52,0,No Failure,167.4,74.3
M,141.98,8.63,37.28,69.77,34.11,96.65,2380.77,0,No Failure,145.6,66.6
M,171.0,8.82,37.87,85.43,17.77,83.94,2634.27,0,No Failure,160.2,71.7
L,163.64,9.98,53.29,91.42,28.0,102.03,1909.55,0,No Failure,163.8,73.0
L,185.91,8.72,60.05,79.72,19.69,117.4,2335.76,0,No Failure,150.9,68.5
L,155.26,11.11,38.44,87.65,10.79,114.05,2773.46,0,No Failure,123.8,58.8
M,162.7,7.69,54.11,80.93,27.16,114.26,2155.66,0,No Failure,180.8,79.0
M,145.69,7.46,58.84,99.71,35.41,89.8,2508.36,1,Proportional Valve Lag,11.3,16.4
L,178.86,8.86,45.31,91.74,17.67,104.05,2669.73,0,No Failure,176.0,77.3
H,157.7,8.1,39.46,96.11,27.53,106.1,2182.82,0,No Failure,172.4,76.1
H,172.99,8.91,50.81,93.06,8.0,114.72,2544.37,0,No Failure,155.3,70.0
L,111.833,6.94,38.51,93.49,23.75,97.25,2865.24,0,No Failure,134.0,62.4
L,157.72,8.62,43.9,73.08,15.93,103.45,2497.94,0,No Failure,189.0,81.9
M,169.95,3.754,56.1,100.0,19.74,111.22,1908.38,0,No Failure,146.9,67.0
M,170.8,4.62,61.91,99.25,14.7,100.55,2434.07,0,No Failure,122.2,58.3
L,176.84,6.98,44.9,100.0,14.0,106.8,2526.89,0,No Failure,151.5,68.6
H,169.28,8.5,54.81,69.94,29.44,97.09,2304.33,0,No Failure,175.4,77.1
H,170.61,7.36,53.65,79.45,30.45,95.53,2381.28,0,No Failure,180.0,78.8
L,165.05,8.51,50.94,71.65,29.49,92.65,2336.35,0,No Failure,185.6,80.7
L,164.72,9.03,62.51,74.14,25.27,83.88,2413.97,0,No Failure,161.5,72.2
H,145.61,7.94,52.6,98.43,38.71,108.88,2300.45,1,Proportional Valve Lag,11.1,21.8
H,143.56,7.19,46.96,86.98,16.88,90.36,2497.1,0,No Failure,171.4,75.7
L,178.56,7.06,49.82,66.7,26.58,99.7,2281.1,0,No Failure,166.3,73.9
L,163.9,9.29,36.07,88.27,15.93,103.08,2830.23,0,No Failure,162.8,72.6
M,182.0,6.32,53.45,78.04,22.52,102.7,2316.67,0,No Failure,169.9,75.2
H,111.833,9.23,53.55,49.175,26.52,113.16,2260.13,0,No Failure,182.0,79.5
M,187.83,10.44,48.15,76.95,24.81,119.52,2222.7,0,No Failure,148.1,67.5
M,160.77,8.67,49.0,95.25,19.21,91.94,2672.89,0,No Failure,186.4,81.0
H,183.11,7.3,56.66,74.21,28.88,116.9,2192.65,0,No Failure,137.1,63.6
M,176.34,7.03,55.69,87.49,17.93,109.55,2385.6,0,No Failure,167.9,74.5
M,162.48,9.79,47.5,83.31,21.03,115.99,2437.45,0,No Failure,198.2,85.2
H,172.08,7.59,46.21,96.43,10.35,89.39,2218.01,0,No Failure,146.3,66.8
H,212.584,9.78,39.95,100.0,20.12,100.29,2718.47,0,No Failure,153.8,69.5
M,151.42,7.11,44.98,94.43,23.74,115.08,2246.29,0,No Failure,167.5,74.3
L,140.7,7.76,50.93,96.33,23.69,102.03,2854.33,0,No Failure,161.7,72.3
L,212.584,8.26,46.18,86.61,16.52,93.73,2054.29,0,No Failure,182.2,79.5
M,157.11,9.31,48.71,67.72,24.44,102.44,2762.82,0,No Failure,176.3,77.4
M,184.3,8.84,50.72,82.23,24.21,94.88,2560.67,0,No Failure,191.8,82.9
M,166.31,10.87,46.23,77.21,19.26,81.44,2652.21,0,No Failure,151.1,68.5
L,169.15,5.89,44.13,92.65,24.21,98.69,2431.78,0,No Failure,179.8,78.7
L,169.8,7.25,39.73,75.85,50.064,109.3,2712.77,0,No Failure,163.3,72.8
L,158.97,6.97,55.3,95.34,29.05,90.75,2690.41,0,No Failure,156.8,70.5
M,170.15,8.85,53.19,82.77,30.31,98.76,2102.78,0,No Failure,183.5,80.0
M,171.69,6.03,50.1,92.31,25.1,102.56,2055.64,0,No Failure,168.9,74.8
L,154.34,8.12,46.12,100.0,14.67,85.53,2775.32,0,No Failure,147.9,67.4
H,161.03,8.51,43.94,73.14,32.27,85.3,2127.72,0,No Failure,161.2,72.1
M,170.44,8.53,32.53,78.62,32.75,111.63,3034.06,0,No Failure,134.1,62.5
L,185.1,9.51,42.0,74.81,12.33,96.18,1899.76,0,No Failure,123.8,58.9
H,172.68,8.78,53.6,77.2,38.09,107.85,2072.68,0,No Failure,153.4,69.3
L,151.36,6.76,45.94,98.8,11.85,109.87,2794.14,0,No Failure,136.5,63.3
L,149.18,9.33,47.81,93.81,15.05,88.21,2514.65,0,No Failure,164.8,73.4
H,160.27,6.62,57.18,69.89,27.82,102.395,2302.6,1,Cooler Thermal Breakdown,2.8,24.9
H,157.83,6.63,39.6,82.24,12.84,104.01,2379.43,0,No Failure,169.6,75.1
L,138.75,10.44,51.91,70.68,23.85,118.58,2876.66,0,No Failure,128.5,60.5
H,177.79,8.65,40.99,75.94,19.5,111.48,2446.24,0,No Failure,174.6,76.8
L,178.62,9.4,62.02,74.42,19.59,110.11,2318.51,0,No Failure,147.4,67.2
M,160.95,6.96,37.1,88.11,24.97,105.13,2353.34,0,No Failure,184.6,80.4
L,185.23,7.87,54.32,94.07,27.31,94.27,2300.21,0,No Failure,162.4,72.5
L,157.26,7.74,45.36,98.59,20.74,108.73,2135.54,0,No Failure,171.5,75.7
M,157.44,7.58,55.33,76.41,27.39,81.19,2498.36,0,No Failure,167.5,74.3
L,156.12,7.87,63.12,77.28,8.0,100.21,2161.19,0,No Failure,143.1,65.7
L,158.56,8.85,67.03,81.61,21.22,91.01,2134.11,0,No Failure,157.1,70.6
H,195.2,6.98,41.36,99.13,22.03,118.32,2707.21,0,No Failure,120.0,57.5
L,148.41,9.09,43.5,90.25,19.47,103.32,2429.94,0,No Failure,189.1,82.0
M,159.8,8.02,37.43,75.53,32.79,99.95,2857.55,0,No Failure,160.7,71.9
L,170.07,6.54,36.4,86.04,19.74,122.65,2047.98,0,No Failure,132.2,61.8
M,151.88,9.31,53.64,83.96,23.4,89.03,2220.81,0,No Failure,181.9,79.4
L,168.66,6.73,46.21,77.44,26.17,112.73,3049.47,0,No Failure,155.9,70.2
M,150.91,8.74,43.76,87.83,19.73,140.993,2126.44,0,No Failure,179.1,78.4
M,173.74,7.53,60.55,88.21,45.19,95.32,2586.64,0,No Failure,133.8,62.4
L,186.13,8.85,46.94,78.81,15.7,95.01,2145.37,0,No Failure,162.0,72.4
L,155.97,6.88,48.31,79.62,19.77,104.07,2316.51,0,No Failure,194.4,83.9
L,192.95,8.82,43.34,77.37,22.04,93.91,2739.03,0,No Failure,157.8,70.9
M,155.55,7.2,41.56,70.71,8.5,83.36,2344.77,0,No Failure,130.1,61.1
H,135.91,7.1,55.1,94.49,15.97,96.71,2338.72,0,No Failure,145.2,66.4
M,138.65,8.33,50.81,91.76,19.51,109.95,2459.01,0,No Failure,181.6,79.3
L,191.25,7.35,62.85,88.15,24.82,104.6,1960.63,0,No Failure,137.4,63.7
L,172.82,8.16,59.04,85.41,30.17,109.63,2749.96,0,No Failure,168.1,74.5
M,150.09,7.28,61.95,73.61,11.77,100.53,2454.43,0,No Failure,149.1,67.8
M,159.92,11.26,47.52,91.46,37.05,125.73,2858.65,0,No Failure,121.3,58.0
L,163.04,10.48,45.66,74.03,39.53,103.93,2623.16,0,No Failure,156.7,70.5
M,171.84,6.71,43.3,87.74,25.0,92.57,2452.06,0,No Failure,182.9,79.8
M,183.42,8.01,52.02,75.32,22.65,107.1,2398.19,0,No Failure,183.9,80.1
M,153.11,9.32,40.59,75.73,30.47,114.19,2675.2,0,No Failure,155.5,70.1
L,123.62,9.43,46.97,80.19,15.43,97.47,2722.21,0,No Failure,148.1,67.4
H,165.24,8.86,53.72,75.43,22.14,105.23,2524.41,0,No Failure,198.0,85.1
M,168.01,7.88,50.35,93.94,25.79,110.01,2245.24,0,No Failure,187.4,81.4
L,163.49,8.72,40.9,91.29,34.14,85.71,2221.43,0,No Failure,158.8,71.3
L,155.95,7.97,46.78,62.44,23.64,100.02,1941.54,0,No Failure,167.8,74.4
M,150.73,8.41,39.48,78.71,32.62,104.94,2269.6,0,No Failure,174.4,76.8
L,178.25,6.38,47.42,84.53,24.85,110.97,2371.16,0,No Failure,183.3,79.9
L,172.42,9.08,53.89,97.62,12.62,93.69,1865.74,0,No Failure,132.4,61.9
H,166.11,8.25,56.65,79.4,24.89,116.67,2288.17,0,No Failure,183.7,80.1
M,165.74,8.02,49.97,79.16,28.58,106.85,2667.5,0,No Failure,197.3,84.9
L,156.68,7.78,58.22,93.25,32.46,88.98,3124.59,0,No Failure,131.1,61.4
M,111.833,8.91,44.29,92.42,21.64,104.74,2548.53,0,No Failure,196.8,84.7
M,165.86,9.87,45.3,84.12,19.42,74.16,2506.4,0,No Failure,154.8,69.8
M,186.28,8.52,49.98,85.04,23.3,114.82,2232.3,0,No Failure,182.8,79.8
L,159.11,8.29,51.01,49.175,18.55,108.82,2347.2,0,No Failure,202.8,86.8
L,154.9,8.02,50.33,75.56,25.2,94.44,2666.21,0,No Failure,191.2,82.7
H,166.56,6.25,44.31,95.6,15.43,98.07,2079.4,0,No Failure,148.9,67.7
L,155.1,6.92,35.1,80.82,20.85,98.29,2281.38,0,No Failure,167.4,74.3
L,161.65,9.05,53.88,73.56,18.36,117.25,2068.0,0,No Failure,159.0,71.3
L,178.98,6.69,58.5,99.32,19.31,127.02,2357.43,0,No Failure,118.5,57.0
L,159.9,5.91,50.92,78.61,30.5,86.93,2245.14,0,No Failure,158.2,71.0
H,125.08,7.27,50.2,91.08,18.84,102.33,2419.15,0,No Failure,166.6,74.0
L,169.69,7.32,42.04,85.94,13.3,94.85,2197.01,0,No Failure,164.0,73.1
L,174.61,8.21,41.42,92.47,39.76,102.65,2408.73,0,No Failure,166.3,73.9
M,181.99,8.52,49.51,96.48,25.64,95.15,2647.19,0,No Failure,178.1,78.1
H,164.36,9.96,47.88,89.55,31.57,96.8,2182.4,0,No Failure,178.4,78.2
L,149.76,8.85,42.09,82.03,21.4,80.22,2651.29,0,No Failure,165.9,73.8
H,170.49,7.73,41.13,85.28,18.97,107.0,2564.66,0,No Failure,186.6,81.1
M,164.43,3.754,58.63,79.57,31.83,86.92,2433.92,0,No Failure,169.7,75.1
M,162.29,8.38,53.24,87.2,17.87,103.15,2266.98,0,No Failure,203.5,87.1
M,160.47,7.64,43.15,83.17,21.37,95.78,2059.58,0,No Failure,187.2,81.3
L,178.58,8.4,57.56,69.94,28.44,103.45,2224.21,1,Cooler Thermal Breakdown,7.7,28.2
L,186.12,10.27,48.19,83.47,25.41,108.03,2475.19,0,No Failure,183.9,80.1
M,170.81,8.66,32.0,91.05,8.0,112.87,2556.16,0,No Failure,136.1,63.2
L,166.14,8.94,41.56,81.22,24.83,91.01,2395.41,0,No Failure,194.4,83.8
H,185.39,7.57,46.46,86.13,20.98,97.01,2420.07,0,No Failure,187.7,81.5
L,156.08,7.35,47.98,89.73,23.57,102.9,2399.09,0,No Failure,209.4,89.2
L,150.93,8.08,51.63,84.815,19.89,87.48,2356.78,0,No Failure,183.8,80.1
H,146.29,9.11,51.57,88.6,23.38,117.67,2305.96,0,No Failure,176.8,77.6
L,163.64,9.28,46.33,86.94,40.84,97.99,2177.42,0,No Failure,170.5,75.4
L,166.82,7.53,43.44,90.26,10.2,96.71,2698.17,0,No Failure,162.3,72.5
L,167.13,7.86,43.94,83.25,19.9,100.49,2204.4,0,No Failure,197.7,85.0
M,125.88,8.61,53.18,64.25,27.55,105.99,2147.65,0,No Failure,138.4,64.0
M,153.21,6.94,50.19,84.53,22.87,89.23,2291.04,0,No Failure,186.3,81.0
L,169.75,8.4,48.58,95.29,29.12,103.11,2487.8,0,No Failure,202.0,86.5
L,165.87,8.03,44.64,80.66,28.52,114.42,2677.3,0,No Failure,184.8,80.5
M,164.97,8.58,47.69,100.0,24.98,116.41,2704.99,0,No Failure,178.6,78.3
H,175.74,9.15,49.43,74.11,22.46,113.52,2117.21,0,No Failure,169.5,75.0
L,140.97,6.46,50.04,82.59,22.58,112.84,3513.973,0,No Failure,173.9,76.6
M,174.07,8.9,57.01,74.57,36.92,115.58,2719.84,0,No Failure,137.8,63.8
L,173.27,8.05,34.25,87.48,32.82,89.59,2703.56,0,No Failure,147.2,67.1
H,154.06,7.71,43.71,100.0,30.17,97.24,2495.85,0,No Failure,172.3,76.0
M,163.56,9.96,62.81,92.41,27.39,111.25,2413.25,0,No Failure,161.3,72.1
L,164.13,8.83,39.18,80.0,22.03,74.75,2431.66,0,No Failure,170.2,75.3
L,163.73,7.23,58.57,87.09,25.55,113.52,2431.66,0,No Failure,162.8,72.7
M,157.26,5.76,52.98,72.77,17.97,115.96,2802.18,1,Internal Pump Leakage,5.8,18.4
M,160.17,9.49,55.94,78.43,33.98,81.61,2799.27,0,No Failure,142.7,65.5
L,163.2,7.27,46.87,81.16,32.34,95.41,2603.8,0,No Failure,188.1,81.6
M,172.87,7.76,59.47,81.21,18.6,96.8,2887.62,0,No Failure,159.0,71.3
L,171.11,7.74,43.05,96.26,20.44,99.67,2013.89,0,No Failure,165.1,73.5
L,145.17,8.3,49.04,84.82,30.4,95.19,1837.53,0,No Failure,170.5,75.4
L,162.96,8.33,44.43,93.59,21.65,108.86,2364.79,0,No Failure,199.2,85.6
L,188.66,8.07,37.04,60.6,24.3,102.47,2031.39,0,No Failure,132.6,61.9
L,175.57,7.35,65.61,89.58,22.83,116.24,2956.06,0,No Failure,129.1,60.7
M,139.62,8.88,55.26,73.37,19.51,102.26,1861.33,0,No Failure,147.3,67.2
M,133.51,7.45,47.33,91.25,24.21,119.19,2902.57,0,No Failure,134.9,62.8
H,167.09,12.57,46.97,81.97,21.93,97.85,2271.94,0,No Failure,170.3,75.3
L,159.2,6.56,48.65,77.66,20.58,90.62,2184.3,0,No Failure,175.1,77.0
M,152.49,9.58,50.08,94.52,26.62,107.28,2464.2,0,No Failure,187.6,81.5
L,165.44,8.45,50.2,100.0,28.6,106.46,2135.77,0,No Failure,180.4,78.9
L,177.59,11.99,55.9,74.92,34.55,101.95,1716.8,0,No Failure,104.0,51.8
M,159.21,6.16,40.77,100.0,15.24,88.68,2469.29,0,No Failure,140.7,64.8
L,180.43,9.15,49.0,85.06,30.37,140.993,2603.25,0,No Failure,172.4,76.1
L,142.15,8.03,50.88,74.71,17.63,98.11,2861.37,0,No Failure,162.0,72.4
M,175.84,9.93,48.21,66.65,26.55,102.44,2240.77,0,No Failure,143.2,65.7
L,154.06,8.59,59.85,69.06,10.21,101.64,2427.47,1,Cooler Thermal Breakdown,10.4,25.9
H,163.97,8.19,55.78,90.18,25.06,94.56,2531.94,0,No Failure,197.1,84.8
L,153.17,8.19,38.51,70.22,28.04,80.34,2613.87,0,No Failure,146.6,66.9
M,157.65,8.59,56.98,69.03,31.19,94.12,3358.44,1,Cooler Thermal Breakdown,13.5,16.2
M,211.67,9.4,45.81,96.47,28.56,109.93,2865.65,0,No Failure,126.7,59.9
M,191.02,6.44,44.09,95.77,23.8,96.34,2481.77,0,No Failure,156.1,70.3
L,169.79,6.35,50.16,100.0,18.3,104.13,2131.27,0,No Failure,155.7,70.2
M,150.39,12.05,45.89,96.76,32.88,91.71,2571.14,0,No Failure,130.9,61.4
M,172.21,8.83,46.35,93.69,29.53,117.8,2416.88,0,No Failure,175.3,77.1
H,150.49,8.19,55.88,89.33,34.57,94.51,2795.29,0,No Failure,158.1,71.0
L,156.45,8.2,46.44,92.27,32.48,113.75,2429.07,0,No Failure,184.5,80.4
M,166.58,7.78,35.23,77.89,8.0,117.17,2613.59,0,No Failure,136.2,63.3
H,154.04,9.25,36.71,80.66,27.2,115.26,2250.7,0,No Failure,162.6,72.6
L,148.65,8.23,42.53,78.69,26.12,108.93,2769.0,0,No Failure,177.7,77.9
H,146.58,8.62,45.88,79.2,30.96,93.73,1383.673,0,No Failure,175.4,77.1
L,175.21,7.47,42.86,65.65,32.47,105.21,2152.13,0,No Failure,145.2,66.4
L,155.29,8.4,52.19,87.44,17.57,114.19,2441.11,0,No Failure,184.1,80.2
H,178.24,8.25,60.93,79.5,17.77,108.61,2339.29,0,No Failure,165.6,73.6
H,176.58,10.49,50.04,71.58,14.35,110.82,2273.08,0,No Failure,144.9,66.3
L,183.98,13.096,55.27,85.06,33.67,116.76,2129.82,0,No Failure,139.1,64.2
M,169.47,9.36,47.82,82.93,50.064,75.4,2652.79,0,No Failure,162.0,72.4
L,163.77,8.57,50.34,81.76,12.33,106.5,3513.973,0,No Failure,197.9,85.1
L,162.0,7.84,44.62,100.0,23.75,95.91,2420.84,0,No Failure,193.4,83.5
M,170.31,7.33,51.06,84.35,27.1,105.98,2463.27,0,No Failure,203.4,87.0
L,188.86,7.18,58.68,99.02,15.55,89.64,2399.26,0,No Failure,124.7,59.2
L,181.91,9.1,48.01,73.66,19.77,106.61,2220.08,0,No Failure,172.5,76.1
H,168.45,7.96,40.76,79.95,22.41,74.06,1770.85,0,No Failure,137.6,63.7
H,168.52,7.21,42.04,100.0,27.76,84.31,2381.56,0,No Failure,152.5,69.0
L,152.11,7.82,43.6,81.64,8.0,94.4,2376.99,0,No Failure,167.5,74.3
L,143.16,11.15,45.14,77.09,21.87,100.75,2284.69,0,No Failure,162.3,72.5
L,161.46,9.28,65.66,78.5,21.48,84.56,2431.66,0,No Failure,154.5,69.7
L,169.96,7.13,49.55,100.0,38.79,122.91,2803.16,0,No Failure,122.7,58.5
M,172.44,7.14,40.25,75.8,15.94,109.51,2465.93,0,No Failure,162.5,72.6
L,155.7,9.47,53.59,113.32,32.24,107.91,2047.05,0,No Failure,148.2,67.5
M,129.74,8.08,44.26,119.577,28.98,112.04,2757.87,0,No Failure,148.1,67.4
M,156.95,7.42,46.19,93.33,29.0,97.06,1988.65,0,No Failure,169.1,74.9
L,157.33,10.0,49.8,92.1,17.68,116.5,2170.76,0,No Failure,160.9,72.0
L,173.05,8.62,73.517,70.1,19.89,89.37,2255.3,0,No Failure,164.4,73.2
M,191.43,6.25,55.91,90.09,15.63,96.33,2630.04,0,No Failure,133.3,62.2
M,164.0,9.42,65.82,87.74,27.2,90.81,2614.34,0,No Failure,159.1,71.4
L,135.93,7.52,50.5,64.56,21.08,92.52,1834.47,0,No Failure,126.6,59.8
H,177.64,7.98,56.03,92.49,22.73,93.35,2166.37,0,No Failure,166.2,73.9
L,171.36,8.61,53.01,78.07,36.67,96.1,2294.58,0,No Failure,172.1,75.9
L,169.73,9.25,45.5,70.37,22.53,106.82,2547.35,0,No Failure,184.4,80.3
H,199.29,8.51,51.4,77.97,21.49,111.57,2488.27,0,No Failure,169.3,75.0
L,183.58,8.53,41.74,76.45,14.03,96.29,2623.39,0,No Failure,158.7,71.2
H,150.16,9.35,41.38,100.0,20.05,116.74,2413.97,0,No Failure,153.3,69.3
M,167.27,7.87,46.25,91.46,22.05,99.1,2614.47,0,No Failure,198.8,85.4
H,170.69,7.65,48.31,69.7,26.02,104.23,1951.48,0,No Failure,172.3,76.0
M,178.08,9.14,44.96,81.59,21.74,140.993,2590.6,0,No Failure,176.4,77.5
H,172.41,6.71,49.75,81.72,22.16,96.39,2303.03,0,No Failure,188.7,81.8
H,154.06,8.49,38.7,80.99,19.5,94.64,2350.9,0,No Failure,184.8,80.4
L,143.24,5.96,50.95,99.52,20.02,111.36,1827.22,0,No Failure,119.8,57.4
L,172.05,7.57,47.52,85.23,-1.804,98.63,2073.52,0,No Failure,189.9,82.3
H,111.833,8.11,53.13,90.7,32.14,96.7,2115.3,0,No Failure,170.9,75.5
L,145.55,10.05,50.81,79.67,27.82,107.11,2219.11,0,No Failure,171.0,75.6
L,159.58,9.09,47.76,79.91,20.59,102.52,2397.39,0,No Failure,213.3,90.6
L,147.43,12.34,53.64,76.4,21.02,94.54,2172.13,0,No Failure,135.1,62.9
L,174.68,8.46,71.76,99.86,28.32,99.8,2576.54,0,No Failure,146.0,66.7
M,180.88,8.96,47.04,80.9,35.56,97.56,3092.9,0,No Failure,150.3,68.2
M,155.33,7.93,44.24,61.74,19.47,114.28,2108.65,0,No Failure,147.7,67.3
L,167.65,13.096,48.94,93.57,25.88,110.41,2923.42,0,No Failure,142.2,65.4
M,147.31,8.09,43.89,81.86,28.79,80.85,2615.19,0,No Failure,166.6,74.0
M,164.62,8.51,56.15,86.84,29.18,102.1,2213.18,0,No Failure,195.5,84.2
M,159.37,7.78,52.08,87.81,17.96,91.42,2489.91,0,No Failure,191.5,82.8
H,146.77,10.87,35.21,91.79,27.93,106.59,2591.32,0,No Failure,141.1,65.0
L,136.77,11.71,53.89,63.34,34.07,105.8,2407.79,0,No Failure,113.8,55.3
L,162.5,6.77,39.9,92.78,21.74,99.28,3092.95,0,No Failure,154.2,69.6
L,125.76,8.44,45.48,69.74,29.26,84.53,2345.15,0,No Failure,140.6,64.8
H,169.35,9.15,38.35,88.92,31.76,106.68,2075.64,0,No Failure,159.0,71.3
M,146.87,9.43,48.96,78.72,37.61,101.92,2317.76,1,Proportional Valve Lag,11.8,31.4
H,146.17,7.51,53.6,71.43,18.27,73.33,2661.47,0,No Failure,130.0,61.0
M,158.13,9.3,57.74,97.43,33.53,86.63,2176.64,0,No Failure,138.4,64.0
M,150.48,9.07,51.45,83.14,18.85,86.69,2265.4,0,No Failure,176.8,77.6
M,177.54,9.27,60.66,88.78,29.99,113.5,1716.41,0,No Failure,123.7,58.8
M,187.14,8.06,52.43,77.15,34.65,107.83,2105.38,0,No Failure,150.2,68.2
L,185.83,9.36,46.58,85.4,19.22,118.53,2623.79,0,No Failure,162.7,72.6
L,143.56,10.95,51.33,85.29,25.19,119.14,2301.91,0,No Failure,156.8,70.5
L,182.1,9.39,59.16,76.91,39.34,104.84,2821.44,0,No Failure,127.8,60.3
M,159.63,7.2,45.68,90.22,32.76,77.68,2878.38,0,No Failure,143.1,65.7
M,158.13,8.32,57.71,85.92,21.37,108.51,2691.53,0,No Failure,189.5,82.1
H,153.63,8.38,51.83,78.12,11.09,100.03,2494.51,0,No Failure,187.2,81.3
L,184.1,9.9,51.51,98.63,21.35,99.27,2546.96,0,No Failure,162.3,72.5
L,159.47,9.97,46.42,91.15,9.91,92.87,2639.3,0,No Failure,159.2,71.4
H,145.71,9.31,56.02,83.39,28.52,106.8,2083.25,0,No Failure,166.4,73.9
M,158.56,3.754,38.81,75.22,16.46,99.47,2483.97,0,No Failure,177.0,77.7
M,165.41,9.25,53.51,83.17,22.32,114.43,2729.97,0,No Failure,184.4,80.3
L,150.99,7.13,53.09,87.34,18.89,129.16,2399.77,0,No Failure,155.8,70.2
L,153.5,6.57,46.46,83.93,30.9,109.67,2624.16,0,No Failure,177.2,77.8
L,135.19,6.13,54.51,79.15,28.51,95.51,2647.47,0,No Failure,144.6,66.2
L,164.49,8.57,40.53,68.38,32.49,118.22,2250.21,0,No Failure,151.3,68.6
H,111.833,8.74,54.73,89.64,22.56,99.97,2638.6,0,No Failure,195.7,84.3
L,201.6,6.9,56.98,100.0,31.21,106.25,2293.74,0,No Failure,118.8,57.1
H,153.25,8.5,46.8,82.02,-1.804,93.67,2087.54,0,No Failure,188.9,81.9
L,155.6,9.09,46.43,87.77,26.12,75.57,2382.7,0,No Failure,176.6,77.6
M,188.37,9.28,47.54,78.52,21.54,110.35,2464.995,0,No Failure,165.6,73.7
L,167.54,7.8,63.47,75.77,29.35,87.01,2124.02,0,No Failure,141.9,65.3
M,129.16,9.74,50.41,78.06,27.05,106.25,2408.93,0,No Failure,168.2,74.6
M,167.53,7.3,36.35,87.59,25.01,94.59,2248.17,0,No Failure,172.6,76.1
L,173.43,7.93,44.41,80.71,12.44,91.31,2471.21,0,No Failure,174.5,76.8
M,154.55,6.04,41.23,89.76,15.41,110.25,2252.8,0,No Failure,148.9,67.7
L,139.03,6.47,42.1,80.66,13.89,102.83,2193.58,0,No Failure,147.0,67.1
H,152.07,9.41,52.59,78.46,38.92,113.24,2213.1,0,No Failure,149.8,68.0
L,164.8,6.93,54.14,86.69,32.8,92.87,1979.27,0,No Failure,156.1,70.3
M,165.96,10.18,50.07,100.0,31.26,104.23,2485.84,0,No Failure,172.8,76.2
L,177.84,11.12,50.9,63.34,22.15,115.0,2448.28,0,No Failure,141.4,65.1
L,148.45,11.33,55.26,85.91,28.21,85.24,2521.62,0,No Failure,147.1,67.1
L,172.17,7.49,44.35,84.815,18.43,103.86,2809.13,0,No Failure,176.9,77.6
L,184.67,10.92,57.76,93.24,27.63,104.1,2544.46,0,No Failure,145.2,66.4
M,162.01,10.06,50.75,77.55,20.67,123.36,2174.58,0,No Failure,162.6,72.6
L,173.06,7.89,47.24,76.64,21.56,108.95,2356.87,0,No Failure,192.9,83.3
H,169.36,9.09,64.21,80.12,29.68,95.33,2267.81,0,No Failure,160.5,71.8
M,174.57,6.83,54.68,78.61,8.0,103.25,2462.6,0,No Failure,158.2,71.0
L,164.28,7.99,43.74,87.85,30.27,85.59,2203.77,0,No Failure,174.2,76.7
L,156.66,7.79,40.59,78.19,28.25,92.88,2239.3,0,No Failure,174.5,76.8
L,163.7,6.68,35.54,100.0,32.67,106.08,2687.11,0,No Failure,138.1,63.9
H,159.28,8.69,36.34,93.38,23.43,99.72,2563.69,0,No Failure,186.9,81.2
H,197.55,7.84,46.83,83.52,15.72,96.09,2458.47,0,No Failure,171.6,75.8
L,163.94,9.29,55.59,69.55,28.9,103.34,2787.04,0,No Failure,166.6,74.0
H,148.23,9.19,51.86,92.72,25.18,89.15,1975.97,0,No Failure,158.1,71.0
M,157.22,9.34,32.08,85.33,30.0,110.49,2290.66,0,No Failure,160.9,72.0
L,169.47,8.13,52.16,86.19,20.51,101.05,2556.6,0,No Failure,206.4,88.1
L,151.7,7.0,60.72,86.45,23.88,98.35,2315.59,0,No Failure,175.8,77.3
M,161.39,10.16,48.46,84.12,32.38,119.16,2340.36,0,No Failure,160.8,72.0
M,185.75,8.83,48.24,84.24,22.53,100.47,2228.16,0,No Failure,196.2,84.5
M,212.584,10.12,57.39,77.4,33.12,95.39,2331.58,0,No Failure,156.0,70.3
L,145.68,7.88,52.09,76.7,17.4,121.73,2311.97,0,No Failure,157.1,70.6
H,152.79,10.3,49.94,77.31,32.24,84.18,2538.34,0,No Failure,156.3,70.3
L,176.39,7.77,43.84,87.11,26.11,107.8,2832.11,0,No Failure,176.0,77.3
H,172.59,5.94,40.42,96.1,24.94,140.993,1910.84,0,No Failure,140.2,64.6
M,155.68,9.13,56.49,75.77,37.76,99.31,1741.94,0,No Failure,135.1,62.8
L,179.92,8.12,57.88,89.54,24.91,81.54,2092.01,0,No Failure,148.4,67.6
L,163.5,7.39,53.77,88.93,22.31,109.04,2845.58,0,No Failure,179.5,78.6
H,153.83,8.85,42.21,92.02,21.0,93.47,2788.68,0,No Failure,170.6,75.4
L,164.0,7.23,37.79,70.19,32.74,101.28,2705.15,0,No Failure,154.5,69.7
H,161.72,7.66,63.31,82.22,-1.804,96.31,2060.25,0,No Failure,172.0,75.9
L,159.5,6.57,47.17,85.52,14.55,112.91,2638.34,0,No Failure,172.9,76.2
L,165.51,10.53,41.25,63.54,22.44,109.27,2471.66,0,No Failure,156.9,70.6
L,174.55,9.49,48.58,100.0,24.42,97.44,2538.42,0,No Failure,162.8,72.7
M,180.14,7.23,46.24,114.52,30.07,95.52,2121.6,0,No Failure,158.1,71.0
L,163.78,7.89,49.39,90.79,30.82,88.01,2705.16,0,No Failure,178.8,78.3
L,155.05,9.76,39.1,49.175,31.79,77.5,2561.08,0,No Failure,143.8,65.9
L,142.16,7.45,53.68,94.39,24.09,103.35,2463.04,0,No Failure,182.6,79.7
M,147.75,6.05,47.54,85.08,28.65,90.8,2289.85,0,No Failure,167.4,74.3
L,136.14,9.98,48.58,83.31,29.72,117.48,2759.99,0,No Failure,133.4,62.3
M,164.79,7.96,36.84,89.75,16.17,113.53,2407.2,0,No Failure,169.5,75.0
L,160.09,10.31,41.99,98.85,23.01,96.27,2721.81,0,No Failure,161.5,72.2
L,190.88,10.52,54.7,80.35,36.09,117.06,2078.74,0,No Failure,112.2,54.7
L,147.95,10.33,58.3,76.99,30.92,100.5,2571.26,0,No Failure,155.2,70.0
H,152.9,8.74,59.85,74.37,28.34,110.06,1968.3,0,No Failure,149.6,68.0
L,201.41,11.48,50.34,90.81,29.28,85.01,2052.9,0,No Failure,105.3,52.3
M,187.09,9.31,54.77,80.44,31.48,114.32,2067.78,0,No Failure,140.3,64.7
L,177.73,6.75,45.12,87.19,22.47,71.43,2019.26,0,No Failure,134.4,62.6
M,150.19,8.94,47.66,79.54,19.44,94.32,2780.19,0,No Failure,180.8,79.0
L,161.79,11.66,44.24,78.92,39.04,112.37,2161.29,0,No Failure,134.2,62.5
M,177.84,8.88,39.94,100.0,12.04,93.68,2252.11,0,No Failure,136.5,63.4
H,179.67,7.79,58.12,77.65,32.16,101.6,2822.19,0,No Failure,154.1,69.6
M,164.6,8.7,41.96,91.39,13.63,101.17,2344.31,0,No Failure,184.6,80.4
L,163.85,3.754,46.95,85.13,26.41,93.39,3406.06,0,No Failure,161.3,72.1
L,159.07,9.34,45.46,77.42,29.2,90.92,2313.86,0,No Failure,181.4,79.3
L,142.97,8.66,52.65,98.24,38.57,103.2,2699.37,1,Proportional Valve Lag,11.4,22.6
H,153.16,10.66,45.35,83.25,24.35,96.61,2654.14,0,No Failure,183.0,79.8
M,156.87,11.6,40.67,82.48,25.41,122.97,2621.3,0,No Failure,146.3,66.8
L,159.19,9.62,48.73,97.39,33.78,120.49,2675.18,0,No Failure,152.2,68.9
H,165.01,9.29,47.37,84.67,39.9,107.83,2664.1,0,No Failure,176.7,77.6
M,175.51,6.74,49.77,68.11,17.92,98.82,2283.2,0,No Failure,160.4,71.8
M,147.72,9.3,46.03,98.53,24.07,109.6,1910.43,0,No Failure,155.4,70.0
L,170.1,10.73,39.72,79.1,27.04,89.87,2431.66,0,No Failure,159.7,71.6
H,155.19,7.25,54.05,93.4,22.52,102.16,2520.47,0,No Failure,190.1,82.3
M,163.72,7.88,49.19,100.0,23.78,91.57,1383.673,0,No Failure,194.0,83.7
H,156.22,9.04,50.1,82.32,19.4,101.63,2600.37,0,No Failure,205.6,87.8
L,162.86,6.15,43.16,81.65,20.26,104.48,2854.19,1,Internal Pump Leakage,5.6,30.9
L,165.49,9.09,43.31,78.18,30.38,111.17,2204.52,0,No Failure,175.2,77.1
L,162.48,9.22,42.78,99.79,15.54,90.8,2587.64,0,No Failure,157.8,70.9
H,181.47,10.38,40.64,71.79,31.79,106.34,2002.23,0,No Failure,125.2,59.3
M,185.34,7.58,45.92,85.53,25.2,97.14,2195.69,0,No Failure,180.7,79.0
M,161.73,8.08,46.34,85.16,23.62,101.58,2739.19,0,No Failure,215.4,91.3
M,171.93,8.15,42.44,81.79,19.6,88.18,2266.07,0,No Failure,178.0,78.0
M,164.8,7.5,50.64,89.55,21.66,119.57,2167.79,0,No Failure,175.8,77.3
L,144.75,8.68,58.19,100.0,28.25,108.07,2579.26,0,No Failure,155.7,70.2
L,160.46,8.5,41.33,93.44,21.68,93.04,2705.03,0,No Failure,181.8,79.4
L,184.53,10.73,44.62,63.18,33.35,106.68,2968.58,0,No Failure,107.3,53.0
L,173.61,8.51,42.1,85.31,18.14,96.42,2660.83,0,No Failure,184.6,80.4
M,129.49,8.01,48.13,92.94,40.39,92.95,2396.34,1,Proportional Valve Lag,13.6,21.5
M,157.55,7.51,43.69,99.17,23.82,77.68,2471.68,0,No Failure,162.9,72.7
H,184.75,11.02,46.72,94.8,35.49,94.7,2276.25,0,No Failure,131.7,61.6
L,164.28,6.81,45.89,85.64,19.63,109.31,2675.91,0,No Failure,185.3,80.6
M,146.75,8.12,36.71,100.0,8.77,106.91,3513.973,0,No Failure,129.5,60.9
L,157.23,7.65,32.17,73.86,21.94,107.28,2449.56,0,No Failure,169.3,75.0
M,171.38,11.1,53.62,51.35,23.92,119.88,2796.51,0,No Failure,112.0,54.7
H,164.09,10.54,50.87,99.43,17.06,110.3,2415.26,0,No Failure,163.1,72.8
M,124.77,7.85,40.03,90.1,31.78,112.76,2973.02,0,No Failure,118.9,57.1
M,161.49,8.0,42.91,93.62,21.5,89.55,2703.37,0,No Failure,177.9,78.0
M,148.22,9.81,58.46,86.28,28.22,90.24,2753.05,0,No Failure,151.2,68.6
L,149.44,9.23,37.33,86.51,17.65,83.37,2620.08,0,No Failure,149.5,67.9
L,172.91,7.39,73.517,81.45,15.25,108.99,3513.973,0,No Failure,169.2,74.9
M,111.833,5.77,40.96,96.12,24.49,106.79,2766.18,1,Internal Pump Leakage,9.5,21.0
H,175.25,8.95,50.87,77.54,21.72,129.12,2433.92,0,No Failure,168.2,74.6
L,200.26,8.0,53.98,90.63,14.88,104.13,2323.6,0,No Failure,151.7,68.7
L,167.14,9.85,53.21,86.23,24.13,140.993,2619.39,0,No Failure,185.8,80.8
L,160.22,9.58,62.4,87.28,19.51,108.1,2667.71,0,No Failure,166.6,74.0
M,129.11,8.4,45.6,75.5,25.29,113.56,2369.03,0,No Failure,168.9,74.8
H,158.7,7.87,49.22,87.6,35.77,106.42,2986.72,0,No Failure,171.2,75.6
M,167.23,7.36,39.98,92.59,23.72,111.48,1842.96,0,No Failure,153.3,69.3
H,154.36,9.23,40.47,83.36,18.34,115.67,2178.65,0,No Failure,166.0,73.8
H,168.06,7.92,51.43,73.97,18.68,112.04,2083.45,0,No Failure,168.6,74.7
L,136.52,7.54,60.08,76.65,31.29,105.35,1953.89,0,No Failure,130.4,61.2
L,150.09,9.93,37.75,80.57,25.02,99.52,2563.97,0,No Failure,175.2,77.0
L,173.03,9.58,55.15,77.42,31.95,119.83,2439.89,0,No Failure,156.0,70.2
L,147.71,8.4,58.52,78.95,37.46,87.68,2267.73,1,Proportional Valve Lag,8.6,19.4
M,145.11,9.05,46.78,92.0,24.33,95.17,2456.72,0,No Failure,192.1,83.0
L,158.2,11.28,42.65,59.25,25.83,126.66,2821.69,0,No Failure,106.6,52.8
H,168.06,7.64,58.03,95.52,29.67,111.96,2593.11,0,No Failure,160.2,71.7
L,154.51,9.79,47.02,70.94,24.49,79.16,2604.84,0,No Failure,159.4,71.5
L,161.23,6.6,52.74,88.17,8.0,71.61,1878.7,0,No Failure,110.3,54.1
M,158.84,7.16,41.61,97.52,22.38,100.97,2418.48,0,No Failure,184.5,80.3
L,141.99,3.754,55.51,80.86,11.0,110.93,2331.79,0,No Failure,159.2,71.4
H,111.833,9.99,42.36,85.53,27.17,99.24,2913.18,0,No Failure,175.7,77.2
M,168.1,8.43,48.47,93.22,14.19,91.95,2516.06,0,No Failure,182.2,79.5
L,144.39,7.43,46.29,80.08,26.54,120.14,2856.26,0,No Failure,155.8,70.2
M,158.62,6.48,42.23,74.94,28.11,101.1,2252.69,0,No Failure,172.4,76.1
H,135.82,8.56,53.83,75.48,34.38,106.37,2713.67,0,No Failure,151.9,68.8
L,208.53,6.72,47.68,74.77,17.23,84.03,2662.19,0,No Failure,120.9,57.8
L,145.47,8.9,42.22,73.81,21.8,99.27,2444.08,0,No Failure,183.2,79.9
L,159.8,13.096,48.1,100.0,20.69,93.42,1743.28,0,No Failure,160.9,72.0
M,162.57,8.13,51.63,77.85,24.33,118.77,2363.7,0,No Failure,195.8,84.3
L,166.6,7.3,50.37,80.57,17.9,103.42,2355.22,0,No Failure,197.3,84.9
H,156.02,9.67,41.38,81.99,29.84,110.01,2206.52,0,No Failure,170.8,75.5
L,182.05,5.94,43.88,83.88,37.07,123.0,2686.1,0,No Failure,122.7,58.4
M,170.26,7.72,46.59,66.77,25.83,100.35,2185.53,0,No Failure,178.0,78.0
L,198.2,10.27,49.78,93.63,20.18,118.53,2254.25,0,No Failure,131.1,61.4
L,173.24,9.11,45.29,119.577,19.99,97.46,2725.02,0,No Failure,176.7,77.6
H,151.21,8.99,42.82,94.8,22.89,83.73,2631.19,0,No Failure,162.7,72.6
H,146.89,8.32,47.19,90.26,-1.804,114.9,2879.67,0,No Failure,158.0,70.9
H,165.82,9.87,58.91,79.85,23.04,92.9,2790.47,0,No Failure,164.4,73.2
L,165.41,9.97,43.29,95.34,18.65,101.42,2459.43,0,No Failure,181.9,79.4
H,144.63,6.55,44.77,70.13,17.97,102.1,2512.87,0,No Failure,161.3,72.1
M,174.95,10.24,54.68,89.43,17.73,98.45,2840.21,0,No Failure,152.7,69.1
L,162.02,7.87,34.58,90.54,18.45,103.15,2476.44,0,No Failure,183.6,80.0
L,176.06,7.58,41.41,69.75,24.04,99.07,2343.94,0,No Failure,173.9,76.6
L,129.19,9.19,55.57,83.08,21.58,122.85,2594.58,0,No Failure,146.6,66.9
M,162.01,8.43,43.63,95.32,26.82,118.88,2106.35,0,No Failure,166.6,74.0
L,194.67,11.72,47.05,80.27,20.28,102.03,2255.04,0,No Failure,145.9,66.7
L,183.19,3.754,66.61,100.0,19.03,80.99,2328.68,0,No Failure,104.5,52.0
H,166.56,9.11,46.02,86.94,13.23,82.51,2378.16,0,No Failure,170.6,75.4
L,159.35,8.37,50.09,69.47,30.86,110.42,2071.59,0,No Failure,171.4,75.7
M,177.36,9.34,50.52,76.94,19.31,106.64,2777.98,0,No Failure,170.5,75.4
M,166.85,9.09,38.79,100.0,27.25,115.54,2725.35,0,No Failure,149.2,67.8
H,146.15,9.5,42.45,84.74,13.22,125.39,2557.14,0,No Failure,144.8,66.3
L,158.55,9.04,41.32,100.0,24.36,98.72,2376.43,0,No Failure,184.0,80.2
M,143.29,10.06,48.51,93.72,36.03,98.23,2725.41,1,Proportional Valve Lag,11.0,22.9
M,175.89,9.75,45.39,96.84,22.32,101.81,2509.38,0,No Failure,181.1,79.1
L,170.11,13.096,51.62,87.7,19.86,108.43,2100.0,0,No Failure,181.6,79.3
M,160.15,9.11,38.79,98.43,10.17,104.28,3211.41,0,No Failure,125.1,59.3
L,150.3,10.32,43.76,100.0,29.86,102.46,2732.88,0,No Failure,150.6,68.3
H,111.833,9.16,43.61,81.47,23.26,96.36,2633.38,0,No Failure,183.4,79.9
M,182.0,7.59,45.9,73.6,34.84,102.03,2429.46,0,No Failure,170.0,75.2
L,160.84,8.4,46.91,88.09,20.13,90.47,2547.56,0,No Failure,195.8,84.3
L,162.74,9.18,40.6,71.8,22.56,115.07,3115.98,0,No Failure,147.0,67.0
M,179.64,10.2,47.77,90.09,8.0,126.66,2538.89,0,No Failure,128.1,60.4
M,158.0,7.93,51.75,78.94,33.37,104.17,1895.36,0,No Failure,170.5,75.4
L,166.46,8.52,49.84,77.87,17.74,117.97,2105.91,0,No Failure,174.8,76.9
L,146.77,9.69,56.43,80.77,20.5,116.6,2484.8,0,No Failure,164.3,73.2
H,177.31,8.7,61.88,80.96,24.54,104.0,1746.11,0,No Failure,153.7,69.4
M,158.53,6.3,49.77,59.54,16.88,88.5,2784.19,1,Internal Pump Leakage,3.0,16.2
H,148.47,8.65,54.8,81.58,22.9,84.58,2832.59,0,No Failure,166.0,73.8
L,181.92,6.63,49.38,96.62,32.21,104.35,2077.45,0,No Failure,145.6,66.6
M,176.95,8.43,52.25,69.7,27.51,118.5,1948.68,0,No Failure,145.9,66.7
H,158.3,8.91,65.04,95.53,36.73,117.0,2161.4,0,No Failure,124.4,59.1
M,184.2,9.21,42.91,77.56,31.87,103.66,2315.03,0,No Failure,165.7,73.7
M,183.49,6.96,48.21,69.0,32.48,105.83,2500.57,0,No Failure,157.5,70.8
M,155.16,9.68,33.37,98.56,21.84,89.79,2348.78,0,No Failure,144.2,66.1
M,212.584,10.19,45.65,82.77,10.68,110.54,2445.1,0,No Failure,136.2,63.2
L,152.26,11.3,48.63,90.64,22.5,104.61,2882.19,0,No Failure,163.4,72.9
L,165.33,7.47,40.29,90.16,32.35,95.96,2364.28,0,No Failure,173.9,76.6
L,162.48,6.81,54.22,83.32,30.28,90.22,2468.25,0,No Failure,180.3,78.8
M,160.31,6.59,45.85,77.31,21.07,89.29,2541.85,0,No Failure,178.4,78.2
L,155.9,8.89,48.78,76.83,18.26,110.55,2554.06,0,No Failure,191.4,82.8
L,162.15,8.36,49.61,72.51,33.82,104.42,2365.26,0,No Failure,194.9,84.0
L,155.74,8.46,45.53,80.16,18.53,93.26,2121.73,0,No Failure,184.9,80.5
M,168.42,7.48,35.03,93.66,34.9,110.52,2520.78,0,No Failure,148.2,67.5
M,157.03,8.19,44.63,82.59,12.02,104.11,2403.23,0,No Failure,195.4,84.2
M,166.43,7.95,43.25,83.87,29.58,89.29,2388.05,0,No Failure,190.7,82.6
M,150.26,8.55,52.42,94.83,28.87,88.45,2456.59,0,No Failure,176.9,77.6
L,155.61,8.14,54.07,89.42,28.43,106.24,2624.95,0,No Failure,189.9,82.3
L,160.86,6.15,40.52,100.0,26.56,104.4,2315.73,0,No Failure,161.7,72.3
M,166.28,7.86,57.69,71.61,24.02,113.51,2299.51,0,No Failure,172.2,76.0
M,111.833,8.58,39.94,79.71,34.63,92.58,2200.38,0,No Failure,167.5,74.3
L,142.89,7.45,45.15,80.99,21.32,93.94,2766.62,0,No Failure,170.0,75.2
L,172.2,7.84,43.9,90.17,32.66,80.96,2078.71,0,No Failure,145.6,66.6
M,152.04,9.83,50.33,80.34,20.25,85.31,2714.24,0,No Failure,165.7,73.7
M,155.24,9.52,48.21,93.29,17.43,87.82,2492.09,0,No Failure,170.3,75.3
M,166.06,10.15,45.99,96.23,15.37,102.44,2744.57,0,No Failure,161.8,72.3
L,172.47,7.68,42.39,80.96,27.63,107.89,2275.23,0,No Failure,182.9,79.8
M,172.28,10.73,48.1,80.52,33.63,93.68,2294.09,0,No Failure,163.4,72.9
H,174.98,8.79,34.78,85.34,18.12,76.95,2549.88,0,No Failure,146.4,66.9
L,154.57,5.84,35.44,99.63,30.5,98.93,2141.36,0,No Failure,126.0,59.6
H,137.71,9.46,60.65,80.56,27.53,98.33,2360.05,0,No Failure,160.1,71.7
L,189.9,9.09,56.43,85.45,25.23,93.85,2613.28,0,No Failure,167.1,74.2
M,165.57,7.04,51.85,89.87,14.31,104.73,2092.76,0,No Failure,168.1,74.5
L,179.92,9.57,41.91,89.42,19.88,92.87,2444.98,0,No Failure,169.5,75.0
M,212.584,8.49,49.4,83.16,24.42,104.66,2457.54,0,No Failure,206.0,87.9
H,143.06,10.48,60.11,77.18,40.27,102.79,2605.46,1,Proportional Valve Lag,2.3,15.0
M,180.48,9.62,49.85,90.45,27.37,106.26,2177.55,0,No Failure,172.4,76.0
H,169.51,7.62,56.1,76.53,30.02,109.31,2389.89,0,No Failure,174.9,76.9
M,140.17,9.94,49.79,81.11,13.02,108.79,2360.67,0,No Failure,161.9,72.4
M,182.24,7.65,53.95,90.59,14.57,101.49,2615.25,0,No Failure,165.3,73.6
M,133.12,6.4,56.13,86.51,19.6,96.44,2464.66,0,No Failure,155.6,70.1
H,149.76,8.16,51.82,83.47,22.37,118.96,2464.37,0,No Failure,193.0,83.4
M,168.13,8.78,48.81,87.58,25.53,102.75,1891.34,0,No Failure,193.9,83.7
H,152.57,10.49,48.72,92.01,34.23,119.3,2414.76,0,No Failure,139.0,64.2
H,159.33,7.21,45.47,89.13,26.63,89.65,3063.79,0,No Failure,161.9,72.3
H,166.14,8.49,40.92,89.52,27.68,92.09,2670.79,0,No Failure,181.9,79.4
L,138.79,9.29,53.0,85.54,24.83,121.0,2963.19,0,No Failure,147.0,67.1
L,148.25,6.64,44.57,81.67,28.91,98.65,2791.45,0,No Failure,167.0,74.2
L,171.2,8.61,58.41,85.87,17.55,88.0,2475.03,0,No Failure,175.2,77.0
L,168.67,9.08,54.25,91.21,11.6,86.84,2324.56,0,No Failure,155.8,70.2
L,174.76,11.68,48.58,93.3,19.48,107.07,2159.89,0,No Failure,150.2,68.2
M,166.02,8.64,67.43,83.24,32.33,105.08,2533.4,0,No Failure,170.6,75.4
L,161.83,7.13,45.28,87.79,20.42,82.37,2253.5,0,No Failure,173.9,76.6
L,163.28,10.75,55.24,88.29,25.66,92.26,2513.77,0,No Failure,175.9,77.3
L,116.73,10.23,54.49,94.39,26.67,111.98,2484.57,0,No Failure,133.3,62.2
H,154.24,9.73,52.71,96.44,24.47,114.59,2588.67,0,No Failure,168.7,74.8
L,150.34,8.27,49.1,86.02,16.46,102.53,2955.33,0,No Failure,184.2,80.2
L,146.54,9.82,56.01,96.1,25.53,105.24,2502.69,0,No Failure,167.8,74.4
L,147.84,7.6,58.06,76.68,13.54,109.17,2685.34,0,No Failure,147.8,67.4
L,165.27,8.4,44.86,83.47,25.28,122.31,2420.26,0,No Failure,192.2,83.1
H,154.34,9.64,45.09,71.64,33.36,104.35,1922.75,0,No Failure,149.0,67.8
L,172.74,9.27,42.98,88.63,27.89,92.95,2275.97,0,No Failure,175.6,77.2
M,160.17,8.23,50.92,78.94,13.12,94.62,2285.57,0,No Failure,186.5,81.1
H,173.47,8.8,46.2,94.2,31.49,100.78,2596.94,0,No Failure,182.4,79.6
M,172.06,9.47,40.8,94.42,20.16,103.26,2424.69,0,No Failure,178.2,78.1
M,164.56,8.92,44.03,78.89,38.57,103.46,3010.39,0,No Failure,159.6,71.5
M,157.6,10.46,46.38,74.79,24.99,111.33,2331.2,0,No Failure,177.2,77.8
M,161.63,9.62,47.5,99.34,18.85,94.55,2649.52,0,No Failure,174.1,76.6
H,166.78,6.09,23.433,84.83,26.52,108.45,2455.98,0,No Failure,177.6,77.9
M,167.08,8.13,50.31,83.45,22.76,131.95,2161.32,0,No Failure,174.4,76.8
M,150.69,9.15,48.21,84.53,26.02,105.85,1916.79,0,No Failure,183.5,80.0
M,146.95,9.16,46.79,79.28,31.04,115.9,3000.02,0,No Failure,150.2,68.2
H,160.66,7.1,54.97,73.56,16.14,111.42,2500.69,0,No Failure,167.8,74.4
M,184.33,8.91,47.58,78.29,43.12,87.91,2771.56,0,No Failure,133.4,62.3
H,169.27,8.31,54.91,87.72,34.24,105.48,2227.15,0,No Failure,179.2,78.5
H,165.84,9.06,46.64,76.89,38.86,106.23,2545.3,0,No Failure,177.1,77.7
L,151.16,6.69,46.28,80.63,42.87,95.76,2210.09,0,No Failure,147.0,67.1
H,162.54,8.53,48.31,92.41,21.27,121.76,2674.29,0,No Failure,185.1,80.6
L,136.11,7.91,44.81,84.79,28.42,104.45,2539.25,0,No Failure,185.2,80.6
H,135.62,7.95,52.48,87.67,19.41,99.63,2511.49,0,No Failure,181.5,79.3
L,158.84,10.5,32.0,100.0,21.74,100.48,2159.88,0,No Failure,138.5,64.0
L,177.3,9.27,40.72,79.9,25.02,104.21,2689.93,0,No Failure,178.2,78.1
H,163.49,8.77,47.57,82.82,27.33,93.86,2207.09,0,No Failure,203.1,86.9
L,162.78,9.21,48.21,49.175,25.01,87.46,2653.05,0,No Failure,189.1,82.0
L,142.41,11.68,50.73,100.0,22.05,101.04,2592.95,0,No Failure,146.9,67.0
H,144.43,6.47,46.7,84.12,22.45,91.4,2058.1,0,No Failure,164.0,73.1
M,176.52,8.55,38.57,88.0,32.68,95.59,2524.28,0,No Failure,170.4,75.4
H,151.82,7.45,36.91,82.43,19.41,99.84,2773.19,0,No Failure,167.6,74.4
H,167.01,8.66,42.86,64.53,30.04,113.48,2471.59,0,No Failure,166.0,73.8
L,155.9,8.98,49.21,70.16,14.79,89.34,2321.91,0,No Failure,167.1,74.2
M,167.26,6.29,44.03,81.09,24.44,102.44,2641.63,0,No Failure,188.9,81.9
M,169.28,8.17,54.43,119.577,25.54,88.34,2445.81,0,No Failure,192.3,83.1
H,152.68,7.99,42.91,79.82,30.7,95.07,2136.77,0,No Failure,173.0,76.3
H,163.53,8.25,61.34,97.88,24.54,104.98,2335.38,0,No Failure,180.8,79.0
L,185.67,9.48,56.3,92.39,31.99,94.78,2475.77,0,No Failure,152.1,68.9
M,190.35,9.46,48.06,82.53,32.02,113.7,2246.68,0,No Failure,158.5,71.1
H,171.93,8.01,33.76,80.87,31.43,101.46,2999.8,0,No Failure,151.1,68.5
L,152.65,9.74,38.46,82.47,28.83,112.06,2887.01,0,No Failure,151.8,68.8
L,153.57,10.65,43.53,75.79,30.29,95.11,2883.47,0,No Failure,145.1,66.4
M,166.55,9.12,55.79,93.27,20.51,96.24,2139.23,0,No Failure,171.3,75.7
M,167.53,9.11,40.14,80.62,24.42,113.87,2393.19,0,No Failure,187.1,81.2
L,181.65,9.26,56.82,87.48,22.92,104.46,2656.48,0,No Failure,175.0,77.0
L,148.03,8.33,41.47,84.37,20.9,112.36,2779.31,0,No Failure,176.4,77.5
L,183.22,8.41,50.35,91.94,20.42,103.09,2715.5,0,No Failure,183.2,79.9
M,163.79,6.86,50.83,100.0,17.86,87.38,2568.82,0,No Failure,158.7,71.2
L,171.75,8.73,44.15,97.96,30.69,102.03,2442.39,0,No Failure,183.7,80.0
L,168.66,9.33,41.05,66.23,28.31,108.91,2431.66,0,No Failure,159.3,71.4
L,171.46,10.54,54.72,100.0,32.24,79.15,3361.73,0,No Failure,100.4,50.6
L,162.48,9.42,49.97,96.7,21.11,94.61,2607.62,0,No Failure,169.5,75.0
L,173.96,10.23,46.49,89.44,22.14,102.16,2647.17,0,No Failure,184.0,80.2
M,172.44,9.3,48.11,74.52,25.61,107.92,2528.5,0,No Failure,191.6,82.9
L,161.45,8.1,44.49,75.6,29.76,102.03,2773.22,0,No Failure,189.8,82.2
L,162.48,8.44,49.05,92.36,23.93,83.42,2674.61,0,No Failure,177.4,77.8
L,164.02,9.56,41.55,92.21,10.38,90.4,2845.29,0,No Failure,140.8,64.9
L,151.7,9.74,40.83,76.4,16.21,103.19,2401.01,0,No Failure,170.7,75.5
L,179.79,8.53,38.48,94.11,27.89,98.42,2995.86,0,No Failure,148.7,67.7
M,146.69,8.52,48.49,97.91,28.07,109.8,2501.56,0,No Failure,183.7,80.1
L,160.55,10.03,46.25,80.79,15.81,103.93,2963.87,0,No Failure,169.9,75.2
M,178.0,8.42,61.39,81.0,30.98,123.57,2741.07,0,No Failure,139.9,64.5
L,177.84,7.96,53.39,94.66,19.5,96.99,2318.67,0,No Failure,173.6,76.5
L,169.97,8.4,43.71,90.96,26.1,95.34,2188.31,0,No Failure,187.7,81.5
M,179.04,8.59,52.33,94.65,25.92,112.28,2340.4,0,No Failure,176.5,77.5
M,154.2,8.17,46.58,64.11,20.09,103.15,2356.5,0,No Failure,184.0,80.2
L,149.92,7.17,60.02,76.64,24.25,100.85,2643.62,0,No Failure,170.2,75.3
M,162.0,6.42,59.6,92.01,23.08,112.71,2166.82,0,No Failure,156.7,70.5
M,139.82,10.59,58.78,90.89,31.86,99.33,2407.02,0,No Failure,144.1,66.0
L,169.65,7.11,50.05,97.97,25.43,103.3,2190.18,0,No Failure,179.0,78.4
M,153.5,8.37,35.97,100.0,36.43,110.46,2701.75,0,No Failure,136.9,63.5
L,164.51,10.34,56.75,89.13,21.89,110.28,2101.4,0,No Failure,162.3,72.5
M,181.2,8.67,53.27,90.2,8.0,103.82,2182.57,0,No Failure,154.3,69.7
L,148.12,7.08,37.56,86.05,22.68,104.9,2073.63,0,No Failure,163.5,72.9
M,166.24,7.93,53.31,94.64,26.68,99.28,2449.61,0,No Failure,197.3,84.9
H,183.97,10.42,45.96,95.19,21.22,116.07,2743.93,0,No Failure,139.2,64.3
L,162.49,9.69,48.07,84.71,27.4,109.87,2422.56,0,No Failure,206.5,88.1
M,143.57,9.04,38.74,80.0,33.26,93.03,2375.02,0,No Failure,157.4,70.7
L,148.14,9.9,47.86,64.75,19.99,89.96,2145.73,0,No Failure,144.5,66.2
L,168.03,8.78,57.72,100.0,16.24,103.34,2385.86,0,No Failure,168.9,74.8
L,154.38,8.09,49.69,86.98,24.74,106.95,2893.66,0,No Failure,194.0,83.7
M,169.52,8.0,50.55,81.7,24.46,87.84,2428.1,0,No Failure,201.4,86.3
H,196.11,8.29,42.76,83.34,19.57,97.43,2339.57,0,No Failure,173.6,76.5
L,165.24,10.25,55.53,80.71,32.09,88.1,2635.19,0,No Failure,156.9,70.6
L,177.76,6.58,40.54,90.56,15.44,76.91,2887.81,1,Internal Pump Leakage,4.6,9.5
L,163.19,8.38,44.43,87.07,15.22,113.69,2404.05,0,No Failure,192.5,83.2
M,171.97,9.98,54.59,96.96,28.79,105.45,2131.91,0,No Failure,154.1,69.6
M,140.38,7.5,43.17,89.22,26.31,97.47,2464.995,0,No Failure,173.5,76.5
M,156.85,7.54,45.54,71.43,31.38,94.83,2464.995,0,No Failure,167.1,74.2
L,143.94,6.99,52.12,88.29,32.4,117.54,2614.65,0,No Failure,150.8,68.4
L,190.01,9.33,43.83,81.78,16.6,102.17,2729.68,0,No Failure,162.6,72.6
M,173.7,5.92,58.83,67.96,22.45,80.33,1867.04,1,Cooler Thermal Breakdown,7.0,5.7
L,165.67,8.58,47.26,99.44,29.97,108.2,2282.02,0,No Failure,182.7,79.7
M,212.584,9.78,44.72,71.89,19.64,106.09,2406.16,0,No Failure,143.8,65.9
L,162.48,8.4,54.19,88.84,34.24,99.23,2480.57,0,No Failure,164.1,73.1
H,184.86,7.93,47.88,83.84,18.05,104.91,2434.235,0,No Failure,182.6,79.7
L,155.12,8.91,44.08,84.815,20.88,98.08,2241.32,0,No Failure,171.0,75.6
M,159.48,8.99,73.517,89.83,22.0,98.53,2813.08,0,No Failure,169.5,75.0
M,156.77,8.8,52.67,72.55,21.46,106.52,2823.16,0,No Failure,177.6,77.9
M,146.82,8.11,65.21,79.89,24.33,102.95,2007.97,0,No Failure,159.7,71.6
L,175.31,7.77,42.08,78.45,24.74,97.42,1678.43,0,No Failure,155.8,70.2
M,139.22,9.13,37.23,83.73,17.3,93.5,2871.48,0,No Failure,143.6,65.8
L,162.29,9.22,51.55,88.73,24.95,100.96,1979.54,0,No Failure,192.7,83.2
L,146.7,8.33,54.77,75.96,22.77,106.45,2192.17,0,No Failure,179.9,78.7
M,152.43,7.91,53.91,81.2,20.14,85.66,2777.05,0,No Failure,167.4,74.3
L,132.36,5.66,41.36,83.57,17.57,93.57,2194.78,0,No Failure,132.3,61.8
H,145.82,8.45,38.56,93.32,9.86,105.4,2405.04,0,No Failure,151.3,68.6
H,177.52,9.18,49.72,92.24,18.8,104.4,2285.56,0,No Failure,181.6,79.3
M,167.53,5.32,53.81,69.68,19.57,117.83,3117.35,1,Internal Pump Leakage,5.0,9.3
M,161.7,8.43,42.93,88.15,15.31,125.96,2559.64,0,No Failure,170.6,75.4
L,168.43,8.36,55.74,119.577,14.21,96.54,1861.79,0,No Failure,164.1,73.1
L,179.66,7.62,54.51,87.21,12.77,97.17,2145.07,0,No Failure,155.9,70.2
H,154.92,8.71,42.75,74.41,27.79,91.48,2168.7,0,No Failure,170.7,75.4
H,143.03,7.15,32.74,69.66,20.6,102.31,2740.65,0,No Failure,135.1,62.8
M,188.13,11.24,38.17,92.48,24.21,103.18,2274.1,0,No Failure,134.3,62.6
L,140.0,8.63,47.49,81.97,26.29,84.1,2804.92,0,No Failure,167.6,74.4
L,180.54,6.8,44.98,94.07,29.15,98.99,2688.27,0,No Failure,158.5,71.1
M,159.83,3.754,37.4,71.42,20.19,102.5,2402.9,0,No Failure,180.0,78.7
M,150.9,8.09,35.95,93.96,18.77,116.17,2233.94,0,No Failure,148.4,67.5
L,167.17,9.81,42.0,84.815,23.84,91.53,2569.54,0,No Failure,187.1,81.3
M,169.73,11.17,32.05,77.26,16.39,86.36,2173.73,0,No Failure,113.3,55.1
M,157.34,8.1,48.21,85.31,18.13,90.79,2297.73,0,No Failure,192.0,83.0
M,152.12,7.66,45.15,93.0,17.76,110.2,2579.43,0,No Failure,174.5,76.8
L,157.13,8.53,51.68,78.08,26.79,108.48,2803.97,0,No Failure,188.8,81.9
M,157.46,7.51,45.23,86.55,18.03,92.54,2262.19,0,No Failure,183.8,80.1
M,174.61,8.22,54.62,81.34,31.71,105.5,2796.96,0,No Failure,174.1,76.7
M,155.12,5.5,46.97,63.7,23.5,94.42,2882.8,1,Internal Pump Leakage,10.4,19.4
L,152.38,9.31,61.5,84.24,18.43,118.92,2786.74,0,No Failure,146.8,67.0
H,187.32,10.86,53.27,84.71,33.88,100.88,2278.72,0,No Failure,150.3,68.2
L,176.26,8.16,41.71,80.94,30.18,113.4,2131.84,0,No Failure,164.3,73.2
L,139.23,8.2,42.68,86.71,25.73,99.86,2232.9,0,No Failure,183.7,80.1
L,204.37,7.77,33.65,85.27,20.82,99.56,2469.61,0,No Failure,150.4,68.3
M,141.8,6.67,49.92,90.38,28.92,106.77,2576.32,0,No Failure,168.6,74.7
M,175.99,5.74,45.96,73.64,27.18,94.71,3378.05,0,No Failure,132.0,61.7
M,163.6,6.39,44.25,93.67,20.56,109.65,2705.47,0,No Failure,166.6,74.0
L,155.82,7.16,37.66,78.26,31.01,101.31,2279.43,0,No Failure,168.4,74.7
M,141.56,7.74,34.55,97.81,30.49,114.72,2659.9,0,No Failure,126.8,59.9
M,154.19,9.8,40.56,82.37,22.25,120.62,3513.973,0,No Failure,167.9,74.5
M,166.04,6.56,53.81,91.65,22.3,84.5,2091.54,0,No Failure,152.9,69.1
L,160.23,7.53,58.13,90.68,13.21,106.16,2275.86,0,No Failure,166.1,73.8
M,161.4,8.42,42.88,93.41,25.46,101.2,2633.59,0,No Failure,201.8,86.5
L,137.95,8.69,52.57,80.09,16.48,95.99,2346.07,0,No Failure,172.8,76.2
L,160.04,8.4,41.35,76.28,24.09,89.11,1937.89,0,No Failure,153.7,69.4
M,146.04,8.32,40.25,71.95,39.35,91.76,2964.12,1,Proportional Valve Lag,2.1,13.6
M,148.05,8.81,40.79,82.77,32.76,82.55,2317.78,0,No Failure,157.5,70.8
L,176.79,8.58,47.46,83.72,21.98,63.004,1669.46,0,No Failure,163.1,72.8
M,130.95,9.41,38.54,80.73,23.55,95.69,2581.19,0,No Failure,159.1,71.4
M,163.27,7.64,44.49,83.64,26.87,123.45,2325.48,0,No Failure,184.0,80.2
L,171.0,9.14,50.15,78.44,24.42,101.29,2242.98,0,No Failure,200.6,86.0
H,159.5,7.89,46.79,55.19,17.22,112.45,2341.91,0,No Failure,156.5,70.4
L,166.69,8.77,35.24,81.03,35.58,110.66,2557.91,0,No Failure,162.5,72.6
H,173.81,9.44,58.19,76.29,21.14,108.12,2494.43,0,No Failure,171.6,75.8
L,146.56,7.03,58.51,85.4,24.91,112.92,2485.53,0,No Failure,171.1,75.6
M,184.6,9.31,45.32,82.63,34.12,100.7,2630.62,0,No Failure,170.5,75.4
M,156.32,8.19,48.55,87.32,25.13,103.6,2346.29,0,No Failure,218.3,92.3
L,150.29,7.36,48.02,84.7,30.35,84.72,1929.71,0,No Failure,157.4,70.7
M,145.16,9.46,47.0,86.39,29.29,107.61,2364.26,0,No Failure,184.7,80.4
L,163.4,9.53,65.13,96.08,8.28,100.75,2467.42,0,No Failure,143.4,65.8
H,157.4,7.96,49.0,82.6,27.65,96.91,1805.85,0,No Failure,184.1,80.2
L,142.16,10.9,53.44,76.42,32.38,116.19,2277.15,0,No Failure,131.5,61.6
M,171.37,6.57,43.98,81.33,24.68,121.58,2695.37,0,No Failure,161.2,72.1
M,156.09,8.65,47.91,74.72,23.49,98.25,2528.59,0,No Failure,207.7,88.6
L,175.11,6.78,50.07,82.14,22.25,97.57,3028.38,0,No Failure,167.9,74.5
M,163.8,7.74,49.77,90.6,12.57,95.77,1729.08,0,No Failure,155.6,70.1
M,172.28,9.87,47.46,80.22,21.15,98.17,2029.43,0,No Failure,176.7,77.6
M,146.45,5.68,47.75,83.67,32.82,97.11,2274.86,0,No Failure,162.9,72.7
L,153.14,8.06,51.25,79.09,26.69,92.56,3513.973,0,No Failure,192.2,83.1
H,179.56,8.71,51.05,119.577,33.72,106.45,3278.96,0,No Failure,139.9,64.6
L,152.09,9.38,46.78,86.02,17.88,91.71,2129.53,0,No Failure,173.9,76.6
L,149.25,10.02,55.94,88.27,31.96,107.78,2019.32,0,No Failure,146.5,66.9
L,153.73,6.61,63.35,86.15,26.92,106.28,2543.44,0,No Failure,164.7,73.3
L,150.69,8.67,55.32,65.8,15.51,105.78,2262.52,0,No Failure,156.3,70.3
M,166.87,8.33,42.96,71.61,22.62,93.53,2616.95,0,No Failure,184.3,80.3
H,152.39,7.65,48.17,78.61,36.29,116.88,2506.3,0,No Failure,169.6,75.1
L,158.37,6.29,54.25,81.94,13.98,94.18,3513.973,0,No Failure,159.6,71.5
H,177.59,8.12,39.58,84.8,29.77,103.19,2252.28,0,No Failure,180.8,79.0
L,176.36,9.65,57.44,75.78,25.9,95.12,2436.84,0,No Failure,170.0,75.2
H,180.4,7.6,53.99,89.08,18.47,109.89,2505.3,0,No Failure,172.1,76.0
L,161.7,8.88,53.06,74.43,15.36,102.28,2290.37,0,No Failure,187.3,81.3
M,146.88,8.92,48.86,69.03,20.22,108.58,2142.89,0,No Failure,167.5,74.3
L,154.91,9.18,42.86,74.84,21.06,103.3,2156.52,0,No Failure,179.1,78.4
L,168.38,8.27,46.66,100.0,22.17,99.1,1964.81,0,No Failure,175.5,77.1
L,162.65,7.41,43.65,100.0,30.49,95.66,2266.45,0,No Failure,167.1,74.2
L,195.62,10.05,40.67,91.19,13.41,113.17,2521.06,0,No Failure,126.0,59.6
H,165.15,8.57,49.41,99.71,21.77,110.19,2284.92,0,No Failure,188.3,81.7
L,144.99,9.1,40.29,79.94,26.35,91.46,1805.51,0,No Failure,145.5,66.5
H,129.43,8.06,47.16,70.85,33.1,83.31,2947.13,0,No Failure,118.7,57.0
L,146.28,8.94,42.22,80.46,32.62,100.26,2801.59,0,No Failure,165.9,73.8
L,155.6,7.14,62.14,89.35,15.61,117.21,2396.52,0,No Failure,147.8,67.3
M,159.19,13.096,62.68,90.46,39.88,78.96,2266.35,0,No Failure,127.4,60.1
L,185.75,7.58,50.34,94.87,26.25,94.21,2657.11,0,No Failure,164.9,73.4
L,159.18,8.09,41.32,85.45,17.96,84.65,2675.76,0,No Failure,173.5,76.5
M,177.51,8.43,50.96,77.66,24.93,87.37,2400.96,0,No Failure,176.5,77.5
M,139.48,10.09,36.91,82.13,21.86,95.24,2860.02,0,No Failure,142.1,65.3
M,177.61,9.78,56.66,88.9,16.27,100.87,2465.81,0,No Failure,169.7,75.1
H,162.29,9.06,42.31,83.5,28.42,108.26,1990.69,0,No Failure,168.4,74.7
M,174.45,7.06,43.46,49.175,28.07,76.67,2137.92,0,No Failure,143.1,65.7
L,166.57,5.9,55.65,88.88,43.42,97.15,2788.49,1,Internal Pump Leakage,13.9,15.5
M,140.71,7.91,47.76,68.81,22.54,106.59,3085.71,0,No Failure,151.9,68.8
H,147.33,8.06,49.45,83.1,23.26,119.62,2805.15,0,No Failure,178.7,78.3
L,138.35,8.85,56.2,81.32,25.48,99.99,2491.99,0,No Failure,185.4,80.6
L,153.0,7.89,57.89,91.33,23.75,103.09,2574.48,0,No Failure,178.8,78.3
H,169.36,9.54,43.4,88.41,16.2,140.993,2650.23,0,No Failure,169.5,75.0
M,150.77,3.754,38.25,85.21,13.76,100.57,2939.72,0,No Failure,157.6,70.8
M,153.13,9.72,47.28,87.5,49.68,102.26,3066.18,0,No Failure,160.0,71.7
L,164.51,6.75,36.89,89.14,32.11,102.03,2341.99,0,No Failure,162.2,72.5
H,157.49,8.09,38.35,84.47,23.69,106.2,2002.94,0,No Failure,184.2,80.2
H,139.77,10.97,47.53,94.58,11.28,99.13,2284.91,0,No Failure,138.3,64.0
M,145.59,6.8,42.35,77.23,28.31,94.09,2058.09,0,No Failure,148.2,67.5
M,168.32,8.92,43.6,100.0,29.99,126.91,2416.53,0,No Failure,151.3,68.6
L,170.29,8.4,50.45,68.4,20.52,132.28,2564.17,0,No Failure,152.1,68.9
M,147.86,8.19,51.7,80.3,20.93,112.33,2774.19,0,No Failure,178.1,78.1
L,169.81,9.4,53.41,81.32,26.57,93.62,2420.33,0,No Failure,191.3,82.8
M,134.97,9.03,32.0,73.6,15.25,127.81,2175.25,0,No Failure,96.7,49.3
L,173.74,7.66,40.69,71.96,42.98,107.57,2107.72,0,No Failure,128.3,60.4
M,152.77,6.34,38.24,93.78,18.73,103.51,2489.11,0,No Failure,160.7,71.9
M,197.56,7.98,49.54,89.44,23.38,93.51,2552.7,0,No Failure,174.2,76.7
M,153.04,9.26,55.71,82.74,26.3,96.98,2362.35,0,No Failure,191.0,82.6
M,171.14,6.72,50.2,73.8,20.69,104.39,2221.6,0,No Failure,175.1,77.0
M,159.65,8.44,51.92,73.68,24.5,102.93,2489.54,0,No Failure,211.5,89.9
M,176.56,8.08,51.17,71.32,30.0,97.65,2728.38,0,No Failure,168.6,74.7
L,175.79,9.43,46.52,87.88,21.73,123.97,2653.51,0,No Failure,164.7,73.3
M,189.6,7.55,47.48,85.07,33.33,108.44,1947.27,0,No Failure,150.8,68.4
L,149.12,9.22,38.94,91.72,33.05,89.9,2383.87,0,No Failure,152.8,69.1
H,170.76,7.3,64.68,87.64,24.47,98.72,2515.29,0,No Failure,173.9,76.6
M,145.37,8.15,45.69,86.16,30.6,109.15,2621.45,0,No Failure,182.7,79.7
H,169.34,7.35,53.5,71.69,23.92,95.13,1997.19,0,No Failure,163.8,73.0
H,171.01,7.9,37.31,87.71,16.38,102.88,2368.43,0,No Failure,178.5,78.2
L,171.3,8.8,48.58,78.29,50.064,101.43,2316.05,0,No Failure,191.7,82.9
L,165.73,8.12,46.54,89.07,24.82,101.68,2020.56,0,No Failure,199.8,85.8
H,172.36,10.83,42.85,77.86,16.9,108.96,2074.77,0,No Failure,144.1,66.0
L,158.21,9.68,48.56,97.35,26.79,94.96,2502.79,0,No Failure,186.8,81.2
M,163.68,8.83,55.05,72.5,26.65,102.71,2498.83,0,No Failure,195.8,84.3
L,155.06,9.02,51.35,99.68,8.0,63.004,2630.24,0,No Failure,140.7,64.8
L,161.55,7.86,47.73,72.35,22.92,85.48,2179.08,0,No Failure,180.0,78.8
H,151.63,6.93,50.41,82.86,16.45,108.97,2149.23,0,No Failure,171.5,75.8
H,178.93,8.29,41.96,70.54,31.57,110.44,2604.72,0,No Failure,157.3,70.7
L,151.49,11.87,41.23,77.71,27.68,114.01,2385.15,0,No Failure,144.3,66.1
M,161.37,9.37,46.58,93.89,29.87,95.01,2638.87,0,No Failure,182.2,79.5
M,162.7,9.28,49.07,81.4,15.7,102.21,2035.12,0,No Failure,189.4,82.1
H,158.62,8.25,46.32,49.175,38.17,93.4,2537.85,0,No Failure,183.2,79.9
L,111.833,8.66,39.4,70.94,10.68,88.72,2248.83,0,No Failure,136.1,63.2
L,142.75,7.08,49.47,86.31,30.64,88.7,2451.06,0,No Failure,172.6,76.1
L,154.24,6.55,42.95,78.38,15.78,103.75,2425.22,0,No Failure,174.6,76.8
H,137.58,8.93,44.72,92.02,22.33,111.6,2796.62,0,No Failure,159.7,71.6
L,114.65,9.75,61.96,91.78,19.48,109.75,2423.82,0,No Failure,151.1,68.5
L,146.8,8.71,45.16,119.577,16.64,105.9,2518.46,0,No Failure,189.4,82.1
H,167.71,6.7,50.75,72.83,26.03,105.76,2259.29,0,No Failure,178.2,78.1
M,147.35,8.32,66.81,82.34,31.55,86.85,2039.15,0,No Failure,132.7,62.0
M,188.71,10.11,51.81,65.69,8.44,110.96,2930.06,0,No Failure,99.1,50.1
H,168.75,11.65,50.94,96.4,26.1,113.32,2032.2,0,No Failure,138.4,64.0
L,162.89,8.84,57.52,90.24,15.79,110.71,2793.15,0,No Failure,164.6,73.3
H,144.62,9.13,56.31,86.68,29.27,103.04,2062.71,0,No Failure,166.0,73.8
L,145.59,8.74,55.21,100.0,28.65,108.74,2752.58,0,No Failure,152.1,68.9
L,167.79,6.61,49.66,90.36,23.75,91.26,2078.68,0,No Failure,169.4,75.0
L,159.43,11.23,47.95,84.48,33.04,94.38,2672.18,0,No Failure,168.6,74.7
L,153.01,10.66,45.11,83.63,30.67,92.97,2326.61,0,No Failure,170.1,75.3
H,167.73,7.84,51.29,66.5,26.14,94.55,2536.41,0,No Failure,180.1,78.8
H,164.89,7.67,48.88,83.5,30.69,106.5,2126.95,0,No Failure,194.3,83.8
L,196.75,6.07,50.13,85.79,19.59,88.63,2890.36,1,Internal Pump Leakage,7.0,15.9
L,148.63,7.85,53.12,51.47,14.44,116.49,2571.6,0,No Failure,128.7,60.6
M,163.16,8.04,49.07,85.81,35.44,100.44,2560.59,0,No Failure,202.3,86.6
L,163.53,7.58,32.04,83.29,18.74,99.78,3018.23,0,No Failure,156.0,70.2
M,169.58,7.14,36.12,92.42,20.63,94.06,2539.19,0,No Failure,161.6,72.2
L,188.49,8.39,45.34,86.04,32.84,103.76,1974.99,0,No Failure,163.1,72.8
L,173.29,10.23,42.57,72.48,38.53,108.86,2273.82,0,No Failure,136.5,63.4
L,144.84,9.02,58.08,58.35,17.54,91.54,1809.05,1,Cooler Thermal Breakdown,3.5,7.1
H,180.37,8.12,50.31,49.175,22.54,104.15,1991.23,0,No Failure,182.8,79.8
L,166.84,8.1,46.22,88.39,16.48,83.78,2890.83,0,No Failure,163.3,72.8
H,154.7,7.96,45.43,88.19,12.35,90.7,2516.84,0,No Failure,176.5,77.5
M,155.28,9.58,35.96,67.35,13.98,111.55,2551.78,0,No Failure,135.9,63.1
L,177.53,9.91,56.21,70.28,32.51,111.3,2811.06,0,No Failure,128.6,60.6
M,172.28,7.33,42.03,95.25,23.82,104.8,2206.45,0,No Failure,174.0,76.6
H,177.58,9.34,54.34,79.99,33.3,107.06,2508.77,0,No Failure,170.4,75.4
L,154.32,9.82,44.24,90.78,25.49,105.43,2188.69,0,No Failure,179.7,78.6
M,193.13,7.25,49.11,90.84,31.92,99.65,2432.11,0,No Failure,167.4,74.3
H,160.41,9.18,73.517,80.75,40.6,82.01,1901.43,0,No Failure,130.3,61.1
M,152.41,6.04,52.19,95.16,32.43,101.79,2262.7,0,No Failure,157.0,70.6
L,184.03,8.94,54.84,86.79,23.43,98.69,2459.08,0,No Failure,190.3,82.4
M,145.23,8.78,47.88,82.34,31.2,88.48,2345.56,0,No Failure,180.4,78.9
L,136.36,8.18,43.7,77.93,22.91,129.65,2398.31,0,No Failure,155.1,69.9
H,158.49,8.64,52.78,81.24,31.39,114.09,2679.42,0,No Failure,181.4,79.2
M,212.584,8.74,48.07,85.89,31.8,101.75,2493.72,0,No Failure,185.4,80.7
M,171.57,11.02,49.01,87.56,13.4,107.36,2749.47,0,No Failure,155.8,70.2
L,111.833,6.35,54.91,58.66,35.25,99.01,2904.12,1,Internal Pump Leakage,3.3,9.4
M,153.6,10.07,40.33,86.2,32.86,98.53,2405.81,0,No Failure,171.2,75.6
L,170.23,8.37,42.27,90.76,16.89,109.38,2576.62,0,No Failure,180.6,78.9
L,165.14,8.4,49.86,71.77,17.37,97.84,1849.93,0,No Failure,168.7,74.7
M,156.4,8.06,45.36,84.48,20.3,99.75,2553.16,0,No Failure,209.2,89.1
M,173.24,9.81,55.1,73.38,21.44,94.04,2561.11,0,No Failure,165.4,73.6
M,189.95,8.59,44.33,72.13,18.58,110.84,2235.16,0,No Failure,153.6,69.4
H,158.36,6.89,51.48,71.48,31.8,105.9,2623.0,0,No Failure,168.5,74.7
M,167.71,3.754,50.23,85.8,19.83,83.77,1927.39,0,No Failure,170.5,75.4
M,165.5,9.46,47.98,83.47,34.28,89.08,2329.62,0,No Failure,182.1,79.5
M,163.93,9.76,52.91,90.23,25.47,116.15,2519.61,0,No Failure,182.1,79.5
L,157.13,8.36,63.22,80.77,28.64,94.63,2027.11,0,No Failure,162.4,72.5
L,178.25,10.21,38.78,89.36,28.6,99.82,2689.41,0,No Failure,154.8,69.8
L,133.91,8.14,33.38,97.77,29.0,94.08,1907.3,0,No Failure,114.3,55.5
M,159.29,8.57,42.1,81.15,37.37,103.33,2491.03,0,No Failure,189.5,82.1
L,162.48,8.15,60.82,94.42,20.43,97.33,2814.45,0,No Failure,157.7,70.9
M,182.03,9.99,57.47,98.72,15.3,96.59,2686.73,0,No Failure,129.7,60.9
L,159.11,6.14,43.08,89.83,16.26,110.1,2811.11,1,Internal Pump Leakage,9.5,23.9
H,161.09,7.57,32.0,88.78,20.23,79.07,3022.02,0,No Failure,127.4,60.1
L,147.96,7.19,43.08,85.98,27.8,105.35,2390.01,0,No Failure,185.5,80.7
H,135.7,7.8,47.84,75.59,34.14,107.83,2171.53,0,No Failure,154.7,69.8
L,162.68,9.36,56.37,89.65,25.97,98.96,2446.43,0,No Failure,197.4,84.9
L,156.39,9.14,58.51,80.43,11.45,98.74,2644.6,0,No Failure,164.2,73.2
L,157.89,8.47,56.01,90.76,27.59,99.98,2014.88,0,No Failure,180.4,78.9
L,154.2,8.11,53.27,94.88,18.78,95.01,2602.06,0,No Failure,178.1,78.1
L,171.56,7.67,50.2,85.36,28.91,102.03,1997.56,0,No Failure,176.9,77.7
L,155.08,7.55,39.19,62.2,23.66,107.05,2551.84,0,No Failure,162.2,72.5
L,171.9,10.48,39.13,99.07,28.01,99.68,2571.07,0,No Failure,151.4,68.6
H,158.49,7.19,56.83,91.12,22.4,111.17,2669.54,0,No Failure,171.9,75.9
L,159.2,10.22,54.19,81.17,31.48,117.87,2674.14,0,No Failure,157.9,70.9
M,190.52,5.88,44.95,85.49,28.19,98.11,2055.28,0,No Failure,144.7,66.2
M,160.33,8.5,48.21,81.91,18.52,103.17,2471.72,0,No Failure,209.3,89.1
L,193.44,9.51,47.39,76.51,34.43,124.42,2577.19,0,No Failure,130.6,61.2
L,173.05,8.0,45.86,99.91,23.35,112.42,2816.32,0,No Failure,165.1,73.5
H,165.9,7.86,48.53,81.46,35.39,95.52,2434.92,0,No Failure,196.3,84.5
M,170.53,8.78,50.54,78.69,21.51,100.16,3055.66,0,No Failure,180.2,78.8
H,176.82,13.096,51.26,82.47,27.44,94.67,2254.78,0,No Failure,159.0,71.3
M,174.15,9.21,49.79,65.6,20.1,102.88,1383.673,0,No Failure,164.1,73.1
L,173.49,7.09,59.17,68.26,19.41,76.3,2379.37,1,Cooler Thermal Breakdown,1.9,14.8
M,154.16,8.62,38.95,85.03,19.25,106.38,2401.94,0,No Failure,192.5,83.2
M,182.96,9.1,41.18,80.08,50.064,103.55,2258.42,0,No Failure,179.9,78.7
L,174.18,8.12,57.15,99.08,18.66,114.31,2731.49,0,No Failure,147.1,67.1
M,160.7,7.16,51.51,74.97,31.01,107.5,2330.31,0,No Failure,180.7,79.0
M,148.48,6.36,35.12,79.05,36.97,89.59,2321.68,1,Proportional Valve Lag,12.8,14.2
L,126.07,7.33,50.06,84.9,24.45,99.02,2472.65,0,No Failure,183.4,79.9
M,160.96,5.41,52.34,78.86,14.97,100.87,2124.47,0,No Failure,158.2,71.0
L,162.48,8.69,48.24,81.88,28.51,122.48,2614.13,0,No Failure,174.6,76.8
H,184.32,11.07,57.58,78.35,22.61,90.62,2543.78,0,No Failure,142.3,65.4
M,169.34,7.85,34.26,79.67,20.05,97.54,2386.59,0,No Failure,176.0,77.3
L,145.04,5.76,47.0,100.0,15.29,115.66,2229.55,0,No Failure,125.4,59.4
H,177.28,9.96,42.97,93.77,26.45,101.49,2598.77,0,No Failure,171.0,75.6
H,172.84,8.68,36.5,79.55,30.43,91.48,1768.36,0,No Failure,138.2,64.0
H,162.52,9.36,49.09,95.11,9.24,85.47,2221.27,0,No Failure,152.6,69.1
H,151.86,8.17,52.66,68.66,20.96,98.08,2493.54,0,No Failure,184.3,80.3
L,162.96,9.22,45.69,88.76,25.13,109.61,2656.77,0,No Failure,196.4,84.6
H,165.68,9.25,43.75,81.14,20.18,98.95,2668.83,0,No Failure,192.3,83.1
H,165.13,8.27,47.07,94.01,20.39,95.85,2460.82,0,No Failure,203.2,87.0
L,178.49,7.88,45.75,94.41,21.07,117.05,2415.13,0,No Failure,171.8,75.8
M,166.26,9.08,50.78,86.18,20.81,105.93,2528.06,0,No Failure,206.2,88.0
M,151.91,7.79,62.47,83.03,26.58,98.26,2078.18,0,No Failure,166.9,74.1
L,163.87,8.93,54.62,90.68,25.5,91.46,2656.74,0,No Failure,184.9,80.5
L,151.82,8.81,56.69,71.85,18.46,109.47,2861.45,0,No Failure,152.3,68.9
H,182.76,8.24,40.98,79.93,14.96,109.65,2903.78,0,No Failure,148.7,67.7
M,149.97,6.99,42.83,82.35,22.52,114.59,2752.59,0,No Failure,166.7,74.0
M,177.37,10.63,48.21,84.12,34.47,102.04,2391.68,0,No Failure,171.8,75.8
M,145.7,8.25,55.28,82.59,16.85,87.42,2403.09,0,No Failure,172.7,76.2
H,155.59,8.51,54.64,81.93,30.41,88.91,2489.61,0,No Failure,186.8,81.2
M,134.93,8.88,44.37,82.71,31.14,83.85,2244.34,0,No Failure,152.3,68.9
M,133.45,7.87,61.7,92.71,32.84,103.34,2840.52,0,No Failure,130.3,61.1
L,145.74,8.46,55.94,76.13,35.13,96.29,2290.72,1,Proportional Valve Lag,5.2,27.1
M,178.98,9.75,49.93,82.93,23.48,83.61,2836.85,0,No Failure,162.4,72.5
L,169.21,9.02,45.14,76.81,34.88,98.48,2356.88,0,No Failure,179.7,78.7
H,151.96,6.08,32.0,95.32,28.26,103.95,2366.25,0,No Failure,141.5,65.1
M,177.42,6.93,58.82,85.56,38.5,119.84,2192.55,0,No Failure,124.3,59.0
M,150.83,5.1,39.1,85.94,37.47,116.96,2593.72,0,No Failure,121.4,58.0
L,151.99,5.67,46.57,80.97,25.82,77.56,2167.14,0,No Failure,145.8,66.6
H,171.14,8.63,58.27,68.01,26.13,102.52,2470.67,1,Cooler Thermal Breakdown,8.9,33.8
L,159.06,7.94,51.71,84.9,19.88,105.96,2354.94,0,No Failure,207.2,88.4
M,179.96,9.14,53.09,80.04,8.39,97.4,2422.02,0,No Failure,162.9,72.7
L,137.58,6.84,45.33,86.27,22.35,98.2,2211.88,0,No Failure,170.8,75.5
H,163.42,7.71,55.09,82.49,32.18,99.16,2359.48,0,No Failure,192.4,83.1
L,150.75,6.97,43.6,94.07,19.01,99.61,2326.41,0,No Failure,171.2,75.6
M,142.79,9.16,38.51,95.25,23.66,115.54,2553.08,0,No Failure,154.4,69.7
M,167.37,8.08,45.61,80.87,9.44,95.5,2057.55,0,No Failure,166.6,74.0
M,148.99,7.65,37.87,79.3,19.7,95.83,2545.32,0,No Failure,170.7,75.5
H,164.87,7.61,52.45,57.33,24.61,98.92,3320.09,0,No Failure,156.7,70.5
M,158.65,6.18,54.5,80.97,10.27,106.76,2464.995,0,No Failure,148.5,67.6
H,159.89,7.47,51.25,73.05,22.45,93.57,2743.14,0,No Failure,179.5,78.6
H,172.82,8.41,51.93,91.84,26.32,108.87,2706.94,0,No Failure,186.0,80.9
M,174.86,9.78,46.66,80.22,20.52,93.59,2305.08,0,No Failure,179.7,78.6
H,159.59,8.21,48.62,70.31,16.29,104.12,2337.36,0,No Failure,192.9,83.3
L,168.57,7.98,49.07,88.68,29.7,93.36,2275.72,0,No Failure,191.3,82.8
M,111.833,7.9,55.71,63.72,21.82,113.64,2712.08,0,No Failure,159.6,71.5
H,177.39,8.69,43.59,76.36,30.93,84.07,2683.97,0,No Failure,154.3,69.7
H,170.99,4.36,48.72,76.75,19.83,90.15,2342.56,0,No Failure,138.2,64.0
L,156.7,9.86,53.05,72.94,15.22,103.08,2285.99,0,No Failure,168.5,74.7
L,161.35,7.37,48.58,94.29,30.36,117.15,2107.59,0,No Failure,135.3,62.9
L,162.81,7.7,55.04,77.68,29.93,101.11,2728.22,0,No Failure,184.0,80.2
L,155.11,9.02,42.69,86.35,28.03,93.57,2268.49,0,No Failure,184.8,80.5
L,156.64,7.97,53.43,99.99,23.15,103.36,2384.02,0,No Failure,190.7,82.5
L,151.05,8.96,57.5,94.44,27.54,103.46,2388.49,0,No Failure,178.6,78.3
L,173.92,10.66,56.81,79.12,31.5,114.8,2534.02,0,No Failure,146.5,66.9
M,174.0,6.19,46.43,77.25,23.72,87.03,2265.49,0,No Failure,163.1,72.8
M,160.88,9.08,47.66,85.27,9.76,96.51,2359.32,0,No Failure,189.9,82.3
L,167.48,9.27,62.32,87.38,32.65,98.29,2190.06,0,No Failure,159.3,71.4
M,171.58,10.35,40.18,72.73,24.17,104.56,2196.26,0,No Failure,161.5,72.2
L,154.97,12.08,40.02,85.31,28.55,105.66,2461.53,0,No Failure,161.5,72.2
M,170.57,9.05,50.37,91.19,29.11,84.49,2687.45,0,No Failure,167.8,74.4
L,159.3,9.26,51.81,80.74,36.21,103.05,2355.91,0,No Failure,187.8,81.5
L,178.6,6.37,58.0,84.27,17.32,118.67,2431.66,0,No Failure,146.7,67.0
L,171.74,9.23,53.9,100.0,31.11,92.35,2602.6,0,No Failure,155.0,69.9
M,180.06,7.27,48.57,74.86,14.96,98.49,2516.34,0,No Failure,172.3,76.0
M,158.88,9.95,54.79,90.08,36.42,98.72,2291.02,0,No Failure,163.9,73.0
L,159.78,8.94,42.08,79.84,33.74,86.81,2328.73,0,No Failure,169.9,75.2
H,170.82,8.38,52.52,97.77,19.39,99.08,2303.43,0,No Failure,183.8,80.1
L,176.54,7.39,48.58,76.89,29.48,105.48,2389.49,0,No Failure,182.7,79.7
H,186.77,10.97,58.79,68.69,27.63,97.43,2859.19,1,Cooler Thermal Breakdown,7.5,10.3
L,143.81,8.72,45.33,85.55,19.97,93.84,2314.13,0,No Failure,185.9,80.8
M,143.64,7.62,52.22,88.66,23.59,124.41,2111.08,0,No Failure,154.9,69.8
M,177.65,8.1,53.69,94.35,18.23,102.44,2981.48,0,No Failure,159.2,71.4
M,160.0,9.43,49.31,100.0,12.49,125.87,2169.97,0,No Failure,137.5,63.7
M,148.51,7.54,46.78,92.29,31.95,92.48,2343.56,0,No Failure,170.3,75.3
M,157.84,10.38,44.66,84.73,25.45,112.52,2449.72,0,No Failure,190.3,82.4
M,150.89,9.35,46.48,97.79,24.78,97.7,2855.88,0,No Failure,169.1,74.9
H,163.17,9.84,69.22,94.81,33.04,105.3,2473.19,0,No Failure,144.4,66.2
H,172.86,6.87,39.93,79.55,20.33,95.53,2557.43,0,No Failure,169.4,75.0
M,160.25,8.47,56.35,84.01,22.92,112.54,2302.62,0,No Failure,199.6,85.7
H,133.72,7.13,39.2,68.91,25.44,109.93,2406.26,0,No Failure,143.7,65.9
L,154.9,7.1,37.92,84.91,37.33,102.45,2527.69,0,No Failure,167.1,74.2
L,168.81,10.36,48.82,97.82,37.8,77.68,2427.21,0,No Failure,134.4,62.6
H,186.39,10.89,41.52,90.97,8.37,118.68,2195.94,0,No Failure,103.1,51.5
H,157.59,7.03,58.15,90.96,13.35,96.67,1383.673,0,No Failure,150.8,68.4
L,212.584,8.98,35.65,91.42,23.86,108.73,2622.2,0,No Failure,177.6,77.9
L,165.03,7.76,62.58,89.07,22.93,115.07,2744.38,0,No Failure,162.3,72.5
M,171.41,13.096,47.43,100.0,36.31,104.86,2664.27,0,No Failure,164.9,73.4
L,182.47,9.74,56.64,87.31,37.35,100.28,2524.08,0,No Failure,153.5,69.4
L,162.48,11.25,46.94,88.6,26.33,102.68,2431.66,0,No Failure,172.8,76.2
M,111.833,7.79,49.37,100.0,25.21,108.79,2704.67,0,No Failure,184.7,80.4
L,164.74,9.12,46.41,74.42,31.93,99.33,2294.96,0,No Failure,185.9,80.8
M,190.35,11.02,48.7,68.24,-1.804,92.32,2396.58,0,No Failure,116.4,56.2
L,138.6,7.51,56.84,84.26,28.53,94.52,2336.99,0,No Failure,167.2,74.2
M,183.32,7.83,34.02,100.0,22.31,97.54,2395.22,0,No Failure,149.4,67.9
H,165.11,7.7,37.38,87.69,25.34,111.06,2397.78,0,No Failure,185.5,80.7
M,170.94,7.01,39.13,84.93,22.33,113.51,2391.39,0,No Failure,176.0,77.3
L,153.6,8.29,37.76,87.18,38.14,85.78,2307.59,0,No Failure,150.4,68.3
M,169.49,7.88,58.17,96.58,21.56,103.92,1906.06,0,No Failure,156.7,70.5
M,146.13,6.35,36.84,83.7,21.61,126.89,2138.39,0,No Failure,128.5,60.5
M,156.33,10.41,53.59,100.0,17.24,91.05,2329.8,0,No Failure,147.6,67.3
H,143.27,8.18,56.05,93.71,23.43,96.49,2383.77,0,No Failure,179.0,78.4
M,150.95,8.84,44.56,86.81,19.97,103.48,2532.32,0,No Failure,199.1,85.5
H,166.2,8.4,48.31,66.34,9.67,119.86,1917.54,0,No Failure,135.2,62.9
M,136.83,9.08,32.0,100.0,9.88,105.0,2419.41,0,No Failure,119.7,57.4
L,140.67,9.91,50.63,86.65,27.82,97.05,2615.54,0,No Failure,173.8,76.6
M,181.77,8.23,32.0,94.53,10.65,97.87,2281.54,0,No Failure,131.8,61.7
M,155.71,9.09,59.36,94.79,22.06,75.55,2623.27,0,No Failure,144.2,66.1
M,173.23,7.78,51.1,91.45,14.43,110.43,2180.96,0,No Failure,165.0,73.4
M,175.88,9.05,52.61,84.35,15.45,84.71,2157.35,0,No Failure,159.1,71.3
M,168.04,8.43,46.26,85.08,21.1,102.63,2464.995,0,No Failure,206.0,88.0
M,174.82,5.41,39.4,82.97,18.52,104.13,1948.65,0,No Failure,139.2,64.3
M,169.92,10.95,44.7,97.16,30.69,93.48,2072.85,0,No Failure,137.5,63.7
M,158.85,6.57,45.56,89.07,20.05,128.87,1937.23,0,No Failure,139.1,64.3
M,162.57,5.22,46.76,91.84,19.62,109.38,3184.21,1,Internal Pump Leakage,4.1,19.2
M,157.92,8.97,47.56,97.53,27.45,100.24,2811.29,0,No Failure,182.7,79.7
M,167.75,10.1,48.21,84.22,23.89,106.09,2651.27,0,No Failure,199.1,85.5
M,164.05,9.74,55.19,72.5,20.27,108.18,2102.86,0,No Failure,162.6,72.6
L,168.02,9.18,41.59,100.0,24.91,109.6,2249.57,0,No Failure,168.1,74.5
L,181.09,7.61,33.43,84.86,19.75,103.16,1965.51,0,No Failure,148.9,67.7
L,171.41,7.22,44.84,100.0,24.24,86.99,2302.29,0,No Failure,161.7,72.3
M,206.54,8.36,43.49,75.31,17.92,109.57,1894.21,0,No Failure,128.4,60.5
L,178.26,7.81,61.06,89.01,25.38,101.68,2148.89,0,No Failure,168.0,74.5
L,169.52,9.29,43.14,81.44,24.6,106.53,2323.87,0,No Failure,196.0,84.4
M,165.35,8.24,52.72,90.1,33.36,115.32,2463.87,0,No Failure,182.6,79.7
L,176.47,8.73,53.05,84.815,34.88,111.39,3029.77,0,No Failure,130.2,61.1
M,156.64,10.63,42.72,87.71,27.39,103.08,3104.25,0,No Failure,155.5,70.1
L,166.11,7.66,40.8,93.86,28.51,102.36,2454.43,0,No Failure,189.2,82.0
H,158.4,8.86,49.31,49.77,14.37,88.21,2283.11,0,No Failure,163.5,72.9
L,143.33,6.54,52.57,85.95,32.95,99.08,1847.68,0,No Failure,141.9,65.3
H,163.4,7.34,46.17,90.83,20.94,131.74,1938.27,0,No Failure,145.8,66.6
L,162.1,8.37,52.61,95.82,19.08,100.94,2416.88,0,No Failure,202.0,86.5
L,138.19,8.05,54.57,82.54,37.08,102.67,2251.12,1,Proportional Valve Lag,5.5,27.9
M,162.66,7.88,42.77,84.44,27.5,82.42,2486.26,0,No Failure,188.9,81.9
L,176.87,11.05,41.19,79.09,21.59,91.73,2761.65,0,No Failure,143.6,65.8
H,158.24,11.45,45.4,89.85,33.36,96.69,2031.34,0,No Failure,145.2,66.4
M,150.79,8.74,44.73,90.56,26.48,91.36,1995.67,0,No Failure,168.9,74.8
L,179.57,7.39,41.09,87.88,34.46,95.2,2049.67,0,No Failure,144.3,66.1
M,156.07,8.7,50.81,85.33,37.26,103.08,2278.16,0,No Failure,189.7,82.2
M,172.47,9.31,45.55,88.5,23.18,108.96,3124.78,0,No Failure,165.5,73.6
M,180.2,9.48,40.02,77.78,18.18,107.18,2325.43,0,No Failure,161.3,72.1
L,162.48,8.25,48.09,81.53,24.28,100.89,2600.81,0,No Failure,216.2,91.6
L,183.11,9.94,56.32,80.66,35.81,99.78,2219.47,0,No Failure,146.3,66.8
M,164.55,8.36,51.52,90.29,23.07,105.57,2792.13,0,No Failure,199.5,85.7
H,175.57,9.92,35.54,93.67,21.54,110.1,3130.54,0,No Failure,123.6,58.8
M,160.82,7.54,44.55,98.13,27.51,109.34,2309.85,0,No Failure,178.9,78.4
L,163.42,6.1,58.33,91.03,20.69,115.94,2191.56,0,No Failure,148.4,67.6
M,147.51,8.01,45.75,86.72,26.4,103.18,2669.91,0,No Failure,195.8,84.3
L,179.03,8.81,58.65,91.34,39.53,99.39,2317.98,0,No Failure,148.8,67.7
L,162.1,7.49,55.0,82.67,14.45,104.62,2854.23,0,No Failure,174.7,76.9
L,160.72,7.44,50.83,90.93,28.09,97.79,2781.89,0,No Failure,185.2,80.6
M,138.17,7.19,45.83,96.83,14.37,115.39,2351.83,0,No Failure,140.3,64.7
M,150.89,6.94,47.45,78.77,23.46,112.58,2347.63,0,No Failure,184.9,80.5
H,147.43,9.71,48.45,79.55,29.15,122.26,2555.47,0,No Failure,165.3,73.5
L,142.96,7.59,50.63,81.47,-1.804,63.004,2977.13,0,No Failure,153.4,69.3
L,173.93,7.56,52.34,95.32,16.16,99.23,2390.07,0,No Failure,174.2,76.7
L,178.63,6.48,48.73,91.54,14.54,108.35,2261.6,0,No Failure,157.2,70.7
H,154.3,7.36,46.1,81.05,12.76,116.34,2157.96,0,No Failure,159.2,71.4
L,158.23,7.07,53.36,88.67,33.74,114.97,2163.59,0,No Failure,157.5,70.8
L,148.21,8.23,54.58,86.9,28.27,101.9,2709.21,0,No Failure,187.8,81.5
L,147.99,8.13,48.18,92.83,18.81,92.64,2686.52,0,No Failure,177.3,77.8
M,132.53,9.79,44.62,89.91,19.18,98.98,2693.67,0,No Failure,155.6,70.1
M,157.35,8.15,52.06,80.34,25.46,96.97,2958.0,0,No Failure,187.2,81.3
H,147.89,8.68,43.17,81.05,30.35,90.81,2475.68,0,No Failure,180.9,79.1
L,179.03,7.93,53.31,91.1,26.99,103.2,2155.47,0,No Failure,177.3,77.8
H,167.85,7.81,52.06,74.99,27.45,108.22,1996.85,0,No Failure,172.1,76.0
L,111.833,8.11,51.36,87.03,15.84,104.21,1947.21,0,No Failure,157.7,70.8
M,175.0,7.86,46.03,82.92,9.56,104.33,2599.97,0,No Failure,177.5,77.9
L,178.88,9.51,46.77,79.26,16.85,92.49,2278.54,0,No Failure,167.8,74.4
L,137.45,13.096,47.14,81.0,21.73,99.24,2431.66,0,No Failure,171.7,75.8
L,142.72,8.21,57.36,89.95,41.67,108.36,2094.7,1,Proportional Valve Lag,11.4,17.6
H,154.83,8.98,50.82,78.04,35.56,113.62,2255.91,0,No Failure,167.9,74.5
M,169.96,8.43,44.94,83.27,33.16,106.36,2370.23,0,No Failure,191.2,82.7
L,184.98,9.4,54.73,80.47,22.43,90.23,2652.58,0,No Failure,162.0,72.4
L,144.85,8.4,51.58,100.0,22.82,77.34,2768.03,0,No Failure,129.5,60.9
H,154.2,7.2,50.01,76.77,28.86,98.02,2785.92,0,No Failure,176.1,77.4
H,186.74,10.49,62.29,77.7,29.44,117.65,2720.38,0,No Failure,114.1,55.4
M,151.21,9.4,53.64,94.8,24.31,92.23,2722.97,0,No Failure,167.2,74.2
L,148.15,7.79,42.37,80.08,30.19,117.3,1848.76,0,No Failure,142.6,65.5
M,166.43,8.32,49.83,89.48,27.2,105.65,2638.11,0,No Failure,204.7,87.5
L,189.01,7.89,44.13,84.91,19.13,117.17,2255.98,0,No Failure,160.7,71.9
M,150.31,10.08,63.32,94.49,19.69,99.8,2788.02,0,No Failure,138.9,64.2
L,143.18,7.61,53.4,72.69,19.73,105.91,3211.15,0,No Failure,138.1,63.9
H,163.52,11.44,48.72,87.65,27.94,89.71,2919.29,0,No Failure,146.9,67.0
M,153.54,9.14,50.81,99.05,22.93,105.31,2141.18,0,No Failure,176.7,77.6
M,168.46,11.08,40.82,80.3,18.98,91.87,2711.57,0,No Failure,150.1,68.1
M,153.07,7.81,23.433,87.76,18.42,88.84,2604.12,0,No Failure,174.6,76.8
L,157.51,7.41,59.67,87.71,20.18,109.43,2122.81,0,No Failure,165.3,73.5
M,168.89,8.07,35.42,73.03,24.57,108.2,2365.39,0,No Failure,174.7,76.9
H,138.82,9.74,41.88,82.63,21.93,96.36,2805.33,0,No Failure,160.1,71.7
L,138.55,8.13,62.97,91.05,20.52,96.56,2407.7,0,No Failure,159.4,71.5
M,148.25,6.62,49.8,82.68,23.28,118.19,2687.69,0,No Failure,170.4,75.4
L,184.22,8.18,45.67,82.55,21.85,107.17,2591.3,0,No Failure,190.9,82.6
L,150.69,7.33,59.87,82.38,33.22,101.09,2323.68,0,No Failure,167.7,74.4
H,144.77,6.3,44.91,73.08,8.0,88.45,3049.72,1,Internal Pump Leakage,5.5,6.2
L,154.09,7.83,45.67,67.72,27.74,91.17,2860.18,0,No Failure,157.0,70.6
H,174.49,10.28,62.61,84.8,17.46,104.29,2067.25,0,No Failure,144.9,66.3
M,143.19,9.77,53.58,97.37,8.0,98.51,2981.77,0,No Failure,117.6,56.7
M,169.77,9.02,49.94,72.27,21.75,89.73,2646.05,0,No Failure,177.2,77.8
L,180.9,10.72,47.97,90.69,23.75,113.59,2454.39,0,No Failure,168.6,74.7
M,141.87,7.48,41.31,93.78,31.95,91.59,2322.37,0,No Failure,147.8,67.3
M,144.7,10.03,46.46,83.42,24.7,101.22,1597.15,0,No Failure,158.2,71.0
L,181.46,12.46,46.39,76.32,8.83,92.33,2796.85,0,No Failure,107.1,52.9
L,165.23,8.11,49.25,94.28,23.23,87.23,2805.71,0,No Failure,180.7,79.0
H,163.61,7.12,43.78,74.01,18.62,77.73,2608.17,0,No Failure,153.0,69.2
M,162.78,8.72,45.04,66.49,28.91,94.5,2105.33,0,No Failure,168.6,74.7
L,157.05,8.89,51.7,92.04,16.07,103.08,2295.28,0,No Failure,188.2,81.7
M,183.55,8.14,39.95,84.81,17.15,93.93,2201.74,0,No Failure,162.8,72.7
M,155.91,3.754,33.26,93.46,22.02,97.12,2421.65,0,No Failure,174.9,77.0
M,165.06,9.78,48.71,95.07,18.65,115.33,2769.58,0,No Failure,164.1,73.1
L,165.23,7.09,57.13,83.82,23.75,125.22,2438.77,0,No Failure,175.4,77.1
L,168.93,9.82,47.05,77.46,25.22,98.42,2678.28,0,No Failure,188.3,81.7
M,163.74,7.51,44.89,100.0,19.33,116.65,3513.973,0,No Failure,155.8,70.2
M,152.56,8.9,37.38,70.37,25.0,117.73,3065.3,0,No Failure,132.7,62.0
L,145.84,8.18,44.64,90.87,23.97,107.62,2658.04,0,No Failure,187.2,81.3
M,165.21,8.92,38.39,90.71,17.82,106.54,2690.69,0,No Failure,172.5,76.1
L,157.87,5.46,49.36,119.577,19.43,88.49,2307.32,0,No Failure,170.8,75.5
M,154.4,9.53,48.21,92.49,39.85,96.31,2591.4,0,No Failure,158.3,71.1
H,161.17,6.5,46.5,94.41,21.87,110.83,2407.71,0,No Failure,183.1,79.8
H,147.63,10.04,50.9,81.43,26.95,95.67,2703.23,0,No Failure,174.6,76.8
L,152.94,9.92,51.57,94.35,18.0,117.58,2821.94,0,No Failure,145.5,66.5
M,169.39,6.68,43.66,87.69,18.39,112.34,2289.63,0,No Failure,168.3,74.6
H,180.26,9.45,46.62,76.18,31.63,122.67,2639.48,0,No Failure,146.8,67.0
H,145.86,10.04,54.76,89.62,24.1,102.29,2018.65,0,No Failure,165.3,73.5
H,152.64,8.5,46.01,94.1,34.2,97.01,1678.13,0,No Failure,162.2,72.4
L,148.99,9.93,41.01,100.0,27.79,112.35,2372.77,0,No Failure,149.1,67.8
H,158.89,9.02,32.0,77.43,14.81,120.34,2579.16,0,No Failure,141.1,65.0
L,169.33,8.92,56.53,83.71,31.11,79.75,2321.82,0,No Failure,163.3,72.8
M,165.0,8.92,52.56,75.26,23.43,89.52,2620.41,0,No Failure,186.1,80.9
H,183.96,9.09,42.14,87.43,33.29,95.9,1383.673,0,No Failure,165.1,73.5
L,150.11,6.66,42.75,83.92,15.89,116.32,2832.77,0,No Failure,146.9,67.0
H,171.28,9.0,35.07,89.64,25.75,81.01,2157.35,0,No Failure,146.0,66.7
L,154.0,8.45,39.68,82.75,25.52,106.71,2533.17,0,No Failure,199.4,85.6
M,144.55,6.67,47.74,80.81,24.34,73.23,2548.67,0,No Failure,157.4,70.7
M,175.31,9.27,49.48,66.37,15.99,95.44,2296.15,0,No Failure,159.6,71.5
L,172.71,9.5,35.38,99.6,27.37,79.19,2835.15,0,No Failure,115.9,56.0
L,164.97,8.34,49.64,92.69,27.71,113.49,2723.55,0,No Failure,187.3,81.3
M,142.69,10.68,50.24,94.73,29.49,103.34,2459.67,0,No Failure,165.5,73.6
M,190.89,6.08,41.98,88.37,-1.804,93.75,2258.2,0,No Failure,138.5,64.1
L,149.53,7.98,73.517,86.15,50.064,123.41,2431.66,0,No Failure,170.9,75.5
H,160.31,6.58,65.39,82.62,27.08,76.37,2712.73,0,No Failure,132.8,62.0
L,170.61,9.38,41.8,49.175,17.83,88.25,2381.41,0,No Failure,159.8,71.6
L,180.58,9.34,48.37,84.34,23.19,81.14,2447.34,0,No Failure,183.4,80.0
L,141.69,6.21,61.93,93.82,29.13,82.48,2516.14,0,No Failure,118.5,57.0
H,187.97,6.71,39.74,68.18,25.83,84.71,2722.3,0,No Failure,118.3,56.9
L,173.61,10.12,53.09,78.89,20.33,101.54,2510.31,0,No Failure,183.4,80.0
M,172.28,6.27,48.72,79.73,39.39,96.8,2536.99,0,No Failure,160.9,72.0
M,163.44,8.35,50.68,86.52,31.07,96.02,3513.973,0,No Failure,199.2,85.6
L,170.3,8.07,49.49,67.74,21.13,84.43,2129.84,0,No Failure,160.4,71.8
L,149.33,10.33,51.92,86.99,16.92,113.53,2354.44,0,No Failure,163.7,73.0
H,166.3,7.95,47.48,86.76,27.19,87.27,2326.44,0,No Failure,194.8,84.0
L,160.25,9.29,54.45,95.5,24.24,97.42,2960.52,0,No Failure,170.0,75.2
L,148.81,9.8,52.41,78.47,27.94,97.46,2901.28,0,No Failure,161.9,72.4
L,129.5,5.97,54.0,96.97,17.91,107.14,2962.48,1,Internal Pump Leakage,3.3,9.1
M,151.45,9.63,59.41,80.89,12.44,123.4,2574.11,0,No Failure,135.6,63.0
L,166.55,7.28,41.02,81.19,8.0,94.09,2341.54,0,No Failure,159.2,71.4
M,171.25,9.23,48.96,69.67,21.69,88.2,2854.05,0,No Failure,159.8,71.6
L,151.8,8.81,37.43,72.62,27.15,102.59,2776.06,0,No Failure,164.8,73.4
M,181.23,7.71,47.01,94.45,22.25,107.51,2168.13,0,No Failure,172.3,76.0
H,173.66,8.69,46.37,74.55,29.38,112.79,2430.97,0,No Failure,183.0,79.8
L,170.82,10.28,45.19,91.24,24.9,98.19,2172.56,0,No Failure,174.8,76.9
H,179.6,10.0,41.38,76.04,31.77,104.4,2694.54,0,No Failure,150.7,68.4
L,152.11,8.31,47.6,100.0,21.24,96.18,2259.1,0,No Failure,182.8,79.8
M,155.7,7.49,55.26,76.88,21.91,129.76,2681.8,0,No Failure,150.8,68.4
L,111.833,8.44,73.517,74.87,12.41,98.58,2584.8,0,No Failure,170.0,75.2
M,157.48,9.4,38.87,77.66,21.61,102.44,1782.39,0,No Failure,158.8,71.2
L,154.38,7.91,51.12,85.52,28.09,103.77,1872.3,0,No Failure,182.6,79.7
L,177.72,10.62,67.73,82.86,29.92,122.51,2669.65,0,No Failure,113.5,55.2
L,172.25,7.29,44.88,75.51,32.33,108.57,2691.93,0,No Failure,163.2,72.8
H,162.99,7.58,51.82,78.99,30.12,106.89,2234.54,0,No Failure,188.5,81.8
L,159.9,7.92,56.91,75.7,14.27,110.79,2143.07,0,No Failure,159.9,71.6
L,186.61,7.98,51.08,74.43,21.17,86.12,2573.56,0,No Failure,161.4,72.2
M,176.57,11.15,43.7,100.0,28.29,96.55,2572.9,0,No Failure,143.2,65.7
L,169.25,5.4,52.49,83.58,23.59,94.58,1855.33,0,No Failure,154.5,69.7
L,158.58,10.09,44.52,83.43,39.46,117.04,2591.1,0,No Failure,155.1,69.9
M,167.53,8.74,44.83,85.75,21.59,63.004,3030.39,0,No Failure,182.1,79.5
L,157.94,8.99,50.33,83.23,22.81,107.76,1859.43,0,No Failure,187.6,81.4
M,164.88,9.8,41.35,77.74,35.98,109.21,2535.79,0,No Failure,163.1,72.8
H,191.6,7.26,47.37,74.78,31.03,98.02,2793.45,0,No Failure,148.8,67.7
M,156.93,7.1,53.63,81.04,29.69,91.11,2362.01,0,No Failure,178.2,78.1
H,169.03,7.1,43.78,84.85,21.41,79.62,2438.08,0,No Failure,175.3,77.1
L,167.29,9.18,60.07,83.01,24.92,100.82,2674.08,0,No Failure,188.0,81.6
L,159.62,9.93,43.46,57.55,28.4,126.14,2195.96,0,No Failure,122.7,58.5
L,173.39,10.51,48.58,90.55,33.1,112.45,2429.72,0,No Failure,156.2,70.3
H,174.88,7.92,54.99,100.0,32.87,100.87,2408.62,0,No Failure,165.9,73.7
L,143.08,6.4,49.0,77.41,33.24,101.79,1806.58,0,No Failure,141.5,65.1
H,147.68,8.01,38.94,90.08,27.86,84.94,2640.12,0,No Failure,156.2,70.3
H,157.42,8.2,51.57,73.97,9.42,91.66,2829.16,0,No Failure,154.2,69.6
L,170.36,6.95,57.14,85.69,26.78,97.19,2012.6,0,No Failure,164.7,73.3
L,152.8,7.6,44.65,88.13,31.43,140.993,2349.94,0,No Failure,189.4,82.1
M,161.65,8.49,51.19,79.35,31.5,118.09,2188.73,0,No Failure,179.9,78.7
M,169.35,9.05,55.03,91.03,24.78,102.81,2163.02,0,No Failure,186.6,81.1
M,180.22,8.2,35.68,75.51,21.29,92.61,2615.88,0,No Failure,157.3,70.7
L,149.6,8.85,46.38,98.08,25.39,109.95,3513.973,0,No Failure,171.3,75.7
L,166.3,9.82,60.39,100.0,25.81,107.98,2492.13,0,No Failure,160.9,72.0
H,170.17,6.46,44.89,78.8,16.48,101.86,2745.98,0,No Failure,168.2,74.6
L,153.49,8.5,57.34,87.56,22.61,120.98,2195.13,0,No Failure,169.3,75.0
L,162.48,7.74,57.31,67.34,34.27,92.87,2299.23,1,Cooler Thermal Breakdown,9.2,20.4
M,185.37,10.48,32.0,93.02,11.78,105.87,2973.96,0,No Failure,95.9,49.0
M,165.58,7.34,52.4,98.66,14.8,90.2,2478.42,0,No Failure,162.7,72.6
L,164.42,7.99,33.37,90.01,14.93,95.67,2216.75,0,No Failure,157.9,70.9
L,159.83,6.46,53.42,95.29,28.13,93.12,2288.81,0,No Failure,164.6,73.3
L,144.61,10.29,48.58,119.577,26.04,112.56,2925.37,0,No Failure,147.5,67.2
L,143.62,6.31,42.23,86.12,20.39,111.65,2438.31,0,No Failure,164.8,73.4
L,155.95,6.86,47.46,93.98,29.65,107.42,2204.93,0,No Failure,172.2,76.0
H,157.92,9.69,47.6,94.38,12.1,94.74,2330.63,0,No Failure,168.3,74.6
L,163.19,8.57,33.39,78.88,34.27,100.33,2417.7,0,No Failure,176.0,77.3
M,162.19,9.4,55.34,81.24,22.49,106.25,2429.06,0,No Failure,202.3,86.6
L,173.32,8.6,58.56,81.29,15.63,96.59,2070.67,0,No Failure,162.0,72.4
L,185.31,4.24,50.29,82.57,26.4,100.23,2320.14,0,No Failure,157.4,70.8
L,145.74,9.25,44.52,93.35,32.12,111.16,2631.42,0,No Failure,158.2,71.0
L,157.4,7.23,47.61,88.04,14.76,104.88,2093.63,0,No Failure,177.5,77.8
L,162.8,10.01,44.9,100.0,38.19,106.1,1868.26,0,No Failure,132.2,61.8
M,147.49,7.91,51.96,95.32,28.04,96.89,2816.34,0,No Failure,165.9,73.8
H,190.21,8.64,50.59,88.4,14.42,108.91,2886.42,0,No Failure,151.8,68.8
M,146.45,8.04,41.17,91.32,20.02,120.51,2464.17,0,No Failure,164.3,73.2
M,141.5,10.89,51.53,84.66,20.48,96.83,1964.93,0,No Failure,150.5,68.3
L,148.49,8.21,46.26,97.06,16.04,114.2,2611.94,0,No Failure,163.4,72.9
L,165.36,7.18,50.84,86.04,23.62,101.55,2431.66,0,No Failure,202.5,86.7
L,146.07,8.54,59.3,76.89,11.7,104.58,2116.61,0,No Failure,148.5,67.6
L,172.8,9.8,56.17,64.76,8.97,104.56,2611.18,1,Cooler Thermal Breakdown,3.9,16.7
M,177.89,9.33,47.2,68.53,12.22,103.21,2499.93,0,No Failure,163.4,72.9
L,146.94,7.75,48.15,67.1,36.75,98.7,2342.2,1,Proportional Valve Lag,5.6,26.6
H,149.04,8.62,45.84,75.39,27.6,102.34,2301.74,0,No Failure,192.9,83.3
M,212.584,8.61,54.87,85.85,38.55,77.84,2372.61,1,Proportional Valve Lag,12.2,22.3
M,165.35,5.64,57.77,82.89,31.02,95.52,2465.33,0,No Failure,165.1,73.5
M,181.42,8.39,52.92,69.08,24.53,110.03,2924.31,0,No Failure,157.0,70.6
L,140.72,8.85,58.75,76.46,18.94,111.35,1822.0,0,No Failure,131.8,61.7
M,167.59,9.81,52.98,70.02,18.26,107.15,2871.75,0,No Failure,153.2,69.3
M,151.7,9.3,45.66,95.1,33.71,112.52,2278.0,0,No Failure,158.9,71.3
H,148.53,10.36,44.9,91.91,27.21,86.4,2571.5,0,No Failure,156.1,70.3
M,159.75,9.03,57.65,64.39,23.01,99.18,2168.84,1,Cooler Thermal Breakdown,2.2,28.7
M,131.47,6.15,38.73,75.19,26.73,117.13,2388.83,0,No Failure,126.9,60.0
M,164.81,9.06,41.72,72.26,20.79,103.53,3040.67,0,No Failure,163.7,73.0
M,160.72,6.25,43.3,100.0,21.18,81.53,2566.39,0,No Failure,146.1,66.7
L,134.85,8.28,54.51,94.29,20.2,115.08,2280.09,0,No Failure,153.5,69.4
M,156.14,6.73,41.39,85.19,22.99,102.45,1999.41,0,No Failure,176.8,77.6
M,148.29,5.84,56.35,71.19,36.2,100.94,2968.28,1,Internal Pump Leakage,4.1,11.1
M,174.59,8.31,41.12,76.22,25.63,119.2,2176.27,0,No Failure,163.1,72.8
L,167.52,8.98,57.67,89.12,20.12,103.09,2251.69,0,No Failure,184.5,80.3
H,171.44,11.59,56.32,92.97,30.77,117.73,2956.7,0,No Failure,112.0,54.7
H,153.76,8.0,56.73,88.06,31.48,97.49,2818.47,0,No Failure,168.0,74.5
M,187.58,8.81,48.66,72.1,33.89,98.59,3513.973,0,No Failure,167.3,74.2
L,185.24,7.76,46.82,86.38,26.04,103.61,2248.86,0,No Failure,188.3,81.7
H,169.27,10.22,55.56,76.08,36.79,95.37,2780.6,0,No Failure,139.7,64.5
L,164.76,8.97,48.32,85.8,24.22,113.48,2509.65,0,No Failure,210.8,89.7
L,134.45,6.15,44.21,89.26,44.23,106.37,2785.78,1,Internal Pump Leakage,2.3,10.1
L,161.8,8.27,56.51,100.0,15.07,103.8,2685.92,0,No Failure,168.8,74.8
M,174.29,7.11,45.32,95.69,24.21,95.8,2600.42,0,No Failure,174.7,76.9
H,166.43,8.43,48.37,91.52,28.05,98.67,2103.72,0,No Failure,196.0,84.4
L,169.07,7.4,38.62,100.0,23.75,121.08,2904.56,0,No Failure,121.5,58.0
M,133.92,6.07,56.22,77.84,32.11,114.43,2349.58,0,No Failure,127.8,60.3
L,167.34,8.4,47.01,80.58,25.22,104.28,2475.45,0,No Failure,217.4,92.0
L,174.22,7.61,55.34,86.98,23.8,116.18,2379.97,0,No Failure,180.2,78.8
L,141.21,9.58,38.83,85.54,29.06,99.39,2340.42,0,No Failure,167.3,74.3
L,162.48,8.45,55.13,119.577,18.94,104.23,2950.96,0,No Failure,176.3,77.4
L,156.76,9.66,49.72,84.815,26.33,92.44,2290.04,0,No Failure,189.6,82.1
L,166.11,7.76,52.95,93.86,20.6,96.18,2448.25,0,No Failure,192.2,83.1
L,140.03,10.25,58.03,82.37,24.64,102.72,2533.72,0,No Failure,171.3,75.7
L,164.89,8.0,43.18,83.29,8.93,92.71,2851.2,0,No Failure,161.9,72.3
L,142.24,9.32,48.58,62.23,28.5,114.44,3014.39,0,No Failure,118.5,57.0
M,149.84,7.1,47.11,87.12,23.26,85.59,2208.43,0,No Failure,173.8,76.6
L,161.16,9.99,49.53,76.64,15.56,109.44,2355.2,0,No Failure,179.9,78.7
M,167.06,9.27,45.67,95.77,13.64,107.57,2081.28,0,No Failure,159.0,71.3
L,191.9,7.28,55.69,78.44,17.81,104.51,2406.36,0,No Failure,159.4,71.5
H,158.16,8.6,50.23,80.39,21.79,83.61,2532.88,0,No Failure,194.3,83.8
H,170.63,7.44,52.62,81.59,25.24,87.6,2751.93,0,No Failure,175.0,77.0
L,147.44,8.5,50.18,85.54,15.64,89.29,2638.37,0,No Failure,178.4,78.2
M,179.64,6.76,48.57,76.47,21.26,97.33,2096.27,0,No Failure,166.7,74.0
M,150.38,8.43,50.2,72.29,24.23,98.09,2490.53,0,No Failure,186.9,81.2
M,165.74,9.63,34.82,82.75,21.78,100.37,2292.33,0,No Failure,180.3,78.9
L,174.04,7.25,49.88,85.76,28.41,100.67,1890.01,0,No Failure,174.2,76.7
M,145.78,5.97,55.12,78.46,26.04,104.51,1866.63,0,No Failure,142.5,65.5
L,173.54,6.94,36.8,88.44,28.34,95.77,2691.47,0,No Failure,155.9,70.2
L,161.69,7.01,54.44,81.75,12.16,109.67,2092.53,0,No Failure,160.7,71.9
L,166.07,8.51,41.41,91.33,27.82,89.73,2397.14,0,No Failure,184.9,80.5
L,159.52,11.01,37.26,73.47,15.0,106.04,2835.32,0,No Failure,131.7,61.7
L,162.85,9.43,54.25,91.57,18.18,102.58,2596.37,0,No Failure,187.1,81.3
L,165.9,6.94,41.85,90.65,18.15,92.03,2476.29,0,No Failure,172.9,76.2
H,181.58,7.48,59.76,73.66,34.5,105.08,2224.97,0,No Failure,139.0,64.2
L,198.23,8.4,52.42,82.41,25.78,88.08,2286.14,0,No Failure,151.0,68.5
L,164.13,5.52,53.13,70.38,20.41,116.29,2215.18,0,No Failure,142.8,65.6
L,157.2,6.57,49.15,81.64,9.01,99.37,2760.17,1,Internal Pump Leakage,10.9,28.3
L,165.24,8.85,38.36,71.94,23.24,101.04,2581.74,0,No Failure,185.3,80.6
H,169.4,6.65,48.72,95.02,21.49,100.8,2467.61,0,No Failure,190.8,82.6
H,166.67,10.2,50.99,85.31,20.91,80.22,2094.23,0,No Failure,159.7,71.6
H,135.74,9.58,37.16,83.92,21.68,99.18,2490.11,0,No Failure,169.0,74.8
M,159.3,8.71,57.99,85.88,12.76,112.86,2482.56,0,No Failure,175.7,77.2
H,212.584,6.7,44.45,63.95,19.97,91.04,2472.48,0,No Failure,157.1,70.6
H,164.31,8.38,57.33,98.85,24.85,103.82,2534.01,0,No Failure,190.4,82.4
M,167.04,7.11,49.42,91.72,25.92,103.82,2503.29,0,No Failure,200.0,85.8
H,164.19,9.72,52.4,97.03,30.47,72.94,2688.83,0,No Failure,137.4,63.6
L,156.98,8.93,46.87,86.21,26.76,119.03,2353.89,0,No Failure,192.0,83.0
L,161.82,7.09,54.86,85.64,22.64,92.17,2212.18,0,No Failure,184.7,80.4
L,163.78,8.91,23.433,99.15,35.09,97.88,2897.17,0,No Failure,152.5,69.0
L,187.09,7.73,40.37,71.85,12.35,115.72,3219.47,0,No Failure,98.7,50.0
H,155.18,7.41,55.16,94.25,31.7,110.91,1383.673,0,No Failure,166.4,73.9
L,141.33,7.98,49.34,80.74,25.05,115.49,2310.57,0,No Failure,183.5,80.0
L,160.05,9.88,49.21,69.2,10.6,98.73,3513.973,0,No Failure,152.3,68.9
L,157.8,8.38,48.58,89.81,30.95,107.88,2528.42,0,No Failure,198.8,85.4
M,170.44,8.41,51.33,84.47,35.35,102.44,2545.75,0,No Failure,185.3,80.6
L,161.28,7.97,44.06,95.89,27.3,98.93,2110.16,0,No Failure,182.5,79.6
H,138.53,9.51,44.44,93.34,20.37,95.47,2551.01,0,No Failure,163.8,73.0
L,189.28,8.42,51.19,72.79,32.48,106.54,2242.95,0,No Failure,159.8,71.6
M,157.91,9.03,46.79,85.7,18.2,111.75,1777.35,0,No Failure,168.5,74.7
M,165.38,5.96,48.21,79.11,25.15,95.58,2464.27,0,No Failure,186.1,80.9
L,156.64,7.45,43.02,74.05,22.45,109.75,2756.78,0,No Failure,172.2,76.0
H,154.46,10.07,59.14,89.38,22.52,92.81,2225.43,0,No Failure,160.9,72.0
M,159.68,8.65,35.26,72.78,16.62,91.0,2466.64,0,No Failure,163.7,73.0
L,115.88,9.48,32.87,77.71,20.15,102.36,3513.973,0,No Failure,143.4,65.8
L,168.6,6.88,41.23,84.815,37.43,98.39,2048.98,0,No Failure,141.8,65.2
L,145.02,10.64,44.24,55.46,18.32,104.81,2341.4,0,No Failure,130.5,61.2
L,139.73,9.39,44.09,70.87,31.01,120.61,2476.98,0,No Failure,142.1,65.3
H,143.18,7.2,54.36,89.62,32.78,108.45,2366.26,0,No Failure,160.3,71.8
M,145.63,8.35,49.31,77.08,26.95,106.32,2489.24,0,No Failure,199.0,85.5
M,139.02,9.74,46.97,59.04,16.4,132.4,2481.21,0,No Failure,110.4,54.1
H,178.3,7.19,42.11,80.83,22.19,98.19,2229.94,0,No Failure,175.2,77.1
H,188.84,7.23,44.21,85.57,33.53,93.45,2734.08,0,No Failure,148.2,67.5
L,155.43,7.43,73.517,86.19,21.19,88.84,2383.0,0,No Failure,192.4,83.2
L,162.48,6.75,50.13,82.19,25.83,105.42,2619.42,0,No Failure,198.1,85.1
L,154.52,8.04,50.82,100.0,33.19,105.17,2676.58,0,No Failure,168.9,74.8
M,171.7,9.35,57.66,84.54,23.4,103.73,2176.06,0,No Failure,185.0,80.5
M,164.33,7.18,34.27,88.62,18.88,101.14,2730.43,0,No Failure,165.4,73.6
L,163.44,7.45,54.92,65.34,27.13,104.21,2462.58,0,No Failure,179.4,78.5
M,172.79,6.68,52.27,70.68,25.61,102.48,2342.96,0,No Failure,175.8,77.3
L,177.59,11.58,46.95,82.51,28.94,110.43,2499.67,0,No Failure,163.6,73.0
L,163.62,7.31,41.01,86.6,27.9,133.89,2284.32,0,No Failure,153.0,69.2
M,150.11,5.42,49.03,90.72,14.52,109.32,2244.54,0,No Failure,149.2,67.8
L,176.2,7.87,53.13,67.02,16.71,95.01,2185.22,0,No Failure,151.5,68.7
L,135.16,7.94,43.51,64.38,30.46,103.12,2266.92,0,No Failure,148.1,67.4
L,181.11,8.53,41.65,78.5,19.21,107.85,3007.51,0,No Failure,155.4,70.0
H,166.35,7.71,32.0,70.14,25.01,102.395,2681.97,0,No Failure,141.2,65.0
H,186.28,8.93,54.76,83.07,21.5,96.58,2539.61,0,No Failure,180.9,79.1
M,212.584,8.61,41.07,64.33,22.07,104.33,2536.22,0,No Failure,168.8,74.8
L,141.08,8.08,41.67,83.59,20.69,122.44,2622.92,0,No Failure,161.8,72.3
L,161.93,10.69,50.53,86.36,30.93,103.37,3513.973,0,No Failure,152.3,68.9
L,178.07,9.42,49.7,82.66,24.81,93.92,2254.75,0,No Failure,188.3,81.7
L,171.13,7.73,57.94,88.55,20.25,101.34,2973.43,0,No Failure,165.6,73.7
L,157.75,9.49,51.55,90.09,16.17,84.6,2663.47,0,No Failure,162.8,72.6
M,158.07,5.48,55.49,92.13,24.23,98.29,2589.57,0,No Failure,167.8,74.4
M,143.41,4.78,50.46,97.55,25.24,90.45,2625.76,0,No Failure,135.1,62.8
M,184.55,7.17,53.78,91.2,14.54,111.75,2451.92,0,No Failure,153.6,69.4
M,142.22,7.69,45.82,84.12,35.44,90.9,2365.97,1,Proportional Valve Lag,12.7,29.5
H,172.51,10.7,44.47,78.27,33.4,84.83,2496.24,0,No Failure,147.5,67.2
L,170.98,10.85,51.19,85.16,30.98,99.37,2006.68,0,No Failure,160.8,71.9
M,143.29,8.7,45.25,77.2,26.42,97.87,2168.56,0,No Failure,179.1,78.4
L,159.89,8.44,52.45,81.78,13.22,106.84,2433.73,0,No Failure,199.0,85.5
L,174.39,8.27,44.8,93.38,33.29,105.95,2455.84,0,No Failure,182.6,79.7
L,163.76,8.02,56.6,88.73,25.59,115.04,2909.03,0,No Failure,170.1,75.3
L,160.95,7.98,32.0,62.37,24.99,89.37,2441.8,0,No Failure,152.0,68.8
H,180.1,8.81,38.39,83.78,24.36,91.11,2895.47,0,No Failure,161.9,72.3
M,160.31,7.28,48.1,86.64,28.67,109.82,2752.48,0,No Failure,189.0,81.9
L,157.07,9.33,43.75,95.83,26.29,94.71,2431.21,0,No Failure,184.3,80.3
M,184.83,7.58,49.41,100.0,15.67,92.3,2735.2,0,No Failure,142.6,65.5
M,160.53,10.03,51.26,77.44,20.54,96.87,2315.57,0,No Failure,187.0,81.2
L,191.37,7.89,47.04,81.86,31.38,114.43,2216.29,0,No Failure,159.2,71.4
M,157.52,9.22,48.08,84.39,11.72,114.22,2438.45,0,No Failure,186.4,81.0
L,168.39,9.31,55.08,80.4,40.64,108.9,2387.39,0,No Failure,162.4,72.5
L,165.82,10.37,59.15,78.38,22.05,107.92,2629.35,0,No Failure,166.4,73.9
L,185.38,9.44,41.41,69.99,50.064,102.03,2567.19,0,No Failure,143.6,65.9
M,160.71,10.21,56.44,73.58,22.39,96.41,2921.91,0,No Failure,156.3,70.3
M,172.47,8.94,47.35,95.31,28.15,101.77,2960.77,0,No Failure,173.1,76.3
L,157.42,8.97,50.21,95.9,18.18,108.27,2603.69,0,No Failure,182.7,79.7
M,163.94,6.11,46.16,92.95,23.37,106.61,2554.02,0,No Failure,184.4,80.3
L,162.64,9.23,45.0,91.47,24.13,115.97,2328.57,0,No Failure,189.3,82.1
L,171.97,8.67,45.25,83.55,15.82,107.92,2619.92,0,No Failure,189.2,82.0
M,148.83,10.99,60.33,85.09,27.28,96.94,2504.38,0,No Failure,159.3,71.4
H,166.52,9.51,51.89,96.98,21.61,84.38,2633.34,0,No Failure,163.0,72.7
L,163.16,7.71,47.08,94.32,11.3,93.29,2310.91,0,No Failure,172.2,76.0
H,152.39,6.11,37.73,80.61,27.95,102.37,3054.1,1,Internal Pump Leakage,1.5,20.7
L,150.78,8.49,41.55,66.56,27.39,98.42,2596.28,0,No Failure,171.0,75.6
L,170.45,9.22,39.26,71.89,19.42,105.93,2225.11,0,No Failure,162.7,72.6
M,163.14,6.14,54.74,79.66,19.8,93.63,2340.38,0,No Failure,172.5,76.1
L,153.31,8.69,41.68,78.97,25.51,99.35,2867.01,0,No Failure,181.5,79.3
M,158.44,9.91,49.35,87.39,34.4,94.83,1957.67,0,No Failure,162.0,72.4
M,133.04,6.96,52.46,81.52,32.37,119.92,2495.42,0,No Failure,144.5,66.2
L,175.9,6.3,49.53,72.26,20.59,96.56,2151.93,0,No Failure,157.8,70.9
M,157.84,9.08,45.83,83.46,17.89,103.31,2167.7,0,No Failure,196.0,84.4
M,111.833,8.43,46.27,75.12,17.61,98.45,2757.57,0,No Failure,178.9,78.4
M,156.23,8.07,44.36,82.63,28.5,99.99,2830.28,0,No Failure,191.5,82.8
M,166.87,8.28,23.433,100.0,21.36,106.45,2487.63,0,No Failure,188.4,81.7
L,143.9,9.86,58.01,76.28,22.73,87.9,1979.19,0,No Failure,134.3,62.6
M,180.92,7.6,51.18,80.46,25.71,87.05,2202.17,0,No Failure,168.9,74.8
H,168.24,9.15,56.86,86.45,33.87,118.38,2345.1,0,No Failure,161.4,72.1
M,176.95,10.42,64.91,79.96,35.46,90.04,2093.28,0,No Failure,111.5,54.5
M,161.46,7.21,46.97,86.23,30.79,98.2,2501.24,0,No Failure,200.5,86.0
L,155.97,7.44,58.33,84.71,24.25,84.91,2667.91,0,No Failure,171.0,75.6
M,170.87,10.06,56.61,79.85,29.93,119.15,2554.38,0,No Failure,153.8,69.5
H,166.35,8.07,52.5,98.08,19.38,99.34,2486.27,0,No Failure,190.1,82.3
L,163.02,7.23,43.05,86.39,18.61,104.53,2469.97,0,No Failure,197.8,85.1
H,131.32,13.096,34.12,90.26,19.98,99.91,2373.0,0,No Failure,136.2,63.2
M,111.833,6.22,52.45,100.0,20.29,100.6,2256.96,0,No Failure,160.6,71.9
L,170.75,10.81,47.73,78.95,35.16,85.89,2422.49,0,No Failure,154.6,69.7
L,139.52,9.4,47.76,87.89,14.57,85.61,2369.36,0,No Failure,158.2,71.0
M,179.2,10.23,48.37,88.29,26.66,87.57,2081.5,0,No Failure,156.9,70.6
L,207.35,7.36,42.23,76.72,20.05,92.55,2388.6,0,No Failure,142.5,65.5
L,174.61,9.11,45.5,55.51,29.66,104.12,3038.83,0,No Failure,131.8,61.7
H,182.83,9.35,36.48,100.0,26.53,111.24,2949.55,0,No Failure,122.3,58.3
L,166.78,10.29,42.19,93.37,22.02,100.1,2390.78,0,No Failure,180.2,78.8
M,158.15,8.82,48.21,78.28,16.87,83.12,1994.41,0,No Failure,148.7,67.7
H,147.98,10.09,52.14,80.04,15.84,111.77,2672.93,0,No Failure,157.1,70.6
L,161.04,8.22,54.65,82.34,24.15,97.47,2661.2,0,No Failure,206.4,88.1
L,181.41,10.34,59.25,89.8,23.0,105.18,2265.27,0,No Failure,155.9,70.2
H,152.41,8.03,41.67,89.5,19.0,105.45,2302.36,0,No Failure,184.2,80.2
M,166.4,7.41,52.64,92.89,27.48,106.8,2743.36,0,No Failure,177.6,77.9
M,127.17,8.7,59.24,91.19,26.83,117.95,2818.46,0,No Failure,128.0,60.3
H,141.84,8.04,48.57,78.69,25.01,101.34,1782.69,0,No Failure,175.7,77.2
H,177.82,8.97,54.2,70.41,25.28,111.68,2102.17,0,No Failure,156.4,70.4
H,181.69,8.89,50.69,80.23,25.43,113.33,2218.3,0,No Failure,177.9,78.0
H,144.78,9.45,49.52,84.54,25.26,94.24,2635.4,0,No Failure,188.4,81.7
L,157.89,9.44,55.91,91.29,10.84,104.3,2858.5,0,No Failure,152.3,68.9
L,164.72,10.37,48.16,95.6,28.3,107.98,2350.58,0,No Failure,178.8,78.3
M,144.56,7.8,45.94,84.45,30.5,91.98,2413.71,0,No Failure,184.2,80.2
L,169.59,7.5,55.45,92.53,29.86,87.95,2279.19,0,No Failure,160.0,71.7
L,155.95,7.84,41.22,76.52,31.98,93.15,2624.85,0,No Failure,168.1,74.5
M,177.75,8.92,46.45,76.66,17.88,101.52,2120.62,0,No Failure,176.5,77.5
L,177.02,9.26,46.55,85.64,20.17,117.27,2712.39,0,No Failure,171.2,75.6
M,161.14,9.54,50.95,94.66,30.48,96.39,2263.18,0,No Failure,178.7,78.3
H,142.68,9.02,41.04,85.77,22.55,124.65,2427.99,0,No Failure,164.9,73.4
M,177.68,8.46,49.09,77.7,27.45,89.0,2543.04,0,No Failure,186.6,81.1
L,160.51,7.66,51.08,79.03,23.24,128.95,2529.49,0,No Failure,179.5,78.6
H,151.96,7.32,47.4,92.52,22.61,102.395,2332.14,0,No Failure,181.5,79.3
H,163.16,7.29,51.93,80.3,22.77,110.83,1881.93,0,No Failure,174.7,76.9
L,144.96,7.17,48.7,88.81,17.99,100.33,2462.55,0,No Failure,188.9,81.9
H,142.21,8.65,57.83,82.26,19.55,111.13,2689.52,0,No Failure,165.4,73.6
L,162.52,8.03,46.28,84.815,21.13,140.993,2556.57,0,No Failure,198.9,85.4
L,154.22,7.88,45.64,82.71,25.88,94.36,2686.63,0,No Failure,195.0,84.1
M,129.43,8.98,53.38,87.0,30.15,88.32,2491.22,0,No Failure,157.0,70.6
L,152.77,8.93,54.5,89.39,26.99,100.06,2645.19,0,No Failure,188.1,81.6
L,170.47,8.4,49.13,71.31,21.87,93.12,2557.92,0,No Failure,161.7,72.3
L,154.94,9.95,47.98,75.18,27.92,94.56,2368.69,0,No Failure,182.4,79.6
L,162.48,8.41,41.79,75.68,33.05,116.3,2050.49,0,No Failure,144.9,66.3
H,151.62,6.62,51.21,100.0,22.73,86.2,2862.92,0,No Failure,140.8,64.9
L,152.52,6.35,53.06,79.5,28.14,110.92,2846.61,1,Internal Pump Leakage,7.1,25.1
M,158.86,7.66,40.35,87.18,26.44,92.23,2412.47,0,No Failure,189.5,82.1
M,164.68,9.75,50.28,84.17,20.21,109.18,2413.15,0,No Failure,201.4,86.3
M,144.49,8.25,49.35,90.82,20.68,104.27,2570.0,0,No Failure,194.9,84.0
L,192.32,8.39,48.96,88.11,17.36,104.36,2430.7,0,No Failure,186.8,81.2
L,166.77,10.63,41.3,57.84,28.45,106.66,2208.41,0,No Failure,133.8,62.4
L,160.12,8.95,47.94,78.7,20.39,104.81,2444.31,0,No Failure,212.9,90.4
M,161.38,7.71,73.517,85.91,27.07,78.1,2644.83,0,No Failure,163.2,72.8
M,176.41,9.38,44.65,87.86,23.32,93.26,2267.69,0,No Failure,181.4,79.3
M,143.55,7.18,58.92,78.06,21.72,87.08,2603.39,0,No Failure,149.3,67.9
M,146.81,10.11,48.84,77.45,25.6,104.98,2581.11,0,No Failure,184.0,80.2
H,145.61,8.63,45.19,98.4,32.26,94.01,2035.52,0,No Failure,148.7,67.7
H,156.89,7.35,59.57,92.01,19.15,92.97,2416.78,0,No Failure,167.9,74.5
H,174.18,7.61,48.22,93.11,31.93,111.63,2496.73,0,No Failure,176.7,77.6
H,144.33,7.51,46.9,89.82,28.52,87.46,2818.36,0,No Failure,157.5,70.8
H,142.64,9.41,58.25,93.7,25.82,107.58,2216.78,0,No Failure,155.3,70.0
L,147.66,7.37,60.58,70.54,-1.804,95.66,2619.06,0,No Failure,153.1,69.2
L,140.58,9.38,43.54,78.58,29.54,89.25,2419.18,0,No Failure,163.0,72.7
M,143.95,10.35,44.59,79.5,34.62,89.75,2420.33,1,Proportional Valve Lag,11.3,23.3
M,165.61,8.64,48.85,85.06,13.83,95.13,2562.97,0,No Failure,198.4,85.3
M,151.56,9.69,43.26,74.89,26.47,111.27,2407.23,0,No Failure,174.2,76.7
H,178.91,8.66,53.03,80.91,23.69,85.05,2523.97,0,No Failure,181.9,79.4
L,188.74,8.95,48.58,83.81,17.87,93.27,2408.86,0,No Failure,162.7,72.6
M,172.98,7.67,46.47,99.14,18.58,111.36,2559.49,0,No Failure,168.4,74.6
H,163.38,8.85,45.24,76.64,21.91,104.88,2767.99,0,No Failure,194.0,83.7
L,163.58,8.16,51.48,81.95,20.22,112.6,2651.36,0,No Failure,197.0,84.8
L,158.46,6.85,49.95,94.71,27.29,81.4,2772.51,0,No Failure,154.6,69.8
M,159.69,9.11,41.46,92.89,19.69,87.95,2474.3,0,No Failure,176.4,77.5
H,128.57,9.38,46.37,86.27,32.2,102.48,2075.35,0,No Failure,155.4,70.0
L,174.03,8.52,53.02,94.7,17.63,90.7,2646.14,0,No Failure,166.9,74.1
L,168.94,7.67,50.37,95.92,27.52,107.06,2461.65,0,No Failure,190.9,82.6
L,162.48,9.37,48.39,82.08,18.25,103.26,2778.76,0,No Failure,185.9,80.9
H,141.42,9.57,60.12,81.37,25.8,105.94,2396.97,0,No Failure,169.4,75.0
L,156.68,13.096,40.06,98.16,33.07,107.95,2226.57,0,No Failure,120.9,57.8
L,154.02,9.42,38.33,91.64,22.75,101.3,2318.39,0,No Failure,180.4,78.9
M,154.26,7.55,41.93,90.36,22.08,104.14,2461.74,0,No Failure,194.1,83.7
L,144.69,8.6,49.8,84.08,19.92,103.77,2452.63,0,No Failure,208.1,88.7
M,188.19,11.88,53.92,70.35,28.35,87.61,2947.18,0,No Failure,97.3,49.5
L,162.48,8.45,48.28,87.58,9.61,89.27,2283.55,0,No Failure,179.1,78.4
H,159.45,8.45,36.5,91.96,24.44,107.88,2203.75,0,No Failure,171.9,75.9
L,128.95,7.05,50.5,95.19,50.064,89.07,2050.0,0,No Failure,134.8,62.7
L,156.25,9.65,55.06,100.0,33.95,106.25,2543.95,0,No Failure,156.1,70.3
H,212.584,9.23,46.24,89.85,20.31,109.58,2072.65,0,No Failure,182.8,79.8
L,175.16,12.96,54.98,79.53,13.55,107.13,2303.44,0,No Failure,133.2,62.2
M,159.94,10.82,47.07,76.09,26.51,105.26,2231.35,0,No Failure,179.0,78.4
L,181.04,9.17,23.433,100.0,31.7,118.62,2331.04,0,No Failure,135.6,63.0
L,137.06,6.71,41.37,85.43,33.54,110.74,2516.57,0,No Failure,149.1,67.8
H,181.18,11.01,63.07,80.15,22.45,122.63,1773.17,0,No Failure,98.0,49.7
L,151.92,8.77,47.78,92.69,24.58,98.13,3080.24,0,No Failure,176.5,77.5
L,162.38,8.8,49.48,81.46,22.76,96.68,2595.04,0,No Failure,213.9,90.8
M,167.67,8.15,41.31,76.96,28.43,102.21,2892.47,0,No Failure,177.5,77.9
M,166.49,9.4,43.96,76.08,15.61,100.68,2920.74,0,No Failure,164.6,73.3
M,151.89,9.74,45.54,95.81,25.33,112.15,2010.78,0,No Failure,157.0,70.6
L,140.71,7.7,64.76,84.06,21.32,100.98,2298.43,0,No Failure,165.3,73.5
L,163.45,7.37,52.95,94.28,24.97,116.16,2428.99,0,No Failure,183.4,80.0
M,159.95,11.01,36.08,83.84,36.26,115.69,2240.57,0,No Failure,134.9,62.8
M,171.07,8.74,54.96,92.33,43.13,95.17,2787.62,0,No Failure,141.6,65.1
M,148.76,7.77,51.44,87.3,11.35,100.88,2990.41,0,No Failure,158.6,71.2
L,162.48,10.07,43.36,89.85,23.89,117.09,2582.47,0,No Failure,168.5,74.7
L,163.02,7.01,39.79,73.63,21.93,105.68,2594.98,0,No Failure,176.5,77.5
L,166.32,9.55,37.36,74.78,26.91,121.67,3134.85,0,No Failure,125.4,59.4
M,176.2,8.43,52.14,90.32,28.51,118.65,2452.65,0,No Failure,162.4,72.5
M,201.0,6.74,73.517,79.27,23.99,95.92,2415.88,0,No Failure,152.1,68.9
M,190.6,10.69,52.43,92.51,22.31,112.07,2422.39,0,No Failure,150.6,68.3
L,158.63,9.51,38.94,91.03,17.62,98.48,2197.51,0,No Failure,167.1,74.2
M,111.833,7.81,61.19,98.03,21.9,88.91,2223.44,0,No Failure,150.6,68.3
M,158.26,8.12,52.19,76.65,33.17,102.23,2132.39,0,No Failure,182.6,79.7
H,155.96,5.99,38.65,84.64,24.45,95.87,2434.79,0,No Failure,178.6,78.3
M,160.07,8.48,40.61,91.72,16.03,85.36,2406.68,0,No Failure,172.2,76.0
L,162.48,8.52,47.79,89.62,35.73,97.27,2774.41,0,No Failure,180.4,78.9
L,162.54,8.67,50.35,85.23,28.92,109.49,2563.51,0,No Failure,207.0,88.3
H,172.84,8.75,48.22,83.5,26.77,95.61,2095.34,0,No Failure,172.0,75.9
L,159.69,7.38,52.72,91.2,36.74,106.5,2990.01,0,No Failure,152.6,69.1
M,173.15,6.82,47.98,92.27,22.14,95.63,1959.83,0,No Failure,164.8,73.4
H,133.33,7.5,56.77,75.37,28.87,110.02,2038.9,0,No Failure,134.6,62.7
H,139.52,7.33,53.07,74.64,25.67,101.44,2644.87,0,No Failure,170.9,75.5
M,153.86,8.07,44.41,93.19,8.64,86.65,2623.59,0,No Failure,150.4,68.3
M,158.91,8.84,49.53,78.51,25.69,87.45,2610.74,0,No Failure,193.4,83.5
M,186.8,8.05,59.97,73.82,34.68,84.07,3273.3,0,No Failure,92.5,47.8
M,166.2,10.26,49.21,93.08,21.12,100.7,2497.42,0,No Failure,192.3,83.1
L,148.92,8.1,49.48,87.22,28.76,82.59,1795.28,0,No Failure,153.2,69.3
M,149.21,8.96,40.31,87.21,17.17,102.44,2653.84,0,No Failure,144.1,66.0
L,178.29,9.03,48.9,89.01,16.39,92.51,2404.6,0,No Failure,180.9,79.1
M,138.32,6.91,73.517,49.175,36.75,102.66,2560.21,1,Proportional Valve Lag,5.1,29.6
L,166.26,8.24,43.04,73.67,20.06,103.47,2419.21,0,No Failure,197.5,84.9
H,186.06,7.84,49.44,86.8,19.14,96.88,2783.46,0,No Failure,173.2,76.3
H,140.4,8.22,50.33,73.9,16.01,120.61,2665.5,0,No Failure,150.1,68.2
H,181.17,9.3,49.96,85.1,24.2,132.76,2198.51,0,No Failure,156.6,70.5
L,163.94,8.4,47.57,84.85,26.88,90.89,3513.973,0,No Failure,203.2,87.0
M,136.35,9.09,46.31,92.94,17.66,97.83,2544.33,0,No Failure,168.6,74.7
L,164.08,10.23,48.37,75.44,41.0,105.26,2166.14,0,No Failure,156.1,70.3
M,165.1,10.46,37.07,91.99,29.64,120.14,2593.51,0,No Failure,140.5,64.8
L,135.11,9.72,51.83,80.37,21.16,92.8,2228.04,0,No Failure,160.4,71.8
L,151.19,8.77,46.04,86.78,23.69,103.26,1972.06,0,No Failure,191.8,82.9
L,167.21,9.02,48.42,94.44,29.25,78.55,2177.33,0,No Failure,161.0,72.0
H,164.95,7.69,41.21,66.57,32.65,91.81,2583.75,0,No Failure,154.3,69.6
M,176.04,7.6,51.62,66.49,13.95,107.87,1383.673,0,No Failure,150.6,68.4
M,141.37,9.78,42.25,77.35,17.24,83.84,1970.01,0,No Failure,124.8,59.2
M,157.59,8.27,51.98,75.54,38.51,107.66,2203.14,0,No Failure,168.8,74.8
M,140.1,7.25,48.59,91.73,26.72,107.39,2466.74,0,No Failure,182.4,79.6
L,187.12,8.43,42.99,72.92,24.82,101.59,2600.15,0,No Failure,178.8,78.3
L,172.79,9.46,46.31,74.5,24.48,106.86,1855.48,0,No Failure,165.0,73.4
M,138.33,8.99,49.0,75.61,26.23,99.27,2408.89,0,No Failure,187.9,81.6
L,165.98,10.03,49.49,95.47,17.09,102.03,2291.33,0,No Failure,173.2,76.3
M,176.1,8.47,39.46,89.84,28.12,107.81,2341.78,0,No Failure,178.6,78.2
M,184.07,8.27,43.48,80.36,20.86,108.32,2445.97,0,No Failure,187.5,81.4
M,169.43,9.51,54.04,100.0,34.87,63.004,2442.35,0,No Failure,155.4,70.0
L,177.11,7.51,49.55,71.11,33.85,91.74,2642.35,0,No Failure,154.4,69.7
M,184.21,9.65,50.05,87.99,28.15,104.11,1942.65,0,No Failure,161.6,72.2
L,159.84,8.32,50.83,86.08,24.63,100.58,2377.27,0,No Failure,222.9,93.9
M,174.51,10.63,43.03,89.63,31.82,108.17,2820.79,0,No Failure,144.9,66.3
L,162.58,8.6,40.37,94.63,25.03,112.57,2093.8,0,No Failure,173.6,76.5
H,160.03,8.58,45.6,71.73,50.064,110.67,3081.23,0,No Failure,163.8,73.0
L,160.1,10.5,50.93,70.55,24.13,98.91,2072.6,0,No Failure,169.8,75.1
L,149.41,8.56,44.98,90.58,25.26,101.74,2793.0,0,No Failure,190.4,82.4
L,137.31,12.59,55.82,78.53,17.62,104.02,2294.39,0,No Failure,130.0,61.0
M,164.62,6.85,34.24,77.68,19.98,102.77,1946.21,0,No Failure,144.4,66.1
H,212.584,7.73,54.3,79.58,10.29,106.95,3481.95,0,No Failure,167.5,74.3
M,162.63,6.94,48.79,87.06,23.26,82.06,2111.16,0,No Failure,176.7,77.6
M,171.16,9.43,52.27,86.43,18.55,127.08,2223.83,0,No Failure,162.0,72.4
M,148.69,8.01,38.95,100.0,33.05,86.61,2545.93,0,No Failure,139.6,64.4
L,162.48,13.096,48.3,68.48,24.22,102.94,2180.76,0,No Failure,195.8,84.4
H,160.23,13.096,35.69,82.68,24.49,91.67,2323.02,0,No Failure,179.8,78.7
H,154.81,7.31,48.33,83.67,28.0,110.88,2239.21,0,No Failure,192.0,83.0
L,175.94,7.85,55.24,66.22,8.51,104.54,2238.96,0,No Failure,138.6,64.1
L,139.35,7.7,52.43,95.96,34.05,110.36,2499.79,0,No Failure,153.3,69.3
M,168.49,9.91,54.5,85.59,27.01,94.72,1884.37,0,No Failure,161.8,72.3
M,178.65,8.71,38.71,85.88,26.24,114.44,2301.83,0,No Failure,171.2,75.6
L,162.48,7.68,45.47,119.577,28.03,94.21,2487.27,0,No Failure,179.8,78.7
M,156.99,8.03,32.72,89.77,26.21,84.5,2226.23,0,No Failure,154.4,69.7
M,171.47,9.44,40.84,85.53,29.43,99.21,2345.52,0,No Failure,183.3,79.9
L,146.6,8.69,43.88,84.58,14.38,86.78,2589.92,0,No Failure,167.8,74.4
L,162.48,7.4,41.7,100.0,30.89,89.67,2599.93,0,No Failure,155.1,69.9
H,179.64,9.43,39.18,119.577,11.7,118.98,2390.0,0,No Failure,145.3,66.4
H,151.1,7.44,59.97,87.93,25.78,107.4,2321.76,0,No Failure,174.2,76.7
H,175.34,8.5,50.06,67.56,24.94,98.14,2556.55,0,No Failure,187.4,81.4
M,151.09,10.1,45.86,76.54,27.3,93.73,2602.12,0,No Failure,171.4,75.7
L,167.27,8.29,36.89,98.52,30.82,102.24,2773.75,0,No Failure,160.7,71.9
L,147.77,7.11,59.26,78.18,10.85,115.94,2582.61,0,No Failure,133.7,62.3
M,156.71,6.89,34.64,65.73,9.45,97.77,2525.29,0,No Failure,128.0,60.3
L,158.2,7.75,44.31,91.59,37.0,94.89,2568.31,0,No Failure,170.8,75.5
M,143.18,10.0,40.71,83.2,32.84,63.004,2806.26,0,No Failure,153.6,69.4
L,161.25,8.53,42.68,83.71,30.21,95.08,2848.0,0,No Failure,186.4,81.0
L,127.23,7.6,38.29,75.2,29.19,101.51,2218.7,0,No Failure,142.8,65.6
M,163.16,8.18,32.0,82.89,24.21,104.36,1383.673,0,No Failure,177.5,77.9
H,152.27,7.49,47.61,76.38,18.31,118.56,1663.64,0,No Failure,139.4,64.4
L,165.43,7.8,46.79,94.97,36.68,103.97,2432.37,0,No Failure,183.6,80.0
H,162.7,7.11,45.5,95.06,22.78,85.43,2262.65,0,No Failure,171.9,75.9
L,162.48,7.66,34.98,82.0,30.69,99.32,2632.13,0,No Failure,173.2,76.3
L,161.88,13.096,40.1,72.61,26.31,83.27,1737.57,0,No Failure,138.7,64.1
H,161.54,9.69,61.19,75.15,20.86,96.8,2810.34,0,No Failure,158.1,71.0
M,170.03,9.96,60.71,84.24,16.35,112.12,2823.6,0,No Failure,145.9,66.7
M,150.96,8.89,52.74,94.35,36.79,122.59,2993.88,0,No Failure,124.8,59.2
M,192.61,8.43,53.58,71.96,-1.804,99.76,2414.66,0,No Failure,150.2,68.2
H,162.0,7.52,44.64,97.13,22.21,89.58,2228.06,0,No Failure,174.6,76.8
H,180.7,9.47,58.75,87.17,19.44,98.22,2510.94,0,No Failure,168.9,74.8
H,183.12,8.67,55.04,100.0,22.28,100.1,2366.51,0,No Failure,170.6,75.4
L,169.03,6.64,40.26,81.35,20.12,100.08,2156.12,0,No Failure,170.5,75.4
M,169.82,6.23,49.01,82.44,36.08,98.93,3041.75,1,Internal Pump Leakage,9.9,23.6
M,182.48,9.5,62.61,89.97,8.0,92.5,2572.93,0,No Failure,123.1,58.6
H,182.71,8.67,57.56,87.33,17.51,85.64,2057.64,0,No Failure,142.4,65.4
H,155.13,8.83,60.66,87.83,-1.804,92.96,2462.24,0,No Failure,183.4,79.9
M,181.95,9.67,54.96,84.53,20.27,90.68,2158.26,0,No Failure,158.3,71.1
L,162.69,9.93,53.22,70.52,29.21,94.93,2343.05,0,No Failure,170.4,75.3
L,167.76,7.5,52.13,100.0,28.6,104.91,2769.99,0,No Failure,166.9,74.1
M,148.17,7.7,53.46,79.91,17.5,90.64,2072.73,0,No Failure,158.8,71.2
L,164.39,8.17,49.65,80.71,23.44,123.86,2884.0,0,No Failure,179.3,78.5
H,155.77,10.28,51.12,91.36,27.74,98.76,2328.25,0,No Failure,181.2,79.2
L,162.1,9.09,58.74,71.79,20.97,87.41,2867.82,0,No Failure,150.7,68.4
H,158.59,6.22,59.49,119.577,39.63,105.24,2772.35,1,Internal Pump Leakage,8.5,12.7
L,138.97,7.77,35.07,85.01,18.5,92.44,2219.04,0,No Failure,149.0,67.8
L,154.3,6.88,49.93,81.19,18.43,116.12,2745.5,0,No Failure,167.3,74.2
H,151.76,8.06,55.5,70.24,27.72,112.16,2296.6,0,No Failure,165.3,73.6
H,164.09,9.77,48.93,83.53,31.86,110.1,2080.13,0,No Failure,179.4,78.5
L,173.26,7.95,51.13,84.53,21.39,107.93,2688.73,0,No Failure,194.5,83.9
M,155.98,7.19,46.96,71.62,21.04,109.84,1861.43,0,No Failure,157.1,70.6
L,140.47,8.87,61.97,85.89,31.44,116.53,2460.47,0,No Failure,151.2,68.6
H,170.65,8.33,38.85,81.48,9.42,114.91,2578.59,0,No Failure,157.8,70.9
L,186.59,8.4,39.57,82.73,8.0,84.83,2186.61,0,No Failure,106.6,52.8
L,190.78,5.8,42.98,80.83,24.32,82.96,2612.55,0,No Failure,136.7,63.4
M,165.96,10.8,48.68,84.8,14.91,89.02,2436.77,0,No Failure,175.2,77.1
M,138.23,9.96,46.79,49.175,24.21,123.98,2615.58,0,No Failure,146.3,66.8
L,158.95,6.6,55.11,100.0,36.26,99.87,2673.71,0,No Failure,145.0,66.4
L,171.27,8.72,51.3,83.3,21.44,97.08,2459.37,0,No Failure,209.4,89.2
M,166.69,8.7,44.4,81.75,29.94,109.95,2476.68,0,No Failure,198.2,85.2
M,149.56,12.18,43.28,95.07,30.42,70.09,2968.09,0,No Failure,84.9,45.1
H,144.99,7.66,47.86,89.29,12.79,78.75,3365.3,0,No Failure,115.1,55.8
L,169.19,9.97,54.67,89.09,17.56,96.17,2165.66,0,No Failure,163.6,73.0
L,162.48,5.05,54.31,85.16,23.92,106.72,2655.0,0,No Failure,168.3,74.6
H,180.06,8.97,44.47,58.45,16.61,92.09,2562.99,0,No Failure,139.6,64.4
M,168.0,8.36,39.43,71.55,36.05,102.44,2507.5,0,No Failure,156.5,70.4
M,168.78,8.89,59.13,81.08,25.08,109.55,2257.78,0,No Failure,181.9,79.4
L,160.87,8.59,60.93,90.65,30.24,104.33,2316.19,0,No Failure,181.0,79.1
L,158.46,7.42,52.97,83.35,38.98,99.2,2813.79,0,No Failure,167.0,74.1
M,164.74,7.36,42.7,66.37,16.19,101.56,2876.64,0,No Failure,153.6,69.4
M,179.01,6.69,47.91,92.46,27.14,102.44,2221.49,0,No Failure,149.2,67.8
M,164.27,8.45,54.02,89.01,13.75,85.95,2691.28,0,No Failure,168.0,74.5
L,165.21,7.7,59.25,87.63,23.18,91.91,1943.42,0,No Failure,164.5,73.3
L,162.48,8.41,50.31,96.54,28.89,82.52,2228.62,0,No Failure,160.1,71.7
M,177.84,5.85,59.67,84.68,36.98,100.72,1699.31,0,No Failure,112.2,54.8
M,169.2,5.84,37.27,88.34,17.03,106.0,1956.63,0,No Failure,135.5,63.0
L,121.84,8.4,45.23,79.73,8.63,102.95,2170.46,0,No Failure,144.2,66.1
H,180.83,8.94,40.73,77.7,30.07,114.0,2531.28,0,No Failure,160.8,71.9
L,170.69,8.98,47.26,82.63,32.03,102.0,2391.8,0,No Failure,202.8,86.8
H,155.75,6.92,40.57,91.52,32.86,98.28,2181.56,0,No Failure,157.2,70.7
M,160.06,6.65,46.21,81.87,37.02,110.65,2810.07,0,No Failure,159.3,71.4
M,179.17,8.15,42.54,96.53,16.81,95.84,2567.14,0,No Failure,163.5,72.9
H,176.01,7.83,45.84,69.83,15.24,123.32,2257.9,0,No Failure,142.1,65.3
L,173.14,3.754,51.94,71.38,16.59,95.95,2741.73,0,No Failure,160.1,71.7
L,192.49,9.18,51.63,97.03,29.47,111.87,2496.1,0,No Failure,151.9,68.8
L,152.47,8.87,61.21,90.29,31.32,96.18,2227.48,0,No Failure,159.2,71.4
L,170.63,8.04,48.18,87.79,28.43,102.62,2446.72,0,No Failure,212.2,90.2
M,152.78,9.26,47.08,83.48,19.38,95.73,3176.74,0,No Failure,167.3,74.2
L,160.58,6.84,40.91,93.92,32.45,80.16,2068.49,0,No Failure,131.1,61.4
H,152.42,9.01,39.34,86.85,21.75,81.54,2253.61,0,No Failure,162.5,72.6
L,182.52,10.45,47.93,49.175,22.82,112.6,2227.23,0,No Failure,129.9,61.0
L,173.35,7.33,56.72,84.9,14.65,107.97,2289.45,0,No Failure,166.9,74.1
M,172.87,6.61,48.61,86.57,23.52,108.82,2240.78,0,No Failure,187.2,81.3
M,177.73,9.1,47.94,65.78,29.55,106.7,2331.45,0,No Failure,167.8,74.4
M,166.56,6.15,55.43,65.97,23.15,99.72,2837.57,1,Internal Pump Leakage,4.8,22.8
H,140.14,8.42,47.86,85.78,26.81,97.62,1991.14,0,No Failure,182.0,79.5
L,166.9,10.39,50.67,78.1,28.41,123.39,2853.74,0,No Failure,147.1,67.1
L,169.62,8.82,44.16,76.07,21.53,93.0,2562.47,0,No Failure,186.7,81.1
M,149.59,7.85,39.28,88.74,30.69,108.39,2448.95,0,No Failure,175.8,77.3
M,179.08,6.75,48.31,96.17,10.57,102.92,2580.72,0,No Failure,155.0,69.9
L,157.12,6.82,34.55,97.02,26.93,81.84,2077.07,0,No Failure,123.2,58.6
L,153.98,8.25,45.3,88.01,18.1,86.68,2318.4,0,No Failure,181.8,79.4
L,154.72,8.84,32.0,90.79,25.3,116.49,2701.54,0,No Failure,152.7,69.1
M,171.4,7.47,41.7,86.48,25.58,108.01,1785.25,0,No Failure,161.7,72.3
L,157.47,9.26,57.42,78.62,29.19,124.58,2210.09,0,No Failure,151.3,68.6
H,163.79,9.85,47.61,86.8,23.14,119.46,2762.95,0,No Failure,178.9,78.4
L,178.08,6.44,55.76,99.64,32.39,110.45,2244.87,0,No Failure,130.1,61.1
M,164.62,9.75,41.29,78.59,30.95,103.43,2593.95,0,No Failure,179.0,78.4
M,166.26,13.096,42.15,83.38,33.56,102.3,2331.27,0,No Failure,189.6,82.2
L,163.08,7.2,42.32,79.25,28.61,85.44,2263.77,0,No Failure,168.7,74.8
H,171.91,7.75,43.9,87.75,31.83,100.74,2529.06,0,No Failure,188.6,81.8
H,176.13,9.07,45.53,100.0,30.27,95.04,2060.62,0,No Failure,151.0,68.5
H,147.14,8.69,23.433,88.11,26.68,73.72,2157.56,0,No Failure,153.9,69.5
M,157.01,5.71,41.12,70.98,30.27,105.06,2464.995,0,No Failure,150.3,68.2
M,165.39,7.63,35.89,77.4,28.29,99.56,2472.66,0,No Failure,181.3,79.2
M,146.78,9.7,48.62,83.76,33.2,102.95,2211.39,0,No Failure,180.8,79.0
M,147.38,7.42,42.93,82.13,24.37,96.14,2631.03,0,No Failure,184.8,80.4
H,170.05,7.38,38.63,92.02,29.04,70.77,2657.15,0,No Failure,131.5,61.6
L,158.17,5.56,53.63,78.1,31.13,99.47,2085.39,0,No Failure,153.5,69.4
H,154.34,8.51,57.2,66.47,30.75,123.9,2429.67,1,Cooler Thermal Breakdown,6.0,22.2
M,165.23,9.73,48.14,90.22,33.88,109.18,2281.52,0,No Failure,177.4,77.8
M,155.58,6.89,46.84,74.66,26.77,114.1,2354.76,0,No Failure,176.1,77.4
L,130.09,7.25,60.48,63.96,23.68,92.91,2762.04,1,Cooler Thermal Breakdown,3.1,11.4
M,172.72,9.26,39.73,94.76,12.85,85.9,2042.79,0,No Failure,126.6,59.8
L,145.44,8.68,55.6,84.815,14.88,109.37,2600.0,0,No Failure,168.9,74.8
L,168.34,10.11,48.15,49.175,12.46,92.34,3033.15,0,No Failure,151.3,68.6
L,165.65,7.81,55.35,79.99,20.62,113.05,2377.57,0,No Failure,187.0,81.2
M,144.41,8.27,45.32,100.0,33.43,95.14,1855.53,0,No Failure,137.3,63.6
L,168.85,9.53,56.83,76.46,19.46,108.65,3060.13,0,No Failure,147.9,67.4
H,157.46,7.51,40.5,119.577,24.71,104.69,2626.55,0,No Failure,180.0,78.7
H,172.25,8.11,50.37,89.9,27.8,99.1,2601.15,0,No Failure,196.6,84.6
L,170.34,7.93,40.89,86.88,13.03,101.28,2121.16,0,No Failure,170.0,75.2
M,184.49,7.36,41.82,78.41,32.81,86.36,2614.16,0,No Failure,141.4,65.1
L,144.29,10.04,49.1,88.96,14.75,107.4,2994.88,0,No Failure,146.8,67.0
L,172.58,8.0,48.9,78.35,33.12,106.26,2315.14,0,No Failure,187.4,81.4
L,155.03,9.15,67.08,85.96,35.83,140.993,2083.51,0,No Failure,140.0,64.6
L,157.87,8.25,43.11,83.32,25.15,92.9,3311.01,0,No Failure,168.3,74.6
H,163.45,9.02,56.21,82.75,14.61,104.37,2264.93,0,No Failure,185.0,80.5
H,145.6,8.71,60.99,74.32,31.66,91.18,2277.03,0,No Failure,145.3,66.4
L,138.76,6.73,47.68,79.46,33.99,113.83,2164.36,0,No Failure,144.1,66.0
M,136.08,7.24,53.97,76.82,27.03,105.3,2861.68,0,No Failure,151.6,68.7
L,169.35,8.78,50.92,66.31,19.08,94.99,2763.21,0,No Failure,165.5,73.6
H,137.94,9.2,52.18,90.0,28.74,130.83,2442.68,0,No Failure,146.6,66.9
L,168.47,6.67,60.55,76.93,25.73,103.74,1991.3,0,No Failure,153.8,69.5
M,183.43,8.43,48.0,93.55,19.14,105.6,2749.18,0,No Failure,175.1,77.0
M,152.6,8.7,46.28,74.47,26.26,100.94,2358.74,0,No Failure,199.4,85.6
H,157.45,7.58,52.42,84.46,24.42,102.87,2748.2,0,No Failure,202.3,86.6
H,183.4,7.63,38.79,85.3,19.59,107.87,2727.36,0,No Failure,160.6,71.9
L,174.65,7.5,48.58,86.86,10.4,92.62,2273.41,0,No Failure,151.8,68.8
M,166.67,9.88,48.59,75.11,13.27,97.2,2519.31,0,No Failure,177.1,77.7
L,152.99,7.89,54.51,66.3,29.65,123.89,2791.83,0,No Failure,133.9,62.4
L,175.85,8.41,38.87,82.65,37.26,99.71,2714.18,0,No Failure,164.4,73.2
L,154.55,7.46,67.16,76.49,25.89,93.61,2505.04,0,No Failure,157.6,70.8
L,162.49,10.33,41.08,82.37,21.15,84.82,2295.06,0,No Failure,167.7,74.4
L,146.76,9.5,63.51,73.29,22.47,119.16,2094.59,0,No Failure,126.6,59.8
M,162.43,8.67,55.53,83.3,28.4,100.55,2513.27,0,No Failure,208.4,88.8
M,173.69,8.47,50.32,73.91,21.91,95.8,2607.65,0,No Failure,190.4,82.4
H,173.76,8.04,41.65,77.1,28.54,116.77,2206.99,0,No Failure,162.3,72.5
L,156.23,8.66,44.27,87.96,24.63,119.44,2502.87,0,No Failure,191.9,83.0
M,163.6,8.76,51.07,86.38,22.26,94.58,2494.84,0,No Failure,211.3,89.8
M,165.64,13.096,54.53,87.29,23.21,95.7,2470.42,0,No Failure,207.9,88.6
M,188.23,8.15,48.86,95.7,15.09,97.04,2973.79,0,No Failure,146.2,66.8
L,173.86,10.84,53.19,85.04,28.81,102.27,2224.95,0,No Failure,171.6,75.8
M,155.8,6.29,50.69,84.85,14.96,107.96,2367.41,0,No Failure,177.5,77.9
M,158.6,8.32,57.41,69.21,24.31,91.68,2298.71,1,Cooler Thermal Breakdown,10.6,32.3
M,160.4,8.06,54.58,72.27,14.1,106.38,2005.71,0,No Failure,160.3,71.8
L,144.36,6.77,48.43,87.26,15.2,95.01,2655.1,0,No Failure,165.5,73.6
L,164.62,8.47,64.17,70.97,23.46,105.16,1841.32,0,No Failure,152.6,69.0
M,164.45,8.46,52.13,78.15,25.7,94.01,2429.26,0,No Failure,207.1,88.3
M,152.47,7.16,49.29,79.42,50.064,111.1,2405.84,0,No Failure,192.6,83.2
L,161.2,8.39,51.73,65.01,33.09,121.77,2498.41,0,No Failure,160.9,72.0
L,160.9,7.13,50.95,65.14,23.75,113.51,2252.85,0,No Failure,166.6,74.0
L,130.7,9.2,48.3,69.44,29.49,116.7,1715.17,0,No Failure,116.0,56.1
H,111.833,7.57,42.44,75.39,17.97,91.37,2206.19,0,No Failure,166.3,73.9
H,165.53,7.56,58.24,76.49,21.92,102.395,2528.46,0,No Failure,186.4,81.0
L,131.93,7.41,37.26,88.29,34.52,84.48,1530.28,1,Proportional Valve Lag,2.1,9.8
L,151.56,7.25,46.94,93.48,37.41,86.09,2422.96,0,No Failure,154.1,69.6
H,158.27,9.12,49.5,66.77,21.3,117.93,2810.43,0,No Failure,159.8,71.6
M,189.79,5.87,56.13,87.75,11.55,117.45,2824.71,1,Internal Pump Leakage,4.6,7.1
L,171.82,7.53,41.44,88.19,17.39,106.37,2094.71,0,No Failure,166.1,73.8
L,189.38,6.92,61.26,74.3,28.85,91.49,2808.47,0,No Failure,118.6,57.0
L,158.43,7.46,44.89,87.88,15.07,106.37,2469.67,0,No Failure,190.4,82.4
H,158.28,7.56,43.51,79.82,20.35,102.91,2282.55,0,No Failure,195.4,84.2
M,161.32,9.66,42.99,81.73,12.95,104.51,2903.54,0,No Failure,166.0,73.8
H,141.7,10.55,47.8,77.56,25.01,85.14,1849.28,0,No Failure,130.7,61.3
L,167.2,6.87,45.04,84.82,8.42,94.12,2628.51,0,No Failure,162.7,72.6
M,165.69,7.36,40.85,79.72,16.34,109.56,2658.76,0,No Failure,169.9,75.2
H,155.56,9.68,49.24,77.81,24.68,106.77,2698.42,0,No Failure,190.8,82.6
M,170.15,8.56,73.517,96.19,21.36,110.48,2969.8,0,No Failure,170.4,75.3
L,178.67,9.46,48.08,82.23,22.99,93.34,2677.45,0,No Failure,185.6,80.7
M,180.94,7.41,47.02,119.577,25.18,104.93,2417.29,0,No Failure,185.0,80.5
H,156.05,10.09,48.39,86.62,50.064,102.395,2673.06,0,No Failure,185.4,80.7
L,182.4,7.64,43.63,88.63,10.32,94.22,2561.72,0,No Failure,154.4,69.7
M,125.12,7.74,59.79,72.25,20.28,84.5,1777.96,0,No Failure,96.5,49.2
M,159.18,9.2,52.64,80.7,19.14,99.43,3153.28,0,No Failure,170.0,75.2
L,166.91,9.27,39.95,76.01,27.85,102.11,3045.11,0,No Failure,161.6,72.2
L,173.64,8.92,45.86,78.7,21.5,97.97,2022.56,0,No Failure,180.1,78.8
L,155.46,8.78,49.61,91.05,23.21,112.05,2217.89,0,No Failure,192.2,83.1
M,180.76,8.86,47.64,93.18,30.49,109.94,2723.32,0,No Failure,166.5,74.0
L,149.09,7.14,52.91,98.0,35.4,86.59,2804.57,1,Proportional Valve Lag,1.6,15.1
M,152.84,9.07,59.57,92.3,35.22,105.32,2514.54,0,No Failure,161.1,72.1
L,166.54,7.83,45.85,82.97,14.22,114.29,2428.33,0,No Failure,187.7,81.5
L,170.25,8.54,47.74,81.39,27.41,119.61,2695.87,0,No Failure,185.1,80.6
L,145.22,7.69,59.87,85.19,9.63,119.16,2595.94,0,No Failure,135.8,63.1
L,178.42,8.1,36.75,83.43,26.24,115.94,2413.79,0,No Failure,172.9,76.2
M,178.96,9.18,45.34,119.577,12.14,94.38,2646.42,0,No Failure,163.5,72.9
M,167.92,5.94,38.04,72.41,20.8,96.69,2738.09,0,No Failure,144.1,66.0
L,167.34,8.21,32.0,86.85,15.29,106.6,2258.01,0,No Failure,163.9,73.0
M,157.82,8.29,47.48,71.69,25.02,110.51,2404.81,0,No Failure,200.2,85.9
H,175.39,6.01,42.33,70.18,28.25,82.95,2583.44,0,No Failure,131.1,61.4
H,137.45,8.45,45.4,78.63,24.67,101.99,2297.81,0,No Failure,192.5,83.2
M,163.58,6.15,52.72,85.78,17.76,110.64,2984.17,1,Internal Pump Leakage,3.9,25.2
M,148.39,6.14,46.75,88.66,25.78,103.72,2671.46,0,No Failure,176.5,77.5
L,155.88,8.03,48.58,84.815,28.64,86.78,1963.73,0,No Failure,158.6,71.2
M,157.29,8.38,43.94,82.47,22.54,96.99,2487.1,0,No Failure,213.0,90.4
H,172.13,7.43,44.77,78.51,22.61,84.82,2692.44,0,No Failure,168.8,74.8
M,166.07,9.3,43.92,90.32,24.04,100.13,2398.41,0,No Failure,203.3,87.0
M,181.15,7.61,53.22,82.25,8.0,92.89,2755.49,0,No Failure,144.6,66.2
M,163.01,8.43,63.9,74.02,24.29,105.96,1955.04,0,No Failure,159.6,71.5
H,163.0,8.27,56.17,98.16,21.29,100.24,2113.74,0,No Failure,178.5,78.2
M,130.81,10.21,42.93,76.42,23.07,115.13,3011.19,0,No Failure,123.5,58.7
L,185.77,7.08,53.86,72.92,20.75,98.6,2517.17,0,No Failure,162.4,72.5
L,147.05,13.096,54.52,75.82,32.49,95.81,2608.1,0,No Failure,162.9,72.7
M,145.19,9.93,46.84,93.01,31.02,93.51,2090.87,0,No Failure,150.1,68.2
L,160.64,10.1,34.94,83.25,25.57,93.71,2119.54,0,No Failure,163.4,72.9
L,155.41,5.81,49.27,94.31,19.97,90.87,2361.45,0,No Failure,164.0,73.1
L,119.4,9.86,60.09,91.09,20.84,110.94,2959.0,0,No Failure,108.6,53.4
H,140.84,9.12,54.79,98.02,27.7,113.79,2564.63,0,No Failure,151.6,68.7
H,174.15,5.53,40.99,99.77,8.0,104.12,2632.5,0,No Failure,118.2,56.9
M,164.49,8.73,48.53,90.62,29.69,123.17,2369.51,0,No Failure,183.4,79.9
L,178.9,7.11,46.27,78.7,18.73,85.79,2196.64,0,No Failure,155.5,70.1
H,149.39,8.57,53.54,87.37,27.41,117.37,2370.25,0,No Failure,181.4,79.2
M,149.96,9.03,50.27,93.1,30.26,99.51,2447.31,0,No Failure,189.7,82.2
H,149.09,8.91,54.06,84.19,31.28,102.61,2233.6,0,No Failure,185.6,80.7
L,160.68,6.32,37.21,100.0,30.46,104.99,2853.21,1,Internal Pump Leakage,10.1,18.1
L,175.78,7.95,50.66,88.52,30.71,82.63,2119.11,0,No Failure,158.3,71.1
L,184.49,3.754,54.33,88.37,22.53,107.46,2771.67,0,No Failure,166.5,74.0
M,180.44,9.71,59.01,69.4,12.14,120.01,2478.08,1,Cooler Thermal Breakdown,11.1,12.3
L,147.58,10.27,32.0,86.7,8.0,98.56,1949.98,0,No Failure,110.5,54.1
L,162.48,8.91,32.0,82.2,24.9,124.52,2537.1,0,No Failure,154.6,69.8
M,163.82,5.82,48.27,90.37,24.3,70.65,2923.81,1,Internal Pump Leakage,3.8,19.3
L,133.88,8.54,38.76,95.56,24.2,111.92,2059.74,0,No Failure,143.4,65.8
H,157.5,7.81,46.53,83.18,26.07,101.37,2426.5,0,No Failure,218.3,92.3
M,155.8,6.5,58.7,77.17,28.7,101.0,2329.81,0,No Failure,167.6,74.3
M,166.57,10.85,57.31,76.83,19.05,110.82,2563.35,0,No Failure,155.8,70.2
H,164.02,7.36,46.2,79.68,28.14,105.57,2119.06,0,No Failure,188.2,81.6
M,170.56,8.13,48.36,71.5,32.16,114.88,2824.11,0,No Failure,161.1,72.1
L,155.93,9.47,53.73,94.31,34.78,98.04,2877.82,0,No Failure,151.6,68.7
M,162.07,9.32,43.86,85.49,35.13,120.48,2027.34,0,No Failure,154.5,69.7
L,164.19,6.37,43.12,73.22,25.95,106.16,2969.83,1,Internal Pump Leakage,6.5,25.4
L,151.75,9.25,59.91,63.09,24.06,96.24,2142.36,1,Cooler Thermal Breakdown,9.3,21.7
H,149.76,9.74,60.8,71.3,29.23,97.07,2146.02,0,No Failure,140.2,64.7
L,150.27,8.36,43.97,77.25,30.56,97.55,1921.62,0,No Failure,166.2,73.9
L,172.65,6.34,44.03,73.35,25.81,101.34,1944.27,0,No Failure,155.2,70.0
L,162.19,7.0,46.89,98.19,15.01,117.39,2245.67,0,No Failure,155.4,70.0
M,155.03,9.23,41.36,71.94,18.61,92.64,2440.67,0,No Failure,170.2,75.3
L,173.85,7.22,48.21,84.05,27.01,91.94,2108.88,0,No Failure,180.8,79.0
M,176.74,9.24,43.53,73.0,23.55,107.63,2533.51,0,No Failure,178.9,78.4
L,141.1,8.76,48.58,70.61,29.26,104.46,2731.12,0,No Failure,157.4,70.8
L,156.7,7.67,49.54,83.31,23.75,99.89,2160.23,0,No Failure,206.6,88.2
M,168.92,6.03,58.38,94.53,33.12,114.79,2770.26,1,Internal Pump Leakage,7.1,14.1
L,162.98,8.85,52.11,119.577,8.0,103.47,2101.58,0,No Failure,173.5,76.4
L,153.43,10.34,45.28,92.22,23.75,115.66,2535.44,0,No Failure,152.7,69.1
H,176.73,8.62,32.0,70.0,30.7,108.56,1647.98,0,No Failure,110.9,54.3
L,169.4,8.18,60.21,68.33,30.61,109.26,2642.66,1,Cooler Thermal Breakdown,2.6,24.4
L,160.44,10.57,42.65,87.2,24.58,105.32,2374.69,0,No Failure,190.4,82.4
L,147.07,6.92,57.64,79.11,20.52,120.88,2345.15,0,No Failure,149.1,67.8
H,174.07,10.1,50.43,85.19,26.07,88.01,2552.21,0,No Failure,178.4,78.2
H,161.99,10.08,45.53,70.23,30.0,90.03,2144.03,0,No Failure,155.6,70.1
L,171.84,6.83,47.78,91.15,50.064,100.43,2075.26,0,No Failure,180.5,78.9
L,194.23,6.34,50.57,100.0,29.17,102.03,3055.05,1,Internal Pump Leakage,12.5,7.7
L,174.74,9.22,39.55,75.18,49.52,93.1,2180.16,0,No Failure,152.4,69.0
L,163.54,7.12,50.79,78.45,43.58,109.69,2192.27,0,No Failure,153.3,69.3
H,175.25,9.73,41.62,70.15,30.02,105.45,2612.96,0,No Failure,155.6,70.1
H,158.7,7.42,51.11,88.11,25.91,121.63,2276.55,0,No Failure,178.9,78.4
L,133.89,9.78,49.35,76.57,17.21,108.89,2290.03,0,No Failure,156.3,70.4
L,167.19,7.2,43.63,86.0,34.7,111.53,2171.27,0,No Failure,164.1,73.1
H,160.46,6.93,50.29,72.83,40.52,98.79,3513.973,0,No Failure,154.6,69.8
H,137.14,8.63,44.38,93.97,27.82,104.03,2160.33,0,No Failure,167.0,74.2
M,146.23,8.5,37.58,86.89,35.32,127.27,2782.16,1,Proportional Valve Lag,2.5,15.5
L,179.73,7.9,33.03,79.26,26.98,88.13,1987.47,0,No Failure,134.4,62.6
H,162.2,7.18,39.36,88.34,14.35,115.03,2188.47,0,No Failure,155.3,70.0
L,168.82,8.81,56.26,88.29,19.03,92.52,2312.69,0,No Failure,179.3,78.5
L,166.5,8.7,34.76,99.76,23.55,109.31,2384.37,0,No Failure,168.8,74.8
L,166.64,7.71,49.33,87.01,29.49,98.92,1917.05,0,No Failure,182.6,79.7
H,161.34,7.59,63.87,100.0,33.07,93.39,1845.87,0,No Failure,120.1,57.5
L,176.55,8.05,52.6,78.82,22.52,95.71,2843.87,0,No Failure,177.1,77.7
L,180.35,8.64,59.48,95.8,26.63,104.07,2487.89,0,No Failure,170.9,75.5
L,161.69,9.12,60.07,84.91,8.0,99.65,2128.35,0,No Failure,158.8,71.2
M,165.55,6.66,58.57,74.81,22.58,104.61,2469.09,0,No Failure,177.8,78.0
H,172.73,8.21,39.48,83.18,23.98,110.78,2385.98,0,No Failure,194.1,83.7
L,141.3,8.68,46.44,89.23,14.01,115.25,2425.92,0,No Failure,168.4,74.6
M,165.04,7.95,58.67,80.67,14.77,81.21,2077.06,0,No Failure,145.8,66.7
L,157.46,9.57,44.14,77.16,19.21,108.5,2166.64,0,No Failure,173.9,76.6
L,156.15,10.37,37.32,72.8,13.99,115.04,2431.66,0,No Failure,124.9,59.3
M,136.48,7.07,35.98,89.52,27.44,99.17,2299.86,0,No Failure,150.6,68.3
H,161.79,10.19,48.99,93.47,27.98,101.21,2874.5,0,No Failure,177.6,77.9
L,157.58,10.75,57.98,91.19,12.32,103.01,2467.05,0,No Failure,157.1,70.6
L,175.06,9.17,51.83,83.36,29.53,95.88,2501.61,0,No Failure,190.8,82.6
L,171.94,10.06,53.8,92.92,36.93,63.004,2479.9,0,No Failure,159.5,71.5
M,125.29,9.3,51.25,81.78,36.67,106.63,2127.43,1,Proportional Valve Lag,13.5,19.8
H,151.1,8.24,51.18,86.56,16.79,103.72,2381.7,0,No Failure,199.4,85.6
L,161.92,8.4,39.67,79.25,18.62,89.31,2354.98,0,No Failure,165.2,73.5
M,157.38,9.37,51.21,100.0,32.93,92.91,2305.25,0,No Failure,161.5,72.2
H,153.44,7.72,41.14,88.45,26.95,96.77,2331.94,0,No Failure,185.5,80.7
M,212.584,7.97,48.22,81.02,17.94,110.81,2343.02,0,No Failure,193.6,83.6
L,152.42,8.92,44.28,91.5,20.11,105.48,2900.27,0,No Failure,172.8,76.2
M,166.16,9.4,51.52,74.5,10.9,115.64,2464.995,0,No Failure,159.1,71.3
L,166.33,8.53,50.86,87.38,17.0,108.36,1984.21,0,No Failure,181.5,79.3
M,174.53,7.29,51.52,98.62,25.19,97.13,2854.76,0,No Failure,161.3,72.1
M,169.63,7.86,45.72,94.3,21.86,117.43,2565.91,0,No Failure,177.6,77.9
M,150.46,7.36,47.44,73.93,20.61,103.54,2594.07,0,No Failure,185.8,80.8
L,121.91,8.93,57.81,74.58,24.22,97.71,2229.19,0,No Failure,146.6,66.9
M,164.03,6.62,46.62,92.69,39.06,99.99,2271.62,0,No Failure,163.3,72.8
L,175.17,7.74,36.67,83.14,23.66,86.08,2363.4,0,No Failure,170.5,75.4
L,181.22,7.29,49.99,74.22,25.5,97.56,2699.88,0,No Failure,172.1,76.0
H,142.38,8.07,50.36,95.11,35.71,104.03,2532.78,1,Proportional Valve Lag,10.8,29.8
L,161.39,9.1,42.14,84.72,29.64,107.38,2787.15,0,No Failure,184.8,80.4
L,187.23,8.79,45.14,85.36,36.37,104.5,2326.5,0,No Failure,169.9,75.2
M,165.94,8.26,56.18,92.06,26.74,112.69,2881.05,0,No Failure,168.6,74.7
M,111.833,7.97,44.38,90.83,18.23,119.53,2205.43,0,No Failure,164.7,73.3
M,179.68,10.29,23.433,54.38,24.9,120.85,2231.93,0,No Failure,132.6,62.0
H,169.19,8.68,41.18,63.38,31.25,140.993,2670.16,0,No Failure,160.2,71.7
M,152.35,8.88,41.97,76.65,30.42,111.16,2602.28,0,No Failure,170.8,75.5
H,162.75,9.76,52.61,89.02,20.58,85.75,2682.0,0,No Failure,171.6,75.8
L,169.21,9.98,52.6,84.815,25.01,110.04,2732.66,0,No Failure,166.8,74.1
M,197.22,5.17,48.39,96.92,20.88,96.49,2016.74,0,No Failure,119.3,57.2
H,159.58,8.69,47.23,80.22,17.86,104.4,2708.44,0,No Failure,199.7,85.7
L,181.89,6.52,55.56,89.65,19.24,102.38,2574.03,0,No Failure,162.9,72.7
H,162.23,8.83,52.08,93.82,8.0,102.395,2036.25,0,No Failure,151.6,68.7
H,182.82,10.56,44.26,80.99,26.52,107.28,2210.86,0,No Failure,161.2,72.1
M,137.67,10.96,39.92,72.81,22.31,115.05,2543.7,0,No Failure,131.8,61.7
M,171.41,7.72,43.5,85.05,35.79,111.33,2237.67,0,No Failure,167.9,74.5
L,151.33,8.48,56.87,80.74,20.6,107.35,2699.82,0,No Failure,182.1,79.5
L,156.43,7.7,32.67,76.76,36.68,105.39,2404.64,0,No Failure,154.2,69.6
M,142.47,7.65,43.82,92.9,34.19,94.58,2274.39,0,No Failure,153.7,69.4
L,159.37,10.8,23.433,70.92,22.69,113.03,3513.973,0,No Failure,163.4,72.9
L,168.89,8.55,55.55,84.29,21.11,100.87,2289.73,0,No Failure,202.6,86.7
M,176.66,9.29,35.29,85.82,26.16,103.58,2336.27,0,No Failure,175.5,77.2
M,172.84,9.27,51.84,87.89,16.68,109.78,2464.995,0,No Failure,177.1,77.7
M,148.32,8.13,57.2,74.07,18.93,102.44,3191.64,0,No Failure,119.8,57.4
H,151.37,10.27,73.517,63.34,29.64,66.97,2236.05,0,No Failure,111.2,54.4
L,158.61,7.74,41.78,73.74,26.21,100.92,2574.25,0,No Failure,189.9,82.3
M,167.99,7.73,46.43,100.0,20.67,100.53,2797.64,0,No Failure,175.2,77.1
M,165.71,8.67,47.46,91.88,30.34,88.3,1881.18,0,No Failure,164.0,73.1
M,147.33,6.78,44.57,86.9,26.57,106.24,2478.05,0,No Failure,185.0,80.5
L,164.98,10.81,40.18,88.46,28.03,118.87,2325.6,0,No Failure,153.9,69.5
L,150.36,11.12,50.44,78.28,17.46,106.08,2450.61,0,No Failure,170.1,75.3
M,168.75,7.48,52.45,79.62,22.51,100.73,2738.48,0,No Failure,191.4,82.8
M,158.22,8.37,55.69,76.95,25.79,99.56,1650.0,0,No Failure,167.0,74.2
L,162.48,9.32,41.86,92.55,14.15,101.21,2445.05,0,No Failure,181.5,79.3
L,185.69,10.29,41.2,82.78,25.96,99.69,1958.22,0,No Failure,150.5,68.3
L,144.34,7.7,56.11,66.53,22.96,118.19,2671.78,1,Cooler Thermal Breakdown,2.8,20.3
M,189.71,7.15,56.18,89.51,20.71,82.33,2464.995,0,No Failure,128.8,60.6
M,165.3,9.67,56.21,84.92,33.4,98.41,2365.87,0,No Failure,180.2,78.8
M,111.833,6.78,51.15,97.54,25.92,94.44,2612.34,0,No Failure,170.3,75.3
H,178.69,7.87,46.77,88.34,33.37,119.17,2574.13,0,No Failure,163.1,72.8
L,156.83,8.04,53.18,49.175,31.66,99.99,2833.28,0,No Failure,174.4,76.8
L,157.34,10.05,51.96,87.03,14.29,112.37,3071.19,0,No Failure,145.8,66.6
L,155.57,8.54,33.66,80.43,20.94,102.03,2879.91,0,No Failure,159.7,71.6
M,159.99,7.73,48.41,81.7,47.25,105.27,2237.91,0,No Failure,172.2,76.0
L,150.14,9.43,54.55,84.815,21.93,103.98,2337.41,0,No Failure,192.6,83.2
M,138.55,9.0,49.82,79.41,23.8,102.61,2097.56,0,No Failure,183.6,80.0
L,161.87,7.87,49.22,85.03,35.38,101.68,2694.96,0,No Failure,197.7,85.0
M,145.41,8.25,38.55,75.89,23.61,109.93,2015.89,0,No Failure,159.3,71.4
H,163.53,7.7,41.65,71.18,21.81,102.73,2249.35,0,No Failure,184.2,80.3
M,187.39,5.93,45.55,84.56,21.93,85.75,2596.61,0,No Failure,151.2,68.6
H,174.05,8.57,47.84,78.63,25.82,118.65,2288.49,0,No Failure,185.4,80.7
L,177.0,7.44,41.96,86.75,16.91,71.66,2926.07,0,No Failure,124.2,59.0
L,176.19,5.19,55.81,100.0,12.62,108.96,2546.96,0,No Failure,119.5,57.3
L,148.88,7.46,49.52,88.76,17.19,90.77,2562.74,0,No Failure,176.0,77.3
M,192.97,10.53,48.24,61.09,17.07,99.24,2747.7,0,No Failure,122.9,58.5
M,164.78,9.94,45.61,75.8,17.6,109.82,1993.52,0,No Failure,159.8,71.6
L,196.35,7.44,40.56,82.86,18.54,104.79,2779.89,0,No Failure,149.1,67.8
M,157.94,7.68,56.31,80.2,25.01,106.01,3146.75,0,No Failure,167.4,74.3
H,153.68,9.67,49.73,64.02,20.53,129.51,2569.78,0,No Failure,140.5,64.8
L,154.85,7.05,50.44,78.72,20.72,105.46,2015.49,0,No Failure,176.1,77.4
L,142.48,8.16,37.24,86.16,12.05,94.39,2665.75,0,No Failure,150.0,68.1
L,165.0,8.41,42.81,84.47,20.81,106.35,2172.93,0,No Failure,200.2,85.9
M,163.29,7.4,43.95,82.19,18.03,116.23,2738.18,0,No Failure,173.6,76.5
L,146.52,10.45,42.22,85.43,29.45,102.81,2784.17,0,No Failure,161.3,72.1
L,151.12,10.12,56.9,100.0,25.5,108.83,2146.08,0,No Failure,145.5,66.5
L,188.5,8.7,48.31,89.17,24.36,95.55,2160.75,0,No Failure,180.6,79.0
M,188.13,8.77,51.52,73.6,31.1,96.53,2495.25,0,No Failure,166.9,74.1
M,147.27,7.36,32.12,89.38,14.81,94.88,2069.4,0,No Failure,129.4,60.8
M,159.06,9.19,42.65,90.34,24.36,89.06,2078.43,0,No Failure,173.5,76.4
M,157.86,8.44,32.65,100.0,33.78,94.19,2184.04,0,No Failure,139.6,64.4
L,139.27,9.21,54.42,85.63,-1.804,88.53,2606.21,0,No Failure,163.6,72.9
L,172.28,8.65,58.72,86.73,27.44,98.74,2929.67,0,No Failure,169.4,75.0
L,173.39,8.8,45.84,70.4,30.14,94.03,2238.16,0,No Failure,168.0,74.5
H,164.01,8.43,47.32,85.32,8.87,86.16,2495.66,0,No Failure,182.7,79.7
L,188.35,10.23,50.37,86.1,17.32,102.36,2743.28,0,No Failure,161.1,72.0
L,161.19,9.16,56.25,93.35,27.34,102.03,2290.56,0,No Failure,177.8,78.0
L,163.0,9.07,53.93,80.83,21.23,81.78,2618.25,0,No Failure,178.0,78.0
L,162.48,8.9,52.55,83.17,19.95,106.76,2431.66,0,No Failure,193.2,83.4
H,165.26,7.04,43.39,92.84,25.22,85.35,2587.45,0,No Failure,169.8,75.1
M,172.16,7.12,46.69,79.14,21.02,76.36,2230.86,0,No Failure,157.8,70.9
H,150.46,9.03,40.16,90.67,16.27,106.42,2838.72,0,No Failure,157.0,70.6
M,162.29,6.82,58.13,86.95,20.03,100.91,2625.64,0,No Failure,182.2,79.5
M,146.37,7.59,73.517,81.56,27.18,114.56,2353.8,0,No Failure,175.9,77.3
M,158.63,8.75,58.33,82.79,38.43,104.46,2860.51,0,No Failure,161.5,72.2
M,161.67,8.56,60.22,78.59,19.19,100.71,2589.13,0,No Failure,189.2,82.0
L,168.39,7.97,53.98,76.06,19.59,107.67,2597.27,0,No Failure,184.2,80.2
L,186.76,6.43,41.97,81.67,20.28,88.57,2281.81,0,No Failure,146.7,67.0
L,180.42,9.12,56.6,71.66,34.38,111.07,2977.7,0,No Failure,124.2,59.0
L,192.91,7.28,61.03,100.0,13.04,93.52,2471.82,0,No Failure,117.1,56.5
L,166.8,9.5,43.34,83.67,31.08,107.67,2148.41,0,No Failure,178.0,78.0
H,176.55,7.86,43.24,89.65,26.0,106.33,2790.44,0,No Failure,176.0,77.3
M,138.03,7.03,44.4,79.66,27.42,107.08,2168.72,0,No Failure,161.4,72.2
H,172.02,6.73,49.28,94.67,32.0,90.55,2569.16,0,No Failure,160.4,71.8
L,162.48,7.54,46.64,76.13,32.54,103.46,2473.84,0,No Failure,178.9,78.4
H,153.8,8.25,44.17,87.36,16.29,108.78,2400.85,0,No Failure,191.4,82.8
L,149.18,8.17,33.62,83.36,17.31,90.07,2479.41,0,No Failure,165.1,73.5
M,158.86,7.47,40.42,82.82,28.22,116.53,2248.45,0,No Failure,173.4,76.4
L,170.77,8.0,56.66,82.51,31.05,111.4,2571.94,0,No Failure,177.7,77.9
H,170.64,8.77,46.33,99.83,19.7,103.51,3513.973,0,No Failure,180.4,78.9
M,159.12,13.096,43.89,100.0,29.21,88.89,2265.94,0,No Failure,144.6,66.2
L,146.93,7.33,50.8,96.69,20.59,140.993,2613.11,0,No Failure,174.9,76.9
M,201.43,8.43,48.21,88.32,31.11,93.78,2633.45,0,No Failure,142.1,65.3
M,155.98,8.21,71.16,59.99,25.93,115.03,2323.87,1,Cooler Thermal Breakdown,5.9,16.2
H,144.34,6.67,44.82,91.88,14.75,102.0,2467.04,0,No Failure,167.3,74.2
H,170.43,6.14,45.86,98.92,26.05,110.14,2534.93,0,No Failure,162.9,72.7
L,143.7,6.66,47.83,83.86,22.45,96.06,2826.98,0,No Failure,174.0,76.6
L,168.72,7.05,56.17,78.09,17.21,127.45,2442.2,0,No Failure,150.1,68.2
M,146.53,8.41,50.93,76.86,19.78,93.71,2432.68,0,No Failure,190.3,82.4
L,173.78,7.87,52.41,65.2,31.16,109.24,2466.59,0,No Failure,164.3,73.2
L,178.93,8.52,53.96,77.0,17.18,98.0,2332.76,0,No Failure,177.5,77.9
H,169.86,9.81,49.19,84.16,22.03,91.25,2577.14,0,No Failure,192.7,83.2
M,163.91,5.46,46.08,88.39,31.47,93.05,2911.43,1,Internal Pump Leakage,4.4,22.7
L,161.27,7.97,44.78,87.38,23.01,97.82,2629.91,0,No Failure,206.7,88.2
L,165.88,9.09,40.95,99.63,23.31,105.66,2145.41,0,No Failure,170.8,75.5
H,186.0,8.49,49.61,71.91,34.39,101.54,2774.37,0,No Failure,160.1,71.7
L,141.9,8.74,45.43,97.7,19.88,73.26,2805.98,0,No Failure,130.2,61.1
M,169.19,7.79,44.87,85.13,23.0,106.66,2242.13,0,No Failure,200.0,85.8
M,146.52,8.43,45.56,86.79,26.73,102.47,2152.71,0,No Failure,194.8,84.0
L,173.34,8.59,51.86,87.81,11.58,116.53,2168.26,0,No Failure,159.5,71.5
L,164.0,6.34,50.51,88.35,29.97,94.64,2438.37,0,No Failure,184.9,80.5
H,157.47,7.95,51.43,76.24,19.25,104.9,2581.98,0,No Failure,194.8,84.0
M,111.833,8.43,54.43,93.73,13.2,98.8,2819.29,0,No Failure,162.7,72.6
L,163.78,8.89,50.82,84.86,21.82,97.6,2410.28,0,No Failure,215.6,91.4
L,141.23,9.35,60.86,78.03,33.46,95.58,2620.09,0,No Failure,142.0,65.3
L,163.91,8.59,51.88,93.11,14.3,82.0,2297.59,0,No Failure,165.5,73.6
M,163.74,9.78,27.22,99.1,31.47,115.46,2561.14,0,No Failure,148.3,67.5
M,158.13,10.49,37.46,68.23,14.12,90.75,2279.34,0,No Failure,128.2,60.4
H,146.89,9.13,36.25,76.19,15.87,100.58,2161.94,0,No Failure,150.6,68.3
L,179.71,5.01,46.61,82.21,8.0,113.63,2777.88,1,Internal Pump Leakage,11.1,12.5
L,162.43,8.48,37.27,114.08,19.59,123.59,2177.2,0,No Failure,149.3,67.9
M,129.9,9.36,34.94,81.33,27.03,99.2,2676.17,0,No Failure,147.2,67.1
L,179.69,7.45,49.02,62.4,22.16,102.25,3132.5,0,No Failure,144.3,66.1
M,151.77,10.3,45.41,72.1,34.51,114.96,2293.25,0,No Failure,142.9,65.6
M,151.44,6.35,46.32,81.67,16.44,107.32,2392.82,0,No Failure,176.6,77.5
M,134.3,8.24,42.93,81.03,25.17,112.12,2464.995,0,No Failure,179.9,78.7
L,164.56,9.81,43.86,73.15,29.76,110.39,2501.09,0,No Failure,173.8,76.5
L,166.96,8.96,56.98,75.0,15.23,97.48,2455.47,0,No Failure,176.6,77.5
M,157.6,9.87,47.02,76.78,11.19,104.73,2516.52,0,No Failure,175.8,77.3
L,162.13,9.31,51.08,68.65,15.48,77.84,2592.75,0,No Failure,149.8,68.1
L,177.61,8.54,32.0,86.44,18.02,129.73,2308.3,0,No Failure,133.8,62.4
H,159.84,9.49,53.92,79.89,18.56,111.91,2180.33,0,No Failure,174.1,76.7
L,167.68,9.11,48.6,74.65,10.71,95.24,2254.19,0,No Failure,170.2,75.3
M,158.94,9.67,57.16,78.31,26.91,94.34,2362.63,0,No Failure,178.7,78.3
L,170.38,9.75,48.02,86.9,25.92,96.65,3094.39,0,No Failure,171.6,75.8
M,160.42,9.94,61.07,80.09,21.97,93.31,2537.76,0,No Failure,172.4,76.0
L,159.14,10.4,55.87,78.97,25.55,121.07,2392.46,0,No Failure,164.5,73.3
M,175.71,9.12,42.81,71.21,12.8,106.41,2664.79,0,No Failure,152.1,68.9
M,172.38,10.21,39.61,84.48,26.86,109.47,2588.05,0,No Failure,170.9,75.5
L,111.833,9.36,47.06,69.95,12.87,109.08,2641.62,0,No Failure,148.4,67.6
M,167.2,9.08,45.93,75.21,29.96,93.45,2243.73,0,No Failure,178.1,78.1
M,171.02,8.73,49.75,85.51,37.93,122.56,2943.31,0,No Failure,147.5,67.2
L,111.833,10.48,46.48,87.31,32.42,112.9,1965.82,0,No Failure,152.6,69.1
L,163.64,8.11,47.69,97.28,28.11,102.22,2302.51,0,No Failure,199.5,85.6
H,150.56,12.12,48.72,75.17,32.98,93.28,2404.99,0,No Failure,143.3,65.8
M,175.9,7.21,42.83,71.08,36.84,108.85,2951.97,0,No Failure,127.0,60.0
M,149.62,7.3,45.46,89.39,8.48,116.51,2349.26,0,No Failure,149.9,68.1
M,159.69,7.38,51.52,80.46,29.1,127.62,2193.69,0,No Failure,161.9,72.4
M,159.12,13.096,53.38,89.64,17.11,90.75,2245.62,0,No Failure,171.0,75.6
M,168.43,9.11,51.99,68.71,17.73,111.59,2084.44,0,No Failure,155.9,70.2
M,148.89,7.81,56.42,75.36,50.064,83.15,2873.59,0,No Failure,139.9,64.6
L,197.9,7.69,43.92,100.0,25.5,92.59,2088.39,0,No Failure,133.3,62.2
H,150.14,6.73,46.36,87.57,32.84,90.05,2769.17,0,No Failure,154.5,69.7
M,147.57,8.73,38.08,94.01,17.49,108.43,2437.9,0,No Failure,165.9,73.8
H,146.06,8.92,50.22,87.17,28.33,115.7,2433.3,0,No Failure,184.7,80.4
L,144.45,6.05,59.34,89.83,34.24,103.19,2437.94,0,No Failure,146.2,66.8
L,175.39,10.86,52.1,92.56,16.43,94.37,1827.77,0,No Failure,128.0,60.3
M,178.41,9.85,45.05,91.0,26.1,104.43,2565.94,0,No Failure,179.1,78.4
H,186.72,8.95,47.47,84.65,50.064,116.37,2272.56,0,No Failure,166.9,74.1
L,155.78,7.51,38.36,85.57,14.07,100.31,2349.59,0,No Failure,176.1,77.4
L,136.99,8.81,45.62,92.32,19.4,93.65,2271.37,0,No Failure,165.7,73.7
M,183.08,7.91,43.81,74.79,19.78,103.25,2496.51,0,No Failure,179.6,78.6
M,165.58,8.88,46.48,86.24,18.45,86.17,2214.41,0,No Failure,182.7,79.7
H,149.28,7.13,54.18,87.14,15.9,102.21,2601.66,0,No Failure,175.2,77.1
H,168.96,8.33,51.24,83.67,39.49,91.1,1970.56,0,No Failure,160.7,71.9
L,162.48,8.64,54.27,94.8,29.16,100.93,2477.49,0,No Failure,187.7,81.5
H,137.02,8.15,52.41,82.55,25.01,119.29,2480.94,0,No Failure,162.3,72.5
M,195.11,9.18,41.88,69.71,25.83,83.97,3010.5,0,No Failure,112.8,55.0
L,154.64,9.0,42.16,87.45,8.82,104.65,2431.66,0,No Failure,164.3,73.2
L,141.56,8.75,48.5,84.95,27.1,99.78,2481.91,0,No Failure,204.7,87.5
L,150.93,9.22,55.81,100.0,17.49,105.61,2485.94,0,No Failure,164.0,73.1
H,145.24,7.86,63.84,88.6,33.79,94.34,2434.235,0,No Failure,152.0,68.8
L,183.38,7.71,57.51,87.48,23.75,91.92,2431.66,0,No Failure,155.9,70.2
H,167.54,6.91,54.8,78.96,13.98,108.43,2623.72,0,No Failure,163.6,72.9
L,159.75,7.54,35.44,93.37,18.64,104.91,2250.41,0,No Failure,165.6,73.7
H,169.91,8.9,45.46,93.19,28.69,105.98,2092.35,0,No Failure,176.8,77.6
L,151.3,7.69,47.08,90.13,25.48,107.51,2045.11,0,No Failure,181.4,79.3
L,170.95,7.34,58.67,78.68,22.72,108.7,2459.42,0,No Failure,180.6,79.0
M,179.7,7.46,44.73,91.9,28.73,90.54,2358.25,0,No Failure,166.1,73.8
H,177.64,8.07,34.03,72.84,14.32,104.85,2095.92,0,No Failure,137.1,63.6
H,164.02,8.15,43.91,86.07,28.83,95.05,2349.41,0,No Failure,200.5,86.0
L,159.31,7.62,63.45,84.49,29.71,96.04,2401.82,0,No Failure,177.7,77.9
L,167.34,8.09,56.34,68.28,28.82,108.34,2430.29,1,Cooler Thermal Breakdown,10.9,32.0
L,166.28,9.4,55.06,69.41,27.33,101.95,2845.68,0,No Failure,165.8,73.7
M,172.01,8.4,53.09,100.0,15.08,107.63,2408.41,0,No Failure,171.8,75.9
L,151.37,6.81,58.56,84.03,17.76,98.87,2779.61,0,No Failure,161.1,72.1
L,165.44,6.43,61.5,80.26,28.68,102.03,2665.63,0,No Failure,162.4,72.5
H,164.61,10.16,49.85,71.42,23.42,109.42,2195.35,0,No Failure,175.6,77.2
L,184.11,6.54,48.58,95.65,17.14,140.993,2652.87,0,No Failure,149.8,68.1
M,192.34,9.68,47.72,77.56,19.7,113.59,2922.98,0,No Failure,140.9,64.9
M,180.28,10.97,37.43,79.06,29.73,76.95,2122.56,0,No Failure,108.0,53.2
L,170.04,7.54,50.33,72.37,19.09,102.03,2183.9,0,No Failure,163.2,72.8
L,167.17,6.33,45.05,85.76,33.55,88.71,2498.89,0,No Failure,166.6,74.0
H,183.54,7.03,53.09,92.6,18.65,98.41,2671.04,0,No Failure,157.6,70.8
M,138.85,9.25,73.517,83.69,41.67,107.2,2700.58,1,Proportional Valve Lag,4.2,24.8
L,161.03,7.73,44.8,72.95,20.34,120.2,2401.81,0,No Failure,176.7,77.6
H,155.98,7.3,42.85,72.53,26.99,128.04,2918.6,0,No Failure,134.2,62.5
L,162.48,8.4,56.98,63.71,30.89,76.03,2102.83,1,Cooler Thermal Breakdown,10.0,10.9
L,156.24,9.72,44.13,81.1,24.78,97.24,3089.69,0,No Failure,169.8,75.1
H,176.86,11.15,44.39,74.12,14.69,79.84,2266.71,0,No Failure,119.9,57.5
M,191.6,8.73,62.6,93.89,23.0,103.26,2862.14,0,No Failure,141.9,65.2
L,152.85,7.89,45.8,84.815,18.45,75.47,2564.72,0,No Failure,165.9,73.8
L,165.88,8.53,56.64,96.84,14.32,111.87,2403.48,0,No Failure,166.9,74.1
H,154.37,6.43,45.16,79.17,19.85,86.58,2866.9,1,Internal Pump Leakage,6.0,23.5
L,111.833,9.78,60.38,70.08,28.45,92.8,2327.89,0,No Failure,151.3,68.6
H,164.97,8.38,58.11,82.94,31.65,102.18,3159.08,0,No Failure,167.6,74.4
M,212.584,10.52,51.48,71.5,33.21,108.3,2736.6,0,No Failure,127.5,60.1
M,161.55,8.3,55.56,68.45,14.27,102.58,2672.25,0,No Failure,172.0,75.9
M,156.52,9.02,39.96,77.77,41.22,96.6,2741.69,0,No Failure,148.6,67.6
L,170.26,10.42,40.67,80.32,30.76,102.11,2552.48,0,No Failure,171.6,75.8
H,169.64,10.62,46.86,83.05,35.61,111.01,2813.58,0,No Failure,153.9,69.5
H,212.584,8.33,26.32,95.28,25.96,81.84,2201.21,0,No Failure,156.7,70.5
M,147.24,9.51,53.19,93.67,35.34,124.59,2346.29,1,Proportional Valve Lag,2.8,18.1
M,179.83,6.18,49.56,64.87,28.63,106.39,2076.8,0,No Failure,137.5,63.7
L,162.48,9.37,48.64,90.86,15.62,116.49,2491.11,0,No Failure,180.8,79.0
L,158.48,9.03,65.64,87.71,22.63,100.03,2465.4,0,No Failure,184.2,80.3
L,177.5,10.01,56.49,80.53,47.66,114.63,2523.23,0,No Failure,126.4,59.8
L,178.62,7.46,54.55,72.25,31.39,113.91,2369.53,0,No Failure,151.9,68.8
L,161.6,7.33,44.99,69.19,38.67,94.4,2258.44,0,No Failure,153.4,69.3
M,151.9,8.33,47.24,86.8,12.36,105.46,2571.41,0,No Failure,190.6,82.5
L,155.55,8.4,48.44,84.15,26.16,90.83,2693.51,0,No Failure,196.0,84.4
H,167.98,9.05,52.17,89.89,30.4,99.41,2331.22,0,No Failure,190.4,82.4
M,162.22,7.94,46.15,86.21,8.16,109.21,2511.36,0,No Failure,184.9,80.5
L,174.76,8.61,44.41,79.56,28.58,100.99,2333.32,0,No Failure,195.1,84.1
H,175.6,11.41,51.5,85.12,18.15,107.4,2881.9,0,No Failure,149.0,67.8
L,145.24,10.99,45.44,83.51,21.48,101.06,2024.48,0,No Failure,163.3,72.8
L,153.31,8.23,46.01,100.0,41.1,82.5,2580.82,0,No Failure,138.5,64.1
H,190.9,7.93,49.55,81.58,29.91,81.86,2434.235,0,No Failure,164.1,73.1
H,163.29,9.26,41.92,100.0,19.01,108.99,2027.91,0,No Failure,155.1,69.9
M,163.66,7.22,47.61,77.67,13.04,93.56,2219.5,0,No Failure,172.7,76.2
L,182.56,9.25,41.75,92.5,22.53,84.77,2228.18,0,No Failure,150.3,68.2
M,155.42,8.83,40.81,88.45,12.36,110.84,2477.46,0,No Failure,172.5,76.1
M,165.83,9.94,42.72,78.16,11.37,111.7,2772.42,0,No Failure,148.5,67.6
M,164.27,6.99,39.56,89.9,15.39,96.63,2157.21,0,No Failure,159.3,71.4
M,144.95,9.13,54.83,95.59,29.31,118.34,2807.67,0,No Failure,138.7,64.1
H,173.07,7.7,61.31,86.58,33.52,129.41,2114.99,0,No Failure,124.0,58.9
M,161.27,8.47,48.21,80.9,38.86,93.39,2632.3,0,No Failure,170.0,75.2
L,180.15,7.69,47.98,83.62,31.16,107.61,2308.57,0,No Failure,185.8,80.8
M,165.15,8.25,51.76,97.36,14.11,102.42,2792.41,0,No Failure,173.9,76.6
M,184.03,8.08,46.18,89.05,11.36,100.32,2737.01,0,No Failure,163.4,72.9
H,150.06,7.68,38.3,89.58,23.0,115.35,2552.72,0,No Failure,168.6,74.7
H,160.09,8.1,48.21,80.61,27.57,110.75,2414.89,0,No Failure,210.1,89.4
L,167.37,8.97,55.06,73.7,30.58,101.08,2295.81,0,No Failure,179.7,78.6
L,160.35,7.8,49.29,85.5,22.45,110.11,2470.47,0,No Failure,214.2,90.9
L,179.75,10.09,46.4,89.73,30.71,101.85,2011.23,0,No Failure,158.6,71.2
L,179.57,8.99,45.82,77.61,10.28,88.84,2141.93,0,No Failure,144.8,66.3
M,167.76,8.76,50.97,83.8,30.48,80.72,2708.53,0,No Failure,174.2,76.7
H,179.5,8.44,55.59,86.32,27.99,99.4,2481.29,0,No Failure,192.5,83.2
L,167.49,7.96,44.09,72.4,28.91,90.28,2687.03,0,No Failure,169.2,74.9
L,166.63,9.24,41.96,95.14,23.46,119.37,2556.39,0,No Failure,169.6,75.1
L,161.01,9.47,40.28,84.93,27.1,94.85,2469.64,0,No Failure,194.1,83.7
M,150.21,9.5,55.94,79.02,21.96,96.99,2314.15,0,No Failure,178.1,78.1
L,168.44,10.58,48.16,84.96,23.65,116.44,2009.59,0,No Failure,169.1,74.9
H,151.34,9.09,36.13,90.17,13.37,96.55,2134.64,0,No Failure,146.4,66.9
L,131.23,3.754,54.33,76.26,23.55,114.69,2663.91,0,No Failure,159.9,71.6
M,180.99,9.31,50.84,94.33,34.94,117.0,2293.64,0,No Failure,145.2,66.4
L,183.39,7.87,55.9,88.2,15.29,92.06,2093.61,0,No Failure,146.7,67.0
M,156.65,7.76,50.44,85.62,15.57,99.83,2084.87,0,No Failure,185.7,80.8
M,164.27,10.42,48.75,85.65,27.29,104.99,2587.92,0,No Failure,197.0,84.8
M,167.75,9.84,47.8,66.95,24.07,107.64,2632.91,0,No Failure,177.4,77.8
L,179.03,8.13,43.57,92.59,19.04,98.43,2370.67,0,No Failure,180.5,78.9
L,152.16,7.78,51.28,97.65,20.47,107.9,2186.85,0,No Failure,171.9,75.9
M,170.77,9.05,43.91,85.07,22.77,112.24,2352.73,0,No Failure,194.0,83.7
M,185.76,8.31,23.433,82.69,18.89,94.23,2292.11,0,No Failure,166.9,74.1
L,182.12,8.44,48.58,88.33,19.39,63.004,2293.32,0,No Failure,175.9,77.3
M,182.68,8.34,49.76,92.56,29.17,113.9,2392.62,0,No Failure,176.8,77.6
L,179.57,10.46,54.67,116.91,8.0,95.81,2268.18,0,No Failure,124.2,59.0
M,160.36,9.49,57.98,89.73,23.53,114.41,2363.32,0,No Failure,179.0,78.4
L,138.92,8.68,49.44,85.36,25.02,95.68,1963.59,0,No Failure,177.8,78.0
M,174.26,10.16,48.34,84.12,24.21,116.66,2807.56,0,No Failure,151.9,68.8
M,157.3,7.15,49.96,77.96,21.35,109.25,2601.38,0,No Failure,189.3,82.0
H,177.45,8.37,67.57,83.38,50.064,114.11,2746.6,0,No Failure,143.5,65.8
M,138.91,6.02,55.34,90.95,28.91,92.79,2396.07,0,No Failure,145.0,66.4
L,173.59,7.59,56.25,93.68,45.54,95.21,2582.17,0,No Failure,134.8,62.7
L,163.93,6.42,51.73,84.24,22.45,98.14,2795.73,1,Internal Pump Leakage,8.1,36.0
M,155.97,7.48,46.62,78.03,22.56,103.56,2648.91,0,No Failure,197.9,85.1
L,155.53,8.69,43.28,93.98,18.33,103.61,2208.12,0,No Failure,181.4,79.3
M,173.55,13.096,55.34,96.0,23.86,90.97,2541.56,0,No Failure,161.3,72.1
L,162.48,9.44,58.34,94.27,19.32,100.34,2184.43,0,No Failure,168.4,74.7
L,142.26,7.75,40.59,69.97,23.6,107.79,2581.1,0,No Failure,163.5,72.9
L,166.92,7.37,58.5,73.69,27.44,112.35,3513.973,0,No Failure,163.8,73.0
M,138.47,7.8,42.27,89.42,23.15,96.43,2245.67,0,No Failure,172.0,75.9
L,172.47,7.94,23.433,77.33,24.36,107.31,2955.27,0,No Failure,166.1,73.8
L,159.75,8.79,47.78,96.4,15.39,100.08,1862.46,0,No Failure,167.7,74.4
M,188.48,10.04,57.74,99.82,24.19,86.76,1989.72,0,No Failure,114.1,55.4
M,154.37,7.4,50.26,78.28,37.66,99.27,1963.25,0,No Failure,157.7,70.9
H,148.77,7.27,36.84,77.21,20.74,107.38,2341.3,0,No Failure,163.8,73.0
L,160.82,9.64,48.58,100.0,27.87,106.42,2440.26,0,No Failure,186.5,81.0
M,175.76,8.11,56.11,93.16,29.03,88.64,2603.94,0,No Failure,161.3,72.1
M,137.14,8.14,51.07,73.35,28.33,114.43,2514.27,0,No Failure,165.6,73.7
L,160.21,7.41,47.16,100.0,10.84,90.12,2391.25,0,No Failure,159.4,71.4
M,168.88,8.19,47.36,85.24,16.1,113.68,3513.973,0,No Failure,195.2,84.1
M,159.14,7.04,57.53,98.24,20.27,98.85,2735.75,0,No Failure,159.5,71.5
L,155.93,10.72,46.93,95.96,23.63,104.8,2871.01,0,No Failure,165.0,73.4
L,151.07,8.4,48.58,86.69,16.0,112.02,2193.54,0,No Failure,157.7,70.9
L,180.43,8.36,53.84,68.97,17.23,99.89,3055.64,0,No Failure,144.9,66.3
M,167.35,9.39,61.74,87.37,26.94,100.08,2401.75,0,No Failure,182.4,79.6
H,143.01,6.55,42.57,85.46,26.77,91.08,2486.32,0,No Failure,167.2,74.2
L,155.73,5.91,51.51,80.71,30.01,93.11,2361.8,0,No Failure,170.1,75.2
M,178.99,9.32,53.88,74.61,21.91,97.95,2271.6,0,No Failure,171.8,75.8
L,175.13,8.75,45.27,75.29,21.07,100.67,2466.61,0,No Failure,196.4,84.5
L,181.92,8.94,45.57,96.51,9.8,96.0,2464.59,0,No Failure,155.6,70.1
L,168.41,7.78,45.29,74.36,19.84,102.11,2816.54,0,No Failure,181.4,79.2
M,151.76,9.63,52.89,86.76,11.24,100.64,2635.71,0,No Failure,169.4,75.0
L,141.09,6.83,43.23,97.14,17.86,104.25,2510.97,0,No Failure,156.0,70.3
M,164.18,8.98,32.0,84.88,26.34,117.43,2772.15,0,No Failure,158.2,71.0
H,145.87,8.65,46.9,73.99,20.67,103.23,2794.81,0,No Failure,179.7,78.6
L,166.9,8.46,55.55,81.0,12.42,109.22,3167.93,0,No Failure,151.0,68.5
L,163.86,9.57,62.17,89.01,34.15,108.05,2819.44,0,No Failure,146.7,66.9
L,161.6,9.79,42.67,81.75,16.76,88.53,2419.39,0,No Failure,177.9,78.0
H,170.8,8.14,58.01,86.3,26.85,89.37,2383.44,0,No Failure,181.8,79.4
L,164.39,8.83,47.16,81.22,17.46,100.32,2352.57,0,No Failure,207.2,88.4
L,162.02,7.93,50.79,84.36,20.66,97.37,1682.22,0,No Failure,181.4,79.3
L,149.35,8.88,43.37,64.49,17.01,109.58,2793.46,0,No Failure,145.0,66.4
L,149.06,9.74,47.67,84.815,24.41,107.41,2793.79,0,No Failure,185.4,80.7
L,111.833,10.17,44.46,93.16,25.4,115.17,1804.25,0,No Failure,125.2,59.4
H,157.6,9.13,41.91,93.04,30.87,114.39,2742.48,0,No Failure,159.3,71.4
H,177.97,9.16,45.75,89.11,8.0,112.03,2124.85,0,No Failure,145.1,66.4
L,148.86,8.46,50.02,85.73,20.69,94.7,1982.81,0,No Failure,183.5,80.0
H,144.84,10.54,57.25,77.95,30.05,109.37,2643.61,0,No Failure,144.4,66.1
H,151.91,8.62,41.12,96.48,10.97,115.25,1993.8,0,No Failure,132.0,61.7
H,146.36,9.7,51.59,72.72,20.07,95.17,2419.12,0,No Failure,170.9,75.5
M,172.67,8.72,40.29,85.55,26.69,95.23,1699.69,0,No Failure,158.3,71.1
L,180.95,6.81,57.28,78.77,29.4,105.56,2430.76,0,No Failure,163.7,73.0
L,152.08,5.27,57.76,91.99,10.88,105.45,2429.54,0,No Failure,136.8,63.5
L,164.41,6.32,58.42,65.11,33.9,84.02,1717.67,1,Cooler Thermal Breakdown,3.2,2.8
M,135.21,7.86,32.0,73.49,28.16,100.78,2531.83,0,No Failure,146.3,66.8
L,165.88,7.65,55.3,75.86,15.15,103.7,2546.3,0,No Failure,179.3,78.5
M,157.1,8.35,48.9,83.02,38.07,103.53,2146.85,0,No Failure,189.5,82.1
L,156.98,8.9,34.92,81.08,17.9,95.49,2704.41,0,No Failure,166.4,73.9
L,169.8,7.67,32.83,95.26,18.37,102.03,2437.92,0,No Failure,140.4,64.7
H,151.14,7.52,41.92,75.31,13.77,101.1,2554.27,0,No Failure,168.8,74.8
M,170.81,8.67,37.45,71.3,33.33,104.17,2394.08,0,No Failure,164.8,73.4
M,171.49,9.61,53.19,75.19,21.08,112.71,2582.88,0,No Failure,170.6,75.4
H,150.89,7.57,46.63,80.07,27.18,91.75,2145.29,0,No Failure,177.7,77.9
H,167.47,9.02,39.56,94.5,27.28,100.03,2494.13,0,No Failure,184.1,80.2
M,160.87,8.43,48.26,75.7,29.01,77.33,2507.03,0,No Failure,183.2,79.9
M,144.54,9.43,47.94,77.46,25.63,108.59,2464.995,0,No Failure,177.5,77.9
M,141.2,9.91,38.65,82.08,26.1,94.28,3062.87,0,No Failure,138.5,64.0
L,162.48,11.39,50.31,91.7,26.85,104.52,2092.77,0,No Failure,162.2,72.4
M,147.45,6.29,35.78,88.81,18.78,111.79,2965.27,1,Internal Pump Leakage,11.6,14.1
L,165.22,7.38,44.97,97.11,8.21,111.05,2505.75,0,No Failure,156.1,70.3
M,156.04,8.02,49.42,79.11,17.38,88.49,2326.09,0,No Failure,185.9,80.8
H,181.3,9.74,50.73,95.17,11.56,89.21,2942.51,0,No Failure,123.4,58.7
M,186.49,7.42,39.87,99.88,18.86,100.71,2507.13,0,No Failure,151.2,68.6
L,159.96,8.11,50.1,95.56,25.63,82.84,2277.93,0,No Failure,179.9,78.7
M,142.61,8.94,52.73,84.59,30.61,101.56,2869.39,0,No Failure,172.9,76.2
M,183.05,7.68,66.11,93.45,24.76,101.05,2091.74,0,No Failure,143.1,65.7
L,150.89,9.59,53.3,81.64,22.28,107.8,2551.34,0,No Failure,188.2,81.7
M,174.54,6.88,44.67,80.96,25.09,103.31,2836.1,0,No Failure,177.6,77.9
M,162.93,7.72,48.21,77.62,29.08,101.92,2464.995,0,No Failure,158.8,71.2
M,172.43,11.34,23.433,95.51,31.46,82.1,2628.35,0,No Failure,128.6,60.5
H,158.12,7.54,44.26,74.75,28.71,109.22,2621.03,0,No Failure,179.2,78.5
H,165.76,7.0,40.72,92.64,28.72,99.53,2427.25,0,No Failure,180.3,78.8
L,176.47,7.27,50.65,87.52,23.27,108.03,2830.31,0,No Failure,177.5,77.9
M,136.2,6.98,48.49,92.53,19.2,89.46,2693.9,0,No Failure,151.1,68.5
L,156.7,9.24,50.82,84.48,30.77,95.75,2092.03,0,No Failure,182.9,79.8
L,173.16,7.99,57.06,81.35,19.89,102.53,2489.74,0,No Failure,193.2,83.4
M,160.41,5.85,47.22,80.43,23.92,110.46,2521.11,0,No Failure,189.7,82.2
L,159.83,9.25,47.02,85.11,19.6,98.99,2871.96,0,No Failure,192.2,83.1
L,168.69,3.754,23.433,90.56,32.95,118.62,2263.46,0,No Failure,153.7,69.4
M,172.65,10.54,59.82,83.62,24.43,119.51,3017.58,0,No Failure,134.1,62.5
L,162.35,8.53,43.69,80.69,27.98,76.17,2585.63,0,No Failure,177.6,77.9
M,136.34,9.32,38.56,76.28,23.56,86.08,2260.81,0,No Failure,144.3,66.1
L,154.51,7.02,41.12,80.24,25.4,99.85,3065.42,0,No Failure,163.3,72.8
M,160.0,8.53,46.0,90.68,20.2,111.06,2431.93,0,No Failure,202.6,86.8
L,162.46,7.41,45.49,66.83,28.93,112.79,2136.64,0,No Failure,160.6,71.9
M,173.55,8.91,52.12,69.36,12.82,114.07,2297.79,0,No Failure,151.3,68.6
L,168.16,7.5,35.1,79.0,38.74,110.46,1928.81,0,No Failure,127.0,60.0
H,170.1,8.43,42.54,82.91,16.17,96.56,2858.49,0,No Failure,177.2,77.8
M,148.84,9.43,52.36,89.73,27.11,119.16,2517.13,0,No Failure,169.7,75.1
L,141.44,9.79,46.77,100.0,22.57,113.17,2683.49,0,No Failure,150.9,68.5
L,162.48,11.0,53.5,77.54,35.56,117.33,2001.51,0,No Failure,125.2,59.4
L,165.6,6.39,45.94,75.92,20.21,97.65,2855.44,1,Internal Pump Leakage,9.8,29.0
M,151.72,8.1,40.24,73.56,17.64,105.72,2488.77,0,No Failure,176.5,77.5
L,172.11,6.35,53.33,94.53,22.44,88.14,2287.55,0,No Failure,155.6,70.1
L,176.07,8.07,23.433,83.73,33.23,102.03,2136.46,0,No Failure,180.4,78.9
L,150.81,9.24,62.93,96.69,20.79,118.55,2284.78,0,No Failure,138.2,63.9
M,168.85,10.55,49.98,84.04,22.17,99.25,2681.75,0,No Failure,189.7,82.2
M,167.7,5.37,54.62,70.78,37.13,117.11,2644.33,0,No Failure,118.0,56.8
H,149.83,8.83,41.87,82.84,29.22,102.84,2501.15,0,No Failure,195.1,84.1
H,149.72,9.8,55.21,90.89,27.05,78.51,1922.74,0,No Failure,129.7,60.9
M,151.88,9.31,50.29,64.13,8.0,93.31,2516.55,0,No Failure,143.7,65.9
L,166.2,9.15,41.54,92.74,12.0,95.0,2613.87,0,No Failure,162.0,72.4
M,141.66,9.89,49.34,89.66,28.38,77.86,2041.86,0,No Failure,136.7,63.4
M,138.41,10.02,55.22,96.81,29.31,91.68,2058.72,0,No Failure,126.2,59.7
L,179.82,9.97,44.02,88.61,22.52,117.26,3041.59,0,No Failure,140.4,64.7
L,166.84,10.46,48.17,88.93,24.74,83.95,3158.86,0,No Failure,148.3,67.5
L,157.32,9.5,49.66,90.18,26.11,101.95,2413.17,0,No Failure,206.8,88.2
M,162.07,6.74,39.98,100.0,26.1,106.45,2891.71,0,No Failure,151.8,68.7
M,164.88,8.24,38.45,96.55,32.99,86.04,2510.02,0,No Failure,157.2,70.7
M,144.33,9.97,50.39,57.76,10.71,98.62,1950.02,0,No Failure,111.3,54.4
H,154.03,8.16,45.83,82.93,20.07,92.32,2774.89,0,No Failure,187.9,81.5
M,157.41,9.3,39.03,66.12,16.36,112.77,2580.37,0,No Failure,147.0,67.1
L,173.23,7.99,45.34,87.4,19.97,104.76,2361.81,0,No Failure,198.1,85.2
L,149.07,7.61,42.51,89.09,37.24,102.3,2240.16,1,Proportional Valve Lag,11.9,28.1
L,160.66,7.83,56.19,90.43,19.02,129.15,2718.16,0,No Failure,151.9,68.8
L,168.4,7.62,65.71,90.24,30.34,106.08,2317.32,0,No Failure,158.4,71.1
L,157.09,7.72,47.43,87.29,18.57,102.03,2830.8,0,No Failure,186.9,81.2
L,181.01,7.77,57.28,92.86,22.94,86.37,2101.02,0,No Failure,146.2,66.8
L,193.84,9.47,57.91,75.67,20.01,99.7,2398.96,0,No Failure,153.7,69.4
L,164.35,8.23,51.08,85.27,20.07,89.09,2375.56,0,No Failure,201.8,86.5
L,157.56,7.76,46.28,76.79,33.7,96.19,2788.38,0,No Failure,172.3,76.0
H,168.83,7.46,57.92,91.77,32.54,92.32,2012.75,0,No Failure,144.2,66.1
L,152.41,8.49,49.2,91.33,12.16,94.56,2563.44,0,No Failure,180.5,78.9
M,182.16,9.34,48.86,82.07,23.74,104.22,2731.57,0,No Failure,190.2,82.4
M,157.65,9.72,43.68,86.94,26.65,119.28,2482.39,0,No Failure,179.7,78.6
M,154.92,7.89,46.35,100.0,26.68,86.59,2467.32,0,No Failure,175.1,77.0
M,162.17,10.35,42.9,77.06,16.75,112.95,2198.07,0,No Failure,158.6,71.2
H,159.21,6.99,60.98,93.45,31.42,98.03,2251.65,0,No Failure,155.1,69.9
L,171.92,8.82,61.04,70.83,19.77,104.2,2750.56,0,No Failure,156.6,70.4
M,160.17,10.08,39.04,85.31,31.84,115.47,2528.81,0,No Failure,164.1,73.1
L,119.28,8.71,60.75,87.54,23.36,111.1,2431.66,0,No Failure,154.1,69.6
M,148.05,7.81,49.38,85.18,16.92,91.24,2237.95,0,No Failure,179.8,78.7
M,174.89,8.43,48.34,82.6,8.0,122.72,2528.43,0,No Failure,148.1,67.5
M,179.95,8.39,51.53,84.96,23.54,86.17,3455.16,0,No Failure,181.7,79.4
H,151.22,9.66,60.22,78.61,43.3,107.32,2365.07,0,No Failure,137.3,63.6
L,158.18,9.02,55.65,70.26,23.7,92.97,2508.74,0,No Failure,180.8,79.0
H,171.6,9.81,38.43,87.21,24.0,104.88,2384.51,0,No Failure,184.1,80.2
H,171.16,11.55,49.53,75.19,25.14,102.3,2309.24,0,No Failure,173.8,76.6
M,164.79,8.13,56.36,86.65,26.38,89.69,2189.65,0,No Failure,182.5,79.7
H,167.78,9.01,49.48,93.75,19.71,94.47,2518.32,0,No Failure,191.1,82.7
M,148.22,9.59,46.9,83.8,15.8,105.38,2566.07,0,No Failure,185.1,80.6
M,168.79,7.75,52.65,75.22,17.16,104.88,2193.76,0,No Failure,176.8,77.6
H,158.67,8.69,53.42,90.13,27.72,97.75,2288.53,0,No Failure,194.9,84.0
L,131.51,8.46,44.13,71.6,10.98,94.92,1997.61,0,No Failure,127.8,60.3
L,176.21,9.33,47.96,81.54,9.14,117.09,1999.58,0,No Failure,143.2,65.7
M,163.11,7.62,37.75,84.32,28.94,117.81,2247.08,0,No Failure,169.9,75.2
M,133.77,8.54,44.85,93.23,22.6,102.58,2602.88,0,No Failure,179.6,78.6
L,153.68,10.37,47.3,89.05,32.66,101.1,2071.95,0,No Failure,165.8,73.7
M,146.04,10.41,44.51,87.64,31.62,116.71,2333.27,0,No Failure,151.5,68.7
H,175.42,10.33,52.98,82.99,28.14,118.2,1743.66,0,No Failure,134.6,62.7
L,166.7,6.83,39.17,84.66,26.81,102.37,2612.91,0,No Failure,185.5,80.7
H,169.31,8.05,41.23,97.74,21.13,107.51,2689.45,0,No Failure,171.0,75.5
H,151.85,7.51,47.37,72.9,23.38,115.5,2556.02,0,No Failure,179.3,78.5
L,167.18,8.4,48.7,81.32,24.92,94.32,2482.82,0,No Failure,217.7,92.1
L,186.95,6.97,42.5,83.22,20.87,98.82,2375.09,0,No Failure,173.8,76.5
L,170.22,7.8,43.0,85.64,15.35,83.1,2425.64,0,No Failure,171.0,75.6
M,170.6,10.52,49.35,84.38,20.18,94.48,2353.52,0,No Failure,185.7,80.8
L,170.55,6.93,51.12,91.56,37.32,98.42,2484.79,0,No Failure,168.4,74.6
L,158.85,7.41,56.98,70.44,32.59,117.0,2734.78,0,No Failure,141.3,65.0
M,183.68,8.41,41.35,90.66,21.79,98.02,2896.92,0,No Failure,164.3,73.2
M,158.47,7.79,49.88,71.67,25.08,82.53,2198.01,0,No Failure,171.2,75.6
L,159.31,5.61,52.42,84.48,28.54,100.17,2116.03,0,No Failure,172.6,76.1
M,164.39,7.4,52.41,76.6,17.39,92.1,2667.16,0,No Failure,173.3,76.4
L,175.66,7.27,45.63,79.01,23.97,113.07,2346.02,0,No Failure,183.0,79.8
M,158.05,6.6,50.04,85.88,22.32,97.71,2567.3,0,No Failure,197.2,84.8
H,176.91,9.27,41.87,87.72,19.32,94.0,2898.08,0,No Failure,157.4,70.7
L,128.54,8.28,55.69,94.36,9.56,113.39,2149.08,0,No Failure,120.5,57.7
L,156.98,6.59,53.76,59.97,23.71,117.09,2522.34,0,No Failure,147.9,67.4
M,111.833,9.64,56.07,78.37,20.57,97.28,1952.24,0,No Failure,151.8,68.8
M,111.833,9.54,51.02,79.18,10.99,103.76,2126.44,0,No Failure,164.9,73.4
L,176.16,9.57,49.84,89.6,26.79,104.37,2536.56,0,No Failure,190.6,82.5
M,159.61,8.37,50.98,49.175,26.2,116.9,2279.91,0,No Failure,187.4,81.4
L,179.43,8.75,42.15,77.05,29.55,96.13,2325.47,0,No Failure,172.6,76.1
L,159.11,7.53,39.79,84.77,23.75,82.39,2380.76,0,No Failure,181.1,79.1
M,161.99,10.83,57.73,100.0,22.78,100.2,2354.2,0,No Failure,163.5,72.9
L,158.63,7.97,52.64,93.44,28.44,104.23,2639.83,0,No Failure,189.9,82.3
L,159.79,9.37,52.46,75.95,17.71,108.42,1383.673,0,No Failure,185.7,80.8
H,155.84,9.87,41.56,74.83,16.85,106.22,1960.99,0,No Failure,149.2,67.8
L,152.26,8.66,46.63,83.8,28.7,90.17,2614.9,0,No Failure,192.1,83.0
H,163.5,8.16,73.517,76.79,26.67,108.17,2462.6,0,No Failure,208.4,88.8
H,161.99,8.47,46.22,84.51,29.47,99.64,2209.69,0,No Failure,209.2,89.1
L,182.23,7.42,53.68,84.86,15.77,123.02,2260.15,0,No Failure,147.4,67.2
M,179.59,9.67,57.67,70.08,33.16,104.96,2763.93,0,No Failure,134.8,62.7
H,191.05,6.64,41.89,49.175,23.54,119.97,3182.22,0,No Failure,119.9,57.5
L,179.35,10.29,61.78,71.49,16.48,126.34,2480.58,0,No Failure,112.0,54.7
M,170.99,8.9,41.79,79.79,28.26,140.993,2649.25,0,No Failure,184.9,80.5
L,167.8,8.17,46.77,77.22,33.46,98.28,2107.82,0,No Failure,179.8,78.7
L,166.44,9.17,50.03,83.04,28.44,121.82,2398.1,0,No Failure,187.4,81.4
M,154.52,7.26,54.59,96.38,28.04,115.98,2204.69,0,No Failure,153.7,69.4
L,163.43,9.21,41.77,99.51,23.75,95.87,1685.47,0,No Failure,127.0,60.0
L,152.74,11.81,52.92,50.41,12.38,112.24,2469.44,0,No Failure,127.1,60.0
H,170.42,9.09,42.97,72.38,35.74,112.5,2619.69,0,No Failure,153.1,69.2
M,212.584,8.91,47.86,83.25,31.77,110.69,2218.43,0,No Failure,191.3,82.8
L,165.57,9.81,43.51,83.5,11.34,97.54,2305.81,0,No Failure,174.3,76.7
L,159.0,8.46,50.9,69.27,12.59,96.46,1890.98,0,No Failure,155.3,70.0
M,170.56,6.49,50.75,85.86,31.45,92.12,2075.77,0,No Failure,160.0,71.7
M,186.53,6.69,46.81,71.55,16.51,101.96,2438.05,0,No Failure,161.6,72.2
M,154.33,11.09,40.66,95.47,31.0,78.74,2606.15,0,No Failure,122.1,58.2
H,147.2,5.79,41.7,100.0,34.09,102.395,2119.36,0,No Failure,103.0,51.5
M,138.54,7.92,65.51,79.02,23.56,111.44,3128.67,0,No Failure,125.8,59.5
H,138.31,10.4,46.41,77.88,13.35,102.9,2205.23,0,No Failure,149.7,68.0
L,150.0,8.9,48.3,83.35,27.98,96.95,2280.53,0,No Failure,199.8,85.8
L,186.75,7.97,34.48,87.88,35.48,103.17,1832.65,0,No Failure,124.8,59.2
L,178.63,7.25,46.88,89.09,26.37,105.36,2387.07,0,No Failure,189.3,82.1
L,179.16,7.66,54.12,88.72,-1.804,105.92,2410.61,0,No Failure,187.5,81.4
L,157.27,8.72,40.38,86.55,28.92,96.25,2504.86,0,No Failure,192.8,83.3
L,159.89,6.93,36.71,91.29,28.01,117.56,2614.79,0,No Failure,153.3,69.3
L,157.01,8.21,49.77,81.8,23.79,96.77,2038.46,0,No Failure,201.0,86.2
H,161.5,9.56,73.517,65.82,-1.804,110.91,2369.25,0,No Failure,175.3,77.1
M,158.37,7.91,43.5,77.01,17.78,111.71,2524.8,0,No Failure,183.6,80.0
L,166.08,10.67,48.05,76.83,19.62,86.95,2196.95,0,No Failure,161.7,72.3
M,120.34,10.17,59.9,72.61,31.19,116.18,2542.58,0,No Failure,105.3,52.3
L,167.68,7.74,48.49,82.83,24.21,96.42,2253.18,0,No Failure,209.1,89.0
L,155.63,7.55,53.56,77.53,30.92,111.93,2561.95,0,No Failure,174.4,76.8
L,189.39,8.96,42.65,116.03,26.26,113.74,2418.11,0,No Failure,164.7,73.3
L,155.1,9.96,57.69,75.37,13.53,97.01,2484.2,0,No Failure,158.0,71.0
H,158.9,8.12,46.17,81.06,33.98,96.36,2590.81,0,No Failure,192.4,83.1
L,162.72,7.37,53.25,79.94,23.75,101.64,1690.14,0,No Failure,176.1,77.4
L,169.55,8.0,39.96,63.4,12.4,94.38,2586.76,0,No Failure,143.3,65.8
M,171.78,8.89,45.34,66.05,31.61,102.44,1804.47,0,No Failure,129.1,60.7
L,140.08,5.89,44.06,72.63,26.94,86.97,2956.12,1,Internal Pump Leakage,9.0,11.9
M,165.81,7.23,39.17,85.75,21.9,85.09,2613.01,0,No Failure,169.8,75.1
H,158.2,8.09,46.55,89.6,35.33,102.395,2947.71,0,No Failure,151.3,68.6
L,152.64,10.33,49.46,100.0,16.82,90.5,2387.02,0,No Failure,154.5,69.7
M,170.41,9.94,33.83,94.68,14.09,107.19,2807.56,0,No Failure,128.2,60.4
M,157.32,8.79,44.35,77.56,26.72,99.53,2622.81,0,No Failure,197.2,84.8
L,195.36,8.27,49.99,77.49,35.02,79.38,2400.01,0,No Failure,141.9,65.3
L,156.05,8.05,51.37,88.58,39.15,103.61,2707.05,0,No Failure,175.0,77.0
M,126.13,11.74,49.98,81.87,17.02,98.92,2078.99,0,No Failure,128.9,60.7
H,167.22,8.09,48.59,77.35,33.37,109.11,2284.84,0,No Failure,187.3,81.3
M,147.42,8.29,42.52,81.27,32.46,81.56,2492.73,0,No Failure,164.9,73.4
M,164.02,9.05,49.43,100.0,29.51,90.08,2138.02,0,No Failure,166.1,73.8
L,158.6,8.16,48.49,90.37,29.07,97.14,2332.01,0,No Failure,203.6,87.1
M,162.63,7.21,56.01,76.0,27.97,110.27,2397.37,0,No Failure,179.8,78.7
H,128.59,5.35,35.75,75.8,26.6,95.12,2652.06,0,No Failure,114.5,55.5
L,145.84,9.9,57.02,78.02,10.3,106.07,2429.78,0,No Failure,150.4,68.3
L,159.11,9.2,41.81,82.75,48.51,91.83,2313.39,0,No Failure,153.2,69.3
H,155.38,9.62,44.13,90.62,23.53,103.33,2377.94,0,No Failure,196.3,84.5
L,164.75,6.05,37.99,84.67,27.66,82.35,1907.38,0,No Failure,133.2,62.2
L,152.81,7.91,50.72,84.62,29.08,79.84,2533.13,0,No Failure,176.3,77.4
L,163.53,10.08,42.77,75.65,19.27,92.08,2589.99,0,No Failure,169.2,74.9
M,140.53,9.59,51.5,97.34,35.04,98.48,1953.42,1,Proportional Valve Lag,11.0,16.8
L,162.52,9.4,48.12,94.69,22.09,88.36,2776.79,0,No Failure,176.7,77.6
L,157.36,7.91,41.38,90.86,28.7,97.31,2579.85,0,No Failure,185.1,80.6
M,167.35,9.09,52.03,87.14,21.1,111.69,1928.0,0,No Failure,173.5,76.5
M,135.84,9.94,47.52,98.5,20.22,78.82,2404.52,0,No Failure,137.0,63.5
L,151.65,9.33,53.14,89.43,21.38,101.5,2756.39,0,No Failure,182.7,79.7
M,186.28,9.83,42.87,89.96,23.8,107.77,2277.81,0,No Failure,165.4,73.6
H,171.53,8.53,45.48,76.2,15.39,88.01,2817.61,0,No Failure,160.7,71.9
H,161.29,9.94,49.21,80.04,24.32,113.78,1998.18,0,No Failure,179.2,78.5
M,167.38,7.56,50.66,100.0,20.58,82.75,2358.74,0,No Failure,163.6,72.9
L,159.06,10.14,53.22,87.96,28.58,110.18,2170.77,0,No Failure,171.4,75.7
L,156.24,7.42,49.09,94.81,26.84,111.0,2571.06,0,No Failure,184.9,80.5
M,145.44,8.35,45.4,100.0,21.75,104.88,2381.98,0,No Failure,182.9,79.8
M,185.54,13.096,23.433,86.83,24.88,101.35,2797.02,0,No Failure,172.2,76.0
H,176.42,4.71,43.39,100.0,15.86,117.7,1916.18,0,No Failure,93.2,48.0
M,155.39,8.4,55.32,73.93,27.56,115.36,3019.68,0,No Failure,154.8,69.8
L,169.3,7.94,54.49,100.0,40.58,112.21,2702.84,0,No Failure,136.5,63.4
L,186.25,10.18,48.58,82.74,27.94,100.67,2344.94,0,No Failure,179.4,78.6
L,174.41,8.56,47.49,80.26,13.05,80.66,2062.31,0,No Failure,152.9,69.2
H,163.54,7.02,48.08,87.98,14.61,111.35,2569.98,0,No Failure,182.2,79.5
L,156.65,7.16,38.75,79.88,19.35,120.99,3513.973,0,No Failure,142.6,65.5
M,159.84,8.76,39.56,76.27,30.77,111.44,1383.673,0,No Failure,151.5,68.7
M,157.85,7.37,57.46,84.53,25.06,92.16,2651.94,0,No Failure,182.4,79.6
L,155.56,8.36,57.47,79.17,21.29,104.82,2042.2,0,No Failure,180.3,78.8
L,155.55,5.95,52.94,94.8,17.84,91.38,2766.21,1,Internal Pump Leakage,5.3,20.8
M,129.83,7.47,46.56,82.93,29.85,94.93,2768.13,0,No Failure,158.3,71.1
