Type,Bearing1 RMS [g],Bearing2 RMS [g],Vibration Kurtosis,Crest Factor,Envelope Peak [m/s2],Outer Race Temp [C],Shaft Speed [rpm],Machine failure,Failure Mode,RUL [min],Health Index [%]
H,0.09,0.08,3.5,4.56,15.61,67.65,1983.0,0,No Failure,163.5,72.9
M,0.18,0.16,5.1,5.55,7.91,52.85,1931.0,0,No Failure,130.7,61.3
L,0.24,0.16,3.62,4.37,7.05,55.98,1940.0,0,No Failure,161.7,72.3
L,0.08,0.06,3.72,4.13,16.58,49.93,1982.0,0,No Failure,159.3,71.4
L,0.15,0.05,2.07,4.66,11.21,55.12,1988.0,0,No Failure,174.3,76.7
M,0.04,0.12,2.42,4.27,14.06,54.74,1968.0,0,No Failure,167.9,74.5
M,0.17,0.13,2.97,4.84,8.29,57.33,2003.0,0,No Failure,195.4,84.2
L,0.2,0.23,4.16,4.7,16.54,56.0,1984.0,0,No Failure,160.2,71.7
M,0.2,0.13,2.33,5.08,13.64,62.07,1987.0,0,No Failure,174.5,76.8
H,0.11,0.17,2.67,2.91,14.2,51.45,1989.0,0,No Failure,181.6,79.3
L,0.12,0.19,4.14,4.62,6.06,62.12,1947.0,0,No Failure,163.4,72.9
M,0.1,0.14,1.8,2.2,9.61,51.32,1985.0,0,No Failure,147.6,67.3
M,0.28,0.26,2.27,3.32,6.61,59.65,1952.0,0,No Failure,117.3,56.6
H,0.13,0.05,2.78,2.72,14.86,68.91,1985.0,0,No Failure,151.4,68.6
L,0.16,0.2,3.72,3.9,17.88,52.43,2022.0,0,No Failure,180.5,78.9
M,0.19,0.18,4.08,4.06,15.47,56.76,1995.0,0,No Failure,193.7,83.6
L,0.21,0.08,3.39,3.58,17.56,61.64,1998.0,0,No Failure,158.9,71.3
L,0.17,0.16,2.86,3.53,12.87,65.72,2054.0,0,No Failure,186.8,81.2
M,0.13,0.13,3.78,4.77,16.37,56.88,1978.0,0,No Failure,190.6,82.5
M,0.12,0.2,3.07,3.69,13.33,47.78,2057.0,0,No Failure,179.0,78.4
M,0.18,0.05,3.69,3.9,7.86,60.4,1960.0,0,No Failure,162.7,72.6
L,0.21,0.16,2.8,4.39,9.62,45.39,2061.0,0,No Failure,160.0,71.7
M,0.15,0.15,1.8,4.64,13.6,49.41,2036.0,0,No Failure,174.9,76.9
L,0.11,0.21,3.83,4.32,14.18,60.07,2006.0,0,No Failure,196.1,84.5
H,0.12,0.2,3.82,4.64,4.3,63.68,1996.0,0,No Failure,170.1,75.3
M,0.09,0.1,3.6,5.82,14.79,52.19,2018.0,0,No Failure,157.7,70.9
L,0.12,0.13,2.44,3.29,11.93,52.52,1980.0,0,No Failure,185.7,80.8
M,0.1,0.05,2.32,2.2,8.25,60.9,1964.0,0,No Failure,130.5,61.2
M,0.16,0.16,2.45,3.27,16.05,44.86,2003.0,0,No Failure,173.0,76.3
H,0.14,0.1,2.86,3.91,10.38,53.24,1980.0,0,No Failure,195.9,84.4
H,0.17,0.16,1.86,4.99,15.24,56.13,1982.0,0,No Failure,181.1,79.2
M,0.19,0.13,2.01,3.53,13.14,67.89,1971.0,0,No Failure,163.3,72.8
L,0.19,0.15,3.67,2.96,14.29,48.28,2021.0,0,No Failure,167.6,74.3
L,0.09,0.15,4.82,5.59,10.57,71.37,2034.0,0,No Failure,135.3,62.9
M,0.07,0.11,4.68,2.49,10.74,69.21,2075.0,0,No Failure,112.8,55.0
M,0.17,0.376,3.57,3.42,13.26,58.22,1947.0,0,No Failure,175.9,77.3
M,0.17,0.26,4.5,4.68,16.78,38.0,2041.0,0,No Failure,118.3,56.9
H,0.21,0.07,2.09,3.38,16.82,48.79,2013.0,0,No Failure,138.6,64.1
L,0.21,0.1,3.42,4.19,17.33,46.44,1991.0,0,No Failure,162.6,72.6
L,0.09,0.11,3.55,4.38,10.88,61.2,1919.0,0,No Failure,169.0,74.9
L,0.17,0.15,2.53,2.3,10.16,58.85,1958.0,0,No Failure,168.1,74.5
L,0.1,0.09,2.92,5.32,13.12,56.01,2011.0,0,No Failure,181.7,79.4
L,0.23,0.08,3.58,5.76,8.81,59.18,1972.0,0,No Failure,143.5,65.8
H,0.15,0.12,3.85,2.75,18.38,57.94,1988.0,0,No Failure,174.5,76.8
M,0.302,0.18,2.72,5.1,6.13,55.99,1969.0,0,No Failure,172.6,76.1
L,0.18,0.18,3.01,4.39,13.39,57.76,2086.0,0,No Failure,186.8,81.2
L,0.16,0.2,2.36,3.69,12.67,85.704,2005.0,0,No Failure,199.4,85.6
M,0.16,0.13,3.17,2.2,8.98,74.19,2025.0,0,No Failure,137.2,63.6
M,0.04,0.15,3.33,5.34,25.28,63.89,1910.0,1,Inner Race Defect,5.6,8.7
L,0.09,0.21,2.28,3.4,9.65,62.12,2026.0,0,No Failure,164.8,73.4
M,0.04,0.11,1.8,3.63,6.57,51.14,2024.0,0,No Failure,135.0,62.8
M,0.14,0.13,2.31,2.74,13.8,61.7,2036.0,0,No Failure,176.7,77.6
M,0.14,0.1,2.54,3.79,16.02,51.1,2039.0,0,No Failure,174.2,76.7
H,0.11,0.23,3.41,3.11,6.55,48.31,1975.0,0,No Failure,152.1,68.9
L,0.23,0.21,3.08,4.73,15.73,51.74,1935.0,0,No Failure,149.9,68.1
H,0.15,0.22,3.13,4.53,11.8,69.91,2079.0,0,No Failure,169.8,75.1
M,0.13,0.19,1.8,2.89,6.19,62.11,1987.0,0,No Failure,160.6,71.9
L,0.07,0.15,1.91,4.05,11.42,60.33,2012.0,0,No Failure,187.0,81.2
M,0.12,0.11,3.47,3.19,11.61,56.91,1958.0,0,No Failure,186.7,81.1
H,0.08,0.17,3.6,5.04,14.38,54.01,1991.0,0,No Failure,183.8,80.1
L,0.06,0.16,2.76,4.07,13.22,56.82,2024.0,0,No Failure,188.1,81.6
L,0.1,0.08,2.98,3.75,17.62,44.29,2034.0,0,No Failure,150.7,68.4
L,0.19,0.12,3.29,3.87,15.57,60.06,1946.0,0,No Failure,180.9,79.1
M,0.23,0.16,3.69,3.31,11.98,56.71,1956.0,0,No Failure,177.8,78.0
H,0.14,0.09,2.21,4.56,9.6,57.96,1938.0,0,No Failure,173.5,76.4
L,0.18,0.16,2.41,4.03,14.21,61.67,1929.0,0,No Failure,180.8,79.0
L,0.09,0.17,2.09,3.33,15.17,51.59,2036.0,0,No Failure,164.6,73.3
M,0.13,0.14,3.38,3.58,19.49,58.17,2058.0,0,No Failure,179.4,78.5
H,0.15,0.14,2.8,4.115,9.71,58.35,1987.0,0,No Failure,214.9,91.1
H,0.12,0.05,1.8,3.98,14.46,58.84,2036.0,0,No Failure,166.9,74.1
M,0.14,0.12,3.42,3.85,14.53,48.27,1907.0,0,No Failure,171.7,75.8
M,0.12,0.2,-0.256,4.51,16.72,56.61,1974.0,0,No Failure,193.2,83.4
L,0.1,0.14,3.97,4.58,14.66,62.76,2106.0,0,No Failure,156.3,70.4
L,0.16,0.1,4.1,4.92,13.62,50.66,2062.0,0,No Failure,156.9,70.6
L,0.1,0.18,2.68,3.51,12.14,62.43,1983.0,0,No Failure,194.8,84.0
M,0.22,0.06,4.65,3.98,19.48,58.81,2081.0,1,Outer Race Spalling,6.4,13.3
M,0.2,0.13,4.07,4.73,9.68,53.42,2025.0,0,No Failure,169.3,75.0
L,0.15,0.22,4.72,4.15,11.21,58.03,2067.0,0,No Failure,173.8,76.6
L,0.2,0.11,4.79,2.65,12.37,60.38,2032.0,0,No Failure,152.0,68.8
M,0.15,0.22,2.48,3.82,23.55,44.99,2043.0,0,No Failure,134.8,62.7
M,0.18,0.13,3.55,3.86,14.79,62.07,2054.0,0,No Failure,181.9,79.4
M,0.05,0.1,3.44,5.53,13.5,59.36,2017.0,0,No Failure,164.2,73.1
H,0.1,0.21,3.17,4.24,12.77,51.17,2051.0,0,No Failure,187.3,81.3
H,0.16,0.13,3.06,2.55,14.13,38.0,1953.0,0,No Failure,144.5,66.2
M,0.22,0.15,3.32,3.95,13.66,52.76,2004.0,0,No Failure,197.3,84.9
L,0.19,0.06,3.93,3.75,16.38,50.27,1949.0,0,No Failure,147.6,67.3
L,0.19,0.17,4.09,5.04,16.06,59.32,2009.0,0,No Failure,179.7,78.6
L,0.16,0.26,1.95,4.0,15.88,54.68,2010.0,0,No Failure,171.8,75.8
M,0.09,0.21,3.83,5.08,16.81,58.7,2001.0,0,No Failure,173.8,76.5
L,0.18,0.14,3.24,3.27,5.42,55.17,2058.0,0,No Failure,165.0,73.5
H,0.15,0.06,-0.256,4.76,19.07,50.08,2039.0,0,No Failure,143.0,65.7
L,0.07,0.18,1.8,3.37,13.05,59.16,2049.0,0,No Failure,166.3,73.9
L,0.13,0.05,2.25,4.61,14.78,54.97,2008.0,0,No Failure,175.3,77.1
L,0.19,0.12,1.99,3.63,6.72,53.64,2065.0,0,No Failure,145.5,66.5
L,0.16,0.12,3.54,4.13,8.81,57.49,1965.0,0,No Failure,195.4,84.2
L,0.14,0.17,5.16,3.5,10.4,41.27,1941.0,0,No Failure,142.5,65.5
M,0.13,0.2,3.36,4.8,9.07,48.87,1997.0,0,No Failure,184.8,80.4
L,0.16,0.12,2.17,3.56,14.98,61.79,1959.0,0,No Failure,173.5,76.5
L,0.16,0.08,2.34,3.32,15.4,64.38,1944.0,0,No Failure,154.0,69.5
L,0.14,0.15,4.35,4.09,22.12,71.63,1926.0,0,No Failure,143.0,65.6
L,0.16,0.19,3.09,4.41,10.99,54.04,2033.0,0,No Failure,200.0,85.8
H,0.15,0.18,3.47,4.85,10.24,55.82,2022.0,0,No Failure,198.9,85.5
L,0.14,0.05,2.68,4.57,17.59,57.37,1998.0,0,No Failure,167.4,74.3
L,0.12,0.21,3.15,3.45,12.23,63.75,2104.0,0,No Failure,169.3,75.0
L,0.11,0.16,2.39,6.04,12.52,54.37,1976.0,0,No Failure,172.8,76.2
M,0.13,0.08,4.0,3.88,10.5,54.95,2081.0,0,No Failure,167.7,74.4
M,0.1,0.21,1.8,3.22,11.19,50.98,1980.0,0,No Failure,161.0,72.0
M,0.12,0.09,3.03,4.98,7.11,43.37,2034.0,0,No Failure,148.5,67.6
L,0.17,0.18,1.8,4.26,15.58,53.56,1920.0,0,No Failure,161.9,72.3
L,0.11,0.21,2.71,3.69,16.52,78.38,1990.0,0,No Failure,153.1,69.2
L,0.16,0.16,2.04,3.74,9.21,30.516,2006.0,0,No Failure,194.5,83.9
H,0.15,0.07,3.43,2.2,9.44,56.12,1937.0,0,No Failure,151.4,68.6
L,0.08,0.15,5.06,4.04,12.24,61.59,2049.0,0,No Failure,171.2,75.6
H,0.16,0.1,2.37,4.18,14.11,56.87,1942.0,0,No Failure,184.1,80.2
M,0.14,0.1,2.32,4.07,10.5,50.49,2004.0,0,No Failure,190.7,82.5
M,0.25,0.09,3.15,5.33,13.0,43.19,1904.0,0,No Failure,115.5,55.9
H,0.19,-0.056,4.09,5.87,14.03,54.11,2099.0,0,No Failure,118.1,56.8
H,-0.022,0.18,3.33,3.24,18.54,56.85,1912.0,0,No Failure,148.5,67.6
M,0.16,0.06,2.79,4.06,10.18,51.75,2017.0,0,No Failure,183.2,79.9
L,0.09,0.26,2.83,4.93,7.37,51.99,2061.0,0,No Failure,140.2,64.6
M,0.12,0.18,2.5,3.96,11.34,57.74,2018.0,0,No Failure,207.5,88.5
L,0.19,0.09,4.34,3.33,4.26,76.77,1947.0,0,No Failure,102.7,51.4
M,0.19,0.2,4.08,3.78,9.84,70.53,1993.0,0,No Failure,166.8,74.1
L,0.24,0.09,3.34,5.39,17.73,54.43,1916.0,0,No Failure,125.2,59.3
L,0.11,0.23,3.73,2.85,11.53,74.51,2030.0,0,No Failure,146.6,66.9
L,0.08,0.17,5.07,5.39,13.14,57.63,1998.0,0,No Failure,172.0,75.9
H,0.22,0.13,4.0,3.26,15.2,55.77,2021.0,0,No Failure,165.4,73.6
L,0.18,0.2,4.28,4.22,10.76,58.08,1971.0,0,No Failure,188.5,81.8
L,0.1,0.14,2.15,3.18,6.59,67.95,1995.0,0,No Failure,155.5,70.1
L,0.23,0.19,3.61,2.6,15.51,61.46,1990.0,0,No Failure,160.4,71.8
M,0.17,0.27,3.3,3.8,15.65,55.05,1958.0,0,No Failure,173.2,76.3
L,0.13,0.11,3.43,2.93,16.12,54.39,1991.0,0,No Failure,181.9,79.4
H,0.18,0.14,4.08,4.54,6.92,62.59,2034.0,0,No Failure,169.2,74.9
M,0.16,0.15,3.3,4.13,-2.878,55.13,2031.0,0,No Failure,209.1,89.1
M,0.2,0.21,2.23,3.43,16.72,45.98,2029.0,0,No Failure,142.0,65.3
M,0.14,0.22,1.81,4.25,12.54,57.96,1951.0,0,No Failure,188.8,81.9
H,0.21,0.31,2.84,3.77,18.82,58.64,1995.0,0,No Failure,152.6,69.0
M,0.15,0.1,3.53,4.41,15.73,62.33,1924.0,0,No Failure,173.0,76.3
L,0.04,0.11,2.13,4.71,8.99,47.82,1948.0,0,No Failure,129.9,61.0
H,0.19,0.16,3.81,3.14,18.14,58.25,2009.0,0,No Failure,167.2,74.2
H,0.09,0.06,2.97,4.27,9.02,50.6,2024.0,0,No Failure,165.2,73.5
L,0.06,0.23,3.76,4.14,10.82,49.92,2062.0,0,No Failure,152.4,69.0
M,0.21,0.19,2.71,4.9,11.23,56.4,1974.0,0,No Failure,178.4,78.2
L,0.27,0.19,5.21,3.74,18.59,66.65,2048.0,1,Outer Race Spalling,14.0,9.7
M,0.08,0.14,4.23,5.63,16.0,57.62,2028.0,0,No Failure,160.1,71.7
L,0.13,0.14,2.72,4.66,8.01,43.19,1926.0,0,No Failure,153.8,69.5
H,0.12,0.14,3.23,3.49,6.62,67.43,1962.0,0,No Failure,173.0,76.3
L,0.11,0.14,4.45,4.34,22.68,60.41,1988.0,0,No Failure,164.2,73.1
H,-0.022,0.2,3.88,3.21,27.848,64.65,2024.0,0,No Failure,173.1,76.3
H,0.22,0.18,2.11,4.25,12.165,49.96,1989.0,0,No Failure,163.4,72.9
M,0.13,0.15,3.02,3.36,27.848,69.62,1917.0,0,No Failure,172.9,76.2
M,0.16,0.18,2.94,5.88,14.12,60.57,1955.0,0,No Failure,172.7,76.1
L,0.17,0.26,3.34,5.03,10.89,57.27,1917.0,0,No Failure,160.2,71.7
L,0.12,0.23,3.69,4.91,9.4,42.89,1971.0,0,No Failure,151.1,68.5
L,0.11,0.09,2.34,5.45,14.92,51.55,1965.0,0,No Failure,151.8,68.8
M,0.15,0.19,2.47,4.16,13.05,55.67,1986.0,0,No Failure,209.2,89.1
L,0.08,0.17,3.21,4.2,20.08,51.26,2032.0,0,No Failure,156.9,70.6
L,0.17,0.11,4.07,4.61,18.72,42.89,1957.0,0,No Failure,137.0,63.5
H,0.16,0.19,4.04,4.38,12.86,56.14,1983.0,0,No Failure,200.6,86.0
L,0.19,0.15,4.49,4.08,12.61,57.88,2025.0,0,No Failure,198.7,85.4
L,0.11,0.27,2.8,3.27,16.66,53.49,2017.0,0,No Failure,161.7,72.3
H,0.19,0.17,4.1,3.18,6.59,51.32,1978.0,0,No Failure,157.5,70.8
H,0.14,0.06,2.89,4.27,11.9,40.95,1964.0,0,No Failure,164.3,73.2
M,0.11,0.26,3.45,4.25,16.26,47.99,2006.0,0,No Failure,170.4,75.3
L,0.09,0.15,3.21,4.42,18.94,55.41,1893.0,0,No Failure,157.4,70.8
M,0.2,0.11,4.24,4.51,13.98,60.01,2046.0,0,No Failure,169.7,75.1
H,0.22,0.09,3.07,4.91,18.95,49.15,2025.0,0,No Failure,142.8,65.6
L,0.18,0.25,2.42,5.46,10.84,55.06,2059.0,0,No Failure,147.4,67.2
L,0.15,0.17,3.2,4.16,8.67,53.6,2017.0,0,No Failure,209.1,89.0
L,0.21,0.15,4.57,2.47,4.32,72.56,2003.0,0,No Failure,118.6,57.0
L,0.1,0.07,2.47,4.67,7.0,66.86,1979.0,0,No Failure,149.0,67.8
L,0.21,0.2,1.8,3.38,13.2,67.57,2064.0,0,No Failure,142.9,65.6
H,0.18,0.376,3.8,3.24,17.01,47.25,1978.0,0,No Failure,150.0,68.1
L,0.1,0.34,5.09,4.55,6.06,62.81,2108.0,0,No Failure,90.9,47.2
L,0.16,0.19,5.44,3.04,14.15,85.704,2004.0,0,No Failure,171.1,75.6
L,0.15,0.21,4.1,3.94,5.9,62.24,1986.0,0,No Failure,176.1,77.4
L,0.16,0.05,4.66,5.13,5.4,56.03,2004.0,0,No Failure,145.0,66.3
L,0.13,0.09,2.39,3.96,12.85,47.08,2087.0,0,No Failure,158.9,71.3
M,0.12,0.13,1.98,4.49,11.61,62.51,1946.0,0,No Failure,176.2,77.4
H,0.14,0.13,3.24,5.72,15.37,58.7,2027.0,0,No Failure,186.5,81.1
L,0.19,0.11,4.0,4.97,19.1,58.2,1982.0,0,No Failure,160.9,72.0
H,0.06,0.1,3.18,3.63,11.23,55.42,1972.0,0,No Failure,178.4,78.2
H,0.08,0.1,3.21,3.47,21.16,57.71,2000.0,0,No Failure,169.2,74.9
M,0.11,0.19,4.16,2.9,13.72,52.4,1971.0,0,No Failure,169.0,74.9
M,0.14,0.23,2.27,3.19,10.07,50.07,1992.0,0,No Failure,171.0,75.6
L,0.14,0.13,3.81,4.05,11.48,55.38,1977.0,0,No Failure,208.2,88.7
M,0.16,0.18,3.24,4.15,20.03,63.34,2010.0,0,No Failure,191.6,82.9
L,0.12,0.24,3.84,5.29,12.69,56.59,2027.0,0,No Failure,176.5,77.5
M,0.11,0.22,4.54,4.01,16.04,56.87,2081.0,0,No Failure,159.6,71.5
H,0.2,0.27,1.8,5.16,10.71,65.64,2068.0,0,No Failure,119.9,57.5
M,0.16,0.1,3.75,3.11,7.44,62.82,2047.0,0,No Failure,156.4,70.4
L,0.11,0.05,4.11,4.48,8.48,44.81,2021.0,0,No Failure,144.7,66.3
L,0.14,0.08,4.77,4.79,18.62,56.56,1994.0,0,No Failure,162.5,72.5
L,0.11,-0.056,3.51,4.58,11.22,62.25,1959.0,0,No Failure,191.3,82.7
L,0.1,0.12,2.63,2.54,14.55,30.516,2009.0,0,No Failure,166.0,73.8
M,0.2,0.19,2.72,3.65,22.93,61.3,2066.0,0,No Failure,142.3,65.4
M,0.07,0.19,2.91,2.86,19.41,60.09,1984.0,0,No Failure,158.8,71.2
M,0.22,0.18,1.8,5.14,14.54,66.78,2034.0,0,No Failure,143.2,65.7
L,0.12,0.16,5.74,4.5,15.91,55.76,1973.0,0,No Failure,185.2,80.6
M,0.17,0.11,3.53,4.37,10.73,59.03,1988.0,0,No Failure,200.3,85.9
L,0.11,0.16,4.72,6.4,7.92,60.17,1991.0,0,No Failure,150.0,68.1
H,0.15,0.22,3.01,4.28,17.79,62.76,2021.0,0,No Failure,186.4,81.0
H,0.2,0.2,5.06,4.1,20.84,54.18,2035.0,0,No Failure,142.7,65.5
M,0.18,0.1,3.96,3.77,11.78,66.01,2013.0,0,No Failure,178.8,78.3
L,0.18,0.19,4.0,3.34,17.71,53.75,2044.0,0,No Failure,158.4,71.1
L,0.19,0.16,3.68,5.18,12.42,50.42,2000.0,0,No Failure,186.5,81.1
L,0.13,0.16,1.8,3.68,9.94,57.8,1922.0,0,No Failure,178.2,78.1
M,0.17,0.1,3.72,4.59,8.69,67.08,2016.0,0,No Failure,168.7,74.7
H,0.21,0.12,2.07,4.11,8.26,64.32,1998.0,0,No Failure,170.6,75.4
L,0.09,0.19,3.36,4.64,10.36,56.4,1958.0,0,No Failure,185.7,80.8
L,0.1,0.24,3.61,4.48,15.33,70.03,2008.0,0,No Failure,164.5,73.3
L,0.16,0.26,2.27,6.48,3.0,58.76,2046.0,0,No Failure,113.0,55.0
H,0.21,0.11,2.29,4.74,13.16,30.516,1987.0,0,No Failure,171.5,75.7
M,0.16,0.09,2.26,6.79,7.85,59.6,1970.0,0,No Failure,136.0,63.2
M,0.12,0.17,2.45,3.97,14.6,48.65,2010.0,0,No Failure,193.3,83.5
M,0.16,0.06,2.81,4.28,13.75,63.31,1973.0,0,No Failure,179.4,78.5
M,0.04,0.2,2.84,3.17,8.87,60.34,2026.0,0,No Failure,159.8,71.6
L,0.21,0.14,3.2,4.53,19.74,53.55,1951.0,0,No Failure,163.1,72.8
H,0.13,0.15,1.99,7.114,12.07,61.69,2023.0,0,No Failure,202.6,86.8
H,0.04,0.376,4.05,3.99,14.0,61.31,1925.0,0,No Failure,145.8,66.6
L,0.1,0.09,3.14,4.45,9.72,53.12,1940.0,0,No Failure,168.8,74.8
L,0.18,0.19,1.8,4.49,12.1,58.02,1982.0,0,No Failure,187.9,81.6
M,0.14,0.16,2.64,3.91,14.74,69.05,1969.0,0,No Failure,191.6,82.9
M,0.18,0.22,4.01,5.04,14.56,56.7,1987.0,0,No Failure,175.0,77.0
H,0.302,0.11,1.8,2.57,15.05,60.37,1933.0,0,No Failure,149.7,68.0
M,0.15,0.09,1.8,4.13,12.37,49.17,1989.0,0,No Failure,167.1,74.2
M,0.14,0.14,1.8,3.88,5.04,58.025,1947.0,0,No Failure,156.6,70.5
L,0.13,0.1,1.8,4.07,13.84,72.98,2068.0,0,No Failure,126.5,59.8
M,0.13,0.17,3.64,3.51,6.08,47.99,2036.0,0,No Failure,169.5,75.0
L,0.08,0.11,1.8,2.72,14.27,45.59,2134.0,0,No Failure,100.5,50.6
L,0.16,0.06,2.44,5.06,15.27,71.93,1996.0,0,No Failure,150.6,68.3
L,0.17,0.07,4.39,3.33,25.1,38.95,1953.0,0,No Failure,91.5,47.4
L,0.18,0.19,3.56,3.34,3.0,60.49,2029.0,0,No Failure,160.3,71.8
L,0.14,0.16,4.64,3.34,13.32,65.16,2078.0,0,No Failure,166.1,73.8
M,0.12,0.14,3.61,5.6,14.48,55.22,2040.0,0,No Failure,176.2,77.4
M,0.15,0.24,3.88,4.51,14.6,52.95,1900.0,0,No Failure,155.5,70.1
H,0.09,0.05,4.03,2.98,12.36,47.68,2039.0,0,No Failure,139.0,64.2
M,0.17,0.19,2.94,4.18,18.5,65.25,1991.0,0,No Failure,183.0,79.8
M,0.17,0.1,5.47,3.93,18.35,54.37,2015.0,0,No Failure,150.2,68.2
L,0.11,0.09,2.39,4.44,17.71,53.0,1997.0,0,No Failure,172.8,76.2
H,0.11,0.15,3.59,4.69,16.18,63.88,2046.0,0,No Failure,177.2,77.8
M,0.14,0.26,3.87,4.01,17.11,44.59,1924.0,0,No Failure,143.6,65.9
H,0.04,0.14,4.04,4.38,13.1,52.85,2018.0,0,No Failure,174.5,76.8
L,0.15,0.11,2.7,3.26,22.58,58.03,1991.0,0,No Failure,169.0,74.9
L,0.2,0.16,3.46,4.26,11.78,50.55,2006.0,0,No Failure,197.4,84.9
L,0.23,0.21,2.51,3.43,20.83,65.6,1975.0,0,No Failure,134.3,62.6
H,0.05,0.19,4.39,4.55,15.36,59.69,2006.0,0,No Failure,170.6,75.4
L,0.12,0.16,3.17,4.03,12.41,57.52,1991.0,0,No Failure,229.3,96.2
H,0.15,0.15,3.44,4.09,4.12,59.2,2023.0,0,No Failure,193.7,83.6
M,0.23,0.14,4.94,4.27,11.16,61.14,1996.0,1,Outer Race Spalling,12.6,31.3
M,0.19,0.13,5.92,5.07,13.04,55.87,2038.0,0,No Failure,149.2,67.8
M,0.09,-0.056,2.13,4.02,11.29,65.48,1986.0,0,No Failure,176.8,77.6
L,0.09,0.09,3.29,3.64,9.03,46.35,2012.0,0,No Failure,162.9,72.7
M,0.06,0.19,1.8,4.22,12.51,50.7,1928.0,0,No Failure,152.2,68.9
M,0.15,0.06,4.18,3.9,11.11,57.77,2011.0,0,No Failure,188.3,81.7
M,0.08,0.19,4.14,3.71,13.92,59.12,1992.0,0,No Failure,189.4,82.1
M,0.21,0.19,4.73,2.45,13.83,51.93,1917.0,0,No Failure,124.2,59.0
L,0.16,0.14,6.28,3.81,5.76,71.64,1956.0,0,No Failure,123.7,58.8
H,0.14,0.14,5.01,4.07,13.9,60.09,2013.0,0,No Failure,196.5,84.6
L,0.06,0.14,3.06,4.01,14.04,55.73,2040.0,0,No Failure,187.3,81.3
L,0.19,0.19,2.94,4.17,14.16,51.58,2027.0,0,No Failure,189.5,82.1
M,0.12,0.21,3.49,4.04,12.52,60.72,2074.0,0,No Failure,190.2,82.4
M,0.18,0.24,1.85,4.19,12.45,58.11,1973.0,0,No Failure,183.0,79.8
H,0.16,0.19,-0.256,2.98,15.29,60.25,2053.0,0,No Failure,161.4,72.2
M,0.13,0.12,2.82,2.33,11.6,63.61,2036.0,0,No Failure,171.5,75.7
H,-0.022,0.17,3.82,4.2,9.77,75.85,1991.0,0,No Failure,167.7,74.4
M,0.08,0.11,3.71,2.84,6.99,62.46,2069.0,0,No Failure,136.1,63.2
L,0.21,0.18,3.06,4.64,6.35,54.54,1969.0,0,No Failure,168.3,74.6
M,0.13,0.24,3.25,3.8,13.15,62.93,1978.0,0,No Failure,197.3,84.9
M,0.23,0.16,3.94,4.81,8.29,55.81,2031.0,0,No Failure,165.2,73.5
L,0.14,0.28,4.02,4.19,14.96,53.03,1960.0,0,No Failure,170.0,75.2
L,0.17,0.32,2.88,2.2,15.78,65.35,1984.0,0,No Failure,131.1,61.4
M,0.19,0.16,1.8,5.34,7.86,68.99,2048.0,0,No Failure,135.4,63.0
M,0.13,0.13,2.08,4.54,11.76,56.63,2019.0,0,No Failure,196.6,84.6
H,0.26,0.31,4.47,3.22,16.41,56.09,2008.0,0,No Failure,121.6,58.1
M,0.17,0.13,3.72,4.74,9.46,58.25,1966.0,0,No Failure,184.9,80.5
L,0.23,0.21,3.03,3.82,8.09,57.4,1941.0,0,No Failure,163.1,72.8
H,0.17,0.17,1.8,4.115,10.09,67.63,1965.0,0,No Failure,171.7,75.8
L,0.18,0.13,2.5,2.61,15.81,61.92,2068.0,0,No Failure,150.0,68.1
H,0.16,0.18,4.37,3.29,14.42,63.45,2009.0,0,No Failure,179.3,78.5
L,0.09,0.12,1.8,2.73,16.68,47.11,1966.0,0,No Failure,133.2,62.2
L,0.14,0.18,2.6,4.17,9.04,52.79,1948.0,0,No Failure,188.3,81.7
H,0.16,0.2,4.14,3.41,12.44,51.37,2076.0,0,No Failure,167.3,74.2
L,0.1,0.27,4.28,3.4,8.64,54.8,2007.0,0,No Failure,155.4,70.0
L,0.14,0.11,3.66,3.38,15.38,56.79,2089.0,0,No Failure,170.8,75.5
L,0.1,0.11,2.46,4.33,10.01,52.23,2043.0,0,No Failure,171.2,75.6
L,0.15,0.17,2.33,5.4,12.63,56.58,2025.0,0,No Failure,192.6,83.2
H,0.08,0.2,3.63,5.06,23.44,54.12,1961.0,0,No Failure,136.9,63.5
L,0.21,0.19,3.21,4.79,14.16,67.8,1984.0,0,No Failure,175.5,77.1
L,0.15,0.25,2.17,3.92,7.54,64.56,1959.0,0,No Failure,158.1,71.0
M,0.07,0.19,1.8,5.3,9.66,71.18,1968.0,0,No Failure,131.0,61.4
H,0.08,0.13,3.86,2.68,14.55,39.09,2013.0,0,No Failure,139.3,64.3
L,0.1,0.25,2.58,4.73,15.43,63.72,2021.0,0,No Failure,163.0,72.7
L,0.15,0.05,2.66,4.25,13.91,57.0,2033.0,0,No Failure,185.9,80.8
M,0.12,0.2,4.87,4.75,10.45,56.79,2011.0,0,No Failure,178.0,78.1
M,0.17,0.15,3.68,5.79,6.46,54.36,2002.0,0,No Failure,167.9,74.5
H,0.15,0.21,3.17,4.42,14.38,63.64,1941.0,0,No Failure,186.7,81.1
L,0.13,0.16,2.83,5.65,10.78,60.77,2069.0,0,No Failure,174.1,76.7
M,0.16,0.18,3.01,3.42,11.54,38.0,2082.0,0,No Failure,151.5,68.7
M,0.09,0.13,3.21,4.28,15.7,70.0,1999.0,0,No Failure,184.8,80.5
L,0.13,0.16,3.01,2.57,7.33,52.36,2029.0,0,No Failure,172.8,76.2
L,0.18,0.17,5.63,3.98,7.3,54.58,1974.0,0,No Failure,157.7,70.8
L,0.04,0.12,2.29,5.6,12.48,71.71,2025.0,0,No Failure,133.4,62.3
H,0.14,0.13,3.12,4.51,17.88,59.15,1961.0,0,No Failure,192.9,83.3
M,0.06,0.14,2.64,4.4,15.85,58.89,1992.0,0,No Failure,184.2,80.2
M,0.14,0.19,3.61,3.5,13.63,52.77,2058.0,0,No Failure,186.0,80.9
M,0.18,0.19,2.23,3.64,11.53,66.78,1987.0,0,No Failure,179.8,78.7
M,0.09,0.11,2.78,4.26,3.0,57.1,1994.0,0,No Failure,173.7,76.5
L,0.16,0.15,2.33,3.84,11.1,66.21,2062.0,0,No Failure,177.3,77.8
L,0.09,0.09,3.87,2.2,10.67,62.06,1944.0,0,No Failure,138.4,64.0
L,0.12,0.12,1.8,3.54,15.66,62.59,2071.0,0,No Failure,156.9,70.6
L,0.17,0.07,3.21,5.72,11.81,50.97,1996.0,0,No Failure,161.2,72.1
L,-0.022,0.16,3.61,4.04,8.27,57.81,2049.0,0,No Failure,197.6,85.0
L,0.24,-0.056,2.7,3.58,18.55,68.96,2022.0,0,No Failure,139.6,64.4
M,0.18,0.26,2.01,3.24,17.45,67.99,2001.0,0,No Failure,141.1,65.0
L,0.04,0.21,2.8,3.83,15.89,55.63,2035.0,0,No Failure,164.8,73.4
M,0.11,0.16,3.23,2.93,8.84,63.91,1946.0,0,No Failure,174.3,76.7
L,0.11,0.11,4.14,4.34,11.61,57.49,1969.0,0,No Failure,188.5,81.8
M,0.21,0.28,3.76,4.81,11.53,56.62,1994.0,0,No Failure,165.5,73.6
L,0.16,0.21,1.94,3.15,9.22,58.53,1993.0,0,No Failure,176.3,77.4
H,0.12,0.18,3.56,4.97,16.77,59.65,2000.0,0,No Failure,195.4,84.2
M,0.14,0.1,3.67,2.44,13.34,61.79,1970.0,0,No Failure,171.8,75.8
M,0.2,0.16,2.03,2.83,18.5,41.68,2046.0,0,No Failure,120.9,57.8
M,0.19,0.15,4.23,3.26,13.25,69.96,1944.0,0,No Failure,154.1,69.6
L,0.16,0.15,4.31,4.54,18.35,58.16,1985.0,0,No Failure,183.7,80.1
H,0.16,0.14,1.8,3.42,19.7,57.62,2066.0,0,No Failure,154.0,69.5
M,0.12,0.21,1.8,4.35,12.25,61.11,1977.0,0,No Failure,185.7,80.8
L,0.12,0.15,3.49,4.85,14.14,48.34,1882.0,0,No Failure,156.3,70.4
L,0.19,0.22,4.35,3.58,11.1,60.69,1966.0,0,No Failure,168.6,74.7
L,0.19,0.03,3.78,3.2,10.42,42.84,2031.0,0,No Failure,126.3,59.7
M,0.17,0.16,4.07,4.42,14.12,73.04,1991.0,0,No Failure,178.1,78.1
L,0.16,0.16,2.89,2.28,12.71,62.2,1995.0,0,No Failure,188.5,81.7
L,0.15,0.1,1.95,4.82,16.32,43.23,2069.0,0,No Failure,132.9,62.1
H,0.16,0.17,4.52,4.77,13.72,61.4,2030.0,0,No Failure,181.7,79.4
H,0.18,0.12,1.8,2.96,19.09,71.11,1994.0,0,No Failure,134.5,62.7
M,0.11,0.1,3.85,3.11,6.73,52.59,1946.0,0,No Failure,147.6,67.3
L,0.04,0.29,2.31,3.74,9.35,58.1,1998.0,0,No Failure,153.2,69.3
L,0.19,0.15,3.21,5.21,7.13,58.39,1985.0,0,No Failure,167.5,74.3
H,0.18,0.16,3.33,4.38,16.6,51.18,1993.0,0,No Failure,193.5,83.5
L,0.21,0.09,4.05,2.95,5.84,61.13,1982.0,0,No Failure,141.9,65.2
H,0.14,0.28,2.92,3.26,4.87,69.16,1982.0,1,Roller Element Wear,3.9,21.2
L,0.14,0.21,3.25,5.22,18.88,68.47,1891.0,1,Inner Race Defect,13.8,17.9
H,0.23,0.13,2.18,6.37,17.48,52.08,2052.0,0,No Failure,114.3,55.5
M,0.14,0.1,3.33,3.42,13.87,54.23,2007.0,0,No Failure,198.5,85.3
L,0.16,0.11,2.3,6.23,9.38,48.57,1928.0,0,No Failure,126.6,59.8
L,0.25,0.17,3.62,3.74,12.69,56.5,1994.0,0,No Failure,189.5,82.1
M,0.2,0.16,2.31,3.18,21.57,62.34,1906.0,0,No Failure,130.7,61.3
M,0.13,0.29,2.36,3.43,7.34,59.14,1995.0,0,No Failure,163.2,72.8
H,0.11,0.08,3.38,5.39,11.33,64.51,1991.0,0,No Failure,171.6,75.8
M,0.18,0.18,1.8,2.72,10.79,47.06,1991.0,0,No Failure,154.4,69.7
L,0.11,0.14,3.7,3.1,8.2,56.21,2026.0,0,No Failure,177.2,77.8
H,0.21,0.2,3.3,3.96,8.98,71.84,2034.0,0,No Failure,159.9,71.6
L,0.19,0.18,3.53,3.66,12.1,46.67,1953.0,0,No Failure,171.5,75.7
L,0.1,0.14,1.8,4.14,13.13,61.6,2126.0,0,No Failure,158.4,71.1
L,0.2,0.05,3.7,3.84,11.43,70.23,1964.0,0,No Failure,150.1,68.2
M,0.26,0.19,4.3,3.27,18.83,59.35,2083.0,0,No Failure,123.0,58.6
L,0.11,0.15,2.97,3.63,16.79,56.64,2042.0,0,No Failure,187.4,81.4
M,0.11,0.14,3.87,5.18,16.61,60.17,1966.0,0,No Failure,174.5,76.8
H,0.09,0.05,3.07,4.58,9.29,56.74,2011.0,0,No Failure,175.7,77.2
L,0.11,0.16,1.93,4.09,20.15,57.81,2054.0,0,No Failure,170.8,75.5
L,0.11,0.24,3.63,3.64,17.12,56.21,2059.0,0,No Failure,164.6,73.3
M,0.14,0.1,1.8,4.24,3.0,55.84,1974.0,0,No Failure,160.8,72.0
H,0.04,0.14,4.28,3.76,7.42,62.95,1957.0,0,No Failure,148.0,67.4
H,0.13,0.12,2.92,3.84,18.08,66.44,2015.0,0,No Failure,180.9,79.1
M,0.23,0.16,3.35,4.91,15.05,85.704,1973.0,0,No Failure,182.1,79.5
M,0.16,0.07,3.17,2.28,15.51,55.71,2073.0,0,No Failure,147.6,67.3
L,0.2,0.2,3.44,3.64,10.05,70.8,2055.0,0,No Failure,153.8,69.5
H,0.13,0.15,2.64,4.45,5.11,50.79,1928.0,0,No Failure,161.8,72.3
M,0.14,0.05,2.54,3.89,19.81,67.51,1997.0,0,No Failure,159.7,71.6
M,0.19,0.07,2.91,4.29,3.0,47.84,1988.0,0,No Failure,145.7,66.6
L,0.1,0.18,3.09,4.85,15.37,56.33,1943.0,0,No Failure,178.7,78.3
L,0.08,0.19,2.79,4.41,17.42,73.31,2010.0,0,No Failure,158.4,71.1
M,0.11,0.15,2.91,3.72,18.84,58.5,2016.0,0,No Failure,191.8,82.9
L,0.09,0.11,4.67,3.75,17.99,59.26,1922.0,0,No Failure,142.0,65.3
L,0.15,0.18,3.98,4.44,3.0,51.3,1969.0,0,No Failure,163.1,72.8
L,0.18,0.09,4.1,4.43,12.62,30.516,2026.0,0,No Failure,169.7,75.1
M,-0.022,0.16,4.98,4.02,8.73,55.15,2042.0,0,No Failure,178.8,78.3
M,0.11,0.24,6.656,4.9,6.0,51.1,2044.0,0,No Failure,139.3,64.3
M,0.12,0.13,3.04,3.13,8.61,52.99,1969.0,0,No Failure,178.6,78.2
H,0.2,0.07,3.12,4.42,14.1,55.05,1978.0,0,No Failure,178.5,78.2
L,0.06,0.23,3.04,2.71,8.27,67.12,1996.0,0,No Failure,145.6,66.6
H,0.12,0.27,1.8,3.81,6.55,68.63,2079.0,1,Roller Element Wear,13.1,13.3
M,0.05,0.11,-0.256,5.98,5.14,50.18,2017.0,0,No Failure,118.0,56.8
L,0.17,0.1,2.27,4.71,8.75,57.82,2031.0,0,No Failure,175.2,77.0
L,0.15,0.13,2.84,5.4,22.04,66.22,1961.0,1,Inner Race Defect,8.3,21.3
M,0.11,0.08,3.56,2.69,10.31,60.89,2025.0,0,No Failure,165.8,73.7
L,0.18,0.23,3.83,5.82,9.88,67.41,1943.0,0,No Failure,133.3,62.2
L,0.18,0.25,2.57,3.46,15.08,55.05,2003.0,0,No Failure,173.3,76.4
M,0.1,0.14,3.94,5.12,12.54,51.28,2028.0,0,No Failure,175.0,77.0
H,0.12,0.15,2.01,3.9,10.33,30.516,2032.0,0,No Failure,181.0,79.1
L,0.12,0.15,3.04,3.88,8.52,53.0,1990.0,0,No Failure,202.4,86.7
L,0.09,0.09,3.21,3.16,8.0,43.05,1908.0,0,No Failure,114.1,55.4
M,0.18,0.13,3.56,4.54,7.39,68.83,1953.0,0,No Failure,159.5,71.5
H,0.04,0.19,1.8,4.59,14.08,50.37,2049.0,0,No Failure,144.2,66.1
H,0.26,0.27,3.41,4.14,11.7,49.31,1946.0,0,No Failure,145.8,66.6
H,0.15,0.14,3.92,5.95,12.75,58.74,2052.0,0,No Failure,175.8,77.2
L,0.11,0.05,4.47,4.96,5.9,54.06,2016.0,0,No Failure,139.8,64.5
L,0.17,0.26,3.31,4.61,27.848,60.63,2019.0,0,No Failure,171.3,75.7
L,0.11,0.17,3.3,4.22,11.01,57.81,1980.0,0,No Failure,199.9,85.8
M,0.15,0.16,3.95,2.88,3.0,57.59,1966.0,0,No Failure,165.0,73.4
L,0.2,0.15,1.8,4.07,9.75,62.21,1995.0,0,No Failure,173.5,76.5
M,0.18,-0.056,2.12,3.78,15.78,61.95,1997.0,0,No Failure,185.2,80.6
L,0.1,0.16,2.59,2.2,14.64,57.81,1991.0,0,No Failure,165.0,73.4
H,0.15,0.18,4.47,4.3,12.78,85.704,2030.0,0,No Failure,193.0,83.3
L,0.1,0.16,3.09,5.01,13.93,53.81,1930.0,0,No Failure,178.6,78.2
M,0.07,0.26,2.61,3.69,11.13,59.73,1965.0,0,No Failure,165.0,73.4
L,0.14,0.2,2.99,4.03,15.04,46.03,2011.0,0,No Failure,192.2,83.1
L,0.19,0.29,3.69,3.39,9.29,58.41,1956.0,0,No Failure,154.5,69.7
L,0.14,0.24,3.88,3.44,18.1,61.36,1988.0,0,No Failure,173.1,76.3
M,0.11,0.18,4.03,4.54,5.07,60.9,1995.0,0,No Failure,178.5,78.2
L,0.17,0.14,3.43,3.83,18.04,44.08,1939.0,0,No Failure,155.1,69.9
L,0.16,0.17,3.4,4.45,20.08,73.32,2047.0,0,No Failure,155.5,70.1
L,0.2,0.23,3.6,4.29,14.2,58.43,1977.0,0,No Failure,184.3,80.3
M,0.05,0.24,4.65,3.23,12.76,56.7,2022.0,0,No Failure,151.2,68.6
M,0.16,0.2,3.03,3.8,13.29,56.23,2012.0,0,No Failure,208.9,89.0
L,0.09,0.05,2.14,3.14,13.62,65.57,2004.0,0,No Failure,153.4,69.3
M,0.15,0.18,3.4,5.18,11.82,61.96,2012.0,0,No Failure,201.4,86.3
M,0.15,0.18,3.73,2.2,10.87,69.11,2055.0,0,No Failure,152.5,69.0
L,0.16,0.14,4.36,3.48,8.21,51.06,2001.0,0,No Failure,175.6,77.2
L,0.06,0.08,4.33,4.03,8.53,61.34,1999.0,0,No Failure,164.3,73.2
H,0.17,0.12,2.13,3.92,12.74,66.27,2034.0,0,No Failure,176.9,77.7
M,0.04,0.07,4.19,4.26,8.97,57.15,2008.0,0,No Failure,159.5,71.5
M,0.16,0.28,2.93,2.39,7.84,58.14,1924.0,0,No Failure,138.9,64.2
H,0.18,0.18,1.8,2.96,12.61,48.36,1983.0,0,No Failure,160.9,72.0
M,0.17,0.15,2.64,5.68,3.0,56.05,1967.0,0,No Failure,153.5,69.4
M,0.16,0.22,3.18,3.96,20.46,50.81,1957.0,0,No Failure,165.9,73.7
L,0.12,0.12,4.49,5.3,12.15,61.23,2005.0,0,No Failure,178.7,78.3
M,0.12,0.27,2.96,5.19,11.18,56.33,2032.0,0,No Failure,173.1,76.3
L,0.19,0.19,3.89,4.03,7.24,54.1,1903.0,0,No Failure,153.5,69.4
L,0.15,0.11,4.35,3.8,13.49,56.65,2081.0,0,No Failure,173.8,76.6
L,0.13,0.2,2.57,4.25,13.78,57.81,1962.0,0,No Failure,193.8,83.6
H,0.25,0.22,3.78,5.27,9.46,45.94,1954.0,0,No Failure,121.6,58.1
L,0.21,0.05,3.91,3.47,18.01,49.54,1951.0,0,No Failure,125.5,59.5
L,0.15,0.16,3.07,3.87,8.34,51.53,2011.0,0,No Failure,200.8,86.1
M,0.12,0.19,2.02,3.12,14.55,51.87,1966.0,0,No Failure,166.2,73.9
H,0.09,0.17,2.69,4.28,10.56,52.5,2077.0,0,No Failure,175.2,77.1
H,0.15,0.17,3.81,7.09,11.97,68.07,1997.0,0,No Failure,193.3,83.5
H,0.13,0.12,3.36,3.1,8.35,59.03,1987.0,0,No Failure,190.4,82.4
H,0.13,0.05,1.8,3.91,16.05,50.96,2011.0,0,No Failure,162.3,72.5
M,0.16,0.19,3.66,3.58,8.79,61.02,2006.0,0,No Failure,191.1,82.7
L,0.1,0.05,4.73,4.47,10.76,60.58,2018.0,0,No Failure,160.9,72.0
L,0.21,0.14,2.53,4.39,8.13,67.38,1945.0,0,No Failure,152.8,69.1
L,0.2,0.11,4.78,3.8,8.54,63.65,2034.0,0,No Failure,151.0,68.5
H,0.14,0.12,2.14,4.77,16.49,57.49,2095.0,0,No Failure,161.2,72.1
L,0.15,0.13,3.38,4.07,20.72,47.37,1939.0,0,No Failure,162.2,72.5
H,0.14,0.23,2.51,3.3,9.82,57.59,1838.0,0,No Failure,190.6,82.5
H,0.04,0.13,3.77,3.76,7.3,65.5,2034.0,0,No Failure,151.9,68.8
L,0.07,0.2,2.82,4.33,23.13,60.29,1947.0,0,No Failure,146.5,66.9
L,0.18,0.14,4.93,4.7,13.77,42.91,2101.0,0,No Failure,127.9,60.3
L,0.15,0.08,3.41,4.07,5.64,56.23,2011.0,0,No Failure,185.5,80.7
L,0.23,0.3,2.09,3.51,9.0,53.81,2081.0,0,No Failure,115.5,55.9
L,0.15,0.1,2.85,5.59,16.91,55.38,1991.0,0,No Failure,173.8,76.6
L,0.12,0.12,2.39,4.49,13.95,55.0,2037.0,0,No Failure,185.7,80.8
H,0.12,0.11,4.73,3.61,10.74,64.87,2000.0,0,No Failure,177.0,77.7
L,0.11,0.2,2.71,2.96,9.0,56.94,1998.0,0,No Failure,185.0,80.5
M,0.08,0.16,3.75,2.57,12.1,47.35,2053.0,0,No Failure,152.1,68.9
L,0.17,0.1,3.17,2.52,12.84,59.44,2073.0,0,No Failure,166.8,74.1
L,0.16,0.13,3.96,3.94,19.66,63.85,2071.0,0,No Failure,157.2,70.7
M,0.12,0.24,3.7,4.46,14.42,63.06,1948.0,0,No Failure,173.7,76.5
M,0.08,0.09,2.89,4.91,10.7,66.62,2037.0,0,No Failure,156.6,70.5
M,0.11,0.07,3.26,4.62,15.92,60.42,2079.0,0,No Failure,163.1,72.8
L,0.14,0.1,5.13,3.52,15.53,59.72,2011.0,0,No Failure,162.1,72.4
L,0.07,0.16,2.42,3.92,13.84,64.71,1954.0,0,No Failure,175.3,77.1
M,0.19,0.22,3.82,3.05,11.22,63.38,2053.0,0,No Failure,158.8,71.2
M,0.11,0.07,3.67,4.25,14.0,69.51,2080.0,0,No Failure,151.9,68.8
L,0.06,0.24,2.24,3.94,17.82,55.06,1971.0,0,No Failure,151.5,68.7
M,0.12,0.2,3.09,4.53,10.81,53.49,1940.0,0,No Failure,185.0,80.5
M,0.13,0.16,4.53,5.68,16.49,56.77,1973.0,0,No Failure,169.5,75.0
L,0.05,0.21,3.87,5.01,13.99,44.33,2008.0,0,No Failure,149.4,67.9
M,0.08,0.23,5.05,6.03,-2.878,53.28,2011.0,0,No Failure,132.1,61.8
L,0.16,0.13,4.26,3.91,5.25,65.42,1960.0,0,No Failure,158.0,71.0
M,0.19,0.2,3.18,4.18,11.23,58.51,1944.0,0,No Failure,192.8,83.3
M,0.15,0.12,2.95,4.8,8.34,53.79,2019.0,0,No Failure,187.4,81.4
M,0.19,0.08,2.47,3.77,11.11,50.9,2033.0,0,No Failure,164.6,73.3
L,0.16,0.25,3.04,4.01,14.83,52.98,1973.0,0,No Failure,184.3,80.3
L,0.19,0.07,1.8,4.99,12.62,56.34,2067.0,0,No Failure,145.8,66.6
L,0.19,0.27,3.84,3.75,11.95,60.99,2022.0,0,No Failure,170.9,75.5
L,0.13,0.13,3.41,3.68,6.78,55.62,1967.0,0,No Failure,187.3,81.3
M,0.11,0.21,3.0,4.41,11.92,64.27,1983.0,0,No Failure,194.7,84.0
M,0.15,0.13,3.54,3.11,7.0,43.49,2021.0,0,No Failure,159.5,71.5
H,0.06,0.05,4.09,4.21,14.22,67.75,1991.0,0,No Failure,152.1,68.9
M,0.16,0.18,2.36,4.86,14.96,49.45,2036.0,0,No Failure,171.1,75.6
H,0.14,0.24,3.91,3.61,10.27,64.42,2058.0,0,No Failure,167.1,74.2
H,0.11,0.05,4.2,4.0,11.86,58.95,1994.0,0,No Failure,185.3,80.6
L,0.12,0.12,2.59,1.066,8.69,38.82,1838.0,0,No Failure,120.3,57.6
M,0.18,0.17,4.5,4.95,13.32,57.05,1998.0,0,No Failure,188.6,81.8
L,0.14,0.07,2.91,3.7,5.27,60.62,1994.0,0,No Failure,178.1,78.1
M,0.11,0.13,4.09,5.03,21.27,54.07,2048.0,0,No Failure,144.6,66.2
M,0.06,0.07,4.5,4.28,10.14,57.8,2011.0,0,No Failure,164.7,73.3
M,0.17,0.21,2.78,4.23,10.11,57.28,2090.0,0,No Failure,175.8,77.3
M,0.1,0.24,2.12,4.21,3.24,60.5,1949.0,0,No Failure,142.7,65.5
L,0.15,0.15,1.8,2.2,15.86,51.37,2020.0,0,No Failure,154.4,69.7
L,0.1,0.27,2.03,3.73,10.21,52.28,2018.0,0,No Failure,156.9,70.6
L,0.12,0.16,2.98,3.94,15.65,43.94,1998.0,0,No Failure,191.8,82.9
L,0.12,0.29,5.31,4.37,11.35,51.27,2091.0,0,No Failure,125.1,59.3
M,0.08,0.23,3.95,3.2,13.44,41.82,2057.0,0,No Failure,132.0,61.8
M,0.13,0.16,2.14,4.16,19.56,42.23,1987.0,0,No Failure,165.5,73.6
H,0.2,0.15,2.09,2.62,5.77,43.71,1924.0,0,No Failure,110.6,54.2
H,0.16,0.18,3.15,4.88,9.36,61.98,1980.0,0,No Failure,194.7,84.0
M,0.16,0.13,1.8,2.2,3.97,57.65,1959.0,0,No Failure,137.2,63.6
H,0.18,0.27,2.99,5.96,11.4,48.48,2014.0,0,No Failure,144.6,66.2
L,0.14,0.11,4.15,4.16,12.73,56.77,1998.0,0,No Failure,194.0,83.7
L,0.2,0.09,3.97,2.69,9.96,56.73,1952.0,0,No Failure,149.2,67.8
L,0.06,0.07,3.43,3.13,9.82,75.85,1964.0,0,No Failure,127.4,60.1
H,0.18,0.17,3.41,5.77,10.88,79.32,2044.0,0,No Failure,138.7,64.1
L,0.07,0.12,3.21,2.42,15.92,76.02,2043.0,0,No Failure,127.9,60.3
M,0.09,0.11,2.37,4.09,19.22,60.03,2109.0,0,No Failure,144.8,66.3
H,0.16,0.17,3.53,3.6,11.28,60.19,1986.0,0,No Failure,207.0,88.3
L,0.14,0.1,2.59,4.02,15.16,57.64,1991.0,0,No Failure,204.1,87.3
H,0.23,0.21,3.99,5.03,10.49,64.91,2061.0,0,No Failure,140.2,64.6
M,-0.022,0.24,2.72,4.68,4.45,58.45,1901.0,0,No Failure,144.2,66.1
L,0.13,0.18,3.56,2.2,16.92,57.02,2001.0,0,No Failure,180.1,78.8
L,0.16,0.16,-0.256,4.88,17.11,54.18,2014.0,0,No Failure,189.8,82.2
L,0.18,0.12,3.52,4.28,6.9,74.46,1953.0,0,No Failure,150.8,68.4
L,0.15,0.1,3.08,4.35,11.8,66.93,1988.0,0,No Failure,194.1,83.8
H,0.14,0.16,3.08,3.85,9.24,65.36,2045.0,0,No Failure,194.2,83.8
H,0.11,0.23,3.61,5.02,27.848,64.17,2029.0,0,No Failure,144.5,66.2
L,0.15,0.05,2.82,3.14,10.25,52.76,2005.0,0,No Failure,173.7,76.5
H,0.18,0.17,3.7,3.92,11.96,60.46,2008.0,0,No Failure,206.1,88.0
M,-0.022,0.1,3.54,5.16,-2.878,67.78,2021.0,0,No Failure,155.1,69.9
M,0.12,0.16,3.86,3.75,17.68,62.43,1974.0,0,No Failure,181.5,79.3
H,0.11,0.23,3.67,4.1,13.27,65.26,1838.0,0,No Failure,194.4,83.9
M,0.17,0.19,3.88,3.86,11.51,76.52,1980.0,0,No Failure,167.4,74.3
M,0.17,0.11,3.22,4.93,16.43,63.48,2028.0,0,No Failure,175.7,77.2
L,0.12,0.22,3.45,5.29,7.82,54.36,2006.0,0,No Failure,174.9,76.9
L,0.12,0.19,2.94,6.08,8.36,85.704,2076.0,0,No Failure,135.8,63.1
H,0.17,0.13,2.71,5.26,18.91,57.5,1911.0,1,Inner Race Defect,10.0,22.7
H,0.04,0.1,2.79,5.0,15.27,64.93,1941.0,0,No Failure,139.1,64.3
M,0.14,0.15,2.05,3.14,11.88,55.94,1954.0,0,No Failure,184.4,80.3
M,0.18,0.05,3.47,4.57,10.2,51.39,2090.0,0,No Failure,146.4,66.9
M,0.04,0.29,3.35,4.64,13.32,64.98,1931.0,0,No Failure,136.4,63.3
L,0.19,0.06,3.86,4.58,17.77,66.38,2081.0,0,No Failure,128.7,60.6
M,0.11,0.05,3.2,4.22,21.03,59.62,1981.0,0,No Failure,168.2,74.6
L,0.15,0.29,4.58,4.49,6.04,50.59,2052.0,0,No Failure,129.9,61.0
L,0.13,0.08,4.93,1.066,11.87,48.38,2017.0,0,No Failure,161.7,72.3
L,0.08,0.18,5.32,4.42,13.0,63.74,2044.0,0,No Failure,156.7,70.5
M,0.12,0.16,1.84,3.48,13.8,69.96,1963.0,0,No Failure,166.9,74.1
H,0.09,0.15,2.07,4.03,18.83,67.65,2023.0,0,No Failure,160.8,72.0
M,0.15,0.2,3.59,3.0,12.32,56.86,2043.0,0,No Failure,189.3,82.1
M,-0.022,0.25,3.29,4.28,9.75,52.51,2011.0,0,No Failure,189.9,82.2
L,0.16,0.16,4.07,3.23,19.27,65.41,1977.0,0,No Failure,157.9,70.9
M,0.18,0.14,3.71,5.39,9.11,61.09,2024.0,0,No Failure,173.0,76.3
M,0.2,0.3,4.39,3.45,16.91,61.68,2002.0,0,No Failure,141.6,65.1
L,0.12,0.15,3.04,3.75,16.67,64.29,1997.0,0,No Failure,199.8,85.8
M,0.12,0.24,3.17,4.21,14.84,70.18,1949.0,0,No Failure,161.7,72.3
M,0.08,0.22,3.26,2.92,22.82,62.01,1969.0,0,No Failure,140.0,64.6
H,0.12,0.19,3.86,3.24,13.34,67.5,1920.0,0,No Failure,158.6,71.2
L,0.17,0.26,3.47,4.63,3.89,49.82,2081.0,0,No Failure,129.6,60.9
L,0.17,0.05,2.87,2.66,12.1,52.59,1972.0,0,No Failure,160.2,71.7
H,0.16,0.24,2.74,3.62,8.48,76.83,2086.0,0,No Failure,128.3,60.4
L,0.1,0.11,1.8,3.84,15.0,56.68,2023.0,0,No Failure,174.4,76.8
L,0.12,0.19,1.8,3.24,12.06,71.38,1981.0,0,No Failure,161.8,72.3
L,0.04,0.18,3.16,3.67,19.02,48.26,2062.0,0,No Failure,143.5,65.8
L,0.15,0.1,3.03,4.91,12.62,48.66,2003.0,0,No Failure,168.3,74.6
M,0.17,0.17,3.26,4.88,11.02,54.78,1996.0,0,No Failure,203.9,87.2
M,0.17,0.17,3.73,5.62,14.36,56.77,1985.0,0,No Failure,184.6,80.4
M,0.14,0.16,2.84,2.94,9.22,58.03,1974.0,0,No Failure,196.9,84.7
L,0.22,-0.056,4.19,4.09,8.99,61.29,2005.0,0,No Failure,178.2,78.1
H,0.15,0.15,2.79,5.03,8.77,42.18,2027.0,0,No Failure,163.4,72.9
M,0.16,0.16,4.3,4.62,10.17,50.86,1884.0,0,No Failure,153.9,69.5
L,0.19,-0.056,4.79,3.14,8.6,49.48,2024.0,0,No Failure,137.0,63.5
L,0.16,0.05,3.51,4.03,10.35,53.32,2040.0,0,No Failure,175.0,77.0
M,0.23,0.17,4.51,2.83,9.07,59.7,1958.0,0,No Failure,148.3,67.5
H,0.17,0.16,3.59,3.91,14.32,55.62,1989.0,0,No Failure,210.4,89.5
M,0.09,0.13,4.16,3.65,11.14,62.07,1969.0,0,No Failure,176.9,77.6
L,0.11,0.16,2.29,5.56,18.07,67.78,1964.0,0,No Failure,144.9,66.3
H,0.19,0.1,2.79,4.36,10.74,59.52,2016.0,0,No Failure,189.1,82.0
L,0.15,0.28,2.04,4.4,7.6,46.04,2042.0,0,No Failure,137.5,63.7
L,0.06,0.13,2.31,2.36,11.46,63.87,1993.0,0,No Failure,153.6,69.4
M,0.09,0.24,2.56,4.58,16.11,54.48,1966.0,0,No Failure,164.2,73.2
M,0.09,0.22,2.74,4.12,11.53,50.74,2026.0,0,No Failure,179.1,78.4
L,0.17,0.07,4.48,4.15,10.86,44.62,2040.0,0,No Failure,151.2,68.5
L,0.15,0.23,4.61,4.7,15.91,62.46,1964.0,0,No Failure,159.5,71.5
H,0.19,0.13,3.83,4.91,13.74,51.42,1965.0,0,No Failure,171.5,75.8
M,0.1,0.14,3.73,3.72,10.2,55.86,2049.0,0,No Failure,184.8,80.4
L,0.1,0.2,3.88,4.99,8.03,70.42,2001.0,0,No Failure,157.6,70.8
L,0.15,0.1,2.39,3.64,13.84,73.5,2023.0,0,No Failure,166.5,74.0
L,0.18,0.14,2.8,3.95,9.49,54.34,2000.0,0,No Failure,199.1,85.5
M,0.1,0.11,3.57,3.51,8.94,70.93,1912.0,0,No Failure,140.3,64.7
L,0.13,0.18,4.45,4.29,9.59,53.6,1985.0,0,No Failure,188.9,81.9
L,0.12,0.17,4.97,4.23,13.2,46.92,1946.0,0,No Failure,164.2,73.1
M,0.06,0.22,3.84,3.24,4.4,58.51,2006.0,0,No Failure,152.2,68.9
M,0.12,0.3,4.43,3.04,9.26,53.01,1923.0,0,No Failure,124.7,59.2
M,0.14,0.23,2.7,4.71,16.77,51.88,1935.0,0,No Failure,161.1,72.1
H,0.08,0.18,3.76,4.56,16.02,53.14,1979.0,0,No Failure,177.3,77.8
M,0.2,0.1,-0.256,3.79,9.11,66.48,2046.0,0,No Failure,164.6,73.3
L,0.19,0.15,1.8,4.14,14.54,67.9,2031.0,0,No Failure,167.9,74.5
M,0.11,0.19,3.71,5.11,14.79,62.8,2068.0,0,No Failure,163.2,72.8
H,0.18,0.17,4.44,2.98,12.33,43.04,2009.0,0,No Failure,161.4,72.2
M,0.18,0.07,2.72,4.35,8.67,55.13,2005.0,0,No Failure,179.3,78.5
H,0.14,0.08,4.23,5.14,7.2,49.68,2007.0,0,No Failure,155.1,69.9
M,0.15,0.25,3.82,3.96,14.54,52.02,2131.0,0,No Failure,147.1,67.1
H,0.18,0.16,2.93,3.79,13.62,63.12,2040.0,0,No Failure,192.6,83.2
L,0.23,0.12,3.85,4.73,11.72,30.516,1949.0,0,No Failure,162.9,72.7
H,0.12,0.14,-0.256,4.06,12.21,53.34,1958.0,0,No Failure,202.7,86.8
L,0.2,0.1,2.79,3.14,14.43,57.49,2023.0,0,No Failure,175.5,77.2
L,0.2,0.14,4.34,3.27,12.21,58.25,2010.0,0,No Failure,184.8,80.4
L,0.14,0.24,2.65,3.54,11.57,74.14,1986.0,0,No Failure,166.5,74.0
L,0.1,0.23,4.11,3.98,5.23,56.39,2029.0,0,No Failure,163.5,72.9
M,0.18,0.18,3.25,4.27,7.86,49.84,1946.0,0,No Failure,175.5,77.1
L,0.13,0.2,5.73,3.83,10.17,53.47,2016.0,0,No Failure,166.8,74.1
M,0.11,0.08,2.88,4.39,14.34,43.17,2026.0,0,No Failure,162.8,72.7
L,0.14,0.25,2.75,4.7,18.88,54.1,2075.0,0,No Failure,151.6,68.7
L,0.1,0.16,4.59,5.21,12.87,51.38,2015.0,0,No Failure,173.9,76.6
L,0.21,0.16,3.71,2.31,11.41,54.36,1985.0,0,No Failure,168.5,74.7
L,0.06,0.14,2.5,4.39,13.74,51.7,2012.0,0,No Failure,178.8,78.3
M,0.07,0.18,3.53,3.13,11.05,67.31,1903.0,0,No Failure,146.1,66.7
L,0.16,0.06,2.81,3.24,11.63,60.4,1908.0,0,No Failure,155.4,70.0
L,0.17,0.23,2.87,5.42,5.42,57.61,1949.0,0,No Failure,150.3,68.2
L,0.08,0.2,4.45,5.0,7.32,71.07,1994.0,0,No Failure,138.8,64.2
L,0.1,0.1,2.59,4.02,11.56,66.16,1838.0,0,No Failure,163.3,72.8
H,0.14,0.25,2.8,4.34,9.18,52.47,2004.0,0,No Failure,187.8,81.5
M,0.18,0.12,2.86,3.24,11.23,43.76,1980.0,0,No Failure,164.3,73.2
H,0.302,0.05,3.19,4.09,8.21,66.72,2036.0,0,No Failure,168.8,74.8
M,0.16,0.27,1.8,4.13,12.22,67.49,1972.0,0,No Failure,163.7,73.0
L,0.07,0.1,4.08,4.96,11.33,52.52,1994.0,0,No Failure,166.8,74.1
L,0.08,0.06,1.8,5.4,15.14,50.15,2017.0,0,No Failure,130.5,61.2
M,0.17,0.15,3.93,2.2,12.01,82.29,2050.0,0,No Failure,130.2,61.1
L,0.24,0.13,4.01,3.84,10.68,60.01,1978.0,0,No Failure,174.1,76.7
H,0.26,0.1,2.49,3.99,9.79,60.53,2044.0,0,No Failure,153.8,69.5
L,0.1,0.1,4.03,5.29,14.79,63.28,2062.0,0,No Failure,147.7,67.3
L,0.16,0.17,4.03,3.12,9.09,67.01,2039.0,0,No Failure,166.7,74.0
M,0.15,0.11,5.06,5.15,12.23,58.69,2013.0,0,No Failure,175.7,77.2
H,0.15,0.24,4.05,4.07,3.0,48.39,2006.0,0,No Failure,155.4,70.0
L,0.17,0.13,3.53,4.97,12.14,62.67,1991.0,0,No Failure,192.6,83.2
H,0.15,0.24,2.44,2.76,10.76,67.18,1948.0,0,No Failure,149.2,67.8
M,0.17,0.08,2.87,3.75,10.64,50.21,1962.0,0,No Failure,171.4,75.7
L,0.09,0.22,2.13,3.48,13.48,55.39,1997.0,0,No Failure,179.2,78.5
L,0.06,0.26,2.03,3.07,8.16,69.97,1993.0,1,Roller Element Wear,3.6,13.8
L,0.14,0.18,3.41,3.32,10.53,54.66,1975.0,0,No Failure,199.5,85.7
H,0.2,0.28,3.44,4.62,12.48,56.17,2015.0,0,No Failure,176.5,77.5
L,0.17,0.11,4.72,3.6,18.57,72.09,2160.0,0,No Failure,135.0,62.8
L,0.07,0.2,2.39,2.65,11.89,59.81,2012.0,0,No Failure,169.4,75.0
M,0.12,0.19,5.05,3.92,9.05,49.87,2001.0,0,No Failure,173.4,76.4
L,0.04,0.13,4.76,4.75,16.44,32.87,2029.0,0,No Failure,131.5,61.6
M,0.24,0.1,4.44,4.55,3.0,58.85,2021.0,0,No Failure,136.2,63.2
H,0.1,0.26,2.28,4.48,12.47,63.63,2021.0,0,No Failure,169.5,75.0
H,0.09,0.11,4.21,4.67,8.6,54.53,2086.0,0,No Failure,145.3,66.5
M,0.22,0.2,3.92,5.28,12.54,56.07,1996.0,0,No Failure,174.8,76.9
L,0.05,0.17,3.3,3.27,19.06,66.6,2015.0,0,No Failure,156.0,70.2
M,0.14,0.09,3.02,4.53,19.41,57.97,1993.0,0,No Failure,189.8,82.2
L,0.13,0.2,1.8,4.25,11.77,61.51,2041.0,0,No Failure,184.1,80.2
H,0.14,0.13,3.61,5.26,11.71,60.29,2038.0,0,No Failure,190.1,82.3
L,0.17,0.19,3.32,3.64,8.04,58.12,1951.0,0,No Failure,187.3,81.3
L,0.07,0.15,4.11,4.45,15.17,46.14,2048.0,0,No Failure,155.3,70.0
H,0.12,0.06,2.9,4.08,14.54,62.96,1979.0,0,No Failure,185.4,80.7
M,0.21,0.18,2.36,4.13,14.64,50.6,1938.0,0,No Failure,166.3,73.9
L,0.17,0.23,1.8,4.87,7.87,59.41,2044.0,0,No Failure,153.4,69.3
L,0.14,0.07,3.63,4.45,16.25,54.82,1996.0,0,No Failure,188.7,81.8
L,0.04,0.23,3.3,2.94,8.95,58.25,1972.0,0,No Failure,154.7,69.8
M,0.13,0.11,2.6,3.48,17.3,61.94,2094.0,0,No Failure,156.2,70.3
H,0.07,0.07,3.63,3.57,18.16,65.26,1976.0,0,No Failure,148.4,67.5
M,0.14,0.06,4.19,3.75,11.15,38.0,2026.0,0,No Failure,146.9,67.0
L,0.14,0.19,1.8,4.87,7.66,51.78,2102.0,0,No Failure,112.9,55.0
H,0.15,0.18,2.72,3.35,4.52,45.14,2008.0,0,No Failure,161.8,72.3
M,0.05,0.23,3.15,3.75,14.94,55.04,2005.0,0,No Failure,177.4,77.8
M,0.11,0.09,2.0,3.21,10.08,59.84,1983.0,0,No Failure,168.3,74.6
M,0.13,-0.056,5.49,4.72,15.98,48.51,2024.0,0,No Failure,157.1,70.6
L,0.14,0.09,3.61,2.72,12.68,62.16,1984.0,0,No Failure,158.0,70.9
H,0.06,0.16,1.86,3.44,10.17,69.88,2004.0,0,No Failure,158.0,71.0
L,0.09,0.23,2.58,3.81,9.98,53.83,1971.0,0,No Failure,173.5,76.5
L,0.19,0.21,5.01,5.24,11.29,71.77,2076.0,0,No Failure,117.8,56.7
M,0.06,0.11,4.66,4.55,12.3,48.23,2074.0,0,No Failure,138.6,64.1
L,0.04,0.17,1.8,4.28,12.68,63.3,2028.0,0,No Failure,169.3,75.0
M,0.16,0.16,1.8,4.85,15.51,48.58,2009.0,0,No Failure,171.5,75.8
L,0.12,-0.056,5.26,4.31,23.26,57.8,1938.0,0,No Failure,132.1,61.8
M,0.15,0.21,3.44,4.15,8.55,64.2,1977.0,0,No Failure,191.9,83.0
M,0.15,0.19,2.31,2.89,17.01,53.3,2033.0,0,No Failure,165.2,73.5
L,0.15,0.05,3.83,2.25,15.65,72.45,2002.0,0,No Failure,135.7,63.1
L,0.13,0.21,2.81,2.41,5.24,47.95,2007.0,0,No Failure,149.7,68.0
L,0.17,0.17,2.36,4.63,8.34,49.64,1903.0,0,No Failure,150.7,68.4
H,0.12,0.15,4.22,4.09,17.7,61.65,1992.0,0,No Failure,192.2,83.1
M,0.2,0.19,2.4,3.31,9.78,58.45,2024.0,0,No Failure,174.3,76.7
M,0.13,0.22,3.36,4.72,5.02,60.73,1937.0,0,No Failure,160.9,72.0
L,0.12,0.16,2.68,3.43,14.05,66.16,2065.0,0,No Failure,175.6,77.2
H,0.17,0.13,4.14,4.14,10.27,67.29,1959.0,0,No Failure,174.0,76.6
L,0.16,0.16,4.22,6.12,12.62,53.46,2037.0,0,No Failure,159.1,71.4
M,0.15,0.16,4.04,2.89,15.5,62.06,2039.0,0,No Failure,176.8,77.6
H,0.16,0.17,2.37,2.94,9.07,46.47,2028.0,0,No Failure,159.7,71.6
H,0.12,0.19,1.92,4.02,12.46,62.4,2023.0,0,No Failure,192.6,83.2
H,0.11,0.07,3.46,4.51,10.28,52.14,1956.0,0,No Failure,169.9,75.2
L,0.09,0.16,3.06,4.25,8.67,56.82,1922.0,0,No Failure,184.3,80.3
H,0.12,0.17,2.53,4.98,9.95,51.92,1958.0,0,No Failure,174.2,76.7
L,0.15,0.13,3.18,3.92,7.47,65.09,1983.0,0,No Failure,194.2,83.8
M,0.15,0.05,4.17,2.78,14.57,51.92,1980.0,0,No Failure,152.6,69.0
M,0.19,0.1,3.15,4.28,10.39,56.94,2038.0,0,No Failure,187.9,81.5
L,0.16,0.14,6.656,4.27,7.01,58.61,1982.0,0,No Failure,192.4,83.1
H,0.15,0.13,3.53,5.19,16.49,49.54,2009.0,0,No Failure,177.9,78.0
L,0.19,0.16,3.44,4.63,13.04,57.42,2010.0,0,No Failure,208.4,88.8
L,0.15,0.21,2.08,3.62,14.3,48.63,1982.0,0,No Failure,173.2,76.3
L,0.16,0.26,2.21,4.65,18.65,60.4,2069.0,0,No Failure,143.7,65.9
M,0.09,0.17,2.7,5.54,12.06,55.77,2003.0,0,No Failure,186.9,81.2
L,0.12,0.14,4.04,3.27,4.75,54.82,2008.0,0,No Failure,170.0,75.2
M,0.11,0.14,4.45,7.114,27.61,59.19,1838.0,0,No Failure,160.1,71.7
H,0.17,0.14,2.88,4.36,9.61,71.74,2030.0,0,No Failure,174.9,76.9
L,0.16,0.1,3.29,2.87,16.91,55.7,2010.0,0,No Failure,177.8,78.0
L,-0.022,0.13,2.59,5.25,13.24,39.51,1988.0,0,No Failure,161.2,72.1
L,0.18,0.1,2.58,3.55,12.93,49.47,2000.0,0,No Failure,179.0,78.4
M,0.18,0.24,4.49,4.15,5.71,70.71,1999.0,0,No Failure,144.1,66.0
M,0.16,0.16,2.69,4.14,27.848,68.56,1990.0,0,No Failure,200.9,86.1
H,0.12,0.12,1.8,3.9,11.34,75.63,1998.0,0,No Failure,164.8,73.4
L,0.18,0.2,3.95,3.45,16.49,53.66,2053.0,0,No Failure,160.8,71.9
M,0.12,0.18,4.89,3.92,14.94,54.1,1970.0,0,No Failure,176.3,77.5
L,0.14,0.15,3.61,4.01,18.25,57.63,1930.0,0,No Failure,182.8,79.8
L,0.14,0.18,3.85,4.88,13.31,45.65,1977.0,0,No Failure,180.0,78.8
M,0.14,0.2,2.37,4.66,10.56,57.29,1997.0,0,No Failure,201.8,86.5
L,0.13,0.29,3.84,2.2,16.98,57.81,2023.0,0,No Failure,144.8,66.3
M,0.13,0.17,4.51,3.91,8.12,67.71,2039.0,0,No Failure,171.0,75.6
L,0.16,0.16,3.18,3.68,6.06,57.57,1974.0,0,No Failure,198.8,85.4
L,0.07,0.26,1.8,4.61,11.51,66.05,2083.0,0,No Failure,128.4,60.5
L,0.16,0.1,3.81,6.63,11.84,61.28,1985.0,0,No Failure,160.0,71.7
L,0.12,0.16,4.04,3.65,5.73,64.28,1993.0,0,No Failure,162.6,72.6
L,0.12,0.11,3.29,4.82,21.0,60.32,1986.0,0,No Failure,174.0,76.6
L,0.12,0.05,-0.256,3.24,21.99,56.69,1969.0,0,No Failure,147.9,67.4
L,0.14,0.11,4.54,5.2,15.86,64.61,2032.0,0,No Failure,146.8,67.0
M,0.1,0.22,3.05,4.11,16.48,66.05,1995.0,0,No Failure,183.6,80.0
L,0.14,0.05,2.43,3.73,10.48,66.04,1998.0,0,No Failure,170.9,75.5
M,0.08,0.2,3.18,4.27,3.88,62.06,1969.0,0,No Failure,166.0,73.8
L,0.13,0.13,1.8,4.36,4.14,47.25,1973.0,0,No Failure,151.4,68.6
M,0.07,0.2,3.02,5.55,8.41,51.84,1954.0,0,No Failure,147.1,67.1
H,0.15,0.19,3.7,3.66,10.55,60.97,2060.0,0,No Failure,184.8,80.5
L,0.05,0.1,2.58,5.4,9.29,63.85,2046.0,0,No Failure,135.5,63.0
M,0.05,0.11,2.39,4.63,18.55,64.87,1948.0,0,No Failure,135.8,63.1
L,0.18,0.12,4.51,3.48,18.55,50.69,2010.0,0,No Failure,154.6,69.8
M,0.16,0.24,3.09,4.6,14.17,56.74,1982.0,0,No Failure,192.1,83.0
L,0.06,0.27,2.51,4.64,14.39,59.06,1991.0,0,No Failure,165.4,73.6
M,0.11,0.23,2.93,3.53,9.67,60.43,2044.0,0,No Failure,175.8,77.3
L,0.2,0.15,4.26,3.47,8.8,56.14,2006.0,0,No Failure,179.1,78.4
M,0.1,0.1,3.1,4.88,12.87,47.08,1932.0,0,No Failure,160.1,71.7
L,0.12,0.3,1.8,3.51,12.75,68.56,1961.0,1,Roller Element Wear,10.6,19.7
L,0.09,0.21,3.77,5.39,16.1,54.04,1976.0,0,No Failure,158.5,71.1
M,0.08,0.12,6.656,4.85,16.46,68.5,2010.0,0,No Failure,160.2,71.7
L,0.14,0.19,4.61,3.58,11.99,66.27,1974.0,0,No Failure,179.5,78.6
M,0.302,0.24,4.03,3.12,13.98,57.68,2014.0,0,No Failure,183.6,80.0
L,0.18,0.17,3.34,2.88,23.04,46.86,1958.0,0,No Failure,136.6,63.4
L,0.08,0.1,3.21,3.48,6.92,52.09,2022.0,0,No Failure,165.5,73.6
L,0.08,0.19,4.07,3.98,8.67,60.78,1942.0,0,No Failure,168.8,74.8
L,0.09,0.25,2.72,5.17,15.39,59.4,1977.0,0,No Failure,161.0,72.0
H,0.14,0.14,2.4,4.74,10.39,60.23,2030.0,0,No Failure,191.5,82.8
L,0.18,0.2,3.96,3.01,11.6,65.65,1958.0,0,No Failure,160.9,72.0
H,0.09,0.08,2.57,4.96,4.51,43.37,1972.0,0,No Failure,122.9,58.5
L,0.19,0.21,2.58,3.21,8.76,66.34,2002.0,0,No Failure,162.8,72.7
M,0.12,0.19,2.93,4.45,15.54,56.39,1998.0,0,No Failure,206.6,88.2
H,0.09,0.23,3.79,4.26,12.34,49.31,2095.0,0,No Failure,153.1,69.2
M,0.16,0.15,3.33,4.24,19.63,51.49,2028.0,0,No Failure,185.9,80.9
M,0.08,0.16,2.99,3.11,12.37,58.02,2060.0,0,No Failure,185.5,80.7
L,0.1,0.14,2.71,5.03,-2.878,45.75,2075.0,0,No Failure,148.8,67.7
M,0.12,0.1,4.16,3.11,15.46,63.23,2004.0,0,No Failure,170.2,75.3
M,0.14,0.24,2.39,4.52,15.14,63.18,1997.0,0,No Failure,183.0,79.8
M,0.14,-0.056,1.91,4.65,-2.878,54.22,2036.0,0,No Failure,166.9,74.1
H,0.11,0.22,3.12,4.76,19.56,59.03,2045.0,0,No Failure,169.5,75.0
L,0.04,0.25,3.08,1.64,9.98,52.42,1946.0,0,No Failure,138.7,64.1
L,0.09,0.2,3.59,6.19,10.23,59.94,1968.0,0,No Failure,156.7,70.5
L,0.13,0.17,2.96,3.15,17.3,62.74,1990.0,0,No Failure,188.3,81.7
L,0.14,0.15,3.95,4.07,10.49,61.6,2058.0,0,No Failure,184.4,80.3
L,0.12,0.22,6.656,5.79,12.89,40.28,2008.0,0,No Failure,128.4,60.5
M,0.17,0.18,3.4,3.66,12.57,52.59,1999.0,0,No Failure,206.5,88.1
M,0.15,0.12,3.95,4.58,8.45,58.025,1951.0,0,No Failure,174.4,76.8
M,0.14,0.17,2.03,1.066,6.8,50.68,1997.0,0,No Failure,161.1,72.1
L,0.18,0.29,1.8,5.05,18.79,56.36,1996.0,0,No Failure,139.0,64.2
L,0.11,0.22,3.5,4.35,20.03,52.35,2070.0,0,No Failure,153.5,69.4
H,0.15,0.16,2.54,4.99,5.7,60.38,1960.0,0,No Failure,173.8,76.6
L,0.14,0.1,2.72,4.23,14.52,53.62,1847.0,0,No Failure,159.7,71.6
L,0.04,0.16,4.01,4.57,14.94,50.61,1998.0,0,No Failure,169.9,75.2
M,0.15,0.13,3.54,3.75,13.57,49.42,1996.0,0,No Failure,200.7,86.1
M,0.14,0.11,2.84,3.31,12.62,63.2,1931.0,0,No Failure,180.0,78.7
H,0.15,0.22,2.12,3.2,13.51,57.52,1995.0,0,No Failure,186.5,81.0
M,0.07,0.15,3.57,4.98,15.24,72.63,2078.0,0,No Failure,140.1,64.6
M,0.04,0.11,3.1,3.96,15.42,57.27,2041.0,0,No Failure,174.4,76.8
H,0.14,0.12,3.83,4.64,19.78,53.55,2000.0,0,No Failure,179.5,78.6
L,0.06,0.15,3.36,4.66,14.32,65.47,2008.0,0,No Failure,181.3,79.2
H,0.09,0.06,4.88,2.2,12.68,55.25,1838.0,0,No Failure,136.2,63.3
H,0.11,0.09,3.49,3.73,14.24,43.89,2086.0,0,No Failure,146.3,66.8
H,0.05,0.24,2.74,3.89,12.165,53.17,1994.0,0,No Failure,163.9,73.0
L,0.12,0.19,2.99,4.3,18.77,57.73,2021.0,0,No Failure,193.8,83.6
M,0.06,0.18,3.13,3.19,13.44,54.31,2041.0,0,No Failure,176.3,77.4
L,0.19,0.1,2.52,4.64,12.62,49.64,2006.0,0,No Failure,153.9,69.5
L,-0.022,0.25,1.87,4.64,8.83,52.43,1985.0,0,No Failure,156.4,70.4
M,0.09,0.12,2.09,3.44,6.91,64.72,2022.0,0,No Failure,154.3,69.7
L,0.19,0.26,4.28,4.2,11.31,65.26,2000.0,0,No Failure,169.0,74.9
M,0.15,0.11,4.71,4.81,9.44,60.36,2039.0,0,No Failure,166.5,74.0
M,0.25,0.26,2.34,4.08,12.3,45.22,2011.0,0,No Failure,147.5,67.2
M,0.16,0.18,4.28,3.68,16.99,63.46,2000.0,0,No Failure,181.5,79.3
H,0.19,0.09,2.5,7.114,12.31,45.36,2052.0,0,No Failure,155.0,69.9
L,0.15,0.12,1.8,3.84,11.73,57.06,2024.0,0,No Failure,192.0,83.0
L,0.12,0.16,4.87,7.114,15.85,56.36,1986.0,0,No Failure,191.5,82.8
L,0.16,0.19,1.88,4.66,17.45,59.6,2003.0,0,No Failure,181.0,79.1
H,0.11,0.14,3.32,3.92,19.98,38.35,1953.0,0,No Failure,147.8,67.3
H,0.12,0.18,2.23,3.63,11.71,59.48,2074.0,0,No Failure,179.6,78.6
M,0.26,0.21,2.18,4.04,16.7,72.72,1982.0,0,No Failure,135.0,62.8
L,0.15,0.15,4.89,3.8,9.87,55.32,2047.0,0,No Failure,177.0,77.7
H,0.2,0.2,1.91,4.53,7.39,53.67,1949.0,0,No Failure,149.6,68.0
H,0.1,0.12,2.57,5.15,13.25,50.41,2008.0,0,No Failure,175.4,77.1
L,0.06,0.19,4.1,2.54,7.63,67.0,1978.0,0,No Failure,132.8,62.0
H,0.18,0.05,4.21,5.17,8.84,52.27,2027.0,0,No Failure,140.1,64.6
L,0.14,0.15,3.08,4.72,11.17,59.61,1932.0,0,No Failure,194.3,83.8
L,0.13,0.21,3.43,4.52,11.41,57.86,2105.0,0,No Failure,179.0,78.4
M,0.13,0.23,3.22,4.47,17.75,63.0,2023.0,0,No Failure,181.1,79.1
H,0.05,0.22,2.87,3.97,13.47,50.61,2011.0,0,No Failure,174.0,76.6
M,0.13,0.22,3.93,2.81,15.04,71.1,2063.0,0,No Failure,140.4,64.7
L,0.24,0.18,1.85,2.2,15.92,61.34,1979.0,0,No Failure,134.1,62.5
M,0.11,0.28,2.51,4.5,19.22,55.8,2059.0,0,No Failure,144.5,66.2
H,0.04,0.17,4.81,4.82,13.05,51.75,2029.0,0,No Failure,154.6,69.7
M,0.07,0.25,2.58,4.92,23.01,58.61,1976.0,0,No Failure,136.9,63.5
L,0.18,0.18,4.08,3.1,12.48,42.33,1920.0,0,No Failure,140.4,64.7
L,0.13,0.16,2.32,4.75,8.37,73.93,2016.0,0,No Failure,160.3,71.8
M,0.21,0.05,4.38,3.87,9.29,66.11,2074.0,0,No Failure,128.5,60.5
M,0.17,0.16,2.26,3.73,8.36,55.02,2012.0,0,No Failure,183.0,79.8
L,0.13,0.13,2.72,4.46,15.18,51.58,1991.0,0,No Failure,194.6,83.9
M,0.14,0.12,4.19,3.08,12.54,51.44,2032.0,0,No Failure,176.1,77.4
L,0.12,0.21,2.69,2.94,9.85,56.96,2047.0,0,No Failure,170.1,75.2
H,0.18,0.06,3.3,4.15,9.61,56.44,1878.0,0,No Failure,155.7,70.1
L,0.15,0.13,2.12,3.02,17.52,47.36,1997.0,0,No Failure,158.8,71.2
M,0.2,0.12,2.37,4.14,10.85,64.05,2022.0,0,No Failure,180.2,78.8
H,0.07,0.09,3.42,4.9,13.43,64.5,1985.0,0,No Failure,169.3,75.0
L,0.18,0.18,2.3,4.28,24.99,60.55,1996.0,0,No Failure,161.2,72.1
M,0.09,0.25,3.08,2.72,18.19,67.13,2078.0,0,No Failure,122.3,58.3
M,0.17,0.16,2.79,2.36,15.54,61.37,1970.0,0,No Failure,144.2,66.1
M,0.09,0.25,3.43,4.05,12.0,59.9,2009.0,0,No Failure,195.6,84.3
H,0.25,0.14,4.07,5.17,17.38,56.01,2001.0,0,No Failure,154.3,69.6
L,0.21,0.07,3.19,5.28,9.73,59.91,1928.0,0,No Failure,146.7,67.0
M,0.19,0.17,3.67,4.84,17.63,64.5,1990.0,0,No Failure,172.5,76.1
M,0.12,0.1,2.63,3.59,6.25,64.03,2012.0,0,No Failure,168.0,74.5
L,0.18,0.21,3.02,5.15,11.66,53.96,1931.0,0,No Failure,166.2,73.9
L,0.26,0.2,2.66,5.27,13.78,74.54,1956.0,0,No Failure,122.9,58.5
M,0.14,0.24,3.2,5.6,15.31,72.23,1954.0,0,No Failure,148.5,67.6
L,0.22,0.08,2.24,3.33,12.85,50.39,1945.0,0,No Failure,142.9,65.6
L,0.15,0.23,4.43,2.94,13.87,46.96,1994.0,0,No Failure,158.7,71.2
H,0.15,0.25,3.61,2.98,9.86,57.96,1949.0,0,No Failure,169.5,75.0
M,0.21,0.17,3.15,3.25,11.37,62.25,1998.0,0,No Failure,192.3,83.1
H,0.19,0.19,3.64,5.11,16.16,57.09,2103.0,0,No Failure,151.7,68.7
M,0.17,0.22,4.49,4.83,11.87,53.81,1994.0,0,No Failure,176.4,77.5
L,0.09,0.17,3.25,5.71,15.62,66.86,1986.0,0,No Failure,167.6,74.4
M,0.1,0.17,3.21,3.62,19.37,63.58,1976.0,0,No Failure,179.4,78.5
L,0.16,0.16,3.82,2.29,12.47,73.33,1985.0,0,No Failure,164.4,73.2
L,0.11,0.09,3.38,5.19,11.39,68.44,2055.0,0,No Failure,154.7,69.8
H,0.17,0.21,2.58,3.98,14.05,56.74,1985.0,0,No Failure,198.6,85.3
M,0.16,0.22,3.54,4.5,18.58,65.05,2045.0,0,No Failure,162.7,72.6
H,0.07,0.2,4.41,4.3,11.08,56.79,2047.0,0,No Failure,168.1,74.5
M,0.13,0.19,2.92,4.15,9.52,50.88,2015.0,0,No Failure,196.5,84.6
L,0.21,0.16,3.2,3.55,15.64,63.88,1967.0,0,No Failure,179.6,78.6
L,0.13,0.15,2.98,4.72,13.89,50.55,1915.0,0,No Failure,179.1,78.4
L,0.16,0.13,2.52,4.99,16.23,56.81,2030.0,0,No Failure,180.3,78.8
L,0.1,0.19,1.8,3.99,10.9,65.03,1941.0,0,No Failure,163.2,72.8
L,0.04,0.12,3.18,3.25,12.86,62.95,2000.0,0,No Failure,180.2,78.8
L,0.17,0.13,3.51,4.92,10.38,30.516,1960.0,0,No Failure,180.2,78.8
M,0.09,0.13,3.9,5.13,18.56,53.49,1960.0,0,No Failure,151.0,68.5
M,0.22,0.09,3.04,3.57,7.35,83.48,1998.0,0,No Failure,132.5,61.9
M,0.13,0.08,3.65,4.07,12.74,63.61,1974.0,0,No Failure,194.1,83.7
L,0.13,0.21,4.13,3.9,10.53,48.82,2001.0,0,No Failure,186.7,81.1
L,0.11,0.05,2.57,3.94,16.95,41.77,2012.0,0,No Failure,147.6,67.3
H,0.2,0.25,3.87,4.9,9.31,70.42,2017.0,1,Roller Element Wear,7.7,21.0
M,0.17,0.2,1.8,4.13,20.54,54.13,2027.0,0,No Failure,153.4,69.3
M,0.11,0.15,3.4,4.16,12.13,44.94,2034.0,0,No Failure,191.6,82.9
M,0.17,0.15,3.56,4.72,17.88,56.11,2057.0,0,No Failure,176.5,77.5
M,0.19,0.13,3.0,4.88,8.69,63.49,1933.0,0,No Failure,161.1,72.1
M,0.12,0.25,2.49,3.67,13.16,54.83,2043.0,0,No Failure,175.3,77.1
L,0.16,0.14,2.76,4.86,12.62,50.51,2061.0,0,No Failure,152.1,68.9
M,0.15,0.16,2.39,3.89,13.61,60.82,1960.0,0,No Failure,201.7,86.4
L,0.14,0.11,2.55,4.06,21.47,67.38,1997.0,0,No Failure,154.4,69.7
H,0.14,0.19,3.06,3.89,10.22,59.74,1964.0,0,No Failure,206.2,88.0
H,0.08,0.15,4.85,4.115,8.96,61.01,2005.0,0,No Failure,173.1,76.3
H,0.12,0.13,4.9,5.28,16.3,61.22,1914.0,0,No Failure,139.6,64.4
M,0.14,0.376,3.58,4.64,13.83,85.704,1976.0,0,No Failure,196.7,84.7
L,0.12,0.376,4.38,4.45,8.41,43.76,1995.0,0,No Failure,152.5,69.0
M,0.18,0.27,3.49,3.74,14.04,54.69,2004.0,0,No Failure,182.1,79.5
L,0.16,0.376,1.87,3.93,14.04,49.58,2052.0,0,No Failure,163.0,72.7
M,0.16,0.09,1.8,7.114,13.33,67.7,2090.0,0,No Failure,135.8,63.1
M,0.11,0.19,2.36,2.2,7.61,47.52,2009.0,0,No Failure,144.9,66.3
L,0.11,0.21,2.74,5.53,8.16,55.94,2084.0,0,No Failure,148.5,67.6
H,0.17,0.29,4.3,4.59,14.78,55.81,2024.0,0,No Failure,158.5,71.1
M,0.18,0.18,3.28,3.83,12.28,63.34,2065.0,0,No Failure,188.5,81.7
H,0.04,0.1,3.43,4.12,16.5,54.62,2094.0,0,No Failure,148.1,67.4
L,0.15,0.18,4.26,5.94,15.73,54.82,1962.0,0,No Failure,159.7,71.6
M,0.17,0.08,4.04,3.91,16.11,52.6,2007.0,0,No Failure,175.6,77.2
H,0.13,0.15,2.26,4.08,13.61,52.28,2091.0,0,No Failure,180.1,78.8
H,0.22,0.165,2.25,4.77,11.05,74.0,2058.0,0,No Failure,126.2,59.7
L,0.1,0.11,2.92,2.76,16.24,50.76,1953.0,0,No Failure,152.5,69.0
L,0.11,0.31,3.36,3.94,13.04,63.25,1989.0,0,No Failure,177.8,78.0
L,0.302,0.15,1.8,4.14,15.28,56.86,1968.0,0,No Failure,186.4,81.0
H,0.14,0.22,6.656,3.73,12.38,64.97,2015.0,0,No Failure,182.1,79.5
M,0.13,0.05,4.02,5.18,12.14,55.32,2048.0,0,No Failure,161.6,72.2
M,0.15,0.23,4.33,4.13,8.45,56.21,1963.0,0,No Failure,176.8,77.6
H,0.15,0.19,1.95,3.69,13.25,73.13,2001.0,0,No Failure,177.5,77.9
M,0.19,0.11,2.65,4.56,12.79,60.65,1965.0,0,No Failure,185.2,80.6
M,0.15,0.1,2.21,3.45,19.28,53.38,1983.0,0,No Failure,162.3,72.5
M,0.16,0.25,2.68,5.22,4.68,55.25,2028.0,0,No Failure,150.9,68.5
M,0.13,0.14,3.88,4.31,6.04,65.11,1913.0,0,No Failure,159.1,71.4
H,0.05,0.17,2.61,3.02,9.0,53.53,2039.0,0,No Failure,155.1,69.9
L,0.22,0.12,4.66,3.23,8.27,64.65,2006.0,1,Outer Race Spalling,8.1,22.3
L,0.17,0.2,4.99,3.52,8.24,54.33,1994.0,0,No Failure,166.8,74.1
L,0.14,0.3,2.43,4.91,17.07,63.23,2038.0,0,No Failure,148.1,67.5
L,0.11,0.25,1.8,3.93,12.62,67.42,1971.0,0,No Failure,142.2,65.4
H,0.07,0.08,5.99,4.34,9.98,67.5,2046.0,0,No Failure,118.9,57.1
L,0.14,0.3,4.47,3.4,11.84,57.68,2008.0,0,No Failure,172.6,76.1
M,0.12,0.25,2.21,4.44,13.04,55.93,1954.0,0,No Failure,173.3,76.4
L,0.12,0.14,2.91,4.16,7.78,65.34,1979.0,0,No Failure,188.0,81.6
M,0.07,0.21,2.75,3.62,12.01,53.66,2009.0,0,No Failure,183.6,80.0
M,0.25,0.17,3.85,3.47,12.13,60.58,1955.0,0,No Failure,170.3,75.3
L,0.11,0.16,3.85,4.04,3.6,50.99,1976.0,0,No Failure,170.7,75.4
M,0.24,0.14,3.78,3.61,15.2,59.8,1992.0,0,No Failure,176.4,77.5
H,0.21,0.05,4.1,4.35,11.29,52.06,1953.0,0,No Failure,150.0,68.1
M,0.302,0.24,3.45,4.58,9.45,41.73,2065.0,0,No Failure,124.4,59.1
H,0.16,0.17,3.36,3.53,4.31,71.93,1964.0,0,No Failure,157.9,70.9
L,0.12,0.22,1.8,4.84,5.29,58.61,1990.0,0,No Failure,159.8,71.6
M,0.18,-0.056,3.17,3.72,7.88,58.87,1985.0,0,No Failure,167.9,74.5
L,0.15,0.2,3.18,4.9,10.89,54.97,2014.0,0,No Failure,200.8,86.1
M,0.12,0.24,3.54,2.2,9.51,61.47,1977.0,0,No Failure,158.6,71.2
M,0.18,0.21,2.53,4.4,-2.878,61.81,2006.0,0,No Failure,187.3,81.3
M,0.19,0.17,1.8,3.89,13.04,63.7,1982.0,0,No Failure,184.0,80.2
L,-0.022,0.23,4.63,4.46,9.7,50.48,2005.0,0,No Failure,173.9,76.6
H,0.12,0.14,3.69,4.115,8.22,64.42,2031.0,0,No Failure,166.5,74.0
M,0.23,0.11,2.81,4.79,8.19,63.24,2046.0,0,No Failure,148.4,67.5
M,0.22,0.15,3.08,3.97,6.14,61.12,2078.0,0,No Failure,163.2,72.8
H,0.15,0.11,3.72,3.17,11.89,54.17,1938.0,0,No Failure,174.5,76.8
L,0.07,0.09,3.08,3.71,11.84,56.37,1995.0,0,No Failure,191.0,82.6
H,0.22,0.09,3.03,3.97,21.66,50.67,2006.0,0,No Failure,151.6,68.7
M,0.15,0.1,3.53,4.03,7.98,60.34,2048.0,0,No Failure,183.1,79.9
M,0.17,0.19,3.05,5.76,11.78,48.34,1949.0,0,No Failure,160.4,71.8
H,0.14,0.17,3.35,4.18,11.91,56.72,2036.0,0,No Failure,218.4,92.4
L,0.21,0.13,2.6,5.82,14.9,63.68,1965.0,0,No Failure,148.3,67.5
L,0.16,0.27,3.74,4.92,14.22,53.77,1988.0,0,No Failure,172.2,76.0
L,0.13,0.08,3.15,4.96,10.87,58.88,2044.0,0,No Failure,185.3,80.6
L,0.12,0.24,3.94,3.1,11.46,58.45,2018.0,0,No Failure,180.1,78.8
H,0.12,0.15,2.91,4.62,17.56,51.36,1984.0,0,No Failure,186.3,81.0
M,0.15,0.15,2.9,3.9,9.17,71.69,2012.0,0,No Failure,190.0,82.3
L,0.2,0.22,3.12,4.19,13.91,66.54,2051.0,0,No Failure,171.6,75.8
M,0.11,0.16,4.65,4.75,3.17,54.58,2006.0,0,No Failure,161.2,72.1
H,0.15,0.18,3.53,4.03,21.07,85.704,1923.0,0,No Failure,172.4,76.1
H,0.16,0.18,1.8,3.89,6.81,68.33,2002.0,0,No Failure,167.0,74.1
L,0.21,0.2,3.65,4.27,17.16,52.64,1934.0,0,No Failure,156.2,70.3
L,0.18,0.23,3.12,3.77,13.07,57.81,1967.0,0,No Failure,188.9,81.9
L,0.14,0.16,1.8,3.35,8.74,40.33,2058.0,0,No Failure,138.6,64.1
M,0.26,0.19,1.8,3.83,8.5,60.21,2085.0,0,No Failure,132.2,61.8
L,0.13,0.2,0.04,4.78,7.43,53.64,1987.0,0,No Failure,171.8,75.9
H,0.13,0.12,2.44,2.2,9.67,58.25,2018.0,0,No Failure,169.1,74.9
L,0.07,0.21,4.67,3.38,11.15,57.81,1908.0,0,No Failure,129.1,60.7
H,0.23,0.18,3.32,4.92,9.72,54.95,2017.0,0,No Failure,177.3,77.8
L,0.13,0.2,3.16,3.85,16.29,59.93,2072.0,0,No Failure,185.4,80.7
M,0.07,0.18,2.89,4.82,13.57,51.41,1968.0,0,No Failure,175.4,77.1
L,0.04,0.25,4.79,4.27,10.64,59.89,1963.0,0,No Failure,145.5,66.5
L,0.18,0.11,3.45,4.58,9.73,56.72,2008.0,0,No Failure,192.0,83.0
M,0.1,0.19,4.34,5.77,9.02,73.48,2051.0,0,No Failure,124.5,59.1
L,0.14,0.21,2.32,4.07,12.42,50.25,2012.0,0,No Failure,182.7,79.7
L,0.14,0.13,2.6,5.23,7.51,57.81,2005.0,0,No Failure,179.1,78.4
M,0.21,0.22,2.24,4.4,12.78,61.07,2041.0,0,No Failure,169.1,74.9
H,0.11,0.12,3.46,4.76,9.32,67.99,1980.0,0,No Failure,173.2,76.4
M,0.22,0.15,3.64,3.46,16.22,70.97,1984.0,0,No Failure,156.9,70.6
M,0.12,0.09,4.46,4.07,7.92,55.28,2018.0,0,No Failure,174.0,76.6
L,0.13,0.25,3.89,3.44,10.34,68.28,2078.0,1,Roller Element Wear,10.3,21.8
M,0.09,0.13,2.66,4.32,12.56,53.76,1985.0,0,No Failure,195.8,84.4
H,0.22,0.1,4.06,4.5,16.46,71.21,1987.0,0,No Failure,143.2,65.7
H,0.17,0.23,5.58,2.24,14.68,58.94,1981.0,0,No Failure,137.8,63.8
L,0.19,0.24,5.44,5.12,13.39,65.94,2036.0,0,No Failure,129.9,61.0
M,0.07,0.19,4.5,2.91,11.01,73.03,2050.0,0,No Failure,128.9,60.6
L,0.21,0.26,2.59,3.66,13.9,52.82,1997.0,0,No Failure,168.4,74.6
H,0.07,0.05,2.55,5.04,10.97,62.77,1920.0,0,No Failure,133.6,62.3
L,0.07,0.12,1.8,1.066,17.06,63.9,1970.0,0,No Failure,137.3,63.6
H,0.13,0.2,3.28,2.62,15.78,68.76,1899.0,0,No Failure,142.0,65.3
L,0.17,0.19,3.16,5.19,4.62,68.86,2067.0,0,No Failure,139.1,64.3
H,0.21,0.23,3.63,3.74,11.28,70.05,1993.0,0,No Failure,163.1,72.8
L,0.05,0.12,3.51,4.41,8.59,57.48,1960.0,0,No Failure,170.3,75.3
L,0.12,0.17,3.68,1.066,15.85,57.1,1954.0,0,No Failure,181.5,79.3
L,0.19,0.24,2.87,4.95,6.72,68.16,1951.0,0,No Failure,137.7,63.8
L,0.22,0.16,3.47,4.06,14.56,77.76,1984.0,0,No Failure,164.4,73.2
M,0.1,0.05,2.99,3.21,15.51,55.94,2007.0,0,No Failure,171.3,75.7
H,0.14,0.13,2.8,3.56,6.84,56.67,1971.0,0,No Failure,187.2,81.3
L,0.2,0.17,3.69,3.56,11.97,61.92,2001.0,0,No Failure,195.9,84.4
L,0.09,0.18,3.85,3.9,17.65,56.85,2051.0,0,No Failure,175.6,77.2
M,0.08,0.11,2.53,4.4,14.55,85.704,1949.0,0,No Failure,166.3,73.9
L,0.15,0.07,3.21,3.46,20.67,57.81,2025.0,0,No Failure,166.1,73.8
M,0.19,0.19,2.34,4.57,9.44,76.06,1999.0,0,No Failure,155.9,70.2
L,0.05,0.18,3.92,3.03,17.13,46.01,1863.0,0,No Failure,104.1,51.9
L,0.13,0.12,3.93,5.2,18.82,53.61,1985.0,0,No Failure,166.8,74.1
H,0.17,0.23,4.51,3.72,7.92,58.55,2007.0,0,No Failure,172.2,76.0
H,0.15,0.15,3.73,4.63,14.01,73.03,2064.0,0,No Failure,168.5,74.7
M,0.2,0.18,2.54,3.54,11.76,52.15,1904.0,0,No Failure,157.2,70.7
L,0.17,0.19,3.79,4.35,11.64,60.79,1955.0,0,No Failure,190.0,82.3
M,0.04,0.13,2.94,3.73,11.78,57.12,2060.0,0,No Failure,174.3,76.7
L,0.21,0.17,6.656,4.18,19.18,57.81,1999.0,0,No Failure,163.5,72.9
L,0.15,0.13,1.8,4.08,7.71,55.22,1926.0,0,No Failure,165.4,73.6
L,0.06,0.14,2.35,4.44,13.05,53.59,2160.0,0,No Failure,181.0,79.1
M,0.15,0.16,2.39,4.17,15.23,50.72,1940.0,0,No Failure,183.3,79.9
H,0.13,0.17,2.17,4.115,13.5,59.98,2004.0,0,No Failure,181.4,79.3
L,0.16,0.07,3.43,4.06,9.45,50.7,1971.0,0,No Failure,176.2,77.4
L,0.14,0.16,1.8,5.23,8.32,56.47,1946.0,0,No Failure,163.7,73.0
L,0.16,0.1,3.65,2.9,16.84,45.05,1996.0,0,No Failure,155.2,70.0
L,0.18,0.22,2.67,2.55,8.01,59.71,1914.0,0,No Failure,139.3,64.3
L,0.12,0.09,3.39,3.31,14.16,69.61,2075.0,0,No Failure,151.6,68.7
H,0.19,0.17,2.2,2.77,16.12,49.79,2011.0,0,No Failure,157.5,70.8
L,0.14,0.12,4.32,4.64,15.85,70.24,1979.0,0,No Failure,165.4,73.6
L,0.15,0.06,4.74,4.82,13.76,46.16,2020.0,0,No Failure,148.6,67.6
M,0.09,0.11,3.08,3.84,11.57,61.28,1980.0,0,No Failure,194.0,83.7
L,0.11,0.21,3.08,2.2,15.87,50.86,2005.0,0,No Failure,162.7,72.6
M,0.06,0.06,3.41,4.23,10.91,69.35,1909.0,0,No Failure,136.0,63.2
L,0.14,0.1,3.35,2.66,7.85,63.39,2025.0,0,No Failure,167.0,74.2
M,0.21,0.09,4.01,3.72,17.4,30.516,1919.0,0,No Failure,135.1,62.9
M,0.15,0.06,2.8,3.48,19.33,58.35,1957.0,0,No Failure,163.2,72.8
M,0.21,0.16,1.95,4.71,17.36,60.13,1971.0,0,No Failure,164.3,73.2
H,0.04,0.21,3.53,5.3,9.17,65.45,1990.0,0,No Failure,148.2,67.5
H,0.13,0.19,4.45,7.05,12.68,72.04,1999.0,0,No Failure,166.7,74.0
L,0.04,0.27,3.02,2.54,16.87,50.77,1992.0,0,No Failure,129.3,60.8
L,0.11,0.22,4.23,4.53,8.07,50.32,1965.0,0,No Failure,158.1,71.0
M,0.25,0.13,3.86,4.44,14.13,47.35,1999.0,0,No Failure,163.9,73.1
M,0.18,0.11,3.78,5.63,11.17,55.7,1961.0,0,No Failure,162.5,72.6
L,0.11,0.2,5.12,3.74,11.69,54.3,1989.0,0,No Failure,175.9,77.3
M,0.16,0.19,1.8,4.27,12.03,61.16,1959.0,0,No Failure,185.1,80.6
M,0.13,0.13,4.17,2.2,18.66,50.34,1963.0,0,No Failure,141.6,65.2
L,0.21,0.09,3.18,4.37,15.77,67.51,1884.0,0,No Failure,134.9,62.8
L,0.13,0.19,3.38,3.64,14.28,59.24,1941.0,0,No Failure,193.1,83.4
L,0.14,0.12,5.12,4.15,11.71,55.85,1973.0,0,No Failure,186.9,81.2
H,0.16,0.13,4.01,2.97,14.52,56.09,1975.0,0,No Failure,180.3,78.9
L,0.15,0.14,3.59,3.79,4.82,54.94,1991.0,0,No Failure,190.0,82.3
L,0.1,0.07,3.37,4.59,12.95,55.05,1931.0,0,No Failure,170.6,75.4
H,0.25,0.376,1.8,4.48,12.22,60.23,2033.0,0,No Failure,163.1,72.7
M,0.13,0.09,2.69,3.35,15.2,44.1,2015.0,0,No Failure,163.2,72.8
H,0.19,0.11,3.64,4.61,9.87,49.22,1945.0,0,No Failure,156.9,70.6
M,0.13,0.18,4.4,3.95,16.14,46.72,1980.0,0,No Failure,174.0,76.6
H,0.13,0.1,2.64,4.01,4.86,59.62,1973.0,0,No Failure,177.6,77.9
M,0.14,0.14,2.16,3.42,18.98,66.83,2000.0,0,No Failure,170.5,75.4
L,0.1,0.16,6.656,4.5,7.16,30.516,1885.0,0,No Failure,130.3,61.2
M,0.15,0.09,1.8,4.73,13.92,68.46,2100.0,0,No Failure,135.5,63.0
L,0.12,0.21,3.26,3.86,10.42,51.26,1900.0,0,No Failure,169.7,75.1
M,0.15,0.12,3.75,2.95,10.32,30.516,2001.0,0,No Failure,184.9,80.5
H,0.09,0.19,3.6,4.37,12.165,58.25,2018.0,0,No Failure,187.8,81.5
L,0.19,0.1,1.8,4.65,18.93,60.03,2021.0,0,No Failure,151.1,68.5
M,0.17,0.18,2.58,4.43,9.31,63.73,1976.0,0,No Failure,186.0,80.9
L,0.09,0.08,3.5,4.35,6.0,38.0,2062.0,0,No Failure,124.7,59.2
L,0.08,0.12,2.17,4.07,15.42,60.97,2028.0,0,No Failure,168.2,74.6
L,0.13,0.13,2.31,4.1,12.84,51.53,1959.0,0,No Failure,192.5,83.2
L,0.302,0.09,2.44,3.9,15.78,57.72,2042.0,0,No Failure,165.8,73.7
L,0.27,0.08,2.15,2.99,12.99,61.09,1915.0,0,No Failure,122.2,58.3
H,0.14,0.25,2.92,4.12,11.96,60.33,1952.0,0,No Failure,192.4,83.1
M,0.13,0.14,3.22,2.36,20.95,56.44,1998.0,0,No Failure,173.0,76.3
L,0.1,0.15,3.21,3.89,14.77,57.58,1993.0,0,No Failure,212.1,90.1
M,0.17,0.21,3.04,5.62,11.15,63.04,1992.0,0,No Failure,176.4,77.5
M,0.22,0.16,4.35,3.94,6.02,57.93,2003.0,0,No Failure,176.9,77.6
M,0.09,0.21,3.78,3.76,10.48,67.14,1968.0,0,No Failure,166.4,73.9
L,0.13,0.13,2.9,3.88,12.53,58.13,1934.0,0,No Failure,201.2,86.3
H,0.13,0.19,2.26,5.06,13.19,64.01,2042.0,0,No Failure,175.7,77.2
L,0.2,0.17,2.07,4.09,18.38,60.1,1981.0,0,No Failure,175.6,77.2
H,0.15,0.17,3.03,4.41,21.3,52.76,2070.0,0,No Failure,167.4,74.3
L,0.2,0.14,4.89,2.74,15.53,66.25,1959.0,0,No Failure,134.2,62.5
M,0.16,0.16,2.62,4.52,14.05,50.24,2017.0,0,No Failure,194.8,84.0
M,0.1,0.16,2.05,2.48,14.82,53.12,1989.0,0,No Failure,165.6,73.7
M,0.17,0.16,2.67,4.28,7.55,64.69,1941.0,0,No Failure,174.3,76.7
L,0.2,0.3,1.8,3.57,14.41,49.19,2052.0,0,No Failure,124.5,59.1
H,0.05,0.26,3.83,3.07,19.74,61.68,2004.0,0,No Failure,120.7,57.7
L,0.19,0.11,2.28,3.79,24.45,59.57,1994.0,0,No Failure,154.0,69.5
M,0.13,0.17,4.73,1.066,8.82,61.2,1978.0,0,No Failure,170.6,75.4
M,0.15,0.21,4.13,4.57,14.6,51.49,1951.0,0,No Failure,171.8,75.8
M,0.14,0.08,2.28,4.35,7.81,70.19,2005.0,0,No Failure,165.5,73.6
H,0.21,0.17,3.18,5.48,12.19,52.68,2025.0,0,No Failure,177.1,77.7
H,0.04,0.13,4.15,4.86,9.79,58.99,1969.0,0,No Failure,160.1,71.7
L,0.17,0.18,4.41,4.37,12.8,48.01,1956.0,0,No Failure,171.3,75.7
L,0.14,0.16,1.8,3.57,6.86,60.91,2014.0,0,No Failure,182.6,79.7
H,0.17,0.16,4.03,4.53,6.39,60.56,2016.0,0,No Failure,181.8,79.4
L,0.22,0.05,3.0,3.68,12.42,30.516,2054.0,0,No Failure,151.2,68.5
M,0.16,0.19,1.8,5.87,8.93,57.94,1971.0,0,No Failure,160.2,71.7
M,0.11,0.2,3.54,2.91,9.68,53.3,1961.0,0,No Failure,169.5,75.0
H,0.19,0.15,5.06,4.32,9.56,65.71,2081.0,0,No Failure,145.7,66.6
M,0.17,0.05,3.33,3.88,10.47,54.02,1985.0,0,No Failure,182.6,79.7
L,0.12,0.18,2.82,4.16,11.55,51.27,1838.0,0,No Failure,191.7,82.9
L,0.17,0.12,2.73,5.53,16.43,46.67,2016.0,0,No Failure,155.2,70.0
M,0.14,0.05,4.3,4.51,14.15,68.74,1988.0,0,No Failure,163.8,73.0
H,0.15,0.12,4.12,1.066,12.34,74.04,2020.0,0,No Failure,172.1,75.9
L,0.18,0.27,1.81,4.12,11.48,30.516,1987.0,0,No Failure,152.3,68.9
L,0.09,0.07,2.52,2.56,10.68,71.88,2028.0,0,No Failure,130.7,61.3
M,0.19,0.23,3.71,2.44,10.6,59.88,2004.0,0,No Failure,165.1,73.5
L,0.16,0.13,1.95,6.02,9.66,53.95,1976.0,0,No Failure,153.9,69.5
M,0.11,0.15,3.32,3.7,14.23,53.62,2041.0,0,No Failure,195.7,84.3
L,-0.022,0.21,3.39,4.8,16.94,56.72,1998.0,0,No Failure,171.3,75.7
M,0.09,0.07,2.5,3.96,10.79,52.51,1985.0,0,No Failure,174.1,76.7
M,0.11,0.25,4.13,3.13,12.22,60.77,1980.0,0,No Failure,171.8,75.8
M,0.16,0.3,4.02,5.21,11.76,46.13,2011.0,0,No Failure,145.0,66.4
M,0.09,0.16,3.03,5.12,9.1,55.3,1971.0,0,No Failure,181.8,79.4
H,0.16,0.13,3.91,3.02,7.41,56.25,2003.0,0,No Failure,178.8,78.3
L,0.16,0.11,2.14,4.87,13.43,55.19,1956.0,0,No Failure,174.0,76.6
H,0.2,0.21,3.57,4.37,12.165,74.3,2027.0,0,No Failure,138.1,63.9
M,0.2,0.1,3.22,4.96,16.02,70.4,1977.0,0,No Failure,156.3,70.4
L,0.16,0.18,3.03,3.28,13.46,53.87,2027.0,0,No Failure,195.7,84.3
M,0.11,0.17,3.58,5.28,17.94,45.6,1937.0,0,No Failure,143.4,65.8
H,0.16,0.19,2.12,4.56,5.65,46.74,2053.0,0,No Failure,147.4,67.2
M,0.08,0.25,3.81,3.56,7.01,68.01,2000.0,1,Roller Element Wear,12.8,23.3
H,0.1,0.09,3.05,4.66,10.33,62.45,2046.0,0,No Failure,173.1,76.3
L,0.15,0.21,4.1,4.63,15.5,68.12,1941.0,0,No Failure,159.1,71.4
L,0.17,0.19,3.7,2.8,12.9,58.57,2024.0,0,No Failure,186.8,81.1
M,0.18,0.07,2.3,4.35,11.65,49.92,1962.0,0,No Failure,164.2,73.1
L,0.17,0.29,3.62,2.55,4.62,67.23,1991.0,0,No Failure,124.9,59.2
L,0.15,0.26,3.12,3.89,15.42,57.66,1998.0,0,No Failure,197.8,85.1
M,0.13,0.19,4.28,2.49,12.45,57.89,2024.0,0,No Failure,182.9,79.8
M,0.12,0.21,6.656,3.23,12.95,67.22,2001.0,0,No Failure,189.7,82.2
L,0.2,0.16,4.12,4.46,14.68,64.87,1994.0,0,No Failure,182.1,79.5
L,0.1,0.17,3.25,4.49,11.48,52.54,2056.0,0,No Failure,191.4,82.8
L,0.11,0.16,3.39,4.45,7.88,54.11,2040.0,0,No Failure,186.7,81.1
M,0.13,0.2,3.46,4.68,4.76,53.43,1990.0,0,No Failure,178.6,78.3
H,0.19,0.09,2.8,2.32,13.37,69.34,2062.0,0,No Failure,134.6,62.7
M,0.18,0.25,4.2,4.41,21.11,61.62,2020.0,0,No Failure,146.9,67.0
M,0.12,0.2,3.08,4.51,4.76,61.19,2018.0,0,No Failure,181.1,79.1
L,0.11,0.21,2.35,3.9,12.58,62.27,1991.0,0,No Failure,195.5,84.2
H,0.12,0.17,4.25,4.36,18.63,54.01,1924.0,0,No Failure,162.2,72.4
L,0.14,0.09,4.48,3.89,16.58,56.82,1928.0,0,No Failure,163.5,72.9
L,0.17,0.14,3.78,4.62,8.73,52.56,1993.0,0,No Failure,184.9,80.5
H,0.06,0.27,3.97,6.14,6.11,46.29,2074.0,0,No Failure,84.5,44.9
L,0.17,0.14,3.86,3.81,14.86,65.81,2037.0,0,No Failure,181.3,79.2
L,0.11,0.16,3.55,4.39,16.42,44.99,2016.0,0,No Failure,179.5,78.6
M,0.17,0.05,2.66,4.33,4.01,56.95,2059.0,0,No Failure,148.6,67.6
M,0.12,0.11,2.09,3.77,12.79,57.2,2027.0,0,No Failure,189.8,82.2
H,0.08,0.24,4.18,4.89,23.49,64.54,1977.0,0,No Failure,122.5,58.4
L,0.17,0.22,4.82,3.76,16.22,48.33,2056.0,0,No Failure,141.9,65.2
H,0.302,0.26,2.79,3.6,7.55,52.22,2029.0,0,No Failure,159.8,71.6
M,0.14,0.08,2.79,3.01,15.06,52.02,1977.0,0,No Failure,171.3,75.7
L,0.18,0.2,3.38,3.7,15.39,71.02,1982.0,0,No Failure,173.2,76.3
L,0.2,0.24,2.06,3.93,7.73,61.44,1942.0,0,No Failure,146.7,67.0
H,0.21,0.18,2.98,4.38,12.68,58.23,1982.0,0,No Failure,200.8,86.1
H,0.24,0.24,4.17,4.1,20.75,48.86,1994.0,0,No Failure,134.2,62.5
M,0.16,0.14,2.87,2.71,9.87,56.45,1968.0,0,No Failure,182.3,79.5
H,0.16,0.23,3.24,4.0,15.77,66.26,2006.0,0,No Failure,188.5,81.7
M,0.15,0.17,3.34,4.77,6.12,59.05,2077.0,0,No Failure,176.2,77.4
M,0.14,0.21,5.34,4.24,12.67,52.83,1964.0,0,No Failure,173.5,76.4
L,0.12,0.12,6.656,4.11,5.33,52.47,1942.0,0,No Failure,173.0,76.3
L,0.14,0.17,2.57,2.83,15.42,51.51,2013.0,0,No Failure,183.6,80.0
L,0.14,0.14,4.88,3.05,11.55,54.64,2052.0,0,No Failure,169.3,75.0
M,0.17,0.1,3.06,4.58,11.93,50.43,1984.0,0,No Failure,187.7,81.5
L,0.2,0.08,1.8,4.27,14.3,62.75,2040.0,0,No Failure,156.2,70.3
M,0.07,0.2,3.16,3.59,18.45,53.42,1936.0,0,No Failure,155.8,70.2
M,0.16,0.2,1.8,3.69,17.64,52.95,2071.0,0,No Failure,151.1,68.5
L,0.21,0.14,2.5,4.63,14.07,50.68,2015.0,0,No Failure,172.6,76.1
M,0.05,0.17,3.27,3.26,9.71,63.71,1980.0,0,No Failure,174.1,76.7
M,0.15,0.21,3.77,3.66,13.32,59.86,1987.0,0,No Failure,199.0,85.5
L,0.18,0.17,2.92,3.69,17.19,66.32,1923.0,0,No Failure,163.0,72.7
L,0.19,0.18,3.33,5.2,5.59,53.22,1973.0,0,No Failure,161.9,72.3
L,0.06,0.18,2.97,3.5,17.02,62.02,2021.0,0,No Failure,169.7,75.1
H,0.18,0.16,3.14,4.61,10.13,61.16,1978.0,0,No Failure,199.3,85.6
L,0.17,0.05,1.8,5.0,20.31,45.03,1965.0,0,No Failure,113.1,55.1
M,0.15,0.2,4.05,4.32,12.37,57.06,2037.0,0,No Failure,180.7,79.0
M,0.11,0.25,3.97,4.05,17.49,51.98,1992.0,0,No Failure,169.5,75.0
M,0.18,0.16,3.65,2.89,10.97,57.39,2107.0,0,No Failure,163.6,73.0
L,0.11,0.13,3.92,4.34,3.0,54.16,2012.0,0,No Failure,168.6,74.7
M,0.27,0.19,4.49,3.34,12.39,52.97,1976.0,0,No Failure,151.5,68.7
M,0.14,0.22,2.33,3.64,11.86,63.83,2006.0,0,No Failure,191.9,83.0
M,0.26,0.18,2.83,3.09,4.27,66.0,1965.0,0,No Failure,129.4,60.8
H,0.17,0.16,3.48,4.67,5.61,38.0,1995.0,0,No Failure,158.3,71.1
H,0.2,0.2,2.45,4.59,13.61,55.47,1964.0,0,No Failure,176.4,77.5
H,0.15,0.08,3.13,3.16,11.64,49.23,2005.0,0,No Failure,182.1,79.5
M,0.12,0.21,3.56,3.88,10.71,69.8,1962.0,0,No Failure,174.7,76.9
L,0.23,0.12,4.24,3.05,4.09,63.24,1969.0,0,No Failure,126.6,59.8
L,0.16,0.19,4.17,4.19,8.64,42.99,1963.0,0,No Failure,160.3,71.8
M,0.13,0.18,4.14,5.11,17.76,46.86,1988.0,0,No Failure,160.9,72.0
L,0.19,0.25,2.6,2.21,12.81,49.09,2028.0,0,No Failure,142.7,65.5
L,0.1,0.13,3.15,3.35,8.85,58.24,2035.0,0,No Failure,184.5,80.3
H,0.302,0.2,3.21,4.28,12.16,53.5,2019.0,0,No Failure,171.5,75.7
M,0.1,0.2,1.8,3.87,9.64,61.2,2026.0,0,No Failure,172.3,76.0
M,0.15,0.15,2.8,5.22,8.5,41.66,1954.0,0,No Failure,151.6,68.7
L,0.16,0.05,2.72,5.28,20.34,65.44,2004.0,1,Inner Race Defect,13.9,20.9
L,0.24,0.19,1.93,4.37,15.51,53.39,2021.0,0,No Failure,157.4,70.7
H,0.18,0.23,3.79,4.16,5.78,40.09,2009.0,0,No Failure,146.6,66.9
H,0.16,0.26,3.11,3.31,19.42,53.3,2012.0,0,No Failure,163.4,72.9
H,0.11,0.11,3.45,5.2,9.41,64.96,2002.0,0,No Failure,174.6,76.8
L,0.11,0.18,3.21,3.82,13.02,61.9,2045.0,0,No Failure,200.6,86.0
M,0.17,0.11,2.02,5.42,10.58,58.025,1964.0,0,No Failure,160.3,71.8
L,0.1,0.05,2.35,3.47,12.19,46.49,1969.0,0,No Failure,150.8,68.4
H,0.19,0.21,4.04,3.02,17.42,62.16,1996.0,0,No Failure,161.8,72.3
L,0.15,0.12,5.04,3.21,12.22,84.85,2033.0,0,No Failure,153.6,69.4
M,0.18,0.2,3.86,2.95,16.3,58.87,1942.0,0,No Failure,159.1,71.3
H,0.11,0.2,3.38,4.37,4.41,64.55,1999.0,0,No Failure,175.7,77.2
H,0.07,0.19,3.57,3.57,8.79,57.44,2021.0,0,No Failure,181.7,79.4
L,0.12,0.09,3.76,4.92,10.42,63.52,2030.0,0,No Failure,171.7,75.8
L,0.09,0.19,3.42,4.39,11.66,64.77,1910.0,0,No Failure,168.9,74.8
L,0.09,0.1,3.42,4.75,15.89,61.66,1961.0,0,No Failure,168.1,74.5
M,0.12,0.15,2.14,5.4,15.05,67.91,2021.0,0,No Failure,163.8,73.0
M,0.16,0.09,4.02,4.13,12.37,52.21,2037.0,0,No Failure,183.2,79.9
M,0.06,0.1,2.14,5.29,21.72,55.08,2028.0,1,Inner Race Defect,3.5,14.4
M,0.1,0.19,3.03,4.64,16.23,59.65,2047.0,0,No Failure,180.9,79.1
L,0.13,0.05,4.43,5.04,4.46,56.94,1987.0,0,No Failure,147.8,67.4
H,0.16,0.21,6.656,3.5,16.55,56.99,1928.0,0,No Failure,168.6,74.7
L,0.11,0.16,2.23,4.07,14.17,66.37,2013.0,0,No Failure,191.9,83.0
L,0.16,0.19,2.02,3.95,9.43,61.38,1973.0,0,No Failure,184.1,80.2
L,0.16,0.16,3.73,2.54,9.53,46.87,2113.0,0,No Failure,137.9,63.8
H,0.08,0.21,2.68,4.08,10.58,59.98,2038.0,0,No Failure,185.1,80.5
L,0.14,0.17,3.96,4.63,10.78,55.78,2046.0,0,No Failure,192.6,83.2
M,0.12,0.19,4.32,6.27,8.58,44.63,1954.0,0,No Failure,123.9,58.9
L,0.14,0.11,2.47,3.42,5.88,49.65,1950.0,0,No Failure,154.1,69.6
M,0.14,0.1,2.21,3.69,7.11,71.35,2011.0,0,No Failure,158.6,71.2
L,0.12,0.16,3.36,4.09,14.65,64.85,2082.0,0,No Failure,179.6,78.6
L,0.22,0.14,3.03,4.01,12.42,45.42,2051.0,0,No Failure,172.3,76.0
M,0.15,0.13,2.91,5.22,17.98,59.16,1896.0,0,No Failure,155.9,70.2
M,0.1,0.2,3.37,2.91,17.2,64.37,1998.0,0,No Failure,170.8,75.5
H,0.21,0.22,3.44,4.01,9.59,56.23,1986.0,0,No Failure,185.5,80.7
H,0.15,0.13,2.72,4.0,11.41,59.77,2041.0,0,No Failure,201.8,86.5
L,0.1,0.12,2.56,4.46,11.74,53.5,2000.0,0,No Failure,192.1,83.0
L,0.21,0.15,2.62,4.57,15.74,54.05,1907.0,0,No Failure,157.9,70.9
H,0.11,0.15,3.85,3.4,14.51,49.39,1973.0,0,No Failure,179.2,78.5
L,0.06,0.21,2.72,3.64,7.68,46.42,2048.0,0,No Failure,140.6,64.8
L,0.19,0.17,1.8,6.17,7.56,73.16,1988.0,0,No Failure,123.2,58.6
M,0.18,0.05,3.06,5.56,13.46,58.025,2041.0,0,No Failure,155.7,70.2
L,0.13,0.12,4.29,3.25,10.07,56.54,2026.0,0,No Failure,179.2,78.5
L,0.302,0.27,2.86,3.85,18.55,38.0,1948.0,0,No Failure,93.3,48.1
M,0.16,0.19,3.34,4.32,12.85,73.18,1982.0,0,No Failure,188.9,81.9
H,0.23,0.22,3.95,5.06,14.21,54.75,1998.0,0,No Failure,163.0,72.7
L,0.21,0.26,3.17,3.06,14.65,50.19,1997.0,0,No Failure,160.2,71.7
L,0.14,0.15,2.94,4.48,9.01,60.52,1945.0,0,No Failure,195.7,84.3
M,0.16,0.14,3.51,4.47,10.43,60.64,2038.0,0,No Failure,195.5,84.2
L,0.14,0.11,2.65,5.37,17.61,64.37,2023.0,0,No Failure,153.9,69.5
H,0.11,0.11,4.3,5.36,10.23,66.21,2046.0,0,No Failure,146.6,66.9
L,0.14,0.1,4.54,3.4,14.5,56.22,1950.0,0,No Failure,129.8,61.0
L,0.14,0.11,3.01,4.53,13.7,57.76,2028.0,0,No Failure,206.1,88.0
L,0.18,0.13,4.17,3.56,17.33,62.96,2031.0,0,No Failure,165.3,73.6
L,0.16,0.12,3.43,4.23,14.94,59.52,2022.0,0,No Failure,203.5,87.1
H,0.15,0.18,4.73,4.88,19.55,61.18,2077.0,0,No Failure,144.9,66.3
L,0.22,0.25,1.8,3.51,19.79,61.32,1969.0,0,No Failure,128.6,60.5
M,0.17,0.19,3.89,4.21,8.06,53.95,1980.0,0,No Failure,185.7,80.8
L,0.11,0.18,5.36,3.44,7.46,68.62,1929.0,0,No Failure,127.2,60.0
L,0.09,0.22,4.29,4.66,9.84,45.62,2016.0,0,No Failure,151.2,68.5
H,0.19,0.05,2.82,4.08,13.68,48.35,1947.0,0,No Failure,157.2,70.7
L,0.15,0.05,1.88,3.82,15.42,52.64,2160.0,0,No Failure,169.9,75.2
M,0.08,0.22,4.77,3.49,12.55,60.72,2016.0,0,No Failure,164.9,73.4
H,0.16,0.11,2.71,4.04,7.57,69.75,1988.0,0,No Failure,174.2,76.7
M,0.13,0.26,2.15,3.93,7.59,53.48,1982.0,0,No Failure,167.9,74.5
M,0.13,0.11,5.9,5.48,8.07,58.69,1971.0,0,No Failure,140.9,64.9
M,0.23,0.19,1.8,4.22,16.39,65.26,1994.0,0,No Failure,159.2,71.4
L,0.15,0.21,5.28,4.95,13.8,72.62,1956.0,0,No Failure,135.6,63.0
L,0.18,-0.056,3.33,4.41,15.23,54.23,2051.0,0,No Failure,190.0,82.3
M,0.19,0.05,4.01,5.32,4.46,64.96,1997.0,0,No Failure,129.9,61.0
M,0.04,0.05,3.68,4.18,7.03,70.45,1989.0,0,No Failure,135.2,62.9
M,0.15,0.2,3.02,3.21,20.94,49.12,2016.0,0,No Failure,162.2,72.4
H,0.13,0.12,2.84,4.89,14.22,54.86,1927.0,0,No Failure,178.5,78.2
L,0.15,0.09,3.08,4.24,17.13,64.38,2034.0,0,No Failure,178.5,78.2
L,0.14,0.09,3.1,4.16,27.848,61.32,1971.0,0,No Failure,184.6,80.4
M,0.18,0.11,2.68,2.68,8.38,70.56,2002.0,0,No Failure,150.7,68.4
M,0.13,0.1,4.63,4.05,19.65,57.83,1965.0,0,No Failure,167.5,74.3
H,-0.022,0.21,-0.256,4.98,9.7,59.56,2095.0,0,No Failure,143.1,65.7
L,-0.022,0.14,3.51,4.74,9.95,45.15,1946.0,0,No Failure,166.9,74.1
H,0.12,0.19,1.8,7.114,10.23,47.56,1892.0,0,No Failure,106.6,52.8
H,0.16,0.22,2.76,3.89,12.37,61.24,2014.0,0,No Failure,201.1,86.2
M,0.07,0.2,1.8,3.37,9.03,44.68,2003.0,0,No Failure,143.3,65.8
H,0.13,0.05,2.5,4.19,10.83,68.02,1952.0,0,No Failure,161.0,72.0
L,0.14,0.13,1.8,3.21,12.11,46.24,1983.0,0,No Failure,170.1,75.2
L,0.15,0.05,4.56,3.65,11.95,57.15,2036.0,0,No Failure,170.5,75.4
L,0.12,0.16,3.93,4.75,11.36,56.02,2049.0,0,No Failure,178.0,78.1
M,0.2,0.1,3.97,3.68,12.27,50.77,2007.0,0,No Failure,174.8,76.9
L,0.04,0.17,3.5,2.46,12.62,45.66,1959.0,0,No Failure,135.7,63.1
L,0.11,0.11,4.15,5.35,12.13,68.6,1952.0,0,No Failure,149.9,68.1
M,0.12,0.19,4.65,3.45,-2.878,49.95,2003.0,0,No Failure,175.8,77.2
H,0.14,0.11,2.49,5.6,9.04,45.09,1987.0,0,No Failure,155.1,69.9
H,0.23,0.24,3.235,4.05,10.08,60.34,2023.0,0,No Failure,172.0,75.9
M,0.13,0.2,6.656,4.03,16.39,58.025,2006.0,0,No Failure,207.0,88.3
H,0.09,-0.056,3.9,4.48,27.848,55.33,2049.0,0,No Failure,177.3,77.8
H,0.12,0.08,2.56,4.48,18.19,62.71,1951.0,0,No Failure,158.8,71.2
L,0.08,0.14,3.24,4.52,17.28,57.39,1978.0,0,No Failure,189.4,82.1
M,0.12,0.13,2.41,2.45,8.11,62.1,1997.0,0,No Failure,160.9,72.0
M,0.04,0.17,4.49,4.06,4.76,44.87,2042.0,0,No Failure,128.2,60.4
L,0.18,0.28,5.08,4.32,18.21,50.68,1981.0,0,No Failure,134.8,62.7
M,0.13,0.22,2.97,3.73,10.42,64.75,2010.0,0,No Failure,190.8,82.6
L,0.18,0.23,2.32,3.49,19.45,59.49,1995.0,0,No Failure,163.0,72.7
L,0.14,0.06,3.68,5.68,12.89,49.3,2067.0,0,No Failure,131.0,61.4
L,0.18,0.22,3.39,5.5,16.36,50.6,2041.0,0,No Failure,152.5,69.0
L,0.11,0.2,3.4,2.37,17.78,68.86,2046.0,0,No Failure,141.4,65.1
H,0.13,0.24,2.96,4.85,12.86,53.12,2023.0,0,No Failure,188.2,81.7
M,0.07,0.2,4.58,2.92,-2.878,64.82,1996.0,0,No Failure,156.9,70.6
L,0.21,0.15,4.14,4.37,11.04,74.75,1946.0,0,No Failure,146.9,67.0
H,0.11,0.15,3.85,7.0,19.93,56.29,2028.0,0,No Failure,164.8,73.4
L,0.17,0.14,4.1,4.38,10.09,45.56,1976.0,0,No Failure,172.1,75.9
M,0.13,0.19,3.1,4.7,5.7,54.42,2021.0,0,No Failure,183.0,79.8
H,0.13,0.15,2.88,5.55,7.77,53.88,2035.0,0,No Failure,174.0,76.6
L,0.302,0.27,2.34,4.16,9.52,55.96,1997.0,0,No Failure,183.9,80.1
H,0.2,0.12,1.8,4.27,10.42,58.89,2017.0,0,No Failure,180.0,78.7
M,0.14,0.15,3.28,3.65,17.59,56.26,2002.0,0,No Failure,208.9,89.0
L,0.13,0.12,3.68,4.25,14.5,66.18,1932.0,0,No Failure,176.6,77.5
M,0.11,0.21,3.32,4.06,17.93,64.06,1975.0,0,No Failure,182.7,79.7
M,0.11,0.18,1.8,4.51,17.8,52.23,1923.0,0,No Failure,148.0,67.4
M,0.25,0.3,2.66,3.72,3.91,63.12,2030.0,0,No Failure,117.8,56.7
M,0.12,0.25,3.74,3.3,13.83,64.4,2148.0,0,No Failure,137.9,63.8
L,0.12,0.2,2.98,4.66,12.62,59.17,1986.0,0,No Failure,198.2,85.2
M,0.17,0.21,3.46,5.14,17.53,39.63,1956.0,0,No Failure,135.0,62.8
H,0.15,0.15,3.11,4.1,14.62,45.53,2095.0,0,No Failure,175.8,77.3
L,0.18,0.2,3.85,3.52,13.55,46.6,1986.0,0,No Failure,172.2,76.0
L,0.19,0.16,3.75,4.93,12.2,60.57,2014.0,0,No Failure,195.7,84.3
H,0.14,0.16,2.81,4.64,8.35,52.51,2009.0,0,No Failure,198.0,85.1
M,0.19,0.12,-0.256,3.76,9.3,59.95,1978.0,0,No Failure,171.3,75.7
H,0.13,0.17,1.8,5.11,4.37,47.51,2002.0,0,No Failure,153.2,69.2
L,0.15,0.05,1.8,3.92,12.05,64.77,2019.0,0,No Failure,169.4,75.0
M,0.17,0.12,3.35,4.63,9.25,59.04,2069.0,0,No Failure,178.7,78.3
L,0.17,0.17,3.26,4.9,9.63,66.08,2027.0,0,No Failure,183.6,80.0
L,0.1,0.22,2.3,3.65,17.11,60.45,1996.0,0,No Failure,174.1,76.6
L,0.12,0.12,4.14,3.35,15.57,56.96,2002.0,0,No Failure,187.0,81.2
L,-0.022,0.16,1.8,5.59,16.2,56.23,2019.0,0,No Failure,166.2,73.9
M,0.17,0.13,2.34,3.73,13.53,48.4,1979.0,0,No Failure,177.1,77.7
L,0.25,0.09,2.56,3.79,11.56,63.37,1995.0,0,No Failure,165.8,73.7
H,0.09,0.14,3.96,2.85,20.6,61.87,1890.0,0,No Failure,124.3,59.0
M,0.07,0.21,2.95,4.16,9.98,42.99,2022.0,0,No Failure,162.3,72.5
M,0.16,0.12,3.17,5.24,11.54,47.67,1975.0,0,No Failure,161.4,72.2
L,0.18,0.15,4.99,2.51,17.66,61.84,2034.0,0,No Failure,140.9,64.9
M,0.08,0.16,3.2,5.18,16.98,52.72,2055.0,0,No Failure,163.8,73.0
M,0.16,0.12,2.69,3.61,7.69,54.76,2003.0,0,No Failure,189.1,82.0
L,0.19,0.24,2.17,4.02,10.68,56.67,1973.0,0,No Failure,176.6,77.5
L,0.1,0.11,2.15,4.17,18.51,54.4,1972.0,0,No Failure,164.4,73.2
H,0.13,0.15,3.77,3.65,17.16,50.73,2025.0,0,No Failure,183.1,79.8
M,0.09,0.07,2.79,4.99,14.18,45.32,2108.0,0,No Failure,124.6,59.1
M,0.15,0.11,2.99,5.48,12.77,47.06,1951.0,0,No Failure,163.1,72.7
M,0.12,0.18,3.87,3.11,16.97,58.025,1960.0,0,No Failure,172.8,76.2
M,0.08,0.2,3.03,3.53,12.59,58.3,1956.0,0,No Failure,188.3,81.7
L,0.19,0.13,3.92,4.86,10.61,46.23,2012.0,0,No Failure,166.9,74.1
L,0.12,0.15,6.656,4.39,20.78,45.12,1987.0,0,No Failure,169.3,75.0
H,0.07,0.25,3.54,2.32,13.39,57.03,1950.0,0,No Failure,146.2,66.8
M,0.11,0.05,3.37,4.26,9.23,66.21,2160.0,0,No Failure,174.8,76.9
H,0.11,0.1,3.09,4.62,8.38,51.78,2030.0,0,No Failure,173.5,76.5
L,0.17,0.17,2.36,4.42,12.31,53.54,1927.0,0,No Failure,180.7,79.0
L,0.21,0.16,2.95,4.49,10.14,48.91,1979.0,0,No Failure,176.8,77.6
L,0.15,0.17,2.55,5.54,14.13,58.36,2019.0,0,No Failure,188.3,81.7
H,0.13,0.23,2.73,4.39,11.57,70.68,2034.0,0,No Failure,173.0,76.3
H,0.18,0.2,3.91,4.77,15.06,44.51,1982.0,0,No Failure,160.6,71.9
H,0.2,0.17,2.55,3.98,10.02,46.97,2028.0,0,No Failure,173.0,76.3
H,0.17,0.09,2.7,3.24,5.05,59.18,2001.0,0,No Failure,167.0,74.1
L,0.19,0.14,4.57,4.6,11.39,68.43,1979.0,0,No Failure,163.9,73.1
L,0.14,0.17,3.96,4.66,4.59,56.3,1988.0,0,No Failure,185.2,80.6
L,0.16,-0.056,3.66,4.44,5.5,61.2,1995.0,0,No Failure,181.6,79.3
M,0.23,0.06,4.25,3.5,11.73,57.01,1981.0,0,No Failure,159.1,71.4
H,0.06,0.07,3.5,4.63,8.07,58.44,2082.0,0,No Failure,144.2,66.1
H,0.14,0.07,2.16,5.2,4.37,65.39,1981.0,0,No Failure,140.9,64.9
L,0.12,0.15,4.2,5.09,4.3,48.05,2041.0,0,No Failure,144.6,66.2
M,0.19,0.16,2.54,4.49,10.48,56.14,1982.0,0,No Failure,185.7,80.8
L,0.13,0.16,4.09,2.68,7.07,68.25,1969.0,0,No Failure,155.2,70.0
M,0.09,0.13,2.06,4.47,17.58,62.56,2004.0,0,No Failure,170.4,75.3
H,0.14,0.18,5.08,3.68,4.56,54.85,1957.0,0,No Failure,155.3,70.0
M,0.21,0.17,6.656,4.8,13.22,60.53,2015.0,0,No Failure,182.1,79.5
H,0.11,0.376,3.53,4.43,7.35,60.58,1988.0,0,No Failure,192.3,83.1
L,0.04,0.07,3.57,4.16,8.57,57.57,2083.0,0,No Failure,146.1,66.8
H,0.11,0.06,2.02,4.69,17.42,43.34,2046.0,0,No Failure,124.8,59.2
M,0.04,0.16,3.78,4.36,7.42,58.56,1958.0,0,No Failure,169.3,75.0
L,0.12,0.12,3.03,4.3,10.36,57.81,2039.0,0,No Failure,199.2,85.6
M,0.12,0.11,3.15,3.92,13.83,62.38,1979.0,0,No Failure,201.1,86.2
M,0.16,0.17,3.88,3.54,13.61,47.18,2094.0,0,No Failure,162.7,72.6
H,0.11,0.19,4.0,4.67,10.74,64.95,2003.0,0,No Failure,184.8,80.4
L,0.22,0.05,6.18,2.93,11.0,61.77,2006.0,1,Outer Race Spalling,3.7,12.2
L,0.14,0.05,3.8,4.52,12.24,64.5,1983.0,0,No Failure,167.3,74.3
M,0.19,0.05,3.58,4.39,11.01,57.96,1959.0,0,No Failure,173.9,76.6
M,0.11,0.16,2.62,3.61,9.48,55.4,2006.0,0,No Failure,198.9,85.4
H,0.11,0.12,3.73,4.05,11.79,65.36,1982.0,0,No Failure,192.5,83.2
L,0.26,0.1,3.35,4.03,16.61,57.96,1983.0,0,No Failure,171.5,75.7
L,0.19,0.17,3.15,3.99,15.93,52.42,1986.0,0,No Failure,196.7,84.7
H,0.14,0.05,4.23,4.12,7.84,46.33,2008.0,0,No Failure,159.8,71.6
M,0.16,0.19,1.8,3.81,10.65,60.48,1999.0,0,No Failure,191.1,82.7
M,0.14,0.2,1.8,2.41,13.17,61.26,1944.0,0,No Failure,156.8,70.5
M,0.13,0.08,4.2,3.46,13.31,50.34,2034.0,0,No Failure,167.2,74.2
L,0.25,0.23,3.51,5.41,16.04,47.44,2001.0,0,No Failure,135.6,63.0
L,0.15,0.16,1.8,4.63,8.82,49.02,2022.0,0,No Failure,172.5,76.1
M,0.17,0.11,2.8,3.91,-2.878,57.56,2063.0,0,No Failure,178.7,78.3
H,0.13,0.1,1.8,3.05,6.8,59.4,2034.0,0,No Failure,153.7,69.4
M,0.11,0.14,2.45,4.59,11.98,78.68,2001.0,0,No Failure,169.3,75.0
H,0.12,0.18,1.8,3.74,12.165,64.22,1880.0,0,No Failure,147.5,67.2
M,0.1,0.19,3.84,5.81,7.94,59.21,2002.0,0,No Failure,167.4,74.3
H,0.13,0.11,1.91,2.81,7.21,56.29,2075.0,0,No Failure,143.3,65.7
L,0.14,0.21,4.08,3.36,21.34,61.36,2019.0,0,No Failure,162.2,72.4
L,0.14,0.21,2.73,3.34,10.28,47.04,2015.0,0,No Failure,175.5,77.1
L,0.08,0.13,3.41,2.45,9.95,49.81,1967.0,0,No Failure,152.7,69.1
M,0.06,0.05,2.77,4.64,12.37,59.08,1961.0,0,No Failure,151.9,68.8
H,0.1,0.15,2.44,3.64,10.66,45.17,1981.0,0,No Failure,172.0,75.9
L,0.17,0.16,2.08,3.98,17.89,68.15,2096.0,0,No Failure,147.9,67.4
L,0.14,0.29,3.01,4.7,13.8,67.1,1979.0,0,No Failure,162.3,72.5
L,0.05,0.15,2.5,4.09,15.23,50.04,1941.0,0,No Failure,162.0,72.4
L,0.17,0.17,3.61,3.38,9.92,61.88,2063.0,0,No Failure,177.6,77.9
M,0.04,0.22,3.17,4.1,8.92,49.68,2001.0,0,No Failure,150.0,68.1
H,0.06,0.25,2.28,4.89,14.75,60.07,1992.0,0,No Failure,158.9,71.3
H,0.13,0.14,4.78,4.06,10.28,64.74,2039.0,0,No Failure,178.4,78.2
L,0.13,0.2,3.56,3.62,7.79,61.99,2012.0,0,No Failure,188.7,81.8
L,0.18,0.05,3.25,4.75,10.82,58.23,2057.0,0,No Failure,168.4,74.6
H,0.15,0.18,2.66,4.28,12.27,67.19,1881.0,0,No Failure,168.4,74.6
L,0.2,0.18,3.89,4.26,22.27,57.81,2004.0,0,No Failure,146.1,66.7
L,0.07,0.12,2.41,3.87,18.98,66.06,1900.0,0,No Failure,131.8,61.7
H,0.08,0.06,2.18,3.57,8.76,57.57,1926.0,0,No Failure,144.0,66.0
L,0.09,0.1,2.8,3.63,10.16,54.68,2003.0,0,No Failure,183.9,80.1
H,0.19,0.21,4.39,4.66,10.56,60.18,1982.0,0,No Failure,174.4,76.8
L,0.15,0.15,4.18,3.59,18.27,52.71,2014.0,0,No Failure,181.3,79.2
H,0.07,0.25,1.9,4.1,12.27,48.41,1933.0,0,No Failure,142.9,65.6
L,0.13,0.16,4.01,2.67,10.22,69.24,2017.0,0,No Failure,162.9,72.7
L,0.11,0.17,4.18,2.91,16.48,56.73,1973.0,0,No Failure,172.7,76.2
L,0.09,0.18,3.01,4.65,27.848,59.41,2021.0,0,No Failure,191.0,82.7
M,0.12,0.16,2.97,4.1,17.24,63.28,1982.0,0,No Failure,199.7,85.7
M,0.11,0.376,4.3,2.2,10.59,72.77,2011.0,0,No Failure,149.4,67.9
L,-0.022,0.13,3.89,4.44,14.42,41.71,2079.0,0,No Failure,136.0,63.2
L,0.2,0.12,2.86,5.14,18.56,46.38,2020.0,0,No Failure,143.8,65.9
L,0.19,0.11,2.07,4.24,17.92,56.15,2008.0,0,No Failure,173.4,76.4
L,0.12,0.11,3.03,3.53,4.04,48.99,1953.0,0,No Failure,152.5,69.0
M,0.05,0.2,2.21,3.89,7.58,51.31,2030.0,0,No Failure,151.7,68.7
M,0.18,0.15,4.48,4.52,14.93,58.025,2071.0,0,No Failure,163.7,73.0
L,0.09,0.21,4.47,3.87,11.1,68.81,1963.0,0,No Failure,155.9,70.2
M,0.16,0.21,3.71,1.066,16.23,38.0,1943.0,0,No Failure,149.8,68.1
L,0.22,0.07,3.05,2.73,10.89,45.46,2020.0,0,No Failure,138.4,64.0
H,0.1,0.1,4.19,2.63,12.165,54.18,2080.0,0,No Failure,143.4,65.8
L,0.12,0.13,2.73,4.2,6.72,73.87,1925.0,0,No Failure,148.2,67.5
M,0.1,0.17,1.8,4.39,13.6,58.025,2019.0,0,No Failure,189.2,82.0
M,0.16,0.16,2.32,4.8,15.33,55.02,1974.0,0,No Failure,187.6,81.5
L,-0.022,0.08,3.39,3.7,14.73,56.04,2012.0,0,No Failure,182.9,79.8
M,0.11,0.16,3.97,3.61,6.91,64.55,1996.0,0,No Failure,180.0,78.7
L,0.08,0.09,3.16,3.79,17.21,39.75,1989.0,0,No Failure,151.0,68.5
H,0.2,-0.056,2.98,3.71,4.97,59.85,1955.0,0,No Failure,165.8,73.7
L,0.07,0.06,3.77,3.29,8.87,59.94,1984.0,0,No Failure,157.1,70.6
L,0.12,0.17,2.91,3.99,14.86,57.88,1986.0,0,No Failure,213.4,90.6
L,0.15,0.12,3.16,4.13,7.68,55.39,1954.0,0,No Failure,192.3,83.1
L,0.27,0.08,3.82,3.78,15.0,63.47,1959.0,0,No Failure,142.3,65.4
L,0.13,0.18,3.59,4.49,13.12,65.0,2036.0,0,No Failure,195.2,84.1
M,0.15,0.19,2.75,4.73,10.25,85.704,1997.0,0,No Failure,179.4,78.5
H,0.13,0.23,4.41,3.86,27.848,58.25,1991.0,0,No Failure,165.0,73.4
H,0.17,0.19,3.35,3.74,6.03,69.74,1949.0,0,No Failure,158.8,71.2
M,0.14,0.22,3.16,4.47,14.36,41.15,2002.0,0,No Failure,181.9,79.4
M,0.15,0.13,4.84,3.98,17.59,38.0,1982.0,0,No Failure,144.8,66.3
L,0.23,0.26,3.48,4.28,6.78,45.94,1895.0,0,No Failure,114.5,55.6
L,0.24,0.05,2.8,5.73,12.18,54.05,2018.0,0,No Failure,141.5,65.1
L,0.14,0.14,3.55,3.32,27.848,56.91,2051.0,0,No Failure,191.1,82.7
M,0.15,0.19,2.71,3.21,12.08,51.97,1927.0,0,No Failure,172.6,76.1
M,0.14,0.18,2.1,3.74,15.68,70.51,2046.0,0,No Failure,165.2,73.5
M,0.15,0.2,4.1,3.55,15.15,56.78,2003.0,0,No Failure,193.2,83.4
H,0.13,0.15,2.4,3.3,17.17,56.65,2006.0,0,No Failure,189.2,82.0
H,0.17,0.24,4.1,5.34,12.165,59.26,2002.0,0,No Failure,147.7,67.3
M,0.16,0.08,4.13,4.22,12.72,69.36,1928.0,0,No Failure,159.1,71.3
M,0.17,0.17,2.64,3.13,12.37,63.64,2003.0,0,No Failure,183.9,80.1
H,0.09,0.17,3.76,4.64,10.93,67.1,2035.0,0,No Failure,173.2,76.4
M,0.14,0.25,2.33,4.51,8.55,53.34,2046.0,0,No Failure,165.6,73.6
L,0.17,0.15,2.96,4.35,9.63,58.0,2032.0,0,No Failure,203.8,87.2
M,0.11,0.09,2.22,4.38,14.18,44.28,2040.0,0,No Failure,154.8,69.8
L,0.18,0.1,6.33,3.63,14.01,74.71,2035.0,0,No Failure,119.9,57.5
H,0.14,0.18,3.24,2.98,6.45,55.2,1963.0,0,No Failure,180.8,79.1
M,0.18,0.14,1.8,5.75,22.11,63.11,1997.0,1,Inner Race Defect,7.2,18.3
L,0.13,0.16,2.54,3.58,11.16,65.82,1932.0,0,No Failure,178.7,78.3
M,0.18,0.14,2.44,2.94,14.78,62.54,1976.0,0,No Failure,171.6,75.8
M,0.13,0.14,3.03,3.58,16.46,61.88,1890.0,0,No Failure,168.4,74.7
H,0.13,0.11,2.53,4.23,16.63,56.95,2032.0,0,No Failure,188.6,81.8
L,0.2,0.1,3.82,4.1,13.77,59.59,2089.0,0,No Failure,168.4,74.6
M,0.13,0.16,3.1,3.63,6.72,61.56,1958.0,0,No Failure,188.9,81.9
M,0.15,0.16,3.04,5.09,12.67,52.39,1939.0,0,No Failure,182.8,79.7
L,0.07,0.1,3.51,4.05,12.17,60.83,1933.0,0,No Failure,175.3,77.1
L,0.05,0.17,3.59,2.83,14.3,38.0,1966.0,0,No Failure,133.3,62.2
L,0.18,0.14,4.98,4.78,17.21,64.99,2016.0,0,No Failure,153.9,69.5
L,0.13,0.25,3.36,2.91,15.71,60.52,2048.0,0,No Failure,166.4,73.9
M,0.21,0.15,4.1,5.04,11.29,55.18,1970.0,0,No Failure,173.3,76.4
H,0.09,0.16,3.58,4.23,11.53,63.09,1975.0,0,No Failure,198.2,85.2
M,0.14,0.21,2.04,4.16,12.32,59.59,1961.0,0,No Failure,195.1,84.1
M,0.09,0.18,2.54,4.28,8.92,59.3,1838.0,0,No Failure,172.5,76.1
M,0.17,0.18,1.8,6.07,6.67,71.52,1997.0,0,No Failure,110.5,54.1
M,-0.022,0.15,4.13,3.56,9.75,57.58,1978.0,0,No Failure,189.7,82.2
M,0.1,0.17,3.68,5.14,13.5,59.59,2052.0,0,No Failure,181.7,79.4
M,0.21,0.12,5.06,3.7,13.76,51.27,2001.0,0,No Failure,161.9,72.3
L,0.1,0.28,2.34,3.51,16.41,78.01,1960.0,1,Roller Element Wear,12.5,11.5
M,0.23,0.15,2.34,4.19,12.58,70.18,1965.0,0,No Failure,166.6,74.0
L,0.14,0.11,3.73,4.61,12.88,48.61,2032.0,0,No Failure,184.6,80.4
L,0.12,0.22,4.27,4.84,11.78,51.09,2016.0,0,No Failure,174.6,76.8
L,0.19,0.17,5.02,3.79,14.73,54.23,1990.0,0,No Failure,175.1,77.0
L,0.14,0.19,1.8,3.37,13.69,38.0,1998.0,0,No Failure,152.6,69.0
L,0.21,0.23,4.4,3.82,19.18,57.83,1981.0,0,No Failure,154.9,69.9
L,0.2,0.12,2.99,3.89,8.8,57.63,1991.0,0,No Failure,193.0,83.4
L,0.11,0.18,3.49,4.35,13.64,56.73,2020.0,0,No Failure,207.2,88.4
H,0.18,0.12,1.8,4.26,9.96,59.71,1945.0,0,No Failure,168.3,74.6
H,0.14,0.21,3.0,3.56,13.39,50.65,2052.0,0,No Failure,185.7,80.8
M,0.09,0.16,2.86,3.49,12.12,57.09,1976.0,0,No Failure,200.3,85.9
M,0.12,0.16,3.41,5.05,13.21,57.39,1969.0,0,No Failure,201.6,86.4
L,0.12,0.09,3.24,2.94,16.39,53.57,2019.0,0,No Failure,171.5,75.7
M,0.17,0.19,2.54,4.07,6.93,61.71,1993.0,0,No Failure,188.5,81.8
L,0.1,0.15,2.72,3.31,9.9,61.69,2013.0,0,No Failure,187.3,81.3
M,0.19,0.2,3.96,5.03,17.42,53.55,2044.0,0,No Failure,154.6,69.8
M,0.14,0.19,3.71,3.61,17.0,43.2,1958.0,0,No Failure,162.6,72.6
L,0.1,0.12,2.8,4.31,6.47,50.57,1927.0,0,No Failure,153.9,69.5
L,0.07,0.31,4.31,2.78,6.5,65.87,2015.0,0,No Failure,110.3,54.1
L,0.17,0.19,2.38,5.58,12.63,60.81,1957.0,0,No Failure,171.5,75.7
H,0.12,0.12,4.49,5.06,6.54,58.8,2022.0,0,No Failure,164.9,73.4
M,0.1,0.18,2.87,5.94,12.89,56.44,2046.0,0,No Failure,171.8,75.9
M,0.1,0.21,1.85,4.14,12.81,66.66,1978.0,0,No Failure,174.9,76.9
M,0.13,0.16,3.34,4.54,12.8,67.73,1950.0,0,No Failure,194.5,83.9
H,0.13,0.18,3.82,5.04,17.17,58.24,2012.0,0,No Failure,189.5,82.1
L,0.24,0.17,2.86,3.16,27.848,58.89,1983.0,0,No Failure,179.1,78.4
M,0.11,0.05,2.49,3.9,6.41,61.76,1969.0,0,No Failure,156.0,70.3
L,0.19,0.09,3.42,5.43,9.31,46.81,2004.0,0,No Failure,154.9,69.9
H,0.16,0.13,3.79,5.74,13.5,44.74,2031.0,0,No Failure,153.5,69.4
L,0.17,0.3,2.69,3.08,5.97,51.23,1987.0,0,No Failure,137.9,63.8
H,0.14,0.1,2.92,4.63,22.07,75.39,2101.0,0,No Failure,119.9,57.5
L,0.15,0.19,3.76,4.7,16.75,59.65,2110.0,0,No Failure,163.5,72.9
L,0.14,0.12,4.4,5.39,13.4,58.55,2033.0,0,No Failure,177.4,77.8
L,0.07,0.18,3.81,3.89,4.75,54.04,2038.0,0,No Failure,160.5,71.8
M,0.21,0.27,3.01,5.18,7.84,53.89,2071.0,0,No Failure,131.6,61.6
L,0.17,0.11,4.21,3.96,9.07,56.49,2036.0,0,No Failure,179.2,78.5
M,0.27,0.21,2.19,4.02,17.49,73.78,1993.0,0,No Failure,129.1,60.7
H,0.04,0.17,4.23,3.24,15.52,60.0,1938.0,0,No Failure,148.1,67.4
L,0.14,0.36,4.37,3.8,11.9,66.35,1990.0,0,No Failure,132.8,62.0
L,0.18,0.21,1.83,2.94,12.22,61.87,1960.0,0,No Failure,158.0,71.0
L,0.13,0.26,3.76,3.47,15.7,55.52,2024.0,0,No Failure,173.3,76.4
L,0.1,0.16,4.17,4.24,8.38,57.19,2002.0,0,No Failure,195.6,84.3
L,0.19,0.17,3.63,2.97,17.3,52.97,1985.0,0,No Failure,170.1,75.2
M,0.15,0.08,3.49,3.46,8.53,53.24,1973.0,0,No Failure,174.0,76.6
M,0.06,0.24,3.25,5.26,13.71,60.41,1994.0,0,No Failure,171.2,75.6
M,0.13,0.17,3.34,3.53,9.41,50.21,2030.0,0,No Failure,190.2,82.3
L,0.17,0.15,2.95,3.87,12.97,50.65,1967.0,0,No Failure,198.1,85.2
L,0.25,0.18,3.86,2.48,10.73,65.22,2035.0,0,No Failure,138.4,64.0
L,0.16,0.2,1.8,3.5,16.32,63.59,1949.0,0,No Failure,158.4,71.1
M,0.26,0.14,2.55,3.16,20.64,47.98,1952.0,0,No Failure,120.0,57.5
M,0.17,0.1,2.46,3.13,3.03,54.89,2012.0,0,No Failure,151.8,68.8
L,0.14,0.13,3.13,3.28,12.57,66.14,2005.0,0,No Failure,201.6,86.4
L,0.1,0.16,3.21,7.114,14.5,55.07,2020.0,0,No Failure,207.1,88.3
M,0.23,0.05,6.656,5.43,12.37,52.12,2026.0,0,No Failure,144.8,66.3
M,0.1,0.29,3.92,4.26,11.99,62.88,1968.0,0,No Failure,168.0,74.5
L,0.25,0.26,3.12,3.36,17.57,55.68,2016.0,0,No Failure,149.8,68.0
L,0.16,0.06,2.11,2.39,15.23,48.57,1926.0,0,No Failure,118.9,57.1
H,0.14,0.16,3.25,4.85,9.43,52.17,2017.0,0,No Failure,199.8,85.8
M,0.13,0.15,2.74,4.44,17.87,64.49,2003.0,0,No Failure,190.9,82.6
L,0.16,0.14,3.84,4.11,13.36,53.36,2017.0,0,No Failure,202.7,86.8
H,0.13,0.22,1.8,4.21,27.848,59.66,2060.0,0,No Failure,175.3,77.1
L,0.14,0.18,2.37,4.11,9.11,71.99,1944.0,0,No Failure,165.2,73.5
L,0.1,-0.056,1.8,2.2,10.15,64.26,2005.0,0,No Failure,147.4,67.2
M,0.08,0.09,3.81,4.43,14.76,58.58,2077.0,0,No Failure,164.2,73.1
M,0.1,0.09,4.23,3.56,11.17,59.35,1958.0,0,No Failure,170.3,75.3
M,0.23,0.19,2.26,3.47,10.32,30.516,1952.0,0,No Failure,152.9,69.1
L,0.16,0.17,3.74,3.17,10.67,58.41,1985.0,0,No Failure,198.3,85.2
H,0.15,0.23,2.5,4.66,15.62,50.59,2004.0,0,No Failure,176.8,77.6
L,0.11,0.19,2.7,3.97,5.07,73.8,2020.0,0,No Failure,155.7,70.1
H,0.18,0.2,1.97,3.7,20.44,59.23,2015.0,0,No Failure,163.0,72.7
M,0.07,0.11,2.05,4.48,11.22,49.09,1995.0,0,No Failure,164.4,73.2
L,0.12,0.23,3.48,4.51,12.02,54.01,2048.0,0,No Failure,184.6,80.4
L,0.12,0.14,3.58,4.88,21.17,46.87,2012.0,0,No Failure,157.1,70.7
H,0.07,0.23,1.8,3.35,3.68,71.61,1989.0,0,No Failure,117.5,56.6
H,0.15,0.2,3.235,4.19,10.8,68.34,1991.0,0,No Failure,191.9,83.0
M,0.21,0.18,2.61,3.65,14.07,61.04,1970.0,0,No Failure,179.5,78.6
M,0.14,0.18,3.26,4.27,18.93,60.42,1969.0,0,No Failure,195.8,84.3
M,0.1,0.27,4.01,3.05,19.69,60.31,1969.0,0,No Failure,140.0,64.6
M,0.12,0.26,-0.256,4.19,12.96,57.85,2062.0,0,No Failure,189.4,82.1
H,0.1,0.23,3.72,3.78,11.63,58.14,2028.0,0,No Failure,186.7,81.1
L,0.16,0.11,3.21,2.86,14.11,60.47,1954.0,0,No Failure,177.7,77.9
M,0.15,0.19,2.32,3.76,11.42,55.23,2069.0,0,No Failure,182.9,79.8
L,0.18,0.12,4.03,4.55,10.6,66.88,1991.0,0,No Failure,176.7,77.6
L,0.15,0.05,4.03,4.31,12.6,69.29,2048.0,0,No Failure,162.5,72.6
H,0.16,0.06,4.5,4.1,4.13,57.55,2063.0,0,No Failure,147.1,67.1
M,0.08,0.23,2.0,3.79,9.33,62.2,1996.0,0,No Failure,166.2,73.9
M,0.08,0.14,2.89,5.34,27.848,53.48,2027.0,0,No Failure,174.2,76.7
L,0.14,0.19,2.18,4.0,17.93,52.53,2047.0,0,No Failure,174.1,76.6
L,0.15,0.1,3.63,3.94,14.43,68.32,1971.0,0,No Failure,181.2,79.2
L,0.15,-0.056,4.14,4.06,14.76,85.704,1985.0,0,No Failure,193.9,83.7
L,0.18,0.13,2.84,4.56,18.94,69.69,2025.0,0,No Failure,161.7,72.3
M,0.15,0.1,3.69,3.7,14.43,57.05,1999.0,0,No Failure,201.7,86.4
M,0.11,0.15,2.96,4.36,9.54,58.85,2005.0,0,No Failure,209.8,89.3
M,0.06,0.12,1.8,3.79,11.5,71.64,2006.0,0,No Failure,154.2,69.6
M,0.17,0.17,1.8,4.68,16.71,60.23,2051.0,0,No Failure,167.0,74.1
L,0.07,0.18,3.41,4.54,11.84,52.34,1964.0,0,No Failure,181.1,79.1
H,0.1,0.11,1.8,4.45,12.79,46.17,2028.0,0,No Failure,160.4,71.8
H,0.11,0.23,4.15,5.08,13.02,62.54,2010.0,0,No Failure,174.1,76.6
H,0.12,0.12,3.77,3.55,8.91,52.66,2006.0,0,No Failure,185.1,80.6
L,0.17,0.16,3.65,4.03,16.35,57.41,1978.0,0,No Failure,204.1,87.3
L,0.14,0.11,4.64,4.92,12.9,58.7,2160.0,0,No Failure,185.9,80.9
H,0.13,0.15,2.64,4.34,18.85,57.4,2027.0,0,No Failure,193.1,83.4
M,0.15,0.23,3.4,3.47,13.63,58.025,1983.0,0,No Failure,195.3,84.2
L,0.14,0.23,2.85,3.87,13.52,69.66,1838.0,0,No Failure,179.4,78.5
L,0.16,0.24,2.36,3.48,11.76,66.85,2041.0,0,No Failure,164.6,73.3
L,0.1,0.23,3.24,4.71,17.24,55.44,1929.0,0,No Failure,161.0,72.0
M,0.17,0.17,1.8,4.99,16.21,58.82,2026.0,0,No Failure,173.5,76.4
H,0.07,0.14,2.97,5.59,10.53,52.35,2010.0,0,No Failure,167.0,74.2
L,0.14,0.24,2.99,4.84,5.85,57.77,1904.0,0,No Failure,154.4,69.7
M,0.22,0.18,5.13,4.68,-2.878,48.33,2001.0,1,Outer Race Spalling,9.2,24.2
M,0.19,0.12,4.0,4.53,12.92,57.35,2015.0,0,No Failure,189.1,82.0
L,0.16,0.16,3.35,4.57,20.8,58.41,1973.0,0,No Failure,188.5,81.7
M,0.17,0.19,4.04,4.68,12.72,56.46,2016.0,0,No Failure,193.6,83.6
L,0.17,0.08,3.68,4.33,13.95,56.51,1947.0,0,No Failure,178.7,78.3
L,0.14,0.14,2.53,4.28,15.33,49.26,2002.0,0,No Failure,194.4,83.8
M,0.15,0.1,3.5,2.2,8.93,66.68,1937.0,0,No Failure,140.6,64.8
M,0.13,0.22,2.67,3.42,12.56,58.89,1997.0,0,No Failure,179.2,78.5
H,0.12,0.18,2.86,3.73,12.14,68.12,1972.0,0,No Failure,191.3,82.7
L,0.07,0.19,1.8,4.32,16.88,61.74,2071.0,0,No Failure,147.5,67.2
L,0.16,0.15,2.97,5.11,13.44,51.3,1971.0,0,No Failure,186.7,81.1
L,0.12,0.17,2.86,5.01,14.04,45.78,1996.0,0,No Failure,184.3,80.3
L,0.14,0.2,1.89,4.83,12.7,52.76,1988.0,0,No Failure,185.6,80.7
H,0.23,0.24,1.8,3.3,10.55,54.32,1982.0,0,No Failure,145.8,66.6
M,0.19,0.11,1.8,4.14,17.88,52.4,1838.0,0,No Failure,139.1,64.3
M,0.14,0.08,4.25,3.2,3.0,48.81,1946.0,0,No Failure,128.2,60.4
M,0.04,0.16,3.01,3.7,-2.878,67.47,2121.0,0,No Failure,142.6,65.5
M,0.15,0.17,2.12,3.28,15.42,54.7,2030.0,0,No Failure,181.5,79.3
H,0.18,0.21,3.4,2.37,8.45,53.57,2062.0,0,No Failure,148.1,67.4
L,0.16,0.17,2.98,4.25,9.04,71.93,1991.0,0,No Failure,187.9,81.6
H,0.13,0.18,1.8,3.92,10.21,30.516,1998.0,0,No Failure,195.5,84.2
L,0.22,0.12,1.8,4.11,16.43,52.41,2007.0,0,No Failure,164.7,73.3
H,0.13,0.15,3.2,3.69,17.67,64.57,2001.0,0,No Failure,199.5,85.7
L,0.11,0.29,2.59,3.54,12.85,64.01,2077.0,0,No Failure,147.8,67.3
L,0.13,0.18,2.97,4.36,8.22,44.15,1957.0,0,No Failure,171.8,75.8
H,0.13,0.18,3.28,5.09,12.68,57.0,1917.0,0,No Failure,188.0,81.6
L,-0.022,0.16,4.12,5.12,12.38,62.11,2060.0,0,No Failure,171.2,75.6
M,0.18,-0.056,3.5,4.49,13.81,63.35,1958.0,0,No Failure,180.8,79.0
L,0.14,0.26,3.01,2.86,14.07,59.19,1900.0,0,No Failure,157.3,70.7
M,0.15,-0.056,4.01,5.52,14.34,60.51,2021.0,0,No Failure,179.7,78.6
L,0.12,0.11,2.16,4.14,13.28,50.07,2032.0,0,No Failure,180.9,79.1
L,0.21,0.07,3.7,5.44,19.35,54.92,1979.0,1,Inner Race Defect,12.3,18.6
L,0.19,0.16,3.39,3.42,27.848,53.74,1956.0,0,No Failure,156.1,70.3
H,0.08,0.23,2.71,3.68,8.85,66.93,1871.0,0,No Failure,126.8,59.9
L,0.07,0.18,2.83,3.35,17.84,64.34,1942.0,0,No Failure,151.1,68.5
L,0.15,0.2,3.57,3.98,7.41,41.47,2023.0,0,No Failure,168.0,74.5
M,0.1,0.22,3.42,4.24,18.15,52.34,1937.0,0,No Failure,161.8,72.3
L,0.19,0.11,2.78,4.13,20.62,61.49,2055.0,0,No Failure,158.8,71.2
H,0.07,0.19,2.89,4.26,10.39,56.02,2102.0,0,No Failure,164.3,73.2
L,0.09,0.1,1.85,4.94,15.71,62.66,2028.0,0,No Failure,151.7,68.7
L,0.12,0.19,2.78,6.36,5.13,49.96,2005.0,0,No Failure,144.5,66.2
L,0.13,0.11,4.24,4.96,12.02,55.8,1919.0,0,No Failure,167.3,74.2
M,0.14,0.08,2.8,3.26,3.0,63.48,1950.0,0,No Failure,146.5,66.9
L,0.29,0.08,4.54,3.94,8.64,73.16,1956.0,0,No Failure,105.5,52.4
L,0.04,0.12,3.32,3.92,7.74,58.32,2160.0,0,No Failure,159.7,71.5
L,0.07,0.17,2.39,4.42,11.31,68.86,2011.0,0,No Failure,173.9,76.6
L,0.18,0.14,2.57,3.18,13.95,56.91,2137.0,0,No Failure,152.3,68.9
L,0.14,0.08,3.52,4.3,10.98,60.43,2008.0,0,No Failure,200.9,86.2
L,0.09,0.16,3.22,3.99,20.38,59.13,1981.0,0,No Failure,189.0,81.9
M,0.14,0.19,3.47,4.11,16.73,69.56,1995.0,0,No Failure,190.9,82.6
L,0.05,0.19,2.89,4.73,11.98,44.19,1960.0,0,No Failure,156.3,70.4
M,0.22,0.22,3.02,3.06,7.42,55.22,2025.0,0,No Failure,155.1,69.9
L,0.14,0.13,2.87,4.22,20.3,51.66,1960.0,0,No Failure,175.6,77.2
M,0.2,0.15,3.11,3.04,12.37,60.32,1998.0,0,No Failure,179.8,78.7
L,0.19,0.08,2.72,4.65,14.92,59.52,1997.0,0,No Failure,181.8,79.4
L,0.15,0.18,3.07,2.98,13.24,48.12,2001.0,0,No Failure,191.2,82.7
H,0.16,0.21,1.8,4.84,3.0,60.48,1975.0,0,No Failure,146.2,66.8
L,0.13,0.14,2.56,4.08,8.26,56.19,2021.0,0,No Failure,201.0,86.2
H,-0.022,0.18,3.03,4.92,16.45,61.98,2070.0,0,No Failure,174.6,76.8
M,0.04,0.11,2.34,3.06,16.07,51.82,2030.0,0,No Failure,139.1,64.3
M,0.12,0.17,3.11,4.78,8.86,58.025,2053.0,0,No Failure,189.3,82.1
L,0.14,0.12,3.81,4.08,17.2,61.53,1993.0,0,No Failure,170.7,75.4
M,0.23,0.19,2.25,4.78,14.13,60.4,1935.0,0,No Failure,154.4,69.7
M,0.15,0.15,1.8,4.69,14.57,60.65,2028.0,0,No Failure,185.5,80.7
L,0.07,0.23,4.68,2.4,13.62,61.35,2078.0,0,No Failure,122.9,58.5
H,0.17,0.21,2.6,5.34,12.01,60.39,2012.0,0,No Failure,181.3,79.2
M,0.08,0.15,4.16,4.63,9.5,60.77,1994.0,0,No Failure,182.2,79.5
L,0.11,0.05,2.59,4.52,13.37,75.94,2032.0,0,No Failure,144.7,66.2
L,0.07,0.14,3.91,4.36,12.1,41.17,2058.0,0,No Failure,152.6,69.1
L,0.15,0.17,3.28,3.74,13.76,60.74,1960.0,0,No Failure,206.1,88.0
M,0.18,0.17,3.95,4.38,14.18,56.53,2004.0,0,No Failure,203.3,87.0
L,0.04,0.22,2.49,3.74,11.22,48.41,1953.0,0,No Failure,146.2,66.8
H,0.21,0.19,1.8,4.54,10.17,43.78,2017.0,0,No Failure,148.0,67.4
M,0.13,0.11,3.68,4.92,13.36,54.33,2004.0,0,No Failure,194.2,83.8
M,0.08,0.2,3.58,3.02,13.9,53.45,1966.0,0,No Failure,167.5,74.3
L,-0.022,0.22,3.5,5.66,19.57,68.46,2009.0,1,Inner Race Defect,8.8,21.8
L,0.21,0.22,1.8,3.62,9.84,42.23,2001.0,0,No Failure,141.2,65.0
M,0.1,0.19,3.97,5.94,9.1,63.61,2026.0,0,No Failure,151.7,68.7
M,0.14,0.17,1.9,7.114,14.21,50.16,1990.0,0,No Failure,188.3,81.7
M,0.1,0.15,1.8,4.08,12.99,61.89,1968.0,0,No Failure,187.7,81.5
M,0.09,0.24,2.9,2.5,18.0,52.28,1983.0,0,No Failure,144.4,66.1
L,0.05,0.17,3.1,3.61,3.99,48.88,2019.0,0,No Failure,154.6,69.8
L,0.09,0.15,5.0,4.07,18.14,62.78,1978.0,0,No Failure,160.2,71.7
M,0.05,0.1,2.6,3.96,10.3,55.89,2081.0,0,No Failure,156.1,70.3
M,0.11,0.15,4.76,3.96,15.75,60.64,1978.0,0,No Failure,184.0,80.2
H,0.08,0.18,6.656,5.01,12.08,69.82,2026.0,0,No Failure,159.0,71.3
H,0.14,0.2,2.2,2.98,9.18,60.45,1916.0,0,No Failure,155.5,70.1
H,0.16,0.2,2.05,5.09,12.07,62.96,1962.0,0,No Failure,170.1,75.3
L,0.16,0.1,3.39,5.41,11.26,30.516,2017.0,0,No Failure,183.7,80.1
M,0.17,0.22,2.89,2.93,20.08,70.22,1935.0,0,No Failure,129.3,60.8
M,0.15,0.05,0.12,3.11,9.31,50.21,2019.0,0,No Failure,155.7,70.1
M,0.13,0.12,3.17,4.27,16.95,59.82,1911.0,0,No Failure,178.7,78.3
H,0.07,0.2,3.33,3.26,17.06,62.25,1932.0,0,No Failure,153.0,69.2
L,0.09,0.07,2.53,4.13,3.0,64.44,2033.0,0,No Failure,144.1,66.0
L,0.14,0.14,4.64,3.63,13.1,52.61,2030.0,0,No Failure,185.2,80.6
M,0.09,0.08,1.8,4.02,6.92,52.46,1941.0,0,No Failure,139.2,64.3
L,0.14,0.15,2.6,4.98,19.97,59.98,2012.0,0,No Failure,182.1,79.5
H,0.17,0.25,5.18,2.49,19.32,61.53,2011.0,0,No Failure,125.2,59.4
M,0.16,0.23,3.23,4.48,12.99,50.02,2063.0,0,No Failure,177.3,77.8
M,0.14,0.25,3.94,3.67,18.79,57.94,1994.0,0,No Failure,177.8,78.0
H,0.11,0.22,1.8,3.9,17.26,58.67,2031.0,0,No Failure,166.7,74.1
M,0.15,0.25,2.25,2.4,10.41,54.09,1953.0,0,No Failure,145.8,66.6
L,0.16,0.28,2.71,4.17,14.71,55.24,1975.0,0,No Failure,179.3,78.5
L,0.09,0.17,4.27,3.9,11.57,47.3,1989.0,0,No Failure,178.4,78.2
L,0.16,0.16,1.8,4.03,12.16,58.31,2032.0,0,No Failure,177.2,77.7
M,0.1,0.19,6.656,3.85,12.62,67.33,1951.0,0,No Failure,182.1,79.5
L,0.302,0.24,3.15,4.44,8.31,55.96,2023.0,0,No Failure,162.8,72.6
H,0.11,0.09,2.63,4.89,13.06,63.09,2034.0,0,No Failure,174.6,76.8
M,0.19,0.08,2.02,4.58,15.91,50.5,2031.0,0,No Failure,149.2,67.8
L,0.14,0.11,3.94,4.9,11.92,57.38,2029.0,0,No Failure,192.2,83.1
M,0.15,0.16,3.12,4.09,5.69,59.64,2029.0,0,No Failure,201.3,86.3
M,0.12,0.17,2.44,5.25,16.33,47.39,1838.0,0,No Failure,161.7,72.3
H,0.19,0.08,1.99,4.79,8.66,62.22,2021.0,0,No Failure,151.2,68.5
L,0.18,0.19,4.26,3.4,22.34,42.35,2010.0,0,No Failure,132.6,62.0
L,0.04,0.15,3.92,3.98,12.99,61.19,1903.0,0,No Failure,160.3,71.8
L,0.27,0.22,2.45,5.09,15.19,57.81,1942.0,0,No Failure,128.3,60.4
L,0.13,0.19,4.63,4.51,10.76,50.19,2028.0,0,No Failure,175.5,77.2
M,0.12,0.22,3.83,2.86,12.62,51.28,2081.0,0,No Failure,155.7,70.1
L,0.1,0.17,4.52,3.81,9.48,63.28,2011.0,0,No Failure,180.1,78.8
L,0.19,0.24,4.5,3.16,9.09,55.01,1985.0,0,No Failure,154.7,69.8
M,0.16,0.19,3.97,4.93,13.18,62.72,2021.0,0,No Failure,185.7,80.8
L,0.16,0.17,3.25,4.38,11.94,60.67,2066.0,0,No Failure,200.4,86.0
L,0.1,0.12,2.75,5.57,12.45,52.04,1980.0,0,No Failure,173.0,76.3
H,0.11,0.06,5.79,3.92,4.16,59.35,2018.0,0,No Failure,132.1,61.8
L,0.21,0.376,1.8,3.64,15.55,55.98,1981.0,0,No Failure,133.2,62.2
L,0.23,0.12,2.24,3.52,12.52,57.49,2041.0,0,No Failure,168.9,74.8
H,0.15,0.376,4.06,3.39,7.9,58.74,2007.0,0,No Failure,186.9,81.2
H,0.22,0.05,3.1,2.85,11.31,61.07,2003.0,0,No Failure,161.1,72.0
H,0.04,0.2,4.91,4.26,16.84,80.75,2015.0,0,No Failure,115.2,55.8
M,0.11,0.17,3.0,4.09,20.81,51.33,2047.0,0,No Failure,173.9,76.6
L,0.27,0.15,4.8,5.02,13.44,69.56,1994.0,1,Outer Race Spalling,7.1,18.3
H,0.11,0.2,1.85,5.21,15.55,44.53,1991.0,0,No Failure,146.8,67.0
M,0.12,0.19,4.91,3.64,8.57,59.0,1942.0,0,No Failure,162.8,72.7
L,0.16,0.2,2.7,2.93,9.02,40.89,2024.0,0,No Failure,149.8,68.1
L,0.18,-0.056,2.31,4.36,9.29,51.42,2008.0,0,No Failure,186.1,80.9
M,0.13,0.19,2.89,4.76,3.35,73.35,1962.0,0,No Failure,145.0,66.3
L,0.1,0.18,2.48,5.88,14.08,55.91,2030.0,0,No Failure,168.3,74.6
L,0.12,0.12,2.65,2.25,12.3,55.09,1915.0,0,No Failure,155.4,70.0
L,0.11,0.12,3.71,3.46,17.26,41.56,2005.0,0,No Failure,156.2,70.3
M,0.26,0.28,1.8,4.44,12.4,77.44,1957.0,1,Roller Element Wear,12.8,7.0
L,0.2,0.23,2.4,3.97,-2.878,64.23,2064.0,0,No Failure,152.7,69.1
L,0.14,0.17,4.51,4.19,19.18,59.55,1989.0,0,No Failure,188.1,81.6
M,0.15,0.17,3.36,4.4,17.17,54.73,1981.0,0,No Failure,200.7,86.1
L,0.16,0.1,5.33,3.08,14.26,55.94,2059.0,0,No Failure,146.2,66.8
L,0.1,0.11,4.3,3.97,13.69,63.13,1900.0,0,No Failure,154.9,69.9
L,0.14,0.12,2.39,2.79,13.63,59.45,1892.0,0,No Failure,158.0,70.9
H,0.15,0.12,5.07,5.57,7.03,38.0,2053.0,0,No Failure,108.0,53.2
M,0.09,0.14,5.05,4.3,16.35,63.2,1969.0,0,No Failure,159.8,71.6
L,0.13,0.16,3.07,2.8,16.2,49.89,1950.0,0,No Failure,171.8,75.9
L,0.04,0.13,2.33,4.44,6.93,69.99,1974.0,0,No Failure,139.7,64.5
M,0.07,0.16,2.49,3.87,21.31,55.61,2044.0,0,No Failure,159.3,71.4
L,0.11,0.07,2.86,4.21,10.62,60.7,2016.0,0,No Failure,188.1,81.6
L,0.23,0.18,5.2,4.03,15.05,49.57,1974.0,1,Outer Race Spalling,6.6,23.0
L,0.14,0.26,2.85,3.96,10.17,62.78,1963.0,0,No Failure,182.6,79.7
M,0.12,0.22,2.36,4.92,9.58,52.95,2018.0,0,No Failure,171.6,75.8
L,0.18,0.16,4.08,3.33,27.848,62.94,2097.0,0,No Failure,151.8,68.7
L,0.14,0.21,1.8,3.4,13.61,64.07,1967.0,0,No Failure,172.1,76.0
M,0.11,0.23,1.8,3.83,6.81,58.025,2046.0,0,No Failure,148.2,67.5
L,0.13,0.05,3.27,3.61,6.41,58.99,2100.0,0,No Failure,149.8,68.1
L,0.16,0.23,4.19,5.12,7.27,57.58,1996.0,0,No Failure,168.7,74.8
H,0.19,0.22,3.13,6.33,12.21,52.8,1957.0,0,No Failure,151.4,68.6
L,0.11,0.14,5.03,5.0,13.63,61.4,1982.0,0,No Failure,170.2,75.3
M,0.09,0.08,1.99,5.66,7.79,56.27,2002.0,0,No Failure,145.4,66.5
M,0.15,0.24,4.01,4.36,12.31,49.28,1967.0,0,No Failure,176.1,77.4
L,0.1,0.1,3.21,3.42,12.62,46.87,1973.0,0,No Failure,157.8,70.9
L,0.23,0.26,2.14,4.0,15.89,51.03,2033.0,0,No Failure,141.3,65.0
H,0.16,0.09,3.23,4.97,7.63,63.87,2074.0,0,No Failure,154.9,69.9
L,0.12,0.16,4.79,3.54,9.33,60.22,1958.0,0,No Failure,174.3,76.7
M,0.13,0.25,2.3,4.14,21.98,64.04,2012.0,0,No Failure,155.7,70.1
L,0.22,0.24,2.24,4.42,9.43,60.91,1967.0,0,No Failure,156.4,70.4
M,0.17,0.25,2.05,4.9,8.89,56.95,2044.0,0,No Failure,155.6,70.1
H,0.08,0.14,2.18,3.86,8.0,68.88,2080.0,0,No Failure,140.9,64.9
H,0.15,0.16,2.88,4.2,8.0,44.98,1981.0,0,No Failure,185.5,80.7
L,0.14,0.16,4.18,4.23,15.99,71.62,2004.0,0,No Failure,184.8,80.5
M,0.16,0.17,3.11,3.97,-2.878,66.97,2047.0,0,No Failure,182.3,79.6
L,0.1,0.17,3.41,2.5,8.5,57.11,1986.0,0,No Failure,177.2,77.8
M,0.16,0.15,3.5,4.06,16.95,58.21,2018.0,0,No Failure,208.3,88.8
M,0.08,0.21,3.17,4.61,8.2,60.62,1935.0,0,No Failure,165.2,73.5
L,0.12,0.05,2.93,5.63,10.79,48.22,1926.0,0,No Failure,135.8,63.1
M,0.2,0.19,2.34,4.12,10.19,60.18,1986.0,0,No Failure,187.7,81.5
L,-0.022,0.21,3.44,4.4,13.35,46.99,2012.0,0,No Failure,188.1,81.6
M,0.1,0.15,3.43,3.93,12.02,65.5,1924.0,0,No Failure,182.5,79.6
H,0.12,0.05,1.8,3.93,17.12,58.13,1978.0,0,No Failure,163.6,73.0
H,0.24,0.27,3.02,2.4,3.0,63.65,1992.0,0,No Failure,115.4,55.9
M,0.11,0.11,3.54,3.36,9.41,55.99,2013.0,0,No Failure,186.5,81.0
L,0.13,0.24,2.49,4.52,13.81,38.0,2022.0,0,No Failure,154.1,69.6
L,0.1,0.21,3.07,3.01,13.63,60.91,2025.0,0,No Failure,180.8,79.0
L,0.13,0.1,4.13,2.92,10.37,63.73,2024.0,0,No Failure,166.9,74.1
H,0.18,0.1,1.8,4.51,14.15,30.516,2109.0,0,No Failure,139.3,64.3
L,0.04,0.05,3.06,3.79,12.45,52.88,1973.0,0,No Failure,162.6,72.6
L,0.05,0.05,2.78,3.19,20.01,61.56,1921.0,0,No Failure,113.5,55.2
L,0.1,0.19,3.53,2.92,13.23,64.31,2024.0,0,No Failure,175.7,77.2
M,0.16,0.21,3.02,2.26,13.02,63.72,1922.0,0,No Failure,156.5,70.4
L,0.13,0.24,2.94,4.42,3.0,62.27,2050.0,0,No Failure,156.9,70.6
L,0.09,0.15,3.41,4.13,10.31,57.17,1937.0,0,No Failure,192.8,83.3
L,0.12,0.26,4.45,3.71,22.49,57.81,1984.0,0,No Failure,145.2,66.4
M,0.04,0.09,5.13,3.47,12.18,52.1,1995.0,0,No Failure,147.0,67.1
M,0.14,0.376,4.09,2.8,11.21,48.6,2017.0,0,No Failure,171.1,75.6
M,0.13,0.18,4.57,4.94,7.3,58.025,1960.0,0,No Failure,160.0,71.7
L,0.23,0.25,2.92,3.16,17.6,64.42,2066.0,0,No Failure,127.0,60.0
L,0.16,0.2,2.84,2.68,14.73,70.36,1958.0,0,No Failure,155.4,70.0
L,0.13,0.15,2.71,3.67,10.32,57.71,2037.0,0,No Failure,202.4,86.7
M,0.09,0.05,4.02,4.32,8.65,58.67,2020.0,0,No Failure,164.6,73.3
H,0.07,0.18,3.2,2.2,12.38,52.16,2005.0,0,No Failure,171.8,75.9
M,0.07,0.22,1.8,4.22,13.28,50.5,2043.0,0,No Failure,155.3,70.0
M,0.1,-0.056,3.77,3.94,13.6,57.47,2024.0,0,No Failure,206.3,88.1
L,0.09,0.23,3.27,4.38,12.62,66.32,2021.0,0,No Failure,162.2,72.4
M,0.19,0.31,3.51,4.91,20.62,67.16,1938.0,0,No Failure,112.3,54.8
L,0.14,0.15,3.21,4.61,7.88,54.35,1993.0,0,No Failure,186.8,81.2
M,-0.022,0.16,1.8,4.13,-2.15,67.79,2015.0,0,No Failure,172.9,76.2
L,0.13,0.21,4.28,3.62,15.38,46.47,1838.0,0,No Failure,156.6,70.5
M,0.2,0.15,3.64,3.38,14.12,63.68,2049.0,0,No Failure,174.7,76.9
L,0.13,0.1,1.8,3.64,21.25,51.1,2024.0,0,No Failure,147.9,67.4
L,0.13,0.15,3.19,4.01,12.39,47.63,1962.0,0,No Failure,203.9,87.2
L,0.19,0.14,1.8,3.42,8.32,70.13,1930.0,0,No Failure,132.9,62.1
M,0.05,0.21,3.14,5.16,10.06,74.76,1905.0,0,No Failure,116.2,56.2
L,0.14,0.09,2.9,5.19,15.15,59.96,2003.0,0,No Failure,187.7,81.5
H,0.15,0.17,3.14,5.61,22.02,82.08,1972.0,1,Inner Race Defect,3.3,22.8
L,0.16,0.09,3.04,3.66,12.52,59.72,1976.0,0,No Failure,200.3,85.9
H,0.15,0.15,1.8,3.86,11.29,50.78,2058.0,0,No Failure,174.2,76.7
H,0.12,0.24,3.11,3.31,13.23,43.4,2064.0,0,No Failure,153.0,69.2
L,0.14,0.18,3.24,5.0,16.96,69.2,1910.0,0,No Failure,157.6,70.8
L,0.2,0.13,4.48,4.57,-2.878,61.39,1966.0,0,No Failure,143.8,65.9
L,0.21,0.11,2.66,4.4,13.37,59.14,2042.0,0,No Failure,178.8,78.3
M,0.23,0.16,3.82,4.24,11.32,63.34,1997.0,0,No Failure,177.6,77.9
L,0.17,0.13,3.52,5.83,14.3,51.51,1996.0,0,No Failure,173.2,76.3
M,0.14,0.19,4.46,5.06,5.87,63.92,2021.0,0,No Failure,161.0,72.0
L,0.09,0.22,3.27,3.24,12.5,64.26,1979.0,0,No Failure,179.9,78.7
L,0.17,0.14,4.08,3.97,6.52,47.36,2099.0,0,No Failure,144.1,66.0
M,0.04,0.19,3.16,3.51,19.25,66.84,2087.0,0,No Failure,131.0,61.4
M,0.13,0.18,2.51,3.63,22.36,58.025,2067.0,0,No Failure,148.1,67.5
M,0.16,0.1,1.8,3.04,8.1,45.54,2042.0,0,No Failure,133.3,62.2
L,0.1,0.28,3.69,3.72,11.42,55.29,1954.0,0,No Failure,165.5,73.6
H,0.18,0.18,2.64,4.5,13.6,56.37,1948.0,0,No Failure,186.2,80.9
L,0.19,0.23,2.1,4.33,14.61,60.09,1961.0,0,No Failure,166.2,73.9
M,0.06,0.25,1.8,4.85,9.81,65.93,1926.0,0,No Failure,118.3,56.9
H,0.17,0.19,3.74,3.93,11.49,60.13,2058.0,0,No Failure,190.2,82.4
H,0.16,0.17,2.59,5.08,10.36,53.36,1981.0,0,No Failure,186.9,81.2
H,0.14,0.31,4.13,2.2,9.33,53.15,2070.0,0,No Failure,120.0,57.5
H,0.08,0.18,4.41,3.12,9.18,52.85,1972.0,0,No Failure,158.7,71.2
L,0.08,0.1,4.02,2.94,14.56,57.91,1989.0,0,No Failure,168.6,74.7
L,0.1,0.2,3.34,4.77,3.64,67.05,2033.0,0,No Failure,150.6,68.4
L,0.11,0.09,3.36,4.5,5.1,54.57,2024.0,0,No Failure,169.7,75.1
L,0.24,0.16,1.8,3.71,10.85,58.4,1958.0,0,No Failure,165.4,73.6
L,0.09,0.2,3.37,3.62,8.99,57.81,1999.0,0,No Failure,186.8,81.1
M,0.1,0.27,3.84,3.4,13.61,54.99,2053.0,0,No Failure,158.7,71.2
M,0.15,0.16,2.92,3.36,7.88,64.65,1971.0,0,No Failure,186.2,80.9
M,0.13,0.18,3.54,3.66,10.34,55.23,1968.0,0,No Failure,199.3,85.6
M,0.06,0.18,3.43,3.73,17.84,60.43,1965.0,0,No Failure,171.6,75.8
L,0.14,0.16,3.71,4.35,21.39,44.19,2035.0,0,No Failure,162.2,72.5
L,0.19,0.29,2.37,4.31,7.71,55.87,2054.0,0,No Failure,146.9,67.0
M,0.1,0.2,1.8,4.03,13.96,64.09,2017.0,0,No Failure,178.3,78.2
M,0.11,0.09,2.46,3.95,13.73,58.03,1970.0,0,No Failure,188.2,81.7
M,0.27,0.21,5.47,1.066,10.98,52.93,2074.0,1,Outer Race Spalling,10.7,11.0
H,0.16,0.05,4.59,4.81,17.57,55.69,2022.0,0,No Failure,151.0,68.5
M,0.13,0.11,3.25,4.21,15.81,65.82,2003.0,0,No Failure,197.5,84.9
H,0.19,0.21,2.32,4.17,15.47,46.88,2079.0,0,No Failure,146.2,66.8
M,-0.022,0.11,3.89,3.0,9.8,65.06,2020.0,0,No Failure,163.9,73.0
M,0.23,0.2,4.17,4.27,10.34,62.78,1961.0,0,No Failure,161.6,72.2
H,0.17,0.12,3.74,7.114,17.9,74.01,1985.0,0,No Failure,161.9,72.3
M,0.15,0.23,3.06,5.75,12.3,63.86,1936.0,0,No Failure,162.0,72.4
H,0.1,0.16,4.0,4.61,12.87,64.93,1929.0,0,No Failure,173.7,76.5
H,0.09,0.14,5.92,4.68,11.08,59.42,1958.0,0,No Failure,152.6,69.0
L,0.13,0.14,4.46,4.23,13.64,52.36,1882.0,0,No Failure,161.5,72.2
L,0.09,0.12,3.61,4.03,13.55,54.63,1934.0,0,No Failure,178.7,78.3
M,0.21,0.12,4.2,4.02,12.26,65.76,2028.0,0,No Failure,173.1,76.3
L,0.2,0.07,3.52,4.31,12.8,49.45,2002.0,0,No Failure,177.2,77.8
H,0.2,0.17,4.47,3.26,11.88,53.56,2027.0,0,No Failure,170.2,75.3
L,0.06,0.15,2.4,4.72,10.17,38.0,2016.0,0,No Failure,146.5,66.9
L,0.18,0.2,2.36,5.17,14.13,51.13,2021.0,0,No Failure,166.1,73.8
M,0.12,0.24,3.85,4.29,11.36,46.98,1972.0,0,No Failure,172.7,76.2
L,0.09,0.14,5.36,5.22,8.49,67.37,1956.0,0,No Failure,130.4,61.2
M,0.04,0.05,1.8,5.52,22.08,63.8,2028.0,1,Inner Race Defect,13.2,3.3
H,0.12,0.17,4.04,6.57,13.78,59.6,2004.0,0,No Failure,169.6,75.1
L,0.09,0.11,3.45,4.3,10.43,57.27,1971.0,0,No Failure,191.2,82.7
L,0.14,0.19,2.71,2.53,17.34,56.08,2026.0,0,No Failure,165.1,73.5
M,0.14,0.09,4.19,4.88,15.01,30.516,2068.0,0,No Failure,166.1,73.8
L,0.16,0.27,2.68,5.84,11.92,60.51,2056.0,0,No Failure,150.6,68.3
M,0.07,0.25,2.45,4.98,19.33,47.32,1942.0,0,No Failure,117.0,56.4
L,0.23,0.17,4.4,5.17,16.11,57.05,1997.0,0,No Failure,163.7,73.0
M,0.14,0.1,2.65,2.93,10.54,61.38,2019.0,0,No Failure,179.5,78.6
L,0.1,0.07,3.36,4.44,13.91,47.32,1969.0,0,No Failure,169.2,74.9
L,0.12,0.21,3.35,3.95,17.91,52.82,1938.0,0,No Failure,171.9,75.9
M,0.14,0.06,2.92,3.61,11.72,60.61,2044.0,0,No Failure,184.8,80.5
M,0.2,0.18,1.87,4.82,14.09,61.33,2070.0,0,No Failure,153.4,69.3
L,0.12,0.19,1.95,3.57,6.07,62.38,2050.0,0,No Failure,155.5,70.1
M,0.08,0.16,3.49,3.7,13.02,59.0,2013.0,0,No Failure,179.7,78.6
H,0.16,0.2,2.23,4.96,12.87,58.19,1965.0,0,No Failure,183.3,79.9
L,0.11,0.25,3.9,4.91,14.24,56.21,2009.0,0,No Failure,176.0,77.3
M,0.09,0.14,1.8,5.78,21.66,71.28,1969.0,1,Inner Race Defect,9.6,9.0
H,0.17,0.2,2.48,4.78,14.9,58.61,1949.0,0,No Failure,178.7,78.3
H,0.21,0.18,3.29,2.84,8.39,60.26,2087.0,0,No Failure,151.0,68.5
M,0.11,0.2,3.47,5.08,7.35,63.27,2036.0,0,No Failure,165.7,73.7
H,0.11,0.14,1.8,5.01,6.98,62.82,2031.0,0,No Failure,155.6,70.1
L,0.17,0.21,3.45,4.65,8.41,59.11,2017.0,0,No Failure,188.1,81.6
M,0.19,0.21,2.82,3.85,19.58,54.82,2025.0,0,No Failure,168.3,74.6
M,0.07,0.06,1.8,4.89,15.18,56.0,1928.0,0,No Failure,130.2,61.1
L,0.15,0.29,1.8,5.07,7.28,60.66,2051.0,0,No Failure,134.2,62.5
M,0.12,0.05,2.74,2.88,10.35,75.34,1927.0,0,No Failure,123.2,58.6
L,0.19,0.17,4.45,4.72,8.07,47.97,1971.0,0,No Failure,153.9,69.5
H,0.04,0.2,1.82,4.79,10.15,58.25,1949.0,0,No Failure,149.4,67.9
H,0.2,0.11,3.37,3.81,14.47,64.52,1984.0,0,No Failure,181.9,79.4
M,0.16,0.1,4.65,4.1,-2.878,54.55,2049.0,0,No Failure,167.8,74.4
L,0.12,0.05,3.96,4.15,6.21,62.42,1949.0,0,No Failure,152.0,68.8
H,0.12,0.06,3.16,4.47,12.11,53.2,2021.0,0,No Failure,187.7,81.5
L,0.12,-0.056,3.07,2.79,13.87,52.81,1984.0,0,No Failure,183.5,80.0
L,0.13,0.26,2.88,5.28,12.82,81.47,2032.0,1,Roller Element Wear,8.6,19.5
H,0.12,0.09,3.84,4.03,12.165,54.08,1967.0,0,No Failure,182.8,79.8
L,0.17,0.27,2.42,4.46,11.73,55.28,2074.0,0,No Failure,160.2,71.7
L,0.22,0.19,4.71,5.9,17.7,57.79,2030.0,1,Outer Race Spalling,8.5,18.1
M,0.15,0.22,2.6,2.74,8.75,67.94,2128.0,0,No Failure,124.5,59.1
M,0.18,0.16,4.59,5.19,10.1,72.61,2015.0,0,No Failure,150.9,68.4
M,0.22,0.23,2.01,4.13,13.22,40.35,2037.0,0,No Failure,136.9,63.5
H,0.18,0.16,2.65,4.9,13.22,65.15,1967.0,0,No Failure,181.8,79.4
L,0.13,0.18,2.19,4.42,12.83,48.76,2054.0,0,No Failure,177.8,78.0
L,0.11,0.19,4.71,5.1,10.73,69.31,1996.0,0,No Failure,159.4,71.5
M,0.14,0.22,2.77,4.13,9.69,44.48,1838.0,0,No Failure,159.3,71.4
L,0.1,0.17,3.07,4.8,8.94,48.47,1967.0,0,No Failure,172.5,76.1
M,0.15,0.21,4.29,3.66,13.94,63.63,2056.0,0,No Failure,172.2,76.0
M,0.14,0.15,3.12,4.54,22.83,61.97,2014.0,0,No Failure,183.6,80.0
L,0.19,0.19,2.21,6.28,4.94,59.03,1946.0,0,No Failure,124.6,59.1
H,0.05,0.24,2.67,5.39,7.44,58.56,1915.0,0,No Failure,125.0,59.3
L,0.19,0.14,3.36,3.53,3.0,53.42,1941.0,0,No Failure,153.6,69.4
M,0.18,0.16,3.17,4.52,14.47,67.57,1992.0,0,No Failure,174.0,76.6
M,0.15,0.09,1.8,3.53,10.81,85.704,2123.0,0,No Failure,142.5,65.5
H,0.05,0.1,4.39,5.91,10.48,72.18,1945.0,0,No Failure,106.0,52.5
L,0.17,0.2,2.95,5.72,10.41,58.76,1974.0,0,No Failure,175.4,77.1
H,0.17,0.14,2.63,4.12,12.13,60.31,1928.0,0,No Failure,190.1,82.3
M,0.16,0.15,3.63,3.95,15.96,65.37,2014.0,0,No Failure,194.3,83.8
H,0.14,0.12,2.51,4.18,11.46,68.34,2030.0,0,No Failure,187.4,81.4
H,0.16,0.23,6.656,4.15,13.07,62.46,1991.0,0,No Failure,202.7,86.8
L,0.15,0.18,2.98,4.38,14.37,55.29,1961.0,0,No Failure,201.1,86.2
L,0.18,0.21,4.11,4.23,13.13,65.19,2108.0,0,No Failure,154.7,69.8
L,0.19,0.1,4.57,3.24,11.15,59.26,1920.0,0,No Failure,149.1,67.8
L,0.12,0.18,1.95,2.76,8.61,59.54,2043.0,0,No Failure,161.9,72.3
L,0.08,0.18,3.42,3.67,18.4,66.04,2000.0,0,No Failure,176.4,77.5
H,0.13,0.07,3.36,2.99,-2.878,56.59,2007.0,0,No Failure,184.6,80.4
L,0.13,0.11,3.79,5.18,6.84,48.17,1933.0,0,No Failure,143.4,65.8
M,0.22,0.1,3.22,4.5,11.66,63.84,1986.0,0,No Failure,181.4,79.3
L,0.06,0.2,3.91,4.37,17.3,66.59,2109.0,0,No Failure,131.1,61.4
M,0.17,0.09,2.53,4.83,6.6,60.86,2115.0,0,No Failure,134.0,62.5
M,0.17,0.07,3.48,5.17,9.13,65.07,2043.0,0,No Failure,152.9,69.1
L,0.14,0.15,2.13,3.37,15.6,61.37,2090.0,0,No Failure,159.2,71.4
L,0.11,0.21,3.21,6.21,11.46,52.36,2081.0,0,No Failure,129.7,60.9
L,0.19,0.16,2.77,3.57,11.98,60.16,2065.0,0,No Failure,184.8,80.4
M,0.17,0.2,2.08,3.42,11.47,50.43,1994.0,0,No Failure,178.0,78.1
M,0.1,0.18,2.91,5.29,18.55,65.63,2035.0,1,Inner Race Defect,6.5,26.1
L,0.09,0.19,4.12,3.65,16.44,56.02,1994.0,0,No Failure,180.0,78.8
M,0.14,0.17,3.45,3.88,15.98,52.77,1997.0,0,No Failure,205.2,87.7
H,0.18,0.12,4.84,3.76,8.38,49.95,2030.0,0,No Failure,153.7,69.4
L,0.07,0.09,4.31,4.26,19.5,57.04,1994.0,0,No Failure,158.9,71.3
M,0.1,0.25,1.8,3.7,14.22,63.03,1971.0,0,No Failure,157.5,70.8
L,0.18,0.21,4.63,3.45,11.8,69.82,1957.0,0,No Failure,148.4,67.6
M,0.11,0.07,2.81,2.23,15.31,54.12,2033.0,0,No Failure,149.2,67.8
L,0.07,0.15,2.9,4.25,12.62,50.41,2052.0,0,No Failure,180.3,78.9
M,0.09,0.06,4.24,3.21,17.9,52.19,2112.0,0,No Failure,112.7,54.9
H,0.04,0.08,1.8,5.57,10.87,65.3,1946.0,0,No Failure,116.7,56.3
L,0.09,0.13,1.91,3.89,15.34,59.61,2043.0,0,No Failure,172.6,76.1
M,0.14,0.15,2.7,5.27,7.88,58.025,2060.0,0,No Failure,176.0,77.3
L,0.06,0.13,1.94,5.27,13.48,61.8,2033.0,0,No Failure,154.8,69.8
M,0.16,0.07,5.1,4.24,-2.878,55.77,2002.0,0,No Failure,161.5,72.2
M,0.09,0.2,2.41,5.2,13.74,53.39,1997.0,0,No Failure,174.3,76.7
M,0.15,0.17,3.38,2.2,14.34,85.704,1994.0,0,No Failure,183.1,79.8
L,0.13,0.1,4.09,4.83,14.29,54.06,2051.0,0,No Failure,171.1,75.6
M,0.11,0.17,1.8,5.19,25.23,47.49,1999.0,0,No Failure,149.7,68.0
M,0.08,0.13,2.36,5.06,10.2,69.2,1979.0,0,No Failure,156.9,70.6
M,0.16,0.12,2.9,3.85,8.15,57.91,2054.0,0,No Failure,186.4,81.0
L,0.14,0.31,2.56,3.4,13.4,46.29,2036.0,0,No Failure,149.0,67.8
M,0.14,0.2,3.44,5.7,9.8,64.01,1838.0,0,No Failure,179.8,78.7
L,0.21,0.27,3.07,3.41,11.91,48.91,1941.0,0,No Failure,147.2,67.1
L,0.13,0.09,4.05,3.71,15.06,55.75,2004.0,0,No Failure,188.0,81.6
H,0.23,0.16,2.68,3.46,17.61,55.17,1936.0,0,No Failure,155.8,70.2
M,0.08,0.14,1.8,5.32,13.39,53.93,1992.0,0,No Failure,165.2,73.5
H,0.22,0.17,3.18,4.23,27.848,59.69,2043.0,0,No Failure,185.2,80.6
M,0.08,0.09,2.94,4.1,15.2,68.87,2048.0,0,No Failure,161.0,72.0
H,0.07,0.14,3.48,4.24,9.19,66.65,1952.0,0,No Failure,169.4,75.0
H,0.19,0.17,4.01,2.42,11.7,75.25,2012.0,0,No Failure,148.2,67.5
M,0.14,0.23,2.54,4.54,15.86,62.07,2003.0,0,No Failure,186.4,81.0
L,0.18,0.16,2.71,4.36,15.72,63.58,2110.0,0,No Failure,164.1,73.1
M,0.08,0.22,2.0,3.8,15.19,55.47,2047.0,0,No Failure,160.2,71.7
L,0.15,0.05,3.02,3.34,14.75,56.3,1969.0,0,No Failure,178.2,78.1
L,0.05,0.24,3.21,5.42,11.16,52.3,2007.0,0,No Failure,152.1,68.9
M,0.18,0.25,3.75,2.2,4.09,59.23,1989.0,0,No Failure,137.7,63.8
L,0.14,0.24,1.8,4.81,16.29,63.78,2023.0,0,No Failure,160.6,71.9
M,0.11,0.27,2.25,4.89,16.97,63.01,2077.0,0,No Failure,132.4,61.9
L,0.1,0.17,3.26,2.92,3.56,61.01,2040.0,0,No Failure,161.4,72.1
L,0.14,0.13,3.25,4.61,9.24,58.6,1962.0,0,No Failure,199.7,85.7
L,0.302,0.15,3.43,5.41,9.79,59.69,1957.0,0,No Failure,171.9,75.9
M,0.17,0.09,2.97,5.07,4.69,51.3,2031.0,0,No Failure,151.3,68.6
L,0.09,0.18,2.06,2.28,12.92,62.84,1976.0,0,No Failure,158.6,71.2
L,0.07,0.14,3.49,4.48,13.25,74.46,1928.0,0,No Failure,152.6,69.0
L,0.05,0.07,3.9,4.13,13.17,66.97,1934.0,0,No Failure,143.4,65.8
M,0.18,0.05,2.44,6.31,7.16,55.61,1978.0,0,No Failure,128.7,60.6
L,0.1,0.18,2.08,4.71,11.51,58.62,2014.0,0,No Failure,190.0,82.3
H,0.16,0.14,3.53,3.58,11.83,62.44,1981.0,0,No Failure,202.1,86.6
L,0.07,0.19,3.21,2.4,6.06,62.07,2003.0,0,No Failure,157.5,70.8
M,0.18,0.25,2.97,4.64,8.76,41.42,2046.0,0,No Failure,140.9,64.9
H,0.09,0.18,2.76,3.93,14.6,85.704,1957.0,0,No Failure,189.0,82.0
H,0.18,0.05,3.2,4.26,8.17,60.79,2088.0,0,No Failure,154.8,69.8
L,0.26,0.27,3.18,3.71,4.21,64.84,1935.0,0,No Failure,115.7,56.0
M,0.16,0.31,4.42,4.83,9.86,60.36,1951.0,0,No Failure,143.2,65.7
L,0.15,0.13,2.27,3.34,9.8,47.19,1988.0,0,No Failure,172.5,76.1
L,0.16,0.11,3.84,4.75,6.44,68.71,2057.0,0,No Failure,147.9,67.4
L,0.14,0.05,2.15,4.66,17.22,69.8,2010.0,0,No Failure,137.0,63.5
M,0.14,0.17,3.32,2.72,13.46,59.78,1996.0,0,No Failure,204.1,87.3
L,0.1,0.13,4.17,4.04,17.72,57.26,2012.0,0,No Failure,185.4,80.7
L,0.09,0.14,2.97,4.76,11.7,38.0,1947.0,0,No Failure,151.9,68.8
L,0.18,0.25,3.36,5.04,3.8,64.95,2018.0,0,No Failure,144.8,66.3
H,0.11,0.2,3.93,5.09,6.72,50.77,2084.0,0,No Failure,138.1,63.9
H,0.19,0.24,4.07,4.59,12.62,48.86,2021.0,0,No Failure,162.4,72.5
H,0.09,0.24,3.66,3.65,13.57,59.84,2080.0,0,No Failure,163.8,73.0
M,0.09,0.26,4.53,4.13,5.83,57.4,1997.0,0,No Failure,152.4,69.0
L,0.15,0.17,3.0,5.21,17.98,65.24,2097.0,0,No Failure,152.3,68.9
L,0.16,0.14,2.89,3.17,4.11,53.32,2045.0,0,No Failure,162.2,72.5
L,0.19,0.08,3.63,3.15,26.47,60.26,1956.0,0,No Failure,129.6,60.9
L,0.12,0.25,3.59,4.0,8.43,59.16,2010.0,0,No Failure,188.0,81.6
M,-0.02,0.19,4.14,4.61,10.68,58.025,2028.0,0,No Failure,167.0,74.1
H,0.11,0.22,1.95,3.68,17.42,47.02,2160.0,0,No Failure,141.2,65.0
M,0.12,0.09,2.27,5.59,16.03,64.55,2034.0,0,No Failure,145.1,66.4
M,0.07,0.13,1.8,4.26,7.32,64.07,2095.0,0,No Failure,134.4,62.6
M,0.19,0.15,5.94,5.05,12.24,45.07,1885.0,0,No Failure,110.1,54.0
L,0.14,0.05,2.7,3.98,14.54,56.6,1904.0,0,No Failure,166.2,73.9
L,0.23,0.27,3.53,4.57,6.74,66.92,2047.0,0,No Failure,130.3,61.1
L,0.24,0.19,3.62,3.21,10.34,48.47,2017.0,0,No Failure,155.8,70.2
H,0.16,0.09,2.73,4.09,13.35,58.8,1970.0,0,No Failure,200.1,85.9
M,0.19,0.13,3.4,2.66,10.73,48.06,2085.0,0,No Failure,144.6,66.2
H,0.07,0.11,2.1,4.98,14.93,61.34,2160.0,0,No Failure,155.0,69.9
H,0.05,0.15,2.36,3.39,16.15,56.03,2067.0,0,No Failure,152.1,68.9
M,0.05,0.1,4.42,4.26,12.73,57.75,1962.0,0,No Failure,169.0,74.8
L,0.18,0.15,2.78,3.69,8.76,52.25,1994.0,0,No Failure,189.1,82.0
L,0.11,-0.04,3.57,2.2,16.24,59.28,2000.0,0,No Failure,153.6,69.4
L,0.16,0.18,2.37,2.38,13.43,57.38,2063.0,0,No Failure,167.5,74.3
M,0.2,0.13,2.63,3.85,15.76,60.1,1960.0,0,No Failure,177.8,78.0
M,0.23,0.19,3.7,7.114,21.07,58.83,1911.0,1,Inner Race Defect,3.6,14.5
L,0.13,0.12,3.43,1.066,10.14,51.26,2014.0,0,No Failure,197.6,85.0
L,0.22,0.06,2.38,3.15,17.54,64.37,2065.0,0,No Failure,120.9,57.8
M,0.15,0.19,3.33,3.83,11.8,63.45,1934.0,0,No Failure,192.3,83.1
L,0.07,0.1,3.47,4.83,9.89,73.5,1990.0,0,No Failure,151.7,68.7
M,0.09,0.16,2.51,4.9,9.01,52.69,1948.0,0,No Failure,162.8,72.7
M,0.09,0.16,4.03,4.63,10.83,42.73,2013.0,0,No Failure,167.7,74.4
M,0.1,0.05,4.75,5.0,7.48,60.12,2030.0,0,No Failure,136.5,63.3
H,0.19,0.11,3.09,4.14,10.01,53.74,1838.0,0,No Failure,169.6,75.1
L,0.1,-0.056,3.39,4.24,8.35,64.91,1989.0,0,No Failure,190.8,82.6
M,0.15,0.16,1.8,4.76,10.48,51.13,2052.0,0,No Failure,169.9,75.2
L,0.11,0.19,4.46,3.71,16.11,55.02,1996.0,0,No Failure,181.9,79.4
M,0.24,0.13,1.8,3.6,7.68,54.73,1967.0,0,No Failure,146.2,66.8
L,0.06,0.22,3.52,3.32,7.94,44.33,1971.0,0,No Failure,139.7,64.5
H,0.1,0.15,3.56,3.6,15.06,73.02,2025.0,0,No Failure,169.1,74.9
H,0.19,0.165,3.66,4.91,9.68,47.31,2003.0,0,No Failure,175.2,77.1
M,0.14,0.16,2.56,4.28,10.0,60.65,1955.0,0,No Failure,199.1,85.5
H,0.19,0.13,2.28,3.9,14.97,56.19,1955.0,0,No Failure,178.5,78.2
L,0.16,0.3,2.84,3.15,13.38,59.08,1954.0,0,No Failure,165.1,73.5
L,0.24,0.08,2.18,4.24,17.0,72.16,1966.0,0,No Failure,125.6,59.5
M,0.1,0.11,-0.256,3.95,9.91,67.16,1997.0,0,No Failure,179.9,78.7
L,0.24,0.23,3.84,4.25,7.68,56.11,2009.0,0,No Failure,162.4,72.5
M,0.09,0.23,3.69,5.06,12.37,56.93,2027.0,0,No Failure,172.7,76.2
L,0.18,0.22,3.96,4.63,15.76,50.13,2019.0,0,No Failure,164.9,73.4
L,0.08,0.13,3.57,2.2,10.89,58.38,1946.0,0,No Failure,157.7,70.9
M,0.13,0.2,2.92,4.56,15.41,48.71,1912.0,0,No Failure,163.5,72.9
L,0.1,0.17,1.8,3.8,11.73,53.14,1998.0,0,No Failure,189.1,82.0
L,0.14,0.2,2.72,4.82,12.62,57.01,1943.0,0,No Failure,192.8,83.3
H,0.16,0.18,3.46,2.98,12.11,77.18,1991.0,0,No Failure,170.6,75.4
H,0.16,0.1,3.52,1.066,14.64,45.81,2003.0,0,No Failure,187.6,81.4
M,0.2,0.12,3.94,3.89,14.18,58.03,2004.0,0,No Failure,195.1,84.1
M,0.06,0.13,2.77,4.63,20.39,69.96,1905.0,0,No Failure,120.1,57.5
M,0.18,0.15,3.01,4.14,6.16,53.84,2003.0,0,No Failure,193.4,83.5
L,0.15,0.2,2.79,4.28,14.13,74.49,1927.0,0,No Failure,159.6,71.5
L,0.19,0.14,1.83,4.0,12.18,65.55,2083.0,0,No Failure,160.7,71.9
L,0.14,0.24,3.16,5.1,9.17,43.27,2081.0,0,No Failure,140.8,64.9
H,0.08,0.19,5.6,4.54,13.26,70.8,2029.0,0,No Failure,140.8,64.9
M,0.04,0.11,3.37,4.66,12.65,61.01,1914.0,0,No Failure,158.0,71.0
L,0.08,0.14,2.66,4.07,11.54,61.21,1945.0,0,No Failure,171.6,75.8
L,0.15,0.34,3.72,3.34,5.81,68.28,2033.0,1,Roller Element Wear,6.5,15.0
M,0.12,0.13,2.65,3.36,15.17,56.84,1910.0,0,No Failure,171.4,75.7
M,0.25,0.14,3.28,5.32,15.75,58.39,1838.0,0,No Failure,165.3,73.5
L,0.1,0.24,3.69,5.63,27.21,52.62,2102.0,1,Inner Race Defect,9.9,4.8
L,0.14,0.18,4.61,4.07,12.07,64.15,1997.0,0,No Failure,189.7,82.2
M,0.04,0.05,2.9,4.03,6.01,59.09,1926.0,0,No Failure,136.2,63.2
L,0.04,0.23,2.41,4.38,15.49,65.57,1975.0,0,No Failure,150.1,68.2
H,0.19,0.22,2.92,3.57,9.43,67.64,2072.0,0,No Failure,151.3,68.6
M,0.11,0.15,2.6,3.71,12.66,45.96,2046.0,0,No Failure,177.2,77.7
L,0.05,0.13,3.69,5.43,13.44,57.56,1972.0,0,No Failure,167.0,74.1
H,0.11,0.376,2.33,4.28,15.99,54.71,2098.0,0,No Failure,161.7,72.3
M,0.04,0.18,2.88,4.08,15.63,60.69,1942.0,0,No Failure,170.1,75.2
H,0.16,0.17,4.16,4.35,18.35,58.2,1937.0,0,No Failure,177.4,77.8
M,0.14,0.1,1.83,3.82,11.13,55.32,1991.0,0,No Failure,188.3,81.7
L,0.15,0.18,3.6,4.69,8.51,58.1,1981.0,0,No Failure,199.6,85.7
L,0.14,0.21,4.39,4.24,14.09,65.99,1971.0,0,No Failure,180.2,78.8
M,0.19,0.2,3.15,2.97,10.18,58.12,2079.0,0,No Failure,165.3,73.5
L,0.09,0.18,2.95,3.51,15.65,57.76,2012.0,0,No Failure,192.7,83.2
L,0.18,0.14,2.79,4.98,12.76,59.64,1990.0,0,No Failure,197.6,85.0
M,0.12,0.18,4.94,1.066,10.83,51.88,2030.0,0,No Failure,179.3,78.5
H,0.11,0.19,3.76,3.98,13.83,50.97,1956.0,0,No Failure,185.1,80.6
H,0.21,0.18,1.8,3.99,11.79,60.96,2004.0,0,No Failure,166.3,73.9
H,0.16,0.2,3.86,5.21,18.72,67.5,1986.0,1,Inner Race Defect,10.6,25.2
L,0.07,0.21,2.78,3.21,4.47,51.66,2003.0,0,No Failure,149.9,68.1
M,0.19,0.18,3.15,4.3,-2.11,53.5,2013.0,0,No Failure,186.1,80.9
L,0.14,0.18,2.82,2.8,5.9,49.43,2050.0,0,No Failure,154.7,69.8
L,0.1,0.3,4.58,3.51,8.62,51.95,1927.0,0,No Failure,122.5,58.4
L,0.11,0.13,3.21,3.35,8.99,47.43,2044.0,0,No Failure,152.5,69.0
L,0.07,0.19,4.02,4.24,13.41,54.49,1994.0,0,No Failure,188.9,81.9
H,0.11,0.23,4.55,3.57,15.73,42.55,2039.0,0,No Failure,136.4,63.3
M,0.09,0.13,2.09,6.07,5.09,53.36,1954.0,0,No Failure,125.3,59.4
H,0.11,0.09,2.54,4.15,12.88,63.86,2069.0,0,No Failure,173.4,76.4
M,0.16,0.07,4.08,1.066,11.45,56.27,2050.0,0,No Failure,177.5,77.9
M,0.06,0.14,4.49,3.29,12.99,55.09,1973.0,0,No Failure,166.8,74.1
H,0.16,0.25,4.46,3.74,5.57,52.23,2059.0,0,No Failure,136.4,63.3
M,0.11,0.17,3.68,4.54,10.69,63.61,2067.0,0,No Failure,179.4,78.5
M,0.07,0.18,3.36,5.03,11.93,53.6,1956.0,0,No Failure,175.3,77.1
H,0.16,0.25,2.33,3.51,11.92,62.97,1924.0,0,No Failure,158.4,71.1
M,0.2,0.19,4.09,4.08,26.78,58.34,2041.0,0,No Failure,160.3,71.8
L,0.21,0.13,3.45,3.31,8.94,50.88,2011.0,0,No Failure,170.0,75.2
H,0.1,0.2,1.8,3.21,11.8,60.63,2050.0,0,No Failure,161.0,72.0
L,0.1,0.15,2.97,6.07,12.41,65.13,1942.0,0,No Failure,162.5,72.6
M,0.18,0.19,4.31,3.82,11.61,53.93,1877.0,0,No Failure,152.9,69.2
L,0.05,0.26,1.8,4.56,4.59,67.7,2006.0,0,No Failure,119.7,57.4
M,0.16,0.06,3.89,4.7,18.92,66.43,1974.0,0,No Failure,148.6,67.6
L,0.24,0.17,2.96,5.39,5.42,56.74,2045.0,0,No Failure,148.2,67.5
L,0.15,0.07,3.91,2.89,15.62,60.7,1999.0,0,No Failure,173.6,76.5
M,0.09,0.21,3.55,4.14,16.6,58.36,2054.0,0,No Failure,180.0,78.8
H,0.07,0.28,3.77,4.46,8.45,54.72,1963.0,0,No Failure,149.2,67.8
H,0.12,0.27,4.45,4.51,12.165,59.88,1988.0,0,No Failure,172.3,76.0
L,0.12,0.18,2.66,5.23,11.49,61.17,2010.0,0,No Failure,192.1,83.0
L,0.14,0.19,1.99,3.93,15.49,71.57,2012.0,0,No Failure,173.6,76.5
M,0.17,0.2,4.22,4.33,10.49,53.9,2040.0,0,No Failure,176.6,77.5
L,0.17,0.11,2.63,5.31,11.91,61.47,1987.0,0,No Failure,177.9,78.0
H,0.12,0.21,2.81,2.91,10.71,55.69,1956.0,0,No Failure,175.2,77.0
M,0.16,0.2,2.49,4.57,3.88,55.77,2044.0,0,No Failure,162.9,72.7
H,0.15,0.2,4.49,3.3,12.73,44.54,1910.0,0,No Failure,144.3,66.1
M,0.09,0.14,3.94,3.77,17.79,53.51,1953.0,0,No Failure,165.7,73.7
L,0.21,0.17,1.8,3.91,16.03,69.77,1962.0,0,No Failure,151.4,68.6
L,0.09,0.06,2.89,4.84,19.01,52.33,1985.0,0,No Failure,152.8,69.1
M,0.11,0.08,1.8,5.0,6.08,75.88,2069.0,0,No Failure,105.5,52.3
L,0.08,0.15,2.26,2.38,19.47,54.67,1998.0,0,No Failure,149.4,67.9
M,0.12,0.16,3.58,4.53,12.93,61.74,2091.0,0,No Failure,185.7,80.8
M,0.13,0.12,1.8,3.8,10.95,52.34,1940.0,0,No Failure,167.9,74.5
L,0.18,0.08,3.23,4.93,15.81,64.13,2008.0,0,No Failure,172.1,76.0
L,0.04,0.2,4.11,4.56,14.65,58.71,2043.0,0,No Failure,160.6,71.9
M,0.11,0.19,2.16,3.89,14.63,68.28,1992.0,0,No Failure,180.0,78.8
M,0.13,0.14,4.2,3.84,12.09,43.69,1844.0,0,No Failure,174.2,76.7
M,0.17,0.1,3.02,5.28,8.81,57.6,1995.0,0,No Failure,183.4,80.0
L,0.14,0.17,4.11,5.0,5.76,62.08,2040.0,0,No Failure,168.3,74.6
M,0.19,0.28,1.8,3.07,9.79,64.03,1995.0,0,No Failure,141.7,65.2
H,0.14,0.18,1.8,2.2,13.65,55.22,1965.0,0,No Failure,165.2,73.5
M,0.15,0.16,3.51,4.9,10.25,57.3,1961.0,0,No Failure,200.0,85.8
M,0.09,0.2,2.26,5.02,9.5,56.94,2054.0,0,No Failure,159.8,71.6
L,0.13,0.12,3.77,4.43,18.34,56.63,1943.0,0,No Failure,176.0,77.3
H,0.17,0.1,1.8,5.22,21.58,72.15,1972.0,1,Inner Race Defect,3.9,10.8
H,0.16,0.12,3.54,2.21,21.68,61.22,2049.0,0,No Failure,139.8,64.5
H,0.18,0.08,3.38,3.46,7.02,58.23,2011.0,0,No Failure,177.4,77.8
L,0.16,0.1,2.38,3.81,15.05,63.59,1875.0,0,No Failure,147.0,67.1
M,0.1,0.19,3.44,3.83,12.37,46.17,1984.0,0,No Failure,173.4,76.4
L,0.19,0.14,3.28,3.58,15.64,43.26,1954.0,0,No Failure,160.4,71.8
L,0.07,0.23,3.57,3.92,8.8,69.0,1874.0,0,No Failure,125.1,59.3
H,0.12,0.16,1.8,4.12,21.28,55.05,1972.0,0,No Failure,172.5,76.1
H,0.12,0.06,3.12,3.83,16.82,55.62,2020.0,0,No Failure,181.8,79.4
H,0.14,0.21,2.35,4.87,9.72,54.71,2037.0,0,No Failure,176.0,77.3
M,0.12,0.21,3.03,2.86,7.32,58.63,1954.0,0,No Failure,168.1,74.5
L,0.21,0.23,1.8,3.2,6.77,63.32,2078.0,0,No Failure,116.0,56.1
L,0.13,0.2,3.45,6.64,9.92,46.6,1976.0,0,No Failure,147.2,67.1
M,0.21,0.23,2.55,4.6,11.36,55.13,2029.0,0,No Failure,169.7,75.1
M,0.15,0.24,3.27,3.01,13.81,49.33,1965.0,0,No Failure,167.5,74.3
M,0.1,0.16,3.33,4.05,8.89,53.48,2037.0,0,No Failure,193.0,83.4
L,0.11,0.19,3.52,3.34,12.71,67.55,1966.0,0,No Failure,181.2,79.2
H,0.13,0.09,1.91,4.87,16.56,52.33,1979.0,0,No Failure,158.8,71.2
M,0.19,0.27,2.04,6.48,16.09,54.27,2094.0,0,No Failure,98.3,49.8
M,0.2,0.19,4.02,5.19,8.96,69.17,2004.0,0,No Failure,153.1,69.2
H,0.11,0.15,3.76,3.64,8.1,75.46,1987.0,0,No Failure,164.7,73.3
L,0.13,0.31,6.656,4.3,12.08,85.704,2070.0,0,No Failure,171.8,75.8
L,0.13,0.08,3.94,4.49,12.61,60.39,1972.0,0,No Failure,188.6,81.8
L,0.17,0.24,2.18,4.0,12.95,67.34,1972.0,0,No Failure,170.4,75.4
L,0.14,0.11,3.01,5.43,7.77,64.01,2077.0,0,No Failure,150.0,68.1
H,0.04,0.13,3.57,3.99,19.84,58.25,1957.0,0,No Failure,130.6,61.2
L,0.12,0.23,2.99,2.33,14.23,50.92,1959.0,0,No Failure,155.0,69.9
M,0.1,0.06,-0.256,3.58,5.57,62.53,1978.0,0,No Failure,159.6,71.5
H,0.06,0.29,2.78,5.91,12.95,51.62,1981.0,0,No Failure,132.9,62.1
M,0.12,0.11,2.5,4.02,11.57,54.99,2025.0,0,No Failure,196.5,84.6
L,0.15,0.21,2.97,4.67,25.29,62.64,2057.0,0,No Failure,146.0,66.7
M,0.11,0.12,3.66,4.58,12.92,63.78,2023.0,0,No Failure,190.6,82.5
H,0.2,0.24,3.36,2.92,16.05,64.96,1978.0,0,No Failure,152.2,68.9
H,0.18,0.19,3.67,3.52,9.52,68.0,1892.0,0,No Failure,144.0,66.0
M,0.07,0.16,1.8,4.85,6.67,58.73,2006.0,0,No Failure,164.5,73.2
L,0.07,0.25,3.03,3.91,14.02,56.69,2010.0,0,No Failure,183.5,80.0
M,0.11,0.1,4.26,3.6,19.56,69.31,1945.0,0,No Failure,133.6,62.3
L,0.16,0.13,3.32,3.19,17.72,59.01,1963.0,0,No Failure,183.1,79.8
M,0.16,0.16,3.76,4.21,10.17,52.8,2010.0,0,No Failure,204.4,87.4
M,0.12,0.23,1.8,3.44,13.09,42.65,1957.0,0,No Failure,143.0,65.7
L,0.2,0.17,4.05,5.04,19.4,69.97,1995.0,0,No Failure,149.2,67.8
M,0.16,0.1,3.29,2.92,10.09,54.77,2028.0,0,No Failure,178.1,78.1
L,0.14,0.1,3.24,3.11,6.95,58.69,1927.0,0,No Failure,168.2,74.6
L,0.16,0.08,3.54,3.8,13.3,62.4,1998.0,0,No Failure,192.9,83.3
L,0.16,0.18,2.87,3.15,18.83,55.0,1986.0,0,No Failure,179.2,78.5
M,0.17,0.22,4.48,2.96,17.28,62.84,2013.0,0,No Failure,154.8,69.8
M,0.11,0.13,4.36,4.79,21.23,60.31,2005.0,0,No Failure,162.6,72.6
L,0.14,0.2,3.16,4.64,10.15,53.18,1989.0,0,No Failure,200.0,85.8
L,0.08,0.14,3.33,1.066,13.54,74.36,1997.0,0,No Failure,173.8,76.6
L,0.06,0.376,3.45,3.22,13.97,52.44,1974.0,0,No Failure,176.1,77.4
L,0.11,0.17,2.35,5.19,10.16,70.38,2032.0,0,No Failure,159.7,71.5
M,0.14,0.21,3.66,4.64,8.71,54.71,2081.0,0,No Failure,168.7,74.7
L,0.09,0.11,2.11,3.07,13.02,53.41,1946.0,0,No Failure,155.8,70.2
M,0.09,0.08,4.03,4.01,13.21,50.49,1838.0,0,No Failure,170.5,75.4
L,0.15,0.2,4.83,4.76,11.76,51.06,1942.0,0,No Failure,160.8,72.0
M,0.12,0.1,5.08,5.37,12.37,52.58,1969.0,0,No Failure,139.5,64.4
M,0.1,0.1,4.13,4.1,5.05,73.08,1978.0,0,No Failure,143.2,65.7
M,0.18,0.15,1.8,4.85,13.64,60.83,2011.0,0,No Failure,181.1,79.1
L,0.11,0.19,3.08,3.04,11.06,52.36,1983.0,0,No Failure,185.4,80.7
L,0.15,0.16,3.85,3.79,14.19,63.08,2034.0,0,No Failure,196.7,84.7
L,0.17,0.12,3.82,3.6,9.43,63.42,2023.0,0,No Failure,180.0,78.8
H,0.08,0.12,2.02,4.115,16.61,85.704,1894.0,0,No Failure,146.0,66.7
H,0.14,0.22,3.74,2.87,16.05,65.45,1960.0,0,No Failure,160.0,71.7
L,0.17,0.16,2.93,3.64,18.95,62.27,1978.0,0,No Failure,184.1,80.2
H,0.19,0.2,3.05,4.79,19.07,62.16,2048.0,0,No Failure,160.8,72.0
L,0.16,0.19,3.42,3.34,11.3,45.46,1872.0,0,No Failure,145.8,66.6
M,0.14,0.14,3.22,3.71,15.43,63.47,1957.0,0,No Failure,194.8,84.0
L,0.13,0.18,3.14,3.48,11.68,60.11,1987.0,0,No Failure,212.6,90.3
M,0.17,0.19,3.02,4.61,14.31,63.6,1986.0,0,No Failure,194.9,84.0
L,0.16,0.11,2.0,3.79,14.85,54.5,2075.0,0,No Failure,163.6,72.9
L,0.14,0.11,1.8,6.04,14.71,57.03,2051.0,0,No Failure,150.8,68.4
L,0.09,0.19,3.21,2.76,15.86,65.44,1959.0,0,No Failure,156.6,70.5
L,0.14,0.13,3.42,4.34,3.0,54.84,2004.0,0,No Failure,188.3,81.7
M,0.15,0.24,1.8,4.35,23.93,61.85,1985.0,0,No Failure,145.0,66.3
L,0.14,0.13,3.15,3.96,10.12,58.15,1977.0,0,No Failure,192.8,83.3
H,0.14,0.18,3.5,6.07,12.72,45.03,2081.0,0,No Failure,148.7,67.7
L,0.06,0.15,2.35,4.75,11.56,54.71,1974.0,0,No Failure,175.2,77.1
H,0.13,0.16,4.99,3.85,3.0,59.69,2018.0,0,No Failure,167.6,74.3
M,0.19,0.17,1.99,3.96,7.67,56.27,1941.0,0,No Failure,168.6,74.7
L,0.04,0.18,4.6,3.41,8.69,58.71,2053.0,0,No Failure,147.1,67.1
M,0.15,0.25,6.11,3.7,22.18,49.95,2032.0,0,No Failure,114.1,55.4
H,0.09,0.16,2.76,4.81,5.06,69.12,2061.0,0,No Failure,145.5,66.5
H,0.16,0.2,4.87,3.86,17.29,66.57,2031.0,0,No Failure,158.5,71.1
L,0.12,0.32,3.37,3.82,10.73,54.08,1965.0,0,No Failure,167.4,74.3
L,0.07,0.2,2.41,4.67,18.31,53.25,2027.0,0,No Failure,155.7,70.1
M,0.14,0.14,3.06,5.12,7.51,60.23,2007.0,0,No Failure,195.3,84.2
H,0.15,0.18,3.04,4.61,5.12,61.51,2160.0,0,No Failure,184.8,80.5
L,0.15,0.13,1.94,5.23,6.03,61.66,1935.0,0,No Failure,148.2,67.5
M,0.09,0.19,2.48,4.13,11.19,62.13,1985.0,0,No Failure,173.7,76.5
M,0.14,0.05,4.16,4.26,10.88,57.0,1980.0,0,No Failure,184.6,80.4
L,0.09,0.15,4.67,5.37,12.62,71.83,1987.0,0,No Failure,146.8,67.0
L,0.26,0.26,2.91,4.97,18.02,58.88,2044.0,0,No Failure,132.0,61.7
L,0.16,0.27,3.59,4.36,14.43,49.17,2044.0,0,No Failure,165.2,73.5
L,0.2,0.13,4.73,4.56,18.3,61.58,1892.0,0,No Failure,129.8,61.0
L,0.16,0.15,4.64,3.93,10.11,48.65,2083.0,0,No Failure,158.6,71.2
L,0.17,0.22,2.76,4.11,8.79,62.23,2075.0,0,No Failure,167.7,74.4
L,0.13,0.11,3.2,3.95,18.85,58.61,2057.0,0,No Failure,184.5,80.3
H,0.14,0.24,4.22,3.88,14.16,50.11,1949.0,0,No Failure,166.3,73.9
H,0.14,0.07,4.12,4.52,4.61,53.78,1954.0,0,No Failure,149.9,68.1
M,0.16,0.12,3.54,4.56,8.44,66.18,1990.0,0,No Failure,181.6,79.3
L,0.21,0.16,2.21,2.56,21.68,47.4,2022.0,0,No Failure,125.4,59.4
M,0.18,0.12,2.49,4.19,12.74,60.93,1931.0,0,No Failure,180.1,78.8
L,0.17,0.07,4.36,3.43,14.05,60.94,1986.0,0,No Failure,167.7,74.4
L,0.21,0.2,2.67,3.38,19.0,47.52,2003.0,0,No Failure,151.9,68.8
H,0.04,0.23,3.84,4.27,12.83,64.22,2055.0,0,No Failure,154.9,69.9
L,0.25,0.16,3.24,3.56,5.03,60.12,1955.0,0,No Failure,158.4,71.1
L,0.19,0.21,3.43,3.57,10.78,56.39,2012.0,0,No Failure,190.4,82.4
M,0.15,0.07,3.28,2.96,11.29,59.22,2063.0,0,No Failure,171.0,75.6
L,0.18,0.2,3.72,5.51,14.14,76.56,2018.0,0,No Failure,146.6,66.9
L,0.22,0.1,4.4,2.2,13.38,45.65,1943.0,0,No Failure,114.2,55.5
L,0.1,0.12,3.88,4.03,10.3,59.33,1915.0,0,No Failure,171.2,75.6
H,0.18,0.15,4.24,3.47,3.0,71.01,2034.0,0,No Failure,136.6,63.4
L,0.19,0.19,2.35,5.18,11.58,51.21,2120.0,0,No Failure,138.9,64.2
H,0.13,0.24,2.92,4.24,18.91,51.89,2008.0,0,No Failure,176.5,77.5
M,0.12,0.29,4.73,5.34,9.73,54.41,1996.0,0,No Failure,146.3,66.8
M,0.08,0.24,2.8,3.52,14.2,45.2,2004.0,0,No Failure,159.5,71.5
M,0.12,0.22,4.63,3.08,13.71,49.2,1959.0,0,No Failure,152.5,69.0
M,0.13,0.16,3.77,4.15,11.37,55.1,1952.0,0,No Failure,203.9,87.2
H,0.1,0.21,4.28,4.73,11.44,62.71,2109.0,0,No Failure,147.1,67.1
M,0.14,0.13,5.21,4.01,20.83,67.86,2073.0,0,No Failure,132.9,62.1
M,0.24,0.22,2.17,3.19,10.7,64.17,1853.0,0,No Failure,111.3,54.4
M,0.06,0.1,4.26,3.75,7.1,56.52,2065.0,0,No Failure,143.7,65.9
H,-0.022,0.06,3.45,4.82,12.43,60.15,2008.0,0,No Failure,185.9,80.9
L,0.18,0.06,2.32,3.84,10.42,53.32,1934.0,0,No Failure,153.2,69.2
M,0.15,0.12,4.44,3.99,12.8,64.82,2027.0,0,No Failure,186.6,81.1
L,0.12,0.07,2.45,5.06,14.34,51.46,1964.0,0,No Failure,156.7,70.5
M,0.23,0.12,4.3,3.95,18.5,55.61,1948.0,0,No Failure,148.0,67.4
H,0.13,0.19,2.07,3.86,10.4,55.71,1985.0,0,No Failure,193.7,83.6
M,0.14,0.14,4.69,4.9,12.68,30.516,2067.0,0,No Failure,178.3,78.2
M,0.09,0.1,2.69,4.98,18.03,52.26,1947.0,0,No Failure,146.8,67.0
L,0.11,0.16,2.32,3.26,9.4,45.06,1979.0,0,No Failure,163.9,73.1
M,0.19,0.15,2.61,4.78,17.6,59.27,2013.0,0,No Failure,180.2,78.8
H,0.08,0.1,4.63,4.84,13.72,69.07,2022.0,0,No Failure,147.5,67.2
L,0.12,0.15,3.19,4.03,27.848,76.03,1920.0,0,No Failure,169.8,75.2
M,0.14,0.18,3.38,4.24,8.84,55.93,1982.0,0,No Failure,208.9,89.0
M,0.14,0.09,2.9,4.14,17.34,45.44,1987.0,0,No Failure,175.9,77.3
M,0.18,0.18,4.87,3.0,7.26,48.75,2027.0,0,No Failure,138.5,64.1
L,0.08,0.2,3.19,3.52,9.89,58.92,2055.0,0,No Failure,178.2,78.1
M,0.13,0.19,2.85,2.81,11.62,56.88,1977.0,0,No Failure,192.1,83.0
L,0.15,0.08,2.2,4.64,10.97,80.62,2121.0,0,No Failure,111.7,54.6
M,0.1,0.23,4.76,6.25,7.48,52.19,2066.0,0,No Failure,108.0,53.3
L,0.16,0.22,3.26,4.67,27.848,57.95,1919.0,0,No Failure,163.1,72.8
L,0.14,0.16,3.41,4.76,8.36,59.77,1967.0,0,No Failure,196.3,84.5
H,0.13,0.21,6.656,4.06,15.04,54.44,2014.0,0,No Failure,190.4,82.4
M,0.07,0.13,4.07,4.83,18.3,55.84,1947.0,0,No Failure,149.8,68.0
L,0.14,0.17,1.86,3.56,18.32,63.88,1979.0,0,No Failure,173.3,76.4
H,0.15,0.12,3.39,4.12,6.67,52.97,2006.0,0,No Failure,193.6,83.6
M,0.19,0.23,2.01,2.64,18.7,57.3,1997.0,0,No Failure,135.6,63.0
H,0.14,0.18,4.05,4.96,11.35,58.6,2015.0,0,No Failure,200.1,85.9
M,0.15,0.14,5.04,2.38,7.65,48.73,2160.0,0,No Failure,144.3,66.1
L,0.17,0.26,2.51,3.97,16.54,70.23,2010.0,1,Roller Element Wear,12.9,26.3
M,0.14,0.14,2.44,5.48,13.22,49.77,2088.0,0,No Failure,156.7,70.5
M,0.05,0.09,4.03,3.89,11.93,64.72,1929.0,0,No Failure,146.8,67.0
L,0.12,0.2,3.55,5.31,5.07,44.54,1999.0,0,No Failure,152.7,69.1
L,0.09,0.14,3.64,3.94,3.05,62.89,2004.0,0,No Failure,171.7,75.8
L,0.13,0.1,2.81,2.71,11.47,57.81,1972.0,0,No Failure,174.9,77.0
L,0.16,0.21,3.69,5.83,12.32,69.23,1946.0,0,No Failure,148.9,67.7
L,0.15,0.12,2.49,4.0,12.5,53.31,2051.0,0,No Failure,192.0,83.0
M,0.04,0.19,3.42,3.32,18.71,53.62,2034.0,0,No Failure,151.2,68.5
L,0.11,0.26,2.07,3.45,14.37,62.81,2029.0,0,No Failure,157.4,70.7
L,0.13,0.13,2.5,5.39,10.51,67.16,1976.0,0,No Failure,169.7,75.1
H,0.12,0.17,3.08,3.6,21.82,49.6,2023.0,0,No Failure,170.6,75.4
L,0.21,0.05,2.85,4.03,16.19,59.44,2011.0,0,No Failure,172.3,76.0
M,0.08,0.16,4.16,4.53,27.848,55.56,1965.0,0,No Failure,181.2,79.2
L,0.2,0.13,3.0,3.51,11.77,61.98,2017.0,0,No Failure,189.7,82.2
L,0.06,0.19,2.0,3.86,11.04,57.87,2064.0,0,No Failure,167.7,74.4
H,0.16,0.19,2.56,4.88,16.33,56.84,2002.0,0,No Failure,189.1,82.0
H,0.16,0.09,3.56,4.61,3.0,69.77,1977.0,0,No Failure,146.1,66.7
H,0.13,0.18,2.62,3.77,9.51,59.16,2034.0,0,No Failure,197.9,85.1
H,0.22,0.16,3.16,4.29,12.43,44.85,2060.0,0,No Failure,172.3,76.0
M,0.19,0.24,2.68,3.63,3.0,62.81,1986.0,0,No Failure,148.7,67.7
L,0.09,0.16,2.18,3.3,10.54,70.27,1932.0,0,No Failure,142.2,65.4
M,0.08,0.18,2.54,4.86,17.71,54.82,2043.0,0,No Failure,160.3,71.8
M,0.06,0.14,3.7,3.83,19.03,54.23,1931.0,0,No Failure,151.5,68.7
L,0.23,0.09,1.8,3.52,17.56,54.12,1957.0,0,No Failure,132.7,62.0
M,0.06,0.17,1.88,2.86,16.87,56.39,2015.0,0,No Failure,155.7,70.1
M,0.17,0.05,2.26,4.11,13.68,59.99,2008.0,0,No Failure,182.2,79.5
L,0.14,0.14,3.48,4.5,14.44,54.31,1981.0,0,No Failure,207.1,88.3
L,0.14,-0.056,3.45,5.26,9.2,57.12,1907.0,0,No Failure,141.9,65.3
M,0.1,0.1,2.65,2.97,15.55,49.68,2026.0,0,No Failure,155.3,70.0
H,0.18,0.2,3.0,3.07,6.6,57.1,1973.0,0,No Failure,171.3,75.7
L,0.18,0.19,3.46,2.81,8.05,57.81,2018.0,0,No Failure,165.6,73.7
H,0.11,0.376,3.69,2.24,12.7,43.11,1939.0,0,No Failure,149.1,67.8
M,0.05,0.16,6.656,3.55,10.57,60.85,1942.0,0,No Failure,174.3,76.7
H,0.19,0.12,4.74,3.37,10.18,67.61,1973.0,0,No Failure,149.5,67.9
L,0.14,0.22,2.78,3.87,-2.878,60.83,2006.0,0,No Failure,203.6,87.1
L,0.13,0.22,2.49,4.08,14.55,51.16,2033.0,0,No Failure,184.1,80.2
L,0.15,0.28,3.42,5.16,13.32,56.94,2102.0,0,No Failure,152.9,69.1
L,0.16,0.09,1.8,3.14,7.07,52.42,1954.0,0,No Failure,140.5,64.8
L,0.09,0.06,3.15,4.63,13.01,60.03,2002.0,0,No Failure,189.9,82.3
M,0.17,0.17,3.69,4.36,7.48,61.43,1956.0,0,No Failure,182.3,79.6
M,0.11,0.07,3.17,3.95,14.07,63.29,1902.0,0,No Failure,155.9,70.2
L,0.09,0.05,3.85,2.89,17.77,48.98,1929.0,0,No Failure,118.0,56.8
L,0.15,0.11,3.62,4.28,7.12,60.78,2008.0,0,No Failure,194.0,83.7
L,0.15,-0.056,2.9,4.26,11.77,70.51,2038.0,0,No Failure,177.6,77.9
M,0.16,0.09,4.11,4.38,7.54,72.0,1985.0,0,No Failure,153.3,69.3
L,0.23,0.21,2.66,4.61,11.55,52.52,1990.0,0,No Failure,171.4,75.7
H,0.2,0.17,2.69,4.46,10.8,52.41,1986.0,0,No Failure,187.5,81.4
M,0.2,0.2,3.17,2.2,14.92,52.38,1982.0,0,No Failure,160.5,71.8
M,0.15,0.13,3.7,3.09,8.04,54.14,2029.0,0,No Failure,175.1,77.0
L,0.11,0.15,3.15,3.28,12.62,60.57,1982.0,0,No Failure,196.5,84.6
M,0.09,0.19,1.8,4.41,14.94,55.87,2031.0,0,No Failure,172.0,75.9
M,0.15,0.16,2.67,3.79,12.37,61.95,2048.0,0,No Failure,200.5,86.0
H,0.08,0.16,3.12,4.03,19.06,63.13,2092.0,0,No Failure,161.4,72.2
M,0.15,0.15,3.23,5.26,17.42,58.08,1981.0,0,No Failure,192.8,83.3
M,0.12,0.23,4.27,4.52,12.49,59.3,1971.0,0,No Failure,186.7,81.1
L,0.14,0.19,3.85,4.56,9.62,61.12,1982.0,0,No Failure,193.8,83.6
L,0.19,0.2,3.75,3.2,12.27,52.47,2046.0,0,No Failure,171.6,75.8
L,0.13,0.15,2.13,4.3,19.47,61.12,1838.0,0,No Failure,186.5,81.0
M,0.14,0.12,1.8,4.63,12.58,40.21,1997.0,0,No Failure,167.6,74.4
H,0.2,0.14,3.13,3.21,12.7,63.92,2034.0,0,No Failure,181.2,79.2
L,0.1,0.17,5.67,4.21,20.86,57.81,1962.0,0,No Failure,131.2,61.5
L,0.09,0.13,3.35,2.34,6.24,58.41,1978.0,0,No Failure,160.9,72.0
H,0.17,0.07,1.8,5.42,22.02,58.42,2018.0,1,Inner Race Defect,6.0,17.0
L,0.07,0.18,4.48,5.0,14.64,64.9,1974.0,0,No Failure,154.1,69.6
H,0.05,0.09,4.19,3.58,10.43,53.05,2001.0,0,No Failure,160.4,71.8
L,0.17,0.15,2.31,4.3,18.62,70.23,1947.0,0,No Failure,156.6,70.5
M,0.04,0.18,4.06,4.52,12.34,54.84,1988.0,0,No Failure,178.2,78.1
L,0.16,0.13,3.15,2.34,10.41,55.48,1978.0,0,No Failure,179.2,78.5
M,0.19,0.09,4.67,4.15,11.03,48.28,2079.0,0,No Failure,141.8,65.2
H,0.1,0.15,4.88,3.46,7.13,60.62,2030.0,0,No Failure,162.8,72.6
M,0.07,0.15,3.44,3.93,20.57,61.46,2041.0,0,No Failure,168.6,74.7
H,0.22,0.13,4.03,3.3,8.41,55.28,1963.0,0,No Failure,154.8,69.8
L,0.17,0.18,4.2,4.83,9.05,56.14,2049.0,0,No Failure,169.7,75.1
M,0.15,0.07,3.79,4.94,18.5,60.92,1996.0,0,No Failure,169.1,74.9
M,0.18,0.2,2.31,3.79,7.45,58.0,2057.0,0,No Failure,168.2,74.6
L,0.18,0.25,2.84,4.85,14.9,64.73,1948.0,0,No Failure,156.7,70.5
M,0.09,0.21,3.88,3.45,10.9,58.63,2030.0,0,No Failure,180.7,79.0
L,0.16,0.16,1.8,2.57,-2.878,67.89,2005.0,0,No Failure,163.5,72.9
M,0.16,0.16,1.8,4.04,11.22,54.34,2013.0,0,No Failure,197.3,84.9
L,0.17,0.14,2.04,3.82,11.65,50.25,1968.0,0,No Failure,178.1,78.1
H,0.19,0.165,3.24,3.41,16.6,61.79,2000.0,0,No Failure,183.1,79.9
L,0.14,0.08,3.1,3.15,16.04,69.19,2006.0,0,No Failure,170.5,75.4
M,0.17,0.18,4.89,2.99,9.23,85.704,1998.0,0,No Failure,155.1,69.9
H,0.1,0.21,1.8,2.57,13.46,72.41,2029.0,0,No Failure,133.1,62.1
L,0.04,0.13,2.88,3.62,18.82,65.27,1930.0,0,No Failure,137.5,63.7
H,0.18,0.14,3.18,3.78,17.13,52.55,1989.0,0,No Failure,189.5,82.1
L,0.16,0.14,3.59,4.16,11.4,55.18,2020.0,0,No Failure,209.4,89.2
L,0.09,0.11,2.03,4.34,10.37,55.61,2033.0,0,No Failure,172.2,76.0
H,0.14,0.18,1.8,4.7,10.26,66.18,2026.0,0,No Failure,175.4,77.1
M,0.14,0.16,4.5,4.77,5.54,49.71,1964.0,0,No Failure,161.2,72.1
L,0.11,0.09,3.62,3.8,14.78,57.7,1977.0,0,No Failure,190.9,82.6
M,0.18,0.11,2.36,4.06,8.58,61.44,2019.0,0,No Failure,181.5,79.3
M,0.08,0.22,3.06,4.76,7.82,62.18,2009.0,0,No Failure,170.0,75.2
L,0.22,0.13,2.48,4.31,14.8,69.65,1985.0,0,No Failure,164.2,73.1
L,0.13,0.09,3.58,4.57,22.98,60.56,2098.0,0,No Failure,139.9,64.6
H,0.24,0.15,4.9,2.2,14.18,51.78,2004.0,1,Outer Race Spalling,10.0,16.2
H,0.15,0.11,3.37,4.92,12.43,60.95,2024.0,0,No Failure,197.8,85.0
L,0.08,0.22,3.29,4.27,12.62,51.17,1975.0,0,No Failure,179.6,78.6
L,0.17,0.21,2.84,4.02,4.96,66.22,2026.0,0,No Failure,165.6,73.7
M,0.12,0.2,2.24,3.56,14.87,55.5,1955.0,0,No Failure,177.0,77.7
M,0.06,0.18,1.8,3.23,7.38,55.18,2025.0,0,No Failure,148.7,67.7
H,0.09,0.22,3.73,3.99,11.1,62.6,1987.0,0,No Failure,186.3,81.0
M,0.302,0.15,3.93,3.59,10.58,66.76,2075.0,0,No Failure,165.2,73.5
L,0.11,0.17,3.08,4.1,7.69,55.74,2097.0,0,No Failure,177.0,77.7
L,0.15,0.12,3.83,4.87,14.03,54.99,1957.0,0,No Failure,183.8,80.1
L,0.18,0.05,5.95,4.34,14.65,65.35,1950.0,0,No Failure,124.4,59.1
L,0.15,0.15,3.27,4.44,16.73,30.516,2064.0,0,No Failure,185.6,80.7
M,0.09,0.17,3.17,4.62,9.53,57.84,1995.0,0,No Failure,196.9,84.7
M,0.18,0.21,2.41,4.17,14.4,63.43,2020.0,0,No Failure,182.6,79.7
L,0.07,0.13,4.09,5.01,12.14,44.61,2060.0,0,No Failure,141.6,65.2
L,0.13,0.2,3.09,4.13,12.86,60.12,1999.0,0,No Failure,221.0,93.3
L,0.14,0.17,3.9,4.58,7.82,50.25,1930.0,0,No Failure,167.2,74.2
H,0.09,0.15,2.89,3.35,13.91,60.79,1970.0,0,No Failure,189.1,82.0
L,0.12,0.07,3.13,4.07,7.34,64.0,2008.0,0,No Failure,151.0,68.5
H,0.27,0.23,4.02,5.79,11.11,61.23,2012.0,0,No Failure,136.0,63.2
L,0.15,0.28,1.8,4.28,10.78,48.83,1996.0,0,No Failure,164.3,73.2
H,0.19,0.28,2.17,4.7,19.92,53.32,1950.0,0,No Failure,126.3,59.7
L,0.05,0.16,3.41,3.68,13.19,61.69,2025.0,0,No Failure,188.7,81.8
H,0.17,0.16,2.36,3.87,9.22,51.43,1930.0,0,No Failure,170.9,75.5
L,0.14,0.21,2.53,3.84,12.37,55.8,2003.0,0,No Failure,208.7,88.9
L,0.2,0.16,3.16,4.46,11.54,55.71,1944.0,0,No Failure,192.0,83.0
L,0.14,0.12,3.12,3.67,14.09,64.77,2112.0,0,No Failure,149.3,67.9
M,0.07,0.16,2.89,3.83,9.06,56.11,1927.0,0,No Failure,174.6,76.8
L,0.14,0.16,4.13,2.86,6.24,45.86,2042.0,0,No Failure,139.6,64.4
L,0.16,0.16,2.8,2.79,14.42,75.69,2049.0,0,No Failure,153.1,69.2
L,0.17,0.1,2.77,3.88,16.04,71.86,1954.0,0,No Failure,156.7,70.5
M,0.13,0.19,3.19,5.07,17.51,62.7,1997.0,0,No Failure,170.9,75.5
H,0.14,0.17,2.32,4.71,21.36,58.14,2081.0,0,No Failure,160.1,71.7
L,0.19,0.18,4.07,4.3,14.05,51.18,1838.0,0,No Failure,187.6,81.4
M,0.2,0.2,3.53,4.38,14.9,63.02,2093.0,0,No Failure,158.4,71.1
L,0.12,0.2,1.8,3.24,13.45,59.73,1998.0,0,No Failure,171.3,75.7
L,0.09,0.16,3.58,4.72,15.8,49.59,2031.0,0,No Failure,175.8,77.2
L,0.17,0.17,3.02,3.8,14.5,61.47,2011.0,0,No Failure,205.4,87.7
L,0.29,0.21,4.22,3.75,7.89,65.06,2022.0,0,No Failure,131.5,61.6
H,0.09,0.16,2.93,5.45,16.35,65.77,1949.0,0,No Failure,158.2,71.0
L,0.11,0.15,3.23,4.68,18.25,65.12,1838.0,0,No Failure,168.9,74.8
L,0.08,0.23,2.14,2.66,12.51,64.75,1968.0,0,No Failure,147.9,67.4
L,0.11,0.15,3.42,4.71,18.39,52.74,1997.0,0,No Failure,186.5,81.1
H,0.06,0.15,3.23,2.84,17.83,59.27,2017.0,0,No Failure,170.3,75.3
M,0.16,0.09,4.63,6.2,6.98,52.17,2006.0,0,No Failure,133.6,62.3
M,0.09,0.19,5.26,4.14,12.79,52.27,2001.0,0,No Failure,177.2,77.8
L,0.15,0.18,2.55,4.78,19.57,48.76,2000.0,0,No Failure,172.3,76.0
M,0.13,0.13,2.18,4.72,11.04,67.79,2096.0,0,No Failure,153.8,69.5
L,0.1,0.1,3.72,4.08,19.38,48.01,2160.0,0,No Failure,158.6,71.2
L,0.18,0.16,2.88,2.46,11.38,52.82,1945.0,0,No Failure,168.5,74.7
L,0.12,0.17,1.8,4.4,14.59,55.07,1993.0,0,No Failure,195.0,84.1
M,0.09,0.13,2.62,3.18,14.78,71.56,1994.0,0,No Failure,161.4,72.2
L,0.14,0.2,2.45,4.71,12.85,75.94,1994.0,0,No Failure,172.6,76.1
L,0.302,0.376,3.25,4.94,12.47,62.62,1917.0,0,No Failure,162.7,72.6
L,0.21,0.15,4.21,3.09,11.07,65.06,1992.0,0,No Failure,168.2,74.6
M,0.14,0.24,4.37,3.5,10.18,46.16,1958.0,0,No Failure,150.9,68.5
M,0.19,0.17,3.98,5.17,17.45,56.7,1965.0,0,No Failure,165.3,73.5
M,0.14,0.22,1.97,3.77,9.83,55.6,1979.0,0,No Failure,183.9,80.1
M,0.16,0.2,2.62,5.82,11.07,59.57,2022.0,0,No Failure,175.2,77.0
H,0.07,0.19,3.99,5.04,17.48,53.28,1999.0,0,No Failure,162.7,72.6
H,0.14,0.17,3.98,3.75,16.24,56.46,2029.0,0,No Failure,195.6,84.3
M,0.07,0.23,1.8,5.33,17.33,61.95,1920.0,0,No Failure,116.6,56.3
H,0.11,0.06,3.76,2.72,8.23,70.19,1998.0,0,No Failure,141.1,65.0
H,0.15,0.13,1.8,3.74,14.91,63.01,1997.0,0,No Failure,185.9,80.8
L,0.18,0.08,6.2,3.6,10.65,54.63,2025.0,0,No Failure,162.3,72.5
M,0.1,0.24,3.23,3.85,14.57,69.64,1997.0,0,No Failure,175.7,77.2
L,0.13,0.1,3.67,6.26,14.76,54.76,2019.0,0,No Failure,163.6,73.0
M,0.19,0.16,5.32,5.01,19.49,51.56,1995.0,0,No Failure,143.8,65.9
M,0.07,0.08,4.84,2.82,3.0,65.48,1970.0,0,No Failure,105.4,52.3
L,0.09,0.26,3.25,7.03,12.88,55.26,1955.0,0,No Failure,142.0,65.3
H,0.22,0.23,1.8,3.18,15.03,53.35,1967.0,0,No Failure,138.1,63.9
H,0.18,0.29,5.55,3.56,10.96,49.86,1944.0,0,No Failure,119.7,57.4
M,0.19,0.11,3.36,4.5,5.61,62.37,2005.0,0,No Failure,174.8,76.9
M,0.13,0.23,3.98,3.25,21.3,30.516,1912.0,0,No Failure,133.6,62.3
L,0.08,0.05,2.83,4.78,3.61,48.04,1964.0,0,No Failure,125.1,59.3
L,0.12,0.15,4.37,4.24,11.8,59.67,2000.0,0,No Failure,207.5,88.5
L,0.1,0.13,1.88,4.1,20.79,58.54,2001.0,0,No Failure,175.8,77.3
M,0.11,0.14,4.07,3.85,14.09,53.64,2064.0,0,No Failure,175.5,77.2
M,0.1,0.19,2.59,3.53,12.53,58.82,1977.0,0,No Failure,196.8,84.7
L,0.14,0.16,3.75,2.74,22.78,59.42,2045.0,0,No Failure,146.8,67.0
L,-0.022,0.13,3.15,4.92,11.63,55.44,1993.0,0,No Failure,191.1,82.7
M,0.13,0.05,3.81,3.95,14.67,63.22,2079.0,0,No Failure,161.4,72.2
M,0.21,0.2,4.03,3.27,9.48,58.45,1972.0,0,No Failure,168.3,74.6
M,0.24,0.12,3.87,4.06,9.45,54.54,1996.0,0,No Failure,174.6,76.8
M,0.04,0.1,4.33,4.04,10.52,59.89,1973.0,0,No Failure,162.9,72.7
H,0.08,0.05,3.41,2.96,5.84,54.53,2014.0,0,No Failure,144.1,66.0
L,0.15,0.19,4.82,4.56,14.84,50.35,1993.0,0,No Failure,176.5,77.5
M,0.1,0.19,2.55,4.4,8.09,50.12,1950.0,0,No Failure,165.6,73.6
H,0.15,0.27,3.04,4.78,5.65,64.09,1988.0,0,No Failure,160.9,72.0
L,0.05,0.12,2.91,4.47,5.17,43.26,1991.0,0,No Failure,142.2,65.4
M,0.14,0.14,2.85,4.93,12.04,67.37,2035.0,0,No Failure,186.4,81.0
L,0.11,0.22,4.75,3.5,14.54,44.8,2025.0,0,No Failure,148.2,67.5
M,0.14,0.19,2.91,3.31,6.34,48.65,1946.0,0,No Failure,160.9,72.0
H,0.18,0.14,3.99,3.62,16.2,49.68,2041.0,0,No Failure,165.3,73.5
L,0.15,-0.056,3.49,3.53,15.98,62.08,1987.0,0,No Failure,185.7,80.8
M,0.09,0.06,2.38,4.43,14.98,62.99,2022.0,0,No Failure,163.5,72.9
H,0.15,0.15,4.91,3.72,7.29,56.89,2004.0,0,No Failure,179.5,78.6
M,0.13,0.16,3.23,4.48,10.63,77.58,1921.0,0,No Failure,163.2,72.8
L,0.07,0.08,4.3,3.91,16.37,50.03,2080.0,0,No Failure,133.1,62.2
L,0.21,0.15,3.31,4.26,9.91,55.42,2075.0,0,No Failure,176.8,77.6
H,0.17,0.11,3.43,2.51,14.6,52.05,1965.0,0,No Failure,163.8,73.0
M,0.19,0.05,3.58,3.57,8.55,62.46,1990.0,0,No Failure,163.3,72.8
M,0.12,0.07,5.02,3.3,12.99,52.64,1963.0,0,No Failure,151.3,68.6
M,0.14,0.18,4.71,5.13,11.14,71.97,1943.0,0,No Failure,149.1,67.8
L,0.11,0.18,3.74,4.19,6.0,67.64,2058.0,0,No Failure,162.2,72.5
L,0.19,0.376,2.11,3.05,8.81,53.3,1975.0,0,No Failure,159.8,71.6
L,0.13,0.24,2.47,2.2,16.11,51.26,2018.0,0,No Failure,149.7,68.0
L,0.19,0.22,2.32,4.24,10.75,52.81,2083.0,0,No Failure,158.0,71.0
L,0.13,0.08,4.12,2.72,13.19,53.87,2054.0,0,No Failure,158.7,71.2
L,0.12,0.19,3.44,3.49,14.91,62.85,1927.0,0,No Failure,174.6,76.9
L,0.09,0.16,2.98,3.92,3.79,56.64,2040.0,0,No Failure,175.3,77.1
H,0.22,0.25,1.8,3.74,15.05,65.71,2005.0,0,No Failure,146.8,67.0
L,0.09,0.08,3.99,5.7,19.92,52.51,2026.0,1,Inner Race Defect,3.5,15.5
L,0.15,0.17,3.38,3.83,9.61,54.66,1966.0,0,No Failure,203.2,87.0
L,0.14,0.28,4.18,4.38,11.49,41.54,1952.0,0,No Failure,141.1,65.0
M,0.09,0.15,4.65,3.22,14.3,60.4,2010.0,0,No Failure,175.3,77.1
H,0.14,0.13,3.61,4.15,15.03,55.94,1973.0,0,No Failure,206.6,88.2
M,0.11,0.26,3.56,5.27,10.89,53.44,1988.0,0,No Failure,166.8,74.1
L,0.12,0.11,2.93,4.79,8.72,51.1,1935.0,0,No Failure,164.5,73.2
H,0.08,0.15,3.63,3.92,15.54,49.8,2010.0,0,No Failure,185.6,80.7
L,0.12,0.15,1.8,4.93,8.96,66.27,2063.0,0,No Failure,150.5,68.3
L,0.14,0.16,1.8,2.87,16.99,56.73,1971.0,0,No Failure,172.3,76.0
M,0.05,0.21,2.36,4.66,10.24,60.47,1976.0,0,No Failure,162.5,72.6
L,0.11,0.18,3.25,6.69,12.58,66.95,1932.0,0,No Failure,148.5,67.6
M,0.21,0.24,2.71,3.53,10.4,57.55,1987.0,0,No Failure,174.8,76.9
L,0.13,0.14,2.14,3.41,15.31,57.81,2042.0,0,No Failure,183.2,79.9
M,0.04,0.07,3.47,3.9,14.41,72.9,1974.0,0,No Failure,143.6,65.9
L,0.15,0.19,2.13,3.58,21.25,53.49,1926.0,0,No Failure,147.0,67.1
L,0.16,0.16,4.43,2.59,13.33,57.75,2089.0,0,No Failure,160.3,71.8
M,0.18,0.22,1.8,2.38,11.18,62.02,2039.0,0,No Failure,143.1,65.7
L,0.11,0.12,4.07,2.8,10.73,44.11,1981.0,0,No Failure,151.6,68.7
M,0.09,0.27,4.27,4.27,9.91,54.12,1980.0,0,No Failure,163.1,72.8
L,0.1,0.12,3.37,5.02,12.62,57.85,2006.0,0,No Failure,193.0,83.4
H,0.1,0.21,2.66,3.12,16.03,56.01,2065.0,0,No Failure,158.6,71.2
H,0.07,0.18,3.06,4.59,23.03,71.82,1838.0,0,No Failure,142.4,65.4
L,0.09,0.11,2.85,3.69,10.53,65.93,1997.0,0,No Failure,181.5,79.3
L,0.1,0.25,2.77,3.72,8.49,68.17,1892.0,1,Roller Element Wear,4.5,16.5
M,0.13,0.05,2.1,4.76,6.69,68.48,2000.0,0,No Failure,147.6,67.3
L,0.14,0.18,2.46,3.69,10.24,63.85,2016.0,0,No Failure,194.0,83.7
H,0.1,0.18,3.42,4.6,27.848,57.16,2160.0,0,No Failure,153.2,69.3
L,0.08,0.05,3.79,7.114,11.23,61.14,1992.0,0,No Failure,170.6,75.4
H,0.24,0.2,2.9,3.69,16.34,51.47,2007.0,0,No Failure,166.5,74.0
L,0.12,0.17,3.6,4.25,10.0,63.39,1927.0,0,No Failure,182.6,79.7
M,0.05,0.28,1.8,5.42,4.68,53.6,1937.0,0,No Failure,92.7,47.8
H,0.24,0.2,2.84,4.02,7.5,46.45,2067.0,0,No Failure,138.6,64.1
L,0.06,0.13,1.97,4.59,12.15,54.14,2046.0,0,No Failure,161.9,72.4
L,0.2,0.11,3.58,3.83,10.21,55.83,1996.0,0,No Failure,189.8,82.2
M,0.2,0.1,1.8,2.56,9.71,56.02,2065.0,0,No Failure,134.0,62.4
L,0.23,0.2,3.95,3.24,6.68,58.73,1993.0,0,No Failure,159.8,71.6
L,0.302,0.25,4.17,4.78,14.87,54.05,2021.0,0,No Failure,153.3,69.3
M,0.08,0.14,3.85,3.44,17.41,48.59,1907.0,0,No Failure,137.7,63.8
L,0.07,0.18,2.76,4.53,11.58,61.03,1926.0,0,No Failure,173.2,76.4
M,0.2,0.06,2.31,2.69,3.0,57.99,1838.0,0,No Failure,90.8,47.2
M,0.12,0.23,1.8,4.42,9.12,58.06,1994.0,0,No Failure,181.3,79.2
L,0.04,0.23,3.73,2.66,12.47,58.17,2004.0,0,No Failure,164.3,73.2
L,0.17,0.16,2.4,3.86,20.68,61.29,1955.0,0,No Failure,169.1,74.9
L,0.26,-0.056,3.1,3.85,13.61,62.49,1948.0,0,No Failure,171.2,75.6
H,0.14,0.12,3.31,4.65,6.91,56.89,1978.0,0,No Failure,193.7,83.6
L,0.18,0.11,2.67,4.33,12.23,62.59,1981.0,0,No Failure,190.4,82.4
L,0.21,0.15,3.9,6.17,8.2,63.44,2028.0,0,No Failure,144.1,66.0
L,0.09,0.2,3.21,5.38,14.8,64.91,2102.0,0,No Failure,132.4,61.9
M,0.15,0.28,4.02,2.73,15.37,44.87,1929.0,0,No Failure,120.0,57.5
M,0.09,0.13,2.97,4.57,10.24,73.01,1963.0,0,No Failure,163.0,72.7
H,0.14,0.08,2.65,3.91,10.1,61.02,1900.0,0,No Failure,166.9,74.1
M,0.2,0.16,4.1,4.25,12.83,57.94,2002.0,0,No Failure,181.7,79.4
L,0.25,0.31,1.8,4.4,18.17,60.59,2002.0,0,No Failure,128.9,60.7
M,0.07,0.19,2.46,5.85,8.48,60.96,1997.0,0,No Failure,157.5,70.8
M,0.23,0.13,2.39,5.44,18.54,51.34,1912.0,1,Inner Race Defect,7.1,11.2
L,0.11,0.12,5.12,4.21,7.36,63.4,1977.0,0,No Failure,160.9,72.0
M,0.19,0.08,2.12,3.19,14.36,49.77,1942.0,0,No Failure,137.7,63.8
H,0.11,0.14,3.06,4.39,11.4,54.47,2007.0,0,No Failure,207.5,88.5
L,0.19,0.07,3.31,3.54,10.32,53.2,2055.0,0,No Failure,162.5,72.5
L,0.1,0.2,4.37,5.23,12.33,54.37,1860.0,0,No Failure,146.5,66.9
L,0.302,0.13,1.91,5.89,21.54,63.9,1975.0,1,Inner Race Defect,9.0,17.5
M,0.15,0.15,2.83,3.3,9.99,54.82,1958.0,0,No Failure,190.3,82.4
L,0.16,0.19,2.41,5.47,13.2,57.48,2015.0,0,No Failure,187.0,81.2
M,0.18,0.08,2.74,3.16,14.47,63.57,1975.0,0,No Failure,166.8,74.1
H,0.2,0.11,3.46,6.17,10.8,58.25,1998.0,0,No Failure,158.1,71.0
L,0.16,0.22,3.55,4.29,9.65,50.57,1981.0,0,No Failure,184.9,80.5
L,0.16,0.12,2.47,3.94,10.14,57.81,1963.0,0,No Failure,188.3,81.7
M,0.17,0.19,3.0,3.81,24.45,56.28,2013.0,0,No Failure,171.3,75.7
L,0.19,0.2,3.88,4.02,15.2,65.26,1962.0,0,No Failure,170.6,75.4
L,0.11,0.18,3.49,2.82,13.98,55.58,2047.0,0,No Failure,179.5,78.6
L,0.15,0.08,3.89,2.26,17.97,56.41,1955.0,0,No Failure,142.3,65.4
H,0.15,0.05,2.82,3.38,15.25,59.51,2008.0,0,No Failure,179.7,78.7
M,0.12,0.1,4.63,4.37,16.56,57.99,1941.0,0,No Failure,164.7,73.3
L,0.13,0.15,4.26,5.75,10.24,58.46,2043.0,0,No Failure,171.9,75.9
M,0.09,0.2,4.02,5.09,9.52,46.29,1943.0,0,No Failure,142.3,65.4
L,0.07,0.14,2.65,2.2,5.59,61.3,1998.0,0,No Failure,146.2,66.8
L,0.08,0.17,3.8,4.58,14.43,45.78,1958.0,0,No Failure,164.2,73.1
M,0.24,0.29,2.71,3.94,17.99,60.99,2025.0,0,No Failure,144.0,66.0
H,0.04,0.19,3.58,4.28,12.41,40.57,1952.0,0,No Failure,151.2,68.6
M,0.1,0.23,1.86,4.64,10.53,70.12,2058.0,0,No Failure,139.3,64.3
L,0.14,0.1,3.31,5.18,7.96,55.0,1971.0,0,No Failure,175.9,77.3
M,0.17,0.16,1.83,3.49,11.51,46.22,1965.0,0,No Failure,162.9,72.7
H,0.18,0.17,3.81,3.74,17.36,50.88,1971.0,0,No Failure,175.0,77.0
L,0.08,0.24,4.04,4.57,17.29,58.13,2016.0,0,No Failure,166.6,74.0
L,0.16,0.13,3.65,5.36,10.26,65.62,1998.0,0,No Failure,179.1,78.4
L,0.04,0.17,1.8,5.14,9.61,55.71,1967.0,0,No Failure,148.4,67.6
H,0.1,0.21,3.51,3.64,6.06,59.18,2035.0,0,No Failure,173.0,76.3
H,0.16,0.09,1.8,5.56,10.7,58.66,2052.0,0,No Failure,152.5,69.0
M,0.17,0.15,3.19,3.55,14.29,46.89,2010.0,0,No Failure,193.0,83.3
M,0.16,0.13,3.32,4.54,10.39,40.99,1903.0,0,No Failure,151.2,68.6
M,0.1,0.27,2.98,2.93,10.77,56.97,1990.0,0,No Failure,170.4,75.3
M,0.22,0.21,2.03,5.48,10.71,42.25,1942.0,0,No Failure,114.8,55.7
H,0.16,0.15,3.06,4.3,11.65,61.6,2074.0,0,No Failure,195.6,84.3
H,0.09,0.25,3.3,5.04,12.0,68.77,1929.0,1,Roller Element Wear,9.9,22.2
M,0.06,0.13,2.66,5.29,10.7,50.45,1985.0,0,No Failure,159.4,71.5
M,0.15,0.24,2.77,4.15,11.68,74.22,1998.0,0,No Failure,178.7,78.3
L,0.04,0.1,4.43,4.03,15.66,60.23,2025.0,0,No Failure,157.4,70.7
M,0.08,0.18,3.78,4.21,14.01,50.74,1981.0,0,No Failure,183.1,79.8
L,0.1,0.18,2.8,4.01,12.37,55.01,1984.0,0,No Failure,206.0,88.0
L,0.06,0.17,2.47,5.26,14.35,59.21,1984.0,0,No Failure,173.2,76.4
M,0.14,0.09,3.49,3.7,13.35,55.49,1958.0,0,No Failure,192.1,83.0
L,0.14,0.21,4.34,4.18,12.65,62.49,2069.0,0,No Failure,180.0,78.7
L,0.14,0.23,4.24,4.46,14.6,60.03,1979.0,0,No Failure,185.0,80.5
L,0.15,0.22,1.8,4.48,16.88,60.83,2012.0,0,No Failure,174.3,76.7
L,0.18,0.12,3.14,3.66,11.46,69.95,1998.0,0,No Failure,162.3,72.5
H,0.08,0.15,2.46,5.14,15.92,57.27,2001.0,0,No Failure,181.1,79.2
L,0.07,0.2,3.63,3.91,11.23,53.42,1979.0,0,No Failure,182.7,79.7
M,0.16,0.23,3.87,6.22,15.96,41.52,2098.0,0,No Failure,103.4,51.6
M,0.15,0.25,3.14,3.88,9.45,64.49,1912.0,0,No Failure,162.9,72.7
L,0.12,0.17,3.42,3.79,15.28,73.41,1941.0,0,No Failure,170.8,75.5
M,0.12,0.09,3.04,4.71,13.88,45.79,2024.0,0,No Failure,172.3,76.0
L,0.12,0.15,2.6,2.63,14.22,62.72,2058.0,0,No Failure,167.7,74.4
M,0.18,0.13,2.18,2.42,10.28,48.87,1944.0,0,No Failure,138.8,64.2
M,0.08,0.13,3.9,1.066,8.83,50.15,1980.0,0,No Failure,168.8,74.8
L,0.08,0.25,4.97,2.78,11.72,54.31,2034.0,0,No Failure,137.2,63.6
M,0.09,0.27,2.51,4.66,9.65,55.59,2047.0,0,No Failure,153.3,69.3
L,0.14,0.23,3.0,4.0,12.56,65.6,1980.0,0,No Failure,198.3,85.2
M,0.12,-0.056,1.8,3.58,4.91,56.41,2050.0,0,No Failure,145.2,66.4
M,0.08,0.09,2.09,3.8,11.11,68.45,1989.0,0,No Failure,160.4,71.8
L,0.21,0.18,4.21,2.51,7.42,60.9,2064.0,0,No Failure,133.4,62.2
L,0.09,-0.056,6.26,3.61,15.83,44.58,2029.0,0,No Failure,123.8,58.9
H,0.13,0.1,3.41,3.42,11.78,55.39,1871.0,0,No Failure,163.2,72.8
L,0.22,0.2,3.52,3.05,16.84,66.8,2066.0,0,No Failure,138.9,64.2
L,0.14,0.18,2.63,4.05,15.12,49.53,2016.0,0,No Failure,197.0,84.8
H,0.18,0.19,4.41,4.19,16.86,60.02,1938.0,0,No Failure,168.5,74.7
L,0.16,0.08,3.83,4.02,5.79,65.97,1971.0,0,No Failure,162.5,72.6
M,0.21,0.17,4.44,4.41,7.1,69.58,2058.0,0,No Failure,139.3,64.3
L,0.14,0.18,2.11,5.11,9.55,58.32,2001.0,0,No Failure,177.3,77.8
L,0.11,0.26,2.77,3.08,16.46,59.25,1964.0,0,No Failure,160.5,71.8
H,0.12,0.23,3.65,3.24,12.21,44.84,2021.0,0,No Failure,166.8,74.1
L,0.04,0.16,2.9,3.94,9.91,45.2,1904.0,0,No Failure,144.2,66.1
H,0.17,0.15,4.62,4.62,12.07,53.23,2053.0,0,No Failure,173.8,76.6
L,0.14,0.14,2.55,3.18,12.25,60.09,2046.0,0,No Failure,192.8,83.3
M,0.11,0.19,3.32,4.21,6.61,62.56,2027.0,0,No Failure,183.4,80.0
L,0.11,0.22,2.74,4.22,13.71,61.66,1975.0,0,No Failure,191.6,82.9
L,0.04,0.21,3.13,3.82,19.29,64.69,1946.0,0,No Failure,144.6,66.2
H,0.22,0.16,3.99,4.2,18.9,60.62,2070.0,0,No Failure,155.9,70.2
L,0.12,-0.056,3.84,4.18,8.74,54.21,1928.0,0,No Failure,179.9,78.7
L,0.17,0.13,2.6,2.81,12.67,49.06,2004.0,0,No Failure,177.0,77.7
L,0.1,0.2,3.81,3.21,13.91,50.59,1982.0,0,No Failure,173.0,76.3
M,0.09,0.18,3.86,4.13,10.74,63.66,2021.0,0,No Failure,186.6,81.1
M,0.18,0.14,3.87,4.59,12.83,46.41,1960.0,0,No Failure,171.1,75.6
L,0.13,0.06,2.79,4.61,-2.878,61.51,2037.0,0,No Failure,172.3,76.0
L,0.15,0.23,1.8,3.71,12.67,52.48,2045.0,0,No Failure,170.3,75.3
L,0.21,0.14,3.4,3.37,10.69,56.47,1996.0,0,No Failure,190.8,82.6
L,0.16,0.07,3.15,5.78,10.22,50.8,2040.0,0,No Failure,154.1,69.6
L,0.13,0.08,3.12,4.56,9.59,54.61,1986.0,0,No Failure,191.8,82.9
L,0.16,0.24,2.37,5.31,12.23,50.36,2011.0,0,No Failure,166.5,74.0
H,0.16,0.15,1.97,5.25,18.57,70.04,1996.0,1,Inner Race Defect,6.1,24.4
L,0.14,0.25,3.88,5.44,11.93,65.0,2059.0,0,No Failure,150.7,68.4
L,0.16,0.27,2.91,4.23,14.0,59.27,1954.0,0,No Failure,182.4,79.6
H,0.12,0.09,3.27,3.96,15.2,58.03,1958.0,0,No Failure,192.2,83.1
L,0.12,0.12,2.61,3.71,10.17,60.32,2046.0,0,No Failure,186.1,80.9
M,0.1,0.22,2.99,3.68,13.14,60.66,1997.0,0,No Failure,175.8,77.3
L,0.22,0.22,2.86,4.09,6.42,45.66,1979.0,0,No Failure,151.7,68.7
M,0.04,0.18,3.08,4.64,13.61,65.5,1995.0,0,No Failure,180.3,78.9
L,0.16,0.22,2.66,4.24,4.6,56.27,1985.0,0,No Failure,176.8,77.6
M,0.14,0.17,4.05,4.72,6.85,47.92,2014.0,0,No Failure,172.5,76.1
L,0.18,0.16,5.08,3.1,19.99,59.43,1929.0,0,No Failure,135.8,63.1
L,0.08,0.21,3.56,2.61,13.3,59.04,2012.0,0,No Failure,174.9,76.9
L,0.19,0.21,3.79,4.41,19.45,56.97,1973.0,0,No Failure,168.3,74.6
L,0.1,0.11,2.56,3.75,14.6,67.07,1940.0,0,No Failure,161.7,72.3
L,0.08,0.19,3.58,2.2,9.9,61.8,2003.0,0,No Failure,162.4,72.5
L,0.1,0.05,4.76,3.97,11.79,60.19,2008.0,0,No Failure,169.1,74.9
M,0.16,0.2,2.43,4.92,22.33,51.65,2020.0,0,No Failure,151.3,68.6
L,0.19,0.17,2.59,5.67,12.03,63.37,1968.0,0,No Failure,167.4,74.3
L,0.19,0.25,4.13,3.54,16.93,59.27,2031.0,0,No Failure,156.9,70.6
L,0.08,0.19,6.656,4.35,12.62,63.34,1976.0,0,No Failure,187.8,81.5
M,0.15,0.2,1.99,4.7,14.86,63.5,1992.0,0,No Failure,179.9,78.7
M,0.17,0.21,1.93,3.59,10.47,57.99,1973.0,0,No Failure,180.1,78.8
M,0.15,0.376,3.17,4.6,3.3,60.19,2103.0,0,No Failure,162.3,72.5
M,0.13,0.22,3.11,3.46,10.0,66.39,2012.0,0,No Failure,185.6,80.7
L,0.12,0.11,2.9,3.5,8.74,65.03,1951.0,0,No Failure,167.3,74.3
H,0.19,0.19,3.73,4.69,9.13,56.63,2004.0,0,No Failure,187.1,81.3
L,0.16,0.15,2.12,5.03,5.86,63.13,1977.0,0,No Failure,163.1,72.8
L,0.14,0.17,3.4,4.71,17.93,67.84,1999.0,0,No Failure,175.4,77.1
H,0.12,0.18,1.8,4.67,7.16,63.5,2025.0,0,No Failure,165.7,73.7
L,0.18,0.11,4.3,3.44,7.35,55.5,2004.0,0,No Failure,169.2,74.9
L,0.1,0.12,2.39,3.39,14.16,65.59,2004.0,0,No Failure,177.6,77.9
H,0.17,0.23,1.8,4.06,4.1,56.98,2010.0,0,No Failure,164.2,73.2
M,0.17,0.05,3.27,4.77,9.32,76.85,2041.0,0,No Failure,138.8,64.2
M,0.18,0.15,4.37,5.73,15.6,51.76,1942.0,0,No Failure,143.7,65.9
L,0.1,0.24,3.52,3.29,10.76,64.17,2003.0,0,No Failure,176.1,77.4
M,0.19,0.19,3.48,4.39,18.38,56.48,1978.0,0,No Failure,181.4,79.3
M,0.15,0.25,1.88,3.54,12.89,72.69,1953.0,1,Roller Element Wear,9.4,22.0
L,0.2,0.17,3.06,5.2,24.49,64.39,2093.0,0,No Failure,122.5,58.4
M,0.19,0.11,2.42,4.19,11.34,59.6,2001.0,0,No Failure,195.3,84.2
L,0.14,0.14,1.89,3.72,10.43,59.16,2047.0,0,No Failure,185.9,80.8
M,0.11,0.14,3.27,2.27,-2.878,65.59,1969.0,0,No Failure,154.3,69.7
M,0.05,0.16,4.11,3.64,19.37,57.37,1989.0,0,No Failure,166.3,73.9
L,0.19,0.22,2.72,3.15,8.6,72.94,1977.0,0,No Failure,143.5,65.8
L,0.19,0.09,1.8,2.2,15.65,73.46,2004.0,0,No Failure,118.7,57.0
M,0.1,0.23,3.73,3.25,17.29,52.43,1999.0,0,No Failure,166.2,73.9
L,0.18,0.22,3.6,2.85,10.61,72.3,1953.0,0,No Failure,142.8,65.6
M,0.15,0.12,3.46,5.26,15.61,44.31,1921.0,0,No Failure,146.0,66.7
M,0.09,0.21,1.9,4.29,6.09,62.71,2095.0,0,No Failure,132.2,61.8
L,0.11,0.2,4.05,4.18,18.35,65.89,1947.0,0,No Failure,160.3,71.8
L,0.19,0.11,2.46,5.12,16.21,55.66,2097.0,0,No Failure,140.8,64.9
M,0.06,0.05,3.42,5.26,10.92,61.72,2028.0,0,No Failure,151.4,68.6
H,0.18,0.1,3.5,4.64,14.1,45.84,1852.0,0,No Failure,143.8,65.9
L,0.15,0.15,4.75,5.13,11.03,62.2,1968.0,0,No Failure,173.3,76.4
M,0.19,0.17,1.96,3.57,18.55,52.97,2007.0,0,No Failure,166.2,73.9
M,0.14,0.09,3.24,4.6,11.58,30.516,2000.0,0,No Failure,197.2,84.8
M,0.19,0.18,3.44,3.63,7.5,63.26,2018.0,0,No Failure,181.4,79.2
M,0.05,0.14,2.46,4.72,12.92,60.01,1997.0,0,No Failure,182.6,79.7
H,0.05,0.28,3.08,4.73,12.01,64.95,1958.0,0,No Failure,149.8,68.0
M,0.23,0.29,2.52,5.04,16.22,54.23,2057.0,0,No Failure,123.6,58.8
H,0.12,0.1,3.78,5.01,14.94,60.06,1918.0,0,No Failure,160.4,71.8
H,0.16,0.12,2.81,3.58,11.19,70.84,1978.0,0,No Failure,176.3,77.4
M,0.07,0.15,4.1,5.11,13.06,50.39,1981.0,0,No Failure,166.8,74.1
L,0.18,0.12,1.88,4.29,13.65,63.66,1892.0,0,No Failure,149.5,67.9
M,0.15,0.24,2.58,4.13,15.48,65.6,1838.0,0,No Failure,144.1,66.0
M,0.16,0.14,2.86,2.83,13.21,58.025,2027.0,0,No Failure,177.2,77.8
H,0.09,0.09,2.99,3.58,14.01,49.29,1976.0,0,No Failure,169.7,75.1
L,0.15,0.06,2.23,3.96,12.98,58.65,1968.0,0,No Failure,187.2,81.3
H,0.14,0.1,2.89,5.28,13.18,48.63,1963.0,0,No Failure,171.4,75.7
M,0.23,0.05,3.83,1.066,12.99,71.85,1905.0,0,No Failure,97.2,49.4
L,0.13,0.18,1.8,4.53,8.43,60.5,1893.0,0,No Failure,155.6,70.1
H,0.15,0.18,3.235,3.16,10.53,40.41,2056.0,0,No Failure,159.6,71.5
H,0.19,0.17,2.53,3.57,8.08,58.38,2004.0,0,No Failure,188.8,81.9
M,0.05,0.16,3.4,5.41,12.07,53.73,2051.0,0,No Failure,164.7,73.3
L,0.16,0.15,1.93,4.32,11.65,72.14,2025.0,0,No Failure,175.6,77.2
M,0.13,0.26,3.17,5.56,14.1,51.64,2061.0,0,No Failure,154.7,69.8
L,0.1,0.2,2.73,4.83,14.53,43.56,2031.0,0,No Failure,158.0,71.0
M,0.11,0.17,3.05,4.01,13.18,68.04,2030.0,0,No Failure,196.7,84.7
L,0.15,0.07,5.19,5.11,14.72,55.57,2006.0,0,No Failure,159.0,71.3
M,0.17,0.12,1.8,3.4,9.34,49.72,1977.0,0,No Failure,156.6,70.5
L,0.14,0.1,4.0,3.74,9.3,51.13,2016.0,0,No Failure,180.5,78.9
L,0.17,0.21,1.83,4.81,9.27,60.84,1978.0,0,No Failure,166.4,73.9
L,0.12,0.15,2.73,3.53,17.41,55.39,1994.0,0,No Failure,194.9,84.0
M,0.16,0.15,3.31,5.34,14.95,69.44,1959.0,0,No Failure,169.2,74.9
M,0.18,0.18,3.52,3.63,10.56,64.99,2009.0,0,No Failure,190.1,82.3
M,0.12,0.16,3.9,4.78,4.56,52.23,2067.0,0,No Failure,155.2,70.0
L,0.12,0.17,4.31,3.87,10.52,63.38,2032.0,0,No Failure,185.7,80.8
L,0.15,0.12,2.47,3.87,10.02,58.03,2011.0,0,No Failure,203.0,86.9
H,0.12,0.08,3.1,2.98,15.09,60.23,1995.0,0,No Failure,182.0,79.4
M,0.12,0.1,3.05,3.72,19.12,49.26,2038.0,0,No Failure,162.3,72.5
L,0.16,0.28,6.656,4.68,24.57,58.54,1930.0,0,No Failure,119.9,57.5
H,0.2,0.15,4.04,4.09,24.36,58.54,2049.0,0,No Failure,155.4,70.0
L,0.12,0.2,3.57,4.51,20.33,62.26,1928.0,0,No Failure,158.5,71.1
L,0.21,0.11,3.16,3.8,12.25,53.64,2050.0,0,No Failure,178.2,78.1
M,0.12,0.18,1.95,3.36,7.24,53.28,1982.0,0,No Failure,168.2,74.6
L,0.09,0.11,3.6,4.58,12.82,55.6,2081.0,0,No Failure,171.7,75.8
M,0.16,0.14,4.62,3.63,11.36,69.19,2016.0,0,No Failure,173.6,76.5
L,0.14,0.25,4.07,3.32,16.52,57.31,2118.0,0,No Failure,142.4,65.4
L,0.17,0.11,5.02,4.12,9.23,57.95,2007.0,0,No Failure,180.1,78.8
H,0.07,0.12,2.97,4.73,16.5,67.24,2042.0,0,No Failure,155.7,70.1
M,0.16,0.11,3.33,3.07,10.08,82.89,2015.0,0,No Failure,172.1,75.9
M,0.15,0.15,3.15,3.39,15.06,38.82,2001.0,0,No Failure,179.8,78.7
L,0.15,0.11,2.61,3.56,-2.878,67.06,1985.0,0,No Failure,173.4,76.4
H,0.18,0.2,3.59,3.6,23.45,65.42,2022.0,0,No Failure,149.5,67.9
L,0.18,0.14,3.27,3.27,22.97,53.84,1949.0,0,No Failure,152.5,69.0
L,0.1,0.26,3.32,3.86,12.88,59.92,1995.0,0,No Failure,194.9,84.0
M,0.1,0.23,3.33,3.57,15.09,62.75,1988.0,0,No Failure,181.8,79.4
L,0.11,0.13,3.16,5.18,12.35,30.516,1979.0,0,No Failure,189.2,82.0
L,0.2,0.12,3.56,2.76,15.61,55.57,2031.0,0,No Failure,163.9,73.1
L,0.14,0.25,2.93,3.67,16.16,66.61,1952.0,0,No Failure,166.8,74.1
M,0.14,0.09,2.5,3.69,15.71,49.65,1946.0,0,No Failure,165.4,73.6
H,0.16,0.19,3.63,4.0,18.59,59.49,1994.0,0,No Failure,197.5,84.9
L,0.14,0.15,3.1,4.11,6.05,57.48,2036.0,0,No Failure,202.2,86.6
L,0.14,0.1,2.06,2.98,11.2,60.6,1982.0,0,No Failure,178.0,78.1
H,0.14,0.07,2.66,3.34,8.25,54.79,2044.0,0,No Failure,165.1,73.5
H,0.17,0.23,2.16,4.44,4.18,51.95,2047.0,0,No Failure,141.9,65.3
L,0.14,0.13,1.95,3.43,24.93,57.31,2011.0,0,No Failure,157.3,70.7
M,0.17,0.05,4.92,2.79,9.13,52.07,1932.0,0,No Failure,119.3,57.3
L,0.14,0.13,4.78,4.55,12.28,63.93,1962.0,0,No Failure,179.5,78.6
M,0.12,0.14,3.61,4.05,20.28,30.516,2026.0,0,No Failure,169.5,75.0
H,0.11,0.15,2.32,4.95,17.56,48.86,2004.0,0,No Failure,169.7,75.1
H,0.21,0.05,2.73,3.89,13.57,53.47,1993.0,0,No Failure,170.8,75.5
M,0.16,0.16,2.65,4.48,13.87,64.44,1958.0,0,No Failure,191.5,82.8
H,0.14,0.23,5.25,5.57,10.12,58.25,2001.0,0,No Failure,153.9,69.5
H,0.14,0.16,4.56,4.69,13.83,47.92,2023.0,0,No Failure,179.9,78.7
M,0.14,0.13,4.79,3.49,14.01,52.28,2022.0,0,No Failure,178.4,78.2
L,0.14,-0.056,4.67,5.95,14.31,47.26,2007.0,0,No Failure,147.8,67.3
M,0.19,0.19,1.8,5.0,14.24,72.96,2056.0,0,No Failure,133.6,62.3
M,0.16,0.22,3.43,4.03,16.33,57.12,2042.0,0,No Failure,189.9,82.3
M,0.1,0.26,2.06,3.97,8.07,57.22,1905.0,0,No Failure,144.0,66.0
L,0.04,0.26,3.05,4.78,16.33,57.64,2015.0,0,No Failure,159.8,71.6
H,0.2,0.07,4.12,3.33,6.98,52.22,2062.0,0,No Failure,128.4,60.5
M,0.17,0.2,4.71,2.29,7.88,64.84,2033.0,0,No Failure,134.5,62.6
L,0.17,0.14,2.82,4.44,16.47,66.16,1981.0,0,No Failure,183.8,80.1
H,0.12,0.22,3.85,4.5,4.18,76.47,1942.0,0,No Failure,126.0,59.6
M,0.05,0.25,2.05,2.78,5.84,61.64,1995.0,0,No Failure,126.3,59.7
H,0.19,0.17,3.11,3.12,17.78,69.24,2047.0,0,No Failure,153.3,69.3
L,0.08,0.2,3.92,5.3,11.67,79.05,2001.0,0,No Failure,143.8,65.9
L,0.17,0.26,2.85,3.96,16.76,85.704,1963.0,1,Roller Element Wear,4.0,24.8
L,0.14,0.11,4.63,3.63,14.32,66.44,1993.0,0,No Failure,163.6,72.9
H,0.17,0.17,2.2,5.69,15.89,57.82,1964.0,0,No Failure,167.4,74.3
M,0.2,0.1,2.34,6.25,9.59,60.29,1934.0,0,No Failure,127.8,60.2
L,0.09,0.28,2.95,4.89,19.12,59.72,2032.0,0,No Failure,148.5,67.6
M,0.1,0.12,3.05,5.42,17.62,62.75,1973.0,0,No Failure,163.2,72.8
L,0.14,0.2,3.15,4.18,3.0,46.3,1981.0,0,No Failure,146.0,66.7
L,0.14,0.14,2.36,3.68,16.16,67.32,1952.0,0,No Failure,173.5,76.4
H,0.17,0.1,3.75,5.11,14.76,48.71,1947.0,0,No Failure,154.2,69.6
L,0.12,0.06,3.89,3.07,25.13,39.82,1978.0,0,No Failure,104.2,51.9
H,0.15,0.21,4.01,4.86,8.13,63.39,1854.0,0,No Failure,138.3,64.0
M,0.15,0.23,3.27,4.89,10.59,55.88,2039.0,0,No Failure,185.6,80.7
H,0.22,0.08,2.95,3.82,14.87,54.91,2013.0,0,No Failure,175.2,77.0
H,0.11,-0.056,3.39,4.64,3.0,65.85,1965.0,0,No Failure,155.3,70.0
L,0.16,0.16,4.82,6.02,8.8,52.63,1969.0,0,No Failure,135.8,63.1
M,0.14,0.31,6.656,6.25,10.06,58.36,2019.0,0,No Failure,116.5,56.3
L,0.17,0.19,4.63,4.32,16.17,50.59,2040.0,0,No Failure,162.2,72.5
L,0.11,0.29,2.05,5.09,6.89,44.77,2160.0,0,No Failure,115.9,56.0
L,0.15,0.1,3.48,5.33,12.62,59.56,1935.0,0,No Failure,168.2,74.6
L,0.2,0.2,3.05,3.43,11.75,59.2,2027.0,0,No Failure,189.8,82.2
M,0.15,0.12,3.66,3.34,9.88,54.42,1966.0,0,No Failure,182.5,79.7
L,0.15,0.23,4.95,4.07,3.13,54.16,1995.0,0,No Failure,145.8,66.6
L,0.17,0.13,3.63,5.52,10.87,50.3,1970.0,0,No Failure,169.1,74.9
L,0.08,0.18,3.67,4.18,11.57,49.25,2007.0,0,No Failure,187.9,81.6
L,0.13,0.26,3.59,3.55,15.1,45.92,1955.0,0,No Failure,156.8,70.5
H,0.18,0.16,2.04,4.62,4.69,49.73,2016.0,0,No Failure,157.1,70.6
L,0.11,0.11,3.38,4.07,13.37,59.69,1961.0,0,No Failure,187.6,81.4
M,0.17,0.22,2.98,4.2,20.76,64.93,1988.0,0,No Failure,168.8,74.8
L,0.21,0.18,2.36,4.75,17.14,70.72,1940.0,0,No Failure,138.3,64.0
M,0.13,0.2,1.8,4.43,13.79,55.45,2034.0,0,No Failure,183.9,80.1
M,0.18,0.2,3.32,3.93,13.68,59.91,2027.0,0,No Failure,199.0,85.5
H,0.19,0.14,4.01,5.51,-2.878,60.52,1997.0,0,No Failure,168.1,74.5
L,0.18,0.26,2.73,3.57,11.62,66.45,1914.0,0,No Failure,147.2,67.1
M,0.22,0.21,2.1,3.19,9.85,59.0,2038.0,0,No Failure,154.5,69.7
H,0.13,0.23,4.77,4.35,14.86,63.34,2066.0,0,No Failure,158.3,71.1
L,-0.022,0.09,1.98,2.9,16.74,75.46,2006.0,0,No Failure,134.2,62.5
M,0.1,0.11,3.15,2.91,14.21,57.42,2063.0,0,No Failure,171.7,75.8
L,0.13,0.25,4.81,3.84,16.52,44.74,2005.0,0,No Failure,151.8,68.8
H,0.2,0.21,2.88,3.23,15.94,51.74,1915.0,0,No Failure,146.5,66.9
M,0.18,0.22,2.99,5.2,11.65,53.8,2045.0,0,No Failure,170.3,75.3
L,-0.022,0.18,2.24,4.1,19.62,62.37,2021.0,0,No Failure,156.9,70.6
L,0.14,0.33,2.56,4.94,11.26,62.76,1973.0,0,No Failure,154.9,69.9
L,0.1,0.19,2.19,4.57,14.24,51.14,1969.0,0,No Failure,172.7,76.2
H,0.14,0.15,2.96,5.3,13.4,71.11,2008.0,0,No Failure,185.1,80.5
L,0.04,0.12,3.67,4.8,14.71,52.65,1950.0,0,No Failure,154.1,69.6
L,0.13,0.06,4.52,4.47,9.06,43.14,2054.0,0,No Failure,134.5,62.6
M,0.05,0.15,2.45,4.64,7.29,54.45,2067.0,0,No Failure,150.0,68.1
L,0.16,0.1,-0.256,3.31,8.19,72.58,2023.0,0,No Failure,145.9,66.7
H,0.12,0.1,3.87,5.42,14.09,68.56,1910.0,0,No Failure,137.8,63.8
L,0.06,0.14,3.89,3.33,20.39,55.16,1984.0,0,No Failure,154.8,69.8
H,0.12,0.2,3.36,4.58,12.77,55.08,2043.0,0,No Failure,196.1,84.4
M,0.16,0.16,2.65,2.2,12.45,60.91,2004.0,0,No Failure,188.1,81.6
M,0.06,0.19,3.79,2.06,14.99,61.12,1978.0,0,No Failure,154.7,69.8
M,0.16,0.11,3.36,2.97,11.16,64.9,2008.0,0,No Failure,184.3,80.3
M,0.11,0.12,3.96,4.0,12.34,58.42,1946.0,0,No Failure,192.4,83.1
L,0.08,0.12,2.88,3.49,16.25,62.69,2010.0,0,No Failure,174.5,76.8
L,0.18,0.16,2.09,3.5,13.14,48.28,2007.0,0,No Failure,182.2,79.5
L,0.22,0.18,3.21,4.84,21.65,54.45,1991.0,0,No Failure,160.7,71.9
L,0.23,0.12,3.21,3.79,20.84,57.8,1978.0,1,Outer Race Spalling,6.7,21.0
M,0.04,0.19,3.76,3.32,7.34,75.0,2064.0,0,No Failure,116.4,56.2
L,0.12,0.19,3.32,4.43,12.85,68.26,1968.0,0,No Failure,190.7,82.5
M,0.16,0.05,4.79,4.39,16.15,44.97,2059.0,0,No Failure,127.4,60.1
L,0.12,0.15,-0.256,3.99,13.84,54.47,1971.0,0,No Failure,203.7,87.1
H,0.07,0.15,2.65,3.01,7.14,55.99,1920.0,0,No Failure,147.1,67.1
M,0.17,0.19,3.14,3.94,12.68,65.69,1958.0,0,No Failure,194.9,84.0
M,0.15,0.11,2.72,4.75,17.99,49.02,2035.0,0,No Failure,164.8,73.4
H,0.12,0.18,3.22,3.98,8.2,67.75,2032.0,0,No Failure,185.7,80.8
M,0.19,0.17,2.64,2.76,14.78,53.71,2039.0,0,No Failure,169.4,75.0
H,0.12,0.08,1.8,3.96,8.39,59.53,1957.0,0,No Failure,164.1,73.1
M,0.17,0.06,3.07,4.69,8.95,49.58,1993.0,0,No Failure,169.7,75.1
M,0.22,0.18,2.42,4.08,16.16,72.79,2045.0,0,No Failure,149.0,67.8
M,0.23,0.22,2.94,3.25,18.58,72.65,1989.0,0,No Failure,135.4,62.9
L,0.04,0.1,2.13,3.95,10.72,52.92,2103.0,0,No Failure,134.9,62.8
L,0.13,0.22,2.75,2.2,12.59,53.73,1908.0,0,No Failure,149.7,68.0
M,0.1,0.08,2.04,4.51,8.58,56.31,2030.0,0,No Failure,161.5,72.2
M,0.1,0.08,2.08,2.9,9.65,55.31,2013.0,0,No Failure,159.0,71.3
L,0.04,0.21,3.58,3.65,14.24,73.51,1932.0,0,No Failure,135.2,62.9
M,0.18,0.17,2.76,3.25,11.21,68.2,2030.0,0,No Failure,176.6,77.5
M,0.16,0.12,2.28,5.07,13.5,59.17,1954.0,0,No Failure,179.3,78.5
H,0.11,0.23,4.27,5.32,5.74,66.18,1962.0,0,No Failure,132.4,61.9
L,0.1,0.26,3.32,3.97,7.4,50.75,1956.0,0,No Failure,160.3,71.8
H,0.12,0.18,4.22,4.22,7.86,54.89,1980.0,0,No Failure,188.0,81.6
L,0.11,0.11,3.17,3.38,13.32,47.76,2026.0,0,No Failure,177.9,78.0
H,0.12,0.22,3.35,4.68,15.13,67.45,1967.0,0,No Failure,174.5,76.8
H,0.08,0.13,2.46,4.98,4.54,65.14,1919.0,0,No Failure,127.7,60.2
L,0.12,0.17,2.35,3.78,16.06,53.22,2011.0,0,No Failure,190.5,82.5
M,0.16,0.19,1.8,3.24,12.17,64.34,1963.0,0,No Failure,171.6,75.8
L,0.12,0.19,3.12,4.37,12.19,54.05,2039.0,0,No Failure,200.1,85.9
L,0.15,0.14,3.72,5.62,13.9,66.32,2034.0,0,No Failure,170.1,75.2
L,0.13,0.1,1.97,3.76,12.62,77.65,2018.0,0,No Failure,157.3,70.7
H,0.302,0.2,4.05,2.75,10.9,51.65,2006.0,0,No Failure,168.5,74.7
H,0.23,0.16,4.28,3.94,10.71,65.63,1992.0,0,No Failure,174.7,76.9
M,0.04,0.19,2.7,4.13,11.35,58.56,1976.0,0,No Failure,185.6,80.7
L,0.08,0.11,3.25,4.81,10.36,40.11,2014.0,0,No Failure,156.9,70.6
L,0.09,0.13,3.57,4.32,12.77,56.69,1936.0,0,No Failure,187.5,81.4
H,0.17,0.16,6.656,4.115,11.16,54.97,2012.0,0,No Failure,180.7,79.0
M,0.18,0.19,2.22,4.17,12.77,63.39,2056.0,0,No Failure,179.0,78.4
M,0.18,0.16,2.17,3.62,5.12,61.94,2000.0,0,No Failure,175.5,77.2
L,0.09,0.18,4.38,4.52,12.67,48.74,2008.0,0,No Failure,177.6,77.9
H,0.04,0.17,3.66,4.41,12.05,66.12,2003.0,0,No Failure,180.6,79.0
H,0.16,0.15,4.73,3.54,11.41,66.97,1987.0,0,No Failure,178.0,78.1
H,0.19,0.13,2.6,2.92,14.56,57.01,2013.0,0,No Failure,179.7,78.7
L,0.16,0.14,2.33,3.15,11.01,45.32,1979.0,0,No Failure,168.4,74.6
L,0.08,0.16,2.44,5.37,4.76,64.62,1996.0,0,No Failure,153.6,69.4
H,0.21,0.2,2.48,5.42,9.06,50.13,2160.0,0,No Failure,144.4,66.1
L,0.22,0.15,3.91,4.33,8.57,58.64,2005.0,0,No Failure,187.9,81.5
M,0.18,0.07,3.42,5.27,9.64,63.21,1995.0,0,No Failure,163.8,73.0
L,0.12,0.23,3.12,4.2,11.55,66.54,2031.0,0,No Failure,188.1,81.6
L,0.14,0.1,2.62,3.42,4.29,52.84,2004.0,0,No Failure,169.5,75.0
H,0.14,0.18,2.91,3.91,11.06,58.89,1988.0,0,No Failure,217.8,92.1
H,0.1,0.2,1.8,3.63,16.27,58.95,1988.0,0,No Failure,172.8,76.2
H,0.13,0.17,1.8,4.23,14.3,55.93,1882.0,0,No Failure,167.7,74.4
L,0.15,0.18,3.09,4.08,15.58,78.1,2050.0,0,No Failure,169.5,75.0
L,0.09,0.14,3.17,3.74,7.43,54.99,2047.0,0,No Failure,177.9,78.0
M,0.11,0.16,3.69,3.74,13.88,72.31,1972.0,0,No Failure,178.5,78.2
L,0.15,0.16,1.97,5.22,15.82,60.76,2012.0,0,No Failure,181.9,79.4
L,0.13,0.15,1.8,5.01,12.89,58.91,2015.0,0,No Failure,192.6,83.2
M,0.13,0.09,2.24,5.47,27.848,43.16,1909.0,0,No Failure,111.7,54.6
M,0.11,0.24,1.8,4.51,14.63,65.95,2012.0,0,No Failure,162.0,72.4
L,0.17,0.07,3.5,4.06,19.27,59.36,2030.0,0,No Failure,174.4,76.8
H,0.08,0.17,2.39,3.86,7.57,56.91,1998.0,0,No Failure,187.6,81.4
L,0.11,0.09,5.09,3.99,9.44,50.59,2056.0,0,No Failure,147.1,67.1
L,0.04,0.23,2.23,3.16,18.9,56.98,1972.0,0,No Failure,136.7,63.4
L,0.13,0.21,5.95,2.75,6.69,54.75,2066.0,0,No Failure,119.7,57.4
M,0.09,0.27,4.9,3.17,18.28,73.42,1972.0,1,Roller Element Wear,12.5,7.4
M,0.13,0.29,3.89,4.15,11.31,63.41,1987.0,0,No Failure,178.4,78.2
M,0.15,0.21,2.8,3.86,12.07,58.79,2073.0,0,No Failure,190.8,82.6
L,0.21,0.11,3.69,2.97,8.28,65.14,2028.0,0,No Failure,150.8,68.4
L,0.16,0.19,2.88,3.67,8.29,60.17,2005.0,0,No Failure,197.8,85.0
L,0.09,0.12,4.74,2.32,17.27,52.43,1955.0,0,No Failure,125.9,59.6
L,0.16,0.16,5.08,4.93,9.85,59.77,1964.0,0,No Failure,171.2,75.7
M,0.21,0.19,4.07,3.85,10.76,56.8,2017.0,0,No Failure,185.5,80.7
H,0.19,0.24,3.15,4.17,15.05,76.11,2060.0,0,No Failure,144.8,66.3
M,0.18,0.12,2.54,4.74,10.68,57.92,1966.0,0,No Failure,183.4,80.0
M,0.18,0.16,3.79,3.22,10.6,66.68,1980.0,0,No Failure,176.3,77.4
L,0.08,0.13,3.25,3.78,5.99,52.83,1949.0,0,No Failure,163.7,73.0
L,0.19,0.05,2.12,4.16,9.15,64.74,2160.0,0,No Failure,152.7,69.1
M,0.1,0.16,3.94,3.38,19.41,64.79,1966.0,0,No Failure,146.9,67.0
M,0.21,0.06,2.9,4.26,9.69,57.42,2023.0,0,No Failure,174.5,76.8
M,0.09,0.16,2.24,3.66,12.43,65.22,2058.0,0,No Failure,174.4,76.8
H,0.07,0.19,3.43,4.06,14.81,60.95,1986.0,0,No Failure,193.2,83.4
L,0.15,0.11,4.85,4.07,16.75,55.43,1986.0,0,No Failure,168.6,74.7
M,0.19,0.21,3.52,4.44,3.0,58.69,1949.0,0,No Failure,158.2,71.0
L,0.09,0.11,2.91,4.07,6.07,67.0,2104.0,0,No Failure,132.4,61.9
L,0.22,0.21,4.6,3.06,10.84,49.93,2063.0,0,No Failure,129.1,60.7
L,0.19,0.28,3.1,4.19,19.65,59.37,2035.0,0,No Failure,157.5,70.8
L,0.04,0.22,3.95,4.26,19.42,62.04,1997.0,0,No Failure,154.5,69.7
M,0.1,0.11,3.24,5.39,8.99,64.11,2016.0,0,No Failure,168.1,74.5
M,0.11,0.15,2.2,3.97,8.59,66.37,1943.0,0,No Failure,165.8,73.7
M,0.06,0.14,3.43,4.1,10.79,53.0,1998.0,0,No Failure,195.1,84.1
M,0.15,0.11,1.8,3.82,5.7,47.29,2044.0,0,No Failure,146.8,67.0
M,0.13,0.15,2.78,4.65,10.87,61.5,1983.0,0,No Failure,203.7,87.1
L,0.04,0.2,3.59,4.3,11.34,59.28,1945.0,0,No Failure,170.9,75.5
L,0.07,0.23,4.17,4.28,9.91,67.98,1964.0,0,No Failure,151.7,68.7
L,0.04,0.18,2.75,4.01,7.98,68.87,1963.0,0,No Failure,154.1,69.6
L,0.25,0.13,3.02,3.14,13.83,68.33,1950.0,0,No Failure,145.0,66.4
H,0.12,0.07,3.235,3.18,6.55,69.75,2044.0,0,No Failure,145.7,66.6
H,0.12,0.165,3.5,3.83,15.4,51.3,2005.0,0,No Failure,196.3,84.5
L,0.21,0.14,3.53,4.08,6.14,55.32,1979.0,0,No Failure,178.9,78.4
M,0.18,0.16,4.15,4.59,11.1,64.04,2058.0,0,No Failure,172.7,76.2
L,0.23,0.15,2.78,5.19,13.19,58.6,2013.0,0,No Failure,183.5,80.0
M,0.07,0.1,2.69,2.2,18.34,60.0,1959.0,0,No Failure,135.6,63.0
L,0.14,0.23,4.25,3.1,12.16,68.22,2109.0,0,No Failure,138.6,64.1
L,0.22,0.07,5.1,6.34,12.1,52.07,2034.0,1,Outer Race Spalling,12.7,9.1
H,0.12,0.17,2.79,4.14,14.42,48.33,1959.0,0,No Failure,191.1,82.7
L,0.08,0.22,3.73,3.21,13.23,49.42,2057.0,0,No Failure,152.6,69.1
H,0.14,0.06,4.11,3.4,12.165,56.24,2001.0,0,No Failure,176.5,77.5
L,0.23,0.06,2.91,5.78,6.86,56.5,2057.0,0,No Failure,123.3,58.7
L,0.19,0.16,3.44,4.16,15.89,47.13,1974.0,0,No Failure,182.7,79.7
L,0.15,0.13,3.64,7.114,13.95,58.05,2021.0,0,No Failure,205.9,87.9
L,0.14,0.25,3.38,4.71,11.56,42.54,1926.0,0,No Failure,141.4,65.1
L,0.22,0.24,4.59,3.32,14.21,54.58,2079.0,0,No Failure,131.8,61.7
M,0.13,0.17,3.11,4.21,20.38,46.97,1928.0,0,No Failure,163.7,73.0
M,0.16,0.18,4.21,4.15,11.98,53.6,2011.0,0,No Failure,200.8,86.1
M,0.13,0.14,2.95,4.54,18.07,57.81,2055.0,0,No Failure,187.9,81.6
L,0.13,0.13,3.49,3.92,7.07,71.73,2033.0,0,No Failure,169.5,75.0
M,0.11,0.24,3.99,3.44,13.13,72.32,1963.0,0,No Failure,152.3,68.9
H,0.15,0.12,3.86,3.87,10.36,58.72,2007.0,0,No Failure,204.5,87.4
H,0.16,0.19,3.235,3.37,22.76,54.55,1974.0,0,No Failure,156.9,70.6
L,0.04,0.16,3.3,5.52,14.86,64.08,2102.0,0,No Failure,137.6,63.7
M,0.22,0.26,3.17,4.36,14.38,53.76,2034.0,0,No Failure,165.9,73.8
M,0.17,0.1,3.47,4.99,5.82,58.42,2001.0,0,No Failure,177.3,77.8
L,0.22,0.24,3.8,5.13,19.24,50.98,2038.0,0,No Failure,128.5,60.5
H,0.14,0.15,2.41,4.3,6.21,55.72,1997.0,0,No Failure,197.3,84.9
M,0.26,0.15,3.67,4.7,9.19,53.84,2087.0,0,No Failure,142.3,65.4
M,0.14,0.11,2.49,4.03,10.42,55.92,2066.0,0,No Failure,185.8,80.8
L,0.13,0.05,3.19,3.8,9.27,54.27,2036.0,0,No Failure,179.4,78.5
H,0.24,0.19,2.79,3.76,15.53,65.48,2009.0,0,No Failure,168.1,74.6
M,0.19,0.28,2.41,4.85,11.64,48.29,1951.0,0,No Failure,140.3,64.7
H,0.13,0.14,3.45,2.81,7.25,58.42,2109.0,0,No Failure,157.2,70.7
L,0.1,0.2,2.36,4.71,10.27,53.17,2011.0,0,No Failure,180.3,78.8
L,0.04,0.13,2.84,4.09,11.04,49.94,2067.0,0,No Failure,159.8,71.6
M,0.15,0.2,3.72,4.88,16.72,66.95,1959.0,0,No Failure,164.2,73.2
L,0.28,0.23,3.4,3.1,14.03,57.69,2038.0,0,No Failure,148.5,67.6
L,0.08,0.12,4.12,3.25,17.11,62.75,2031.0,0,No Failure,154.7,69.8
L,0.21,0.25,4.78,4.5,8.78,56.61,2033.0,0,No Failure,146.0,66.7
L,0.04,0.14,2.97,3.73,19.09,68.95,1980.0,0,No Failure,151.3,68.6
M,0.13,0.16,4.62,3.47,5.68,63.89,1970.0,0,No Failure,164.5,73.3
M,0.07,0.17,4.71,4.72,27.848,65.56,1962.0,0,No Failure,158.3,71.1
M,0.17,0.19,3.56,4.8,12.05,50.86,1978.0,0,No Failure,187.4,81.4
L,0.14,0.24,3.08,4.87,12.62,54.24,2008.0,0,No Failure,190.2,82.4
H,0.16,0.23,1.91,3.41,12.33,49.29,2080.0,0,No Failure,147.2,67.1
M,0.11,0.18,3.46,4.38,7.28,58.24,2005.0,0,No Failure,201.8,86.5
L,0.15,0.13,2.17,4.18,6.04,42.87,2024.0,0,No Failure,158.1,71.0
L,0.06,0.08,3.17,5.82,14.62,56.11,2064.0,0,No Failure,140.5,64.8
M,0.17,0.11,4.52,2.2,10.73,52.68,1994.0,0,No Failure,152.3,68.9
L,0.18,0.15,2.36,4.65,15.0,54.18,2065.0,0,No Failure,170.8,75.5
H,0.07,0.17,2.7,3.65,16.74,65.73,1983.0,0,No Failure,171.0,75.6
L,0.08,0.11,2.88,5.08,6.45,70.03,2038.0,0,No Failure,138.0,63.9
L,0.11,0.26,3.5,4.6,14.03,59.13,1958.0,0,No Failure,178.5,78.2
L,0.14,0.08,2.92,4.67,11.15,46.66,1976.0,0,No Failure,174.8,76.9
H,0.15,0.17,2.2,4.22,18.81,55.85,1907.0,0,No Failure,165.9,73.8
L,0.08,0.08,2.79,4.9,16.55,41.75,2029.0,0,No Failure,137.0,63.5
M,0.09,0.27,3.63,3.82,8.96,47.44,2009.0,0,No Failure,157.6,70.8
M,0.21,0.18,3.26,4.56,7.63,58.85,1970.0,0,No Failure,182.2,79.5
M,0.15,0.23,2.93,4.68,5.57,59.05,2083.0,0,No Failure,158.5,71.1
L,0.11,0.32,2.45,2.72,10.8,65.72,1976.0,0,No Failure,133.8,62.4
L,0.09,0.18,3.72,3.59,12.8,61.34,2009.0,0,No Failure,195.8,84.3
H,0.14,-0.056,3.44,3.12,5.8,49.79,2006.0,0,No Failure,178.0,78.0
M,0.12,0.23,1.9,3.95,11.12,58.025,1958.0,0,No Failure,176.2,77.4
M,0.12,0.12,3.74,5.53,14.74,44.68,1985.0,0,No Failure,158.4,71.1
L,0.14,0.09,3.8,4.8,7.99,57.81,1925.0,0,No Failure,163.4,72.9
M,0.18,0.16,3.61,3.14,11.37,48.28,1978.0,0,No Failure,158.9,71.3
M,0.11,0.16,3.8,3.35,15.53,51.51,2034.0,0,No Failure,179.8,78.7
L,0.07,0.14,3.43,2.83,24.05,48.37,2037.0,0,No Failure,124.7,59.2
M,0.05,0.16,3.46,3.23,20.2,42.29,2018.0,0,No Failure,138.8,64.1
M,0.07,0.16,2.55,5.89,9.37,60.26,1899.0,0,No Failure,137.3,63.6
M,0.05,0.14,3.53,3.59,10.94,58.89,2022.0,0,No Failure,185.5,80.7
M,0.18,0.1,2.8,4.9,16.92,85.704,1986.0,0,No Failure,175.8,77.3
L,0.11,0.09,3.62,3.41,9.08,51.4,1964.0,0,No Failure,166.4,73.9
H,0.1,-0.056,3.03,4.54,10.27,59.46,2018.0,0,No Failure,201.3,86.3
L,0.15,0.18,3.26,5.56,15.74,52.05,2018.0,0,No Failure,183.1,79.9
L,0.14,0.11,2.36,4.77,18.2,52.21,1998.0,0,No Failure,146.0,66.7
L,0.12,0.23,1.8,4.63,21.14,54.19,1986.0,0,No Failure,150.2,68.2
H,0.26,0.24,3.48,2.95,15.48,61.52,2106.0,0,No Failure,118.0,56.8
L,0.11,0.21,4.45,4.48,9.83,68.08,1972.0,0,No Failure,159.5,71.5
M,-0.022,0.13,2.79,4.26,21.55,65.2,2037.0,0,No Failure,166.3,73.9
L,0.11,0.22,2.71,2.65,19.3,30.516,1938.0,0,No Failure,147.1,67.1
L,0.15,0.05,4.15,3.26,10.39,57.3,2017.0,0,No Failure,172.7,76.2
M,0.13,0.33,1.96,3.41,16.04,69.22,2044.0,1,Roller Element Wear,2.9,13.8
H,0.11,0.17,2.89,4.35,10.54,54.65,2023.0,0,No Failure,201.9,86.5
M,0.11,0.19,3.95,4.75,16.87,71.5,1989.0,0,No Failure,163.2,72.8
L,0.13,0.2,2.59,3.29,6.17,64.95,1950.0,0,No Failure,156.9,70.6
H,0.13,0.376,2.53,3.71,16.09,58.25,1987.0,0,No Failure,161.2,72.1
H,0.12,0.07,3.68,5.35,10.14,57.28,1987.0,0,No Failure,173.2,76.3
L,0.16,0.24,1.8,5.27,9.67,69.3,2028.0,0,No Failure,140.0,64.6
M,0.14,0.24,4.78,4.71,13.64,65.41,2000.0,0,No Failure,171.7,75.8
L,0.14,0.06,3.08,4.85,11.34,44.43,1931.0,0,No Failure,152.7,69.1
L,0.16,0.12,2.66,4.74,11.52,48.19,2006.0,0,No Failure,186.0,80.9
L,0.09,0.12,3.26,3.12,14.98,69.06,1985.0,0,No Failure,168.1,74.5
M,0.15,0.18,3.12,4.36,14.37,58.01,1957.0,0,No Failure,208.4,88.8
H,0.05,0.16,2.49,4.75,11.47,67.62,2057.0,0,No Failure,156.3,70.3
L,0.13,0.09,2.99,3.53,7.58,65.74,2007.0,0,No Failure,177.3,77.8
M,0.08,0.06,3.76,2.2,13.73,39.91,1971.0,0,No Failure,118.0,56.8
L,0.12,0.15,1.8,5.61,13.48,53.4,1998.0,0,No Failure,148.6,67.6
M,0.17,0.21,4.48,4.49,11.15,63.33,1887.0,0,No Failure,147.0,67.1
H,0.16,0.14,3.28,4.03,7.76,43.27,1956.0,0,No Failure,170.7,75.4
M,0.15,0.16,1.8,4.01,6.47,44.91,2007.0,0,No Failure,168.0,74.5
M,0.14,0.12,2.28,4.38,3.0,55.4,1917.0,0,No Failure,151.2,68.6
H,0.13,0.05,3.83,4.78,13.11,30.516,1948.0,0,No Failure,153.5,69.4
L,0.13,0.15,3.46,5.0,14.28,52.36,2027.0,0,No Failure,192.7,83.3
L,0.2,0.11,2.69,4.59,17.19,62.58,1999.0,0,No Failure,171.6,75.8
H,0.17,0.21,3.77,2.8,9.5,73.28,2014.0,0,No Failure,149.5,67.9
M,0.22,0.11,4.09,3.1,5.49,55.95,2065.0,0,No Failure,130.3,61.1
L,0.13,0.16,3.4,3.81,4.95,61.42,1961.0,0,No Failure,187.2,81.3
M,0.16,0.2,3.89,4.02,11.81,57.89,1986.0,0,No Failure,207.7,88.6
L,0.15,0.08,6.09,4.01,3.0,62.3,1957.0,0,No Failure,143.6,65.9
L,0.18,0.18,-0.256,3.9,17.24,71.41,1992.0,0,No Failure,173.2,76.3
L,0.13,0.28,2.91,4.39,9.63,55.06,2023.0,0,No Failure,180.0,78.7
M,0.13,0.11,3.17,4.31,12.15,57.25,2012.0,0,No Failure,215.4,91.3
H,-0.022,0.23,3.03,6.22,9.58,50.12,1986.0,0,No Failure,149.0,67.8
H,0.13,0.14,4.04,5.61,12.84,58.23,1994.0,0,No Failure,193.2,83.4
M,0.14,0.09,4.23,4.23,9.24,47.14,1964.0,0,No Failure,163.4,72.9
L,0.06,0.17,1.92,4.28,11.33,53.49,2054.0,0,No Failure,165.8,73.7
M,0.14,0.18,2.05,2.2,11.95,63.87,2160.0,0,No Failure,168.8,74.8
M,0.11,0.07,2.59,3.38,22.95,67.19,1971.0,0,No Failure,130.1,61.1
H,0.13,0.26,3.99,5.27,6.14,61.31,1981.0,0,No Failure,151.9,68.8
L,0.12,0.21,2.3,5.05,10.69,65.6,1980.0,0,No Failure,168.6,74.7
H,0.18,0.35,2.47,1.76,13.23,63.47,2016.0,0,No Failure,140.0,64.6
H,0.11,0.1,3.74,3.24,15.69,58.23,2004.0,0,No Failure,183.8,80.1
L,0.12,0.15,1.8,4.28,13.12,60.63,1928.0,0,No Failure,181.3,79.2
H,0.16,0.22,3.89,7.114,12.26,44.65,1999.0,0,No Failure,185.7,80.8
M,0.08,0.09,2.92,3.5,14.04,55.06,2042.0,0,No Failure,171.4,75.7
L,0.09,0.13,3.35,3.14,19.6,45.63,2006.0,0,No Failure,154.7,69.8
L,0.14,0.13,4.23,4.55,14.18,51.89,1992.0,0,No Failure,190.7,82.6
L,0.17,0.13,2.46,2.78,11.56,64.43,1959.0,0,No Failure,166.6,74.0
M,0.18,0.19,2.27,3.68,12.37,69.57,2068.0,0,No Failure,146.9,67.0
H,0.18,0.15,2.93,4.69,9.86,63.19,2008.0,0,No Failure,193.0,83.4
H,0.3,0.11,2.7,3.57,10.78,57.3,1952.0,0,No Failure,150.8,68.4
H,0.24,0.2,4.32,3.83,6.81,63.15,1923.0,0,No Failure,130.3,61.1
H,0.12,0.13,3.99,4.22,7.73,52.47,2038.0,0,No Failure,178.7,78.3
L,0.17,0.18,4.59,4.32,14.44,59.95,2033.0,0,No Failure,183.2,79.9
M,0.11,0.06,3.16,3.1,21.4,64.92,1838.0,0,No Failure,133.3,62.2
L,0.1,0.15,2.35,4.1,11.83,41.23,1961.0,0,No Failure,170.1,75.3
L,0.18,0.1,5.26,4.14,9.45,61.13,2036.0,0,No Failure,157.2,70.7
M,0.17,0.14,2.68,3.46,7.95,52.32,1997.0,0,No Failure,168.6,74.7
M,0.15,0.15,3.66,2.88,9.07,57.86,2014.0,0,No Failure,192.2,83.1
M,0.21,0.18,1.8,4.01,11.29,65.34,2098.0,0,No Failure,147.1,67.1
L,0.08,0.18,2.54,3.02,3.0,61.3,1965.0,0,No Failure,144.1,66.0
H,0.14,0.11,4.1,4.99,7.22,61.86,2088.0,0,No Failure,149.2,67.8
M,0.04,0.17,2.84,3.42,-2.878,62.54,2020.0,0,No Failure,175.1,77.0
M,-0.022,0.14,3.6,5.2,9.09,50.95,2012.0,0,No Failure,169.7,75.1
M,0.11,0.24,4.38,4.13,12.74,61.87,1981.0,0,No Failure,167.8,74.4
L,0.22,0.16,4.85,4.7,14.47,60.58,2018.0,1,Outer Race Spalling,5.3,29.6
M,0.09,0.2,-0.256,3.4,11.39,56.31,1962.0,0,No Failure,172.8,76.2
H,0.1,0.21,4.34,4.47,10.91,44.03,2013.0,0,No Failure,161.6,72.2
L,0.25,0.18,2.37,3.76,12.34,65.52,2036.0,0,No Failure,164.2,73.1
M,0.24,0.15,3.66,5.2,11.02,58.21,2028.0,0,No Failure,174.4,76.8
L,0.13,0.1,3.3,3.45,12.94,46.76,1928.0,0,No Failure,167.5,74.3
M,0.17,0.2,3.64,4.16,-2.878,55.41,2010.0,0,No Failure,199.8,85.8
L,0.12,0.16,3.25,4.03,13.56,55.86,1990.0,0,No Failure,220.2,93.0
M,0.23,0.376,3.93,5.1,6.16,30.516,1944.0,0,No Failure,124.1,59.0
M,0.18,0.14,2.29,4.23,16.63,51.82,2004.0,0,No Failure,181.7,79.4
L,0.09,0.19,4.36,4.27,10.86,56.52,2011.0,0,No Failure,188.4,81.7
L,0.23,0.08,3.05,3.37,10.33,66.79,2017.0,0,No Failure,154.7,69.8
L,0.17,0.14,1.8,3.46,24.78,67.11,1989.0,0,No Failure,136.5,63.4
L,0.16,0.2,2.8,3.06,15.16,57.4,1964.0,0,No Failure,181.7,79.4
H,0.13,0.09,3.79,4.24,9.22,54.07,2037.0,0,No Failure,180.0,78.8
L,0.05,0.25,2.43,2.71,5.39,61.99,1970.0,0,No Failure,122.5,58.4
H,0.16,0.21,4.73,3.5,8.38,60.34,2026.0,0,No Failure,166.8,74.1
H,0.2,0.1,3.46,4.5,8.83,61.32,1954.0,0,No Failure,165.5,73.6
H,0.08,0.14,3.91,5.17,13.96,74.66,1998.0,0,No Failure,154.8,69.8
L,0.17,0.27,3.8,3.35,17.86,55.28,2003.0,0,No Failure,162.5,72.5
M,0.17,0.13,2.92,3.08,11.77,59.47,1970.0,0,No Failure,192.2,83.1
L,0.21,0.07,3.61,4.58,3.11,61.2,2063.0,0,No Failure,131.5,61.6
M,0.18,0.22,2.07,3.19,17.89,49.37,2041.0,0,No Failure,137.6,63.7
H,0.14,0.13,2.88,3.69,5.82,64.49,1986.0,0,No Failure,182.8,79.7
L,0.12,0.2,4.19,5.1,15.06,67.13,2041.0,0,No Failure,157.9,70.9
M,0.15,0.23,2.42,4.6,13.52,85.704,1902.0,0,No Failure,170.5,75.4
L,0.16,0.13,3.97,4.35,13.45,54.16,1972.0,0,No Failure,194.0,83.7
L,0.21,0.25,2.82,4.02,10.82,58.79,1965.0,0,No Failure,175.7,77.2
L,0.14,0.22,2.64,5.14,8.32,66.59,2025.0,0,No Failure,164.2,73.1
L,0.21,0.14,3.15,3.4,13.07,45.2,1995.0,0,No Failure,177.9,78.0
H,0.19,0.13,3.96,3.58,12.03,74.36,1937.0,0,No Failure,151.5,68.7
M,0.16,0.05,3.52,4.22,15.01,53.41,1975.0,0,No Failure,177.3,77.8
L,0.14,0.24,4.01,2.33,12.62,54.85,2061.0,0,No Failure,133.8,62.4
M,0.11,0.2,4.1,3.12,6.01,63.05,1944.0,0,No Failure,146.7,67.0
L,0.04,0.22,4.82,3.06,13.5,59.87,2081.0,0,No Failure,127.0,60.0
L,0.25,0.24,4.29,4.48,18.93,62.18,1941.0,0,No Failure,123.7,58.8
L,0.08,0.05,2.58,3.92,7.56,62.79,2015.0,0,No Failure,156.8,70.5
L,0.09,0.05,2.42,4.16,17.1,66.85,2008.0,0,No Failure,154.4,69.7
H,0.17,0.18,3.38,3.24,10.87,64.16,2078.0,0,No Failure,172.0,75.9
L,0.12,0.17,4.74,4.0,5.28,54.13,1982.0,0,No Failure,172.0,75.9
M,0.16,0.17,3.76,4.38,12.34,63.96,1955.0,0,No Failure,194.8,84.0
L,0.14,0.26,4.09,4.56,16.94,60.96,1998.0,0,No Failure,175.4,77.1
M,0.17,0.13,3.18,3.8,7.96,51.18,1986.0,0,No Failure,189.2,82.0
L,0.17,0.29,4.52,3.61,9.21,56.67,2008.0,0,No Failure,158.9,71.3
L,0.11,0.12,4.05,4.33,14.19,64.85,1932.0,0,No Failure,167.7,74.4
M,0.2,0.12,2.59,5.39,11.83,52.99,1983.0,0,No Failure,169.6,75.1
M,0.08,0.19,1.8,3.71,21.2,62.63,1922.0,0,No Failure,129.3,60.8
M,0.26,0.22,1.8,2.6,10.52,63.61,1975.0,0,No Failure,126.2,59.7
L,0.06,0.14,2.39,3.71,22.08,49.47,1997.0,0,No Failure,147.9,67.4
M,0.15,0.13,3.41,2.7,6.61,68.18,2012.0,0,No Failure,163.6,72.9
H,0.1,-0.056,1.8,5.07,7.69,64.61,2007.0,0,No Failure,161.9,72.3
M,0.302,0.15,3.06,4.24,4.2,65.1,1978.0,0,No Failure,174.7,76.9
L,0.12,0.18,5.14,3.21,13.39,58.77,2007.0,0,No Failure,181.8,79.4
H,0.24,0.11,2.76,3.63,13.38,57.4,2063.0,0,No Failure,165.1,73.5
L,0.18,0.25,3.23,3.67,18.57,58.77,1939.0,0,No Failure,161.0,72.0
H,0.04,0.07,4.8,4.05,11.06,60.98,2042.0,0,No Failure,144.5,66.2
H,0.14,0.09,4.4,6.19,9.61,43.23,2040.0,0,No Failure,122.3,58.3
L,0.14,0.1,1.82,4.15,15.51,55.68,2061.0,0,No Failure,168.0,74.5
L,0.13,0.07,4.89,4.08,20.31,43.46,1936.0,0,No Failure,120.9,57.8
M,0.15,0.09,2.34,2.4,3.0,60.46,1935.0,0,No Failure,126.0,59.6
H,0.23,0.24,3.235,4.34,8.23,63.93,1987.0,0,No Failure,160.1,71.7
M,0.04,0.24,1.8,4.81,16.6,45.04,2038.0,0,No Failure,114.1,55.4
H,0.16,0.05,3.71,4.54,11.51,53.97,2013.0,0,No Failure,179.9,78.7
H,0.15,0.21,5.55,3.65,17.09,57.74,2049.0,0,No Failure,152.0,68.8
L,0.18,0.06,3.6,5.03,13.13,62.96,1983.0,0,No Failure,169.1,74.9
L,0.16,0.13,3.7,2.6,9.37,56.8,2047.0,0,No Failure,170.5,75.4
L,0.13,0.17,2.22,5.45,12.25,72.32,1903.0,0,No Failure,141.7,65.2
H,0.15,0.2,4.09,4.38,10.78,53.01,2104.0,0,No Failure,163.4,72.9
M,0.04,0.17,3.06,3.04,10.06,47.98,1956.0,0,No Failure,151.7,68.7
L,0.12,0.17,3.96,3.79,10.18,64.48,2142.0,0,No Failure,156.6,70.5
L,0.17,0.17,1.96,3.96,16.66,62.08,1975.0,0,No Failure,179.1,78.4
L,0.14,0.19,1.92,2.63,13.07,54.49,2097.0,0,No Failure,151.9,68.8
M,0.08,0.08,3.24,4.6,10.7,52.7,2040.0,0,No Failure,167.6,74.4
M,0.09,0.14,2.64,5.43,14.97,59.57,2001.0,0,No Failure,180.5,78.9
M,0.22,0.21,4.05,5.41,7.83,59.99,2065.0,0,No Failure,133.0,62.1
L,0.14,0.23,3.91,4.02,11.42,63.88,1981.0,0,No Failure,168.4,74.6
M,0.09,0.11,1.8,2.88,19.98,45.27,1989.0,0,No Failure,124.7,59.2
L,0.19,0.18,2.82,3.46,12.62,73.28,1950.0,0,No Failure,150.9,68.4
H,0.09,0.21,4.31,4.6,13.55,60.94,1938.0,0,No Failure,162.9,72.7
H,0.04,0.21,3.3,4.115,11.11,48.11,1983.0,0,No Failure,170.0,75.2
M,0.21,0.19,3.07,3.18,9.9,58.34,1995.0,0,No Failure,186.7,81.1
L,0.16,0.12,3.3,3.44,9.37,61.79,2025.0,0,No Failure,189.9,82.2
M,0.14,0.26,2.79,4.65,12.56,52.34,2064.0,0,No Failure,170.9,75.5
L,0.13,0.1,1.8,4.65,15.73,43.18,2023.0,0,No Failure,150.2,68.2
L,0.06,0.2,3.48,2.2,19.87,59.54,2000.0,0,No Failure,146.0,66.7
M,0.17,0.1,3.05,4.88,10.84,62.0,1946.0,0,No Failure,174.3,76.7
L,0.2,0.15,3.64,3.37,9.86,54.85,2023.0,0,No Failure,181.6,79.3
L,0.09,0.17,1.97,3.17,8.34,57.03,1938.0,0,No Failure,157.6,70.8
L,0.11,0.18,2.34,4.21,23.08,49.19,1977.0,0,No Failure,155.3,70.0
H,0.13,0.15,2.6,4.21,4.75,79.19,1973.0,0,No Failure,165.3,73.5
L,0.14,0.11,1.81,3.77,16.15,65.93,2023.0,0,No Failure,169.6,75.1
L,0.07,0.07,3.45,4.03,9.42,65.45,1920.0,0,No Failure,147.9,67.4
L,0.04,0.12,2.18,4.38,18.85,58.04,1930.0,0,No Failure,142.4,65.4
H,0.09,0.37,3.18,3.13,14.41,65.27,1996.0,0,No Failure,173.2,76.3
M,0.05,0.1,2.98,4.14,12.5,59.81,1967.0,0,No Failure,184.3,80.3
L,0.12,0.26,3.44,4.85,10.83,53.73,1931.0,0,No Failure,161.1,72.1
M,0.13,0.15,4.03,7.114,8.78,63.47,1998.0,0,No Failure,199.2,85.5
L,0.14,0.05,1.85,2.59,13.6,57.05,2059.0,0,No Failure,146.8,67.0
H,0.11,0.1,3.26,3.35,17.69,61.45,2018.0,0,No Failure,174.9,77.0
M,0.08,0.07,3.3,4.88,18.12,68.62,2030.0,0,No Failure,142.0,65.3
L,0.13,0.11,4.15,3.41,11.71,52.54,2037.0,0,No Failure,178.1,78.1
H,0.16,0.25,1.8,2.32,17.18,58.25,1926.0,0,No Failure,125.7,59.5
M,0.18,0.16,4.44,4.33,16.33,52.53,1949.0,0,No Failure,154.8,69.8
L,0.11,0.17,3.88,4.79,16.55,66.05,2006.0,0,No Failure,180.3,78.8
L,0.19,0.25,3.14,3.94,12.62,63.9,2092.0,0,No Failure,161.0,72.0
M,0.19,0.19,4.45,4.74,11.17,59.31,2012.0,0,No Failure,180.9,79.1
L,0.15,0.16,2.22,5.7,11.22,30.516,2072.0,0,No Failure,152.2,68.9
M,0.09,0.12,2.65,4.1,15.77,58.93,2044.0,0,No Failure,183.8,80.1
L,0.05,0.15,2.87,2.56,15.88,58.32,1971.0,0,No Failure,161.8,72.3
M,0.07,0.23,3.27,4.05,14.23,52.19,2021.0,0,No Failure,181.6,79.3
M,0.16,0.17,3.4,3.81,8.21,61.17,2042.0,0,No Failure,191.5,82.8
M,0.14,0.19,4.03,3.93,12.44,56.17,1838.0,0,No Failure,201.2,86.3
H,0.08,0.22,3.53,3.89,15.73,54.73,1964.0,0,No Failure,174.4,76.8
L,0.17,0.09,3.66,3.67,20.46,62.55,1988.0,0,No Failure,165.9,73.8
M,0.11,0.17,3.66,3.29,11.01,78.84,1988.0,0,No Failure,162.0,72.4
M,0.08,0.13,3.18,5.23,15.48,57.42,1986.0,0,No Failure,184.1,80.2
L,0.08,0.17,4.53,3.23,13.92,63.51,1974.0,0,No Failure,165.8,73.7
M,0.16,0.15,4.05,4.45,20.04,65.96,1962.0,0,No Failure,162.3,72.5
L,0.07,0.22,2.87,4.56,21.57,57.76,2032.0,0,No Failure,154.4,69.7
H,0.13,0.26,1.8,5.0,11.42,62.9,1948.0,0,No Failure,151.2,68.5
H,0.19,0.14,1.8,4.34,10.49,57.16,1987.0,0,No Failure,186.9,81.2
L,0.14,0.16,2.46,1.066,14.48,63.79,2004.0,0,No Failure,202.7,86.8
L,0.08,0.16,3.64,3.24,9.59,45.72,1993.0,0,No Failure,169.1,74.9
L,0.12,0.16,3.15,4.11,17.37,63.76,2064.0,0,No Failure,187.8,81.5
M,0.15,0.19,2.66,3.93,12.23,63.48,1963.0,0,No Failure,198.1,85.2
M,0.19,0.11,2.2,4.69,17.95,52.23,2057.0,0,No Failure,144.9,66.3
L,0.08,0.14,3.42,4.3,8.67,60.08,1991.0,0,No Failure,192.2,83.1
L,0.12,0.23,3.78,4.74,14.44,53.72,2037.0,0,No Failure,175.8,77.3
M,0.09,0.06,1.8,4.19,14.32,67.36,1926.0,0,No Failure,135.2,62.9
H,0.14,0.14,3.54,3.96,14.04,63.73,2011.0,0,No Failure,208.8,89.0
H,0.11,0.18,3.11,4.96,4.05,56.5,2009.0,0,No Failure,178.8,78.3
M,0.12,0.14,5.31,4.34,11.57,59.95,2024.0,0,No Failure,181.2,79.2
M,0.11,0.13,3.43,4.4,11.96,48.42,1902.0,0,No Failure,168.7,74.7
M,0.12,0.09,2.84,2.77,6.66,54.41,2010.0,0,No Failure,162.3,72.5
M,0.16,0.15,2.67,4.85,7.82,79.1,1969.0,0,No Failure,149.9,68.1
L,0.18,0.21,1.8,5.2,10.75,59.79,1957.0,0,No Failure,155.4,70.0
H,0.19,0.21,4.71,3.66,9.59,47.74,1947.0,0,No Failure,143.3,65.8
M,0.18,0.2,1.8,2.2,7.12,57.95,2011.0,0,No Failure,148.2,67.5
L,0.21,0.09,3.87,4.73,6.88,68.75,1992.0,0,No Failure,144.5,66.2
M,0.12,0.11,3.07,4.3,9.96,56.42,2037.0,0,No Failure,194.5,83.9
M,0.13,0.19,2.57,4.89,10.64,67.49,1935.0,0,No Failure,165.9,73.8
M,0.08,0.15,3.36,4.08,7.92,53.6,2064.0,0,No Failure,176.2,77.4
M,0.21,0.13,2.4,3.88,9.59,51.37,2048.0,0,No Failure,162.0,72.4
M,0.14,0.13,2.29,5.16,20.53,44.11,2029.0,0,No Failure,141.3,65.0
M,0.15,0.16,3.89,3.07,13.29,62.7,2017.0,0,No Failure,185.5,80.7
L,0.1,0.22,3.31,4.51,10.69,60.29,2004.0,0,No Failure,196.7,84.6
M,0.14,0.05,2.51,4.82,19.28,60.4,2049.0,0,No Failure,151.3,68.6
M,0.13,0.21,2.77,3.55,9.15,52.88,1978.0,0,No Failure,185.1,80.5
M,0.1,0.08,1.8,3.69,14.62,62.11,1980.0,0,No Failure,162.8,72.7
M,0.09,0.22,4.04,3.02,12.53,57.25,1961.0,0,No Failure,169.9,75.2
H,0.25,0.08,1.8,5.05,-2.878,63.41,1977.0,0,No Failure,133.1,62.1
L,0.12,0.23,3.13,4.89,21.75,67.7,2013.0,0,No Failure,152.6,69.1
M,0.18,0.23,3.67,5.09,11.79,55.68,1980.0,0,No Failure,178.6,78.3
H,0.19,0.16,3.235,5.25,20.55,59.27,2035.0,1,Inner Race Defect,3.6,22.9
M,0.09,0.11,1.91,3.16,14.14,49.23,2059.0,0,No Failure,142.1,65.3
M,0.16,0.13,3.47,5.35,16.72,71.06,1980.0,0,No Failure,160.2,71.7
L,0.14,0.17,2.82,4.14,9.02,61.92,1975.0,0,No Failure,186.8,81.2
L,0.04,0.2,4.54,3.24,-2.878,65.78,2099.0,0,No Failure,122.4,58.3
M,0.2,0.05,2.84,4.81,12.15,55.38,2115.0,0,No Failure,141.1,65.0
M,0.12,0.16,3.96,3.54,7.22,67.54,1920.0,0,No Failure,156.0,70.2
L,0.24,0.15,2.9,5.26,9.55,61.45,2056.0,0,No Failure,154.7,69.8
H,0.17,0.18,2.69,3.31,9.68,55.17,2043.0,0,No Failure,178.6,78.3
L,0.11,0.14,3.16,4.84,12.62,68.94,1987.0,0,No Failure,170.0,75.2
M,0.1,0.06,5.46,4.44,15.12,51.67,1981.0,0,No Failure,141.3,65.0
L,0.22,0.07,3.42,3.08,13.56,55.8,1965.0,0,No Failure,157.9,70.9
L,0.14,0.2,3.5,5.69,15.71,57.05,1998.0,0,No Failure,181.3,79.2
M,0.19,0.18,3.1,3.15,12.63,49.52,2013.0,0,No Failure,184.9,80.5
L,0.21,0.09,2.28,4.78,12.18,55.08,1970.0,0,No Failure,164.5,73.3
H,0.13,0.09,2.8,4.24,12.31,53.15,1980.0,0,No Failure,199.4,85.6
M,0.1,0.12,3.78,4.77,12.02,68.55,2010.0,0,No Failure,176.6,77.5
L,0.13,0.12,4.43,3.31,15.18,58.25,2055.0,0,No Failure,170.8,75.5
L,0.11,0.24,4.13,3.39,11.6,57.81,2018.0,0,No Failure,165.1,73.5
H,0.07,0.07,3.42,4.18,11.18,49.29,1944.0,0,No Failure,159.1,71.3
L,0.12,0.15,3.36,5.16,15.73,63.78,2034.0,0,No Failure,179.4,78.5
L,0.13,0.21,2.59,3.88,14.77,54.58,2084.0,0,No Failure,174.6,76.9
M,0.04,0.12,3.77,5.91,11.16,64.04,1981.0,0,No Failure,143.9,66.0
L,0.19,0.2,2.18,4.14,15.93,53.36,1953.0,0,No Failure,167.7,74.4
L,0.07,0.17,2.35,4.7,12.62,49.32,2072.0,0,No Failure,139.3,64.3
L,0.19,0.13,2.36,4.27,14.55,55.62,2017.0,0,No Failure,188.7,81.8
H,0.11,0.11,3.14,4.64,12.79,68.78,1937.0,0,No Failure,169.4,75.0
M,0.16,0.17,3.87,4.94,17.7,57.27,2081.0,0,No Failure,166.4,73.9
L,0.13,0.09,4.18,5.16,15.79,61.25,1987.0,0,No Failure,171.9,75.9
L,-0.022,0.11,1.8,3.77,16.1,62.58,1982.0,0,No Failure,159.7,71.5
H,0.21,0.2,3.56,4.74,13.6,68.46,1983.0,0,No Failure,166.0,73.8
M,0.14,0.21,3.17,2.63,19.13,44.1,1928.0,0,No Failure,122.2,58.3
M,0.19,0.09,4.56,4.74,21.42,55.06,1983.0,0,No Failure,139.7,64.5
L,0.2,0.376,2.57,4.94,12.62,59.66,2014.0,0,No Failure,183.3,79.9
L,0.12,0.25,2.58,4.29,9.74,72.71,1946.0,1,Roller Element Wear,8.2,22.4
M,0.04,0.12,2.17,4.09,15.88,65.93,2042.0,0,No Failure,150.2,68.2
H,0.18,0.29,4.39,3.06,20.35,49.53,1989.0,0,No Failure,121.3,58.0
M,0.26,0.376,2.73,1.066,27.848,57.61,2046.0,0,No Failure,164.4,73.2
L,0.08,0.22,4.15,3.77,13.61,59.66,2040.0,0,No Failure,173.1,76.3
L,0.302,0.17,3.63,2.93,16.29,63.13,1997.0,0,No Failure,187.5,81.4
L,0.17,0.18,2.89,3.92,13.57,68.12,1997.0,0,No Failure,195.9,84.4
M,0.04,0.19,2.35,4.3,15.48,46.15,2045.0,0,No Failure,145.1,66.4
M,0.13,0.15,4.26,4.25,11.41,54.01,1838.0,0,No Failure,198.1,85.2
L,0.05,0.07,2.28,4.19,13.82,65.77,2021.0,0,No Failure,156.1,70.3
H,0.09,0.24,3.16,3.47,22.02,59.82,1976.0,0,No Failure,156.3,70.3
M,0.16,0.05,2.27,3.24,13.02,58.86,2011.0,0,No Failure,175.5,77.2
M,0.15,0.12,3.06,5.4,14.17,52.94,1948.0,0,No Failure,175.2,77.0
M,0.18,0.13,2.91,5.56,13.23,67.77,1943.0,0,No Failure,158.6,71.2
L,0.2,0.18,4.34,2.21,14.42,52.06,2005.0,0,No Failure,153.5,69.4
H,0.17,0.23,3.84,3.83,14.91,30.516,1952.0,0,No Failure,144.7,66.2
H,0.11,0.11,4.24,2.53,11.04,57.34,2020.0,0,No Failure,166.2,73.9
L,0.19,0.14,2.48,3.34,12.47,72.81,1951.0,0,No Failure,157.1,70.6
M,0.14,0.23,4.15,5.01,19.78,49.34,2003.0,0,No Failure,153.6,69.4
L,0.16,0.17,2.44,4.01,15.4,73.32,1956.0,0,No Failure,169.9,75.2
M,0.19,0.09,3.69,4.95,22.34,57.65,2065.0,0,No Failure,138.0,63.9
L,0.2,0.1,3.27,5.1,6.6,70.95,1957.0,0,No Failure,137.4,63.7
L,0.26,0.16,1.8,3.33,15.7,62.73,2046.0,0,No Failure,132.8,62.0
M,0.12,0.18,3.16,5.17,9.45,68.15,2045.0,0,No Failure,169.4,75.0
L,0.1,0.05,3.51,3.3,11.1,57.81,1977.0,0,No Failure,170.9,75.5
L,0.19,0.15,3.44,3.78,11.51,54.28,2076.0,0,No Failure,182.8,79.8
L,0.1,0.26,3.21,4.1,8.57,55.44,1998.0,0,No Failure,176.0,77.3
M,-0.022,0.14,3.03,3.42,14.37,49.82,2004.0,0,No Failure,194.9,84.0
L,0.21,0.06,4.42,4.09,17.32,63.5,1965.0,0,No Failure,142.5,65.5
L,0.22,0.19,4.12,3.42,7.14,50.65,2013.0,0,No Failure,152.1,68.9
L,0.302,0.05,2.66,4.04,14.49,52.58,2006.0,0,No Failure,184.5,80.3
H,0.12,0.15,2.94,3.6,5.2,62.42,2006.0,0,No Failure,185.6,80.7
H,0.19,0.18,3.03,4.44,8.38,60.59,1955.0,0,No Failure,181.5,79.3
L,0.11,0.376,3.07,3.24,10.2,53.73,1958.0,0,No Failure,164.1,73.1
M,0.04,0.22,3.53,3.18,12.74,38.0,1976.0,0,No Failure,134.1,62.5
M,0.2,0.25,3.25,4.29,8.4,62.41,1924.0,0,No Failure,155.4,70.0
L,0.08,0.15,4.62,5.19,10.94,48.72,1954.0,0,No Failure,147.8,67.3
L,0.06,0.16,2.41,4.32,8.46,56.56,1957.0,0,No Failure,173.2,76.3
L,0.16,0.25,1.8,4.18,12.32,66.46,1989.0,0,No Failure,173.8,76.6
L,0.17,0.16,1.83,3.7,11.92,47.29,2004.0,0,No Failure,183.3,79.9
H,0.09,0.15,3.83,4.58,6.99,53.95,2065.0,0,No Failure,161.2,72.1
M,0.1,0.18,2.03,1.066,16.01,45.77,2069.0,0,No Failure,145.6,66.6
M,0.11,0.22,3.76,4.34,15.6,70.01,2056.0,0,No Failure,157.9,70.9
H,0.1,0.11,3.69,5.43,12.14,43.25,2050.0,0,No Failure,144.6,66.2
L,0.06,0.05,3.64,4.31,-2.878,58.92,1998.0,0,No Failure,171.6,75.8
M,0.1,0.18,2.74,4.77,16.14,54.38,2065.0,0,No Failure,168.4,74.6
M,0.17,0.17,2.93,3.6,14.97,63.85,1987.0,0,No Failure,195.0,84.1
H,0.16,0.23,2.6,2.92,18.48,67.25,2033.0,0,No Failure,145.0,66.4
M,0.2,0.11,3.82,3.15,21.69,54.85,1992.0,0,No Failure,149.9,68.1
H,0.16,0.2,1.8,4.16,3.0,54.78,2006.0,0,No Failure,163.3,72.8
H,0.14,0.14,2.43,5.1,6.84,58.25,2053.0,0,No Failure,173.3,76.4
L,0.1,0.22,4.94,2.63,10.47,72.7,2039.0,0,No Failure,121.2,57.9
M,0.12,0.23,3.18,3.98,4.05,58.62,1969.0,0,No Failure,177.5,77.9
M,0.18,0.2,2.79,3.68,8.24,44.39,2009.0,0,No Failure,167.0,74.2
L,0.16,0.24,1.8,5.27,13.11,54.69,1978.0,0,No Failure,162.5,72.6
M,0.08,0.16,3.93,4.76,3.72,57.86,2069.0,0,No Failure,152.1,68.9
L,0.09,0.29,4.15,4.09,9.58,44.43,2014.0,0,No Failure,142.4,65.4
L,0.13,0.18,1.85,5.18,9.48,66.0,1974.0,0,No Failure,162.0,72.4
M,0.23,0.23,2.6,4.44,15.12,56.1,1973.0,0,No Failure,165.1,73.5
L,0.14,0.08,2.93,3.86,14.24,40.27,1999.0,0,No Failure,175.5,77.2
M,0.18,0.17,3.25,4.26,11.9,68.81,2035.0,0,No Failure,191.0,82.7
L,0.14,0.17,1.8,4.49,14.82,69.42,2041.0,0,No Failure,160.4,71.8
L,0.17,0.2,3.14,2.93,16.58,54.0,2010.0,0,No Failure,178.6,78.3
M,0.12,0.14,3.62,3.74,15.21,64.25,1945.0,0,No Failure,179.7,78.6
M,0.18,0.18,3.38,2.25,14.55,51.16,2003.0,0,No Failure,170.5,75.4
M,0.09,0.17,3.77,5.66,6.79,47.09,1959.0,0,No Failure,140.7,64.8
L,0.04,0.06,3.61,3.45,13.3,46.31,1956.0,0,No Failure,136.4,63.3
M,0.05,0.27,2.39,4.5,11.21,56.66,1960.0,0,No Failure,153.7,69.4
L,0.04,0.16,4.88,3.88,14.58,53.06,2004.0,0,No Failure,168.4,74.6
H,0.07,0.16,2.46,1.066,15.64,49.33,2025.0,0,No Failure,175.4,77.1
L,0.25,0.16,2.11,5.25,13.96,64.41,2075.0,0,No Failure,136.2,63.2
L,0.13,0.19,4.49,4.19,16.14,65.73,1979.0,0,No Failure,177.5,77.9
L,0.16,0.16,5.46,2.3,12.81,70.61,1998.0,0,No Failure,143.5,65.8
M,0.12,0.12,4.01,3.08,15.72,68.53,2025.0,0,No Failure,159.7,71.6
M,0.12,0.1,1.8,5.08,13.24,48.65,2055.0,0,No Failure,148.7,67.7
H,0.1,0.17,2.0,4.59,14.74,78.22,1960.0,0,No Failure,145.0,66.3
M,0.15,0.21,3.99,3.7,12.2,30.516,2018.0,0,No Failure,200.3,85.9
H,0.05,0.25,4.08,3.71,15.96,47.77,2013.0,0,No Failure,141.5,65.1
H,0.19,0.17,3.74,5.0,14.35,48.15,2049.0,0,No Failure,161.7,72.3
M,0.1,0.15,4.66,4.3,9.17,60.25,2023.0,0,No Failure,181.3,79.2
H,0.27,0.08,2.68,4.65,15.13,58.68,1963.0,0,No Failure,149.1,67.8
L,0.12,0.07,2.88,5.8,14.27,61.74,2054.0,0,No Failure,154.3,69.6
H,0.23,0.16,4.57,7.114,6.67,52.19,2016.0,0,No Failure,148.2,67.5
M,0.17,0.15,2.84,4.34,18.69,69.3,1942.0,0,No Failure,163.8,73.0
M,0.13,0.19,4.8,4.44,12.78,65.82,2026.0,0,No Failure,180.1,78.8
M,0.1,0.22,3.55,4.81,-2.878,68.78,2011.0,0,No Failure,168.8,74.8
M,0.16,0.13,2.13,4.06,16.2,63.44,1993.0,0,No Failure,187.0,81.2
L,0.1,0.14,3.25,5.18,10.61,47.56,2060.0,0,No Failure,163.3,72.9
L,0.21,0.11,3.06,3.73,11.39,43.41,1976.0,0,No Failure,163.5,72.9
L,0.11,0.24,1.91,4.36,6.32,68.01,2010.0,0,No Failure,149.3,67.9
H,0.15,0.18,2.31,2.67,8.13,67.54,1895.0,0,No Failure,131.9,61.7
M,0.04,0.18,4.8,3.38,9.48,57.9,1987.0,0,No Failure,160.3,71.8
M,0.18,0.12,3.99,2.71,12.16,51.79,2007.0,0,No Failure,171.3,75.7
M,0.24,0.19,4.18,4.25,15.91,52.62,1997.0,0,No Failure,169.1,74.9
M,0.16,0.16,2.83,4.61,14.39,56.36,1972.0,0,No Failure,202.3,86.6
L,0.16,0.11,3.72,4.59,12.83,59.47,1978.0,0,No Failure,197.7,85.0
L,0.22,0.08,3.4,3.1,8.56,59.53,1953.0,0,No Failure,150.6,68.3
M,0.05,0.26,3.24,3.01,5.18,65.01,2096.0,0,No Failure,107.0,52.9
M,0.08,0.23,3.43,3.35,18.11,58.49,2033.0,0,No Failure,164.2,73.1
M,0.14,0.13,3.9,3.68,11.88,51.61,1998.0,0,No Failure,202.0,86.5
M,0.13,0.18,3.3,3.51,8.95,60.24,2061.0,0,No Failure,189.4,82.1
H,0.23,0.2,3.37,3.55,11.61,56.28,1990.0,0,No Failure,185.0,80.5
L,0.17,0.13,3.23,3.5,15.88,55.07,1999.0,0,No Failure,196.8,84.7
H,0.05,0.19,2.17,3.9,12.12,59.16,1942.0,0,No Failure,167.9,74.5
M,0.13,0.13,3.18,4.84,15.25,57.82,1997.0,0,No Failure,197.5,85.0
H,0.14,0.07,1.97,4.43,8.86,63.97,2034.0,0,No Failure,162.8,72.7
L,0.17,0.19,2.19,4.91,13.25,70.61,2009.0,0,No Failure,167.4,74.3
M,0.18,0.12,1.8,4.07,8.3,71.8,2048.0,0,No Failure,145.5,66.5
M,0.22,0.05,3.41,2.65,18.3,61.77,1969.0,0,No Failure,131.9,61.7
L,0.14,0.07,2.17,3.07,13.15,69.01,1987.0,0,No Failure,152.9,69.2
H,0.04,0.13,3.35,4.63,12.34,51.41,1950.0,0,No Failure,167.2,74.2
M,0.2,0.15,3.69,2.91,13.7,63.12,2009.0,0,No Failure,178.7,78.3
M,0.06,0.15,6.656,3.56,6.54,57.94,2036.0,0,No Failure,157.9,70.9
H,0.14,0.19,3.81,5.34,4.53,54.18,2004.0,0,No Failure,167.6,74.3
L,0.2,0.17,2.36,3.4,17.53,47.04,1968.0,0,No Failure,151.9,68.8
H,0.1,0.16,1.8,2.2,20.35,58.25,1945.0,0,No Failure,130.3,61.1
M,0.12,0.13,3.89,4.58,16.35,53.92,1958.0,0,No Failure,175.9,77.3
M,0.14,0.12,2.01,2.73,17.16,60.33,1950.0,0,No Failure,156.4,70.4
L,0.13,0.13,4.35,6.14,9.51,65.31,1911.0,0,No Failure,129.1,60.7
H,0.19,0.2,4.29,3.76,13.29,59.16,2046.0,0,No Failure,178.7,78.3
M,0.14,0.1,5.08,5.03,17.72,58.1,1976.0,0,No Failure,157.7,70.8
M,0.11,0.16,2.95,3.24,13.84,50.78,1947.0,0,No Failure,181.3,79.2
L,0.04,0.13,1.8,3.7,27.848,39.16,2018.0,0,No Failure,139.4,64.4
H,0.302,0.11,3.66,4.22,9.9,63.68,1900.0,0,No Failure,129.3,60.8
L,0.15,0.19,3.43,3.15,14.95,57.06,1996.0,0,No Failure,201.5,86.4
H,0.19,0.15,2.22,4.59,10.14,52.63,1994.0,0,No Failure,182.2,79.5
M,0.04,0.07,5.05,4.23,15.89,59.85,2062.0,0,No Failure,129.8,61.0
L,0.2,0.1,4.21,3.73,9.22,61.61,2008.0,0,No Failure,169.3,75.0
H,0.16,0.12,3.39,4.23,16.26,56.42,2052.0,0,No Failure,191.4,82.8
L,0.13,0.07,2.74,3.22,10.35,55.25,2053.0,0,No Failure,167.2,74.2
L,0.25,0.06,2.76,4.93,7.45,59.33,1945.0,0,No Failure,131.5,61.6
L,-0.022,0.11,3.76,4.24,11.0,67.75,1944.0,0,No Failure,164.3,73.2
H,0.07,0.21,3.235,4.83,11.46,64.33,1925.0,0,No Failure,155.0,69.9
L,0.15,0.15,1.99,3.99,8.24,59.3,1981.0,0,No Failure,191.7,82.9
M,0.14,0.13,3.26,4.87,19.45,64.43,1969.0,0,No Failure,176.0,77.3
M,0.15,0.11,4.08,4.61,11.05,64.59,1999.0,0,No Failure,187.6,81.4
M,0.09,0.14,2.39,4.25,6.56,49.07,2035.0,0,No Failure,160.4,71.8
L,0.11,0.14,1.8,3.54,13.44,41.1,2017.0,0,No Failure,161.0,72.0
L,0.14,0.22,2.92,4.7,16.52,45.38,2041.0,0,No Failure,162.7,72.6
L,0.11,0.24,5.04,3.6,13.38,43.22,2018.0,0,No Failure,142.6,65.5
M,0.17,0.11,3.34,5.56,10.81,53.41,1997.0,0,No Failure,178.3,78.2
L,0.27,0.22,3.81,3.85,4.26,63.86,1977.0,0,No Failure,133.5,62.3
M,0.11,0.05,3.24,4.94,16.02,62.94,2083.0,0,No Failure,145.4,66.5
H,0.11,0.21,4.84,3.7,8.63,47.93,2017.0,0,No Failure,153.9,69.5
L,0.13,0.19,1.85,3.74,9.31,54.66,2000.0,0,No Failure,187.5,81.4
H,0.25,0.13,3.33,3.8,12.82,48.1,1993.0,0,No Failure,176.3,77.4
L,0.05,0.16,2.61,4.71,17.93,59.98,1929.0,0,No Failure,153.7,69.4
M,0.07,0.17,3.25,4.45,17.37,38.0,1838.0,0,No Failure,141.6,65.1
L,0.18,0.12,3.44,4.19,10.86,50.15,1981.0,0,No Failure,190.5,82.5
M,0.18,0.18,2.82,4.82,13.39,60.65,2016.0,0,No Failure,193.7,83.6
L,0.11,0.21,4.19,2.2,9.85,64.09,1989.0,0,No Failure,151.5,68.6
M,0.17,0.12,2.14,3.08,5.86,64.2,1942.0,0,No Failure,142.2,65.4
M,0.12,0.1,4.38,4.23,7.68,56.48,2012.0,0,No Failure,179.3,78.5
M,0.13,0.16,3.53,5.22,10.93,62.62,1992.0,0,No Failure,196.2,84.5
L,0.08,0.28,4.44,5.31,5.18,56.17,2097.0,0,No Failure,101.9,51.1
H,0.2,0.16,2.04,3.1,12.5,59.95,2101.0,0,No Failure,155.2,70.0
L,0.15,0.16,2.77,3.89,5.4,60.0,2032.0,0,No Failure,191.4,82.8
H,0.16,0.1,4.73,4.33,15.27,54.37,1986.0,0,No Failure,175.7,77.2
M,0.17,0.14,4.04,4.54,11.72,71.7,1978.0,0,No Failure,174.9,77.0
L,0.1,0.15,4.6,4.23,9.32,64.96,1947.0,0,No Failure,165.3,73.5
L,0.13,0.1,2.31,1.066,10.36,66.33,2037.0,0,No Failure,174.3,76.7
L,0.1,0.1,4.06,4.75,16.39,49.41,1931.0,0,No Failure,143.0,65.6
M,0.14,0.15,2.45,4.66,16.79,55.51,2001.0,0,No Failure,197.5,85.0
H,0.12,0.18,2.81,3.83,19.7,52.16,1947.0,0,No Failure,170.5,75.4
M,0.19,0.15,4.21,2.52,12.98,65.73,2000.0,0,No Failure,168.0,74.5
L,0.11,0.21,3.87,3.85,20.01,62.0,2032.0,0,No Failure,163.0,72.7
L,0.12,0.2,3.62,4.69,-2.878,61.91,1987.0,0,No Failure,191.0,82.6
H,0.16,0.15,2.36,6.62,10.11,58.25,2014.0,0,No Failure,155.9,70.2
L,0.1,0.14,3.89,3.73,11.5,55.77,1945.0,0,No Failure,185.6,80.7
H,0.13,0.18,3.08,3.89,17.35,54.48,1975.0,0,No Failure,197.6,85.0
L,0.16,0.06,3.87,5.43,17.22,52.6,2022.0,0,No Failure,148.4,67.6
L,0.08,0.17,2.86,3.57,8.96,53.29,1918.0,0,No Failure,162.4,72.5
L,0.13,0.11,3.03,5.67,21.35,66.04,2052.0,1,Inner Race Defect,2.9,18.8
L,0.08,0.2,1.96,3.6,17.61,52.13,1938.0,0,No Failure,142.4,65.4
M,0.19,0.05,2.5,3.91,13.38,52.24,1935.0,0,No Failure,153.8,69.5
L,0.1,0.13,4.3,4.52,7.0,53.73,1872.0,0,No Failure,134.5,62.7
L,0.18,0.21,3.08,3.72,-2.878,61.58,2040.0,0,No Failure,190.5,82.5
M,0.14,0.21,2.67,3.95,11.5,61.9,1979.0,0,No Failure,200.2,85.9
L,0.04,0.26,2.35,5.07,10.34,69.85,1988.0,1,Roller Element Wear,7.3,15.9
M,0.18,0.26,3.17,2.6,5.17,47.5,2046.0,0,No Failure,123.8,58.8
H,0.18,0.16,2.49,5.27,11.64,63.17,2061.0,0,No Failure,169.5,75.0
L,0.1,0.14,2.79,5.1,12.96,58.17,1995.0,0,No Failure,197.6,85.0
M,0.15,0.11,4.1,3.06,14.16,58.025,1996.0,0,No Failure,189.4,82.1
L,0.09,0.11,3.51,5.0,14.72,50.06,1975.0,0,No Failure,165.9,73.8
H,0.14,0.09,3.82,4.4,13.34,55.4,2053.0,0,No Failure,185.5,80.7
L,0.12,0.22,3.48,4.37,14.36,64.5,2072.0,0,No Failure,173.2,76.3
M,0.17,0.09,6.37,4.39,10.1,49.75,1998.0,0,No Failure,146.0,66.7
M,0.13,0.08,2.66,4.61,10.06,65.91,2041.0,0,No Failure,166.5,74.0
H,0.28,0.05,2.84,4.04,12.74,76.86,1988.0,0,No Failure,130.6,61.2
H,0.09,0.06,2.2,5.28,8.96,50.88,2061.0,0,No Failure,127.0,60.0
L,0.16,0.11,3.73,3.54,16.94,61.91,2016.0,0,No Failure,179.2,78.5
H,0.23,0.13,3.56,4.21,14.65,63.11,1985.0,0,No Failure,181.5,79.3
M,0.04,0.16,4.26,3.99,12.3,61.06,2008.0,0,No Failure,186.9,81.2
L,0.09,0.1,3.49,4.01,11.57,62.24,2010.0,0,No Failure,193.6,83.6
L,0.09,0.25,2.58,4.07,10.77,56.38,1937.0,0,No Failure,167.5,74.3
L,0.09,0.13,3.51,3.95,7.57,65.94,1954.0,0,No Failure,169.7,75.1
M,0.19,0.07,4.83,4.92,19.67,50.96,2000.0,0,No Failure,130.7,61.3
L,0.16,0.08,4.07,4.4,9.13,59.05,1981.0,0,No Failure,180.7,79.0
L,0.16,0.09,2.02,4.28,15.0,51.22,2082.0,0,No Failure,154.6,69.8
H,0.11,0.2,3.58,3.26,8.22,51.18,1953.0,0,No Failure,162.8,72.7
L,0.16,0.31,2.19,4.21,13.4,58.13,1907.0,0,No Failure,150.3,68.2
L,0.16,0.19,3.08,3.21,3.91,57.81,2034.0,0,No Failure,158.1,71.0
L,0.1,0.24,3.62,4.21,15.05,60.39,1970.0,0,No Failure,179.6,78.6
L,0.1,0.07,1.82,3.27,17.03,57.36,1955.0,0,No Failure,146.2,66.8
L,0.11,0.14,4.1,4.48,9.16,53.99,1983.0,0,No Failure,184.6,80.4
L,0.1,0.2,4.11,2.2,10.74,54.15,1999.0,0,No Failure,162.5,72.6
M,0.13,0.08,4.14,5.2,10.22,48.09,1920.0,0,No Failure,137.6,63.7
L,0.19,0.19,1.91,5.31,4.26,54.29,2019.0,0,No Failure,142.6,65.5
H,0.15,0.21,2.76,3.99,3.0,60.83,2002.0,0,No Failure,178.9,78.4
H,0.12,0.23,2.61,5.43,7.8,62.35,2014.0,0,No Failure,159.4,71.5
L,0.12,0.14,4.06,3.87,11.03,50.97,2030.0,0,No Failure,186.6,81.1
H,0.19,0.17,3.7,3.53,19.4,57.65,2013.0,0,No Failure,181.4,79.2
M,0.23,0.07,3.82,3.9,13.1,49.15,1995.0,0,No Failure,162.1,72.4
L,0.17,0.21,4.03,3.13,13.65,60.6,2047.0,0,No Failure,169.7,75.1
H,0.17,0.14,3.42,5.98,20.72,52.5,2021.0,1,Inner Race Defect,9.1,23.3
M,0.2,0.17,3.17,5.0,4.03,63.79,2053.0,0,No Failure,114.5,55.5
M,0.24,0.21,2.93,4.23,18.71,64.8,2047.0,0,No Failure,149.1,67.8
L,0.22,0.17,2.97,4.2,6.85,69.99,2012.0,0,No Failure,166.5,74.0
L,0.12,0.09,2.21,3.47,7.68,72.5,1978.0,0,No Failure,143.6,65.9
H,0.1,0.15,5.12,4.69,3.0,69.39,1998.0,0,No Failure,135.0,62.8
M,0.12,0.21,3.17,4.13,13.44,85.704,2081.0,0,No Failure,169.3,74.9
L,0.12,0.08,3.01,4.44,12.98,59.29,1964.0,0,No Failure,194.1,83.7
L,0.09,0.12,1.97,4.63,5.49,60.91,2023.0,0,No Failure,156.1,70.3
L,0.13,0.08,1.88,3.33,10.48,64.33,2037.0,0,No Failure,157.5,70.8
H,0.15,0.11,4.69,6.25,3.0,68.71,2011.0,0,No Failure,115.9,56.0
H,0.09,0.26,3.96,3.81,6.97,52.24,1964.0,0,No Failure,146.9,67.0
M,0.13,0.13,4.92,4.44,10.87,61.72,2108.0,0,No Failure,154.7,69.8
M,0.09,0.15,1.91,4.98,7.31,70.3,1996.0,0,No Failure,148.8,67.7
M,0.12,0.21,2.95,3.11,17.7,61.3,2006.0,0,No Failure,179.2,78.5
L,0.19,0.18,3.86,3.23,7.49,54.32,2049.0,0,No Failure,160.2,71.7
L,0.19,0.16,2.24,6.26,17.58,58.19,2004.0,0,No Failure,118.9,57.1
M,0.12,0.31,2.93,3.84,17.35,65.13,1993.0,0,No Failure,160.9,72.0
H,0.12,0.11,4.5,4.53,8.76,56.64,2050.0,0,No Failure,166.9,74.1
L,0.2,0.11,3.26,3.91,12.82,46.23,2043.0,0,No Failure,172.5,76.1
H,0.11,0.1,3.2,3.61,14.88,70.64,2054.0,0,No Failure,162.3,72.5
L,0.15,0.16,3.0,3.15,12.37,55.47,1960.0,0,No Failure,187.8,81.5
M,0.17,0.3,2.62,3.16,19.63,54.02,1987.0,0,No Failure,142.5,65.5
L,0.1,0.14,2.44,5.14,9.7,55.35,1994.0,0,No Failure,180.8,79.0
L,-0.022,0.33,3.19,4.28,13.39,63.1,1991.0,0,No Failure,179.6,78.6
H,0.16,0.19,3.77,5.36,12.96,63.9,2008.0,0,No Failure,184.3,80.3
L,0.12,0.19,2.14,4.31,11.87,63.96,1976.0,0,No Failure,189.9,82.2
H,0.05,0.07,3.89,3.07,16.9,60.79,2046.0,0,No Failure,134.5,62.6
H,0.09,0.06,4.46,4.02,9.9,65.61,1996.0,0,No Failure,160.4,71.8
L,0.14,0.18,4.5,3.29,12.14,59.64,1966.0,0,No Failure,187.2,81.3
L,0.14,0.08,3.18,4.57,8.67,85.704,2020.0,0,No Failure,172.2,76.0
L,0.14,0.16,4.23,3.77,9.5,43.28,2014.0,0,No Failure,172.7,76.2
H,0.17,0.17,3.06,3.42,9.13,56.05,2071.0,0,No Failure,179.1,78.4
L,0.15,0.16,2.06,3.03,14.03,63.15,2121.0,0,No Failure,166.4,73.9
H,0.1,0.21,4.07,2.61,15.97,64.34,1910.0,0,No Failure,130.2,61.1
L,0.24,0.14,3.78,4.04,8.57,62.5,1911.0,0,No Failure,151.7,68.7
L,0.13,0.22,3.36,3.89,18.41,55.48,2037.0,0,No Failure,183.8,80.1
M,0.08,0.09,3.62,6.03,8.16,46.73,1973.0,0,No Failure,127.7,60.2
L,0.07,0.13,2.16,3.61,14.74,56.3,1987.0,0,No Failure,176.1,77.4
M,0.08,0.18,2.86,3.8,16.39,64.75,1994.0,0,No Failure,183.4,79.9
L,0.2,0.12,2.86,3.23,14.6,61.51,2053.0,0,No Failure,166.2,73.9
L,0.09,0.18,3.09,3.43,12.97,61.23,2008.0,0,No Failure,201.6,86.4
H,0.08,0.23,3.5,3.52,10.96,30.516,1971.0,0,No Failure,168.7,74.7
L,0.2,0.13,3.41,2.2,9.73,53.16,1942.0,0,No Failure,147.7,67.3
M,0.17,0.18,3.55,3.86,13.77,68.44,2053.0,0,No Failure,178.3,78.1
L,0.16,0.17,4.58,5.49,7.68,57.6,1942.0,0,No Failure,156.2,70.3
L,0.12,0.21,2.69,5.08,23.33,52.5,1967.0,0,No Failure,143.9,66.0
L,0.12,0.15,3.58,4.37,13.97,57.27,2160.0,0,No Failure,200.6,86.0
M,0.16,0.1,3.14,3.6,13.05,53.9,1996.0,0,No Failure,200.5,86.0
L,0.18,0.19,4.48,4.24,10.68,54.68,1911.0,0,No Failure,160.4,71.8
L,0.13,0.21,4.17,2.64,19.49,45.94,1990.0,0,No Failure,140.1,64.6
L,0.15,0.08,2.47,3.35,14.24,50.17,2038.0,0,No Failure,163.2,72.8
H,0.06,0.05,4.49,4.75,12.43,57.98,2090.0,0,No Failure,136.0,63.2
L,0.16,0.19,4.18,4.21,11.62,70.61,2024.0,0,No Failure,179.5,78.6
H,0.18,0.19,4.73,6.67,10.55,51.21,1985.0,0,No Failure,135.6,63.0
M,0.15,0.18,3.92,3.53,6.99,46.21,1979.0,0,No Failure,165.8,73.7
L,0.13,0.08,3.45,5.53,17.75,46.32,1990.0,0,No Failure,151.9,68.8
L,0.1,0.12,3.8,3.48,15.92,71.02,1954.0,0,No Failure,152.4,69.0
L,0.06,0.14,2.88,3.66,7.17,55.74,2048.0,0,No Failure,163.6,72.9
M,0.17,0.05,3.67,4.86,11.57,67.17,2069.0,0,No Failure,147.6,67.3
H,0.09,0.12,2.15,4.29,19.18,53.21,2088.0,0,No Failure,139.8,64.5
M,0.04,0.1,-0.256,4.54,18.13,61.5,1993.0,0,No Failure,157.7,70.9
M,0.04,0.14,3.06,4.47,3.0,52.63,1977.0,0,No Failure,151.7,68.7
L,0.04,0.25,3.86,4.13,14.23,70.94,1969.0,1,Roller Element Wear,5.8,20.5
M,0.24,0.06,2.73,4.6,20.78,53.46,1979.0,0,No Failure,134.5,62.6
L,0.08,0.18,3.15,4.07,15.73,59.41,1891.0,0,No Failure,172.0,75.9
L,0.08,0.21,3.88,3.19,13.44,62.36,2028.0,0,No Failure,167.3,74.2
M,0.09,0.24,3.45,4.67,8.38,57.83,1981.0,0,No Failure,176.2,77.4
M,0.09,0.13,2.81,5.0,15.33,64.0,2057.0,0,No Failure,160.1,71.7
L,0.14,0.2,1.8,2.74,10.4,61.75,2013.0,0,No Failure,170.0,75.2
M,0.16,0.05,3.45,3.55,15.92,50.07,1997.0,0,No Failure,161.0,72.0
L,0.23,0.15,2.28,2.99,7.69,48.25,2018.0,0,No Failure,143.1,65.7
M,0.08,0.05,3.7,5.02,15.07,64.87,1928.0,0,No Failure,133.4,62.2
M,0.08,0.2,1.89,4.43,14.82,55.27,1955.0,0,No Failure,166.0,73.8
H,0.13,0.21,1.8,2.86,5.53,55.32,1966.0,0,No Failure,147.5,67.2
L,0.19,0.11,3.54,4.42,19.35,75.77,2054.0,0,No Failure,133.6,62.3
M,0.16,0.09,1.8,6.07,17.03,51.58,2025.0,0,No Failure,133.8,62.4
L,0.16,0.28,3.46,5.16,16.18,53.4,1838.0,0,No Failure,150.4,68.3
L,0.12,0.15,2.47,4.49,3.0,66.04,2034.0,0,No Failure,158.5,71.1
H,0.21,0.24,2.99,4.06,15.56,54.98,2048.0,0,No Failure,169.4,75.0
M,0.16,0.16,2.54,4.31,12.08,53.2,1983.0,0,No Failure,206.6,88.2
M,0.19,0.17,3.18,4.71,11.92,38.0,2019.0,0,No Failure,169.6,75.1
L,0.04,0.18,3.4,4.75,11.8,71.58,1916.0,0,No Failure,142.3,65.4
M,0.21,0.27,3.26,4.34,14.05,62.6,1929.0,0,No Failure,154.0,69.5
M,0.18,0.11,3.17,2.75,6.56,67.05,1982.0,0,No Failure,137.1,63.6
M,0.13,0.12,-0.256,3.95,4.24,58.46,1982.0,0,No Failure,188.1,81.6
L,0.13,0.15,4.37,4.19,16.1,52.17,1997.0,0,No Failure,193.8,83.6
M,0.1,0.21,2.01,2.6,10.62,61.82,1989.0,0,No Failure,159.5,71.5
H,0.17,0.18,2.35,4.45,12.165,50.52,1976.0,0,No Failure,178.7,78.3
L,0.13,0.25,3.47,4.56,13.71,64.9,1950.0,0,No Failure,175.6,77.2
H,0.11,0.3,1.8,3.99,14.93,60.71,1995.0,0,No Failure,164.4,73.2
L,0.21,0.18,1.8,4.53,16.05,65.75,2053.0,0,No Failure,147.0,67.1
M,0.1,0.11,3.03,4.2,9.73,63.35,2031.0,0,No Failure,185.6,80.7
M,0.04,0.08,2.43,4.46,8.04,44.83,2008.0,0,No Failure,135.2,62.9
L,0.12,0.14,1.8,3.99,12.39,56.56,2002.0,0,No Failure,203.7,87.2
M,0.13,0.13,1.8,3.72,12.39,62.96,1937.0,0,No Failure,175.8,77.3
L,0.16,0.17,3.39,4.16,18.62,45.02,2077.0,0,No Failure,161.7,72.3
H,-0.022,0.13,3.68,3.78,11.99,62.47,2098.0,0,No Failure,158.5,71.1
M,0.16,0.08,2.31,4.9,10.27,50.08,1962.0,0,No Failure,156.3,70.3
M,0.13,0.22,2.96,4.43,20.91,57.76,2007.0,0,No Failure,185.7,80.8
M,0.21,0.16,1.89,3.13,13.95,55.11,2060.0,0,No Failure,158.7,71.2
H,0.1,0.19,3.24,2.46,12.93,57.21,1983.0,0,No Failure,185.7,80.8
L,0.15,0.15,2.46,4.15,9.75,70.09,1874.0,0,No Failure,155.2,70.0
M,0.18,0.1,4.74,4.19,9.84,59.91,2029.0,0,No Failure,171.6,75.8
H,0.15,0.165,3.23,4.75,3.0,50.83,1967.0,0,No Failure,160.0,71.7
M,0.09,0.16,4.25,4.49,19.72,67.95,1976.0,0,No Failure,153.3,69.3
L,0.19,0.09,3.15,5.3,20.6,42.46,1950.0,1,Inner Race Defect,7.5,12.9
L,0.17,0.16,1.97,5.32,12.87,60.29,1983.0,0,No Failure,183.9,80.1
H,0.24,0.21,2.46,3.53,16.22,51.6,2012.0,0,No Failure,153.8,69.5
L,0.18,0.14,3.22,4.64,12.78,57.84,1998.0,0,No Failure,213.5,90.6
M,0.18,0.13,3.57,4.71,13.0,66.59,1994.0,0,No Failure,188.4,81.7
L,0.12,0.376,2.86,4.36,15.6,51.8,1977.0,0,No Failure,193.7,83.6
L,0.13,0.15,3.88,5.78,10.48,50.94,1993.0,0,No Failure,175.0,77.0
H,0.13,0.24,3.84,4.34,12.36,56.93,2046.0,0,No Failure,188.4,81.7
H,0.15,0.27,2.48,5.22,7.34,46.94,1912.0,0,No Failure,121.4,58.0
L,0.17,0.24,3.06,4.4,11.95,63.53,1977.0,0,No Failure,187.6,81.4
M,0.17,0.12,1.8,5.24,19.42,57.91,1994.0,1,Inner Race Defect,2.5,25.9
H,0.17,0.1,3.7,3.97,9.21,60.56,1920.0,0,No Failure,168.3,74.6
M,0.17,0.11,3.28,3.25,10.01,67.61,2039.0,0,No Failure,169.9,75.2
M,0.19,0.13,2.48,4.3,12.37,67.69,1996.0,0,No Failure,158.0,71.0
L,0.2,0.23,2.48,3.7,15.97,59.91,1988.0,0,No Failure,170.2,75.3
M,0.04,0.09,2.51,3.51,8.96,52.88,2022.0,0,No Failure,150.9,68.4
L,0.19,0.23,3.64,4.07,5.62,67.87,1942.0,0,No Failure,130.5,61.2
L,0.1,0.16,2.82,3.47,8.19,56.73,2045.0,0,No Failure,184.2,80.2
M,0.13,0.19,5.55,3.51,27.848,63.92,2037.0,0,No Failure,162.3,72.5
H,0.09,0.1,4.54,4.11,20.59,61.96,1984.0,0,No Failure,156.2,70.3
L,0.09,0.19,3.39,4.37,10.79,54.02,1986.0,0,No Failure,193.6,83.6
H,0.08,0.26,4.02,3.41,8.61,68.77,1881.0,1,Roller Element Wear,4.9,8.2
L,0.19,0.22,3.03,3.45,8.75,68.3,1993.0,0,No Failure,168.3,74.6
L,0.25,0.12,4.84,3.29,16.8,47.09,1988.0,1,Outer Race Spalling,9.1,14.7
L,0.05,0.19,1.8,4.17,8.62,47.69,1996.0,0,No Failure,154.7,69.8
M,0.13,0.18,2.83,3.66,10.35,61.27,1989.0,0,No Failure,205.9,87.9
M,0.22,0.17,-0.256,4.76,12.91,66.46,1889.0,0,No Failure,154.4,69.7
L,0.1,0.17,4.98,4.0,12.77,84.7,2026.0,0,No Failure,165.9,73.7
M,0.2,0.2,3.93,4.47,9.95,58.58,2160.0,0,No Failure,175.8,77.3
H,0.17,0.15,1.8,4.55,13.91,59.42,1984.0,0,No Failure,190.1,82.3
H,0.11,0.17,1.8,3.54,10.3,64.96,1987.0,0,No Failure,176.3,77.4
L,0.13,0.23,3.08,4.92,13.91,53.2,1975.0,0,No Failure,185.5,80.7
L,0.14,0.18,2.03,4.1,14.77,85.704,1949.0,0,No Failure,167.2,74.2
L,0.12,0.07,4.31,3.41,4.62,64.21,2018.0,0,No Failure,143.9,66.0
H,0.24,0.2,2.47,3.96,3.0,56.47,2046.0,0,No Failure,143.2,65.7
M,0.07,0.16,3.18,3.59,13.69,62.27,2020.0,0,No Failure,194.3,83.8
H,0.17,0.24,3.01,3.73,12.41,71.17,1989.0,0,No Failure,176.6,77.5
M,0.15,0.17,3.42,3.86,12.74,55.91,1960.0,0,No Failure,212.4,90.2
M,0.11,0.07,4.04,4.21,9.23,62.58,1966.0,0,No Failure,166.2,73.9
L,0.14,0.1,6.38,4.22,11.21,62.19,2021.0,0,No Failure,191.9,83.0
H,0.21,0.2,3.18,3.43,3.38,66.86,2043.0,0,No Failure,141.9,65.2
L,0.07,0.21,2.24,2.75,10.84,55.22,2019.0,0,No Failure,156.9,70.6
H,0.11,0.21,3.26,5.03,9.57,69.55,1971.0,0,No Failure,164.1,73.1
M,0.13,0.18,3.09,3.58,18.11,54.2,1986.0,0,No Failure,193.2,83.4
H,0.17,0.08,2.59,4.73,10.79,59.41,2092.0,0,No Failure,158.8,71.3
L,0.16,0.15,3.82,4.71,11.06,60.5,2027.0,0,No Failure,194.6,83.9
L,0.07,0.13,3.37,3.54,18.66,61.57,2010.0,0,No Failure,170.8,75.5
L,0.12,0.2,3.95,3.16,14.62,53.02,1980.0,0,No Failure,178.4,78.2
H,0.13,0.24,2.52,4.49,13.24,54.61,2060.0,0,No Failure,176.0,77.3
M,0.19,0.21,1.8,4.89,11.82,61.2,1996.0,0,No Failure,172.4,76.0
M,0.1,0.17,3.29,4.13,16.11,48.17,2028.0,0,No Failure,185.0,80.5
L,0.22,0.11,3.99,5.3,7.17,65.23,2001.0,0,No Failure,145.9,66.7
H,0.09,0.19,2.51,3.75,11.86,57.97,1972.0,0,No Failure,191.8,82.9
L,0.16,0.23,2.68,4.76,18.29,53.77,1930.0,0,No Failure,151.7,68.7
M,0.13,0.13,3.79,5.07,14.88,55.65,1986.0,0,No Failure,189.9,82.2
L,0.15,0.15,4.22,5.83,11.96,52.2,1995.0,0,No Failure,179.0,78.4
L,0.15,0.26,2.23,3.78,16.16,66.49,2007.0,0,No Failure,165.2,73.5
H,0.16,0.13,3.67,3.98,14.4,48.18,2064.0,0,No Failure,175.0,77.0
M,0.11,0.14,2.05,4.13,12.8,54.45,2057.0,0,No Failure,168.8,74.8
L,0.13,0.14,2.78,4.17,16.87,63.57,1983.0,0,No Failure,196.0,84.4
M,0.08,0.2,2.96,3.78,10.18,55.05,1954.0,0,No Failure,177.7,77.9
H,0.18,0.1,3.61,3.88,22.77,45.99,1981.0,0,No Failure,143.0,65.7
M,0.13,0.25,3.85,4.62,14.66,59.24,1935.0,0,No Failure,170.8,75.5
L,0.1,0.18,3.06,5.69,10.43,59.38,2028.0,0,No Failure,179.3,78.5
H,0.1,0.1,1.85,3.46,14.67,61.64,2023.0,0,No Failure,166.0,73.8
L,0.19,0.07,3.38,3.03,11.49,52.75,1998.0,0,No Failure,172.0,75.9
H,0.18,0.21,2.36,4.81,5.6,47.52,2096.0,0,No Failure,122.7,58.4
M,0.13,0.08,2.77,4.69,8.65,56.21,2029.0,0,No Failure,176.5,77.5
M,0.23,0.16,3.14,4.61,14.0,47.18,1993.0,0,No Failure,178.3,78.2
M,0.12,0.12,3.35,5.03,12.29,68.94,2051.0,0,No Failure,171.0,75.6
L,0.09,0.11,3.04,2.89,9.24,62.74,1916.0,0,No Failure,148.1,67.4
L,0.06,0.13,2.97,3.82,12.77,48.29,2025.0,0,No Failure,178.5,78.2
H,0.13,0.17,3.28,3.03,11.09,58.86,2008.0,0,No Failure,206.4,88.1
L,0.17,0.24,6.656,3.98,6.3,49.53,1972.0,0,No Failure,160.6,71.9
L,0.12,0.11,4.55,5.07,12.41,53.21,1952.0,0,No Failure,164.0,73.1
M,0.1,0.14,2.84,4.44,14.81,54.23,1996.0,0,No Failure,198.5,85.3
M,0.08,0.16,2.83,2.73,12.06,52.55,1985.0,0,No Failure,179.6,78.6
L,0.18,0.16,1.8,3.16,13.85,46.87,2002.0,0,No Failure,168.1,74.5
M,0.15,0.18,3.29,5.45,18.48,55.64,2004.0,0,No Failure,185.7,80.8
L,0.2,0.2,3.24,3.93,7.48,64.01,2027.0,0,No Failure,175.0,77.0
M,0.17,0.26,2.59,5.0,21.3,68.87,2033.0,1,Roller Element Wear,11.5,14.7
M,0.21,0.22,3.91,3.85,20.97,65.16,2023.0,0,No Failure,145.7,66.6
L,0.15,0.12,2.61,3.28,16.4,53.91,1997.0,0,No Failure,184.6,80.4
M,0.22,0.05,4.2,3.53,8.85,62.01,1944.0,0,No Failure,134.1,62.5
L,0.17,0.05,2.53,3.75,12.35,55.06,2109.0,0,No Failure,152.9,69.2
M,0.08,0.16,2.16,4.58,15.73,58.62,1999.0,0,No Failure,189.1,82.0
L,0.13,0.05,3.27,5.97,8.01,62.5,2008.0,0,No Failure,154.6,69.8
M,0.15,0.2,2.72,5.18,13.57,50.83,1943.0,0,No Failure,170.4,75.3
M,0.2,0.12,3.6,3.62,18.42,55.77,2004.0,0,No Failure,175.2,77.0
H,0.04,0.11,3.63,3.81,22.8,85.704,2050.0,0,No Failure,123.1,58.6
L,0.18,0.11,2.08,3.23,3.0,52.87,1956.0,0,No Failure,132.4,61.9
M,0.09,0.15,3.54,4.74,14.54,62.87,2048.0,0,No Failure,179.6,78.6
M,0.1,0.1,3.27,5.12,19.22,58.025,1999.0,0,No Failure,175.6,77.2
L,0.2,0.16,4.46,4.48,27.848,57.62,2016.0,0,No Failure,172.0,75.9
M,0.12,0.05,1.8,4.32,12.72,59.15,2099.0,0,No Failure,153.0,69.2
M,0.2,0.05,4.14,4.75,10.67,56.9,1935.0,0,No Failure,145.3,66.5
M,0.11,0.16,4.14,3.97,13.25,63.38,1914.0,0,No Failure,177.5,77.9
M,0.04,0.22,4.93,2.68,14.74,64.58,2027.0,0,No Failure,123.7,58.8
L,0.17,0.16,4.38,2.89,11.19,56.77,2001.0,0,No Failure,187.5,81.4
L,0.11,0.18,3.71,2.95,13.45,57.57,1963.0,0,No Failure,186.4,81.0
L,0.12,0.17,2.92,4.88,11.32,54.1,2003.0,0,No Failure,201.8,86.5
L,0.3,0.22,2.33,2.35,7.85,66.7,1949.0,0,No Failure,97.3,49.5
L,0.2,0.18,3.83,4.28,14.68,60.55,1933.0,0,No Failure,173.9,76.6
H,0.12,0.2,2.34,3.8,16.66,58.43,1967.0,0,No Failure,183.6,80.0
H,0.17,0.14,4.58,4.4,13.2,48.56,1923.0,0,No Failure,159.2,71.4
M,0.14,0.23,3.37,4.77,19.21,47.88,1838.0,0,No Failure,149.6,68.0
L,0.18,0.07,3.46,3.73,9.04,69.35,2042.0,0,No Failure,153.3,69.3
H,0.14,0.09,2.73,4.33,12.35,60.86,2021.0,0,No Failure,202.0,86.5
L,0.25,0.18,4.99,3.88,12.62,49.17,1990.0,1,Outer Race Spalling,8.3,21.4
L,0.09,0.23,4.81,4.07,9.44,66.97,2006.0,0,No Failure,159.4,71.5
M,0.14,0.16,3.45,3.39,13.62,57.66,2121.0,0,No Failure,179.7,78.6
M,0.15,0.1,3.12,5.21,21.95,43.14,1962.0,1,Inner Race Defect,2.0,17.5
L,0.2,0.27,2.22,2.77,11.92,52.41,1979.0,0,No Failure,144.5,66.2
L,0.16,0.12,-0.256,4.65,12.27,65.66,1952.0,0,No Failure,184.2,80.2
L,0.08,0.27,5.51,4.14,10.86,56.82,1954.0,0,No Failure,142.9,65.6
H,0.11,0.17,1.8,5.11,16.27,53.29,2069.0,0,No Failure,149.8,68.1
L,0.21,0.11,4.45,3.96,9.7,58.67,2058.0,0,No Failure,160.1,71.7
L,0.16,0.1,4.32,3.57,10.54,62.81,1924.0,0,No Failure,158.6,71.2
M,0.14,0.14,2.9,3.25,9.3,57.17,1966.0,0,No Failure,195.1,84.1
M,0.15,0.11,3.53,4.33,13.82,61.37,2065.0,0,No Failure,185.1,80.6
L,0.14,0.1,2.3,4.38,9.91,45.96,1998.0,0,No Failure,145.4,66.5
L,0.06,0.16,2.14,3.87,13.65,65.08,1998.0,0,No Failure,167.9,74.5
H,0.18,0.27,3.95,2.25,16.94,66.3,2008.0,0,No Failure,133.4,62.3
H,0.09,0.05,3.04,4.13,11.09,44.94,2067.0,0,No Failure,149.4,67.9
M,0.15,0.08,3.61,4.7,8.04,57.45,2045.0,0,No Failure,175.2,77.0
L,0.08,0.14,2.26,3.33,12.12,47.25,2095.0,0,No Failure,145.4,66.5
L,0.19,0.15,2.83,4.54,10.27,48.0,2042.0,0,No Failure,173.6,76.5
M,0.11,0.06,2.31,4.64,8.42,53.04,1959.0,0,No Failure,151.9,68.8
M,0.14,0.13,3.03,2.93,20.13,61.98,1977.0,0,No Failure,172.0,75.9
L,0.18,0.14,4.19,2.79,15.27,63.22,1997.0,0,No Failure,170.9,75.5
L,0.13,0.13,2.86,5.76,9.64,56.93,1957.0,0,No Failure,174.8,76.9
M,0.17,0.18,4.05,3.87,11.05,46.15,1997.0,0,No Failure,183.8,80.1
L,0.15,0.05,2.97,4.82,13.72,49.56,1967.0,0,No Failure,168.1,74.5
M,0.16,0.13,2.13,5.08,13.72,60.93,1991.0,0,No Failure,183.1,79.8
M,0.09,0.21,2.5,4.01,15.31,71.05,2092.0,0,No Failure,143.6,65.9
M,0.09,0.2,2.76,4.26,16.87,50.41,1979.0,0,No Failure,171.8,75.8
H,0.11,0.16,2.26,5.12,14.71,61.74,2046.0,0,No Failure,172.3,76.0
L,0.1,0.18,5.56,1.066,15.52,62.06,1956.0,0,No Failure,158.7,71.2
M,0.14,0.16,2.86,3.3,12.74,60.93,2006.0,0,No Failure,189.9,82.3
M,0.2,0.1,4.27,4.36,18.15,60.43,2047.0,0,No Failure,151.9,68.8
L,0.11,0.07,3.02,4.13,19.87,50.67,1985.0,0,No Failure,165.2,73.5
M,0.11,0.14,2.07,4.52,15.29,55.8,2060.0,0,No Failure,172.4,76.1
M,0.18,0.28,2.67,3.27,8.69,54.26,2023.0,0,No Failure,156.2,70.3
L,0.14,0.21,4.06,4.49,14.11,59.7,2039.0,0,No Failure,171.3,75.7
M,0.1,0.16,3.99,5.15,17.05,68.0,2002.0,0,No Failure,168.1,74.5
L,0.11,0.09,3.46,4.21,10.99,49.71,1974.0,0,No Failure,181.9,79.4
H,0.12,0.1,3.3,5.71,13.53,56.5,2054.0,0,No Failure,172.1,76.0
M,0.16,0.16,4.19,3.94,16.14,59.46,2036.0,0,No Failure,191.9,83.0
M,0.17,0.11,-0.256,3.95,13.8,57.67,1995.0,0,No Failure,199.5,85.7
L,0.17,-0.056,3.15,3.72,9.43,67.67,1950.0,0,No Failure,169.5,75.0
M,0.11,0.21,1.8,4.12,12.78,58.24,2018.0,0,No Failure,193.9,83.7
L,0.17,0.08,4.26,4.06,13.28,45.08,2066.0,0,No Failure,150.8,68.4
L,0.2,0.19,3.45,3.23,16.28,70.22,2012.0,0,No Failure,161.9,72.4
M,0.15,0.2,4.3,3.43,3.08,51.64,1971.0,0,No Failure,150.6,68.3
M,0.13,0.18,2.96,4.21,17.15,68.64,2034.0,0,No Failure,180.9,79.1
H,0.14,0.07,1.93,4.84,10.85,55.45,1960.0,0,No Failure,165.2,73.5
L,0.13,0.13,3.06,4.43,15.77,49.48,1921.0,0,No Failure,172.9,76.2
L,0.13,0.14,2.79,2.24,15.39,64.64,2012.0,0,No Failure,170.6,75.4
L,0.09,0.05,3.45,3.91,18.7,38.76,1981.0,0,No Failure,133.6,62.3
H,0.14,0.15,2.44,4.79,9.78,71.87,2000.0,0,No Failure,181.6,79.3
M,0.09,0.15,1.87,4.05,11.93,60.41,1977.0,0,No Failure,191.3,82.7
H,0.19,0.12,4.15,3.71,20.23,63.97,2021.0,0,No Failure,155.3,70.0
M,0.14,0.14,3.25,5.21,10.69,56.03,2023.0,0,No Failure,199.5,85.7
L,0.1,0.11,3.21,3.33,10.78,67.64,2020.0,0,No Failure,174.8,76.9
M,0.16,0.07,2.62,3.5,13.51,60.88,2021.0,0,No Failure,181.3,79.2
M,0.06,0.21,2.31,3.11,16.0,72.64,1940.0,0,No Failure,121.1,57.9
M,0.12,0.14,3.27,4.19,20.01,51.14,2041.0,0,No Failure,179.7,78.6
M,0.14,0.22,2.67,5.08,7.48,53.24,1985.0,0,No Failure,172.6,76.1
M,0.12,0.12,3.66,3.42,10.73,46.93,1913.0,0,No Failure,154.0,69.5
H,0.07,0.22,2.07,4.71,18.34,56.27,2080.0,0,No Failure,135.6,63.0
L,0.17,0.27,3.23,2.97,10.29,43.02,1998.0,0,No Failure,154.4,69.7
M,0.16,0.16,3.49,2.56,16.61,68.15,2010.0,0,No Failure,169.8,75.1
M,0.16,0.08,3.9,3.04,16.18,54.53,2011.0,0,No Failure,168.0,74.5
H,0.22,0.15,3.07,3.83,12.28,57.29,2016.0,0,No Failure,203.3,87.0
M,0.15,0.25,3.63,3.06,12.93,72.46,1970.0,1,Roller Element Wear,13.6,25.6
L,0.13,0.15,3.65,3.84,15.64,56.11,2037.0,0,No Failure,199.1,85.5
H,0.15,0.15,2.42,4.65,7.58,58.83,1930.0,0,No Failure,176.8,77.6
M,0.18,0.14,2.34,2.63,10.08,62.04,1962.0,0,No Failure,161.2,72.1
M,0.06,0.1,4.23,5.77,17.49,51.53,1991.0,0,No Failure,132.5,61.9
H,0.17,0.23,3.68,4.115,13.38,48.37,1995.0,0,No Failure,176.8,77.6
M,0.19,0.21,3.44,4.06,11.14,53.95,2092.0,0,No Failure,169.6,75.1
H,0.15,0.21,3.235,3.92,6.01,69.4,2001.0,0,No Failure,168.8,74.8
M,0.04,0.16,2.43,3.16,15.26,70.11,1940.0,0,No Failure,136.6,63.4
H,0.05,0.18,5.31,3.56,16.69,60.88,2058.0,0,No Failure,134.5,62.6
M,0.13,0.19,3.95,3.95,3.91,65.39,2160.0,0,No Failure,174.1,76.7
L,0.2,0.05,3.71,4.72,14.46,66.94,2021.0,0,No Failure,153.2,69.3
H,0.15,0.15,3.1,4.49,13.29,71.31,2025.0,0,No Failure,192.4,83.1
L,0.04,0.12,2.68,3.94,11.56,49.74,2051.0,0,No Failure,159.8,71.6
M,0.14,0.09,4.68,1.21,15.92,62.11,1986.0,0,No Failure,164.3,73.2
L,0.2,0.11,2.93,4.46,15.83,61.52,2022.0,0,No Failure,178.6,78.2
M,0.16,0.09,1.8,3.57,14.7,67.46,2008.0,0,No Failure,161.8,72.3
H,0.09,0.2,1.8,3.8,13.86,54.8,1997.0,0,No Failure,182.0,79.5
M,0.13,0.19,3.17,4.66,8.42,48.12,2010.0,0,No Failure,181.8,79.4
M,0.2,0.19,3.1,5.14,16.16,64.78,1951.0,0,No Failure,160.1,71.7
L,0.12,0.17,1.97,3.4,8.3,68.92,1993.0,0,No Failure,167.2,74.2
L,0.1,0.22,3.62,5.68,17.85,45.48,1957.0,0,No Failure,130.2,61.1
L,0.1,0.23,3.19,2.5,11.22,56.86,1983.0,0,No Failure,177.3,77.8
L,0.17,0.14,3.73,3.38,10.67,69.95,2054.0,0,No Failure,163.7,73.0
L,0.11,0.22,3.06,4.07,3.0,62.58,1923.0,0,No Failure,153.6,69.4
H,0.16,0.28,3.36,3.59,14.96,66.23,2019.0,0,No Failure,167.8,74.4
L,0.16,0.29,1.8,2.7,17.19,59.74,1996.0,0,No Failure,143.4,65.8
M,0.07,0.19,2.81,5.14,3.0,60.21,2006.0,0,No Failure,154.9,69.9
M,0.04,0.12,2.02,3.25,18.16,50.5,1993.0,0,No Failure,139.1,64.3
L,0.12,0.28,2.57,4.01,16.55,56.01,1971.0,0,No Failure,169.6,75.1
L,0.05,0.16,3.07,4.11,6.34,30.516,1981.0,0,No Failure,175.2,77.0
L,0.1,0.08,2.47,3.73,14.1,64.58,2059.0,0,No Failure,160.4,71.8
M,0.16,0.08,1.93,3.52,17.79,49.49,2005.0,0,No Failure,155.8,70.2
L,0.08,0.12,3.09,4.57,13.31,69.04,2010.0,0,No Failure,178.0,78.1
H,0.14,0.07,4.99,3.45,18.98,52.34,2002.0,0,No Failure,150.9,68.4
H,0.16,0.13,3.78,4.18,11.03,65.51,2001.0,0,No Failure,199.2,85.6
H,0.14,0.1,3.48,4.11,10.77,54.72,2067.0,0,No Failure,188.4,81.7
L,0.1,0.12,2.96,4.91,10.49,59.81,2031.0,0,No Failure,182.0,79.5
L,0.302,0.23,4.42,4.61,15.41,58.72,2085.0,0,No Failure,155.8,70.2
L,0.17,0.21,3.31,3.16,11.74,58.31,2010.0,0,No Failure,199.4,85.6
M,0.15,0.14,2.91,3.79,8.49,53.33,1974.0,0,No Failure,194.1,83.7
M,0.2,0.2,2.09,4.96,18.62,56.0,2033.0,0,No Failure,152.1,68.9
M,0.06,0.13,1.86,4.5,12.37,70.44,1943.0,0,No Failure,135.2,62.9
L,0.15,0.1,3.17,4.21,13.04,51.11,1926.0,0,No Failure,185.0,80.5
L,0.07,0.15,3.33,3.64,8.4,48.96,1972.0,0,No Failure,171.2,75.6
L,0.1,0.21,3.52,4.16,21.33,85.704,2032.0,0,No Failure,165.3,73.5
L,0.21,0.18,5.44,4.68,19.78,53.64,1968.0,0,No Failure,131.5,61.6
H,0.14,0.21,1.98,3.82,12.37,57.35,2032.0,0,No Failure,194.5,83.9
L,0.19,0.14,2.15,3.24,15.1,48.05,1985.0,0,No Failure,162.5,72.6
M,0.14,0.19,1.8,3.72,14.07,65.63,2023.0,0,No Failure,179.9,78.7
M,0.07,0.06,4.27,4.64,12.07,62.0,1993.0,0,No Failure,164.2,73.2
M,0.15,0.17,3.05,5.25,7.27,60.86,2007.0,0,No Failure,190.5,82.5
L,0.16,0.25,2.2,3.72,17.21,62.86,2052.0,0,No Failure,151.9,68.8
H,0.16,0.2,3.0,1.066,16.01,75.57,1962.0,0,No Failure,161.0,72.0
M,0.2,0.18,2.51,3.4,6.64,54.66,1955.0,0,No Failure,160.5,71.9
M,0.11,0.2,4.02,4.18,8.76,63.24,2030.0,0,No Failure,180.6,79.0
M,0.1,0.27,3.38,3.38,11.97,60.41,1998.0,0,No Failure,182.6,79.7
M,0.16,0.05,3.12,5.21,10.34,51.44,1923.0,0,No Failure,148.5,67.6
M,0.1,0.16,3.87,3.66,10.19,63.88,1940.0,0,No Failure,175.2,77.1
M,0.18,0.21,3.13,3.19,9.08,64.46,2046.0,0,No Failure,165.5,73.6
H,0.12,0.19,4.2,3.14,11.62,57.65,2004.0,0,No Failure,193.7,83.6
L,0.1,0.17,3.53,6.14,12.11,49.63,2046.0,0,No Failure,157.9,70.9
M,0.06,0.16,3.53,4.06,9.5,58.96,1988.0,0,No Failure,183.9,80.1
M,0.05,0.23,2.91,3.19,12.07,53.39,1963.0,0,No Failure,161.3,72.1
M,0.13,0.14,2.49,5.06,14.87,62.29,1978.0,0,No Failure,184.5,80.4
L,0.16,0.16,3.34,3.81,11.66,54.24,2060.0,0,No Failure,201.1,86.2
M,0.16,0.05,3.5,4.34,10.97,55.06,2050.0,0,No Failure,175.0,77.0
M,0.16,0.09,3.75,4.68,16.57,57.47,2024.0,0,No Failure,180.8,79.0
M,0.14,0.35,3.13,3.5,18.58,52.77,2064.0,0,No Failure,138.9,64.2
M,0.16,0.22,5.25,2.81,18.15,57.18,2007.0,0,No Failure,149.8,68.1
L,0.15,0.15,2.91,2.24,20.21,58.85,2025.0,0,No Failure,165.8,73.7
M,0.2,0.14,2.19,4.74,10.51,64.64,1953.0,0,No Failure,162.2,72.4
L,0.15,0.18,3.4,4.57,12.51,54.0,2017.0,0,No Failure,211.5,89.9
M,0.12,0.26,3.83,4.85,10.67,62.27,2071.0,0,No Failure,153.1,69.2
M,0.11,0.3,4.14,5.2,11.96,62.14,2049.0,0,No Failure,144.8,66.3
H,0.16,0.16,2.42,3.65,12.48,66.09,2017.0,0,No Failure,196.2,84.5
H,0.14,0.08,2.28,3.36,13.97,54.24,2059.0,0,No Failure,166.3,73.9
L,0.17,0.12,4.1,3.71,15.32,65.02,1992.0,0,No Failure,179.0,78.4
M,0.2,0.07,2.4,4.79,16.56,58.71,2057.0,0,No Failure,148.2,67.5
M,0.13,0.1,2.09,2.2,9.12,51.48,1926.0,0,No Failure,132.2,61.8
M,0.07,0.19,1.92,4.13,14.72,63.56,1984.0,0,No Failure,166.0,73.8
M,0.11,0.13,4.14,2.85,15.54,54.51,1968.0,0,No Failure,165.3,73.6
L,0.06,0.17,1.8,4.29,12.44,56.57,2017.0,0,No Failure,185.4,80.7
L,0.19,0.1,3.85,3.78,16.24,64.29,1998.0,0,No Failure,143.2,65.7
M,0.17,0.12,3.48,4.41,10.65,55.08,2029.0,0,No Failure,193.6,83.6
L,0.1,0.23,3.5,7.114,13.58,51.27,2056.0,0,No Failure,169.9,75.2
L,0.1,0.17,3.23,2.87,6.94,56.47,2100.0,0,No Failure,154.8,69.8
L,0.19,0.15,2.06,4.4,12.54,45.6,2020.0,0,No Failure,173.7,76.5
L,0.18,0.23,3.11,4.14,23.77,55.6,1987.0,0,No Failure,164.5,73.2
H,0.19,0.2,4.13,4.08,8.58,58.49,2035.0,0,No Failure,178.9,78.4
H,0.2,0.12,2.23,4.48,7.31,61.69,1924.0,0,No Failure,149.1,67.8
L,0.14,0.16,3.13,3.98,14.49,55.53,2022.0,0,No Failure,218.0,92.2
H,0.1,0.24,1.8,3.61,11.87,65.99,1989.0,0,No Failure,162.2,72.4
M,0.12,0.12,1.8,4.64,12.03,61.41,1887.0,0,No Failure,152.8,69.1
L,0.17,0.12,3.25,5.14,5.88,60.43,2010.0,0,No Failure,177.3,77.8
L,0.12,0.11,3.41,3.92,3.0,56.42,1946.0,0,No Failure,166.3,73.9
L,0.302,0.19,3.08,4.56,15.36,52.78,2020.0,0,No Failure,186.9,81.2
M,0.16,0.09,4.24,5.37,13.27,48.28,1977.0,0,No Failure,154.5,69.7
M,0.26,0.2,3.28,4.67,15.97,42.59,1977.0,0,No Failure,143.1,65.7
L,0.16,0.14,3.98,3.93,8.55,57.33,2025.0,0,No Failure,195.4,84.2
L,0.1,0.14,2.97,3.93,9.86,57.57,2027.0,0,No Failure,200.8,86.1
M,0.21,0.1,2.08,4.57,7.08,59.17,1944.0,0,No Failure,146.3,66.8
L,0.16,0.09,3.35,5.07,12.9,61.61,1989.0,0,No Failure,189.0,81.9
L,0.09,0.12,2.0,4.4,11.4,50.2,2021.0,0,No Failure,171.3,75.7
L,0.12,0.12,2.67,4.82,11.13,85.704,1925.0,0,No Failure,174.5,76.8
M,0.15,0.19,2.69,4.38,16.17,51.53,1838.0,0,No Failure,152.7,69.1
M,0.04,0.14,4.09,4.02,14.87,52.79,1997.0,0,No Failure,159.8,71.6
L,0.15,0.28,2.34,3.8,18.85,65.39,1998.0,0,No Failure,154.4,69.7
L,0.08,0.12,1.8,6.19,27.58,53.62,1995.0,0,No Failure,141.6,65.1
L,0.13,0.27,2.39,2.55,15.5,66.19,2007.0,0,No Failure,148.1,67.5
L,0.17,0.22,3.74,5.06,18.25,45.41,1979.0,0,No Failure,145.9,66.7
M,0.19,0.16,1.93,5.06,14.7,56.83,2006.0,0,No Failure,181.1,79.1
L,0.17,0.26,3.54,5.03,15.04,64.79,1958.0,0,No Failure,155.3,70.0
M,0.13,0.29,4.6,4.73,7.77,54.42,2008.0,0,No Failure,150.8,68.4
M,0.09,0.12,3.37,2.2,14.81,58.55,2038.0,0,No Failure,164.9,73.4
H,0.08,0.24,4.09,3.37,17.52,49.87,2034.0,0,No Failure,138.6,64.1
M,0.09,0.26,2.71,3.27,16.88,53.4,2006.0,0,No Failure,158.5,71.1
L,0.15,0.1,2.71,4.07,15.69,64.24,2073.0,0,No Failure,153.5,69.4
L,0.21,0.17,3.77,3.68,15.74,67.79,2004.0,0,No Failure,172.5,76.1
M,0.12,0.11,4.04,3.94,12.73,50.97,2015.0,0,No Failure,189.2,82.0
M,0.05,0.16,3.39,2.62,14.6,50.81,2157.0,0,No Failure,127.8,60.3
H,0.14,0.28,2.16,4.42,17.27,53.67,2036.0,0,No Failure,158.2,71.0
M,0.06,0.05,3.43,4.35,13.39,69.88,1962.0,0,No Failure,149.5,68.0
H,0.17,0.09,2.08,3.83,6.68,50.42,1965.0,0,No Failure,152.0,68.8
H,0.23,0.19,2.93,3.39,12.69,56.64,2023.0,0,No Failure,184.0,80.2
L,0.09,0.25,4.56,3.73,10.0,57.81,2123.0,0,No Failure,122.5,58.4
H,0.22,0.11,3.13,4.02,13.5,52.18,1938.0,0,No Failure,171.8,75.8
L,0.05,0.26,2.31,5.42,12.62,67.18,1946.0,0,No Failure,124.0,58.9
M,0.12,0.11,4.43,2.49,12.67,58.55,2054.0,0,No Failure,160.7,71.9
L,0.1,0.22,1.8,6.13,7.19,56.75,1959.0,0,No Failure,131.6,61.6
L,0.11,0.17,2.35,2.43,13.16,60.65,2060.0,0,No Failure,165.0,73.5
L,0.15,0.22,2.86,2.85,13.71,62.01,1904.0,0,No Failure,158.8,71.2
M,0.22,0.15,4.28,4.33,16.14,72.48,2018.0,0,No Failure,152.5,69.0
L,0.07,0.08,3.73,3.62,15.2,58.13,2009.0,0,No Failure,176.6,77.5
H,0.14,0.21,4.16,3.46,8.31,66.82,2032.0,0,No Failure,164.8,73.4
L,0.15,0.21,3.66,3.98,14.0,77.08,2086.0,0,No Failure,153.2,69.3
L,0.07,0.14,1.8,2.59,15.05,56.0,2024.0,0,No Failure,150.8,68.4
L,0.14,0.16,2.6,4.86,8.47,54.67,1987.0,0,No Failure,194.6,83.9
L,0.14,0.21,2.3,3.55,12.64,52.49,2058.0,0,No Failure,178.5,78.2
M,0.06,0.16,1.8,4.45,10.71,68.57,1999.0,0,No Failure,166.5,74.0
M,0.07,0.18,2.63,4.59,13.41,57.83,2028.0,0,No Failure,189.4,82.1
L,0.11,0.21,3.21,4.21,9.39,51.43,2060.0,0,No Failure,177.8,78.0
M,0.2,0.27,3.51,3.89,9.69,69.83,2003.0,1,Roller Element Wear,5.9,26.5
H,0.05,0.23,3.5,3.71,-2.878,55.68,2045.0,0,No Failure,146.9,67.0
H,0.11,0.18,2.17,3.29,10.19,71.08,1927.0,0,No Failure,144.4,66.1
M,0.1,0.25,2.68,4.62,16.68,59.75,2007.0,0,No Failure,173.7,76.5
H,0.17,0.16,1.8,3.34,19.41,59.25,1994.0,0,No Failure,173.0,76.3
M,0.22,0.14,3.31,2.96,18.48,50.8,1920.0,0,No Failure,136.2,63.2
L,0.1,0.23,5.24,4.03,15.08,55.76,1982.0,0,No Failure,163.6,72.9
M,0.13,0.16,2.53,3.76,6.71,56.08,1909.0,0,No Failure,164.3,73.2
H,0.15,0.17,3.65,2.75,19.48,49.19,1959.0,0,No Failure,156.1,70.3
M,0.04,0.07,2.27,4.58,14.32,57.27,1952.0,0,No Failure,149.0,67.8
L,0.14,0.11,2.57,4.62,7.76,46.68,1973.0,0,No Failure,158.0,71.0
L,0.08,0.17,3.15,3.35,21.55,58.38,2017.0,0,No Failure,174.4,76.8
H,0.07,0.07,3.38,4.88,8.22,62.62,1971.0,0,No Failure,155.1,69.9
H,0.09,0.19,2.56,5.04,13.52,54.18,2053.0,0,No Failure,167.6,74.4
L,0.08,0.17,0.05,4.07,13.29,60.43,2025.0,0,No Failure,162.5,72.5
L,0.19,0.15,1.8,4.8,12.38,61.73,1983.0,0,No Failure,179.7,78.7
M,0.19,0.25,4.26,4.07,3.0,46.86,2031.0,0,No Failure,130.3,61.1
L,0.16,-0.056,3.64,3.44,9.05,63.63,2013.0,0,No Failure,188.1,81.6
H,0.2,0.15,3.78,3.66,9.6,64.18,1995.0,0,No Failure,184.1,80.2
H,0.12,0.08,3.2,4.2,12.17,57.07,2007.0,0,No Failure,210.6,89.6
H,0.11,0.13,3.87,3.45,17.99,54.3,1979.0,0,No Failure,172.8,76.2
L,0.13,0.12,2.89,4.3,13.93,58.61,1939.0,0,No Failure,194.2,83.8
H,0.14,0.13,4.29,2.94,18.08,60.44,1919.0,0,No Failure,150.1,68.2
M,0.17,0.12,2.71,2.92,19.72,52.1,2062.0,0,No Failure,142.9,65.6
H,0.19,0.376,2.68,3.05,13.6,58.87,1976.0,0,No Failure,177.4,77.8
M,0.08,0.22,3.04,3.9,13.8,74.52,2003.0,0,No Failure,169.3,75.0
L,0.15,0.13,2.76,3.36,5.53,58.81,2160.0,0,No Failure,185.7,80.8
H,0.19,0.13,2.48,4.28,14.99,56.61,1988.0,0,No Failure,190.6,82.5
H,0.11,0.25,3.18,3.68,10.97,68.54,2039.0,1,Roller Element Wear,10.8,29.0
H,0.04,0.1,2.01,4.26,8.52,64.1,2021.0,0,No Failure,147.5,67.2
M,0.18,0.13,4.9,5.73,18.25,42.27,1838.0,0,No Failure,116.2,56.2
M,-0.022,0.18,4.0,2.89,19.71,63.18,2009.0,0,No Failure,153.5,69.4
L,0.04,0.23,6.656,4.43,12.78,68.96,2160.0,0,No Failure,166.8,74.1
H,0.14,0.17,3.24,4.63,13.91,56.5,2035.0,0,No Failure,210.5,89.5
L,0.17,0.24,3.55,6.26,10.88,57.46,2045.0,0,No Failure,154.0,69.5
M,0.07,0.21,3.07,3.6,15.74,49.62,1962.0,0,No Failure,162.2,72.5
H,0.2,0.13,2.69,3.52,9.13,47.66,2033.0,0,No Failure,158.6,71.2
M,0.11,0.25,3.37,4.26,18.0,62.77,1962.0,0,No Failure,167.1,74.2
M,0.14,0.11,1.8,2.76,16.54,52.04,2038.0,0,No Failure,150.0,68.1
L,0.15,0.23,3.61,4.38,11.76,49.28,1903.0,0,No Failure,163.7,73.0
M,0.15,0.13,3.42,3.72,6.43,74.17,1932.0,0,No Failure,152.1,68.9
H,0.12,0.21,3.84,3.32,14.34,54.53,1910.0,0,No Failure,161.1,72.1
L,0.11,0.1,3.21,3.35,19.59,51.27,1980.0,0,No Failure,151.2,68.5
L,0.13,-0.056,3.77,3.71,8.96,60.04,2028.0,0,No Failure,190.4,82.4
L,0.2,0.08,3.21,3.63,17.88,60.82,2023.0,0,No Failure,157.5,70.8
L,0.2,0.17,3.74,4.13,10.58,52.02,1963.0,0,No Failure,183.1,79.8
L,0.14,0.14,1.86,6.49,5.12,83.61,2037.0,0,No Failure,100.0,50.4
L,0.14,0.14,1.89,2.36,7.26,62.32,2014.0,0,No Failure,159.6,71.5
H,0.18,0.07,4.16,3.27,4.72,59.69,1961.0,0,No Failure,139.1,64.3
M,0.19,0.15,3.34,4.0,16.34,50.69,2051.0,0,No Failure,179.4,78.5
M,0.17,0.11,2.31,3.74,12.21,55.24,1989.0,0,No Failure,193.6,83.6
M,0.2,0.14,3.78,5.27,13.45,62.28,2096.0,0,No Failure,150.5,68.3
M,0.14,0.13,4.47,5.22,19.38,50.24,1997.0,1,Inner Race Defect,10.7,25.2
H,0.19,0.1,3.32,4.97,8.03,57.64,2010.0,0,No Failure,178.2,78.1
M,0.18,0.05,2.82,5.39,15.37,55.89,1988.0,0,No Failure,161.0,72.0
H,0.22,0.17,2.12,5.67,7.56,56.19,2038.0,0,No Failure,143.1,65.7
M,0.15,0.13,2.89,4.31,14.54,53.38,2049.0,0,No Failure,192.2,83.1
L,0.08,0.21,2.59,3.71,5.32,60.84,2063.0,0,No Failure,148.0,67.4
L,0.07,0.15,2.3,3.88,16.54,54.5,2095.0,0,No Failure,154.3,69.6
L,0.21,0.27,2.61,3.74,9.45,63.09,2036.0,0,No Failure,151.2,68.6
H,0.1,0.23,3.36,2.82,17.86,52.05,2019.0,0,No Failure,157.6,70.8
M,0.06,0.21,3.07,4.05,4.06,48.42,1959.0,0,No Failure,144.6,66.2
M,0.13,0.18,2.46,5.3,11.18,66.11,2040.0,0,No Failure,169.8,75.1
M,0.12,0.24,3.31,4.53,11.64,58.85,1974.0,0,No Failure,195.3,84.2
L,0.17,0.12,4.43,3.1,16.62,58.3,2027.0,0,No Failure,166.7,74.0
L,0.15,0.11,3.11,3.91,17.04,85.704,1979.0,0,No Failure,197.6,85.0
M,0.12,0.18,1.8,4.01,14.38,63.97,2067.0,0,No Failure,172.2,76.0
M,0.09,0.21,2.24,4.31,22.26,63.58,2058.0,0,No Failure,140.1,64.6
H,0.23,0.15,4.07,2.91,14.05,66.61,2028.0,0,No Failure,154.0,69.5
L,0.16,0.16,2.8,3.76,18.2,51.91,2018.0,0,No Failure,186.1,80.9
L,0.16,0.05,3.27,4.33,11.11,38.0,1951.0,0,No Failure,148.2,67.5
L,0.04,0.11,3.21,5.49,10.13,61.63,2025.0,0,No Failure,157.1,70.6
H,0.19,0.05,3.85,4.53,9.47,46.78,1941.0,0,No Failure,137.4,63.7
L,0.13,0.2,4.0,5.54,23.32,55.55,2039.0,1,Inner Race Defect,8.1,19.9
L,0.23,0.07,2.13,4.23,15.32,54.32,1978.0,0,No Failure,154.2,69.6
M,0.17,0.23,1.85,5.12,6.4,58.025,1966.0,0,No Failure,149.7,68.0
L,0.17,0.2,4.74,3.84,9.07,55.0,2091.0,0,No Failure,153.2,69.3
H,0.08,0.12,1.8,4.11,13.03,54.62,2040.0,0,No Failure,175.8,77.3
M,0.08,0.15,2.69,4.18,21.51,64.4,2032.0,0,No Failure,162.6,72.6
L,0.18,0.18,4.09,3.47,11.22,58.6,1943.0,0,No Failure,178.3,78.1
L,0.24,0.2,3.28,6.43,18.9,50.05,1971.0,1,Inner Race Defect,11.4,13.0
L,0.1,0.16,1.8,5.11,15.64,65.46,2022.0,0,No Failure,155.0,69.9
L,0.08,0.12,4.58,2.5,11.55,57.81,1987.0,0,No Failure,140.1,64.6
M,0.14,0.24,4.41,4.58,15.66,65.3,1985.0,0,No Failure,166.2,73.9
M,0.17,0.31,4.52,3.4,6.3,52.16,2073.0,0,No Failure,113.0,55.0
M,0.13,0.15,2.9,4.87,12.12,54.47,2062.0,0,No Failure,192.9,83.3
M,0.24,0.15,4.46,3.77,9.68,69.33,2064.0,0,No Failure,137.5,63.7
M,0.2,0.21,-0.256,5.07,11.21,52.7,2020.0,0,No Failure,163.1,72.8
M,0.12,0.11,2.63,2.91,24.06,53.56,1945.0,0,No Failure,132.4,61.9
L,0.15,0.22,2.23,3.12,8.09,52.82,2016.0,0,No Failure,166.2,73.9
L,0.16,0.12,4.11,4.18,17.18,46.81,2006.0,0,No Failure,174.8,76.9
H,0.15,0.13,4.77,4.35,6.33,30.516,1990.0,0,No Failure,175.9,77.3
M,0.1,0.27,4.26,3.63,27.848,66.06,1971.0,0,No Failure,144.7,66.3
M,0.19,0.17,2.62,2.79,14.57,62.09,1973.0,0,No Failure,172.5,76.1
M,0.1,0.1,3.34,5.29,10.21,66.01,2025.0,0,No Failure,162.6,72.6
M,0.12,0.18,4.13,4.69,20.69,48.37,2053.0,0,No Failure,146.9,67.0
L,0.16,0.09,3.39,7.114,16.37,67.49,1998.0,0,No Failure,179.7,78.7
L,0.15,0.11,3.37,4.4,8.14,58.58,2037.0,0,No Failure,192.9,83.3
L,0.14,0.05,3.92,5.61,6.57,59.35,1975.0,0,No Failure,149.4,67.9
L,0.12,0.05,3.77,5.4,14.54,57.46,1998.0,0,No Failure,170.6,75.4
L,0.19,0.11,4.66,3.96,13.48,49.19,2012.0,0,No Failure,168.0,74.5
M,0.09,0.19,3.05,3.74,16.25,46.85,2054.0,0,No Failure,162.7,72.6
M,0.11,0.05,3.14,3.09,15.19,57.72,1976.0,0,No Failure,173.2,76.3
H,0.1,0.15,3.2,3.62,9.81,58.21,2058.0,0,No Failure,193.1,83.4
L,0.302,0.12,2.46,2.78,7.92,68.32,1962.0,0,No Failure,149.7,68.0
L,0.19,0.09,3.21,2.87,11.61,59.52,2009.0,0,No Failure,175.7,77.2
M,0.16,0.14,3.6,3.25,9.45,64.42,1949.0,0,No Failure,173.9,76.6
M,0.12,0.09,3.03,4.72,3.59,44.83,2054.0,0,No Failure,136.1,63.2
L,0.2,0.14,5.17,4.52,11.63,64.81,2019.0,0,No Failure,165.2,73.5
L,0.19,0.11,1.83,4.51,8.07,47.31,1887.0,0,No Failure,119.0,57.2
L,0.09,0.15,3.87,3.16,13.68,44.36,2065.0,0,No Failure,149.9,68.1
L,0.1,0.29,4.1,4.43,12.59,63.09,1931.0,0,No Failure,148.9,67.8
L,0.16,0.16,2.23,6.22,12.36,56.6,1987.0,0,No Failure,172.2,76.0
L,0.14,0.11,2.73,3.49,11.46,55.84,1978.0,0,No Failure,197.2,84.8
M,0.18,0.21,1.9,4.91,15.52,44.5,1970.0,0,No Failure,141.5,65.1
H,0.1,0.15,2.89,5.54,7.79,40.52,2004.0,0,No Failure,138.4,64.0
M,0.14,0.21,6.09,4.91,-2.878,59.06,1964.0,0,No Failure,181.9,79.4
L,0.16,0.13,2.96,3.11,10.94,54.29,1951.0,0,No Failure,179.5,78.6
H,0.14,0.19,4.19,2.73,27.848,62.12,1918.0,0,No Failure,155.5,70.1
L,0.15,0.07,4.4,3.77,11.78,52.59,1968.0,0,No Failure,170.5,75.4
M,0.22,0.12,3.17,4.07,3.0,51.23,1969.0,1,Outer Race Spalling,3.2,12.1
M,0.12,0.22,3.04,3.96,5.43,57.75,1989.0,0,No Failure,190.3,82.4
L,0.24,0.12,2.01,5.06,13.38,49.68,2018.0,0,No Failure,146.0,66.7
L,0.11,0.21,2.84,4.81,8.32,62.92,1972.0,0,No Failure,172.3,76.0
M,0.1,0.14,3.09,4.44,8.06,67.88,1967.0,0,No Failure,177.1,77.7
L,0.13,0.08,2.67,4.98,19.54,58.09,2011.0,0,No Failure,171.0,75.6
L,0.23,0.09,3.78,4.77,12.41,56.6,1993.0,0,No Failure,176.0,77.3
M,0.08,0.09,3.62,3.52,11.91,49.82,1987.0,0,No Failure,169.9,75.2
M,0.05,0.06,3.32,4.91,17.62,69.91,1995.0,0,No Failure,139.2,64.3
M,0.2,0.26,3.33,2.9,9.87,47.08,1982.0,0,No Failure,145.6,66.6
