Type,Formation Voltage [V],DC Internal Resistance [mOhm],Cell Surface Temp [C],Formation Current [A],Gas Generation Pressure [kPa],Capacity Retention [%],Machine failure,Failure Mode,RUL [min],Health Index [%]
L,4.0,1.52,33.4,49.6,19.26,94.76,0,No Failure,201.5,86.4
L,3.63,1.96,31.86,64.17,17.99,91.51,0,No Failure,163.1,72.7
M,3.75,1.55,35.1,51.24,18.17,97.24,0,No Failure,182.8,79.8
M,3.14,2.17,32.11,42.56,34.02,98.86,0,No Failure,149.0,67.8
M,3.9,1.6,44.76,47.13,20.39,96.81,0,No Failure,173.8,76.6
L,3.95,1.25,34.8,53.22,40.649,93.51,0,No Failure,161.1,72.1
M,3.85,2.42,39.2,30.24,14.54,96.93,0,No Failure,142.5,65.5
H,3.44,1.57,37.29,35.95,18.62,93.74,0,No Failure,157.6,70.8
L,4.06,1.65,31.54,52.63,29.55,96.16,1,Electrolyte Outgassing Swell,6.7,25.5
L,4.1,1.95,36.73,35.62,8.8,100.0,0,No Failure,131.5,61.6
L,3.94,0.306,39.1,49.45,24.29,97.14,0,No Failure,153.8,69.5
M,3.68,1.95,27.82,43.11,16.13,97.31,0,No Failure,174.4,76.8
L,3.89,2.13,33.3,52.21,21.6,94.51,0,No Failure,202.3,86.6
L,3.9,1.09,40.55,47.81,19.02,100.0,0,No Failure,160.9,72.0
L,3.97,1.24,44.47,60.9,23.6,99.15,1,Thermal Exotherm Warning,3.2,9.5
H,4.34,1.93,35.7,45.26,31.16,100.0,1,Electrolyte Outgassing Swell,6.2,15.1
L,3.78,2.16,41.94,40.56,18.61,82.0,0,No Failure,135.6,63.0
M,3.7,1.92,32.12,52.73,29.01,90.12,0,No Failure,165.2,73.5
M,3.37,1.89,28.05,44.96,12.21,96.18,0,No Failure,147.4,67.2
L,3.65,1.98,40.74,58.02,24.11,88.57,0,No Failure,140.7,64.8
H,3.8,1.93,34.81,40.43,22.62,94.45,0,No Failure,176.8,77.6
M,3.99,0.99,33.08,56.08,11.52,100.0,0,No Failure,131.0,61.4
H,4.0,1.97,33.52,59.38,6.5,92.69,0,No Failure,153.9,69.5
M,3.73,2.03,24.61,37.22,11.39,91.49,0,No Failure,139.3,64.3
H,3.85,1.47,32.15,49.76,26.43,94.63,0,No Failure,190.6,82.5
H,3.61,2.17,30.57,32.84,14.33,90.66,0,No Failure,138.1,63.9
L,3.9,2.28,41.35,43.6,22.78,89.68,0,No Failure,154.7,69.8
L,3.95,1.65,33.97,42.94,40.649,91.22,0,No Failure,189.1,82.0
L,3.89,1.84,27.52,48.62,18.18,96.68,0,No Failure,199.9,85.8
M,3.67,1.25,41.8,55.38,13.81,100.0,0,No Failure,130.4,61.2
H,3.9,1.84,27.23,44.9,6.97,95.41,0,No Failure,168.3,74.6
L,3.62,2.51,28.25,43.61,14.11,100.0,0,No Failure,135.0,62.8
M,3.75,2.23,26.18,43.26,16.97,90.39,0,No Failure,162.3,72.5
L,3.92,1.02,34.82,43.33,14.03,90.5,0,No Failure,161.6,72.2
L,4.06,1.8,38.43,45.17,17.63,98.32,0,No Failure,180.7,79.0
L,3.77,2.09,27.39,36.73,20.74,93.14,0,No Failure,167.7,74.4
L,3.98,2.45,33.61,58.14,25.05,85.73,0,No Failure,128.2,60.4
L,3.96,1.6,38.59,47.01,18.77,93.8,0,No Failure,198.8,85.4
M,4.08,1.48,36.28,49.21,19.07,96.49,0,No Failure,185.4,80.7
M,3.75,2.03,41.76,55.36,16.96,91.13,0,No Failure,170.6,75.4
L,3.78,2.42,29.3,63.72,20.45,99.2,0,No Failure,141.2,65.0
M,3.6,1.32,33.13,45.27,22.52,94.54,0,No Failure,179.3,78.5
L,3.58,2.15,31.72,33.98,24.44,100.0,0,No Failure,132.0,61.8
H,3.74,2.19,33.66,39.07,14.38,89.31,0,No Failure,167.9,74.5
L,3.63,2.26,35.14,44.8,21.43,95.96,0,No Failure,185.0,80.5
M,3.81,2.24,35.52,44.43,19.81,98.02,0,No Failure,196.4,84.5
M,4.09,1.34,29.16,43.37,19.9,88.44,0,No Failure,141.9,65.3
L,3.99,2.59,33.82,48.28,19.96,90.32,0,No Failure,174.6,76.8
L,3.91,2.05,27.58,43.31,22.74,95.07,0,No Failure,178.7,78.3
M,3.64,2.38,35.56,49.64,21.18,90.26,0,No Failure,173.7,76.5
H,3.81,2.15,29.32,34.82,13.45,90.06,0,No Failure,152.1,68.9
L,3.82,2.04,33.52,53.39,21.64,94.77,0,No Failure,208.6,88.9
H,3.76,1.5,33.97,35.77,9.38,94.67,0,No Failure,169.4,75.0
L,3.99,2.13,31.76,52.85,12.19,80.73,0,No Failure,157.2,70.7
L,3.66,1.54,37.3,43.79,5.58,93.96,0,No Failure,160.0,71.7
L,3.73,1.74,29.76,53.28,8.78,90.98,0,No Failure,161.9,72.3
M,4.07,1.94,34.2,39.83,14.42,97.66,0,No Failure,173.1,76.3
M,4.02,1.85,37.5,31.6,21.19,96.94,0,No Failure,161.0,72.0
M,3.78,1.83,22.0,39.42,25.96,100.0,0,No Failure,135.4,63.0
L,3.99,1.72,32.31,56.29,20.73,91.0,0,No Failure,176.1,77.4
M,3.78,1.63,39.62,40.91,18.17,97.5,0,No Failure,181.8,79.4
L,3.9,1.99,35.89,41.54,13.8,91.4,0,No Failure,185.3,80.6
L,4.16,2.03,33.45,60.91,14.44,89.68,0,No Failure,143.4,65.8
L,3.64,2.11,28.57,50.7,18.75,93.57,0,No Failure,184.6,80.4
L,4.04,3.384,32.7,44.93,23.02,96.29,0,No Failure,166.4,73.9
M,3.82,1.95,33.36,41.26,17.2,99.4,0,No Failure,196.0,84.4
M,4.14,1.44,33.22,53.18,18.17,96.73,0,No Failure,166.1,73.8
L,3.77,2.38,45.43,46.42,23.61,100.0,0,No Failure,141.6,65.1
M,3.71,2.18,33.1,43.05,31.62,90.02,0,No Failure,151.7,68.7
M,4.08,2.01,35.68,57.59,21.86,91.95,0,No Failure,168.5,74.7
L,3.94,1.89,37.39,55.76,15.23,91.94,0,No Failure,183.0,79.8
M,3.58,2.14,47.21,49.72,15.67,94.01,0,No Failure,152.7,69.1
L,3.69,1.71,41.4,41.04,5.64,93.63,0,No Failure,148.8,67.7
L,3.75,2.13,29.69,36.04,13.22,91.11,0,No Failure,154.6,69.7
M,3.93,2.07,28.0,45.2,9.67,94.58,0,No Failure,162.8,72.7
M,3.9,1.44,30.11,43.89,18.51,100.0,0,No Failure,172.6,76.1
M,4.2,2.21,31.02,45.12,23.31,100.0,0,No Failure,141.7,65.2
M,3.9,1.41,30.42,55.26,20.89,100.0,0,No Failure,160.1,71.7
M,3.72,2.07,34.1,45.14,21.97,96.2,0,No Failure,199.4,85.6
M,3.71,3.384,36.43,53.58,12.63,93.13,0,No Failure,185.1,80.6
L,3.86,1.3,36.42,42.34,11.11,96.51,0,No Failure,170.0,75.2
M,3.88,1.56,34.79,40.11,10.8,98.93,0,No Failure,169.1,74.9
M,3.84,0.306,37.68,54.02,6.49,92.66,0,No Failure,170.7,75.5
L,3.64,2.1,30.59,45.34,25.34,99.65,0,No Failure,158.1,71.0
L,3.56,1.78,29.37,42.5,20.82,91.11,0,No Failure,166.7,74.0
L,3.89,2.28,26.93,51.72,20.15,88.0,0,No Failure,155.5,70.1
M,3.6,1.56,31.62,37.69,13.67,90.51,0,No Failure,149.7,68.0
L,3.69,1.72,24.33,51.48,22.84,89.38,0,No Failure,151.5,68.7
M,3.69,1.75,40.21,59.97,24.69,96.66,0,No Failure,156.0,70.2
L,3.73,2.26,33.98,59.05,16.54,92.18,0,No Failure,177.6,77.9
M,3.92,2.07,39.33,38.97,12.89,93.93,0,No Failure,170.6,75.4
L,3.88,1.37,31.35,63.11,17.53,93.8,0,No Failure,168.3,74.6
L,3.8,1.63,36.66,41.33,23.53,100.0,0,No Failure,174.7,76.9
L,3.9,2.26,33.05,54.89,18.93,92.22,0,No Failure,188.2,81.7
M,3.74,1.93,28.28,53.73,20.09,92.62,0,No Failure,185.1,80.6
L,3.82,1.93,29.99,44.45,19.14,100.0,0,No Failure,181.1,79.1
L,3.78,1.56,36.8,55.36,18.09,94.425,0,No Failure,179.7,78.7
L,3.89,1.78,29.23,54.35,18.43,95.0,0,No Failure,197.9,85.1
M,3.79,2.67,33.73,55.74,-4.089,87.48,1,SEI Layer High Impedance,3.6,23.2
L,3.7,1.48,30.43,21.245,9.34,99.79,0,No Failure,139.3,64.3
H,3.5,2.32,40.03,42.8,11.71,90.51,0,No Failure,131.6,61.6
L,3.36,1.65,28.96,40.73,13.8,95.71,0,No Failure,141.0,65.0
M,3.64,1.83,31.91,53.41,23.45,92.12,0,No Failure,181.4,79.2
H,3.61,1.17,45.24,47.47,16.03,93.73,0,No Failure,149.0,67.8
L,3.91,0.306,32.7,42.12,24.87,91.23,0,No Failure,176.3,77.4
H,4.01,1.4,26.3,48.59,23.03,94.85,0,No Failure,164.2,73.2
H,4.07,1.78,35.4,62.68,18.5,109.886,0,No Failure,180.7,79.0
M,3.9,2.34,35.95,42.61,15.49,94.88,0,No Failure,188.9,81.9
M,3.68,1.46,39.38,61.57,23.03,100.0,0,No Failure,134.9,62.8
L,3.68,2.28,30.6,48.26,27.02,90.48,0,No Failure,160.7,71.9
M,3.96,0.85,33.42,41.59,40.649,96.46,0,No Failure,151.4,68.6
M,3.55,1.48,37.2,44.26,19.42,89.7,0,No Failure,164.6,73.3
M,3.71,1.56,31.76,49.28,20.19,94.58,0,No Failure,197.1,84.8
M,4.04,1.48,16.854,51.69,23.44,93.76,0,No Failure,182.5,79.6
M,3.89,2.55,29.69,33.88,19.1,97.58,0,No Failure,147.6,67.3
H,3.95,2.13,38.24,59.06,21.96,94.6,0,No Failure,172.4,76.1
H,4.12,1.42,34.42,47.15,33.1,96.46,1,Electrolyte Outgassing Swell,3.5,23.0
M,4.27,1.37,35.08,44.65,21.16,93.91,0,No Failure,163.6,72.9
M,4.11,2.13,37.26,44.84,8.05,84.58,0,No Failure,123.2,58.6
H,3.62,2.26,34.69,32.52,15.06,89.11,0,No Failure,143.2,65.7
M,3.7,1.7,37.74,51.98,11.97,88.3,0,No Failure,164.4,73.2
H,3.64,1.68,37.77,54.29,22.69,95.2,0,No Failure,180.1,78.8
M,4.11,1.36,44.69,35.17,17.49,98.32,0,No Failure,117.5,56.6
L,3.98,2.02,30.7,44.04,17.73,99.59,0,No Failure,176.3,77.4
H,3.94,1.18,34.08,56.94,12.03,90.9,0,No Failure,152.6,69.0
M,3.84,2.01,35.16,59.5,20.68,95.68,0,No Failure,195.3,84.2
L,3.68,2.07,28.31,46.87,11.88,97.67,0,No Failure,166.7,74.0
L,3.76,1.72,30.24,46.87,26.21,95.08,0,No Failure,191.0,82.7
M,3.88,1.77,41.62,38.9,22.63,99.46,0,No Failure,158.6,71.2
M,4.04,1.64,29.29,44.66,26.54,109.886,0,No Failure,157.7,70.9
L,3.88,1.76,34.37,49.28,18.64,97.29,0,No Failure,217.4,92.0
H,3.89,2.34,31.75,41.63,14.49,100.0,0,No Failure,161.5,72.2
L,3.73,1.86,35.36,55.67,27.53,97.09,0,No Failure,178.9,78.3
M,3.47,1.6,26.27,48.7,10.61,91.51,0,No Failure,138.8,64.2
L,3.68,1.56,44.28,42.52,-4.089,98.8,0,No Failure,151.9,68.8
L,3.63,1.55,43.42,45.35,13.9,95.95,0,No Failure,159.1,71.4
H,3.76,1.83,39.61,55.19,20.62,93.69,0,No Failure,174.8,76.9
M,3.8,2.12,34.94,48.59,11.22,89.16,0,No Failure,186.0,80.9
H,3.64,2.44,37.38,49.64,18.38,93.94,0,No Failure,186.2,80.9
L,3.51,1.45,35.98,21.245,32.22,87.66,0,No Failure,106.9,52.9
L,3.56,1.89,34.46,53.71,15.38,90.87,0,No Failure,172.7,76.2
M,3.86,1.35,35.53,45.94,17.72,99.63,0,No Failure,188.5,81.8
L,3.79,2.39,40.35,68.25,22.32,90.34,0,No Failure,128.5,60.5
M,3.91,2.4,27.52,47.43,18.81,94.91,0,No Failure,184.3,80.3
L,3.94,1.52,35.09,35.04,20.28,94.73,0,No Failure,181.9,79.4
L,4.06,1.35,37.1,56.7,10.64,88.49,0,No Failure,128.8,60.6
M,3.52,1.98,36.03,45.91,14.5,96.22,0,No Failure,182.1,79.5
L,3.88,1.77,42.17,47.88,15.63,86.19,0,No Failure,161.4,72.2
M,4.16,1.73,45.55,45.44,21.11,109.886,0,No Failure,143.0,65.7
M,3.68,1.73,39.07,37.05,21.39,91.81,0,No Failure,166.6,74.0
L,3.61,1.53,28.34,73.65,17.89,91.56,0,No Failure,128.4,60.5
L,3.86,2.06,34.0,42.31,21.32,93.59,0,No Failure,203.8,87.2
H,3.66,1.51,31.05,39.38,26.93,94.94,0,No Failure,159.9,71.6
H,3.66,1.77,34.89,43.5,18.49,93.83,0,No Failure,209.7,89.3
H,3.5,1.72,33.33,44.62,19.31,94.17,0,No Failure,191.9,83.0
L,4.14,2.36,42.04,50.83,12.12,94.65,0,No Failure,143.7,65.9
M,3.93,2.82,28.86,51.8,19.11,89.82,1,SEI Layer High Impedance,3.8,22.2
L,4.07,0.91,18.87,53.25,21.08,89.14,0,No Failure,107.1,52.9
M,4.14,1.99,30.83,44.73,19.7,95.99,0,No Failure,178.3,78.1
M,3.73,2.04,37.71,46.76,17.37,90.12,0,No Failure,192.0,83.0
L,3.46,1.56,44.37,57.44,18.09,97.68,1,Thermal Exotherm Warning,6.0,16.1
H,3.52,1.77,28.76,58.8,14.7,90.8,0,No Failure,144.6,66.2
M,3.91,1.56,42.43,53.38,20.32,88.73,0,No Failure,156.7,70.5
M,3.81,1.3,34.56,41.55,23.12,88.96,0,No Failure,153.8,69.5
L,3.6,1.51,38.75,42.53,29.52,96.09,0,No Failure,147.0,67.1
H,3.39,2.52,27.81,48.02,13.08,91.8,0,No Failure,129.5,60.9
M,3.94,1.31,32.29,42.89,26.22,82.03,0,No Failure,122.6,58.4
L,3.97,0.97,33.51,43.76,29.16,98.43,0,No Failure,138.4,64.0
M,3.61,1.45,35.13,31.99,15.12,100.0,0,No Failure,140.1,64.6
L,3.58,1.35,32.47,39.35,18.44,95.75,0,No Failure,169.8,75.1
L,3.55,1.37,38.25,54.07,40.649,98.7,0,No Failure,131.2,61.5
L,3.9,1.67,36.48,42.79,18.73,85.97,0,No Failure,175.6,77.2
L,3.59,1.78,44.26,44.82,17.28,100.0,0,No Failure,153.0,69.2
M,4.04,1.85,31.25,45.23,14.67,91.71,0,No Failure,183.2,79.9
L,3.98,1.85,38.15,74.718,24.55,93.13,0,No Failure,172.5,76.1
L,3.46,1.35,35.68,40.64,20.92,97.16,0,No Failure,152.7,69.1
L,4.15,2.08,40.01,69.96,14.98,92.09,0,No Failure,133.2,62.2
L,3.88,1.2,34.07,55.98,13.64,91.33,0,No Failure,167.1,74.2
L,3.86,2.06,50.07,40.79,17.68,90.17,0,No Failure,146.8,67.0
L,3.73,1.29,36.23,44.6,20.76,100.0,0,No Failure,170.6,75.4
M,3.84,2.45,40.77,47.64,23.02,92.02,0,No Failure,172.2,76.0
H,3.94,1.08,35.99,31.24,28.84,97.22,0,No Failure,122.5,58.4
L,3.53,1.67,37.89,47.22,15.62,94.83,0,No Failure,186.2,81.0
M,3.74,1.86,36.85,56.31,7.49,100.0,0,No Failure,157.2,70.7
M,3.99,2.33,37.36,47.75,22.41,85.82,0,No Failure,153.2,69.2
L,3.74,1.94,36.4,56.52,13.4,95.03,0,No Failure,190.2,82.4
L,4.04,2.24,44.46,45.97,13.82,95.61,0,No Failure,151.9,68.8
L,3.97,2.65,34.46,32.7,29.37,98.95,0,No Failure,116.9,56.4
L,4.05,1.99,31.09,48.51,25.12,93.9,0,No Failure,182.3,79.6
L,3.58,2.15,27.22,42.03,5.6,99.37,0,No Failure,118.4,56.9
L,3.79,1.56,38.93,49.81,16.29,89.22,0,No Failure,181.9,79.4
L,3.63,2.01,35.63,46.85,22.17,91.99,0,No Failure,191.5,82.8
H,3.86,2.34,33.52,41.82,18.02,88.71,0,No Failure,177.4,77.8
L,4.14,1.76,31.56,47.55,21.12,95.09,0,No Failure,188.2,81.6
L,3.93,2.03,42.16,41.87,5.25,96.3,0,No Failure,143.9,66.0
L,4.02,2.4,37.79,68.4,4.0,89.67,0,No Failure,91.5,47.4
L,3.89,1.26,37.85,46.07,22.26,92.47,0,No Failure,178.3,78.1
M,4.0,2.21,32.81,43.17,18.81,94.06,0,No Failure,192.1,83.0
M,3.9,0.85,32.24,52.8,17.02,91.47,0,No Failure,161.9,72.3
L,4.07,2.55,34.69,57.22,25.47,99.75,0,No Failure,133.3,62.2
L,3.98,2.01,33.42,52.62,18.78,86.33,0,No Failure,174.4,76.8
H,3.9,1.42,40.37,41.65,18.59,90.44,0,No Failure,168.0,74.5
H,3.97,1.51,36.32,46.68,14.89,78.944,0,No Failure,176.0,77.3
L,3.75,1.6,35.1,54.0,13.56,92.53,0,No Failure,189.1,82.0
H,3.84,2.24,29.54,45.62,25.06,93.1,0,No Failure,180.0,78.7
H,3.36,1.73,16.854,38.14,17.1,96.6,0,No Failure,156.7,70.5
H,3.78,1.99,31.53,47.72,30.01,100.0,0,No Failure,170.3,75.3
M,3.67,1.93,36.15,40.01,7.29,87.26,0,No Failure,145.0,66.4
M,3.65,2.17,32.17,21.245,22.99,90.43,0,No Failure,171.3,75.7
H,4.09,0.91,34.81,47.08,30.42,99.11,1,Electrolyte Outgassing Swell,11.7,12.9
L,4.04,2.1,26.97,33.26,25.97,95.11,0,No Failure,133.2,62.2
M,3.66,1.47,30.39,35.99,15.04,96.05,0,No Failure,157.2,70.7
M,3.66,1.83,28.97,49.59,22.55,86.56,0,No Failure,162.2,72.5
H,3.72,0.94,38.96,52.88,10.56,94.78,0,No Failure,150.0,68.1
M,3.72,2.33,36.56,45.81,12.71,92.59,0,No Failure,179.2,78.5
L,3.91,1.71,39.34,43.87,16.86,91.64,0,No Failure,186.4,81.0
M,4.01,2.42,35.63,50.0,25.1,94.25,0,No Failure,175.5,77.1
L,3.66,1.63,29.72,44.75,27.34,96.75,0,No Failure,162.8,72.7
M,4.06,1.6,41.08,74.718,24.55,92.5,0,No Failure,138.6,64.1
L,4.02,2.27,37.26,51.82,19.05,100.0,0,No Failure,167.0,74.2
L,3.83,1.84,36.78,46.22,12.4,97.21,0,No Failure,200.8,86.1
L,3.86,0.85,31.77,35.36,18.57,94.53,0,No Failure,161.9,72.3
M,3.71,1.47,36.27,34.38,15.35,87.49,0,No Failure,145.9,66.7
M,3.73,1.99,27.56,44.37,13.88,91.06,0,No Failure,170.7,75.5
L,3.82,1.91,34.96,44.39,21.07,100.0,0,No Failure,192.2,83.1
M,4.01,1.28,48.44,48.13,19.05,100.0,0,No Failure,94.1,48.3
M,3.61,1.51,31.15,50.54,18.73,93.02,0,No Failure,185.6,80.7
M,3.7,1.96,30.0,38.87,4.35,97.97,0,No Failure,140.8,64.9
M,4.03,2.55,36.76,40.59,12.86,96.84,0,No Failure,148.0,67.4
H,3.62,1.84,37.05,55.2,40.649,92.71,0,No Failure,187.8,81.5
H,4.21,1.63,29.73,45.46,34.74,94.18,1,Electrolyte Outgassing Swell,1.7,16.8
H,3.62,1.36,27.78,49.08,15.79,96.12,0,No Failure,165.5,73.6
H,3.73,1.17,28.34,50.47,22.96,94.27,0,No Failure,167.7,74.4
M,3.84,1.65,38.94,48.13,19.59,90.92,0,No Failure,186.6,81.1
L,3.87,2.26,35.3,40.39,13.26,93.69,0,No Failure,184.4,80.3
L,3.64,2.04,31.33,45.42,13.8,100.0,0,No Failure,167.3,74.2
L,3.95,2.36,34.58,35.67,20.38,96.59,0,No Failure,169.6,75.1
L,3.77,1.7,34.46,36.77,27.72,92.26,0,No Failure,171.6,75.8
M,3.6,1.58,34.28,37.92,10.86,89.01,0,No Failure,147.7,67.3
H,4.19,1.54,38.49,47.11,25.34,94.93,0,No Failure,160.9,72.0
L,3.53,1.84,30.06,58.87,20.7,87.76,0,No Failure,144.4,66.2
M,4.07,1.85,31.31,47.0,23.54,95.41,0,No Failure,183.0,79.8
L,3.96,2.26,35.75,49.19,30.15,86.38,0,No Failure,143.9,66.0
H,3.69,2.34,33.42,49.01,13.64,94.22,0,No Failure,190.8,82.6
M,3.62,2.19,37.33,41.32,23.45,99.43,0,No Failure,153.9,69.5
M,3.94,1.48,31.92,39.15,4.33,97.57,0,No Failure,140.0,64.6
M,3.5,2.36,34.67,49.37,27.78,94.23,0,No Failure,163.9,73.1
H,4.0,1.59,34.01,49.73,13.89,100.0,0,No Failure,175.9,77.3
M,3.87,2.18,34.88,36.63,12.4,94.67,0,No Failure,180.8,79.0
L,3.71,1.78,38.44,64.59,22.51,97.14,0,No Failure,159.1,71.3
M,3.98,1.7,34.72,44.08,13.67,98.4,0,No Failure,184.1,80.2
L,3.69,2.23,37.91,47.61,18.41,93.61,0,No Failure,175.0,77.0
L,3.87,1.59,35.15,44.49,33.1,95.92,0,No Failure,172.4,76.1
M,3.47,1.94,39.74,41.06,18.35,96.94,0,No Failure,163.1,72.8
L,3.93,1.85,34.21,55.45,11.99,94.19,0,No Failure,195.3,84.2
M,3.88,1.5,32.57,52.87,15.54,97.3,0,No Failure,185.8,80.8
L,3.83,1.52,33.63,45.44,22.27,92.22,0,No Failure,199.6,85.7
L,3.78,1.91,36.93,38.47,8.41,97.8,0,No Failure,167.3,74.3
M,3.64,1.96,34.15,52.32,19.98,92.88,0,No Failure,199.9,85.8
L,3.82,2.52,31.62,46.32,20.33,95.54,0,No Failure,192.4,83.1
L,3.37,2.44,30.02,36.62,13.9,94.425,0,No Failure,112.2,54.7
H,3.73,1.33,34.31,33.92,19.71,96.38,0,No Failure,171.6,75.8
L,3.66,2.6,31.68,54.21,20.82,96.54,0,No Failure,160.5,71.8
M,3.61,1.42,40.16,54.56,19.24,97.42,0,No Failure,159.2,71.4
M,4.04,1.46,31.8,38.59,20.96,89.38,0,No Failure,150.3,68.2
M,3.74,2.0,41.33,47.28,12.56,90.59,0,No Failure,172.2,76.0
H,3.65,1.83,30.37,51.83,14.26,93.05,0,No Failure,179.5,78.6
H,3.88,1.41,34.82,59.19,16.7,97.6,0,No Failure,176.6,77.5
H,3.87,1.66,38.12,35.27,19.02,97.09,0,No Failure,177.6,77.9
M,3.52,2.02,30.38,45.83,21.12,97.91,0,No Failure,168.7,74.7
M,3.87,1.68,39.75,54.93,23.41,93.35,0,No Failure,179.8,78.7
L,3.68,1.89,43.09,51.03,12.78,95.63,0,No Failure,171.7,75.8
M,3.9,1.96,34.62,53.22,20.03,94.56,0,No Failure,213.3,90.5
M,3.86,1.61,26.37,53.48,29.05,94.72,0,No Failure,160.7,71.9
L,3.47,2.16,40.79,47.89,16.65,99.16,0,No Failure,153.1,69.2
L,3.87,2.45,30.38,42.98,30.68,95.64,0,No Failure,152.6,69.1
M,3.69,1.96,39.2,53.31,6.16,90.37,0,No Failure,149.5,68.0
L,3.85,0.92,36.1,46.6,13.13,96.98,0,No Failure,170.5,75.4
M,4.03,1.68,40.24,21.245,8.46,89.87,0,No Failure,122.4,58.4
M,3.47,1.85,33.67,21.245,15.7,92.02,0,No Failure,165.9,73.8
H,3.74,2.94,35.18,44.7,26.17,92.95,0,No Failure,156.7,70.5
H,3.78,2.15,22.0,33.72,22.98,87.58,0,No Failure,114.7,55.6
L,3.45,2.02,36.93,41.7,15.25,78.944,0,No Failure,169.8,75.1
L,3.81,1.51,36.64,41.99,18.63,99.25,0,No Failure,187.6,81.4
H,3.95,1.87,23.14,42.73,23.83,100.0,0,No Failure,143.5,65.8
M,3.96,2.86,32.63,43.62,24.28,94.89,0,No Failure,156.8,70.5
L,3.95,1.01,35.51,44.34,15.24,89.2,0,No Failure,157.1,70.6
H,3.76,1.41,33.93,44.59,21.96,98.98,0,No Failure,182.3,79.6
L,3.78,1.08,28.24,41.76,5.26,88.77,0,No Failure,116.6,56.3
L,3.88,1.19,37.23,38.66,6.0,98.19,0,No Failure,134.0,62.4
L,3.92,1.91,31.36,74.49,26.63,94.55,0,No Failure,177.2,77.7
M,3.94,1.75,37.25,37.32,19.73,92.21,0,No Failure,181.6,79.3
L,3.93,1.42,32.0,62.83,19.47,91.17,0,No Failure,158.9,71.3
M,3.7,1.76,44.04,47.97,30.69,95.0,0,No Failure,161.2,72.1
M,3.67,1.82,35.53,44.34,19.99,91.52,0,No Failure,199.1,85.5
L,3.84,1.56,35.67,45.16,18.41,91.01,0,No Failure,196.1,84.4
L,3.69,1.97,28.46,53.6,12.68,95.25,0,No Failure,173.9,76.6
M,3.55,1.58,31.76,43.53,22.76,97.27,0,No Failure,165.6,73.6
L,4.07,2.56,37.18,57.75,22.36,94.05,0,No Failure,149.2,67.8
M,3.79,0.85,31.47,48.24,17.25,92.06,0,No Failure,175.7,77.2
L,3.63,2.07,34.38,49.79,18.6,96.52,0,No Failure,202.5,86.7
M,3.67,1.89,29.4,40.04,19.98,95.8,0,No Failure,182.3,79.6
L,3.88,2.09,31.67,49.39,20.66,93.11,0,No Failure,201.8,86.5
L,3.64,2.27,40.3,56.46,17.2,93.92,0,No Failure,164.7,73.3
L,3.81,1.39,39.12,41.88,22.28,93.06,0,No Failure,177.6,77.9
L,3.77,1.23,37.07,41.38,16.28,84.77,0,No Failure,146.0,66.7
M,3.8,1.91,40.89,43.56,25.09,99.02,0,No Failure,171.3,75.7
H,3.41,1.86,27.85,56.32,28.58,100.0,0,No Failure,116.7,56.3
M,3.88,1.97,36.0,58.2,16.47,100.0,0,No Failure,177.2,77.8
L,4.0,1.66,25.56,39.81,23.85,91.81,0,No Failure,145.7,66.6
L,3.77,1.81,52.103,57.22,11.84,88.07,0,No Failure,168.3,74.6
M,3.76,1.19,30.11,54.16,29.4,86.71,0,No Failure,123.9,58.9
M,4.07,3.03,37.47,44.1,14.01,94.3,0,No Failure,142.1,65.3
L,3.82,2.42,35.86,47.21,16.15,92.99,0,No Failure,187.7,81.5
M,3.94,2.64,32.55,50.64,16.76,97.27,0,No Failure,171.5,75.8
H,3.77,2.07,36.13,52.86,31.65,100.0,0,No Failure,156.2,70.3
M,3.5,1.88,27.87,46.75,14.02,95.24,0,No Failure,171.1,75.6
L,3.81,1.83,30.54,48.58,16.45,94.91,0,No Failure,217.5,92.0
M,4.08,1.57,31.65,40.79,4.0,94.86,0,No Failure,142.9,65.6
M,3.53,2.09,38.95,49.19,-4.089,92.79,0,No Failure,174.3,76.7
M,3.68,2.14,29.63,45.65,10.67,99.47,0,No Failure,156.0,70.3
M,3.84,1.92,31.97,47.6,16.97,95.93,0,No Failure,216.7,91.7
L,3.61,1.88,30.91,44.01,25.96,97.5,0,No Failure,168.9,74.8
H,4.15,2.13,35.82,29.7,20.84,92.95,0,No Failure,144.7,66.3
L,3.73,2.49,32.29,54.0,13.25,94.07,0,No Failure,172.4,76.0
L,4.01,1.39,33.32,53.87,22.83,98.77,0,No Failure,161.5,72.2
M,3.81,2.2,36.58,53.59,12.14,100.0,0,No Failure,169.4,75.0
M,3.81,1.97,29.2,50.28,25.78,100.0,0,No Failure,172.6,76.1
L,3.9,1.9,29.72,55.38,18.41,96.04,0,No Failure,191.4,82.8
L,3.74,1.75,37.34,58.27,20.28,90.85,0,No Failure,179.1,78.4
L,3.79,2.23,33.01,52.41,16.19,94.8,0,No Failure,201.1,86.2
L,3.9,1.75,35.22,42.44,19.93,93.14,0,No Failure,206.4,88.1
L,3.63,1.76,52.103,38.78,21.53,91.01,0,No Failure,178.1,78.1
M,3.77,1.42,35.82,41.09,23.29,95.36,0,No Failure,184.3,80.3
H,3.61,2.17,28.87,63.86,12.43,87.28,0,No Failure,113.4,55.2
L,4.04,1.38,30.86,44.61,16.21,93.38,0,No Failure,172.7,76.2
M,3.97,2.14,34.14,53.08,12.12,91.84,0,No Failure,177.5,77.9
L,4.18,2.47,31.27,56.88,16.58,96.61,0,No Failure,142.0,65.3
M,4.01,1.29,33.77,48.27,16.55,92.67,0,No Failure,186.6,81.1
L,3.94,1.82,34.85,52.68,11.97,98.19,0,No Failure,186.3,81.0
M,3.57,2.28,30.69,64.85,14.36,88.0,0,No Failure,117.2,56.5
M,3.79,2.21,40.95,36.27,25.4,92.09,0,No Failure,150.4,68.3
L,4.17,1.95,32.87,53.76,12.57,96.67,0,No Failure,163.6,72.9
L,3.84,1.91,35.64,30.89,31.74,95.09,0,No Failure,159.2,71.4
L,3.82,1.5,33.23,56.57,7.13,93.62,0,No Failure,162.7,72.6
L,3.68,1.84,32.1,42.35,23.24,90.07,0,No Failure,174.9,76.9
H,3.63,2.18,31.13,46.36,22.46,95.55,0,No Failure,181.9,79.4
M,3.97,3.384,31.44,45.73,13.9,95.11,0,No Failure,192.8,83.3
H,4.49,1.88,30.47,24.67,13.89,93.54,0,No Failure,146.7,66.9
L,3.73,2.83,36.95,45.32,33.94,85.11,1,SEI Layer High Impedance,12.1,7.1
L,3.68,1.58,39.9,50.37,26.87,96.91,0,No Failure,163.9,73.1
L,3.96,1.63,34.49,51.39,14.66,93.69,0,No Failure,198.3,85.2
L,4.15,1.54,41.82,52.86,26.24,81.4,0,No Failure,96.0,49.0
H,3.58,1.12,33.53,65.03,9.66,94.45,0,No Failure,117.9,56.8
L,3.84,1.61,32.2,48.48,11.34,95.01,0,No Failure,199.8,85.8
M,3.73,1.68,34.02,48.5,12.68,100.0,0,No Failure,187.4,81.4
M,3.82,2.03,38.86,53.84,10.1,92.34,0,No Failure,176.1,77.4
M,3.6,1.9,35.3,43.35,11.8,93.25,0,No Failure,183.6,80.0
M,3.61,1.94,29.61,49.46,15.96,92.58,0,No Failure,184.6,80.4
L,3.73,1.74,52.103,49.47,15.14,93.42,0,No Failure,194.0,83.7
L,3.72,1.78,28.96,53.28,11.03,94.425,0,No Failure,174.9,76.9
L,3.48,1.38,39.72,52.85,32.37,97.42,0,No Failure,117.6,56.6
M,3.88,1.86,34.21,51.43,14.09,87.51,0,No Failure,188.2,81.7
H,3.59,1.65,40.4,47.6,19.37,96.78,0,No Failure,170.5,75.4
L,3.56,2.39,27.47,42.26,15.96,94.425,0,No Failure,145.5,66.5
L,3.75,2.06,30.33,62.32,22.4,89.86,0,No Failure,153.4,69.3
L,3.68,1.68,29.37,46.62,24.28,91.57,0,No Failure,175.0,77.0
L,3.7,1.92,29.74,47.66,17.31,88.36,0,No Failure,184.0,80.2
L,3.73,1.79,36.88,47.88,21.15,100.0,0,No Failure,175.2,77.0
L,3.99,1.49,33.32,51.33,23.57,97.71,0,No Failure,174.4,76.8
H,3.92,1.82,39.52,34.74,12.8,96.64,0,No Failure,162.4,72.5
L,3.72,1.35,33.02,58.89,12.48,89.21,0,No Failure,148.2,67.5
L,4.0,2.12,24.94,45.05,19.99,97.78,0,No Failure,159.5,71.5
M,4.02,1.33,35.22,59.91,27.12,97.33,0,No Failure,142.1,65.3
H,3.8,2.12,42.54,50.68,26.42,89.23,0,No Failure,154.8,69.8
H,3.73,0.85,33.24,52.71,13.31,98.24,0,No Failure,151.8,68.8
M,3.85,1.68,44.81,49.4,4.0,94.15,0,No Failure,154.4,69.7
L,3.79,1.95,35.8,47.06,26.27,92.35,0,No Failure,199.2,85.5
H,3.88,1.6,40.5,39.92,15.04,98.92,0,No Failure,161.6,72.2
L,3.64,1.84,40.8,33.09,19.02,100.0,0,No Failure,148.0,67.4
L,3.71,1.75,29.48,47.88,19.62,95.12,0,No Failure,200.4,86.0
M,3.86,1.91,48.41,40.19,17.36,91.39,0,No Failure,156.2,70.3
M,3.65,1.57,26.02,62.96,15.99,94.79,0,No Failure,146.1,66.8
M,3.93,1.74,30.49,45.42,23.36,88.3,0,No Failure,171.2,75.6
L,3.6,1.66,34.31,50.4,15.02,97.88,0,No Failure,185.2,80.6
L,3.7,1.78,30.65,44.11,18.32,86.35,0,No Failure,174.1,76.7
M,4.04,2.01,34.9,52.09,18.1,90.57,0,No Failure,188.5,81.8
M,3.74,1.9,32.83,51.17,23.68,90.31,0,No Failure,189.1,82.0
L,4.01,2.39,52.103,47.9,28.41,95.92,0,No Failure,170.4,75.3
M,3.8,1.43,32.7,35.86,20.7,90.76,0,No Failure,170.5,75.4
M,3.81,1.79,38.03,53.13,20.17,90.99,0,No Failure,196.7,84.7
L,3.84,2.39,30.21,45.33,21.93,100.0,0,No Failure,167.4,74.3
L,3.92,2.12,33.94,45.17,12.03,96.52,0,No Failure,188.9,81.9
L,4.08,1.95,35.76,40.61,23.49,95.82,0,No Failure,175.0,77.0
L,3.76,1.7,29.37,54.02,10.1,100.0,0,No Failure,156.1,70.3
L,3.61,2.51,52.103,45.7,20.16,93.41,0,No Failure,176.9,77.7
H,3.81,2.22,34.87,74.718,23.96,91.96,0,No Failure,199.8,85.8
L,3.77,1.23,26.07,45.67,18.42,95.93,0,No Failure,173.7,76.5
L,3.7,1.93,30.43,41.14,20.34,96.49,0,No Failure,185.6,80.7
H,3.83,2.11,42.9,51.59,15.7,93.9,0,No Failure,183.5,80.0
L,3.78,2.45,39.34,55.41,15.29,97.45,0,No Failure,162.1,72.4
M,3.82,2.1,36.72,43.22,14.05,90.41,0,No Failure,185.5,80.7
L,4.11,2.1,29.46,57.91,22.1,87.43,0,No Failure,130.3,61.2
L,3.87,3.384,28.21,40.62,14.22,97.3,0,No Failure,167.8,74.4
L,3.8,1.6,42.39,42.46,19.07,90.99,0,No Failure,176.1,77.4
M,3.97,1.85,40.85,50.91,7.48,92.93,0,No Failure,164.9,73.4
L,3.71,2.14,39.03,36.25,16.51,90.07,0,No Failure,157.3,70.7
L,4.12,2.41,36.0,51.87,20.64,84.29,0,No Failure,134.4,62.6
M,3.41,1.66,39.04,51.64,19.77,94.29,0,No Failure,169.1,74.9
M,3.82,2.29,35.38,49.91,4.2,91.76,0,No Failure,168.9,74.8
M,3.9,1.89,34.06,62.79,4.0,90.53,0,No Failure,145.7,66.6
L,3.87,1.57,26.61,46.15,28.63,92.68,0,No Failure,162.0,72.4
L,3.71,1.61,33.13,41.86,19.08,93.23,0,No Failure,197.2,84.9
H,3.88,2.59,36.95,47.45,11.29,100.0,0,No Failure,158.0,71.0
L,4.13,1.58,31.34,58.56,22.06,99.59,0,No Failure,140.8,64.9
L,3.99,1.11,35.71,53.12,23.94,100.0,0,No Failure,146.9,67.0
L,3.83,1.28,44.22,43.78,14.4,90.95,0,No Failure,152.4,69.0
L,3.78,2.0,35.85,56.71,14.1,90.16,0,No Failure,179.4,78.5
L,4.49,2.04,42.8,48.47,12.6,100.0,0,No Failure,146.0,66.7
M,4.04,1.42,32.69,54.4,12.05,95.32,0,No Failure,164.4,73.2
L,4.03,2.28,33.0,45.65,12.29,97.2,0,No Failure,168.9,74.8
M,3.85,1.95,31.78,21.245,24.04,96.41,0,No Failure,198.3,85.2
L,3.66,1.68,39.66,46.05,24.02,88.74,0,No Failure,161.9,72.3
L,3.79,2.17,35.38,21.245,18.98,92.76,0,No Failure,206.4,88.1
L,3.57,1.59,32.89,51.13,19.28,95.81,0,No Failure,188.6,81.8
M,3.53,2.01,31.15,47.41,24.37,94.58,0,No Failure,160.1,71.7
H,3.99,2.19,31.11,47.56,22.86,94.87,0,No Failure,186.5,81.1
L,3.71,1.82,35.31,41.81,16.16,97.56,0,No Failure,195.6,84.3
M,3.79,1.25,26.18,51.23,17.63,100.0,0,No Failure,156.5,70.4
M,3.78,1.67,25.98,49.58,21.26,93.44,0,No Failure,186.9,81.2
L,3.87,2.23,40.35,43.73,7.1,96.9,0,No Failure,153.9,69.5
M,3.86,1.88,37.22,51.76,23.38,90.2,0,No Failure,188.9,81.9
H,3.66,1.59,35.39,47.63,27.46,96.45,0,No Failure,182.0,79.5
H,3.67,1.69,38.16,38.98,20.9,91.86,0,No Failure,173.0,76.3
L,3.77,1.53,39.02,38.71,25.4,94.61,0,No Failure,169.8,75.1
M,3.57,1.79,29.28,42.38,18.22,89.88,0,No Failure,167.6,74.3
H,3.96,2.67,40.38,56.67,32.33,97.35,0,No Failure,111.6,54.5
L,3.91,1.49,42.9,43.92,12.13,90.89,0,No Failure,151.3,68.6
M,3.86,1.85,39.83,69.33,20.02,93.36,0,No Failure,165.1,73.5
M,3.26,2.13,43.34,47.93,16.89,94.4,0,No Failure,147.4,67.2
L,3.88,2.02,35.56,37.53,8.98,91.64,0,No Failure,167.4,74.3
M,3.74,2.32,33.67,43.53,16.95,88.81,0,No Failure,176.7,77.6
L,3.8,1.54,33.03,37.56,10.96,95.3,0,No Failure,176.8,77.6
L,3.99,1.4,41.53,47.51,9.01,100.0,0,No Failure,137.7,63.8
M,3.89,1.79,44.31,52.62,4.0,92.22,0,No Failure,143.1,65.7
M,3.99,1.95,38.32,32.96,16.38,99.17,0,No Failure,153.3,69.3
M,3.94,2.66,35.83,44.41,19.33,91.62,0,No Failure,173.1,76.3
H,3.6,1.81,35.46,53.16,14.31,91.34,0,No Failure,181.8,79.4
L,3.54,2.41,37.07,44.62,27.98,86.16,0,No Failure,121.7,58.1
L,3.81,1.61,27.37,37.75,11.41,88.36,0,No Failure,142.5,65.5
M,3.8,1.86,36.95,52.43,13.89,97.51,0,No Failure,196.5,84.6
L,3.53,0.85,28.47,45.69,14.66,91.15,0,No Failure,128.6,60.5
L,3.85,1.97,43.69,28.43,25.81,100.0,0,No Failure,120.8,57.8
L,4.05,1.64,29.69,43.55,34.47,82.01,0,No Failure,97.4,49.5
M,3.61,1.77,32.87,51.73,16.83,92.17,0,No Failure,191.7,82.9
L,3.75,1.7,33.38,53.71,13.8,99.35,0,No Failure,181.1,79.1
L,3.69,2.07,30.18,33.6,19.23,95.77,0,No Failure,168.1,74.5
L,3.55,1.93,31.52,49.37,12.87,95.94,0,No Failure,180.3,78.8
L,3.8,1.81,32.83,47.68,20.51,97.33,0,No Failure,214.7,91.0
L,3.88,1.14,31.83,50.18,21.81,98.62,0,No Failure,170.2,75.3
L,3.8,1.71,27.79,50.29,5.77,89.63,0,No Failure,154.7,69.8
M,3.72,1.28,31.57,35.48,16.41,89.65,0,No Failure,149.6,68.0
L,3.86,1.75,35.35,32.3,15.63,89.77,0,No Failure,170.7,75.5
L,3.78,2.22,30.43,51.04,18.66,97.09,0,No Failure,191.7,82.9
M,3.72,1.78,34.56,43.28,18.17,99.82,0,No Failure,189.1,82.0
H,3.7,2.24,41.93,41.36,32.56,100.0,0,No Failure,118.0,56.8
L,3.87,2.05,37.37,56.6,14.18,91.27,0,No Failure,176.8,77.6
L,3.79,1.77,37.88,37.06,22.3,99.8,0,No Failure,169.1,74.9
L,4.0,1.84,33.84,38.72,8.47,84.84,0,No Failure,138.5,64.0
H,3.7,1.66,28.7,59.49,12.81,87.68,0,No Failure,137.5,63.7
M,3.79,1.94,42.37,55.6,16.35,94.74,0,No Failure,184.9,80.5
M,3.4,1.56,40.05,38.37,15.93,94.39,0,No Failure,145.3,66.5
M,3.81,2.89,35.77,45.01,18.2,97.21,0,No Failure,177.5,77.9
H,3.52,1.52,27.38,45.57,33.06,90.73,0,No Failure,120.2,57.6
L,3.91,2.17,35.62,44.65,-4.089,90.57,0,No Failure,181.4,79.2
L,3.82,2.06,41.12,44.35,18.33,92.2,0,No Failure,175.9,77.3
M,4.03,2.43,28.81,32.46,8.13,81.02,0,No Failure,99.9,50.4
H,4.1,1.68,29.52,42.01,7.28,89.98,0,No Failure,133.3,62.2
H,4.0,1.89,33.34,53.85,13.31,98.43,0,No Failure,178.2,78.1
H,3.66,1.46,35.91,40.4,26.56,91.04,0,No Failure,155.5,70.1
M,4.24,1.61,30.24,60.41,13.99,92.09,0,No Failure,131.7,61.6
L,3.97,2.2,35.82,60.91,10.53,90.49,0,No Failure,145.6,66.6
H,4.16,1.66,37.82,63.87,22.39,96.62,0,No Failure,139.5,64.4
L,3.73,1.75,35.81,57.26,12.6,92.38,0,No Failure,180.7,79.0
L,3.75,1.66,29.42,39.69,14.16,90.08,0,No Failure,164.0,73.1
L,3.58,1.88,33.82,52.35,28.74,93.13,0,No Failure,174.4,76.8
M,3.69,1.76,31.89,52.1,21.98,93.9,0,No Failure,196.7,84.7
M,3.66,1.92,31.61,49.5,18.03,100.0,0,No Failure,188.0,81.6
M,3.6,1.92,37.6,52.63,20.78,100.0,0,No Failure,170.3,75.3
M,3.94,1.5,37.34,54.52,21.17,95.84,0,No Failure,181.1,79.1
M,3.84,1.6,23.7,45.83,17.21,95.41,0,No Failure,181.1,79.1
L,3.72,1.32,32.51,46.06,20.36,89.01,0,No Failure,174.6,76.8
M,3.5,2.13,38.6,49.8,6.23,98.92,0,No Failure,134.6,62.7
M,3.77,1.58,34.2,54.41,24.16,96.41,0,No Failure,188.8,81.9
M,3.82,2.54,45.4,50.5,17.81,89.44,1,SEI Layer High Impedance,4.4,23.4
H,4.07,1.54,40.57,52.81,13.92,92.54,0,No Failure,156.5,70.4
M,3.86,2.09,36.26,55.74,22.28,94.78,0,No Failure,194.3,83.8
L,3.49,1.92,33.42,29.08,27.16,93.76,0,No Failure,138.5,64.1
H,3.81,1.72,31.72,47.36,32.76,94.76,0,No Failure,185.6,80.7
L,3.95,1.66,31.3,37.47,13.95,96.72,0,No Failure,167.3,74.3
L,4.07,1.97,40.36,47.22,18.76,98.66,0,No Failure,175.4,77.1
M,4.12,1.31,40.59,56.31,19.23,100.0,0,No Failure,132.1,61.8
M,4.1,1.3,31.11,63.87,9.59,96.02,0,No Failure,120.4,57.7
L,3.83,1.11,33.42,46.27,4.0,90.69,0,No Failure,151.3,68.6
L,3.84,1.88,35.09,42.96,16.95,93.47,0,No Failure,216.0,91.5
L,3.64,1.33,36.09,50.86,12.28,95.08,0,No Failure,174.9,77.0
L,3.95,1.38,33.5,67.87,11.15,93.49,0,No Failure,141.8,65.2
L,3.78,1.81,35.63,54.93,17.64,86.55,0,No Failure,183.7,80.1
L,3.73,1.6,35.86,44.52,-4.089,92.43,0,No Failure,199.6,85.7
L,3.81,2.15,32.53,53.35,25.06,90.79,0,No Failure,178.1,78.1
M,3.79,1.49,28.51,48.13,13.7,93.48,0,No Failure,184.8,80.5
M,3.63,1.85,31.66,51.6,9.58,92.2,0,No Failure,173.9,76.6
L,3.68,1.73,40.65,60.5,13.97,100.0,0,No Failure,143.3,65.8
M,4.02,1.53,35.51,60.07,23.74,91.38,0,No Failure,155.8,70.2
L,3.83,1.94,31.8,64.91,28.18,94.15,0,No Failure,164.5,73.3
L,4.02,2.08,42.36,48.85,27.06,87.18,0,No Failure,135.2,62.9
M,3.78,1.77,34.98,45.36,22.67,94.46,0,No Failure,215.0,91.2
L,4.0,1.55,28.93,29.67,16.31,95.76,0,No Failure,144.1,66.1
L,3.81,2.58,25.54,49.0,16.3,96.41,0,No Failure,165.7,73.7
L,3.56,1.32,28.46,42.51,25.21,94.76,0,No Failure,146.0,66.7
M,3.55,1.65,36.1,40.59,21.79,91.45,0,No Failure,167.3,74.3
L,4.2,1.27,27.89,35.35,27.89,95.47,1,Electrolyte Outgassing Swell,8.1,8.0
L,3.87,2.73,23.07,51.53,32.58,94.42,0,No Failure,120.3,57.6
M,3.86,1.44,41.13,37.77,24.22,95.03,0,No Failure,160.1,71.7
L,3.86,3.35,30.61,46.6,31.94,91.35,0,No Failure,161.4,72.2
L,3.89,2.54,33.67,52.07,18.02,100.0,0,No Failure,174.1,76.7
H,3.82,2.07,34.64,62.73,13.93,100.0,0,No Failure,166.6,74.0
M,3.79,2.42,35.15,36.66,22.24,92.47,0,No Failure,171.8,75.8
H,3.84,2.16,32.33,56.42,20.48,100.0,0,No Failure,175.5,77.2
M,3.94,1.77,27.76,55.92,20.31,93.04,0,No Failure,176.9,77.7
H,3.57,3.384,38.39,46.04,18.23,96.12,0,No Failure,193.0,83.4
M,3.55,1.93,34.23,49.34,13.84,89.2,0,No Failure,177.5,77.9
M,3.77,2.04,36.11,47.15,21.43,96.03,0,No Failure,208.1,88.7
M,3.78,2.59,27.9,48.13,24.54,97.04,0,No Failure,116.4,56.2
H,3.78,2.38,27.7,39.87,8.47,93.04,0,No Failure,144.4,66.2
M,3.78,2.24,37.46,40.05,11.68,98.5,0,No Failure,161.4,72.2
H,3.74,2.0,30.44,43.16,14.17,96.81,0,No Failure,183.1,79.9
L,3.74,2.0,35.22,42.35,6.41,89.83,0,No Failure,163.8,73.0
M,3.84,1.61,36.31,50.04,12.12,89.95,0,No Failure,184.8,80.4
M,3.53,1.2,33.9,51.59,15.32,92.37,0,No Failure,163.5,72.9
M,3.98,2.05,28.93,50.58,17.78,91.61,0,No Failure,181.5,79.3
H,3.72,1.78,34.6,39.71,22.65,90.64,0,No Failure,185.1,80.6
M,3.8,2.54,28.85,50.47,16.61,98.59,0,No Failure,167.8,74.4
H,4.02,1.53,33.2,48.86,11.89,97.8,0,No Failure,174.2,76.7
L,3.51,1.87,41.35,49.65,8.29,94.69,0,No Failure,157.8,70.9
H,3.89,1.37,37.98,50.65,15.78,109.886,0,No Failure,183.1,79.8
H,3.53,2.25,30.77,42.51,11.96,91.0,0,No Failure,145.0,66.4
H,3.82,2.04,34.17,50.06,16.08,92.47,0,No Failure,213.0,90.4
H,3.75,1.88,42.03,57.89,17.55,94.45,1,Thermal Exotherm Warning,11.3,33.3
L,3.92,2.01,38.94,47.05,20.24,94.43,0,No Failure,203.3,87.0
H,3.89,2.12,34.82,38.14,15.5,97.48,0,No Failure,182.5,79.7
L,3.65,1.82,27.95,53.04,23.97,96.18,0,No Failure,171.0,75.6
M,3.62,1.96,31.22,35.58,15.66,93.83,0,No Failure,171.1,75.6
M,3.71,1.39,37.32,57.54,18.07,96.81,0,No Failure,173.1,76.3
H,3.96,2.47,28.7,47.81,16.39,88.08,1,SEI Layer High Impedance,7.4,24.6
L,3.89,1.74,35.63,49.32,24.61,98.2,0,No Failure,193.3,83.5
L,3.71,1.88,29.35,47.88,19.92,100.0,0,No Failure,156.3,70.3
L,3.97,2.22,26.85,43.83,17.66,93.32,0,No Failure,171.8,75.8
M,3.14,2.02,34.17,47.07,20.51,90.03,0,No Failure,201.5,86.4
L,3.53,1.97,31.56,60.79,28.77,94.41,0,No Failure,145.8,66.6
M,3.99,1.86,45.71,59.57,17.46,93.28,1,Thermal Exotherm Warning,4.4,25.0
H,3.93,1.96,34.45,57.45,13.9,99.43,0,No Failure,174.6,76.9
M,3.33,1.85,33.71,47.41,23.54,95.87,0,No Failure,151.2,68.5
L,3.87,1.38,29.37,43.29,15.55,95.33,0,No Failure,179.9,78.7
L,3.65,1.65,32.37,43.71,15.88,100.0,0,No Failure,173.1,76.3
M,3.71,1.51,41.06,53.65,11.06,92.91,0,No Failure,157.7,70.8
L,3.79,1.7,31.38,72.31,16.42,91.37,0,No Failure,156.4,70.4
M,3.78,1.9,22.23,45.97,10.2,88.13,0,No Failure,143.4,65.8
L,3.78,1.45,37.05,47.33,21.22,93.36,0,No Failure,199.8,85.7
H,3.67,1.89,30.14,43.27,20.05,96.12,0,No Failure,190.5,82.5
L,3.75,1.91,33.7,49.8,10.23,98.3,0,No Failure,188.7,81.8
L,3.84,2.24,26.25,39.86,27.46,94.63,0,No Failure,155.1,69.9
M,3.59,1.83,38.18,43.92,34.93,95.8,0,No Failure,157.3,70.7
M,3.83,1.84,30.32,55.24,38.89,86.42,0,No Failure,158.9,71.3
L,3.14,1.73,37.11,52.34,16.9,96.89,0,No Failure,202.6,86.8
M,3.84,0.306,36.38,54.37,25.48,92.0,0,No Failure,177.8,78.0
M,3.74,2.15,38.83,50.05,17.43,98.97,0,No Failure,183.2,79.9
L,3.97,1.95,34.46,42.31,16.8,88.06,0,No Failure,158.5,71.1
H,4.07,1.6,34.81,47.09,9.84,87.75,0,No Failure,157.0,70.6
M,3.39,1.49,38.44,54.97,17.46,92.25,0,No Failure,148.6,67.6
L,4.0,1.73,36.78,44.29,9.71,97.04,0,No Failure,171.9,75.9
L,3.79,2.06,32.2,48.53,11.11,92.95,0,No Failure,195.5,84.2
H,4.0,1.41,35.41,40.33,21.38,96.57,0,No Failure,172.5,76.1
M,3.79,3.3,33.79,66.72,20.55,94.5,0,No Failure,170.4,75.4
H,4.49,1.79,39.45,52.18,17.43,90.4,0,No Failure,172.8,76.2
H,3.7,2.31,32.94,38.9,26.72,88.2,0,No Failure,141.6,65.2
L,3.99,2.04,38.93,38.46,16.98,100.0,0,No Failure,157.8,70.9
H,4.05,1.83,29.57,40.23,17.07,92.03,0,No Failure,149.7,68.0
M,3.43,1.39,29.04,52.29,21.04,95.68,0,No Failure,149.6,68.0
M,3.92,2.14,34.78,44.31,26.56,95.01,0,No Failure,188.5,81.8
L,3.96,3.06,39.01,53.85,18.17,93.29,0,No Failure,148.9,67.7
M,3.32,1.98,36.37,55.57,18.06,94.44,0,No Failure,167.2,74.2
L,3.77,1.6,42.33,52.96,21.16,97.38,0,No Failure,171.3,75.7
H,3.7,1.96,37.62,58.65,16.07,93.39,0,No Failure,181.6,79.3
H,3.78,1.02,35.79,46.82,13.38,100.0,0,No Failure,163.7,73.0
M,3.82,1.0,39.15,59.91,15.5,105.92,0,No Failure,130.1,61.1
L,3.96,2.0,40.95,46.85,18.18,87.59,0,No Failure,170.5,75.4
L,4.01,0.87,27.48,39.4,8.76,92.19,0,No Failure,110.0,54.0
H,4.02,1.45,39.4,50.23,18.52,93.0,0,No Failure,179.9,78.7
L,4.0,2.15,30.38,49.26,24.56,96.03,0,No Failure,174.3,76.7
M,3.77,1.93,34.25,42.52,10.45,97.88,0,No Failure,186.2,81.0
L,3.86,1.87,52.103,51.11,21.74,91.94,0,No Failure,188.0,81.6
L,3.9,1.51,33.45,46.4,16.49,92.3,0,No Failure,199.9,85.8
L,3.72,1.73,34.91,39.93,15.56,100.0,0,No Failure,179.6,78.6
L,3.67,1.38,37.8,31.38,22.25,92.58,0,No Failure,145.3,66.5
M,3.91,1.33,31.11,49.41,16.83,98.21,0,No Failure,179.1,78.4
L,3.83,2.11,41.0,38.06,17.61,89.23,0,No Failure,163.6,73.0
M,4.02,1.02,43.65,52.03,22.44,96.11,0,No Failure,134.7,62.7
M,4.12,1.74,28.22,48.36,7.53,91.41,0,No Failure,147.2,67.1
M,3.52,1.47,34.24,48.84,19.78,94.89,0,No Failure,191.6,82.9
M,3.75,2.65,43.06,44.58,14.46,91.23,0,No Failure,144.8,66.3
M,3.96,1.86,36.72,43.2,13.64,97.93,0,No Failure,183.9,80.1
M,3.72,2.64,29.38,51.44,18.24,94.58,0,No Failure,170.7,75.4
M,3.93,1.71,40.98,43.45,4.14,93.69,0,No Failure,153.4,69.3
M,3.68,1.85,35.11,54.8,12.7,92.26,0,No Failure,187.3,81.3
M,3.6,1.43,27.83,39.4,23.75,97.32,0,No Failure,139.8,64.5
L,3.75,2.58,41.95,36.83,18.71,100.0,0,No Failure,136.1,63.2
M,4.49,1.68,30.95,57.31,15.91,84.37,0,No Failure,128.5,60.5
H,3.87,1.99,28.82,46.12,15.68,99.39,0,No Failure,181.7,79.3
L,3.82,1.83,36.84,43.59,18.96,92.95,0,No Failure,199.2,85.6
M,3.4,1.62,29.64,50.42,17.25,88.8,0,No Failure,147.6,67.3
M,3.91,2.02,28.65,39.86,15.76,100.0,0,No Failure,160.8,71.9
L,3.67,1.58,29.13,60.34,25.1,87.95,0,No Failure,130.6,61.3
M,4.08,3.384,30.85,31.07,5.91,96.32,0,No Failure,128.1,60.4
M,3.72,1.29,32.21,31.94,20.3,94.95,0,No Failure,161.0,72.0
H,3.67,1.94,34.44,41.57,16.92,97.26,0,No Failure,194.8,84.0
H,3.72,2.48,37.6,41.85,25.95,97.01,0,No Failure,155.1,69.9
M,3.93,2.75,32.69,55.5,13.74,95.77,0,No Failure,156.7,70.5
L,3.94,1.96,42.47,48.55,18.81,98.61,0,No Failure,181.3,79.2
M,3.66,1.9,36.12,51.56,19.73,97.59,0,No Failure,196.0,84.4
H,3.86,1.63,31.18,39.16,23.95,95.09,0,No Failure,182.0,79.5
M,3.71,2.36,22.18,53.05,18.34,91.14,0,No Failure,145.4,66.5
M,3.81,2.9,24.03,50.88,22.7,95.49,0,No Failure,143.3,65.8
M,3.59,1.6,29.53,49.37,28.61,94.41,0,No Failure,164.5,73.3
L,4.04,2.24,44.19,57.53,9.73,95.73,1,Thermal Exotherm Warning,9.7,14.4
L,4.0,2.08,31.64,38.34,25.41,96.02,0,No Failure,161.6,72.2
H,3.81,2.01,26.7,47.5,22.71,98.89,0,No Failure,178.4,78.2
H,3.84,2.38,35.01,45.55,11.67,93.19,0,No Failure,188.5,81.8
H,3.67,2.22,30.79,45.09,19.72,92.83,0,No Failure,184.7,80.4
M,4.12,3.384,25.69,53.15,23.42,91.66,0,No Failure,128.1,60.4
L,4.02,1.28,34.0,47.56,24.16,94.83,0,No Failure,181.9,79.4
M,3.73,2.13,37.16,54.21,22.09,96.17,0,No Failure,183.7,80.1
M,3.88,2.11,42.59,42.72,25.52,85.57,0,No Failure,134.5,62.6
M,3.64,1.81,32.94,59.52,17.06,89.55,0,No Failure,170.2,75.3
M,3.49,1.59,33.73,21.245,19.09,95.94,0,No Failure,179.9,78.7
L,3.7,1.88,34.46,55.56,13.08,90.91,0,No Failure,183.7,80.1
L,4.0,2.11,31.34,49.2,18.8,94.79,0,No Failure,199.5,85.7
M,3.97,1.82,35.76,55.15,27.27,93.98,0,No Failure,181.4,79.3
L,3.95,1.91,32.34,52.9,24.99,90.87,0,No Failure,178.0,78.0
H,3.74,1.96,34.87,51.48,21.36,88.35,0,No Failure,189.5,82.1
M,3.49,2.46,32.9,50.92,16.35,86.78,1,SEI Layer High Impedance,5.2,19.8
M,3.79,1.42,33.55,49.5,-4.089,89.33,0,No Failure,195.0,84.1
M,3.74,1.96,38.93,56.6,14.96,94.6,0,No Failure,186.4,81.0
L,3.73,2.99,32.82,35.17,4.4,109.886,0,No Failure,108.2,53.3
L,3.81,0.95,42.16,31.23,17.2,95.88,0,No Failure,135.1,62.9
H,3.7,1.5,39.82,30.39,18.85,94.0,0,No Failure,158.2,71.0
L,3.71,1.44,31.85,54.69,14.93,96.66,0,No Failure,174.2,76.7
L,3.78,2.43,38.95,47.33,13.01,96.14,0,No Failure,177.9,78.0
M,3.55,1.77,31.33,47.23,14.91,90.42,0,No Failure,175.8,77.3
L,3.82,2.53,22.0,43.12,4.55,86.45,1,SEI Layer High Impedance,8.2,3.7
L,3.85,1.96,28.52,49.83,26.93,94.59,0,No Failure,187.1,81.3
H,3.41,2.3,33.39,48.83,23.02,93.51,0,No Failure,165.4,73.6
H,3.91,1.66,34.14,59.11,15.28,90.57,0,No Failure,176.4,77.5
L,3.96,1.49,40.77,45.04,13.2,97.44,0,No Failure,161.5,72.2
L,3.85,2.43,29.39,47.57,27.56,91.03,0,No Failure,160.9,72.0
M,4.01,1.33,31.59,55.4,15.28,90.53,0,No Failure,154.5,69.7
L,3.76,2.0,26.94,54.46,12.03,85.04,0,No Failure,137.2,63.6
M,3.91,1.33,36.6,55.5,25.25,90.71,0,No Failure,157.0,70.6
L,3.62,1.25,34.8,55.96,17.56,85.76,0,No Failure,145.4,66.5
M,4.18,2.29,40.56,47.19,26.56,96.19,0,No Failure,142.2,65.4
L,3.83,1.49,40.21,60.82,16.93,100.0,0,No Failure,153.7,69.4
M,3.58,1.74,33.38,29.91,12.88,95.45,0,No Failure,153.9,69.5
L,3.87,2.8,32.64,54.78,17.19,99.94,0,No Failure,154.5,69.7
M,3.83,1.11,32.87,48.13,25.31,98.13,0,No Failure,162.5,72.5
L,3.94,1.8,36.41,40.0,24.88,78.944,0,No Failure,184.8,80.5
H,3.27,2.02,37.29,48.91,25.26,93.09,0,No Failure,151.3,68.6
M,3.74,1.97,41.77,27.47,30.22,91.37,0,No Failure,118.5,57.0
H,4.02,1.37,39.43,57.3,4.06,91.86,0,No Failure,120.7,57.7
L,3.61,2.34,43.55,38.63,33.57,109.886,0,No Failure,97.4,49.5
H,4.15,2.09,44.4,54.78,18.77,92.33,0,No Failure,144.9,66.3
M,3.76,1.55,36.19,52.64,8.05,100.0,0,No Failure,160.2,71.7
H,4.07,1.22,33.13,30.62,21.59,100.0,0,No Failure,123.4,58.7
H,3.98,2.2,36.0,63.22,28.03,92.3,0,No Failure,141.9,65.3
L,3.74,1.61,37.66,51.01,9.54,93.94,0,No Failure,181.6,79.3
L,3.82,1.81,26.08,55.69,11.92,94.98,0,No Failure,170.8,75.5
L,3.65,1.74,32.92,45.61,27.25,96.22,0,No Failure,181.0,79.1
L,4.12,1.59,29.43,46.52,18.72,92.42,0,No Failure,174.8,76.9
L,3.73,2.36,35.29,41.29,22.3,95.53,0,No Failure,182.2,79.5
L,4.06,1.7,28.91,38.05,9.16,88.7,0,No Failure,127.2,60.0
L,3.72,1.57,40.28,43.51,17.92,98.01,0,No Failure,176.7,77.6
L,3.86,2.25,34.4,41.33,25.76,93.23,0,No Failure,183.3,79.9
L,3.87,1.97,32.42,59.66,6.75,91.85,0,No Failure,159.0,71.3
M,3.81,1.73,33.64,61.83,19.91,92.18,0,No Failure,189.6,82.1
M,3.81,1.66,32.15,53.85,19.05,94.88,0,No Failure,208.5,88.9
L,3.96,1.76,31.72,43.45,27.59,100.0,0,No Failure,160.6,71.9
L,3.86,1.91,34.99,55.79,26.16,93.28,0,No Failure,191.5,82.8
L,3.58,1.8,40.44,35.42,39.51,90.84,0,No Failure,121.9,58.2
M,3.86,1.85,39.03,47.4,19.4,92.13,0,No Failure,208.5,88.8
M,3.92,1.66,29.96,36.07,22.29,99.2,0,No Failure,155.8,70.2
L,3.63,2.19,34.02,52.69,26.18,95.46,0,No Failure,175.0,77.0
L,3.66,1.51,37.01,33.3,25.27,95.51,0,No Failure,151.9,68.8
M,3.78,1.31,40.88,50.65,21.92,100.0,0,No Failure,159.5,71.5
H,3.62,2.13,31.08,36.42,11.35,97.07,0,No Failure,146.8,67.0
H,3.53,1.99,25.52,53.63,30.02,96.92,0,No Failure,127.4,60.1
M,3.99,1.66,38.22,40.99,20.6,94.68,0,No Failure,184.1,80.2
H,4.19,1.63,39.67,52.23,9.5,92.49,0,No Failure,141.9,65.2
H,4.09,1.79,33.67,39.56,4.86,95.03,0,No Failure,155.4,70.0
L,3.85,1.67,29.06,44.96,10.68,92.85,0,No Failure,179.9,78.7
L,3.82,1.96,38.12,59.45,21.0,87.79,0,No Failure,167.0,74.2
H,4.15,1.76,28.47,43.74,18.71,100.0,0,No Failure,156.5,70.4
L,4.1,1.72,28.81,35.28,19.5,92.91,0,No Failure,155.2,70.0
L,3.46,2.1,39.39,55.51,18.96,92.95,0,No Failure,159.0,71.3
H,4.04,1.21,29.4,44.32,18.35,100.0,0,No Failure,150.1,68.2
M,3.84,2.36,29.3,51.01,23.21,99.84,0,No Failure,162.7,72.6
L,4.04,1.18,28.04,56.83,20.99,91.61,0,No Failure,136.8,63.5
H,3.69,1.8,41.55,43.09,22.93,90.07,0,No Failure,164.2,73.1
H,3.81,1.94,35.98,51.89,11.07,97.42,0,No Failure,192.5,83.2
L,3.67,1.64,35.59,36.36,16.82,99.05,0,No Failure,168.4,74.6
M,3.82,1.85,37.71,60.11,17.95,100.0,0,No Failure,174.4,76.8
L,3.69,1.87,28.54,55.09,16.83,91.84,0,No Failure,178.1,78.1
M,4.24,1.63,29.75,33.21,16.7,93.12,0,No Failure,137.2,63.6
M,3.95,1.81,44.94,66.03,16.71,91.22,1,Thermal Exotherm Warning,11.8,18.3
H,3.77,1.28,35.04,51.06,21.17,92.8,0,No Failure,192.1,83.0
H,3.75,1.8,32.98,49.12,13.54,87.65,0,No Failure,185.5,80.7
M,3.78,1.85,33.85,49.34,16.04,95.82,0,No Failure,220.3,93.0
L,3.67,2.61,32.01,43.17,12.71,88.92,1,SEI Layer High Impedance,13.1,20.7
H,3.54,2.04,36.5,44.1,19.4,95.37,0,No Failure,187.5,81.4
M,4.0,1.52,36.36,36.67,23.02,95.78,0,No Failure,164.8,73.4
L,4.01,1.79,36.03,54.24,14.41,92.82,0,No Failure,185.7,80.8
H,3.96,1.13,35.68,49.98,22.34,93.03,0,No Failure,176.2,77.4
H,3.89,2.38,37.81,43.24,10.45,91.65,0,No Failure,160.8,71.9
H,3.63,1.57,35.98,53.4,24.43,96.47,0,No Failure,173.7,76.5
M,3.72,1.53,42.22,46.11,28.62,98.11,0,No Failure,149.4,67.9
L,3.83,2.01,39.51,47.04,24.56,92.68,0,No Failure,191.8,82.9
M,3.97,1.52,36.36,62.52,21.85,93.0,0,No Failure,162.2,72.4
L,3.97,2.67,31.3,38.38,20.22,89.03,1,SEI Layer High Impedance,2.1,19.0
L,3.71,1.73,43.45,51.46,16.91,91.18,0,No Failure,171.9,75.9
M,3.91,1.16,34.56,63.46,27.71,94.81,0,No Failure,147.2,67.1
L,3.82,1.81,35.88,43.56,15.35,90.53,0,No Failure,201.3,86.3
M,3.72,1.49,35.46,45.4,16.89,89.21,0,No Failure,184.2,80.2
L,3.64,1.58,32.45,49.67,28.05,87.1,0,No Failure,151.0,68.5
L,4.14,2.14,36.32,43.98,11.72,92.04,0,No Failure,159.3,71.4
M,3.72,2.04,34.3,40.56,18.2,99.13,0,No Failure,188.9,81.9
L,3.67,1.87,38.39,46.32,10.83,98.04,0,No Failure,176.3,77.4
M,3.77,1.67,30.33,58.32,11.39,100.0,0,No Failure,153.6,69.4
M,3.87,2.1,31.06,63.76,20.42,96.76,0,No Failure,167.6,74.4
M,3.72,2.16,41.54,45.54,18.95,89.99,0,No Failure,172.5,76.1
M,4.04,1.17,27.37,56.32,24.37,98.51,0,No Failure,122.7,58.5
M,3.58,1.53,37.15,74.718,21.81,78.944,0,No Failure,139.2,64.3
M,3.42,1.73,35.94,47.98,25.66,96.27,0,No Failure,169.5,75.0
L,3.68,1.54,33.4,30.43,22.76,100.0,0,No Failure,143.0,65.6
M,3.76,2.27,28.28,40.39,11.1,96.85,0,No Failure,153.7,69.4
M,4.02,2.06,37.53,46.64,28.42,93.69,0,No Failure,172.2,76.0
L,3.77,2.21,32.95,30.02,-4.089,94.65,0,No Failure,161.7,72.3
M,3.74,1.83,33.89,33.23,17.26,97.0,0,No Failure,186.2,81.0
M,3.61,1.55,28.11,42.45,22.54,93.95,0,No Failure,164.1,73.1
L,3.87,1.9,29.71,44.07,20.59,99.38,0,No Failure,185.6,80.7
M,4.19,1.51,38.98,53.11,32.18,94.76,1,Electrolyte Outgassing Swell,9.0,16.9
M,3.82,2.26,34.94,49.3,18.87,96.03,0,No Failure,213.3,90.5
M,3.92,1.81,35.32,39.02,14.57,88.71,0,No Failure,175.4,77.1
L,3.92,2.09,29.85,60.69,20.5,92.19,0,No Failure,165.3,73.6
L,4.09,1.75,43.94,50.17,19.13,100.0,0,No Failure,153.4,69.3
H,3.94,2.32,31.88,50.52,15.95,88.23,0,No Failure,166.5,74.0
M,3.78,0.85,31.19,70.12,24.74,97.18,0,No Failure,114.3,55.5
M,3.81,1.69,36.27,57.91,16.58,88.86,0,No Failure,180.1,78.8
L,3.8,1.66,38.21,55.83,20.12,91.34,0,No Failure,185.9,80.8
M,3.54,1.44,34.65,34.18,21.45,99.94,0,No Failure,141.0,64.9
L,3.92,1.69,38.96,58.57,24.7,99.57,0,No Failure,152.2,68.9
L,3.59,2.11,29.37,38.79,24.39,95.49,0,No Failure,154.0,69.6
M,3.84,1.7,31.4,50.82,7.76,100.0,0,No Failure,167.6,74.4
L,3.85,1.71,35.56,49.72,14.81,97.19,0,No Failure,205.5,87.8
L,3.56,2.12,32.16,56.24,13.64,98.23,0,No Failure,154.3,69.7
M,3.91,1.46,37.84,52.63,9.58,98.62,0,No Failure,157.6,70.8
L,3.96,1.84,40.9,50.15,25.92,89.4,0,No Failure,162.6,72.6
H,3.68,2.14,32.5,45.56,18.71,96.17,0,No Failure,197.7,85.0
M,3.6,1.1,29.27,45.56,6.58,94.46,0,No Failure,138.8,64.1
L,3.72,1.66,34.43,40.84,21.29,94.26,0,No Failure,200.5,86.0
L,3.8,1.99,42.68,53.55,24.4,97.78,0,No Failure,166.0,73.8
L,3.91,2.01,32.04,47.74,22.97,96.89,0,No Failure,196.7,84.7
L,3.14,2.41,36.61,62.91,9.85,100.0,0,No Failure,102.8,51.4
M,4.49,1.88,32.28,50.81,16.69,90.81,0,No Failure,187.2,81.3
H,3.83,1.68,36.01,41.51,22.83,86.08,0,No Failure,170.4,75.4
L,3.29,1.45,35.88,44.92,35.2,97.38,0,No Failure,112.0,54.7
L,3.69,2.36,29.72,63.99,11.58,87.02,0,No Failure,112.8,54.9
M,3.95,2.13,34.66,43.03,20.1,95.74,0,No Failure,197.6,85.0
L,3.98,2.42,52.103,44.66,15.21,93.35,0,No Failure,181.8,79.4
M,3.65,1.68,44.72,57.7,20.42,97.71,1,Thermal Exotherm Warning,2.6,22.0
H,3.78,2.35,29.61,55.45,23.32,99.77,0,No Failure,152.3,68.9
L,3.84,1.53,34.16,45.07,28.73,90.68,0,No Failure,177.6,77.9
H,3.75,2.57,25.46,45.76,16.4,98.58,0,No Failure,150.7,68.4
L,3.86,2.44,39.65,44.8,15.84,109.886,0,No Failure,177.1,77.7
L,3.82,1.99,33.23,44.21,10.04,95.85,0,No Failure,195.0,84.1
M,3.88,1.68,30.37,54.2,11.13,96.23,0,No Failure,175.9,77.3
L,3.95,1.97,42.53,53.27,18.79,94.57,0,No Failure,185.0,80.5
M,3.6,1.52,24.65,40.49,20.58,87.59,0,No Failure,127.5,60.2
M,3.82,2.81,35.46,48.15,19.4,95.35,0,No Failure,194.3,83.8
L,4.49,1.49,46.1,68.78,9.02,93.2,1,Thermal Exotherm Warning,7.6,0.0
M,3.99,1.35,46.42,64.13,12.66,89.18,1,Thermal Exotherm Warning,8.5,4.1
L,3.82,1.74,32.56,56.78,14.88,88.94,0,No Failure,179.9,78.7
H,4.04,3.384,30.16,21.245,29.92,93.07,0,No Failure,146.0,66.7
L,3.96,2.12,35.43,43.8,21.31,95.28,0,No Failure,194.8,84.0
H,4.1,0.85,37.49,49.81,21.72,87.87,0,No Failure,130.0,61.0
H,3.97,1.22,35.78,44.91,13.87,94.24,0,No Failure,179.2,78.5
L,3.64,2.79,38.29,52.83,17.38,89.63,1,SEI Layer High Impedance,9.6,20.8
M,3.81,2.66,34.56,48.8,33.06,94.42,0,No Failure,140.9,64.9
H,3.4,1.08,34.8,48.96,15.93,96.68,0,No Failure,155.1,69.9
L,3.82,1.54,37.35,54.1,16.18,93.65,0,No Failure,196.3,84.5
H,3.74,2.19,33.23,38.26,21.33,86.15,0,No Failure,155.6,70.1
L,3.89,1.82,39.61,38.41,9.03,97.79,0,No Failure,158.4,71.1
M,3.71,1.97,33.9,39.41,22.53,94.09,0,No Failure,193.2,83.4
L,3.79,2.32,33.12,44.81,11.7,82.86,0,No Failure,146.2,66.8
L,4.01,1.66,34.99,57.44,12.13,94.27,0,No Failure,176.6,77.5
M,3.86,2.22,31.2,48.2,10.84,95.57,0,No Failure,187.0,81.2
L,3.8,1.87,30.95,46.55,18.05,90.66,0,No Failure,206.4,88.1
M,3.73,1.73,28.17,46.41,17.64,90.45,0,No Failure,185.2,80.6
H,3.98,2.16,38.9,51.42,18.65,93.44,0,No Failure,187.5,81.4
M,3.49,1.74,35.51,48.85,14.39,92.75,0,No Failure,184.4,80.3
L,3.89,1.62,28.28,38.68,17.8,87.63,0,No Failure,156.6,70.4
H,3.59,1.87,40.35,50.6,21.08,100.0,0,No Failure,166.6,74.0
H,3.84,1.68,39.72,43.23,28.58,96.11,0,No Failure,172.3,76.0
M,3.45,2.11,36.36,52.86,11.84,94.58,0,No Failure,139.3,64.3
M,3.98,2.42,31.67,50.52,4.0,100.0,0,No Failure,131.1,61.4
L,3.55,1.93,38.45,47.21,20.08,97.21,0,No Failure,183.5,80.0
M,3.63,1.67,40.88,31.48,19.98,95.08,0,No Failure,154.2,69.6
L,3.69,2.27,33.53,51.15,28.13,95.6,0,No Failure,173.7,76.5
L,4.15,1.29,37.15,44.66,24.93,100.0,0,No Failure,136.3,63.3
H,3.8,2.24,31.24,59.79,17.29,95.06,0,No Failure,182.2,79.5
M,4.06,1.53,39.64,44.1,23.9,94.09,0,No Failure,165.7,73.7
H,4.0,1.91,33.82,54.84,16.2,97.26,0,No Failure,188.3,81.7
H,3.82,2.24,29.39,67.34,12.41,88.44,0,No Failure,127.9,60.3
H,3.9,1.6,34.74,60.93,20.81,90.28,0,No Failure,172.8,76.2
M,3.97,1.73,37.49,47.23,22.32,91.44,0,No Failure,189.1,82.0
L,3.84,2.09,33.44,53.48,22.46,98.53,0,No Failure,188.8,81.9
L,3.8,1.97,22.99,58.07,15.48,99.63,0,No Failure,146.6,66.9
H,3.96,1.96,38.14,46.3,27.62,95.43,0,No Failure,180.1,78.8
L,3.91,3.02,27.62,47.66,22.72,96.81,0,No Failure,144.2,66.1
M,4.08,2.47,52.103,63.26,27.56,100.0,1,Electrolyte Outgassing Swell,12.0,0.0
M,3.69,1.81,28.03,39.92,12.36,98.32,0,No Failure,157.4,70.7
M,3.9,1.67,32.64,40.53,9.17,100.0,0,No Failure,158.9,71.3
L,3.99,1.76,35.29,48.13,18.17,94.96,0,No Failure,215.8,91.4
H,4.16,1.99,28.09,54.05,22.17,96.67,0,No Failure,152.6,69.0
M,3.71,1.72,22.0,38.77,14.69,90.67,0,No Failure,139.2,64.3
L,3.65,1.95,34.46,53.85,10.67,94.14,0,No Failure,151.6,68.7
L,4.01,3.04,28.68,58.22,21.07,95.86,0,No Failure,125.1,59.3
L,3.7,1.55,32.11,49.22,18.17,93.64,0,No Failure,202.9,86.9
L,3.77,2.42,40.67,41.57,20.44,94.425,0,No Failure,173.9,76.6
L,3.55,1.84,36.87,22.26,10.73,89.39,0,No Failure,109.4,53.7
M,3.9,1.41,34.56,49.41,22.2,94.62,0,No Failure,192.2,83.1
M,3.7,2.17,35.06,40.18,19.91,91.15,0,No Failure,182.5,79.6
H,3.83,1.51,35.3,47.6,11.55,85.69,0,No Failure,169.4,75.0
H,3.77,2.04,35.47,51.05,18.23,98.73,0,No Failure,202.3,86.6
L,3.78,1.51,44.63,57.33,16.47,82.89,1,Thermal Exotherm Warning,5.1,12.6
L,3.61,2.19,37.11,48.02,18.42,92.69,0,No Failure,192.3,83.1
M,3.86,1.74,27.7,49.76,8.57,89.02,0,No Failure,158.9,71.3
L,3.54,0.85,37.77,74.718,14.53,95.06,0,No Failure,133.5,62.3
L,4.22,2.05,28.51,40.61,26.71,94.77,0,No Failure,138.5,64.1
M,3.66,1.8,30.72,52.48,19.26,99.91,0,No Failure,179.2,78.5
H,3.79,2.33,32.14,48.47,27.85,87.25,0,No Failure,158.3,71.1
M,3.71,1.51,30.83,48.16,17.32,94.58,0,No Failure,175.4,77.1
L,3.77,2.31,40.64,46.53,19.09,98.74,0,No Failure,177.0,77.7
L,3.69,1.9,37.64,45.81,16.56,96.54,0,No Failure,198.9,85.4
M,3.98,1.72,22.0,45.73,29.17,94.37,0,No Failure,146.0,66.7
L,3.78,0.97,36.89,51.92,12.58,98.42,0,No Failure,156.6,70.5
H,3.8,1.82,32.76,51.25,21.72,93.59,0,No Failure,213.1,90.5
L,3.72,1.9,36.18,41.4,27.58,89.98,0,No Failure,169.1,74.9
L,3.81,1.82,35.53,49.77,10.96,95.39,0,No Failure,208.4,88.8
M,3.89,3.384,32.05,56.02,18.99,100.0,0,No Failure,182.3,79.6
M,3.92,1.71,30.81,40.64,20.44,91.24,0,No Failure,180.1,78.8
L,3.37,1.55,35.34,52.4,14.39,97.48,0,No Failure,154.7,69.8
L,3.97,1.16,35.34,21.245,4.0,91.97,0,No Failure,149.0,67.8
L,4.26,1.86,33.51,53.79,20.12,88.99,0,No Failure,159.8,71.6
M,3.87,1.92,33.08,64.22,14.91,99.72,0,No Failure,164.2,73.2
M,4.04,1.36,34.93,63.22,16.45,78.944,0,No Failure,147.1,67.1
M,3.59,2.13,33.26,56.91,18.07,93.73,0,No Failure,181.7,79.4
H,3.14,2.08,40.76,33.27,31.98,99.29,0,No Failure,121.7,58.1
H,3.52,2.18,38.5,58.21,28.0,97.48,0,No Failure,130.3,61.1
L,3.65,3.09,37.08,50.26,13.11,100.0,0,No Failure,129.6,60.9
M,3.89,2.49,35.05,44.51,10.37,100.0,0,No Failure,158.3,71.1
H,3.62,1.63,38.88,56.12,22.67,95.72,0,No Failure,166.2,73.9
L,4.14,1.87,28.16,48.09,24.08,95.71,0,No Failure,170.4,75.4
L,3.98,1.97,29.58,38.68,19.63,95.78,0,No Failure,177.5,77.9
M,4.09,2.2,39.14,49.51,24.84,92.32,0,No Failure,159.4,71.5
H,3.98,1.72,39.94,42.55,15.29,88.29,0,No Failure,159.1,71.4
L,4.07,1.65,39.87,62.75,31.76,95.03,1,Electrolyte Outgassing Swell,9.8,14.1
L,3.76,2.61,34.42,40.79,20.44,95.5,0,No Failure,181.1,79.1
H,3.9,1.74,27.34,54.99,19.99,88.6,0,No Failure,163.5,72.9
L,4.04,2.14,31.56,45.32,29.69,95.34,0,No Failure,161.8,72.3
L,4.01,1.63,43.31,40.35,21.78,87.97,0,No Failure,135.5,63.0
L,3.53,1.94,34.67,44.07,-4.089,89.54,0,No Failure,145.6,66.6
M,3.95,1.42,32.91,32.43,15.13,98.38,0,No Failure,150.3,68.2
M,3.86,2.16,29.91,64.08,18.17,92.82,0,No Failure,140.0,64.6
H,3.84,2.34,33.31,44.68,23.33,100.0,0,No Failure,175.3,77.1
L,3.87,2.0,38.54,42.96,15.47,96.57,0,No Failure,190.1,82.3
H,4.11,1.26,35.64,47.6,19.45,99.46,0,No Failure,165.4,73.6
L,4.02,3.384,44.57,59.88,21.36,91.01,1,Thermal Exotherm Warning,12.3,17.9
H,3.8,2.87,33.32,54.91,7.01,97.18,0,No Failure,141.2,65.0
M,3.53,1.9,39.64,55.02,11.61,90.02,0,No Failure,145.3,66.5
L,3.92,1.54,41.44,51.65,12.19,95.86,0,No Failure,166.8,74.1
H,3.96,1.87,30.03,45.67,33.29,98.79,0,No Failure,152.0,68.8
L,4.01,1.97,38.48,39.89,12.67,94.17,0,No Failure,171.8,75.9
M,4.08,1.99,33.81,56.23,24.82,97.01,0,No Failure,166.1,73.8
M,3.87,1.96,42.2,62.28,12.18,93.72,1,Thermal Exotherm Warning,11.7,25.4
L,3.76,1.81,36.95,49.57,4.0,99.55,0,No Failure,165.0,73.4
M,3.78,2.24,38.26,46.5,17.67,96.04,0,No Failure,197.9,85.1
L,3.39,1.95,34.27,52.01,22.17,100.0,0,No Failure,158.3,71.1
L,4.0,2.2,36.03,61.3,17.32,94.31,0,No Failure,172.8,76.2
H,4.13,1.93,37.83,44.03,17.64,96.64,0,No Failure,179.4,78.6
L,3.81,1.45,35.1,47.88,20.65,88.59,0,No Failure,188.5,81.8
L,3.94,1.35,46.82,45.57,14.05,91.24,0,No Failure,139.8,64.5
L,3.95,1.58,36.94,35.12,17.12,97.42,0,No Failure,167.7,74.4
L,3.74,2.01,40.62,50.41,18.21,88.39,0,No Failure,177.2,77.8
L,3.97,1.84,34.31,35.62,13.56,96.8,0,No Failure,164.6,73.3
H,3.93,2.21,34.69,48.71,24.9,90.94,0,No Failure,184.4,80.3
L,3.63,2.0,41.98,59.61,16.75,99.51,1,Thermal Exotherm Warning,8.2,21.1
M,3.88,0.96,32.39,45.4,23.27,95.69,0,No Failure,171.1,75.6
H,3.87,1.78,30.63,40.77,16.48,90.7,0,No Failure,184.7,80.4
L,3.77,1.97,39.6,42.05,21.18,91.25,0,No Failure,182.0,79.4
H,4.1,1.5,30.88,41.36,29.42,88.65,1,Electrolyte Outgassing Swell,6.7,14.3
M,3.78,1.69,41.75,61.81,16.85,91.55,1,Thermal Exotherm Warning,5.5,27.1
L,3.7,1.73,34.65,45.63,18.21,99.95,0,No Failure,197.4,84.9
L,3.94,1.85,30.35,54.59,24.68,100.0,0,No Failure,164.5,73.3
M,3.75,1.28,25.4,44.34,-4.089,92.26,0,No Failure,155.5,70.1
M,3.77,2.47,35.72,48.4,26.96,98.02,0,No Failure,171.7,75.8
M,3.7,1.23,32.92,53.18,25.15,90.91,0,No Failure,158.4,71.1
H,4.07,1.55,33.97,71.51,20.78,87.57,0,No Failure,124.6,59.1
M,3.74,1.38,34.04,47.44,13.29,93.34,0,No Failure,194.1,83.8
L,3.63,1.52,22.0,51.01,24.45,88.3,0,No Failure,123.8,58.8
M,3.46,1.71,37.54,57.34,16.07,96.58,0,No Failure,159.0,71.3
L,3.92,1.49,42.22,51.87,28.26,97.58,0,No Failure,146.5,66.9
L,3.95,2.25,29.24,52.94,19.45,89.82,0,No Failure,165.0,73.4
L,3.82,1.84,33.73,45.31,23.35,97.41,0,No Failure,187.1,81.3
M,3.88,1.98,47.04,45.51,13.98,99.21,0,No Failure,153.3,69.3
M,4.08,1.23,33.47,47.67,23.75,84.68,0,No Failure,138.4,64.0
H,3.68,1.97,31.12,41.96,8.82,90.27,0,No Failure,158.1,71.0
M,4.13,2.72,37.85,34.96,7.28,96.97,0,No Failure,102.3,51.2
M,4.09,1.9,47.28,35.99,19.66,100.0,0,No Failure,121.8,58.1
M,3.94,2.46,35.52,50.61,25.41,109.886,0,No Failure,173.0,76.3
H,3.14,1.45,37.81,36.3,28.07,93.11,0,No Failure,128.7,60.6
L,3.66,1.56,36.03,51.27,4.12,86.06,0,No Failure,133.2,62.2
L,3.75,1.88,27.4,59.17,22.4,96.04,0,No Failure,169.1,74.9
H,3.9,1.24,37.18,52.07,-4.089,95.92,0,No Failure,179.8,78.7
M,4.16,1.51,32.16,31.49,20.34,90.36,0,No Failure,132.9,62.1
M,3.87,2.1,43.35,50.89,17.73,78.944,0,No Failure,173.1,76.3
L,3.71,2.28,30.83,36.53,9.8,95.26,0,No Failure,151.7,68.7
L,4.06,2.27,35.75,53.66,4.0,94.14,0,No Failure,147.6,67.3
L,4.05,1.48,30.67,48.92,26.7,94.31,0,No Failure,169.3,75.0
H,3.59,2.08,37.18,39.33,20.01,96.91,0,No Failure,169.9,75.2
H,3.68,1.83,33.29,45.55,21.12,100.0,0,No Failure,190.0,82.3
H,3.76,1.38,40.82,42.9,18.19,93.05,0,No Failure,178.6,78.3
M,3.84,1.39,25.52,47.77,29.65,99.85,0,No Failure,140.7,64.8
M,3.97,1.17,35.81,59.85,20.42,99.41,0,No Failure,147.9,67.4
M,3.83,1.83,35.97,47.16,18.03,90.19,0,No Failure,214.3,90.9
H,3.73,1.57,32.24,37.49,32.09,98.39,0,No Failure,141.2,65.0
M,4.34,1.92,42.07,44.39,18.17,100.0,0,No Failure,136.5,63.3
L,4.04,1.89,36.17,34.79,12.93,96.87,0,No Failure,161.8,72.3
H,4.02,1.4,29.33,41.35,20.61,88.84,0,No Failure,146.8,67.0
H,3.84,2.46,33.01,60.81,7.89,94.92,0,No Failure,153.4,69.3
M,3.58,1.74,39.67,51.78,29.66,100.0,0,No Failure,139.6,64.5
H,3.49,1.54,39.56,55.92,21.9,92.72,0,No Failure,149.5,67.9
L,3.94,2.13,16.854,48.27,16.47,95.32,0,No Failure,195.9,84.4
H,4.02,1.88,39.33,60.72,16.04,100.0,0,No Failure,151.1,68.5
L,3.65,1.81,27.46,39.55,20.05,100.0,0,No Failure,156.4,70.4
L,3.92,1.83,40.72,48.43,20.64,97.13,0,No Failure,193.2,83.4
M,3.72,1.9,29.6,39.73,15.27,93.72,0,No Failure,184.2,80.2
M,3.76,2.4,26.6,45.15,21.48,100.0,0,No Failure,152.7,69.1
M,3.95,2.19,32.01,42.49,21.69,95.02,0,No Failure,185.4,80.7
M,3.94,1.71,38.36,70.75,16.56,96.04,0,No Failure,152.7,69.1
M,3.84,1.85,25.29,39.05,15.72,92.14,0,No Failure,168.6,74.7
L,3.86,1.28,30.38,38.83,27.12,99.47,0,No Failure,140.2,64.7
L,3.84,1.28,36.9,37.5,5.59,96.11,0,No Failure,146.7,67.0
M,4.0,2.41,38.56,32.49,27.16,98.66,0,No Failure,117.8,56.7
H,3.96,1.36,25.89,37.29,16.07,94.24,0,No Failure,149.9,68.1
H,3.76,1.36,16.854,55.79,19.18,87.09,0,No Failure,150.8,68.4
L,3.76,2.59,36.14,46.17,17.16,89.13,1,SEI Layer High Impedance,13.6,31.3
M,3.62,1.05,40.88,45.81,6.71,93.74,0,No Failure,132.0,61.7
M,4.05,1.85,30.44,45.94,7.92,89.6,0,No Failure,155.6,70.1
H,3.62,1.97,33.91,43.17,17.27,100.0,0,No Failure,180.7,79.0
M,4.24,1.67,35.51,56.81,18.43,92.69,0,No Failure,167.0,74.1
M,3.51,2.54,39.65,61.15,18.78,100.0,0,No Failure,119.3,57.3
M,3.97,2.83,33.23,52.9,18.52,96.23,0,No Failure,168.3,74.6
M,3.75,2.3,34.24,57.12,26.61,96.02,0,No Failure,169.4,75.0
L,4.11,1.3,40.91,41.76,18.27,88.11,0,No Failure,133.6,62.3
L,3.58,1.96,41.25,57.08,20.7,96.41,0,No Failure,159.3,71.4
M,4.02,2.23,43.77,39.76,14.26,94.58,0,No Failure,131.2,61.5
L,3.63,2.36,45.54,45.05,20.81,97.15,0,No Failure,144.4,66.2
H,3.65,2.58,41.09,50.84,10.6,91.24,0,No Failure,136.4,63.3
M,3.63,2.09,29.1,54.17,14.69,95.97,0,No Failure,167.9,74.5
L,3.79,2.12,33.33,51.05,24.25,88.96,0,No Failure,180.3,78.8
L,3.8,2.33,31.01,47.88,28.93,100.0,0,No Failure,142.8,65.6
L,3.83,2.27,34.25,32.6,23.72,89.08,0,No Failure,155.4,70.0
L,3.73,1.47,34.77,51.64,24.92,100.0,0,No Failure,171.1,75.6
H,3.75,2.6,31.74,41.7,11.63,100.0,0,No Failure,144.2,66.1
M,3.92,1.4,28.64,29.65,7.28,87.53,0,No Failure,99.8,50.3
M,3.75,1.89,31.22,44.92,13.83,90.66,0,No Failure,188.3,81.7
H,4.02,2.28,22.0,40.15,27.88,78.944,0,No Failure,113.7,55.3
L,3.81,1.79,29.01,35.64,10.06,91.59,0,No Failure,159.0,71.3
L,3.67,1.69,32.54,42.13,18.46,94.55,0,No Failure,201.2,86.3
L,4.11,2.08,33.06,43.92,32.54,89.66,1,Electrolyte Outgassing Swell,8.3,18.6
L,3.91,1.79,37.14,46.73,22.2,88.42,0,No Failure,185.8,80.8
L,3.9,1.32,36.72,53.01,19.34,95.65,0,No Failure,187.6,81.4
L,3.92,2.14,24.55,50.35,14.7,82.0,0,No Failure,151.3,68.6
M,3.8,1.82,30.15,59.62,15.15,100.0,0,No Failure,168.2,74.6
M,3.71,1.27,38.04,49.57,21.7,99.55,0,No Failure,165.3,73.5
M,3.57,1.64,24.77,43.04,24.72,94.67,0,No Failure,150.2,68.2
L,3.94,2.08,31.07,47.46,15.9,86.41,0,No Failure,170.5,75.4
L,3.8,2.6,33.65,38.45,16.34,93.63,0,No Failure,177.9,78.0
M,3.92,1.96,27.77,51.25,24.14,88.92,0,No Failure,161.4,72.2
L,3.56,2.38,16.854,50.59,19.4,98.18,0,No Failure,169.1,74.9
M,3.82,1.51,35.86,46.48,6.64,100.0,0,No Failure,167.6,74.4
L,3.82,1.53,30.11,48.85,14.71,94.19,0,No Failure,180.1,78.8
M,3.46,1.85,38.05,41.85,18.21,93.69,0,No Failure,179.1,78.4
L,3.63,2.19,32.42,57.48,26.75,96.19,0,No Failure,155.6,70.1
L,3.86,1.71,40.54,49.47,12.38,90.43,0,No Failure,176.4,77.5
M,3.85,1.61,39.97,34.21,17.28,91.54,0,No Failure,166.3,73.9
M,3.8,1.74,35.26,48.57,29.26,87.09,0,No Failure,174.2,76.7
H,3.62,1.79,31.79,31.69,22.92,92.89,0,No Failure,158.4,71.1
L,3.92,1.72,33.6,57.45,21.66,97.44,0,No Failure,183.2,79.9
M,3.74,1.38,34.68,54.39,19.6,90.34,0,No Failure,181.6,79.3
L,3.81,1.69,39.03,51.03,22.1,94.2,0,No Failure,200.9,86.1
H,3.97,1.67,39.22,36.89,23.22,99.23,0,No Failure,150.1,68.2
M,3.85,2.53,37.65,54.14,22.84,92.63,0,No Failure,169.4,75.0
M,3.76,1.33,30.59,65.74,26.43,93.47,0,No Failure,139.4,64.4
L,3.93,1.27,25.46,45.7,19.41,91.13,0,No Failure,157.9,70.9
H,3.84,1.81,35.33,36.35,16.8,92.3,0,No Failure,196.7,84.7
L,3.69,1.95,25.97,43.28,14.38,93.71,0,No Failure,172.4,76.1
M,4.02,1.8,29.95,60.4,20.51,91.81,0,No Failure,163.3,72.9
L,3.85,1.83,16.854,29.14,30.89,89.87,0,No Failure,133.9,62.4
M,3.48,1.72,39.5,48.95,22.98,90.79,0,No Failure,160.0,71.7
L,3.66,1.03,38.73,58.03,27.0,92.86,0,No Failure,130.7,61.3
L,3.82,1.73,38.12,55.82,8.14,91.84,0,No Failure,169.5,75.0
L,3.7,2.03,37.22,62.21,32.33,99.97,0,No Failure,126.1,59.7
M,3.74,2.77,30.94,56.97,10.89,93.05,0,No Failure,141.7,65.2
L,3.82,1.79,32.1,30.31,12.68,94.95,0,No Failure,161.6,72.2
L,3.76,2.05,42.4,44.99,-1.02,97.5,0,No Failure,166.6,74.0
L,3.78,0.306,34.46,53.67,6.26,98.39,0,No Failure,156.3,70.4
H,3.82,2.35,32.2,56.05,24.45,97.56,0,No Failure,169.0,74.9
H,3.9,2.01,37.5,46.25,18.44,85.82,0,No Failure,180.2,78.8
M,3.79,1.8,32.61,47.05,16.44,89.27,0,No Failure,202.0,86.5
L,3.98,1.29,41.25,50.28,28.27,96.86,0,No Failure,142.5,65.5
M,3.67,1.59,37.4,55.72,10.52,97.76,0,No Failure,157.4,70.7
L,3.67,1.9,34.5,49.34,22.77,90.89,0,No Failure,197.5,85.0
M,3.79,1.91,31.06,51.5,13.95,88.16,0,No Failure,180.5,78.9
M,3.86,2.14,52.103,51.76,20.18,91.23,0,No Failure,195.7,84.3
M,3.72,2.44,35.25,58.12,40.649,94.69,0,No Failure,166.6,74.0
H,3.88,1.37,37.89,45.04,24.61,94.78,0,No Failure,181.9,79.4
H,3.81,1.54,33.85,44.74,12.42,93.41,0,No Failure,198.7,85.4
L,3.82,1.85,33.84,50.91,9.39,93.47,0,No Failure,200.3,85.9
M,3.82,2.04,38.13,46.13,23.13,89.52,0,No Failure,185.4,80.7
L,3.62,1.45,25.73,49.41,18.85,89.56,0,No Failure,155.0,69.9
M,3.76,1.81,26.87,49.0,22.71,100.0,0,No Failure,173.8,76.5
H,4.02,2.03,25.48,48.66,25.76,95.89,0,No Failure,159.7,71.6
L,3.59,1.82,47.39,51.85,16.93,98.04,0,No Failure,149.4,67.9
L,3.87,2.35,32.78,43.29,11.0,91.18,0,No Failure,168.7,74.8
M,3.82,1.02,33.86,42.74,22.84,96.16,0,No Failure,177.5,77.9
L,3.7,1.99,37.08,42.23,27.18,91.53,0,No Failure,169.6,75.1
M,3.74,1.93,32.96,54.87,16.96,92.14,0,No Failure,197.5,85.0
L,3.84,2.33,26.79,37.03,19.76,93.4,0,No Failure,163.6,72.9
M,3.8,2.59,32.93,48.13,19.5,95.23,0,No Failure,199.6,85.7
M,4.49,1.95,27.91,34.61,22.09,96.53,0,No Failure,148.5,67.6
L,4.02,1.91,35.17,38.66,13.01,96.98,0,No Failure,174.1,76.7
M,3.81,1.32,25.28,45.07,21.4,86.14,0,No Failure,142.4,65.4
L,4.19,2.13,32.42,46.67,28.45,90.97,1,Electrolyte Outgassing Swell,5.6,22.3
M,4.19,2.09,30.68,40.23,25.14,78.944,0,No Failure,130.6,61.3
H,3.68,2.12,26.71,43.72,16.75,90.51,0,No Failure,162.7,72.6
L,3.82,1.84,35.9,58.49,8.81,99.01,0,No Failure,170.1,75.2
M,3.48,2.35,36.47,45.74,28.45,90.91,0,No Failure,140.2,64.7
L,4.29,1.86,34.83,48.56,19.41,100.0,0,No Failure,172.3,76.0
M,3.74,1.67,34.99,45.91,24.89,93.66,0,No Failure,200.5,86.0
L,4.49,1.46,36.9,48.84,16.73,100.0,0,No Failure,183.2,79.9
M,3.8,1.52,34.33,49.93,11.36,98.33,0,No Failure,187.6,81.5
M,3.14,1.65,37.23,53.83,17.51,92.07,0,No Failure,191.1,82.7
L,3.86,1.6,30.83,45.69,24.58,93.16,0,No Failure,188.5,81.8
M,3.98,2.1,37.42,50.63,12.54,100.0,0,No Failure,165.1,73.5
H,3.86,1.88,39.37,47.65,5.79,96.83,0,No Failure,176.5,77.5
M,3.66,1.69,30.45,57.39,19.48,94.58,0,No Failure,172.4,76.1
M,4.18,1.99,37.37,31.86,12.31,98.62,0,No Failure,127.2,60.0
M,3.79,1.5,32.93,51.16,19.53,85.95,0,No Failure,176.4,77.5
M,3.65,1.45,38.54,54.31,10.72,98.09,0,No Failure,149.3,67.9
H,3.72,2.04,31.85,40.57,18.42,87.75,0,No Failure,173.3,76.4
M,3.59,2.12,29.85,45.27,20.77,93.53,0,No Failure,178.7,78.3
M,4.16,2.19,40.28,49.89,19.88,93.06,0,No Failure,165.0,73.4
L,3.91,2.04,40.2,50.81,12.73,96.61,0,No Failure,176.5,77.5
M,4.09,2.98,36.4,55.36,40.649,93.8,0,No Failure,132.8,62.0
L,3.68,2.21,37.48,49.32,12.69,100.0,0,No Failure,164.9,73.4
L,3.71,1.72,27.88,56.55,21.07,100.0,0,No Failure,157.2,70.7
L,3.89,0.88,35.81,49.16,17.07,90.62,0,No Failure,171.6,75.8
M,3.84,3.384,31.88,47.78,16.2,86.63,0,No Failure,178.7,78.3
L,4.07,1.51,41.44,38.54,19.05,96.03,0,No Failure,154.5,69.7
M,3.61,1.96,34.67,38.34,16.94,97.81,0,No Failure,179.7,78.6
L,3.84,1.41,41.62,29.74,16.91,100.0,0,No Failure,133.3,62.2
M,3.89,2.05,35.27,55.35,16.51,93.64,0,No Failure,199.1,85.5
M,3.89,1.64,34.22,41.06,12.69,86.98,0,No Failure,166.1,73.8
L,3.59,1.61,33.6,55.93,6.91,93.45,0,No Failure,156.6,70.5
M,3.94,1.79,29.82,52.17,21.15,98.76,0,No Failure,179.1,78.4
L,3.62,1.67,40.35,55.27,23.65,97.0,0,No Failure,157.2,70.7
L,3.92,1.92,27.37,54.32,22.27,94.85,0,No Failure,179.9,78.7
M,3.68,1.37,27.79,45.06,16.95,94.58,0,No Failure,176.3,77.4
H,3.89,1.29,52.103,54.05,23.08,95.63,0,No Failure,168.4,74.6
M,3.84,1.69,41.15,39.35,6.03,94.55,0,No Failure,158.7,71.2
H,3.91,1.27,38.49,41.32,29.8,93.95,0,No Failure,150.8,68.4
M,4.24,1.24,37.83,44.85,16.74,90.06,0,No Failure,139.9,64.6
M,3.7,1.97,35.12,47.49,9.68,100.0,0,No Failure,178.0,78.1
M,4.02,1.26,34.56,46.9,14.1,92.59,0,No Failure,169.6,75.1
L,3.48,2.36,30.47,51.63,5.69,100.0,0,No Failure,115.6,55.9
M,3.5,2.35,38.81,50.36,19.34,92.62,0,No Failure,163.5,72.9
H,3.75,1.89,30.57,41.29,24.52,91.5,0,No Failure,178.0,78.0
L,3.7,1.67,48.91,54.17,26.17,100.0,0,No Failure,120.3,57.6
M,3.91,1.79,40.25,51.17,7.4,94.54,0,No Failure,174.7,76.9
L,3.75,2.05,41.54,47.21,13.42,95.12,0,No Failure,185.8,80.8
L,3.52,1.93,34.46,52.11,12.94,96.83,0,No Failure,175.8,77.3
L,3.98,1.95,32.87,56.58,13.79,96.38,0,No Failure,179.0,78.4
L,3.81,2.39,43.13,47.33,6.22,96.19,0,No Failure,149.7,68.0
M,3.81,1.43,28.53,56.07,24.12,92.36,0,No Failure,163.1,72.8
H,3.81,1.94,36.32,52.27,20.97,91.45,0,No Failure,202.6,86.7
M,3.87,1.84,34.62,47.4,32.47,95.32,0,No Failure,194.8,84.0
L,3.58,1.9,32.45,52.76,22.96,94.03,0,No Failure,186.1,80.9
L,3.57,2.18,35.83,32.44,16.02,96.38,0,No Failure,153.6,69.4
L,3.64,2.11,37.77,49.93,25.52,85.72,0,No Failure,147.5,67.3
M,3.95,1.49,33.62,40.93,14.28,90.61,0,No Failure,171.3,75.7
L,4.28,2.46,37.13,45.26,16.55,100.0,0,No Failure,135.2,62.9
M,3.92,1.64,42.39,41.76,10.36,90.21,0,No Failure,146.2,66.8
L,3.67,2.53,33.59,49.82,9.98,96.0,0,No Failure,166.3,73.9
M,3.65,2.63,31.81,56.85,11.95,99.02,0,No Failure,133.6,62.3
M,4.14,1.89,32.7,44.83,18.17,100.0,0,No Failure,173.4,76.4
L,3.67,1.49,36.64,46.92,20.7,94.37,0,No Failure,197.6,85.0
H,3.76,1.12,31.36,45.62,4.0,94.21,0,No Failure,152.8,69.1
L,3.95,2.35,30.16,46.8,15.78,95.44,0,No Failure,181.8,79.4
M,3.48,2.44,33.59,45.61,22.41,94.76,0,No Failure,167.7,74.4
M,3.7,2.75,43.07,41.26,7.27,90.3,0,No Failure,107.6,53.1
H,3.6,2.0,35.39,60.43,17.88,95.96,0,No Failure,178.5,78.2
L,4.01,1.85,25.84,46.73,11.45,96.8,0,No Failure,164.4,73.2
L,3.87,1.55,33.89,40.51,16.59,95.31,0,No Failure,197.9,85.1
M,3.82,1.28,34.2,41.53,18.55,95.9,0,No Failure,197.9,85.1
L,3.6,1.28,38.96,43.84,13.72,96.87,0,No Failure,153.3,69.3
H,3.94,1.74,30.6,39.32,18.06,100.0,0,No Failure,171.2,75.6
L,3.95,1.87,38.03,45.36,10.71,95.44,0,No Failure,187.0,81.2
L,4.12,1.96,44.55,39.48,20.31,92.34,0,No Failure,144.8,66.3
L,3.75,2.04,41.11,61.08,16.3,94.74,0,No Failure,170.0,75.2
M,3.89,2.12,26.18,57.26,13.32,93.07,0,No Failure,157.3,70.7
M,3.63,2.08,33.05,41.91,10.74,99.4,0,No Failure,158.3,71.1
L,3.91,1.84,36.02,48.32,24.01,99.11,0,No Failure,157.2,70.7
M,3.84,2.24,23.34,48.63,11.4,91.51,0,No Failure,154.9,69.9
M,3.77,1.93,34.88,43.93,9.34,97.05,0,No Failure,189.2,82.0
M,3.9,1.51,38.04,49.14,24.78,86.06,0,No Failure,157.7,70.9
M,3.95,1.86,37.27,46.55,23.26,95.8,0,No Failure,198.3,85.2
M,3.89,1.31,35.2,51.37,14.49,95.45,0,No Failure,189.8,82.2
M,3.86,2.18,29.21,62.66,21.53,92.47,0,No Failure,159.0,71.3
L,4.08,2.32,37.0,42.94,36.93,93.26,0,No Failure,145.5,66.5
L,3.49,2.37,30.16,58.7,23.56,94.29,0,No Failure,139.6,64.4
M,3.9,1.72,33.21,47.1,9.99,92.78,0,No Failure,193.0,83.3
L,4.0,1.74,35.95,40.08,19.57,96.6,0,No Failure,187.0,81.2
H,3.8,2.15,36.26,41.67,16.5,89.58,0,No Failure,183.5,80.0
M,3.81,2.4,34.56,47.27,23.47,94.23,0,No Failure,192.1,83.0
L,3.79,2.61,38.3,41.25,15.41,96.5,0,No Failure,165.5,73.6
M,3.32,1.37,29.83,42.2,21.29,98.59,0,No Failure,126.7,59.9
H,3.67,1.74,35.58,41.23,12.51,94.12,0,No Failure,187.1,81.3
H,3.35,1.51,52.103,29.74,4.0,94.45,0,No Failure,68.1,39.1
L,3.82,2.39,37.01,57.07,24.76,90.61,0,No Failure,132.6,62.0
L,3.65,1.97,47.0,56.3,15.3,93.92,0,No Failure,163.2,72.8
L,3.71,1.81,31.99,36.55,25.42,91.32,0,No Failure,165.7,73.7
M,3.88,1.53,30.96,53.23,7.73,90.47,0,No Failure,156.3,70.4
L,3.54,1.39,30.36,52.5,12.35,93.72,0,No Failure,155.1,69.9
L,3.7,1.55,37.91,74.718,20.49,95.84,0,No Failure,190.8,82.6
L,3.47,1.66,35.75,48.58,18.66,94.01,0,No Failure,194.5,83.9
M,3.77,1.7,33.05,55.23,19.63,97.87,0,No Failure,193.8,83.6
L,3.98,1.83,35.83,39.84,9.13,96.89,0,No Failure,169.9,75.2
L,3.77,1.66,30.68,60.51,23.0,90.52,0,No Failure,162.1,72.4
L,4.24,2.06,30.53,50.11,12.27,91.79,0,No Failure,150.6,68.4
H,3.65,1.21,40.63,50.43,15.33,92.08,0,No Failure,157.0,70.6
M,3.64,1.85,30.36,49.53,20.91,92.27,0,No Failure,178.4,78.2
L,3.84,2.33,35.72,39.95,20.46,97.45,0,No Failure,182.7,79.7
L,3.61,1.69,38.21,48.2,18.03,100.0,0,No Failure,180.6,79.0
M,3.9,1.81,39.51,49.25,11.54,90.73,0,No Failure,180.1,78.8
L,3.8,1.5,36.07,47.16,9.91,99.02,0,No Failure,178.1,78.1
H,3.5,1.77,34.81,57.04,14.04,91.93,0,No Failure,166.6,74.0
M,3.14,1.88,38.12,21.245,4.0,95.54,0,No Failure,175.3,77.1
L,3.82,2.58,39.7,43.01,8.32,100.0,0,No Failure,126.4,59.8
M,3.71,1.48,37.57,37.45,16.74,100.0,0,No Failure,157.7,70.8
M,3.85,1.92,37.41,38.44,15.0,97.41,0,No Failure,184.7,80.4
H,4.04,2.25,40.32,42.13,14.72,89.08,0,No Failure,142.7,65.5
M,4.0,1.59,36.13,48.57,25.85,97.44,0,No Failure,177.5,77.9
M,3.76,2.22,31.46,53.14,12.56,91.59,0,No Failure,172.8,76.2
H,3.77,1.79,41.75,51.86,21.16,93.44,0,No Failure,190.1,82.3
H,3.96,1.79,37.9,47.61,24.6,84.77,0,No Failure,160.0,71.7
L,3.88,1.37,30.36,31.29,13.56,94.36,0,No Failure,153.9,69.5
L,4.0,1.88,42.65,45.04,9.1,94.9,0,No Failure,163.9,73.0
M,3.76,2.42,33.44,74.718,19.67,94.74,0,No Failure,186.8,81.1
H,3.77,1.57,29.96,50.32,19.55,89.62,0,No Failure,183.8,80.1
L,3.75,1.2,37.05,52.82,16.81,97.87,0,No Failure,173.3,76.4
L,3.95,2.14,38.24,43.48,23.35,94.53,0,No Failure,182.5,79.6
L,3.66,1.66,29.18,42.09,17.4,99.42,0,No Failure,166.9,74.1
H,3.93,1.95,25.16,35.26,13.41,93.03,0,No Failure,149.8,68.0
L,3.62,0.85,36.71,43.01,19.92,89.99,0,No Failure,145.2,66.4
M,3.76,2.16,37.12,39.34,19.69,88.34,0,No Failure,169.5,75.0
H,3.92,2.31,32.01,56.79,14.56,90.96,0,No Failure,162.9,72.7
L,3.68,1.85,29.05,50.62,14.34,91.07,0,No Failure,179.8,78.7
L,3.95,1.19,31.2,42.45,19.17,100.0,0,No Failure,157.2,70.7
L,3.95,1.65,38.19,43.84,12.36,85.27,0,No Failure,148.5,67.6
M,3.91,2.38,35.24,39.56,26.98,92.11,0,No Failure,160.1,71.7
L,3.95,2.36,41.27,48.15,21.18,93.58,0,No Failure,175.6,77.2
L,3.63,1.66,39.12,39.17,14.39,93.34,0,No Failure,167.1,74.2
L,3.82,1.93,28.32,40.95,13.92,91.87,0,No Failure,179.6,78.6
M,3.59,1.32,23.38,46.36,21.43,96.3,0,No Failure,144.1,66.0
L,4.02,1.78,34.46,49.16,19.25,94.03,0,No Failure,213.6,90.6
L,4.09,2.1,35.3,48.75,20.46,100.0,0,No Failure,175.9,77.3
M,3.51,1.27,33.44,71.34,23.07,99.48,0,No Failure,108.3,53.4
L,3.82,2.03,28.51,44.77,22.79,109.886,0,No Failure,185.9,80.8
H,4.0,2.02,37.0,45.42,24.16,94.45,0,No Failure,188.8,81.9
M,3.66,2.25,31.98,61.7,28.08,88.04,0,No Failure,123.9,58.9
L,3.64,1.73,35.14,35.12,28.34,100.0,0,No Failure,143.2,65.7
H,3.69,2.61,36.71,45.03,29.98,87.42,1,SEI Layer High Impedance,14.0,15.7
L,4.32,1.55,37.81,50.95,14.58,94.14,0,No Failure,155.6,70.1
M,3.99,3.14,36.45,57.85,33.13,98.58,0,No Failure,96.3,49.1
L,3.69,1.67,26.88,55.25,17.31,89.32,0,No Failure,157.7,70.9
H,3.76,1.49,44.53,43.75,9.44,96.62,0,No Failure,147.1,67.1
L,4.11,1.75,34.12,55.88,20.64,89.71,0,No Failure,168.0,74.5
L,3.7,1.9,34.93,51.96,27.83,90.3,0,No Failure,177.7,77.9
M,3.94,1.73,39.34,38.27,24.18,98.31,0,No Failure,158.7,71.2
L,3.85,1.32,45.33,48.51,20.21,95.1,0,No Failure,173.1,76.3
M,3.65,1.75,42.48,36.36,16.57,97.16,0,No Failure,154.6,69.8
M,3.6,2.01,32.32,58.23,17.15,91.47,0,No Failure,170.5,75.4
M,3.59,1.88,29.14,46.25,25.4,97.34,0,No Failure,167.9,74.5
L,3.78,1.37,35.98,48.49,10.51,96.02,0,No Failure,185.4,80.7
L,3.6,1.4,34.05,58.95,17.32,92.08,0,No Failure,165.8,73.7
H,3.66,1.33,37.47,44.48,21.25,94.58,0,No Failure,180.7,79.0
L,3.87,1.56,32.08,41.58,18.15,100.0,0,No Failure,180.9,79.1
H,3.77,2.31,36.02,39.55,14.8,90.73,0,No Failure,170.8,75.5
L,3.73,2.55,34.92,48.08,21.42,96.01,0,No Failure,190.8,82.6
L,3.93,1.37,27.45,50.16,14.05,92.01,0,No Failure,162.7,72.6
M,3.94,2.36,33.55,39.56,21.91,93.93,0,No Failure,177.5,77.9
H,4.05,1.33,33.88,46.48,17.14,96.24,0,No Failure,183.8,80.1
L,3.78,1.73,28.75,42.29,14.83,91.72,0,No Failure,180.0,78.8
L,3.79,1.38,34.16,54.96,19.13,96.18,0,No Failure,195.4,84.2
M,3.49,1.56,35.68,50.75,23.15,97.03,0,No Failure,168.2,74.6
M,3.63,2.04,43.89,56.87,25.85,90.07,1,Thermal Exotherm Warning,9.1,15.9
L,3.65,2.28,49.13,46.31,17.57,91.73,0,No Failure,172.4,76.1
M,3.9,1.48,35.34,37.74,29.7,94.28,0,No Failure,163.9,73.0
L,3.72,1.38,30.99,46.98,18.48,96.38,0,No Failure,192.1,83.0
L,4.13,1.89,23.08,39.83,22.01,95.36,0,No Failure,142.9,65.6
H,3.85,1.57,29.47,27.9,21.0,98.25,0,No Failure,146.7,67.0
M,3.7,1.63,35.24,33.58,21.71,100.0,0,No Failure,158.5,71.1
M,3.83,1.68,40.5,35.79,29.33,94.85,0,No Failure,157.1,70.6
M,3.73,2.03,36.74,34.3,15.66,100.0,0,No Failure,160.1,71.7
H,3.77,1.58,34.49,46.15,22.54,91.89,0,No Failure,200.8,86.1
H,3.98,1.15,28.51,51.17,21.18,94.3,0,No Failure,164.3,73.2
L,3.63,2.24,36.31,44.85,20.99,96.37,0,No Failure,181.9,79.4
L,3.58,2.04,36.81,62.86,22.03,91.83,0,No Failure,152.8,69.1
L,3.74,1.22,30.12,43.57,11.63,91.73,0,No Failure,156.0,70.2
L,3.56,1.32,34.94,50.65,19.77,87.76,0,No Failure,160.7,71.9
M,3.79,1.84,38.39,46.54,22.06,88.94,0,No Failure,191.1,82.7
M,3.77,2.47,34.95,46.38,4.0,92.69,0,No Failure,162.8,72.6
L,3.77,1.39,30.5,46.92,24.11,97.03,0,No Failure,177.9,78.0
H,3.99,1.73,40.55,43.62,19.63,93.05,0,No Failure,182.5,79.6
L,3.98,2.21,36.15,52.71,14.27,95.26,0,No Failure,182.8,79.7
L,3.82,1.96,37.29,47.17,12.37,93.61,0,No Failure,205.4,87.7
H,3.78,1.38,38.32,30.41,15.31,95.49,0,No Failure,156.2,70.3
M,3.63,2.6,30.21,43.21,21.83,91.93,0,No Failure,152.0,68.8
H,4.11,1.22,32.57,47.42,-4.089,97.63,0,No Failure,136.6,63.4
L,3.7,2.15,29.21,40.8,6.69,91.74,0,No Failure,143.5,65.8
M,4.0,1.76,34.56,48.13,22.31,91.11,0,No Failure,180.0,78.7
M,3.73,1.65,33.82,40.03,13.26,98.77,0,No Failure,175.2,77.0
M,3.63,1.58,40.14,56.15,26.43,93.08,0,No Failure,151.0,68.5
L,3.52,1.66,30.17,53.8,12.98,99.83,0,No Failure,144.8,66.3
M,3.9,1.37,36.1,48.23,16.2,89.83,0,No Failure,185.1,80.6
M,3.67,1.52,32.79,35.66,23.35,91.89,0,No Failure,159.6,71.5
M,3.78,1.52,37.54,47.98,12.21,94.98,0,No Failure,195.9,84.4
M,3.8,1.93,38.28,50.67,25.67,85.72,0,No Failure,164.7,73.3
H,3.75,2.18,34.43,36.81,14.41,95.3,0,No Failure,183.8,80.1
M,3.69,2.56,36.59,50.55,19.79,95.66,0,No Failure,181.3,79.2
L,3.77,1.43,37.78,53.53,15.53,100.0,0,No Failure,168.0,74.5
L,3.67,2.86,31.05,49.25,15.35,97.32,0,No Failure,155.7,70.1
H,3.63,1.59,29.61,51.66,16.33,99.54,0,No Failure,164.5,73.2
L,3.82,1.64,26.86,47.05,23.78,100.0,0,No Failure,161.7,72.3
L,3.61,1.92,31.37,52.17,15.87,90.87,0,No Failure,178.5,78.2
L,3.67,1.44,33.06,63.14,13.65,92.8,0,No Failure,155.0,69.9
M,3.66,2.2,39.85,48.59,4.0,90.56,0,No Failure,141.4,65.1
M,3.8,1.43,38.48,49.74,14.48,95.16,0,No Failure,192.4,83.1
L,3.85,1.41,28.77,43.47,26.05,95.36,0,No Failure,169.1,74.9
L,3.74,2.54,43.89,39.99,18.77,85.83,1,SEI Layer High Impedance,6.7,14.0
L,4.49,1.95,39.11,56.62,17.09,99.34,0,No Failure,165.4,73.6
L,3.82,2.22,38.0,51.82,17.14,96.85,0,No Failure,193.4,83.5
M,3.92,1.62,39.05,58.09,10.65,89.8,0,No Failure,147.6,67.3
H,4.0,2.31,35.51,50.06,26.4,89.76,0,No Failure,159.7,71.6
M,3.87,1.66,32.79,58.14,13.05,92.83,0,No Failure,180.5,78.9
M,4.13,2.15,34.38,69.41,18.24,94.58,0,No Failure,131.5,61.6
M,3.74,1.53,36.85,39.77,14.18,99.71,0,No Failure,163.9,73.1
L,3.76,2.26,30.68,51.3,22.26,90.24,0,No Failure,173.7,76.5
L,3.85,2.5,38.59,40.56,22.18,91.0,0,No Failure,160.2,71.7
H,3.6,2.96,33.41,54.52,20.16,93.4,0,No Failure,151.7,68.7
M,3.78,1.74,27.95,48.2,17.04,97.78,0,No Failure,193.5,83.5
M,4.12,1.56,37.82,70.47,10.92,89.37,0,No Failure,104.2,51.9
L,3.93,2.48,35.0,45.63,15.77,89.65,1,SEI Layer High Impedance,11.2,31.6
M,3.77,2.04,31.19,55.89,15.44,92.72,0,No Failure,185.7,80.8
M,3.66,2.73,27.95,64.22,18.63,93.79,0,No Failure,132.9,62.1
L,3.63,1.68,36.04,70.24,9.09,94.98,0,No Failure,138.6,64.1
M,3.65,2.68,31.03,43.02,25.02,98.39,0,No Failure,139.6,64.4
M,3.92,2.21,35.09,46.25,20.99,88.62,0,No Failure,183.1,79.8
H,3.86,2.28,37.32,43.06,25.46,98.14,0,No Failure,168.4,74.6
L,3.92,1.54,30.7,54.11,6.05,96.9,0,No Failure,151.9,68.8
L,3.85,1.83,37.73,48.62,14.33,82.86,0,No Failure,169.5,75.0
L,3.97,2.06,25.58,46.39,17.45,90.42,0,No Failure,167.5,74.3
L,3.87,1.78,35.81,48.98,18.94,89.91,0,No Failure,207.5,88.5
M,4.15,2.39,41.32,52.28,23.17,95.84,0,No Failure,141.1,65.0
L,3.66,1.57,44.38,61.0,15.22,95.39,1,Thermal Exotherm Warning,13.1,20.3
M,3.34,1.82,34.97,48.24,16.62,91.72,0,No Failure,178.8,78.3
M,3.57,2.17,25.56,37.63,17.98,97.79,0,No Failure,139.7,64.5
H,3.76,2.05,36.4,48.46,19.29,99.69,0,No Failure,197.7,85.0
L,3.41,1.6,37.82,50.19,16.97,92.44,0,No Failure,166.6,74.0
L,3.49,1.75,34.46,42.76,18.76,97.95,0,No Failure,179.3,78.5
M,3.79,1.17,35.91,42.51,24.03,99.03,0,No Failure,163.4,72.9
L,3.72,2.33,29.41,51.61,23.18,98.22,0,No Failure,161.6,72.2
M,3.6,2.1,41.56,40.55,21.48,100.0,0,No Failure,142.9,65.6
M,3.46,3.08,34.27,41.19,19.28,87.88,1,SEI Layer High Impedance,6.9,11.9
M,4.18,2.59,33.06,53.86,18.3,97.04,0,No Failure,152.6,69.0
M,4.03,1.57,27.5,52.87,8.95,86.65,0,No Failure,122.5,58.4
H,3.87,1.96,40.72,47.65,19.42,95.03,0,No Failure,205.9,87.9
M,3.88,1.98,33.6,63.57,22.71,92.13,0,No Failure,173.9,76.6
L,4.02,1.31,35.42,54.36,8.01,88.09,0,No Failure,133.6,62.3
M,3.98,1.83,38.42,50.43,28.27,100.0,0,No Failure,160.7,71.9
M,3.63,1.59,33.86,50.95,17.11,92.21,0,No Failure,192.6,83.2
L,3.65,1.04,33.25,29.61,15.64,92.02,0,No Failure,134.1,62.5
L,4.09,1.99,30.94,62.84,19.95,95.43,0,No Failure,159.4,71.5
H,3.83,2.39,41.78,50.23,19.66,94.95,0,No Failure,184.8,80.4
H,4.13,1.57,33.05,44.72,26.79,92.61,0,No Failure,161.3,72.1
M,4.0,2.45,35.32,59.05,27.23,94.71,0,No Failure,151.3,68.6
M,3.95,1.99,26.98,48.77,20.93,95.52,0,No Failure,185.7,80.8
L,3.76,1.51,37.92,41.64,26.38,94.89,0,No Failure,174.6,76.8
L,3.73,2.37,31.49,47.73,14.1,95.13,0,No Failure,188.2,81.7
L,3.79,2.64,37.3,54.79,14.33,93.74,0,No Failure,169.5,75.0
H,3.49,1.77,35.91,50.75,18.5,99.95,0,No Failure,176.0,77.3
L,4.06,1.27,31.54,38.77,20.7,96.95,0,No Failure,151.7,68.7
M,4.03,1.57,25.5,33.77,23.37,100.0,0,No Failure,116.5,56.3
M,3.96,1.85,35.71,44.13,23.68,94.9,0,No Failure,197.6,85.0
H,3.75,3.384,34.31,57.08,-3.8,91.56,0,No Failure,168.8,74.8
M,4.08,1.39,45.13,52.78,23.46,94.58,0,No Failure,134.2,62.5
L,4.02,2.26,41.31,74.718,27.33,97.54,0,No Failure,139.1,64.3
M,3.59,0.86,35.72,45.86,10.57,100.0,0,No Failure,131.6,61.6
H,3.81,2.06,28.4,51.14,15.19,97.11,0,No Failure,185.8,80.8
L,4.0,2.85,36.26,63.88,19.72,91.43,0,No Failure,131.2,61.5
L,3.75,2.44,38.92,41.41,18.5,96.99,0,No Failure,172.8,76.2
L,4.04,1.49,38.71,46.46,9.87,91.58,0,No Failure,156.2,70.3
M,3.9,2.73,30.02,50.46,18.17,95.04,0,No Failure,159.3,71.4
M,3.69,1.72,33.47,49.0,25.68,92.74,0,No Failure,192.9,83.3
H,3.97,1.91,26.65,52.83,14.24,97.02,0,No Failure,167.2,74.2
M,3.69,2.44,35.38,45.7,16.36,88.4,0,No Failure,169.6,75.1
M,3.64,1.49,37.82,63.08,24.7,91.26,0,No Failure,139.1,64.3
L,3.64,1.78,33.76,54.96,21.93,94.08,0,No Failure,193.2,83.4
M,3.55,0.306,29.64,52.46,11.39,92.83,0,No Failure,151.8,68.7
L,4.17,2.44,36.52,39.41,23.06,100.0,0,No Failure,128.4,60.5
L,3.96,1.32,37.3,41.07,32.79,100.0,0,No Failure,125.6,59.5
H,3.66,1.8,36.89,47.6,19.87,89.03,0,No Failure,185.9,80.9
L,3.62,1.89,32.58,51.15,14.24,95.64,0,No Failure,192.5,83.2
L,3.87,2.43,43.12,49.12,15.4,95.6,0,No Failure,169.7,75.1
L,3.69,1.94,30.97,52.01,36.55,98.44,0,No Failure,142.9,65.6
L,3.96,1.26,32.3,50.64,11.67,88.07,0,No Failure,149.4,67.9
M,3.89,1.88,30.95,51.54,30.9,96.52,0,No Failure,173.5,76.4
M,4.05,1.98,29.39,50.03,18.09,93.61,0,No Failure,188.6,81.8
M,3.76,1.69,41.05,61.39,20.79,100.0,0,No Failure,151.6,68.7
L,3.65,1.94,33.23,47.58,20.7,95.92,0,No Failure,205.8,87.9
M,4.0,1.82,32.27,21.245,15.21,91.77,0,No Failure,191.7,82.9
H,3.82,1.74,37.29,50.99,19.37,95.28,0,No Failure,214.9,91.1
L,3.87,1.94,34.46,43.58,17.05,95.88,0,No Failure,196.1,84.4
M,3.76,2.31,34.44,40.5,17.67,93.59,0,No Failure,195.2,84.1
H,3.91,2.56,37.13,47.3,14.96,99.2,0,No Failure,167.8,74.4
L,3.96,1.49,30.3,45.31,9.61,94.16,0,No Failure,170.1,75.2
L,3.48,1.73,35.19,52.89,12.04,94.87,0,No Failure,174.3,76.7
M,3.82,2.35,37.58,56.74,14.57,98.26,0,No Failure,167.4,74.3
M,3.79,0.85,25.41,45.6,20.0,98.98,0,No Failure,143.0,65.6
M,3.71,2.47,36.01,57.55,16.02,96.04,0,No Failure,169.0,74.9
H,3.96,1.87,33.01,53.61,16.88,96.19,0,No Failure,199.5,85.6
M,3.51,2.2,39.36,37.2,23.97,94.4,0,No Failure,145.5,66.5
M,4.08,1.13,24.23,44.73,19.85,100.0,0,No Failure,123.5,58.8
M,3.89,1.4,33.31,59.76,22.6,91.57,0,No Failure,166.2,73.8
H,4.08,1.91,39.03,40.65,20.01,95.78,0,No Failure,175.0,77.0
M,3.66,1.58,39.3,40.01,18.15,92.19,0,No Failure,172.4,76.1
M,3.55,1.85,24.36,47.63,23.82,100.0,0,No Failure,146.6,66.9
L,3.83,1.85,30.84,55.26,21.18,97.3,0,No Failure,193.3,83.5
L,3.84,1.29,43.56,33.37,4.0,97.74,0,No Failure,105.6,52.4
L,3.44,1.82,37.33,37.8,18.54,97.35,0,No Failure,162.6,72.6
L,4.05,2.05,32.51,52.37,30.71,92.31,0,No Failure,156.5,70.4
M,4.07,2.07,32.09,36.97,20.72,92.61,0,No Failure,164.5,73.3
M,4.04,1.48,39.04,49.2,16.36,91.87,0,No Failure,173.1,76.3
L,4.13,1.88,39.16,46.3,21.62,89.41,0,No Failure,165.0,73.4
L,3.84,2.66,34.96,60.72,9.75,96.88,0,No Failure,146.8,67.0
L,3.64,1.44,36.14,52.91,8.58,93.05,0,No Failure,161.0,72.0
H,4.01,1.75,40.25,48.87,26.74,100.0,0,No Failure,156.2,70.3
M,3.76,1.97,37.93,47.99,21.77,93.92,0,No Failure,208.1,88.7
M,3.31,2.3,52.103,36.3,22.22,98.35,0,No Failure,117.2,56.5
L,3.76,1.75,31.6,49.01,10.35,98.1,0,No Failure,184.0,80.2
M,3.69,2.33,38.68,54.86,23.03,92.27,0,No Failure,161.9,72.3
L,3.95,2.19,36.9,55.17,29.84,89.59,0,No Failure,144.2,66.1
M,3.69,1.13,42.81,63.69,20.0,96.21,1,Thermal Exotherm Warning,12.7,15.9
H,3.9,1.41,40.23,51.42,22.58,89.7,0,No Failure,160.4,71.8
H,3.93,2.76,31.59,50.18,6.3,92.15,0,No Failure,140.3,64.7
H,4.02,2.55,41.6,40.52,15.25,99.18,0,No Failure,129.2,60.8
L,4.01,1.89,23.52,54.16,25.11,100.0,0,No Failure,133.8,62.4
M,3.78,1.76,35.04,49.74,11.48,95.48,0,No Failure,205.3,87.7
L,3.95,2.29,33.34,47.2,9.38,94.26,0,No Failure,182.2,79.5
L,3.83,2.04,28.9,50.27,20.82,94.2,0,No Failure,200.7,86.1
M,3.75,1.71,42.7,56.07,13.68,91.01,1,Thermal Exotherm Warning,6.8,26.0
M,4.02,1.68,36.79,42.39,16.11,90.47,0,No Failure,174.4,76.8
H,3.65,1.66,45.43,49.1,19.3,96.44,0,No Failure,169.2,74.9
M,3.84,1.23,42.12,48.85,20.08,85.22,0,No Failure,147.7,67.3
L,3.86,1.88,39.54,46.63,13.22,100.0,0,No Failure,181.3,79.2
H,3.57,2.22,34.44,56.77,8.89,97.5,0,No Failure,148.8,67.7
L,3.74,2.22,32.76,39.17,23.57,100.0,0,No Failure,160.2,71.7
M,3.86,2.11,34.91,48.63,11.54,87.69,0,No Failure,179.6,78.6
M,4.17,2.23,36.36,46.05,10.36,94.29,0,No Failure,162.4,72.5
M,3.85,1.66,41.07,43.24,9.92,94.17,0,No Failure,174.3,76.7
L,3.79,1.36,35.59,38.47,25.71,99.05,0,No Failure,158.8,71.2
M,3.83,1.62,36.43,42.64,6.65,93.61,0,No Failure,178.2,78.1
H,3.72,1.61,34.63,39.02,15.94,94.45,0,No Failure,195.0,84.1
L,3.91,1.81,39.49,49.88,26.04,93.88,0,No Failure,187.5,81.4
L,3.47,1.16,40.13,49.54,10.42,100.0,0,No Failure,118.5,57.0
L,4.05,1.94,34.83,53.47,17.2,95.19,0,No Failure,197.5,85.0
M,3.6,2.41,34.55,54.34,21.55,94.92,0,No Failure,175.8,77.2
H,3.57,1.35,35.34,38.06,17.85,94.5,0,No Failure,172.7,76.2
H,3.84,2.23,36.21,46.54,16.28,91.13,0,No Failure,196.4,84.6
H,3.64,1.51,28.95,46.96,22.31,92.33,0,No Failure,172.8,76.2
L,3.65,1.75,35.9,48.59,14.77,91.37,0,No Failure,193.4,83.5
L,3.92,0.85,34.24,42.18,13.43,90.51,0,No Failure,151.5,68.7
M,3.72,2.41,26.16,37.76,19.17,95.45,0,No Failure,155.1,69.9
M,3.82,2.0,32.74,43.06,20.36,100.0,0,No Failure,192.1,83.0
L,3.74,3.384,30.21,41.77,21.06,99.28,0,No Failure,179.7,78.6
L,3.62,1.89,32.2,47.96,20.16,89.58,0,No Failure,189.6,82.2
M,3.65,2.34,35.99,50.1,13.75,94.64,0,No Failure,183.8,80.1
L,3.45,1.37,40.97,43.5,18.99,88.98,0,No Failure,135.0,62.8
L,3.36,1.69,43.95,38.48,11.91,90.82,0,No Failure,110.2,54.0
H,3.9,1.89,26.93,44.88,13.23,100.0,0,No Failure,164.8,73.4
H,3.94,2.67,32.72,44.7,18.57,97.0,0,No Failure,175.5,77.1
H,3.79,1.83,18.15,63.69,12.87,88.18,0,No Failure,145.4,66.5
H,3.83,3.384,32.6,43.46,20.62,88.45,0,No Failure,182.0,79.5
M,3.98,1.46,29.44,42.14,10.38,98.74,0,No Failure,112.0,54.7
L,3.89,1.54,39.54,74.718,16.62,90.77,0,No Failure,174.9,77.0
H,3.65,1.1,30.0,38.2,23.13,96.3,0,No Failure,141.2,65.0
H,3.81,2.17,35.05,41.93,30.15,97.47,0,No Failure,171.4,75.7
M,3.73,1.65,36.38,49.72,20.91,93.76,0,No Failure,205.4,87.8
M,3.96,1.49,25.53,35.99,19.58,97.2,0,No Failure,145.5,66.5
L,3.87,2.2,30.68,53.02,11.45,92.79,0,No Failure,174.4,76.8
L,3.98,1.43,35.38,33.58,12.82,100.0,0,No Failure,140.9,64.9
L,3.87,1.38,32.52,51.25,18.93,94.57,0,No Failure,202.9,86.8
M,3.45,1.71,31.69,51.6,23.85,90.35,0,No Failure,154.8,69.8
M,4.16,2.67,29.81,46.62,24.51,96.83,0,No Failure,135.3,62.9
L,4.05,1.88,28.31,38.99,17.01,91.34,0,No Failure,162.8,72.6
H,3.58,2.55,33.86,44.92,12.94,95.47,0,No Failure,165.3,73.5
M,3.77,1.68,31.5,56.74,10.78,84.36,0,No Failure,141.7,65.2
M,3.76,1.71,38.35,43.82,11.09,100.0,0,No Failure,167.8,74.4
H,3.65,1.66,32.11,40.01,16.32,95.65,0,No Failure,182.4,79.6
M,4.06,1.95,41.01,46.96,24.1,98.74,0,No Failure,159.9,71.6
L,3.85,2.27,23.93,57.03,16.7,95.05,0,No Failure,160.2,71.7
M,3.5,2.23,25.24,54.67,16.57,94.39,0,No Failure,146.7,67.0
L,4.22,2.1,33.63,52.83,15.74,98.1,0,No Failure,160.9,72.0
L,4.17,1.15,28.09,49.49,17.9,94.19,0,No Failure,154.9,69.9
H,3.89,3.384,37.04,47.61,9.56,93.76,0,No Failure,178.2,78.1
L,3.75,2.18,32.11,48.21,21.0,97.36,0,No Failure,195.3,84.2
H,3.76,1.27,36.02,48.79,10.27,91.05,0,No Failure,171.6,75.8
M,3.87,1.65,30.42,48.71,20.06,93.52,0,No Failure,205.1,87.7
L,3.97,2.35,33.58,42.87,18.9,82.5,0,No Failure,147.4,67.2
M,4.08,1.43,39.34,40.88,18.17,100.0,0,No Failure,127.2,60.0
M,3.8,1.78,31.69,47.6,19.16,92.22,0,No Failure,214.7,91.0
M,4.11,1.6,38.13,57.05,12.06,92.96,0,No Failure,150.9,68.4
L,3.66,2.3,34.68,45.52,11.56,97.93,0,No Failure,171.5,75.7
M,3.87,1.09,37.3,63.79,7.89,95.19,0,No Failure,133.4,62.2
M,4.49,1.5,31.72,34.43,13.99,93.63,0,No Failure,170.1,75.2
H,4.08,1.77,40.99,49.87,18.23,89.84,0,No Failure,170.1,75.2
M,3.81,1.33,34.46,52.99,22.29,95.64,0,No Failure,193.9,83.7
L,4.04,2.61,31.74,49.83,12.14,90.4,0,No Failure,146.4,66.8
M,3.99,1.62,39.67,37.74,28.88,99.38,0,No Failure,131.8,61.7
L,4.01,2.2,32.11,62.75,20.92,100.0,0,No Failure,143.4,65.8
M,3.67,2.04,26.74,53.03,21.18,90.28,0,No Failure,160.1,71.7
L,4.09,0.93,52.103,59.14,20.76,97.73,0,No Failure,126.8,59.9
L,4.07,1.39,39.76,48.11,12.88,87.31,0,No Failure,141.1,65.0
L,3.96,1.43,35.28,44.31,23.98,96.61,0,No Failure,179.0,78.4
H,3.65,1.95,28.54,47.32,17.91,98.73,0,No Failure,182.6,79.7
H,3.64,1.56,25.21,40.72,19.04,100.0,0,No Failure,144.3,66.1
L,3.99,2.05,32.4,53.39,24.35,88.59,0,No Failure,161.4,72.2
L,4.01,0.92,26.91,60.52,21.96,95.49,0,No Failure,123.0,58.6
M,3.84,1.8,26.45,46.33,18.24,95.46,0,No Failure,201.3,86.3
M,3.8,1.9,39.72,60.49,21.32,97.94,0,No Failure,172.1,75.9
H,3.64,1.93,35.9,39.86,22.09,97.0,0,No Failure,180.2,78.8
M,3.94,2.73,37.58,40.46,17.8,92.35,0,No Failure,159.4,71.5
M,3.66,2.29,37.23,42.04,21.5,100.0,0,No Failure,158.8,71.3
M,3.8,1.39,28.65,56.42,23.59,99.8,0,No Failure,150.4,68.3
H,3.83,2.12,37.17,63.28,20.36,87.86,0,No Failure,156.8,70.5
H,3.65,2.59,38.16,48.61,11.78,89.47,1,SEI Layer High Impedance,3.8,21.9
L,3.98,1.92,34.49,44.09,-4.089,92.84,0,No Failure,184.2,80.2
M,3.8,1.24,36.62,50.72,15.59,100.0,0,No Failure,173.8,76.5
H,3.8,1.43,35.08,49.04,17.18,100.0,0,No Failure,194.1,83.7
M,3.82,1.49,39.52,60.26,26.59,91.01,0,No Failure,148.9,67.7
M,3.62,2.07,28.41,42.28,16.34,88.13,0,No Failure,151.6,68.7
M,3.86,1.27,27.91,62.23,29.31,94.91,0,No Failure,132.4,61.9
L,3.94,1.68,37.56,55.19,25.19,91.84,0,No Failure,169.7,75.1
L,3.74,1.92,34.34,47.92,18.57,95.1,0,No Failure,227.0,95.4
L,3.74,2.26,42.27,49.64,18.49,91.33,0,No Failure,175.6,77.2
L,3.78,2.19,29.75,44.16,13.96,93.68,0,No Failure,184.6,80.4
H,3.97,1.3,32.17,45.65,21.37,98.15,0,No Failure,171.4,75.7
L,4.07,1.37,29.33,55.61,10.52,100.0,0,No Failure,124.7,59.2
L,3.65,1.63,36.75,41.81,16.77,93.26,0,No Failure,186.2,81.0
M,3.95,2.1,37.83,52.45,7.04,97.06,0,No Failure,159.5,71.5
M,4.21,1.29,31.78,42.34,16.42,98.29,0,No Failure,142.6,65.5
H,3.86,2.02,31.42,40.2,28.32,94.65,0,No Failure,177.3,77.8
M,4.22,1.69,39.47,52.7,19.66,88.68,0,No Failure,146.7,66.9
L,3.59,1.02,34.39,40.07,17.99,92.18,0,No Failure,160.9,72.0
H,3.98,2.37,38.97,45.33,17.74,97.88,0,No Failure,170.9,75.5
M,3.68,1.83,52.103,47.35,18.97,93.77,0,No Failure,212.1,90.1
H,3.84,1.7,36.61,58.8,13.44,93.95,0,No Failure,187.7,81.5
L,3.89,2.7,35.65,55.93,16.46,91.5,0,No Failure,164.3,73.2
L,3.78,1.93,36.73,40.54,22.65,94.425,0,No Failure,178.1,78.1
M,3.94,2.9,39.15,43.51,23.69,87.76,1,SEI Layer High Impedance,2.4,14.4
M,3.84,1.66,25.11,50.65,12.24,99.59,0,No Failure,158.7,71.2
L,4.1,1.23,32.6,46.06,7.4,98.36,0,No Failure,137.9,63.8
L,4.06,1.57,32.01,50.38,16.55,90.74,0,No Failure,175.4,77.1
L,3.91,1.47,31.0,54.44,9.87,91.32,0,No Failure,157.3,70.7
M,3.99,1.62,31.44,42.07,17.6,96.14,0,No Failure,184.4,80.3
M,3.6,1.65,30.45,49.04,11.97,90.97,0,No Failure,166.9,74.1
M,3.62,2.53,37.89,45.59,17.85,93.84,0,No Failure,175.4,77.1
H,4.49,1.57,33.88,47.46,19.84,97.03,0,No Failure,206.3,88.1
L,3.96,1.55,35.16,52.17,12.15,94.68,0,No Failure,188.0,81.6
L,3.87,1.67,32.73,49.84,10.65,92.56,0,No Failure,191.1,82.7
M,3.63,1.51,30.02,53.73,24.69,88.02,0,No Failure,142.4,65.4
L,4.09,1.84,32.61,55.35,19.2,92.42,0,No Failure,183.8,80.1
L,3.74,1.6,28.84,47.73,27.38,97.13,0,No Failure,171.4,75.7
M,3.8,1.24,39.16,51.02,25.61,99.94,0,No Failure,153.6,69.4
L,4.1,1.54,33.88,48.8,17.2,90.57,0,No Failure,181.6,79.3
H,3.76,1.9,32.43,44.51,20.49,95.71,0,No Failure,208.4,88.8
M,3.77,2.21,39.95,49.96,18.34,94.41,0,No Failure,199.0,85.5
L,3.81,2.34,37.75,42.41,20.98,94.44,0,No Failure,190.9,82.6
L,3.66,1.75,36.72,60.36,10.17,90.24,0,No Failure,150.8,68.4
H,3.76,1.33,31.22,36.05,12.68,98.31,0,No Failure,149.4,67.9
M,4.06,2.34,35.58,55.79,-4.089,92.7,0,No Failure,155.1,69.9
L,3.48,1.47,38.97,44.77,11.53,97.43,0,No Failure,144.9,66.3
H,3.8,1.79,31.24,32.85,13.23,94.55,0,No Failure,179.4,78.5
H,3.87,1.73,40.14,49.11,16.43,96.11,0,No Failure,197.9,85.1
H,3.89,1.42,35.15,36.92,18.97,92.6,0,No Failure,182.8,79.7
L,4.12,1.74,28.43,47.09,16.56,91.21,0,No Failure,169.3,75.0
M,3.93,1.89,42.7,53.17,21.86,90.11,0,No Failure,165.1,73.5
L,4.06,2.32,33.79,50.73,19.88,99.37,0,No Failure,170.6,75.4
H,3.9,2.12,34.25,51.27,22.85,94.09,0,No Failure,202.4,86.7
L,3.79,1.81,34.95,47.88,14.34,100.0,0,No Failure,164.2,73.1
L,3.87,2.57,26.95,55.11,18.96,86.46,1,SEI Layer High Impedance,8.4,18.1
L,3.74,1.9,31.69,47.88,16.45,100.0,0,No Failure,195.3,84.2
L,3.86,2.44,31.41,48.57,15.22,91.48,0,No Failure,182.2,79.5
M,3.93,2.72,38.62,40.5,16.6,92.21,0,No Failure,153.1,69.2
M,3.59,1.13,52.103,46.27,25.63,86.46,0,No Failure,135.2,62.9
L,3.91,1.73,32.59,43.73,14.35,94.79,0,No Failure,200.4,86.0
L,4.14,1.77,31.53,37.22,24.25,88.58,0,No Failure,137.8,63.8
L,3.44,1.92,33.14,55.39,24.59,94.74,0,No Failure,167.1,74.2
M,3.8,1.52,33.81,49.32,9.69,97.36,0,No Failure,186.9,81.2
M,3.92,1.48,36.46,48.13,16.84,94.52,0,No Failure,206.3,88.1
M,4.02,2.67,38.41,43.71,7.73,90.6,0,No Failure,126.1,59.7
L,3.57,1.47,30.18,45.46,21.35,97.34,0,No Failure,165.4,73.6
H,3.63,1.54,40.54,44.69,20.11,91.37,0,No Failure,168.5,74.7
M,3.82,2.37,34.08,46.95,21.65,97.35,0,No Failure,197.7,85.0
M,3.8,2.25,31.4,40.49,12.07,89.92,0,No Failure,162.4,72.5
L,3.76,2.28,38.21,35.36,12.02,94.425,0,No Failure,141.0,64.9
L,3.84,1.42,34.12,50.33,12.64,92.35,0,No Failure,192.6,83.2
L,3.8,2.7,30.46,61.0,17.94,89.78,1,SEI Layer High Impedance,8.9,21.4
M,3.88,1.57,38.03,47.24,21.64,95.28,0,No Failure,199.8,85.8
M,3.69,1.39,37.4,40.1,26.35,100.0,0,No Failure,143.3,65.8
L,3.92,1.06,34.49,52.3,4.89,98.94,0,No Failure,139.3,64.3
H,3.81,2.26,29.62,37.26,21.63,94.77,0,No Failure,175.3,77.1
L,3.93,2.1,23.93,54.4,18.72,92.72,0,No Failure,164.7,73.3
H,3.85,2.09,27.22,46.64,13.65,93.42,0,No Failure,184.2,80.2
M,3.62,2.18,29.46,52.37,12.39,88.56,0,No Failure,145.3,66.5
L,4.49,1.65,33.24,47.09,14.83,96.66,0,No Failure,199.8,85.8
L,3.92,1.53,27.13,48.68,16.71,87.85,0,No Failure,163.0,72.7
M,3.64,1.76,28.75,49.94,19.05,94.6,0,No Failure,195.7,84.3
L,3.51,2.39,33.43,49.38,18.43,85.62,0,No Failure,151.4,68.6
L,4.07,1.72,28.58,54.16,12.85,92.82,0,No Failure,158.7,71.2
L,4.02,3.384,33.65,60.11,4.0,97.13,0,No Failure,132.7,62.0
L,3.9,1.27,41.73,33.35,20.25,100.0,0,No Failure,130.2,61.1
L,3.76,1.76,33.75,41.97,24.61,89.39,0,No Failure,180.4,78.9
M,3.33,1.85,44.53,48.95,21.53,91.15,0,No Failure,109.9,53.9
L,3.99,1.98,22.22,43.7,22.83,97.67,0,No Failure,146.7,67.0
M,3.73,2.33,35.71,46.18,24.08,91.8,0,No Failure,181.6,79.3
L,4.21,2.22,36.47,54.68,25.34,93.61,0,No Failure,149.1,67.8
M,4.05,1.16,26.02,43.17,18.17,95.89,0,No Failure,128.2,60.4
L,3.92,1.87,34.46,43.11,14.79,96.99,0,No Failure,198.6,85.3
H,3.95,2.37,31.84,36.02,28.3,100.0,0,No Failure,128.2,60.4
M,3.85,2.03,32.09,45.86,29.38,96.67,0,No Failure,181.8,79.4
M,3.82,1.86,34.61,42.9,23.78,100.0,0,No Failure,193.7,83.6
L,3.93,1.39,39.49,55.25,12.67,92.84,0,No Failure,159.3,71.4
L,3.85,1.79,34.41,46.26,18.83,100.0,0,No Failure,209.0,89.0
L,3.79,1.65,33.24,58.65,4.22,93.64,0,No Failure,162.6,72.6
L,3.87,1.56,35.67,47.88,10.26,90.76,0,No Failure,169.9,75.2
L,3.46,1.52,38.02,52.38,24.11,100.0,0,No Failure,139.1,64.3
M,3.9,2.02,35.44,49.25,22.28,100.0,0,No Failure,190.0,82.3
M,3.61,1.91,34.24,48.64,40.45,97.01,0,No Failure,158.7,71.2
M,4.03,2.2,36.41,39.1,26.71,90.42,0,No Failure,145.9,66.7
M,3.9,1.22,42.48,43.05,18.85,97.39,0,No Failure,159.8,71.6
L,3.86,1.71,29.78,52.93,14.13,91.53,0,No Failure,182.4,79.6
M,3.92,1.6,36.93,36.54,20.46,93.51,0,No Failure,180.4,78.9
M,3.82,0.306,31.08,44.49,15.52,95.02,0,No Failure,208.8,88.9
M,3.57,2.74,29.07,43.58,19.9,97.92,0,No Failure,139.3,64.3
L,3.62,1.25,34.02,48.52,24.78,99.64,0,No Failure,161.1,72.1
H,4.08,1.81,29.41,48.48,24.69,100.0,0,No Failure,160.9,72.0
H,3.98,1.19,34.24,40.09,14.45,88.49,0,No Failure,149.6,68.0
L,3.64,2.07,38.92,43.07,13.92,94.99,0,No Failure,176.8,77.6
H,3.8,1.79,32.0,45.44,13.65,95.44,0,No Failure,205.8,87.9
L,3.58,1.76,31.62,57.62,14.72,98.5,0,No Failure,160.0,71.6
M,3.68,1.91,37.33,53.44,7.01,97.63,0,No Failure,162.2,72.5
M,3.64,1.65,38.5,40.34,18.3,91.57,0,No Failure,175.1,77.0
H,4.09,1.81,41.35,52.49,15.79,88.28,0,No Failure,151.0,68.5
M,3.57,1.73,41.98,45.41,16.65,87.26,0,No Failure,150.0,68.1
M,3.81,1.9,27.94,51.61,18.2,90.36,0,No Failure,191.2,82.7
H,3.92,1.85,39.75,47.09,23.03,94.19,0,No Failure,198.6,85.3
H,3.66,0.86,36.82,50.04,18.5,96.52,0,No Failure,168.3,74.6
M,3.98,1.73,29.09,54.9,14.17,100.0,0,No Failure,156.6,70.5
L,3.76,1.87,32.62,60.58,16.95,98.83,0,No Failure,180.3,78.9
M,3.71,1.58,38.39,49.9,16.47,95.91,0,No Failure,192.1,83.0
L,3.5,1.62,34.82,50.41,8.29,85.98,0,No Failure,137.5,63.7
M,4.09,1.74,33.45,41.89,15.82,94.78,0,No Failure,187.6,81.4
M,3.33,1.3,33.52,47.23,24.83,92.03,0,No Failure,145.0,66.4
L,3.83,2.52,29.09,51.06,14.97,86.09,1,SEI Layer High Impedance,10.8,22.3
M,4.03,1.46,42.18,37.89,13.81,100.0,0,No Failure,126.8,59.9
M,3.63,1.49,34.71,34.68,24.52,99.09,0,No Failure,147.5,67.2
L,3.78,2.14,29.22,33.32,12.72,94.42,0,No Failure,161.7,72.3
L,3.73,2.12,33.39,54.67,11.73,94.83,0,No Failure,184.7,80.4
M,3.78,1.25,33.24,56.43,16.27,92.08,0,No Failure,176.5,77.5
L,3.69,1.84,35.88,40.47,23.36,94.26,0,No Failure,193.6,83.6
L,3.61,1.78,39.82,43.89,12.36,99.42,0,No Failure,157.5,70.8
H,3.67,1.61,24.21,47.78,15.06,87.24,0,No Failure,146.3,66.8
M,3.93,1.05,33.25,39.67,25.73,89.28,0,No Failure,139.1,64.2
L,3.83,1.53,41.44,41.39,22.22,99.68,0,No Failure,160.7,71.9
L,3.56,2.26,42.83,44.61,26.11,93.8,0,No Failure,143.7,65.9
L,3.82,1.91,31.18,48.87,26.26,84.82,0,No Failure,167.7,74.4
L,3.82,2.39,29.57,47.77,11.6,92.54,0,No Failure,177.1,77.7
L,3.9,1.44,27.7,51.02,14.42,100.0,0,No Failure,157.0,70.6
L,3.71,1.9,35.94,57.18,12.18,91.0,0,No Failure,174.4,76.8
L,3.94,1.87,38.68,51.3,22.68,96.67,0,No Failure,188.6,81.8
L,3.62,1.92,38.83,46.64,6.92,89.33,0,No Failure,153.0,69.2
L,3.78,1.83,30.67,48.1,20.73,98.41,0,No Failure,202.0,86.6
L,3.88,1.7,27.41,42.65,9.41,91.45,0,No Failure,158.4,71.1
L,3.97,1.32,37.0,51.09,17.23,90.76,0,No Failure,174.2,76.7
M,3.98,1.72,37.83,47.88,21.87,95.14,0,No Failure,198.4,85.3
L,3.85,1.14,28.07,44.58,20.78,93.58,0,No Failure,172.1,76.0
L,3.93,1.52,34.65,52.59,16.23,95.77,0,No Failure,196.6,84.6
M,3.64,1.3,36.99,56.1,8.62,94.58,0,No Failure,139.9,64.6
M,3.71,1.5,35.54,56.47,18.91,100.0,0,No Failure,173.6,76.5
H,3.6,1.68,28.46,48.63,27.79,97.5,0,No Failure,157.0,70.6
M,3.75,1.73,44.21,56.06,25.65,94.66,1,Thermal Exotherm Warning,8.9,26.9
L,3.81,2.45,36.09,49.63,20.51,92.95,0,No Failure,196.2,84.5
M,3.6,1.42,27.45,48.13,10.69,89.58,0,No Failure,133.6,62.3
M,3.65,0.85,33.14,52.65,17.73,98.45,0,No Failure,155.5,70.1
H,3.89,2.07,38.82,47.92,21.95,97.6,0,No Failure,190.1,82.3
M,3.63,2.02,32.12,36.93,19.3,99.42,0,No Failure,164.1,73.1
L,3.83,1.66,32.35,45.85,13.87,93.62,0,No Failure,204.6,87.5
L,3.71,1.92,38.24,50.43,11.46,94.425,0,No Failure,178.8,78.3
L,3.39,1.96,21.05,46.22,17.99,94.48,0,No Failure,167.9,74.5
L,3.77,1.96,35.74,49.96,21.71,95.27,0,No Failure,211.6,89.9
L,4.12,1.78,34.41,36.97,12.56,91.67,0,No Failure,160.2,71.7
M,3.87,1.73,32.88,49.57,12.87,90.51,0,No Failure,192.7,83.2
M,3.5,1.38,34.76,39.79,14.89,91.71,0,No Failure,155.3,70.0
H,4.02,2.2,34.81,49.4,10.98,89.68,0,No Failure,149.5,67.9
L,3.82,1.36,34.4,48.56,25.62,97.09,0,No Failure,191.3,82.7
L,3.82,1.7,40.21,53.03,29.91,90.67,0,No Failure,160.2,71.7
M,4.07,1.45,27.15,51.6,13.26,93.76,0,No Failure,154.0,69.5
L,3.98,1.28,44.31,51.49,25.28,96.39,0,No Failure,138.8,64.2
M,3.65,1.67,33.71,35.31,10.42,90.07,0,No Failure,150.4,68.3
H,3.78,1.97,33.95,42.05,13.43,90.05,0,No Failure,187.7,81.5
L,3.55,1.81,36.49,48.78,20.74,100.0,0,No Failure,179.6,78.6
L,3.66,2.23,36.78,48.54,18.5,97.83,0,No Failure,190.4,82.4
M,3.72,1.62,33.36,54.13,26.79,98.41,0,No Failure,169.4,75.0
H,3.84,1.83,40.61,49.42,16.91,94.02,0,No Failure,206.8,88.3
H,4.04,1.83,26.37,56.0,11.19,92.79,0,No Failure,150.6,68.4
H,3.89,1.18,35.02,39.95,16.04,95.7,0,No Failure,178.2,78.1
H,3.38,1.32,34.81,54.74,15.8,93.8,0,No Failure,150.4,68.3
H,4.02,2.58,30.68,32.61,19.1,96.05,0,No Failure,141.7,65.2
M,3.6,2.67,39.93,45.86,11.08,91.72,0,No Failure,136.5,63.3
L,3.68,1.68,34.16,48.66,20.54,100.0,0,No Failure,192.7,83.2
H,3.82,2.16,37.72,54.72,12.52,92.14,0,No Failure,178.4,78.2
M,3.8,1.79,52.103,52.21,11.75,94.18,0,No Failure,206.7,88.2
L,3.54,2.69,35.75,45.94,22.28,97.07,0,No Failure,155.1,69.9
L,3.74,1.84,32.12,46.74,5.8,92.23,0,No Failure,177.7,77.9
L,3.66,1.78,36.18,41.46,14.76,97.31,0,No Failure,182.6,79.7
L,3.97,1.85,33.02,39.88,19.73,93.36,0,No Failure,197.2,84.8
H,3.73,1.44,45.46,45.33,10.04,92.28,0,No Failure,144.0,66.0
L,3.69,1.54,29.57,54.79,13.95,95.26,0,No Failure,171.2,75.6
H,3.73,1.84,35.62,48.07,14.15,91.56,0,No Failure,205.2,87.7
H,3.8,1.82,40.48,38.15,25.8,97.3,0,No Failure,166.5,74.0
M,3.74,1.24,35.68,43.26,13.31,86.5,0,No Failure,151.4,68.6
L,3.93,1.83,30.46,21.245,23.89,92.64,0,No Failure,192.9,83.3
M,3.6,2.09,41.72,48.13,18.38,91.41,0,No Failure,149.6,68.0
H,3.74,1.51,32.15,45.46,9.99,98.18,0,No Failure,170.6,75.4
H,3.95,1.84,36.57,45.0,30.06,100.0,0,No Failure,164.3,73.2
L,3.66,1.83,22.0,50.04,26.3,90.78,0,No Failure,144.7,66.2
L,3.83,1.54,40.79,41.1,24.98,100.0,0,No Failure,153.6,69.4
L,3.77,2.94,32.48,62.52,15.43,93.86,0,No Failure,145.8,66.6
H,3.14,1.62,31.42,57.33,5.59,99.55,0,No Failure,138.5,64.1
M,4.1,1.71,29.66,43.82,11.82,97.87,0,No Failure,155.1,69.9
L,3.77,1.09,41.35,41.71,24.52,100.0,0,No Failure,134.2,62.5
L,3.14,1.66,35.27,54.41,18.14,95.74,0,No Failure,188.3,81.7
L,4.49,2.17,40.08,47.73,14.39,95.67,0,No Failure,191.7,82.9
M,3.75,1.9,37.4,48.13,12.3,98.89,0,No Failure,172.1,75.9
H,3.52,2.45,36.98,34.97,16.9,96.26,0,No Failure,143.4,65.8
M,3.79,0.306,35.82,42.82,22.61,93.94,0,No Failure,199.7,85.7
L,3.5,1.49,33.2,53.08,17.71,92.55,0,No Failure,173.3,76.4
L,3.97,2.31,43.26,37.1,13.56,100.0,0,No Failure,123.0,58.6
M,3.57,1.28,35.97,55.09,15.54,89.07,0,No Failure,147.5,67.2
M,3.92,1.23,34.16,40.88,18.77,95.09,0,No Failure,187.7,81.5
L,3.71,0.96,36.34,41.57,13.34,92.47,0,No Failure,155.4,70.0
H,3.75,1.52,38.18,45.01,22.51,96.59,0,No Failure,184.6,80.4
H,3.77,1.17,36.39,40.98,19.03,96.58,0,No Failure,179.6,78.6
L,3.97,2.55,22.69,52.15,12.65,97.61,0,No Failure,124.8,59.2
L,3.9,1.64,28.19,35.96,14.15,92.24,0,No Failure,157.9,70.9
H,3.67,1.54,38.99,51.22,25.0,86.96,0,No Failure,147.8,67.4
M,3.94,3.384,29.54,54.6,11.78,97.34,0,No Failure,170.0,75.2
L,3.44,1.65,34.23,57.32,16.1,89.38,0,No Failure,152.0,68.8
H,3.74,1.94,34.24,49.3,11.75,91.47,0,No Failure,196.6,84.6
M,3.69,1.36,29.1,45.53,17.6,94.32,0,No Failure,184.0,80.2
L,3.75,1.55,38.52,52.75,17.88,90.11,0,No Failure,180.6,79.0
H,3.76,1.53,26.49,43.16,16.5,93.38,0,No Failure,176.0,77.3
L,4.0,1.64,38.79,52.83,13.55,86.73,0,No Failure,148.7,67.7
M,4.06,2.36,39.18,40.84,26.64,98.31,0,No Failure,132.9,62.1
M,4.14,1.73,28.24,56.39,18.63,97.54,0,No Failure,156.2,70.3
H,3.93,1.56,34.18,48.72,13.2,89.55,0,No Failure,183.9,80.1
M,3.92,2.11,37.92,39.88,21.57,95.36,0,No Failure,181.5,79.3
H,3.88,1.96,27.69,45.32,28.36,96.25,0,No Failure,170.0,75.2
H,4.49,1.59,31.62,52.41,12.62,92.36,0,No Failure,172.7,76.2
M,3.9,1.58,35.72,52.46,23.83,100.0,0,No Failure,174.1,76.7
L,3.72,2.78,33.28,43.54,28.36,94.425,0,No Failure,143.5,65.8
L,3.68,1.84,23.54,37.07,16.92,94.82,0,No Failure,162.5,72.5
L,3.92,2.2,38.4,49.63,8.93,90.31,0,No Failure,160.4,71.8
H,3.87,1.97,29.98,53.14,20.85,94.2,0,No Failure,197.3,84.9
L,3.95,2.26,34.12,46.88,4.0,96.01,0,No Failure,165.7,73.7
H,3.7,1.59,29.07,41.56,17.73,94.03,0,No Failure,183.2,79.9
L,3.75,1.73,35.67,39.0,18.23,98.73,0,No Failure,189.3,82.1
L,3.66,1.28,31.76,51.96,20.77,97.19,0,No Failure,169.9,75.2
H,3.82,1.29,38.13,60.02,18.96,95.87,0,No Failure,174.3,76.7
L,3.98,1.71,35.89,44.45,19.66,87.9,0,No Failure,180.1,78.8
M,3.65,2.3,38.79,46.29,14.48,95.37,0,No Failure,176.1,77.4
L,3.71,2.05,34.5,39.89,14.18,97.51,0,No Failure,183.2,79.9
M,4.13,1.44,32.22,52.42,18.39,95.97,0,No Failure,174.4,76.8
H,4.02,2.96,32.55,47.08,23.8,95.03,0,No Failure,156.3,70.3
H,4.01,2.08,27.69,43.07,22.78,100.0,0,No Failure,148.9,67.7
L,3.81,1.93,36.25,57.09,12.73,90.65,0,No Failure,181.1,79.1
L,3.92,1.74,36.41,43.36,13.89,93.87,0,No Failure,196.6,84.6
L,3.54,2.6,31.69,40.37,13.47,90.37,0,No Failure,132.1,61.8
L,3.82,1.56,38.09,46.71,18.04,89.62,0,No Failure,188.1,81.6
M,3.75,1.6,33.84,56.86,7.27,92.32,0,No Failure,165.5,73.6
L,3.62,1.5,31.22,56.07,18.75,83.13,0,No Failure,137.0,63.5
L,3.91,1.75,37.47,49.94,15.25,94.66,0,No Failure,204.6,87.5
L,3.52,1.74,31.98,44.28,32.77,88.2,0,No Failure,132.1,61.8
M,4.38,1.27,42.26,41.58,18.84,98.84,0,No Failure,113.0,55.0
L,3.95,1.72,28.6,46.03,13.69,93.38,0,No Failure,183.0,79.8
H,3.76,2.43,36.95,42.22,17.89,95.59,0,No Failure,186.4,81.0
L,3.95,1.75,41.63,47.12,14.23,96.13,0,No Failure,181.3,79.2
L,3.91,1.36,40.78,36.98,8.4,100.0,0,No Failure,121.7,58.1
L,3.67,2.12,35.59,62.09,4.8,94.11,0,No Failure,145.8,66.6
L,3.61,2.41,37.99,50.15,21.1,98.49,0,No Failure,161.8,72.3
L,3.95,2.03,38.21,34.91,10.83,98.69,0,No Failure,146.0,66.7
H,3.86,1.97,33.62,53.22,9.42,95.89,0,No Failure,189.5,82.1
H,3.78,1.02,30.97,38.63,12.94,100.0,0,No Failure,137.7,63.8
L,3.77,1.83,40.19,35.34,16.92,94.04,0,No Failure,182.8,79.7
L,3.55,1.91,42.56,45.1,14.0,92.29,0,No Failure,160.2,71.7
H,3.78,2.18,37.06,47.02,19.36,96.96,0,No Failure,202.1,86.6
L,4.02,2.55,33.47,40.49,23.74,98.07,0,No Failure,149.0,67.8
M,3.83,1.51,34.42,52.79,15.78,98.81,0,No Failure,191.9,83.0
L,3.46,1.33,27.12,54.84,16.58,97.76,0,No Failure,131.7,61.6
L,3.97,1.87,46.53,41.7,10.8,100.0,0,No Failure,131.4,61.6
L,3.97,1.6,39.32,29.12,8.9,95.4,0,No Failure,132.7,62.0
H,4.01,2.4,42.13,50.03,17.7,94.3,0,No Failure,169.9,75.2
M,4.12,2.81,39.69,49.41,19.99,87.18,1,SEI Layer High Impedance,2.1,14.2
L,3.93,1.92,16.854,51.79,18.2,99.23,0,No Failure,188.8,81.9
M,3.78,3.32,30.25,42.51,26.42,93.36,0,No Failure,170.6,75.4
L,4.03,1.75,34.7,25.08,11.57,93.35,0,No Failure,146.3,66.8
M,3.74,1.6,39.95,51.52,22.3,96.07,0,No Failure,181.8,79.4
L,3.7,2.05,31.38,55.55,8.43,94.425,0,No Failure,163.9,73.1
L,3.96,1.85,40.75,74.718,14.61,88.16,0,No Failure,168.0,74.5
L,3.87,1.94,37.59,58.22,13.91,93.64,0,No Failure,185.2,80.6
M,3.54,1.68,38.18,47.91,18.66,93.01,0,No Failure,190.0,82.3
H,3.96,1.67,31.0,47.7,15.25,96.28,0,No Failure,193.6,83.6
L,3.86,1.35,27.57,51.89,19.15,91.55,0,No Failure,172.6,76.1
H,3.95,0.87,39.77,42.05,19.26,100.0,0,No Failure,138.4,64.0
M,3.69,2.21,32.23,46.68,13.47,99.99,0,No Failure,170.6,75.4
L,4.08,2.51,35.42,62.25,16.65,85.99,1,SEI Layer High Impedance,8.9,12.8
L,3.85,1.48,36.28,42.61,20.94,97.47,0,No Failure,188.5,81.8
L,3.91,2.45,36.42,45.29,18.91,93.61,0,No Failure,192.3,83.1
L,3.72,2.27,34.78,33.62,10.4,90.51,0,No Failure,147.9,67.4
H,3.78,1.4,37.76,50.39,8.78,98.96,0,No Failure,161.0,72.0
L,3.82,2.24,32.84,46.62,7.47,89.54,0,No Failure,169.1,74.9
H,3.71,1.86,42.76,54.03,40.649,93.05,0,No Failure,178.9,78.3
M,4.03,1.86,39.45,48.19,14.36,90.63,0,No Failure,178.4,78.2
M,3.64,1.49,35.87,45.86,40.649,94.35,0,No Failure,180.0,78.7
L,3.62,2.13,25.83,45.23,26.5,93.47,0,No Failure,152.0,68.8
M,3.89,1.71,35.93,51.78,9.62,92.39,0,No Failure,184.4,80.3
L,3.84,1.56,37.44,31.89,19.66,96.63,0,No Failure,172.4,76.1
L,4.05,2.43,30.21,56.82,21.72,91.91,0,No Failure,146.0,66.7
L,3.8,2.19,36.47,41.73,15.12,91.33,0,No Failure,184.0,80.2
H,3.57,1.87,35.86,57.51,14.17,94.82,0,No Failure,180.1,78.8
L,3.8,2.41,31.28,55.76,25.01,90.12,0,No Failure,155.9,70.2
L,3.62,2.15,42.16,56.8,18.5,100.0,1,Thermal Exotherm Warning,2.0,21.6
M,3.85,1.32,32.45,40.24,21.3,87.43,0,No Failure,159.9,71.6
M,3.84,1.52,34.83,32.62,20.19,96.47,0,No Failure,179.7,78.6
H,4.49,1.21,36.89,34.71,15.01,90.32,0,No Failure,139.3,64.4
M,3.85,3.384,30.94,52.08,15.07,94.71,0,No Failure,193.5,83.5
H,3.95,1.9,44.15,38.6,11.0,98.21,0,No Failure,140.7,64.8
L,3.38,1.41,33.1,48.27,11.48,93.18,0,No Failure,155.3,70.0
H,3.76,2.54,32.36,47.6,18.98,97.56,0,No Failure,187.9,81.5
M,3.83,2.16,30.81,46.09,21.11,96.67,0,No Failure,196.0,84.4
L,3.95,1.47,33.38,45.13,22.27,95.97,0,No Failure,189.1,82.0
M,3.55,1.85,31.69,47.35,15.73,90.42,0,No Failure,176.6,77.6
M,3.74,2.05,36.83,47.73,10.01,89.23,0,No Failure,174.6,76.8
H,4.12,1.68,33.75,33.53,19.98,99.8,0,No Failure,149.3,67.9
M,3.52,2.25,22.97,44.55,13.09,93.21,0,No Failure,133.2,62.2
M,3.57,2.18,27.73,42.5,15.1,93.31,0,No Failure,157.4,70.7
L,3.89,1.54,32.98,43.15,27.49,96.66,0,No Failure,175.1,77.0
M,3.8,2.15,28.93,39.72,20.71,89.41,0,No Failure,165.9,73.8
M,3.82,2.08,37.0,53.63,21.55,95.41,0,No Failure,199.3,85.6
M,3.72,2.83,36.54,46.12,26.93,97.01,0,No Failure,151.7,68.7
M,3.68,1.88,34.06,52.85,20.18,84.55,0,No Failure,172.6,76.1
M,3.5,1.99,31.69,41.04,9.88,88.78,0,No Failure,138.2,64.0
M,4.08,1.15,36.68,37.02,22.38,96.68,0,No Failure,140.6,64.8
H,3.64,1.27,26.66,38.79,22.4,90.22,0,No Failure,129.9,61.0
H,3.66,1.98,40.18,50.47,30.45,92.81,0,No Failure,159.0,71.3
L,3.81,2.37,38.39,43.38,17.0,78.944,0,No Failure,191.6,82.9
L,3.67,2.19,36.16,41.78,23.41,93.47,0,No Failure,178.1,78.1
L,3.61,2.14,37.94,47.74,-4.089,100.0,0,No Failure,176.0,77.3
M,3.59,2.18,31.09,47.63,16.09,93.67,0,No Failure,185.7,80.8
L,3.49,2.89,36.21,47.14,13.21,87.22,1,SEI Layer High Impedance,12.7,13.4
L,3.91,1.82,41.82,48.67,18.37,93.6,0,No Failure,201.5,86.3
L,3.72,2.02,40.27,39.29,21.62,89.27,0,No Failure,159.1,71.3
L,3.7,1.6,37.68,53.77,19.25,92.74,0,No Failure,188.7,81.8
M,3.95,1.97,30.85,41.51,19.37,96.62,0,No Failure,187.5,81.4
M,3.85,2.15,29.73,52.71,9.15,88.14,0,No Failure,151.5,68.7
M,3.86,2.07,30.85,43.73,10.64,93.46,0,No Failure,182.3,79.6
M,3.74,1.74,38.06,55.56,22.08,87.35,0,No Failure,164.4,73.2
L,4.2,2.51,40.27,50.73,23.44,85.32,1,SEI Layer High Impedance,5.7,8.4
L,3.81,1.83,32.95,35.99,-4.089,91.14,0,No Failure,187.4,81.4
L,3.89,1.58,31.43,45.02,20.3,95.4,0,No Failure,198.6,85.3
H,3.77,2.48,33.67,49.84,20.87,100.0,0,No Failure,178.2,78.1
H,3.86,1.19,30.67,52.75,13.57,94.51,0,No Failure,175.2,77.1
H,3.81,2.28,37.04,49.73,34.73,88.9,0,No Failure,147.4,67.2
H,3.71,1.19,34.99,41.93,16.69,91.41,0,No Failure,173.6,76.5
H,3.66,2.31,25.66,40.28,29.66,97.69,0,No Failure,121.0,57.8
L,3.82,1.27,37.91,44.36,18.88,98.87,0,No Failure,180.8,79.0
H,3.94,2.12,41.62,48.7,14.65,93.85,0,No Failure,181.1,79.1
H,3.86,1.03,34.08,47.3,26.93,96.12,0,No Failure,174.2,76.7
M,3.87,1.69,24.57,46.65,28.2,100.0,0,No Failure,147.6,67.3
M,3.74,2.69,33.59,53.76,12.63,93.95,0,No Failure,168.5,74.7
L,3.88,1.13,29.99,52.33,20.72,88.44,0,No Failure,153.8,69.5
M,3.72,1.1,28.14,41.16,14.96,86.61,0,No Failure,127.1,60.0
M,3.73,1.8,34.06,37.06,20.01,95.52,0,No Failure,197.3,84.9
M,3.44,2.42,32.58,43.35,20.83,97.39,0,No Failure,151.2,68.6
M,3.66,1.8,38.75,40.13,10.3,100.0,0,No Failure,150.7,68.4
H,3.95,2.05,52.103,66.58,13.32,92.33,0,No Failure,151.1,68.5
L,3.57,1.55,33.68,52.89,11.55,100.0,0,No Failure,153.8,69.5
L,3.87,1.49,33.41,43.34,13.15,96.06,0,No Failure,188.6,81.8
L,3.87,1.64,31.14,43.84,16.24,99.96,0,No Failure,181.1,79.2
M,3.64,1.7,30.63,59.8,17.9,89.49,0,No Failure,159.6,71.5
M,4.03,2.22,37.22,30.71,4.0,99.47,0,No Failure,104.9,52.1
M,3.86,1.98,28.32,41.85,22.94,99.43,0,No Failure,167.3,74.2
H,3.72,2.41,43.65,38.8,15.64,92.25,0,No Failure,143.8,65.9
L,3.94,1.33,27.42,47.4,21.7,94.425,0,No Failure,169.0,74.9
M,3.84,1.14,28.42,66.97,6.93,92.33,0,No Failure,112.4,54.8
L,3.62,1.18,30.48,49.39,5.54,95.47,0,No Failure,143.3,65.7
L,3.7,2.06,39.5,52.99,18.94,90.79,0,No Failure,178.4,78.2
L,3.87,1.67,30.4,34.19,14.9,90.06,0,No Failure,159.6,71.5
H,3.49,1.63,28.42,55.42,10.75,95.92,0,No Failure,140.9,64.9
L,4.04,1.45,28.87,58.82,23.98,96.7,0,No Failure,141.0,64.9
L,4.0,2.0,35.16,44.64,12.0,99.04,0,No Failure,174.5,76.8
H,3.43,1.62,38.55,49.37,36.13,98.31,0,No Failure,119.9,57.5
L,3.98,2.24,37.62,74.718,11.64,87.18,0,No Failure,146.6,66.9
L,3.51,1.98,34.59,51.66,15.84,92.71,0,No Failure,185.9,80.9
L,3.82,2.52,36.71,46.84,15.66,100.0,0,No Failure,167.1,74.2
M,3.94,1.45,32.9,48.27,16.74,100.0,0,No Failure,182.5,79.6
L,3.53,1.86,43.75,45.79,11.84,94.79,0,No Failure,160.2,71.7
L,4.08,1.42,38.71,41.22,18.89,94.2,0,No Failure,170.3,75.3
H,3.85,2.66,41.28,36.12,16.35,95.24,0,No Failure,150.5,68.3
M,3.7,1.85,34.15,46.52,11.9,95.98,0,No Failure,202.0,86.5
M,3.72,1.95,29.94,50.99,7.78,96.95,0,No Failure,169.0,74.9
M,3.72,1.81,39.23,51.93,12.68,100.0,0,No Failure,169.5,75.0
H,3.96,1.76,39.14,66.68,25.94,94.15,0,No Failure,148.1,67.4
H,3.66,2.05,37.24,46.54,14.71,100.0,0,No Failure,175.4,77.1
L,3.5,1.72,44.84,63.43,17.79,89.72,1,Thermal Exotherm Warning,2.1,12.3
L,3.82,1.77,31.72,52.2,26.36,92.52,0,No Failure,166.0,73.8
L,3.89,2.02,26.97,49.64,17.51,100.0,0,No Failure,175.0,77.0
M,3.88,1.85,34.73,45.09,13.17,89.52,0,No Failure,180.6,79.0
H,3.78,1.42,34.17,61.08,22.73,99.49,0,No Failure,161.1,72.1
H,3.95,0.85,36.9,56.66,11.72,96.57,0,No Failure,138.7,64.1
M,3.81,1.57,36.85,48.26,30.0,91.83,0,No Failure,179.8,78.7
M,4.14,1.64,33.56,48.13,28.6,98.97,1,Electrolyte Outgassing Swell,10.8,15.8
L,3.71,1.96,36.03,55.47,20.72,96.85,0,No Failure,190.6,82.5
L,3.51,1.85,39.72,55.48,8.83,86.41,0,No Failure,123.3,58.7
L,3.78,2.39,37.96,46.2,17.7,91.35,0,No Failure,186.9,81.2
L,3.48,1.51,41.11,55.7,16.62,95.37,0,No Failure,150.3,68.2
M,4.02,2.08,31.67,48.73,11.59,97.53,0,No Failure,172.6,76.1
L,3.72,1.73,40.41,45.09,18.01,99.27,0,No Failure,181.2,79.2
L,3.6,1.96,28.82,41.21,16.22,87.58,0,No Failure,150.6,68.4
M,3.45,2.29,32.7,38.72,28.82,88.94,0,No Failure,116.2,56.1
L,3.71,2.31,35.75,40.38,23.83,100.0,0,No Failure,157.8,70.9
M,3.75,2.55,34.94,41.37,24.55,88.66,1,SEI Layer High Impedance,5.1,24.4
L,3.75,2.0,29.57,44.55,10.3,100.0,0,No Failure,162.5,72.5
L,3.72,1.29,29.45,51.23,14.07,88.9,0,No Failure,153.6,69.4
L,3.94,2.14,22.21,45.62,31.3,87.28,0,No Failure,111.6,54.5
M,3.71,2.12,29.26,54.17,11.99,99.36,0,No Failure,154.2,69.6
L,3.68,1.29,29.86,46.2,21.0,95.84,0,No Failure,175.2,77.1
L,3.81,1.37,32.99,44.67,4.64,85.8,0,No Failure,139.8,64.5
M,3.8,1.82,30.46,55.04,18.08,93.79,0,No Failure,204.5,87.4
L,3.43,1.87,24.24,46.42,23.24,90.26,0,No Failure,138.3,64.0
M,3.85,1.89,27.18,39.2,11.59,94.21,0,No Failure,173.5,76.5
L,3.54,1.99,36.22,32.68,20.73,100.0,0,No Failure,144.6,66.2
L,3.81,2.01,32.31,47.57,9.59,90.55,0,No Failure,186.5,81.1
M,3.48,1.75,32.54,68.2,35.14,85.84,0,No Failure,80.1,43.4
H,3.87,2.17,29.0,58.06,24.15,94.22,0,No Failure,168.3,74.6
H,3.77,2.25,37.07,44.73,18.08,94.34,0,No Failure,203.2,87.0
M,3.69,2.35,41.07,52.57,14.68,96.57,0,No Failure,159.8,71.6
M,4.03,1.97,25.99,50.62,21.4,92.37,0,No Failure,167.4,74.3
L,3.84,1.29,39.81,51.14,20.06,89.07,0,No Failure,168.2,74.6
L,3.88,1.31,34.37,48.84,21.73,94.5,0,No Failure,203.3,87.0
H,3.87,0.97,32.07,49.26,10.84,93.11,0,No Failure,166.6,74.0
L,3.82,1.52,32.84,50.09,15.72,99.41,0,No Failure,191.2,82.7
M,3.66,1.26,24.89,37.44,21.57,94.01,0,No Failure,138.7,64.1
L,4.12,1.55,36.06,46.65,19.76,92.6,0,No Failure,183.1,79.9
M,3.79,1.5,41.43,40.0,13.09,92.17,0,No Failure,161.0,72.0
L,3.67,2.0,38.08,47.88,20.27,88.22,0,No Failure,163.7,73.0
L,3.6,1.92,34.26,39.77,18.68,96.41,0,No Failure,191.2,82.7
M,3.81,1.88,34.02,35.0,17.0,98.04,0,No Failure,191.2,82.7
M,3.61,0.98,41.77,51.48,10.85,88.52,0,No Failure,114.2,55.5
L,3.85,1.77,36.9,51.11,21.6,94.09,0,No Failure,209.7,89.3
M,3.98,1.58,36.48,47.08,26.42,96.01,0,No Failure,180.9,79.1
M,3.91,2.62,33.09,48.56,12.8,90.4,0,No Failure,166.3,73.9
L,4.22,2.39,26.76,47.88,17.97,90.04,0,No Failure,127.1,60.0
L,4.15,1.95,32.86,41.27,24.66,88.56,0,No Failure,148.3,67.5
L,3.75,1.99,28.62,49.94,14.04,98.5,0,No Failure,177.9,78.0
H,3.9,1.41,35.82,45.01,13.93,100.0,0,No Failure,172.3,76.0
L,3.82,2.47,36.32,30.12,26.94,86.67,1,SEI Layer High Impedance,1.6,2.9
M,4.07,2.18,32.42,50.55,17.48,98.04,0,No Failure,177.2,77.8
M,4.12,1.85,34.17,65.81,20.7,100.0,0,No Failure,140.2,64.7
L,3.76,1.47,45.35,41.4,29.3,97.92,0,No Failure,128.8,60.6
M,3.95,1.35,30.34,42.52,19.75,100.0,0,No Failure,159.5,71.5
H,3.61,1.56,30.79,32.61,19.56,100.0,0,No Failure,140.9,64.9
L,3.9,1.84,35.4,55.36,15.67,93.76,0,No Failure,189.1,82.0
L,3.88,1.54,30.27,44.76,21.72,94.42,0,No Failure,193.2,83.4
L,3.8,1.11,38.69,49.12,11.05,94.46,0,No Failure,173.8,76.5
L,3.85,2.36,42.02,50.66,22.64,91.04,0,No Failure,163.5,72.9
L,3.97,1.61,40.92,52.99,17.27,90.69,0,No Failure,167.5,74.3
H,4.23,2.42,31.43,51.24,24.24,91.26,0,No Failure,137.8,63.8
L,3.83,1.95,29.83,51.35,14.35,94.72,0,No Failure,201.0,86.2
H,3.76,1.71,35.57,44.49,16.08,94.89,0,No Failure,210.5,89.6
L,3.92,2.26,40.35,58.71,15.11,96.54,0,No Failure,156.4,70.4
M,4.09,2.28,42.9,45.02,23.3,96.41,0,No Failure,145.4,66.5
M,4.06,1.84,31.12,45.68,17.36,96.3,0,No Failure,192.1,83.1
H,4.07,1.42,36.95,45.39,12.19,96.03,0,No Failure,166.1,73.8
M,3.96,2.27,32.32,51.64,10.75,90.73,0,No Failure,162.5,72.6
L,3.87,2.2,32.11,47.6,13.5,94.52,0,No Failure,200.2,85.9
M,4.05,2.93,31.6,51.51,14.66,94.01,0,No Failure,149.1,67.8
M,4.01,1.48,34.74,58.69,8.21,92.66,0,No Failure,152.2,68.9
L,4.14,2.46,28.42,39.75,21.11,91.6,0,No Failure,132.9,62.1
L,3.76,1.78,36.22,48.67,19.59,98.13,0,No Failure,208.0,88.7
L,3.79,1.71,38.28,32.38,9.34,100.0,0,No Failure,141.8,65.2
H,3.72,2.35,38.11,50.44,18.01,92.59,0,No Failure,186.0,80.9
L,3.89,2.12,33.21,47.45,20.65,94.37,0,No Failure,212.3,90.2
L,3.6,1.6,22.56,50.23,16.44,95.2,0,No Failure,158.5,71.1
M,3.69,0.96,32.85,46.09,40.649,99.62,0,No Failure,159.4,71.4
L,3.85,2.22,33.63,42.38,16.68,96.0,0,No Failure,198.0,85.1
L,3.76,2.16,23.39,49.99,21.09,95.51,0,No Failure,171.6,75.8
M,3.92,1.65,32.21,42.07,30.21,96.47,0,No Failure,165.3,73.5
H,3.68,1.85,40.56,61.31,22.32,94.07,0,No Failure,167.3,74.3
L,3.89,1.73,36.79,40.53,13.89,92.16,0,No Failure,185.0,80.5
M,3.64,1.71,32.05,54.85,12.99,89.72,0,No Failure,163.2,72.8
H,4.06,1.85,27.56,51.83,17.06,91.86,0,No Failure,173.9,76.6
L,3.77,1.45,38.84,52.86,22.15,93.94,0,No Failure,183.6,80.0
L,3.87,1.74,36.05,44.55,32.98,97.87,0,No Failure,168.5,74.7
L,3.74,2.27,31.71,43.8,25.68,96.53,0,No Failure,172.9,76.2
L,4.1,1.89,36.56,61.06,21.87,98.98,0,No Failure,153.4,69.3
L,3.68,1.95,31.37,61.64,24.49,100.0,0,No Failure,147.9,67.4
M,3.62,1.49,36.65,62.59,17.5,93.1,0,No Failure,162.6,72.6
M,3.42,2.22,52.103,47.51,16.51,95.1,0,No Failure,178.9,78.4
M,4.06,2.07,26.74,44.44,22.97,91.93,0,No Failure,155.2,70.0
H,4.1,2.09,36.28,55.33,21.3,96.3,0,No Failure,170.0,75.2
M,4.1,1.65,24.39,39.06,25.08,94.58,0,No Failure,137.3,63.6
L,4.01,1.53,31.1,55.52,20.64,96.68,0,No Failure,169.4,75.0
L,3.7,1.97,36.87,61.16,13.46,89.74,0,No Failure,157.2,70.7
L,3.8,1.88,30.95,44.43,13.7,96.2,0,No Failure,198.4,85.3
L,3.65,2.12,36.15,48.55,16.05,94.63,0,No Failure,201.5,86.4
L,4.23,2.14,38.19,46.42,12.12,95.63,0,No Failure,155.8,70.2
M,3.64,2.32,30.82,59.38,17.71,96.55,0,No Failure,159.4,71.4
L,3.85,1.4,31.46,49.88,19.1,94.75,0,No Failure,203.4,87.0
L,3.72,1.58,40.24,39.68,24.1,99.26,0,No Failure,151.3,68.6
M,3.66,1.54,32.35,41.35,16.12,90.17,0,No Failure,170.3,75.3
M,3.87,2.12,33.81,53.8,14.24,86.52,0,No Failure,169.0,74.8
H,3.82,1.76,31.95,40.68,14.77,95.04,0,No Failure,200.6,86.0
H,3.65,2.13,36.35,37.82,26.59,89.4,0,No Failure,145.6,66.6
L,3.89,1.02,29.17,42.26,22.16,98.56,0,No Failure,147.3,67.2
M,3.7,2.03,22.0,34.37,22.34,88.57,0,No Failure,119.6,57.4
L,3.96,2.13,33.38,51.26,21.77,93.83,0,No Failure,195.5,84.2
M,3.79,2.0,42.5,48.97,19.99,97.18,0,No Failure,188.7,81.8
L,3.85,1.36,30.42,39.87,19.55,97.05,0,No Failure,175.6,77.2
M,4.19,1.36,41.69,51.13,24.38,100.0,0,No Failure,122.3,58.3
L,4.01,2.23,31.39,61.55,28.13,96.19,0,No Failure,138.0,63.9
L,3.83,1.8,38.4,47.86,10.68,93.55,0,No Failure,199.7,85.7
L,4.07,1.39,41.26,47.88,40.649,95.63,0,No Failure,151.9,68.8
M,3.92,3.01,36.53,51.69,15.81,96.25,0,No Failure,158.5,71.1
L,3.98,2.12,39.93,30.87,19.01,89.83,0,No Failure,141.8,65.2
H,3.89,2.55,38.71,46.79,13.66,95.96,0,No Failure,172.3,76.0
M,3.75,1.76,33.87,50.7,21.15,78.944,0,No Failure,204.6,87.5
L,3.82,2.61,33.33,46.12,11.12,92.48,0,No Failure,176.2,77.4
L,3.9,1.07,45.79,44.62,16.35,100.0,0,No Failure,131.7,61.6
L,3.56,2.42,37.96,53.76,10.49,99.02,0,No Failure,133.7,62.4
L,4.14,1.64,33.16,48.76,19.34,90.4,0,No Failure,179.4,78.5
L,4.04,1.94,39.4,46.87,23.59,86.97,0,No Failure,156.2,70.3
M,3.45,2.35,36.56,50.98,14.06,96.33,0,No Failure,157.0,70.6
L,3.82,0.306,41.78,49.04,11.88,86.11,0,No Failure,141.2,65.0
L,3.48,1.84,35.45,54.15,12.23,96.87,0,No Failure,165.6,73.7
H,3.68,1.08,33.46,47.47,14.72,84.41,0,No Failure,145.6,66.6
H,4.05,1.73,37.61,30.65,20.96,100.0,0,No Failure,140.2,64.7
L,3.71,1.99,41.08,56.76,23.99,98.96,0,No Failure,153.5,69.4
H,3.73,1.76,34.81,36.32,16.8,88.97,0,No Failure,169.3,75.0
L,3.96,1.89,33.64,52.45,12.79,94.3,0,No Failure,197.9,85.1
L,3.84,2.63,28.97,44.74,25.93,95.64,0,No Failure,159.8,71.6
M,3.44,2.55,35.21,37.44,11.26,100.0,0,No Failure,114.7,55.6
L,3.95,1.93,35.16,49.7,10.62,91.29,0,No Failure,187.2,81.3
L,3.79,2.08,35.77,47.0,20.27,90.44,0,No Failure,202.3,86.7
H,4.11,1.83,42.42,43.42,24.76,99.89,0,No Failure,140.0,64.6
H,3.74,2.15,28.57,43.42,18.49,95.07,0,No Failure,186.6,81.1
H,3.77,1.84,29.26,57.33,20.04,96.83,0,No Failure,185.4,80.6
M,3.92,1.84,27.76,44.28,16.27,99.54,0,No Failure,175.4,77.1
M,3.99,2.08,31.1,46.6,5.74,96.95,0,No Failure,159.7,71.6
M,3.66,2.27,41.9,55.71,11.08,97.69,0,No Failure,137.1,63.6
H,3.78,1.82,35.44,52.71,18.49,93.52,0,No Failure,216.3,91.6
L,4.49,2.43,40.77,38.03,18.22,80.61,0,No Failure,148.8,67.7
M,3.79,1.74,32.01,54.4,15.13,94.84,0,No Failure,201.7,86.4
L,3.83,3.384,37.2,44.38,14.55,91.53,0,No Failure,193.0,83.4
L,3.66,1.93,37.49,39.17,17.19,88.69,0,No Failure,168.5,74.7
L,3.61,2.62,31.42,56.69,11.96,100.0,0,No Failure,125.1,59.3
H,4.11,1.39,32.61,51.57,18.66,97.6,0,No Failure,171.1,75.6
L,3.79,2.66,30.39,47.43,15.82,93.28,0,No Failure,180.2,78.8
M,3.83,2.09,34.56,53.58,17.19,92.38,0,No Failure,203.9,87.2
M,3.68,1.98,40.51,51.91,26.68,98.16,0,No Failure,159.3,71.4
L,3.74,1.83,42.02,38.12,12.38,94.47,0,No Failure,170.3,75.3
M,3.74,1.75,38.62,44.29,21.18,93.55,0,No Failure,196.7,84.7
L,3.91,2.65,37.06,39.79,25.33,89.21,1,SEI Layer High Impedance,2.5,18.8
L,4.03,1.31,29.67,52.12,21.2,100.0,0,No Failure,147.5,67.3
L,3.75,1.63,30.13,56.4,20.7,90.15,0,No Failure,170.7,75.5
M,3.8,2.42,28.83,51.57,8.49,96.49,0,No Failure,156.5,70.4
M,3.91,2.62,30.39,43.59,19.26,100.0,0,No Failure,157.1,70.6
L,4.22,1.38,29.02,57.14,15.89,100.0,0,No Failure,121.2,57.9
L,3.54,1.59,24.15,56.54,14.21,94.425,0,No Failure,132.7,62.0
L,4.14,1.73,23.32,42.5,20.52,99.73,0,No Failure,132.4,61.9
L,3.47,2.26,24.92,59.22,28.14,94.94,0,No Failure,111.3,54.4
M,3.92,1.56,32.84,45.33,13.18,100.0,0,No Failure,174.1,76.7
L,3.82,2.55,30.43,34.15,13.46,96.57,0,No Failure,149.3,67.9
M,3.8,2.06,28.97,44.78,27.89,90.96,0,No Failure,167.5,74.3
M,4.07,2.33,36.9,31.15,9.79,98.95,0,No Failure,116.2,56.2
M,3.77,1.65,31.48,54.42,21.37,84.24,0,No Failure,157.5,70.8
M,4.18,0.306,31.94,48.75,20.22,92.09,0,No Failure,181.1,79.1
L,3.66,1.66,44.72,56.69,26.19,97.07,1,Thermal Exotherm Warning,10.7,18.2
M,3.76,1.51,28.5,51.75,22.0,100.0,0,No Failure,163.4,72.9
L,3.7,1.1,34.29,50.2,31.26,96.6,0,No Failure,154.3,69.7
M,3.54,2.28,24.07,43.19,16.02,92.69,0,No Failure,140.9,64.9
H,3.6,1.99,26.72,41.81,18.49,86.27,0,No Failure,142.6,65.5
M,3.92,1.82,27.08,47.22,29.2,94.38,0,No Failure,175.1,77.0
H,4.06,1.49,36.87,55.66,21.29,97.6,0,No Failure,162.0,72.4
L,3.38,1.75,27.91,52.68,22.83,94.86,0,No Failure,152.7,69.1
L,4.3,1.67,33.08,39.95,16.39,93.36,0,No Failure,158.5,71.1
L,3.77,1.57,27.92,60.0,15.34,92.51,0,No Failure,161.6,72.2
L,4.1,2.11,36.34,50.87,16.41,96.72,0,No Failure,179.0,78.4
H,3.74,2.21,33.93,49.0,13.07,95.33,0,No Failure,198.3,85.2
H,3.65,1.64,31.98,53.69,19.11,94.28,0,No Failure,193.7,83.6
M,4.11,2.31,36.95,58.1,-4.089,88.07,0,No Failure,128.7,60.6
L,3.86,1.77,27.67,48.92,21.25,93.04,0,No Failure,196.4,84.5
M,3.87,1.76,35.38,46.71,24.02,94.78,0,No Failure,210.8,89.7
M,3.95,1.72,33.97,21.245,16.96,90.59,0,No Failure,200.8,86.1
M,3.54,1.99,36.2,53.5,10.67,99.6,0,No Failure,152.9,69.2
L,3.72,2.46,31.87,45.72,28.35,78.944,0,No Failure,158.5,71.1
L,3.83,2.1,35.93,52.22,25.69,89.68,0,No Failure,179.0,78.4
L,3.7,1.76,33.21,43.68,18.69,95.06,0,No Failure,209.4,89.2
L,3.7,2.15,30.93,48.12,11.29,98.25,0,No Failure,173.1,76.3
M,3.72,2.25,16.854,39.86,22.34,90.69,0,No Failure,156.2,70.3
H,4.26,1.25,42.36,49.87,28.7,97.87,1,Electrolyte Outgassing Swell,2.9,8.4
M,3.97,1.43,32.47,70.19,21.26,97.5,0,No Failure,138.4,64.0
M,3.9,1.22,35.64,35.83,18.17,98.57,0,No Failure,159.9,71.6
L,4.49,1.8,38.23,56.87,12.19,99.11,0,No Failure,172.2,76.0
H,3.75,1.78,29.25,45.01,17.59,94.51,0,No Failure,205.0,87.6
L,3.93,1.7,32.67,38.35,17.04,95.86,0,No Failure,188.4,81.7
M,3.74,1.65,38.41,34.13,15.79,94.58,0,No Failure,172.8,76.2
M,3.7,1.97,40.45,30.86,24.45,95.32,0,No Failure,149.9,68.1
L,3.78,1.32,38.93,53.11,19.28,96.83,0,No Failure,179.5,78.6
L,3.65,1.55,30.36,51.91,19.97,100.0,0,No Failure,166.1,73.8
L,4.18,1.86,31.66,54.68,10.22,88.38,0,No Failure,139.3,64.4
L,3.87,2.25,40.07,63.35,25.13,97.08,0,No Failure,141.8,65.2
L,3.83,1.82,33.64,49.67,24.42,99.57,0,No Failure,196.6,84.6
M,3.63,0.85,42.15,49.12,9.95,96.6,0,No Failure,127.5,60.1
L,3.78,2.3,35.2,40.34,8.2,92.46,0,No Failure,166.0,73.8
L,4.08,2.54,33.26,55.38,26.57,91.39,0,No Failure,138.1,63.9
H,3.84,2.35,28.92,52.64,26.41,94.87,0,No Failure,169.3,75.0
H,3.14,1.73,23.17,47.01,17.88,91.36,0,No Failure,160.2,71.8
L,3.82,1.55,28.52,42.87,11.69,98.78,0,No Failure,157.3,70.7
L,4.02,2.07,32.66,46.61,24.53,92.75,0,No Failure,182.3,79.5
L,4.12,0.306,25.95,52.03,18.41,99.17,0,No Failure,145.7,66.6
H,4.05,1.53,40.72,48.81,13.29,97.69,0,No Failure,159.4,71.5
H,3.87,2.43,33.03,47.07,29.38,90.1,0,No Failure,161.4,72.2
M,3.91,1.58,38.71,47.99,20.82,98.55,0,No Failure,186.2,81.0
L,3.95,2.17,35.67,51.61,12.23,94.27,0,No Failure,187.6,81.4
L,3.72,1.25,32.23,40.09,30.02,93.82,0,No Failure,151.7,68.7
L,3.83,2.47,41.19,45.61,14.64,99.97,0,No Failure,157.0,70.6
M,3.9,2.52,26.33,48.7,16.65,91.83,0,No Failure,163.7,73.0
M,3.81,1.54,37.38,43.63,30.74,91.05,0,No Failure,164.0,73.1
L,3.82,1.85,36.25,53.34,14.64,93.51,0,No Failure,208.9,89.0
L,3.83,1.4,33.88,56.38,14.48,94.2,0,No Failure,190.6,82.5
L,3.85,1.87,39.98,58.98,23.38,109.886,0,No Failure,175.4,77.1
L,3.83,1.29,35.55,42.89,19.34,100.0,0,No Failure,180.6,79.0
M,3.94,2.27,38.0,47.07,25.58,89.9,0,No Failure,163.5,72.9
L,3.82,1.9,35.95,54.53,23.86,97.27,0,No Failure,194.6,83.9
H,4.04,1.82,36.03,48.55,18.26,100.0,0,No Failure,191.4,82.8
L,3.94,1.26,37.78,52.99,11.17,83.0,0,No Failure,122.8,58.5
M,3.6,1.96,29.68,37.38,18.44,89.72,0,No Failure,159.1,71.3
H,4.49,2.36,31.94,56.73,21.52,95.94,0,No Failure,167.2,74.2
L,3.45,2.47,31.12,47.01,11.7,89.38,1,SEI Layer High Impedance,9.2,16.9
L,4.08,2.34,40.37,57.16,25.57,93.62,0,No Failure,137.4,63.6
H,3.64,1.38,33.23,44.68,17.37,91.32,0,No Failure,179.5,78.6
L,3.53,2.46,32.63,45.6,16.13,96.48,0,No Failure,166.1,73.8
H,4.49,2.05,26.35,55.08,22.09,93.88,0,No Failure,178.0,78.0
H,3.79,1.82,32.85,35.6,14.36,96.31,0,No Failure,187.2,81.3
L,3.87,1.54,16.854,41.69,10.39,99.41,0,No Failure,152.5,69.0
L,3.91,2.93,38.77,41.66,15.83,94.33,0,No Failure,155.6,70.1
M,3.55,2.25,43.59,38.89,17.73,92.86,0,No Failure,143.0,65.7
H,3.95,1.36,27.81,52.58,23.23,98.59,0,No Failure,150.2,68.2
H,3.83,1.22,36.49,55.72,16.19,94.71,0,No Failure,184.9,80.5
M,4.49,2.1,25.64,58.54,16.15,94.88,0,No Failure,158.9,71.3
L,3.67,1.82,43.09,50.12,11.82,97.49,0,No Failure,163.3,72.8
L,3.83,2.65,27.46,47.17,24.74,99.22,0,No Failure,149.1,67.8
M,3.85,1.85,28.41,58.59,18.32,94.75,0,No Failure,192.6,83.2
L,3.97,1.86,36.98,43.43,18.2,93.46,0,No Failure,203.9,87.2
L,3.75,1.96,31.99,71.98,10.41,94.32,0,No Failure,151.9,68.8
L,3.76,2.14,36.47,49.07,13.84,96.84,0,No Failure,194.2,83.8
H,4.0,1.22,34.45,43.39,33.75,100.0,0,No Failure,129.6,60.9
M,3.72,2.45,30.91,37.66,9.71,96.8,0,No Failure,143.0,65.6
M,3.78,2.11,34.26,40.44,17.59,99.79,0,No Failure,187.1,81.3
L,3.82,1.63,38.17,43.59,20.17,94.93,0,No Failure,178.2,78.1
L,3.88,1.75,33.6,55.42,18.57,99.49,0,No Failure,192.4,83.2
L,4.04,2.02,30.5,59.42,13.59,98.11,0,No Failure,149.4,67.9
L,3.71,2.04,23.16,53.7,24.57,93.32,0,No Failure,152.7,69.1
H,3.65,1.58,36.52,45.06,29.65,99.88,0,No Failure,152.1,68.9
L,3.75,1.75,32.09,45.34,24.68,93.05,0,No Failure,194.3,83.8
H,3.82,1.88,31.93,53.88,18.41,96.06,0,No Failure,211.4,89.9
L,4.05,1.97,41.81,46.86,13.52,95.75,0,No Failure,170.3,75.3
H,3.86,2.01,28.61,46.84,23.58,99.06,0,No Failure,177.4,77.8
M,3.6,2.14,23.4,56.05,12.21,100.0,0,No Failure,117.9,56.8
M,3.8,3.384,36.09,50.95,19.55,94.21,0,No Failure,215.1,91.2
H,3.84,1.91,36.17,51.76,-4.089,100.0,0,No Failure,186.7,81.1
M,3.74,2.59,37.46,51.75,20.12,90.67,0,No Failure,168.5,74.7
M,3.76,2.13,33.32,47.49,18.64,97.26,0,No Failure,208.2,88.7
L,3.93,1.53,38.54,46.61,15.93,90.92,0,No Failure,180.8,79.0
L,3.89,1.29,24.88,49.22,5.24,91.28,0,No Failure,130.9,61.4
L,3.76,1.38,32.06,53.2,11.48,93.38,0,No Failure,174.9,76.9
L,3.84,1.76,34.11,57.25,12.68,97.78,0,No Failure,185.8,80.8
L,3.54,2.41,43.73,40.97,18.87,94.425,0,No Failure,109.0,53.6
L,3.79,2.6,31.66,35.56,17.76,98.21,0,No Failure,156.3,70.3
L,3.6,1.93,42.15,50.67,18.41,90.57,0,No Failure,165.1,73.5
M,4.17,1.44,42.27,53.91,11.11,100.0,0,No Failure,114.3,55.5
H,3.81,2.08,22.35,45.93,17.43,93.76,0,No Failure,179.8,78.7
L,3.69,2.07,31.92,56.51,10.18,83.88,0,No Failure,131.6,61.6
M,3.69,2.01,31.62,45.29,26.01,95.53,0,No Failure,183.4,80.0
H,3.37,2.05,39.73,50.45,-4.089,93.86,0,No Failure,155.2,70.0
L,3.41,2.23,36.42,66.59,17.32,96.13,0,No Failure,134.0,62.4
L,3.91,2.45,27.97,44.43,19.84,98.65,0,No Failure,160.4,71.8
L,3.88,2.56,36.48,52.39,20.4,91.87,0,No Failure,176.9,77.7
H,3.45,2.5,35.74,40.58,21.73,92.19,0,No Failure,145.5,66.5
M,3.62,1.65,30.62,55.08,22.59,96.25,0,No Failure,169.7,75.1
H,4.02,2.1,34.26,47.55,22.42,97.59,0,No Failure,189.4,82.1
L,3.57,1.76,33.99,42.82,23.78,97.17,0,No Failure,178.1,78.1
L,3.59,2.14,42.96,42.07,14.71,100.0,0,No Failure,136.6,63.4
M,3.87,1.82,38.72,47.27,28.05,93.3,0,No Failure,189.4,82.1
L,3.76,1.56,34.19,56.32,12.96,84.24,0,No Failure,151.7,68.7
M,4.09,1.52,40.74,57.02,-4.089,96.09,0,No Failure,155.6,70.1
H,3.87,2.18,34.43,43.71,15.07,89.3,0,No Failure,185.3,80.6
L,3.74,1.62,27.94,47.12,21.83,99.07,0,No Failure,174.1,76.7
L,3.63,2.19,52.103,61.91,10.26,88.43,0,No Failure,124.5,59.1
L,3.73,2.45,36.24,45.93,22.72,88.6,0,No Failure,165.1,73.5
L,3.59,2.56,36.17,53.95,21.84,100.0,0,No Failure,144.5,66.2
L,4.11,1.81,43.73,56.28,8.49,95.06,1,Thermal Exotherm Warning,10.4,18.1
M,4.17,1.43,43.15,55.32,35.16,92.44,1,Electrolyte Outgassing Swell,13.9,4.6
M,3.68,2.34,34.15,53.26,32.45,92.4,0,No Failure,152.2,68.9
L,3.7,1.23,35.77,58.18,17.54,93.84,0,No Failure,175.0,77.0
M,3.8,0.85,31.38,47.82,11.26,94.6,0,No Failure,170.3,75.3
L,3.88,1.06,37.17,46.84,24.89,88.0,0,No Failure,152.1,68.9
H,3.83,1.63,36.52,49.52,11.37,96.45,0,No Failure,194.6,83.9
L,3.47,1.42,37.38,40.05,15.35,92.4,0,No Failure,149.4,67.9
M,3.95,1.95,38.59,37.05,28.67,84.46,0,No Failure,123.0,58.6
M,4.05,1.59,39.76,59.57,29.82,98.61,0,No Failure,122.4,58.4
L,3.85,1.04,32.88,56.05,40.649,93.31,0,No Failure,165.9,73.8
L,3.94,1.92,44.04,60.44,18.67,86.82,1,Thermal Exotherm Warning,3.4,19.3
M,3.77,1.19,41.03,45.36,10.59,89.88,0,No Failure,144.8,66.3
M,3.77,2.66,41.35,53.3,11.29,100.0,0,No Failure,130.7,61.3
H,4.06,2.27,27.01,56.98,10.3,88.73,0,No Failure,115.7,56.0
L,3.98,1.56,28.72,58.46,10.34,93.22,0,No Failure,147.7,67.3
M,4.04,1.94,25.72,51.34,17.59,98.46,0,No Failure,163.0,72.7
M,3.5,2.38,34.24,50.85,20.52,94.32,0,No Failure,178.1,78.1
L,3.73,2.1,34.66,74.718,9.08,87.4,0,No Failure,163.2,72.8
H,4.49,2.41,34.7,41.47,17.26,90.9,0,No Failure,170.2,75.3
L,3.48,1.1,30.86,60.02,18.72,100.0,0,No Failure,122.4,58.3
M,4.04,1.7,34.68,49.08,11.47,94.95,0,No Failure,191.5,82.8
M,3.68,2.76,25.34,56.02,11.67,98.99,0,No Failure,110.7,54.2
L,3.8,2.58,33.3,46.49,22.33,92.37,0,No Failure,185.6,80.7
L,3.93,2.72,41.05,61.89,16.23,97.44,0,No Failure,128.7,60.6
L,3.75,2.13,29.79,41.4,15.79,94.64,0,No Failure,186.0,80.9
H,3.82,1.82,31.57,48.48,21.56,100.0,0,No Failure,199.1,85.5
L,3.57,1.9,29.16,37.64,15.25,94.7,0,No Failure,166.4,73.9
L,3.75,1.64,36.44,62.26,11.13,94.45,0,No Failure,170.0,75.2
H,3.95,1.64,32.31,50.48,25.54,92.66,0,No Failure,182.7,79.7
M,3.84,1.96,29.43,42.52,17.15,98.37,0,No Failure,187.5,81.4
H,4.03,2.4,32.58,42.24,15.99,91.56,0,No Failure,163.5,72.9
M,3.86,1.71,39.72,47.19,24.09,92.35,0,No Failure,189.3,82.1
H,3.91,1.56,34.34,37.98,16.56,91.04,0,No Failure,180.7,79.0
L,3.88,2.16,34.52,41.14,25.7,94.04,0,No Failure,188.1,81.6
H,3.88,1.71,40.84,49.71,21.86,89.87,0,No Failure,178.0,78.1
H,3.67,1.77,36.29,54.8,10.84,89.61,0,No Failure,164.4,73.2
M,3.64,2.54,30.32,49.11,16.02,93.11,0,No Failure,169.7,75.1
M,3.94,1.94,34.32,38.08,20.75,93.6,0,No Failure,194.8,84.0
H,3.98,1.96,40.23,56.51,26.53,96.61,0,No Failure,155.5,70.1
M,3.8,2.05,28.26,57.12,24.65,92.56,0,No Failure,166.9,74.1
H,3.58,1.82,38.71,47.41,7.01,94.32,0,No Failure,172.2,76.0
L,3.71,2.12,27.5,39.29,30.9,98.68,0,No Failure,130.6,61.2
L,3.7,2.56,27.65,50.49,17.83,95.12,0,No Failure,170.1,75.3
H,3.65,1.94,28.3,53.4,20.56,94.82,0,No Failure,182.9,79.8
L,3.61,1.62,40.77,39.38,13.6,90.15,0,No Failure,144.3,66.1
H,4.07,1.65,41.82,40.26,4.0,92.38,0,No Failure,123.3,58.7
M,3.45,1.33,32.6,39.88,18.17,97.84,0,No Failure,136.2,63.3
M,3.54,2.14,35.57,47.75,25.53,94.04,0,No Failure,180.4,78.9
L,4.11,2.0,35.74,56.77,22.25,91.95,0,No Failure,166.5,74.0
H,3.75,1.99,26.02,47.12,24.66,91.22,0,No Failure,170.2,75.3
L,3.82,1.28,30.69,38.18,23.42,94.2,0,No Failure,170.4,75.3
L,4.21,1.32,26.88,46.13,15.56,87.7,0,No Failure,122.3,58.3
H,4.34,1.86,35.63,46.15,12.47,93.17,0,No Failure,165.2,73.5
M,3.83,2.09,22.0,55.57,13.52,99.09,0,No Failure,141.5,65.1
L,4.02,1.96,42.5,47.8,20.27,93.31,0,No Failure,181.9,79.4
L,3.64,2.43,34.98,54.86,18.02,95.76,0,No Failure,179.1,78.4
L,3.68,2.29,30.7,39.46,4.0,93.24,0,No Failure,137.4,63.6
M,3.94,2.01,35.99,45.8,28.13,89.76,0,No Failure,170.8,75.5
M,3.5,2.25,36.64,50.41,10.48,94.42,0,No Failure,163.1,72.8
M,3.78,2.14,34.31,51.93,5.48,90.61,0,No Failure,168.2,74.6
L,3.58,1.94,36.09,47.15,20.65,91.55,0,No Failure,191.2,82.7
L,3.93,1.42,31.11,58.36,8.38,97.75,0,No Failure,141.8,65.2
M,3.95,1.62,38.67,58.48,16.94,89.77,0,No Failure,161.3,72.1
L,3.88,1.45,35.93,36.84,18.54,95.51,0,No Failure,186.9,81.2
L,4.02,1.74,36.93,54.72,14.52,88.96,0,No Failure,164.2,73.2
M,3.74,1.7,25.82,52.23,16.7,86.78,0,No Failure,155.5,70.1
H,3.89,1.68,37.97,54.03,14.4,96.53,0,No Failure,184.8,80.5
M,3.82,1.73,42.14,43.6,18.78,90.8,0,No Failure,185.8,80.8
H,3.49,2.24,32.7,28.36,24.18,99.82,0,No Failure,112.8,54.9
M,3.89,1.29,35.16,46.15,29.81,91.69,0,No Failure,166.5,74.0
M,3.7,2.1,29.26,65.55,17.65,99.94,0,No Failure,141.8,65.2
H,3.72,1.35,37.19,52.59,20.4,97.46,0,No Failure,177.4,77.8
H,4.11,1.79,52.103,55.26,18.49,94.88,0,No Failure,175.6,77.2
M,3.81,1.66,33.56,47.23,12.42,80.38,0,No Failure,162.9,72.7
L,3.7,1.9,40.46,21.245,18.01,92.93,0,No Failure,178.2,78.1
M,3.57,1.94,37.79,37.56,15.4,91.91,0,No Failure,163.7,73.0
L,3.75,2.0,39.02,51.87,10.37,98.71,0,No Failure,168.0,74.5
L,3.97,1.57,37.38,52.04,28.69,96.06,0,No Failure,166.0,73.8
H,3.84,1.54,35.49,47.05,23.37,95.66,0,No Failure,203.5,87.1
L,3.51,1.32,37.18,44.38,17.93,100.0,0,No Failure,153.5,69.4
M,4.1,1.82,36.97,40.59,20.57,94.17,0,No Failure,183.2,79.9
H,3.86,2.14,32.74,43.59,21.3,100.0,0,No Failure,181.4,79.2
M,4.14,1.49,30.54,51.31,18.73,94.9,0,No Failure,175.5,77.2
L,3.84,1.87,29.57,43.67,13.0,92.33,0,No Failure,189.3,82.0
M,3.91,1.7,32.5,37.36,4.33,96.98,0,No Failure,150.7,68.4
M,3.62,1.11,26.74,43.87,19.62,94.19,0,No Failure,155.6,70.1
H,3.67,1.58,36.42,46.25,24.47,95.87,0,No Failure,185.6,80.7
L,3.77,1.1,38.76,48.19,22.04,100.0,0,No Failure,162.0,72.4
M,3.82,1.76,25.11,43.77,5.74,94.88,0,No Failure,162.0,72.4
L,3.69,2.04,25.34,44.61,19.82,91.02,0,No Failure,166.5,74.0
L,3.87,2.01,43.3,45.9,25.63,100.0,0,No Failure,156.4,70.4
M,3.73,1.68,42.4,51.82,16.84,96.39,0,No Failure,179.2,78.5
L,3.94,2.14,36.55,47.18,16.37,94.09,0,No Failure,202.4,86.7
H,3.86,1.29,33.75,49.15,18.22,89.04,0,No Failure,188.7,81.8
H,4.02,2.18,38.71,44.64,17.35,99.64,0,No Failure,166.3,73.9
M,3.7,1.78,35.7,45.29,14.08,97.6,0,No Failure,193.7,83.6
M,3.94,2.37,31.71,44.4,12.12,96.66,0,No Failure,167.8,74.4
L,3.93,0.85,31.03,46.21,21.87,85.25,0,No Failure,133.2,62.2
H,4.16,1.01,28.79,41.72,21.93,93.53,0,No Failure,133.3,62.2
L,3.55,2.04,36.68,45.51,-4.089,91.66,0,No Failure,166.9,74.1
H,3.84,1.36,43.61,30.63,4.23,92.48,0,No Failure,107.8,53.2
H,3.88,2.18,29.9,35.65,8.89,91.51,0,No Failure,144.0,66.0
L,3.74,2.78,44.3,52.2,10.55,96.53,0,No Failure,128.1,60.4
L,3.93,1.24,29.31,47.9,26.65,98.74,0,No Failure,152.6,69.1
H,4.0,1.62,30.36,39.02,15.96,94.3,0,No Failure,175.2,77.1
M,3.82,2.34,28.85,48.91,28.95,100.0,0,No Failure,152.4,69.0
L,3.84,1.25,37.12,46.45,22.34,94.87,0,No Failure,191.6,82.9
L,4.04,1.44,36.21,54.94,14.45,94.18,0,No Failure,172.5,76.1
M,3.79,2.51,32.37,45.36,16.45,90.62,0,No Failure,179.5,78.6
M,4.05,2.2,34.28,45.89,13.01,94.71,0,No Failure,186.3,81.0
L,4.23,1.48,33.7,49.41,20.47,93.55,0,No Failure,175.1,77.0
L,3.76,1.94,34.46,58.23,28.33,98.75,0,No Failure,153.8,69.5
L,3.77,1.42,36.21,40.29,21.27,90.31,0,No Failure,173.9,76.6
L,4.12,2.41,34.57,37.71,19.57,99.05,0,No Failure,149.7,68.0
L,3.88,1.76,38.66,58.84,11.7,93.84,0,No Failure,174.4,76.8
H,3.75,1.67,31.32,44.78,21.76,100.0,0,No Failure,180.3,78.9
L,3.62,2.09,39.63,36.84,20.86,93.02,0,No Failure,160.5,71.8
L,3.92,2.45,33.34,31.54,18.27,92.89,0,No Failure,162.4,72.5
L,3.91,1.51,34.32,45.14,14.98,92.89,0,No Failure,196.6,84.6
M,3.6,2.29,35.98,41.29,14.26,90.79,0,No Failure,159.0,71.3
L,3.96,2.27,40.1,46.8,26.71,92.16,0,No Failure,160.0,71.7
M,3.91,1.47,31.18,39.33,21.17,95.37,0,No Failure,177.4,77.8
M,3.99,2.53,32.64,55.43,10.63,92.61,0,No Failure,149.1,67.8
L,3.76,1.66,28.44,38.11,21.12,86.69,0,No Failure,149.5,67.9
H,3.81,1.78,37.15,51.24,19.62,94.9,0,No Failure,216.6,91.7
L,3.92,1.5,32.12,57.34,23.37,93.85,0,No Failure,175.0,77.0
H,3.94,1.6,30.92,33.04,4.0,89.46,0,No Failure,119.6,57.4
M,3.82,2.14,38.21,28.72,29.3,94.58,0,No Failure,147.2,67.1
H,4.08,2.39,33.27,48.01,16.71,93.06,0,No Failure,182.3,79.6
L,3.77,1.31,38.31,46.26,30.46,95.89,0,No Failure,162.0,72.4
L,3.6,2.35,41.02,44.08,18.12,99.22,0,No Failure,152.1,68.9
L,3.83,2.46,31.19,66.36,13.6,92.78,0,No Failure,146.7,67.0
L,3.84,1.71,38.11,51.68,9.68,95.46,0,No Failure,186.4,81.0
M,3.64,1.59,39.95,50.03,12.46,100.0,0,No Failure,154.7,69.8
L,3.59,1.87,32.18,52.25,13.98,93.61,0,No Failure,187.3,81.3
L,3.94,1.76,31.68,48.53,22.46,97.39,0,No Failure,193.9,83.7
H,3.82,2.39,34.22,49.56,7.77,97.64,0,No Failure,175.2,77.0
H,4.12,2.04,32.46,52.06,28.43,92.49,1,Electrolyte Outgassing Swell,5.5,25.8
H,3.14,2.18,30.23,49.27,22.29,95.02,0,No Failure,196.8,84.7
L,3.92,2.41,37.61,49.34,14.01,90.25,0,No Failure,168.9,74.8
L,3.6,1.84,35.06,53.32,25.26,92.43,0,No Failure,181.7,79.4
H,3.87,1.9,27.27,36.06,11.66,91.4,0,No Failure,154.1,69.6
M,3.89,1.93,39.67,57.83,14.93,96.89,0,No Failure,173.8,76.6
L,3.82,1.84,33.19,44.38,13.92,100.0,0,No Failure,192.0,83.0
L,3.58,2.11,29.92,49.83,18.83,95.99,0,No Failure,183.1,79.9
M,4.21,1.74,27.58,48.07,35.7,98.1,1,Electrolyte Outgassing Swell,2.1,12.3
L,3.75,2.64,33.98,50.89,15.48,92.74,0,No Failure,181.0,79.1
H,3.82,2.56,34.71,53.13,14.21,85.04,1,SEI Layer High Impedance,5.7,24.6
L,3.57,1.11,34.92,50.14,8.28,94.86,0,No Failure,156.2,70.3
M,3.98,2.09,36.85,49.08,13.71,95.12,0,No Failure,191.8,82.9
H,3.99,2.57,35.18,36.02,22.49,93.4,0,No Failure,155.7,70.1
M,3.59,1.58,32.73,44.75,28.0,95.29,0,No Failure,168.8,74.8
M,3.85,1.99,31.75,51.05,17.58,92.99,0,No Failure,207.9,88.6
H,3.78,2.4,33.08,48.45,23.1,93.43,0,No Failure,194.0,83.7
M,3.74,1.88,37.09,48.13,12.13,87.27,0,No Failure,163.4,72.9
H,3.83,3.384,39.37,55.29,16.63,96.45,0,No Failure,182.8,79.7
H,3.9,1.13,37.38,36.59,27.53,92.5,0,No Failure,140.7,64.8
M,3.79,1.99,30.6,29.58,18.32,96.92,0,No Failure,170.3,75.3
H,3.91,2.13,43.58,48.6,29.51,93.55,0,No Failure,158.2,71.0
H,3.92,1.64,30.15,54.66,13.4,96.33,0,No Failure,174.4,76.8
L,3.88,1.4,27.43,42.05,15.37,100.0,0,No Failure,152.6,69.1
M,3.78,1.75,34.56,42.68,13.07,91.59,0,No Failure,190.6,82.5
L,3.94,1.89,31.96,53.55,14.11,99.54,0,No Failure,176.6,77.6
M,3.6,1.16,29.25,46.37,16.63,99.3,0,No Failure,150.2,68.2
H,3.8,1.8,38.26,46.36,16.47,91.31,0,No Failure,202.5,86.7
M,3.72,3.01,25.42,46.34,30.31,86.87,1,SEI Layer High Impedance,11.3,3.2
M,3.85,2.28,29.76,41.98,26.32,88.99,0,No Failure,151.4,68.6
L,3.87,1.55,29.75,45.84,8.74,98.07,0,No Failure,164.4,73.2
M,3.77,2.07,37.71,50.34,16.51,88.51,0,No Failure,183.2,79.9
L,3.93,1.99,34.46,32.55,5.46,89.73,0,No Failure,115.2,55.8
M,3.85,2.0,38.0,49.92,27.31,90.85,0,No Failure,179.3,78.5
L,3.73,2.4,40.07,47.88,30.57,89.11,0,No Failure,140.9,64.9
H,3.74,1.85,23.6,54.29,19.24,98.44,0,No Failure,166.1,73.8
L,3.61,2.0,27.66,55.52,23.24,100.0,0,No Failure,143.5,65.8
L,3.68,2.01,40.08,32.77,18.59,88.81,0,No Failure,148.3,67.5
M,3.62,1.4,30.66,58.32,12.08,92.23,0,No Failure,144.8,66.3
H,3.46,1.64,30.88,53.89,25.47,87.37,0,No Failure,130.2,61.1
H,3.84,1.97,25.26,49.41,17.01,94.35,0,No Failure,195.7,84.3
L,3.87,1.38,33.09,61.68,26.03,88.14,0,No Failure,140.4,64.7
H,3.78,2.41,38.97,40.11,13.77,93.92,0,No Failure,169.4,75.0
L,3.86,2.47,35.36,44.97,18.41,96.73,0,No Failure,172.6,76.1
L,3.53,2.26,24.51,46.02,12.7,100.0,0,No Failure,125.1,59.3
L,3.96,1.41,30.12,53.58,18.01,92.7,0,No Failure,175.8,77.2
M,3.71,1.8,29.48,42.08,19.86,94.78,0,No Failure,194.3,83.8
M,4.01,2.59,36.26,54.34,17.5,99.04,0,No Failure,155.4,70.0
L,3.64,1.97,36.85,59.31,24.39,90.95,0,No Failure,158.7,71.2
H,3.7,2.6,22.0,49.02,8.74,92.71,0,No Failure,125.3,59.4
H,3.84,1.83,28.14,47.91,26.06,96.72,0,No Failure,181.6,79.3
L,3.69,1.63,34.67,40.48,30.14,91.3,0,No Failure,161.4,72.2
L,3.88,2.44,33.14,45.39,10.33,91.13,0,No Failure,167.9,74.5
L,4.02,1.8,29.28,37.82,21.31,93.62,0,No Failure,170.4,75.3
M,3.73,2.41,35.75,49.64,15.96,90.05,0,No Failure,179.8,78.7
L,3.85,1.92,35.52,44.11,19.5,94.425,0,No Failure,219.4,92.7
L,3.98,1.54,36.83,47.99,19.35,93.79,0,No Failure,201.5,86.4
L,3.84,2.03,31.95,32.62,5.81,97.32,0,No Failure,146.4,66.8
M,3.74,1.92,32.83,31.61,16.53,94.98,0,No Failure,182.8,79.7
M,3.9,2.05,39.85,52.22,16.88,90.68,0,No Failure,179.1,78.4
H,3.66,1.32,26.33,47.6,17.94,91.25,0,No Failure,160.6,71.9
L,3.66,2.7,40.2,46.48,22.04,97.67,0,No Failure,150.0,68.1
M,3.8,1.36,34.4,38.13,12.63,94.25,0,No Failure,181.6,79.3
L,4.04,1.97,30.89,55.5,31.41,92.74,0,No Failure,147.9,67.4
H,3.65,1.43,40.86,40.82,8.99,97.75,0,No Failure,135.8,63.1
M,3.97,1.38,35.63,41.47,23.62,94.86,0,No Failure,176.5,77.5
L,4.49,2.58,38.71,68.66,23.08,80.78,1,SEI Layer High Impedance,8.3,2.5
L,3.34,1.3,38.28,49.81,20.49,90.41,0,No Failure,139.4,64.4
M,3.98,2.5,40.03,48.13,24.28,92.75,0,No Failure,143.7,65.9
L,4.2,2.19,40.58,49.54,13.92,89.38,0,No Failure,138.6,64.1
L,3.9,2.07,32.51,49.41,21.62,93.57,0,No Failure,203.6,87.1
M,3.52,1.68,35.01,46.31,12.0,97.54,0,No Failure,173.1,76.3
M,4.14,2.0,37.02,44.33,18.29,89.26,0,No Failure,169.7,75.1
M,3.82,1.67,39.1,47.18,21.15,90.39,0,No Failure,193.7,83.6
H,3.69,2.38,36.7,40.82,27.23,89.76,0,No Failure,145.2,66.4
H,3.93,1.87,38.92,41.25,20.66,91.33,0,No Failure,182.5,79.7
L,3.86,1.44,40.03,48.49,15.34,94.43,0,No Failure,192.8,83.3
L,3.86,1.56,39.23,26.9,13.7,97.55,0,No Failure,140.7,64.8
L,3.78,2.05,45.5,53.43,20.59,94.48,0,No Failure,175.7,77.2
H,4.0,2.29,36.28,46.1,18.26,89.35,0,No Failure,177.2,77.8
M,3.63,1.23,31.69,48.23,24.08,93.62,0,No Failure,172.2,76.0
M,3.52,2.09,28.68,38.66,17.59,98.13,0,No Failure,148.4,67.6
M,3.69,1.98,34.56,63.47,12.54,93.7,1,Thermal Exotherm Warning,2.1,18.5
L,4.12,2.46,28.28,45.46,28.35,91.09,1,Electrolyte Outgassing Swell,9.6,14.4
H,3.89,1.27,39.87,38.08,20.96,95.14,0,No Failure,163.8,73.0
H,3.7,2.02,31.11,57.33,18.49,94.22,0,No Failure,187.5,81.4
M,3.82,1.74,35.95,43.19,10.52,99.83,0,No Failure,179.4,78.5
L,3.89,1.44,33.68,55.32,26.82,94.19,0,No Failure,177.1,77.7
H,4.16,1.24,32.12,51.21,19.99,100.0,0,No Failure,147.3,67.2
H,4.13,1.43,36.33,29.65,21.08,95.43,0,No Failure,140.6,64.8
M,3.93,2.67,35.28,45.13,16.75,92.18,0,No Failure,177.0,77.7
L,3.64,1.78,35.71,45.39,30.95,100.0,0,No Failure,158.2,71.0
M,4.01,1.63,32.97,49.27,12.26,97.68,0,No Failure,178.6,78.2
M,3.77,1.94,33.74,41.46,25.86,92.44,0,No Failure,189.1,82.0
M,3.65,2.01,35.09,40.64,21.41,91.65,0,No Failure,182.8,79.7
L,3.66,2.16,35.42,49.16,19.59,95.31,0,No Failure,202.9,86.8
L,4.07,1.66,36.99,49.67,27.87,99.94,1,Electrolyte Outgassing Swell,6.0,24.4
H,3.83,1.65,40.08,40.21,17.55,87.99,0,No Failure,169.1,74.9
M,4.05,1.37,35.83,37.99,24.7,99.06,0,No Failure,141.6,65.2
L,4.16,1.36,35.03,49.32,25.54,97.64,0,No Failure,156.5,70.4
L,3.7,2.04,37.62,31.83,17.52,93.49,0,No Failure,171.2,75.6
M,3.96,1.78,37.65,48.4,19.96,94.51,0,No Failure,209.6,89.2
H,3.91,1.26,37.52,45.7,17.98,93.81,0,No Failure,190.2,82.4
L,3.93,0.95,32.77,47.88,27.09,89.91,0,No Failure,145.3,66.4
L,3.77,1.82,37.95,50.18,17.7,90.62,0,No Failure,200.9,86.2
L,3.69,1.35,25.19,52.16,10.89,93.21,0,No Failure,144.7,66.3
L,4.0,2.35,34.3,48.91,13.21,100.0,0,No Failure,168.1,74.5
M,3.79,1.28,37.77,46.59,15.91,93.63,0,No Failure,191.5,82.8
L,3.71,1.96,26.23,55.42,22.59,93.42,0,No Failure,167.7,74.4
L,4.1,1.24,33.07,39.29,24.67,93.64,0,No Failure,148.9,67.8
L,3.87,1.96,32.08,58.61,4.0,100.0,0,No Failure,142.4,65.4
L,3.61,1.94,40.48,43.03,14.22,91.67,0,No Failure,165.9,73.7
M,3.75,1.72,36.41,47.79,16.58,94.94,0,No Failure,215.3,91.3
L,4.49,1.43,32.81,46.52,11.6,90.0,0,No Failure,161.8,72.3
L,3.8,2.05,28.66,50.47,23.95,94.34,0,No Failure,191.4,82.8
M,3.69,1.78,37.79,50.4,12.65,87.63,0,No Failure,169.0,74.8
H,3.86,1.71,35.39,56.23,10.91,89.58,0,No Failure,171.7,75.8
M,3.53,0.88,30.4,50.94,14.75,91.6,0,No Failure,137.0,63.5
M,3.82,2.46,37.01,52.26,23.87,97.27,0,No Failure,174.4,76.8
M,4.02,1.71,29.71,58.48,22.25,88.07,0,No Failure,144.2,66.1
M,3.7,1.45,36.49,49.19,12.65,95.7,0,No Failure,185.1,80.6
M,3.54,1.27,29.49,38.05,9.49,91.34,0,No Failure,119.5,57.3
H,3.65,2.11,33.07,49.06,18.86,99.85,0,No Failure,186.3,81.0
H,3.63,2.01,32.79,38.87,27.01,97.78,0,No Failure,157.5,70.8
L,3.45,1.24,28.32,40.48,19.31,78.944,0,No Failure,142.9,65.6
M,3.77,0.86,44.42,48.13,9.16,97.64,0,No Failure,128.4,60.5
H,4.18,1.83,22.0,35.29,18.55,108.0,0,No Failure,127.4,60.1
L,4.29,2.75,29.72,45.6,25.86,87.08,1,SEI Layer High Impedance,11.5,3.8
M,3.97,1.91,34.75,42.74,16.23,89.8,0,No Failure,188.6,81.8
L,3.95,1.53,34.07,52.93,31.88,92.26,0,No Failure,161.7,72.3
L,3.89,2.18,42.3,35.42,19.64,95.13,0,No Failure,162.9,72.7
M,3.67,1.7,40.93,52.06,16.92,97.89,0,No Failure,174.2,76.7
L,3.87,1.67,34.56,52.32,16.67,96.04,0,No Failure,208.8,88.9
H,3.92,1.11,38.24,45.34,18.59,90.54,0,No Failure,169.5,75.0
L,3.92,2.8,43.45,50.66,19.48,97.09,0,No Failure,146.5,66.9
H,3.72,2.32,41.87,56.02,15.75,91.65,1,Thermal Exotherm Warning,12.3,24.3
M,3.73,1.98,32.8,48.71,21.44,95.51,0,No Failure,208.5,88.8
H,3.86,1.9,38.04,49.62,19.17,98.61,0,No Failure,201.9,86.5
H,3.39,1.34,25.14,48.33,16.77,86.83,0,No Failure,116.5,56.3
M,3.8,1.45,22.0,45.93,15.38,89.03,0,No Failure,148.1,67.5
M,3.91,1.55,46.12,56.55,17.91,82.71,1,Thermal Exotherm Warning,6.7,11.6
L,3.93,1.96,30.61,49.99,19.52,94.41,0,No Failure,206.1,88.0
H,3.82,1.47,38.34,54.43,9.3,97.57,0,No Failure,163.3,72.8
L,3.77,1.93,28.19,55.26,12.02,94.15,0,No Failure,178.0,78.0
L,3.81,2.08,41.56,37.82,19.67,95.05,0,No Failure,180.3,78.9
M,3.81,2.25,38.71,43.96,16.12,100.0,0,No Failure,174.4,76.8
M,4.07,1.79,29.55,50.45,26.18,89.1,0,No Failure,153.5,69.4
M,3.7,1.69,31.33,53.87,15.05,98.59,0,No Failure,176.1,77.4
M,4.13,2.41,43.97,54.37,26.68,91.17,0,No Failure,111.9,54.6
M,3.44,2.12,33.3,47.23,6.92,90.0,0,No Failure,143.0,65.6
L,4.01,1.85,31.8,55.34,11.42,88.72,0,No Failure,157.9,70.9
H,3.79,1.28,44.26,46.95,16.77,90.92,0,No Failure,163.2,72.8
H,3.39,1.89,35.57,54.46,16.25,97.45,0,No Failure,165.3,73.5
M,3.69,2.05,37.0,44.81,31.26,89.53,0,No Failure,153.9,69.5
M,3.66,1.87,37.4,42.01,18.39,95.37,0,No Failure,199.1,85.5
L,3.71,1.72,33.33,47.44,30.45,97.84,0,No Failure,176.9,77.6
L,3.55,2.7,29.19,48.57,16.63,94.31,0,No Failure,159.0,71.3
L,3.71,1.48,26.79,42.98,17.64,91.73,0,No Failure,167.0,74.1
H,3.62,1.09,27.42,42.44,18.04,92.09,0,No Failure,147.3,67.2
H,3.66,1.7,37.23,55.61,30.57,100.0,0,No Failure,142.7,65.5
H,3.54,1.82,38.29,49.79,21.33,107.54,0,No Failure,167.8,74.4
L,3.82,1.96,34.82,47.88,25.39,90.88,0,No Failure,181.7,79.4
L,3.92,1.23,35.35,43.41,20.43,85.11,0,No Failure,154.3,69.7
L,3.6,2.12,32.0,55.51,18.68,95.89,0,No Failure,180.2,78.8
L,3.89,1.39,38.04,21.245,11.57,89.03,0,No Failure,147.4,67.2
H,3.72,1.92,33.52,41.02,21.55,95.0,0,No Failure,201.1,86.2
M,3.86,2.44,37.9,34.77,22.47,96.25,0,No Failure,157.1,70.6
M,3.82,2.72,32.25,44.54,23.57,93.23,0,No Failure,173.7,76.5
L,3.79,1.04,37.63,54.14,15.56,90.71,0,No Failure,161.3,72.1
L,3.51,1.32,44.68,54.21,13.4,92.11,0,No Failure,122.8,58.5
M,3.61,1.54,33.96,54.03,28.82,98.28,0,No Failure,154.1,69.6
L,3.6,1.28,36.13,42.19,23.83,95.79,0,No Failure,162.4,72.5
M,3.81,1.87,37.12,56.69,9.96,91.13,0,No Failure,176.6,77.6
L,3.82,2.2,30.17,47.25,23.55,99.04,0,No Failure,173.5,76.4
M,3.84,2.41,34.55,49.35,17.63,90.15,0,No Failure,194.4,83.9
L,3.6,1.72,33.54,59.66,11.56,93.43,0,No Failure,165.4,73.6
L,3.63,2.2,35.6,43.52,21.63,92.79,0,No Failure,181.8,79.4
H,3.97,2.37,33.05,65.18,22.44,96.9,0,No Failure,146.0,66.7
L,3.88,1.36,37.8,53.24,17.74,98.61,0,No Failure,176.2,77.4
L,3.64,1.61,35.27,55.42,15.22,90.38,0,No Failure,172.7,76.2
L,3.9,1.84,31.65,57.75,10.94,91.73,0,No Failure,172.1,75.9
L,3.84,1.55,33.19,55.8,18.97,94.44,0,No Failure,204.5,87.4
M,3.89,1.46,36.83,52.74,25.05,97.69,0,No Failure,172.0,75.9
L,3.95,2.66,37.67,45.67,23.06,93.67,0,No Failure,167.5,74.3
L,3.76,2.04,30.74,33.85,12.5,98.18,0,No Failure,154.7,69.8
L,3.91,1.66,40.17,51.08,18.41,98.05,0,No Failure,162.9,72.7
L,3.62,1.74,37.37,59.09,22.94,88.45,0,No Failure,150.8,68.4
L,3.91,1.59,28.88,43.46,21.33,96.68,0,No Failure,178.4,78.2
L,4.03,1.4,25.04,47.88,17.8,97.75,0,No Failure,137.8,63.8
L,3.45,2.36,40.47,47.1,12.97,94.51,0,No Failure,151.2,68.5
L,3.81,1.49,33.45,49.8,18.67,99.31,0,No Failure,199.7,85.7
M,3.85,2.36,28.16,47.13,25.62,91.27,0,No Failure,164.5,73.2
L,3.79,1.58,33.57,74.718,27.67,94.48,0,No Failure,184.7,80.4
M,3.14,1.1,40.44,44.35,11.93,91.97,0,No Failure,147.4,67.2
L,3.62,1.61,32.24,28.74,14.57,100.0,0,No Failure,133.3,62.2
L,3.66,2.1,38.27,60.77,17.64,89.6,0,No Failure,155.8,70.2
L,3.89,1.81,34.69,43.56,14.71,89.96,0,No Failure,195.4,84.2
H,3.76,2.49,36.06,54.12,22.64,95.17,0,No Failure,178.6,78.3
H,3.99,2.31,35.67,51.63,18.42,95.01,0,No Failure,193.9,83.7
L,3.51,1.24,36.43,37.42,18.9,91.85,0,No Failure,149.1,67.8
L,3.85,1.83,30.41,40.02,32.54,100.0,0,No Failure,148.5,67.6
M,4.01,1.12,36.34,48.78,6.12,93.5,0,No Failure,151.4,68.6
L,4.1,1.8,37.42,42.29,17.27,96.46,0,No Failure,180.5,78.9
M,3.56,1.85,34.03,48.27,15.13,100.0,0,No Failure,185.1,80.6
H,3.66,1.28,38.34,21.245,16.99,90.74,0,No Failure,171.5,75.8
M,3.86,2.24,36.13,46.53,15.9,100.0,0,No Failure,185.5,80.7
M,3.91,2.34,33.5,39.0,25.74,94.08,0,No Failure,170.9,75.5
M,3.62,2.05,39.61,39.2,9.23,92.72,0,No Failure,148.5,67.6
M,3.87,2.29,31.81,54.1,30.12,94.31,0,No Failure,165.9,73.8
H,3.46,0.99,33.29,58.76,17.86,95.98,0,No Failure,141.1,65.0
L,3.91,1.72,35.89,42.95,17.28,93.99,0,No Failure,206.6,88.2
L,4.09,1.1,34.27,51.72,19.81,100.0,0,No Failure,153.9,69.5
L,3.79,1.44,30.14,49.03,24.57,93.24,0,No Failure,184.2,80.2
H,3.76,1.99,39.3,74.718,24.68,91.58,0,No Failure,177.0,77.7
L,3.82,1.72,27.07,46.23,11.5,92.66,0,No Failure,179.5,78.6
L,3.78,1.61,34.68,58.99,19.43,92.65,0,No Failure,193.3,83.5
L,3.5,1.95,34.99,41.31,13.75,85.9,0,No Failure,146.9,67.0
L,3.54,3.384,37.2,48.78,15.33,92.29,0,No Failure,177.5,77.8
L,4.49,1.88,33.61,52.73,8.36,90.55,0,No Failure,182.6,79.7
L,3.93,1.63,25.85,52.12,14.14,94.425,0,No Failure,156.5,70.4
M,3.58,1.42,34.92,53.58,17.33,100.0,0,No Failure,164.9,73.4
M,4.01,1.22,28.56,52.94,14.82,99.83,0,No Failure,139.1,64.3
M,3.89,2.27,41.82,54.62,18.17,92.05,0,No Failure,168.8,74.8
L,3.49,1.51,30.23,36.47,18.37,97.41,0,No Failure,147.6,67.3
L,3.73,1.6,24.79,41.47,11.31,98.14,0,No Failure,143.2,65.7
L,3.62,2.12,32.76,54.04,18.4,92.83,0,No Failure,186.5,81.1
M,3.98,1.81,33.04,45.71,22.73,97.11,0,No Failure,193.9,83.7
M,3.87,1.46,28.69,52.67,24.12,100.0,0,No Failure,155.4,70.1
M,3.49,1.15,41.02,44.95,14.93,88.88,0,No Failure,124.9,59.2
M,3.6,1.51,33.44,55.74,22.46,97.52,0,No Failure,165.4,73.6
L,3.7,1.56,37.16,45.62,24.39,90.58,0,No Failure,174.5,76.8
L,3.92,1.5,34.02,50.16,27.67,98.97,0,No Failure,171.2,75.6
M,3.83,2.01,35.27,51.03,15.78,95.53,0,No Failure,213.5,90.6
M,3.74,1.1,28.66,48.38,14.17,94.48,0,No Failure,172.4,76.0
L,3.65,1.02,41.34,59.4,22.98,97.65,0,No Failure,122.8,58.5
H,4.19,2.14,27.66,47.57,22.36,96.43,0,No Failure,154.8,69.8
L,3.67,2.11,37.35,48.46,19.88,99.61,0,No Failure,183.5,80.0
L,3.87,1.81,26.65,37.57,12.95,92.28,0,No Failure,162.6,72.6
H,3.8,1.72,32.49,49.34,24.86,96.99,0,No Failure,198.2,85.2
L,4.07,2.49,29.47,57.61,14.03,97.96,0,No Failure,131.5,61.6
L,3.65,1.72,42.44,32.16,19.75,85.3,0,No Failure,121.8,58.1
L,3.93,1.5,35.75,49.4,19.93,96.04,0,No Failure,200.1,85.9
L,3.14,2.37,34.68,60.54,16.28,96.26,0,No Failure,172.3,76.0
L,3.92,1.59,29.68,63.03,18.12,100.0,0,No Failure,151.2,68.6
L,3.98,1.23,28.29,42.56,14.98,87.81,0,No Failure,135.9,63.1
L,3.85,2.44,29.85,46.54,22.68,95.15,0,No Failure,182.7,79.7
M,3.82,1.79,49.49,74.718,17.11,90.79,0,No Failure,186.6,81.1
M,3.95,1.99,35.74,50.66,24.9,96.6,0,No Failure,188.5,81.8
L,3.84,1.36,37.72,61.73,23.51,97.47,0,No Failure,154.8,69.8
M,3.86,1.93,41.88,44.68,16.69,94.73,0,No Failure,196.0,84.4
M,3.9,1.53,34.08,44.15,22.8,92.28,0,No Failure,191.3,82.7
L,3.82,2.06,32.21,45.81,27.95,97.42,0,No Failure,179.0,78.4
L,3.8,1.34,34.91,55.73,23.18,93.03,0,No Failure,183.5,80.0
H,3.67,2.53,42.06,51.89,18.26,96.58,0,No Failure,158.9,71.3
M,3.89,1.89,37.64,48.99,21.1,97.92,0,No Failure,200.2,85.9
H,3.61,1.47,41.94,51.69,15.8,94.42,0,No Failure,167.1,74.2
H,3.82,2.67,34.95,21.245,11.53,109.886,0,No Failure,185.8,80.8
M,3.75,2.04,28.1,45.66,13.97,91.49,0,No Failure,177.5,77.9
H,3.9,1.65,42.12,47.6,14.16,91.26,1,Thermal Exotherm Warning,7.2,22.2
L,3.79,1.8,40.68,48.51,12.0,90.51,0,No Failure,181.6,79.3
M,3.9,2.68,36.05,53.1,13.63,91.16,0,No Failure,159.7,71.6
M,3.89,2.09,40.26,49.62,24.51,100.0,0,No Failure,165.0,73.5
H,4.03,1.32,31.99,43.39,23.06,89.35,0,No Failure,151.1,68.5
H,3.87,1.45,36.36,51.77,20.78,94.09,0,No Failure,198.6,85.3
L,3.98,2.36,34.38,44.52,18.4,97.12,0,No Failure,188.4,81.7
M,3.57,2.18,36.54,54.43,16.83,97.42,0,No Failure,169.7,75.1
L,3.82,1.45,29.11,52.44,17.05,90.03,0,No Failure,162.5,72.6
L,3.85,1.76,30.47,37.82,7.16,90.97,0,No Failure,155.8,70.2
M,3.76,2.25,33.11,45.2,18.92,95.93,0,No Failure,202.5,86.7
L,3.73,2.33,35.3,22.14,28.16,93.99,0,No Failure,170.9,75.5
H,4.06,2.54,35.3,37.36,15.68,96.43,0,No Failure,152.2,68.9
M,3.69,1.12,36.61,53.19,21.12,94.19,0,No Failure,174.5,76.8
L,3.56,3.384,37.95,44.84,16.62,93.7,0,No Failure,182.2,79.5
L,3.54,1.63,40.11,54.12,21.84,99.71,0,No Failure,146.2,66.8
L,3.9,1.67,43.12,57.16,20.17,96.36,1,Thermal Exotherm Warning,11.9,28.8
H,3.67,1.93,33.68,42.05,12.71,99.95,0,No Failure,172.8,76.2
L,4.07,1.99,43.05,51.66,18.86,95.64,0,No Failure,171.2,75.6
L,3.99,1.64,26.59,52.9,32.66,90.27,0,No Failure,127.6,60.2
L,3.88,2.05,31.72,48.05,23.94,99.47,0,No Failure,184.5,80.3
M,3.5,2.8,33.17,45.29,14.71,95.27,0,No Failure,152.2,68.9
L,3.73,1.79,52.103,58.38,21.15,93.91,0,No Failure,184.5,80.3
M,3.97,1.85,29.4,53.75,12.2,89.77,0,No Failure,162.7,72.6
H,3.75,1.67,38.94,49.31,15.66,89.94,0,No Failure,184.3,80.3
M,3.74,2.35,28.38,45.26,14.38,94.47,0,No Failure,176.7,77.6
L,3.73,1.92,30.87,26.64,10.98,95.26,0,No Failure,149.6,68.0
L,3.38,1.79,32.45,51.56,13.47,97.4,0,No Failure,160.2,71.7
M,3.76,2.15,29.38,30.54,8.72,100.0,0,No Failure,122.6,58.4
L,3.69,1.57,26.82,45.39,21.84,93.12,0,No Failure,172.9,76.2
L,3.5,1.97,33.84,57.15,20.11,80.92,0,No Failure,133.1,62.2
L,3.98,1.12,34.46,54.44,27.71,91.4,0,No Failure,145.7,66.6
H,3.97,2.06,40.34,33.06,20.29,97.49,0,No Failure,151.0,68.5
M,3.44,1.2,30.68,35.26,21.72,100.0,0,No Failure,111.7,54.6
L,3.96,2.57,40.1,55.29,7.6,89.44,1,SEI Layer High Impedance,5.1,12.0
H,3.71,2.25,28.18,48.8,21.34,91.93,0,No Failure,174.6,76.8
L,3.94,1.6,22.88,46.63,11.87,100.0,0,No Failure,139.5,64.4
L,3.82,1.3,28.21,60.3,29.39,92.81,0,No Failure,112.5,54.8
L,3.65,2.38,32.26,43.94,19.17,97.37,0,No Failure,175.9,77.3
M,3.64,1.98,35.56,37.4,20.65,98.27,0,No Failure,173.0,76.3
L,3.76,1.97,28.62,51.0,22.54,93.21,0,No Failure,188.7,81.8
H,4.0,2.49,33.3,58.25,18.02,90.55,0,No Failure,157.4,70.8
L,3.85,1.85,34.81,44.88,18.63,96.28,0,No Failure,222.8,93.9
H,3.64,1.63,35.38,43.18,13.37,89.64,0,No Failure,170.5,75.4
M,4.07,1.59,40.36,45.48,13.87,99.24,0,No Failure,153.0,69.2
L,3.64,2.18,37.57,55.89,6.85,94.78,0,No Failure,153.7,69.4
H,3.89,2.56,29.9,49.3,17.26,93.57,0,No Failure,182.2,79.5
L,4.0,1.96,32.46,47.62,18.3,93.3,0,No Failure,207.2,88.4
L,3.96,1.42,45.04,57.66,21.48,99.09,1,Thermal Exotherm Warning,2.2,16.1
M,4.19,1.42,30.79,46.05,7.5,95.17,0,No Failure,143.5,65.8
M,3.83,1.87,41.81,56.62,32.18,98.11,1,Thermal Exotherm Warning,7.7,22.0
H,3.58,1.33,37.06,34.69,16.97,97.28,0,No Failure,147.6,67.3
L,3.76,1.51,36.6,53.42,20.07,97.68,0,No Failure,187.2,81.3
H,3.76,2.05,30.61,41.14,25.62,91.51,0,No Failure,169.6,75.1
M,3.7,1.73,38.93,56.88,18.53,100.0,0,No Failure,170.4,75.4
L,3.83,2.6,38.65,58.6,18.71,91.42,0,No Failure,152.3,68.9
L,3.74,1.27,40.86,42.72,17.36,95.62,0,No Failure,171.7,75.8
L,3.77,1.92,32.78,49.06,15.09,100.0,0,No Failure,194.9,84.0
L,3.81,1.73,28.71,41.01,28.13,89.54,0,No Failure,156.6,70.4
M,3.55,2.22,39.71,54.18,26.28,100.0,0,No Failure,130.3,61.2
L,3.55,1.58,32.44,35.37,20.03,97.72,0,No Failure,155.4,70.0
M,3.7,2.06,37.94,48.39,6.41,97.1,0,No Failure,167.8,74.4
M,3.42,1.5,36.63,46.55,9.79,93.89,0,No Failure,156.3,70.4
H,3.42,2.15,33.67,43.53,20.43,96.32,0,No Failure,168.5,74.7
M,3.84,1.65,32.29,36.54,15.76,94.97,0,No Failure,190.3,82.4
L,4.01,1.23,34.46,48.35,23.78,95.39,0,No Failure,181.4,79.2
M,3.79,2.06,29.27,46.88,13.84,88.93,0,No Failure,176.0,77.3
L,3.78,1.96,33.02,47.88,14.23,95.88,0,No Failure,206.3,88.1
L,3.62,1.91,32.14,52.35,27.04,97.72,0,No Failure,168.8,74.8
L,3.84,1.65,37.53,53.93,13.59,94.12,0,No Failure,193.4,83.5
M,3.98,1.9,38.12,47.62,18.17,98.44,0,No Failure,179.3,78.5
M,3.57,1.62,33.31,49.18,19.54,99.3,0,No Failure,181.8,79.4
L,4.03,1.54,46.32,25.79,16.56,93.31,0,No Failure,112.8,55.0
M,3.75,1.8,42.08,44.11,32.92,96.99,0,No Failure,152.0,68.8
H,3.99,2.11,32.36,45.71,15.3,94.99,0,No Failure,192.8,83.3
M,3.6,1.88,35.03,49.44,15.58,89.38,0,No Failure,187.7,81.5
H,3.73,1.83,35.81,61.07,17.07,89.51,0,No Failure,170.5,75.4
L,3.88,1.53,31.42,49.0,15.76,93.46,0,No Failure,199.3,85.6
L,3.61,2.38,34.27,41.1,25.47,96.59,0,No Failure,159.5,71.5
L,4.18,1.79,41.45,60.22,10.83,97.8,0,No Failure,123.8,58.8
L,3.73,1.69,36.35,55.82,10.91,95.01,0,No Failure,181.0,79.1
M,4.23,1.38,38.6,40.6,14.43,89.79,0,No Failure,127.7,60.2
H,4.04,1.43,33.74,74.718,19.63,98.38,0,No Failure,172.3,76.0
H,3.91,1.55,41.22,54.57,19.21,89.88,0,No Failure,164.4,73.2
H,3.74,0.98,33.7,45.48,22.96,95.02,0,No Failure,177.9,78.0
H,3.86,1.89,38.89,55.27,26.16,92.02,0,No Failure,175.7,77.2
L,4.12,2.1,36.32,44.39,24.02,94.23,0,No Failure,175.0,77.0
L,3.82,0.99,35.75,49.73,19.82,98.94,0,No Failure,178.7,78.3
H,4.06,2.57,41.21,48.44,22.8,100.0,0,No Failure,135.9,63.1
L,3.84,1.09,39.97,40.42,6.72,96.0,0,No Failure,138.6,64.1
M,3.59,1.74,52.103,56.71,22.35,98.01,0,No Failure,169.2,74.9
H,3.98,0.98,42.04,51.12,11.69,93.55,0,No Failure,139.4,64.4
L,3.88,0.97,34.16,47.88,25.61,94.58,0,No Failure,163.1,72.8
L,3.71,1.25,35.14,44.37,23.22,92.89,0,No Failure,179.4,78.5
H,3.14,1.34,32.06,34.85,22.4,91.84,0,No Failure,138.5,64.0
H,3.73,1.51,32.99,51.1,15.27,96.27,0,No Failure,191.7,82.9
M,4.0,3.11,28.29,47.26,23.76,96.9,0,No Failure,130.7,61.3
L,3.6,2.3,36.44,55.13,33.54,100.0,0,No Failure,122.1,58.2
L,3.76,1.38,25.83,44.21,28.98,97.09,0,No Failure,142.9,65.6
M,3.77,1.8,16.854,52.22,8.13,94.88,0,No Failure,176.0,77.3
L,3.6,2.68,33.73,57.53,20.56,88.82,1,SEI Layer High Impedance,11.8,19.3
L,3.94,1.46,32.27,45.58,16.49,94.31,0,No Failure,196.2,84.5
M,4.49,1.59,25.08,28.89,7.28,99.92,0,No Failure,82.5,44.2
H,3.59,2.17,24.59,34.62,16.4,93.89,0,No Failure,137.8,63.8
L,3.72,1.63,30.6,43.65,13.24,96.62,0,No Failure,178.3,78.1
L,3.8,1.81,41.99,54.38,14.68,91.86,0,No Failure,178.4,78.2
L,3.7,1.67,37.84,47.45,18.81,90.82,0,No Failure,195.5,84.2
M,3.71,2.19,37.41,49.73,19.7,97.54,0,No Failure,189.3,82.1
M,3.74,1.59,24.93,56.06,8.84,87.49,0,No Failure,121.8,58.1
L,3.83,1.69,28.86,54.22,19.58,94.65,0,No Failure,197.9,85.1
L,3.89,2.19,30.29,44.7,13.03,94.47,0,No Failure,185.9,80.8
M,3.67,1.91,33.67,42.99,21.61,96.46,0,No Failure,195.8,84.4
L,3.68,2.14,26.49,28.53,15.41,98.42,0,No Failure,125.0,59.3
L,3.71,2.39,40.64,49.94,13.81,92.08,0,No Failure,164.0,73.1
L,3.89,1.33,52.103,40.42,19.94,95.11,0,No Failure,182.0,79.5
H,3.71,2.23,29.39,52.09,10.0,94.32,0,No Failure,167.0,74.1
H,3.49,1.99,33.31,42.88,20.68,88.23,0,No Failure,160.8,71.9
L,3.8,2.08,36.25,38.09,5.44,92.35,0,No Failure,160.8,71.9
L,3.78,1.31,28.97,49.92,10.11,96.05,0,No Failure,166.1,73.8
M,4.01,1.54,37.46,49.5,15.45,92.2,0,No Failure,181.8,79.4
L,3.82,1.76,29.74,30.82,17.47,97.92,0,No Failure,158.7,71.2
H,3.78,2.13,33.3,47.95,8.4,97.93,0,No Failure,182.2,79.5
L,3.85,1.79,28.45,52.74,8.02,98.42,0,No Failure,163.2,72.8
L,3.71,1.99,31.06,39.58,17.63,100.0,0,No Failure,172.4,76.0
M,4.11,1.44,31.51,39.98,14.52,88.35,0,No Failure,137.7,63.8
H,3.67,1.87,32.51,49.83,24.95,94.06,0,No Failure,197.1,84.8
L,3.79,2.14,31.95,39.91,16.63,100.0,0,No Failure,174.3,76.7
L,3.99,1.65,33.45,41.66,24.44,100.0,0,No Failure,164.0,73.1
L,3.65,2.31,33.93,41.81,20.82,92.03,0,No Failure,176.7,77.6
M,3.73,1.53,33.82,48.13,20.96,94.85,0,No Failure,200.7,86.1
M,3.62,1.77,36.33,51.44,25.3,94.87,0,No Failure,186.8,81.2
M,3.6,1.88,39.53,60.88,17.76,78.944,0,No Failure,167.8,74.4
L,3.49,2.14,29.61,53.1,9.57,94.29,0,No Failure,148.7,67.7
M,3.85,2.31,25.73,48.32,29.15,94.58,0,No Failure,160.5,71.8
L,3.68,2.06,25.76,32.93,26.0,93.57,0,No Failure,135.6,63.0
M,3.81,1.87,29.99,43.03,25.58,95.43,0,No Failure,191.1,82.7
L,3.72,1.92,37.5,47.46,9.86,91.36,0,No Failure,183.3,79.9
H,3.58,1.29,31.99,53.3,20.73,90.52,0,No Failure,156.6,70.5
H,3.62,2.04,40.68,56.15,21.04,97.14,0,No Failure,160.5,71.9
L,3.75,1.27,35.05,39.78,27.98,89.13,0,No Failure,147.1,67.1
L,3.98,1.69,36.76,35.64,17.57,94.66,0,No Failure,182.4,79.6
H,3.86,2.07,30.76,42.33,17.44,94.54,0,No Failure,200.9,86.1
M,3.65,1.98,22.0,37.02,20.66,95.36,0,No Failure,145.7,66.6
M,3.81,2.34,29.38,45.88,22.36,96.68,0,No Failure,180.2,78.8
H,4.0,1.51,32.99,56.46,11.68,95.87,0,No Failure,164.8,73.4
L,4.14,2.24,30.97,50.44,15.17,88.49,0,No Failure,147.7,67.3
L,3.84,1.35,37.04,39.12,15.41,100.0,0,No Failure,163.4,72.9
M,3.81,1.62,31.14,49.24,13.55,85.1,0,No Failure,167.7,74.4
H,4.1,1.75,33.91,51.27,14.83,100.0,0,No Failure,171.6,75.8
H,3.69,1.69,35.5,35.06,28.28,96.19,0,No Failure,159.4,71.5
L,3.73,2.2,25.15,53.54,26.26,92.84,0,No Failure,149.3,67.9
L,3.55,1.93,41.66,63.66,16.62,92.2,1,Thermal Exotherm Warning,12.6,20.3
L,3.92,1.59,32.68,63.04,24.52,89.84,0,No Failure,149.4,67.9
M,3.14,1.73,37.46,46.1,15.94,99.31,0,No Failure,192.9,83.3
M,3.89,1.96,33.06,53.55,14.37,94.32,0,No Failure,201.7,86.4
L,3.85,1.78,34.92,55.76,13.72,89.46,0,No Failure,185.6,80.7
H,3.98,1.93,24.04,55.37,12.29,92.81,0,No Failure,150.3,68.2
H,3.79,1.26,31.52,52.73,-4.089,89.97,0,No Failure,159.9,71.6
L,3.89,1.75,30.54,49.46,8.59,97.76,0,No Failure,175.1,77.0
M,4.49,2.28,33.89,57.36,4.0,96.83,0,No Failure,142.5,65.5
M,3.82,2.04,37.06,53.17,40.649,95.85,0,No Failure,198.9,85.5
L,3.15,1.78,25.68,48.74,22.21,78.944,0,No Failure,130.5,61.2
M,3.67,1.98,31.02,55.17,9.1,93.85,0,No Failure,168.0,74.5
L,4.03,2.5,40.79,48.92,23.19,96.61,0,No Failure,153.5,69.4
L,3.87,1.52,34.82,63.81,22.44,93.98,0,No Failure,175.7,77.2
H,3.95,1.94,33.68,51.29,22.09,85.59,0,No Failure,172.1,75.9
L,3.85,1.37,35.24,39.31,22.57,87.61,0,No Failure,161.7,72.3
M,3.62,0.95,37.53,42.2,11.51,78.944,0,No Failure,138.8,64.1
H,4.12,1.82,32.96,34.34,25.22,96.16,0,No Failure,154.8,69.8
M,3.78,2.31,32.75,47.83,23.98,87.73,0,No Failure,173.4,76.4
L,3.81,0.98,33.92,47.88,11.44,98.11,0,No Failure,148.7,67.7
H,3.84,1.82,32.09,69.91,15.07,99.4,0,No Failure,154.3,69.7
L,3.65,1.9,36.46,47.02,12.82,96.2,0,No Failure,192.8,83.3
M,3.77,1.75,30.96,42.51,16.14,98.15,0,No Failure,188.6,81.8
L,3.93,2.38,32.41,48.44,17.26,97.42,0,No Failure,188.1,81.6
L,3.8,2.41,32.76,74.718,10.89,89.77,0,No Failure,165.7,73.7
M,3.71,1.92,41.37,55.47,24.83,98.32,0,No Failure,157.5,70.8
L,3.96,2.13,37.2,59.01,18.91,95.56,0,No Failure,179.3,78.5
L,3.77,2.1,44.76,47.87,20.01,95.89,0,No Failure,182.4,79.6
L,3.79,2.32,37.51,50.0,8.45,92.11,0,No Failure,170.0,75.2
L,3.75,1.76,33.9,55.36,22.7,91.94,0,No Failure,191.8,82.9
L,3.86,1.79,42.26,42.9,15.43,97.65,0,No Failure,177.8,78.0
H,4.06,1.38,47.39,47.6,20.09,96.04,0,No Failure,144.0,66.0
M,3.85,2.04,29.91,47.04,23.51,98.03,0,No Failure,186.4,81.0
L,3.58,2.04,28.64,59.8,10.92,100.0,0,No Failure,126.0,59.6
L,3.56,1.67,30.97,47.88,21.05,92.96,0,No Failure,166.2,73.9
L,3.71,2.18,34.88,74.718,18.02,100.0,0,No Failure,170.2,75.3
L,3.59,2.01,38.39,59.5,20.01,95.64,0,No Failure,168.1,74.5
M,3.6,2.0,36.59,53.05,19.19,100.0,0,No Failure,174.3,76.7
H,3.78,1.15,37.7,46.78,25.77,94.74,0,No Failure,177.1,77.7
L,3.74,1.49,25.87,57.09,34.05,95.02,0,No Failure,129.1,60.7
L,3.97,2.23,26.97,25.43,8.52,92.96,0,No Failure,107.8,53.2
L,3.9,1.79,35.05,35.53,13.81,87.25,0,No Failure,162.7,72.6
L,3.56,1.67,33.05,49.96,30.58,92.14,0,No Failure,160.7,71.9
L,3.85,1.59,33.86,43.59,21.11,96.35,0,No Failure,202.1,86.6
L,3.53,2.05,33.7,43.04,22.14,99.82,0,No Failure,163.7,73.0
H,3.94,1.72,35.65,55.88,20.21,92.26,0,No Failure,190.6,82.5
L,3.79,1.56,37.16,52.0,33.37,100.0,0,No Failure,149.9,68.1
M,3.82,2.13,31.15,43.15,14.78,92.59,0,No Failure,190.8,82.6
L,4.11,1.73,32.09,47.6,17.67,96.82,0,No Failure,189.7,82.2
L,3.67,2.29,44.3,52.39,25.09,94.29,0,No Failure,150.3,68.2
H,3.91,1.57,36.77,55.05,14.92,96.6,0,No Failure,181.6,79.3
L,3.92,1.37,43.6,47.11,14.44,95.48,0,No Failure,165.9,73.8
M,3.65,2.18,25.47,41.12,21.28,88.31,0,No Failure,137.0,63.5
M,3.67,1.46,31.22,32.48,23.02,93.51,0,No Failure,152.3,69.0
L,3.94,2.14,35.99,41.52,17.63,92.52,0,No Failure,189.9,82.3
L,3.55,1.96,34.57,40.81,15.57,90.9,0,No Failure,175.4,77.1
L,3.9,1.78,35.84,74.718,24.81,98.08,0,No Failure,193.1,83.4
L,3.88,2.26,38.19,42.52,18.11,88.84,0,No Failure,172.6,76.1
L,3.97,2.24,30.69,51.66,21.32,90.05,0,No Failure,167.2,74.2
L,3.64,1.52,38.13,37.82,30.08,89.76,0,No Failure,129.2,60.8
H,3.79,1.6,35.29,54.39,23.81,97.8,0,No Failure,185.7,80.8
H,3.68,1.79,28.08,48.99,24.08,93.01,0,No Failure,182.2,79.5
L,3.6,2.06,36.62,43.53,18.94,97.76,0,No Failure,182.4,79.6
M,3.93,2.45,43.16,52.76,26.74,94.35,0,No Failure,146.0,66.7
L,3.62,2.45,16.854,47.26,21.22,93.05,0,No Failure,165.4,73.6
M,3.53,1.45,42.77,49.17,12.59,92.04,0,No Failure,144.7,66.3
L,3.94,1.04,32.7,52.74,4.96,91.28,0,No Failure,135.1,62.8
L,3.65,2.31,28.57,53.13,15.14,91.32,0,No Failure,155.9,70.2
L,4.11,1.96,34.46,48.45,7.37,99.62,0,No Failure,158.4,71.1
H,3.94,1.61,37.14,45.01,19.46,93.01,0,No Failure,196.9,84.7
M,4.22,1.82,35.21,39.94,10.16,100.0,0,No Failure,141.2,65.0
L,3.96,1.46,30.83,52.18,14.2,96.12,0,No Failure,174.5,76.8
L,3.82,1.64,39.84,45.57,6.07,94.57,0,No Failure,176.2,77.4
L,4.21,1.9,40.52,41.51,40.649,96.78,0,No Failure,160.2,71.8
M,3.59,2.09,25.15,45.46,17.36,100.0,0,No Failure,149.8,68.1
M,3.7,1.95,34.25,27.06,24.23,92.17,0,No Failure,156.7,70.5
M,3.85,1.86,29.88,42.49,21.67,92.15,0,No Failure,192.5,83.2
L,3.6,1.74,41.42,54.88,18.46,78.944,0,No Failure,171.3,75.7
M,3.72,2.16,25.18,55.95,17.8,97.87,0,No Failure,156.4,70.4
H,3.91,1.41,31.74,45.57,19.44,99.12,0,No Failure,181.1,79.1
L,4.24,2.48,30.69,39.3,28.11,97.77,1,Electrolyte Outgassing Swell,3.8,8.9
H,3.74,1.43,36.18,66.66,18.38,86.87,0,No Failure,141.8,65.2
L,3.62,2.15,30.03,59.13,20.51,87.74,0,No Failure,140.9,64.9
H,3.59,2.75,32.18,51.33,16.24,92.07,0,No Failure,155.7,70.1
M,3.83,2.01,35.59,51.87,14.52,91.32,0,No Failure,198.9,85.4
M,3.78,1.73,37.65,45.43,28.03,91.32,0,No Failure,179.7,78.7
M,3.75,1.83,35.59,44.16,26.68,94.31,0,No Failure,199.7,85.7
M,4.04,1.97,32.58,47.68,5.89,100.0,0,No Failure,155.6,70.1
L,3.66,1.75,28.73,45.31,18.3,91.65,0,No Failure,185.6,80.7
L,3.84,2.05,27.9,41.98,20.59,90.63,0,No Failure,175.6,77.2
L,3.82,1.8,35.98,57.63,27.43,91.2,0,No Failure,167.8,74.4
H,4.05,2.06,37.65,50.83,21.99,92.42,0,No Failure,178.4,78.2
H,4.07,2.1,40.32,49.9,16.08,92.96,0,No Failure,172.1,75.9
L,3.94,1.2,32.88,41.78,16.64,97.58,0,No Failure,169.2,74.9
M,3.74,1.34,38.36,56.45,7.51,96.07,0,No Failure,148.3,67.5
L,3.8,1.89,36.61,59.2,19.76,98.7,0,No Failure,186.8,81.2
M,3.77,1.29,38.76,59.3,19.57,96.64,0,No Failure,164.8,73.4
M,3.53,2.3,28.07,61.24,11.06,95.37,0,No Failure,124.7,59.2
M,4.14,1.25,24.83,46.4,18.14,95.52,0,No Failure,147.9,67.4
M,3.76,2.03,26.64,55.83,27.5,99.5,0,No Failure,142.7,65.5
L,3.79,2.5,29.71,43.44,8.48,84.29,1,SEI Layer High Impedance,6.5,13.2
L,3.91,1.36,32.58,55.29,10.46,96.81,0,No Failure,161.5,72.2
M,3.68,2.92,28.32,61.36,19.56,94.92,0,No Failure,133.6,62.3
M,3.74,2.06,29.47,48.57,23.81,97.31,0,No Failure,182.5,79.6
M,3.88,1.27,42.99,53.17,10.03,90.76,0,No Failure,137.0,63.5
M,3.48,1.52,35.77,58.97,26.22,95.13,0,No Failure,147.3,67.2
M,3.77,1.53,28.56,67.57,23.09,91.14,0,No Failure,136.8,63.4
M,3.79,2.08,36.64,51.55,26.85,97.52,0,No Failure,181.1,79.1
H,3.78,1.0,36.44,51.13,18.18,96.28,0,No Failure,183.5,80.0
L,3.97,1.71,31.25,53.14,17.4,88.57,0,No Failure,174.0,76.6
M,4.17,1.42,40.6,53.4,27.23,78.944,0,No Failure,136.0,63.2
M,3.73,2.33,35.09,44.98,23.85,97.17,0,No Failure,180.9,79.1
L,4.06,1.77,35.87,51.33,5.17,99.49,0,No Failure,150.3,68.2
L,4.06,1.62,36.83,53.41,24.53,94.93,0,No Failure,173.1,76.3
H,3.87,2.43,30.07,52.33,14.34,100.0,0,No Failure,157.9,70.9
M,4.15,1.97,40.03,48.99,16.84,90.3,0,No Failure,165.2,73.5
L,3.82,2.5,34.15,54.6,16.12,98.05,0,No Failure,180.2,78.8
M,3.61,1.85,35.41,55.57,20.56,86.88,0,No Failure,153.2,69.3
M,3.56,0.306,36.98,51.96,20.16,96.46,0,No Failure,170.9,75.5
M,3.86,2.02,34.69,42.26,8.61,93.74,0,No Failure,188.5,81.8
M,4.18,2.14,31.51,46.57,20.85,91.09,0,No Failure,164.5,73.3
L,4.04,2.35,35.82,53.29,13.87,91.87,0,No Failure,163.8,73.0
L,3.82,1.49,45.56,45.96,26.74,97.93,0,No Failure,146.2,66.8
M,3.8,1.64,38.73,47.79,26.83,93.0,0,No Failure,188.5,81.8
L,3.88,2.37,33.48,47.88,20.9,93.48,0,No Failure,196.9,84.7
L,3.96,1.6,43.31,48.25,10.21,94.425,0,No Failure,160.0,71.7
M,3.59,0.88,34.06,24.88,12.75,97.05,0,No Failure,122.8,58.5
H,3.91,2.23,35.44,48.89,10.46,92.81,0,No Failure,184.8,80.5
L,3.91,1.95,39.71,50.14,14.31,100.0,0,No Failure,174.7,76.9
M,3.94,1.97,24.7,43.33,17.89,90.51,0,No Failure,165.0,73.4
H,3.7,1.82,38.42,51.13,23.15,96.68,0,No Failure,188.6,81.8
L,3.78,1.88,30.41,33.67,12.4,84.72,0,No Failure,138.5,64.1
L,3.79,1.18,36.12,49.33,40.649,93.46,0,No Failure,188.9,81.9
M,3.57,1.64,37.44,29.91,11.49,100.0,0,No Failure,122.2,58.3
L,3.63,2.75,31.87,49.84,10.15,93.44,0,No Failure,150.5,68.3
H,3.93,2.54,29.37,58.75,14.25,94.25,0,No Failure,151.9,68.8
H,3.66,3.16,35.42,45.39,19.25,95.92,0,No Failure,161.7,72.3
H,3.72,1.93,34.4,62.99,18.86,95.46,0,No Failure,191.6,82.9
M,3.65,1.82,42.86,52.97,17.94,89.09,0,No Failure,163.4,72.9
H,3.68,2.03,42.77,43.7,26.51,92.93,0,No Failure,157.0,70.6
L,4.08,2.0,34.93,56.1,15.81,97.02,0,No Failure,176.2,77.4
L,3.7,1.81,38.7,48.88,11.86,92.24,0,No Failure,185.9,80.8
L,3.81,1.77,34.78,37.52,7.1,94.06,0,No Failure,181.8,79.4
M,3.78,1.53,29.84,61.91,16.69,97.15,0,No Failure,164.4,73.2
H,3.38,1.8,41.14,53.4,25.66,86.33,0,No Failure,116.0,56.1
M,3.73,1.86,39.96,34.21,23.3,97.19,0,No Failure,161.1,72.1
M,3.69,1.48,40.97,44.1,16.61,95.9,0,No Failure,174.4,76.8
H,3.57,1.85,31.49,37.57,27.04,92.08,0,No Failure,154.4,69.7
M,3.79,2.13,35.79,42.23,13.83,97.7,0,No Failure,185.8,80.8
L,3.5,2.18,22.0,57.3,24.93,95.29,0,No Failure,117.3,56.6
L,4.06,1.44,41.32,43.02,12.41,93.14,0,No Failure,149.0,67.8
M,3.53,1.79,43.59,58.81,15.23,84.84,1,Thermal Exotherm Warning,2.1,10.3
H,3.66,0.85,30.41,61.15,27.11,90.72,0,No Failure,109.1,53.7
L,3.92,1.68,31.88,39.67,18.01,94.425,0,No Failure,189.5,82.1
L,3.65,1.92,34.93,52.86,18.7,91.46,0,No Failure,198.8,85.4
L,3.9,1.45,34.46,46.56,18.87,94.15,0,No Failure,189.2,82.0
M,3.53,1.25,40.27,42.64,14.46,91.89,0,No Failure,140.3,64.7
M,3.82,2.05,38.81,43.4,15.89,92.78,0,No Failure,194.7,84.0
H,3.58,1.57,22.0,37.57,17.97,93.53,0,No Failure,138.8,64.2
M,3.95,2.24,37.81,55.76,16.55,90.4,0,No Failure,165.2,73.5
M,4.17,1.49,36.11,32.83,18.95,86.6,0,No Failure,126.5,59.8
H,3.55,2.46,37.72,50.09,23.93,97.39,0,No Failure,152.4,69.0
L,3.82,2.24,27.32,36.53,29.84,90.31,0,No Failure,131.2,61.5
L,3.87,1.82,29.64,45.16,23.36,92.39,0,No Failure,191.2,82.7
M,3.58,1.72,31.63,47.91,16.72,92.39,0,No Failure,191.1,82.7
L,3.98,1.69,42.23,52.32,18.67,100.0,0,No Failure,163.6,72.9
H,3.81,1.61,30.92,46.41,26.17,95.39,0,No Failure,191.1,82.7
M,4.12,2.25,37.66,34.15,19.0,94.58,0,No Failure,143.4,65.8
H,3.45,1.75,36.73,54.43,17.33,90.54,0,No Failure,163.6,72.9
M,3.99,1.41,41.73,57.51,14.45,92.96,1,Thermal Exotherm Warning,9.0,22.3
H,3.88,1.17,31.11,41.57,18.73,97.33,0,No Failure,172.5,76.1
L,3.46,1.44,25.36,41.77,13.91,87.0,0,No Failure,107.8,53.2
M,3.56,1.88,35.05,41.58,20.42,89.1,0,No Failure,174.9,77.0
L,3.77,1.45,32.21,59.47,23.88,97.28,0,No Failure,163.7,73.0
M,3.73,2.25,32.92,46.31,27.38,96.12,0,No Failure,178.8,78.3
M,3.76,1.54,29.74,56.0,16.87,96.1,0,No Failure,179.3,78.5
H,3.87,1.82,38.23,55.68,8.65,93.1,0,No Failure,174.3,76.7
H,3.5,1.8,39.12,60.28,23.3,90.45,0,No Failure,140.5,64.8
H,3.83,1.64,38.18,51.55,18.49,98.44,0,No Failure,193.5,83.5
L,3.93,1.65,31.62,46.91,17.37,96.79,0,No Failure,198.6,85.3
H,3.79,1.74,38.73,56.64,19.52,94.98,0,No Failure,196.0,84.4
L,3.83,1.96,25.69,45.99,22.11,100.0,0,No Failure,170.5,75.4
M,3.9,1.45,31.76,47.23,18.17,85.18,0,No Failure,159.0,71.3
M,3.63,2.8,40.35,48.0,10.58,100.0,0,No Failure,126.5,59.8
L,3.82,2.18,30.51,46.8,22.12,98.88,0,No Failure,185.4,80.6
L,3.76,1.36,28.28,52.86,25.86,95.81,0,No Failure,161.0,72.0
M,3.82,2.66,34.56,56.43,17.39,94.84,1,Thermal Exotherm Warning,2.3,25.1
H,3.89,1.63,37.92,47.25,23.49,95.77,0,No Failure,194.8,84.0
M,3.56,1.85,39.08,46.0,9.99,98.51,0,No Failure,137.4,63.7
M,3.56,1.32,31.94,49.82,25.15,99.08,0,No Failure,149.4,67.9
M,3.71,1.79,33.86,48.5,26.96,93.59,0,No Failure,199.2,85.6
L,3.82,2.18,32.23,47.88,25.51,96.1,0,No Failure,191.7,82.9
L,3.71,2.0,35.58,41.04,29.01,95.28,0,No Failure,175.7,77.2
L,3.61,1.15,36.57,39.9,20.71,92.21,0,No Failure,156.6,70.5
M,3.95,2.39,22.15,52.48,15.85,90.33,0,No Failure,134.7,62.7
H,3.69,1.25,40.31,51.47,13.11,98.56,0,No Failure,150.0,68.1
H,3.91,1.91,36.73,74.718,17.79,99.53,0,No Failure,199.2,85.5
H,3.93,2.19,33.17,40.46,20.5,89.52,0,No Failure,172.2,76.0
L,4.22,1.68,35.88,49.35,16.54,91.41,0,No Failure,173.5,76.4
M,4.14,1.85,29.65,47.2,11.29,98.3,0,No Failure,160.6,71.9
M,3.76,1.85,33.94,45.75,13.32,94.82,0,No Failure,213.7,90.7
M,3.86,1.72,28.64,51.62,12.97,91.05,0,No Failure,176.5,77.5
L,4.15,1.33,24.06,45.48,21.37,88.54,0,No Failure,120.3,57.6
L,3.74,1.79,36.75,39.96,29.86,100.0,0,No Failure,155.6,70.1
H,4.03,1.72,35.58,63.96,20.42,98.48,0,No Failure,158.7,71.2
M,3.48,1.31,26.06,37.69,18.17,100.0,0,No Failure,117.4,56.6
M,3.79,2.3,34.79,38.43,18.24,94.14,0,No Failure,196.8,84.7
L,3.6,1.18,39.05,44.29,16.68,87.97,0,No Failure,142.2,65.4
L,3.74,1.91,39.15,68.31,18.98,95.16,0,No Failure,167.8,74.4
M,3.74,2.36,32.41,55.89,17.51,96.21,0,No Failure,180.6,79.0
L,3.77,1.9,37.21,54.09,12.91,98.42,0,No Failure,182.1,79.5
M,3.67,2.37,29.83,53.07,12.45,98.09,0,No Failure,151.1,68.5
M,3.79,1.81,34.56,49.25,22.47,96.66,0,No Failure,211.0,89.7
L,3.59,2.55,35.19,55.32,28.42,89.72,1,SEI Layer High Impedance,12.7,16.6
H,3.59,2.36,34.01,51.25,24.39,98.48,0,No Failure,161.4,72.2
L,3.72,2.31,34.12,48.8,18.41,91.06,0,No Failure,171.9,75.9
L,4.07,2.48,32.97,49.61,13.0,89.16,1,SEI Layer High Impedance,3.6,23.5
H,3.67,1.86,40.03,54.58,19.55,87.45,0,No Failure,164.2,73.1
L,3.93,1.84,38.55,39.08,16.68,89.19,0,No Failure,171.6,75.8
H,4.11,2.08,40.49,35.27,15.45,92.17,0,No Failure,141.8,65.2
M,4.05,2.34,37.35,45.28,18.01,93.65,0,No Failure,181.6,79.3
M,3.94,1.14,35.62,39.4,14.33,86.35,0,No Failure,138.1,63.9
M,3.55,1.79,33.42,43.07,10.33,94.8,0,No Failure,177.4,77.8
L,3.14,2.03,43.33,49.08,19.7,90.07,0,No Failure,173.5,76.4
L,3.88,1.98,44.24,44.95,25.58,92.78,0,No Failure,165.5,73.6
L,3.56,2.4,36.45,56.72,13.71,86.51,0,No Failure,128.2,60.4
L,3.58,1.05,37.56,50.11,18.87,98.93,0,No Failure,156.2,70.3
L,3.91,1.53,41.41,52.59,17.59,99.58,0,No Failure,165.2,73.5
L,3.97,2.08,29.86,40.35,14.5,93.99,0,No Failure,174.1,76.7
M,3.97,0.306,37.91,51.61,30.85,98.95,0,No Failure,157.9,70.9
L,3.82,1.41,35.16,54.01,11.7,88.33,0,No Failure,161.6,72.2
L,4.22,2.27,33.99,33.13,13.18,92.94,0,No Failure,135.4,62.9
M,3.75,1.85,35.54,55.53,17.57,99.35,0,No Failure,174.8,76.9
H,3.78,2.02,43.65,47.05,9.91,87.82,0,No Failure,149.6,68.0
H,3.74,2.22,39.45,49.78,15.4,99.58,0,No Failure,171.3,75.7
L,3.84,2.12,23.86,43.47,10.71,89.52,0,No Failure,144.1,66.0
M,3.64,1.77,32.25,51.81,12.01,95.95,0,No Failure,183.0,79.8
L,3.86,2.04,35.21,41.87,31.03,94.68,0,No Failure,180.9,79.1
L,3.14,1.67,38.63,46.04,9.56,89.14,0,No Failure,159.1,71.4
M,3.94,2.34,27.98,53.66,24.13,83.4,0,No Failure,119.7,57.4
L,3.44,1.75,35.1,45.06,17.52,93.85,0,No Failure,188.8,81.9
L,4.18,1.62,32.28,52.06,18.17,97.81,0,No Failure,160.1,71.7
H,3.82,1.76,39.38,74.718,21.86,98.97,0,No Failure,169.9,75.2
L,3.74,1.76,30.41,67.62,14.93,89.64,0,No Failure,145.7,66.6
L,3.47,2.08,34.86,51.34,12.93,98.22,0,No Failure,163.1,72.8
L,3.78,1.52,32.46,49.23,26.92,96.92,0,No Failure,183.9,80.1
M,3.81,1.93,31.9,50.91,27.51,95.5,0,No Failure,193.8,83.6
L,4.05,2.15,34.08,56.31,17.04,89.72,0,No Failure,166.6,74.0
L,3.99,1.33,40.59,45.14,21.69,91.28,0,No Failure,158.6,71.2
M,3.82,2.34,33.67,49.48,15.39,93.01,0,No Failure,201.4,86.3
M,4.26,1.83,39.71,56.32,24.5,93.05,0,No Failure,144.5,66.2
M,4.09,1.06,31.89,43.19,15.11,94.7,0,No Failure,157.5,70.8
H,3.8,1.98,37.89,49.08,13.72,98.79,0,No Failure,190.5,82.5
L,3.99,1.76,42.62,49.32,21.23,94.51,0,No Failure,184.6,80.4
M,3.69,3.384,35.53,39.09,15.39,95.64,0,No Failure,175.2,77.0
L,3.92,2.14,39.85,45.85,20.45,94.59,0,No Failure,191.9,83.0
L,3.9,2.06,30.72,54.32,18.69,95.0,0,No Failure,196.5,84.6
M,4.03,1.97,33.75,43.16,12.39,98.32,0,No Failure,173.5,76.4
H,3.82,2.08,35.77,47.53,-4.089,87.58,0,No Failure,175.8,77.3
H,3.66,1.54,41.25,54.42,7.31,92.42,0,No Failure,141.4,65.1
M,3.6,1.95,30.27,48.55,40.649,100.0,0,No Failure,175.0,77.0
L,3.61,1.76,36.64,57.44,18.51,90.13,0,No Failure,174.1,76.7
M,4.0,1.33,29.63,54.18,16.65,82.97,0,No Failure,126.1,59.6
L,3.96,2.09,19.17,50.06,18.5,91.19,0,No Failure,162.3,72.5
L,3.98,1.44,40.09,57.75,20.95,90.45,0,No Failure,148.8,67.7
L,3.64,1.67,37.74,48.23,28.46,91.46,0,No Failure,168.9,74.8
M,4.05,2.6,33.94,52.65,20.69,95.34,0,No Failure,170.8,75.5
M,3.71,2.11,38.95,51.83,12.48,90.14,0,No Failure,165.2,73.5
L,3.74,0.89,34.26,53.73,24.25,90.49,0,No Failure,153.0,69.2
M,3.95,1.65,26.57,49.35,23.71,84.73,0,No Failure,140.8,64.9
L,4.04,1.25,38.63,54.5,25.79,98.08,0,No Failure,137.7,63.8
L,4.36,1.96,28.82,56.19,24.83,95.83,0,No Failure,130.1,61.1
H,3.81,2.29,35.41,35.07,12.67,93.46,0,No Failure,172.2,76.0
L,4.13,1.78,32.01,42.18,14.63,97.53,0,No Failure,167.4,74.3
L,4.11,2.47,47.19,53.53,18.3,91.5,0,No Failure,124.9,59.2
M,3.89,0.85,32.06,45.83,15.62,94.58,0,No Failure,164.3,73.2
M,3.98,2.2,42.66,49.52,20.56,93.25,0,No Failure,171.4,75.7
M,4.2,2.29,33.61,71.56,11.98,97.51,0,No Failure,110.3,54.1
M,4.04,1.54,52.103,55.66,25.46,94.02,0,No Failure,143.2,65.7
H,3.96,1.75,29.51,45.71,11.41,93.02,0,No Failure,178.5,78.2
M,3.7,1.69,29.85,48.39,22.22,99.2,0,No Failure,178.9,78.4
M,3.46,2.28,31.56,74.718,15.0,92.46,0,No Failure,163.4,72.9
L,3.92,1.96,35.47,52.19,18.99,100.0,0,No Failure,192.2,83.1
M,3.59,1.75,39.29,52.35,11.85,93.16,0,No Failure,167.8,74.4
L,3.72,1.49,32.85,52.67,24.42,97.38,0,No Failure,175.9,77.3
M,3.69,3.36,32.28,49.52,20.05,97.14,0,No Failure,156.2,70.3
M,4.07,1.77,29.25,43.18,17.24,92.22,0,No Failure,175.2,77.1
L,3.82,1.06,37.28,61.42,26.48,95.2,0,No Failure,148.7,67.7
H,4.08,2.5,36.68,48.75,11.6,93.21,0,No Failure,161.0,72.0
H,3.81,1.79,34.13,37.32,20.83,90.66,0,No Failure,192.4,83.1
H,3.71,1.55,38.42,54.64,28.89,93.63,0,No Failure,161.4,72.2
M,3.56,1.43,36.23,53.11,26.4,99.63,0,No Failure,144.3,66.1
L,3.82,1.5,37.44,35.43,18.41,91.65,0,No Failure,177.8,78.0
L,3.94,1.97,38.38,56.57,5.92,92.34,0,No Failure,152.4,69.0
L,4.06,2.23,22.0,38.01,13.18,87.28,0,No Failure,100.1,50.5
L,3.81,2.14,29.4,49.91,22.16,99.83,0,No Failure,177.2,77.8
L,3.53,2.65,28.74,45.66,26.73,99.24,0,No Failure,120.4,57.6
H,3.93,2.02,34.71,46.97,18.65,96.06,0,No Failure,215.1,91.2
M,3.69,1.85,28.3,43.59,24.35,97.02,0,No Failure,173.6,76.5
L,3.88,2.66,31.13,47.88,20.18,97.09,0,No Failure,177.9,78.0
M,3.8,2.06,38.61,46.57,19.07,99.5,0,No Failure,193.0,83.4
L,3.86,2.52,37.09,33.35,12.16,100.0,0,No Failure,134.0,62.5
L,3.52,1.75,33.02,39.2,10.74,100.0,0,No Failure,144.7,66.3
L,3.92,2.34,33.33,41.64,19.32,99.49,0,No Failure,173.6,76.5
L,3.81,1.36,33.45,53.52,27.02,91.18,0,No Failure,170.3,75.3
M,3.82,1.94,22.02,45.41,19.12,97.98,0,No Failure,174.7,76.9
M,3.59,1.16,34.03,59.18,18.72,91.74,0,No Failure,157.0,70.6
L,3.89,1.92,38.99,52.31,26.81,93.84,0,No Failure,183.3,79.9
L,3.82,1.99,35.56,49.5,13.75,95.05,0,No Failure,213.3,90.6
M,3.74,2.93,37.11,52.95,9.56,88.07,1,SEI Layer High Impedance,2.3,14.2
M,4.03,2.0,33.85,42.47,17.66,95.21,0,No Failure,196.9,84.7
L,3.69,1.5,38.05,39.88,23.2,94.48,0,No Failure,173.5,76.5
M,3.85,1.62,37.63,55.49,16.15,97.07,0,No Failure,186.7,81.1
L,4.01,1.81,30.9,42.33,20.53,97.43,0,No Failure,181.1,79.1
L,4.16,1.93,37.95,61.36,10.88,78.944,0,No Failure,118.5,57.0
H,3.75,2.39,39.41,67.97,15.64,93.3,0,No Failure,142.2,65.4
H,3.64,1.49,31.23,53.74,20.26,92.82,0,No Failure,175.9,77.3
H,3.73,2.68,28.37,39.15,17.79,90.18,0,No Failure,142.5,65.5
H,3.14,2.06,39.05,33.27,5.74,100.0,0,No Failure,122.7,58.5
H,3.65,2.86,25.17,52.44,16.74,91.19,0,No Failure,128.1,60.4
L,3.89,2.11,23.36,33.19,5.71,95.35,0,No Failure,119.0,57.2
L,4.06,2.79,35.72,33.07,20.99,86.81,1,SEI Layer High Impedance,12.5,9.4
L,3.7,2.22,35.19,52.41,20.7,94.425,0,No Failure,194.3,83.8
H,3.83,2.31,33.71,46.44,20.31,88.8,0,No Failure,189.4,82.1
H,3.83,1.82,35.78,62.16,8.41,94.45,0,No Failure,168.0,74.5
M,3.89,2.26,32.37,42.43,22.53,90.79,0,No Failure,174.3,76.7
M,3.82,1.29,37.18,45.32,23.33,94.53,0,No Failure,191.1,82.7
L,3.85,2.16,35.99,43.33,30.69,91.24,0,No Failure,166.3,73.9
M,3.91,1.95,39.86,50.84,23.44,87.57,0,No Failure,165.1,73.5
M,3.87,1.62,40.97,53.17,27.32,100.0,0,No Failure,150.6,68.3
H,3.86,1.7,38.95,57.43,16.09,96.37,0,No Failure,182.5,79.6
H,4.1,2.03,37.69,61.71,29.07,98.91,1,Electrolyte Outgassing Swell,8.7,14.1
L,3.77,1.65,34.11,45.17,18.64,100.0,0,No Failure,199.6,85.7
L,3.65,1.46,36.29,35.66,19.03,100.0,0,No Failure,155.3,70.0
L,3.89,2.27,43.14,66.3,19.76,93.79,1,Thermal Exotherm Warning,3.3,20.9
L,3.64,1.98,31.78,40.18,18.47,97.02,0,No Failure,184.0,80.2
L,3.73,1.93,29.63,54.74,15.75,92.7,0,No Failure,184.0,80.2
H,3.71,1.52,27.85,68.63,17.51,98.25,0,No Failure,134.8,62.7
H,3.82,1.27,36.01,39.5,24.47,89.08,0,No Failure,158.1,71.0
M,3.75,1.71,37.71,46.51,24.7,98.29,0,No Failure,184.2,80.2
H,3.89,1.7,37.24,44.76,27.65,94.14,0,No Failure,186.9,81.2
H,3.67,1.14,42.21,48.84,12.5,100.0,0,No Failure,135.3,62.9
L,3.76,2.02,29.08,37.91,23.59,90.66,0,No Failure,160.5,71.9
M,3.92,1.85,31.57,40.46,21.74,97.0,0,No Failure,187.4,81.4
L,3.87,1.49,35.9,50.04,15.07,96.88,0,No Failure,195.2,84.1
H,3.57,1.34,33.31,50.14,24.74,78.944,0,No Failure,171.1,75.6
L,3.95,2.11,32.94,34.84,4.0,87.77,0,No Failure,122.1,58.3
L,3.62,2.51,26.81,52.0,22.34,89.24,1,SEI Layer High Impedance,7.1,17.2
L,3.88,1.74,42.64,49.31,17.51,97.79,0,No Failure,185.4,80.7
H,4.08,2.2,31.85,49.28,12.11,100.0,0,No Failure,154.8,69.8
L,4.03,1.69,24.8,74.718,25.27,100.0,0,No Failure,122.1,58.2
H,3.93,1.34,34.7,41.87,13.09,91.29,0,No Failure,171.0,75.5
L,3.5,2.52,37.4,44.87,25.45,97.14,0,No Failure,142.0,65.3
L,4.02,1.84,16.854,41.21,17.08,89.76,0,No Failure,150.7,68.4
M,3.76,2.72,39.18,39.21,10.24,89.81,1,SEI Layer High Impedance,8.8,15.1
L,3.75,2.42,37.16,55.4,13.04,96.79,0,No Failure,164.6,73.3
H,3.94,1.93,27.59,44.0,17.7,86.59,0,No Failure,162.8,72.7
M,3.88,1.5,32.88,48.94,40.649,93.75,0,No Failure,204.0,87.2
L,3.59,2.28,31.41,47.1,21.07,97.3,0,No Failure,173.3,76.4
L,4.08,1.99,32.23,50.97,21.9,96.25,0,No Failure,181.8,79.4
L,3.77,2.42,33.17,43.5,4.84,87.69,0,No Failure,138.9,64.2
H,3.91,1.5,36.4,59.46,24.52,98.1,0,No Failure,158.8,71.2
H,3.41,1.77,31.73,49.42,20.09,95.06,0,No Failure,182.0,79.4
L,3.96,1.55,38.9,54.69,20.74,96.32,0,No Failure,174.5,76.8
M,3.75,1.29,34.56,44.03,26.34,85.98,0,No Failure,139.6,64.4
M,3.86,1.88,39.7,44.58,23.76,99.45,0,No Failure,177.7,78.0
M,3.89,1.85,39.2,48.99,15.81,93.45,0,No Failure,204.6,87.5
H,3.59,2.07,40.5,59.17,23.06,96.58,0,No Failure,147.5,67.2
L,3.59,2.04,28.42,49.91,12.46,100.0,0,No Failure,151.5,68.7
M,4.0,2.25,42.01,37.88,25.75,97.85,0,No Failure,130.7,61.3
L,3.9,1.89,32.24,70.34,25.78,108.91,0,No Failure,145.7,66.6
L,3.94,1.74,33.83,57.99,21.84,97.02,0,No Failure,183.4,80.0
L,3.49,1.92,33.84,42.47,16.56,86.6,0,No Failure,159.1,71.3
M,4.01,1.92,27.23,38.89,16.27,93.84,0,No Failure,168.5,74.7
M,3.75,2.24,34.2,63.22,33.69,89.97,0,No Failure,129.2,60.8
L,3.5,2.07,25.02,47.31,-4.089,96.36,0,No Failure,160.9,72.0
H,3.66,0.89,27.81,50.35,24.41,98.3,0,No Failure,131.8,61.7
H,3.76,2.07,41.3,52.23,26.79,92.14,0,No Failure,164.0,73.1
H,3.95,1.68,32.42,41.24,16.26,93.05,0,No Failure,189.6,82.2
L,3.81,2.16,33.12,35.64,22.56,89.83,0,No Failure,167.8,74.4
M,4.03,1.47,29.4,38.33,14.23,88.36,0,No Failure,134.5,62.6
M,3.81,2.04,30.2,48.0,12.29,96.71,0,No Failure,193.2,83.4
L,3.65,1.83,37.28,49.48,12.8,98.77,0,No Failure,180.8,79.0
L,4.14,1.5,36.39,37.55,21.86,96.89,0,No Failure,151.9,68.8
L,3.7,1.37,40.06,43.47,23.77,100.0,0,No Failure,148.1,67.5
L,3.7,1.96,34.18,33.58,29.57,94.38,0,No Failure,164.5,73.3
H,3.64,1.58,38.0,58.94,32.14,98.32,0,No Failure,129.0,60.7
H,3.73,2.14,39.19,66.55,30.14,93.02,0,No Failure,129.9,61.0
M,4.28,1.61,37.64,54.03,19.49,99.27,0,No Failure,146.1,66.8
L,3.5,1.47,37.08,57.97,19.99,99.92,0,No Failure,142.6,65.5
L,3.8,1.75,33.44,57.82,19.0,91.58,0,No Failure,197.6,85.0
H,3.71,1.78,38.26,50.43,18.66,100.0,0,No Failure,188.0,81.6
L,3.95,2.56,34.63,44.62,18.98,95.48,0,No Failure,189.1,82.0
H,3.78,1.97,38.94,55.45,14.93,100.0,0,No Failure,171.1,75.6
L,3.84,1.33,42.43,36.16,7.82,96.94,0,No Failure,129.4,60.8
H,3.75,2.13,38.09,38.94,15.4,100.0,0,No Failure,162.8,72.7
H,3.75,1.32,28.96,38.14,25.19,100.0,0,No Failure,135.9,63.1
L,3.88,2.64,23.68,47.81,12.79,95.07,0,No Failure,151.2,68.5
L,3.89,2.07,31.86,45.28,16.44,92.5,0,No Failure,197.7,85.0
L,3.71,1.96,33.42,56.48,14.87,90.92,0,No Failure,180.9,79.1
M,3.93,1.88,35.35,48.47,14.73,79.49,0,No Failure,194.6,83.9
H,4.12,1.67,28.71,54.56,8.97,99.96,0,No Failure,128.0,60.3
H,4.09,2.46,37.22,46.75,19.27,96.71,0,No Failure,170.3,75.3
M,4.03,2.17,30.83,60.43,30.87,97.77,0,No Failure,126.0,59.6
L,3.71,1.3,31.51,56.72,8.08,96.66,0,No Failure,125.3,59.4
L,3.94,1.29,40.32,42.42,14.38,89.08,0,No Failure,145.2,66.4
M,3.96,1.75,33.86,54.49,17.81,99.99,0,No Failure,185.3,80.6
L,3.63,2.38,31.47,40.54,24.89,100.0,0,No Failure,139.7,64.5
M,3.74,2.22,30.62,48.64,15.22,96.26,0,No Failure,189.5,82.1
M,3.85,1.85,33.52,45.17,15.13,95.95,0,No Failure,211.7,90.0
M,3.75,2.43,26.36,47.93,23.76,90.82,0,No Failure,156.5,70.4
L,3.65,1.66,36.01,49.88,24.22,89.74,0,No Failure,175.4,77.1
L,3.29,2.43,35.19,50.56,16.9,95.66,0,No Failure,154.2,69.6
M,4.05,1.89,37.48,51.82,22.56,90.56,0,No Failure,174.3,76.7
L,3.82,1.35,35.57,46.12,23.11,92.76,0,No Failure,194.6,83.9
H,3.71,1.32,38.79,21.245,24.86,100.0,0,No Failure,153.9,69.5
L,4.07,2.34,29.05,52.81,8.61,92.76,0,No Failure,138.8,64.2
L,3.73,1.81,37.74,45.32,14.26,94.425,0,No Failure,187.2,81.3
L,3.37,2.08,38.04,61.13,8.28,100.0,0,No Failure,103.9,51.8
H,3.57,2.21,28.98,43.87,17.83,93.11,0,No Failure,169.8,75.1
M,3.73,1.95,31.87,50.13,16.71,98.99,0,No Failure,193.2,83.4
M,3.91,1.93,37.25,54.07,12.57,90.65,0,No Failure,176.6,77.6
M,3.88,2.15,34.61,44.44,22.75,91.38,0,No Failure,192.4,83.1
L,4.49,1.9,38.47,47.43,22.24,98.92,0,No Failure,169.7,75.1
M,3.68,1.6,35.71,46.48,23.61,92.36,0,No Failure,189.6,82.2
M,3.87,2.2,26.71,57.66,22.82,95.95,0,No Failure,158.7,71.2
M,3.8,2.21,44.13,45.79,19.91,94.73,0,No Failure,183.0,79.8
H,3.85,1.34,34.72,44.31,28.24,100.0,0,No Failure,163.2,72.8
M,3.51,1.78,40.51,43.91,20.08,95.36,0,No Failure,174.1,76.7
M,3.82,2.05,37.49,44.09,24.48,92.93,0,No Failure,192.2,83.1
M,3.7,1.73,46.71,51.34,23.51,95.31,0,No Failure,161.2,72.1
M,3.65,2.16,39.48,50.07,7.16,92.55,0,No Failure,155.0,69.9
L,3.99,2.19,40.08,45.11,17.94,98.75,0,No Failure,169.8,75.1
H,3.92,2.25,34.66,21.245,20.66,93.57,0,No Failure,182.8,79.7
L,3.79,1.43,34.87,46.3,6.79,92.64,0,No Failure,178.7,78.3
M,4.09,2.28,32.95,46.64,15.75,97.38,0,No Failure,173.3,76.4
L,3.73,2.05,38.1,36.2,17.71,88.33,0,No Failure,161.5,72.2
M,4.24,1.86,37.34,47.45,16.8,96.65,0,No Failure,178.9,78.4
L,4.09,2.03,34.3,48.75,14.75,90.09,0,No Failure,180.3,78.9
H,3.73,1.49,32.29,48.56,15.95,89.11,0,No Failure,182.4,79.6
L,3.99,1.52,32.37,59.71,19.95,94.3,0,No Failure,175.8,77.3
M,3.77,1.72,40.84,48.34,19.69,89.94,0,No Failure,188.4,81.7
M,4.1,2.39,35.2,60.17,11.6,91.76,0,No Failure,137.9,63.8
M,4.0,1.98,34.02,48.2,18.17,97.33,0,No Failure,196.4,84.6
M,4.49,1.84,37.39,46.38,12.6,98.62,0,No Failure,185.0,80.5
H,4.04,2.37,38.19,40.35,23.58,98.08,0,No Failure,144.9,66.3
H,3.7,2.31,37.0,49.42,12.05,100.0,0,No Failure,163.0,72.7
H,3.7,2.74,27.35,40.21,11.99,100.0,0,No Failure,116.9,56.4
L,3.73,1.75,41.68,34.7,31.14,91.59,0,No Failure,132.1,61.8
H,3.73,1.85,35.71,48.42,11.06,93.76,0,No Failure,204.8,87.5
M,3.72,1.84,39.56,53.47,-2.95,92.92,0,No Failure,168.6,74.7
M,3.91,2.11,33.26,48.13,17.3,96.86,0,No Failure,188.6,81.8
M,3.95,1.79,33.97,46.71,25.17,88.82,0,No Failure,182.6,79.7
H,3.63,2.31,36.91,38.49,21.06,91.79,0,No Failure,160.2,71.7
L,3.78,1.95,39.95,33.58,18.93,95.72,0,No Failure,177.7,77.9
L,4.03,1.84,31.77,46.28,21.8,96.44,0,No Failure,176.4,77.5
M,3.96,1.45,31.45,53.52,18.38,96.71,0,No Failure,181.7,79.4
L,4.01,1.69,33.67,54.27,16.9,93.55,0,No Failure,193.7,83.6
M,3.82,1.97,42.46,74.718,24.97,93.71,0,No Failure,175.5,77.2
M,3.74,2.07,36.49,41.64,37.85,92.52,0,No Failure,148.5,67.6
M,3.96,1.96,33.52,49.65,25.98,100.0,0,No Failure,176.3,77.4
L,3.81,2.5,27.82,53.31,15.61,90.49,0,No Failure,157.6,70.8
L,3.73,1.98,30.63,39.36,12.08,97.62,0,No Failure,167.8,74.4
L,3.89,1.71,31.19,46.59,27.92,95.06,0,No Failure,187.5,81.4
L,3.82,1.24,26.2,46.19,17.32,93.2,0,No Failure,174.1,76.7
M,3.78,1.92,32.23,45.37,8.72,99.81,0,No Failure,175.1,77.0
M,3.92,1.46,36.58,51.23,20.84,91.92,0,No Failure,186.4,81.0
M,3.51,1.93,37.56,51.08,25.63,90.97,0,No Failure,160.8,72.0
L,3.83,1.71,36.05,50.06,17.51,100.0,0,No Failure,200.7,86.1
H,3.65,1.62,33.85,51.73,17.8,94.8,0,No Failure,203.4,87.0
L,3.82,1.76,26.99,37.51,33.18,88.6,0,No Failure,113.3,55.1
H,3.7,2.44,40.52,40.07,25.06,93.48,0,No Failure,149.5,67.9
M,3.87,2.43,37.65,53.42,20.42,94.35,0,No Failure,186.4,81.0
M,3.86,1.73,36.16,44.26,10.93,97.15,0,No Failure,188.5,81.8
M,3.95,2.05,32.68,62.16,22.89,92.84,0,No Failure,167.4,74.3
H,4.17,1.09,40.83,39.22,8.86,91.48,0,No Failure,104.0,51.8
M,4.06,2.75,45.3,44.33,17.28,93.98,0,No Failure,135.6,63.0
M,3.44,1.86,27.46,60.03,12.06,92.86,0,No Failure,133.9,62.4
L,3.92,2.2,30.01,53.5,11.04,100.0,0,No Failure,151.0,68.5
H,3.88,1.26,37.13,53.27,7.85,93.91,0,No Failure,162.6,72.6
M,3.52,1.67,35.12,44.31,20.09,100.0,0,No Failure,171.1,75.6
M,3.83,2.14,36.62,54.2,23.42,95.89,0,No Failure,190.3,82.4
M,3.63,2.0,37.47,47.78,7.98,88.56,0,No Failure,157.6,70.8
L,3.74,1.46,37.77,55.14,24.7,91.91,0,No Failure,166.0,73.8
L,3.9,1.5,44.07,39.47,19.36,100.0,0,No Failure,146.0,66.7
H,3.63,1.61,31.22,54.33,17.87,94.35,0,No Failure,187.5,81.4
M,3.91,2.39,52.103,59.27,13.07,98.85,0,No Failure,146.2,66.8
L,3.89,1.42,31.1,36.49,23.32,96.09,0,No Failure,163.1,72.8
H,4.1,2.46,36.58,61.56,17.56,100.0,0,No Failure,132.4,61.9
M,3.96,1.22,34.28,50.21,28.16,98.16,0,No Failure,159.5,71.5
L,3.45,2.64,30.68,37.26,21.13,97.09,0,No Failure,125.1,59.3
H,3.71,2.31,33.42,42.16,18.92,94.83,0,No Failure,194.6,83.9
L,3.73,1.97,29.96,38.71,23.28,95.67,0,No Failure,175.7,77.2
H,3.95,2.2,36.57,21.245,14.95,100.0,0,No Failure,173.7,76.5
M,3.96,2.16,40.48,47.71,6.61,91.22,0,No Failure,152.0,68.8
L,3.82,2.13,35.35,43.28,17.63,87.42,0,No Failure,187.2,81.3
M,3.61,2.14,42.44,52.0,16.74,94.87,0,No Failure,168.8,74.8
H,3.14,1.65,41.36,40.01,21.51,97.03,0,No Failure,172.0,75.9
H,3.91,2.46,39.06,52.25,17.2,94.36,0,No Failure,180.7,79.0
L,3.93,2.04,40.53,46.56,33.19,91.61,0,No Failure,151.2,68.5
L,3.65,1.96,25.58,53.66,13.23,91.98,0,No Failure,155.6,70.1
L,3.79,2.38,37.05,37.89,21.23,92.85,0,No Failure,174.2,76.7
L,3.81,1.66,31.05,55.03,22.74,95.58,0,No Failure,190.3,82.4
M,3.77,1.7,32.56,53.69,24.18,99.53,0,No Failure,177.4,77.8
H,3.61,1.72,39.47,54.07,10.3,96.44,0,No Failure,158.4,71.1
M,3.83,2.0,31.03,35.92,18.26,87.7,0,No Failure,169.6,75.1
L,3.84,1.68,33.01,45.78,16.8,99.06,0,No Failure,200.0,85.8
H,3.7,0.85,31.25,50.39,13.79,88.69,0,No Failure,141.2,65.0
M,3.99,1.5,34.57,37.49,11.08,93.57,0,No Failure,166.2,73.9
H,3.71,1.92,40.11,21.245,20.68,91.84,0,No Failure,182.3,79.6
H,3.51,0.85,39.59,47.5,18.42,94.08,0,No Failure,154.1,69.6
H,3.75,1.91,37.21,33.82,10.06,80.09,0,No Failure,122.8,58.5
L,3.54,2.23,38.11,49.08,17.26,94.06,0,No Failure,181.4,79.2
L,4.01,1.41,24.09,60.72,13.21,95.16,0,No Failure,128.1,60.4
L,3.43,3.1,33.63,56.39,26.13,94.8,0,No Failure,116.2,56.2
L,3.72,1.94,31.56,40.45,20.92,109.886,0,No Failure,175.1,77.0
H,3.67,1.77,28.36,44.63,15.23,93.81,0,No Failure,184.5,80.3
M,3.75,2.05,37.59,64.91,9.51,91.15,0,No Failure,143.9,66.0
M,4.08,1.71,34.42,45.88,16.56,93.29,0,No Failure,197.1,84.8
L,3.92,1.8,24.75,40.35,20.8,97.1,0,No Failure,164.6,73.3
L,3.97,1.27,37.91,58.07,18.07,93.92,0,No Failure,168.5,74.7
M,4.02,1.0,29.67,44.72,12.63,94.5,0,No Failure,151.4,68.6
L,3.75,2.15,34.2,55.38,16.07,93.81,0,No Failure,196.6,84.6
H,3.99,1.69,28.48,41.6,20.24,88.66,0,No Failure,158.3,71.1
L,4.1,1.94,32.25,46.76,15.44,99.21,0,No Failure,175.3,77.1
L,3.7,1.62,35.86,30.97,24.87,93.92,0,No Failure,160.7,71.9
L,3.82,1.32,33.24,43.83,16.5,92.62,0,No Failure,183.7,80.1
M,3.92,1.75,38.77,50.36,10.67,89.16,0,No Failure,166.9,74.1
L,3.6,1.65,34.73,46.86,29.29,92.91,0,No Failure,175.4,77.1
M,3.77,1.54,34.82,54.07,10.01,86.48,0,No Failure,156.9,70.6
L,4.07,1.51,41.2,37.58,12.59,92.45,0,No Failure,137.0,63.5
M,3.89,2.22,42.25,41.61,25.78,94.88,0,No Failure,160.3,71.8
M,4.13,2.53,32.83,58.46,8.45,97.98,0,No Failure,120.0,57.5
M,3.98,1.8,30.81,46.34,16.92,108.38,0,No Failure,181.4,79.2
L,3.42,1.59,28.1,58.49,18.87,91.68,0,No Failure,139.4,64.4
L,3.77,2.04,34.38,44.74,21.37,95.52,0,No Failure,209.6,89.2
L,4.04,1.96,37.87,40.82,22.98,89.02,0,No Failure,157.7,70.8
L,3.95,1.65,38.89,61.43,27.51,100.0,0,No Failure,133.1,62.2
H,3.89,2.4,52.103,62.71,19.29,93.27,0,No Failure,153.2,69.3
M,3.8,2.44,36.5,40.3,16.73,94.07,0,No Failure,186.4,81.0
M,3.46,2.04,36.22,46.3,21.03,90.69,0,No Failure,170.6,75.4
L,3.59,2.07,29.81,47.88,6.62,96.77,0,No Failure,142.7,65.5
L,3.62,2.46,28.98,57.23,13.25,89.09,1,SEI Layer High Impedance,11.4,14.9
H,3.87,1.8,26.46,61.8,24.75,93.49,0,No Failure,157.7,70.9
M,4.15,2.75,36.24,50.73,32.41,94.77,1,Electrolyte Outgassing Swell,2.0,15.3
H,3.76,1.61,38.92,35.61,14.93,93.75,0,No Failure,172.6,76.1
L,3.88,2.09,29.48,56.08,30.41,96.87,0,No Failure,151.6,68.7
M,3.76,2.01,24.56,46.32,38.04,93.0,0,No Failure,138.2,64.0
L,4.07,2.06,32.71,42.2,16.71,92.91,0,No Failure,180.6,78.9
L,4.14,1.49,33.34,49.52,25.27,90.6,0,No Failure,158.3,71.1
L,3.86,2.28,40.93,47.94,23.88,93.66,0,No Failure,181.3,79.2
L,3.46,1.25,37.83,44.85,21.88,96.76,0,No Failure,150.4,68.3
L,3.75,2.34,32.46,44.24,18.54,99.52,0,No Failure,181.4,79.3
M,3.45,1.63,30.25,46.1,16.69,93.4,0,No Failure,171.3,75.7
H,3.81,2.28,33.29,40.66,14.61,97.68,0,No Failure,180.9,79.1
H,4.0,2.35,44.26,40.78,20.31,99.78,0,No Failure,132.1,61.8
L,3.51,1.87,50.2,41.55,20.84,87.33,0,No Failure,116.4,56.2
L,4.0,2.05,34.86,49.3,10.64,100.0,0,No Failure,171.5,75.7
L,3.82,1.6,23.14,55.68,15.05,96.91,0,No Failure,157.8,70.9
L,3.8,1.06,26.13,47.54,19.2,94.15,0,No Failure,176.2,77.4
L,4.03,1.12,26.02,60.77,11.95,94.1,0,No Failure,119.5,57.3
H,3.72,2.37,29.28,48.99,20.58,100.0,0,No Failure,165.7,73.7
M,3.75,1.77,35.08,50.01,21.66,96.24,0,No Failure,209.4,89.2
L,3.47,1.66,33.46,57.39,22.34,80.58,0,No Failure,154.5,69.7
L,3.94,2.17,42.52,31.76,9.91,94.1,0,No Failure,132.3,61.9
M,3.14,1.93,35.57,47.29,18.89,98.56,0,No Failure,202.9,86.9
M,3.63,2.7,44.19,59.23,29.28,96.86,1,Thermal Exotherm Warning,8.1,4.4
M,3.55,2.03,36.34,33.84,23.76,96.89,0,No Failure,150.3,68.2
L,3.84,1.6,28.23,46.81,12.75,100.0,0,No Failure,169.3,74.9
H,3.39,1.87,33.18,44.5,11.37,99.24,0,No Failure,152.9,69.2
L,3.6,1.84,32.2,46.08,9.02,100.0,0,No Failure,152.9,69.1
M,3.99,2.32,36.35,41.51,19.42,95.65,0,No Failure,180.7,79.0
H,3.65,2.29,39.4,36.79,17.02,89.78,0,No Failure,145.7,66.6
L,3.88,1.92,23.56,49.85,5.16,90.82,0,No Failure,143.0,65.6
H,3.86,1.65,39.45,54.74,16.62,96.21,0,No Failure,186.7,81.1
M,3.67,1.96,34.17,41.81,18.23,87.27,0,No Failure,179.4,78.5
M,3.82,1.63,27.73,41.36,14.45,94.58,0,No Failure,183.8,80.1
L,3.97,1.83,39.66,62.12,16.15,94.4,0,No Failure,172.3,76.0
L,3.73,1.81,32.05,60.26,14.8,94.425,0,No Failure,151.0,68.5
L,3.54,2.11,42.47,50.79,9.24,100.0,0,No Failure,127.9,60.3
H,4.0,2.16,27.96,52.19,22.42,98.52,0,No Failure,155.9,70.2
L,3.73,2.09,33.63,47.68,27.54,99.68,0,No Failure,176.7,77.6
L,3.88,1.31,32.33,37.89,20.01,94.53,0,No Failure,181.3,79.2
L,3.72,1.48,33.42,65.49,23.44,93.95,0,No Failure,161.3,72.1
L,3.82,2.36,42.94,34.31,22.53,96.68,0,No Failure,131.4,61.5
H,3.5,1.99,39.7,52.2,14.0,95.58,0,No Failure,164.1,73.1
L,3.82,0.85,29.93,49.32,18.46,93.74,0,No Failure,180.8,79.0
M,3.83,2.25,16.854,46.1,17.82,96.86,0,No Failure,204.9,87.6
L,3.91,2.03,35.61,42.6,15.8,95.02,0,No Failure,200.8,86.1
H,3.74,1.69,36.12,47.47,11.45,93.23,0,No Failure,197.4,84.9
H,3.96,2.13,32.84,54.22,10.55,91.24,0,No Failure,165.5,73.6
H,3.96,1.61,23.88,41.32,23.75,98.29,0,No Failure,140.8,64.9
M,4.03,1.93,35.82,52.47,21.52,100.0,0,No Failure,175.9,77.3
L,3.75,1.95,33.62,36.86,20.92,86.09,0,No Failure,165.3,73.6
H,3.52,1.39,44.91,51.23,7.88,89.67,0,No Failure,108.3,53.4
H,3.6,2.58,35.28,45.46,15.51,94.61,0,No Failure,176.0,77.3
H,3.5,1.2,34.22,45.19,4.09,99.79,0,No Failure,122.3,58.3
L,3.67,1.18,40.41,48.82,32.5,97.06,0,No Failure,133.8,62.4
H,3.9,1.54,30.49,49.23,23.21,100.0,0,No Failure,171.8,75.9
M,4.05,1.73,33.87,39.4,28.06,92.52,0,No Failure,162.2,72.4
H,4.0,2.54,40.57,41.79,24.72,99.22,0,No Failure,130.5,61.2
M,3.84,2.79,42.73,38.51,28.67,95.57,0,No Failure,124.7,59.2
L,3.92,2.09,32.81,74.718,15.63,92.16,0,No Failure,200.0,85.8
L,3.85,1.68,27.24,46.5,20.94,94.425,0,No Failure,176.1,77.4
L,3.77,1.77,40.98,43.03,15.25,97.46,0,No Failure,180.4,78.9
L,3.98,1.71,35.16,55.14,17.65,92.27,0,No Failure,192.4,83.1
L,3.66,1.66,29.95,50.8,24.3,94.12,0,No Failure,180.5,78.9
M,3.79,1.4,24.1,48.63,18.06,98.35,0,No Failure,168.1,74.5
M,3.7,1.62,34.97,54.94,21.34,98.25,0,No Failure,182.7,79.7
M,4.07,2.73,34.56,74.718,28.84,87.85,1,Electrolyte Outgassing Swell,4.9,11.2
L,3.95,1.76,30.7,45.98,32.54,95.46,0,No Failure,168.6,74.7
H,3.7,2.2,41.84,50.85,25.22,88.98,0,No Failure,146.9,67.0
L,4.01,1.72,38.69,37.67,12.22,100.0,0,No Failure,145.1,66.4
M,3.48,1.87,34.56,30.31,17.53,97.06,0,No Failure,156.0,70.3
M,4.15,1.48,32.52,60.81,23.8,99.9,0,No Failure,128.8,60.6
M,3.85,1.74,34.37,53.67,9.97,81.43,0,No Failure,151.1,68.5
L,3.58,1.75,36.69,39.35,16.15,96.94,0,No Failure,173.9,76.6
L,4.21,1.3,40.55,47.33,22.76,94.8,0,No Failure,150.7,68.4
L,3.55,2.26,38.23,40.47,16.09,87.21,0,No Failure,137.8,63.8
H,3.82,1.8,31.2,52.4,15.17,100.0,0,No Failure,187.9,81.6
L,4.1,2.3,34.33,45.56,22.11,93.84,0,No Failure,179.9,78.7
L,3.69,1.51,46.53,52.79,19.2,89.36,0,No Failure,143.7,65.9
H,3.82,2.12,38.37,41.53,27.16,89.48,0,No Failure,161.4,72.2
L,3.82,1.74,29.92,45.31,11.43,91.92,0,No Failure,186.4,81.0
M,3.62,1.58,35.64,45.41,21.77,89.0,0,No Failure,172.9,76.2
L,3.8,2.09,42.19,54.18,19.57,78.944,0,No Failure,185.1,80.6
M,3.98,1.58,39.83,51.87,11.0,95.21,0,No Failure,167.1,74.2
H,3.84,1.77,32.19,49.86,26.97,93.46,0,No Failure,197.4,84.9
M,3.99,1.3,29.26,37.45,23.31,94.83,0,No Failure,150.7,68.4
L,3.76,2.23,28.87,46.07,40.649,94.69,0,No Failure,185.4,80.7
L,4.16,1.84,33.88,41.92,19.97,89.34,0,No Failure,170.6,75.4
M,3.77,1.88,32.04,33.39,28.3,90.27,0,No Failure,154.1,69.6
M,3.81,2.69,39.94,45.44,5.51,88.48,1,SEI Layer High Impedance,5.9,15.1
M,3.57,2.33,35.74,49.67,19.41,94.58,0,No Failure,171.1,75.6
M,4.2,2.3,33.17,56.39,25.47,94.14,0,No Failure,147.0,67.1
M,3.49,1.13,35.43,55.93,19.59,100.0,0,No Failure,139.5,64.4
H,3.69,2.53,28.84,30.41,19.33,97.9,0,No Failure,131.4,61.5
L,3.69,1.9,31.51,43.89,24.08,90.88,0,No Failure,179.6,78.6
H,3.84,2.29,42.06,34.44,24.09,99.9,0,No Failure,132.2,61.8
H,4.17,2.23,28.82,37.8,26.27,93.78,0,No Failure,131.2,61.5
H,3.75,2.28,40.04,48.85,4.0,91.61,0,No Failure,148.2,67.5
L,3.14,2.3,52.103,47.88,35.07,89.06,0,No Failure,136.2,63.2
L,3.77,1.63,29.85,41.39,21.61,93.89,0,No Failure,187.1,81.2
M,3.71,1.11,39.51,36.71,13.73,91.11,0,No Failure,135.8,63.1
M,3.85,3.384,27.96,34.59,10.6,94.82,0,No Failure,158.3,71.1
L,3.81,1.23,39.55,34.19,22.93,98.73,0,No Failure,141.4,65.1
M,3.82,1.71,39.94,44.79,6.11,88.15,0,No Failure,153.2,69.3
L,4.07,1.48,30.1,53.63,17.99,95.69,0,No Failure,171.5,75.7
H,3.47,0.85,29.2,52.58,10.83,92.81,0,No Failure,116.8,56.4
L,3.66,2.01,48.23,46.37,18.24,94.63,0,No Failure,183.5,80.0
M,3.97,2.08,31.83,56.75,29.52,96.02,0,No Failure,156.3,70.3
M,3.78,1.04,36.04,53.64,15.94,93.86,0,No Failure,179.3,78.5
L,3.53,2.17,30.95,43.71,22.55,86.8,0,No Failure,141.8,65.2
L,3.65,2.2,34.17,38.13,20.02,100.0,0,No Failure,164.2,73.2
L,3.88,1.7,34.46,38.26,18.41,92.76,0,No Failure,172.6,76.1
L,3.83,1.91,33.63,58.98,19.09,93.23,0,No Failure,203.9,87.2
H,4.08,2.15,34.93,44.07,25.26,94.81,0,No Failure,177.1,77.7
H,4.0,1.49,38.01,41.13,21.91,96.81,0,No Failure,166.3,73.9
M,3.53,2.75,45.37,34.98,22.09,94.04,0,No Failure,104.8,52.1
L,4.1,1.74,31.56,55.49,7.5,96.51,0,No Failure,149.1,67.8
M,4.02,1.67,36.02,40.95,14.83,92.98,0,No Failure,179.7,78.6
L,4.02,1.72,31.06,52.71,14.96,96.81,0,No Failure,178.0,78.1
M,3.72,1.65,43.99,49.93,19.16,95.99,0,No Failure,180.4,78.9
H,3.77,1.02,35.86,45.03,25.31,95.62,0,No Failure,171.4,75.7
L,3.67,1.84,29.46,46.98,17.73,99.42,0,No Failure,155.2,70.0
L,3.75,1.84,33.86,53.94,22.71,94.54,0,No Failure,207.8,88.6
H,3.97,1.53,35.85,61.49,20.7,93.58,0,No Failure,172.3,76.0
L,4.11,2.3,37.54,49.03,18.43,94.425,0,No Failure,176.9,77.6
H,3.99,1.45,44.94,48.41,14.32,98.14,0,No Failure,149.3,67.9
L,3.73,2.0,40.51,35.82,16.87,100.0,0,No Failure,155.1,69.9
M,3.94,1.38,35.58,49.27,11.89,99.64,0,No Failure,168.3,74.6
L,3.6,1.91,35.57,52.73,12.56,96.91,0,No Failure,179.6,78.6
H,3.81,2.39,32.96,45.05,20.18,97.97,0,No Failure,189.8,82.2
M,3.98,1.88,30.56,52.11,23.64,87.95,0,No Failure,165.1,73.5
M,3.63,1.4,26.17,52.88,15.71,91.25,0,No Failure,148.4,67.5
M,3.81,1.3,26.42,46.73,18.17,88.64,0,No Failure,164.9,73.4
M,4.18,2.49,37.23,44.62,18.04,93.71,0,No Failure,163.3,72.8
H,3.71,1.99,39.9,66.02,17.66,92.87,0,No Failure,160.1,71.7
H,3.67,1.59,33.06,56.51,8.59,100.0,0,No Failure,147.3,67.2
M,3.87,2.23,29.12,55.87,22.3,99.04,0,No Failure,159.6,71.5
H,3.14,2.3,31.5,47.65,15.11,98.12,0,No Failure,183.9,80.1
L,3.75,1.49,30.39,45.73,9.32,89.47,0,No Failure,158.4,71.1
L,3.87,1.7,38.8,44.59,16.78,94.86,0,No Failure,202.4,86.7
M,3.79,2.07,29.49,38.47,16.9,99.23,0,No Failure,170.0,75.2
M,4.49,1.71,34.53,57.68,19.98,95.59,0,No Failure,202.8,86.8
L,3.67,2.0,36.21,39.22,23.08,86.78,0,No Failure,155.7,70.1
H,3.94,1.83,26.13,36.22,6.09,92.48,0,No Failure,135.9,63.1
L,3.94,1.75,38.84,30.2,17.11,90.31,0,No Failure,153.2,69.3
M,3.68,2.32,34.46,38.62,16.0,91.4,0,No Failure,171.1,75.6
L,3.84,1.67,34.08,46.22,23.96,98.84,0,No Failure,196.1,84.5
L,3.89,0.306,28.84,35.47,15.95,90.13,0,No Failure,155.3,70.0
M,4.0,1.54,29.42,37.1,23.56,97.4,0,No Failure,147.9,67.4
M,3.73,1.44,34.56,52.94,25.24,91.47,0,No Failure,166.7,74.1
L,3.89,2.01,36.26,47.47,25.14,88.31,0,No Failure,179.6,78.6
L,3.93,1.87,33.37,59.37,18.27,96.84,0,No Failure,191.9,83.0
M,3.77,1.6,33.47,49.5,16.71,100.0,0,No Failure,193.8,83.6
H,3.6,1.55,29.6,53.62,15.08,92.39,0,No Failure,163.6,73.0
L,3.7,2.53,34.11,46.58,23.78,93.15,0,No Failure,180.1,78.8
M,3.68,1.36,34.08,52.01,18.55,98.51,0,No Failure,183.3,79.9
L,3.68,1.46,35.27,46.44,17.99,87.54,0,No Failure,179.4,78.5
M,3.83,1.88,35.84,43.1,22.41,95.57,0,No Failure,208.6,88.9
L,3.57,2.09,33.15,46.94,21.78,92.26,0,No Failure,185.2,80.6
L,4.04,1.93,30.94,55.68,13.21,91.71,0,No Failure,164.6,73.3
L,3.58,2.23,38.46,50.93,7.51,95.9,0,No Failure,151.5,68.7
M,3.72,1.77,52.103,58.99,32.01,98.5,0,No Failure,132.0,61.8
L,4.03,2.58,31.27,58.43,18.88,89.68,1,SEI Layer High Impedance,12.7,20.0
L,3.93,2.05,30.93,53.92,29.31,94.94,0,No Failure,168.9,74.8
L,3.71,1.39,42.11,49.09,17.93,97.61,0,No Failure,171.7,75.8
M,4.01,1.88,29.31,61.61,21.57,100.0,0,No Failure,147.2,67.1
M,3.62,1.53,36.1,61.59,18.17,91.98,0,No Failure,138.4,64.0
L,3.82,2.13,34.62,43.2,16.2,98.18,0,No Failure,195.9,84.4
L,3.92,1.81,36.87,66.86,17.58,96.62,0,No Failure,170.9,75.5
M,3.82,1.85,28.61,40.31,16.91,95.37,0,No Failure,186.7,81.1
H,3.83,2.17,27.72,64.39,19.1,89.16,0,No Failure,147.6,67.3
L,3.62,2.61,31.28,42.69,19.03,98.93,0,No Failure,153.2,69.2
H,4.07,2.54,36.44,39.35,17.06,92.64,0,No Failure,155.9,70.2
M,3.65,2.24,30.53,49.14,18.09,92.44,0,No Failure,185.0,80.5
L,3.97,2.08,31.14,44.26,11.53,95.33,0,No Failure,177.2,77.8
H,3.69,1.93,36.11,36.72,18.23,89.4,0,No Failure,175.6,77.2
H,3.64,1.53,39.94,44.23,14.09,91.17,0,No Failure,161.9,72.3
L,4.49,1.24,40.69,42.1,10.38,97.15,0,No Failure,148.5,67.6
L,3.86,2.27,22.0,40.23,20.3,96.57,0,No Failure,150.0,68.1
L,3.87,0.97,29.27,44.44,28.54,78.944,0,No Failure,133.1,62.2
H,3.74,1.34,27.7,54.58,13.2,96.69,0,No Failure,154.5,69.7
M,3.69,1.83,46.43,45.18,15.27,95.31,0,No Failure,170.2,75.3
L,4.06,1.99,36.24,52.92,19.92,94.81,0,No Failure,192.0,83.0
L,3.89,1.52,37.42,55.35,7.45,97.05,0,No Failure,157.6,70.8
H,3.81,1.99,34.81,42.37,5.28,89.64,0,No Failure,154.1,69.6
M,3.88,1.74,32.84,56.15,29.07,100.0,0,No Failure,159.2,71.4
L,3.75,1.23,34.64,57.79,22.0,92.99,0,No Failure,174.1,76.7
L,3.92,1.25,33.84,49.26,5.42,83.32,0,No Failure,126.6,59.8
H,3.58,1.55,25.91,44.0,10.25,93.65,0,No Failure,146.1,66.8
M,3.84,1.42,34.72,44.82,15.42,91.55,0,No Failure,194.6,83.9
L,3.82,1.66,27.59,46.65,22.76,87.38,0,No Failure,154.4,69.7
M,3.49,1.64,33.25,41.13,16.36,93.01,0,No Failure,172.4,76.1
M,3.62,1.21,33.85,54.4,16.81,99.95,0,No Failure,157.4,70.7
M,3.76,1.99,29.73,47.95,8.25,88.12,0,No Failure,163.0,72.7
L,3.84,1.49,28.81,37.56,26.01,78.944,0,No Failure,160.7,71.9
H,3.99,1.96,38.41,53.6,36.19,95.23,0,No Failure,147.6,67.3
M,3.51,1.99,31.31,56.8,27.21,94.51,0,No Failure,155.0,69.9
L,3.83,1.73,26.4,48.03,10.27,94.31,0,No Failure,185.7,80.8
L,3.97,1.62,37.07,41.17,19.94,109.886,0,No Failure,183.0,79.8
M,3.54,1.28,22.52,43.3,15.63,98.39,0,No Failure,121.3,58.0
M,3.97,1.93,22.0,43.71,14.89,95.17,0,No Failure,160.8,71.9
H,3.37,2.63,34.81,53.65,28.92,96.25,0,No Failure,113.9,55.4
L,3.96,1.13,33.99,48.14,21.98,94.84,0,No Failure,187.6,81.4
L,3.91,1.56,38.69,46.38,24.85,89.69,0,No Failure,169.0,74.9
M,3.89,2.09,38.2,50.5,28.55,98.1,0,No Failure,167.3,74.3
L,3.75,2.35,31.28,48.37,19.37,100.0,0,No Failure,179.7,78.6
M,3.83,2.2,37.56,42.61,17.63,93.42,0,No Failure,197.9,85.1
L,3.94,1.55,33.32,39.86,4.0,99.32,0,No Failure,140.9,64.9
L,3.89,2.12,36.33,34.23,25.8,93.79,0,No Failure,166.7,74.0
M,3.89,2.59,32.61,43.71,25.14,89.46,1,SEI Layer High Impedance,3.7,24.6
M,3.45,2.36,16.854,54.52,17.09,94.57,0,No Failure,169.8,75.1
M,4.16,1.92,41.1,60.55,26.03,94.43,0,No Failure,138.5,64.0
M,4.49,2.45,28.66,44.02,13.54,93.24,0,No Failure,158.3,71.1
L,3.8,2.13,30.01,43.99,19.99,89.57,0,No Failure,181.8,79.4
L,4.38,2.01,35.11,52.42,30.06,93.42,1,Electrolyte Outgassing Swell,3.1,19.8
L,3.76,1.46,47.08,50.65,13.88,89.8,0,No Failure,142.6,65.5
M,3.93,2.03,39.04,48.96,12.41,89.41,0,No Failure,171.1,75.6
L,3.82,1.58,40.68,40.97,17.39,87.14,0,No Failure,153.1,69.2
H,3.72,1.85,40.18,45.93,9.85,93.4,0,No Failure,181.5,79.3
L,4.21,2.35,28.07,57.43,4.0,100.0,0,No Failure,86.8,45.7
H,3.81,2.31,37.65,52.23,22.51,95.33,0,No Failure,188.6,81.8
L,3.91,1.38,45.13,49.92,6.5,89.32,0,No Failure,124.0,58.9
L,3.88,2.54,25.38,48.79,20.58,92.35,0,No Failure,162.9,72.7
L,3.14,1.33,40.14,40.85,24.41,93.89,0,No Failure,161.6,72.2
H,3.67,2.07,46.8,47.86,11.74,90.78,0,No Failure,145.5,66.5
H,3.88,1.83,30.47,56.65,16.75,80.1,0,No Failure,171.4,75.7
L,4.14,2.11,34.01,30.8,19.36,91.3,0,No Failure,149.1,67.8
M,3.99,0.306,34.56,39.82,17.26,86.98,0,No Failure,144.3,66.1
M,3.63,1.89,33.97,52.11,22.08,94.24,0,No Failure,201.1,86.2
M,3.59,1.66,34.75,55.23,19.88,88.28,0,No Failure,169.2,74.9
L,3.82,1.99,31.45,43.75,10.68,90.82,0,No Failure,181.3,79.2
M,3.85,1.25,43.92,42.04,11.27,99.2,0,No Failure,133.9,62.4
H,3.75,1.83,29.69,47.49,18.98,94.0,0,No Failure,213.0,90.4
L,4.09,2.21,26.91,44.06,11.05,98.13,0,No Failure,135.3,62.9
M,3.77,2.61,36.53,46.15,19.61,97.2,0,No Failure,182.6,79.7
L,3.79,1.23,34.49,48.72,22.35,91.13,0,No Failure,189.1,82.0
M,3.14,1.75,38.98,37.75,24.98,100.0,0,No Failure,158.9,71.3
H,3.48,1.83,29.28,65.48,27.81,87.28,0,No Failure,102.6,51.4
M,4.33,1.99,35.14,46.57,20.79,100.0,0,No Failure,157.2,70.7
L,3.76,1.55,34.47,47.9,15.43,91.74,0,No Failure,204.6,87.5
H,3.85,1.8,31.24,44.32,17.37,95.08,0,No Failure,212.1,90.1
H,4.32,2.05,37.77,49.34,15.23,95.94,0,No Failure,160.7,71.9
M,4.09,1.94,35.82,46.61,19.94,100.0,0,No Failure,180.1,78.8
L,3.66,1.91,37.55,45.29,14.05,92.32,0,No Failure,187.6,81.4
M,3.92,2.0,39.16,57.33,22.33,100.0,0,No Failure,158.9,71.3
H,3.91,2.02,26.5,48.93,18.37,93.09,0,No Failure,191.0,82.6
L,3.82,1.94,32.04,74.718,14.92,95.43,0,No Failure,168.4,74.7
L,3.97,2.62,38.65,58.09,24.47,100.0,0,No Failure,125.7,59.5
L,3.72,2.17,43.12,24.29,26.23,85.17,0,No Failure,86.9,45.8
L,3.77,1.09,31.89,48.71,25.74,97.75,0,No Failure,165.8,73.7
H,3.99,1.67,41.54,46.45,40.649,94.04,0,No Failure,173.8,76.5
L,3.9,1.8,46.11,48.39,21.53,94.04,0,No Failure,182.0,79.5
H,3.95,1.25,30.02,48.28,19.76,98.74,0,No Failure,170.8,75.5
H,3.64,1.3,31.28,46.07,21.56,89.83,0,No Failure,162.3,72.5
L,3.61,1.77,23.88,57.29,22.58,91.32,0,No Failure,140.9,64.9
M,3.93,2.37,33.27,41.75,19.46,100.0,0,No Failure,169.3,74.9
M,3.66,1.55,39.46,49.47,24.34,97.05,0,No Failure,170.0,75.2
H,3.98,2.24,33.97,43.7,29.08,94.41,0,No Failure,172.3,76.0
M,3.76,1.91,29.71,44.15,20.9,96.13,0,No Failure,196.1,84.4
H,3.79,1.79,36.61,47.01,20.37,88.45,0,No Failure,198.3,85.2
M,3.56,2.39,38.81,42.45,8.81,92.83,0,No Failure,139.1,64.3
M,3.93,1.89,34.56,46.95,14.24,98.19,0,No Failure,200.9,86.2
L,3.48,2.39,36.7,30.11,22.09,91.49,0,No Failure,122.9,58.5
L,3.73,1.62,34.8,21.245,23.14,88.16,0,No Failure,173.1,76.3
L,3.85,1.25,31.16,36.6,21.65,90.42,0,No Failure,155.4,70.0
L,4.0,1.52,31.22,54.51,32.47,86.18,0,No Failure,119.0,57.2
H,3.75,1.38,33.54,24.3,21.93,93.9,0,No Failure,153.6,69.4
H,3.81,1.2,32.39,50.08,22.88,94.21,0,No Failure,190.5,82.5
M,3.93,1.58,34.21,51.23,17.82,91.03,0,No Failure,197.3,84.9
L,3.96,1.47,32.73,43.28,21.92,99.05,0,No Failure,170.9,75.5
L,3.71,1.75,39.08,48.79,6.37,95.52,0,No Failure,174.3,76.7
L,3.69,2.37,38.92,43.24,23.52,95.32,0,No Failure,167.7,74.4
L,3.9,2.15,32.21,45.56,22.2,97.2,0,No Failure,188.3,81.7
M,4.06,2.55,31.3,45.31,11.89,92.67,0,No Failure,152.0,68.8
L,3.92,1.89,40.3,42.65,18.97,92.07,0,No Failure,188.5,81.8
L,3.82,2.44,27.67,51.11,22.03,98.07,0,No Failure,149.7,68.0
L,3.96,1.77,36.34,50.78,28.68,98.91,0,No Failure,169.8,75.2
H,4.11,2.26,26.5,44.14,16.46,88.8,0,No Failure,137.0,63.5
L,3.52,2.58,41.39,37.83,36.5,96.79,0,No Failure,85.6,45.3
M,3.93,1.56,41.82,49.26,19.65,99.92,0,No Failure,168.7,74.7
L,3.88,1.96,37.17,53.38,14.43,94.63,0,No Failure,198.9,85.4
H,3.88,2.01,37.69,48.41,5.09,94.6,0,No Failure,181.6,79.3
L,3.61,1.74,39.21,50.43,21.58,86.75,0,No Failure,159.2,71.4
M,3.83,1.62,36.79,45.61,15.72,95.22,0,No Failure,207.7,88.6
M,3.8,2.62,40.2,46.35,30.9,98.62,0,No Failure,138.7,64.1
H,3.92,1.76,33.75,55.36,26.35,92.66,0,No Failure,181.9,79.4
H,4.16,1.6,35.38,47.24,17.23,94.3,0,No Failure,191.4,82.8
M,3.9,2.12,31.6,53.87,20.61,92.87,0,No Failure,189.0,81.9
M,3.7,1.68,36.65,49.7,14.63,90.78,0,No Failure,188.0,81.6
M,3.94,1.98,26.35,57.75,27.68,95.64,0,No Failure,148.1,67.5
L,3.78,2.54,34.06,52.84,13.8,92.74,0,No Failure,179.6,78.6
L,3.89,1.48,36.92,37.83,24.19,95.67,0,No Failure,170.6,75.4
L,3.73,1.56,42.22,56.22,17.69,88.58,1,Thermal Exotherm Warning,5.2,24.2
L,3.88,2.19,25.45,33.31,19.33,88.21,0,No Failure,134.1,62.5
L,3.8,1.5,30.75,58.67,11.73,89.22,0,No Failure,151.8,68.8
H,3.69,1.88,32.93,45.99,22.14,90.56,0,No Failure,193.0,83.4
L,3.57,2.23,32.97,47.14,16.02,92.88,0,No Failure,184.2,80.2
M,3.66,2.23,34.29,51.08,15.84,96.94,0,No Failure,187.8,81.5
H,3.8,1.72,35.79,55.56,15.1,95.2,0,No Failure,201.3,86.3
M,3.52,1.96,37.14,44.18,15.2,94.76,0,No Failure,182.5,79.6
L,3.74,2.1,26.61,44.27,17.99,93.36,0,No Failure,183.8,80.1
L,3.67,1.23,30.73,68.94,7.87,96.42,0,No Failure,111.4,54.5
L,3.97,1.69,27.06,47.2,26.02,91.92,0,No Failure,165.1,73.5
L,3.86,1.89,31.9,48.96,16.65,97.28,0,No Failure,209.2,89.1
H,3.48,1.56,40.3,47.85,24.14,93.41,0,No Failure,160.2,71.7
H,3.81,1.56,34.69,47.44,20.91,96.35,0,No Failure,212.5,90.3
H,3.81,1.23,33.45,46.02,22.28,95.86,0,No Failure,193.1,83.4
H,3.92,1.3,32.98,47.85,22.89,93.89,0,No Failure,191.3,82.8
M,3.82,2.35,41.84,49.38,22.43,95.28,0,No Failure,180.2,78.8
M,3.87,2.74,34.8,63.56,15.43,97.97,0,No Failure,146.0,66.7
L,3.82,1.42,30.98,37.36,17.8,98.31,0,No Failure,172.9,76.2
H,4.04,1.78,33.58,61.5,22.3,88.32,0,No Failure,152.5,69.0
M,3.43,1.76,27.65,48.98,22.78,91.81,0,No Failure,156.1,70.3
L,3.81,2.69,32.75,32.82,15.32,95.01,0,No Failure,158.8,71.2
M,3.86,2.06,35.8,41.72,12.96,91.44,0,No Failure,184.8,80.4
M,4.17,0.94,30.92,47.16,14.7,91.61,0,No Failure,139.6,64.5
M,4.04,1.16,29.3,40.46,17.12,87.03,0,No Failure,128.7,60.6
M,3.87,2.05,35.02,59.05,18.36,96.77,0,No Failure,193.6,83.6
M,3.77,1.89,31.01,57.74,17.22,88.42,0,No Failure,175.5,77.2
L,3.65,1.82,39.73,47.88,32.48,99.48,0,No Failure,136.1,63.2
L,3.63,2.08,36.39,21.245,20.99,93.51,0,No Failure,173.4,76.4
M,3.99,2.42,27.13,54.51,16.6,95.66,0,No Failure,155.6,70.1
L,3.59,1.9,40.32,39.5,15.28,95.36,0,No Failure,168.5,74.7
M,4.23,1.12,28.4,48.46,23.0,94.68,0,No Failure,142.3,65.4
H,3.72,1.76,39.21,45.24,7.3,100.0,0,No Failure,156.5,70.4
L,3.82,1.83,28.31,47.73,21.27,94.91,0,No Failure,187.5,81.4
H,3.66,1.7,40.74,51.04,20.55,97.27,0,No Failure,176.9,77.6
L,3.79,1.44,38.83,74.718,21.11,91.94,0,No Failure,167.1,74.2
L,4.19,1.58,34.74,45.01,19.52,93.38,0,No Failure,182.9,79.8
L,3.88,2.77,32.06,42.12,22.54,99.45,0,No Failure,149.1,67.8
L,3.7,0.9,30.4,54.18,22.77,93.51,0,No Failure,151.8,68.8
L,4.14,1.57,38.67,35.24,19.8,109.886,0,No Failure,149.5,68.0
L,4.1,1.73,39.41,44.06,4.24,93.68,0,No Failure,146.0,66.7
M,4.12,2.31,42.49,58.79,16.21,95.04,1,Thermal Exotherm Warning,11.5,18.8
M,3.6,2.49,33.26,41.86,28.0,94.49,0,No Failure,154.7,69.8
M,4.02,1.8,35.12,57.89,17.56,98.09,0,No Failure,180.5,78.9
L,3.82,1.35,33.48,49.41,17.43,94.29,0,No Failure,206.5,88.1
L,3.77,2.55,28.14,50.65,13.95,92.41,0,No Failure,162.9,72.7
