Type,Chamber Vacuum [mTorr],Shelf Temperature [C],Condenser Ice Temp [C],Agitator Torque [Nm],Compressor Discharge [psi],Dissolved Oxygen [%],Machine failure,Failure Mode,RUL [min],Health Index [%]
L,116.26,-23.36,-64.49,26.53,249.43,59.38,0,No Failure,181.9,79.4
H,109.29,-32.55,-62.7,36.4,220.0,43.11,1,Agitator Mechanical Drag,8.9,17.5
M,104.15,-18.1,-78.24,38.39,214.18,49.16,1,Agitator Mechanical Drag,5.0,26.0
L,86.69,-20.43,-70.35,25.39,187.75,59.71,0,No Failure,182.3,79.6
L,108.0,-28.57,-76.84,34.85,209.03,49.05,0,No Failure,146.2,66.8
M,103.92,-12.83,-61.23,23.99,208.73,56.48,0,No Failure,178.8,78.3
H,147.09,-17.89,-66.15,38.83,188.08,74.01,0,No Failure,144.1,66.0
L,114.09,-22.3,-72.29,19.54,174.65,64.03,0,No Failure,159.5,71.5
L,66.08,-17.1,-70.7,31.41,203.61,69.17,0,No Failure,174.7,76.9
M,90.49,-18.31,-66.61,27.34,265.32,55.54,0,No Failure,178.5,78.2
L,107.92,-19.9,-72.62,17.47,222.52,56.92,0,No Failure,175.2,77.1
H,116.52,-19.63,-61.75,30.18,197.44,66.33,0,No Failure,192.1,83.0
H,90.69,-16.96,-66.52,31.95,232.56,74.3,0,No Failure,181.2,79.2
M,109.98,-11.13,,28.59,232.07,56.78,0,No Failure,201.3,86.3
H,111.52,-8.75,-64.92,,172.47,64.58,0,No Failure,164.5,73.3
M,122.93,-27.45,-71.75,37.2,164.87,63.88,0,No Failure,137.4,63.7
L,100.03,-26.46,-58.81,32.58,292.76,63.67,0,No Failure,149.1,67.8
H,132.44,-20.48,-61.05,28.91,203.4,55.51,0,No Failure,181.9,79.4
H,131.95,-22.97,-70.76,32.98,198.93,76.22,0,No Failure,161.1,72.1
M,121.22,-15.78,-66.09,22.07,193.39,55.83,0,No Failure,179.7,78.6
L,129.76,-28.19,-64.57,30.14,225.24,61.32,0,No Failure,180.0,78.7
L,146.92,-15.05,-58.8,30.49,181.28,61.35,1,Vacuum Seal Micro-Leak,1.9,24.9
L,69.23,,-69.72,23.62,201.37,96.24,0,No Failure,116.3,56.2
M,94.75,-22.84,-61.84,39.74,252.21,73.09,0,No Failure,127.3,60.1
L,124.31,,-68.28,25.18,186.45,47.85,0,No Failure,169.3,74.9
L,118.31,-19.73,-67.07,31.15,216.73,64.42,0,No Failure,214.9,91.1
M,124.67,-11.33,-80.9,35.32,224.45,56.42,0,No Failure,143.3,65.8
M,94.91,-14.82,-62.35,59.01,251.03,58.12,0,No Failure,158.6,71.2
M,136.42,-25.82,-64.51,32.26,211.13,48.85,0,No Failure,160.4,71.8
M,105.81,-20.76,-73.56,32.52,218.15,56.8,0,No Failure,193.2,83.4
M,110.54,-14.89,-67.48,28.53,204.73,70.29,0,No Failure,212.1,90.1
M,3.28,-23.21,-68.07,29.99,225.69,4.28,0,No Failure,205.8,87.9
L,89.62,-18.67,-70.03,28.65,221.95,55.17,0,No Failure,204.5,87.4
L,83.88,-32.53,-66.56,29.28,224.62,48.97,0,No Failure,155.6,70.1
M,87.98,-8.82,-63.26,41.36,233.15,74.57,0,No Failure,120.6,57.7
L,85.02,-9.59,-58.29,29.56,201.21,67.44,0,No Failure,156.2,70.3
L,145.6,-10.83,-61.0,32.8,233.14,48.69,0,No Failure,135.5,63.0
M,147.68,-12.32,-63.0,25.46,207.41,68.88,0,No Failure,163.1,72.8
L,99.3,-28.73,-68.77,32.04,197.2,53.97,0,No Failure,170.8,75.5
H,140.88,-18.89,-62.94,24.42,212.39,79.48,0,No Failure,163.7,73.0
L,101.83,-32.14,-81.69,25.38,238.2,55.19,0,No Failure,128.2,60.4
H,116.17,-28.22,-74.73,22.08,273.8,64.94,0,No Failure,132.0,61.7
H,118.99,-25.59,,29.08,209.86,56.8,0,No Failure,195.0,84.1
H,116.18,-19.68,-66.42,29.05,229.35,47.14,0,No Failure,195.2,84.1
M,123.02,-4.44,-74.86,34.2,204.67,73.23,0,No Failure,138.8,64.2
L,130.39,-16.3,-68.66,32.2,194.01,63.39,0,No Failure,194.1,83.7
M,86.75,-24.03,-69.68,21.67,226.48,61.12,0,No Failure,175.7,77.2
M,69.32,-7.47,-53.44,29.69,234.69,69.29,0,No Failure,120.4,57.6
M,109.72,-14.45,-62.06,26.29,217.38,52.92,0,No Failure,193.2,83.4
L,133.92,-17.84,-63.13,28.24,220.47,65.06,0,No Failure,201.6,86.4
M,149.79,-27.86,-65.35,26.4,246.3,61.95,0,No Failure,156.1,70.3
M,74.41,-12.23,-61.12,31.32,279.29,75.87,0,No Failure,114.7,55.6
L,131.32,-23.79,-81.1,29.88,198.03,50.9,0,No Failure,144.6,66.2
L,127.1,-15.18,-72.67,26.65,201.91,64.37,0,No Failure,191.6,82.8
M,121.83,-20.37,-70.13,37.66,206.12,57.31,0,No Failure,179.9,78.7
L,151.46,-13.47,-64.62,26.05,209.48,61.95,0,No Failure,180.9,79.1
M,165.11,-20.01,-66.02,28.96,236.71,84.94,0,No Failure,144.7,66.3
M,103.51,-20.58,-62.08,24.44,192.91,35.14,0,No Failure,147.8,67.4
L,109.26,-18.43,-67.14,32.18,225.31,75.31,0,No Failure,199.0,85.5
M,-8.56,-19.22,-67.96,20.8,218.67,81.81,0,No Failure,177.8,78.0
M,146.3,-26.38,-69.0,45.69,248.03,50.89,0,No Failure,131.6,61.6
M,144.78,-29.02,-67.09,30.29,191.67,44.7,0,No Failure,142.1,65.3
M,122.11,-1.57,-69.99,26.28,199.5,65.39,0,No Failure,164.7,73.3
M,105.1,-18.46,-66.65,32.53,207.1,60.66,0,No Failure,212.7,90.3
M,147.31,-13.37,-79.26,28.06,207.34,54.88,0,No Failure,156.3,70.3
L,93.58,-29.15,-66.01,8.16,187.44,79.61,0,No Failure,145.2,66.4
L,85.21,-16.54,-65.36,,159.83,61.49,0,No Failure,160.6,71.9
M,82.37,-20.71,-70.75,35.45,199.61,72.46,0,No Failure,161.3,72.1
M,136.78,-30.9,-59.43,16.85,228.7,65.35,0,No Failure,117.6,56.7
H,94.77,-26.3,-49.29,28.71,233.75,65.58,0,No Failure,144.0,66.0
L,82.18,-21.23,-59.55,30.55,215.29,74.59,0,No Failure,165.4,73.6
H,104.07,-23.76,-67.67,24.64,282.68,73.24,0,No Failure,151.1,68.5
M,131.88,-21.51,-72.57,28.92,192.67,61.63,0,No Failure,188.6,81.8
L,112.39,-12.99,-69.88,24.81,236.72,74.36,0,No Failure,178.2,78.1
L,123.24,-20.56,-59.76,26.56,234.99,42.3,0,No Failure,155.2,70.0
M,84.62,-14.18,-70.76,26.79,179.23,53.5,0,No Failure,166.4,73.9
L,98.19,-24.19,-62.64,35.64,192.05,55.66,0,No Failure,156.8,70.5
H,79.84,-15.58,-76.3,27.81,225.39,49.38,0,No Failure,164.2,73.1
M,145.47,-14.35,-63.41,31.29,193.8,82.42,0,No Failure,143.4,65.8
L,109.31,-22.31,-65.26,26.98,203.62,78.6,0,No Failure,185.5,80.7
H,94.52,-19.43,-81.19,28.05,227.57,47.98,0,No Failure,160.3,71.8
H,113.44,-15.87,-66.55,28.1,225.16,59.68,0,No Failure,217.6,92.1
L,-13.28,-16.19,-70.46,25.68,199.58,53.23,0,No Failure,193.2,83.4
M,123.03,-24.91,-78.8,26.79,216.87,51.47,0,No Failure,162.8,72.7
L,143.21,-26.86,-62.07,47.94,241.02,94.01,0,No Failure,122.6,58.4
M,123.89,-34.76,-67.09,21.93,231.58,64.92,0,No Failure,152.3,68.9
M,128.98,-12.73,-69.61,35.76,227.04,45.51,0,No Failure,156.2,70.3
L,104.04,-12.94,-69.91,27.93,252.13,72.47,0,No Failure,178.4,78.2
L,94.29,-20.87,-82.15,24.49,157.23,68.48,0,No Failure,126.1,59.7
L,74.51,-19.54,-76.27,28.01,190.05,51.4,0,No Failure,157.5,70.8
L,,-18.43,-77.13,20.91,190.44,47.3,0,No Failure,137.6,63.7
M,121.35,-7.43,-74.65,25.1,204.03,60.36,0,No Failure,168.5,74.7
M,84.44,-20.63,-69.66,26.81,264.11,62.04,0,No Failure,176.4,77.5
M,112.7,-14.29,-69.82,30.53,235.64,46.04,0,No Failure,181.9,79.4
L,87.16,-19.81,-65.74,28.62,,62.96,0,No Failure,211.1,89.8
L,117.75,-33.61,-83.32,30.43,233.06,78.25,0,No Failure,113.5,55.2
M,105.52,-20.01,-71.03,27.28,236.54,50.18,0,No Failure,189.5,82.1
M,110.45,-13.11,-66.74,37.52,196.11,7.1,0,No Failure,179.3,78.5
H,84.35,-25.59,-59.35,21.14,222.4,62.82,0,No Failure,152.0,68.8
L,143.11,-15.67,-59.28,38.5,222.31,45.62,1,Agitator Mechanical Drag,13.0,15.7
L,87.75,-23.7,-60.08,26.56,164.32,,0,No Failure,130.5,61.2
H,142.69,-33.39,-69.47,23.28,217.58,74.84,0,No Failure,140.0,64.6
M,118.74,-9.76,-64.64,36.41,249.86,59.19,0,No Failure,154.8,69.8
L,59.66,-19.3,-71.68,31.51,219.41,63.11,0,No Failure,179.5,78.6
H,73.5,-10.24,-65.09,34.11,200.85,41.64,0,No Failure,133.0,62.1
M,102.52,-3.0,-67.07,21.18,276.82,75.29,1,Compressor High-Head Trip,5.3,11.0
M,-18.54,-12.95,-68.97,36.5,229.0,78.49,0,No Failure,154.9,69.9
L,103.66,-26.37,-68.64,22.63,193.35,52.21,0,No Failure,167.8,74.4
L,103.21,-20.58,-65.59,23.6,343.28,69.25,0,No Failure,194.0,83.7
H,59.84,-30.29,-75.75,25.04,,65.36,0,No Failure,103.8,51.8
L,158.23,-21.02,-72.5,22.22,246.77,61.47,0,No Failure,148.3,67.5
M,90.23,-18.51,-74.6,23.51,224.65,56.92,0,No Failure,178.7,78.3
H,120.63,-7.75,-67.2,25.81,208.8,84.04,0,No Failure,161.3,72.1
M,178.56,-17.21,-72.72,35.86,206.9,50.37,0,No Failure,134.8,62.7
M,82.02,-10.69,-61.69,25.5,204.01,67.9,0,No Failure,161.4,72.2
H,100.95,-19.25,-71.53,26.37,210.03,58.94,0,No Failure,207.1,88.3
L,98.02,-23.13,-66.57,35.6,216.97,64.17,0,No Failure,189.2,82.0
L,100.24,-21.62,-79.92,35.68,216.31,44.7,0,No Failure,143.7,65.9
L,90.61,-17.0,-74.17,20.92,204.76,74.29,0,No Failure,160.1,71.7
M,144.51,-16.18,-66.14,22.41,196.29,73.07,0,No Failure,161.0,72.0
L,137.08,-18.19,-60.48,28.15,267.84,66.32,0,No Failure,160.9,72.0
M,156.05,-33.36,-71.67,28.14,184.15,71.82,0,No Failure,127.0,60.0
M,142.27,-16.79,-75.29,26.35,229.2,60.67,0,No Failure,178.1,78.1
H,84.59,-21.21,-64.53,,206.31,61.39,0,No Failure,158.9,71.3
M,116.68,-9.32,-71.14,28.88,201.21,35.4,0,No Failure,157.2,70.7
L,121.93,,-70.41,26.25,243.35,69.82,0,No Failure,176.4,77.5
L,104.04,-18.87,-71.91,26.77,211.52,64.42,0,No Failure,212.1,90.1
L,81.72,-18.91,-98.35,16.96,190.42,55.06,0,No Failure,147.2,67.1
L,178.05,-23.27,-78.08,29.56,210.92,63.88,0,No Failure,145.3,66.5
M,114.45,-26.28,-65.0,30.37,203.05,80.8,0,No Failure,167.9,74.5
H,183.4,-27.86,-63.67,22.74,199.1,62.19,0,No Failure,128.0,60.3
H,105.04,-7.55,-60.8,28.92,199.77,65.96,0,No Failure,174.7,76.9
M,98.08,-16.13,-66.5,31.74,195.91,50.66,0,No Failure,185.1,80.6
L,142.09,-11.02,-64.1,,214.08,58.04,0,No Failure,179.8,78.7
M,86.17,-21.79,-74.11,20.68,235.59,47.93,0,No Failure,140.8,64.9
M,105.19,-17.05,-68.97,28.5,245.6,47.52,0,No Failure,191.9,83.0
H,149.58,-26.95,-67.68,22.74,189.23,61.13,0,No Failure,155.9,70.2
L,101.12,-18.05,-70.12,30.24,194.51,60.6,0,No Failure,208.1,88.7
H,180.53,-17.73,-61.92,34.37,223.5,57.27,0,No Failure,145.4,66.5
L,274.04,-16.36,-62.26,30.73,,66.97,0,No Failure,149.5,68.0
H,122.06,-29.49,-58.72,30.67,208.15,37.31,0,No Failure,131.3,61.5
M,121.28,-31.89,-59.9,24.16,328.7,62.06,0,No Failure,159.5,71.5
M,124.38,-20.53,-64.41,14.02,201.77,80.51,0,No Failure,134.7,62.7
L,111.25,-20.88,-66.32,28.26,225.85,37.86,0,No Failure,184.9,80.5
L,87.56,-26.41,-63.51,28.45,196.07,48.74,0,No Failure,160.9,72.0
L,72.88,-24.38,-65.27,27.71,219.19,66.4,0,No Failure,180.6,79.0
H,82.42,-6.98,-61.15,26.01,100.32,69.44,0,No Failure,151.0,68.5
L,,-22.27,-67.13,26.74,165.29,59.83,0,No Failure,183.2,79.9
M,105.1,-15.9,-65.15,23.91,244.0,48.33,0,No Failure,171.8,75.9
L,114.59,-24.8,-69.63,31.07,232.07,37.09,0,No Failure,161.1,72.0
M,109.13,-10.82,-65.12,25.06,241.87,60.76,0,No Failure,184.9,80.5
L,135.21,-2.68,-68.84,30.47,230.55,68.94,0,No Failure,157.4,70.8
H,168.69,,-68.19,26.98,199.42,49.36,0,No Failure,157.3,70.7
L,120.34,-22.01,-64.83,31.92,251.37,56.74,0,No Failure,173.9,76.6
H,99.16,-10.08,-60.55,35.17,206.1,60.54,0,No Failure,164.6,73.3
L,127.03,-21.52,-69.95,29.26,257.95,47.34,0,No Failure,164.5,73.3
L,111.39,-12.98,-67.96,32.25,273.67,71.43,0,No Failure,165.2,73.5
M,90.84,-15.13,-63.2,28.73,228.24,46.74,0,No Failure,175.8,77.3
M,115.59,-15.56,-68.94,39.52,243.0,48.33,1,Agitator Mechanical Drag,3.4,25.5
L,85.68,-18.69,-62.19,22.73,216.63,63.33,0,No Failure,185.3,80.6
L,91.88,-31.1,-72.39,32.26,212.58,70.33,0,No Failure,158.4,71.1
L,98.56,-20.67,-67.79,,198.41,57.72,0,No Failure,191.8,82.9
M,103.8,-18.38,-68.56,31.41,230.93,59.02,0,No Failure,210.3,89.5
M,129.75,-15.29,-74.43,22.55,192.1,67.27,0,No Failure,162.4,72.5
M,81.15,-14.29,-67.42,35.54,244.57,45.46,0,No Failure,146.1,66.8
M,128.79,-21.24,-69.3,30.3,203.91,70.99,0,No Failure,190.5,82.5
M,90.03,-9.59,-75.07,15.19,225.11,78.43,0,No Failure,115.4,55.9
L,107.76,-24.81,-59.77,30.2,228.85,55.5,0,No Failure,175.8,77.3
L,136.07,-23.08,-75.62,22.69,233.22,60.53,0,No Failure,157.9,70.9
L,71.42,-25.23,-59.46,19.81,216.23,57.84,0,No Failure,139.4,64.4
L,133.14,-11.41,-77.51,32.51,256.78,82.17,0,No Failure,114.7,55.6
L,91.07,-17.0,-64.2,23.61,203.49,41.48,0,No Failure,162.5,72.5
M,-52.4,-23.9,-41.32,25.71,236.61,45.83,0,No Failure,148.2,67.5
M,93.67,-21.87,-72.75,22.45,214.86,76.7,0,No Failure,166.4,73.9
M,80.6,-12.17,-61.1,25.16,247.24,50.71,0,No Failure,140.5,64.7
M,119.01,,-65.99,40.26,201.16,55.73,0,No Failure,152.9,69.2
M,101.06,-27.28,-64.83,18.58,181.47,52.32,0,No Failure,137.2,63.6
H,89.89,-19.03,-66.82,34.5,241.26,49.08,0,No Failure,167.4,74.3
M,45.22,-19.84,-63.41,30.44,191.73,76.37,0,No Failure,138.4,64.0
L,79.34,-33.6,-67.37,23.35,209.25,65.82,0,No Failure,154.5,69.7
M,109.44,-16.44,-73.07,25.74,235.04,85.26,0,No Failure,167.2,74.2
H,78.18,-21.7,-76.45,34.23,202.32,55.31,0,No Failure,151.2,68.5
L,129.34,-18.76,-70.92,32.31,234.53,65.69,0,No Failure,188.1,81.6
H,123.86,-6.49,-72.74,22.76,173.97,71.56,0,No Failure,132.5,61.9
L,108.32,-12.73,-65.95,23.23,223.38,55.4,0,No Failure,189.3,82.0
L,115.44,-25.28,-70.18,37.78,209.04,72.62,0,No Failure,164.7,73.3
L,93.52,-15.3,-68.28,22.05,223.03,64.43,0,No Failure,193.3,83.5
L,-18.41,-20.82,-74.98,25.07,222.67,62.15,0,No Failure,188.9,81.9
L,90.03,-17.18,-63.82,23.15,197.74,52.22,0,No Failure,171.8,75.9
M,113.22,-17.35,-63.66,28.44,201.07,55.21,0,No Failure,205.6,87.8
M,119.29,-19.49,-68.28,,196.58,51.96,0,No Failure,189.7,82.2
L,87.59,-25.13,-73.37,31.37,213.21,,0,No Failure,168.1,74.5
L,116.99,-21.55,-76.01,29.42,221.03,66.97,0,No Failure,190.7,82.6
L,76.49,-10.92,-75.67,24.51,205.64,43.43,0,No Failure,134.0,62.5
L,128.69,-8.99,-54.12,33.63,261.87,54.42,1,Compressor High-Head Trip,5.1,9.5
M,151.86,-21.08,-69.13,27.75,230.05,80.37,0,No Failure,163.1,72.8
M,108.05,-11.15,-65.31,30.38,206.61,58.38,0,No Failure,198.2,85.2
H,137.97,-23.91,-69.98,24.17,200.99,49.75,0,No Failure,161.6,72.2
H,93.89,-13.71,-73.73,32.46,223.58,46.02,0,No Failure,162.2,72.4
M,132.25,-19.1,-75.58,26.7,224.42,43.54,0,No Failure,163.3,72.8
M,99.08,-14.44,-70.64,26.18,190.07,62.96,0,No Failure,192.8,83.3
L,109.86,-19.71,-71.7,32.6,187.07,68.46,0,No Failure,186.3,81.0
H,163.97,-14.92,-74.12,34.82,205.92,69.24,0,No Failure,144.0,66.0
L,79.38,-24.06,-70.25,27.39,236.07,64.5,0,No Failure,178.4,78.2
L,106.71,-18.22,-64.65,23.13,202.66,69.74,0,No Failure,192.7,83.2
L,147.94,-7.2,-66.97,33.0,171.55,39.27,0,No Failure,111.7,54.5
L,97.21,-40.01,-62.53,30.48,179.71,41.72,0,No Failure,145.1,66.4
L,147.82,-15.85,-63.07,33.5,211.43,57.26,0,No Failure,171.4,75.7
M,135.59,-13.11,-62.03,35.93,192.05,47.92,0,No Failure,136.9,63.5
M,47.87,-13.24,-67.3,2.27,236.8,59.2,0,No Failure,160.3,71.8
L,113.16,-16.21,-76.9,26.83,156.82,50.81,0,No Failure,151.7,68.7
H,75.27,-13.26,-75.53,23.21,247.04,70.69,0,No Failure,135.8,63.1
M,120.82,-4.67,-74.74,29.8,253.11,54.43,1,Compressor High-Head Trip,6.6,20.6
L,104.23,-19.74,-64.29,34.7,216.24,48.52,0,No Failure,182.2,79.5
M,45.0,-18.86,-71.22,28.87,216.32,65.4,0,No Failure,178.8,78.3
L,115.74,-11.41,-68.94,33.35,239.75,54.46,0,No Failure,176.2,77.4
M,153.23,-19.56,-70.83,34.91,209.52,78.31,0,No Failure,152.7,69.1
L,134.72,-9.73,-70.96,29.02,221.21,63.51,0,No Failure,187.4,81.4
M,113.86,-21.27,-64.95,28.1,197.38,56.55,0,No Failure,201.0,86.2
L,107.14,-12.22,-73.66,27.28,240.11,58.6,0,No Failure,184.1,80.2
L,121.1,-28.45,-65.56,23.89,240.64,72.31,0,No Failure,155.2,70.0
L,133.3,-29.36,-67.59,29.82,173.24,51.62,0,No Failure,150.5,68.3
L,105.75,-13.78,-67.63,32.62,232.62,55.72,0,No Failure,193.1,83.4
L,126.66,-16.56,-64.46,31.59,176.93,78.21,0,No Failure,159.1,71.3
L,133.56,-18.52,-66.26,29.23,176.08,53.6,0,No Failure,179.8,78.7
L,126.94,-20.28,-65.76,24.55,249.19,56.27,0,No Failure,175.4,77.1
L,93.03,-19.16,-69.36,40.47,231.47,77.68,0,No Failure,152.3,68.9
L,79.21,-27.34,-64.02,30.32,208.21,49.91,0,No Failure,158.2,71.0
M,99.84,-11.32,-66.88,32.78,245.5,64.55,0,No Failure,178.1,78.1
L,104.15,-30.86,-67.18,30.9,220.03,82.06,0,No Failure,162.6,72.6
L,111.99,-10.08,-68.54,24.24,205.35,79.05,0,No Failure,173.8,76.6
M,101.83,-15.34,-69.74,36.19,240.25,,0,No Failure,154.5,69.7
H,125.13,-5.35,-66.47,39.81,206.66,62.24,0,No Failure,154.3,69.6
L,118.82,-20.11,-80.0,31.31,241.32,72.16,0,No Failure,156.2,70.3
M,132.15,-12.63,-66.62,25.58,258.78,72.5,0,No Failure,157.0,70.6
H,134.75,-13.5,-65.78,34.69,204.41,68.87,0,No Failure,170.8,75.5
L,46.83,-16.38,-65.68,35.35,213.12,71.09,0,No Failure,152.0,68.8
L,172.84,-20.35,-70.69,25.89,212.46,54.04,0,No Failure,163.7,73.0
H,160.4,-20.43,-80.22,37.83,218.67,63.3,0,No Failure,133.8,62.4
M,111.14,-10.12,-68.86,29.87,215.41,69.32,0,No Failure,202.3,86.7
M,105.96,-10.05,-65.9,26.84,188.75,35.78,0,No Failure,152.6,69.0
M,142.8,-17.07,-69.49,37.42,216.43,77.36,0,No Failure,161.1,72.0
M,102.24,-16.74,-60.36,19.15,211.19,44.68,0,No Failure,154.3,69.7
M,129.13,-13.71,-64.25,31.93,182.48,63.91,0,No Failure,173.0,76.3
M,105.19,-20.53,-64.43,36.59,366.98,73.14,0,No Failure,170.3,75.3
M,109.23,-24.4,-58.84,32.7,185.54,57.04,0,No Failure,160.2,71.7
M,118.96,-14.92,-64.71,22.74,204.2,59.91,0,No Failure,190.0,82.3
L,124.68,-26.92,-66.76,21.63,248.68,46.77,0,No Failure,140.8,64.9
M,132.48,-12.17,-67.5,36.89,178.79,58.75,0,No Failure,156.4,70.4
M,109.46,-13.46,-61.71,22.91,239.31,52.05,0,No Failure,164.5,73.3
L,129.69,-19.45,-61.53,24.76,218.86,76.1,0,No Failure,171.1,75.6
H,99.42,-21.08,-61.0,,222.51,52.19,0,No Failure,146.1,66.7
L,145.16,0.33,-63.35,32.69,241.02,47.54,0,No Failure,126.6,59.8
L,127.45,-15.51,-68.12,28.42,220.68,61.3,0,No Failure,217.2,91.9
M,132.4,-16.62,-59.06,27.95,183.13,70.69,0,No Failure,163.1,72.8
L,105.5,-15.43,-62.18,21.96,263.93,59.76,0,No Failure,161.1,72.1
M,120.59,-4.56,-72.46,33.53,220.74,72.04,0,No Failure,154.0,69.5
L,137.43,-18.9,-79.3,27.53,238.86,73.48,0,No Failure,154.0,69.5
M,99.95,-16.77,-53.0,27.53,264.49,43.64,0,No Failure,128.7,60.6
L,,-14.29,-67.52,28.2,210.17,53.48,0,No Failure,213.0,90.4
H,77.06,-21.74,-69.25,33.52,265.04,40.17,0,No Failure,127.4,60.1
L,126.02,-9.44,-75.0,26.55,208.4,58.87,0,No Failure,174.3,76.7
H,154.43,-17.94,-60.69,27.42,232.88,69.21,1,Vacuum Seal Micro-Leak,5.9,28.5
L,124.97,-24.96,-73.59,22.28,215.81,68.73,0,No Failure,168.0,74.5
L,91.44,-10.36,-77.67,28.74,255.84,59.43,0,No Failure,152.5,69.0
M,111.99,-20.11,-68.56,33.85,186.32,46.28,0,No Failure,175.0,77.0
H,108.06,-21.38,-69.22,29.44,272.41,62.69,0,No Failure,187.8,81.5
H,106.1,-19.2,-77.77,34.05,186.57,68.04,0,No Failure,164.1,73.1
H,84.84,-30.53,-59.9,34.26,199.41,56.0,0,No Failure,134.0,62.5
L,128.33,-25.03,-71.89,32.82,256.73,55.61,0,No Failure,151.5,68.6
L,107.88,-45.25,-59.84,37.68,232.52,51.46,0,No Failure,146.6,66.9
L,102.39,-11.67,-72.41,26.5,391.52,68.81,0,No Failure,164.1,73.1
M,137.6,-17.67,-66.23,31.59,208.76,63.05,0,No Failure,201.1,86.2
L,117.28,-24.48,-61.42,33.42,193.09,80.4,0,No Failure,145.7,66.6
M,142.38,-23.42,-73.42,29.06,201.27,52.87,0,No Failure,166.7,74.0
H,83.12,-26.63,-62.53,33.24,212.81,66.79,0,No Failure,162.8,72.7
H,140.73,-18.33,-67.24,,198.94,73.87,0,No Failure,176.3,77.4
L,143.04,-14.25,-64.37,32.12,173.36,53.73,0,No Failure,150.0,68.1
L,149.62,-18.9,-69.28,28.47,227.64,63.87,0,No Failure,197.3,84.9
L,113.08,-18.86,-73.41,31.28,195.98,32.81,0,No Failure,158.2,71.0
L,89.35,-19.68,-67.14,34.44,234.3,72.9,0,No Failure,173.7,76.5
H,127.64,-17.45,-79.06,35.18,226.79,53.9,0,No Failure,156.8,70.5
L,103.18,-16.44,-63.73,29.56,218.78,74.89,0,No Failure,195.5,84.2
L,86.32,-14.87,-68.88,22.0,229.62,69.98,0,No Failure,173.5,76.4
M,130.05,-19.34,-75.2,31.49,219.84,61.57,0,No Failure,190.7,82.5
M,102.25,-13.25,,38.55,164.51,66.95,0,No Failure,147.6,67.3
L,105.98,-17.96,-67.73,34.98,206.16,73.26,0,No Failure,194.7,84.0
L,94.95,-17.07,-72.66,36.06,245.91,48.93,1,Agitator Mechanical Drag,3.2,24.4
M,81.61,-17.35,-74.65,33.27,236.29,59.11,0,No Failure,169.2,74.9
M,116.66,-21.97,-66.63,33.9,242.22,61.08,0,No Failure,187.3,81.3
L,164.45,-13.2,-64.76,24.27,186.21,70.3,0,No Failure,140.1,64.6
M,107.39,-10.02,-72.12,29.48,217.13,67.85,0,No Failure,194.4,83.9
H,66.07,-47.85,-70.83,31.57,232.22,60.6,0,No Failure,164.7,73.3
L,126.68,-32.38,-71.51,30.89,174.15,57.63,0,No Failure,145.0,66.3
H,143.28,-16.4,,26.52,215.0,55.53,0,No Failure,182.5,79.6
H,87.19,-15.4,-63.87,34.71,226.23,58.09,0,No Failure,175.3,77.1
H,99.37,-58.97,-61.88,34.58,189.3,99.02,0,No Failure,143.5,65.8
L,122.23,-20.07,-53.68,19.7,179.59,54.57,0,No Failure,127.6,60.2
L,84.87,-15.36,-79.62,32.4,235.22,55.97,0,No Failure,151.5,68.6
L,100.69,-14.15,-68.71,27.8,144.01,51.03,0,No Failure,160.6,71.9
L,118.73,-10.92,-68.51,27.72,182.92,56.9,0,No Failure,185.8,80.8
H,105.54,-16.17,-72.85,26.79,185.4,70.38,0,No Failure,183.5,80.0
M,105.72,-18.44,-67.4,34.77,264.42,41.79,0,No Failure,155.3,70.0
L,82.96,-19.26,-79.91,22.4,202.53,66.92,0,No Failure,152.4,69.0
L,98.17,-14.3,,32.58,242.72,60.28,0,No Failure,188.0,81.6
L,120.84,-14.25,-60.75,35.83,194.52,55.91,0,No Failure,159.5,71.5
M,70.0,-16.01,-68.23,40.02,221.24,53.64,0,No Failure,156.3,70.4
M,170.18,-23.74,-76.03,34.32,219.34,61.59,0,No Failure,142.4,65.4
M,151.62,-14.01,-71.13,12.0,210.6,44.52,0,No Failure,117.7,56.7
M,138.46,-13.8,-69.98,31.1,230.54,56.77,0,No Failure,180.1,78.8
M,120.43,-23.27,-64.45,22.84,196.73,65.27,0,No Failure,176.9,77.6
H,100.27,-24.99,-72.25,31.33,202.75,64.57,0,No Failure,184.6,80.4
M,124.67,-24.3,-63.09,34.7,189.5,65.23,0,No Failure,161.7,72.3
L,113.19,-16.4,-64.12,27.72,172.4,72.55,0,No Failure,179.3,78.5
H,97.32,-21.03,-69.68,24.64,216.03,61.9,0,No Failure,206.8,88.2
L,97.58,-13.17,-64.35,20.74,212.43,63.25,0,No Failure,182.5,79.6
L,154.48,-22.19,-67.75,32.03,196.43,53.21,0,No Failure,164.3,73.2
H,124.7,-17.54,-73.64,-9.39,198.44,58.86,0,No Failure,172.7,76.2
L,126.66,-17.27,-75.57,27.35,190.15,60.78,0,No Failure,185.6,80.7
L,114.97,-24.95,-65.77,38.8,199.37,58.01,0,No Failure,166.3,73.9
M,152.36,-22.46,-67.3,22.04,210.3,71.31,0,No Failure,162.5,72.6
H,139.43,-17.82,-65.35,32.63,206.4,60.88,0,No Failure,193.0,83.4
L,110.12,-14.14,-73.05,31.4,238.22,68.9,0,No Failure,183.2,79.9
L,,-4.5,-65.11,36.18,206.96,39.59,1,Agitator Mechanical Drag,6.6,15.1
M,109.44,-20.78,-64.41,31.2,246.88,72.1,0,No Failure,180.2,78.8
H,139.26,-18.16,-87.53,51.45,258.66,69.89,0,No Failure,132.6,62.0
L,106.46,-31.85,-72.53,29.82,254.73,67.67,0,No Failure,154.3,69.7
L,112.67,-21.7,-64.76,23.2,225.75,59.66,0,No Failure,193.8,83.7
M,106.83,-20.26,-69.59,39.25,242.36,66.7,0,No Failure,171.2,75.6
M,129.58,-11.88,-77.67,34.1,215.19,61.62,0,No Failure,167.3,74.3
M,84.93,-13.21,-98.6,25.4,202.13,68.65,0,No Failure,178.2,78.1
H,94.7,-11.19,-67.85,33.79,211.99,52.37,0,No Failure,180.5,78.9
L,87.73,-12.2,-64.51,25.63,228.32,40.78,0,No Failure,153.4,69.3
L,109.04,-11.99,-56.1,30.61,347.54,57.4,0,No Failure,163.3,72.8
M,158.56,-22.41,-59.66,33.03,224.15,72.38,1,Vacuum Seal Micro-Leak,10.0,19.3
H,120.25,-28.65,-69.86,31.89,237.4,66.05,0,No Failure,171.7,75.8
M,63.65,-30.6,-60.84,30.07,248.43,74.96,0,No Failure,114.1,55.4
M,123.78,-14.67,-64.45,32.59,218.86,51.43,0,No Failure,182.5,79.6
M,126.9,-18.01,-66.13,31.73,196.64,88.55,0,No Failure,163.7,73.0
M,127.53,-4.84,-69.9,32.83,194.29,68.67,0,No Failure,154.9,69.9
L,102.96,,-69.84,24.06,202.44,50.92,0,No Failure,180.6,78.9
M,141.36,-20.08,-66.29,26.71,197.16,40.89,0,No Failure,162.1,72.4
L,-74.3,-23.52,-55.52,23.48,240.91,72.59,0,No Failure,109.1,53.6
H,108.37,-33.41,-44.9,26.44,227.69,56.04,0,No Failure,156.2,70.3
M,153.61,-23.02,-80.94,27.6,211.74,65.82,0,No Failure,152.6,69.0
H,93.9,-20.69,-68.94,30.18,220.31,53.2,0,No Failure,198.8,85.4
M,89.59,-19.06,-69.89,32.32,206.64,72.94,0,No Failure,185.8,80.8
L,117.08,-25.85,-66.99,18.53,243.13,66.19,0,No Failure,159.1,71.3
L,76.88,-9.89,-67.07,20.5,278.94,57.96,1,Compressor High-Head Trip,6.7,14.5
M,124.81,-16.32,-72.09,22.81,250.35,72.45,0,No Failure,160.2,71.7
L,68.45,-19.2,-66.53,33.35,157.43,65.2,0,No Failure,150.3,68.2
L,137.18,-22.43,-63.44,28.25,248.02,59.65,0,No Failure,173.9,76.6
H,135.15,-9.61,-68.86,29.95,206.75,73.33,0,No Failure,174.2,76.7
L,,-5.8,-66.04,23.84,210.95,66.55,0,No Failure,157.9,70.9
H,106.04,-9.21,-63.14,21.87,206.14,65.82,0,No Failure,170.9,75.5
L,116.4,-13.47,-77.36,31.16,215.94,56.48,0,No Failure,182.0,79.4
M,114.0,-9.79,-61.47,18.05,219.61,64.2,0,No Failure,161.0,72.0
L,132.31,-9.49,-68.09,23.49,225.88,61.72,0,No Failure,181.4,79.2
M,69.22,-35.25,-64.85,41.74,213.61,60.4,0,No Failure,117.7,56.7
L,81.8,-19.32,-59.23,16.21,213.06,54.9,0,No Failure,144.4,66.1
M,93.82,-13.59,-64.08,32.14,216.41,75.24,0,No Failure,176.2,77.4
H,108.64,-54.26,-63.09,22.83,214.45,52.62,0,No Failure,171.0,75.6
M,108.35,-15.11,-55.17,29.0,230.13,58.1,0,No Failure,179.9,78.7
H,93.27,-26.76,-108.66,28.87,218.1,59.35,0,No Failure,170.2,75.3
M,142.95,-28.3,-69.15,31.24,239.34,38.12,0,No Failure,131.4,61.5
L,111.17,-15.74,-69.3,30.43,232.45,57.17,0,No Failure,206.3,88.1
M,115.65,-22.74,-69.59,16.97,252.5,76.57,0,No Failure,140.4,64.7
L,84.8,-27.03,-69.07,32.27,268.88,62.35,0,No Failure,152.7,69.1
M,152.38,-12.53,-65.36,34.62,166.31,62.54,0,No Failure,141.4,65.1
M,128.34,-7.48,-75.61,27.02,220.36,83.25,0,No Failure,142.1,65.3
M,113.23,-12.65,-71.89,21.74,229.73,59.88,0,No Failure,181.0,79.1
H,92.84,-22.73,-67.75,23.47,232.41,57.9,0,No Failure,184.0,80.2
L,99.44,-22.71,-62.39,28.63,,54.99,0,No Failure,179.5,78.6
M,143.86,-24.66,-72.16,17.55,223.83,63.78,0,No Failure,147.8,67.4
L,156.97,-21.78,-73.87,35.64,250.63,71.57,0,No Failure,125.4,59.4
M,104.46,-13.65,-41.44,28.14,221.91,51.81,0,No Failure,188.6,81.8
H,138.57,-8.14,-64.35,28.7,227.85,70.35,0,No Failure,166.0,73.8
L,84.99,-23.14,-68.6,36.02,267.87,49.25,1,Agitator Mechanical Drag,10.9,17.7
H,86.42,-3.67,-65.98,18.0,208.43,67.6,0,No Failure,138.9,64.2
L,106.28,-13.23,-81.35,27.13,232.69,60.27,0,No Failure,171.3,75.7
L,107.76,-27.54,-69.13,24.14,200.58,64.38,0,No Failure,186.2,80.9
M,125.05,-30.08,-60.89,30.99,213.05,75.05,0,No Failure,152.8,69.1
M,84.14,-8.97,-70.0,38.64,204.76,53.91,0,No Failure,145.8,66.6
L,133.5,-0.26,-66.67,24.94,207.07,76.68,0,No Failure,139.8,64.5
L,124.72,-19.28,-53.67,26.38,232.87,64.74,0,No Failure,166.0,73.8
H,156.19,-30.55,-65.7,28.04,261.1,66.08,0,No Failure,136.2,63.2
H,65.43,-25.06,-63.7,30.99,255.87,72.4,0,No Failure,133.1,62.1
L,89.26,-19.73,-68.32,19.41,207.94,68.47,0,No Failure,179.3,78.5
L,109.98,-9.6,-64.88,21.82,247.13,56.06,0,No Failure,161.8,72.3
L,85.11,-15.74,-61.56,22.17,233.61,50.94,0,No Failure,153.1,69.2
H,114.64,-7.61,-78.27,30.23,261.0,48.11,1,Compressor High-Head Trip,9.1,15.8
H,119.02,-10.99,-56.51,36.55,206.91,60.27,0,No Failure,152.8,69.1
H,132.78,-16.77,-69.88,32.42,208.55,64.59,0,No Failure,196.8,84.7
H,109.09,-22.26,-70.26,32.69,206.57,65.59,0,No Failure,199.4,85.6
L,124.57,-18.61,-71.45,20.29,213.16,59.19,0,No Failure,188.8,81.9
L,106.32,-16.41,-66.39,30.12,235.46,70.12,0,No Failure,199.8,85.8
L,103.56,-18.07,-69.93,31.41,174.67,47.81,0,No Failure,175.8,77.3
L,113.56,-29.81,-72.33,25.91,228.64,69.51,0,No Failure,169.3,75.0
L,89.95,-14.24,-73.59,29.72,232.94,57.56,0,No Failure,180.7,79.0
M,122.4,-24.05,-104.54,31.06,234.61,77.05,0,No Failure,150.1,68.2
M,78.43,-18.42,-68.43,28.65,217.86,57.86,0,No Failure,208.5,88.8
L,112.39,-22.13,-72.92,33.37,253.85,74.11,0,No Failure,158.2,71.0
M,166.57,-14.81,-63.84,33.41,204.41,58.2,0,No Failure,155.8,70.2
L,143.24,-16.42,-71.37,,221.35,63.53,0,No Failure,196.2,84.5
M,135.18,-18.59,-68.54,27.69,200.15,46.96,0,No Failure,186.8,81.1
M,90.62,-5.89,-75.61,25.17,253.32,53.27,1,Compressor High-Head Trip,8.3,16.0
L,140.42,-13.63,-71.33,26.78,213.39,72.94,0,No Failure,177.6,77.9
L,114.76,-19.2,-64.93,28.36,209.08,75.98,0,No Failure,201.0,86.2
L,107.53,-16.36,-65.27,20.64,211.92,65.11,0,No Failure,196.2,84.5
L,119.2,-0.64,-64.28,36.84,180.86,59.18,0,No Failure,130.1,61.1
H,79.47,-17.67,-51.93,36.31,202.72,53.57,0,No Failure,130.7,61.3
L,84.55,-21.17,-59.52,34.02,190.17,68.98,0,No Failure,149.4,67.9
L,112.99,-15.59,-68.31,24.04,219.39,65.68,0,No Failure,209.5,89.2
L,81.69,-19.47,-66.05,25.87,280.11,73.33,0,No Failure,147.5,67.2
H,110.93,-32.07,-65.66,38.12,195.78,55.31,0,No Failure,147.1,67.1
M,67.16,-21.16,-65.39,27.8,191.65,65.92,0,No Failure,174.2,76.7
L,137.74,-29.74,-62.46,27.1,268.8,79.51,0,No Failure,114.5,55.5
H,87.55,-14.62,-68.22,36.28,189.72,62.34,0,No Failure,176.1,77.4
L,110.69,-17.79,-56.27,29.45,223.19,63.88,0,No Failure,196.0,84.4
M,82.54,-23.32,-61.53,33.35,196.17,57.12,0,No Failure,157.2,70.7
L,94.03,-18.81,-68.57,25.78,223.89,64.26,0,No Failure,208.7,88.9
M,-27.47,-20.55,-65.29,39.23,207.58,72.34,0,No Failure,156.0,70.3
H,113.35,-26.73,-57.15,45.87,198.67,57.05,0,No Failure,131.2,61.5
H,90.54,-32.48,-59.44,22.34,225.83,60.43,0,No Failure,139.9,64.5
H,141.43,-22.03,-67.67,36.16,178.24,57.3,0,No Failure,155.2,70.0
M,100.96,-13.16,-72.74,28.41,218.85,69.62,0,No Failure,195.3,84.2
L,116.01,-16.0,-73.16,31.84,226.46,72.11,0,No Failure,184.8,80.4
L,100.68,-19.12,-62.41,25.41,228.02,62.83,0,No Failure,196.9,84.7
L,100.87,-8.95,-65.3,25.23,190.44,55.42,0,No Failure,169.5,75.0
H,96.94,-22.55,-62.99,26.4,241.96,63.75,0,No Failure,180.6,79.0
L,130.62,-23.05,-66.46,,198.81,71.6,0,No Failure,172.1,75.9
L,26.88,-20.66,-63.21,26.04,202.37,65.37,0,No Failure,166.3,73.9
L,150.45,-21.13,-72.58,34.9,236.1,49.84,0,No Failure,142.3,65.4
H,96.01,-14.06,-67.63,30.25,238.44,50.57,0,No Failure,183.5,80.0
M,144.5,-6.95,,26.23,228.78,56.67,0,No Failure,154.0,69.5
M,93.38,-23.7,-64.33,24.8,219.9,66.51,0,No Failure,183.8,80.1
H,139.02,-11.11,-63.79,23.06,183.14,61.0,0,No Failure,154.3,69.6
L,127.99,-22.6,-72.83,29.35,196.63,79.26,0,No Failure,164.3,73.2
L,107.03,-20.64,-65.42,25.15,209.36,60.57,0,No Failure,208.5,88.9
M,85.46,-21.03,-70.36,18.66,181.58,34.71,0,No Failure,119.1,57.2
M,134.42,-17.45,-63.79,32.59,92.04,53.87,0,No Failure,180.6,79.0
H,118.28,-20.69,-71.2,31.94,227.29,68.49,0,No Failure,191.5,82.8
L,98.63,-15.89,-70.88,23.98,196.11,51.42,0,No Failure,178.3,78.2
L,80.65,-17.49,-74.45,39.9,177.38,53.16,0,No Failure,130.3,61.2
L,108.16,-15.05,-70.43,26.98,249.7,65.13,0,No Failure,194.2,83.8
M,97.5,-12.94,-64.17,31.99,171.62,67.02,0,No Failure,163.9,73.0
H,81.07,-15.8,-70.53,20.31,246.15,45.3,0,No Failure,139.7,64.5
L,135.68,-21.44,-70.23,30.24,235.62,73.53,0,No Failure,173.5,76.4
M,148.98,-20.27,-67.34,26.98,206.16,63.07,0,No Failure,194.9,84.0
L,79.96,-17.57,-64.98,31.42,196.21,63.73,0,No Failure,187.5,81.4
M,125.78,-15.76,-77.09,28.9,214.71,78.83,0,No Failure,173.0,76.3
H,121.62,-14.69,-61.76,36.29,167.83,72.97,0,No Failure,137.9,63.8
H,103.27,-21.65,-66.71,35.77,,33.73,0,No Failure,153.1,69.2
H,87.61,-16.11,-65.9,28.31,176.74,59.1,0,No Failure,186.3,81.0
L,100.93,-14.46,-63.04,32.66,259.71,55.76,0,No Failure,162.2,72.4
L,97.6,-21.67,-60.85,40.69,230.98,81.85,0,No Failure,126.8,59.9
M,96.8,-16.39,-69.58,41.71,231.91,64.5,0,No Failure,168.2,74.6
L,99.57,-22.48,-71.38,27.47,228.39,43.24,0,No Failure,174.0,76.6
L,114.91,-23.18,-57.16,35.33,243.17,58.52,0,No Failure,150.7,68.4
M,127.84,-24.86,-62.62,18.92,213.72,70.75,0,No Failure,153.4,69.3
H,111.4,-19.28,-74.32,30.63,201.6,75.23,0,No Failure,184.4,80.3
L,153.41,-11.49,-64.07,27.53,221.89,51.65,0,No Failure,161.9,72.3
L,118.28,-22.85,-66.46,36.64,186.0,68.5,0,No Failure,166.0,73.8
L,105.48,-10.69,,23.14,213.96,69.77,0,No Failure,182.6,79.7
M,97.48,-21.03,-54.58,33.81,222.51,45.38,0,No Failure,142.1,65.3
H,91.72,-19.22,-76.94,31.87,226.31,52.21,0,No Failure,168.6,74.7
L,95.58,-19.23,-67.05,33.87,222.2,81.43,0,No Failure,175.5,77.2
L,99.39,-12.74,-76.09,35.63,196.08,80.75,0,No Failure,136.8,63.4
M,155.57,-17.59,,39.37,225.15,68.96,0,No Failure,136.7,63.4
L,47.55,-20.57,-72.23,30.38,181.26,83.23,0,No Failure,122.9,58.5
M,94.92,-20.93,-65.09,26.86,368.73,45.48,0,No Failure,175.1,77.0
M,144.72,-17.15,-62.52,29.83,205.39,52.84,0,No Failure,176.3,77.4
M,112.97,-11.18,-70.88,21.83,178.75,57.4,0,No Failure,163.8,73.0
M,144.59,-16.22,-75.02,29.88,244.28,78.93,0,No Failure,146.3,66.8
L,163.75,-19.81,-63.49,30.63,237.68,48.29,0,No Failure,146.8,67.0
L,69.65,-19.2,-63.58,30.0,212.32,47.02,0,No Failure,169.9,75.2
H,132.05,-14.01,-69.53,23.59,244.57,42.6,0,No Failure,149.7,68.0
L,102.82,-16.57,-67.82,28.8,199.97,50.45,0,No Failure,204.2,87.3
L,134.14,-19.88,-65.03,28.08,210.37,62.06,0,No Failure,206.9,88.3
L,158.6,-23.07,-70.67,32.16,212.13,69.99,0,No Failure,163.1,72.8
L,99.59,-20.83,-58.75,22.87,217.76,,0,No Failure,178.2,78.1
L,94.81,-18.31,-59.62,23.86,226.88,76.17,0,No Failure,163.8,73.0
L,100.89,-9.49,-70.62,29.19,240.37,47.87,0,No Failure,167.5,74.3
H,100.31,-17.44,-42.14,26.86,218.67,58.77,0,No Failure,216.2,91.6
L,136.59,-22.3,-75.37,28.15,187.13,57.15,0,No Failure,166.1,73.8
L,141.12,-16.25,-63.93,25.13,216.66,62.43,0,No Failure,191.7,82.9
L,109.04,,-69.62,28.05,193.01,71.62,0,No Failure,166.2,73.9
L,120.48,-18.44,-73.33,20.32,216.48,56.78,0,No Failure,183.5,80.0
M,98.13,-22.04,-71.15,29.06,214.59,44.99,0,No Failure,186.7,81.1
M,134.6,-18.96,-56.14,28.86,230.5,55.54,0,No Failure,168.5,74.7
L,139.35,-14.79,-67.01,25.13,190.27,72.29,0,No Failure,169.3,74.9
M,116.64,-16.81,-66.18,35.35,219.31,65.48,0,No Failure,198.9,85.4
H,87.83,-24.82,-66.71,24.78,224.51,65.44,0,No Failure,182.6,79.7
M,158.91,-21.49,-65.13,26.83,252.65,50.72,0,No Failure,146.2,66.8
H,92.04,-18.11,-65.64,29.0,208.07,88.01,0,No Failure,177.6,77.9
L,71.54,-19.83,-67.68,28.46,219.15,71.18,0,No Failure,192.9,83.3
H,89.66,-20.07,-65.96,27.33,254.66,71.17,0,No Failure,174.4,76.8
L,109.68,-36.64,-67.9,28.86,191.31,52.14,0,No Failure,163.6,72.9
L,110.62,-15.45,-68.7,24.29,208.08,80.07,0,No Failure,187.9,81.5
H,80.44,-18.1,-73.35,34.05,236.69,53.9,0,No Failure,163.1,72.8
L,130.03,-16.2,-65.49,27.07,211.65,63.56,0,No Failure,206.6,88.2
L,129.15,-17.39,-64.04,31.3,203.62,71.08,0,No Failure,186.0,80.9
L,94.57,-16.1,,23.33,208.61,53.42,0,No Failure,178.2,78.1
L,126.51,-11.82,-57.15,28.56,211.2,77.14,0,No Failure,159.3,71.4
H,64.1,-13.03,-84.37,28.52,216.49,47.16,0,No Failure,129.5,60.9
M,67.46,-17.86,-67.19,30.15,202.72,56.55,0,No Failure,188.5,81.8
L,108.14,-16.94,-81.29,25.29,223.31,56.53,0,No Failure,176.6,77.5
H,107.93,-24.62,-69.98,21.73,174.27,49.51,0,No Failure,152.8,69.1
M,74.24,-23.12,-62.13,24.74,240.59,75.84,0,No Failure,139.9,64.6
L,114.99,-44.38,-61.67,27.03,,78.38,0,No Failure,177.3,77.8
M,62.37,-27.75,-67.18,40.05,200.83,72.25,0,No Failure,122.8,58.5
M,84.32,-13.83,-64.53,27.63,222.99,63.72,0,No Failure,193.0,83.3
M,120.03,-17.63,-71.66,30.36,218.8,79.42,0,No Failure,188.9,81.9
H,155.83,-23.81,-72.47,35.75,199.04,65.15,0,No Failure,146.1,66.7
M,123.32,-22.6,-69.74,32.89,200.01,66.07,0,No Failure,186.3,81.0
L,61.28,-13.08,-71.65,34.19,180.61,62.92,0,No Failure,145.3,66.5
L,115.6,-11.8,-74.63,30.57,212.76,45.56,0,No Failure,171.0,75.6
M,151.13,-19.33,-77.11,32.38,161.13,67.79,0,No Failure,130.7,61.3
H,96.84,-12.87,-66.44,36.88,197.67,63.01,0,No Failure,176.4,77.5
L,106.84,-21.71,-68.56,31.09,254.83,46.82,0,No Failure,172.7,76.2
M,91.03,-21.63,-63.57,18.42,188.5,44.79,0,No Failure,133.9,62.4
H,99.28,-23.73,-69.79,23.63,172.87,75.38,0,No Failure,153.4,69.3
L,138.47,-11.85,-69.03,18.21,201.79,61.46,0,No Failure,162.5,72.5
M,100.67,-25.01,-69.04,22.21,169.19,63.79,0,No Failure,163.5,72.9
H,142.65,-14.08,-72.26,19.05,193.67,56.15,0,No Failure,146.1,66.7
L,108.88,-13.55,-65.91,23.02,229.92,57.06,0,No Failure,189.3,82.1
H,130.01,-18.86,-64.84,24.91,251.99,54.97,0,No Failure,171.8,75.8
M,136.73,-24.29,-63.17,29.39,184.54,45.64,0,No Failure,148.1,67.4
H,107.94,-14.8,-72.57,27.82,225.19,73.03,0,No Failure,193.7,83.6
H,126.99,-23.8,-73.31,33.27,202.79,81.69,0,No Failure,148.9,67.7
M,123.81,-24.1,-68.5,24.67,224.51,71.14,0,No Failure,183.5,80.0
L,112.09,-18.73,-64.46,33.29,211.32,80.63,0,No Failure,183.0,79.8
L,135.45,-22.01,-63.48,24.2,252.22,63.18,0,No Failure,162.9,72.7
H,116.52,-18.56,-61.13,25.78,220.52,51.05,0,No Failure,187.6,81.5
L,134.9,-26.28,-57.53,30.91,240.07,48.82,0,No Failure,132.1,61.8
H,97.89,-19.12,-74.78,25.26,185.59,31.32,0,No Failure,137.8,63.8
L,128.28,-18.17,-60.91,30.43,236.93,58.59,0,No Failure,183.4,80.0
L,108.11,-9.23,-65.6,31.19,192.55,40.31,0,No Failure,156.9,70.6
H,96.6,-16.45,-69.29,27.3,184.07,55.23,0,No Failure,191.1,82.7
M,98.39,-23.68,-65.56,34.19,223.76,64.02,0,No Failure,185.7,80.8
M,96.59,-18.57,-66.42,34.27,226.4,55.18,0,No Failure,190.6,82.5
L,121.93,-46.67,-75.77,28.51,213.09,49.2,0,No Failure,190.7,82.5
M,113.72,-34.28,-77.33,33.62,199.12,42.77,0,No Failure,118.2,56.9
L,91.73,-28.13,-65.83,25.68,238.72,55.4,0,No Failure,164.0,73.1
H,90.78,-22.02,-70.01,20.0,205.35,53.98,0,No Failure,168.0,74.5
L,100.9,-16.29,-74.84,26.27,211.92,54.94,0,No Failure,191.8,82.9
M,115.5,,-65.82,32.09,191.01,80.39,0,No Failure,175.8,77.3
M,89.13,-20.23,-72.48,24.19,229.52,83.99,0,No Failure,154.0,69.6
L,98.05,-16.92,-73.72,41.07,206.35,83.23,0,No Failure,138.7,64.1
L,,-11.83,-67.95,19.82,229.68,74.99,0,No Failure,167.9,74.5
L,93.95,-19.51,-76.89,27.5,189.78,67.16,0,No Failure,175.0,77.0
L,143.76,-18.63,-64.23,32.22,208.42,58.39,0,No Failure,184.8,80.5
L,128.54,-24.17,-67.41,23.71,177.88,102.37,0,No Failure,140.0,64.6
L,114.76,-17.62,-70.99,25.51,220.15,56.14,0,No Failure,206.7,88.2
H,124.0,-11.21,-68.77,25.27,238.16,55.23,0,No Failure,177.8,78.0
L,96.92,-27.7,-70.42,33.22,186.2,57.09,0,No Failure,161.3,72.1
H,115.48,-21.49,-62.49,19.11,210.9,44.72,0,No Failure,156.0,70.3
L,111.84,-23.07,-68.82,20.94,265.14,71.66,0,No Failure,155.8,70.2
L,150.92,-15.76,-70.1,18.77,209.63,61.92,0,No Failure,168.0,74.5
H,138.24,-3.05,-59.25,37.0,266.74,63.11,1,Compressor High-Head Trip,3.1,5.6
H,111.96,-22.52,-67.36,29.24,209.81,19.72,0,No Failure,210.9,89.7
L,84.03,-13.02,-72.1,40.89,224.98,70.14,0,No Failure,143.0,65.6
M,94.38,-25.12,-76.36,27.4,180.01,72.66,0,No Failure,148.6,67.6
L,125.3,-28.73,-64.97,25.49,220.27,63.49,0,No Failure,180.4,78.9
M,109.92,-23.08,-67.27,33.17,213.1,119.05,0,No Failure,195.5,84.2
L,63.54,-53.65,-70.46,21.87,211.9,59.14,0,No Failure,167.9,74.5
L,140.21,-14.37,-64.32,28.9,201.72,67.56,0,No Failure,183.3,79.9
L,95.6,-14.42,-75.09,30.08,216.55,,0,No Failure,188.8,81.9
M,93.23,-4.06,-72.17,29.56,196.59,69.42,0,No Failure,157.6,70.8
M,60.0,-20.94,-67.53,32.04,227.24,59.27,0,No Failure,175.7,77.2
L,69.58,-15.6,-67.37,31.93,186.47,65.25,0,No Failure,172.6,76.1
M,91.2,-17.02,-65.46,27.55,154.82,61.54,0,No Failure,177.4,77.8
L,102.92,-12.71,-69.87,30.27,211.76,52.83,0,No Failure,196.3,84.5
L,105.69,-18.42,-64.11,26.26,250.16,32.53,0,No Failure,154.0,69.5
H,151.51,-20.43,-70.95,24.11,223.06,67.43,0,No Failure,171.8,75.9
M,117.09,-22.58,-64.28,26.91,206.21,48.46,0,No Failure,183.7,80.1
L,123.06,-47.87,-62.45,30.53,214.25,73.32,0,No Failure,192.7,83.2
L,89.0,-16.16,-70.15,35.45,229.14,65.86,0,No Failure,179.8,78.7
M,127.61,-27.7,-73.45,27.9,216.73,72.79,0,No Failure,170.7,75.5
L,148.78,-6.31,-74.42,17.31,241.04,48.46,0,No Failure,97.5,49.5
L,85.23,-20.86,-58.16,25.16,254.9,59.77,0,No Failure,151.2,68.6
H,80.52,-18.42,-68.2,32.61,236.57,51.83,0,No Failure,178.1,78.1
M,54.3,-21.47,-61.77,29.36,221.03,61.81,0,No Failure,170.5,75.4
L,,-15.94,-59.9,26.01,188.39,65.65,0,No Failure,165.3,73.5
M,130.57,-15.96,-63.94,43.66,198.73,51.39,0,No Failure,138.0,63.9
M,121.79,-19.6,-74.67,26.01,231.17,90.4,0,No Failure,150.9,68.4
H,116.79,-16.46,-70.79,33.92,217.66,70.83,0,No Failure,192.8,83.3
L,118.08,-10.08,-64.52,35.31,217.9,73.01,0,No Failure,166.8,74.1
L,120.33,-15.66,-54.54,23.45,173.09,63.71,0,No Failure,146.4,66.8
L,132.24,-23.52,-72.85,24.75,174.15,40.78,0,No Failure,130.7,61.3
L,97.48,-6.27,-67.12,20.21,236.7,67.55,0,No Failure,153.4,69.3
M,99.77,-21.57,-65.26,33.15,248.53,63.43,0,No Failure,179.8,78.7
H,125.23,-26.11,-69.48,37.95,226.16,60.0,0,No Failure,167.0,74.1
L,93.05,-10.52,-62.09,29.43,220.45,43.23,0,No Failure,160.5,71.8
M,130.86,-15.24,,20.25,181.67,48.51,0,No Failure,132.2,61.8
L,108.64,-7.32,-62.72,23.83,226.84,62.06,0,No Failure,176.5,77.5
L,132.99,-19.38,-72.34,36.49,186.99,72.19,0,No Failure,152.6,69.1
L,112.16,-17.98,-64.07,17.82,224.14,62.17,0,No Failure,188.9,81.9
L,88.3,-22.92,-68.83,32.12,177.55,83.49,0,No Failure,145.7,66.6
L,110.3,-28.31,-65.21,30.15,217.64,63.02,0,No Failure,198.5,85.3
H,138.47,-16.4,-53.53,,190.42,35.0,0,No Failure,113.3,55.1
L,125.01,-20.13,-59.43,21.23,237.92,62.65,0,No Failure,163.7,73.0
L,75.68,-20.01,-65.43,31.17,176.31,61.28,0,No Failure,172.0,75.9
H,158.02,-21.18,-66.48,33.57,224.61,50.93,0,No Failure,158.4,71.1
M,125.81,-21.89,-63.2,30.03,246.79,52.47,0,No Failure,168.5,74.7
L,114.64,-22.92,-69.19,30.74,206.68,62.86,0,No Failure,208.3,88.8
L,102.82,-21.61,-68.48,31.35,236.87,57.37,0,No Failure,196.0,84.4
H,71.18,-15.47,-60.92,27.05,208.0,48.42,0,No Failure,159.8,71.6
L,82.4,-11.39,,28.76,191.91,110.06,0,No Failure,166.2,73.9
L,108.24,-29.04,-77.95,31.27,148.97,65.77,0,No Failure,129.5,60.9
H,127.26,-17.9,-73.98,27.86,232.35,67.73,0,No Failure,190.8,82.6
H,84.66,-19.63,-67.44,18.86,239.71,69.56,0,No Failure,161.7,72.3
M,150.52,-12.76,-67.26,36.84,233.71,50.71,0,No Failure,144.4,66.2
L,76.02,-15.84,-77.68,23.1,180.01,48.18,0,No Failure,127.1,60.0
H,108.22,-13.05,-78.46,23.86,197.75,42.82,0,No Failure,145.0,66.4
M,128.72,-14.1,-67.47,29.14,214.13,19.82,0,No Failure,208.0,88.7
L,133.38,-27.06,-62.84,27.68,248.35,44.56,0,No Failure,139.5,64.4
L,149.29,-20.57,-74.44,33.17,199.25,70.51,0,No Failure,153.3,69.3
L,82.75,-13.83,-61.38,33.08,215.96,61.8,0,No Failure,178.3,78.2
L,122.18,-22.09,-67.05,21.62,,57.27,0,No Failure,169.8,75.2
M,125.52,-17.12,-72.01,31.11,228.07,72.55,0,No Failure,185.0,80.5
M,154.09,-16.61,-68.59,30.76,221.9,48.92,0,No Failure,175.3,77.1
L,159.23,,-73.74,26.86,203.27,58.19,0,No Failure,171.0,75.5
H,120.6,-12.29,-72.77,31.09,195.47,63.48,0,No Failure,183.6,80.0
H,123.58,-15.95,-68.58,28.47,226.89,71.13,0,No Failure,203.6,87.1
M,131.41,-20.79,-57.05,32.56,59.19,44.39,0,No Failure,138.4,64.0
L,105.14,-17.5,-64.42,36.63,187.93,62.68,0,No Failure,183.0,79.8
H,98.08,-13.66,-57.84,23.37,,50.19,0,No Failure,122.0,58.2
M,112.31,-13.82,-68.78,31.62,197.19,70.53,0,No Failure,193.0,83.4
H,100.44,-16.74,-62.61,34.6,178.96,67.77,0,No Failure,166.3,73.9
M,135.1,-13.13,-73.74,21.09,213.62,77.87,0,No Failure,148.7,67.7
M,89.39,-16.57,-73.47,28.49,235.99,61.59,0,No Failure,194.1,83.7
M,94.92,-53.03,-67.53,23.95,195.14,49.31,0,No Failure,170.7,75.5
L,122.39,-27.51,-72.02,32.16,175.82,73.75,0,No Failure,144.8,66.3
L,117.02,-12.92,-73.42,30.68,258.72,33.09,0,No Failure,132.2,61.8
L,107.26,-20.53,-66.79,24.98,240.67,51.57,0,No Failure,186.8,81.2
L,79.67,-9.34,-62.85,23.26,180.07,32.31,0,No Failure,103.5,51.6
H,104.44,-18.47,-58.98,29.75,200.36,61.0,0,No Failure,196.0,84.4
H,85.2,-10.0,-61.52,34.24,182.24,54.23,0,No Failure,136.8,63.4
H,96.47,-11.03,-68.77,35.38,232.39,63.93,0,No Failure,177.0,77.7
L,45.0,-21.78,-100.14,24.38,241.26,66.35,0,No Failure,131.9,61.7
L,137.08,-23.32,-64.76,31.41,214.67,67.72,0,No Failure,182.5,79.6
L,131.9,-0.82,-70.58,35.13,222.97,59.53,0,No Failure,147.1,67.1
L,100.2,13.83,-72.44,26.64,193.4,70.24,0,No Failure,180.2,78.8
L,119.67,-10.66,-76.93,22.68,195.73,64.58,0,No Failure,157.4,70.7
M,127.27,-23.03,-64.19,24.63,223.58,76.77,0,No Failure,166.9,74.1
L,101.17,-29.46,-62.41,23.55,204.59,55.27,0,No Failure,159.1,71.3
L,133.17,,-61.57,27.36,163.97,60.46,0,No Failure,135.1,62.8
H,106.27,-29.43,-71.14,23.16,244.61,56.66,0,No Failure,158.3,71.1
L,116.38,-20.25,-65.57,21.64,251.47,51.82,0,No Failure,165.2,73.5
M,94.75,-13.71,-70.66,34.03,242.03,38.33,0,No Failure,143.8,65.9
M,134.02,,-61.99,24.6,183.76,61.45,0,No Failure,143.1,65.7
L,131.08,-19.11,-59.55,28.94,197.38,66.63,0,No Failure,181.0,79.1
L,50.16,-14.74,-74.32,27.04,229.99,67.74,0,No Failure,155.6,70.1
L,137.56,-10.67,-70.27,23.87,230.9,-2.57,0,No Failure,153.0,69.2
H,105.5,-8.41,-65.34,22.45,239.65,61.84,0,No Failure,172.1,75.9
H,103.63,-11.34,-71.67,30.38,204.82,65.58,0,No Failure,192.0,83.0
L,138.51,-17.22,-68.82,27.19,188.13,76.56,0,No Failure,175.1,77.0
L,73.06,-22.01,-73.24,30.03,206.68,56.42,0,No Failure,173.1,76.3
M,157.17,-15.66,-68.62,20.68,225.62,65.24,0,No Failure,165.8,73.7
H,109.65,-27.11,-64.02,35.75,204.49,62.93,0,No Failure,176.2,77.4
L,144.21,-17.87,-74.65,35.81,265.0,50.95,0,No Failure,129.2,60.8
L,143.64,-17.43,-63.6,29.14,256.74,57.79,0,No Failure,170.3,75.3
M,93.59,-11.7,-68.39,41.98,212.64,66.03,0,No Failure,174.9,76.9
M,96.74,-23.28,-77.84,37.95,163.52,57.24,0,No Failure,123.4,58.7
M,83.96,-19.58,-65.15,30.78,209.93,66.83,0,No Failure,193.7,83.6
L,125.89,-27.81,-58.67,21.3,200.76,47.55,0,No Failure,127.6,60.2
L,110.74,-7.05,-71.66,24.81,192.27,55.1,0,No Failure,167.1,74.2
L,99.94,-11.45,-60.54,18.31,203.91,52.48,0,No Failure,144.6,66.2
M,110.44,-20.47,-68.71,30.28,217.45,68.15,0,No Failure,215.7,91.4
H,203.5,-12.38,-66.43,21.63,216.36,55.36,0,No Failure,142.2,65.4
L,168.38,-23.28,-64.07,29.13,227.66,48.52,0,No Failure,147.9,67.4
M,102.94,-20.95,-71.49,22.31,225.49,79.6,0,No Failure,167.3,74.3
M,84.84,-21.32,-68.06,34.26,209.13,42.19,0,No Failure,164.7,73.3
L,113.4,24.01,-62.24,17.85,224.74,63.93,0,No Failure,166.1,73.8
M,123.0,-5.93,-110.59,29.39,188.03,66.54,0,No Failure,149.2,67.8
H,131.47,-21.15,-77.62,36.25,245.3,45.52,1,Agitator Mechanical Drag,8.6,14.2
L,95.71,-18.77,-62.82,28.72,204.47,69.58,0,No Failure,196.1,84.5
M,99.51,-13.84,-71.28,32.82,211.28,49.56,0,No Failure,180.0,78.8
L,93.1,-19.52,-66.72,35.87,188.13,81.02,0,No Failure,154.6,69.8
L,86.59,-28.99,-60.47,35.15,236.46,75.13,0,No Failure,123.8,58.8
H,69.79,-14.29,-65.5,21.26,222.2,78.97,0,No Failure,145.8,66.6
H,108.68,-21.32,-68.1,28.7,243.28,74.13,0,No Failure,195.0,84.1
L,77.88,-15.85,-64.38,24.8,241.97,68.03,0,No Failure,166.5,74.0
M,110.5,-23.44,-70.12,32.13,189.4,74.74,0,No Failure,175.0,77.0
L,129.25,-17.64,-72.31,29.32,238.37,53.31,0,No Failure,184.8,80.5
L,84.39,-28.88,-71.38,20.33,213.24,70.35,0,No Failure,148.5,67.6
M,96.31,-18.4,-68.46,32.78,190.62,64.78,0,No Failure,196.4,84.6
L,68.48,-20.58,-69.22,25.36,202.31,55.71,0,No Failure,176.0,77.3
L,77.96,-19.46,-61.12,31.5,206.19,66.49,0,No Failure,174.9,76.9
M,125.1,-11.91,-79.24,20.91,157.41,66.66,0,No Failure,118.4,56.9
M,139.42,-13.96,-59.04,17.78,,55.55,0,No Failure,140.6,64.8
M,131.88,-17.32,-72.2,33.92,177.52,79.11,0,No Failure,147.5,67.2
L,123.92,-26.84,,32.83,259.29,54.99,0,No Failure,138.2,63.9
L,60.81,-8.51,-68.24,28.05,,63.75,0,No Failure,174.2,76.7
H,96.46,-25.57,-63.72,33.64,187.76,54.64,0,No Failure,157.3,70.7
M,125.23,-20.05,-57.52,24.92,209.8,51.42,0,No Failure,166.3,73.9
M,95.19,-25.82,-67.85,30.38,161.02,55.89,0,No Failure,162.6,72.6
M,96.95,-17.19,-59.91,22.33,232.0,40.75,0,No Failure,146.6,66.9
L,109.23,-16.98,-61.65,24.45,194.26,67.54,0,No Failure,186.2,80.9
L,83.99,-16.47,-74.26,38.0,262.91,39.69,1,Agitator Mechanical Drag,9.2,9.1
H,152.3,-16.36,-66.01,30.56,179.98,60.67,0,No Failure,172.5,76.1
M,126.47,-18.53,-64.62,,235.72,55.27,0,No Failure,181.6,79.3
L,131.39,-19.69,-74.19,32.01,210.13,51.46,0,No Failure,175.4,77.1
H,83.81,-19.62,-64.49,27.25,181.77,60.72,0,No Failure,182.7,79.7
L,58.44,-12.71,-66.51,20.59,232.19,72.78,0,No Failure,137.9,63.8
L,84.29,-22.89,-68.25,31.75,209.61,55.68,0,No Failure,187.6,81.4
M,96.74,-17.39,-74.68,26.94,187.94,71.09,0,No Failure,176.5,77.5
L,92.24,-12.21,-63.92,31.94,229.05,83.22,0,No Failure,152.6,69.0
L,107.76,-18.98,-62.71,19.73,208.68,79.99,0,No Failure,164.5,73.3
M,95.87,-24.55,-62.08,22.52,241.01,75.36,0,No Failure,144.3,66.1
M,132.54,-19.34,-67.49,36.52,230.42,66.68,0,No Failure,179.3,78.5
L,117.26,-30.01,-67.35,32.28,188.21,15.15,0,No Failure,162.3,72.5
L,133.29,-21.93,-81.14,30.06,222.24,68.34,0,No Failure,160.1,71.7
H,87.14,-16.09,-79.76,37.72,220.73,53.0,0,No Failure,142.6,65.5
M,94.03,-19.2,-62.56,36.66,234.41,61.7,0,No Failure,173.9,76.6
L,56.7,-12.05,-62.9,35.9,232.24,67.98,0,No Failure,133.7,62.3
M,110.55,-11.36,-65.78,28.53,251.0,78.08,0,No Failure,171.5,75.7
M,118.21,-23.51,-82.91,60.58,209.48,70.21,0,No Failure,156.2,70.3
L,60.92,-12.74,-65.3,24.71,274.67,61.58,0,No Failure,137.9,63.8
L,107.44,-21.54,-72.35,27.73,214.74,82.59,0,No Failure,185.1,80.6
M,114.16,-19.05,-70.35,29.28,194.9,70.49,0,No Failure,201.0,86.2
L,132.69,-15.9,-70.92,38.67,171.89,73.52,0,No Failure,137.1,63.5
H,124.99,-26.66,-64.39,26.03,212.55,80.06,0,No Failure,163.4,72.9
M,95.25,-17.91,-66.78,23.56,233.17,67.15,0,No Failure,192.7,83.2
M,85.04,-14.47,-73.27,29.98,215.13,55.11,0,No Failure,185.5,80.7
M,115.39,-18.63,-65.99,25.79,209.67,8.9,0,No Failure,202.5,86.7
L,133.16,-13.72,-73.04,27.8,245.84,79.59,0,No Failure,153.4,69.3
L,96.89,-7.57,-68.17,28.01,264.1,46.68,1,Compressor High-Head Trip,9.1,23.5
M,116.1,-9.17,-65.83,27.1,211.81,61.25,0,No Failure,200.8,86.1
H,106.36,-16.62,,34.28,178.69,50.67,0,No Failure,161.5,72.2
L,82.34,-31.34,-67.78,30.4,222.1,68.09,0,No Failure,169.0,74.9
L,73.45,-17.07,-67.72,22.21,,47.55,0,No Failure,146.7,67.0
L,112.55,-12.76,-71.42,38.89,212.63,50.28,0,No Failure,165.5,73.6
M,96.64,-18.59,-58.55,21.08,181.08,54.57,0,No Failure,149.0,67.8
L,121.57,-19.07,-64.86,30.42,218.28,56.9,0,No Failure,205.6,87.8
H,104.8,-20.51,-71.15,22.13,248.23,67.48,0,No Failure,173.6,76.5
H,150.24,-12.58,-67.7,36.03,215.2,86.64,0,No Failure,139.9,64.5
L,139.48,-32.6,-63.8,27.12,190.01,33.81,0,No Failure,112.2,54.7
H,128.53,-10.89,-73.33,33.48,,61.66,0,No Failure,176.7,77.6
L,96.94,-26.0,-69.72,29.96,143.74,40.28,0,No Failure,126.9,59.9
L,88.7,-19.75,-94.41,1.38,215.16,53.91,0,No Failure,199.9,85.8
M,86.36,-15.51,-32.13,29.84,222.97,50.51,0,No Failure,178.1,78.1
L,114.5,-13.45,-60.34,29.33,256.26,60.0,0,No Failure,173.8,76.6
M,144.63,-14.34,-56.96,21.21,222.36,64.91,0,No Failure,146.3,66.8
M,88.17,-16.97,-64.1,31.44,204.99,-4.99,0,No Failure,177.4,77.8
M,112.93,-18.68,-68.35,31.62,232.89,57.32,0,No Failure,208.0,88.7
M,103.85,-23.64,-66.71,30.14,243.57,57.62,0,No Failure,189.5,82.1
L,85.2,-22.89,-67.66,19.51,227.59,62.12,0,No Failure,174.9,77.0
L,89.02,-13.84,-70.03,25.61,210.95,84.22,0,No Failure,166.5,74.0
L,142.14,-14.8,-71.34,30.41,225.29,72.91,0,No Failure,173.4,76.4
M,125.49,-31.81,-65.79,38.58,274.73,50.82,0,No Failure,105.6,52.4
L,126.55,-16.75,-62.79,29.34,240.54,58.61,0,No Failure,188.3,81.7
L,84.89,-25.49,-71.66,22.43,282.05,54.06,0,No Failure,123.3,58.7
L,120.0,-12.49,-74.73,15.74,190.55,59.52,0,No Failure,143.3,65.7
M,130.69,-17.6,-82.07,34.57,268.83,77.8,0,No Failure,111.6,54.5
M,128.65,-13.69,-73.99,31.03,194.41,69.63,0,No Failure,168.9,74.8
M,102.3,-23.67,-69.93,1.07,202.97,30.54,0,No Failure,152.6,69.0
L,94.84,-20.58,-66.18,35.21,261.59,46.88,0,No Failure,147.2,67.1
H,105.08,-17.88,-65.59,26.11,227.03,63.94,0,No Failure,212.2,90.2
M,60.78,,-58.79,25.58,268.48,57.04,0,No Failure,122.4,58.4
M,64.86,-14.73,,27.12,216.2,75.85,0,No Failure,176.2,77.4
M,128.57,-25.54,-63.79,35.8,201.54,60.04,0,No Failure,163.8,73.0
M,108.24,-26.49,-67.52,34.58,241.72,58.45,0,No Failure,176.3,77.4
M,96.92,-13.6,-79.05,32.18,232.13,45.77,0,No Failure,144.5,66.2
L,162.27,-25.86,-67.36,43.81,203.27,61.8,0,No Failure,129.4,60.8
M,115.94,-20.86,-75.49,23.44,179.94,66.96,0,No Failure,164.0,73.1
M,122.81,-8.5,-63.35,30.42,175.87,52.85,0,No Failure,152.0,68.8
L,76.56,-19.1,-66.01,28.59,217.32,66.01,0,No Failure,202.0,86.5
M,159.94,-25.38,-64.98,24.17,221.44,71.76,0,No Failure,148.7,67.7
L,63.08,-14.36,-70.65,30.7,221.23,67.91,0,No Failure,173.3,76.4
M,108.96,-19.35,-70.04,27.84,216.95,70.97,0,No Failure,214.1,90.8
L,139.54,-11.15,-71.19,26.6,182.61,43.26,0,No Failure,141.6,65.1
M,91.39,-24.4,-60.79,26.31,218.24,62.72,0,No Failure,182.2,79.5
L,75.68,-19.62,-55.05,35.68,183.83,59.62,0,No Failure,132.6,62.0
H,106.95,-12.23,-55.74,40.34,198.04,55.81,0,No Failure,134.1,62.5
L,103.45,-21.83,-62.46,27.55,258.09,78.63,0,No Failure,157.3,70.7
L,67.53,-27.82,-69.95,28.52,196.37,61.71,0,No Failure,170.2,75.3
M,130.73,,-74.81,30.65,212.13,49.73,0,No Failure,175.3,77.1
L,86.75,-16.2,-71.1,14.4,187.07,38.9,0,No Failure,117.3,56.6
M,95.62,-22.95,-65.21,31.01,197.62,48.91,0,No Failure,173.1,76.3
H,126.36,-25.22,-66.66,24.82,254.14,116.1,0,No Failure,162.9,72.7
L,68.42,-15.35,-74.74,19.77,,84.15,0,No Failure,95.2,48.7
H,122.39,-24.8,-80.53,21.98,240.34,47.44,0,No Failure,123.6,58.8
H,111.55,-10.67,-61.1,27.97,252.37,52.21,0,No Failure,163.0,72.7
H,119.24,-17.67,-71.42,29.42,248.5,75.55,0,No Failure,180.4,78.9
M,145.27,-3.95,-60.35,39.46,203.08,56.55,1,Vacuum Seal Micro-Leak,12.6,9.6
M,102.45,-29.75,-64.52,28.5,228.19,49.7,0,No Failure,170.4,75.4
H,96.24,-9.9,-80.45,30.7,236.14,62.88,0,No Failure,155.5,70.1
H,135.94,-21.69,-59.7,34.68,199.37,59.72,0,No Failure,158.8,71.2
M,101.78,-17.61,-72.96,24.05,239.92,68.08,0,No Failure,182.0,79.5
M,108.35,-25.77,-70.42,23.55,216.26,67.39,0,No Failure,189.2,82.0
M,124.81,-8.36,-70.88,34.0,179.0,58.88,0,No Failure,154.9,69.8
M,121.03,-54.55,-66.48,31.8,228.66,69.27,0,No Failure,183.0,79.8
L,103.96,-22.25,-62.65,31.81,274.25,56.23,0,No Failure,155.7,70.1
H,91.81,-16.97,-66.97,24.75,174.68,72.56,0,No Failure,170.8,75.5
H,93.97,-10.78,-74.71,35.4,194.03,60.36,0,No Failure,156.5,70.4
L,77.08,-13.51,-70.88,27.81,257.23,64.87,0,No Failure,166.8,74.1
L,109.0,-8.23,-70.0,20.73,221.76,58.91,0,No Failure,177.2,77.8
L,121.61,-24.59,-71.55,15.57,,64.61,0,No Failure,161.9,72.3
M,105.34,-26.6,-60.2,29.9,178.02,42.33,0,No Failure,138.5,64.1
L,112.01,-21.57,-69.16,33.34,212.14,67.94,0,No Failure,201.4,86.3
L,50.12,-23.21,-71.05,30.0,215.05,64.64,0,No Failure,170.4,75.3
L,111.13,-24.37,-63.45,26.63,173.58,46.62,0,No Failure,157.4,70.7
M,119.4,-18.97,-63.66,19.74,229.25,73.82,0,No Failure,166.5,74.0
L,116.22,-15.23,-68.93,25.26,208.62,68.72,0,No Failure,202.8,86.8
H,129.1,-18.89,-72.26,24.32,184.04,67.99,0,No Failure,172.7,76.2
M,131.39,-20.84,-63.16,22.09,177.68,33.49,0,No Failure,121.2,57.9
M,163.32,-20.96,-70.69,22.4,224.52,67.44,0,No Failure,157.2,70.7
H,102.44,-13.95,-76.37,33.42,230.23,72.35,0,No Failure,162.4,72.5
M,105.6,-12.68,-68.3,32.27,194.64,67.27,0,No Failure,191.3,82.8
L,126.26,-21.81,-64.35,28.91,211.06,58.75,0,No Failure,201.3,86.3
L,109.02,-19.8,-63.53,33.86,247.93,57.0,0,No Failure,178.6,78.2
H,84.02,-13.31,-73.16,30.18,222.22,51.17,0,No Failure,171.6,75.8
M,126.05,-15.67,-73.44,28.12,157.5,67.02,0,No Failure,164.7,73.3
L,106.58,-16.53,-70.97,22.47,183.16,70.09,0,No Failure,176.0,77.3
L,112.54,-13.73,-64.02,25.15,197.35,98.0,0,No Failure,147.6,67.3
L,92.75,13.85,-58.76,16.56,187.39,72.81,0,No Failure,127.2,60.0
L,132.09,-18.1,-71.89,30.99,238.72,-2.45,0,No Failure,175.1,77.0
L,128.27,-13.37,-76.32,35.97,181.75,66.68,0,No Failure,143.2,65.7
L,118.13,-21.61,-66.86,26.21,168.51,53.41,0,No Failure,174.4,76.8
L,109.35,-17.69,-66.6,21.0,219.59,53.78,0,No Failure,197.1,84.8
L,107.47,-24.62,-69.6,21.5,234.24,58.84,0,No Failure,179.6,78.6
L,141.29,-12.28,-70.01,26.68,241.11,74.97,0,No Failure,159.0,71.3
M,125.24,-23.08,-74.98,23.88,217.53,74.93,0,No Failure,163.5,72.9
H,121.36,-14.5,-73.74,30.07,,57.7,0,No Failure,193.8,83.6
L,107.04,-20.5,-71.93,31.48,176.03,59.52,0,No Failure,184.3,80.3
L,111.12,-15.54,-72.13,30.96,203.88,65.07,0,No Failure,202.9,86.9
L,58.33,-21.53,-65.07,33.01,167.64,59.38,0,No Failure,142.0,65.3
L,112.58,-26.67,-69.64,35.57,192.52,46.33,0,No Failure,154.0,69.5
M,69.75,-22.21,-66.54,32.22,253.58,55.08,0,No Failure,153.5,69.4
H,91.44,-3.84,-67.04,25.93,231.64,50.97,0,No Failure,155.9,70.2
L,120.88,-25.36,,33.94,189.98,59.79,0,No Failure,177.7,77.9
L,105.26,-15.05,-64.48,26.33,293.72,49.46,0,No Failure,147.0,67.0
L,97.04,-25.62,-70.36,32.57,221.4,60.72,0,No Failure,187.8,81.5
L,255.87,-19.67,-72.0,,263.39,47.47,0,No Failure,163.9,73.1
L,100.01,-8.1,-80.89,29.19,158.51,52.04,0,No Failure,122.0,58.2
L,122.62,-27.09,-64.56,23.48,213.24,46.82,0,No Failure,161.1,72.1
H,99.64,-13.03,-67.83,30.5,202.23,65.9,0,No Failure,200.7,86.1
M,123.53,-24.89,-63.09,33.77,236.21,46.6,0,No Failure,148.8,67.7
L,94.22,-21.0,-66.7,37.75,189.66,63.21,0,No Failure,172.7,76.2
H,85.99,-19.85,-58.85,28.4,190.43,80.14,0,No Failure,152.4,69.0
L,126.97,-16.46,-65.26,29.9,191.14,46.11,0,No Failure,175.2,77.1
M,111.13,-15.15,-70.69,54.41,219.89,53.53,0,No Failure,205.8,87.9
M,-2.26,-23.78,-60.89,28.47,255.07,59.4,0,No Failure,173.7,76.5
M,107.18,-28.12,-65.4,18.53,224.7,70.09,0,No Failure,157.6,70.8
M,67.93,-23.82,-70.33,24.93,195.29,55.08,0,No Failure,158.0,71.0
L,144.67,-16.46,-61.45,,221.67,68.6,0,No Failure,175.5,77.1
L,111.97,-8.06,-48.77,17.94,222.46,55.28,0,No Failure,119.3,57.3
H,126.7,-8.98,-66.46,22.97,215.77,49.69,0,No Failure,167.0,74.2
L,120.2,-20.02,-71.14,34.01,207.93,49.3,0,No Failure,179.8,78.7
L,129.43,-24.36,-57.49,26.32,153.85,51.45,0,No Failure,122.7,58.5
L,109.82,-26.31,-68.57,30.92,224.54,69.09,0,No Failure,194.2,83.8
M,104.64,-21.89,-81.53,23.82,215.58,60.6,0,No Failure,172.7,76.2
M,82.85,-20.26,-74.96,32.88,204.97,63.14,0,No Failure,175.9,77.3
M,106.21,-25.77,-63.29,25.68,245.14,59.26,0,No Failure,174.2,76.7
H,155.42,-15.69,-61.36,34.5,244.17,73.45,0,No Failure,132.6,62.0
M,123.05,-16.61,-66.35,32.75,222.56,72.98,0,No Failure,189.6,82.2
M,108.45,-12.66,-69.37,32.04,219.64,56.95,0,No Failure,200.9,86.2
M,45.0,-13.8,-68.02,35.88,212.25,66.64,0,No Failure,155.1,69.9
M,127.35,-18.49,-65.98,21.94,212.72,40.68,0,No Failure,169.1,74.9
M,125.23,-25.54,-57.12,33.35,209.58,72.28,0,No Failure,148.1,67.4
L,124.33,-16.22,-65.03,22.39,214.51,74.88,0,No Failure,180.0,78.8
L,125.17,-17.59,-73.68,31.98,232.73,48.0,0,No Failure,171.2,75.6
M,121.77,-9.73,-68.83,30.37,227.95,56.23,0,No Failure,187.4,81.4
L,64.68,-10.78,-60.64,33.41,182.66,57.39,0,No Failure,130.0,61.0
L,109.81,-20.54,-56.71,31.65,188.06,66.67,0,No Failure,169.4,75.0
L,89.67,-29.26,-70.93,31.51,250.58,73.63,0,No Failure,142.6,65.5
M,137.64,-25.18,-76.25,37.08,204.64,64.03,0,No Failure,145.4,66.5
M,144.79,-8.97,-73.28,32.78,162.71,60.97,0,No Failure,133.2,62.2
L,94.05,-15.07,-67.69,24.27,222.9,90.25,0,No Failure,162.3,72.5
L,80.22,-22.77,-76.35,30.96,349.45,61.76,0,No Failure,175.7,77.2
L,111.26,-12.67,-63.16,24.39,205.93,66.77,0,No Failure,187.5,81.4
H,123.47,-15.86,-66.07,29.63,271.96,62.5,0,No Failure,181.2,79.2
L,60.45,-11.91,-75.52,27.56,227.6,59.45,0,No Failure,156.9,70.6
L,122.6,-9.92,-65.0,19.45,213.1,114.23,0,No Failure,173.5,76.4
L,96.32,-15.13,-66.34,42.08,156.75,72.85,0,No Failure,125.8,59.6
L,108.2,-9.54,-69.89,38.63,234.88,40.14,1,Agitator Mechanical Drag,6.7,18.7
H,117.32,-15.03,-67.98,24.05,214.04,79.71,0,No Failure,187.7,81.5
M,99.43,-27.89,-74.61,31.76,251.21,63.47,0,No Failure,155.9,70.2
L,121.74,-14.93,-73.09,22.76,210.5,107.51,0,No Failure,184.4,80.3
M,107.68,-17.62,-69.06,21.23,206.66,57.07,0,No Failure,199.9,85.8
M,73.79,-25.34,-60.36,36.95,202.02,58.52,0,No Failure,137.7,63.8
M,91.97,-11.23,-67.24,28.35,243.89,81.4,0,No Failure,162.8,72.6
L,156.66,-30.59,-74.85,21.17,234.21,67.6,0,No Failure,116.5,56.3
M,142.73,-24.83,-64.47,24.02,237.39,65.64,0,No Failure,158.8,71.2
M,84.29,-16.98,-69.59,37.33,232.35,59.17,0,No Failure,174.0,76.6
M,90.34,-16.39,-62.04,31.08,222.39,84.39,0,No Failure,161.4,72.2
L,121.93,-17.3,-61.91,30.85,220.24,47.27,0,No Failure,181.7,79.3
L,115.3,-11.3,-66.52,22.8,205.2,90.68,0,No Failure,150.6,68.3
M,113.11,-16.24,-58.38,27.4,220.84,62.44,0,No Failure,199.5,85.6
L,91.15,-20.12,-67.83,33.08,218.48,82.29,0,No Failure,176.0,77.3
H,110.13,-21.89,-77.34,27.7,260.29,66.02,0,No Failure,168.4,74.6
H,128.59,-23.26,-68.7,35.59,197.4,85.48,0,No Failure,145.9,66.7
L,131.59,-19.78,-70.55,20.98,166.61,61.62,0,No Failure,160.7,71.9
M,119.93,-15.36,-62.37,26.8,175.81,68.26,0,No Failure,172.9,76.2
M,93.25,-15.2,-64.35,28.89,190.4,51.08,0,No Failure,179.7,78.6
L,153.52,-12.54,-69.16,30.9,242.96,70.83,0,No Failure,156.9,70.6
M,68.37,-14.29,-67.9,37.28,215.59,72.45,0,No Failure,160.2,71.8
M,143.15,-18.55,-87.88,28.36,236.32,62.16,0,No Failure,180.8,79.0
L,248.62,-17.69,-71.32,24.91,178.42,63.77,0,No Failure,174.8,76.9
M,111.2,-3.56,-72.8,33.0,211.9,67.73,0,No Failure,166.3,73.9
H,114.28,-24.19,-57.17,28.55,290.17,79.8,0,No Failure,125.3,59.4
L,117.4,-28.18,-69.18,28.85,231.13,61.12,0,No Failure,194.5,83.9
M,97.03,-24.6,-73.25,26.54,221.65,42.81,0,No Failure,162.6,72.6
M,125.73,-16.57,-71.14,27.72,188.64,52.88,0,No Failure,185.5,80.7
L,123.16,-3.66,-75.05,27.19,189.06,54.22,0,No Failure,145.1,66.4
L,144.36,-14.55,-59.38,25.24,242.71,45.15,0,No Failure,133.2,62.2
H,94.48,-27.13,-74.86,32.3,170.29,50.27,0,No Failure,132.0,61.8
H,103.83,-15.6,-66.35,35.69,248.26,70.96,0,No Failure,169.8,75.1
H,117.35,-26.31,-71.19,26.79,216.85,77.3,0,No Failure,177.2,77.8
L,124.83,-20.31,-63.63,32.93,216.35,60.06,0,No Failure,195.1,84.1
M,113.99,-25.17,-64.98,34.97,224.87,40.03,0,No Failure,153.4,69.3
H,100.01,-11.95,-71.8,32.35,280.46,56.59,0,No Failure,148.0,67.4
M,109.94,-28.85,-68.17,34.42,208.81,60.15,0,No Failure,188.1,81.6
L,33.09,-20.82,-75.72,25.63,203.91,68.79,0,No Failure,162.6,72.6
H,129.36,-23.57,-77.27,30.01,235.52,57.45,0,No Failure,163.9,73.1
H,113.75,-21.18,-69.21,29.14,203.38,56.78,0,No Failure,209.6,89.2
L,121.18,,-54.02,32.52,157.43,57.17,0,No Failure,136.7,63.4
L,115.95,-12.21,-63.91,27.18,222.63,58.65,0,No Failure,196.9,84.7
H,84.2,-25.35,-65.25,26.27,206.99,55.29,0,No Failure,175.6,77.2
H,136.04,-23.56,-75.4,19.38,101.39,68.45,0,No Failure,147.9,67.4
L,69.44,-24.2,-66.99,29.1,272.68,,0,No Failure,141.6,65.2
L,69.72,-7.79,-68.41,36.41,212.03,54.78,0,No Failure,150.2,68.2
L,115.36,-11.96,-68.16,28.97,,54.12,0,No Failure,202.7,86.8
H,93.11,-13.74,-67.86,23.08,184.59,62.16,0,No Failure,182.2,79.5
M,105.48,-27.72,-76.51,31.29,165.84,62.86,0,No Failure,149.5,68.0
L,,-7.06,-77.94,28.77,207.94,55.29,0,No Failure,159.1,71.4
M,116.63,-28.0,-66.96,30.06,200.97,60.98,0,No Failure,193.2,83.4
L,122.65,-15.2,-67.52,34.43,209.25,59.7,0,No Failure,198.2,85.2
L,97.08,-19.32,-66.98,23.9,197.58,56.12,0,No Failure,191.9,83.0
M,98.79,-12.12,-56.05,31.34,208.38,55.09,0,No Failure,162.2,72.5
H,152.84,-25.75,-72.49,23.6,171.62,80.2,0,No Failure,111.7,54.6
H,117.88,-20.77,-73.16,21.34,213.24,58.48,0,No Failure,185.4,80.7
L,82.57,-22.01,-64.02,31.08,261.73,52.45,0,No Failure,150.3,68.2
M,81.52,-17.15,-68.83,24.83,238.28,54.66,0,No Failure,180.4,78.9
M,103.51,-14.75,-57.1,30.24,214.06,61.05,0,No Failure,190.3,82.4
L,111.59,-11.32,-62.54,20.87,178.66,64.82,0,No Failure,157.5,70.8
L,110.44,-19.5,-66.92,28.8,239.23,54.13,0,No Failure,205.8,87.9
M,125.15,-23.74,-65.73,26.97,205.16,71.53,0,No Failure,184.9,80.5
L,106.22,-9.11,-63.26,21.81,188.92,64.27,0,No Failure,162.6,72.6
L,135.42,-17.62,-68.44,26.83,,65.99,0,No Failure,202.2,86.6
L,133.83,-16.55,-62.95,27.76,226.63,50.7,0,No Failure,180.7,79.0
M,142.52,-14.7,-64.18,24.25,258.42,82.42,0,No Failure,130.2,61.1
L,140.6,-16.0,-69.54,32.04,219.6,71.32,0,No Failure,183.2,79.9
H,73.12,-18.76,-66.53,33.5,227.61,74.74,0,No Failure,167.8,74.4
H,87.08,-30.92,-68.46,34.19,176.34,77.73,0,No Failure,127.5,60.1
L,88.34,-15.75,-74.74,30.66,216.21,42.54,0,No Failure,165.7,73.7
L,93.68,-19.32,-70.65,37.4,238.91,67.36,0,No Failure,168.7,74.7
M,251.54,-18.8,-72.72,19.96,211.42,69.13,0,No Failure,178.4,78.2
H,86.21,-18.38,-62.17,26.92,254.61,74.82,0,No Failure,159.3,71.4
M,104.38,-16.98,-64.2,24.38,231.4,72.8,0,No Failure,184.8,80.5
L,91.49,-22.98,-77.91,29.29,197.0,58.67,0,No Failure,169.7,75.1
L,166.45,-14.02,-75.21,31.02,220.25,52.14,0,No Failure,147.3,67.2
M,95.16,-59.29,-68.82,25.42,,51.66,0,No Failure,181.7,79.3
M,107.14,-20.2,-75.39,36.78,,67.43,0,No Failure,168.3,74.6
L,91.24,-12.68,-76.71,16.72,188.54,73.43,0,No Failure,121.2,57.9
L,109.35,-16.26,-68.05,31.15,186.79,59.87,0,No Failure,206.5,88.1
L,124.62,-25.75,-66.24,25.3,173.19,52.54,0,No Failure,157.0,70.6
M,102.6,-11.3,-65.67,27.76,175.06,62.52,0,No Failure,184.5,80.4
H,100.02,-31.17,-70.06,28.59,221.31,84.29,0,No Failure,158.7,71.2
L,68.22,-22.92,-75.07,28.96,202.02,57.95,0,No Failure,165.2,73.5
M,88.69,-15.37,-68.94,32.24,249.48,49.98,0,No Failure,166.5,74.0
L,129.27,-16.98,-64.47,27.04,211.8,55.59,0,No Failure,199.1,85.5
L,116.24,-5.31,-62.24,25.12,228.12,66.24,0,No Failure,164.1,73.1
H,89.0,-24.53,-70.71,35.54,231.71,70.94,0,No Failure,157.5,70.8
M,45.0,-13.23,-74.12,30.99,176.91,81.25,0,No Failure,108.9,53.6
H,51.12,-20.69,-64.95,32.03,236.16,71.47,0,No Failure,148.1,67.4
L,80.09,-6.95,-75.5,26.72,142.64,58.45,0,No Failure,117.0,56.4
L,120.17,-17.84,-73.18,26.25,173.61,46.99,0,No Failure,164.3,73.2
L,90.2,-20.81,-78.94,24.64,197.02,69.97,0,No Failure,155.2,70.0
L,93.28,-26.47,-64.11,29.58,201.15,71.81,0,No Failure,171.2,75.6
M,118.73,-30.2,-66.01,28.14,227.97,59.73,0,No Failure,186.2,81.0
M,122.89,-14.21,-64.67,31.41,179.58,76.94,0,No Failure,160.4,71.8
H,103.76,-22.15,-63.11,33.1,238.51,84.38,0,No Failure,151.0,68.5
M,86.74,6.7,-55.71,28.13,222.7,53.51,0,No Failure,150.2,68.2
L,103.34,-26.02,-68.88,32.27,240.36,61.9,0,No Failure,186.1,80.9
H,106.8,-19.58,-68.09,35.7,160.54,62.37,0,No Failure,177.5,77.9
L,116.44,-18.97,-73.18,23.58,232.66,66.41,0,No Failure,186.6,81.1
M,103.05,-14.94,-65.59,24.87,209.43,69.87,0,No Failure,195.1,84.1
H,-16.49,-22.88,-59.96,37.54,343.06,68.89,0,No Failure,164.5,73.3
M,144.32,-18.06,-65.19,31.18,202.58,73.07,0,No Failure,177.2,77.8
L,73.22,-24.33,-66.04,48.49,194.86,71.62,0,No Failure,160.0,71.7
L,97.7,-13.62,-67.07,28.17,188.65,56.28,0,No Failure,192.9,83.3
L,101.38,-15.73,-71.56,23.46,217.01,63.12,0,No Failure,200.5,86.0
H,113.89,-15.35,-46.96,36.45,221.73,48.05,1,Agitator Mechanical Drag,13.7,31.2
L,95.14,-26.74,-59.4,28.22,205.95,57.45,0,No Failure,171.8,75.8
L,88.87,-13.32,-58.84,32.58,216.42,80.94,0,No Failure,148.2,67.5
M,91.14,-16.58,-73.35,30.73,219.72,45.56,0,No Failure,175.5,77.2
H,127.17,-27.52,-66.45,29.85,168.32,71.21,0,No Failure,154.6,69.7
H,152.52,-19.69,-73.64,25.3,179.83,65.8,0,No Failure,154.9,69.9
M,100.15,-12.37,-67.81,29.57,185.75,63.87,0,No Failure,195.1,84.1
L,80.12,-24.14,-65.18,30.85,225.35,56.49,0,No Failure,175.6,77.2
M,123.58,-17.65,-71.16,2.0,264.07,36.56,0,No Failure,147.9,67.4
L,111.76,-11.58,-65.36,35.0,73.39,76.37,0,No Failure,163.9,73.0
H,107.01,-7.92,-67.04,29.49,200.46,127.59,0,No Failure,189.7,82.2
H,123.46,-18.64,-71.86,15.32,239.87,57.24,0,No Failure,156.0,70.3
L,79.33,-2.44,-65.79,22.7,205.04,68.01,0,No Failure,142.4,65.4
L,104.97,-10.83,-63.07,37.16,218.61,49.87,1,Agitator Mechanical Drag,8.1,26.3
L,75.94,-19.51,-57.51,27.94,186.06,52.93,0,No Failure,151.9,68.8
M,95.31,-34.02,-51.12,35.12,183.98,46.2,0,No Failure,81.8,44.0
H,95.34,-21.39,-58.49,24.98,231.29,62.48,0,No Failure,174.1,76.7
L,113.23,-14.39,-58.29,16.3,213.1,56.57,0,No Failure,155.6,70.1
L,105.63,-16.44,-65.99,33.85,231.89,77.81,0,No Failure,177.8,78.0
L,91.37,,-66.48,28.89,209.8,58.07,0,No Failure,208.2,88.7
L,141.21,-12.46,-63.64,27.74,245.11,81.94,0,No Failure,143.6,65.9
M,125.18,-10.96,-62.7,28.26,225.45,58.21,0,No Failure,185.2,80.6
L,117.75,-10.86,-68.5,27.6,285.24,73.86,0,No Failure,152.6,69.1
L,109.28,-23.36,-67.71,34.46,220.81,48.29,0,No Failure,183.7,80.1
L,88.22,-12.77,-63.39,35.05,220.66,51.06,0,No Failure,160.4,71.8
L,143.45,-1.61,-68.81,32.99,181.09,,0,No Failure,121.9,58.2
L,96.01,-17.57,-67.59,28.87,206.07,80.24,0,No Failure,195.3,84.2
L,101.38,-35.73,-68.08,28.48,168.87,51.48,0,No Failure,146.6,66.9
H,96.56,-23.47,-60.66,19.63,245.96,43.7,0,No Failure,124.4,59.0
L,76.68,-5.6,-76.92,19.75,199.76,58.5,0,No Failure,121.2,57.9
H,142.53,-13.78,-68.24,31.73,212.56,73.8,0,No Failure,178.7,78.3
M,82.07,-19.16,-78.72,32.11,230.41,68.12,0,No Failure,159.5,71.5
L,136.96,-28.3,-58.36,26.11,220.98,77.86,0,No Failure,136.0,63.2
M,118.46,-19.29,-65.18,34.96,219.55,72.79,0,No Failure,185.0,80.5
M,73.69,-14.04,-64.93,24.37,199.36,68.79,0,No Failure,165.4,73.6
L,124.63,-18.76,-67.85,24.33,201.9,53.8,0,No Failure,195.1,84.1
L,103.46,-6.72,-70.51,25.38,169.06,70.7,0,No Failure,150.4,68.3
H,117.14,-25.43,-63.2,25.48,204.94,81.33,0,No Failure,160.1,71.7
L,110.0,-15.41,-62.75,35.99,220.73,60.11,0,No Failure,189.8,82.2
L,97.52,-16.86,-92.8,23.1,260.76,82.96,0,No Failure,146.7,67.0
M,104.75,-30.9,,21.32,217.3,45.08,0,No Failure,140.7,64.8
H,91.08,-11.3,-60.5,28.75,180.83,19.66,0,No Failure,150.8,68.4
L,190.59,-17.92,-63.35,31.76,212.4,60.89,0,No Failure,165.7,73.7
L,139.78,-13.73,-66.01,28.29,180.08,76.51,0,No Failure,160.9,72.0
H,118.6,-11.81,-70.18,28.8,,73.25,0,No Failure,165.0,73.4
H,101.15,-22.55,-62.83,22.07,164.72,73.07,0,No Failure,141.8,65.2
L,159.14,-12.79,-65.17,31.34,265.71,43.65,0,No Failure,120.0,57.5
M,155.4,-17.0,-66.85,33.61,234.06,50.84,0,No Failure,160.4,71.8
M,97.51,-21.67,-66.34,30.25,220.29,-5.32,0,No Failure,191.3,82.8
L,115.79,-17.95,-68.3,39.78,,72.07,0,No Failure,165.5,73.6
M,78.48,-27.58,-66.03,34.37,184.1,48.83,0,No Failure,133.7,62.4
L,82.55,-18.29,-62.2,29.68,216.01,52.82,0,No Failure,187.4,81.4
M,135.66,-26.3,-73.69,34.92,239.0,67.21,0,No Failure,144.7,66.2
L,115.96,-5.35,-65.41,27.96,196.64,74.81,0,No Failure,166.1,73.8
L,110.51,-21.5,-70.74,22.98,226.84,61.81,0,No Failure,198.9,85.5
M,107.38,-20.5,-77.66,33.11,222.92,76.1,0,No Failure,165.9,73.8
M,74.84,-26.22,-70.75,29.17,231.38,64.18,0,No Failure,173.4,76.4
M,123.49,-19.77,-54.13,27.38,180.23,54.14,0,No Failure,152.1,68.9
M,122.22,-2.69,-67.83,24.53,187.36,77.85,0,No Failure,141.4,65.1
M,106.69,-18.26,-70.33,21.96,197.03,50.89,0,No Failure,183.4,80.0
H,55.88,-10.77,-64.84,28.69,227.62,44.19,0,No Failure,143.2,65.7
H,145.22,-18.27,-69.43,29.53,227.06,53.42,0,No Failure,188.9,81.9
L,88.16,-23.53,-64.81,26.45,225.64,61.54,0,No Failure,189.5,82.1
M,149.48,,-92.52,33.98,217.08,50.26,0,No Failure,161.5,72.2
M,114.93,-12.78,-64.59,22.56,340.49,70.18,0,No Failure,175.7,77.2
L,117.67,-22.25,-61.68,33.38,,58.72,0,No Failure,155.4,70.0
L,125.17,-27.62,,29.51,212.24,51.39,0,No Failure,183.9,80.1
M,118.51,-21.03,-69.52,28.17,221.4,48.95,0,No Failure,198.7,85.4
H,108.34,-15.81,-71.52,24.26,214.7,52.12,0,No Failure,196.2,84.5
M,150.14,-19.57,-66.08,30.01,212.45,71.02,0,No Failure,184.7,80.4
M,117.23,-48.12,-71.44,30.85,221.9,54.12,0,No Failure,186.8,81.1
L,136.2,-17.57,-64.69,28.62,230.36,54.65,0,No Failure,191.8,82.9
L,116.89,-21.39,-57.8,30.28,234.12,46.34,0,No Failure,158.9,71.3
L,146.55,-21.01,-71.82,33.73,238.03,40.61,0,No Failure,136.3,63.3
M,137.42,-25.32,-61.28,-3.49,261.23,40.05,0,No Failure,109.7,53.9
L,111.16,-13.76,-70.92,24.22,233.94,55.54,0,No Failure,186.5,81.1
M,123.49,-10.5,-62.07,34.44,191.05,62.91,0,No Failure,161.9,72.3
H,97.88,-10.17,-70.0,31.43,194.77,70.76,0,No Failure,172.9,76.2
L,123.54,-15.74,-69.81,28.02,187.27,58.67,0,No Failure,197.0,84.8
M,223.61,-25.63,-60.23,30.5,247.31,45.04,0,No Failure,146.2,66.8
M,104.81,-9.94,-61.31,32.89,214.97,49.59,0,No Failure,166.7,74.0
L,70.97,-20.21,-65.34,29.24,225.67,54.33,0,No Failure,181.2,79.2
M,123.48,-25.69,-71.54,26.32,219.39,66.53,0,No Failure,186.3,81.0
L,105.37,-15.22,-63.38,32.66,212.75,45.57,0,No Failure,179.2,78.5
M,77.81,-17.16,-66.7,21.57,198.88,44.65,0,No Failure,156.4,70.4
L,128.36,-11.51,-75.17,17.87,205.15,70.04,0,No Failure,141.5,65.1
M,144.29,-20.93,-74.64,32.41,255.0,58.31,0,No Failure,149.6,68.0
L,143.42,-14.8,-71.82,25.0,208.37,73.96,0,No Failure,167.1,74.2
M,122.52,-12.23,-70.66,33.44,251.22,73.9,0,No Failure,155.3,70.0
M,113.1,-15.79,-75.99,33.51,193.77,59.49,0,No Failure,178.3,78.2
M,128.08,-13.31,-71.89,34.8,231.29,76.81,0,No Failure,154.7,69.8
M,82.97,-25.29,-72.05,21.86,196.23,63.68,0,No Failure,158.4,71.1
H,114.4,-16.62,-65.38,26.85,235.59,58.04,0,No Failure,202.9,86.9
M,153.96,-17.8,-66.1,27.27,245.75,68.68,0,No Failure,172.5,76.1
H,90.76,-13.89,-72.56,30.0,,70.98,0,No Failure,164.6,73.3
M,115.74,-19.73,-71.8,33.0,213.91,7.55,0,No Failure,201.5,86.3
L,143.91,-12.14,-67.29,55.49,247.92,65.69,0,No Failure,164.1,73.1
M,126.53,-20.18,-74.49,26.09,233.37,46.16,0,No Failure,163.9,73.1
L,129.94,-14.3,-75.93,25.81,219.4,51.79,0,No Failure,169.9,75.2
M,243.84,-21.72,-72.05,35.24,219.19,54.54,0,No Failure,171.5,75.7
L,110.35,-29.26,-73.95,23.04,214.49,58.61,0,No Failure,173.6,76.5
L,113.47,-24.02,-66.7,39.17,191.57,48.18,1,Agitator Mechanical Drag,12.8,23.8
L,117.01,-26.62,-71.73,28.41,205.34,60.68,0,No Failure,195.7,84.3
M,117.76,-10.66,-61.08,35.45,233.06,68.37,0,No Failure,155.9,70.2
M,117.33,-18.6,-64.55,28.43,231.99,73.47,0,No Failure,196.7,84.7
H,117.96,-21.96,-59.84,34.01,223.84,58.4,0,No Failure,174.8,76.9
L,126.21,-14.95,-67.13,28.22,181.21,83.46,0,No Failure,166.4,73.9
H,94.8,-19.77,-62.5,22.15,206.91,82.56,0,No Failure,155.9,70.2
H,129.91,-14.73,-71.16,27.27,222.41,56.89,0,No Failure,194.2,83.8
L,131.45,-30.05,-71.93,38.73,191.52,82.17,0,No Failure,109.9,53.9
M,88.51,-19.7,-61.46,26.06,254.81,65.18,0,No Failure,166.8,74.1
M,129.94,-16.33,-75.76,30.9,220.2,53.81,0,No Failure,178.7,78.3
L,45.0,-11.18,-59.15,37.37,240.96,57.58,0,No Failure,105.8,52.5
M,121.21,-16.63,-71.59,37.66,340.09,,0,No Failure,181.1,79.2
L,121.8,-21.25,-62.29,23.8,159.82,7.82,0,No Failure,155.8,70.2
L,103.42,-18.2,-78.12,32.62,241.24,65.9,0,No Failure,172.7,76.2
L,153.24,-21.62,-69.83,30.1,177.85,102.03,0,No Failure,149.5,67.9
M,99.74,-25.45,-57.01,30.42,189.7,55.11,0,No Failure,153.0,69.2
H,89.39,-18.16,-75.75,31.08,231.85,64.56,0,No Failure,182.4,79.6
M,102.78,-13.98,-67.89,40.61,230.68,64.37,0,No Failure,174.6,76.8
M,104.04,-12.83,-75.94,14.79,211.09,54.58,0,No Failure,146.0,66.7
L,113.94,-28.08,-97.47,33.37,204.67,61.77,0,No Failure,187.7,81.5
L,71.62,-17.83,-71.56,28.3,197.81,74.63,0,No Failure,174.6,76.8
L,106.82,-13.15,-65.52,21.45,173.63,64.66,0,No Failure,168.1,74.5
M,109.87,-24.83,-67.99,20.6,200.92,45.33,0,No Failure,165.9,73.7
L,145.97,-24.56,-75.43,31.31,226.55,56.25,0,No Failure,155.3,70.0
M,78.61,-17.21,-82.56,25.11,198.95,49.96,0,No Failure,139.1,64.3
M,84.28,-19.06,-65.48,27.22,241.87,60.57,0,No Failure,190.8,82.6
M,125.46,-11.92,-62.38,34.98,262.26,64.71,0,No Failure,146.3,66.8
L,150.84,-26.99,-66.54,27.49,224.48,70.66,0,No Failure,165.1,73.5
L,103.01,-11.14,-70.5,25.46,240.25,47.93,0,No Failure,166.2,73.9
M,84.82,-16.14,-78.45,28.09,238.16,53.95,0,No Failure,162.6,72.6
L,116.04,-23.06,-66.44,24.89,189.29,61.53,0,No Failure,191.6,82.9
L,129.25,-10.11,-79.94,32.0,182.07,64.39,0,No Failure,140.3,64.7
L,95.22,-18.09,-75.49,21.94,210.67,70.49,0,No Failure,174.1,76.7
M,102.66,-21.54,-64.15,32.22,224.7,32.56,0,No Failure,155.6,70.1
L,94.47,-33.95,-62.51,24.42,218.27,79.99,0,No Failure,134.5,62.6
M,89.73,-10.27,-70.76,30.67,193.6,60.13,0,No Failure,177.3,77.8
L,82.6,-25.12,-67.86,30.22,234.53,60.66,0,No Failure,184.6,80.4
L,131.05,-14.06,-78.45,39.6,177.8,72.71,0,No Failure,114.8,55.7
L,84.69,-22.77,-63.34,24.84,202.7,43.07,0,No Failure,152.1,68.9
M,85.1,-9.17,-63.29,28.01,239.12,60.32,0,No Failure,169.8,75.2
M,154.85,-20.95,-67.64,31.16,224.3,62.87,0,No Failure,186.7,81.1
L,92.37,-21.16,-60.31,33.48,216.49,51.38,0,No Failure,167.6,74.3
L,100.49,-17.37,-76.05,23.09,196.61,74.61,0,No Failure,163.6,72.9
L,132.03,-20.4,-70.11,52.76,240.75,87.8,0,No Failure,156.3,70.4
H,115.7,-19.89,-62.96,32.28,242.95,56.03,0,No Failure,180.1,78.8
M,101.41,-24.76,-64.4,23.15,223.72,84.46,0,No Failure,153.2,69.3
M,122.54,-13.15,-69.91,24.33,210.67,51.59,0,No Failure,183.8,80.1
M,147.9,-12.75,-71.63,29.24,226.73,57.23,0,No Failure,175.4,77.1
M,84.16,-31.44,-63.13,31.61,239.62,58.97,0,No Failure,147.1,67.1
L,128.07,-15.59,-71.18,25.81,207.37,78.28,0,No Failure,176.6,77.5
M,75.22,6.46,-69.99,27.97,216.12,95.14,0,No Failure,113.0,55.0
L,110.27,-5.93,-60.35,20.9,220.35,60.01,0,No Failure,159.4,71.5
L,135.12,-10.53,-75.62,26.53,225.27,60.64,0,No Failure,169.5,75.0
H,66.39,-22.16,-62.0,40.41,251.59,55.58,0,No Failure,115.6,56.0
L,120.0,-20.91,-72.76,45.24,209.8,66.27,0,No Failure,155.6,70.1
M,100.24,-16.72,-70.85,25.63,183.08,79.84,0,No Failure,168.0,74.5
M,87.82,-10.06,-67.98,25.8,198.43,32.63,0,No Failure,144.4,66.1
H,106.17,-11.72,-75.13,32.71,168.63,64.98,0,No Failure,156.5,70.4
L,123.43,-21.71,-69.22,27.48,209.96,78.48,0,No Failure,188.4,81.7
M,96.71,-15.59,-68.09,31.12,204.16,51.16,0,No Failure,194.5,83.9
L,135.76,-19.63,-70.29,27.75,245.07,56.08,0,No Failure,183.1,79.8
L,128.17,-24.36,-59.28,29.49,211.95,80.9,0,No Failure,155.8,70.2
L,108.31,-21.61,,32.8,246.69,73.94,0,No Failure,156.7,70.5
M,118.5,-20.82,-71.77,27.19,222.12,54.7,0,No Failure,198.0,85.1
L,114.35,-11.36,-62.83,31.86,237.66,68.19,0,No Failure,173.2,76.4
H,150.57,-29.43,-75.15,19.65,209.78,55.07,0,No Failure,124.6,59.1
M,66.65,-25.73,-70.5,32.17,211.45,70.47,0,No Failure,159.4,71.4
L,128.55,-8.04,-72.78,22.87,187.72,,0,No Failure,152.3,69.0
M,98.76,-17.58,-78.18,32.86,222.44,55.92,0,No Failure,176.6,77.5
L,,-17.56,-73.39,34.65,268.29,55.91,0,No Failure,157.6,70.8
L,96.0,-28.62,-69.24,20.87,231.13,78.8,0,No Failure,143.3,65.7
M,115.92,-18.59,-74.08,19.2,217.98,46.15,0,No Failure,164.3,73.2
H,97.42,-21.19,-32.87,34.53,233.24,55.88,0,No Failure,164.5,73.3
L,138.37,-18.47,-66.99,32.39,175.87,61.29,0,No Failure,180.1,78.8
L,135.65,-16.56,-71.02,27.51,202.95,52.74,0,No Failure,187.1,81.3
H,143.38,-34.07,-67.59,25.94,203.63,43.52,0,No Failure,135.3,62.9
M,116.03,-14.73,-68.61,26.85,161.01,38.99,0,No Failure,154.5,69.7
L,105.63,-15.62,-66.93,31.0,232.25,80.19,0,No Failure,183.5,80.0
L,86.93,-22.08,-61.51,29.42,196.59,50.06,0,No Failure,165.1,73.5
M,45.0,-16.45,-66.16,34.51,200.87,73.45,0,No Failure,143.9,66.0
M,90.61,-28.0,-64.7,22.64,217.34,48.33,0,No Failure,154.0,69.5
M,71.76,-17.61,-76.14,24.59,222.84,69.94,0,No Failure,162.7,72.6
L,160.22,-22.17,-61.65,20.29,248.47,75.47,0,No Failure,113.3,55.1
L,91.69,-28.88,-73.88,22.78,175.03,67.85,0,No Failure,134.1,62.5
M,151.48,-12.15,-71.11,16.38,156.93,38.67,0,No Failure,82.4,44.2
M,137.6,-20.37,-67.57,39.72,203.84,67.93,0,No Failure,164.6,73.3
M,99.6,-24.75,-70.58,37.85,203.86,72.71,0,No Failure,158.1,71.0
M,152.0,-11.9,-58.56,21.62,268.73,64.63,1,Vacuum Seal Micro-Leak,12.5,10.0
M,115.18,-21.0,-66.62,33.24,185.5,80.95,0,No Failure,165.1,73.5
L,129.84,-15.66,-67.16,23.23,206.15,46.72,0,No Failure,174.8,76.9
M,91.4,-24.39,-59.11,33.3,245.87,66.62,0,No Failure,146.8,67.0
L,72.48,-12.86,-64.3,32.06,216.09,60.73,0,No Failure,178.7,78.3
H,118.33,-19.81,-75.09,26.15,244.64,54.58,0,No Failure,174.2,76.7
M,97.01,-8.03,-64.95,19.52,198.13,56.0,0,No Failure,151.6,68.7
H,136.88,-18.75,-77.09,28.84,229.2,67.63,0,No Failure,177.2,77.7
M,137.62,-17.59,-73.42,35.54,181.67,65.22,0,No Failure,158.8,71.2
L,76.43,-24.46,-63.09,26.72,209.04,48.63,0,No Failure,159.6,71.5
H,112.65,-7.33,-64.25,28.92,201.04,66.92,0,No Failure,184.6,80.4
H,159.79,-28.79,-74.0,34.15,226.72,46.97,0,No Failure,117.2,56.5
L,,-21.92,-73.38,30.92,202.51,65.08,0,No Failure,182.8,79.7
L,141.1,,-66.1,28.33,206.63,69.12,0,No Failure,195.1,84.1
L,102.77,-21.77,-71.53,29.22,206.53,72.1,0,No Failure,194.1,83.7
L,109.31,-21.95,-68.19,23.8,214.75,81.24,0,No Failure,186.7,81.1
M,86.4,-18.93,-60.56,18.98,213.6,63.58,0,No Failure,169.0,74.9
M,119.27,-13.48,-71.39,27.71,204.76,67.22,0,No Failure,197.0,84.8
M,137.05,-17.01,-67.83,29.49,216.03,75.73,0,No Failure,195.4,84.2
L,83.76,-3.44,-65.81,40.18,173.44,66.59,0,No Failure,112.5,54.8
L,104.21,-13.18,-65.47,30.29,207.53,70.33,0,No Failure,195.1,84.1
L,138.98,-2.96,-65.98,22.72,239.13,57.91,0,No Failure,139.5,64.4
L,125.29,-30.38,-59.97,24.75,198.75,53.83,0,No Failure,143.7,65.9
L,108.86,-12.69,-29.52,24.32,198.79,50.02,0,No Failure,168.0,74.5
M,138.85,-4.17,-62.9,27.03,196.97,54.66,0,No Failure,146.4,66.8
M,106.78,-15.38,-73.56,24.95,234.16,48.06,0,No Failure,173.1,76.3
L,116.85,-5.3,,32.7,228.02,48.31,0,No Failure,147.8,67.4
M,135.88,-15.05,-72.48,18.86,215.69,58.46,0,No Failure,167.9,74.5
L,98.2,-15.78,-68.77,24.14,271.87,17.32,0,No Failure,168.9,74.8
L,97.34,-21.87,-65.78,29.03,183.95,62.0,0,No Failure,195.2,84.1
L,,-19.4,-70.04,24.69,198.2,63.45,0,No Failure,179.5,78.6
L,109.59,-23.87,-73.01,24.52,211.83,52.1,0,No Failure,182.9,79.8
L,117.04,-18.53,-66.8,35.44,229.5,63.17,0,No Failure,198.7,85.4
L,148.89,-11.75,-71.79,27.28,209.0,76.52,0,No Failure,159.7,71.5
L,143.2,-25.38,-70.44,27.01,285.28,55.32,0,No Failure,135.4,63.0
M,45.73,-7.95,-76.23,35.6,220.89,49.11,0,No Failure,105.5,52.4
M,136.2,-16.33,-71.5,37.69,236.29,63.92,0,No Failure,164.6,73.3
M,113.35,-14.17,-62.69,31.68,241.02,54.36,0,No Failure,176.8,77.6
M,130.89,-11.58,-63.53,32.12,245.32,53.21,0,No Failure,155.4,70.0
L,109.15,-24.98,-67.87,31.83,227.55,76.45,0,No Failure,182.9,79.8
L,92.81,-21.3,-73.63,29.01,188.45,61.85,0,No Failure,186.7,81.1
L,138.55,-7.42,-72.72,31.24,208.64,71.73,0,No Failure,155.4,70.0
L,-32.69,-6.68,-68.34,20.44,180.3,66.68,0,No Failure,147.1,67.1
L,93.13,-15.69,-61.76,27.8,229.95,45.85,0,No Failure,171.0,75.6
M,94.6,-12.9,-69.6,30.11,176.47,52.3,0,No Failure,170.0,75.2
L,119.47,-26.23,-75.94,25.07,167.06,52.27,0,No Failure,137.3,63.6
M,99.48,20.27,-66.38,23.5,227.54,68.58,0,No Failure,189.8,82.2
L,104.76,0.18,-77.12,23.57,219.64,51.73,0,No Failure,133.6,62.3
L,90.44,-15.72,-47.79,17.9,175.19,46.76,0,No Failure,94.1,48.3
H,129.46,-7.74,-61.67,23.15,237.57,83.9,0,No Failure,122.1,58.2
M,119.94,-26.74,-69.81,24.81,193.43,56.71,0,No Failure,174.5,76.8
M,110.6,-16.8,-68.7,16.52,263.55,,0,No Failure,152.8,69.1
L,91.18,-27.31,-71.34,23.46,240.78,43.22,0,No Failure,136.6,63.4
H,80.4,-11.52,-65.25,31.21,201.46,65.09,0,No Failure,175.6,77.2
H,127.34,-9.21,-66.18,23.3,188.43,46.9,0,No Failure,147.5,67.2
M,106.39,-30.47,-56.39,26.44,257.99,54.18,0,No Failure,130.7,61.3
M,132.49,-25.33,-66.69,33.21,247.07,55.18,0,No Failure,159.2,71.4
M,68.95,-30.79,-69.54,,241.27,82.22,0,No Failure,123.2,58.6
H,91.73,-6.51,-77.9,32.37,228.2,53.53,0,No Failure,139.9,64.5
M,85.82,-14.51,-68.89,28.95,212.96,70.52,0,No Failure,197.8,85.1
L,105.85,-12.98,-65.21,32.61,212.76,76.65,0,No Failure,181.8,79.4
H,130.39,-25.42,-69.28,31.36,219.24,72.75,0,No Failure,177.5,77.9
L,78.12,-12.29,-70.53,21.7,247.9,75.05,0,No Failure,137.5,63.7
H,98.4,-9.32,-74.59,33.23,,72.97,0,No Failure,160.2,71.8
H,105.82,-19.04,-74.59,36.71,212.87,56.96,0,No Failure,182.6,79.7
H,127.06,-3.04,-68.17,23.92,189.78,68.65,0,No Failure,152.1,68.9
L,107.61,-20.23,-68.71,26.28,242.98,70.07,0,No Failure,195.2,84.1
M,123.67,-19.52,-60.36,26.21,274.63,44.98,0,No Failure,137.6,63.7
M,134.29,-0.91,-61.12,35.78,229.6,49.63,0,No Failure,113.4,55.2
L,119.64,-14.25,-66.83,30.87,201.18,61.22,0,No Failure,204.2,87.3
L,82.15,-17.04,-68.48,18.45,220.35,69.27,0,No Failure,172.9,76.2
L,97.96,-22.57,-79.35,23.36,233.39,66.93,0,No Failure,155.1,69.9
L,102.91,-17.12,-69.74,35.28,174.43,48.48,0,No Failure,162.8,72.7
L,110.8,-21.14,-58.84,29.26,258.57,71.3,0,No Failure,163.8,73.0
H,134.48,-19.42,-67.16,38.31,236.54,57.43,0,No Failure,167.8,74.4
L,84.6,-16.52,-64.02,46.36,256.26,66.61,0,No Failure,128.4,60.5
L,126.4,-11.4,-55.42,34.95,179.94,71.5,0,No Failure,122.9,58.5
L,95.84,-26.01,-66.85,31.54,195.31,62.31,0,No Failure,185.7,80.8
M,66.49,-15.03,,25.48,204.46,59.44,0,No Failure,175.4,77.1
H,78.72,-16.7,-65.46,23.52,256.74,44.87,0,No Failure,143.0,65.7
L,92.1,-25.83,-61.21,24.64,241.53,49.6,0,No Failure,143.8,65.9
L,113.71,-17.75,-69.62,27.39,177.71,45.06,0,No Failure,181.4,79.3
M,111.4,-3.69,-73.73,26.56,,68.4,0,No Failure,162.1,72.4
M,97.24,-29.19,-66.69,29.51,200.87,62.93,0,No Failure,187.2,81.3
L,97.74,-19.15,-71.07,24.76,246.16,79.51,0,No Failure,164.4,73.2
L,128.61,-23.25,-72.54,35.62,217.22,64.62,0,No Failure,175.1,77.0
H,116.45,-13.07,-65.72,24.02,156.95,60.46,0,No Failure,165.5,73.6
M,115.64,-19.81,-69.93,28.11,194.86,63.2,0,No Failure,211.1,89.8
M,121.8,-7.93,-63.38,33.3,222.51,63.53,0,No Failure,173.0,76.3
M,113.79,-25.01,-62.58,36.66,182.86,91.7,0,No Failure,117.2,56.5
L,111.58,-16.44,-69.04,30.59,,52.77,0,No Failure,194.6,83.9
L,55.16,-22.67,-67.27,25.71,209.75,71.6,0,No Failure,164.2,73.1
L,111.2,-23.5,-63.9,33.77,196.97,52.68,0,No Failure,173.5,76.4
L,73.65,-18.4,,26.71,216.0,52.14,0,No Failure,183.4,79.9
M,133.5,-30.88,-67.89,27.2,253.64,71.48,0,No Failure,150.8,68.4
H,51.6,-20.78,-74.35,32.23,213.01,76.93,0,No Failure,142.3,65.4
L,119.72,-15.82,-73.22,29.31,201.07,80.34,0,No Failure,176.0,77.3
L,107.16,-18.18,-67.76,31.18,231.8,54.61,0,No Failure,207.6,88.5
M,105.61,-20.36,-81.99,26.47,228.63,50.23,0,No Failure,160.9,72.0
M,130.58,-17.76,-71.84,31.25,220.37,65.73,0,No Failure,197.9,85.1
M,114.13,-26.42,-76.65,24.87,249.35,61.39,0,No Failure,159.5,71.5
L,90.23,-14.39,-69.06,32.92,172.7,61.36,0,No Failure,174.5,76.8
M,148.96,-11.35,-67.7,33.55,236.52,55.46,0,No Failure,158.5,71.1
L,123.95,-12.1,-72.35,26.94,248.52,44.29,0,No Failure,153.0,69.2
L,127.43,-9.03,-59.23,27.0,182.61,56.66,0,No Failure,149.8,68.0
M,77.33,-6.61,-56.86,24.87,202.5,60.36,0,No Failure,138.2,64.0
L,129.56,-15.64,-75.97,28.23,222.0,67.79,0,No Failure,185.6,80.7
L,101.5,-20.37,-65.72,25.22,189.49,64.7,0,No Failure,192.5,83.2
M,102.4,-9.24,-78.25,20.35,197.06,60.73,0,No Failure,147.1,67.1
L,111.34,-2.67,-77.36,27.31,265.81,62.65,1,Compressor High-Head Trip,10.0,19.5
M,82.26,-15.46,-65.83,24.47,214.73,3.5,0,No Failure,184.0,80.2
H,159.96,-23.05,-62.32,34.06,245.09,65.87,0,No Failure,137.4,63.6
M,74.93,-24.9,-62.99,21.85,206.9,53.96,0,No Failure,148.6,67.6
H,99.88,-20.82,-71.3,21.42,227.91,69.48,0,No Failure,176.6,77.6
L,95.07,-21.86,-76.1,31.88,277.11,44.64,0,No Failure,124.3,59.0
L,127.98,-19.12,-56.06,26.28,202.95,45.65,0,No Failure,154.3,69.6
M,96.23,-27.17,-65.85,34.4,233.82,61.96,0,No Failure,172.5,76.1
M,109.89,-11.06,-75.63,34.55,226.39,66.14,0,No Failure,170.2,75.3
L,133.04,-23.05,-66.86,22.72,231.69,50.39,0,No Failure,164.1,73.1
H,114.81,-13.85,,29.76,233.42,68.78,0,No Failure,179.5,78.6
H,131.02,-12.04,-71.53,30.53,176.01,57.86,0,No Failure,165.3,73.6
L,104.48,-19.79,-66.32,29.97,245.04,51.59,0,No Failure,189.1,82.0
H,-44.33,-10.61,-60.41,29.11,231.08,62.94,0,No Failure,169.4,75.0
M,162.96,-14.93,-66.9,27.03,161.09,52.67,0,No Failure,142.8,65.6
H,105.34,-7.0,-70.93,30.65,223.72,69.53,0,No Failure,178.8,78.3
L,112.1,-21.77,-28.06,25.85,202.68,64.35,0,No Failure,191.6,82.9
L,74.77,-20.41,-60.92,33.0,234.57,59.39,0,No Failure,161.3,72.1
L,152.59,-23.99,-60.4,37.7,224.01,54.14,1,Vacuum Seal Micro-Leak,12.6,16.3
L,255.97,-33.27,-72.64,37.15,243.42,75.99,0,No Failure,112.3,54.8
M,132.23,-19.68,-64.86,36.91,177.16,91.78,0,No Failure,119.9,57.5
M,167.46,-21.33,-51.16,28.21,210.65,59.79,1,Vacuum Seal Micro-Leak,8.5,19.7
H,139.63,-24.79,-62.69,26.4,217.74,63.1,0,No Failure,179.1,78.4
L,116.07,-18.12,-60.54,22.43,139.52,67.62,0,No Failure,141.8,65.2
M,118.99,-26.54,-71.53,24.6,248.61,66.46,0,No Failure,164.1,73.1
M,123.39,-24.03,-70.78,26.46,269.79,70.51,0,No Failure,156.2,70.3
L,118.36,-29.04,-71.04,34.19,236.93,59.55,0,No Failure,164.3,73.2
M,156.44,-24.22,-69.49,28.77,204.27,75.46,0,No Failure,162.6,72.6
M,99.5,-15.15,-72.09,29.57,145.03,82.27,0,No Failure,158.7,71.2
L,105.49,-15.44,-75.77,31.33,203.1,57.88,0,No Failure,187.2,81.3
M,95.62,-10.82,-65.35,24.6,209.44,57.12,0,No Failure,182.9,79.8
L,88.9,-15.21,-62.22,36.65,205.07,62.51,0,No Failure,171.2,75.6
L,133.49,-18.86,-69.1,26.09,211.82,62.16,0,No Failure,209.6,89.2
M,116.37,-7.84,-62.64,27.19,209.64,62.38,0,No Failure,188.1,81.6
M,108.6,-13.61,-71.45,24.95,202.93,57.09,0,No Failure,193.3,83.4
M,93.2,-14.51,-78.59,31.16,247.31,66.35,0,No Failure,156.6,70.5
M,121.31,-23.85,-74.93,25.56,219.59,67.33,0,No Failure,179.4,78.5
H,127.59,-16.38,-59.12,45.52,156.03,82.7,0,No Failure,85.4,45.2
H,69.51,-9.29,-73.81,25.78,181.29,58.84,0,No Failure,141.8,65.2
L,128.57,-26.82,,28.68,217.26,5.8,0,No Failure,180.9,79.1
M,93.73,-8.72,-76.38,28.44,244.2,82.18,0,No Failure,135.7,63.0
L,90.04,-23.29,-72.74,20.21,221.42,43.09,0,No Failure,143.6,65.9
L,135.61,-10.43,-67.8,33.91,186.61,58.07,0,No Failure,163.9,73.0
L,112.64,-16.01,-72.37,26.83,228.79,68.29,0,No Failure,198.5,85.3
L,88.53,-7.15,-53.31,31.0,234.93,76.86,0,No Failure,116.9,56.4
L,131.8,-12.98,-58.13,33.09,195.32,27.94,0,No Failure,111.7,54.5
M,-67.85,-24.06,-65.82,36.33,252.16,39.26,1,Agitator Mechanical Drag,6.7,8.1
M,100.14,-29.36,-65.62,26.81,204.94,65.47,0,No Failure,182.5,79.6
M,113.51,-22.47,-66.75,26.42,265.78,35.72,0,No Failure,147.3,67.2
H,64.73,-23.33,-73.45,26.56,214.02,72.21,0,No Failure,160.2,71.8
L,115.19,-19.3,-76.65,33.81,236.41,77.13,0,No Failure,158.0,70.9
L,132.28,-20.34,-66.94,23.53,231.8,79.31,0,No Failure,165.7,73.7
M,112.02,-31.26,-73.55,24.82,189.16,45.95,0,No Failure,140.1,64.6
L,,-17.9,-72.04,20.91,243.64,59.79,0,No Failure,180.2,78.8
M,132.74,-20.56,-69.84,25.08,209.15,67.21,0,No Failure,191.8,82.9
H,81.92,-14.0,-67.86,17.21,208.36,61.72,0,No Failure,171.8,75.9
L,111.03,-15.43,-74.27,32.27,208.47,67.1,0,No Failure,192.6,83.2
L,83.84,-14.45,-75.45,24.01,225.51,68.29,0,No Failure,163.8,73.0
M,77.25,-11.18,-60.81,36.29,174.37,56.37,0,No Failure,124.4,59.0
M,96.52,-20.02,-64.79,18.12,227.67,56.17,0,No Failure,169.0,74.8
L,146.85,-30.31,-73.12,24.11,235.26,56.38,0,No Failure,136.8,63.5
L,92.28,-7.33,-62.56,24.01,235.37,48.88,0,No Failure,141.5,65.1
L,131.63,-14.9,-60.85,29.14,224.58,64.63,0,No Failure,186.5,81.1
L,94.0,-24.82,-71.46,27.97,191.58,70.23,0,No Failure,175.0,77.0
L,104.48,-21.42,-70.04,33.23,207.95,57.16,0,No Failure,196.3,84.5
H,84.88,-8.0,-58.27,32.04,203.76,75.4,0,No Failure,134.5,62.6
M,95.71,-8.92,-64.95,31.05,171.64,43.08,0,No Failure,137.7,63.8
L,118.95,-16.32,-75.03,21.42,227.01,71.8,0,No Failure,167.1,74.2
M,54.23,-23.82,-70.5,35.32,238.27,47.96,0,No Failure,125.9,59.6
M,125.39,-16.55,-70.54,26.62,210.24,55.54,0,No Failure,201.1,86.2
L,54.91,-21.99,-63.31,25.71,208.29,57.08,0,No Failure,160.7,71.9
H,85.87,-10.75,-52.38,26.02,185.98,59.25,0,No Failure,133.5,62.3
L,142.72,-12.39,-64.39,22.4,196.53,43.0,0,No Failure,136.6,63.4
L,131.2,-19.59,-72.44,5.53,234.01,83.28,0,No Failure,154.7,69.8
H,71.04,,-70.01,12.0,196.84,69.34,0,No Failure,130.1,61.1
L,89.2,-14.73,-64.07,29.45,223.21,56.61,0,No Failure,191.4,82.8
M,100.28,-12.82,-64.82,29.25,224.38,73.02,0,No Failure,187.9,81.5
L,134.14,-2.25,-62.67,,201.22,69.46,0,No Failure,148.3,67.5
M,99.11,-19.13,-109.7,31.03,291.73,49.06,0,No Failure,130.5,61.2
M,92.97,-23.95,-72.35,35.61,217.17,63.49,0,No Failure,176.6,77.6
M,133.11,-22.72,-73.23,24.42,242.15,64.61,0,No Failure,165.5,73.6
H,69.89,-20.54,-65.36,31.93,240.55,69.91,0,No Failure,162.0,72.4
L,108.87,-14.21,-70.25,22.16,220.94,58.13,0,No Failure,194.9,84.0
L,133.58,-16.73,-75.93,26.22,,74.85,0,No Failure,171.9,75.9
L,119.37,-20.66,-61.17,29.63,232.96,58.07,0,No Failure,188.1,81.6
M,133.77,-17.93,-74.21,25.7,214.9,68.44,0,No Failure,188.8,81.9
H,82.38,-14.69,-67.38,26.17,221.98,74.37,0,No Failure,182.3,79.6
H,143.6,-15.81,-73.39,22.24,178.54,46.33,0,No Failure,132.9,62.1
H,138.89,-28.51,-39.89,36.11,218.89,57.36,0,No Failure,154.9,69.9
L,67.42,-15.65,-80.34,21.23,237.75,54.09,0,No Failure,123.9,58.9
L,87.16,-11.92,-71.71,62.73,203.94,51.06,0,No Failure,162.6,72.6
L,146.13,-16.24,-58.83,37.49,230.16,49.75,1,Agitator Mechanical Drag,5.3,16.6
M,99.03,-25.41,-73.85,30.1,240.9,12.95,0,No Failure,175.9,77.3
L,111.18,-18.71,-70.33,30.88,200.37,43.14,0,No Failure,187.3,81.3
L,95.03,,-70.37,24.35,240.94,65.93,0,No Failure,174.3,76.7
L,116.19,-10.99,-69.92,35.93,219.26,71.12,0,No Failure,174.6,76.8
L,79.48,-21.6,-74.66,30.4,196.67,55.3,0,No Failure,165.5,73.6
L,144.29,-17.92,-67.25,24.34,251.13,55.86,0,No Failure,170.9,75.5
M,81.43,-23.52,-69.64,-2.28,244.48,73.15,0,No Failure,149.9,68.1
L,143.92,-20.79,-76.07,32.32,220.54,58.51,0,No Failure,168.0,74.5
L,70.2,-14.43,-59.71,34.28,217.32,64.82,0,No Failure,158.5,71.1
H,109.02,-9.36,-64.09,30.38,218.69,56.29,0,No Failure,190.9,82.6
M,140.64,-6.35,-72.94,41.95,200.12,82.47,0,No Failure,97.0,49.3
H,122.69,25.58,-53.24,23.58,208.94,7.84,0,No Failure,133.1,62.1
M,63.59,-16.49,-69.7,27.91,239.68,66.18,0,No Failure,177.6,77.9
L,122.13,-26.03,-78.51,23.26,257.36,45.06,0,No Failure,116.3,56.2
L,95.75,-18.98,-69.08,28.73,187.29,75.92,0,No Failure,187.1,81.3
L,122.57,-25.69,-64.78,21.3,165.62,49.35,0,No Failure,132.8,62.0
M,114.82,-9.1,-68.62,35.89,234.69,63.47,0,No Failure,176.2,77.4
L,101.84,-20.77,-66.36,33.25,262.21,27.32,0,No Failure,131.5,61.6
L,126.07,-17.38,-70.62,33.9,206.62,56.92,0,No Failure,191.4,82.8
H,130.28,-20.49,-78.22,28.44,190.38,60.43,0,No Failure,174.5,76.8
H,114.61,-4.85,-70.47,27.22,200.47,59.5,0,No Failure,181.2,79.2
H,72.22,-18.45,-68.19,40.44,204.22,61.13,0,No Failure,168.6,74.7
H,144.43,-21.51,-75.03,30.2,248.48,52.76,0,No Failure,149.7,68.0
L,123.15,-28.47,-59.79,30.37,196.36,69.36,0,No Failure,154.9,69.9
L,116.48,-3.69,-69.25,31.96,212.51,75.66,0,No Failure,165.0,73.4
L,90.15,-24.25,-62.12,18.33,226.86,56.13,0,No Failure,148.1,67.4
H,112.66,13.91,-67.39,17.99,226.61,61.0,0,No Failure,188.7,81.8
M,137.97,-11.49,-77.03,28.46,236.31,48.29,0,No Failure,147.2,67.1
L,121.64,-10.08,-71.71,35.59,207.27,72.1,0,No Failure,161.2,72.1
L,128.56,-17.51,-61.1,29.69,,58.57,0,No Failure,187.2,81.3
L,134.16,-24.95,-59.89,30.87,238.36,54.71,0,No Failure,152.1,68.9
H,85.44,-13.35,-68.94,30.16,199.12,52.21,0,No Failure,180.5,78.9
M,114.1,-7.7,-72.4,24.42,218.92,56.56,0,No Failure,176.9,77.6
L,75.33,-14.93,-66.26,25.93,228.35,60.48,0,No Failure,186.2,80.9
L,74.5,-20.07,-67.43,31.4,203.74,52.42,0,No Failure,179.9,78.7
M,121.51,-16.17,-70.45,21.03,216.78,69.03,0,No Failure,186.8,81.2
L,121.72,-23.51,-72.11,30.32,179.43,49.59,0,No Failure,161.8,72.3
L,48.59,-38.19,-60.46,25.76,223.77,63.46,0,No Failure,114.3,55.5
L,108.14,-20.89,-75.26,26.21,214.04,65.1,0,No Failure,199.5,85.6
L,62.06,-0.17,-71.85,27.96,207.76,51.8,0,No Failure,132.6,62.0
M,111.36,-15.62,-70.87,36.36,206.24,47.32,1,Agitator Mechanical Drag,9.8,31.8
H,127.65,-18.27,-48.9,26.33,201.48,62.19,0,No Failure,188.7,81.8
L,143.22,-11.55,-66.65,38.1,215.04,66.74,0,No Failure,161.8,72.3
L,124.19,-18.93,-70.6,28.15,220.96,68.99,0,No Failure,206.1,88.0
L,127.75,-24.54,-60.23,36.93,245.43,76.38,0,No Failure,125.1,59.3
H,89.59,-11.13,-70.82,29.79,223.11,48.56,0,No Failure,173.2,76.3
L,119.44,-11.47,-77.55,18.55,180.32,70.31,0,No Failure,127.2,60.1
L,91.72,-18.24,-63.36,26.6,224.24,42.39,0,No Failure,174.4,76.8
L,85.48,-23.63,-70.29,27.05,,52.21,0,No Failure,174.8,76.9
L,110.6,-24.11,-71.66,33.77,205.31,77.52,0,No Failure,169.7,75.1
L,66.97,-33.83,-70.87,21.91,179.5,46.95,0,No Failure,100.4,50.6
H,124.29,-18.72,-73.29,26.5,214.22,60.45,0,No Failure,205.2,87.7
L,109.04,-17.57,-69.25,31.35,195.46,57.75,0,No Failure,207.9,88.6
M,92.32,-22.38,-62.85,31.2,164.38,46.72,0,No Failure,141.5,65.1
H,112.52,-36.39,-68.08,27.71,256.05,76.43,0,No Failure,144.1,66.0
L,142.3,-12.85,-68.98,20.8,214.95,67.21,0,No Failure,171.8,75.8
M,144.7,-7.87,-72.72,20.87,271.3,69.78,1,Compressor High-Head Trip,12.0,8.8
M,147.41,-7.9,-62.8,27.61,238.25,58.46,0,No Failure,153.7,69.4
L,118.45,-15.18,-76.06,27.4,192.82,59.84,0,No Failure,185.0,80.5
H,107.53,-14.95,,23.69,,,0,No Failure,185.7,80.8
M,91.84,-15.33,-63.08,29.72,207.34,72.4,0,No Failure,184.1,80.2
M,155.96,-9.1,-67.15,21.86,206.91,67.39,0,No Failure,151.9,68.8
M,128.55,-25.75,-71.62,23.25,142.97,71.01,0,No Failure,125.0,59.3
H,92.77,-17.52,-73.05,26.36,195.35,75.44,0,No Failure,175.2,77.0
H,114.11,-15.52,-60.88,36.11,232.17,62.8,0,No Failure,176.4,77.5
L,89.96,-18.98,-70.57,33.08,210.78,73.68,0,No Failure,183.5,80.0
M,71.03,-25.87,-71.7,29.45,,59.67,0,No Failure,175.4,77.1
L,104.59,-10.65,-69.35,28.45,238.58,56.86,0,No Failure,192.4,83.2
M,107.98,-22.66,-73.11,20.73,239.37,57.4,0,No Failure,167.5,74.3
H,116.29,-16.51,-69.78,28.15,197.41,49.58,0,No Failure,197.3,84.9
H,86.37,-15.85,-81.88,28.94,205.5,78.19,0,No Failure,149.9,68.1
H,193.48,-20.24,-59.85,26.85,214.17,57.66,1,Vacuum Seal Micro-Leak,5.1,23.9
M,149.28,-20.55,-77.72,28.68,193.15,78.76,0,No Failure,142.4,65.4
L,106.95,-27.82,-86.02,29.36,244.47,63.82,0,No Failure,142.4,65.4
H,66.04,-27.86,-68.9,26.27,214.47,51.96,0,No Failure,162.1,72.4
L,125.71,-10.14,-67.0,36.88,224.4,87.75,0,No Failure,138.4,64.0
L,120.7,-25.84,-63.5,19.84,215.12,58.98,0,No Failure,170.1,75.2
H,81.15,-12.83,-69.75,27.23,241.7,65.59,0,No Failure,177.7,77.9
H,92.74,-8.63,-77.29,19.57,216.97,71.52,0,No Failure,137.3,63.6
H,123.81,-12.67,-76.77,34.76,328.5,60.56,0,No Failure,157.8,70.9
L,141.76,-18.93,-64.86,23.81,177.66,77.81,0,No Failure,147.5,67.2
M,87.1,-13.04,-63.28,41.51,277.37,72.46,0,No Failure,105.9,52.5
L,109.36,-18.16,-64.88,,221.65,52.16,0,No Failure,187.7,81.5
L,105.34,-16.61,-67.5,20.97,180.5,74.85,0,No Failure,169.0,74.9
M,121.64,-14.8,-65.12,,202.53,41.26,0,No Failure,167.4,74.3
H,67.65,-14.61,-75.67,32.16,218.69,49.84,0,No Failure,151.0,68.5
L,88.91,-24.32,-77.58,34.0,244.95,51.92,0,No Failure,133.9,62.4
L,131.44,-19.75,-79.13,25.05,216.3,67.97,0,No Failure,170.6,75.4
H,122.18,-25.15,-62.97,23.83,188.44,57.55,0,No Failure,163.2,72.8
L,146.2,-4.0,-77.12,26.93,223.18,69.89,0,No Failure,134.9,62.8
L,168.82,-3.13,-76.63,21.51,183.97,57.24,0,No Failure,92.8,47.9
L,134.42,-19.11,-63.13,32.74,209.19,53.28,0,No Failure,178.3,78.1
M,121.59,-14.11,-59.32,20.94,249.4,62.17,0,No Failure,154.1,69.6
L,57.24,-9.98,-61.92,27.51,208.87,57.32,0,No Failure,154.7,69.8
H,98.9,-24.69,-53.13,39.16,206.63,44.73,1,Agitator Mechanical Drag,10.5,9.7
M,83.02,-18.49,-61.78,30.97,221.57,72.25,0,No Failure,177.1,77.7
L,128.45,-28.73,-72.2,32.66,214.98,60.89,0,No Failure,175.3,77.1
L,117.86,-14.39,-80.45,27.97,210.71,72.74,0,No Failure,171.6,75.8
H,97.21,-26.47,-96.59,30.17,247.59,44.77,0,No Failure,159.6,71.5
H,78.11,-21.59,-56.93,23.01,171.92,60.53,0,No Failure,133.8,62.4
L,105.31,-2.58,-67.41,38.15,162.62,64.3,0,No Failure,132.0,61.8
H,106.59,-24.54,-67.47,26.21,229.87,50.98,0,No Failure,187.9,81.6
L,128.71,-16.13,-76.37,34.66,298.49,59.62,0,No Failure,156.8,70.5
M,95.9,-11.82,-77.43,32.19,252.02,54.48,0,No Failure,144.3,66.1
L,123.89,-15.81,-58.77,36.25,209.75,49.06,1,Agitator Mechanical Drag,11.5,24.5
M,118.68,-25.12,-60.43,19.88,172.23,61.85,0,No Failure,142.7,65.6
L,111.74,-23.57,-65.46,24.35,251.13,90.3,0,No Failure,142.0,65.3
H,109.92,-17.42,-63.0,,224.44,54.84,0,No Failure,184.1,80.2
M,94.7,-20.24,-65.64,25.13,186.89,62.08,0,No Failure,190.0,82.3
L,106.32,-20.97,-61.8,28.63,190.5,75.16,0,No Failure,178.5,78.2
M,98.37,-16.64,-63.14,29.4,217.32,48.19,0,No Failure,191.2,82.7
M,79.31,-24.21,-75.68,24.02,256.31,63.17,0,No Failure,142.1,65.3
L,122.57,-7.18,-70.81,34.23,203.07,79.12,0,No Failure,147.4,67.2
L,135.94,-21.98,-65.11,29.27,191.73,63.13,0,No Failure,186.6,81.1
M,109.06,-20.2,-56.76,22.56,217.29,49.1,0,No Failure,164.5,73.3
H,113.1,-24.26,-66.25,35.71,223.74,54.62,0,No Failure,179.4,78.5
H,132.26,-29.53,-74.38,31.31,218.3,46.1,0,No Failure,145.4,66.5
M,158.87,-2.46,-65.4,30.17,273.04,75.13,1,Compressor High-Head Trip,12.2,6.1
H,122.98,-17.08,-66.25,36.6,211.43,46.53,1,Agitator Mechanical Drag,12.5,31.8
L,156.78,-19.09,-70.36,32.58,230.83,58.42,0,No Failure,172.1,76.0
H,75.45,-19.24,-60.1,28.9,211.66,66.9,0,No Failure,181.7,79.4
M,109.38,-29.12,-69.7,17.88,229.0,73.46,0,No Failure,149.5,68.0
L,134.51,-11.95,-69.66,15.07,225.05,59.38,0,No Failure,152.9,69.1
L,140.11,-8.41,-62.01,31.82,202.33,66.98,0,No Failure,154.5,69.7
M,125.35,-20.43,-72.52,34.95,204.13,48.77,0,No Failure,165.5,73.6
L,141.46,-21.93,-66.72,34.61,205.57,42.03,0,No Failure,152.2,68.9
M,117.85,-19.47,-58.64,33.78,211.06,72.92,0,No Failure,170.8,75.5
M,84.75,-21.8,-58.67,35.05,266.42,55.74,0,No Failure,127.2,60.0
H,130.44,-18.61,-66.01,33.8,220.94,64.65,0,No Failure,195.5,84.3
L,80.24,-18.56,-65.86,36.38,238.05,58.21,0,No Failure,169.0,74.8
M,80.21,-23.63,-67.64,29.97,230.43,55.98,0,No Failure,182.5,79.6
M,110.04,-28.43,-74.45,27.4,210.87,65.92,0,No Failure,184.9,80.5
M,60.58,-27.29,-81.07,27.55,240.8,64.73,0,No Failure,125.4,59.4
M,136.32,-11.94,-60.5,23.09,204.48,73.81,0,No Failure,146.5,66.9
M,114.67,-10.03,-62.09,34.23,179.48,62.67,0,No Failure,160.5,71.8
L,104.31,-8.05,-64.33,22.2,215.05,69.87,0,No Failure,170.7,75.5
L,100.97,-10.22,-68.34,30.04,263.86,65.88,0,No Failure,173.4,76.4
L,80.48,-24.16,-61.58,35.75,194.7,48.25,0,No Failure,132.7,62.0
M,81.81,-11.4,-78.76,22.69,286.51,49.65,0,No Failure,95.4,48.8
M,107.83,-5.83,-67.32,33.56,152.68,,0,No Failure,145.7,66.6
M,108.31,-24.92,-68.56,25.07,185.55,35.74,0,No Failure,153.4,69.3
L,109.62,-20.8,-74.93,35.48,232.55,56.41,0,No Failure,173.3,76.4
M,113.06,-25.5,-63.44,27.06,203.32,59.25,0,No Failure,191.3,82.8
L,123.35,-23.67,-65.28,23.6,205.96,54.78,0,No Failure,178.5,78.2
H,106.57,-15.59,-70.39,17.83,263.92,50.01,0,No Failure,144.8,66.3
M,67.74,-23.83,-67.29,23.66,204.36,89.82,0,No Failure,133.6,62.3
M,92.37,-19.85,-69.21,33.94,240.56,63.23,0,No Failure,186.1,80.9
H,139.72,-21.5,-66.86,26.96,215.4,70.68,0,No Failure,190.8,82.6
H,74.43,-17.15,-69.79,24.73,205.64,64.54,0,No Failure,188.2,81.6
L,122.01,-15.59,-65.62,27.86,209.01,58.04,0,No Failure,208.1,88.7
M,93.5,-26.08,-64.28,27.62,271.01,73.9,0,No Failure,144.4,66.1
M,93.26,-32.97,-60.77,29.35,213.87,25.73,0,No Failure,153.1,69.2
M,57.37,-8.67,-74.42,36.42,202.12,58.74,0,No Failure,127.2,60.1
L,140.45,-2.82,-62.51,28.96,216.78,32.8,0,No Failure,122.2,58.3
M,111.38,-25.25,-61.84,35.11,192.07,58.85,0,No Failure,165.2,73.5
L,82.38,-18.79,-61.51,32.33,209.96,63.14,0,No Failure,185.2,80.6
M,128.67,-9.03,-71.96,25.75,209.84,68.81,0,No Failure,173.0,76.3
H,101.27,-17.33,-72.9,31.78,151.86,51.76,0,No Failure,155.2,70.0
H,132.34,-18.64,-71.68,19.9,211.62,68.25,0,No Failure,175.8,77.2
M,138.32,-21.91,-72.47,32.28,177.99,53.21,0,No Failure,152.0,68.8
H,107.65,-17.37,-71.2,31.83,256.49,39.14,0,No Failure,159.0,71.3
H,103.18,,-69.58,33.92,258.17,61.52,0,No Failure,156.9,70.6
M,136.22,-11.75,-66.67,39.07,219.89,66.51,0,No Failure,161.4,72.2
H,96.1,-20.35,-71.17,32.24,187.8,72.67,0,No Failure,172.4,76.1
L,130.84,-22.05,-62.79,20.25,218.74,68.35,0,No Failure,164.8,73.4
L,119.75,-18.47,-63.26,25.29,221.76,70.34,0,No Failure,193.1,83.4
L,108.2,-18.74,-57.3,36.49,197.98,56.23,0,No Failure,164.0,73.1
M,65.54,-16.82,-65.66,38.51,238.51,49.31,1,Agitator Mechanical Drag,6.3,18.6
M,246.62,-21.46,-67.05,20.25,208.87,82.6,0,No Failure,168.6,74.7
L,140.42,-20.64,-64.95,25.59,230.97,60.42,0,No Failure,183.7,80.1
L,125.82,21.03,-62.86,19.8,208.58,69.35,0,No Failure,158.3,71.1
L,102.74,-15.99,-78.17,26.88,158.35,46.01,0,No Failure,139.1,64.3
M,95.08,-49.01,-71.48,23.5,222.33,46.99,0,No Failure,174.3,76.7
L,81.93,-9.3,-74.79,25.41,235.35,65.78,0,No Failure,153.6,69.4
M,111.67,-29.03,-70.63,23.16,225.41,72.57,0,No Failure,166.3,73.9
M,108.54,-15.84,-56.74,27.27,174.84,50.06,0,No Failure,156.8,70.5
M,111.14,-14.07,-72.96,28.3,203.35,82.99,0,No Failure,177.6,77.9
H,105.52,-28.75,-66.53,26.01,198.96,75.12,0,No Failure,169.9,75.2
L,59.04,-24.88,-65.9,25.06,221.28,60.06,0,No Failure,166.0,73.8
L,73.45,-1.98,-80.26,22.46,213.13,82.67,0,No Failure,92.6,47.8
L,119.89,-6.43,-64.63,34.05,246.83,122.97,0,No Failure,148.9,67.8
M,156.66,-23.58,-70.46,28.18,207.71,57.63,0,No Failure,176.6,77.5
M,120.54,-24.52,-67.12,33.86,219.89,68.86,0,No Failure,185.0,80.5
M,85.06,-21.57,-62.76,18.74,160.35,48.46,0,No Failure,116.8,56.4
H,80.42,-21.36,-70.43,38.66,191.22,66.76,0,No Failure,152.5,69.0
H,94.55,-13.09,-61.65,27.61,216.22,98.0,0,No Failure,148.6,67.6
L,71.84,-19.08,-73.15,30.15,182.06,76.63,0,No Failure,151.1,68.5
H,146.48,-19.7,-69.29,24.54,195.64,46.7,0,No Failure,161.6,72.2
M,127.77,-24.93,-71.11,27.58,254.42,78.04,0,No Failure,152.1,68.9
L,143.16,-27.43,-99.45,32.23,212.08,61.8,0,No Failure,180.5,78.9
L,112.18,-9.89,-70.72,21.51,267.16,78.9,1,Compressor High-Head Trip,13.3,17.1
H,122.54,-28.03,-67.8,32.86,242.06,57.02,0,No Failure,169.1,74.9
H,109.28,22.51,-65.76,32.52,169.85,71.75,0,No Failure,155.0,69.9
M,102.32,-26.32,-65.54,32.15,248.88,63.69,0,No Failure,173.1,76.3
H,73.86,-12.88,-59.3,29.16,199.9,60.15,0,No Failure,165.3,73.5
L,97.68,-17.34,-97.26,25.41,190.69,51.13,0,No Failure,179.3,78.5
L,116.4,-25.09,-77.13,32.81,204.41,70.64,0,No Failure,160.8,71.9
L,105.41,-11.63,-57.13,30.4,182.11,61.75,0,No Failure,164.8,73.4
L,118.37,-18.91,-55.42,30.79,206.54,63.86,0,No Failure,182.5,79.6
L,112.71,-33.75,-74.12,30.31,245.66,71.33,0,No Failure,144.5,66.2
M,70.29,-12.51,-80.19,33.39,209.61,68.87,0,No Failure,138.0,63.9
L,103.96,-22.47,-54.75,24.74,188.36,41.89,0,No Failure,131.2,61.5
M,81.2,-17.65,-62.98,33.06,222.3,51.81,0,No Failure,172.8,76.2
H,134.99,-18.32,-62.38,31.25,214.69,50.47,0,No Failure,181.6,79.3
L,144.69,-11.71,,22.96,281.79,50.15,0,No Failure,106.9,52.9
L,81.26,-20.84,-70.58,35.9,226.57,85.85,0,No Failure,142.1,65.3
H,120.92,-21.12,-64.85,29.07,201.57,69.58,0,No Failure,195.3,84.2
M,124.72,-11.05,-65.84,22.47,239.63,65.52,0,No Failure,168.3,74.6
M,133.4,-15.68,-78.51,35.78,247.58,71.85,0,No Failure,132.9,62.1
L,90.41,-21.77,-63.52,31.1,253.97,76.89,0,No Failure,151.7,68.7
M,151.13,-11.22,-71.45,27.15,250.46,68.75,0,No Failure,150.6,68.3
M,108.77,-12.99,-70.28,31.11,164.55,91.47,0,No Failure,138.6,64.1
L,81.92,-13.1,-66.6,36.91,189.75,61.08,0,No Failure,162.6,72.6
L,113.82,-19.16,-65.32,27.57,183.32,56.77,0,No Failure,197.3,84.9
L,77.9,-21.96,-64.2,25.92,200.9,52.46,0,No Failure,167.9,74.5
M,137.72,-19.16,-72.35,22.47,212.51,67.4,0,No Failure,178.7,78.3
L,135.81,-14.17,-70.23,20.74,154.23,68.6,0,No Failure,136.3,63.3
H,123.65,-13.56,-58.83,35.51,226.81,67.73,0,No Failure,157.5,70.8
L,65.97,-12.4,-64.41,27.4,213.51,70.82,0,No Failure,169.8,75.1
M,83.13,-20.9,-50.52,35.42,203.46,64.23,0,No Failure,135.3,62.9
L,104.44,-17.19,-60.17,14.79,190.64,41.39,0,No Failure,125.5,59.5
M,86.42,-20.92,-69.31,22.68,197.14,53.16,0,No Failure,171.7,75.8
H,127.53,-21.73,-65.69,23.01,175.18,66.49,0,No Failure,164.8,73.4
H,82.55,-18.93,-63.88,32.77,235.72,54.11,0,No Failure,170.7,75.4
M,45.0,-20.05,-63.29,28.27,192.62,59.1,0,No Failure,159.9,71.6
M,109.18,-19.13,-73.82,38.83,243.13,63.97,0,No Failure,168.7,74.7
H,108.62,-8.28,-57.65,35.7,219.52,68.26,0,No Failure,152.6,69.0
H,109.36,-23.62,-66.97,23.35,231.73,58.16,0,No Failure,191.2,82.7
L,131.3,-11.86,-68.56,28.62,186.91,65.72,0,No Failure,186.1,80.9
M,71.35,-17.32,-71.13,32.92,200.39,74.75,0,No Failure,162.8,72.7
M,117.45,-27.28,-68.52,24.72,186.65,67.8,0,No Failure,173.2,76.3
M,125.02,-25.1,-58.66,29.28,253.95,65.54,0,No Failure,155.3,70.0
L,86.23,-12.87,-66.76,38.58,255.17,62.61,0,No Failure,151.5,68.7
M,107.36,-20.16,-64.43,25.1,191.72,42.84,0,No Failure,170.4,75.4
L,91.93,-14.68,-63.06,28.66,230.43,52.19,0,No Failure,181.9,79.4
L,82.26,-5.76,-75.17,39.97,239.63,69.91,0,No Failure,109.6,53.8
L,109.8,-20.34,-62.83,24.9,170.28,58.88,0,No Failure,176.7,77.6
L,97.21,-25.31,-70.32,44.33,196.5,75.53,0,No Failure,128.0,60.3
H,80.06,-9.08,-70.99,29.76,210.79,67.65,0,No Failure,175.2,77.0
L,122.89,-11.56,-68.49,30.29,209.46,58.71,0,No Failure,200.5,86.0
M,115.46,-13.57,-28.99,35.84,190.58,69.67,0,No Failure,154.2,69.6
L,116.9,-8.44,-78.26,30.16,104.94,57.27,0,No Failure,158.0,70.9
H,131.63,-16.47,-67.4,34.68,187.81,74.48,0,No Failure,166.3,73.9
H,102.61,-26.06,-67.31,25.64,251.89,63.25,0,No Failure,180.0,78.8
M,139.78,-18.24,-66.1,31.04,199.43,72.32,0,No Failure,181.9,79.4
M,120.29,-19.41,-66.5,34.23,213.63,68.89,0,No Failure,197.1,84.8
H,95.79,-20.9,-70.56,33.41,197.61,66.08,0,No Failure,184.6,80.4
M,120.97,-19.04,-65.24,21.48,243.22,63.4,0,No Failure,181.5,79.3
L,114.8,-11.58,-68.55,23.89,181.15,74.28,0,No Failure,166.6,74.0
M,67.07,-17.48,-70.36,38.11,186.99,77.22,0,No Failure,134.6,62.7
L,131.86,-22.66,-70.55,33.64,259.01,54.47,0,No Failure,153.1,69.2
L,145.47,-19.25,-66.77,31.81,264.08,45.73,0,No Failure,145.9,66.7
L,116.04,-15.48,-74.02,26.46,190.32,85.4,0,No Failure,157.6,70.8
M,68.52,-23.75,-73.38,31.97,175.68,60.21,0,No Failure,145.9,66.7
H,93.28,-12.52,-66.94,25.79,243.39,,0,No Failure,158.6,71.2
M,78.08,-26.31,-63.43,20.2,185.86,46.69,0,No Failure,119.9,57.5
M,101.16,-21.74,-60.17,31.75,201.18,51.71,0,No Failure,169.8,75.2
L,103.88,-17.86,-61.52,24.67,220.24,53.48,0,No Failure,190.3,82.4
L,121.52,-14.98,-73.84,29.42,234.2,59.14,0,No Failure,190.0,82.3
L,100.29,-11.48,-70.32,21.78,189.49,72.75,0,No Failure,159.1,71.3
M,96.8,-18.27,-68.86,36.53,,81.18,0,No Failure,165.8,73.7
L,150.06,-7.25,-74.11,25.4,204.08,55.8,0,No Failure,144.7,66.3
M,123.61,-13.53,-67.72,20.95,249.6,55.52,0,No Failure,165.2,73.5
H,120.19,-19.64,-63.63,29.02,250.45,70.66,0,No Failure,181.1,79.1
H,131.1,-10.76,-65.51,37.04,215.57,66.49,0,No Failure,168.1,74.5
M,111.12,-26.77,-58.66,2.61,214.85,63.43,0,No Failure,181.4,79.3
M,47.26,-16.36,-60.85,36.72,257.98,43.67,1,Agitator Mechanical Drag,5.7,7.4
M,102.36,-21.28,-78.44,29.94,199.24,56.12,0,No Failure,175.3,77.1
M,107.98,-20.16,-68.76,24.26,242.12,69.28,0,No Failure,190.9,82.6
H,149.76,-18.05,-67.17,29.24,187.21,54.05,0,No Failure,180.1,78.8
L,128.88,-10.44,-65.23,29.86,193.2,,0,No Failure,182.5,79.6
M,136.11,-13.55,-75.61,27.48,226.67,60.15,0,No Failure,177.6,77.9
L,105.06,-18.8,-64.95,38.69,236.47,50.13,0,No Failure,164.5,73.3
L,128.38,-20.1,-59.43,27.63,226.8,46.24,0,No Failure,166.0,73.8
L,129.52,-22.98,-66.69,31.41,187.73,41.6,0,No Failure,155.7,70.2
M,118.87,-10.28,-66.1,31.48,255.27,65.52,0,No Failure,170.8,75.5
L,117.99,-22.54,-73.46,34.06,196.22,57.93,0,No Failure,173.8,76.6
L,116.72,-18.88,-60.74,-7.46,215.95,62.58,0,No Failure,186.5,81.1
L,120.9,-21.67,-63.35,27.09,234.52,55.0,0,No Failure,184.4,80.3
H,135.89,-10.23,-61.48,31.9,222.67,63.54,0,No Failure,168.2,74.6
L,114.93,-22.84,-71.4,36.09,223.88,70.9,0,No Failure,173.6,76.5
H,116.64,-10.16,-56.5,31.25,211.75,71.16,0,No Failure,160.8,71.9
M,118.88,-25.19,-69.5,21.53,179.53,58.72,0,No Failure,164.2,73.2
M,90.73,-9.52,-56.14,22.09,198.44,54.68,0,No Failure,133.0,62.1
L,116.09,-13.53,,25.65,238.14,96.24,0,No Failure,139.6,64.4
M,105.19,-17.92,-73.4,31.29,213.2,66.95,0,No Failure,204.8,87.5
M,126.69,-7.69,-71.88,27.91,224.37,74.27,0,No Failure,167.4,74.3
H,82.87,-24.27,-68.25,23.31,244.1,67.46,0,No Failure,164.0,73.1
M,93.76,-16.03,-65.72,30.3,194.6,45.69,0,No Failure,176.2,77.4
M,135.71,-22.35,-66.6,28.14,222.57,51.25,0,No Failure,186.9,81.2
M,134.94,-23.27,-68.32,31.8,233.79,59.93,0,No Failure,184.8,80.5
H,116.98,-22.55,-60.18,18.23,192.56,65.99,0,No Failure,151.4,68.6
H,64.49,-24.83,-57.88,25.64,223.5,72.27,0,No Failure,136.0,63.2
L,89.6,-9.01,-70.04,26.94,177.31,54.25,0,No Failure,159.4,71.4
L,132.21,-5.08,-70.46,31.93,228.47,56.37,0,No Failure,159.6,71.5
M,95.65,-30.71,-78.67,25.15,241.56,63.95,0,No Failure,140.2,64.7
L,47.95,-23.23,-76.71,29.09,224.02,46.12,0,No Failure,131.3,61.5
M,130.3,-20.17,-75.36,23.31,213.84,52.09,0,No Failure,169.7,75.1
M,94.17,-23.17,-61.27,33.31,216.76,69.54,0,No Failure,171.3,75.7
M,119.73,-30.5,-62.22,30.61,211.77,80.31,0,No Failure,151.7,68.7
L,74.87,-13.69,-68.33,37.17,233.87,71.15,0,No Failure,153.5,69.4
L,140.43,-9.94,-64.46,28.62,214.44,78.59,0,No Failure,165.3,73.5
L,78.18,-24.6,-68.9,20.74,187.39,45.36,0,No Failure,135.0,62.8
L,130.32,-23.12,-62.8,25.0,201.88,62.73,0,No Failure,179.6,78.6
L,94.79,-12.69,-74.16,25.86,215.07,68.28,0,No Failure,182.5,79.6
M,99.13,-15.61,-70.35,27.74,205.29,65.25,0,No Failure,207.4,88.4
M,71.8,-20.65,-73.0,19.32,223.77,67.69,0,No Failure,152.3,68.9
L,98.41,-11.04,-64.58,24.65,191.49,71.09,0,No Failure,166.1,73.8
M,98.86,-18.69,-65.59,27.03,229.21,60.93,0,No Failure,209.4,89.2
H,113.99,-18.74,-71.14,28.29,250.45,63.97,0,No Failure,201.5,86.4
L,99.84,-23.18,-81.66,33.36,158.1,67.22,0,No Failure,125.3,59.4
M,92.79,-26.64,-72.53,39.88,171.38,57.96,0,No Failure,127.0,60.0
L,85.72,-17.98,-65.08,25.1,151.9,58.26,0,No Failure,161.0,72.0
L,99.35,-23.17,-64.52,23.7,168.4,56.08,0,No Failure,158.5,71.1
M,113.92,-32.43,-67.93,26.37,218.33,69.5,0,No Failure,182.2,79.5
L,97.93,-3.21,-70.5,31.09,188.21,83.78,0,No Failure,132.5,61.9
M,124.68,-26.0,-67.56,39.5,256.63,57.1,0,No Failure,142.7,65.5
M,131.11,-2.3,-75.53,27.71,198.43,51.39,0,No Failure,138.4,64.0
M,103.12,-14.1,-75.45,30.7,247.78,78.93,0,No Failure,153.7,69.4
L,84.75,0.23,-71.82,,220.58,48.27,0,No Failure,134.5,62.6
M,103.1,-2.68,-58.32,55.09,238.63,63.21,0,No Failure,144.1,66.0
H,124.86,-12.59,,26.69,212.99,75.49,0,No Failure,174.0,76.6
M,88.56,-13.72,-59.37,27.18,228.05,55.86,0,No Failure,170.3,75.3
L,101.94,-16.36,-74.13,22.42,211.53,68.97,0,No Failure,182.7,79.7
L,,-20.51,-72.03,25.98,214.13,78.19,0,No Failure,183.7,80.1
H,106.55,-12.84,-54.27,27.57,240.7,70.09,0,No Failure,156.7,70.5
M,103.9,-24.82,-63.29,33.93,219.5,84.28,0,No Failure,154.3,69.6
L,139.23,-15.2,-56.34,33.69,222.06,53.44,0,No Failure,148.7,67.7
M,128.84,-15.34,-65.45,17.58,189.77,59.03,0,No Failure,160.4,71.8
M,140.26,-8.0,-66.16,24.76,245.53,67.45,0,No Failure,151.9,68.8
L,97.36,-13.4,-67.55,30.5,226.72,79.48,0,No Failure,180.2,78.8
L,119.63,-16.87,-76.9,42.84,245.52,85.8,0,No Failure,108.7,53.5
L,97.21,-21.98,-65.82,28.72,222.95,59.05,0,No Failure,205.8,87.9
H,141.77,-24.81,-65.28,35.87,222.55,40.32,0,No Failure,135.7,63.0
L,70.58,-15.74,-72.88,31.27,212.92,74.47,0,No Failure,166.7,74.1
M,86.32,-23.36,-67.51,33.11,222.19,55.54,0,No Failure,181.6,79.3
L,83.9,-26.02,-64.8,28.42,223.33,69.09,0,No Failure,178.4,78.2
L,93.73,-27.02,-67.88,26.63,245.69,79.79,0,No Failure,156.1,70.3
H,104.23,-17.9,-78.87,36.67,216.6,57.07,0,No Failure,172.6,76.1
L,67.32,-17.6,-67.73,32.81,232.95,68.61,0,No Failure,175.9,77.3
H,65.42,20.18,-68.1,31.16,221.76,53.55,0,No Failure,157.3,70.7
H,53.52,-16.53,-77.87,17.18,243.97,75.43,0,No Failure,99.3,50.2
L,88.31,-26.83,-66.42,26.39,192.25,71.74,0,No Failure,164.8,73.4
L,130.86,-14.31,-59.29,29.55,179.61,53.12,0,No Failure,155.1,69.9
L,87.77,-1.72,-68.81,33.14,202.44,72.15,0,No Failure,146.1,66.7
M,125.31,-23.09,-66.25,28.79,211.45,81.14,0,No Failure,181.5,79.3
L,120.22,-6.7,-71.37,20.74,225.27,60.69,0,No Failure,164.0,73.1
H,97.86,-9.93,-70.87,27.16,200.15,62.61,0,No Failure,190.0,82.3
L,111.87,-13.52,-64.65,33.95,226.78,65.22,0,No Failure,189.8,82.2
M,116.51,-16.57,-62.91,25.24,254.6,90.13,0,No Failure,142.8,65.6
M,160.57,-21.51,-68.8,28.89,203.71,68.07,0,No Failure,178.5,78.2
L,99.53,-15.19,-60.03,25.81,258.52,65.96,0,No Failure,163.3,72.8
H,136.94,-23.47,-63.9,24.46,184.65,77.48,0,No Failure,143.7,65.9
H,74.43,-24.78,-69.91,29.03,235.45,68.76,0,No Failure,170.3,75.3
L,96.93,-15.65,-61.92,23.78,235.29,55.34,0,No Failure,172.0,75.9
M,136.23,-8.96,-64.76,36.54,228.13,48.9,1,Agitator Mechanical Drag,6.7,19.4
L,153.12,-22.31,-66.96,28.53,227.66,45.4,0,No Failure,165.8,73.7
M,126.44,-18.99,-64.66,31.98,191.33,78.86,0,No Failure,167.6,74.3
M,86.31,-25.63,-71.82,33.14,248.53,52.41,0,No Failure,146.0,66.7
M,95.39,-18.2,-58.36,30.95,223.62,75.1,0,No Failure,171.3,75.7
L,96.38,-13.19,-67.14,23.0,204.06,55.67,0,No Failure,183.8,80.1
L,81.05,-8.41,-67.35,37.95,269.65,49.44,1,Agitator Mechanical Drag,7.3,10.5
M,94.41,-24.92,-67.53,31.49,237.74,66.28,0,No Failure,181.9,79.4
L,111.14,-13.09,-73.73,31.95,225.53,33.24,0,No Failure,152.4,69.0
M,81.07,-8.43,-68.1,25.02,183.04,62.56,0,No Failure,165.7,73.7
H,131.99,-23.4,-56.53,31.48,187.11,61.51,0,No Failure,153.4,69.3
L,99.95,-14.31,-65.18,29.31,238.31,47.87,0,No Failure,179.0,78.4
L,120.1,-23.18,-67.91,34.37,205.93,65.37,0,No Failure,191.7,82.9
H,62.18,-16.34,-73.49,28.23,235.92,61.87,0,No Failure,175.0,77.0
H,110.45,-22.9,-55.82,29.53,202.41,60.5,0,No Failure,180.9,79.1
L,101.87,-16.74,-67.27,22.01,222.71,63.43,0,No Failure,202.6,86.8
L,113.47,-24.69,-73.51,28.88,326.91,60.19,0,No Failure,201.1,86.2
H,91.58,-13.26,-67.23,33.95,243.42,44.5,0,No Failure,154.2,69.6
M,165.33,-30.44,-66.18,26.8,221.72,67.15,0,No Failure,150.6,68.3
L,142.05,-21.32,-64.5,30.06,269.52,54.74,0,No Failure,151.9,68.8
M,109.11,-21.82,-67.16,29.07,226.15,66.79,0,No Failure,212.1,90.1
M,169.4,-0.78,-62.73,22.84,236.44,64.17,0,No Failure,109.7,53.9
L,109.27,-19.61,-73.02,31.18,205.41,61.86,0,No Failure,207.3,88.4
L,78.18,-15.55,-67.3,33.83,210.86,63.12,0,No Failure,190.3,82.4
H,124.94,-18.11,-70.27,30.9,197.24,61.47,0,No Failure,204.4,87.4
H,103.79,-15.14,-71.08,33.12,260.49,32.74,0,No Failure,135.6,63.0
M,143.27,-15.78,-65.71,31.67,230.83,67.77,0,No Failure,178.2,78.1
M,85.48,-20.73,-76.07,30.07,210.52,68.66,0,No Failure,177.4,77.8
M,108.34,-22.3,-67.65,27.28,180.65,75.75,0,No Failure,182.5,79.6
L,118.24,-26.08,-63.06,31.78,174.65,64.57,0,No Failure,162.3,72.5
L,153.25,-20.15,-68.07,24.08,216.94,51.42,0,No Failure,175.5,77.1
M,117.7,-19.21,-60.14,33.1,243.67,63.03,0,No Failure,176.9,77.7
M,167.28,-21.91,-69.76,34.33,219.89,51.28,0,No Failure,150.8,68.4
L,64.59,-23.29,-70.15,25.36,220.05,56.71,0,No Failure,170.3,75.3
L,191.78,-20.94,-68.91,28.39,186.51,61.66,0,No Failure,163.9,73.0
H,124.96,-22.24,-66.89,24.99,184.84,45.28,0,No Failure,162.9,72.7
M,86.81,-22.97,-67.39,26.91,162.45,48.94,0,No Failure,154.4,69.7
M,104.55,-21.36,-70.59,20.72,232.76,62.84,0,No Failure,184.9,80.5
M,125.35,-15.4,-60.18,34.76,225.5,62.62,0,No Failure,175.2,77.0
L,52.59,-18.76,-70.21,21.8,215.45,63.34,0,No Failure,170.9,75.5
L,94.66,-15.45,-66.33,19.01,155.27,61.53,0,No Failure,152.3,68.9
L,140.68,-18.49,-53.29,20.07,371.5,55.09,0,No Failure,136.2,63.3
M,99.17,-12.58,-71.68,28.34,241.49,73.72,0,No Failure,175.4,77.1
L,110.15,-17.0,-81.66,31.6,252.09,70.22,0,No Failure,155.4,70.1
M,112.08,-30.47,-68.88,28.09,248.12,45.78,0,No Failure,160.3,71.8
H,145.55,-15.15,-71.09,20.57,244.61,66.55,0,No Failure,151.5,68.7
L,82.26,-19.47,-71.61,34.91,198.21,73.96,0,No Failure,160.5,71.8
M,100.55,-18.34,-69.95,25.53,195.07,57.21,0,No Failure,199.1,85.5
L,113.07,-27.05,-70.81,26.55,241.3,38.65,0,No Failure,151.8,68.8
M,113.7,-12.25,-65.69,35.35,197.38,64.2,0,No Failure,181.9,79.4
L,130.76,-19.14,-62.0,29.82,,52.95,0,No Failure,154.3,69.6
M,106.12,-15.89,-62.38,24.23,205.04,67.72,0,No Failure,189.1,82.0
H,85.86,-24.13,-66.54,29.72,237.52,56.25,0,No Failure,178.8,78.3
M,86.23,-2.53,-70.4,40.25,206.74,68.11,0,No Failure,129.3,60.8
L,94.98,-15.11,-67.07,20.79,223.78,71.25,0,No Failure,177.7,77.9
L,111.4,-14.57,-57.54,25.84,186.41,48.41,0,No Failure,156.2,70.3
L,93.0,-17.59,-76.78,19.56,192.26,98.0,0,No Failure,113.9,55.3
H,126.1,-19.78,-68.67,54.39,226.84,71.82,0,No Failure,197.1,84.8
H,114.43,-22.13,-59.98,23.38,200.5,56.82,0,No Failure,172.5,76.1
H,158.99,-20.22,-67.3,32.37,156.33,51.33,0,No Failure,136.4,63.3
H,102.88,-24.71,-78.37,29.63,222.49,75.03,0,No Failure,163.1,72.8
H,123.11,-17.09,-64.69,32.31,221.77,72.43,0,No Failure,188.9,81.9
L,148.31,-19.51,-65.0,23.19,203.21,74.67,0,No Failure,160.4,71.8
L,180.36,-13.04,-56.15,27.12,222.45,68.22,1,Vacuum Seal Micro-Leak,1.8,16.1
M,100.11,-25.94,-61.56,30.82,211.21,52.64,0,No Failure,173.0,76.3
M,152.35,-23.27,-61.42,17.76,218.31,65.8,0,No Failure,140.0,64.6
H,67.32,-21.0,-73.31,35.03,227.93,61.47,0,No Failure,160.7,71.9
L,139.15,-14.15,-63.58,23.85,259.48,56.54,0,No Failure,149.3,67.9
H,94.33,-17.52,-72.07,30.14,105.04,48.07,0,No Failure,191.2,82.7
H,140.19,-21.61,-69.46,24.58,209.57,36.58,0,No Failure,154.6,69.7
M,171.76,-13.84,-71.44,39.22,222.6,51.79,0,No Failure,126.6,59.8
L,123.03,-11.62,-69.73,33.26,185.21,62.02,0,No Failure,177.8,78.0
L,118.34,-10.9,-64.14,20.61,228.09,74.4,0,No Failure,155.9,70.2
M,77.67,-14.94,-66.79,35.92,168.5,75.98,0,No Failure,135.8,63.1
M,102.87,-16.7,-75.77,29.14,250.17,56.62,0,No Failure,179.2,78.5
M,91.45,-19.78,-70.56,25.91,204.0,70.79,0,No Failure,188.7,81.8
H,63.11,-12.82,-55.68,30.23,216.94,69.08,0,No Failure,145.2,66.4
H,92.14,-17.18,-61.24,22.34,243.21,52.11,0,No Failure,156.7,70.5
L,97.82,-15.62,-63.92,28.94,240.77,62.03,0,No Failure,197.5,85.0
M,86.11,-20.46,-71.79,30.19,240.07,64.96,0,No Failure,182.6,79.7
L,144.0,-10.6,-62.34,27.69,208.73,65.48,0,No Failure,172.1,75.9
L,115.84,-10.89,-64.42,32.86,233.43,78.7,0,No Failure,159.7,71.6
H,72.86,-14.71,-73.89,32.03,194.39,55.51,0,No Failure,157.9,70.9
M,105.62,-8.83,-76.45,33.34,232.01,72.46,0,No Failure,150.6,68.3
L,45.0,-13.17,-60.22,28.29,216.89,54.4,0,No Failure,150.4,68.3
M,53.2,-11.89,-68.49,25.7,268.35,55.67,0,No Failure,135.1,62.8
M,94.49,-16.72,-63.12,22.38,224.63,58.96,0,No Failure,183.8,80.1
L,94.31,-26.76,-63.2,23.09,268.0,64.82,0,No Failure,141.4,65.1
L,117.47,-10.43,-64.34,21.58,206.37,64.6,0,No Failure,175.9,77.3
H,117.12,-21.03,-74.21,30.8,229.12,48.75,0,No Failure,175.6,77.2
L,105.24,-18.81,-64.57,23.69,240.32,47.05,0,No Failure,173.2,76.4
M,118.61,-10.67,-67.19,35.49,221.22,72.57,0,No Failure,173.3,76.4
M,93.48,-29.84,-65.29,17.55,248.65,40.5,0,No Failure,106.7,52.8
L,112.84,-25.57,-59.59,23.27,191.96,63.91,0,No Failure,163.2,72.8
L,106.59,-30.9,-58.11,37.04,184.64,49.36,1,Agitator Mechanical Drag,9.7,10.9
L,114.45,-31.61,-73.37,24.18,221.64,81.69,0,No Failure,142.7,65.5
L,128.26,-30.73,-72.32,41.07,181.15,54.8,0,No Failure,114.6,55.6
M,98.34,-19.56,-57.58,23.18,203.53,78.33,0,No Failure,152.5,69.0
M,158.57,-19.52,-65.53,29.22,235.85,60.87,0,No Failure,180.4,78.9
H,82.29,-5.95,-74.97,34.32,212.86,44.56,0,No Failure,128.0,60.4
H,109.44,-20.92,-60.23,26.53,248.77,62.62,0,No Failure,183.3,79.9
M,90.81,-23.48,-70.68,30.63,217.86,70.1,0,No Failure,186.2,81.0
M,104.15,-17.66,-69.88,23.48,193.69,47.91,0,No Failure,181.0,79.1
L,106.98,-26.82,-58.23,61.26,234.36,51.56,0,No Failure,153.0,69.2
M,117.7,-11.89,-63.96,35.1,192.09,,0,No Failure,171.1,75.6
H,120.87,-10.55,-73.92,25.6,221.48,80.19,0,No Failure,158.7,71.2
M,110.72,-18.18,-77.0,21.49,182.26,34.24,0,No Failure,132.2,61.8
L,169.98,-23.33,-69.29,23.2,178.17,,0,No Failure,141.0,64.9
L,64.93,-22.33,-77.37,25.81,201.06,56.87,0,No Failure,149.1,67.8
M,148.34,-7.57,-69.74,20.59,186.05,78.18,0,No Failure,118.3,56.9
H,87.9,-9.3,-69.4,28.46,217.97,63.77,0,No Failure,195.4,84.2
L,116.08,-14.75,-72.17,26.22,208.6,34.42,0,No Failure,165.4,73.6
L,132.19,-21.12,-56.19,27.73,251.67,68.01,0,No Failure,151.3,68.6
L,89.66,-14.35,-68.94,26.48,210.22,75.38,0,No Failure,186.2,81.0
L,79.85,-15.83,-66.05,34.68,171.03,57.46,0,No Failure,156.5,70.4
M,74.03,-12.55,-63.16,31.39,96.32,44.83,0,No Failure,149.3,67.9
H,93.44,-13.94,-79.84,28.22,218.28,80.86,0,No Failure,156.0,70.2
L,71.67,-18.85,-60.3,30.89,250.47,60.22,0,No Failure,159.4,71.4
L,127.44,-3.85,-67.3,51.83,221.33,52.02,0,No Failure,161.2,72.1
M,104.36,-27.69,-100.04,2.81,247.41,42.23,0,No Failure,161.0,72.0
L,89.06,-27.92,-71.36,29.03,232.31,65.07,0,No Failure,175.6,77.2
L,95.1,-11.29,-69.61,25.34,173.16,76.83,0,No Failure,152.1,68.9
M,105.84,-18.53,-69.88,25.63,140.12,71.28,0,No Failure,162.3,72.5
L,112.26,-12.6,-65.81,30.76,130.26,58.97,0,No Failure,183.6,80.0
H,125.47,-31.81,-64.74,21.75,236.69,59.79,0,No Failure,149.4,67.9
H,45.0,-14.62,-71.54,30.19,225.84,56.37,0,No Failure,158.5,71.1
H,67.57,-19.98,-70.15,31.64,235.28,63.58,0,No Failure,176.5,77.5
H,54.19,-18.19,-62.84,31.91,214.41,65.94,0,No Failure,171.5,75.7
L,105.07,-21.7,-58.71,22.83,217.82,78.01,0,No Failure,159.5,71.5
H,113.75,-14.89,-74.63,15.32,239.44,54.28,0,No Failure,144.7,66.3
M,123.34,-25.41,-57.2,25.75,236.67,36.76,0,No Failure,124.6,59.1
L,143.84,-15.08,-65.14,25.55,273.47,46.57,0,No Failure,134.9,62.8
L,106.08,-22.58,-63.28,28.87,210.64,64.47,0,No Failure,205.7,87.8
L,94.07,-26.22,-66.45,19.34,208.21,76.24,0,No Failure,151.8,68.8
L,170.53,-16.36,-55.75,31.29,200.72,58.44,0,No Failure,149.6,68.0
L,143.5,-14.12,-68.4,27.84,229.92,67.34,0,No Failure,188.0,81.6
L,102.68,-34.9,-60.74,35.02,226.75,63.23,0,No Failure,144.4,66.1
L,95.3,-14.27,-69.35,25.48,206.59,67.67,0,No Failure,194.6,83.9
L,94.02,-16.64,-61.22,57.95,265.71,65.45,0,No Failure,164.3,73.2
L,132.02,-16.41,-69.58,26.27,201.01,58.53,0,No Failure,196.5,84.6
L,105.28,-9.27,-69.27,23.25,202.32,47.5,0,No Failure,166.8,74.1
L,96.91,-13.06,-66.18,23.83,265.93,74.93,0,No Failure,149.6,68.0
L,108.61,-25.05,-62.36,34.06,218.0,81.03,0,No Failure,159.5,71.5
M,145.0,-21.99,-67.12,28.87,190.48,67.91,0,No Failure,179.6,78.6
H,140.58,-11.73,-68.2,35.77,,61.92,0,No Failure,164.2,73.2
M,104.83,-21.23,-66.76,27.67,248.39,52.21,0,No Failure,187.8,81.5
L,114.61,-16.5,-65.79,12.39,235.29,58.35,0,No Failure,161.4,72.1
H,165.83,-18.78,-79.32,33.27,225.13,72.21,0,No Failure,133.9,62.4
M,97.33,-20.96,-69.35,25.35,230.78,41.74,0,No Failure,171.7,75.8
H,111.1,-17.61,-81.95,31.78,217.37,48.27,0,No Failure,168.3,74.6
L,146.19,-18.21,-72.48,34.64,193.42,111.49,0,No Failure,157.6,70.8
M,90.74,-12.19,-76.62,27.26,264.12,56.02,0,No Failure,146.3,66.8
H,110.69,-18.01,-63.21,31.9,207.93,68.67,0,No Failure,201.8,86.5
L,139.89,-15.83,-70.79,31.21,259.26,65.89,0,No Failure,165.8,73.7
M,112.33,-17.23,-65.78,19.49,204.86,45.85,0,No Failure,173.0,76.3
M,116.59,-28.54,-63.49,39.36,208.38,65.71,0,No Failure,154.3,69.7
L,114.29,-24.11,-70.75,24.95,235.01,52.04,0,No Failure,176.8,77.6
L,127.68,-14.52,-73.69,29.89,215.18,57.66,0,No Failure,193.3,83.4
M,129.55,-22.08,-73.67,21.88,171.81,52.96,0,No Failure,141.2,65.0
M,100.22,-30.56,-61.46,19.66,194.08,74.5,0,No Failure,126.3,59.7
M,84.1,-63.56,-80.63,38.71,204.32,79.49,0,No Failure,99.6,50.3
L,52.82,-14.56,-70.48,33.57,203.74,67.77,0,No Failure,155.7,70.1
L,135.73,-16.4,-65.49,27.92,212.98,67.62,0,No Failure,200.8,86.1
M,8.39,-13.54,-62.84,30.77,208.82,70.39,0,No Failure,190.5,82.5
M,106.48,-17.38,-64.96,28.13,204.81,82.99,0,No Failure,189.8,82.2
M,101.88,-12.81,-72.93,42.98,233.34,65.94,0,No Failure,146.6,66.9
L,79.39,-16.4,-72.99,29.01,232.94,81.53,0,No Failure,160.9,72.0
L,130.95,-12.69,-59.16,31.8,191.57,56.45,0,No Failure,155.9,70.2
L,99.15,-15.4,-69.12,30.04,214.26,38.23,0,No Failure,183.5,80.0
L,155.57,-15.7,-65.59,27.43,185.09,60.99,0,No Failure,174.1,76.7
H,65.58,-24.64,-65.36,25.58,243.37,78.72,0,No Failure,136.0,63.2
L,70.44,-17.87,-73.76,19.55,183.4,67.31,0,No Failure,142.7,65.5
H,113.02,-25.77,-70.03,31.67,211.79,48.83,0,No Failure,182.4,79.6
M,115.37,-24.93,-68.25,38.16,235.27,61.59,0,No Failure,175.9,77.3
M,112.4,-14.82,-66.92,22.3,189.38,91.06,0,No Failure,150.5,68.3
H,129.4,-16.15,-67.09,32.25,228.24,61.65,0,No Failure,199.8,85.8
M,119.19,-22.5,-67.21,24.91,161.39,73.33,0,No Failure,160.1,71.7
M,147.03,-17.32,-69.4,34.62,207.13,58.27,0,No Failure,180.7,79.0
L,98.44,-19.18,-77.69,32.9,215.6,58.24,0,No Failure,183.3,79.9
M,116.98,-13.41,-61.91,24.73,187.52,63.53,0,No Failure,176.5,77.5
L,84.06,-9.69,-67.21,39.96,63.8,69.27,0,No Failure,128.0,60.3
H,118.79,-18.76,-66.28,23.37,212.37,53.42,0,No Failure,197.6,85.0
H,78.04,-23.64,-42.85,21.86,206.58,59.03,0,No Failure,174.5,76.8
L,81.97,-26.39,-62.66,28.68,190.08,29.82,0,No Failure,123.2,58.6
H,93.81,-12.13,-69.34,27.3,116.25,55.96,0,No Failure,174.1,76.6
L,137.14,-20.68,-70.43,27.75,188.06,57.96,0,No Failure,183.8,80.1
M,115.32,-15.31,-70.1,24.24,256.63,76.66,0,No Failure,163.9,73.1
L,94.72,-11.42,-59.69,26.52,169.99,44.62,0,No Failure,131.6,61.6
L,109.77,-13.53,-67.67,27.01,193.77,66.21,0,No Failure,204.2,87.3
M,91.89,-24.22,-62.81,29.93,40.84,70.71,0,No Failure,158.0,71.0
M,75.17,-14.41,-61.87,32.37,216.28,60.62,0,No Failure,176.3,77.4
M,78.16,-12.76,-68.8,17.05,260.46,50.26,0,No Failure,123.4,58.7
H,127.34,-13.31,-79.62,25.42,221.8,61.81,0,No Failure,170.9,75.5
H,90.46,-12.63,-66.12,28.01,235.13,73.85,0,No Failure,177.4,77.8
M,126.32,-21.63,-66.53,28.62,200.65,51.6,0,No Failure,191.8,82.9
M,84.29,-16.73,-64.9,29.37,175.9,45.1,0,No Failure,159.9,71.6
M,110.4,-16.1,-60.15,34.84,196.75,37.4,0,No Failure,146.9,67.0
L,105.56,-19.04,-70.48,-3.68,142.44,53.91,0,No Failure,163.3,72.8
L,117.88,-15.58,-69.17,15.53,181.67,76.57,0,No Failure,144.0,66.0
M,92.82,-13.94,-72.21,19.47,244.71,47.14,0,No Failure,139.2,64.3
L,70.89,-20.98,-65.32,30.86,191.34,58.22,0,No Failure,171.9,75.9
L,90.6,-19.94,-58.21,24.23,198.5,46.56,0,No Failure,149.5,68.0
M,99.81,-12.91,-59.46,24.57,211.03,59.82,0,No Failure,179.4,78.5
L,114.54,-26.91,-73.17,31.35,,54.7,0,No Failure,163.8,73.0
H,47.29,13.31,-74.59,28.51,229.03,69.24,0,No Failure,154.1,69.6
M,123.65,-23.46,-73.48,39.88,188.18,51.27,0,No Failure,135.2,62.9
M,96.57,-6.11,-69.69,27.27,193.42,69.89,0,No Failure,168.6,74.7
M,110.07,-18.38,-75.85,30.51,201.54,61.99,0,No Failure,202.9,86.9
M,155.43,-14.35,-66.43,24.32,228.72,63.23,0,No Failure,173.3,76.4
L,95.18,-22.23,-70.31,30.67,223.35,67.73,0,No Failure,193.2,83.4
H,138.49,-17.14,-65.45,32.61,364.47,46.97,0,No Failure,175.5,77.2
H,96.15,-17.96,-73.83,35.97,199.44,75.97,0,No Failure,161.7,72.3
M,99.04,-8.58,-68.18,34.22,218.78,67.07,0,No Failure,181.7,79.4
L,99.87,-16.16,-65.14,27.86,217.38,45.47,0,No Failure,193.3,83.5
M,109.03,,-67.27,31.91,251.32,77.11,0,No Failure,175.7,77.2
L,103.84,-21.78,-62.58,25.73,161.69,60.65,0,No Failure,168.3,74.6
M,96.32,-21.58,-62.37,19.43,212.81,70.31,0,No Failure,165.2,73.5
H,91.34,-10.52,-69.46,29.06,251.19,50.16,0,No Failure,163.9,73.1
H,59.1,-17.39,-61.28,27.28,202.81,41.16,0,No Failure,144.5,66.2
L,111.32,-16.37,-59.84,28.76,192.69,46.5,0,No Failure,175.5,77.2
M,139.55,-6.01,-63.19,28.42,,72.99,0,No Failure,152.6,69.0
M,131.53,-22.61,-70.99,25.81,219.61,64.4,0,No Failure,191.4,82.8
L,149.6,-8.55,-75.98,38.05,234.26,63.56,0,No Failure,124.8,59.2
L,104.57,-24.16,-65.42,25.34,210.25,66.17,0,No Failure,195.4,84.2
H,103.12,-19.3,-67.74,30.12,153.41,57.94,0,No Failure,182.7,79.7
L,98.47,-10.96,-71.28,31.14,235.25,48.85,0,No Failure,166.2,73.9
L,,-18.49,-69.81,24.44,225.79,65.28,0,No Failure,200.4,86.0
L,91.55,-12.71,-72.77,24.39,198.61,67.64,0,No Failure,170.6,75.4
L,90.58,-12.33,-65.35,27.97,211.61,74.35,0,No Failure,184.1,80.2
L,99.25,-15.23,-75.9,28.21,231.53,69.44,0,No Failure,182.3,79.6
L,92.71,-20.28,-72.58,23.26,177.02,68.45,0,No Failure,161.4,72.1
M,125.03,-14.07,-69.92,24.45,222.28,80.09,0,No Failure,171.8,75.8
H,76.51,-23.95,-59.72,28.8,184.18,65.18,0,No Failure,155.7,70.1
L,138.57,-17.51,-72.26,29.16,237.6,50.72,0,No Failure,175.6,77.2
M,121.53,-29.63,-86.54,33.64,291.4,71.32,0,No Failure,103.1,51.5
M,121.69,-26.09,-69.53,23.28,232.58,76.39,0,No Failure,160.2,71.8
L,113.91,-21.26,-66.4,40.96,199.74,61.11,0,No Failure,175.9,77.3
H,124.27,-9.76,-63.15,34.29,211.12,73.89,0,No Failure,159.3,71.4
L,104.14,-9.97,-74.23,33.7,210.15,66.64,0,No Failure,173.4,76.4
M,143.17,-22.85,-73.2,33.17,189.38,58.2,0,No Failure,155.9,70.2
H,117.31,-14.67,-64.21,28.93,229.08,54.7,0,No Failure,195.9,84.4
L,77.56,-11.77,-68.34,24.09,196.15,82.79,0,No Failure,146.7,66.9
M,112.72,-27.33,-56.78,27.97,182.76,68.13,0,No Failure,153.9,69.5
M,123.2,-14.15,-60.93,36.22,231.8,66.57,0,No Failure,161.5,72.2
L,125.89,-11.87,-70.5,33.0,153.35,127.68,0,No Failure,136.6,63.4
L,118.86,-26.93,-79.33,27.77,205.8,64.93,0,No Failure,168.7,74.7
L,88.56,-18.94,-68.34,26.09,243.05,75.68,0,No Failure,177.8,78.0
H,118.74,-22.45,-58.82,24.15,171.0,60.13,0,No Failure,154.7,69.8
L,96.87,-13.17,-68.9,27.52,206.57,51.51,0,No Failure,193.4,83.5
H,78.71,-21.21,-82.36,27.58,217.03,55.7,0,No Failure,158.4,71.1
H,106.75,-16.42,-70.15,23.35,210.14,56.53,0,No Failure,201.2,86.3
L,108.66,-12.15,-61.49,27.11,212.02,42.51,0,No Failure,172.3,76.0
H,67.67,14.63,-78.48,21.95,194.38,73.99,0,No Failure,125.8,59.6
L,121.4,-13.02,-61.64,14.61,166.28,71.61,0,No Failure,115.9,56.0
H,128.09,-8.12,-65.65,29.89,184.49,,0,No Failure,157.8,70.9
L,113.52,-22.47,-65.37,29.84,175.44,70.93,0,No Failure,178.0,78.0
M,91.54,-20.18,-70.94,25.67,247.23,70.79,0,No Failure,172.9,76.2
L,89.8,-18.75,-66.68,22.58,194.56,53.03,0,No Failure,177.2,77.8
M,96.53,-14.37,-64.31,32.43,178.31,38.45,0,No Failure,143.0,65.6
L,83.38,-20.81,-104.22,29.19,200.0,46.68,0,No Failure,171.8,75.8
H,94.81,-24.37,-69.75,27.95,196.18,75.6,0,No Failure,176.3,77.4
L,129.52,-30.61,-67.98,39.54,196.89,64.59,0,No Failure,147.0,67.1
M,90.4,-22.58,-74.95,23.78,216.49,57.41,0,No Failure,174.4,76.8
L,104.72,-31.79,-66.64,30.94,232.7,51.27,0,No Failure,164.8,73.4
L,108.9,-17.1,-74.63,36.36,248.43,66.13,0,No Failure,168.0,74.5
L,189.94,-27.77,-68.23,32.61,208.09,76.2,0,No Failure,162.1,72.4
L,121.84,-14.23,-66.78,31.07,210.46,53.52,0,No Failure,196.4,84.6
H,120.26,-14.51,-70.9,35.21,225.24,79.34,0,No Failure,164.4,73.2
L,112.3,-20.23,-59.44,25.05,205.24,77.91,0,No Failure,169.6,75.1
H,58.53,-22.32,-58.85,33.9,208.49,72.34,0,No Failure,134.2,62.5
M,85.27,-29.97,-68.71,29.51,208.29,43.31,0,No Failure,157.7,70.8
L,118.74,-24.86,-63.21,27.74,245.31,48.99,0,No Failure,164.2,73.1
H,72.61,-6.45,-71.46,17.66,180.55,59.74,0,No Failure,119.3,57.2
L,151.36,-15.41,-58.99,32.37,180.35,56.3,1,Vacuum Seal Micro-Leak,13.1,19.5
L,64.09,-22.4,-69.45,,237.58,77.13,0,No Failure,153.0,69.2
M,127.62,-26.66,-51.88,37.1,161.42,77.02,0,No Failure,81.2,43.8
H,98.24,-15.62,-72.8,25.64,193.2,60.17,0,No Failure,188.2,81.7
L,104.54,-13.8,-71.41,33.11,211.51,37.64,0,No Failure,164.8,73.4
M,87.49,-16.83,-76.45,31.73,201.12,49.65,0,No Failure,162.4,72.5
L,99.43,-5.96,-70.3,30.96,243.21,53.98,0,No Failure,160.4,71.8
L,92.61,-19.8,-66.87,27.38,202.89,51.14,0,No Failure,194.2,83.8
L,94.0,-26.24,-64.38,21.91,183.88,51.59,0,No Failure,144.5,66.2
L,74.72,-8.14,-72.95,27.63,246.81,41.01,0,No Failure,125.7,59.5
L,66.88,-12.35,-60.04,26.77,216.52,41.58,0,No Failure,139.4,64.4
L,143.93,-21.7,-72.4,27.6,212.18,79.12,0,No Failure,166.8,74.1
L,117.08,-26.93,-72.0,29.31,211.97,68.39,0,No Failure,188.6,81.8
L,84.8,-11.4,-67.33,24.88,233.21,54.17,0,No Failure,171.4,75.7
L,98.51,-11.28,-62.1,31.81,227.42,,0,No Failure,168.9,74.8
L,86.4,-22.52,-72.95,5.67,220.94,52.04,0,No Failure,177.8,78.0
M,150.19,-20.85,-66.51,27.56,255.89,57.26,0,No Failure,167.1,74.2
L,118.9,-21.36,-71.43,26.15,202.73,51.4,0,No Failure,186.2,80.9
L,114.1,-17.56,-73.01,31.62,205.35,65.15,0,No Failure,202.2,86.6
M,95.11,-21.93,-70.9,32.03,341.25,52.43,0,No Failure,177.4,77.8
M,103.87,-24.83,-60.24,25.6,214.45,58.28,0,No Failure,183.0,79.8
H,111.26,-22.27,,35.48,212.15,37.47,0,No Failure,155.3,70.0
L,146.98,-16.64,-58.06,28.27,228.43,52.21,1,Vacuum Seal Micro-Leak,13.1,27.2
H,115.95,-13.18,-61.66,12.5,249.24,61.08,0,No Failure,136.3,63.3
M,145.12,-16.51,-69.0,30.78,271.63,74.79,0,No Failure,149.7,68.0
M,82.14,-32.49,-66.77,32.3,172.49,72.3,0,No Failure,129.5,60.9
H,128.31,-10.69,-71.22,28.65,160.68,51.53,0,No Failure,151.8,68.8
L,105.41,-5.79,-72.06,33.27,221.39,65.85,0,No Failure,171.5,75.7
L,123.86,-14.56,-69.45,30.68,230.27,56.83,0,No Failure,194.7,83.9
L,106.8,-22.78,-64.47,27.58,224.9,61.95,0,No Failure,207.4,88.4
H,108.38,-18.18,-68.1,34.25,224.21,73.35,0,No Failure,198.3,85.2
L,92.26,-18.56,-57.27,32.84,236.57,56.75,0,No Failure,162.9,72.7
L,139.5,-23.69,-79.06,30.04,246.16,84.96,0,No Failure,118.5,57.0
M,109.06,-12.32,-45.23,27.53,217.61,71.97,0,No Failure,182.8,79.7
M,73.36,-16.98,-61.41,18.91,225.8,51.16,0,No Failure,143.0,65.6
L,96.9,-14.11,-65.37,22.44,186.94,53.31,0,No Failure,165.9,73.8
L,86.55,-12.5,-98.95,31.59,193.78,67.46,0,No Failure,174.7,76.9
H,97.56,-26.64,-69.19,30.18,218.59,64.51,0,No Failure,196.1,84.5
L,136.3,-26.18,-75.58,26.9,200.45,53.87,0,No Failure,155.7,70.1
M,148.49,-13.86,-61.69,24.57,219.77,50.93,0,No Failure,155.6,70.1
H,101.35,-16.89,-70.64,29.76,209.71,75.61,0,No Failure,197.3,84.9
M,125.63,-11.21,-71.83,29.25,248.98,53.28,0,No Failure,166.4,73.9
M,115.28,-19.77,-62.3,31.03,224.58,69.06,0,No Failure,192.4,83.2
L,68.07,-10.77,-72.36,35.11,202.57,65.15,0,No Failure,149.6,68.0
H,114.35,-22.05,-64.21,28.23,221.37,80.57,0,No Failure,184.9,80.5
M,91.0,-17.07,-70.35,20.47,185.44,66.12,0,No Failure,169.6,75.1
H,94.53,-15.88,-66.18,33.81,227.66,68.01,0,No Failure,186.6,81.1
L,142.26,-17.88,-59.8,26.06,187.86,64.78,0,No Failure,167.3,74.3
H,88.13,-34.86,-67.67,24.12,196.87,72.83,0,No Failure,142.6,65.5
L,70.17,-16.47,-63.3,32.4,167.3,54.58,0,No Failure,144.6,66.2
L,80.43,-23.03,-77.02,25.57,199.8,69.03,0,No Failure,154.5,69.7
M,123.62,-7.3,-76.63,41.7,242.26,71.42,0,No Failure,109.7,53.8
M,93.52,-19.87,,29.13,259.13,59.86,0,No Failure,186.2,80.9
L,102.8,-9.46,-61.01,30.16,188.18,46.1,0,No Failure,150.2,68.2
L,135.47,-21.44,-77.54,22.12,272.53,51.84,0,No Failure,118.4,56.9
L,125.13,-20.29,-76.73,24.13,188.97,53.18,0,No Failure,157.9,70.9
M,128.62,-8.23,-68.63,28.44,206.68,90.51,0,No Failure,155.0,69.9
M,81.52,-13.85,-73.58,33.99,191.83,45.13,0,No Failure,139.7,64.5
L,106.92,-23.99,-71.28,31.79,256.49,49.45,0,No Failure,160.3,71.8
L,126.88,,-69.71,31.95,235.32,62.96,0,No Failure,197.9,85.1
L,112.98,-9.85,-69.41,26.46,205.35,74.19,0,No Failure,184.1,80.2
H,75.21,-28.53,-71.59,24.65,202.01,82.12,0,No Failure,131.9,61.7
L,104.04,-18.12,-67.6,28.05,194.1,52.75,0,No Failure,206.9,88.3
M,80.53,-6.39,-75.05,30.25,194.93,34.43,0,No Failure,114.5,55.5
L,97.32,-17.67,-63.61,25.9,217.36,59.83,0,No Failure,206.0,88.0
H,114.13,-16.71,-72.85,23.52,214.62,57.01,0,No Failure,197.9,85.1
H,136.95,-10.9,-60.0,38.99,225.12,72.89,0,No Failure,128.1,60.4
L,119.44,-23.68,-55.24,20.63,179.02,37.9,0,No Failure,103.1,51.5
L,110.13,-19.61,-73.95,27.53,241.81,58.53,0,No Failure,195.0,84.1
M,96.42,-24.32,-68.11,22.87,209.32,72.56,0,No Failure,178.9,78.4
L,80.6,-29.2,-69.24,33.88,216.01,60.56,0,No Failure,170.1,75.3
L,109.07,-19.91,-37.72,22.71,198.19,62.21,0,No Failure,201.9,86.5
L,99.32,-11.36,-73.44,19.94,219.1,47.76,0,No Failure,152.0,68.8
L,130.34,-26.43,-67.77,24.25,189.52,55.37,0,No Failure,166.6,74.0
L,102.96,-9.06,-68.0,25.57,186.83,47.92,0,No Failure,166.4,73.9
L,86.07,-15.83,-60.56,34.45,184.84,52.16,0,No Failure,147.0,67.1
L,116.9,-28.23,-72.48,29.46,180.56,51.33,0,No Failure,158.2,71.0
M,116.78,-4.97,-50.69,30.86,198.58,55.95,0,No Failure,129.5,60.9
L,91.86,-24.11,-68.34,29.48,248.13,57.51,0,No Failure,182.0,79.5
M,144.58,-10.45,-70.9,29.84,220.74,110.82,0,No Failure,170.3,75.3
L,92.53,-24.42,-74.83,24.99,220.33,77.73,0,No Failure,156.8,70.5
H,80.34,-18.29,-66.91,28.27,218.39,83.37,0,No Failure,182.6,79.7
L,,-22.88,-65.78,25.38,219.34,56.1,0,No Failure,192.7,83.3
L,139.86,-13.38,-76.61,33.95,236.72,73.0,0,No Failure,138.8,64.2
M,93.89,,-69.46,32.71,180.64,,0,No Failure,171.1,75.6
H,109.08,-22.19,-68.25,24.8,217.36,78.38,0,No Failure,191.7,82.9
L,88.16,-19.21,-69.72,28.3,209.54,53.55,0,No Failure,201.5,86.4
L,79.72,-16.97,-63.78,28.13,188.52,72.04,0,No Failure,173.6,76.5
M,82.46,-30.96,-64.74,24.04,177.82,58.87,0,No Failure,139.6,64.4
H,124.66,-9.22,-65.03,22.62,191.35,60.97,0,No Failure,166.3,73.9
L,116.9,-18.53,-59.12,32.37,254.47,48.59,0,No Failure,153.9,69.5
L,109.68,-13.98,-60.91,24.23,175.79,63.9,0,No Failure,170.3,75.3
L,101.07,-12.97,-68.0,39.49,237.46,76.14,0,No Failure,153.5,69.4
H,167.31,-15.36,-82.53,22.76,186.86,46.93,0,No Failure,98.3,49.8
L,105.46,-12.92,-78.26,34.76,246.96,70.91,0,No Failure,144.3,66.1
M,124.56,-15.59,-67.11,21.09,254.21,60.86,0,No Failure,173.3,76.4
H,119.32,-15.22,-60.08,22.89,214.43,81.7,0,No Failure,158.8,71.3
M,134.05,-20.82,-67.18,31.58,248.74,74.45,0,No Failure,166.4,73.9
H,81.67,-15.26,-66.25,27.35,204.36,53.5,0,No Failure,187.1,81.3
M,124.99,-48.09,-63.54,23.71,236.62,73.95,0,No Failure,166.8,74.1
L,121.82,-5.41,-78.41,30.62,251.93,57.3,0,No Failure,136.3,63.3
L,87.57,-27.53,-74.44,29.8,193.81,62.21,0,No Failure,166.5,74.0
L,118.57,-19.08,-63.21,36.08,179.93,67.35,0,No Failure,165.7,73.7
L,62.82,-21.6,-71.88,26.66,204.76,45.95,0,No Failure,153.7,69.4
M,114.72,-13.18,-67.99,30.51,199.65,60.28,0,No Failure,206.8,88.3
H,105.41,-8.25,-54.07,23.55,214.09,81.39,0,No Failure,130.5,61.2
L,121.91,-18.9,-68.01,37.62,,44.96,1,Agitator Mechanical Drag,3.9,29.3
M,80.49,-19.06,-63.39,26.42,224.96,45.81,0,No Failure,168.9,74.8
M,107.83,-18.7,-58.24,23.07,,52.29,0,No Failure,172.7,76.2
L,141.26,-15.34,-72.57,38.87,200.14,65.32,0,No Failure,154.1,69.6
H,118.69,-18.08,-61.09,25.64,257.53,,0,No Failure,179.0,78.4
L,69.38,-17.14,-69.35,,252.82,57.61,0,No Failure,165.0,73.4
H,52.99,-19.55,-71.85,21.97,221.35,41.84,0,No Failure,134.3,62.5
M,69.3,-22.14,-77.1,38.33,191.14,54.79,0,No Failure,122.2,58.3
M,113.19,-22.72,-67.49,32.7,220.53,59.24,0,No Failure,204.5,87.4
H,106.69,-18.38,-72.06,19.34,162.0,72.78,0,No Failure,149.2,67.8
M,150.61,-6.69,-66.04,27.15,220.51,42.5,0,No Failure,143.8,65.9
H,130.92,-30.5,-71.01,25.03,203.5,20.32,0,No Failure,161.8,72.3
M,148.97,-12.41,-68.75,28.89,189.8,70.71,0,No Failure,168.8,74.8
L,119.77,-17.92,-75.04,24.68,210.36,50.54,0,No Failure,182.6,79.7
M,118.97,-16.48,-70.03,45.41,201.05,56.83,0,No Failure,160.6,71.9
M,122.47,-12.32,-74.3,21.66,226.36,33.23,0,No Failure,130.4,61.2
M,121.18,-30.88,-69.61,25.54,181.11,74.69,0,No Failure,123.4,58.7
M,86.14,-27.49,-60.81,31.19,232.15,,0,No Failure,145.6,66.6
L,112.01,-21.79,-66.66,26.49,265.69,68.35,0,No Failure,179.0,78.4
H,107.18,-9.15,-62.45,28.4,273.17,72.69,1,Compressor High-Head Trip,5.9,22.9
L,94.93,-30.44,-71.74,22.39,242.28,52.34,0,No Failure,139.4,64.4
H,138.07,-15.25,-66.75,24.21,223.24,63.85,0,No Failure,190.1,82.3
M,114.95,-18.27,-65.27,25.42,208.61,44.82,0,No Failure,190.1,82.3
M,104.76,-22.32,-65.81,35.28,183.17,114.22,0,No Failure,178.9,78.4
L,167.16,-26.23,-60.59,28.3,237.22,55.2,1,Vacuum Seal Micro-Leak,7.5,18.5
L,111.12,-20.27,-67.93,29.28,265.45,67.41,0,No Failure,192.1,83.0
L,82.92,-23.74,-66.61,25.87,220.58,65.44,0,No Failure,187.4,81.4
L,202.54,-11.62,-76.76,28.29,175.43,66.43,0,No Failure,141.4,65.1
L,150.81,-10.54,-65.21,35.39,194.75,58.07,0,No Failure,147.3,67.2
M,90.04,-15.96,-65.83,18.17,206.0,58.92,0,No Failure,173.9,76.6
H,97.88,-23.84,-61.12,29.92,227.49,42.85,0,No Failure,158.7,71.2
M,130.18,-18.13,-63.45,28.88,,66.99,0,No Failure,202.5,86.7
L,127.52,-14.02,-62.33,33.73,245.79,46.97,0,No Failure,146.0,66.7
L,99.66,-19.86,-79.3,32.36,232.84,67.72,0,No Failure,166.2,73.9
L,108.02,-25.13,-61.49,33.55,190.11,69.69,0,No Failure,161.1,72.1
M,95.28,-19.92,-64.74,25.1,276.22,85.51,0,No Failure,134.1,62.5
H,95.36,-11.41,-57.69,17.68,193.09,64.79,0,No Failure,134.8,62.7
L,64.18,-12.64,-66.85,30.21,220.06,66.88,0,No Failure,177.6,77.9
H,79.13,-15.09,-71.03,18.36,199.02,50.76,0,No Failure,146.5,66.9
M,50.1,-14.41,-59.32,38.34,166.3,86.88,0,No Failure,70.8,40.1
M,122.63,-11.05,-52.61,21.98,164.56,60.19,0,No Failure,118.3,56.9
M,87.48,-16.49,-67.1,33.69,223.65,61.2,0,No Failure,196.3,84.5
L,111.85,,-75.58,25.88,206.06,51.15,0,No Failure,162.9,72.7
L,110.99,-6.8,-57.93,61.29,190.37,54.91,0,No Failure,139.9,64.6
L,140.73,-14.12,-75.97,34.22,245.95,63.18,0,No Failure,149.6,68.0
H,152.19,-11.92,-58.11,26.35,244.14,,1,Vacuum Seal Micro-Leak,9.7,20.8
H,159.38,-11.4,-64.57,21.29,206.49,77.34,0,No Failure,131.6,61.6
L,123.68,-25.67,-68.14,36.0,227.85,53.36,0,No Failure,168.1,74.5
L,99.08,-25.03,-74.17,20.23,233.96,67.87,0,No Failure,152.7,69.1
L,98.83,-18.8,-69.95,23.65,202.96,59.21,0,No Failure,198.8,85.4
M,108.31,-14.26,-45.63,34.61,200.1,62.88,0,No Failure,192.9,83.3
M,119.17,-18.85,-74.07,27.31,213.79,63.66,0,No Failure,208.2,88.7
L,101.49,-15.28,-67.33,32.97,231.34,42.76,0,No Failure,174.0,76.6
L,77.96,-21.5,-78.38,23.7,210.52,57.75,0,No Failure,157.7,70.8
M,109.56,-19.36,-76.05,18.79,302.95,59.44,0,No Failure,132.6,61.9
M,119.45,-23.5,-77.5,36.06,208.81,51.12,0,No Failure,151.1,68.5
L,97.79,-22.42,-70.84,21.53,214.22,125.08,0,No Failure,187.4,81.4
M,113.34,-17.05,-66.67,24.22,209.0,65.62,0,No Failure,209.6,89.2
H,75.24,-15.13,-69.79,28.64,266.56,55.54,0,No Failure,163.3,72.8
H,89.83,-27.03,-72.19,30.88,258.3,57.56,0,No Failure,152.3,69.0
L,91.92,-22.9,-66.19,26.41,210.18,86.14,0,No Failure,166.4,73.9
M,82.06,-16.85,-60.08,32.46,220.91,57.53,0,No Failure,174.4,76.8
M,114.62,-22.33,-78.47,26.43,193.72,79.68,0,No Failure,152.2,68.9
L,141.57,-22.01,-63.7,37.11,176.71,52.15,0,No Failure,132.8,62.0
L,124.75,-23.1,-67.01,24.22,217.66,40.0,0,No Failure,168.1,74.5
M,91.6,-25.77,-66.96,19.14,192.69,41.04,0,No Failure,132.7,62.0
H,98.83,-14.69,-68.33,26.05,216.71,4.57,0,No Failure,207.5,88.5
L,-49.2,-24.55,-68.71,28.55,206.68,70.49,0,No Failure,184.5,80.3
L,125.81,-13.05,-73.33,20.9,215.33,55.1,0,No Failure,169.0,74.8
L,75.22,-26.81,-64.94,29.55,197.5,59.61,0,No Failure,169.2,74.9
H,79.8,-19.86,-66.99,15.08,241.77,52.51,0,No Failure,141.0,64.9
L,114.34,-22.11,-65.42,36.17,234.12,55.23,0,No Failure,174.6,76.9
L,111.7,-24.2,-62.14,24.35,202.99,74.75,0,No Failure,168.7,74.8
M,111.12,-27.77,-70.55,30.26,295.6,70.24,0,No Failure,172.2,76.0
H,74.22,-19.96,-67.02,20.12,211.35,62.44,0,No Failure,180.0,78.7
L,92.38,-18.34,-67.72,28.52,236.78,64.34,0,No Failure,209.8,89.3
L,129.62,-20.39,-60.24,32.86,184.06,74.67,0,No Failure,148.7,67.7
L,91.05,-15.1,-67.29,29.46,184.35,50.82,0,No Failure,180.2,78.8
H,81.54,-14.98,-65.04,25.81,232.11,65.3,0,No Failure,181.8,79.4
L,89.59,-10.33,-72.37,30.84,241.48,48.79,0,No Failure,152.8,69.1
L,76.97,-20.85,-60.41,31.03,224.84,60.82,0,No Failure,174.5,76.8
L,94.05,-20.92,-62.74,31.8,199.39,59.54,0,No Failure,184.3,80.3
H,117.28,-17.06,-69.51,26.42,230.26,64.14,0,No Failure,209.7,89.3
L,99.25,-16.16,-80.45,27.35,204.83,71.3,0,No Failure,170.6,75.4
M,83.98,-24.25,-74.37,30.46,182.6,79.55,0,No Failure,138.2,63.9
L,85.5,-32.03,-64.11,25.49,205.3,48.49,0,No Failure,143.5,65.8
H,117.72,-12.05,-69.81,27.05,226.25,,0,No Failure,199.0,85.5
H,66.1,-19.87,-70.15,32.57,268.05,69.71,0,No Failure,143.8,65.9
H,102.53,-21.4,-69.27,25.73,219.89,54.51,0,No Failure,200.7,86.1
M,84.28,-23.42,-71.62,24.87,229.07,60.29,0,No Failure,177.2,77.8
L,102.9,-13.29,-63.15,20.67,218.45,59.69,0,No Failure,180.7,79.0
M,110.56,-24.04,-65.88,32.64,184.54,70.31,0,No Failure,175.3,77.1
M,96.35,-11.53,-62.71,57.91,171.33,60.11,0,No Failure,168.2,74.6
M,98.1,-20.08,-68.46,25.53,224.15,64.92,0,No Failure,206.7,88.2
H,79.31,-17.22,-66.11,31.18,185.66,56.07,0,No Failure,177.5,77.9
L,136.96,-18.29,-86.57,26.84,194.37,49.03,0,No Failure,136.6,63.4
M,107.36,-6.21,-67.29,35.56,230.85,78.16,0,No Failure,152.3,68.9
H,135.25,-26.52,-58.76,37.03,252.47,53.42,0,No Failure,114.9,55.7
M,79.51,-8.44,-77.8,30.92,182.29,63.87,0,No Failure,138.8,64.2
L,87.39,-21.47,-61.63,31.1,268.6,56.51,0,No Failure,149.9,68.1
M,99.39,-15.0,-68.85,32.72,228.61,61.32,0,No Failure,200.8,86.1
M,92.28,-28.51,-74.43,18.82,232.43,47.92,0,No Failure,123.6,58.8
L,103.53,-7.81,-71.58,32.41,208.02,36.62,0,No Failure,147.5,67.2
H,53.53,-15.39,-66.09,28.14,251.89,67.53,0,No Failure,158.8,71.2
L,121.8,-24.16,-78.23,28.91,247.89,62.16,0,No Failure,167.0,74.1
H,101.99,-14.46,-69.14,32.28,220.04,42.6,0,No Failure,179.8,78.7
M,68.99,-17.22,-73.05,35.49,165.8,36.01,0,No Failure,107.2,53.0
L,128.67,-31.84,-64.69,35.37,253.22,41.23,0,No Failure,109.5,53.8
M,116.38,-13.75,-64.99,23.58,226.43,51.54,0,No Failure,179.6,78.6
L,87.49,-15.68,-66.52,30.81,235.47,55.95,0,No Failure,186.7,81.1
L,104.14,-12.13,-64.18,26.92,162.59,50.07,0,No Failure,156.7,70.5
H,131.86,-13.85,-61.57,34.09,222.44,56.65,0,No Failure,167.9,74.5
L,87.9,-26.13,-72.19,32.72,213.43,45.67,0,No Failure,156.0,70.2
M,106.76,-18.24,-63.4,31.49,262.26,58.88,0,No Failure,181.7,79.4
M,111.33,-23.67,-74.3,29.38,229.8,43.45,0,No Failure,169.0,74.8
M,228.44,-27.21,-61.73,21.88,225.05,61.36,0,No Failure,164.7,73.3
L,128.52,-21.2,-69.17,27.35,183.51,56.56,0,No Failure,185.7,80.8
M,65.09,-18.47,-68.74,31.05,201.19,82.21,0,No Failure,161.1,72.1
H,105.71,,-72.48,23.09,229.36,75.46,0,No Failure,175.9,77.3
M,81.77,-16.39,-73.31,32.66,194.05,72.45,0,No Failure,161.7,72.3
L,172.22,-15.19,-58.85,26.64,211.8,46.92,1,Vacuum Seal Micro-Leak,10.3,18.4
L,80.33,-20.96,-69.69,26.64,249.65,50.18,0,No Failure,164.0,73.1
M,91.26,-16.94,-71.42,32.99,208.82,66.22,0,No Failure,191.7,82.9
H,91.29,-19.71,-57.29,16.41,256.21,77.51,0,No Failure,108.7,53.5
M,95.47,-22.0,-66.39,21.91,201.71,59.08,0,No Failure,183.3,79.9
M,109.75,-19.68,-71.15,26.26,225.91,56.15,0,No Failure,204.9,87.6
M,65.29,-15.17,-67.62,39.06,239.24,64.28,0,No Failure,151.4,68.6
M,81.3,-20.4,-74.27,37.2,187.17,61.97,0,No Failure,153.7,69.4
M,85.56,-23.74,-65.84,26.14,227.06,55.7,0,No Failure,179.8,78.7
L,115.57,-13.12,-73.01,29.35,226.97,52.43,0,No Failure,186.6,81.1
H,99.28,-11.58,-74.54,22.08,178.05,71.9,0,No Failure,142.1,65.3
L,111.51,-21.81,-78.78,23.64,227.08,56.46,0,No Failure,169.4,75.0
L,118.59,-24.67,-75.6,35.69,191.72,61.69,0,No Failure,160.0,71.7
M,104.72,-25.38,-64.56,31.37,219.57,59.46,0,No Failure,193.5,83.5
L,106.25,-9.87,-72.05,30.12,233.91,59.65,0,No Failure,186.3,81.0
L,112.14,-8.58,-63.1,39.24,182.64,80.25,0,No Failure,122.4,58.3
M,149.01,-11.72,-61.62,37.06,208.66,45.7,1,Agitator Mechanical Drag,5.3,15.0
L,107.42,-12.81,-69.11,29.54,234.09,81.78,0,No Failure,178.7,78.3
M,103.44,-29.39,-65.33,60.15,186.23,66.28,0,No Failure,159.2,71.4
H,127.9,-0.9,-66.49,34.65,186.21,53.7,0,No Failure,133.1,62.1
M,145.61,-14.46,-68.93,22.2,230.27,68.5,0,No Failure,166.8,74.1
M,74.71,-20.1,-62.24,34.35,199.99,51.88,0,No Failure,153.5,69.4
L,121.83,-22.48,-74.91,20.61,156.82,73.37,0,No Failure,125.4,59.4
M,114.77,-8.48,-70.74,40.76,,58.84,0,No Failure,162.3,72.5
L,98.63,-26.28,-63.74,35.49,200.73,67.22,0,No Failure,162.4,72.5
H,110.0,-16.19,-66.77,29.85,294.87,61.78,0,No Failure,179.7,78.6
L,112.67,-4.29,-62.94,24.43,213.0,50.07,0,No Failure,159.4,71.5
M,101.45,-20.81,-70.86,21.24,227.2,58.61,0,No Failure,184.7,80.4
L,128.24,-9.08,-72.41,3.06,213.19,52.23,0,No Failure,173.6,76.5
L,127.37,-19.39,-76.09,44.58,210.27,73.35,0,No Failure,135.2,62.9
M,90.34,-21.53,-60.74,20.84,185.64,69.51,0,No Failure,145.6,66.6
M,-18.77,-14.54,-65.32,37.41,167.53,52.83,0,No Failure,139.9,64.6
M,68.66,-17.31,-69.24,37.66,236.8,55.78,0,No Failure,156.7,70.5
L,126.41,-26.95,-71.32,29.16,186.52,64.36,0,No Failure,174.9,76.9
H,115.45,,-70.69,29.51,217.32,65.48,0,No Failure,214.8,91.1
H,93.8,-21.29,-66.25,25.25,202.97,47.52,0,No Failure,177.8,78.0
H,107.06,-16.32,-65.04,22.73,175.42,58.74,0,No Failure,178.9,78.4
M,154.0,-13.23,-68.78,29.79,242.76,66.05,0,No Failure,169.8,75.1
L,77.29,-21.05,-57.59,31.84,205.47,56.09,0,No Failure,157.2,70.7
M,168.23,-17.36,-70.86,30.83,181.18,37.49,0,No Failure,128.1,60.4
M,163.73,-15.66,-96.13,33.67,203.52,54.42,0,No Failure,163.6,72.9
L,114.69,-12.05,-67.55,58.3,237.11,55.41,0,No Failure,179.7,78.6
M,103.93,-27.08,-57.76,36.75,184.71,56.1,0,No Failure,132.7,62.0
L,72.53,-12.11,-62.86,36.07,200.57,40.85,1,Agitator Mechanical Drag,2.4,13.7
L,93.8,-21.31,-73.09,29.41,212.27,68.78,0,No Failure,192.7,83.2
L,132.48,,-67.7,30.07,231.64,47.73,0,No Failure,159.4,71.5
L,126.99,-29.81,-64.55,39.59,167.3,67.11,0,No Failure,119.2,57.2
M,105.84,-21.7,-68.2,29.12,,55.22,0,No Failure,207.3,88.4
L,107.58,-15.07,-79.86,24.36,213.73,76.25,0,No Failure,164.2,73.2
M,115.76,-16.83,-69.65,31.01,222.79,68.88,0,No Failure,206.2,88.0
H,112.1,-11.2,-79.24,29.87,199.01,83.89,0,No Failure,145.0,66.3
M,122.99,-12.45,-68.3,27.25,209.73,58.7,0,No Failure,205.0,87.6
L,138.77,-14.92,-73.28,28.43,246.28,72.11,0,No Failure,164.5,73.3
M,121.59,-19.93,-69.35,3.74,193.09,61.46,0,No Failure,206.6,88.2
M,-9.45,-22.89,-71.07,19.51,227.72,84.59,0,No Failure,143.5,65.8
L,87.41,-15.88,-76.29,27.8,211.46,71.73,0,No Failure,178.4,78.2
L,120.06,-14.15,-73.7,30.87,203.0,49.73,0,No Failure,175.6,77.2
L,11.58,-16.66,-75.67,27.49,236.16,61.82,0,No Failure,191.9,83.0
M,130.8,-17.96,-67.36,23.47,238.16,55.15,0,No Failure,184.6,80.4
M,99.87,-13.26,-67.45,25.62,144.17,67.33,0,No Failure,159.9,71.6
M,61.01,-9.54,-61.29,28.55,178.6,73.85,0,No Failure,128.2,60.4
L,113.12,-14.48,-73.84,29.88,221.82,57.67,0,No Failure,198.4,85.3
M,150.81,-24.77,-70.16,26.59,201.33,68.52,0,No Failure,166.4,73.9
H,161.69,-23.66,-71.8,17.08,190.38,62.01,0,No Failure,130.8,61.3
L,98.32,-17.42,-68.77,34.91,202.82,61.47,0,No Failure,200.7,86.1
M,132.25,-17.18,-72.09,30.13,199.75,54.65,0,No Failure,186.8,81.2
M,117.8,-16.99,-74.61,29.49,238.63,56.26,0,No Failure,188.1,81.6
M,104.22,-10.34,-71.53,21.21,213.22,59.31,0,No Failure,180.1,78.8
M,118.76,-19.3,-70.36,37.44,233.62,69.98,0,No Failure,173.9,76.6
H,103.52,-21.63,-55.38,28.81,193.2,66.5,0,No Failure,171.0,75.6
L,129.19,-21.2,-65.01,22.36,226.66,69.53,0,No Failure,174.0,76.6
M,131.62,-25.52,-68.89,28.25,160.5,53.29,0,No Failure,157.6,70.8
M,72.38,-16.53,-65.75,29.75,199.17,69.1,0,No Failure,181.2,79.2
M,84.64,-25.6,-70.24,20.29,208.19,44.86,0,No Failure,143.8,65.9
H,161.6,-18.86,-73.79,26.11,215.47,39.08,0,No Failure,146.5,66.9
L,100.3,-15.25,-80.02,23.38,198.49,106.52,0,No Failure,157.3,70.7
M,87.99,-18.21,-67.74,29.21,211.58,46.05,0,No Failure,196.6,84.6
L,125.44,-12.47,-59.65,34.43,220.3,65.97,0,No Failure,165.8,73.7
L,160.05,-16.48,-77.59,22.62,264.19,59.54,0,No Failure,124.5,59.1
H,114.84,-9.71,-73.78,24.9,231.49,59.5,0,No Failure,175.6,77.2
L,102.57,-11.14,-69.86,27.26,248.48,68.65,0,No Failure,178.9,78.4
L,-3.33,-20.76,-63.87,27.85,213.87,39.67,0,No Failure,182.6,79.7
L,119.72,-22.81,-76.67,35.01,222.75,64.47,0,No Failure,169.4,75.0
M,118.48,-14.37,-59.66,22.93,192.77,76.79,0,No Failure,150.1,68.1
M,127.86,-29.76,-65.19,22.29,257.95,68.78,0,No Failure,136.0,63.2
L,117.26,-18.19,-59.58,25.72,201.84,43.52,0,No Failure,167.9,74.5
L,127.65,-18.27,-72.66,34.52,234.41,71.46,0,No Failure,170.5,75.4
H,104.53,-27.81,-64.8,24.68,230.24,41.9,0,No Failure,153.0,69.2
M,126.65,-21.41,-77.75,17.84,239.8,51.16,0,No Failure,129.8,61.0
H,122.01,-15.0,-75.53,24.25,221.17,61.63,0,No Failure,186.4,81.0
M,108.25,-11.86,-60.16,33.73,235.87,61.1,0,No Failure,171.9,75.9
H,99.92,-11.92,-71.5,23.78,250.89,63.84,0,No Failure,169.4,75.0
L,105.4,-18.2,-70.16,32.41,215.95,,0,No Failure,200.6,86.0
M,78.0,-27.77,-64.82,27.94,210.39,59.85,0,No Failure,178.2,78.1
M,121.76,-22.72,-64.61,34.96,196.07,57.69,0,No Failure,173.4,76.4
H,112.19,-19.72,-64.17,37.24,247.94,45.87,1,Agitator Mechanical Drag,4.7,24.2
H,112.76,-13.63,-70.79,25.6,187.09,67.19,0,No Failure,186.1,80.9
H,92.11,-10.91,-65.83,12.0,174.58,79.92,0,No Failure,105.7,52.4
H,163.91,-24.2,-78.76,21.3,202.85,70.14,0,No Failure,117.6,56.7
M,157.57,-10.97,-60.88,18.86,239.25,64.57,1,Vacuum Seal Micro-Leak,5.1,13.6
L,60.31,-28.71,-67.27,25.3,162.12,78.67,0,No Failure,111.9,54.6
L,110.21,-21.18,-59.75,33.36,236.61,50.35,0,No Failure,164.1,73.1
L,115.85,-13.21,-66.79,35.7,199.97,64.07,0,No Failure,186.6,81.1
L,156.5,-16.97,-61.49,22.31,221.83,52.53,0,No Failure,151.5,68.7
M,113.39,-15.0,-61.86,24.9,177.18,72.79,0,No Failure,163.4,72.9
L,124.48,-8.77,-58.48,23.44,195.92,44.54,0,No Failure,128.6,60.6
M,124.92,-19.51,-68.38,35.18,238.31,55.49,0,No Failure,180.9,79.1
H,154.77,-27.04,-74.16,33.43,170.2,60.07,0,No Failure,125.4,59.4
H,49.89,-15.72,-69.01,21.17,187.5,62.74,0,No Failure,151.0,68.5
L,109.06,-13.71,-77.55,28.53,236.69,68.4,0,No Failure,179.7,78.7
L,127.41,-16.72,-70.16,28.18,219.71,65.7,0,No Failure,210.0,89.4
L,88.85,-12.88,-62.46,30.43,192.51,54.16,0,No Failure,166.8,74.1
L,118.62,-7.32,-66.15,32.69,227.77,60.86,0,No Failure,180.5,78.9
M,124.91,-28.76,-75.55,31.3,211.81,71.22,0,No Failure,158.7,71.2
L,100.96,-9.81,-71.48,26.62,178.88,46.44,0,No Failure,153.5,69.4
L,83.67,-12.48,-57.78,31.44,226.81,51.32,0,No Failure,148.8,67.7
L,96.81,-26.54,-68.44,33.58,212.65,67.88,0,No Failure,183.4,79.9
M,158.06,-26.76,-64.69,22.44,196.91,73.15,0,No Failure,131.3,61.5
M,85.34,-21.88,-68.19,,243.11,48.22,0,No Failure,166.8,74.1
L,129.63,-10.11,-75.31,29.6,205.09,52.9,0,No Failure,164.6,73.3
M,129.0,-9.71,-70.67,36.55,235.89,74.56,0,No Failure,143.7,65.9
M,125.99,-26.26,-73.89,31.83,164.74,60.94,0,No Failure,150.0,68.1
L,110.22,-20.17,-76.85,27.56,201.35,56.38,0,No Failure,190.6,82.5
M,90.95,-31.08,-65.79,30.58,235.66,89.2,0,No Failure,130.3,61.2
H,129.67,-40.42,-66.55,28.59,,66.0,0,No Failure,137.1,63.6
M,149.75,-26.48,-71.53,32.83,135.0,63.06,0,No Failure,120.0,57.5
H,59.7,,-62.03,28.36,349.84,,0,No Failure,168.2,74.6
L,129.28,-9.97,-65.37,23.77,179.6,61.71,0,No Failure,163.4,72.9
M,114.88,-18.44,-73.75,25.33,258.29,59.87,0,No Failure,180.3,78.9
M,127.98,-21.65,-76.02,20.32,155.66,66.55,0,No Failure,128.6,60.5
H,123.01,-20.34,,31.17,268.4,56.54,0,No Failure,145.6,66.6
H,123.63,-22.96,-64.19,,223.34,41.77,0,No Failure,153.7,69.5
M,119.26,-15.35,-68.85,35.51,160.93,67.36,0,No Failure,162.3,72.5
M,126.11,-22.61,-77.24,15.52,209.85,,0,No Failure,126.0,59.6
M,84.34,-29.28,-73.2,27.91,191.93,65.21,0,No Failure,160.1,71.7
H,116.66,-23.06,-68.45,27.53,207.62,61.84,0,No Failure,214.1,90.8
M,124.64,-5.33,-66.5,31.68,216.4,45.3,0,No Failure,160.0,71.7
L,113.43,-26.24,-73.09,22.84,238.18,62.04,0,No Failure,171.7,75.8
H,146.68,-11.56,-64.7,33.07,209.13,65.45,0,No Failure,167.9,74.5
L,130.03,-17.31,-61.08,27.3,218.12,72.05,0,No Failure,185.6,80.7
L,90.81,-20.52,-66.4,33.28,206.39,46.87,0,No Failure,174.6,76.8
L,122.82,-15.39,-68.42,24.99,195.01,63.9,0,No Failure,198.0,85.1
L,120.97,-27.32,-63.99,28.85,219.1,69.51,0,No Failure,184.2,80.2
M,104.55,-21.43,-67.92,30.23,241.79,67.03,0,No Failure,198.6,85.3
L,109.65,-14.57,-68.97,34.89,207.72,70.09,0,No Failure,192.7,83.3
L,114.33,-8.44,-57.65,29.36,158.76,51.57,0,No Failure,132.6,62.0
M,128.28,-19.48,-70.11,40.76,176.99,72.65,0,No Failure,141.7,65.2
L,96.39,-16.01,-74.78,,222.97,64.21,0,No Failure,176.3,77.4
H,135.66,-30.45,-71.21,27.57,211.03,58.5,0,No Failure,173.0,76.3
M,174.9,-8.18,-73.0,35.21,274.11,63.47,1,Compressor High-Head Trip,11.0,5.3
M,113.81,-15.31,-66.82,51.0,238.03,55.63,0,No Failure,187.1,81.3
H,130.65,-26.37,-73.15,36.69,257.95,60.36,0,No Failure,137.4,63.7
M,54.97,-19.08,-56.43,26.96,242.99,74.28,0,No Failure,128.9,60.7
L,111.19,-4.93,-63.84,26.8,206.82,114.89,0,No Failure,182.4,79.6
L,115.29,,-69.05,20.94,196.73,68.48,0,No Failure,182.6,79.7
L,120.08,-25.55,-60.05,31.83,212.78,37.1,0,No Failure,145.0,66.3
M,102.12,-12.74,-66.92,21.01,199.46,74.24,0,No Failure,168.4,74.7
H,81.36,-19.9,-41.02,23.97,213.14,53.25,0,No Failure,183.0,79.8
L,94.29,-15.15,-68.78,26.14,221.71,52.54,0,No Failure,195.2,84.1
M,132.92,-15.23,-70.35,32.07,203.03,50.56,0,No Failure,176.5,77.5
H,122.14,-18.31,-68.42,32.22,201.62,54.19,0,No Failure,199.0,85.5
M,94.81,-19.47,-65.98,27.53,194.97,62.27,0,No Failure,205.0,87.6
M,148.66,-19.73,-66.56,29.91,148.89,63.27,0,No Failure,159.2,71.4
L,120.22,-28.44,-75.17,21.26,235.32,72.88,0,No Failure,137.1,63.6
M,123.27,-20.15,-67.92,20.08,184.91,65.51,0,No Failure,176.1,77.4
L,103.88,-32.13,-68.59,26.81,236.87,56.98,0,No Failure,173.6,76.5
L,110.18,-20.89,-53.46,31.58,200.07,57.35,0,No Failure,167.2,74.2
M,86.76,-14.61,-71.77,23.77,177.18,62.82,0,No Failure,166.7,74.1
L,105.6,-20.39,-68.79,25.54,263.53,48.11,0,No Failure,169.8,75.1
L,112.37,-17.23,-66.1,29.38,229.89,68.65,0,No Failure,209.8,89.3
L,152.26,-16.48,-65.81,22.59,196.44,63.83,0,No Failure,169.8,75.1
L,84.62,-22.6,-78.38,18.89,261.21,34.99,0,No Failure,85.8,45.4
L,132.45,-16.05,-66.87,34.33,207.99,11.04,0,No Failure,181.4,79.2
H,156.83,-15.41,-74.63,26.35,200.34,65.79,0,No Failure,163.0,72.7
L,100.01,-26.33,-66.88,29.79,233.17,71.41,0,No Failure,180.9,79.1
H,89.49,-14.19,-69.85,20.02,221.41,61.38,0,No Failure,180.9,79.1
L,105.77,-23.44,-62.24,24.98,74.1,69.5,0,No Failure,168.4,74.6
H,155.2,-7.76,-64.84,20.09,207.59,66.37,0,No Failure,139.1,64.3
H,62.77,-22.68,-65.03,40.84,186.49,63.39,0,No Failure,131.2,61.5
L,133.4,-17.39,-64.07,26.83,248.25,74.35,0,No Failure,168.5,74.7
L,86.3,-16.68,-62.6,26.26,206.46,79.57,0,No Failure,168.4,74.6
L,122.03,-17.26,-58.76,26.35,194.11,50.78,0,No Failure,168.9,74.8
M,122.17,-29.43,-73.98,21.39,226.3,77.23,0,No Failure,136.3,63.3
H,113.33,-19.71,-47.03,42.45,223.01,63.86,0,No Failure,135.0,62.8
M,118.17,-17.52,-69.91,31.41,241.79,61.4,0,No Failure,201.8,86.5
H,127.91,-13.06,-75.83,-7.05,243.67,63.89,0,No Failure,153.8,69.5
M,118.52,-20.23,-66.94,21.6,219.72,61.72,0,No Failure,201.4,86.3
H,84.89,-17.43,-76.21,27.89,230.21,80.73,0,No Failure,160.7,71.9
M,114.66,-13.06,-67.89,29.38,212.56,65.59,0,No Failure,215.0,91.1
M,97.35,-21.76,-63.09,27.71,200.18,63.04,0,No Failure,195.7,84.3
H,70.97,-26.2,-73.57,30.33,224.47,61.13,0,No Failure,165.7,73.7
M,103.22,-30.69,-70.66,30.13,270.98,46.92,0,No Failure,135.5,63.0
M,84.86,-29.11,-72.88,29.9,214.31,67.3,0,No Failure,170.0,75.2
M,135.1,-23.14,-70.64,28.22,211.61,60.75,0,No Failure,198.5,85.3
L,72.36,-20.6,-66.19,-4.66,221.58,44.95,0,No Failure,161.0,72.0
H,113.47,-30.66,-71.04,31.76,234.12,63.44,0,No Failure,174.3,76.7
H,133.55,-19.51,-60.25,26.01,208.08,52.84,0,No Failure,174.0,76.6
L,150.47,-12.98,-68.3,29.43,218.68,66.93,0,No Failure,187.6,81.4
M,79.6,-13.19,-67.41,37.53,167.18,56.92,0,No Failure,141.7,65.2
M,137.7,-24.08,-73.39,24.19,186.43,56.03,0,No Failure,152.2,68.9
L,92.99,-21.23,-69.44,21.46,231.09,75.02,0,No Failure,166.2,73.9
H,94.09,-9.05,,32.67,174.49,64.84,0,No Failure,164.9,73.4
M,74.65,-22.12,-75.2,29.86,211.03,58.24,0,No Failure,174.4,76.8
L,143.66,-31.39,-73.32,27.0,205.14,70.38,0,No Failure,147.1,67.1
H,148.37,-23.06,-65.74,26.26,200.53,57.86,0,No Failure,173.9,76.6
H,113.23,-11.63,-57.96,25.6,224.42,73.92,0,No Failure,162.4,72.5
M,107.08,-19.33,-61.41,24.4,240.57,63.61,0,No Failure,185.9,80.8
M,88.51,-19.53,-65.15,27.66,186.37,52.91,0,No Failure,180.6,79.0
H,153.03,-14.72,-64.34,29.02,200.76,35.36,0,No Failure,144.1,66.0
L,121.34,-8.87,-63.93,24.06,222.11,52.45,0,No Failure,166.8,74.1
M,109.74,-12.61,-62.18,26.66,242.8,76.22,0,No Failure,167.0,74.2
M,122.96,-17.9,-65.47,25.14,216.82,65.56,0,No Failure,207.5,88.5
H,89.29,15.15,-70.04,34.91,210.86,67.62,0,No Failure,189.0,81.9
L,85.42,-19.7,-64.23,27.17,222.15,,0,No Failure,187.1,81.3
L,108.18,-17.46,-67.86,29.91,167.35,41.06,0,No Failure,173.0,76.3
M,119.96,-20.42,-67.78,32.78,199.27,45.07,0,No Failure,179.3,78.5
M,105.8,-17.45,,28.85,218.88,63.55,0,No Failure,216.1,91.5
M,133.81,-21.34,-65.34,26.41,203.14,65.93,0,No Failure,189.1,82.0
L,133.91,-30.87,-66.2,31.21,186.0,74.97,0,No Failure,142.4,65.4
M,110.01,-19.64,-67.45,33.95,199.39,58.4,0,No Failure,202.8,86.8
L,111.79,-20.63,-68.05,22.01,195.48,56.49,0,No Failure,192.2,83.1
L,85.27,-17.09,-58.83,30.64,262.99,44.06,0,No Failure,133.7,62.4
L,110.02,1.05,-68.84,32.16,245.59,58.06,0,No Failure,155.0,69.9
L,139.01,-20.34,-71.44,20.63,209.49,66.94,0,No Failure,170.6,75.4
M,84.08,-21.07,-64.31,27.36,239.04,57.66,0,No Failure,180.4,78.9
L,94.17,-20.97,-66.42,27.7,245.04,69.07,0,No Failure,186.5,81.1
M,109.96,-18.28,-65.55,39.56,229.98,74.76,0,No Failure,170.7,75.5
L,96.23,-25.61,-70.78,27.67,230.8,65.07,0,No Failure,187.7,81.5
L,94.78,-5.25,-67.13,29.19,247.72,57.07,0,No Failure,166.6,74.0
M,45.0,-13.59,-51.0,28.14,190.04,51.62,0,No Failure,107.3,53.0
L,107.86,-30.14,-66.15,31.08,201.23,56.45,0,No Failure,179.1,78.4
L,83.89,-31.88,-63.7,23.1,197.7,57.99,0,No Failure,143.5,65.8
H,76.5,-15.28,-65.63,29.39,204.87,,0,No Failure,175.8,77.3
L,75.51,-22.0,-75.66,26.41,237.61,62.75,0,No Failure,164.6,73.3
L,86.25,-24.59,-63.12,27.97,178.27,61.13,0,No Failure,169.0,74.8
H,126.6,-16.14,-63.67,17.62,211.17,45.16,0,No Failure,152.1,68.9
M,90.31,-27.72,-70.13,30.66,223.21,58.73,0,No Failure,180.6,79.0
H,96.73,-16.1,-78.6,27.23,254.13,51.33,0,No Failure,153.7,69.4
L,107.38,-18.94,-63.39,25.71,200.0,76.75,0,No Failure,183.9,80.1
L,131.75,-19.37,-68.38,25.14,241.66,65.72,0,No Failure,188.9,81.9
L,85.14,-15.57,-73.18,34.49,176.4,57.82,0,No Failure,154.9,69.9
H,126.35,-20.51,-63.91,29.41,174.15,64.9,0,No Failure,179.5,78.6
M,106.87,-32.58,-68.96,26.27,194.53,59.84,0,No Failure,176.8,77.6
L,117.17,-24.43,-75.65,32.95,208.51,48.43,0,No Failure,160.9,72.0
M,276.64,-26.06,-69.85,27.14,221.97,57.41,0,No Failure,172.4,76.1
M,101.83,-15.76,-69.47,24.55,208.8,54.61,0,No Failure,198.3,85.2
L,91.38,-30.82,-72.9,35.37,207.91,48.32,0,No Failure,137.1,63.6
L,,-14.78,-65.49,18.59,224.83,62.99,0,No Failure,171.6,75.8
L,85.32,-20.09,-64.53,30.97,224.78,70.93,0,No Failure,182.2,79.5
M,103.8,-17.63,-74.51,21.15,191.44,57.35,0,No Failure,173.1,76.3
L,102.33,-17.14,-61.59,32.73,190.73,64.0,0,No Failure,184.2,80.3
L,109.0,-23.62,-75.37,25.92,240.85,83.66,0,No Failure,149.8,68.1
M,107.51,-18.98,-70.54,26.5,192.62,54.52,0,No Failure,198.1,85.2
L,88.45,-8.64,-71.38,28.22,251.68,65.47,0,No Failure,164.8,73.4
L,94.16,-11.84,-59.19,12.77,196.61,59.22,0,No Failure,126.6,59.8
H,131.85,-8.53,-75.24,19.45,205.28,64.01,0,No Failure,145.4,66.5
L,100.09,-26.54,-69.96,26.79,237.43,71.32,0,No Failure,174.3,76.7
H,108.35,-27.2,-80.28,37.21,250.9,75.49,0,No Failure,113.9,55.3
L,82.43,-11.55,-67.35,37.28,268.41,52.93,0,No Failure,130.9,61.4
M,131.04,-11.75,-73.4,26.0,255.27,,0,No Failure,162.9,72.7
H,143.98,-40.48,-66.74,28.1,,61.05,0,No Failure,187.1,81.3
M,118.34,-21.7,-75.77,32.83,207.66,66.87,0,No Failure,179.0,78.4
L,104.47,-12.45,-64.93,30.41,239.45,54.49,0,No Failure,182.3,79.6
L,115.7,-17.54,-64.59,29.79,240.34,71.31,0,No Failure,192.5,83.2
M,130.27,-9.41,-68.17,33.81,192.82,58.0,0,No Failure,169.1,74.9
M,117.38,-20.27,-61.95,25.67,195.86,66.53,0,No Failure,185.7,80.8
L,99.49,-20.29,-68.35,32.06,231.43,66.98,0,No Failure,198.1,85.2
L,85.91,-22.22,-70.0,25.07,197.64,45.18,0,No Failure,162.3,72.5
M,114.39,-27.04,-66.57,31.2,220.47,69.22,0,No Failure,188.7,81.8
L,107.72,-21.57,-68.41,28.89,265.78,18.06,0,No Failure,171.2,75.6
M,105.9,,-63.59,23.06,192.75,73.12,0,No Failure,166.3,73.9
M,210.0,-28.44,-71.34,32.46,234.26,74.34,0,No Failure,151.4,68.6
L,104.77,-18.91,-67.65,17.67,215.0,60.15,0,No Failure,197.3,84.9
L,158.66,-11.09,-66.17,31.53,170.1,66.73,0,No Failure,141.7,65.2
M,83.47,-28.33,-69.41,25.38,176.0,60.63,0,No Failure,157.4,70.7
H,113.48,-17.56,-72.94,21.49,218.86,68.7,0,No Failure,189.3,82.0
L,112.36,-26.46,-75.33,30.0,204.46,48.41,0,No Failure,166.5,74.0
H,142.85,-15.98,-72.16,31.06,240.08,59.76,0,No Failure,175.1,77.0
M,74.66,-11.58,-74.67,30.48,258.28,62.24,0,No Failure,149.1,67.8
L,117.46,-14.83,-75.26,31.85,222.4,66.31,0,No Failure,186.0,80.9
L,109.24,-9.06,-64.97,29.63,199.06,73.12,0,No Failure,179.7,78.6
H,119.35,-24.21,-65.36,25.62,220.62,52.9,0,No Failure,185.7,80.8
L,115.17,-3.73,-73.72,35.83,229.34,57.2,0,No Failure,147.3,67.2
M,120.19,-25.15,-67.97,27.86,216.73,55.94,0,No Failure,203.7,87.1
M,92.65,-21.2,-59.45,23.38,221.14,82.78,0,No Failure,147.2,67.1
M,92.82,-21.15,-61.64,26.22,161.39,65.2,0,No Failure,158.6,71.2
M,116.31,-18.61,-69.96,26.07,214.11,60.03,0,No Failure,218.0,92.2
M,77.46,-20.75,-78.28,26.7,185.68,63.97,0,No Failure,156.8,70.5
L,117.93,-8.72,,28.88,218.24,73.16,0,No Failure,181.0,79.1
L,141.71,-25.61,-77.46,28.38,186.8,69.42,0,No Failure,145.5,66.5
H,123.18,-9.7,-66.52,27.47,198.76,12.43,0,No Failure,191.4,82.8
L,128.57,-33.9,-80.18,31.41,227.7,81.81,0,No Failure,109.3,53.7
L,126.43,-18.76,-68.34,29.07,242.01,71.85,0,No Failure,193.6,83.6
H,123.62,-8.99,-63.33,30.69,215.52,55.37,0,No Failure,179.1,78.4
M,82.22,-20.0,-62.67,14.3,229.53,65.66,0,No Failure,143.9,66.0
H,91.42,-5.37,-59.37,30.44,166.88,52.69,0,No Failure,123.6,58.8
L,109.32,-9.19,-74.4,23.35,247.4,50.92,0,No Failure,148.3,67.5
L,90.74,-16.36,-58.41,16.75,247.46,61.88,0,No Failure,140.4,64.7
L,98.99,-12.83,-72.98,24.49,195.14,60.13,0,No Failure,178.9,78.4
L,125.39,-14.6,-61.68,38.14,241.76,58.94,0,No Failure,153.4,69.3
L,-2.3,-12.69,-74.29,26.65,217.71,50.96,0,No Failure,168.6,74.7
L,118.97,-24.36,-67.27,34.91,232.45,52.63,0,No Failure,172.2,76.0
M,115.17,-21.14,-66.55,29.4,148.04,65.12,0,No Failure,176.3,77.4
L,121.98,-23.81,-66.92,30.1,257.71,52.74,0,No Failure,170.1,75.2
M,109.28,-14.14,-69.91,29.94,234.31,78.4,0,No Failure,184.6,80.4
L,122.42,-26.24,-66.45,19.69,223.77,58.93,0,No Failure,170.2,75.3
M,127.62,-23.81,-72.16,16.85,223.65,57.7,0,No Failure,155.0,69.9
M,71.58,-15.49,-67.24,35.43,202.81,57.96,0,No Failure,171.4,75.7
L,119.43,1.85,-68.88,30.06,226.84,63.88,0,No Failure,168.5,74.7
L,113.54,-13.24,-69.79,32.44,250.51,64.43,0,No Failure,183.5,80.0
L,137.9,-26.36,-69.11,24.78,189.77,56.75,0,No Failure,163.2,72.8
M,91.66,-22.28,-71.14,13.64,232.39,56.36,0,No Failure,143.9,66.0
L,89.08,-16.79,-58.24,20.52,245.36,53.93,0,No Failure,141.2,65.0
L,115.49,-15.68,-66.08,27.33,215.48,56.56,0,No Failure,213.5,90.6
H,133.42,-29.51,-56.18,25.47,231.64,65.18,0,No Failure,139.3,64.3
H,90.47,-23.73,-69.13,29.54,259.97,57.55,0,No Failure,172.4,76.1
M,90.46,-15.09,-64.7,28.35,230.96,70.0,0,No Failure,188.8,81.9
H,123.25,-12.25,-60.15,30.25,221.15,64.77,0,No Failure,182.1,79.5
M,101.31,-23.54,-55.37,38.3,218.79,62.45,0,No Failure,152.6,69.0
H,120.75,-27.01,-65.45,28.26,197.74,83.15,0,No Failure,161.5,72.2
L,101.07,-15.86,-76.28,24.75,236.44,61.97,0,No Failure,181.2,79.2
M,93.49,-15.92,-63.84,28.91,212.98,64.64,0,No Failure,206.1,88.0
H,83.82,-19.03,-72.0,30.05,226.4,47.9,0,No Failure,176.7,77.6
H,116.65,-20.36,-66.45,22.78,196.86,67.29,0,No Failure,189.0,82.0
L,124.77,-15.35,-73.49,32.95,244.66,73.74,0,No Failure,159.5,71.5
L,121.69,-13.95,-61.2,25.02,175.08,49.02,0,No Failure,149.3,67.9
L,150.14,-32.78,-60.09,22.11,202.39,78.15,1,Vacuum Seal Micro-Leak,13.1,6.9
H,104.75,-16.23,-73.57,30.64,219.76,50.41,0,No Failure,190.4,82.4
M,122.35,-27.7,-81.21,19.71,261.18,46.19,0,No Failure,93.0,47.9
L,115.75,-28.56,-70.92,,136.65,66.77,0,No Failure,134.6,62.7
L,111.0,-5.1,-66.84,26.95,193.78,66.39,0,No Failure,180.2,78.8
L,107.78,-12.85,-72.02,26.61,197.53,63.06,0,No Failure,196.6,84.6
H,76.81,-23.72,-68.29,31.99,179.61,39.79,0,No Failure,138.2,63.9
M,99.69,-17.46,-67.26,28.66,220.0,58.77,0,No Failure,221.5,93.4
M,111.57,-18.64,-95.08,21.16,207.69,81.81,0,No Failure,175.3,77.1
H,115.36,-32.71,-61.01,19.18,268.61,72.33,0,No Failure,104.2,51.9
M,100.46,-12.12,-101.81,29.23,207.89,55.89,0,No Failure,179.1,78.4
M,132.88,-13.72,-74.1,30.49,223.66,66.4,0,No Failure,179.6,78.6
L,73.17,-14.05,-68.88,24.47,230.75,40.48,0,No Failure,149.9,68.1
L,117.71,-16.77,-72.72,23.76,208.32,67.73,0,No Failure,191.8,82.9
M,98.79,-31.38,-63.67,23.47,219.64,71.85,0,No Failure,155.0,69.9
M,142.56,-28.43,-61.44,32.49,175.79,45.86,0,No Failure,114.6,55.6
M,142.78,-24.51,-74.67,34.82,182.6,45.38,0,No Failure,120.2,57.6
L,76.6,-15.55,-70.69,27.63,158.58,54.37,0,No Failure,155.8,70.2
M,89.46,-27.39,-68.0,29.58,198.87,49.38,0,No Failure,171.6,75.8
M,262.13,-20.67,-61.9,28.96,235.81,64.03,0,No Failure,178.4,78.2
L,104.43,-21.81,-71.06,21.38,247.97,61.68,0,No Failure,175.8,77.3
M,129.01,-19.0,-62.9,29.69,248.24,68.99,0,No Failure,176.5,77.5
L,86.48,-19.03,-67.85,32.63,256.85,66.35,0,No Failure,176.6,77.5
L,146.58,-23.33,-67.81,27.37,178.71,60.67,0,No Failure,174.2,76.7
M,140.55,-29.6,-77.58,,218.96,65.67,0,No Failure,119.6,57.3
L,,-20.5,-74.37,21.5,219.2,66.99,0,No Failure,161.2,72.1
L,105.22,-8.65,-67.8,22.93,193.99,54.89,0,No Failure,172.8,76.2
L,112.67,-18.75,-52.75,38.42,217.6,60.46,0,No Failure,160.0,71.7
M,94.76,,-71.19,25.04,236.86,54.35,0,No Failure,176.0,77.3
L,137.57,-20.95,-69.63,31.53,202.0,67.0,0,No Failure,185.3,80.6
L,119.47,-16.32,-61.49,23.26,250.49,79.58,0,No Failure,148.1,67.4
L,147.94,-13.82,-64.44,15.94,203.98,63.63,0,No Failure,146.8,67.0
L,124.93,-13.64,-59.56,36.27,220.94,67.26,0,No Failure,160.8,72.0
M,120.38,-28.41,-63.37,25.46,184.43,63.93,0,No Failure,163.7,73.0
L,119.55,-21.42,-71.31,27.06,195.4,52.98,0,No Failure,186.5,81.0
M,117.5,-19.93,-72.44,27.07,234.33,60.86,0,No Failure,200.0,85.8
H,97.83,-31.54,-73.98,41.48,302.24,67.34,0,No Failure,86.4,45.6
L,106.45,-10.47,-68.72,32.72,213.86,70.56,0,No Failure,191.0,82.6
H,169.98,-21.76,-69.84,29.51,166.43,62.26,0,No Failure,152.3,68.9
L,118.28,-10.42,-61.1,28.07,186.7,25.0,0,No Failure,130.0,61.1
L,85.6,-23.67,-66.18,23.34,163.15,64.2,0,No Failure,153.8,69.5
M,114.82,-28.1,-63.63,22.46,218.05,71.37,0,No Failure,165.8,73.7
M,93.78,-19.13,-77.6,32.21,190.0,56.49,0,No Failure,165.1,73.5
L,113.29,-9.35,-64.95,37.77,223.77,82.08,0,No Failure,145.0,66.3
L,100.11,-17.97,-70.14,37.41,230.22,56.17,0,No Failure,182.2,79.5
L,126.22,-19.44,-59.55,36.25,198.88,78.72,0,No Failure,144.2,66.1
L,71.45,-10.79,-63.49,32.86,195.51,76.01,0,No Failure,138.3,64.0
L,,-16.16,-66.26,12.0,203.11,53.77,0,No Failure,156.1,70.3
L,105.77,-14.09,-56.73,31.62,242.02,68.19,0,No Failure,161.3,72.1
L,72.03,-13.84,-61.82,27.26,196.23,71.91,0,No Failure,157.6,70.8
L,,-6.91,-66.44,33.64,205.84,45.03,0,No Failure,141.7,65.2
L,99.13,-27.91,-71.37,23.98,222.94,54.67,0,No Failure,169.6,75.1
M,142.88,-24.09,-55.18,32.16,239.4,64.36,0,No Failure,138.0,63.9
L,106.2,-18.95,-72.04,26.26,202.14,67.76,0,No Failure,200.8,86.1
L,120.01,-21.04,-65.72,30.27,205.3,,0,No Failure,202.2,86.6
L,117.39,-15.7,-65.6,21.23,212.26,73.39,0,No Failure,182.2,79.5
M,105.29,-14.5,-69.34,32.14,239.97,51.5,0,No Failure,182.7,79.7
L,122.63,3.81,-68.35,24.0,214.04,71.13,0,No Failure,154.9,69.9
M,104.06,-24.61,-67.46,29.1,246.55,50.52,0,No Failure,180.3,78.9
L,84.72,-12.27,-76.17,22.92,218.2,84.27,0,No Failure,135.0,62.8
M,130.02,-23.82,-73.15,19.17,229.15,59.0,0,No Failure,156.3,70.4
L,134.59,-21.68,-63.07,22.95,215.43,70.93,0,No Failure,170.6,75.4
L,59.55,-8.46,-67.96,28.27,256.13,36.9,1,Compressor High-Head Trip,2.2,12.6
H,119.47,-7.13,-74.51,49.08,225.89,43.14,0,No Failure,147.1,67.1
M,112.37,-18.9,-61.2,25.71,241.83,54.83,0,No Failure,181.9,79.4
L,118.01,-18.79,-72.89,32.53,225.53,48.89,0,No Failure,181.3,79.2
M,95.34,-23.82,-81.06,29.92,225.25,52.19,0,No Failure,155.0,69.9
M,114.3,-12.44,-67.83,33.82,226.11,40.72,0,No Failure,168.8,74.8
L,84.1,-19.76,-71.55,29.77,193.14,65.42,0,No Failure,186.3,81.0
L,97.61,-13.44,-56.57,32.7,196.11,66.48,0,No Failure,157.9,70.9
L,102.52,-17.79,-71.43,29.05,203.15,61.75,0,No Failure,215.7,91.4
H,135.27,-24.57,-62.57,23.95,275.29,47.64,0,No Failure,120.0,57.5
L,111.3,-16.59,-64.22,42.19,188.49,61.37,0,No Failure,165.9,73.7
H,127.91,-24.62,-60.99,32.38,203.66,60.65,0,No Failure,171.6,75.8
M,100.43,-28.1,-75.09,32.84,49.52,67.97,0,No Failure,144.3,66.1
H,123.72,-17.24,-54.97,46.38,135.0,74.81,0,No Failure,78.4,42.8
L,95.56,-29.35,-72.59,24.4,207.36,62.55,0,No Failure,171.7,75.8
M,159.26,-8.3,-69.72,26.38,259.6,72.13,1,Compressor High-Head Trip,2.1,16.0
M,108.52,-19.95,-70.57,28.43,209.46,72.57,0,No Failure,208.1,88.7
L,78.44,-21.72,-64.52,35.12,234.14,47.07,0,No Failure,146.3,66.8
H,112.64,-22.08,-73.52,47.52,251.69,57.99,0,No Failure,171.5,75.8
L,123.22,-5.25,-69.96,31.95,244.58,57.0,0,No Failure,158.3,71.1
L,72.67,-21.2,-71.81,31.92,217.34,60.15,0,No Failure,182.1,79.5
L,112.96,-15.09,-70.14,20.09,190.7,48.35,0,No Failure,164.3,73.2
M,114.66,-14.58,-50.47,-0.99,198.5,70.66,0,No Failure,154.6,69.8
L,103.56,-16.39,-71.83,17.1,77.23,84.26,0,No Failure,153.4,69.3
H,97.88,-2.59,-75.7,26.98,204.91,18.01,0,No Failure,138.6,64.1
L,122.8,-14.64,-61.69,30.69,224.23,58.72,0,No Failure,188.6,81.8
L,115.35,-20.18,-67.52,21.01,147.43,43.56,0,No Failure,138.3,64.0
L,104.85,-18.05,-68.32,35.34,193.79,124.59,0,No Failure,190.9,82.6
M,130.46,-55.25,-43.58,27.82,208.9,66.09,0,No Failure,182.1,79.5
H,84.72,-34.96,-75.11,28.63,195.75,72.77,0,No Failure,133.8,62.4
M,106.25,-18.99,-73.67,34.63,194.96,75.06,0,No Failure,169.2,74.9
L,45.0,-13.9,-92.46,25.64,209.11,55.21,0,No Failure,144.3,66.1
L,108.57,-13.83,-73.69,33.49,217.83,54.48,0,No Failure,185.0,80.5
L,71.86,-26.12,-67.78,15.52,201.92,59.47,0,No Failure,152.5,69.0
M,106.9,-26.88,-74.06,26.41,234.69,84.8,0,No Failure,147.6,67.3
M,115.53,-10.63,-66.69,29.75,198.76,72.73,0,No Failure,185.1,80.6
H,119.94,-6.82,-70.01,24.53,170.54,68.3,0,No Failure,151.5,68.7
L,104.37,-25.86,-59.76,34.59,237.23,85.13,0,No Failure,128.1,60.4
L,129.9,-25.5,-77.77,28.79,212.36,56.92,0,No Failure,171.4,75.7
H,130.32,-10.17,-67.01,25.81,233.94,61.84,0,No Failure,184.3,80.3
M,95.58,-14.12,-66.17,37.63,246.51,69.76,0,No Failure,157.0,70.6
M,117.91,-14.62,-62.9,35.81,230.15,65.08,0,No Failure,176.0,77.3
M,144.29,-8.37,-78.15,28.61,215.94,69.81,0,No Failure,153.2,69.2
M,115.14,-25.57,-69.7,35.3,204.64,81.11,0,No Failure,158.2,71.0
L,60.95,-23.21,-63.81,33.69,201.25,53.15,0,No Failure,145.6,66.6
H,129.98,-24.62,-67.9,22.29,253.28,58.55,0,No Failure,162.4,72.5
M,97.49,-19.71,-65.65,23.8,241.01,68.95,0,No Failure,180.4,78.9
M,83.62,-14.93,-62.32,38.11,215.38,61.21,0,No Failure,168.2,74.6
L,115.38,-14.28,-70.19,39.06,249.22,61.93,0,No Failure,167.6,74.4
M,92.92,-8.48,-59.04,34.12,232.82,98.06,0,No Failure,136.9,63.5
H,89.21,-14.17,-64.02,28.3,229.43,61.41,0,No Failure,195.4,84.2
H,135.23,-21.72,-72.16,34.6,180.65,81.89,0,No Failure,133.7,62.4
L,52.59,-22.37,-62.99,22.91,215.72,67.64,0,No Failure,151.3,68.6
M,80.52,-21.54,-70.73,26.24,349.43,62.36,0,No Failure,189.2,82.0
L,108.77,-17.14,-69.04,31.26,349.68,58.58,0,No Failure,206.4,88.1
H,80.51,-16.52,-70.71,25.03,222.53,50.37,0,No Failure,177.0,77.7
H,110.96,-17.77,-69.85,27.09,205.11,38.23,0,No Failure,188.7,81.8
L,85.7,-21.33,-72.0,29.73,231.82,60.27,0,No Failure,187.9,81.6
H,110.54,-22.86,-72.15,24.64,212.36,54.35,0,No Failure,191.6,82.9
L,113.08,-20.19,-67.13,25.42,225.9,73.93,0,No Failure,196.6,84.6
L,90.54,-10.09,-64.71,26.54,249.52,113.89,0,No Failure,164.0,73.1
M,69.31,-18.16,-77.58,21.16,206.09,57.4,0,No Failure,151.3,68.6
M,122.98,-10.78,-68.79,31.64,217.59,54.56,0,No Failure,189.3,82.1
M,102.19,-20.28,-69.42,38.07,196.56,73.31,0,No Failure,168.0,74.5
L,79.81,-19.83,-70.16,19.62,163.46,87.25,0,No Failure,113.6,55.2
L,83.09,-23.23,-72.68,27.88,269.21,64.35,0,No Failure,157.6,70.8
H,94.91,-22.59,-69.03,25.55,231.63,51.26,0,No Failure,180.9,79.1
L,97.87,-19.67,-68.61,26.99,194.0,77.4,0,No Failure,186.1,80.9
L,55.57,-48.5,-65.87,23.08,243.49,74.7,0,No Failure,144.1,66.0
M,150.95,-21.42,-55.13,24.3,,78.65,1,Vacuum Seal Micro-Leak,5.9,14.6
L,71.45,-13.65,-61.23,29.37,193.59,65.54,0,No Failure,163.9,73.1
L,87.79,-14.41,-70.29,31.16,202.32,76.68,0,No Failure,172.7,76.2
H,91.47,-16.89,-66.89,27.35,202.43,63.32,0,No Failure,208.7,88.9
M,132.63,-13.17,-65.74,27.93,226.15,68.05,0,No Failure,189.3,82.1
L,152.81,-18.82,-66.53,19.04,212.83,61.42,0,No Failure,174.1,76.7
L,92.31,-18.09,-69.0,28.92,230.43,67.59,0,No Failure,206.3,88.1
H,67.72,-21.96,-61.36,22.36,227.12,59.03,0,No Failure,153.0,69.2
H,77.83,-22.83,-68.54,23.79,230.01,84.49,0,No Failure,148.7,67.7
M,97.72,-10.84,-79.54,29.31,229.58,59.09,0,No Failure,166.6,74.0
L,155.55,-15.38,-64.52,26.4,172.16,59.03,0,No Failure,156.4,70.4
L,127.45,-25.0,-66.89,33.24,241.36,58.94,0,No Failure,172.8,76.2
H,172.15,-18.47,-64.53,25.84,240.59,85.22,0,No Failure,130.1,61.1
L,89.52,-11.83,-92.15,31.98,226.32,54.53,0,No Failure,175.7,77.2
L,222.2,-16.01,-65.8,19.95,205.61,77.0,0,No Failure,173.1,76.3
M,146.55,-16.1,-65.95,23.69,226.7,70.42,0,No Failure,171.0,75.6
M,19.77,-19.98,-56.88,30.81,194.35,56.93,1,Vacuum Seal Micro-Leak,8.2,24.2
H,76.01,-7.25,-64.2,29.36,174.01,61.02,0,No Failure,151.1,68.5
L,96.85,-23.96,-63.89,37.46,257.97,52.47,0,No Failure,137.3,63.6
L,123.99,-20.93,-60.96,29.44,237.63,45.62,0,No Failure,163.4,72.9
L,92.15,-13.26,-67.97,22.12,172.26,56.88,0,No Failure,163.0,72.7
M,58.78,-20.76,-73.02,31.85,211.53,64.03,0,No Failure,169.8,75.1
L,136.72,-20.13,-66.89,21.88,188.38,59.98,0,No Failure,174.2,76.7
H,119.59,-12.67,-69.9,32.7,202.45,59.25,0,No Failure,190.6,82.5
L,99.2,-20.89,-68.91,25.83,234.93,56.85,0,No Failure,195.2,84.1
H,116.81,-12.84,-104.06,27.42,198.22,47.35,0,No Failure,157.1,70.6
L,143.61,-19.73,-64.07,36.41,239.45,51.67,0,No Failure,148.1,67.4
L,155.19,-17.2,-64.37,31.62,265.94,62.43,0,No Failure,156.3,70.4
M,110.27,-27.32,-81.8,24.02,212.16,55.81,0,No Failure,154.3,69.6
M,104.72,-15.61,-73.91,34.67,230.62,76.78,0,No Failure,164.2,73.2
M,133.86,-17.97,-57.22,23.1,226.52,67.24,0,No Failure,162.9,72.7
M,101.65,-15.76,-66.77,26.78,250.96,88.14,0,No Failure,160.1,71.7
M,98.86,-10.28,-59.17,27.51,167.12,54.9,0,No Failure,146.4,66.8
L,82.44,-17.24,-61.99,25.65,245.32,58.92,0,No Failure,171.3,75.7
M,110.98,-14.84,-67.44,31.82,250.12,,0,No Failure,190.3,82.4
L,124.76,-23.46,-73.16,29.08,212.11,55.53,0,No Failure,189.5,82.1
M,129.32,-11.28,-63.22,30.23,237.18,66.0,0,No Failure,172.6,76.1
H,136.86,-16.98,-71.9,40.88,205.97,37.25,1,Agitator Mechanical Drag,10.1,15.7
H,90.04,-17.17,-75.02,35.79,205.56,47.02,0,No Failure,155.3,70.0
L,102.42,-23.8,-67.95,33.11,,43.52,0,No Failure,154.9,69.9
L,114.69,-20.93,-68.0,40.31,233.01,55.53,0,No Failure,172.8,76.2
H,128.15,-26.54,-55.48,29.35,222.7,65.83,0,No Failure,150.0,68.1
M,83.82,-22.96,-59.91,35.3,195.66,84.91,0,No Failure,121.9,58.2
L,141.88,-17.07,-69.09,34.9,201.66,69.59,0,No Failure,174.5,76.8
L,106.4,-29.86,-73.2,29.08,251.29,54.73,0,No Failure,159.4,71.4
M,134.83,-11.17,-68.0,27.48,158.29,50.63,0,No Failure,152.1,68.9
L,83.74,-12.55,-60.63,18.69,193.54,47.08,0,No Failure,123.6,58.8
M,95.4,-7.75,-73.26,23.09,170.62,59.43,0,No Failure,142.8,65.6
L,171.42,-20.23,-68.22,33.21,219.7,60.47,0,No Failure,173.3,76.4
L,84.67,-25.19,-78.08,29.78,196.28,62.35,0,No Failure,161.6,72.2
M,84.02,-29.29,-74.46,26.95,189.81,60.77,0,No Failure,155.0,69.9
H,120.89,-10.54,-65.76,31.04,233.94,74.46,0,No Failure,170.6,75.4
M,104.17,-16.53,-65.03,37.33,222.67,38.01,1,Agitator Mechanical Drag,1.9,25.8
L,119.29,-3.73,-72.38,35.95,173.64,66.05,0,No Failure,132.3,61.9
H,102.22,-10.07,-57.57,18.77,186.79,59.06,0,No Failure,134.9,62.8
M,140.96,-1.72,-60.9,31.95,179.95,76.43,0,No Failure,106.5,52.7
H,74.95,-16.9,-76.11,26.53,215.94,71.03,0,No Failure,171.8,75.8
L,134.56,-10.36,-60.73,29.4,267.38,58.37,0,No Failure,144.5,66.2
L,113.95,-15.42,-76.49,26.44,231.67,48.65,0,No Failure,171.6,75.8
L,82.95,-18.41,-68.57,26.63,221.51,46.0,0,No Failure,186.3,81.0
L,120.45,-21.66,-73.75,32.5,224.3,59.89,0,No Failure,187.1,81.3
M,103.68,-7.74,-78.77,24.04,235.53,,0,No Failure,145.6,66.6
M,123.56,-25.32,-92.11,32.42,229.71,55.62,0,No Failure,157.3,70.7
L,91.51,-17.36,-74.13,32.09,181.62,43.85,0,No Failure,151.2,68.6
H,93.38,-20.07,-62.85,17.82,182.98,65.18,0,No Failure,152.4,69.0
H,61.53,-16.89,-70.7,26.14,224.59,78.36,0,No Failure,160.6,71.9
L,85.74,-19.05,-72.2,28.9,202.87,69.85,0,No Failure,189.5,82.1
L,94.9,-11.1,-81.19,28.3,210.98,61.49,0,No Failure,172.7,76.2
L,157.36,-18.16,-63.11,25.85,,67.16,0,No Failure,165.5,73.6
H,117.1,-16.43,-62.6,26.55,215.35,89.33,0,No Failure,170.5,75.4
L,147.91,-27.04,-74.34,30.69,224.74,34.27,0,No Failure,121.9,58.2
H,122.05,-18.05,-56.6,24.21,223.57,72.84,0,No Failure,166.1,73.8
L,150.77,-28.44,-63.99,30.97,208.55,58.46,0,No Failure,159.4,71.4
L,126.74,-22.09,-78.58,26.19,193.69,43.98,0,No Failure,143.1,65.7
H,91.58,-21.62,-76.01,29.76,223.73,56.99,0,No Failure,180.2,78.8
H,95.4,-21.29,-69.73,30.91,201.84,61.4,0,No Failure,201.0,86.2
M,105.57,-27.49,-67.09,29.38,188.25,60.76,0,No Failure,190.2,82.4
L,97.9,-15.24,,33.24,219.4,71.4,0,No Failure,180.1,78.8
L,111.3,-35.15,-65.95,31.93,215.16,46.39,0,No Failure,157.9,70.9
L,79.88,-18.24,-59.86,27.23,183.37,71.75,0,No Failure,159.3,71.4
H,121.89,-24.12,-70.22,14.22,208.37,58.91,0,No Failure,158.4,71.1
L,91.82,-16.17,-69.05,32.49,229.26,83.36,0,No Failure,168.4,74.6
L,208.82,-16.8,-76.19,27.49,206.22,49.19,0,No Failure,178.2,78.1
M,84.72,-19.26,-70.24,21.85,164.09,69.27,0,No Failure,151.5,68.7
M,99.71,-15.35,-57.39,32.81,179.86,58.07,0,No Failure,156.7,70.5
L,95.64,-13.99,-67.06,28.45,229.41,46.85,0,No Failure,186.9,81.2
M,135.42,-13.04,-72.32,26.16,197.87,66.86,0,No Failure,174.1,76.7
M,128.74,-18.78,-59.27,16.67,174.02,64.49,0,No Failure,136.3,63.3
M,99.46,-24.74,-57.76,28.94,215.7,69.24,0,No Failure,175.8,77.3
H,92.24,-15.82,-47.55,39.05,173.29,47.43,1,Agitator Mechanical Drag,7.8,11.8
H,101.9,-12.11,-67.7,41.14,210.25,71.43,0,No Failure,163.7,73.0
L,86.38,-21.2,-65.85,34.4,197.62,57.52,0,No Failure,175.1,77.0
L,61.03,-14.66,-71.99,32.09,214.05,49.08,0,No Failure,157.7,70.9
M,98.3,-15.1,-65.88,31.24,246.02,81.02,0,No Failure,164.0,73.1
L,108.34,-21.52,-71.35,33.2,212.71,59.17,0,No Failure,201.0,86.2
M,146.81,-17.12,-59.81,24.96,236.82,72.32,1,Vacuum Seal Micro-Leak,5.4,23.6
L,53.2,-11.59,-69.25,26.27,212.81,47.4,0,No Failure,153.5,69.3
L,103.77,-22.05,-77.23,24.46,227.59,45.73,0,No Failure,156.6,70.5
H,149.8,-20.17,-65.21,27.39,258.79,57.23,0,No Failure,163.1,72.8
L,131.51,-22.49,-74.67,28.22,235.98,67.62,0,No Failure,174.3,76.7
H,139.39,-6.03,-67.83,36.86,197.41,60.72,0,No Failure,152.0,68.8
H,116.4,-21.56,-72.93,26.54,226.99,,0,No Failure,189.7,82.2
H,83.18,-18.86,-67.21,25.62,200.3,72.93,0,No Failure,184.1,80.2
M,80.02,-17.01,-73.82,26.33,224.48,61.92,0,No Failure,188.9,81.9
M,111.12,-19.15,-68.51,24.75,220.29,51.2,0,No Failure,204.5,87.4
L,142.44,-24.27,-71.13,25.55,217.4,71.09,0,No Failure,170.5,75.4
L,133.6,-13.11,-67.15,27.85,207.09,43.72,0,No Failure,176.4,77.5
H,108.54,-12.3,-68.34,34.95,,56.33,0,No Failure,194.3,83.8
M,111.25,-20.0,-73.25,24.61,157.56,66.46,0,No Failure,165.9,73.8
M,146.16,-22.76,-70.36,35.63,200.27,47.43,0,No Failure,145.5,66.5
H,84.05,-15.29,-69.4,26.08,208.24,69.76,0,No Failure,189.3,82.0
L,103.4,-31.32,-61.64,35.97,241.37,65.64,0,No Failure,140.8,64.9
M,99.62,-13.33,-66.09,19.68,243.55,62.34,0,No Failure,171.1,75.6
L,128.69,-20.48,-71.49,51.47,250.69,62.24,0,No Failure,170.2,75.3
H,103.76,-17.27,-75.38,28.06,207.62,74.04,0,No Failure,190.3,82.4
H,119.06,-26.79,-66.13,32.91,222.84,74.16,0,No Failure,171.1,75.6
H,85.32,-21.97,-69.19,29.9,,60.03,0,No Failure,198.7,85.4
L,154.3,-27.22,-70.02,38.71,221.06,50.32,0,No Failure,130.1,61.1
L,133.18,-21.43,-54.55,29.02,237.27,111.4,0,No Failure,143.2,65.7
L,118.9,-15.97,-62.42,27.75,200.21,59.1,0,No Failure,198.0,85.1
H,88.4,-18.37,-61.22,30.59,235.47,46.02,0,No Failure,163.7,73.0
H,100.98,-17.67,-78.28,31.36,241.61,47.28,0,No Failure,158.2,71.0
M,79.43,-26.16,-68.27,37.7,194.04,44.14,1,Agitator Mechanical Drag,11.6,16.6
H,72.83,-28.62,-62.52,30.41,215.35,71.14,0,No Failure,154.6,69.7
L,91.64,-16.48,-69.6,35.05,214.76,71.02,0,No Failure,186.2,80.9
L,130.31,-16.85,-59.79,20.19,233.63,64.2,0,No Failure,160.7,71.9
M,160.93,-16.87,-69.61,35.78,181.2,66.78,0,No Failure,148.7,67.6
H,103.59,-23.97,-68.22,35.87,212.63,57.7,0,No Failure,190.0,82.3
L,135.69,-14.33,-60.03,26.46,221.66,66.48,0,No Failure,175.0,77.0
L,103.22,-14.5,-60.8,27.4,189.86,57.43,0,No Failure,181.5,79.3
L,117.33,-19.17,-71.83,34.13,231.62,57.63,0,No Failure,187.8,81.5
L,85.52,-15.13,-86.93,39.92,154.15,74.44,0,No Failure,77.9,42.6
L,90.17,-18.19,-60.61,30.82,214.48,67.58,0,No Failure,190.4,82.4
H,93.62,-25.45,-72.67,36.67,220.73,72.54,0,No Failure,153.9,69.5
H,113.8,-17.69,-69.35,26.59,258.06,52.74,0,No Failure,187.1,81.3
L,144.62,-18.81,-65.83,21.76,196.27,76.2,0,No Failure,156.0,70.3
M,127.63,-55.5,-73.0,29.87,218.78,52.35,0,No Failure,170.7,75.5
L,110.42,-20.61,-70.28,30.54,166.63,56.4,0,No Failure,182.8,79.7
H,100.71,-15.72,-74.11,28.94,191.04,54.61,0,No Failure,184.5,80.3
M,97.7,-5.83,-55.12,28.68,,45.38,0,No Failure,138.3,64.0
L,108.65,-28.08,-69.41,29.16,197.77,94.08,0,No Failure,151.1,68.5
L,102.8,-23.01,-65.87,28.41,282.03,61.67,0,No Failure,175.0,77.0
M,76.66,-11.38,-65.26,34.37,218.4,58.02,0,No Failure,168.0,74.5
M,126.69,-16.15,-74.26,35.04,231.03,52.55,0,No Failure,163.3,72.8
H,154.2,-28.01,-70.04,27.74,209.36,77.78,0,No Failure,151.5,68.7
M,148.49,-31.01,-66.55,39.64,231.1,66.9,0,No Failure,127.0,60.0
L,127.26,-20.92,-79.92,28.62,201.93,62.79,0,No Failure,178.9,78.4
M,94.87,-13.61,-77.37,29.53,179.01,64.52,0,No Failure,164.3,73.2
M,122.9,-28.88,-56.93,33.62,231.96,68.62,0,No Failure,138.2,64.0
M,116.4,-11.44,-71.18,32.55,230.55,66.66,0,No Failure,182.0,79.5
L,140.58,-16.01,-71.71,22.74,180.67,66.75,0,No Failure,158.7,71.2
H,90.53,-13.26,-70.19,17.65,232.2,49.46,0,No Failure,147.1,67.1
L,88.88,-19.64,-71.31,31.93,204.72,68.7,0,No Failure,186.1,80.9
H,86.1,-7.72,-65.67,28.22,203.83,58.7,0,No Failure,179.8,78.7
L,115.04,-7.11,-66.96,23.16,217.3,54.04,0,No Failure,177.6,77.9
H,114.2,-13.12,-70.61,25.69,199.08,63.45,0,No Failure,197.4,84.9
L,84.1,-11.86,-70.55,26.25,227.55,54.87,0,No Failure,175.6,77.2
M,97.75,-17.24,-67.39,23.89,185.08,72.07,0,No Failure,181.0,79.1
L,165.15,-12.73,-78.69,3.03,169.47,71.6,0,No Failure,117.1,56.5
L,-7.65,-24.0,-67.69,22.67,215.66,40.97,0,No Failure,168.0,74.5
L,106.3,-18.37,-60.68,35.37,241.11,50.77,0,No Failure,162.9,72.7
H,174.59,-14.55,-64.83,32.72,233.68,76.9,0,No Failure,133.5,62.3
H,75.39,-20.85,-77.5,28.76,259.4,72.41,0,No Failure,140.4,64.7
L,113.39,-28.74,-73.64,21.73,216.22,69.78,0,No Failure,162.9,72.7
L,108.81,-26.84,-73.8,22.62,212.81,55.48,0,No Failure,172.5,76.1
L,101.78,-12.32,-78.16,38.37,252.73,45.18,1,Agitator Mechanical Drag,2.0,10.5
L,96.36,-17.52,-78.5,29.69,226.18,73.54,0,No Failure,173.4,76.4
M,88.85,-14.26,-62.06,23.84,244.26,62.65,0,No Failure,167.0,74.2
M,141.0,-30.64,-72.44,15.75,219.54,51.0,0,No Failure,117.9,56.8
M,156.5,-13.38,-64.87,20.65,199.94,72.3,0,No Failure,140.6,64.8
L,144.27,-7.73,-66.25,37.21,241.71,52.34,0,No Failure,129.8,61.0
L,109.73,13.51,-60.13,29.49,322.44,50.38,0,No Failure,173.4,76.4
H,147.91,-21.58,-61.17,36.18,212.14,66.21,0,No Failure,155.6,70.1
L,89.93,-16.07,-64.79,32.27,159.77,76.96,0,No Failure,145.7,66.6
M,79.09,-24.6,-76.76,26.67,232.0,61.59,0,No Failure,162.3,72.5
L,144.8,-30.16,-58.7,31.27,222.33,56.68,0,No Failure,140.4,64.7
H,85.47,-23.05,-65.27,37.66,233.87,58.71,0,No Failure,159.1,71.3
H,107.0,-29.5,-63.52,30.54,181.6,78.87,0,No Failure,146.0,66.7
M,109.44,-20.08,-73.92,29.49,220.0,78.12,0,No Failure,188.6,81.8
L,70.61,-29.72,-64.22,23.58,227.95,62.92,0,No Failure,150.0,68.1
L,99.19,-26.14,-55.94,21.0,243.03,40.41,0,No Failure,107.8,53.2
H,141.01,-27.17,-64.99,33.04,221.47,137.76,0,No Failure,152.9,69.1
L,86.18,-22.35,-67.11,39.28,197.74,63.52,0,No Failure,165.0,73.4
M,138.68,-13.2,-58.53,23.76,223.53,64.99,0,No Failure,158.8,71.2
M,84.89,-19.21,-69.81,20.64,248.49,58.53,0,No Failure,165.5,73.6
L,77.03,-15.0,-69.55,25.48,183.51,52.41,0,No Failure,163.7,73.0
M,114.55,-21.64,-53.04,22.49,206.57,55.75,0,No Failure,154.0,69.5
L,58.76,-23.1,-64.87,33.56,171.61,79.84,0,No Failure,116.4,56.2
M,142.45,-22.24,-64.66,37.1,233.3,70.4,0,No Failure,148.8,67.7
L,100.45,-22.99,-60.98,20.67,220.08,72.19,0,No Failure,159.9,71.6
M,72.05,-17.0,-78.35,27.8,248.13,46.08,0,No Failure,138.0,63.9
L,115.09,-26.91,-81.96,26.81,173.94,66.6,0,No Failure,139.0,64.2
L,132.2,-4.29,-72.12,,202.4,46.69,0,No Failure,136.6,63.4
H,98.34,-24.99,-71.49,30.13,200.28,61.77,0,No Failure,191.0,82.6
H,108.97,-11.68,-66.28,26.3,275.36,56.92,0,No Failure,167.7,74.4
L,135.09,-19.49,-66.13,20.34,222.67,59.71,0,No Failure,181.3,79.2
M,95.47,-18.6,-75.28,31.79,208.27,81.76,0,No Failure,165.7,73.7
H,100.88,-20.59,-61.1,28.97,208.96,,0,No Failure,196.4,84.6
M,117.46,-12.52,-69.72,28.14,,71.11,0,No Failure,190.2,82.4
L,146.96,-12.21,-75.38,24.84,69.58,31.99,0,No Failure,109.1,53.6
H,100.29,-12.26,-70.19,21.55,170.87,59.21,0,No Failure,160.7,71.9
M,91.21,-16.48,-73.05,26.77,239.66,52.98,0,No Failure,176.2,77.4
L,119.19,-21.66,-81.96,27.35,256.73,68.23,0,No Failure,148.1,67.4
L,111.49,-23.37,-66.8,24.21,181.14,81.8,0,No Failure,159.6,71.5
M,131.76,-18.66,-67.21,25.43,221.61,80.36,0,No Failure,181.5,79.3
M,111.36,-24.86,-72.34,40.02,186.41,52.61,0,No Failure,143.5,65.8
L,90.01,-13.84,-65.1,28.95,164.38,63.94,0,No Failure,173.1,76.3
M,91.06,-8.33,-71.57,33.33,213.98,56.11,0,No Failure,169.7,75.1
M,112.72,-23.21,-66.77,22.15,202.43,47.65,0,No Failure,173.8,76.6
H,113.86,-22.52,-61.37,29.34,185.64,42.06,0,No Failure,158.3,71.1
L,134.39,-13.03,-82.05,30.06,168.08,60.75,0,No Failure,137.3,63.6
L,122.5,-7.48,-94.54,34.88,217.56,53.17,0,No Failure,161.8,72.3
L,92.22,-16.55,-71.8,35.98,203.18,63.57,0,No Failure,181.5,79.3
M,74.35,-20.44,-71.11,33.33,174.87,69.1,0,No Failure,151.8,68.7
H,74.28,-12.25,-62.56,26.45,229.9,52.2,0,No Failure,157.3,70.7
M,122.73,-27.49,-73.61,30.11,250.09,59.0,0,No Failure,161.8,72.3
M,130.01,-9.73,-71.67,-4.09,202.29,67.77,0,No Failure,169.9,75.2
M,110.97,-12.79,-65.79,24.74,237.48,75.82,0,No Failure,174.9,77.0
L,125.09,-17.03,-67.13,31.12,227.46,46.03,0,No Failure,186.2,80.9
L,115.77,-18.82,-64.01,26.56,170.84,66.37,0,No Failure,183.6,80.0
L,155.19,-20.57,-68.38,21.12,244.77,56.08,0,No Failure,152.9,69.1
L,83.76,-32.0,-68.5,20.47,189.54,48.07,0,No Failure,126.0,59.6
H,76.17,-24.82,-71.93,25.95,218.53,50.25,0,No Failure,162.7,72.6
L,106.57,-6.98,-65.19,30.87,262.34,64.54,1,Compressor High-Head Trip,11.0,27.6
L,68.88,-17.78,-61.5,25.9,211.44,50.53,0,No Failure,167.2,74.2
L,127.62,-12.23,-64.0,30.25,208.54,44.27,0,No Failure,167.8,74.4
H,108.59,-11.76,,28.21,212.41,56.87,0,No Failure,203.8,87.2
M,128.57,-13.74,-68.94,32.31,198.61,73.66,0,No Failure,175.8,77.3
L,110.41,-15.12,-78.04,20.43,201.33,78.45,0,No Failure,147.8,67.3
L,,-17.77,-56.23,24.52,224.27,65.08,0,No Failure,165.7,73.7
M,72.3,-16.96,-29.73,32.07,169.8,48.26,0,No Failure,129.9,61.0
M,103.36,-28.68,-63.58,33.4,218.1,57.1,0,No Failure,173.0,76.3
H,122.44,-28.26,-64.95,37.13,190.68,85.27,0,No Failure,122.7,58.4
M,109.05,-22.3,-64.15,21.3,205.9,62.11,0,No Failure,190.3,82.4
L,145.56,-4.55,-64.42,34.66,198.24,73.4,0,No Failure,127.4,60.1
L,94.64,-26.85,-71.93,37.11,204.56,43.65,1,Agitator Mechanical Drag,3.6,18.7
H,95.95,-14.55,-68.37,30.53,218.56,54.39,0,No Failure,201.6,86.4
H,100.47,-29.83,-70.26,27.58,187.81,50.42,0,No Failure,161.9,72.3
L,101.8,-25.64,-57.18,27.07,198.31,61.19,0,No Failure,170.0,75.2
M,91.27,-15.63,-63.68,38.05,225.36,54.65,0,No Failure,163.3,72.8
L,106.24,-16.78,-69.95,28.56,200.54,54.95,0,No Failure,209.8,89.3
H,94.0,6.05,-58.15,24.91,189.26,54.01,0,No Failure,146.5,66.9
H,103.38,-17.49,-68.44,25.48,221.87,64.54,0,No Failure,215.9,91.5
M,116.06,-23.8,-78.71,31.4,255.11,56.81,0,No Failure,151.0,68.5
H,97.15,-21.37,-70.65,31.78,258.31,59.95,0,No Failure,176.1,77.4
L,118.78,-21.8,-53.93,41.36,180.07,39.93,1,Agitator Mechanical Drag,12.0,2.9
L,125.36,-22.42,-67.55,26.47,242.84,57.9,0,No Failure,188.3,81.7
L,63.36,-11.87,-76.96,35.3,197.96,61.45,0,No Failure,136.9,63.5
L,95.83,-5.32,-58.87,24.09,178.37,83.95,0,No Failure,106.1,52.6
L,94.41,-26.99,-67.82,18.81,241.27,53.45,0,No Failure,148.5,67.6
L,89.49,-17.33,-74.32,27.58,227.47,64.57,0,No Failure,193.0,83.4
L,95.39,-22.87,-69.97,14.77,202.98,69.23,0,No Failure,152.7,69.1
L,129.59,-16.83,-65.83,26.6,234.88,53.6,0,No Failure,187.7,81.5
L,160.0,-22.1,-66.93,29.83,279.71,65.57,0,No Failure,144.5,66.2
M,140.11,-19.44,-63.97,19.76,220.53,55.87,0,No Failure,166.1,73.8
M,109.96,-13.49,-66.68,18.44,223.59,71.82,0,No Failure,174.7,76.9
M,71.24,-9.44,-77.66,31.63,209.42,62.49,0,No Failure,152.7,69.1
M,163.42,-18.43,-67.08,43.66,206.75,59.63,0,No Failure,145.6,66.6
H,121.91,-15.04,-67.2,24.12,193.93,3.75,0,No Failure,194.5,83.9
M,121.27,-14.77,-67.66,21.26,97.31,49.83,0,No Failure,181.1,79.1
L,90.13,-12.15,-78.08,34.23,229.12,56.38,0,No Failure,150.0,68.1
H,59.36,-22.34,-74.79,32.49,171.18,62.15,0,No Failure,137.4,63.7
L,101.34,-16.02,-73.9,30.73,211.91,47.41,0,No Failure,183.1,79.9
M,134.21,-8.2,-58.63,24.84,225.63,66.62,0,No Failure,149.4,67.9
L,89.4,-27.32,-70.05,25.46,237.9,60.43,0,No Failure,171.9,75.9
L,122.63,,-35.46,32.68,205.44,68.45,0,No Failure,191.0,82.7
M,174.82,-29.53,-64.09,28.34,213.51,,0,No Failure,155.0,69.9
L,230.51,-26.6,-65.77,37.33,277.71,62.85,0,No Failure,140.5,64.8
L,81.21,-27.9,,27.51,190.07,58.63,0,No Failure,160.1,71.7
M,94.15,-8.87,-98.36,28.36,195.55,49.1,0,No Failure,167.5,74.3
L,95.03,-28.83,-72.89,28.24,226.69,117.29,0,No Failure,170.0,75.2
L,82.06,-12.33,-65.82,27.06,235.36,54.22,0,No Failure,173.1,76.3
L,89.28,-27.91,-67.37,28.63,218.53,66.24,0,No Failure,191.3,82.8
L,157.96,-10.31,-70.52,36.84,234.1,91.39,0,No Failure,102.0,51.1
L,88.41,-26.59,-63.35,26.49,178.63,71.17,0,No Failure,149.8,68.0
L,114.22,-18.81,-69.58,22.74,217.25,81.28,0,No Failure,183.7,80.1
L,103.46,-21.37,-72.29,27.65,228.39,47.0,0,No Failure,182.8,79.7
L,136.88,-14.64,-69.75,18.78,271.87,57.68,0,No Failure,137.8,63.8
L,73.38,-16.77,-68.45,26.12,192.25,51.28,0,No Failure,174.4,76.8
M,112.06,-12.91,-59.43,33.47,226.74,58.31,0,No Failure,174.6,76.8
L,115.15,-27.88,-72.58,18.92,203.37,68.96,0,No Failure,152.8,69.1
M,96.2,-25.18,-64.04,21.99,189.36,58.47,0,No Failure,161.3,72.1
M,175.15,-18.37,,26.07,194.22,59.46,0,No Failure,170.0,75.2
H,66.82,-18.51,-65.0,31.88,240.83,,0,No Failure,166.2,73.9
L,,-21.1,-66.72,27.15,194.64,58.72,0,No Failure,186.0,80.9
M,114.32,-14.53,-79.24,37.65,179.1,86.05,0,No Failure,112.3,54.8
M,77.07,-16.35,-66.66,32.31,196.99,65.88,0,No Failure,181.9,79.4
M,103.42,-13.46,-77.16,24.97,233.51,52.5,0,No Failure,163.1,72.8
L,144.07,-14.85,-62.64,45.14,208.83,60.88,0,No Failure,141.3,65.1
H,118.75,-10.8,-67.78,28.01,245.16,69.44,0,No Failure,184.9,80.5
M,98.98,-23.22,-66.63,18.88,222.42,123.54,0,No Failure,179.3,78.5
L,80.37,-13.82,-69.84,23.99,227.91,59.91,0,No Failure,180.0,78.8
H,131.54,-20.53,-79.49,23.86,210.78,57.24,0,No Failure,163.9,73.0
M,167.98,-10.26,-62.03,34.83,226.83,68.04,0,No Failure,130.3,61.1
L,111.53,-17.43,-69.4,28.64,157.94,57.64,0,No Failure,191.8,82.9
M,87.28,-14.75,-67.12,33.32,180.83,55.32,0,No Failure,168.9,74.8
H,113.51,-13.16,-68.52,20.78,235.28,56.76,0,No Failure,180.5,78.9
L,68.29,-19.93,-65.22,29.37,222.76,57.28,0,No Failure,185.4,80.7
L,155.22,-16.37,-70.33,25.86,217.9,67.99,0,No Failure,180.8,79.0
L,166.41,-23.17,-61.25,36.21,262.16,83.43,0,No Failure,87.2,45.9
L,97.46,-14.46,-59.6,30.36,253.41,56.49,0,No Failure,162.4,72.5
H,174.24,-22.5,-73.06,32.47,222.89,75.16,0,No Failure,135.9,63.1
M,190.03,-20.1,-63.67,22.26,,67.82,0,No Failure,156.6,70.4
L,112.51,-23.68,-81.85,19.76,176.73,65.18,0,No Failure,131.1,61.4
L,132.62,-17.06,-63.53,27.58,193.42,67.18,0,No Failure,186.6,81.1
L,124.94,-24.03,-77.45,25.05,225.12,61.72,0,No Failure,171.9,75.9
H,135.85,-8.48,-64.36,24.22,265.38,64.5,1,Compressor High-Head Trip,2.8,20.1
L,,-19.35,-65.18,37.71,223.51,66.3,0,No Failure,186.3,81.0
H,109.11,-18.16,-63.63,31.94,190.2,53.21,0,No Failure,188.3,81.7
L,129.02,-11.45,-63.69,29.7,233.12,51.07,0,No Failure,168.6,74.7
M,100.24,-15.34,-73.53,50.9,199.59,58.13,0,No Failure,178.3,78.1
L,136.36,-26.21,-65.93,25.29,223.19,89.98,0,No Failure,140.9,64.9
H,116.24,-20.31,-60.41,29.88,190.75,57.16,0,No Failure,183.0,79.8
M,131.14,,-63.41,41.99,187.81,62.48,0,No Failure,139.4,64.4
M,150.29,-18.27,-63.02,27.81,219.6,68.44,0,No Failure,184.4,80.3
L,100.04,-3.46,-69.38,30.31,222.91,60.79,0,No Failure,181.5,79.3
H,109.5,-15.3,-71.95,22.0,208.43,57.55,0,No Failure,191.6,82.9
M,127.45,-11.41,-70.97,28.23,172.29,68.94,0,No Failure,166.7,74.1
L,137.17,-20.82,-69.3,28.58,218.02,12.79,0,No Failure,205.6,87.8
M,107.05,17.8,-65.97,24.52,224.57,39.11,0,No Failure,180.0,78.8
M,117.3,-20.46,-70.66,20.77,229.6,56.43,0,No Failure,180.9,79.1
H,94.36,-26.02,-64.67,28.03,200.03,49.49,0,No Failure,171.8,75.8
H,65.81,-20.46,-66.36,21.65,240.59,67.2,0,No Failure,155.6,70.1
L,148.34,-17.42,-64.08,29.69,194.47,73.43,0,No Failure,169.3,75.0
L,132.46,-21.02,-64.26,32.04,238.78,72.45,0,No Failure,166.5,74.0
L,86.3,-31.94,-66.62,30.8,223.38,50.23,0,No Failure,156.7,70.5
H,101.21,-14.66,-65.93,27.95,201.79,70.0,0,No Failure,198.8,85.4
L,89.4,-20.78,-75.4,23.12,244.74,65.24,0,No Failure,159.4,71.5
L,117.99,-6.89,-62.14,27.22,203.48,72.84,0,No Failure,164.3,73.2
H,137.57,-15.11,-61.78,30.95,230.12,64.96,0,No Failure,176.2,77.4
M,97.12,-14.09,-69.44,25.95,198.76,58.88,0,No Failure,195.4,84.2
M,114.53,-23.2,-66.57,36.49,192.03,59.37,0,No Failure,177.7,77.9
L,151.87,-19.84,-76.16,27.76,228.71,76.23,0,No Failure,153.6,69.4
M,81.19,-15.11,-70.06,37.43,247.43,86.94,0,No Failure,124.3,59.0
M,114.97,-10.65,-60.86,31.81,200.79,67.92,0,No Failure,171.4,75.7
L,111.75,-16.7,-67.62,23.92,235.64,58.46,0,No Failure,202.7,86.8
M,107.66,-19.89,,35.08,177.99,53.54,0,No Failure,168.1,74.5
H,88.95,-23.33,-71.57,25.77,236.33,72.46,0,No Failure,166.3,73.9
M,64.0,-24.93,-76.46,25.27,187.48,58.8,0,No Failure,137.4,63.7
H,125.13,-17.8,-71.46,24.28,227.08,62.99,0,No Failure,198.0,85.1
L,,-9.65,-70.32,25.42,168.57,60.71,0,No Failure,139.4,64.4
M,132.63,-50.92,-65.79,26.69,241.26,44.04,0,No Failure,164.6,73.3
L,73.79,-10.78,-68.89,21.66,197.33,69.89,0,No Failure,152.2,68.9
L,127.58,-17.63,-56.7,31.02,210.37,48.11,0,No Failure,165.4,73.6
L,134.73,-23.42,-64.88,24.13,259.68,66.0,0,No Failure,154.8,69.8
L,93.51,-16.12,-70.99,29.98,192.34,57.23,0,No Failure,190.7,82.5
L,131.4,-31.72,-76.25,24.45,201.21,76.66,0,No Failure,126.9,60.0
L,112.11,-25.4,-67.25,20.31,219.49,71.46,0,No Failure,176.6,77.5
L,124.11,-18.1,-67.76,27.79,163.59,59.92,0,No Failure,192.9,83.3
L,110.99,-15.93,-57.62,21.92,210.03,51.47,0,No Failure,167.0,74.1
M,126.61,-23.22,-74.19,25.68,226.95,55.12,0,No Failure,173.0,76.3
M,104.78,-13.71,-79.29,37.49,186.83,74.89,0,No Failure,131.1,61.4
M,137.05,-20.19,-57.58,25.1,195.97,50.79,0,No Failure,149.3,67.9
L,121.39,-14.81,-61.31,31.21,201.24,70.37,0,No Failure,177.1,77.7
L,124.08,-20.64,-63.02,21.41,168.24,73.23,0,No Failure,143.4,65.8
M,131.28,-6.25,-63.83,23.52,218.39,58.56,0,No Failure,163.0,72.7
H,81.87,-23.01,-61.56,31.81,203.28,36.05,0,No Failure,136.0,63.2
M,87.64,-28.56,-73.17,29.81,277.47,40.4,0,No Failure,110.9,54.3
M,95.97,-20.99,-68.73,32.67,235.84,74.92,0,No Failure,176.8,77.6
M,104.78,-32.15,-68.68,29.93,230.83,70.31,0,No Failure,173.6,76.5
L,172.82,-14.61,-70.87,40.88,211.76,,0,No Failure,117.9,56.7
M,111.59,-26.33,-65.3,25.75,192.76,53.03,0,No Failure,175.8,77.3
M,110.09,-21.21,-73.62,18.2,267.08,77.25,0,No Failure,130.6,61.3
L,79.22,-24.9,-82.59,30.51,190.63,86.05,0,No Failure,106.1,52.6
M,76.71,-18.83,-69.98,33.72,215.76,56.83,0,No Failure,186.3,81.0
M,93.61,-24.9,-68.79,22.01,196.21,49.2,0,No Failure,159.8,71.6
L,107.31,-13.74,-71.36,34.42,178.77,63.32,0,No Failure,176.0,77.4
M,187.32,-25.03,-69.84,19.41,244.95,41.54,0,No Failure,93.4,48.1
M,101.24,-34.03,-80.76,32.31,229.48,71.18,0,No Failure,136.6,63.4
M,94.03,-25.49,-64.97,31.73,236.56,54.7,0,No Failure,168.7,74.8
M,113.59,-17.36,-66.5,-4.71,187.26,83.54,0,No Failure,172.0,75.9
L,108.46,-29.44,-68.89,25.08,222.66,65.13,0,No Failure,188.6,81.8
L,76.39,,-69.13,28.35,239.18,60.56,0,No Failure,179.0,78.4
M,83.79,-19.35,-61.91,26.22,196.59,64.25,0,No Failure,180.8,79.0
L,153.66,-37.2,-72.64,22.08,235.64,63.4,0,No Failure,116.3,56.2
M,99.26,-12.74,-67.8,28.84,160.33,62.09,0,No Failure,184.5,80.4
M,89.22,-10.65,-91.41,32.45,203.45,80.96,0,No Failure,150.7,68.4
L,59.14,-33.77,-68.57,25.45,234.13,107.9,0,No Failure,126.7,59.9
L,99.51,-16.4,-65.59,29.33,238.3,65.36,0,No Failure,200.7,86.1
L,57.08,-19.96,-58.56,21.01,192.04,58.99,0,No Failure,132.3,61.9
L,120.97,-15.4,-76.79,32.95,212.41,63.58,0,No Failure,184.4,80.3
H,62.76,-12.1,-66.94,,231.63,79.05,0,No Failure,144.4,66.1
L,87.63,-37.19,-66.18,24.85,228.26,48.51,0,No Failure,133.8,62.4
L,126.2,-17.08,-67.73,27.08,225.41,70.62,0,No Failure,202.9,86.9
M,60.25,-27.12,-61.34,30.32,227.0,61.89,0,No Failure,152.9,69.1
M,67.93,-20.94,-74.85,37.08,188.84,71.16,0,No Failure,130.0,61.0
H,96.15,-18.34,-90.9,29.68,187.29,59.24,0,No Failure,201.0,86.2
L,98.67,-17.2,-73.24,29.36,206.71,59.03,0,No Failure,204.0,87.2
L,150.71,-15.53,-75.7,26.98,243.91,48.53,0,No Failure,143.5,65.8
L,103.36,-17.98,-66.61,24.17,183.3,49.44,0,No Failure,180.6,79.0
M,150.15,-21.46,-65.52,26.8,202.53,58.9,0,No Failure,180.5,78.9
M,120.41,-5.64,-64.86,25.16,224.98,64.96,0,No Failure,173.3,76.4
M,128.54,-18.29,-65.71,24.54,190.95,50.37,0,No Failure,176.7,77.6
H,105.48,-2.31,-70.22,31.56,216.64,54.93,0,No Failure,171.5,75.8
L,127.02,-20.71,-72.56,22.57,238.2,62.05,0,No Failure,176.8,77.6
H,99.73,-20.26,-68.01,39.23,237.55,55.09,0,No Failure,170.6,75.4
M,110.2,-17.73,-67.99,33.26,196.15,53.24,0,No Failure,200.2,85.9
M,144.5,-14.08,-72.23,20.2,280.9,68.81,0,No Failure,119.7,57.4
H,110.29,-26.56,-70.56,21.05,194.32,59.99,0,No Failure,173.1,76.3
L,130.89,-30.73,-58.75,28.77,244.69,45.91,0,No Failure,126.7,59.9
M,127.39,-13.07,-67.17,23.91,226.19,56.63,0,No Failure,185.1,80.6
L,127.79,-17.95,-73.28,33.1,264.35,69.99,0,No Failure,157.3,70.7
H,99.84,-22.95,-65.51,37.39,242.64,53.28,0,No Failure,157.1,70.6
M,90.87,-16.89,-68.69,34.97,168.43,51.91,0,No Failure,159.4,71.4
L,84.27,-12.74,-68.81,28.77,194.35,70.27,0,No Failure,182.1,79.5
L,123.87,-19.18,-65.78,29.54,194.22,79.7,0,No Failure,180.0,78.8
L,141.7,-18.63,-61.64,22.59,239.11,60.27,0,No Failure,164.3,73.2
L,143.52,-8.73,-68.73,22.28,178.96,64.27,0,No Failure,148.2,67.5
M,93.28,-24.02,-61.16,28.1,205.56,44.04,0,No Failure,162.0,72.4
H,120.41,-13.3,-63.24,24.95,201.65,82.77,0,No Failure,159.0,71.3
L,109.37,-9.05,-68.86,25.15,243.12,63.53,0,No Failure,185.3,80.6
L,106.59,-17.77,-67.98,30.64,229.15,63.21,0,No Failure,220.0,92.9
L,87.76,-27.21,-71.15,32.52,252.19,49.65,0,No Failure,140.6,64.8
M,145.28,-0.38,-75.65,33.13,214.07,76.66,0,No Failure,115.8,56.0
L,178.29,-20.06,-69.03,23.48,197.41,49.89,0,No Failure,142.7,65.5
L,134.69,-15.81,-55.05,25.66,180.13,54.46,0,No Failure,141.3,65.0
M,103.82,-24.28,-66.04,26.97,187.05,53.85,0,No Failure,181.2,79.2
M,170.51,-15.7,-68.35,20.28,252.19,65.93,0,No Failure,139.2,64.3
M,110.44,-11.9,-71.07,23.6,207.09,52.27,0,No Failure,182.1,79.5
M,75.01,-19.06,-59.95,27.59,267.68,59.1,0,No Failure,152.4,69.0
H,96.71,-18.53,-69.52,36.55,184.27,59.24,0,No Failure,178.0,78.0
L,125.23,-16.22,-64.86,22.49,217.78,50.6,0,No Failure,180.0,78.8
H,119.65,-25.02,-63.5,31.56,214.52,71.85,0,No Failure,179.8,78.7
M,119.15,-27.92,-63.89,27.09,234.5,53.57,0,No Failure,169.6,75.1
L,72.22,-19.82,-58.52,30.21,271.0,66.32,0,No Failure,138.2,63.9
H,128.96,-10.14,-63.52,21.33,170.65,83.28,0,No Failure,115.4,55.9
L,114.94,-20.05,-69.62,22.95,236.16,54.13,0,No Failure,185.7,80.8
M,45.0,-15.61,-71.83,55.59,226.26,70.01,0,No Failure,154.5,69.7
L,136.97,-28.13,-71.6,26.12,233.59,42.68,0,No Failure,140.3,64.7
M,104.81,-11.68,-65.33,29.52,228.58,66.45,0,No Failure,195.7,84.3
L,123.69,-11.51,-56.23,22.38,276.41,79.23,0,No Failure,100.7,50.7
H,85.25,-22.31,-62.17,33.29,193.34,72.72,0,No Failure,153.2,69.2
L,101.17,-22.39,-60.72,22.56,230.1,75.73,0,No Failure,155.7,70.1
M,87.98,-21.58,-62.86,37.55,167.52,69.03,0,No Failure,135.0,62.8
L,248.64,,-58.51,26.0,252.7,47.29,0,No Failure,154.7,69.8
L,98.77,-19.62,-64.23,40.52,233.62,72.72,0,No Failure,154.1,69.6
L,88.06,-21.39,-77.89,21.75,180.17,,0,No Failure,141.9,65.3
L,110.73,-19.19,-66.12,26.24,213.78,66.48,0,No Failure,217.2,91.9
M,136.76,-25.97,-57.69,23.5,,67.06,0,No Failure,131.6,61.6
H,82.71,-14.71,-72.86,28.16,210.96,46.37,0,No Failure,174.0,76.6
M,109.12,-4.07,-66.66,40.18,215.68,57.36,0,No Failure,158.3,71.1
M,55.23,-15.6,-63.83,23.35,333.73,53.88,0,No Failure,144.9,66.3
L,98.54,-21.46,-67.99,29.49,186.41,67.03,0,No Failure,195.8,84.4
L,57.48,-22.75,,23.32,270.09,49.71,0,No Failure,125.1,59.3
M,95.57,-27.91,-74.39,27.04,213.15,76.28,0,No Failure,161.9,72.4
M,127.93,-16.85,-74.72,21.89,245.31,71.53,0,No Failure,153.8,69.5
H,119.63,-14.65,-70.21,31.96,192.27,59.46,0,No Failure,190.9,82.6
L,132.33,-19.25,-68.89,29.99,177.55,64.96,0,No Failure,187.7,81.5
M,135.03,-13.52,-78.46,20.05,229.29,72.14,0,No Failure,133.9,62.4
L,72.98,-9.65,-68.75,21.35,195.91,75.78,0,No Failure,138.9,64.2
L,94.04,-31.45,-64.19,26.5,189.05,71.52,0,No Failure,149.8,68.0
H,113.74,-20.68,-67.09,26.56,265.36,53.83,0,No Failure,179.6,78.6
L,143.62,-19.86,-70.68,29.4,192.76,63.25,0,No Failure,187.4,81.4
L,129.4,-21.3,-64.03,23.63,178.19,60.49,0,No Failure,168.2,74.6
L,59.99,-16.35,-51.85,30.75,220.58,49.85,0,No Failure,130.0,61.1
L,76.15,-17.78,-61.34,24.86,171.68,44.1,0,No Failure,134.6,62.7
M,90.45,-23.47,-71.47,27.87,197.11,57.53,0,No Failure,184.5,80.4
L,120.99,-30.83,-71.01,27.75,205.48,68.4,0,No Failure,175.3,77.1
L,109.17,-20.74,-63.21,28.72,239.81,71.61,0,No Failure,189.6,82.1
M,45.0,-12.62,-67.47,26.32,216.96,63.63,0,No Failure,171.7,75.8
L,71.58,-19.68,-64.73,34.48,240.85,49.68,0,No Failure,149.0,67.8
H,133.8,-28.43,-63.22,25.34,227.87,70.18,0,No Failure,155.7,70.2
L,81.42,-8.4,-68.15,35.92,203.85,56.81,0,No Failure,159.6,71.5
H,121.71,-14.37,-65.65,22.21,195.16,67.42,0,No Failure,177.3,77.8
M,234.52,-22.01,-69.2,32.33,233.49,56.59,0,No Failure,186.8,81.2
M,102.43,-17.17,-59.72,27.78,193.46,66.75,0,No Failure,187.7,81.5
L,76.04,-14.79,-60.65,30.81,222.54,78.1,0,No Failure,154.0,69.6
L,88.7,-15.66,-72.56,26.3,225.88,64.04,0,No Failure,191.0,82.7
L,138.65,-18.28,-68.12,21.83,204.46,60.14,0,No Failure,190.2,82.3
H,109.55,-16.25,-58.48,28.86,190.69,54.94,0,No Failure,182.8,79.7
L,111.55,-17.32,-80.96,34.09,172.3,64.1,0,No Failure,155.0,69.9
L,65.1,-17.46,-63.62,28.43,194.55,67.25,0,No Failure,176.2,77.4
L,106.8,-13.57,-65.9,24.17,202.41,72.31,0,No Failure,185.1,80.6
H,115.44,-46.7,-70.25,32.0,196.46,53.68,0,No Failure,192.3,83.1
H,97.19,-25.62,-65.11,25.8,240.58,58.61,0,No Failure,175.7,77.2
L,100.62,-20.2,-70.62,21.3,239.71,63.95,0,No Failure,180.9,79.1
M,121.59,-21.62,-58.35,27.52,197.36,40.54,0,No Failure,151.6,68.7
L,124.55,-23.71,-61.59,31.93,193.74,70.71,0,No Failure,162.2,72.5
L,73.38,-22.27,-45.81,26.89,210.5,80.46,0,No Failure,122.5,58.4
M,110.85,-19.21,-71.58,31.0,203.99,55.5,0,No Failure,202.7,86.8
M,86.62,-16.17,-58.4,28.18,213.6,81.19,0,No Failure,163.6,73.0
M,125.48,-21.03,-67.67,19.06,195.56,52.06,0,No Failure,165.8,73.7
L,,-9.25,-70.19,31.88,151.4,57.61,0,No Failure,136.0,63.2
L,113.01,-9.08,-60.8,26.09,198.93,129.72,0,No Failure,172.8,76.2
L,137.15,-9.95,-71.43,20.43,268.38,50.54,1,Compressor High-Head Trip,9.5,11.9
M,81.0,-11.23,-60.82,31.46,222.01,61.49,0,No Failure,170.0,75.2
H,88.04,-12.73,-70.01,21.72,240.56,60.32,0,No Failure,167.8,74.4
L,106.43,-16.64,-70.66,24.33,202.08,86.08,0,No Failure,171.1,75.6
L,79.95,-10.48,-64.05,19.55,250.29,54.85,0,No Failure,130.9,61.4
L,147.4,-20.17,-69.93,37.46,179.82,69.45,0,No Failure,144.3,66.1
M,101.69,-14.38,-70.15,41.2,212.87,68.11,0,No Failure,170.3,75.3
H,84.19,-19.72,-65.4,28.46,247.68,50.38,0,No Failure,174.2,76.7
L,111.78,-15.73,-71.08,26.96,224.79,53.59,0,No Failure,201.7,86.4
M,135.89,-19.54,-72.75,25.47,199.9,73.77,0,No Failure,170.1,75.3
H,129.27,16.98,-75.06,30.02,218.9,58.03,0,No Failure,186.9,81.2
M,119.35,-14.15,-68.01,31.03,211.11,69.73,0,No Failure,202.8,86.8
M,121.51,-16.86,-67.23,26.59,195.33,71.94,0,No Failure,195.0,84.0
M,117.37,-12.58,-58.91,34.74,186.98,66.6,0,No Failure,153.5,69.4
H,145.69,-34.26,-75.93,30.1,228.04,63.19,0,No Failure,139.6,64.4
M,102.31,-13.69,-59.2,30.5,213.73,53.39,0,No Failure,180.5,78.9
L,115.66,-19.88,-70.73,27.69,188.98,66.43,0,No Failure,199.1,85.5
M,105.4,-17.61,-60.31,20.01,223.17,74.77,0,No Failure,165.0,73.4
L,109.05,-21.25,-68.08,25.26,197.99,61.28,0,No Failure,209.7,89.3
L,143.91,-9.72,-65.35,33.87,260.35,81.54,1,Compressor High-Head Trip,8.4,11.4
L,92.02,-30.53,-58.09,-6.78,230.09,52.94,0,No Failure,126.9,60.0
M,119.49,-17.09,-64.88,34.32,187.78,,0,No Failure,182.4,79.6
L,126.31,-22.7,-70.28,16.47,222.1,54.23,0,No Failure,158.6,71.2
L,132.55,-11.8,-62.15,32.86,224.42,69.91,0,No Failure,162.9,72.7
M,90.39,-18.19,-69.21,32.32,236.29,40.28,0,No Failure,166.7,74.0
L,143.1,-2.89,-71.92,30.2,224.01,80.83,0,No Failure,131.8,61.7
M,-10.13,-18.68,-58.03,30.05,191.23,55.66,0,No Failure,179.9,78.7
M,98.27,-16.61,-69.06,37.84,184.74,83.52,0,No Failure,147.2,67.1
L,125.18,-24.4,-56.34,27.96,233.46,85.6,0,No Failure,134.6,62.7
H,96.66,-15.37,-74.24,35.09,234.48,43.58,0,No Failure,148.4,67.6
M,149.94,-16.05,-67.97,20.89,229.58,63.64,0,No Failure,173.7,76.5
L,108.65,-23.58,-65.39,22.52,203.02,69.25,0,No Failure,181.8,79.4
M,175.15,-16.98,-56.21,28.11,223.03,63.59,1,Vacuum Seal Micro-Leak,8.2,24.2
L,138.2,-14.12,-68.27,33.23,219.74,50.67,0,No Failure,177.0,77.7
M,90.43,-19.12,-72.4,22.72,216.44,52.93,0,No Failure,180.2,78.8
M,77.57,-28.75,-82.96,30.28,255.15,73.52,0,No Failure,103.7,51.7
L,114.26,-22.17,-60.64,32.81,223.47,55.25,0,No Failure,178.3,78.1
H,69.75,-12.03,-65.5,19.01,216.95,73.24,0,No Failure,144.8,66.3
M,147.3,-11.62,-63.97,16.57,247.25,,0,No Failure,108.2,53.3
L,112.68,-14.03,-65.35,29.69,282.09,54.72,0,No Failure,165.6,73.7
L,127.42,-24.42,-74.87,26.65,221.19,52.82,0,No Failure,170.8,75.5
M,77.91,-11.89,-62.49,28.05,203.85,82.54,0,No Failure,150.2,68.2
H,85.57,-24.72,-66.08,30.22,215.38,69.42,0,No Failure,185.6,80.7
H,75.91,-15.7,-58.85,0.96,177.64,57.85,0,No Failure,151.6,68.7
M,151.5,-16.12,-72.51,23.67,223.01,84.56,0,No Failure,142.7,65.5
H,102.39,-24.58,-69.98,21.5,214.74,59.48,0,No Failure,187.9,81.5
M,167.93,-14.27,-62.69,26.2,242.46,75.74,0,No Failure,133.6,62.3
M,116.63,-23.64,-69.21,32.07,176.99,65.97,0,No Failure,178.2,78.1
L,117.8,-28.57,-68.42,,216.08,54.45,0,No Failure,189.9,82.3
M,104.15,-32.42,-52.83,18.43,263.13,40.9,0,No Failure,67.5,38.9
L,75.46,-19.81,-70.35,36.08,,46.78,1,Agitator Mechanical Drag,1.7,25.7
L,61.86,-20.07,-69.17,31.53,219.18,45.62,0,No Failure,163.9,73.0
L,128.4,-14.2,-101.94,22.81,235.38,57.38,0,No Failure,170.7,75.5
L,,-14.46,-77.34,29.89,218.78,61.53,0,No Failure,193.8,83.6
L,83.59,-18.31,-71.13,30.69,222.5,57.88,0,No Failure,195.7,84.3
L,83.78,8.49,-67.39,27.88,209.28,48.38,0,No Failure,177.3,77.8
H,179.26,-11.8,-59.92,35.44,220.0,71.66,0,No Failure,135.8,63.1
H,131.85,-23.34,-64.83,32.13,249.25,70.6,0,No Failure,158.7,71.2
L,101.94,-22.77,-59.64,20.85,212.59,56.56,0,No Failure,166.9,74.1
M,91.87,-24.97,-75.88,35.44,181.86,64.22,0,No Failure,144.1,66.0
L,108.61,-5.03,-64.13,21.55,227.13,63.55,0,No Failure,165.4,73.6
M,157.99,-16.05,-72.11,26.45,199.33,57.91,0,No Failure,170.0,75.2
L,97.54,-17.72,-81.76,24.53,234.37,43.18,0,No Failure,141.6,65.1
M,115.44,-9.56,-66.22,29.5,183.97,66.68,0,No Failure,181.7,79.4
H,129.82,-21.52,-65.08,17.04,211.66,56.14,0,No Failure,164.2,73.2
H,135.66,-21.04,-50.9,27.6,,84.53,0,No Failure,125.6,59.5
L,92.92,-17.7,-74.74,26.8,213.34,65.61,0,No Failure,197.8,85.1
L,101.38,-7.18,-73.92,30.25,172.26,59.96,0,No Failure,156.6,70.5
L,,-26.66,-71.19,20.29,193.14,72.17,0,No Failure,146.8,67.0
M,143.07,-12.34,-64.34,31.2,221.79,49.48,0,No Failure,163.2,72.8
L,83.6,-23.01,-78.94,26.77,,67.33,0,No Failure,155.3,70.0
M,62.77,-18.64,-77.15,27.34,200.37,45.61,0,No Failure,145.3,66.4
M,109.39,-14.73,-75.43,24.03,,57.12,0,No Failure,175.8,77.3
H,131.54,-12.02,-69.73,36.1,232.5,53.7,0,No Failure,159.9,71.6
L,98.07,-11.38,-70.78,29.39,201.23,68.32,0,No Failure,187.7,81.5
L,133.9,-19.3,-74.98,36.58,238.44,43.26,1,Agitator Mechanical Drag,5.5,17.8
M,104.82,-24.07,-69.82,20.87,163.1,50.73,0,No Failure,144.8,66.3
M,97.33,-0.43,-69.69,20.66,169.47,73.52,0,No Failure,114.7,55.6
H,107.16,-11.18,-62.74,25.59,217.35,49.2,0,No Failure,177.8,78.0
H,-25.6,-10.48,-73.31,37.02,220.34,68.89,0,No Failure,153.5,69.4
L,64.13,-24.2,,21.06,231.26,64.41,0,No Failure,139.9,64.5
L,90.21,-18.39,-57.24,28.02,223.2,60.03,0,No Failure,186.8,81.1
L,154.88,-16.93,-57.24,37.82,219.37,67.18,1,Vacuum Seal Micro-Leak,12.6,19.2
M,109.76,-30.21,-68.75,27.18,234.36,71.61,0,No Failure,177.8,78.0
H,121.36,-13.79,-80.62,35.56,231.3,73.34,0,No Failure,139.0,64.2
H,144.47,-17.53,-67.42,26.29,224.32,56.57,0,No Failure,193.8,83.6
M,110.26,-22.62,-60.04,29.72,238.71,72.53,0,No Failure,172.8,76.2
L,114.13,-22.11,-70.13,33.28,204.05,134.49,0,No Failure,177.0,77.7
L,123.79,-16.53,-69.48,37.92,187.97,77.25,0,No Failure,155.3,70.0
H,106.18,-13.46,-74.38,26.18,235.59,50.65,0,No Failure,172.4,76.0
M,117.94,-17.14,-69.86,22.75,256.51,74.82,0,No Failure,165.6,73.6
H,95.94,-26.89,-63.51,14.25,239.9,50.79,0,No Failure,120.9,57.8
L,125.6,-18.07,-60.88,27.86,215.87,37.53,0,No Failure,171.7,75.8
L,117.77,-14.67,-67.45,30.91,157.38,60.22,0,No Failure,179.7,78.6
M,80.09,-18.18,-62.05,31.74,200.66,65.18,0,No Failure,179.8,78.7
L,113.17,-22.36,-73.05,22.62,199.65,51.98,0,No Failure,171.1,75.6
M,103.61,-20.17,-70.9,33.78,204.69,63.49,0,No Failure,197.6,85.0
L,129.49,-23.42,-62.04,26.52,237.69,66.03,0,No Failure,171.3,75.7
H,148.94,-25.39,-70.22,32.38,200.36,56.52,0,No Failure,160.8,71.9
H,127.87,-8.09,-71.12,24.06,228.72,64.0,0,No Failure,170.1,75.2
L,45.0,-22.5,-62.79,27.85,239.08,65.01,0,No Failure,150.0,68.1
H,69.08,-3.68,-59.7,35.24,196.26,72.46,0,No Failure,107.1,52.9
H,125.28,-10.13,-76.92,23.74,241.48,73.46,0,No Failure,138.2,63.9
L,104.82,-14.61,-63.4,27.77,215.81,72.58,0,No Failure,197.4,84.9
L,99.02,-17.0,-73.03,28.1,236.36,63.35,0,No Failure,200.0,85.8
H,137.85,-15.64,-61.78,27.32,242.28,57.12,0,No Failure,171.0,75.5
L,94.29,-11.87,-75.22,29.63,225.01,70.92,0,No Failure,171.9,75.9
M,95.18,-11.63,-60.43,24.52,246.46,65.38,0,No Failure,157.0,70.6
H,157.43,-13.79,-67.83,37.23,189.45,53.7,0,No Failure,142.9,65.6
M,153.92,-1.17,-60.47,33.06,184.13,56.54,1,Vacuum Seal Micro-Leak,6.3,8.1
L,118.73,-20.1,-73.2,31.14,173.17,66.32,0,No Failure,174.5,76.8
L,92.71,-26.98,-45.15,21.18,194.63,59.45,0,No Failure,149.8,68.1
H,146.08,-17.34,-64.99,30.08,166.72,66.31,0,No Failure,165.2,73.5
H,144.77,-11.83,-71.86,22.65,183.33,58.98,0,No Failure,149.1,67.8
L,104.39,-19.69,-87.75,30.8,182.58,53.71,0,No Failure,145.0,66.4
M,84.4,-9.44,-66.08,30.44,265.3,69.59,1,Compressor High-Head Trip,11.6,22.6
L,129.38,-13.24,-70.58,26.35,110.17,56.02,0,No Failure,175.0,77.0
L,90.06,-23.16,-76.68,34.41,238.19,80.43,0,No Failure,130.8,61.3
L,149.59,-16.39,-82.93,,227.64,58.45,0,No Failure,138.5,64.0
L,96.55,14.1,-57.48,30.13,239.16,42.18,0,No Failure,151.6,68.7
M,121.64,-12.89,-62.08,31.21,200.28,45.99,0,No Failure,162.7,72.6
M,74.89,-18.33,-65.19,34.6,236.82,61.18,0,No Failure,174.6,76.9
H,126.09,-18.64,-92.06,28.95,219.17,72.43,0,No Failure,190.1,82.3
H,143.54,-21.91,-74.42,20.93,287.41,57.88,0,No Failure,116.5,56.2
L,125.46,-20.04,-63.88,23.1,215.07,54.4,0,No Failure,185.6,80.7
L,105.35,-14.82,,25.52,190.75,53.19,0,No Failure,184.9,80.5
M,94.36,-16.54,-64.41,25.8,187.41,54.04,0,No Failure,179.2,78.5
L,75.88,-7.52,-58.68,36.26,235.76,69.95,0,No Failure,117.5,56.6
L,136.46,-21.71,-64.11,,161.49,56.59,0,No Failure,150.2,68.2
L,125.73,-18.81,-63.55,31.83,223.35,79.16,0,No Failure,174.9,76.9
M,92.44,-10.57,-70.2,31.34,256.02,69.09,0,No Failure,159.7,71.5
L,114.54,-7.99,-60.95,27.22,230.02,10.34,0,No Failure,171.8,75.9
L,122.51,-14.13,-76.21,25.06,214.39,60.21,0,No Failure,185.9,80.8
L,76.7,-22.6,-61.08,37.91,163.07,75.84,0,No Failure,106.3,52.7
H,123.35,-25.25,-56.74,38.01,226.25,52.87,0,No Failure,132.7,62.0
H,152.29,-21.63,-66.43,33.02,227.05,65.55,0,No Failure,172.1,75.9
M,67.39,-7.83,-83.07,23.92,188.47,67.53,0,No Failure,106.5,52.7
L,136.63,-20.99,-73.13,30.56,164.37,-10.93,0,No Failure,136.1,63.2
H,119.39,-14.14,,34.51,199.33,54.26,0,No Failure,178.3,78.1
M,124.31,-20.55,-74.99,31.53,215.53,49.72,0,No Failure,177.4,77.8
L,107.31,-27.59,-68.07,20.45,237.17,,0,No Failure,171.6,75.8
L,77.17,-20.79,-67.03,32.51,179.16,76.99,0,No Failure,152.4,69.0
L,125.56,-18.14,-70.96,32.15,244.52,62.48,0,No Failure,191.0,82.7
L,99.15,-16.81,-74.36,34.8,247.51,81.87,0,No Failure,144.0,66.0
H,65.38,-4.89,-75.55,29.2,192.38,75.62,0,No Failure,121.3,58.0
L,122.82,-18.8,-69.1,27.69,200.5,73.96,0,No Failure,197.6,85.0
M,167.57,-34.4,-72.03,31.44,237.38,62.71,0,No Failure,126.3,59.7
L,80.28,-25.26,-62.47,32.89,187.19,64.86,0,No Failure,152.3,68.9
M,113.12,-23.23,-71.65,18.91,186.12,72.96,0,No Failure,151.7,68.7
L,95.9,-18.5,-64.85,35.59,208.46,71.52,0,No Failure,181.0,79.1
H,108.64,-9.24,-74.73,22.34,215.76,66.33,0,No Failure,173.2,76.4
L,95.94,-13.34,-66.06,17.43,219.45,70.63,0,No Failure,164.4,73.2
M,122.82,-11.61,-78.75,32.15,201.4,86.29,0,No Failure,131.2,61.4
M,86.69,-17.94,-64.35,23.01,263.4,76.87,0,No Failure,146.0,66.7
L,114.59,-21.81,-62.48,29.14,203.92,52.51,0,No Failure,189.7,82.2
L,144.88,-16.61,-66.97,22.29,210.24,68.91,0,No Failure,178.4,78.2
L,96.91,-10.81,-60.77,32.34,213.5,114.87,0,No Failure,170.8,75.5
M,104.75,-22.81,-61.38,24.42,180.77,49.94,0,No Failure,155.2,70.0
H,117.58,-15.06,-72.71,26.61,216.31,66.46,0,No Failure,201.6,86.4
M,130.31,-14.68,-70.55,36.66,208.97,55.44,0,No Failure,172.9,76.2
H,121.7,-20.38,-76.2,29.84,168.51,42.63,0,No Failure,142.8,65.6
M,136.64,-24.85,-64.81,26.56,194.25,49.82,0,No Failure,160.1,71.7
H,147.63,-14.8,-69.64,23.34,218.28,61.85,0,No Failure,184.4,80.3
L,132.07,17.43,-59.22,29.79,219.38,68.56,0,No Failure,184.3,80.3
M,91.72,-13.13,-63.06,31.83,225.14,66.73,0,No Failure,178.8,78.3
H,127.54,,-80.2,40.7,234.7,43.08,1,Agitator Mechanical Drag,8.0,5.8
M,98.43,-13.74,-77.52,26.6,210.29,67.66,0,No Failure,178.6,78.2
L,88.71,-18.55,-74.22,32.19,186.51,55.03,0,No Failure,168.3,74.6
L,108.87,-21.38,-66.82,23.4,223.44,65.82,0,No Failure,201.2,86.3
M,83.51,-14.63,-63.95,31.66,222.43,62.26,0,No Failure,188.2,81.7
L,115.58,-26.52,-67.26,28.64,205.14,62.52,0,No Failure,206.0,88.0
M,122.34,-15.2,-63.73,32.82,269.04,64.16,0,No Failure,163.4,72.9
L,143.22,-27.16,-70.38,31.05,228.01,64.94,0,No Failure,168.6,74.7
H,147.78,-11.15,-73.88,28.53,166.81,66.74,0,No Failure,145.1,66.4
H,119.44,-16.13,-26.21,25.9,240.88,45.08,0,No Failure,151.0,68.5
M,83.06,-19.28,-51.96,22.54,264.32,61.5,0,No Failure,125.2,59.4
M,82.35,-16.89,-69.73,19.77,201.75,64.03,0,No Failure,176.1,77.4
L,95.0,-23.2,-33.45,30.62,206.02,45.58,0,No Failure,170.6,75.4
M,98.21,-22.16,-63.65,31.58,217.73,67.84,0,No Failure,190.2,82.4
M,94.75,-17.39,-58.28,36.21,229.45,62.31,0,No Failure,168.4,74.7
H,92.64,-11.98,-77.37,27.64,228.32,69.33,0,No Failure,166.2,73.9
L,79.64,-20.85,-63.92,28.09,250.66,88.28,0,No Failure,140.1,64.6
M,106.39,-27.5,-64.87,20.29,159.17,69.53,0,No Failure,135.0,62.8
H,121.21,-26.92,-65.6,36.61,218.46,49.02,1,Agitator Mechanical Drag,2.4,26.0
M,85.16,-33.36,-73.95,34.53,208.77,55.5,0,No Failure,137.4,63.7
L,89.28,-20.55,-65.86,,214.41,66.09,0,No Failure,183.5,80.0
L,90.33,-26.22,-58.76,35.77,223.58,53.15,0,No Failure,140.7,64.8
M,139.94,18.37,-61.42,28.63,202.9,71.52,0,No Failure,179.4,78.5
L,128.29,-11.75,-66.42,28.09,218.39,69.96,0,No Failure,193.2,83.4
L,83.07,-17.96,-66.36,32.53,234.48,60.14,0,No Failure,190.3,82.4
M,113.1,-27.46,-74.49,27.79,167.56,68.63,0,No Failure,155.7,70.2
H,144.11,-23.1,-76.02,36.41,261.27,68.22,0,No Failure,120.7,57.8
H,77.13,-25.35,-69.12,25.59,206.44,66.65,0,No Failure,175.9,77.3
L,97.87,-28.9,-70.1,14.19,230.55,64.35,0,No Failure,142.3,65.4
H,120.49,-12.88,-60.17,28.1,232.07,75.69,0,No Failure,167.2,74.2
L,98.76,-21.77,-71.9,26.56,215.32,75.73,0,No Failure,186.3,81.0
M,121.57,-15.55,-72.63,23.42,187.1,64.55,0,No Failure,177.0,77.7
H,139.96,-16.61,-74.28,24.03,212.69,66.79,0,No Failure,177.1,77.7
M,110.49,-25.49,-63.6,23.51,213.11,52.37,0,No Failure,178.6,78.2
H,130.87,-13.96,-60.04,22.58,214.38,68.51,0,No Failure,166.1,73.8
L,96.57,-6.74,-67.87,36.12,213.99,94.7,0,No Failure,131.3,61.5
H,134.68,-21.45,-57.59,33.59,252.08,43.43,0,No Failure,120.8,57.8
M,92.84,-14.53,-65.9,22.64,214.75,69.0,0,No Failure,185.9,80.8
H,128.29,-15.48,-79.64,32.34,236.95,70.55,0,No Failure,151.7,68.7
M,154.44,-9.42,-58.89,28.17,238.41,80.44,1,Vacuum Seal Micro-Leak,4.4,13.2
M,104.77,-2.16,-69.76,25.74,212.83,60.07,0,No Failure,180.0,78.8
M,56.94,-20.93,-68.49,29.61,209.41,57.28,0,No Failure,182.4,79.6
H,78.23,-26.47,-66.63,34.21,197.37,77.29,0,No Failure,143.5,65.8
M,124.9,-15.29,-65.35,29.36,183.01,51.77,0,No Failure,178.9,78.4
M,93.42,-12.46,-60.96,28.16,203.77,72.54,0,No Failure,172.6,76.1
L,152.78,-11.91,-63.64,21.58,217.23,66.67,0,No Failure,155.0,69.9
L,106.89,-26.5,-68.31,23.47,190.61,67.05,0,No Failure,178.3,78.2
M,127.23,-11.33,-79.94,32.22,196.76,58.4,0,No Failure,151.3,68.6
H,109.88,-19.33,-63.63,20.59,213.38,70.7,0,No Failure,186.6,81.1
M,67.54,-25.33,-66.72,27.03,220.55,46.81,0,No Failure,160.1,71.7
M,87.27,-15.52,-63.41,34.32,189.08,53.89,0,No Failure,160.4,71.8
M,85.39,-20.15,-70.59,26.55,205.59,58.72,0,No Failure,194.6,83.9
M,126.37,-9.67,-66.85,32.35,203.72,68.86,0,No Failure,176.6,77.5
M,136.89,-23.27,-71.72,26.41,199.69,62.06,0,No Failure,182.9,79.8
L,150.76,-16.57,-68.06,22.54,198.73,53.31,0,No Failure,168.2,74.6
L,107.34,-18.97,-77.8,17.45,216.72,62.01,0,No Failure,173.7,76.5
M,113.02,-19.28,-68.66,55.24,180.81,64.97,0,No Failure,204.2,87.3
M,90.6,-9.76,-105.54,36.16,,69.62,0,No Failure,140.9,64.9
M,118.29,-27.33,-71.28,2.28,253.05,65.58,0,No Failure,173.3,76.4
M,84.98,-17.07,-65.26,26.36,203.25,69.33,0,No Failure,189.0,81.9
H,126.47,-14.08,-69.37,28.45,235.9,64.49,0,No Failure,198.9,85.5
M,114.94,-22.94,-69.08,16.01,188.78,89.32,0,No Failure,127.2,60.1
L,114.74,-18.34,-61.93,25.42,205.36,51.37,0,No Failure,188.4,81.7
M,106.5,-26.53,-66.48,36.94,198.62,63.14,0,No Failure,174.8,76.9
L,125.77,-21.13,-65.35,26.26,234.47,64.47,0,No Failure,192.0,83.0
H,94.14,-13.01,-64.5,23.0,193.95,55.46,0,No Failure,168.1,74.5
M,58.96,-15.79,-74.69,22.65,211.63,68.38,0,No Failure,152.7,69.1
L,54.14,11.66,-66.88,28.58,245.34,67.14,0,No Failure,171.9,75.9
H,96.11,-18.75,-60.79,32.77,208.41,71.72,0,No Failure,177.6,77.9
M,225.94,-21.58,-75.98,24.91,229.89,61.34,0,No Failure,186.6,81.1
M,67.25,-14.22,-54.03,27.28,253.21,55.23,0,No Failure,126.5,59.8
M,137.14,-19.15,-62.29,33.68,200.87,49.84,0,No Failure,161.0,72.0
L,104.83,-23.21,-76.7,34.15,239.03,63.14,0,No Failure,165.9,73.7
M,68.28,-12.33,-61.4,23.8,236.22,48.12,0,No Failure,132.3,61.9
M,122.67,-18.05,-69.27,26.18,216.83,52.93,0,No Failure,206.5,88.1
H,140.82,-26.02,-75.83,33.67,234.67,52.35,0,No Failure,136.1,63.2
L,96.91,-13.78,-78.31,30.38,217.22,10.23,0,No Failure,177.3,77.8
H,127.21,-19.67,-52.04,26.59,230.38,61.12,0,No Failure,163.7,73.0
M,110.06,-22.43,-65.41,32.26,239.13,73.34,0,No Failure,179.0,78.4
M,94.01,-22.01,-65.62,17.13,264.6,40.98,0,No Failure,116.8,56.4
M,111.31,-9.15,-79.09,32.7,201.76,45.23,0,No Failure,141.3,65.0
L,62.18,-16.5,-62.31,25.37,202.41,54.58,0,No Failure,160.6,71.9
L,9.59,-23.42,-73.79,34.4,254.86,66.06,0,No Failure,139.9,64.5
L,112.65,-19.93,-78.35,18.38,203.57,89.01,0,No Failure,127.5,60.1
M,112.66,-11.94,,25.05,233.07,59.98,0,No Failure,187.4,81.4
M,107.33,-18.38,-56.23,30.63,219.02,79.61,0,No Failure,170.2,75.3
L,118.51,-17.99,-66.16,31.08,223.44,54.67,0,No Failure,205.4,87.8
H,45.0,-19.65,-44.46,25.56,247.49,53.41,0,No Failure,145.4,66.5
L,94.28,-17.95,-58.49,29.01,152.95,69.41,0,No Failure,152.6,69.1
H,90.8,-8.92,-58.48,24.48,217.4,60.96,0,No Failure,163.2,72.8
L,,-22.25,-68.67,28.21,211.26,64.2,0,No Failure,220.4,93.1
L,88.17,-21.44,-70.46,25.01,202.2,59.96,0,No Failure,188.6,81.8
M,119.17,-13.32,-74.58,30.63,207.13,64.15,0,No Failure,189.7,82.2
H,65.0,-13.7,-65.73,29.57,164.3,81.54,0,No Failure,130.2,61.1
L,90.65,-6.41,-66.57,35.21,201.44,76.1,0,No Failure,145.1,66.4
M,56.78,-18.98,-59.14,25.85,253.6,66.19,0,No Failure,139.6,64.5
M,146.78,-14.53,-68.3,22.19,226.73,60.17,0,No Failure,176.8,77.6
M,119.86,-32.63,-74.14,28.18,187.9,59.32,0,No Failure,155.7,70.2
M,140.26,-14.95,-64.81,28.44,229.86,47.13,0,No Failure,172.6,76.1
M,123.53,-17.89,-68.31,27.56,227.88,85.44,0,No Failure,184.9,80.5
L,150.1,-14.09,-77.9,33.3,178.72,63.56,0,No Failure,136.9,63.5
L,111.62,-7.39,-72.99,28.39,187.49,70.11,0,No Failure,169.9,75.2
L,110.31,-10.8,-71.99,28.46,160.87,72.28,0,No Failure,162.7,72.6
M,104.09,-24.24,-67.57,27.3,213.66,50.43,0,No Failure,198.2,85.2
L,128.83,-17.84,-83.02,16.4,202.75,47.42,0,No Failure,119.6,57.4
L,98.24,-28.9,-71.48,29.53,138.16,56.82,0,No Failure,137.8,63.8
L,142.38,-9.75,-68.04,22.93,200.73,78.11,0,No Failure,148.6,67.6
L,76.05,-3.06,-69.02,36.22,198.54,58.66,0,No Failure,139.0,64.2
L,103.46,-18.88,-69.51,29.74,256.49,61.39,0,No Failure,199.1,85.5
L,124.28,-4.97,-58.84,21.56,176.56,54.94,0,No Failure,117.8,56.7
M,105.54,-26.51,-74.39,29.91,197.1,51.02,0,No Failure,167.1,74.2
M,116.03,-7.88,-66.19,22.61,200.77,52.5,0,No Failure,165.4,73.6
M,111.13,-9.89,-70.31,26.36,235.54,72.73,0,No Failure,178.1,78.1
L,120.22,-18.08,-69.87,25.91,198.0,70.95,0,No Failure,196.4,84.6
M,131.01,-10.12,-77.85,32.27,187.54,61.14,0,No Failure,149.7,68.0
M,126.07,-16.95,-73.9,29.44,232.73,69.02,0,No Failure,186.4,81.0
L,116.03,-12.67,-66.83,31.59,246.88,74.83,0,No Failure,171.8,75.9
L,88.73,-22.24,-67.38,33.66,224.27,56.55,0,No Failure,184.2,80.2
L,106.64,-20.82,-61.24,32.53,354.81,49.34,0,No Failure,173.4,76.4
L,,-22.18,-69.08,27.08,215.18,64.44,0,No Failure,181.4,79.3
M,111.89,-24.51,-68.67,24.87,239.33,42.92,0,No Failure,167.0,74.1
L,104.9,-18.71,-74.3,25.69,234.71,66.45,0,No Failure,190.2,82.4
M,82.35,-24.29,-70.49,26.9,221.61,51.11,0,No Failure,174.4,76.8
M,113.81,-20.13,-57.91,22.69,222.0,49.87,0,No Failure,164.6,73.3
L,73.44,-23.82,-69.09,28.94,174.5,67.03,0,No Failure,164.7,73.3
L,,-22.39,-57.99,41.54,188.5,79.51,0,No Failure,118.1,56.8
M,105.02,-3.58,-66.48,24.09,207.49,61.86,0,No Failure,178.6,78.2
L,127.65,-13.88,-67.96,28.12,219.15,54.31,0,No Failure,203.1,86.9
M,109.24,-17.17,-68.22,17.91,204.09,78.34,0,No Failure,173.8,76.5
L,126.65,-16.66,-77.22,30.62,168.55,70.67,0,No Failure,152.5,69.0
M,77.9,-17.62,-55.02,31.87,236.47,62.88,0,No Failure,157.0,70.6
L,87.3,-12.28,-67.47,35.72,229.11,42.92,0,No Failure,150.7,68.4
M,130.02,-13.78,-75.27,30.46,162.08,78.73,0,No Failure,133.3,62.2
L,119.18,-13.14,-66.53,25.54,225.62,58.08,0,No Failure,196.5,84.6
L,0.46,-18.66,-74.5,24.5,351.26,47.47,0,No Failure,165.0,73.4
L,77.33,-20.24,-69.97,37.24,191.58,67.35,0,No Failure,158.2,71.0
H,109.35,-20.88,-76.96,33.55,195.24,57.15,0,No Failure,173.0,76.3
L,103.24,-23.02,-64.03,16.53,186.33,77.88,0,No Failure,134.6,62.7
L,99.26,-20.94,-63.49,26.91,213.63,43.37,0,No Failure,180.3,78.9
M,133.57,-14.39,-83.82,54.88,197.22,46.82,0,No Failure,129.3,60.8
H,74.96,-15.91,-68.47,28.74,188.23,78.48,0,No Failure,169.0,74.9
L,104.27,-24.71,-55.69,,234.1,60.24,0,No Failure,161.5,72.2
H,122.14,-16.4,-74.5,29.54,111.36,62.41,0,No Failure,199.3,85.6
M,104.82,-26.74,-65.37,37.06,226.1,53.85,0,No Failure,162.8,72.6
M,143.69,-11.92,-61.76,35.63,267.01,68.2,0,No Failure,122.4,58.4
H,114.64,-18.47,-70.46,25.4,251.75,71.11,0,No Failure,183.5,80.0
H,132.44,-16.28,-69.52,28.27,185.3,58.59,0,No Failure,192.7,83.2
M,125.93,-14.87,-61.32,36.97,263.1,62.78,0,No Failure,146.4,66.9
L,79.09,-28.05,-79.44,27.9,241.12,50.15,0,No Failure,128.0,60.3
L,108.62,-14.76,-65.83,32.07,224.74,56.31,0,No Failure,199.9,85.8
L,98.86,-19.7,-68.52,18.69,216.02,70.27,0,No Failure,184.1,80.2
L,118.19,-14.55,-62.33,20.28,215.07,49.12,0,No Failure,166.4,73.9
L,109.37,,-67.92,20.34,204.87,51.13,0,No Failure,160.5,71.8
H,112.69,-20.22,-61.39,31.92,251.65,58.2,0,No Failure,175.9,77.3
H,83.35,-9.56,-61.22,32.82,207.4,52.3,0,No Failure,150.7,68.4
L,49.01,-28.29,-67.79,30.38,239.56,51.67,0,No Failure,137.5,63.7
L,95.41,-9.87,-66.75,29.73,135.0,56.58,0,No Failure,147.2,67.1
L,108.66,-11.97,-58.5,29.69,230.71,46.34,0,No Failure,162.0,72.4
H,154.62,-17.46,-77.43,63.81,58.19,64.28,0,No Failure,134.4,62.6
L,107.81,-8.23,-66.94,24.12,236.36,53.53,0,No Failure,172.6,76.1
L,64.89,-21.97,-71.27,25.25,200.19,50.86,0,No Failure,155.8,70.2
M,89.49,-15.63,-64.63,24.04,209.9,77.27,0,No Failure,172.1,76.0
L,111.51,-26.42,-76.36,29.38,175.55,61.69,0,No Failure,167.8,74.4
H,141.46,-21.04,-64.02,30.59,192.85,62.0,0,No Failure,180.5,78.9
H,212.41,-3.42,-65.83,22.89,214.32,74.74,0,No Failure,146.8,67.0
