Type,Weld Current [kA],Electrode Squeeze Force [N],Dynamic Resistance [uOhm],Cooling Water Flow [L/min],Electrode Cap Wear [cycles],Weld Time [ms],Machine failure,Failure Mode,RUL [min],Health Index [%]
H,9.41,3468.25,223.49,4.51,278.0,190.04,0,No Failure,198.3,85.2
M,10.32,4208.96,209.89,5.3,366.0,195.86,0,No Failure,172.1,76.0
M,9.2,3117.8,302.14,4.88,1267.0,194.58,0,No Failure,152.2,68.9
M,10.11,3237.12,197.05,5.24,582.0,169.38,0,No Failure,172.3,76.0
L,10.55,3045.16,205.08,4.95,244.0,180.67,0,No Failure,174.7,76.9
H,10.04,3447.04,223.74,5.85,333.0,236.16,0,No Failure,184.6,80.4
L,10.02,3901.33,192.4,4.41,533.0,207.46,0,No Failure,186.7,81.1
M,11.74,3452.69,203.36,4.45,132.0,196.92,0,No Failure,168.2,74.6
L,9.44,3298.73,211.03,5.14,325.0,241.5,0,No Failure,193.9,83.7
L,8.31,3290.62,171.55,4.06,259.0,191.27,0,No Failure,153.1,69.2
M,9.41,2746.65,165.43,4.4,516.0,197.65,0,No Failure,159.0,71.3
L,7.49,3482.37,225.69,4.78,351.0,228.56,0,No Failure,180.0,78.8
L,8.73,3011.58,196.11,3.73,161.0,220.26,0,No Failure,151.7,68.7
M,10.64,3452.95,204.37,4.77,290.0,204.31,0,No Failure,207.2,88.4
M,7.78,3150.45,175.15,5.15,259.0,199.87,0,No Failure,155.3,70.0
M,10.59,3172.4,256.45,3.94,376.0,205.02,0,No Failure,173.5,76.5
L,7.28,3564.45,173.06,4.14,1025.0,186.33,0,No Failure,105.4,52.3
M,9.03,3400.48,195.47,7.542,432.0,237.32,0,No Failure,179.0,78.4
M,8.2,3304.02,257.13,3.84,331.0,207.76,0,No Failure,163.7,73.0
L,10.34,3417.68,216.48,3.85,183.0,240.87,0,No Failure,174.0,76.6
H,10.14,2512.73,251.63,4.69,1.0,192.09,0,No Failure,137.1,63.6
H,9.14,2933.15,198.47,4.84,42.0,217.22,0,No Failure,171.6,75.8
M,10.45,3245.55,212.31,4.75,448.0,221.01,0,No Failure,210.2,89.5
H,9.8,3436.52,234.74,4.81,511.0,208.1,0,No Failure,221.1,93.3
L,8.25,3436.34,196.37,5.27,944.0,147.34,0,No Failure,119.8,57.4
M,10.46,3161.08,195.69,5.26,230.0,219.35,0,No Failure,182.0,79.5
M,7.83,3569.83,148.68,4.99,840.0,215.88,0,No Failure,134.9,62.8
M,11.08,3145.71,214.015,5.12,434.0,218.75,0,No Failure,190.8,82.6
M,8.98,3595.61,181.78,4.08,626.0,210.09,0,No Failure,174.1,76.7
H,8.64,3395.85,213.52,4.4,526.0,228.32,0,No Failure,174.9,76.9
L,10.42,2025.12,265.5,4.95,269.0,216.9,0,No Failure,179.2,78.5
L,9.28,3573.55,219.51,6.27,488.0,256.0,0,No Failure,156.4,70.4
L,10.81,3621.36,269.63,4.31,1.0,200.9,0,No Failure,144.3,66.1
H,9.22,3242.64,237.46,4.31,255.0,228.85,0,No Failure,179.6,78.6
L,10.51,3301.88,223.16,5.75,312.0,224.52,0,No Failure,184.3,80.3
L,7.58,2900.25,219.87,5.73,96.0,205.49,0,No Failure,139.7,64.5
L,9.58,3549.85,190.38,5.23,543.0,234.75,0,No Failure,184.4,80.3
M,9.98,2299.98,158.12,4.99,172.0,223.68,0,No Failure,132.9,62.1
H,9.75,3349.2,287.11,4.48,502.0,228.1,0,No Failure,176.8,77.6
L,9.57,3593.8,204.14,4.82,1.0,188.9,0,No Failure,164.6,73.3
M,9.54,3699.69,242.74,5.43,694.0,204.7,0,No Failure,174.4,76.8
H,9.54,3991.19,275.76,3.72,375.0,220.04,0,No Failure,148.2,67.5
H,10.88,4002.44,214.64,4.31,541.0,197.62,0,No Failure,172.0,75.9
L,9.72,3705.28,167.86,3.55,501.0,121.087,0,No Failure,143.5,65.8
L,10.14,3115.06,185.34,5.24,277.0,189.91,0,No Failure,175.9,77.3
H,9.89,3428.02,221.38,3.34,295.0,180.15,0,No Failure,174.9,77.0
M,11.28,3244.64,219.49,6.08,36.0,154.85,0,No Failure,120.1,57.5
L,10.33,3289.64,222.64,6.07,570.0,195.94,0,No Failure,177.4,77.8
M,9.15,3113.1,201.55,5.12,432.0,241.26,0,No Failure,183.3,79.9
H,10.66,3093.78,218.0,4.64,551.0,210.315,0,No Failure,193.5,83.5
M,8.93,3302.32,173.2,5.9,394.0,172.35,0,No Failure,151.9,68.8
H,8.45,3368.03,199.01,4.25,20.0,219.44,0,No Failure,166.3,73.9
H,9.53,3268.78,245.71,5.24,1100.0,209.49,0,No Failure,160.1,71.7
M,10.7,3698.59,209.24,4.76,578.0,242.17,0,No Failure,178.7,78.3
H,11.34,3278.86,223.16,5.27,565.0,222.86,0,No Failure,180.1,78.8
M,9.35,3547.43,200.98,4.94,660.0,234.2,0,No Failure,185.1,80.6
H,8.26,3487.13,226.47,5.44,1.0,213.45,0,No Failure,164.4,73.2
L,11.19,4762.043,221.43,4.98,463.0,209.06,0,No Failure,188.7,81.8
M,10.5,3181.8,214.68,5.69,556.0,249.74,0,No Failure,165.9,73.7
L,8.19,3498.09,217.42,4.72,14.0,210.85,0,No Failure,181.9,79.4
H,8.54,3451.67,221.47,5.31,203.0,192.39,0,No Failure,179.1,78.4
M,7.51,3327.17,228.4,5.02,801.0,158.64,0,No Failure,132.6,61.9
H,8.24,3301.52,183.07,5.31,744.0,206.97,0,No Failure,162.7,72.6
M,9.51,3783.28,214.75,3.86,221.0,224.78,0,No Failure,176.5,77.5
M,10.2,3604.9,301.49,3.63,65.0,211.2,0,No Failure,132.9,62.1
M,9.38,3466.82,189.14,5.54,696.0,178.11,0,No Failure,162.8,72.6
L,10.24,3476.46,286.73,3.54,-451.0,204.63,0,No Failure,152.2,68.9
M,11.42,3341.53,212.31,5.22,314.0,255.39,0,No Failure,166.3,73.9
L,10.58,3266.28,209.22,4.85,409.0,174.55,0,No Failure,194.6,83.9
L,9.91,3563.42,251.34,4.26,699.0,188.62,0,No Failure,169.0,74.8
L,13.02,3882.19,212.25,5.18,337.0,204.58,0,No Failure,154.1,69.6
M,10.75,3257.93,188.53,3.94,539.0,190.61,0,No Failure,167.7,74.4
M,9.45,3344.66,220.54,4.31,693.0,213.82,0,No Failure,198.6,85.3
L,8.89,3529.38,210.98,4.45,388.0,179.59,0,No Failure,189.3,82.0
L,11.15,3237.77,210.74,3.99,744.0,219.74,0,No Failure,165.9,73.8
M,8.07,3008.31,192.91,4.98,1267.0,202.33,0,No Failure,178.3,78.1
L,11.06,3393.21,250.97,6.72,433.0,245.02,0,No Failure,138.2,64.0
L,10.87,3461.84,197.76,4.36,190.0,243.31,0,No Failure,166.2,73.9
L,10.93,2996.59,196.39,5.5,1.0,207.29,0,No Failure,152.5,69.0
L,9.8,3123.07,215.24,4.49,695.0,227.22,0,No Failure,191.7,82.9
M,9.26,3474.35,240.51,3.65,77.0,210.46,0,No Failure,168.6,74.7
H,9.39,3787.54,251.25,7.542,352.0,161.52,0,No Failure,160.2,71.7
L,8.92,4762.043,206.9,4.93,797.0,171.97,0,No Failure,167.9,74.5
H,10.43,2564.47,243.69,5.42,374.0,208.51,0,No Failure,163.9,73.1
L,11.11,3397.49,248.71,5.5,172.0,221.13,0,No Failure,165.1,73.5
H,11.28,2594.48,208.29,4.74,127.0,160.32,1,Weld Expulsion & Splash,6.5,15.1
L,9.06,3358.16,170.86,5.2,374.0,210.99,0,No Failure,193.1,83.4
L,11.15,3526.79,180.46,4.34,264.0,181.86,0,No Failure,158.8,71.2
L,10.92,3338.55,233.86,4.75,872.0,161.75,0,No Failure,148.3,67.5
L,9.33,3321.89,194.25,3.84,298.0,173.65,0,No Failure,166.7,74.0
L,10.33,3520.71,195.81,5.41,495.0,182.9,0,No Failure,181.5,79.3
M,9.51,2511.23,212.27,4.3,608.0,171.32,0,No Failure,148.2,67.5
M,7.77,3395.13,165.93,5.59,804.0,213.0,0,No Failure,123.6,58.8
L,10.07,3494.08,177.2,3.96,295.0,224.98,0,No Failure,177.0,77.7
H,9.21,3284.33,260.08,6.37,348.0,196.2,0,No Failure,156.4,70.4
M,10.26,3155.81,192.72,5.07,371.0,235.64,0,No Failure,185.8,80.8
M,10.34,3209.54,191.92,5.4,740.0,186.55,0,No Failure,162.7,72.6
H,10.06,2356.85,236.04,5.24,788.0,210.43,0,No Failure,147.6,67.3
L,10.02,2857.49,271.51,5.13,324.0,167.26,0,No Failure,143.8,65.9
L,10.88,3418.81,190.76,5.25,558.0,191.63,0,No Failure,180.3,78.8
L,8.91,3727.87,208.61,5.56,309.0,194.53,0,No Failure,176.1,77.4
H,11.31,3060.66,227.44,4.2,865.0,194.39,1,Weld Expulsion & Splash,5.4,21.2
H,9.22,3395.85,180.16,3.72,180.0,238.23,0,No Failure,134.9,62.8
L,9.14,3396.11,230.23,5.75,828.0,243.53,0,No Failure,152.8,69.1
L,10.47,2745.68,225.54,5.62,280.0,188.7,0,No Failure,156.3,70.4
L,10.39,2451.07,233.03,4.41,495.0,298.49,0,No Failure,157.1,70.6
L,10.51,3478.86,204.99,4.94,337.0,191.11,0,No Failure,200.3,85.9
L,10.43,3665.68,206.26,5.33,537.0,198.52,0,No Failure,188.5,81.8
H,11.65,3467.76,256.87,2.74,88.0,221.52,0,No Failure,115.5,55.9
L,9.03,3089.31,205.54,4.05,303.0,253.4,0,No Failure,158.3,71.1
H,8.87,3278.68,217.43,5.68,738.0,207.64,0,No Failure,178.6,78.3
L,9.86,3337.87,146.34,5.82,193.0,227.51,0,No Failure,153.6,69.4
L,9.21,3289.19,184.87,5.97,512.0,242.86,0,No Failure,158.7,71.2
H,9.6,4082.37,239.09,3.17,630.0,188.61,0,No Failure,133.2,62.2
H,9.06,2679.05,215.83,5.02,240.0,176.3,0,No Failure,159.2,71.4
H,9.55,3270.7,212.89,5.04,276.0,183.46,0,No Failure,197.4,84.9
H,12.13,4009.32,214.49,5.37,274.0,234.36,0,No Failure,142.1,65.3
H,11.57,2869.64,225.24,4.97,621.0,189.01,1,Weld Expulsion & Splash,2.2,25.2
L,10.35,3691.8,210.16,5.66,114.0,247.55,0,No Failure,153.5,69.4
L,10.56,3288.21,219.24,5.04,140.0,232.56,0,No Failure,183.3,79.9
L,9.78,3802.67,186.17,4.23,595.0,169.54,0,No Failure,135.4,62.9
H,10.12,3219.57,203.94,5.22,653.0,226.55,0,No Failure,186.8,81.2
H,10.8,2941.13,280.2,6.36,1.0,219.79,0,No Failure,105.8,52.5
L,9.39,3389.06,208.26,4.91,234.0,211.01,0,No Failure,214.9,91.1
L,10.34,3413.36,231.04,4.25,562.0,222.12,0,No Failure,192.4,83.1
H,9.37,3102.83,188.74,4.01,604.0,210.26,0,No Failure,178.9,78.4
L,11.21,3373.41,257.64,4.16,844.0,243.78,1,Electrode Cap Mushrooming,12.5,17.0
L,8.2,2555.59,234.82,5.44,702.0,241.29,0,No Failure,117.9,56.8
M,10.1,3090.84,240.72,6.83,907.0,201.31,0,No Failure,128.3,60.5
L,9.89,4031.24,174.22,4.97,564.0,219.74,0,No Failure,171.9,75.9
M,9.91,4026.98,204.11,5.15,176.0,199.78,0,No Failure,176.0,77.3
H,8.37,3150.3,220.51,5.61,360.0,213.25,0,No Failure,182.6,79.7
M,9.84,4443.63,214.015,4.12,297.0,224.33,0,No Failure,130.3,61.2
L,11.07,3145.05,227.04,4.67,601.0,231.92,0,No Failure,175.3,77.1
L,10.24,3522.7,226.6,4.47,1012.0,163.97,0,No Failure,145.5,66.5
M,10.55,3349.1,257.48,4.21,165.0,224.11,0,No Failure,166.7,74.0
M,13.45,3755.97,207.93,3.55,1.0,201.22,0,No Failure,144.5,66.2
M,9.11,3602.41,217.55,3.93,475.0,235.46,0,No Failure,181.0,79.1
H,10.36,2794.35,156.31,5.75,616.0,193.08,0,No Failure,132.4,61.9
L,8.06,3167.67,248.51,4.81,862.0,223.68,0,No Failure,149.3,67.9
H,9.58,3430.8,213.65,4.58,198.0,179.05,0,No Failure,194.7,83.9
L,9.38,2905.9,219.43,5.21,263.0,184.17,0,No Failure,174.4,76.8
M,9.58,3163.86,223.09,3.31,513.0,235.29,1,Torch Cooling Restriction,12.6,29.5
L,11.03,3465.52,236.9,4.19,332.0,223.03,0,No Failure,180.8,79.0
H,9.21,3568.93,212.58,4.43,288.0,202.08,0,No Failure,201.2,86.3
L,10.55,3446.62,194.89,4.3,512.0,215.23,0,No Failure,196.8,84.7
L,8.48,4326.18,150.22,4.52,243.0,214.44,0,No Failure,128.8,60.6
H,8.86,3662.87,196.27,3.94,206.0,211.47,0,No Failure,172.4,76.1
H,10.85,3000.22,202.61,5.82,279.0,191.7,0,No Failure,158.2,71.0
M,8.59,2814.8,221.58,3.66,1267.0,257.56,1,Torch Cooling Restriction,8.7,8.7
L,10.49,3126.19,166.16,5.81,737.0,207.85,0,No Failure,150.1,68.1
M,8.7,2732.91,187.29,4.04,49.0,210.34,0,No Failure,140.8,64.9
M,9.61,3815.2,223.81,5.72,323.0,217.89,0,No Failure,184.0,80.2
L,10.17,3047.89,208.86,4.28,452.0,228.88,0,No Failure,191.1,82.7
H,10.24,4049.55,197.21,4.96,1.0,203.19,0,No Failure,161.5,72.2
H,10.15,3470.2,171.06,4.96,1100.0,197.47,0,No Failure,152.9,69.2
M,9.0,4762.043,100.527,4.8,562.0,224.34,0,No Failure,199.1,85.5
L,10.37,3258.32,182.36,4.1,567.0,179.28,0,No Failure,164.3,73.2
L,10.6,3058.38,209.78,4.6,437.0,206.41,0,No Failure,203.6,87.1
L,10.6,3888.58,177.11,5.44,304.0,213.0,0,No Failure,165.6,73.7
H,8.56,3783.07,220.94,5.05,752.0,205.06,0,No Failure,172.1,75.9
L,9.8,3687.52,209.88,5.09,424.0,191.87,0,No Failure,206.7,88.2
L,10.22,3090.16,223.12,4.33,340.0,186.47,0,No Failure,185.7,80.8
L,9.13,3249.93,218.08,4.71,1.0,203.17,0,No Failure,188.0,81.6
M,9.31,3330.22,163.12,5.3,209.0,186.78,0,No Failure,163.8,73.0
L,9.39,3815.97,205.76,4.4,399.0,227.8,0,No Failure,190.2,82.4
L,10.57,4223.74,234.77,3.99,333.0,261.09,0,No Failure,127.0,60.0
L,9.51,3191.18,208.92,3.9,370.0,207.58,0,No Failure,199.8,85.8
L,9.61,3575.73,265.4,3.33,636.0,224.37,0,No Failure,149.3,67.9
M,10.06,3437.83,235.02,4.26,246.0,182.1,0,No Failure,183.0,79.8
L,10.43,3654.88,208.95,4.68,52.0,186.19,0,No Failure,174.0,76.6
L,10.23,3761.82,204.58,4.21,469.0,213.48,0,No Failure,195.2,84.1
M,10.4,3550.31,308.92,4.41,358.0,235.42,0,No Failure,148.6,67.6
M,7.25,3190.5,209.08,5.13,390.0,212.82,0,No Failure,180.4,78.9
L,9.98,3721.96,204.39,5.0,154.0,243.69,0,No Failure,174.0,76.6
H,9.84,3497.03,198.94,3.57,374.0,199.84,0,No Failure,191.3,82.7
H,9.11,2950.5,201.62,3.29,204.0,246.69,1,Torch Cooling Restriction,2.1,17.2
M,9.92,3490.0,199.89,6.21,203.0,229.0,0,No Failure,169.6,75.1
L,8.7,2967.03,191.2,5.43,332.0,200.08,0,No Failure,167.9,74.5
M,7.95,2845.6,220.83,4.76,249.0,233.75,0,No Failure,158.8,71.2
L,9.66,3587.73,197.2,7.542,527.0,233.22,0,No Failure,171.9,75.9
M,12.32,2709.54,216.48,4.31,424.0,232.15,1,Weld Expulsion & Splash,2.1,22.4
H,9.37,3697.8,200.0,4.73,859.0,196.39,0,No Failure,173.8,76.6
M,9.05,3432.06,230.39,6.53,398.0,214.0,0,No Failure,179.1,78.4
H,10.2,3464.6,231.06,3.41,555.0,200.75,0,No Failure,178.6,78.3
L,9.42,3094.08,215.24,4.62,398.0,232.54,0,No Failure,200.0,85.8
L,10.18,3735.86,278.28,5.18,211.0,184.35,0,No Failure,149.6,68.0
H,11.15,2949.86,209.04,4.8,133.0,198.12,0,No Failure,171.3,75.7
L,9.52,3532.57,208.6,2.02,661.0,214.06,0,No Failure,203.8,87.2
H,8.5,3076.0,190.0,6.15,99.0,210.59,0,No Failure,144.5,66.2
H,12.19,3724.42,197.97,3.97,260.0,172.96,0,No Failure,130.0,61.0
L,10.02,2798.81,161.93,5.71,765.0,214.38,0,No Failure,139.7,64.5
M,8.79,3839.68,164.89,5.25,240.0,194.14,0,No Failure,149.5,67.9
L,10.86,4542.69,163.53,3.12,238.0,193.94,0,No Failure,92.1,47.6
H,10.84,2722.76,211.51,4.45,181.0,202.87,0,No Failure,166.5,74.0
L,11.28,4004.45,180.17,5.9,-451.0,220.36,0,No Failure,143.7,65.9
L,10.57,3172.73,211.74,5.49,547.0,186.19,0,No Failure,178.6,78.3
H,10.88,3495.49,280.39,5.23,419.0,211.4,1,Electrode Cap Mushrooming,9.1,25.6
L,9.51,2927.75,245.83,4.7,578.0,268.85,0,No Failure,148.6,67.6
M,8.12,3422.76,202.75,6.1,401.0,230.1,0,No Failure,166.1,73.8
M,10.23,2025.12,204.23,4.37,232.0,202.21,0,No Failure,178.7,78.3
L,10.08,3180.74,194.76,5.54,285.0,211.4,0,No Failure,190.8,82.6
L,11.55,2983.48,214.59,4.09,125.0,221.2,1,Weld Expulsion & Splash,10.5,24.7
M,10.31,4040.45,219.92,5.18,406.0,230.25,0,No Failure,180.6,79.0
L,9.78,3053.72,286.11,2.02,8.0,225.55,0,No Failure,139.3,64.4
M,10.09,3716.09,236.26,4.47,317.0,187.89,0,No Failure,183.3,79.9
M,9.86,3665.73,212.96,5.63,166.0,231.55,0,No Failure,177.9,78.0
L,9.74,3462.05,203.36,4.05,81.0,242.27,0,No Failure,170.4,75.4
L,9.67,3363.73,215.68,4.3,115.0,236.25,0,No Failure,187.7,81.5
L,10.46,3209.57,200.75,3.91,1.0,219.61,0,No Failure,161.8,72.3
H,11.13,3245.7,180.5,4.42,206.0,216.19,0,No Failure,170.5,75.4
L,9.01,3557.97,221.99,6.35,635.0,194.6,0,No Failure,160.7,71.9
L,9.37,3483.03,254.32,5.37,565.0,221.83,0,No Failure,181.0,79.1
M,11.06,3665.29,211.46,5.28,563.0,219.5,0,No Failure,182.8,79.7
L,10.32,2942.42,153.36,4.25,1023.0,205.01,0,No Failure,127.0,60.0
L,9.86,3109.36,176.16,5.42,522.0,240.72,0,No Failure,167.0,74.2
L,10.84,3575.46,219.23,3.26,449.0,227.19,0,No Failure,169.0,74.8
L,11.18,3290.94,219.16,5.41,361.0,202.72,0,No Failure,191.5,82.8
H,8.32,3467.71,204.32,4.45,330.0,194.11,0,No Failure,186.3,81.0
L,9.38,3820.78,204.24,5.04,560.0,238.46,0,No Failure,177.3,77.8
H,11.47,3950.35,255.93,6.18,480.0,192.41,0,No Failure,127.0,60.0
H,11.41,3554.84,210.96,4.92,393.0,253.45,0,No Failure,174.7,76.9
M,11.85,3739.98,177.35,4.06,107.0,240.81,0,No Failure,119.8,57.4
H,9.75,3250.83,211.8,4.79,877.0,213.23,0,No Failure,198.6,85.3
L,6.93,4058.83,263.57,5.52,651.0,257.88,0,No Failure,83.7,44.6
M,12.02,3781.53,137.07,5.56,760.0,202.08,0,No Failure,108.5,53.4
M,10.1,2911.96,243.74,5.8,481.0,195.15,0,No Failure,165.5,73.6
L,10.61,4093.56,189.67,5.32,498.0,251.57,0,No Failure,142.3,65.4
H,8.93,3958.82,241.24,2.66,450.0,226.39,0,No Failure,132.2,61.8
L,9.8,2952.09,168.61,3.61,1267.0,215.76,0,No Failure,162.6,72.6
L,10.39,3220.71,243.09,4.22,680.0,203.11,0,No Failure,175.6,77.2
M,8.87,3762.59,169.03,6.13,1.0,210.24,0,No Failure,131.8,61.7
M,11.84,3614.15,190.77,3.46,715.0,257.49,1,Torch Cooling Restriction,1.8,8.7
L,11.19,3816.99,218.8,5.09,493.0,216.3,0,No Failure,185.2,80.6
L,9.39,2677.35,206.79,5.35,1.0,173.29,0,No Failure,135.4,62.9
M,9.01,3621.36,170.27,4.96,481.0,199.29,0,No Failure,182.0,79.5
L,8.88,3082.95,200.43,5.0,59.0,188.43,0,No Failure,163.3,72.8
L,8.79,3024.65,186.02,4.69,581.0,239.1,0,No Failure,162.5,72.6
L,10.79,3510.04,203.54,4.79,184.0,208.65,0,No Failure,198.4,85.3
L,8.63,3409.76,225.85,4.85,661.0,202.98,0,No Failure,195.4,84.2
H,9.41,3321.94,223.0,4.69,464.0,183.19,0,No Failure,204.0,87.2
M,10.86,3966.39,235.45,4.13,127.0,250.95,0,No Failure,129.3,60.8
L,10.32,3197.03,212.1,4.24,659.0,212.04,0,No Failure,193.1,83.4
M,9.31,2884.0,173.86,6.78,719.0,209.81,0,No Failure,109.0,53.6
H,10.36,3470.81,229.8,4.88,332.0,206.68,0,No Failure,211.8,90.0
L,9.34,4649.07,179.24,5.03,630.0,214.44,0,No Failure,162.5,72.6
L,10.28,4111.44,225.37,4.96,163.0,235.29,0,No Failure,160.5,71.9
M,9.3,3607.76,218.12,3.22,399.0,245.26,1,Torch Cooling Restriction,7.7,26.2
H,10.13,3138.52,253.84,5.82,428.0,189.91,0,No Failure,169.1,74.9
L,9.75,3650.62,226.88,4.03,835.0,199.54,0,No Failure,171.7,75.8
L,9.12,3651.75,188.47,4.18,533.0,237.48,0,No Failure,167.2,74.2
H,9.39,3104.59,240.03,5.48,411.0,233.3,0,No Failure,178.5,78.2
H,8.91,3762.73,240.03,5.0,721.0,216.52,0,No Failure,170.6,75.4
L,9.09,3425.75,203.01,4.85,1100.0,218.08,0,No Failure,170.9,75.5
H,9.81,3241.45,216.38,4.71,538.0,258.76,0,No Failure,190.2,82.4
L,10.6,3128.59,191.77,6.24,671.0,219.28,0,No Failure,151.7,68.7
M,9.35,4141.86,193.1,3.89,565.0,186.18,0,No Failure,146.4,66.8
L,9.95,3792.92,240.87,4.25,488.0,227.07,0,No Failure,180.7,79.0
L,5.772,3773.32,191.76,4.83,721.0,229.37,0,No Failure,159.0,71.3
M,12.59,3835.6,262.41,5.54,570.0,271.24,0,No Failure,90.8,47.1
L,12.82,3438.38,182.75,5.32,222.0,222.55,0,No Failure,145.5,66.5
L,11.44,2914.01,182.41,4.63,179.0,175.12,1,Weld Expulsion & Splash,10.3,18.3
L,8.27,2952.15,203.6,5.29,509.0,229.08,0,No Failure,164.2,73.1
L,10.12,3175.93,234.01,4.72,419.0,191.35,0,No Failure,202.2,86.6
L,10.23,3425.52,188.75,3.71,779.0,212.87,0,No Failure,170.3,75.3
L,9.41,3635.9,151.87,4.7,229.0,194.91,0,No Failure,168.0,74.5
M,11.13,3809.41,248.01,4.94,499.0,236.6,0,No Failure,160.9,72.0
M,9.31,3698.33,201.38,4.32,342.0,197.41,0,No Failure,189.7,82.2
H,12.24,3237.37,199.1,6.28,247.0,205.63,0,No Failure,143.6,65.9
H,10.62,3179.81,188.02,5.48,932.0,229.74,0,No Failure,143.5,65.8
L,11.11,3720.43,206.83,4.39,584.0,222.05,0,No Failure,175.8,77.3
L,7.9,3602.03,199.94,4.96,1002.0,211.55,0,No Failure,153.0,69.2
L,10.87,2972.58,234.96,4.78,48.0,201.58,0,No Failure,165.7,73.7
M,8.94,2921.88,277.53,3.7,40.0,205.91,0,No Failure,124.7,59.2
L,9.78,3841.99,222.51,5.42,704.0,199.95,0,No Failure,177.0,77.7
M,9.71,3418.05,181.88,5.17,543.0,247.79,0,No Failure,180.0,78.8
L,9.96,3342.36,209.94,6.67,398.0,200.34,0,No Failure,184.9,80.5
H,10.32,4373.6,210.36,5.6,534.0,215.3,0,No Failure,161.0,72.0
L,8.45,3563.08,222.96,4.74,414.0,228.67,0,No Failure,195.4,84.2
L,10.63,3517.81,246.49,3.57,559.0,235.4,1,Torch Cooling Restriction,3.6,24.8
H,10.26,3716.19,233.69,3.89,871.0,222.23,0,No Failure,153.0,69.2
L,11.09,3823.67,264.88,3.27,278.0,255.18,1,Torch Cooling Restriction,4.9,7.6
M,9.81,3440.39,228.19,5.01,424.0,219.3,0,No Failure,220.7,93.2
L,12.55,3471.69,201.27,5.93,437.0,193.39,0,No Failure,153.9,69.5
L,9.66,3914.52,232.25,4.92,635.0,211.63,0,No Failure,189.8,82.2
M,10.27,3595.87,212.09,7.542,437.0,208.26,0,No Failure,210.2,89.5
M,9.56,2953.4,242.68,5.31,347.0,209.81,0,No Failure,157.4,70.7
L,11.5,3646.74,270.9,4.45,393.0,223.44,0,No Failure,158.8,71.2
M,6.9,2315.13,198.88,4.25,505.0,243.04,0,No Failure,127.8,60.3
L,8.65,3110.28,168.79,5.54,269.0,203.27,0,No Failure,157.5,70.8
L,9.62,3606.41,243.22,5.35,664.0,203.8,0,No Failure,182.5,79.6
M,8.33,3522.2,167.43,7.542,399.0,207.97,0,No Failure,159.2,71.4
L,9.78,3697.45,265.58,4.05,249.0,195.59,0,No Failure,128.6,60.5
M,9.26,3608.64,165.49,5.21,600.0,204.14,0,No Failure,174.0,76.6
M,9.61,3717.65,262.55,5.64,548.0,201.48,0,No Failure,168.0,74.5
L,9.78,3335.19,230.24,6.43,322.0,237.78,0,No Failure,164.0,73.1
H,8.98,3683.76,231.25,3.43,640.0,246.73,1,Torch Cooling Restriction,11.8,19.5
L,9.56,3902.04,222.77,5.16,595.0,191.19,0,No Failure,179.6,78.6
L,10.06,3562.59,244.11,5.89,1.0,178.5,0,No Failure,142.7,65.6
M,6.5,2631.72,246.1,3.88,1161.0,204.59,0,No Failure,93.2,48.0
L,7.63,3496.0,187.34,4.56,208.0,167.83,0,No Failure,143.2,65.7
L,7.91,3063.01,155.2,5.52,458.0,204.46,0,No Failure,146.8,67.0
M,9.09,3423.57,183.66,4.4,1100.0,204.57,0,No Failure,155.6,70.1
M,9.02,3274.15,149.59,4.34,92.0,230.57,0,No Failure,145.2,66.4
M,9.83,3353.42,167.36,6.04,822.0,230.97,0,No Failure,146.6,66.9
L,10.85,3239.71,307.87,4.05,426.0,170.14,0,No Failure,128.6,60.5
M,10.56,3878.39,211.9,4.2,253.0,218.52,0,No Failure,177.6,77.9
H,9.57,3224.25,269.68,5.32,136.0,208.72,0,No Failure,171.0,75.6
L,11.03,3162.32,227.63,6.3,423.0,185.99,0,No Failure,157.5,70.8
L,9.61,3095.77,180.05,5.98,676.0,226.5,0,No Failure,153.6,69.4
H,8.48,2828.79,239.92,4.25,419.0,166.18,0,No Failure,131.5,61.6
M,10.02,3246.44,199.18,4.37,201.0,222.64,0,No Failure,190.3,82.4
H,9.7,3700.26,256.33,5.35,1267.0,223.34,0,No Failure,174.3,76.7
L,8.96,3445.08,197.6,4.39,1.0,217.89,0,No Failure,175.4,77.1
L,8.33,2956.47,165.81,6.01,279.0,200.81,0,No Failure,133.9,62.4
M,9.57,4162.98,187.35,3.86,305.0,228.55,0,No Failure,150.6,68.4
M,13.818,3547.65,205.68,5.01,429.0,187.74,0,No Failure,204.5,87.4
H,9.12,3653.58,205.35,5.35,566.0,198.08,0,No Failure,185.2,80.6
L,9.94,3354.31,186.23,2.83,301.0,191.93,0,No Failure,159.8,71.6
H,11.12,4058.99,218.18,5.01,615.0,207.14,0,No Failure,172.0,75.9
L,9.69,2548.66,250.95,4.63,270.0,246.63,0,No Failure,146.5,66.9
M,11.09,3425.65,249.76,4.54,502.0,250.98,0,No Failure,164.5,73.3
L,9.49,3457.29,205.41,5.14,95.0,218.06,0,No Failure,194.0,83.7
M,9.74,3353.86,242.94,4.82,777.0,218.04,0,No Failure,193.6,83.6
L,10.54,3027.97,204.54,4.8,369.0,170.05,0,No Failure,178.3,78.1
L,7.65,2973.67,235.51,4.28,537.0,227.89,0,No Failure,149.8,68.0
M,8.64,3418.66,217.74,5.26,367.0,197.4,0,No Failure,199.4,85.6
M,9.94,2621.41,213.15,4.82,-451.0,248.47,0,No Failure,159.1,71.3
H,9.6,2328.35,226.16,4.06,386.0,248.79,0,No Failure,142.5,65.5
M,8.85,3471.54,251.76,3.21,452.0,195.67,0,No Failure,159.2,71.4
L,7.54,3833.88,291.09,4.36,308.0,211.9,0,No Failure,132.7,62.0
M,9.29,3219.76,143.18,4.75,218.0,227.85,0,No Failure,162.7,72.6
L,8.15,3455.91,237.27,4.82,470.0,192.78,0,No Failure,185.7,80.8
L,7.84,3136.04,222.14,3.7,474.0,199.84,0,No Failure,163.0,72.7
L,9.71,2884.42,219.9,5.14,630.0,203.99,0,No Failure,189.3,82.0
M,8.13,3050.89,209.35,5.5,217.0,159.62,0,No Failure,136.2,63.3
M,13.818,3689.73,194.84,4.56,563.0,170.65,0,No Failure,168.3,74.6
L,9.78,3251.78,233.84,4.37,346.0,168.69,0,No Failure,171.0,75.5
L,9.62,3279.01,202.58,4.01,1267.0,222.0,0,No Failure,177.7,77.9
M,8.3,3431.28,267.96,4.7,422.0,184.38,0,No Failure,170.9,75.5
L,8.37,2025.12,177.73,5.06,764.0,169.03,0,No Failure,131.1,61.4
H,9.81,2651.15,186.0,5.51,649.0,245.9,0,No Failure,139.5,64.4
H,9.88,3143.48,218.73,4.49,464.0,229.89,0,No Failure,203.3,87.0
M,8.7,3417.6,174.43,4.25,577.0,206.67,0,No Failure,178.6,78.2
M,8.64,3526.78,188.73,5.35,587.0,142.1,0,No Failure,136.6,63.4
L,10.17,3052.99,223.58,4.42,426.0,256.35,0,No Failure,176.4,77.5
L,7.77,3728.13,227.96,5.18,534.0,247.63,0,No Failure,149.3,67.9
M,5.772,3038.72,249.14,5.5,433.0,249.61,0,No Failure,158.4,71.1
L,9.98,2768.14,152.29,4.84,712.0,218.22,0,No Failure,153.5,69.4
H,9.63,3106.54,242.75,5.3,661.0,206.52,0,No Failure,182.1,79.5
M,13.818,4291.38,190.18,5.82,408.0,206.52,0,No Failure,154.7,69.8
H,8.47,3315.28,231.67,4.82,84.0,216.59,0,No Failure,181.5,79.3
L,9.78,3665.95,219.71,4.96,596.0,234.77,0,No Failure,159.7,71.5
L,7.61,3533.12,223.98,4.56,305.0,181.92,0,No Failure,166.5,74.0
H,10.29,3774.79,219.05,5.81,466.0,200.16,0,No Failure,183.7,80.1
H,9.83,3495.49,202.39,4.47,740.0,223.04,0,No Failure,192.0,83.0
H,9.73,2439.02,185.35,6.0,350.0,202.47,0,No Failure,148.3,67.5
L,9.43,3529.32,242.11,3.86,685.0,121.087,0,No Failure,163.7,73.0
L,7.59,3515.19,219.68,4.37,878.0,210.89,0,No Failure,160.4,71.8
L,9.81,3135.08,168.77,4.76,306.0,187.12,0,No Failure,181.7,79.3
L,9.73,3271.86,182.99,4.82,150.0,238.02,0,No Failure,144.6,66.2
M,8.59,3058.87,184.51,4.79,1.0,209.84,0,No Failure,164.5,73.2
L,9.56,2973.1,218.1,4.72,1.0,206.38,0,No Failure,185.0,80.5
L,9.78,3605.42,226.9,4.43,347.0,204.58,0,No Failure,208.9,89.0
H,10.92,3511.52,210.07,5.75,363.0,210.315,0,No Failure,183.0,79.8
M,10.1,3879.66,208.83,4.85,843.0,185.71,0,No Failure,167.0,74.1
L,9.03,3598.05,214.33,4.19,439.0,170.33,0,No Failure,179.5,78.6
L,11.92,3492.79,229.64,4.53,424.0,205.06,0,No Failure,188.7,81.8
L,8.39,2991.21,209.73,5.16,319.0,252.44,0,No Failure,157.0,70.6
M,10.74,3215.69,174.86,5.21,551.0,232.3,0,No Failure,166.3,73.9
H,11.24,3721.18,203.8,5.96,759.0,187.89,0,No Failure,138.0,63.9
L,10.13,2786.99,232.18,4.85,183.0,215.59,0,No Failure,180.2,78.8
M,8.39,3802.63,192.78,5.01,285.0,224.78,0,No Failure,168.2,74.6
M,10.38,3424.18,224.3,4.9,82.0,193.25,0,No Failure,190.2,82.3
M,9.27,3636.69,231.54,4.63,369.0,209.63,0,No Failure,206.7,88.2
L,10.16,3938.34,200.5,4.03,226.0,265.13,0,No Failure,138.6,64.1
H,9.97,3919.08,201.96,5.22,365.0,181.16,0,No Failure,177.3,77.8
M,8.75,3160.53,178.41,4.91,645.0,217.48,0,No Failure,174.0,76.6
L,8.97,3619.28,229.86,5.61,287.0,209.2,0,No Failure,184.6,80.4
H,11.55,3338.71,216.56,5.64,616.0,210.315,0,No Failure,177.6,77.9
M,9.96,2731.64,199.41,5.68,306.0,191.06,0,No Failure,162.9,72.7
L,10.03,3543.4,223.25,4.9,673.0,194.88,0,No Failure,197.4,84.9
M,7.98,3176.62,165.31,5.5,729.0,224.45,0,No Failure,134.1,62.5
L,9.61,3204.17,198.85,5.9,432.0,217.63,0,No Failure,191.5,82.8
L,9.78,3271.29,255.27,5.41,395.0,203.78,0,No Failure,188.6,81.8
L,9.78,3464.53,229.81,4.78,424.0,201.51,0,No Failure,218.4,92.3
H,9.59,3164.03,189.22,4.58,669.0,207.91,0,No Failure,191.4,82.8
L,8.9,3413.36,203.07,4.93,253.0,202.73,0,No Failure,196.3,84.5
L,10.5,3529.71,252.36,3.83,347.0,214.98,0,No Failure,176.8,77.6
M,9.32,3638.44,246.38,4.57,495.0,237.69,0,No Failure,178.9,78.4
L,10.47,3401.89,231.96,5.26,424.0,222.45,0,No Failure,203.3,87.0
M,10.2,3017.68,329.231,4.53,114.0,183.42,0,No Failure,167.4,74.3
L,10.32,3368.65,174.56,6.36,443.0,225.79,0,No Failure,165.6,73.6
L,10.13,3696.66,272.97,4.87,346.0,218.13,0,No Failure,181.9,79.4
L,9.73,3526.58,227.49,3.81,469.0,241.36,0,No Failure,182.0,79.5
L,10.95,3305.18,275.88,4.27,347.0,176.29,0,No Failure,150.2,68.2
L,9.47,3171.75,137.17,3.55,379.0,249.5,1,Torch Cooling Restriction,8.9,16.4
M,9.54,3446.63,178.14,4.54,474.0,262.27,0,No Failure,171.7,75.8
L,8.69,3486.6,218.05,5.62,909.0,192.84,0,No Failure,157.2,70.7
M,9.08,3647.24,190.55,5.21,805.0,205.24,0,No Failure,169.4,75.0
L,10.48,2985.9,180.95,4.2,379.0,243.93,0,No Failure,157.4,70.7
M,10.73,3807.28,189.58,3.38,626.0,203.79,0,No Failure,148.4,67.6
H,12.45,4128.46,268.67,4.73,423.0,220.55,0,No Failure,135.2,62.9
L,10.34,3082.57,203.48,4.34,589.0,209.06,0,No Failure,190.5,82.5
H,9.31,3060.41,239.24,4.41,525.0,179.06,0,No Failure,170.5,75.4
M,9.92,3430.34,191.94,4.98,399.0,208.25,0,No Failure,193.0,83.3
M,7.37,4196.72,237.24,4.57,650.0,212.62,0,No Failure,138.1,63.9
L,8.33,3260.39,275.33,5.19,365.0,219.07,0,No Failure,164.6,73.3
L,9.9,3188.84,202.73,4.1,301.0,214.18,0,No Failure,197.9,85.1
M,10.1,3688.38,196.89,4.25,341.0,239.67,0,No Failure,177.6,77.9
M,11.13,3531.09,190.75,4.04,-451.0,196.82,0,No Failure,166.4,73.9
L,11.02,3202.03,194.06,3.86,66.0,213.93,0,No Failure,157.1,70.6
M,12.84,3997.9,217.44,6.13,43.0,218.66,0,No Failure,110.0,54.0
L,10.61,2837.97,191.02,5.19,439.0,233.22,0,No Failure,167.6,74.3
M,10.4,3538.35,194.98,5.24,1031.0,172.2,0,No Failure,140.2,64.7
H,11.08,3348.15,203.44,5.55,235.0,225.39,0,No Failure,174.8,76.9
L,9.1,3905.05,198.15,3.84,432.0,235.53,0,No Failure,161.8,72.3
H,10.97,3443.52,236.6,4.55,391.0,193.69,0,No Failure,192.1,83.1
M,10.03,3606.64,282.47,5.27,359.0,153.64,0,No Failure,142.4,65.5
M,9.47,3315.93,249.13,5.22,97.0,213.48,0,No Failure,181.8,79.4
L,9.2,3689.71,193.56,4.42,248.0,266.77,0,No Failure,150.9,68.4
M,10.0,3568.51,232.31,3.68,762.0,203.25,0,No Failure,170.0,75.2
L,10.39,3558.33,309.57,4.94,533.0,229.84,0,No Failure,153.8,69.5
H,12.19,3416.56,203.76,4.63,410.0,214.57,0,No Failure,191.6,82.8
L,11.23,3941.12,200.99,3.56,628.0,201.5,0,No Failure,143.5,65.8
M,9.07,4107.34,235.97,3.87,608.0,222.51,0,No Failure,148.3,67.5
M,11.63,3279.31,210.74,5.1,298.0,212.11,0,No Failure,190.1,82.3
L,11.23,3728.92,178.59,4.98,199.0,194.98,0,No Failure,158.4,71.1
H,9.6,2959.49,231.97,5.53,496.0,201.52,0,No Failure,183.8,80.1
M,9.31,3607.95,275.01,5.91,300.0,176.43,0,No Failure,140.0,64.6
H,9.58,3159.82,175.87,6.1,219.0,184.49,0,No Failure,148.9,67.7
L,9.78,3308.02,217.15,2.02,207.0,250.19,0,No Failure,177.6,77.9
L,8.67,3276.65,175.84,4.68,900.0,217.11,0,No Failure,159.4,71.5
L,9.65,3731.22,264.31,3.42,387.0,243.43,1,Torch Cooling Restriction,6.2,21.4
L,8.68,3949.65,266.52,4.81,245.0,258.22,0,No Failure,130.7,61.3
L,8.57,3605.64,243.06,3.91,583.0,214.75,0,No Failure,166.5,74.0
M,8.25,3395.13,221.2,3.12,81.0,241.11,1,Torch Cooling Restriction,7.4,13.0
L,12.35,2899.43,170.52,5.22,352.0,176.24,1,Weld Expulsion & Splash,8.5,13.8
M,9.66,3576.25,225.73,4.98,394.0,200.78,0,No Failure,213.3,90.5
M,10.38,3674.81,259.79,4.68,175.0,185.07,0,No Failure,162.1,72.4
L,5.772,2732.09,182.39,4.38,294.0,241.34,0,No Failure,145.2,66.4
H,9.55,3006.15,193.09,4.38,238.0,227.48,0,No Failure,176.1,77.4
H,10.33,3535.64,171.62,5.47,228.0,225.41,0,No Failure,167.5,74.3
L,7.64,3329.57,229.09,4.91,919.0,198.71,0,No Failure,155.5,70.1
L,8.97,2981.92,221.45,5.19,504.0,220.14,0,No Failure,186.4,81.0
M,10.25,3170.67,250.69,4.72,483.0,209.02,0,No Failure,199.5,85.7
H,9.56,3378.66,208.34,4.19,496.0,177.5,0,No Failure,192.6,83.2
L,9.25,3804.48,194.65,4.08,247.0,216.17,0,No Failure,173.8,76.6
M,12.29,3429.12,234.28,5.13,343.0,212.06,0,No Failure,179.2,78.5
M,9.3,3242.27,250.75,2.02,149.0,189.13,0,No Failure,175.1,77.0
L,10.99,3030.5,201.16,6.55,449.0,185.47,0,No Failure,144.6,66.2
M,9.73,2886.84,189.9,6.05,801.0,206.12,0,No Failure,150.2,68.2
L,10.15,4107.93,228.4,5.31,218.0,233.81,0,No Failure,158.0,71.0
M,8.02,3143.56,329.231,4.16,769.0,257.82,0,No Failure,129.1,60.7
L,8.75,3327.52,210.41,4.36,1.0,255.39,0,No Failure,151.9,68.8
M,9.12,3121.3,172.57,4.06,91.0,245.73,0,No Failure,135.6,63.0
M,6.2,3610.88,218.86,4.45,70.0,171.08,0,No Failure,124.4,59.1
M,9.79,3257.7,214.21,5.18,570.0,184.27,0,No Failure,198.3,85.2
L,10.81,2967.86,237.45,5.64,255.0,187.47,0,No Failure,151.8,68.8
L,9.35,3188.19,258.47,5.5,381.0,211.54,0,No Failure,184.3,80.3
L,11.78,3461.58,249.91,4.36,12.0,250.88,0,No Failure,127.3,60.1
L,8.86,3464.51,223.71,3.56,287.0,242.95,1,Torch Cooling Restriction,11.8,27.3
H,9.57,3198.53,159.67,5.22,82.0,241.72,0,No Failure,147.8,67.3
H,10.52,3931.42,184.0,5.36,140.0,201.36,0,No Failure,155.3,70.0
L,8.94,3562.26,244.81,4.22,444.0,218.83,0,No Failure,185.9,80.9
M,10.26,3789.37,248.47,5.17,36.0,147.44,0,No Failure,124.9,59.2
M,10.46,3442.18,191.3,5.12,718.0,191.88,0,No Failure,177.9,78.0
L,12.1,3448.56,193.76,5.85,383.0,195.59,0,No Failure,159.4,71.5
M,8.73,2532.05,192.73,5.23,673.0,173.22,0,No Failure,126.2,59.7
L,8.88,3762.56,244.92,4.82,205.0,213.4,0,No Failure,173.8,76.6
H,9.15,3622.37,236.37,4.42,389.0,197.04,0,No Failure,191.7,82.9
M,10.53,3206.13,209.84,4.86,1.0,201.82,0,No Failure,184.0,80.1
L,8.89,3165.52,240.96,5.31,518.0,244.76,0,No Failure,163.2,72.8
L,10.29,4084.02,206.83,4.86,534.0,182.13,0,No Failure,172.5,76.1
L,10.07,3725.94,201.57,3.28,298.0,215.32,0,No Failure,171.6,75.8
M,10.56,3481.72,205.02,4.64,192.0,230.07,0,No Failure,188.4,81.7
L,9.07,3706.96,209.37,5.76,586.0,226.34,0,No Failure,171.2,75.6
M,9.13,3524.14,201.36,5.16,512.0,208.94,0,No Failure,203.7,87.2
L,9.69,3413.36,206.53,3.6,198.0,184.45,0,No Failure,170.7,75.5
L,10.13,3731.47,260.38,5.17,495.0,242.08,0,No Failure,164.3,73.2
L,9.74,3584.43,192.72,4.23,198.0,213.09,0,No Failure,191.2,82.7
M,8.72,2639.54,188.08,3.67,134.0,204.3,0,No Failure,132.0,61.7
M,8.15,3602.58,199.25,3.86,355.0,186.07,0,No Failure,159.2,71.4
L,9.62,3726.15,209.65,4.53,574.0,216.7,0,No Failure,200.4,86.0
H,8.02,3563.93,318.04,5.48,287.0,217.63,0,No Failure,130.7,61.3
H,11.34,3776.04,202.58,6.57,638.0,196.01,0,No Failure,132.9,62.1
M,12.21,3189.26,223.45,4.08,722.0,190.44,0,No Failure,143.3,65.8
L,10.08,3418.37,243.55,5.55,300.0,256.86,0,No Failure,165.6,73.7
M,8.93,2025.12,217.23,5.26,542.0,196.6,0,No Failure,195.1,84.1
L,10.67,3379.04,178.24,3.73,442.0,224.69,0,No Failure,174.0,76.6
M,9.07,3553.09,163.81,5.09,130.0,195.88,0,No Failure,162.4,72.5
M,9.11,3378.57,194.03,4.8,283.0,172.7,0,No Failure,184.5,80.4
L,10.16,3989.56,175.46,4.67,1.0,220.39,0,No Failure,152.5,69.0
H,10.11,3221.75,164.91,6.65,533.0,223.26,0,No Failure,147.1,67.1
M,9.94,3464.8,210.18,4.87,375.0,197.23,0,No Failure,220.0,92.9
M,10.07,3054.02,244.76,5.31,453.0,164.57,0,No Failure,163.1,72.8
L,7.65,2934.61,234.55,4.49,679.0,206.65,0,No Failure,153.3,69.3
M,11.22,3040.12,177.52,3.54,574.0,216.59,1,Weld Expulsion & Splash,9.1,20.9
L,11.11,2909.2,245.26,5.61,484.0,202.6,0,No Failure,158.5,71.2
L,10.62,3287.72,202.82,5.07,475.0,226.75,0,No Failure,196.6,84.6
M,7.76,2860.19,199.05,4.68,107.0,193.34,0,No Failure,145.2,66.4
L,8.85,3715.16,258.56,5.84,543.0,247.53,0,No Failure,135.6,63.0
M,11.54,3315.96,225.23,5.27,542.0,235.38,0,No Failure,171.1,75.6
L,10.58,3451.55,182.83,4.63,616.0,247.22,0,No Failure,168.9,74.8
L,10.52,3293.26,206.86,4.9,376.0,217.19,0,No Failure,211.2,89.8
L,9.9,3849.57,175.46,4.81,306.0,218.88,0,No Failure,186.0,80.9
M,11.48,3646.96,241.78,4.9,122.0,225.22,0,No Failure,159.7,71.6
H,11.94,3433.37,202.03,4.63,289.0,194.02,0,No Failure,177.8,78.0
L,11.18,3441.29,198.87,4.16,750.0,224.97,0,No Failure,164.5,73.3
M,9.17,2359.18,212.15,5.8,360.0,216.56,0,No Failure,155.8,70.2
M,10.15,4217.98,191.56,4.0,534.0,240.37,0,No Failure,143.8,65.9
M,9.1,3150.77,200.52,5.56,399.0,178.36,0,No Failure,151.6,68.7
L,8.47,3214.57,187.1,4.82,593.0,199.59,0,No Failure,174.2,76.7
M,10.18,3394.13,181.44,4.57,432.0,205.94,0,No Failure,209.0,89.0
M,7.97,3964.77,221.62,4.63,179.0,184.76,0,No Failure,149.8,68.1
L,9.97,3444.6,194.18,4.85,492.0,178.1,0,No Failure,198.3,85.2
H,9.67,3312.31,228.64,5.77,511.0,256.04,0,No Failure,170.1,75.2
H,9.79,3123.24,285.6,5.5,483.0,203.01,0,No Failure,169.2,74.9
L,9.38,3280.2,175.31,4.53,99.0,168.45,0,No Failure,154.1,69.6
L,10.25,3973.93,245.24,5.05,1.0,210.71,0,No Failure,160.4,71.8
M,10.55,4052.7,230.64,4.12,219.0,193.37,0,No Failure,154.8,69.8
M,8.45,3125.99,219.68,4.47,365.0,206.06,0,No Failure,193.1,83.4
L,9.24,3488.24,208.52,3.22,703.0,183.21,0,No Failure,154.4,69.7
L,9.78,3532.59,162.66,4.93,334.0,211.89,0,No Failure,182.9,79.8
H,10.33,3009.27,178.55,4.2,410.0,187.49,0,No Failure,169.2,74.9
H,11.06,3691.75,210.38,4.99,762.0,201.6,0,No Failure,174.6,76.8
L,10.96,3371.6,259.08,4.48,271.0,203.54,0,No Failure,178.8,78.3
H,9.28,3313.53,192.62,4.87,52.0,218.62,0,No Failure,185.9,80.8
M,8.39,3192.16,216.95,5.65,525.0,193.72,0,No Failure,173.8,76.6
M,10.12,3113.87,216.97,4.5,553.0,260.72,0,No Failure,173.2,76.3
M,10.15,2930.14,266.68,4.01,709.0,232.62,0,No Failure,138.2,63.9
H,11.27,3699.67,195.77,5.81,592.0,190.43,0,No Failure,150.3,68.2
L,12.09,3429.09,207.64,4.35,148.0,186.68,0,No Failure,158.5,71.1
L,7.71,3415.87,231.91,5.66,644.0,247.29,0,No Failure,142.2,65.4
H,9.22,3519.95,170.19,5.62,243.0,200.51,0,No Failure,168.4,74.6
M,9.51,3009.45,251.54,7.542,380.0,235.36,0,No Failure,175.7,77.2
H,8.18,3188.21,250.75,4.83,502.0,206.37,0,No Failure,181.2,79.2
M,11.18,3675.7,139.33,6.18,1.0,190.12,0,No Failure,99.8,50.3
L,8.9,3097.39,246.96,5.08,314.0,204.51,0,No Failure,181.6,79.3
H,9.91,2803.3,268.62,4.29,616.0,197.93,0,No Failure,154.6,69.7
L,10.05,3693.02,192.29,5.76,1.0,233.25,0,No Failure,148.7,67.7
H,9.25,3529.26,211.71,4.53,231.0,225.52,0,No Failure,196.1,84.5
M,10.06,3191.03,221.83,5.99,537.0,186.68,0,No Failure,175.2,77.1
L,9.44,2867.33,195.73,4.62,426.0,209.18,0,No Failure,197.9,85.1
L,8.44,2548.68,183.25,3.85,550.0,186.26,0,No Failure,123.8,58.9
L,10.41,2916.28,203.37,5.25,281.0,176.79,0,No Failure,163.9,73.0
H,10.15,3813.75,202.93,4.08,563.0,195.52,0,No Failure,176.8,77.6
L,10.56,3610.05,232.33,5.67,547.0,227.4,0,No Failure,173.0,76.3
L,9.17,3422.65,244.36,4.92,232.0,182.86,0,No Failure,182.0,79.5
M,11.71,2100.0,233.12,4.62,336.0,180.43,1,Weld Expulsion & Splash,11.7,14.6
L,9.84,3779.26,216.57,4.98,527.0,197.61,0,No Failure,203.4,87.0
M,9.23,3681.89,147.8,4.29,644.0,196.39,0,No Failure,151.3,68.6
M,10.02,3675.64,165.13,5.64,318.0,186.24,0,No Failure,159.7,71.6
M,9.78,3344.68,238.25,6.24,366.0,203.35,0,No Failure,187.1,81.3
M,11.04,3064.06,214.015,4.71,398.0,243.31,0,No Failure,175.2,77.1
M,8.0,3555.98,207.22,4.17,45.0,219.44,0,No Failure,158.7,71.2
L,8.72,3168.07,220.43,4.84,538.0,187.89,0,No Failure,188.2,81.7
H,5.772,3584.93,210.06,5.81,228.0,235.41,0,No Failure,152.5,69.0
H,9.98,3395.85,242.5,2.02,438.0,200.5,0,No Failure,205.0,87.6
M,10.5,3074.44,222.39,4.84,367.0,224.07,0,No Failure,198.7,85.4
L,10.84,3076.39,191.07,3.7,428.0,210.66,0,No Failure,174.8,76.9
H,10.83,2979.05,173.53,5.11,767.0,244.48,0,No Failure,133.7,62.4
M,8.67,3737.2,100.527,3.66,353.0,217.94,0,No Failure,164.2,73.1
H,9.88,3006.11,157.64,4.48,481.0,237.93,0,No Failure,164.0,73.1
L,10.72,3200.92,186.15,4.92,569.0,219.86,0,No Failure,184.9,80.5
L,11.89,3090.04,178.98,3.45,589.0,189.93,1,Weld Expulsion & Splash,13.6,14.3
M,11.18,2380.32,251.6,4.03,271.0,238.4,0,No Failure,113.3,55.1
H,10.1,3441.77,207.96,5.29,582.0,251.8,0,No Failure,181.1,79.1
L,9.86,3551.56,195.98,4.67,803.0,200.17,0,No Failure,188.4,81.7
L,10.88,2963.21,212.97,5.1,273.0,215.37,0,No Failure,185.0,80.5
M,11.86,3802.57,187.25,5.15,187.0,228.68,0,No Failure,143.8,65.9
L,8.06,3862.05,222.63,5.54,234.0,190.03,0,No Failure,149.9,68.1
L,9.02,3093.15,206.46,4.78,226.0,177.37,0,No Failure,176.3,77.4
L,9.86,3943.06,142.14,4.99,669.0,209.41,0,No Failure,158.8,71.2
M,10.98,3320.73,227.56,5.41,484.0,209.91,0,No Failure,195.8,84.3
L,9.21,3744.84,214.74,3.82,423.0,194.3,0,No Failure,185.2,80.6
M,10.75,3299.85,213.27,7.542,450.0,203.82,0,No Failure,211.5,89.9
H,8.58,3529.65,243.65,4.87,1.0,210.315,0,No Failure,151.7,68.7
L,9.78,3587.52,210.12,3.85,102.0,121.087,0,No Failure,156.4,70.4
L,8.93,3567.9,205.24,4.84,764.0,236.08,0,No Failure,174.2,76.7
L,10.47,3066.45,201.41,4.89,80.0,250.86,0,No Failure,157.6,70.8
M,8.73,2774.21,165.17,4.85,668.0,155.53,0,No Failure,119.2,57.2
H,10.43,3417.71,245.55,3.68,786.0,246.84,1,Torch Cooling Restriction,13.9,20.3
L,11.59,3426.14,251.53,5.44,412.0,200.65,0,No Failure,174.2,76.7
L,9.81,3506.99,271.57,5.59,415.0,181.67,0,No Failure,171.0,75.6
L,10.85,3911.3,268.25,5.02,24.0,193.8,0,No Failure,134.8,62.7
M,10.6,3284.87,174.67,4.19,325.0,195.81,0,No Failure,174.6,76.8
M,8.42,2425.67,161.3,3.77,900.0,202.6,0,No Failure,93.2,48.0
L,10.18,2931.96,222.21,4.77,413.0,236.7,0,No Failure,192.2,83.1
L,9.6,3823.37,191.95,5.86,684.0,226.34,0,No Failure,156.7,70.5
M,10.33,3731.25,214.05,5.77,673.0,201.86,0,No Failure,174.9,76.9
H,10.42,3227.84,196.3,5.56,166.0,254.7,0,No Failure,151.3,68.6
L,8.75,3055.79,215.24,3.79,969.0,251.05,0,No Failure,122.6,58.4
M,10.16,3082.97,220.71,6.33,694.0,221.9,0,No Failure,159.7,71.5
M,9.44,3193.03,215.37,3.95,464.0,213.09,0,No Failure,202.7,86.8
M,10.77,3512.92,186.94,4.64,208.0,226.61,0,No Failure,178.6,78.2
H,8.73,3802.91,200.63,5.1,202.0,221.3,0,No Failure,171.8,75.8
L,11.36,3683.61,203.96,6.42,235.0,208.03,0,No Failure,151.5,68.7
M,9.0,3108.17,193.37,5.69,80.0,229.29,0,No Failure,150.7,68.4
L,10.03,3093.65,254.8,5.67,601.0,244.56,0,No Failure,150.2,68.2
M,10.58,3331.65,192.46,5.79,386.0,255.19,0,No Failure,160.9,72.0
H,9.71,3513.2,240.24,4.17,522.0,221.04,0,No Failure,193.7,83.6
M,5.772,2935.67,200.91,4.84,506.0,191.85,0,No Failure,183.6,80.0
L,8.56,3167.52,201.38,4.82,169.0,155.74,0,No Failure,125.9,59.6
L,7.98,2919.15,254.5,4.85,196.0,198.7,0,No Failure,150.0,68.1
L,10.97,3217.73,172.07,3.62,276.0,215.33,0,No Failure,155.5,70.1
L,8.55,3201.15,250.19,5.09,515.0,187.56,0,No Failure,168.4,74.6
L,9.23,3364.99,259.13,5.29,495.0,235.97,0,No Failure,175.3,77.1
H,10.52,3839.64,214.58,4.26,274.0,210.315,0,No Failure,183.8,80.1
L,7.51,3278.95,151.33,5.19,609.0,213.45,0,No Failure,146.6,66.9
L,9.81,3133.53,208.41,5.45,1.0,257.97,0,No Failure,151.5,68.6
M,9.51,3879.17,252.07,4.61,595.0,169.6,0,No Failure,154.5,69.7
L,10.87,3472.41,262.23,4.27,544.0,222.52,0,No Failure,169.8,75.1
M,9.46,3026.09,185.24,5.49,66.0,206.25,0,No Failure,163.6,72.9
H,11.51,3037.16,202.66,5.06,409.0,188.65,1,Weld Expulsion & Splash,6.8,31.3
H,9.28,2979.33,100.527,3.85,706.0,216.59,0,No Failure,152.2,68.9
M,10.95,3682.31,217.45,4.61,392.0,224.99,0,No Failure,194.1,83.8
M,10.33,3754.07,155.77,4.28,-451.0,258.64,0,No Failure,139.4,64.4
L,7.88,3153.09,234.7,4.9,382.0,205.89,0,No Failure,184.4,80.3
M,9.33,3395.84,240.11,5.43,174.0,183.63,0,No Failure,173.1,76.3
L,7.63,3866.0,213.46,3.66,345.0,160.58,0,No Failure,125.9,59.6
L,10.85,3413.36,239.39,4.34,343.0,213.27,0,No Failure,182.8,79.7
L,9.7,4762.043,215.24,3.46,410.0,229.74,0,No Failure,159.6,71.5
L,12.1,2945.78,211.39,4.26,227.0,195.24,1,Weld Expulsion & Splash,2.2,23.6
L,8.16,3787.61,194.97,4.55,785.0,185.09,0,No Failure,143.4,65.8
L,10.31,3741.09,189.94,4.86,430.0,219.58,0,No Failure,197.3,84.9
L,9.1,3208.98,329.231,4.3,335.0,289.44,0,No Failure,148.8,67.7
L,10.21,3367.43,212.29,4.09,595.0,178.99,0,No Failure,183.8,80.1
L,9.78,3277.83,181.45,6.28,560.0,211.23,0,No Failure,172.7,76.2
H,9.63,3580.83,222.28,2.73,821.0,225.25,0,No Failure,145.3,66.4
L,10.47,2831.25,177.63,4.6,684.0,208.79,0,No Failure,165.0,73.4
L,10.37,3992.6,238.81,4.56,286.0,205.71,0,No Failure,177.9,78.0
L,8.12,3644.0,190.09,5.01,960.0,220.21,0,No Failure,145.6,66.6
L,10.15,3614.88,262.3,5.76,34.0,216.94,0,No Failure,151.3,68.6
L,9.21,3275.71,255.97,4.82,162.0,227.2,0,No Failure,167.7,74.4
H,10.64,3419.33,224.13,5.72,907.0,171.89,0,No Failure,144.9,66.3
L,9.55,3626.84,240.32,4.11,565.0,237.66,0,No Failure,171.4,75.7
L,10.48,3418.11,204.15,4.27,179.0,223.65,0,No Failure,187.5,81.4
L,11.53,2961.43,203.17,5.56,192.0,205.23,1,Weld Expulsion & Splash,3.7,25.2
L,7.56,3184.13,190.16,5.33,351.0,207.83,0,No Failure,168.6,74.7
H,9.07,3876.94,206.77,4.8,-451.0,207.4,0,No Failure,200.3,85.9
L,11.01,3323.09,229.87,3.36,352.0,166.02,0,No Failure,147.1,67.1
H,8.52,3751.88,179.63,5.21,478.0,232.99,0,No Failure,160.9,72.0
L,11.05,3805.17,155.94,4.86,88.0,214.09,0,No Failure,149.1,67.8
L,8.52,3279.34,298.65,3.98,415.0,188.17,0,No Failure,131.6,61.6
M,9.28,3712.52,252.4,4.59,1.0,250.9,0,No Failure,140.8,64.9
H,8.45,3570.62,228.63,5.52,580.0,209.82,0,No Failure,180.3,78.9
L,9.03,3458.83,169.25,5.66,635.0,240.71,0,No Failure,150.4,68.3
L,11.04,3612.25,250.91,5.02,588.0,225.85,0,No Failure,168.8,74.8
H,11.27,3134.75,222.9,5.78,74.0,217.26,0,No Failure,154.6,69.8
M,10.21,4151.94,283.1,5.36,26.0,174.82,0,No Failure,106.8,52.8
L,10.43,3677.15,231.79,5.31,614.0,223.23,0,No Failure,178.0,78.1
H,8.95,2896.92,214.575,5.36,428.0,242.25,0,No Failure,149.5,67.9
M,9.0,2951.94,249.96,4.78,182.0,238.85,0,No Failure,156.4,70.4
L,9.15,3565.49,214.77,4.6,166.0,178.75,0,No Failure,181.4,79.3
L,6.8,3274.07,241.32,4.23,241.0,209.73,0,No Failure,153.6,69.4
L,9.9,2552.65,212.04,5.29,704.0,241.23,0,No Failure,151.3,68.6
L,9.73,3550.1,210.18,5.48,510.0,213.4,0,No Failure,207.5,88.5
H,10.1,3848.47,300.36,4.85,583.0,266.65,0,No Failure,124.3,59.0
L,8.46,2971.07,256.85,4.93,179.0,233.57,0,No Failure,146.9,67.0
M,8.52,3764.7,148.26,6.09,555.0,195.06,0,No Failure,126.2,59.7
L,9.57,3306.23,213.2,5.87,228.0,201.89,0,No Failure,190.8,82.6
M,10.63,2628.45,273.77,5.55,312.0,183.28,0,No Failure,125.0,59.3
L,9.27,3673.42,233.14,4.98,468.0,217.3,0,No Failure,199.9,85.8
L,11.89,2342.2,198.24,3.07,158.0,177.9,1,Weld Expulsion & Splash,2.7,0.0
L,10.36,4217.97,237.6,5.52,326.0,212.74,0,No Failure,162.8,72.6
L,10.98,3449.29,240.36,3.14,326.0,233.14,0,No Failure,151.1,68.5
L,10.48,3396.58,221.93,5.43,124.0,233.77,0,No Failure,177.6,77.9
L,10.83,3264.95,249.8,4.84,601.0,184.65,0,No Failure,172.0,75.9
M,10.4,3509.54,206.14,3.98,774.0,186.16,0,No Failure,165.4,73.6
M,8.81,4414.89,275.49,5.2,1.0,222.37,0,No Failure,107.9,53.2
L,6.82,3808.62,260.38,3.99,308.0,177.64,0,No Failure,110.5,54.1
H,9.52,4540.83,206.16,6.56,480.0,213.56,0,No Failure,139.5,64.4
H,9.37,3265.58,200.77,4.07,365.0,232.83,0,No Failure,186.4,81.0
M,8.64,3648.37,241.3,4.48,170.0,218.4,0,No Failure,170.5,75.4
L,10.47,2994.74,191.43,5.12,296.0,168.38,0,No Failure,158.6,71.2
L,9.18,3822.16,175.02,5.02,485.0,219.13,0,No Failure,178.1,78.1
H,9.98,3515.87,194.89,4.79,319.0,221.27,0,No Failure,208.0,88.7
L,9.1,3093.01,246.33,5.34,100.0,223.69,0,No Failure,159.2,71.4
H,9.45,3139.16,249.24,4.14,331.0,233.57,0,No Failure,171.1,75.6
L,10.2,3755.03,179.28,5.39,235.0,247.82,0,No Failure,151.2,68.6
L,9.11,3404.51,233.55,4.46,863.0,174.18,0,No Failure,159.8,71.6
L,9.78,3494.05,168.66,4.89,265.0,178.46,0,No Failure,162.9,72.7
L,9.55,3264.01,205.99,3.81,701.0,211.12,0,No Failure,185.4,80.7
H,10.31,3238.08,248.08,5.44,480.0,177.96,0,No Failure,170.3,75.3
M,8.86,3511.57,205.1,4.72,723.0,206.79,0,No Failure,192.6,83.2
M,11.08,3534.14,227.0,2.97,449.0,225.66,0,No Failure,158.4,71.1
M,8.22,3297.41,216.95,6.08,153.0,218.94,0,No Failure,160.7,71.9
L,9.97,4095.82,209.95,4.54,375.0,225.92,0,No Failure,186.5,81.0
L,10.09,3334.52,233.12,4.44,333.0,222.32,0,No Failure,202.2,86.6
M,10.36,3963.76,201.4,3.67,662.0,255.5,1,Torch Cooling Restriction,12.9,16.3
H,8.51,4118.01,258.51,4.21,522.0,186.69,0,No Failure,134.4,62.6
L,11.22,2772.31,199.98,3.37,26.0,197.44,1,Weld Expulsion & Splash,9.3,12.6
M,10.52,3457.23,180.13,4.76,341.0,181.22,0,No Failure,184.4,80.3
M,9.82,4045.46,191.12,5.52,150.0,211.84,0,No Failure,165.9,73.8
M,9.22,3588.84,223.92,4.75,740.0,197.12,0,No Failure,188.1,81.6
H,8.15,4504.06,252.75,3.63,415.0,230.57,0,No Failure,111.8,54.6
H,10.9,2980.14,194.26,3.85,526.0,209.74,0,No Failure,168.4,74.6
L,10.61,2973.65,219.77,5.96,436.0,203.59,0,No Failure,177.8,78.0
L,11.53,3413.36,215.33,5.04,326.0,188.05,0,No Failure,173.9,76.6
H,11.8,3275.71,189.87,4.12,764.0,201.91,0,No Failure,150.3,68.2
L,8.62,3383.72,212.65,5.11,544.0,241.69,0,No Failure,184.9,80.5
H,11.73,3826.48,202.35,4.86,698.0,200.39,0,No Failure,161.4,72.1
M,8.58,3338.17,228.26,4.53,497.0,222.14,0,No Failure,194.0,83.7
H,9.0,2846.49,262.15,5.17,473.0,216.32,0,No Failure,165.8,73.7
L,9.07,3399.88,246.99,5.36,119.0,261.37,0,No Failure,147.0,67.1
M,9.34,3260.94,170.78,4.44,199.0,196.69,0,No Failure,174.0,76.6
H,9.08,3703.85,268.28,4.34,677.0,228.61,0,No Failure,150.7,68.4
L,10.35,3585.12,216.52,5.6,485.0,208.45,0,No Failure,201.1,86.2
L,11.11,3480.04,223.42,4.49,546.0,202.32,0,No Failure,193.2,83.4
M,12.31,3020.73,148.15,4.11,556.0,176.9,1,Weld Expulsion & Splash,13.3,8.4
M,10.81,3279.96,265.93,4.86,611.0,209.63,0,No Failure,180.5,78.9
M,7.95,3527.76,202.22,4.04,784.0,240.18,0,No Failure,140.7,64.8
M,9.62,3380.2,236.2,3.78,-102.0,287.51,0,No Failure,143.9,66.0
H,9.94,3607.22,263.27,4.68,602.0,198.76,0,No Failure,182.8,79.7
M,8.51,3441.34,221.94,5.55,274.0,209.81,0,No Failure,190.1,82.3
L,11.04,3319.35,210.31,4.51,1.0,221.25,0,No Failure,174.6,76.8
L,10.29,2954.19,175.57,4.55,943.0,223.83,0,No Failure,144.9,66.3
L,10.04,3968.14,230.57,5.18,448.0,223.8,0,No Failure,185.8,80.8
L,9.77,3608.71,169.51,4.48,528.0,202.62,0,No Failure,189.0,81.9
M,7.27,3203.32,189.43,3.64,678.0,218.66,0,No Failure,134.3,62.6
L,9.06,3349.08,229.64,5.14,629.0,183.68,0,No Failure,181.2,79.2
H,8.7,3294.5,218.37,4.5,735.0,240.87,0,No Failure,169.7,75.1
L,9.72,3536.74,242.54,4.06,232.0,199.5,0,No Failure,184.0,80.2
M,10.26,4095.94,235.66,5.33,233.0,204.59,0,No Failure,166.3,73.9
M,10.33,3126.53,250.91,3.92,307.0,199.69,0,No Failure,169.6,75.1
M,9.98,3477.21,230.94,4.75,517.0,217.36,0,No Failure,213.6,90.6
L,10.66,3717.88,180.25,5.79,430.0,196.97,0,No Failure,166.2,73.9
H,9.62,2765.61,185.05,5.72,589.0,224.08,0,No Failure,155.3,70.0
L,11.77,3349.67,261.71,5.78,930.0,208.28,1,Electrode Cap Mushrooming,2.1,16.0
M,6.96,3339.66,100.527,4.21,266.0,229.52,0,No Failure,146.4,66.9
M,11.23,3454.12,231.74,4.34,545.0,207.98,0,No Failure,189.0,82.0
H,8.23,2424.07,220.37,5.16,76.0,181.68,0,No Failure,123.9,58.9
M,9.59,3140.8,223.9,5.82,316.0,218.31,0,No Failure,187.2,81.3
H,10.47,2849.79,287.96,7.542,259.0,230.38,0,No Failure,140.0,64.6
L,9.25,3659.0,207.42,5.97,311.0,241.89,0,No Failure,163.7,73.0
H,8.96,3373.08,271.02,4.44,409.0,200.42,0,No Failure,183.7,80.1
M,6.78,3391.15,223.1,4.55,465.0,184.7,0,No Failure,166.3,73.9
M,7.9,3405.95,207.91,3.05,563.0,220.33,0,No Failure,154.7,69.8
L,9.8,3456.55,200.46,4.28,521.0,216.19,0,No Failure,208.3,88.8
L,10.48,3418.96,260.13,5.15,155.0,183.77,0,No Failure,164.1,73.1
L,9.47,3379.11,176.1,3.74,1.0,248.38,0,No Failure,138.7,64.1
L,13.32,2921.41,244.59,5.26,483.0,193.26,1,Weld Expulsion & Splash,4.8,16.7
H,11.28,3179.33,246.33,5.47,325.0,203.38,0,No Failure,168.6,74.7
L,10.14,3684.45,201.9,5.69,369.0,208.96,0,No Failure,193.4,83.5
H,13.818,4130.05,197.48,4.94,347.0,226.7,0,No Failure,176.5,77.5
M,8.32,3813.63,225.14,4.36,-451.0,201.39,0,No Failure,162.0,72.4
L,9.41,3324.14,152.78,4.54,363.0,214.72,0,No Failure,187.4,81.4
L,8.9,3415.3,215.24,4.82,446.0,220.18,0,No Failure,208.0,88.7
L,10.28,3429.83,213.7,5.24,56.0,226.35,0,No Failure,186.7,81.1
L,10.55,3090.59,241.49,4.63,424.0,214.37,0,No Failure,195.9,84.4
L,10.49,3282.72,265.37,4.36,205.0,221.45,0,No Failure,168.5,74.7
M,8.69,3466.48,273.09,4.49,230.0,183.4,0,No Failure,155.0,69.9
M,10.5,3006.75,211.7,4.27,368.0,206.3,0,No Failure,194.5,83.9
M,9.84,3849.75,136.59,5.15,789.0,211.56,0,No Failure,148.1,67.5
M,11.89,3115.26,250.29,4.22,-216.0,244.88,1,Electrode Cap Mushrooming,5.1,5.1
M,11.33,3979.31,250.37,4.42,437.0,195.32,0,No Failure,156.7,70.5
L,8.69,2803.09,205.08,4.44,579.0,235.52,0,No Failure,158.5,71.1
M,10.21,3805.47,221.86,4.84,178.0,182.54,0,No Failure,178.2,78.1
H,9.92,3385.02,239.82,5.31,248.0,182.97,0,No Failure,184.9,80.5
H,8.51,3736.6,209.33,4.06,571.0,229.53,0,No Failure,165.3,73.6
L,10.55,3395.04,143.91,3.91,629.0,241.57,0,No Failure,139.3,64.4
M,10.65,3797.62,179.01,4.41,397.0,215.18,0,No Failure,179.7,78.6
H,9.52,2698.27,214.57,4.7,412.0,209.35,0,No Failure,203.0,86.9
L,9.43,3498.14,221.73,3.81,204.0,237.93,0,No Failure,172.9,76.2
L,8.55,3365.55,243.2,4.82,654.0,177.06,0,No Failure,168.4,74.6
H,10.28,3688.99,206.99,4.52,578.0,202.46,0,No Failure,195.3,84.2
M,8.89,3258.55,233.83,3.84,184.0,204.37,0,No Failure,171.5,75.7
L,9.33,2952.67,253.7,4.11,165.0,186.38,0,No Failure,147.4,67.2
L,10.6,3691.34,234.21,5.3,827.0,211.41,0,No Failure,167.7,74.4
L,9.57,3561.76,248.09,5.63,1267.0,209.6,0,No Failure,167.3,74.3
L,9.86,3637.58,197.13,4.27,528.0,209.12,0,No Failure,201.2,86.3
M,6.26,3797.45,244.25,4.16,139.0,174.08,0,No Failure,104.3,51.9
L,9.61,3746.31,202.77,4.61,1267.0,204.21,0,No Failure,178.6,78.2
M,11.28,3769.5,178.12,6.54,1.0,196.57,0,No Failure,110.5,54.1
L,9.08,3371.19,238.01,4.74,637.0,201.14,0,No Failure,195.2,84.1
L,9.77,3208.71,213.29,3.88,533.0,226.78,0,No Failure,192.2,83.1
L,10.91,3384.98,231.84,5.15,472.0,213.35,0,No Failure,201.7,86.4
H,8.49,3212.66,174.05,4.88,148.0,221.22,0,No Failure,165.2,73.5
M,9.98,3687.44,195.17,5.44,667.0,209.81,0,No Failure,181.1,79.1
H,11.26,3252.42,205.47,4.97,398.0,229.98,0,No Failure,189.5,82.1
L,9.78,3461.84,199.02,4.97,135.0,215.06,0,No Failure,192.7,83.3
M,8.83,2758.58,250.54,4.39,199.0,210.92,0,No Failure,157.0,70.6
L,9.2,3164.69,184.48,3.46,220.0,226.09,0,No Failure,153.5,69.4
L,9.78,3486.52,158.35,5.56,678.0,229.98,0,No Failure,161.1,72.0
L,9.54,3485.59,219.01,5.95,451.0,255.81,0,No Failure,173.3,76.4
H,11.4,3173.83,267.96,6.22,665.0,222.5,0,No Failure,125.7,59.5
L,10.55,4349.0,179.75,3.81,7.0,201.84,0,No Failure,117.5,56.6
M,9.21,2624.12,241.78,4.4,1071.0,181.63,0,No Failure,114.5,55.6
L,11.39,3480.34,184.32,4.85,63.0,159.56,0,No Failure,139.6,64.4
L,10.1,3344.64,291.17,4.96,241.0,175.22,0,No Failure,156.6,70.4
H,9.54,3619.65,258.61,5.41,690.0,209.62,0,No Failure,173.8,76.6
L,11.76,3099.17,236.44,4.82,608.0,198.19,1,Weld Expulsion & Splash,3.7,14.3
L,8.31,3444.37,188.41,5.46,744.0,198.28,0,No Failure,159.5,71.5
L,11.45,3104.64,272.94,5.22,576.0,197.24,0,No Failure,146.8,67.0
H,9.07,3557.44,221.13,4.27,372.0,185.22,0,No Failure,188.8,81.9
L,8.95,3609.83,254.47,3.78,210.0,181.24,0,No Failure,144.1,66.0
H,10.76,3280.95,225.64,3.97,443.0,193.4,0,No Failure,185.5,80.7
L,9.38,3260.11,141.84,4.62,487.0,209.01,0,No Failure,182.3,79.6
M,8.54,4164.95,229.1,4.56,624.0,263.72,0,No Failure,128.0,60.3
L,9.42,2916.99,152.99,4.75,532.0,208.72,0,No Failure,173.8,76.6
H,10.18,3682.39,137.03,4.48,651.0,234.73,0,No Failure,144.8,66.3
L,11.0,3349.02,242.04,4.57,573.0,188.42,0,No Failure,177.2,77.8
L,10.52,3831.84,192.79,6.02,325.0,201.95,0,No Failure,162.4,72.5
H,9.83,3124.63,215.69,4.59,8.0,182.32,0,No Failure,177.2,77.7
L,10.91,3084.51,214.51,4.39,94.0,219.92,0,No Failure,173.3,76.4
M,9.31,3374.27,225.36,3.82,399.0,217.24,0,No Failure,187.5,81.4
M,9.82,3096.6,247.71,4.7,355.0,191.24,0,No Failure,191.7,82.9
L,10.86,3413.36,203.26,4.05,30.0,225.6,0,No Failure,149.2,67.9
H,9.21,3303.79,225.09,3.73,419.0,191.02,0,No Failure,186.8,81.2
M,9.94,3033.84,141.09,4.9,536.0,188.38,0,No Failure,161.4,72.2
M,8.28,3662.42,189.56,5.34,247.0,203.52,0,No Failure,166.8,74.1
L,8.94,3531.69,228.16,5.57,425.0,216.07,0,No Failure,194.4,83.9
M,8.92,3251.07,134.42,5.59,807.0,193.63,0,No Failure,127.1,60.0
M,8.7,3002.6,240.48,4.52,397.0,193.59,0,No Failure,176.0,77.3
H,11.18,3675.32,230.38,4.04,169.0,198.01,0,No Failure,159.8,71.6
M,9.87,3170.41,224.45,4.23,1.0,226.53,0,No Failure,173.5,76.4
L,10.42,3764.88,208.1,5.12,678.0,219.69,0,No Failure,181.8,79.4
L,8.27,3514.8,247.29,4.92,396.0,212.42,0,No Failure,191.1,82.7
M,9.95,3247.24,227.09,5.07,645.0,173.23,0,No Failure,180.1,78.8
H,11.13,3809.19,194.82,4.85,833.0,203.28,0,No Failure,160.3,71.8
L,10.52,3050.98,182.16,4.07,1100.0,213.26,0,No Failure,135.4,62.9
L,9.96,3880.89,220.43,5.48,527.0,228.89,0,No Failure,180.5,78.9
L,10.3,3239.89,219.63,5.01,463.0,234.73,0,No Failure,199.8,85.8
H,10.37,3768.72,228.62,3.14,680.0,188.11,0,No Failure,142.0,65.3
L,8.25,3217.36,165.81,5.04,578.0,213.69,0,No Failure,166.9,74.1
M,10.52,3366.84,207.75,3.77,376.0,225.53,0,No Failure,189.3,82.1
M,8.86,3142.2,203.02,4.18,388.0,174.28,0,No Failure,170.2,75.3
L,9.27,3132.38,218.27,5.21,218.0,255.49,0,No Failure,166.7,74.0
L,10.45,3815.48,152.45,4.12,490.0,181.44,0,No Failure,143.7,65.9
M,9.54,3875.83,223.98,4.75,415.0,226.76,0,No Failure,199.1,85.5
L,10.98,3172.25,263.51,4.47,-451.0,212.13,0,No Failure,174.9,76.9
L,9.95,3692.19,270.3,4.6,415.0,182.28,0,No Failure,162.1,72.4
L,11.14,4762.043,240.1,4.31,245.0,221.88,0,No Failure,177.3,77.8
L,10.38,3250.19,225.51,6.34,548.0,199.56,0,No Failure,171.7,75.8
M,9.17,3191.23,209.17,4.18,275.0,206.5,0,No Failure,194.0,83.7
M,11.51,3637.02,265.24,5.0,373.0,214.76,0,No Failure,169.4,75.0
H,8.36,4762.043,223.88,5.42,459.0,231.12,0,No Failure,179.1,78.4
L,5.772,3030.32,238.16,6.78,245.0,260.17,0,No Failure,118.1,56.8
M,10.32,3507.78,184.0,4.55,176.0,187.78,0,No Failure,175.9,77.3
H,10.1,4126.17,289.81,4.92,510.0,174.15,0,No Failure,135.2,62.9
L,10.21,2862.3,226.55,4.79,251.0,190.9,0,No Failure,181.6,79.3
M,11.12,2935.43,191.73,5.98,475.0,186.63,0,No Failure,145.2,66.4
L,8.41,4110.01,258.01,4.38,112.0,178.58,0,No Failure,117.9,56.7
M,12.36,3828.22,183.37,4.04,737.0,235.54,0,No Failure,114.6,55.6
L,10.11,3448.69,250.49,3.93,506.0,253.83,0,No Failure,162.2,72.4
L,9.34,3388.84,166.61,4.51,623.0,208.59,0,No Failure,187.9,81.6
L,9.23,3464.59,221.06,3.37,412.0,217.73,0,No Failure,189.8,82.2
L,11.0,3667.66,243.05,4.92,571.0,203.16,0,No Failure,180.1,78.8
L,10.36,3494.85,179.73,7.542,262.0,224.92,0,No Failure,176.2,77.4
L,9.62,3850.42,243.4,4.69,492.0,236.5,0,No Failure,179.3,78.5
L,11.32,3395.7,198.36,4.42,650.0,210.59,0,No Failure,185.6,80.7
H,9.44,3144.79,137.85,5.48,365.0,199.77,0,No Failure,160.5,71.8
L,10.85,3245.1,188.38,5.35,386.0,173.07,0,No Failure,166.2,73.8
L,10.48,3277.64,171.31,3.94,407.0,202.49,0,No Failure,178.7,78.3
L,9.47,2951.76,229.01,5.4,575.0,230.05,0,No Failure,172.8,76.2
M,10.56,3037.95,235.66,5.43,449.0,219.57,0,No Failure,181.5,79.3
L,9.76,3437.58,240.9,4.82,484.0,180.74,0,No Failure,193.2,83.4
H,9.76,3090.73,197.25,5.57,-451.0,193.59,0,No Failure,181.6,79.3
M,10.07,3585.66,219.04,4.17,232.0,203.06,0,No Failure,195.6,84.3
L,11.18,3161.69,191.57,4.69,554.0,198.54,0,No Failure,179.2,78.5
M,11.49,3049.84,187.24,4.54,358.0,194.23,1,Weld Expulsion & Splash,5.2,29.0
M,12.0,3436.03,240.89,4.65,425.0,239.12,0,No Failure,170.6,75.4
H,11.47,2913.2,248.98,6.02,471.0,219.66,1,Weld Expulsion & Splash,5.0,20.5
H,8.56,3868.69,172.93,4.06,512.0,229.51,0,No Failure,146.2,66.8
M,8.43,3102.12,196.61,5.06,757.0,211.79,0,No Failure,169.1,74.9
H,9.8,3730.07,261.75,5.32,410.0,210.315,0,No Failure,176.0,77.3
M,10.21,2517.87,218.34,4.81,843.0,205.96,0,No Failure,164.0,73.1
L,10.42,2886.79,205.74,2.75,555.0,188.53,0,No Failure,137.7,63.8
L,8.82,3777.93,188.68,6.61,42.0,186.23,0,No Failure,117.0,56.5
L,8.79,3033.62,224.43,4.98,466.0,208.26,0,No Failure,197.1,84.8
L,10.6,3582.54,190.05,5.0,403.0,224.43,0,No Failure,193.0,83.4
L,7.85,3212.77,197.98,3.83,782.0,209.06,0,No Failure,144.6,66.2
H,10.38,3828.6,232.35,4.81,449.0,209.31,0,No Failure,202.1,86.6
M,5.772,4015.66,197.56,5.0,355.0,253.83,0,No Failure,157.9,70.9
L,10.81,3498.17,299.79,6.9,471.0,161.18,0,No Failure,98.1,49.8
L,11.08,3357.9,199.85,4.8,239.0,200.63,0,No Failure,193.7,83.6
L,10.27,3891.18,234.12,3.71,395.0,241.12,0,No Failure,157.3,70.7
M,8.82,3575.63,203.91,5.1,123.0,208.96,0,No Failure,186.0,80.9
L,10.64,2950.08,240.37,5.78,354.0,136.93,0,No Failure,122.9,58.5
L,10.73,3167.58,178.58,6.14,297.0,201.68,0,No Failure,156.2,70.3
M,10.76,3631.71,252.75,5.66,194.0,211.08,0,No Failure,163.2,72.8
L,7.55,3456.99,213.22,4.37,348.0,238.5,0,No Failure,170.9,75.5
L,11.58,3653.26,197.13,4.05,236.0,264.67,0,No Failure,129.9,61.0
L,9.04,3572.56,221.02,4.99,584.0,217.93,0,No Failure,198.4,85.3
L,8.62,3481.1,162.81,4.8,228.0,184.32,0,No Failure,163.4,72.9
L,10.38,3449.81,242.46,4.31,418.0,199.88,0,No Failure,198.5,85.3
M,8.6,2688.19,247.74,4.75,144.0,187.62,0,No Failure,134.9,62.8
M,9.19,3845.23,184.74,2.77,603.0,207.09,0,No Failure,139.9,64.6
H,9.79,3141.28,239.48,3.35,227.0,190.19,0,No Failure,159.7,71.6
L,9.23,3231.04,219.88,4.7,269.0,212.26,0,No Failure,208.6,88.9
L,7.08,3923.16,201.65,3.82,311.0,187.05,0,No Failure,128.3,60.4
L,9.44,2766.42,222.63,5.37,69.0,195.24,0,No Failure,158.9,71.3
H,10.43,2994.02,250.26,5.49,1004.0,176.69,1,Electrode Cap Mushrooming,5.8,12.6
M,9.97,3613.07,241.87,4.7,412.0,199.36,0,No Failure,205.4,87.7
L,10.54,3267.44,192.99,5.21,736.0,206.31,0,No Failure,180.4,78.9
H,7.21,3000.04,196.83,5.82,568.0,226.06,0,No Failure,134.0,62.5
H,11.18,3488.86,174.09,6.4,158.0,170.13,0,No Failure,117.6,56.7
L,11.77,3380.64,174.9,3.29,528.0,186.25,0,No Failure,135.2,62.9
L,7.72,3458.01,224.85,4.09,706.0,179.23,0,No Failure,147.7,67.3
L,8.48,3773.44,261.34,5.4,503.0,162.57,0,No Failure,132.0,61.8
L,9.3,2905.21,193.07,5.46,679.0,222.63,0,No Failure,161.2,72.1
L,8.88,3226.31,259.67,5.22,472.0,214.83,0,No Failure,181.4,79.2
H,10.52,4028.23,164.98,5.26,307.0,226.26,0,No Failure,150.0,68.1
M,11.33,3722.44,231.75,4.36,333.0,223.78,0,No Failure,171.5,75.7
L,10.75,3353.1,186.27,5.38,365.0,235.58,0,No Failure,176.9,77.6
L,10.3,3385.01,148.25,3.11,468.0,199.86,0,No Failure,152.7,69.1
L,10.27,3031.28,205.87,4.51,580.0,215.65,0,No Failure,192.4,83.2
M,9.55,3351.24,220.97,6.34,398.0,253.06,0,No Failure,168.3,74.6
M,8.5,2764.49,100.527,4.15,507.0,206.58,0,No Failure,163.0,72.7
L,8.94,3552.89,203.79,6.55,429.0,222.24,0,No Failure,169.4,75.0
M,11.59,3450.44,211.08,5.84,207.0,210.14,0,No Failure,173.4,76.4
M,11.71,3828.54,248.17,2.78,461.0,202.16,0,No Failure,126.6,59.8
L,10.95,3267.9,204.15,4.0,540.0,192.11,0,No Failure,175.3,77.1
H,9.32,3100.18,189.05,4.81,357.0,226.66,0,No Failure,186.4,81.0
M,10.16,3384.05,241.42,4.96,709.0,179.28,0,No Failure,177.9,78.0
M,10.73,3957.8,205.29,5.77,528.0,278.57,0,No Failure,124.5,59.1
L,10.33,3742.86,196.17,2.02,645.0,203.76,0,No Failure,179.9,78.7
M,8.91,3224.35,145.84,4.69,729.0,192.46,0,No Failure,150.4,68.3
M,11.07,4012.6,194.71,4.31,123.0,184.25,0,No Failure,138.1,63.9
L,5.772,3105.77,176.08,4.51,113.0,177.79,0,No Failure,137.8,63.8
M,9.93,3422.55,202.75,5.56,434.0,223.21,0,No Failure,205.1,87.6
L,9.59,3413.36,227.95,3.3,734.0,245.51,1,Torch Cooling Restriction,13.4,23.1
M,12.05,3243.61,198.56,5.48,121.0,276.66,0,No Failure,113.6,55.2
H,10.09,3857.45,199.17,5.45,1.0,167.61,0,No Failure,138.4,64.0
H,11.59,3111.98,271.06,4.31,728.0,217.76,1,Electrode Cap Mushrooming,7.5,18.8
M,6.86,3380.87,224.71,4.77,684.0,235.11,0,No Failure,156.7,70.5
M,10.48,3437.11,204.65,5.66,481.0,228.23,0,No Failure,188.7,81.8
H,7.73,2761.06,209.84,4.11,81.0,208.91,0,No Failure,142.4,65.4
L,9.7,3422.44,100.527,5.45,296.0,210.53,0,No Failure,209.2,89.1
L,10.43,3362.37,184.66,5.04,77.0,191.54,0,No Failure,173.8,76.5
H,10.95,2848.82,158.07,5.4,323.0,183.64,0,No Failure,134.9,62.8
L,6.43,3433.03,192.28,5.39,771.0,168.36,0,No Failure,115.4,55.9
L,9.54,3509.81,184.7,4.78,456.0,183.5,0,No Failure,196.1,84.4
L,9.22,2903.48,200.69,2.98,608.0,175.97,0,No Failure,129.4,60.8
L,10.27,3695.16,168.34,3.82,338.0,171.24,0,No Failure,145.1,66.4
M,9.45,3709.83,209.55,4.12,581.0,215.0,0,No Failure,190.5,82.5
L,8.68,3356.98,278.74,4.62,178.0,200.99,0,No Failure,164.1,73.1
M,10.49,2928.08,212.3,4.12,690.0,187.04,0,No Failure,161.0,72.0
L,9.78,3507.74,213.5,3.82,354.0,179.5,0,No Failure,179.8,78.7
L,9.73,2628.67,234.79,4.79,31.0,259.29,0,No Failure,137.7,63.8
M,8.82,3383.55,223.22,4.59,693.0,181.85,0,No Failure,179.5,78.6
L,10.85,2829.34,208.74,4.1,521.0,233.61,0,No Failure,160.1,71.7
H,10.63,2703.7,187.57,5.62,72.0,204.01,0,No Failure,140.3,64.7
L,8.94,3342.0,208.9,4.85,200.0,216.34,0,No Failure,202.1,86.6
H,10.67,2580.05,210.49,4.88,144.0,233.97,0,No Failure,145.7,66.6
H,8.33,3128.8,219.57,5.29,862.0,205.99,0,No Failure,162.2,72.5
H,10.3,2729.96,188.84,5.02,789.0,232.85,0,No Failure,146.8,67.0
M,7.99,3436.27,210.74,4.45,547.0,232.52,0,No Failure,179.0,78.4
L,9.11,3306.98,164.09,5.7,278.0,210.59,0,No Failure,171.7,75.8
H,8.2,3148.46,250.36,5.0,777.0,180.37,1,Electrode Cap Mushrooming,12.8,19.8
L,8.78,2799.8,150.62,4.46,119.0,155.19,0,No Failure,103.8,51.7
L,7.24,3540.43,212.43,4.03,455.0,222.16,0,No Failure,168.7,74.8
M,8.65,4333.46,267.04,5.51,545.0,209.81,0,No Failure,123.0,58.6
M,10.18,3253.66,209.82,4.4,251.0,247.63,0,No Failure,180.8,79.0
L,9.64,3652.48,194.02,4.77,884.0,212.8,0,No Failure,183.1,79.9
M,8.25,3579.86,225.07,6.11,360.0,208.97,0,No Failure,172.2,76.0
M,8.17,3524.44,262.26,6.05,114.0,218.89,0,No Failure,134.5,62.6
L,9.43,3635.42,180.68,5.12,286.0,190.1,0,No Failure,178.6,78.3
L,9.47,3229.75,210.06,5.04,396.0,221.83,0,No Failure,210.9,89.7
H,7.76,3208.44,210.91,5.26,248.0,174.23,0,No Failure,155.0,69.9
L,9.54,2718.05,223.17,4.6,536.0,192.68,0,No Failure,179.8,78.7
H,10.08,3233.54,168.34,4.99,593.0,200.18,0,No Failure,183.5,80.0
H,10.41,2648.09,197.87,5.7,1100.0,213.88,0,No Failure,123.9,58.9
M,8.96,3262.73,222.0,5.8,249.0,238.94,0,No Failure,166.4,73.9
L,8.88,3932.04,201.46,4.7,869.0,227.75,0,No Failure,153.7,69.4
L,10.88,3185.31,218.62,4.36,725.0,233.28,0,No Failure,168.2,74.6
H,12.34,2791.15,210.27,4.81,583.0,180.46,1,Weld Expulsion & Splash,3.0,13.4
H,9.39,3980.35,171.92,4.35,395.0,250.5,0,No Failure,149.8,68.0
L,9.58,2969.96,184.57,5.27,372.0,252.82,0,No Failure,161.6,72.2
M,10.83,3369.72,254.6,5.57,594.0,208.0,0,No Failure,174.6,76.8
L,9.02,3735.34,255.92,6.47,314.0,192.21,0,No Failure,139.7,64.5
H,10.05,3353.86,100.527,5.04,228.0,200.22,0,No Failure,186.9,81.2
H,10.53,3586.28,249.18,4.26,419.0,176.6,0,No Failure,168.6,74.7
L,11.16,3203.9,193.62,5.32,351.0,195.4,0,No Failure,176.0,77.3
L,9.69,3341.84,192.83,4.8,306.0,206.78,0,No Failure,215.1,91.2
L,9.36,3555.49,204.31,3.26,424.0,229.34,0,No Failure,175.7,77.2
M,8.53,3420.55,214.015,5.11,312.0,183.84,0,No Failure,167.6,74.4
L,9.19,3495.28,227.93,6.33,348.0,229.02,0,No Failure,170.6,75.4
H,9.91,3828.16,235.05,5.31,240.0,211.5,0,No Failure,186.4,81.0
M,8.48,3128.86,258.85,4.14,416.0,187.33,0,No Failure,158.0,71.0
H,9.73,3745.46,232.32,5.38,285.0,194.82,0,No Failure,184.3,80.3
M,10.32,3069.36,234.17,6.2,201.0,166.85,0,No Failure,135.7,63.0
L,9.78,3759.01,329.231,4.87,502.0,238.27,0,No Failure,169.3,75.0
L,8.79,2754.56,200.97,4.8,303.0,195.29,0,No Failure,173.5,76.5
L,8.97,3614.06,188.96,4.82,392.0,204.66,0,No Failure,180.1,78.8
L,9.88,3383.77,230.38,5.5,508.0,207.6,0,No Failure,208.1,88.7
H,8.71,3423.13,237.06,4.49,111.0,209.48,0,No Failure,184.6,80.4
L,11.24,3031.73,246.78,6.35,48.0,244.35,1,Weld Expulsion & Splash,5.0,7.8
L,10.93,3625.65,188.12,4.85,706.0,179.99,0,No Failure,160.4,71.8
L,10.95,3290.52,196.64,5.16,484.0,194.48,0,No Failure,187.2,81.3
H,9.23,3670.49,264.11,5.39,123.0,173.97,0,No Failure,139.3,64.3
H,8.82,3814.23,235.03,4.96,211.0,204.82,0,No Failure,177.5,77.9
L,8.86,3788.02,261.29,5.03,138.0,215.58,0,No Failure,159.5,71.5
L,10.6,3284.07,231.06,3.42,583.0,184.82,0,No Failure,158.5,71.1
L,10.76,3803.18,223.33,4.66,661.0,217.33,0,No Failure,181.0,79.1
M,9.19,3208.34,234.49,4.52,627.0,211.34,0,No Failure,192.6,83.2
M,11.04,2996.64,217.84,3.67,368.0,239.83,1,Torch Cooling Restriction,4.7,25.3
M,8.19,3689.5,196.99,4.37,515.0,227.09,0,No Failure,168.4,74.6
L,12.16,3373.12,246.82,4.43,562.0,227.67,0,No Failure,159.4,71.5
M,9.34,3404.42,179.44,4.04,506.0,177.49,0,No Failure,171.7,75.8
M,13.818,3936.92,261.4,4.51,441.0,218.47,0,No Failure,180.7,79.0
M,11.03,3521.93,222.75,5.09,815.0,223.29,0,No Failure,171.8,75.9
H,11.02,3395.85,239.28,5.9,387.0,159.54,0,No Failure,133.8,62.4
M,9.18,3385.16,184.54,5.33,635.0,183.18,0,No Failure,171.5,75.8
M,9.96,3233.45,187.23,4.41,150.0,239.4,0,No Failure,170.9,75.5
L,9.6,2830.31,199.34,6.24,617.0,167.02,0,No Failure,132.8,62.0
H,11.27,3230.37,246.02,5.24,158.0,224.63,0,No Failure,159.3,71.4
L,10.16,3443.83,261.75,3.37,587.0,204.49,0,No Failure,164.3,73.2
H,8.48,3309.32,199.56,4.31,419.0,170.38,0,No Failure,168.4,74.6
M,10.97,3697.62,168.07,4.79,367.0,203.89,0,No Failure,179.3,78.5
L,11.57,3252.04,214.94,3.71,321.0,232.33,0,No Failure,163.2,72.8
M,13.818,4091.57,227.63,6.53,224.0,193.45,0,No Failure,128.1,60.4
L,10.55,3707.83,236.84,5.8,551.0,166.43,0,No Failure,146.2,66.8
M,9.34,3750.98,194.83,5.17,312.0,247.2,0,No Failure,168.7,74.7
M,11.6,3603.93,198.74,4.27,330.0,198.49,0,No Failure,172.2,76.0
H,9.15,3248.45,216.12,4.33,388.0,191.25,0,No Failure,198.9,85.4
L,11.31,3160.0,272.31,4.51,113.0,181.9,0,No Failure,134.0,62.4
L,10.6,3400.65,201.66,4.57,617.0,198.92,0,No Failure,196.2,84.5
M,7.51,3391.48,204.89,4.29,16.0,208.18,0,No Failure,162.3,72.5
H,11.15,2608.45,237.8,6.32,137.0,198.1,0,No Failure,116.4,56.2
L,9.14,3516.29,318.49,4.68,393.0,198.33,0,No Failure,165.4,73.6
H,9.08,3274.81,202.55,4.48,472.0,185.58,0,No Failure,191.4,82.8
H,11.11,3524.99,196.59,4.26,391.0,216.38,0,No Failure,188.9,81.9
L,11.59,3269.15,165.14,4.98,946.0,197.81,0,No Failure,136.4,63.3
L,11.89,3075.46,217.21,4.8,332.0,202.81,1,Weld Expulsion & Splash,6.1,35.2
L,10.08,2954.51,229.38,5.0,508.0,204.15,0,No Failure,196.0,84.4
L,9.78,3851.11,214.78,3.28,1059.0,206.89,0,No Failure,143.4,65.8
H,7.37,3595.67,237.75,5.55,582.0,214.83,0,No Failure,155.0,69.9
M,8.43,3553.05,100.527,5.44,266.0,209.81,0,No Failure,180.2,78.8
M,10.49,2990.11,209.16,4.13,294.0,121.087,0,No Failure,186.7,81.1
M,10.33,3179.89,277.9,7.542,407.0,204.92,0,No Failure,168.6,74.7
L,11.54,2857.04,268.01,5.53,364.0,216.58,1,Weld Expulsion & Splash,12.8,20.2
L,10.38,4316.5,199.96,4.26,495.0,182.83,0,No Failure,150.9,68.4
L,9.92,3758.61,207.2,5.93,307.0,207.07,0,No Failure,185.8,80.8
L,10.47,3310.39,211.04,4.44,543.0,200.18,0,No Failure,202.0,86.5
M,12.67,2666.84,229.1,4.91,542.0,197.44,1,Weld Expulsion & Splash,8.6,20.1
M,9.44,2661.42,246.2,3.3,365.0,161.69,0,No Failure,120.2,57.6
M,9.02,3369.76,205.47,4.45,817.0,215.59,0,No Failure,184.9,80.5
H,8.53,3701.06,244.16,4.87,687.0,207.31,0,No Failure,173.1,76.3
L,10.28,3469.1,182.14,4.44,609.0,211.34,0,No Failure,192.6,83.2
H,12.13,3803.59,233.06,3.18,226.0,243.6,1,Torch Cooling Restriction,1.8,9.0
M,10.04,3270.93,281.32,3.32,377.0,243.4,1,Torch Cooling Restriction,2.6,20.0
L,9.33,3544.22,189.27,4.71,675.0,199.95,0,No Failure,188.6,81.8
M,9.32,2892.26,115.26,5.04,374.0,218.73,0,No Failure,176.6,77.6
M,10.59,3272.85,184.52,3.93,248.0,220.6,0,No Failure,170.8,75.5
L,9.41,3339.24,166.08,4.63,615.0,239.12,0,No Failure,171.4,75.7
H,9.23,3091.74,249.69,4.81,1267.0,214.54,0,No Failure,178.3,78.1
M,9.52,3370.09,173.25,2.02,324.0,143.43,0,No Failure,146.5,66.9
L,10.47,2931.13,202.74,5.04,763.0,180.77,0,No Failure,156.9,70.6
L,9.69,4223.9,159.97,4.51,138.0,220.62,0,No Failure,144.2,66.1
M,8.72,3721.56,226.59,5.94,240.0,204.43,0,No Failure,165.0,73.4
L,10.06,3851.98,243.29,5.78,37.0,194.71,0,No Failure,146.5,66.9
H,8.68,2602.1,203.33,4.09,413.0,221.48,0,No Failure,161.0,72.0
M,9.11,3448.82,241.14,5.41,620.0,187.38,0,No Failure,173.4,76.4
M,10.62,3502.63,189.27,4.74,65.0,226.2,0,No Failure,175.1,77.0
L,7.47,2992.7,208.84,4.69,367.0,196.88,0,No Failure,171.2,75.6
L,9.16,3126.04,165.95,3.86,578.0,214.16,0,No Failure,161.2,72.1
L,10.48,3362.13,329.231,4.6,662.0,175.47,0,No Failure,168.3,74.6
L,7.94,3579.14,329.231,5.85,473.0,226.89,0,No Failure,155.8,70.2
M,8.48,3728.89,219.1,3.54,121.0,179.93,0,No Failure,138.2,63.9
H,10.76,3675.04,218.29,3.67,411.0,231.46,0,No Failure,173.7,76.5
H,8.61,3225.83,329.231,4.21,851.0,270.4,0,No Failure,130.6,61.3
L,9.54,3482.55,243.11,3.9,307.0,202.59,0,No Failure,187.0,81.2
H,8.44,3325.8,208.07,4.05,419.0,208.13,0,No Failure,189.3,82.1
L,9.94,4152.46,196.63,3.31,758.0,253.41,1,Torch Cooling Restriction,10.2,10.3
H,8.93,2870.6,210.28,4.16,370.0,192.47,0,No Failure,174.2,76.7
M,9.96,3719.95,280.0,4.42,314.0,183.63,0,No Failure,159.0,71.3
M,10.9,4218.29,217.88,4.91,305.0,211.41,0,No Failure,177.2,77.8
L,9.63,3481.58,236.68,6.11,475.0,190.42,0,No Failure,178.6,78.3
H,7.86,3302.17,260.59,5.67,1.0,202.65,0,No Failure,133.5,62.3
M,9.8,3251.54,185.07,5.23,515.0,215.26,0,No Failure,199.7,85.7
M,9.29,3248.91,244.91,4.83,660.0,173.36,0,No Failure,170.3,75.3
L,11.23,3465.74,167.86,3.32,62.0,184.44,0,No Failure,120.4,57.6
L,10.75,3401.27,194.35,4.56,841.0,220.93,0,No Failure,175.4,77.1
H,9.37,3511.21,171.49,5.41,1267.0,222.21,0,No Failure,158.3,71.1
L,12.41,3283.28,270.96,4.23,497.0,187.23,0,No Failure,136.7,63.4
H,9.11,3965.61,178.72,4.29,1047.0,198.33,0,No Failure,127.6,60.2
M,9.27,3943.14,201.72,4.29,246.0,262.41,0,No Failure,145.4,66.5
M,10.57,3196.38,249.3,6.27,1257.0,222.96,0,No Failure,137.6,63.7
L,9.26,3195.93,216.16,2.02,117.0,191.93,0,No Failure,183.7,80.1
H,9.55,3042.62,201.43,4.34,262.0,204.17,0,No Failure,190.3,82.4
L,7.29,3458.56,189.65,5.04,550.0,214.09,0,No Failure,171.9,75.9
L,8.48,2699.01,185.48,6.37,725.0,213.87,0,No Failure,120.2,57.6
M,12.03,3250.5,218.45,5.22,465.0,233.99,0,No Failure,171.5,75.7
M,11.93,3111.93,165.3,4.47,355.0,263.12,0,No Failure,125.2,59.3
M,8.4,3369.08,217.53,4.89,675.0,214.82,0,No Failure,194.9,84.0
L,8.51,3237.49,265.28,4.14,466.0,201.36,0,No Failure,166.4,73.9
L,9.72,3205.14,200.27,5.31,482.0,172.36,0,No Failure,183.1,79.9
H,10.22,3855.38,210.42,3.02,164.0,211.92,0,No Failure,156.2,70.3
L,9.86,4013.56,234.91,5.7,415.0,253.72,0,No Failure,153.0,69.2
H,8.98,3728.42,189.86,4.81,403.0,222.53,0,No Failure,171.1,75.6
M,9.18,3095.15,201.88,3.44,403.0,173.35,0,No Failure,157.0,70.6
H,11.45,3395.85,229.63,4.48,780.0,175.16,0,No Failure,154.6,69.8
L,9.9,3708.27,192.76,4.76,1.0,249.58,0,No Failure,159.2,71.4
M,9.21,3362.05,213.35,4.59,624.0,192.66,0,No Failure,199.4,85.6
L,9.72,2989.36,260.11,5.62,172.0,209.06,0,No Failure,152.8,69.1
M,9.66,3882.49,238.81,4.36,583.0,206.71,0,No Failure,183.2,79.9
M,9.55,3679.24,266.21,3.91,112.0,201.33,0,No Failure,153.8,69.5
L,10.43,3522.85,263.87,4.32,626.0,192.44,0,No Failure,165.6,73.6
M,10.58,3592.8,195.6,5.33,175.0,279.06,0,No Failure,137.1,63.6
H,10.78,3091.65,229.7,5.6,204.0,187.96,0,No Failure,159.3,71.4
L,8.28,3249.52,174.8,5.0,209.0,212.04,0,No Failure,171.9,75.9
M,8.64,3714.63,227.63,5.52,773.0,204.12,0,No Failure,160.8,72.0
M,7.42,3279.02,184.5,4.59,343.0,215.21,0,No Failure,172.0,75.9
H,9.53,2768.0,156.88,3.75,229.0,222.02,0,No Failure,137.3,63.6
L,9.87,4468.43,200.57,5.11,537.0,193.99,0,No Failure,184.0,80.2
L,9.19,3524.24,223.05,5.28,523.0,201.08,0,No Failure,198.8,85.4
L,7.95,2806.39,215.35,5.03,344.0,208.04,0,No Failure,176.7,77.6
H,9.95,2941.92,157.99,5.0,184.0,210.315,0,No Failure,122.0,58.2
M,9.67,2776.1,174.6,3.66,292.0,197.21,0,No Failure,150.2,68.2
L,11.62,3976.44,166.54,4.61,498.0,210.57,0,No Failure,155.5,70.1
L,9.2,2682.8,252.64,3.21,546.0,195.06,0,No Failure,130.0,61.0
H,10.54,3632.43,212.9,5.82,230.0,209.39,0,No Failure,183.6,80.0
M,10.3,3346.1,200.14,5.08,266.0,177.66,0,No Failure,185.2,80.6
M,11.3,3748.79,203.42,3.48,601.0,244.53,1,Torch Cooling Restriction,4.6,17.6
M,10.75,3221.19,184.26,4.75,578.0,183.4,0,No Failure,165.5,73.6
H,10.59,3136.08,272.8,5.39,153.0,206.43,0,No Failure,155.8,70.2
M,9.62,4109.48,179.83,4.95,352.0,211.83,0,No Failure,181.1,79.1
M,10.78,3247.16,217.06,6.15,663.0,298.49,0,No Failure,150.6,68.3
M,9.9,3695.76,233.53,3.34,332.0,207.89,0,No Failure,178.5,78.2
L,9.78,4286.29,298.35,4.92,127.0,194.82,0,No Failure,122.9,58.5
L,8.95,3841.25,188.29,5.17,676.0,214.85,0,No Failure,167.5,74.3
L,9.62,3116.5,234.93,6.14,104.0,192.25,0,No Failure,154.1,69.6
L,10.47,3450.92,209.71,5.21,111.0,186.51,0,No Failure,180.4,78.9
H,10.37,3307.33,237.93,4.13,547.0,210.52,0,No Failure,193.2,83.4
H,9.92,3167.51,229.61,5.65,518.0,233.89,0,No Failure,180.5,78.9
L,10.63,2999.57,247.11,4.04,611.0,222.73,0,No Failure,157.7,70.9
L,9.72,3436.81,234.25,5.13,590.0,161.77,0,No Failure,177.0,77.7
L,12.0,3413.36,192.68,5.14,403.0,197.36,0,No Failure,172.6,76.1
H,9.85,3459.71,261.12,4.08,892.0,229.9,1,Electrode Cap Mushrooming,2.9,24.4
L,9.87,3316.31,201.55,4.34,522.0,206.66,0,No Failure,209.9,89.3
L,8.19,3811.85,302.66,4.16,295.0,235.03,0,No Failure,116.9,56.4
H,9.69,3827.23,236.44,4.81,296.0,244.44,0,No Failure,167.7,74.4
L,8.37,3148.21,178.15,4.17,604.0,204.07,0,No Failure,160.5,71.8
M,10.57,4182.83,209.23,4.5,513.0,195.72,0,No Failure,170.8,75.5
L,9.66,2952.74,210.43,4.21,329.0,271.22,0,No Failure,157.5,70.8
L,9.81,3271.17,233.69,4.54,27.0,170.3,0,No Failure,166.8,74.1
L,10.42,3321.26,194.36,5.69,403.0,189.49,0,No Failure,183.5,80.0
L,9.72,3444.62,329.231,5.45,566.0,272.6,0,No Failure,147.3,67.2
L,10.29,2813.14,149.32,3.97,624.0,188.19,0,No Failure,129.5,60.9
M,8.58,3050.7,186.96,4.39,176.0,229.49,0,No Failure,155.6,70.1
L,7.89,2683.36,204.13,5.21,858.0,233.99,0,No Failure,122.7,58.4
L,9.03,2913.09,227.99,4.14,1.0,212.66,0,No Failure,157.9,70.9
L,11.69,3257.39,217.52,3.41,548.0,238.82,1,Torch Cooling Restriction,5.1,22.3
M,9.7,2904.86,221.75,5.8,592.0,253.62,0,No Failure,152.5,69.0
M,8.77,3600.84,255.32,4.46,573.0,215.62,0,No Failure,175.2,77.1
M,10.14,3609.46,229.1,5.36,711.0,200.53,0,No Failure,181.5,79.3
M,7.76,3810.45,198.16,4.18,429.0,209.27,0,No Failure,170.3,75.3
L,10.78,3845.36,216.06,4.56,390.0,298.49,0,No Failure,199.2,85.5
L,9.18,3487.71,214.13,7.542,346.0,194.21,0,No Failure,199.7,85.7
L,13.818,3183.91,100.527,4.97,696.0,199.56,0,No Failure,183.7,80.1
L,9.99,3023.76,215.12,5.49,406.0,214.61,0,No Failure,202.6,86.8
H,9.47,3064.17,180.47,4.05,517.0,230.96,0,No Failure,167.3,74.3
L,9.9,3018.62,207.38,5.41,410.0,199.6,0,No Failure,198.1,85.2
H,10.44,3512.12,232.06,4.08,346.0,216.6,0,No Failure,192.8,83.3
M,8.71,4152.61,228.74,4.95,530.0,164.88,0,No Failure,144.9,66.3
M,8.73,2967.06,181.75,5.15,298.0,241.8,0,No Failure,152.8,69.1
M,9.72,3471.01,242.64,5.73,295.0,214.6,0,No Failure,190.7,82.6
H,10.35,3652.65,246.03,5.36,128.0,165.86,0,No Failure,145.1,66.4
M,9.85,2709.39,185.4,3.46,208.0,194.24,0,No Failure,142.1,65.3
L,10.52,3596.09,214.29,4.14,373.0,201.55,0,No Failure,198.2,85.2
L,9.45,3016.96,283.18,4.59,437.0,224.47,0,No Failure,169.5,75.0
H,11.2,3249.77,208.1,5.11,205.0,202.52,0,No Failure,184.0,80.2
M,9.05,3724.24,226.62,4.98,417.0,187.22,0,No Failure,190.3,82.4
L,13.818,3125.24,225.43,5.12,557.0,199.05,0,No Failure,193.8,83.6
L,10.1,3214.27,256.07,4.36,293.0,203.92,0,No Failure,185.4,80.6
L,5.772,4107.91,219.11,5.11,745.0,231.67,0,No Failure,155.1,69.9
L,8.24,3511.89,218.28,4.21,521.0,266.0,0,No Failure,154.3,69.7
L,12.15,2979.26,204.0,4.01,1.0,229.43,1,Weld Expulsion & Splash,3.6,14.3
L,9.95,2800.05,234.01,4.32,135.0,212.87,0,No Failure,171.8,75.9
H,7.99,2542.88,178.28,5.55,653.0,232.33,0,No Failure,112.8,55.0
L,9.46,3326.81,329.231,5.45,16.0,217.44,0,No Failure,182.8,79.7
H,12.22,3311.17,271.28,5.21,718.0,207.25,0,No Failure,142.5,65.5
L,11.35,3415.66,197.36,4.96,911.0,252.58,0,No Failure,143.5,65.8
L,7.82,3900.33,261.63,4.29,716.0,228.6,0,No Failure,123.8,58.9
L,9.84,3700.58,174.71,2.91,586.0,184.15,0,No Failure,137.9,63.9
L,11.57,3746.01,249.79,4.12,408.0,148.66,0,No Failure,126.2,59.7
L,9.06,3913.19,192.52,5.15,348.0,199.47,0,No Failure,177.0,77.7
M,9.86,2953.58,170.18,4.45,556.0,238.32,0,No Failure,162.5,72.6
L,8.76,3679.07,166.75,6.65,313.0,218.88,0,No Failure,136.5,63.3
L,8.77,3332.53,184.26,5.39,144.0,192.12,0,No Failure,163.8,73.0
L,11.09,4261.27,242.48,4.54,566.0,222.79,0,No Failure,147.4,67.2
L,10.75,3055.08,235.95,4.25,552.0,256.16,0,No Failure,149.9,68.1
L,8.72,2966.23,173.71,4.77,1062.0,209.2,0,No Failure,141.5,65.1
L,9.48,3934.87,215.65,5.57,419.0,215.5,0,No Failure,192.4,83.1
H,8.29,3483.95,182.28,4.73,229.0,241.23,0,No Failure,163.2,72.8
H,9.82,3160.15,196.24,2.95,88.0,196.83,0,No Failure,149.9,68.1
H,5.772,3571.99,178.48,3.26,51.0,201.85,0,No Failure,148.1,67.5
M,11.63,3028.57,155.22,5.13,189.0,207.67,1,Weld Expulsion & Splash,9.1,21.0
M,10.15,3665.95,219.45,5.18,671.0,239.71,0,No Failure,176.9,77.6
M,7.63,3111.59,287.37,5.68,711.0,214.94,0,No Failure,118.7,57.0
H,9.92,3992.16,173.37,4.68,421.0,229.99,0,No Failure,176.7,77.6
M,8.09,3584.67,200.91,4.75,492.0,195.8,0,No Failure,184.9,80.5
M,8.9,3696.86,225.46,4.17,542.0,248.7,0,No Failure,161.7,72.3
L,9.23,3699.5,203.7,5.21,838.0,167.93,0,No Failure,148.8,67.7
L,9.85,4222.27,262.96,4.49,288.0,181.85,0,No Failure,146.4,66.9
M,11.22,4085.77,218.13,5.1,550.0,257.06,0,No Failure,142.4,65.4
H,9.74,2592.63,237.42,5.2,393.0,229.4,0,No Failure,170.7,75.4
H,11.36,3357.23,189.76,5.67,251.0,208.62,0,No Failure,172.2,76.0
L,11.77,3586.81,235.38,5.82,67.0,247.67,0,No Failure,122.9,58.5
M,10.95,3910.15,245.22,4.79,220.0,164.78,0,No Failure,142.9,65.6
M,10.66,3904.92,197.66,4.79,281.0,220.23,0,No Failure,181.3,79.2
L,9.78,3625.04,190.9,4.78,376.0,231.97,0,No Failure,193.4,83.5
M,9.54,2873.45,237.53,4.16,503.0,200.52,0,No Failure,177.4,77.8
H,9.14,2723.61,243.27,5.47,148.0,155.03,0,No Failure,118.7,57.1
L,8.31,3144.52,207.68,4.53,563.0,222.46,0,No Failure,180.3,78.9
L,10.33,3074.86,231.28,4.61,742.0,215.59,0,No Failure,181.3,79.2
L,9.77,3583.38,195.59,5.01,783.0,215.07,0,No Failure,190.1,82.3
H,10.75,3576.58,270.67,2.55,288.0,220.84,0,No Failure,126.9,59.9
H,8.48,3438.07,235.81,4.95,643.0,197.78,0,No Failure,182.6,79.7
L,9.57,3661.63,193.54,4.73,212.0,224.66,0,No Failure,189.8,82.2
L,9.26,3403.97,219.94,3.89,681.0,211.47,0,No Failure,191.8,82.9
L,8.5,3413.36,238.8,5.0,367.0,121.087,0,No Failure,175.0,77.0
L,10.66,3637.67,207.55,4.59,138.0,217.53,0,No Failure,185.4,80.7
M,9.18,3827.68,249.55,5.36,379.0,189.01,0,No Failure,167.1,74.2
L,8.98,3667.33,305.88,4.34,155.0,159.92,0,No Failure,110.5,54.1
H,12.23,3153.36,212.03,4.95,379.0,192.02,0,No Failure,174.9,76.9
M,8.77,3325.71,172.16,2.27,470.0,234.45,0,No Failure,166.7,74.0
L,10.55,3592.77,144.22,5.45,527.0,184.75,0,No Failure,147.7,67.3
L,9.38,3362.04,221.88,7.542,495.0,199.27,0,No Failure,207.0,88.3
L,10.19,2981.82,187.81,5.02,286.0,193.37,0,No Failure,178.2,78.1
H,8.56,3864.4,194.61,3.87,390.0,207.12,0,No Failure,168.6,74.7
H,9.19,2806.13,221.5,2.97,771.0,240.16,1,Torch Cooling Restriction,12.2,12.6
L,9.82,2686.88,185.94,4.93,183.0,207.04,0,No Failure,174.7,76.9
L,9.18,3301.7,227.25,4.82,577.0,216.41,0,No Failure,205.4,87.8
L,9.5,3219.2,219.8,4.27,302.0,179.55,0,No Failure,186.1,80.9
H,10.2,3797.53,218.24,4.55,157.0,182.02,0,No Failure,174.2,76.7
H,10.18,2784.65,186.41,3.96,225.0,221.07,0,No Failure,156.0,70.3
H,10.42,3521.39,178.65,4.87,1.0,201.78,0,No Failure,172.8,76.2
M,9.36,3136.31,246.28,4.48,486.0,193.97,0,No Failure,184.9,80.5
L,11.29,3231.19,253.84,4.8,488.0,240.23,0,No Failure,167.1,74.2
M,10.24,3088.11,267.85,5.05,445.0,204.42,0,No Failure,183.4,80.0
H,10.86,3425.55,216.19,4.5,304.0,203.57,0,No Failure,204.5,87.4
L,10.15,4018.22,242.07,5.66,633.0,213.55,0,No Failure,160.5,71.8
M,8.21,2788.66,329.231,3.94,527.0,231.54,0,No Failure,148.9,67.7
H,10.69,3282.19,194.4,5.22,586.0,183.66,0,No Failure,174.2,76.7
L,10.77,3426.2,246.41,6.46,470.0,240.11,0,No Failure,150.3,68.2
L,8.28,3608.16,225.16,6.0,486.0,195.66,0,No Failure,164.4,73.2
H,9.03,2692.56,203.76,5.67,804.0,182.84,0,No Failure,131.1,61.4
L,9.64,3483.7,165.62,4.18,183.0,213.68,0,No Failure,178.0,78.0
L,10.48,3144.87,203.68,4.81,347.0,266.53,0,No Failure,170.9,75.5
M,10.09,3258.01,179.02,4.51,294.0,218.8,0,No Failure,191.4,82.8
M,11.02,4122.81,269.64,2.96,229.0,164.7,0,No Failure,82.3,44.1
L,10.5,3620.56,249.7,4.48,425.0,204.12,0,No Failure,192.1,83.1
L,11.3,3659.35,215.39,4.02,282.0,231.76,0,No Failure,166.8,74.1
H,10.01,3758.4,287.29,5.08,281.0,214.74,0,No Failure,167.2,74.2
H,8.42,3257.16,252.75,4.71,466.0,202.02,0,No Failure,184.8,80.4
L,8.72,3218.52,226.53,5.02,1.0,243.78,0,No Failure,155.6,70.1
L,10.14,3610.02,253.54,5.82,602.0,230.5,0,No Failure,159.3,71.4
L,10.85,3560.82,228.15,3.99,207.0,231.34,0,No Failure,165.8,73.7
M,9.17,3140.02,202.71,6.28,187.0,190.65,0,No Failure,153.7,69.4
L,8.39,3702.61,192.24,4.03,725.0,183.36,0,No Failure,140.8,64.9
L,7.94,2756.08,180.83,4.69,274.0,226.16,0,No Failure,145.9,66.7
M,9.11,3909.35,184.07,3.29,151.0,164.5,0,No Failure,112.7,54.9
H,9.9,3116.41,240.72,4.5,434.0,196.93,0,No Failure,197.8,85.0
M,8.38,3639.56,196.36,4.41,514.0,168.37,0,No Failure,157.7,70.8
L,9.43,3107.11,191.03,4.47,714.0,197.37,0,No Failure,175.3,77.1
L,7.94,3579.48,213.55,5.6,459.0,202.41,0,No Failure,179.9,78.7
M,10.61,2915.55,180.24,6.2,708.0,251.32,0,No Failure,113.9,55.4
L,10.64,3083.47,251.58,6.49,90.0,192.53,0,No Failure,126.4,59.8
M,10.27,2899.71,231.7,4.4,640.0,185.98,0,No Failure,164.5,73.3
M,10.08,3576.03,213.6,4.59,432.0,187.72,0,No Failure,207.7,88.6
L,11.25,3765.3,248.63,5.58,1.0,207.87,0,No Failure,140.7,64.8
L,8.91,3700.45,146.17,4.1,313.0,184.91,0,No Failure,141.1,65.0
H,9.66,2789.96,237.32,4.63,668.0,202.8,0,No Failure,176.2,77.4
H,11.02,3690.6,329.231,6.2,281.0,198.25,0,No Failure,162.1,72.4
H,8.81,3073.79,187.11,3.55,664.0,168.14,0,No Failure,127.1,60.0
H,8.97,2696.7,172.07,4.33,541.0,224.01,0,No Failure,149.3,67.9
L,10.84,3429.93,180.5,5.71,463.0,180.34,0,No Failure,164.3,73.2
M,10.64,3761.21,258.83,5.76,953.0,228.62,1,Electrode Cap Mushrooming,6.3,13.3
L,10.17,3869.55,205.0,4.17,486.0,175.69,0,No Failure,169.1,74.9
H,10.1,4133.56,239.81,5.06,1.0,211.31,0,No Failure,157.9,70.9
M,11.11,4441.13,266.48,6.02,18.0,198.7,0,No Failure,90.9,47.2
M,9.01,2025.12,216.5,5.84,512.0,240.8,0,No Failure,172.4,76.1
M,7.6,3642.04,224.07,5.05,270.0,233.67,0,No Failure,162.2,72.4
L,11.01,4762.043,220.19,3.49,336.0,189.97,0,No Failure,157.9,70.9
L,9.45,3323.93,203.44,4.34,680.0,236.93,0,No Failure,180.7,79.0
H,10.33,2611.65,202.42,5.37,173.0,241.61,0,No Failure,143.1,65.7
M,8.25,3365.69,223.39,4.68,627.0,222.59,0,No Failure,186.9,81.2
L,11.54,2938.58,218.98,3.23,237.0,234.9,1,Weld Expulsion & Splash,6.3,16.3
M,9.59,3799.8,202.84,5.57,408.0,189.97,0,No Failure,183.4,80.0
L,9.22,3265.95,163.02,2.02,484.0,199.54,0,No Failure,176.7,77.6
M,9.2,3264.94,213.77,6.1,200.0,222.63,0,No Failure,174.0,76.6
M,8.42,3539.75,217.87,3.38,251.0,222.65,0,No Failure,162.7,72.6
H,9.85,3753.36,237.38,4.04,1.0,200.2,0,No Failure,162.4,72.5
M,9.61,3045.34,238.15,5.25,274.0,219.84,0,No Failure,184.7,80.4
M,9.25,3149.95,234.88,5.73,496.0,227.99,0,No Failure,174.7,76.9
L,6.73,3065.33,220.2,4.74,302.0,191.15,0,No Failure,156.9,70.6
M,11.04,2986.38,157.96,3.86,447.0,226.46,0,No Failure,143.2,65.7
M,10.83,3309.77,275.69,4.29,816.0,203.63,1,Electrode Cap Mushrooming,12.5,22.9
H,10.36,3606.68,219.65,4.97,328.0,183.05,0,No Failure,193.1,83.4
M,6.95,2324.67,268.91,3.65,690.0,170.14,0,No Failure,57.3,35.3
L,12.44,2935.31,139.52,2.54,800.0,198.53,1,Weld Expulsion & Splash,10.0,0.0
M,9.42,3741.79,198.19,3.51,795.0,227.27,0,No Failure,147.7,67.3
L,11.48,3418.12,195.93,4.96,373.0,249.76,0,No Failure,172.2,76.0
M,8.34,3343.63,168.24,5.62,237.0,220.85,0,No Failure,156.1,70.3
L,9.43,3320.36,238.9,4.6,201.0,238.49,0,No Failure,181.6,79.3
M,9.71,3323.91,194.75,4.47,500.0,240.67,0,No Failure,192.5,83.2
L,9.38,3035.82,220.4,5.66,568.0,219.01,0,No Failure,181.7,79.4
H,11.47,3372.01,203.21,5.35,215.0,218.34,0,No Failure,177.7,77.9
H,9.99,2968.81,241.35,5.41,357.0,230.43,0,No Failure,175.2,77.0
H,10.2,3408.39,176.0,4.85,615.0,230.77,0,No Failure,186.6,81.1
M,9.97,3705.45,235.06,5.22,175.0,127.14,0,No Failure,176.2,77.4
M,10.43,3043.57,210.51,3.61,293.0,190.47,0,No Failure,166.7,74.0
H,9.54,3619.89,190.27,5.17,603.0,199.37,0,No Failure,187.3,81.4
H,7.94,3540.27,240.83,2.66,561.0,298.49,0,No Failure,134.3,62.6
L,9.23,3637.24,242.17,5.39,588.0,151.11,0,No Failure,145.1,66.4
L,9.97,3212.38,238.67,4.33,603.0,250.74,0,No Failure,168.5,74.7
L,8.77,3140.28,149.53,4.72,207.0,233.18,0,No Failure,149.9,68.1
L,9.21,4112.65,207.6,4.0,470.0,260.02,0,No Failure,144.0,66.0
H,10.21,3766.13,160.45,3.75,488.0,236.27,0,No Failure,146.9,67.0
M,11.04,3229.0,213.74,5.68,225.0,169.8,0,No Failure,155.5,70.1
H,5.772,3386.29,172.87,5.02,417.0,192.77,0,No Failure,176.6,77.6
M,8.72,3665.1,221.38,4.3,249.0,224.36,0,No Failure,178.2,78.1
H,9.45,4086.0,229.25,5.7,123.0,175.99,0,No Failure,137.2,63.6
H,9.61,3007.29,316.96,4.07,365.0,226.57,0,No Failure,160.3,71.8
M,9.4,3021.64,206.29,5.57,79.0,220.67,0,No Failure,167.5,74.3
H,9.55,3597.55,237.38,4.61,322.0,224.58,0,No Failure,196.6,84.6
M,9.61,3980.66,170.02,4.85,328.0,206.9,0,No Failure,180.9,79.1
M,8.08,2871.02,267.43,4.78,420.0,193.03,0,No Failure,154.8,69.8
L,9.29,2777.77,164.95,5.05,722.0,228.72,0,No Failure,143.5,65.8
H,9.6,4041.26,217.5,3.84,379.0,215.51,0,No Failure,181.9,79.4
L,10.04,4014.05,259.06,4.83,359.0,212.55,0,No Failure,182.2,79.5
L,8.7,3443.83,251.06,4.7,1.0,183.26,0,No Failure,156.1,70.3
L,9.03,3841.13,232.37,5.28,262.0,195.49,0,No Failure,171.1,75.6
M,13.818,3499.08,219.72,2.93,315.0,209.81,0,No Failure,164.6,73.3
M,8.94,3018.9,164.96,4.24,249.0,121.087,0,No Failure,143.5,65.8
M,8.8,3078.28,202.45,5.09,106.0,177.65,0,No Failure,157.1,70.6
H,10.58,3234.88,256.1,4.77,733.0,224.83,1,Electrode Cap Mushrooming,7.7,30.1
H,8.42,2878.61,139.16,5.04,650.0,157.89,0,No Failure,104.9,52.1
H,10.2,3793.65,196.07,5.54,426.0,121.087,0,No Failure,187.9,81.5
L,9.21,3246.84,233.76,5.55,621.0,193.14,0,No Failure,174.9,76.9
M,9.29,3395.13,242.89,4.4,165.0,168.44,0,No Failure,162.1,72.4
H,11.39,3069.51,206.01,5.27,758.0,217.09,1,Weld Expulsion & Splash,7.3,27.1
M,12.64,4152.77,297.48,7.542,272.0,218.06,0,No Failure,74.6,41.4
M,10.09,3718.92,155.88,5.02,-414.0,231.56,0,No Failure,161.6,72.2
L,10.34,3652.98,186.64,4.53,272.0,227.64,0,No Failure,180.0,78.8
H,11.83,3824.98,261.01,4.67,363.0,216.52,0,No Failure,158.8,71.3
M,9.35,3028.77,195.7,3.96,60.0,217.72,0,No Failure,161.1,72.1
M,8.51,3789.21,158.46,4.67,521.0,181.28,0,No Failure,148.0,67.4
H,9.76,3496.62,250.3,5.12,883.0,204.3,1,Electrode Cap Mushrooming,9.8,32.4
M,9.07,3475.08,178.98,4.62,227.0,213.11,0,No Failure,189.6,82.1
L,11.45,3025.85,236.43,5.72,310.0,240.57,1,Weld Expulsion & Splash,13.5,20.4
L,9.88,3793.92,203.12,4.82,223.0,237.78,0,No Failure,184.1,80.2
L,9.41,2966.13,198.6,4.5,314.0,217.0,0,No Failure,189.9,82.2
M,12.12,2875.36,241.3,4.7,570.0,215.8,1,Weld Expulsion & Splash,11.7,24.9
L,9.78,3537.67,187.37,5.25,690.0,244.76,0,No Failure,166.5,74.0
H,9.06,3064.64,194.63,4.45,543.0,182.88,0,No Failure,171.2,75.6
L,8.64,3474.7,265.08,4.73,633.0,219.0,0,No Failure,173.2,76.3
L,8.5,3419.11,216.63,5.55,510.0,243.49,0,No Failure,175.3,77.1
L,10.55,3141.51,213.97,4.61,1.0,180.96,0,No Failure,166.3,73.9
L,7.86,3806.79,173.63,4.63,233.0,179.22,0,No Failure,137.5,63.7
M,8.77,2896.94,199.46,5.3,684.0,214.6,0,No Failure,164.8,73.4
L,9.76,3287.9,223.01,4.77,776.0,203.36,0,No Failure,202.0,86.5
M,9.82,3117.96,242.98,5.17,312.0,178.53,0,No Failure,177.9,78.0
M,9.78,3385.6,248.77,3.75,194.0,209.08,0,No Failure,184.2,80.2
L,9.03,3608.79,196.11,3.64,199.0,223.36,0,No Failure,162.1,72.4
M,8.69,3736.98,217.93,3.84,464.0,193.73,0,No Failure,173.9,76.6
M,9.43,3374.25,204.27,3.99,326.0,204.25,0,No Failure,200.8,86.1
L,10.06,3208.36,189.89,3.95,1.0,207.97,0,No Failure,168.2,74.6
L,11.15,3958.32,180.5,4.37,487.0,176.5,0,No Failure,143.5,65.8
L,9.56,3396.39,187.4,4.94,535.0,198.93,0,No Failure,204.6,87.5
M,10.91,3436.31,191.05,3.77,771.0,194.1,0,No Failure,154.3,69.7
L,8.24,3805.27,141.92,4.5,666.0,265.84,0,No Failure,103.8,51.8
L,11.52,3277.44,203.81,4.94,385.0,245.76,0,No Failure,175.0,77.0
M,10.16,3401.33,202.83,5.52,462.0,213.22,0,No Failure,208.2,88.7
M,10.15,3046.15,187.6,4.6,144.0,206.48,0,No Failure,181.4,79.3
L,10.02,4169.91,194.88,5.6,265.0,215.36,0,No Failure,163.3,72.8
M,10.53,3139.22,226.07,4.4,55.0,193.07,0,No Failure,168.7,74.8
H,8.3,3471.86,288.07,4.41,366.0,254.58,0,No Failure,137.0,63.5
M,9.52,3882.7,285.23,6.17,295.0,216.14,0,No Failure,138.8,64.2
M,9.74,3178.64,260.15,4.75,501.0,241.33,0,No Failure,179.9,78.7
M,8.63,3732.08,195.27,5.41,501.0,192.73,0,No Failure,169.3,74.9
M,12.24,3327.75,248.44,4.08,327.0,213.25,0,No Failure,161.1,72.1
L,9.97,3611.6,222.07,5.81,523.0,189.81,0,No Failure,183.2,79.9
L,8.37,3580.1,235.85,4.31,426.0,204.91,0,No Failure,187.0,81.2
H,10.91,3395.85,207.89,5.38,347.0,221.5,0,No Failure,191.4,82.8
L,10.62,4305.12,171.01,5.28,493.0,198.03,0,No Failure,144.9,66.3
M,11.11,3261.04,296.26,5.63,1.0,187.97,0,No Failure,114.1,55.4
H,8.15,4305.21,165.74,6.17,419.0,176.6,0,No Failure,92.5,47.8
H,8.46,3440.41,205.01,4.14,503.0,217.05,0,No Failure,189.4,82.1
H,9.76,2786.91,159.56,5.41,233.0,234.65,0,No Failure,144.0,66.0
L,8.25,3855.54,100.527,4.19,210.0,225.53,0,No Failure,152.7,69.1
M,9.79,3517.21,174.17,6.15,485.0,196.44,0,No Failure,172.3,76.0
H,10.27,3242.96,223.55,3.9,168.0,146.7,0,No Failure,144.0,66.0
M,11.08,3663.46,228.92,4.91,537.0,209.81,0,No Failure,193.2,83.4
L,11.52,3026.01,166.49,4.85,145.0,180.5,1,Weld Expulsion & Splash,4.8,18.1
M,10.43,3189.64,194.21,4.47,516.0,242.5,0,No Failure,176.4,77.5
M,9.42,2955.09,258.84,4.73,542.0,192.69,0,No Failure,172.8,76.2
L,9.84,3638.63,189.06,4.83,317.0,215.77,0,No Failure,205.0,87.6
L,7.67,3676.3,192.08,4.19,485.0,235.79,0,No Failure,151.3,68.6
L,10.2,4318.0,259.44,4.81,302.0,204.74,0,No Failure,163.4,72.9
L,11.92,2396.24,197.34,4.92,400.0,221.38,1,Weld Expulsion & Splash,2.9,21.9
M,8.77,3361.4,161.3,4.75,107.0,249.4,0,No Failure,148.5,67.6
L,10.33,3548.57,265.3,4.42,46.0,236.73,0,No Failure,150.1,68.2
M,9.23,3312.09,234.25,3.67,353.0,225.91,0,No Failure,179.3,78.5
L,9.42,3395.81,229.74,4.64,94.0,230.06,0,No Failure,188.3,81.7
M,7.66,2749.33,222.7,5.89,84.0,212.21,0,No Failure,130.5,61.2
H,9.45,3511.07,176.56,5.09,631.0,213.29,0,No Failure,188.5,81.8
L,5.772,3102.74,248.49,4.23,420.0,201.6,0,No Failure,173.5,76.4
M,10.19,3542.53,165.08,3.93,343.0,241.94,0,No Failure,158.4,71.1
H,10.75,3223.04,167.58,4.06,421.0,180.46,0,No Failure,159.5,71.5
L,10.14,3081.22,213.11,2.72,253.0,205.32,0,No Failure,162.2,72.4
H,10.77,3201.94,286.09,5.01,136.0,140.55,0,No Failure,112.3,54.8
L,9.75,3693.01,217.09,4.98,2.0,218.63,0,No Failure,188.3,81.7
H,10.32,3903.14,224.81,4.46,219.0,251.48,0,No Failure,158.1,71.0
M,10.53,3137.53,254.86,4.76,558.0,239.46,0,No Failure,168.8,74.8
L,10.13,4297.6,224.09,5.23,201.0,207.01,0,No Failure,167.2,74.2
H,10.35,3500.33,240.12,4.76,1.0,238.12,0,No Failure,167.7,74.4
L,10.44,3445.16,182.51,5.07,445.0,172.56,0,No Failure,180.2,78.8
L,9.15,2854.44,227.03,4.0,769.0,219.81,0,No Failure,154.9,69.8
L,9.5,3168.72,196.74,4.93,493.0,191.83,0,No Failure,197.0,84.8
M,9.54,2767.32,204.86,4.81,399.0,212.08,0,No Failure,194.6,83.9
H,8.13,3494.84,276.32,6.21,503.0,214.51,0,No Failure,142.3,65.4
M,10.26,3511.56,218.8,5.03,399.0,219.17,0,No Failure,212.9,90.4
L,10.12,3195.11,181.8,4.83,341.0,247.21,0,No Failure,179.4,78.5
L,9.44,3552.45,156.62,3.91,475.0,193.47,0,No Failure,165.5,73.6
L,8.9,3924.9,223.05,6.09,154.0,188.13,0,No Failure,141.0,64.9
M,9.35,4412.39,194.14,4.84,516.0,298.49,0,No Failure,168.2,74.6
L,9.65,3680.87,205.52,5.41,500.0,216.59,0,No Failure,198.6,85.3
M,8.83,3558.72,214.015,3.77,809.0,195.03,0,No Failure,147.2,67.1
H,9.76,3345.18,216.12,4.57,1100.0,223.76,0,No Failure,177.1,77.7
L,10.42,3430.41,249.17,3.8,589.0,197.88,0,No Failure,172.0,75.9
H,9.66,3523.99,198.12,4.87,532.0,203.07,0,No Failure,210.8,89.7
L,9.8,3124.41,212.91,4.17,497.0,219.5,0,No Failure,202.4,86.7
M,8.3,3362.35,215.01,3.38,107.0,215.46,0,No Failure,161.9,72.4
L,8.38,2703.94,238.74,4.83,118.0,184.02,0,No Failure,140.2,64.6
L,9.62,3397.49,227.6,3.29,74.0,209.06,0,No Failure,144.4,66.1
M,10.74,3219.28,227.22,2.3,692.0,226.63,0,No Failure,135.4,63.0
L,7.14,3287.77,151.59,6.67,806.0,206.72,0,No Failure,97.0,49.4
H,12.58,3953.64,100.527,4.47,98.0,228.64,0,No Failure,128.0,60.3
L,10.37,3644.74,224.69,4.88,111.0,195.39,0,No Failure,184.7,80.4
H,5.772,2923.07,243.96,5.87,740.0,225.25,0,No Failure,149.3,67.9
M,11.96,3014.39,213.16,4.42,497.0,222.43,1,Weld Expulsion & Splash,2.9,30.2
L,9.78,3501.02,259.78,5.21,197.0,192.99,0,No Failure,167.9,74.5
L,10.62,3009.34,247.31,4.75,709.0,233.07,0,No Failure,159.8,71.6
H,10.27,3585.79,193.93,5.44,412.0,242.44,0,No Failure,179.1,78.4
H,8.81,3049.1,264.44,3.52,752.0,187.94,1,Electrode Cap Mushrooming,13.7,13.2
H,12.01,3324.78,135.61,5.77,515.0,257.63,0,No Failure,106.1,52.6
L,8.31,2359.61,170.53,5.84,26.0,233.34,0,No Failure,88.3,46.3
M,8.9,3360.89,281.07,4.58,391.0,190.32,0,No Failure,172.6,76.1
M,9.43,3373.64,214.015,4.97,298.0,226.15,0,No Failure,195.2,84.2
L,8.44,3533.04,235.61,4.7,102.0,189.45,0,No Failure,167.2,74.2
H,8.77,3072.8,260.18,4.56,167.0,218.73,0,No Failure,160.9,72.0
H,10.75,2653.68,230.35,2.97,578.0,216.27,0,No Failure,133.3,62.2
L,7.36,3497.76,175.28,4.56,376.0,201.32,0,No Failure,166.7,74.1
M,8.5,3042.59,239.8,4.79,146.0,192.41,0,No Failure,163.5,72.9
L,10.54,3376.34,187.69,5.2,1.0,208.01,0,No Failure,176.7,77.6
M,10.6,3060.36,211.15,3.84,628.0,192.85,0,No Failure,166.4,73.9
H,9.06,3919.31,216.99,4.75,560.0,242.49,0,No Failure,174.4,76.8
H,9.76,3266.33,264.99,6.89,637.0,216.88,0,No Failure,145.1,66.4
M,9.67,3489.9,231.71,3.73,640.0,231.35,0,No Failure,174.2,76.7
H,8.79,2979.26,176.14,4.47,71.0,208.7,0,No Failure,157.0,70.6
L,10.05,3470.08,238.0,5.6,608.0,215.83,0,No Failure,188.4,81.7
M,9.9,3349.81,227.39,5.47,462.0,179.58,0,No Failure,193.0,83.3
L,11.0,3785.27,207.81,4.76,-451.0,254.62,0,No Failure,162.1,72.4
L,10.86,3104.53,198.88,5.7,144.0,200.64,0,No Failure,160.2,71.8
L,9.35,2951.56,203.62,5.0,66.0,227.0,0,No Failure,169.6,75.1
L,8.46,3077.22,203.84,4.96,380.0,208.31,0,No Failure,194.1,83.7
H,10.34,2692.83,166.37,4.03,658.0,203.61,0,No Failure,141.6,65.2
M,11.8,3408.93,100.527,4.61,151.0,184.36,0,No Failure,169.7,75.1
H,9.92,3077.23,177.66,4.62,485.0,210.61,0,No Failure,197.5,85.0
L,9.59,2750.92,184.79,4.94,474.0,213.36,0,No Failure,185.6,80.7
L,8.98,3258.6,147.53,6.73,1.0,239.24,0,No Failure,99.9,50.4
L,7.2,3065.57,235.39,4.68,35.0,221.07,0,No Failure,142.3,65.4
L,10.77,3402.73,227.84,4.38,241.0,183.85,0,No Failure,181.1,79.1
H,8.68,3510.29,193.57,5.02,304.0,192.11,0,No Failure,184.1,80.2
L,8.27,3573.54,255.7,5.29,1.0,249.19,0,No Failure,125.6,59.5
M,9.13,3408.78,238.1,5.13,420.0,219.84,0,No Failure,204.8,87.5
L,9.77,3308.68,261.29,5.63,827.0,189.82,1,Electrode Cap Mushrooming,7.3,24.6
L,9.26,3375.07,218.67,5.68,309.0,174.28,0,No Failure,179.3,78.5
L,9.79,3482.54,258.49,4.95,184.0,218.59,0,No Failure,189.9,82.3
L,10.97,3457.86,258.11,4.48,581.0,222.99,0,No Failure,172.9,76.2
H,9.77,2920.31,231.26,5.12,419.0,163.33,0,No Failure,169.7,75.1
L,8.61,3171.14,191.8,4.29,586.0,202.82,0,No Failure,174.8,76.9
L,8.97,2395.63,240.7,4.37,396.0,221.67,0,No Failure,154.3,69.6
H,9.2,3238.21,231.53,5.02,406.0,206.96,0,No Failure,208.5,88.9
M,9.84,3740.56,221.3,4.3,461.0,180.4,0,No Failure,188.8,81.9
L,10.52,3381.24,222.69,4.65,165.0,217.65,0,No Failure,199.6,85.7
L,11.75,2748.92,233.67,4.68,356.0,174.36,1,Weld Expulsion & Splash,3.6,21.0
L,8.97,2025.12,232.06,6.09,395.0,207.03,0,No Failure,183.0,79.8
L,8.54,3113.71,235.71,4.15,549.0,191.09,0,No Failure,164.1,73.1
L,8.28,3468.24,207.56,4.89,441.0,201.13,0,No Failure,202.1,86.6
M,8.82,3623.69,258.47,4.51,401.0,184.85,0,No Failure,170.4,75.4
M,10.94,2780.3,213.48,2.85,535.0,200.12,0,No Failure,140.6,64.8
L,10.86,3189.39,216.02,5.65,1.0,233.47,0,No Failure,153.6,69.4
L,9.13,3365.48,234.26,5.44,672.0,270.21,0,No Failure,148.4,67.6
M,8.84,3788.98,191.17,3.9,100.0,214.88,0,No Failure,153.9,69.5
M,11.52,3128.29,180.34,5.97,70.0,221.47,0,No Failure,130.1,61.1
M,9.31,3451.36,196.48,5.02,399.0,175.49,0,No Failure,174.4,76.8
M,8.03,3166.83,237.9,5.06,605.0,228.08,0,No Failure,163.1,72.8
M,7.94,2991.58,329.231,4.38,232.0,155.62,0,No Failure,133.4,62.2
M,10.43,3431.76,284.31,4.49,287.0,204.48,0,No Failure,175.6,77.2
L,10.13,3162.78,200.5,4.15,637.0,220.74,0,No Failure,182.5,79.6
M,9.55,3676.38,247.33,3.69,905.0,231.07,0,No Failure,138.6,64.1
L,10.24,3642.88,247.05,4.98,439.0,200.18,0,No Failure,195.8,84.3
L,9.99,2944.85,240.04,4.56,591.0,245.0,0,No Failure,165.6,73.7
L,8.15,2867.85,203.27,4.4,850.0,220.24,0,No Failure,143.7,65.9
M,10.66,2789.76,176.28,4.85,206.0,227.09,0,No Failure,155.6,70.1
M,9.99,3367.0,238.93,4.64,248.0,155.26,0,No Failure,176.9,77.7
M,10.32,3245.36,197.77,4.01,449.0,170.98,0,No Failure,172.5,76.1
H,8.87,3190.96,214.575,4.95,110.0,280.17,0,No Failure,123.1,58.6
L,9.25,3610.85,205.86,3.73,307.0,208.99,0,No Failure,187.6,81.4
L,9.44,2895.63,203.69,4.32,449.0,224.29,0,No Failure,186.2,81.0
L,10.97,3436.91,253.16,3.96,246.0,168.73,0,No Failure,145.3,66.5
L,8.7,3692.9,172.55,5.08,390.0,217.94,0,No Failure,177.0,77.7
L,10.04,3131.33,221.76,5.43,524.0,229.4,0,No Failure,188.7,81.8
L,10.74,3134.2,287.92,5.69,487.0,262.23,0,No Failure,120.4,57.6
M,11.0,4071.13,245.93,5.57,719.0,192.51,0,No Failure,130.7,61.3
L,11.95,3413.36,222.59,3.72,337.0,219.89,1,Weld Expulsion & Splash,7.5,23.2
L,9.51,3413.36,172.12,4.87,585.0,168.51,0,No Failure,173.6,76.5
L,11.03,3442.0,224.48,4.82,402.0,206.02,0,No Failure,211.4,89.9
H,9.61,3338.21,179.35,3.31,301.0,181.63,0,No Failure,158.1,71.0
M,11.05,3187.6,259.58,4.36,1.0,252.71,0,No Failure,124.7,59.2
L,7.31,2894.32,252.36,4.91,20.0,249.26,0,No Failure,108.5,53.4
M,8.82,4077.89,230.77,3.98,321.0,199.15,0,No Failure,158.0,70.9
L,10.44,4762.043,247.87,4.61,689.0,236.12,0,No Failure,161.3,72.1
M,10.1,3778.7,184.9,4.45,420.0,203.16,0,No Failure,192.6,83.2
L,9.5,3254.97,233.24,4.41,540.0,204.69,0,No Failure,200.5,86.0
L,9.41,4488.55,254.72,4.15,402.0,174.5,0,No Failure,148.3,67.5
L,10.59,3935.17,199.97,4.27,877.0,215.32,0,No Failure,153.1,69.2
L,9.78,3800.26,248.47,4.78,1.0,229.08,0,No Failure,164.4,73.2
H,9.81,3715.61,203.18,3.27,61.0,225.3,0,No Failure,153.9,69.5
M,8.33,2874.61,241.52,4.79,617.0,204.57,0,No Failure,166.2,73.9
M,9.49,4061.57,237.77,4.05,62.0,244.36,0,No Failure,133.4,62.3
L,10.97,2684.84,226.65,5.11,538.0,193.47,0,No Failure,161.6,72.2
H,9.44,3748.97,229.49,4.51,149.0,227.9,0,No Failure,176.6,77.5
L,10.45,3740.18,229.87,5.61,1.0,176.05,0,No Failure,140.8,64.9
L,8.65,3021.38,218.49,3.89,739.0,194.06,0,No Failure,154.3,69.6
L,9.72,3452.06,215.24,3.44,861.0,194.37,0,No Failure,146.6,66.9
H,8.98,3726.31,245.81,5.24,411.0,180.22,0,No Failure,169.2,74.9
M,10.03,3652.79,219.18,5.85,210.0,216.75,0,No Failure,182.9,79.8
L,10.83,2980.89,239.87,5.41,140.0,227.14,0,No Failure,151.8,68.8
L,10.34,3332.53,228.53,4.66,611.0,139.67,0,No Failure,159.9,71.6
M,10.65,2905.25,253.98,5.49,609.0,191.39,0,No Failure,147.7,67.3
L,9.94,4234.41,159.49,4.87,481.0,205.66,0,No Failure,166.6,74.0
H,10.25,3458.62,227.83,5.57,354.0,193.61,0,No Failure,192.7,83.3
L,10.55,2608.72,190.42,5.68,309.0,214.94,0,No Failure,154.1,69.6
L,9.68,3793.45,275.61,4.39,703.0,216.28,0,No Failure,159.6,71.5
H,9.87,2820.15,211.7,6.58,451.0,166.67,0,No Failure,143.9,66.0
H,10.05,3916.22,225.14,3.43,524.0,201.54,0,No Failure,167.9,74.5
H,9.28,4114.31,192.18,3.11,298.0,236.54,1,Torch Cooling Restriction,5.8,15.7
L,9.5,3550.87,227.12,6.2,468.0,222.25,0,No Failure,182.0,79.5
L,8.78,3777.0,215.89,5.5,336.0,179.27,0,No Failure,167.8,74.4
H,9.43,4013.95,219.19,4.0,94.0,230.11,0,No Failure,154.5,69.7
H,10.0,3822.08,183.59,5.39,217.0,210.37,0,No Failure,177.1,77.7
H,10.18,2505.74,243.1,4.06,419.0,206.26,0,No Failure,142.6,65.5
M,11.38,3101.05,270.83,4.96,653.0,206.28,0,No Failure,155.0,69.9
L,9.78,4230.22,266.32,3.85,459.0,172.63,0,No Failure,131.3,61.5
M,10.19,3822.87,283.92,4.48,592.0,197.53,0,No Failure,155.6,70.1
M,9.62,3182.95,279.72,4.58,569.0,230.07,0,No Failure,167.9,74.5
M,9.23,3419.19,214.95,5.33,210.0,211.91,0,No Failure,204.4,87.4
L,8.18,3177.28,236.61,5.34,777.0,218.28,0,No Failure,155.4,70.1
L,11.07,3649.91,329.231,5.03,786.0,188.34,1,Electrode Cap Mushrooming,4.2,21.5
L,9.73,3681.52,216.62,5.67,129.0,165.36,0,No Failure,158.6,71.2
M,10.2,3345.45,169.37,4.17,617.0,210.98,0,No Failure,181.8,79.4
H,10.06,3395.85,204.78,5.4,622.0,184.83,0,No Failure,163.6,72.9
M,10.18,3761.55,201.89,4.81,489.0,213.39,0,No Failure,205.6,87.8
M,8.44,3485.75,215.66,4.7,240.0,194.56,0,No Failure,191.9,83.0
L,9.88,2736.69,219.84,4.77,446.0,189.7,0,No Failure,192.5,83.2
M,10.32,3890.57,270.01,5.05,729.0,219.75,1,Electrode Cap Mushrooming,12.1,23.8
L,10.66,3072.04,213.1,3.63,293.0,189.02,0,No Failure,165.4,73.6
M,9.27,2537.91,186.5,3.45,352.0,201.72,0,No Failure,142.9,65.6
L,10.26,3802.66,143.74,4.91,415.0,181.0,0,No Failure,140.3,64.7
L,8.9,3738.94,255.65,4.71,1.0,195.01,0,No Failure,152.6,69.0
H,10.61,4046.81,168.11,6.15,419.0,204.41,0,No Failure,144.6,66.2
M,9.78,3439.02,212.0,6.28,660.0,246.43,0,No Failure,164.8,73.4
H,10.11,3284.72,220.98,5.51,820.0,247.18,0,No Failure,161.1,72.0
H,13.818,2684.82,223.53,5.13,359.0,185.26,0,No Failure,164.6,73.3
M,11.42,3185.25,171.91,4.37,432.0,228.69,0,No Failure,163.5,72.9
M,10.47,3395.13,142.17,4.51,58.0,172.44,0,No Failure,134.9,62.8
L,8.88,3402.64,223.84,4.12,64.0,182.13,0,No Failure,165.3,73.5
L,9.62,3758.44,169.64,3.71,325.0,175.89,0,No Failure,147.3,67.2
L,12.81,3698.76,206.73,5.66,366.0,235.73,0,No Failure,140.3,64.7
L,10.06,3422.85,257.74,5.54,837.0,225.6,1,Electrode Cap Mushrooming,13.4,26.7
M,8.85,2840.66,227.7,4.98,695.0,257.1,0,No Failure,142.8,65.6
H,10.15,4762.043,282.84,4.54,-451.0,193.67,0,No Failure,170.2,75.3
M,9.15,2920.46,329.231,5.87,191.0,258.34,0,No Failure,131.0,61.4
H,8.93,2722.25,229.92,4.38,670.0,226.15,0,No Failure,154.9,69.8
H,9.65,3416.59,285.01,2.99,535.0,227.09,0,No Failure,144.5,66.2
L,8.4,3749.36,186.02,3.85,663.0,194.39,0,No Failure,143.5,65.8
L,8.11,3597.92,144.02,4.48,382.0,222.89,0,No Failure,153.6,69.4
L,8.55,2978.6,264.1,4.94,415.0,229.93,0,No Failure,159.8,71.6
L,10.24,3672.37,201.79,4.35,81.0,205.25,0,No Failure,180.1,78.8
L,9.16,3367.71,214.2,5.26,343.0,200.92,0,No Failure,207.9,88.6
M,10.95,3888.23,188.46,5.23,164.0,239.6,0,No Failure,143.5,65.8
H,9.6,3549.65,175.37,4.7,920.0,216.63,0,No Failure,171.0,75.6
M,9.18,3604.36,189.11,4.26,675.0,211.79,0,No Failure,179.6,78.6
M,9.64,3524.89,168.67,6.21,771.0,227.56,0,No Failure,144.2,66.1
M,11.56,3225.14,205.96,4.92,436.0,195.94,0,No Failure,189.5,82.1
H,9.2,3331.0,213.83,5.18,347.0,210.315,0,No Failure,210.8,89.7
H,11.12,3261.16,213.44,4.52,1.0,226.28,0,No Failure,169.3,75.0
L,10.04,2639.56,182.36,4.5,720.0,221.05,0,No Failure,154.5,69.7
L,8.02,3275.35,207.58,5.88,97.0,207.74,0,No Failure,159.1,71.3
M,10.91,3458.68,212.38,5.18,1.0,162.16,0,No Failure,152.3,68.9
H,10.36,3846.36,271.89,5.75,557.0,218.16,0,No Failure,149.8,68.0
M,11.26,3392.0,200.95,5.51,377.0,247.72,0,No Failure,168.2,74.6
L,9.92,3502.92,256.95,5.47,662.0,208.4,0,No Failure,181.4,79.2
L,9.99,2913.81,199.29,5.3,698.0,197.04,0,No Failure,171.0,75.6
M,11.0,3339.93,246.69,5.69,251.0,207.25,0,No Failure,172.0,75.9
H,9.11,3524.25,157.04,3.28,519.0,252.58,1,Torch Cooling Restriction,5.4,15.4
L,8.83,3695.6,208.6,5.59,1.0,222.85,0,No Failure,156.9,70.6
H,10.22,3569.87,171.98,2.53,470.0,169.32,0,No Failure,126.8,59.9
L,11.34,3053.07,208.05,5.5,1.0,221.07,1,Weld Expulsion & Splash,7.2,22.8
M,8.86,3433.19,205.75,6.09,839.0,215.9,0,No Failure,161.0,72.0
L,10.15,3869.63,208.44,5.28,106.0,173.95,0,No Failure,156.7,70.5
L,8.79,3508.38,143.41,5.05,344.0,197.69,0,No Failure,166.3,73.9
L,10.67,3144.36,242.01,4.82,444.0,206.99,0,No Failure,199.1,85.5
L,9.54,3970.45,161.93,5.79,588.0,229.6,0,No Failure,140.4,64.7
M,8.79,3161.18,240.14,4.34,133.0,184.04,0,No Failure,156.3,70.4
L,7.84,2932.18,273.55,4.37,2.0,223.31,0,No Failure,116.6,56.3
M,7.87,2454.61,273.82,4.09,652.0,199.68,0,No Failure,105.4,52.3
L,9.87,3431.87,229.96,3.73,232.0,218.54,0,No Failure,189.1,82.0
L,9.31,2997.1,200.0,5.24,565.0,220.47,0,No Failure,182.3,79.6
M,11.46,3615.22,266.78,4.01,237.0,192.52,0,No Failure,140.3,64.7
L,9.23,2609.22,228.55,5.32,501.0,240.17,0,No Failure,155.0,69.9
H,9.05,3192.11,268.16,5.58,365.0,214.07,0,No Failure,170.7,75.5
M,9.59,3622.7,182.52,4.38,375.0,211.24,0,No Failure,198.6,85.3
L,8.81,3310.3,223.13,5.7,434.0,173.66,0,No Failure,173.4,76.4
L,9.69,3846.83,218.52,4.81,721.0,196.88,0,No Failure,188.8,81.9
M,8.66,3146.97,238.12,4.3,240.0,206.61,0,No Failure,176.4,77.5
H,10.01,3224.96,193.44,5.24,627.0,238.56,0,No Failure,176.5,77.5
M,9.96,4017.77,203.73,4.15,548.0,228.34,0,No Failure,171.5,75.8
L,8.23,3175.43,220.8,2.84,569.0,231.98,0,No Failure,138.3,64.0
L,8.82,3596.59,232.88,5.29,470.0,211.67,0,No Failure,193.7,83.6
M,8.79,3766.5,189.32,5.2,786.0,229.97,0,No Failure,150.8,68.4
L,11.74,3660.97,203.18,3.85,114.0,226.03,0,No Failure,143.5,65.8
M,11.22,3167.13,186.36,5.27,693.0,195.7,0,No Failure,157.4,70.8
M,9.86,3328.91,191.63,7.4,245.0,212.06,0,No Failure,163.4,72.9
L,10.47,3513.57,173.35,5.22,349.0,237.7,0,No Failure,172.5,76.1
L,9.59,3498.68,200.43,3.67,521.0,242.84,1,Torch Cooling Restriction,4.3,31.2
M,9.18,3720.4,213.47,4.8,386.0,181.14,0,No Failure,195.1,84.1
M,9.09,3235.35,242.05,3.43,297.0,217.57,0,No Failure,166.8,74.1
H,10.34,3180.17,233.45,3.9,504.0,222.47,0,No Failure,180.6,78.9
M,9.46,3777.27,219.71,4.27,701.0,219.56,0,No Failure,180.4,78.9
L,9.51,2597.98,267.88,5.38,112.0,193.0,0,No Failure,131.5,61.6
L,10.84,3566.05,241.39,5.44,301.0,211.78,0,No Failure,181.8,79.4
M,10.73,3714.49,241.63,4.67,631.0,220.25,0,No Failure,176.3,77.4
L,8.73,3913.53,148.58,4.57,327.0,212.68,0,No Failure,156.8,70.5
M,10.67,3280.92,219.55,3.93,554.0,229.07,0,No Failure,180.0,78.7
L,7.8,3145.21,187.12,5.05,387.0,201.53,0,No Failure,173.1,76.3
L,9.77,2783.82,227.73,4.25,654.0,257.02,0,No Failure,148.6,67.6
M,9.74,3405.59,211.71,5.13,489.0,205.97,0,No Failure,222.9,94.0
L,10.13,3950.01,189.0,5.48,7.0,212.05,0,No Failure,155.7,70.1
L,8.87,3344.49,242.4,4.78,558.0,209.48,0,No Failure,200.4,86.0
L,11.15,3614.01,222.71,5.09,300.0,219.35,0,No Failure,187.1,81.3
L,9.77,3387.62,208.58,5.08,492.0,201.27,0,No Failure,219.3,92.7
L,8.76,3961.52,176.56,5.46,391.0,261.98,0,No Failure,131.2,61.5
L,9.67,3033.18,199.95,4.25,896.0,229.32,0,No Failure,158.7,71.2
H,10.56,3664.66,206.78,5.14,763.0,184.12,0,No Failure,166.4,73.9
H,10.42,4013.2,238.36,3.54,345.0,204.22,0,No Failure,157.7,70.9
L,11.28,2931.28,212.1,3.73,838.0,226.03,1,Weld Expulsion & Splash,7.5,18.1
M,8.4,3473.92,175.21,5.53,230.0,261.1,0,No Failure,134.3,62.6
L,8.94,4129.43,188.24,5.93,438.0,207.97,0,No Failure,156.7,70.5
L,10.12,4033.48,171.22,5.31,1267.0,141.6,0,No Failure,121.2,57.9
M,13.818,3430.45,220.44,4.93,111.0,201.0,0,No Failure,199.8,85.8
L,9.2,3936.9,201.24,4.04,1.0,201.25,0,No Failure,151.8,68.8
L,10.7,3444.03,144.25,5.19,524.0,180.21,0,No Failure,154.6,69.7
M,11.33,3543.81,158.79,4.75,564.0,182.01,0,No Failure,153.6,69.4
H,10.88,2716.9,214.29,5.42,646.0,195.69,0,No Failure,157.4,70.7
L,11.48,3418.09,170.28,4.49,587.0,166.93,0,No Failure,146.0,66.7
H,8.26,3140.08,236.13,4.45,1267.0,201.28,0,No Failure,150.2,68.2
L,11.06,3144.79,208.86,5.04,589.0,241.05,0,No Failure,170.9,75.5
H,9.99,3573.82,230.57,3.46,428.0,248.8,1,Torch Cooling Restriction,2.3,29.2
M,10.23,3275.01,291.06,4.48,351.0,207.94,0,No Failure,177.6,77.9
L,9.95,3509.46,185.93,4.66,675.0,187.79,0,No Failure,183.9,80.1
H,10.25,3150.08,198.08,4.73,653.0,203.94,0,No Failure,193.4,83.5
M,9.54,3140.52,188.13,4.5,717.0,194.21,0,No Failure,175.1,77.0
M,9.41,3349.82,240.51,4.65,647.0,209.86,0,No Failure,201.2,86.2
M,10.77,3344.57,261.06,4.06,708.0,191.85,0,No Failure,153.5,69.4
L,8.51,3751.5,211.74,4.99,332.0,202.64,0,No Failure,190.1,82.3
L,9.84,3201.92,197.18,4.36,375.0,194.92,0,No Failure,199.8,85.8
L,9.59,3568.52,282.4,5.26,109.0,196.75,0,No Failure,156.7,70.5
L,9.33,3062.03,202.1,5.96,433.0,247.68,0,No Failure,161.9,72.3
H,9.16,3889.69,205.25,4.14,1100.0,210.9,0,No Failure,145.0,66.4
H,10.93,3546.38,241.64,4.94,225.0,171.69,0,No Failure,162.6,72.6
L,8.39,3275.72,239.78,4.12,736.0,223.29,0,No Failure,157.5,70.8
L,9.55,3173.7,100.527,5.27,377.0,177.46,0,No Failure,169.2,74.9
M,11.76,3472.76,158.23,3.93,727.0,174.48,0,No Failure,117.3,56.5
H,12.13,3319.31,196.49,4.84,71.0,260.54,0,No Failure,135.7,63.1
L,10.33,3015.31,221.18,4.94,501.0,223.12,0,No Failure,195.9,84.4
M,8.47,3958.71,228.09,4.57,350.0,251.73,0,No Failure,153.2,69.3
H,11.02,3647.13,202.24,5.14,106.0,205.31,0,No Failure,174.1,76.7
H,9.67,2913.57,222.22,4.08,282.0,201.91,0,No Failure,184.0,80.2
H,8.53,3171.45,233.56,3.94,15.0,195.25,0,No Failure,147.4,67.2
L,9.38,3256.43,220.28,4.83,273.0,232.5,0,No Failure,199.8,85.8
L,10.41,3469.86,223.61,4.6,362.0,211.74,0,No Failure,214.6,91.0
M,8.82,3133.58,221.68,5.39,809.0,214.2,0,No Failure,169.7,75.1
L,9.45,3645.6,202.23,5.07,341.0,230.45,0,No Failure,193.5,83.5
L,9.7,3347.17,183.08,5.61,156.0,207.55,0,No Failure,183.8,80.1
H,12.1,3043.25,214.26,3.97,85.0,230.58,1,Weld Expulsion & Splash,7.5,18.7
M,8.79,3193.06,245.62,4.85,158.0,215.44,0,No Failure,179.2,78.5
L,9.57,3269.71,251.74,4.4,955.0,214.09,1,Electrode Cap Mushrooming,5.6,28.7
H,10.39,3327.6,251.66,4.65,583.0,216.76,0,No Failure,191.4,82.8
L,11.91,3416.64,177.45,4.48,32.0,192.67,0,No Failure,145.7,66.6
L,9.06,3531.06,225.9,3.98,204.0,240.6,0,No Failure,166.0,73.8
L,7.16,3287.0,255.55,3.75,459.0,200.52,0,No Failure,145.3,66.5
H,9.83,2916.41,201.84,4.2,478.0,232.35,0,No Failure,181.2,79.2
M,8.66,3412.67,210.52,5.46,70.0,173.76,0,No Failure,159.2,71.4
M,8.48,3166.71,219.1,4.79,179.0,242.8,0,No Failure,170.9,75.5
M,10.0,2967.17,154.79,3.5,434.0,181.85,0,No Failure,141.4,65.1
L,9.52,3701.55,221.98,4.63,393.0,203.75,0,No Failure,210.0,89.4
H,8.2,3450.07,259.39,5.02,531.0,210.55,0,No Failure,180.0,78.8
L,9.01,2951.79,216.08,5.07,1.0,207.41,0,No Failure,173.7,76.5
H,9.87,2025.12,234.36,4.81,560.0,264.66,0,No Failure,179.5,78.6
L,9.38,3332.2,235.0,4.43,318.0,208.16,0,No Failure,205.1,87.6
L,8.89,3278.4,219.35,4.78,659.0,226.13,0,No Failure,192.3,83.1
M,8.06,3461.37,225.09,3.83,585.0,223.22,0,No Failure,166.6,74.0
L,10.12,3124.4,202.94,5.04,591.0,198.63,0,No Failure,193.6,83.6
L,9.49,3082.62,237.27,4.54,212.0,237.22,0,No Failure,173.5,76.4
L,8.39,3362.43,233.16,3.58,78.0,221.56,0,No Failure,152.4,69.0
M,9.35,3544.48,173.43,5.8,607.0,240.23,0,No Failure,152.6,69.0
M,10.85,3114.43,193.12,4.38,-318.0,217.8,0,No Failure,150.1,68.2
L,9.21,3493.96,218.4,4.04,412.0,203.58,0,No Failure,204.7,87.5
L,10.01,3338.22,186.4,3.14,481.0,178.8,0,No Failure,159.8,71.6
M,10.29,3506.46,210.88,4.53,379.0,298.49,0,No Failure,203.0,86.9
H,10.4,3529.4,171.74,4.94,474.0,217.44,0,No Failure,192.7,83.2
L,10.75,3104.82,188.02,4.82,422.0,144.21,0,No Failure,155.8,70.2
L,9.79,3324.43,247.84,4.38,200.0,192.89,0,No Failure,185.3,80.6
L,9.03,3933.29,217.26,4.12,262.0,228.57,0,No Failure,167.8,74.4
L,11.24,3658.8,254.75,4.35,632.0,184.33,0,No Failure,147.5,67.2
L,9.21,3648.68,180.67,4.68,566.0,211.81,0,No Failure,190.4,82.4
H,11.7,3148.56,238.24,4.88,-451.0,202.7,0,No Failure,166.2,73.9
M,9.6,3711.99,184.76,4.97,495.0,255.99,0,No Failure,169.5,75.0
M,8.28,3792.66,169.92,5.48,312.0,185.51,0,No Failure,140.9,64.9
M,9.83,3046.04,199.4,4.56,218.0,226.83,0,No Failure,187.0,81.2
M,8.37,3395.13,228.98,3.85,224.0,203.36,0,No Failure,146.6,66.9
L,9.03,2652.84,185.15,5.24,411.0,224.34,0,No Failure,162.8,72.7
H,9.61,3875.49,213.81,6.29,493.0,201.4,0,No Failure,174.2,76.7
M,9.14,3216.7,196.52,5.52,830.0,207.89,0,No Failure,169.3,75.0
L,10.95,3636.24,191.26,5.68,256.0,237.42,0,No Failure,153.5,69.4
H,10.59,3555.68,152.88,5.48,618.0,121.087,0,No Failure,162.4,72.5
L,10.68,3847.93,200.37,4.68,818.0,249.92,0,No Failure,145.4,66.5
H,10.43,4042.84,197.66,4.68,171.0,210.76,0,No Failure,175.4,77.1
L,10.09,2931.84,200.34,6.18,1.0,179.79,0,No Failure,131.2,61.5
L,10.95,2423.02,209.37,5.28,316.0,187.5,0,No Failure,147.3,67.2
L,8.58,3413.36,183.47,6.24,242.0,203.26,0,No Failure,158.0,71.0
H,8.89,3946.05,255.25,5.15,203.0,211.98,0,No Failure,160.3,71.8
L,9.39,3779.37,182.11,5.94,322.0,233.28,0,No Failure,155.3,70.0
L,8.67,2964.13,218.71,5.5,150.0,167.7,0,No Failure,142.3,65.4
H,9.39,3411.67,217.92,4.67,278.0,230.31,0,No Failure,206.3,88.1
H,8.56,3150.01,220.01,4.43,471.0,216.98,0,No Failure,193.1,83.4
M,10.79,3805.36,259.66,4.76,390.0,209.81,0,No Failure,178.1,78.1
M,8.39,2841.84,221.67,4.63,617.0,223.42,0,No Failure,166.9,74.1
M,9.31,3503.52,257.51,4.69,775.0,204.39,1,Electrode Cap Mushrooming,6.5,32.9
H,7.97,3038.54,266.36,4.08,434.0,175.25,0,No Failure,133.2,62.2
H,8.43,3820.19,181.36,4.55,450.0,216.39,0,No Failure,174.1,76.7
H,9.54,3191.47,179.82,4.06,591.0,276.52,0,No Failure,138.4,64.0
H,9.82,3873.1,217.89,4.75,314.0,237.57,0,No Failure,191.9,83.0
H,8.96,3535.18,170.84,5.7,295.0,188.17,0,No Failure,157.8,70.9
M,8.42,2957.31,196.8,5.42,790.0,181.1,0,No Failure,135.0,62.8
M,8.5,2691.98,203.4,4.85,857.0,192.57,0,No Failure,143.6,65.9
L,7.49,3651.97,238.02,4.78,554.0,223.6,0,No Failure,165.8,73.7
H,6.2,3792.53,239.69,4.57,174.0,182.03,0,No Failure,123.1,58.6
M,10.74,3170.61,100.527,4.43,495.0,195.47,0,No Failure,192.3,83.1
H,9.17,3150.91,206.8,3.65,591.0,231.27,0,No Failure,166.2,73.8
L,8.5,3631.85,150.8,3.75,143.0,232.48,0,No Failure,123.4,58.7
L,11.22,2500.99,164.07,3.66,385.0,194.68,1,Weld Expulsion & Splash,7.0,12.2
M,9.55,2748.06,222.43,5.06,529.0,225.49,0,No Failure,182.1,79.5
H,9.39,3428.83,234.18,4.66,392.0,192.9,0,No Failure,206.9,88.3
M,11.75,2643.82,221.78,4.66,418.0,203.36,1,Weld Expulsion & Splash,4.9,29.8
L,9.28,4762.043,200.41,5.59,107.0,245.13,0,No Failure,163.0,72.7
L,10.08,3284.36,219.06,6.17,386.0,151.0,0,No Failure,158.2,71.0
M,9.89,3768.06,199.03,5.08,130.0,245.42,0,No Failure,166.4,73.9
H,8.98,2946.18,178.46,4.81,193.0,233.39,0,No Failure,159.8,71.6
H,9.29,3395.85,195.06,5.59,426.0,182.86,0,No Failure,168.0,74.5
H,11.5,3334.44,259.13,6.4,184.0,224.89,0,No Failure,130.7,61.3
M,10.99,3297.81,201.43,4.81,415.0,203.87,0,No Failure,207.0,88.3
L,10.78,2486.06,167.51,4.84,811.0,253.48,0,No Failure,107.7,53.1
L,10.69,3413.36,220.26,4.67,253.0,233.29,0,No Failure,178.2,78.1
L,11.31,3537.59,200.44,5.57,463.0,233.45,0,No Failure,170.0,75.2
M,9.26,3007.6,222.52,5.38,236.0,164.43,0,No Failure,156.8,70.5
H,8.09,3023.74,214.58,4.02,435.0,153.83,0,No Failure,144.1,66.0
M,8.68,3658.63,233.39,4.57,17.0,228.98,0,No Failure,159.2,71.4
L,12.46,3476.94,227.75,5.31,695.0,207.29,0,No Failure,160.6,71.9
L,8.77,2732.4,167.55,4.49,392.0,218.91,0,No Failure,158.7,71.2
M,10.8,3341.95,225.47,4.45,675.0,230.84,0,No Failure,179.4,78.5
H,10.98,3656.72,243.75,6.87,132.0,177.48,0,No Failure,112.5,54.9
L,11.21,2953.72,211.4,4.7,1.0,184.88,1,Weld Expulsion & Splash,12.9,23.9
M,9.33,4166.38,262.25,5.2,82.0,168.5,0,No Failure,118.6,57.0
M,9.42,3842.57,241.45,3.83,650.0,218.54,0,No Failure,160.8,71.9
L,8.39,3135.04,178.98,5.42,5.0,230.17,0,No Failure,135.9,63.1
M,7.57,3629.64,211.16,4.57,408.0,220.31,0,No Failure,183.4,80.0
M,11.36,3531.29,236.53,4.13,543.0,189.12,0,No Failure,164.7,73.3
H,9.1,3014.17,243.03,4.16,406.0,237.13,0,No Failure,166.9,74.1
L,10.28,3120.06,175.59,4.86,273.0,166.38,0,No Failure,161.5,72.2
L,9.18,3625.76,221.28,4.13,389.0,253.22,0,No Failure,173.1,76.3
L,10.18,3788.65,189.85,3.64,93.0,205.59,0,No Failure,156.0,70.2
M,9.02,3712.17,174.16,6.36,189.0,276.63,0,No Failure,102.1,51.1
M,10.34,3541.48,200.9,5.23,415.0,223.14,0,No Failure,200.8,86.1
H,8.92,3233.33,144.81,4.76,143.0,208.79,0,No Failure,164.9,73.4
L,8.29,3435.14,174.08,6.4,508.0,254.16,0,No Failure,126.5,59.8
H,11.68,3327.72,230.82,6.41,570.0,206.28,0,No Failure,155.0,69.9
L,9.46,2474.53,245.28,5.49,321.0,216.4,0,No Failure,155.3,70.0
M,8.97,3262.22,202.77,5.78,151.0,200.48,0,No Failure,170.8,75.5
L,8.47,3493.41,247.47,4.7,596.0,180.7,0,No Failure,167.2,74.2
L,7.95,3348.54,187.0,3.38,439.0,162.27,0,No Failure,133.6,62.3
L,10.41,3113.04,207.02,4.28,378.0,251.35,0,No Failure,173.5,76.5
M,10.72,2683.97,183.76,5.44,974.0,205.46,0,No Failure,127.1,60.0
H,10.16,2806.3,221.15,4.73,250.0,225.79,0,No Failure,183.4,79.9
M,9.69,3114.15,249.69,5.01,551.0,252.25,0,No Failure,167.7,74.4
M,10.73,3569.23,228.51,4.43,510.0,194.76,0,No Failure,188.7,81.8
L,11.17,3648.62,229.98,5.21,294.0,208.94,0,No Failure,184.3,80.3
M,10.55,2799.74,213.2,6.35,445.0,181.32,0,No Failure,149.1,67.8
L,11.4,3745.9,224.65,5.37,251.0,200.21,0,No Failure,167.2,74.2
H,9.12,3255.94,171.94,5.66,444.0,183.5,0,No Failure,164.8,73.4
L,9.34,3797.79,196.98,4.4,513.0,171.19,0,No Failure,167.0,74.1
M,9.4,3138.94,212.66,4.83,812.0,180.67,0,No Failure,175.6,77.2
L,10.87,3874.97,248.51,4.92,680.0,191.87,0,No Failure,155.7,70.2
L,8.67,3696.66,235.23,3.99,16.0,185.68,0,No Failure,140.5,64.8
M,8.44,4247.06,232.11,3.82,206.0,201.83,0,No Failure,135.4,63.0
H,9.19,3732.87,156.39,6.32,433.0,210.58,0,No Failure,154.2,69.6
M,9.34,3420.04,180.0,4.62,545.0,196.74,0,No Failure,194.0,83.7
L,11.25,3943.26,175.28,5.03,455.0,191.27,0,No Failure,156.4,70.4
L,7.82,3746.46,218.37,4.65,757.0,172.15,0,No Failure,143.9,66.0
L,9.18,3353.75,193.34,4.68,273.0,174.48,0,No Failure,182.2,79.5
L,7.31,3817.97,216.03,5.88,163.0,181.5,0,No Failure,126.6,59.8
H,9.11,3955.07,188.85,5.4,149.0,121.087,0,No Failure,161.7,72.3
L,11.5,2549.21,232.75,4.53,231.0,191.17,1,Weld Expulsion & Splash,3.1,19.5
M,8.63,3350.23,148.08,4.45,143.0,181.35,0,No Failure,142.4,65.4
L,9.65,3282.23,216.49,5.26,289.0,209.06,0,No Failure,212.9,90.4
H,10.87,3775.32,211.54,3.93,1.0,200.6,0,No Failure,154.3,69.6
L,10.17,3185.9,180.91,4.57,386.0,221.25,0,No Failure,193.8,83.6
L,7.49,3710.83,206.3,4.7,556.0,164.93,0,No Failure,147.8,67.4
L,11.65,3167.84,206.27,5.23,297.0,192.08,0,No Failure,169.6,75.1
L,10.01,3067.75,100.527,5.51,483.0,191.63,0,No Failure,188.0,81.6
L,9.48,3413.36,183.72,4.75,592.0,197.17,0,No Failure,192.2,83.1
M,9.64,3256.84,200.28,4.82,371.0,171.12,0,No Failure,194.7,84.0
L,10.88,2801.46,216.83,5.42,599.0,195.09,0,No Failure,163.0,72.7
H,10.7,2756.35,226.03,4.0,78.0,169.71,0,No Failure,127.7,60.2
L,8.58,3419.98,225.39,6.35,425.0,214.82,0,No Failure,179.6,78.6
L,11.63,3281.1,195.38,4.67,563.0,230.54,0,No Failure,172.4,76.1
H,9.32,3791.08,205.02,3.27,153.0,269.01,1,Torch Cooling Restriction,13.6,13.1
L,9.78,3446.32,246.53,4.23,251.0,207.21,0,No Failure,162.9,72.7
L,9.85,3234.06,193.29,3.87,382.0,216.75,0,No Failure,194.5,83.9
L,10.24,3436.86,215.24,5.64,423.0,203.0,0,No Failure,196.1,84.4
L,7.62,4131.88,171.75,4.63,493.0,197.83,0,No Failure,139.2,64.3
L,10.22,3732.54,243.88,4.04,774.0,201.09,0,No Failure,159.7,71.6
L,8.72,3875.43,239.07,5.08,510.0,197.7,0,No Failure,172.1,76.0
L,9.73,3832.19,244.98,3.87,697.0,195.33,0,No Failure,157.8,70.9
H,8.69,3624.16,248.53,5.87,399.0,212.39,0,No Failure,171.7,75.8
L,10.84,4762.043,269.6,3.98,402.0,269.17,0,No Failure,138.6,64.1
L,11.19,3247.04,256.86,4.44,1.0,211.81,0,No Failure,155.5,70.1
L,8.67,3511.3,184.43,6.8,278.0,241.18,1,Torch Cooling Restriction,11.8,22.2
M,10.18,3004.74,198.94,4.06,295.0,204.83,0,No Failure,182.1,79.5
M,11.45,3310.02,200.93,3.71,407.0,225.79,0,No Failure,170.6,75.4
L,10.22,3596.61,203.32,4.11,443.0,220.84,0,No Failure,196.3,84.5
H,9.51,2025.12,215.02,3.44,622.0,197.47,0,No Failure,174.8,76.9
M,8.99,3207.34,214.73,5.21,1.0,209.66,0,No Failure,183.0,79.8
M,10.73,3569.63,248.69,4.28,437.0,194.26,0,No Failure,179.8,78.7
L,8.82,3890.51,222.94,3.78,527.0,298.49,0,No Failure,165.3,73.6
L,9.56,2645.56,178.52,5.41,518.0,191.79,0,No Failure,154.9,69.9
M,10.73,3736.17,198.31,5.29,551.0,173.67,0,No Failure,160.5,71.9
L,11.04,2496.58,247.35,4.36,1024.0,209.37,0,No Failure,112.9,55.0
L,9.33,3753.38,256.04,5.38,415.0,181.99,0,No Failure,165.9,73.8
M,9.53,3133.45,217.84,4.74,397.0,177.24,0,No Failure,198.8,85.4
L,9.88,3708.51,225.72,4.85,181.0,172.05,0,No Failure,178.2,78.1
M,7.96,3555.08,216.68,4.26,2.0,179.42,0,No Failure,146.1,66.7
H,9.98,3337.21,194.83,5.76,675.0,201.74,0,No Failure,181.6,79.3
L,9.71,3532.84,199.85,5.06,303.0,184.97,0,No Failure,195.6,84.3
L,11.69,3276.11,232.53,4.13,230.0,241.16,0,No Failure,150.7,68.4
H,10.59,3087.16,220.99,4.83,441.0,222.43,0,No Failure,202.1,86.6
L,9.65,2827.6,173.51,4.61,1013.0,198.82,0,No Failure,153.6,69.4
H,8.95,3578.07,241.78,4.75,569.0,233.5,0,No Failure,180.1,78.8
H,10.65,2535.24,151.0,4.07,288.0,186.49,0,No Failure,119.1,57.2
H,9.85,3395.85,240.18,4.25,449.0,201.03,0,No Failure,197.7,85.0
L,11.91,4245.92,271.21,5.14,251.0,180.71,0,No Failure,107.5,53.1
L,8.83,3396.52,225.43,5.4,448.0,259.69,0,No Failure,172.6,76.1
L,9.41,3176.07,234.0,4.03,277.0,226.94,0,No Failure,178.2,78.1
M,9.13,3942.23,100.527,4.33,276.0,220.01,0,No Failure,172.9,76.2
M,8.15,3656.0,258.44,3.99,634.0,235.83,0,No Failure,134.8,62.7
L,9.37,3556.21,216.61,5.3,386.0,185.03,0,No Failure,196.7,84.6
H,13.818,3473.66,206.29,5.46,156.0,209.84,0,No Failure,194.1,83.7
L,10.33,2970.33,226.4,4.44,310.0,168.0,0,No Failure,165.3,73.6
L,10.12,2629.51,221.54,5.15,492.0,185.65,0,No Failure,171.2,75.6
L,11.04,2519.87,205.23,5.13,239.0,191.68,0,No Failure,148.8,67.7
L,10.55,2646.56,209.83,5.0,517.0,206.52,0,No Failure,181.6,79.3
L,8.56,3878.54,212.32,4.38,426.0,192.76,0,No Failure,179.6,78.6
M,8.68,3503.47,262.63,6.52,185.0,231.49,0,No Failure,128.8,60.6
L,10.78,3887.75,208.57,7.542,558.0,200.98,0,No Failure,175.4,77.1
L,10.27,3103.76,162.79,4.85,249.0,259.74,0,No Failure,149.0,67.8
L,7.94,3671.07,222.48,5.11,1.0,232.79,0,No Failure,148.0,67.4
L,9.74,2956.24,206.8,5.39,191.0,188.38,0,No Failure,173.9,76.6
M,11.84,3065.24,232.14,5.22,596.0,254.49,1,Weld Expulsion & Splash,5.5,18.6
H,10.27,3639.12,234.94,4.68,419.0,231.51,0,No Failure,172.2,76.0
L,10.57,2853.26,215.69,5.03,142.0,179.28,0,No Failure,161.6,72.2
M,9.9,3787.14,230.27,5.25,251.0,220.76,0,No Failure,186.6,81.1
M,10.08,3090.08,168.31,4.96,340.0,217.74,0,No Failure,185.5,80.7
L,9.19,3386.51,274.46,5.94,262.0,184.63,0,No Failure,149.1,67.8
L,9.83,4081.56,227.57,3.68,889.0,202.08,0,No Failure,144.1,66.0
L,9.39,3857.26,221.69,5.51,701.0,170.47,0,No Failure,151.2,68.6
M,13.46,3663.13,187.02,4.45,1.0,209.13,0,No Failure,130.9,61.4
H,9.66,4307.12,168.17,5.88,268.0,188.98,0,No Failure,129.1,60.7
H,9.48,3534.57,185.75,4.94,378.0,298.49,0,No Failure,205.8,87.9
L,10.77,2995.34,186.99,4.23,476.0,202.73,0,No Failure,174.0,76.6
M,11.25,3240.79,159.91,6.34,578.0,199.84,0,No Failure,134.5,62.6
M,10.15,3206.07,173.52,4.11,59.0,169.69,0,No Failure,140.5,64.7
L,9.32,3243.94,301.53,5.23,448.0,227.78,0,No Failure,160.3,71.8
M,12.08,2955.69,240.69,5.09,459.0,225.21,1,Weld Expulsion & Splash,4.7,25.4
L,10.04,3443.31,226.79,3.97,607.0,209.14,0,No Failure,198.0,85.1
H,13.818,3361.89,275.15,4.16,869.0,205.15,1,Electrode Cap Mushrooming,4.7,26.2
M,10.69,3945.97,163.16,5.6,552.0,211.67,0,No Failure,151.1,68.5
L,10.05,3211.73,274.11,4.33,275.0,212.55,0,No Failure,177.4,77.8
H,8.88,3291.22,179.14,4.78,1165.0,239.68,0,No Failure,167.6,74.4
L,8.51,3845.64,227.59,4.72,415.0,159.38,0,No Failure,160.3,71.8
H,10.61,2833.94,221.92,5.56,508.0,239.88,0,No Failure,158.8,71.2
L,10.23,3551.87,232.61,4.28,111.0,193.09,0,No Failure,175.7,77.2
L,8.32,3285.81,227.71,3.98,583.0,211.29,0,No Failure,178.0,78.0
L,10.06,3594.47,225.47,4.86,337.0,212.54,0,No Failure,214.2,90.9
M,11.94,3415.76,182.8,4.24,341.0,222.09,0,No Failure,166.8,74.1
H,9.37,3136.01,220.38,4.81,869.0,214.51,0,No Failure,156.6,70.5
L,9.8,3521.97,173.3,4.78,373.0,209.36,0,No Failure,210.0,89.4
M,10.07,2701.88,221.81,5.9,459.0,215.86,0,No Failure,173.2,76.4
M,11.63,3648.94,215.01,4.56,164.0,210.75,0,No Failure,180.2,78.8
H,11.21,4066.67,254.64,5.12,523.0,201.17,0,No Failure,152.0,68.8
H,9.63,3232.61,229.09,4.18,479.0,189.35,0,No Failure,192.5,83.2
L,9.55,3415.72,144.18,4.53,383.0,235.34,0,No Failure,175.2,77.1
L,8.99,3694.23,183.67,3.7,810.0,201.76,0,No Failure,145.4,66.5
M,9.04,3746.89,219.35,6.01,299.0,213.92,0,No Failure,175.7,77.2
M,9.94,4627.95,214.015,4.81,286.0,227.47,0,No Failure,161.7,72.3
L,9.75,2645.25,182.89,4.48,1267.0,239.45,0,No Failure,154.8,69.8
L,10.97,3192.41,208.48,4.95,219.0,257.14,0,No Failure,163.0,72.7
L,10.34,3628.71,204.2,5.79,650.0,207.19,0,No Failure,178.9,78.3
L,11.26,3814.52,219.12,5.56,443.0,231.31,0,No Failure,167.2,74.2
L,11.29,3951.62,204.05,4.31,550.0,185.5,0,No Failure,154.2,69.6
L,9.78,2604.4,226.68,4.91,598.0,214.14,0,No Failure,174.1,76.7
M,8.66,3731.91,225.46,5.36,270.0,232.47,0,No Failure,167.4,74.3
M,9.7,3628.13,191.7,5.26,332.0,181.07,0,No Failure,182.4,79.6
L,10.16,4080.61,198.8,4.6,590.0,195.93,0,No Failure,172.9,76.2
M,9.91,3588.44,188.82,5.75,512.0,230.2,0,No Failure,177.5,77.9
L,7.44,3221.34,247.12,5.73,905.0,197.32,0,No Failure,121.3,58.0
M,9.94,3090.18,216.85,4.3,407.0,178.1,0,No Failure,191.1,82.7
L,10.05,3698.95,172.7,4.26,415.0,245.92,0,No Failure,164.2,73.2
M,8.32,3388.42,180.59,4.59,1.0,194.92,0,No Failure,158.2,71.0
H,7.19,2733.54,181.45,4.3,223.0,180.84,0,No Failure,113.9,55.4
L,9.36,3747.2,169.14,7.542,234.0,225.24,0,No Failure,163.5,72.9
M,11.51,2932.73,251.71,5.37,483.0,226.42,1,Weld Expulsion & Splash,12.8,23.0
L,11.07,3424.11,215.49,4.32,482.0,121.087,0,No Failure,189.6,82.2
H,10.58,3699.29,194.04,4.36,362.0,212.98,0,No Failure,190.2,82.4
M,9.59,4243.84,252.63,4.66,292.0,204.11,0,No Failure,167.1,74.2
L,9.26,3111.17,203.24,3.96,746.0,187.67,0,No Failure,159.7,71.6
M,10.24,3885.24,187.05,4.36,484.0,203.04,0,No Failure,180.9,79.1
H,11.16,3107.11,187.22,5.44,179.0,200.02,0,No Failure,157.6,70.8
M,8.92,2553.98,181.81,5.61,403.0,183.9,0,No Failure,139.2,64.3
L,7.95,3621.63,181.66,7.542,664.0,235.61,0,No Failure,128.9,60.7
M,9.63,3809.01,228.79,4.8,592.0,208.63,0,No Failure,201.0,86.2
H,8.66,3024.54,197.71,4.01,383.0,179.35,0,No Failure,159.1,71.3
M,9.37,2883.3,100.527,3.18,734.0,264.72,1,Torch Cooling Restriction,14.0,9.2
M,5.772,3018.52,190.01,4.27,316.0,171.24,0,No Failure,161.5,72.2
M,10.83,3437.06,171.94,5.57,139.0,239.36,0,No Failure,147.2,67.1
L,10.61,3505.68,165.73,4.17,511.0,190.85,0,No Failure,167.0,74.1
M,9.94,3005.06,165.41,4.45,572.0,211.81,0,No Failure,177.8,78.0
L,10.4,2667.21,204.92,5.34,490.0,244.77,0,No Failure,155.9,70.2
M,10.53,3204.2,216.34,3.9,670.0,229.27,0,No Failure,171.9,75.9
M,9.15,3282.09,207.84,5.18,371.0,215.43,0,No Failure,207.1,88.3
H,10.43,3444.71,243.6,3.84,368.0,193.08,0,No Failure,179.3,78.5
M,7.26,3555.85,268.03,4.17,36.0,215.22,0,No Failure,127.5,60.2
H,10.22,2912.27,206.4,3.13,88.0,186.71,0,No Failure,135.8,63.1
L,11.28,2718.14,223.47,4.66,683.0,217.14,1,Weld Expulsion & Splash,6.8,26.8
M,11.38,3404.02,222.82,4.92,744.0,238.0,0,No Failure,170.2,75.3
H,9.39,3454.52,186.45,5.3,388.0,188.75,0,No Failure,190.4,82.4
H,7.87,3388.86,187.31,4.81,23.0,222.4,0,No Failure,161.8,72.3
H,10.59,3020.61,197.71,4.88,116.0,202.89,0,No Failure,177.1,77.7
L,9.75,3907.81,227.32,4.6,158.0,224.3,0,No Failure,180.5,78.9
L,9.22,3685.78,194.02,6.58,677.0,158.47,0,No Failure,119.6,57.4
L,9.49,4188.77,201.72,6.13,508.0,220.68,0,No Failure,154.3,69.6
L,10.91,2935.67,210.78,5.05,307.0,219.49,0,No Failure,183.0,79.8
L,10.31,3823.28,188.11,5.4,1.0,199.31,0,No Failure,153.4,69.3
M,8.78,3484.11,152.37,4.98,651.0,268.97,0,No Failure,131.8,61.7
L,9.78,3555.49,262.69,4.29,897.0,201.66,1,Electrode Cap Mushrooming,10.8,27.0
H,10.32,3062.98,203.67,4.88,783.0,206.96,0,No Failure,184.6,80.4
M,7.7,3750.58,234.83,3.92,161.0,200.79,0,No Failure,142.5,65.5
L,9.78,3208.16,202.18,4.76,440.0,228.13,0,No Failure,205.4,87.8
M,11.08,3645.15,226.77,5.34,759.0,184.66,0,No Failure,154.2,69.6
H,11.14,3202.87,187.04,5.28,747.0,187.65,0,No Failure,151.2,68.5
L,8.69,3155.69,229.04,5.32,406.0,176.7,0,No Failure,172.4,76.1
M,11.19,3683.56,201.1,5.15,198.0,222.6,0,No Failure,170.3,75.3
L,7.44,3361.72,223.01,4.58,663.0,177.3,0,No Failure,157.5,70.8
L,11.5,3317.12,230.06,4.58,1.0,188.25,0,No Failure,157.3,70.7
L,9.93,3708.86,253.8,5.2,912.0,209.06,1,Electrode Cap Mushrooming,4.6,26.9
M,10.98,3331.93,224.97,3.9,617.0,235.03,0,No Failure,165.9,73.8
M,11.25,3718.88,146.44,3.56,1.0,209.43,0,No Failure,116.5,56.2
M,9.46,3764.48,183.98,5.25,300.0,209.45,0,No Failure,186.3,81.0
L,7.57,3384.5,183.32,3.81,767.0,197.94,0,No Failure,138.8,64.1
L,8.36,3699.15,203.09,4.88,509.0,211.11,0,No Failure,192.1,83.0
L,11.59,3603.71,222.72,4.74,517.0,196.27,0,No Failure,184.7,80.4
M,8.77,3749.18,191.39,4.37,764.0,213.82,0,No Failure,163.8,73.0
L,7.89,3233.01,210.19,4.95,568.0,206.22,0,No Failure,187.1,81.3
L,9.52,3327.24,160.04,4.47,490.0,233.01,0,No Failure,178.3,78.1
H,9.35,3000.45,203.24,4.7,432.0,179.5,0,No Failure,187.5,81.4
M,12.05,3622.25,168.11,3.96,496.0,241.26,0,No Failure,130.7,61.3
L,9.38,3101.55,329.231,4.69,339.0,265.47,0,No Failure,163.2,72.8
L,10.12,3147.3,248.9,3.88,404.0,210.46,0,No Failure,186.8,81.2
L,10.31,2903.58,192.77,4.91,313.0,200.64,0,No Failure,184.8,80.4
L,9.78,3715.8,248.64,4.18,514.0,210.66,0,No Failure,152.7,69.1
L,11.78,3079.4,224.34,6.49,236.0,200.52,1,Weld Expulsion & Splash,9.0,19.0
M,10.47,3095.53,251.35,6.68,534.0,253.49,0,No Failure,122.5,58.4
M,9.82,3328.01,197.04,4.92,704.0,236.79,0,No Failure,188.4,81.7
M,10.17,3211.95,225.79,5.02,211.0,254.69,0,No Failure,172.7,76.2
H,10.06,3197.29,191.42,3.85,399.0,215.63,0,No Failure,190.6,82.5
L,10.55,3547.26,234.8,4.93,585.0,199.5,0,No Failure,192.3,83.1
M,9.81,3896.66,161.56,3.72,594.0,209.81,0,No Failure,156.6,70.4
M,10.34,3121.69,173.39,5.35,373.0,180.19,0,No Failure,164.9,73.4
L,9.61,3308.52,218.22,6.08,427.0,242.28,0,No Failure,182.4,79.6
H,9.47,2993.97,126.76,3.79,526.0,169.81,0,No Failure,118.6,57.0
L,10.04,3397.11,230.0,3.94,410.0,174.75,0,No Failure,186.4,81.0
M,10.76,3484.51,221.07,5.81,260.0,238.0,0,No Failure,168.6,74.7
M,9.53,2810.42,196.79,6.14,175.0,212.7,0,No Failure,155.3,70.0
M,10.16,3532.49,232.57,4.92,340.0,212.29,0,No Failure,211.1,89.8
M,8.79,3242.43,162.31,2.02,576.0,170.02,0,No Failure,126.1,59.7
M,10.7,2463.8,263.63,4.28,1.0,191.44,0,No Failure,111.8,54.6
L,9.73,2939.37,202.62,4.81,320.0,186.51,0,No Failure,190.8,82.6
L,9.78,2436.63,239.74,4.49,1041.0,202.87,0,No Failure,130.9,61.3
M,8.76,2954.73,225.0,4.4,482.0,161.25,0,No Failure,156.0,70.3
L,9.08,3952.82,191.41,4.49,1.0,200.75,0,No Failure,153.9,69.5
L,8.9,3123.25,191.94,5.51,402.0,145.63,0,No Failure,144.5,66.2
M,10.37,3530.09,196.01,4.75,349.0,218.66,0,No Failure,199.9,85.8
M,11.3,3250.94,170.04,4.83,488.0,187.79,0,No Failure,169.3,75.0
L,10.11,3331.72,224.77,3.96,612.0,249.81,0,No Failure,170.5,75.4
H,11.74,2801.4,231.29,4.81,8.0,203.97,1,Weld Expulsion & Splash,8.6,20.9
M,11.84,3283.24,202.02,5.29,526.0,193.28,0,No Failure,170.2,75.3
L,9.94,3613.47,226.01,4.85,476.0,193.67,0,No Failure,207.8,88.6
L,10.16,3656.26,246.81,4.74,37.0,212.66,0,No Failure,179.5,78.6
L,10.73,4762.043,239.89,5.35,150.0,219.5,0,No Failure,163.4,72.9
L,9.41,3483.92,212.84,4.82,128.0,231.86,0,No Failure,195.1,84.1
H,11.53,3994.73,202.86,5.42,523.0,186.96,0,No Failure,148.3,67.5
L,11.95,3413.36,237.06,5.15,1267.0,255.29,0,No Failure,146.6,66.9
L,9.82,3772.72,232.43,4.7,298.0,181.85,0,No Failure,186.1,80.9
L,9.82,4108.54,182.57,5.35,568.0,233.12,0,No Failure,156.5,70.4
L,11.28,3057.52,211.78,6.25,466.0,234.66,1,Weld Expulsion & Splash,2.8,23.8
M,12.43,3395.13,179.49,3.89,883.0,178.13,1,Weld Expulsion & Splash,12.6,4.5
L,9.45,3742.17,167.83,4.99,401.0,221.76,0,No Failure,183.7,80.1
H,8.95,3515.89,223.54,4.32,922.0,227.54,0,No Failure,163.0,72.7
M,9.64,3486.48,244.24,5.24,145.0,209.81,0,No Failure,170.5,75.4
M,10.99,3214.77,194.19,4.34,631.0,179.42,0,No Failure,160.2,71.7
M,9.36,3574.81,228.39,4.1,170.0,209.81,0,No Failure,173.1,76.3
L,11.64,3656.85,215.24,5.69,530.0,199.85,0,No Failure,169.3,74.9
M,9.23,3808.3,202.59,4.12,714.0,221.4,0,No Failure,166.6,74.0
H,8.45,3511.75,182.85,4.43,-451.0,232.55,0,No Failure,174.2,76.7
L,10.55,3507.54,274.48,4.86,708.0,207.98,0,No Failure,173.0,76.3
L,11.1,3715.81,260.79,5.01,74.0,222.32,0,No Failure,149.2,67.9
L,8.74,3151.97,230.6,4.69,81.0,174.72,0,No Failure,157.9,70.9
L,9.82,4762.043,236.93,3.8,346.0,248.17,0,No Failure,174.1,76.7
M,8.82,3558.85,246.94,3.97,392.0,175.3,0,No Failure,160.2,71.8
L,8.76,3627.28,265.61,3.72,412.0,187.49,0,No Failure,151.4,68.6
H,8.0,3220.67,204.84,4.46,684.0,202.52,0,No Failure,171.5,75.7
H,9.8,3729.59,222.43,5.49,892.0,191.95,0,No Failure,164.3,73.2
M,9.96,2754.09,155.12,4.64,325.0,170.3,0,No Failure,144.3,66.1
L,10.2,3632.74,238.81,3.71,140.0,209.56,0,No Failure,170.4,75.4
H,10.4,3183.85,239.89,5.95,577.0,205.72,0,No Failure,171.9,75.9
L,9.52,3158.98,215.24,5.6,572.0,193.56,0,No Failure,150.7,68.4
M,12.78,2744.9,201.94,5.75,456.0,252.06,1,Weld Expulsion & Splash,10.6,9.6
M,10.44,3032.22,207.42,4.16,282.0,208.89,0,No Failure,187.7,81.5
M,9.97,3951.64,256.78,5.23,647.0,211.22,0,No Failure,168.4,74.6
H,8.8,4131.8,167.61,4.35,649.0,227.02,0,No Failure,134.6,62.7
M,11.47,3860.54,148.43,4.83,429.0,258.58,0,No Failure,129.5,60.8
L,10.47,3392.7,184.03,4.5,528.0,246.82,0,No Failure,176.3,77.4
M,11.58,3076.97,226.66,4.69,226.0,211.56,1,Weld Expulsion & Splash,13.1,33.2
M,9.23,3333.33,260.66,5.66,467.0,188.98,0,No Failure,170.7,75.4
L,10.86,3669.64,154.2,4.4,401.0,207.01,0,No Failure,171.0,75.6
L,9.45,3459.05,245.9,5.21,301.0,187.2,0,No Failure,185.1,80.6
H,11.26,3406.85,237.38,4.81,290.0,203.63,0,No Failure,181.5,79.3
M,12.67,3945.36,210.91,3.82,799.0,212.93,0,No Failure,125.1,59.3
M,8.89,3381.45,221.06,4.05,530.0,175.44,0,No Failure,176.5,77.5
M,10.03,3147.94,329.231,5.21,564.0,204.42,0,No Failure,173.4,76.4
H,9.17,3134.39,192.03,4.48,568.0,175.78,0,No Failure,168.5,74.7
L,10.21,3522.25,247.68,4.61,565.0,188.81,0,No Failure,184.7,80.4
L,9.68,3731.89,226.79,5.27,430.0,192.36,0,No Failure,195.9,84.4
M,10.32,3047.43,177.04,5.49,272.0,199.4,0,No Failure,166.9,74.1
L,9.73,3370.62,182.88,4.26,42.0,207.79,0,No Failure,183.4,79.9
M,9.15,3398.61,218.2,5.19,712.0,240.67,0,No Failure,180.6,79.0
H,9.37,3424.91,172.72,5.04,240.0,184.71,0,No Failure,177.5,77.9
L,11.56,2744.11,180.07,4.19,306.0,182.49,1,Weld Expulsion & Splash,8.3,16.2
L,8.22,3512.22,208.77,4.99,1.0,211.38,0,No Failure,176.3,77.4
L,11.03,3616.71,252.68,5.35,395.0,238.55,0,No Failure,161.8,72.3
L,12.51,3053.76,273.75,4.09,326.0,192.2,1,Weld Expulsion & Splash,11.3,13.6
M,9.82,3170.47,233.86,5.3,177.0,217.23,0,No Failure,189.1,82.0
L,10.28,2801.77,217.03,3.41,251.0,214.31,0,No Failure,163.0,72.7
H,10.05,3513.62,267.58,4.1,772.0,262.08,1,Electrode Cap Mushrooming,8.0,16.8
M,9.12,3364.51,175.77,4.39,733.0,189.04,0,No Failure,165.5,73.6
L,10.08,3240.0,247.42,5.35,397.0,181.37,0,No Failure,180.5,78.9
L,8.02,3404.65,191.77,4.26,1267.0,176.71,0,No Failure,146.9,67.0
L,9.49,3516.97,251.97,4.93,469.0,229.19,0,No Failure,193.2,83.4
L,9.23,3887.94,236.38,5.23,1.0,215.35,0,No Failure,159.9,71.6
H,7.58,3054.51,238.6,4.94,518.0,184.3,0,No Failure,154.6,69.8
L,9.74,3621.06,186.05,5.3,420.0,218.96,0,No Failure,198.7,85.4
M,10.01,3890.53,231.27,4.45,268.0,195.45,0,No Failure,180.9,79.1
L,10.24,3214.24,215.62,4.59,692.0,241.51,0,No Failure,182.0,79.4
L,11.36,3340.83,194.22,4.2,472.0,217.66,0,No Failure,183.1,79.9
M,10.82,3301.93,223.18,4.95,596.0,183.5,0,No Failure,184.2,80.2
H,10.78,3580.07,176.16,4.7,331.0,212.61,0,No Failure,188.9,81.9
H,10.9,4032.3,152.22,5.19,501.0,195.33,0,No Failure,142.6,65.5
H,5.772,3432.91,249.31,5.34,59.0,220.74,0,No Failure,161.3,72.1
L,12.4,3515.46,150.98,4.76,729.0,208.34,0,No Failure,142.7,65.5
L,8.99,3821.73,181.07,6.29,764.0,210.74,0,No Failure,138.3,64.0
M,10.01,3107.72,252.24,3.32,410.0,221.54,0,No Failure,166.0,73.8
M,10.38,3866.85,178.79,5.49,381.0,234.72,0,No Failure,160.0,71.7
M,8.86,3088.42,237.36,4.43,932.0,227.54,0,No Failure,148.3,67.5
M,9.06,2575.29,208.26,5.95,295.0,246.98,0,No Failure,133.7,62.3
M,10.5,2735.55,182.1,4.05,247.0,224.1,0,No Failure,148.4,67.6
H,6.2,2899.58,233.05,4.81,386.0,178.23,0,No Failure,136.4,63.3
M,10.99,3293.27,160.39,5.05,394.0,195.7,0,No Failure,174.3,76.7
M,9.5,3551.0,225.94,5.39,741.0,214.61,0,No Failure,186.6,81.1
H,9.8,3885.77,206.67,5.01,765.0,126.78,0,No Failure,175.8,77.3
M,10.56,3377.65,157.63,4.26,428.0,169.04,0,No Failure,160.1,71.7
L,10.61,3356.35,212.44,3.72,136.0,194.81,0,No Failure,173.0,76.3
H,10.35,3659.38,234.08,6.65,479.0,218.01,0,No Failure,162.9,72.7
L,9.8,2653.82,227.74,5.52,585.0,242.51,0,No Failure,154.2,69.6
L,9.79,3548.03,232.88,2.02,701.0,203.02,0,No Failure,187.8,81.5
L,9.99,3112.0,181.59,6.35,799.0,217.34,0,No Failure,145.2,66.4
M,9.53,3395.13,190.45,4.3,381.0,195.42,0,No Failure,187.3,81.3
L,10.05,2924.15,209.01,4.31,347.0,205.12,0,No Failure,194.6,83.9
H,8.78,3645.67,229.74,4.01,142.0,234.01,0,No Failure,156.1,70.3
H,8.89,3204.18,174.01,5.55,1267.0,211.71,0,No Failure,178.5,78.2
M,10.6,2025.12,230.05,5.33,35.0,159.09,0,No Failure,141.5,65.1
L,7.71,3989.94,220.06,4.82,181.0,232.35,0,No Failure,150.2,68.2
L,8.45,3771.62,213.64,3.33,259.0,202.66,0,No Failure,157.1,70.6
M,9.64,3572.1,188.83,5.66,349.0,195.8,0,No Failure,184.7,80.4
H,8.7,3837.87,263.43,5.9,794.0,203.47,1,Electrode Cap Mushrooming,4.0,15.6
M,10.7,3266.99,265.96,5.11,387.0,182.07,0,No Failure,168.5,74.7
L,10.15,2299.02,255.24,4.85,446.0,245.0,0,No Failure,142.2,65.4
L,11.97,3103.91,215.96,4.09,80.0,206.43,0,No Failure,155.5,70.1
L,8.93,3069.28,165.53,4.74,464.0,199.97,0,No Failure,177.9,78.0
L,10.36,3302.85,293.98,3.97,238.0,175.87,0,No Failure,135.7,63.1
L,9.83,3527.23,239.0,4.62,1.0,190.59,0,No Failure,177.5,77.9
L,9.78,3577.98,227.99,4.64,619.0,194.36,0,No Failure,194.5,83.9
H,6.2,3420.16,277.47,3.86,668.0,199.88,0,No Failure,116.5,56.3
M,10.09,3307.25,176.52,4.2,551.0,197.82,0,No Failure,183.0,79.8
M,9.91,2947.68,246.18,5.62,56.0,209.33,0,No Failure,161.5,72.2
L,10.42,3677.23,207.77,3.88,204.0,204.37,0,No Failure,177.9,78.0
H,8.42,3362.61,224.53,5.23,533.0,185.44,0,No Failure,180.4,78.9
L,7.61,4498.38,220.35,5.06,456.0,217.3,0,No Failure,146.5,66.9
H,9.96,3794.61,195.49,4.85,626.0,173.77,0,No Failure,172.4,76.1
L,9.73,3602.52,200.15,5.14,10.0,240.71,0,No Failure,168.0,74.5
L,7.4,3056.18,227.64,4.93,775.0,200.67,0,No Failure,151.7,68.7
H,10.17,3455.83,170.33,5.83,662.0,216.85,0,No Failure,167.3,74.3
L,10.75,3925.52,229.11,5.77,304.0,206.91,0,No Failure,166.5,74.0
L,10.57,2845.24,236.8,4.11,556.0,195.19,0,No Failure,160.7,71.9
M,10.54,2779.84,267.93,5.74,307.0,249.66,0,No Failure,122.6,58.4
H,10.25,3314.11,218.41,4.44,607.0,187.8,0,No Failure,193.2,83.4
L,8.86,3341.23,155.64,4.58,417.0,182.84,0,No Failure,171.2,75.6
L,10.07,3262.45,209.09,4.68,308.0,222.44,0,No Failure,208.9,89.0
M,10.16,3502.33,200.47,5.1,440.0,253.47,0,No Failure,186.4,81.0
M,13.48,3737.71,259.78,4.74,510.0,209.71,0,No Failure,148.0,67.4
L,11.0,3112.2,229.78,4.02,458.0,229.79,0,No Failure,170.6,75.4
L,10.68,3428.04,200.73,4.48,103.0,187.42,0,No Failure,175.7,77.2
L,10.58,3218.39,247.58,5.1,652.0,202.82,0,No Failure,178.0,78.1
L,8.57,3027.53,178.09,4.96,184.0,205.26,0,No Failure,165.7,73.7
M,10.51,3762.35,265.74,4.26,717.0,224.47,0,No Failure,148.2,67.5
H,10.21,3976.57,233.62,4.49,264.0,238.3,0,No Failure,164.7,73.3
M,10.57,3446.67,215.61,5.12,492.0,216.11,0,No Failure,210.7,89.6
L,9.15,3438.71,228.02,5.44,461.0,181.68,0,No Failure,187.2,81.3
L,9.08,3271.87,242.7,4.46,349.0,237.07,0,No Failure,180.2,78.8
H,8.72,2643.06,199.7,4.48,587.0,218.23,0,No Failure,161.4,72.2
L,9.9,2812.34,216.56,5.25,404.0,150.34,0,No Failure,162.6,72.6
L,9.26,3761.23,198.23,4.81,364.0,226.41,0,No Failure,193.7,83.6
L,11.78,3651.53,239.04,5.49,715.0,211.85,0,No Failure,153.1,69.2
M,11.13,3620.65,221.77,3.67,340.0,214.83,0,No Failure,175.3,77.1
L,10.38,3245.51,235.82,4.21,103.0,221.11,0,No Failure,173.4,76.4
L,9.13,3479.02,223.25,5.65,523.0,233.37,0,No Failure,182.3,79.6
L,9.22,3196.52,221.24,4.79,270.0,197.62,0,No Failure,201.4,86.3
L,10.48,3014.71,211.85,4.87,532.0,188.81,0,No Failure,189.3,82.0
M,8.72,3578.07,268.18,4.5,526.0,218.3,0,No Failure,171.2,75.6
L,10.92,3253.67,275.01,6.11,476.0,187.3,0,No Failure,140.6,64.8
H,10.41,3843.47,213.19,5.53,110.0,174.36,0,No Failure,151.4,68.6
M,11.83,3689.9,280.04,3.54,765.0,195.25,1,Electrode Cap Mushrooming,8.8,7.6
M,10.66,2025.12,137.48,4.42,445.0,218.72,0,No Failure,166.1,73.8
M,9.31,3460.65,209.38,5.58,1.0,208.43,0,No Failure,181.8,79.4
L,8.08,2818.57,253.89,5.35,722.0,209.72,1,Electrode Cap Mushrooming,7.1,19.2
H,8.79,3558.03,157.47,4.68,213.0,215.08,0,No Failure,170.0,75.2
M,11.5,3617.19,209.69,4.49,300.0,200.81,0,No Failure,182.6,79.7
L,8.78,3174.95,222.96,4.0,379.0,192.89,0,No Failure,180.5,78.9
H,13.13,3581.17,242.93,4.16,841.0,238.93,0,No Failure,109.5,53.8
M,8.7,2748.54,159.79,5.09,281.0,254.29,0,No Failure,124.0,58.9
L,10.08,2720.5,237.73,4.45,161.0,216.03,0,No Failure,167.2,74.2
L,10.9,3476.52,260.48,4.6,61.0,206.71,0,No Failure,167.6,74.3
M,9.36,3636.75,249.16,4.25,373.0,216.75,0,No Failure,187.2,81.3
L,9.48,3689.82,273.44,5.73,663.0,226.46,0,No Failure,146.9,67.0
M,10.73,3540.23,194.16,4.26,373.0,241.69,0,No Failure,174.4,76.8
L,8.37,3699.57,247.55,4.2,910.0,223.21,0,No Failure,136.0,63.2
L,11.3,3457.65,241.11,5.4,503.0,209.06,0,No Failure,172.4,76.1
H,12.55,3219.03,212.09,3.52,626.0,207.57,0,No Failure,148.3,67.5
M,10.06,2791.94,216.75,3.53,352.0,214.56,0,No Failure,175.1,77.0
L,9.61,4069.89,177.01,4.72,126.0,235.39,0,No Failure,151.8,68.8
L,8.7,3470.09,209.54,5.28,211.0,238.46,0,No Failure,175.1,77.0
M,9.68,3710.29,245.16,4.37,508.0,261.11,0,No Failure,160.9,72.0
L,9.65,4250.68,177.77,5.54,357.0,239.57,0,No Failure,143.8,65.9
L,9.78,3456.81,152.34,4.38,294.0,231.68,0,No Failure,159.5,71.5
M,10.08,3659.18,240.01,4.25,389.0,192.9,0,No Failure,187.3,81.3
H,9.13,3548.98,228.75,4.92,340.0,186.37,0,No Failure,193.5,83.5
M,8.35,3187.24,244.45,4.52,767.0,220.1,0,No Failure,159.4,71.4
M,8.68,2596.56,184.23,2.02,562.0,209.81,0,No Failure,149.9,68.1
M,9.03,3486.18,192.45,6.12,655.0,194.03,0,No Failure,159.4,71.5
M,9.38,3470.54,219.46,4.91,23.0,218.05,0,No Failure,194.6,83.9
M,9.33,3600.05,271.09,3.78,899.0,197.89,1,Electrode Cap Mushrooming,5.9,17.8
M,9.46,3300.02,242.7,3.3,444.0,221.33,0,No Failure,175.8,77.3
H,9.33,3769.55,214.575,5.6,28.0,233.96,0,No Failure,156.8,70.5
M,9.64,3285.72,179.15,5.74,1135.0,223.4,0,No Failure,166.0,73.8
L,9.49,3522.7,226.81,5.12,547.0,207.64,0,No Failure,207.5,88.5
L,10.45,3136.29,219.42,4.98,813.0,204.72,0,No Failure,183.7,80.1
M,10.11,3036.55,242.64,4.96,659.0,233.74,0,No Failure,171.2,75.6
L,11.81,3171.73,187.61,4.75,411.0,246.11,0,No Failure,161.7,72.3
M,11.02,3623.74,205.74,5.86,680.0,231.63,0,No Failure,153.8,69.5
M,10.67,3496.61,168.65,5.2,282.0,176.56,0,No Failure,160.1,71.7
H,9.06,3197.53,160.37,4.85,468.0,247.07,0,No Failure,164.4,73.2
L,9.91,3061.58,267.76,3.23,540.0,238.18,1,Torch Cooling Restriction,12.8,18.7
H,10.08,2967.49,199.77,5.09,426.0,272.27,0,No Failure,161.9,72.4
L,8.93,3254.48,157.31,4.71,-226.0,188.73,0,No Failure,155.4,70.0
L,8.6,3314.41,277.72,4.57,523.0,298.49,0,No Failure,166.8,74.1
L,7.83,2605.8,185.89,5.42,526.0,194.8,0,No Failure,132.9,62.1
M,9.99,3726.4,211.9,5.14,515.0,212.44,0,No Failure,206.8,88.2
L,7.66,3994.65,142.4,4.14,556.0,224.96,0,No Failure,114.4,55.5
M,8.56,3238.21,157.7,4.35,1.0,180.62,0,No Failure,129.3,60.8
M,9.05,4291.1,221.57,2.02,571.0,200.71,0,No Failure,171.6,75.8
H,9.82,3902.86,163.93,5.94,446.0,211.2,0,No Failure,166.2,73.8
L,8.92,3324.06,257.3,4.53,392.0,214.55,0,No Failure,192.1,83.0
M,7.54,3405.21,258.86,5.14,20.0,229.38,0,No Failure,138.1,63.9
L,11.36,3539.82,213.47,4.14,191.0,239.97,0,No Failure,161.4,72.2
H,9.36,3395.85,180.51,4.55,384.0,203.33,0,No Failure,195.3,84.2
M,10.06,3653.89,226.42,6.02,416.0,210.08,0,No Failure,193.5,83.5
L,9.23,3587.22,201.56,4.37,444.0,203.18,0,No Failure,201.9,86.5
M,9.47,3328.04,180.14,4.96,517.0,221.33,0,No Failure,197.2,84.8
H,11.62,3846.72,208.99,5.22,1023.0,235.14,0,No Failure,125.8,59.6
H,10.53,3514.3,135.25,4.58,198.0,220.17,0,No Failure,158.4,71.1
M,11.55,3054.05,228.53,6.31,471.0,221.9,1,Weld Expulsion & Splash,4.2,23.0
M,9.17,3658.84,259.26,4.24,1267.0,234.24,0,No Failure,166.2,73.9
M,10.93,3270.51,246.71,4.68,145.0,225.71,0,No Failure,171.0,75.6
M,9.74,2491.39,207.81,3.8,701.0,227.02,0,No Failure,145.9,66.7
M,8.77,3636.69,261.14,5.01,578.0,186.59,0,No Failure,161.4,72.1
H,9.54,3097.09,213.94,5.76,385.0,200.21,0,No Failure,193.5,83.5
H,8.11,3474.61,218.65,6.02,231.0,182.26,0,No Failure,153.3,69.3
M,9.87,3501.82,225.84,5.06,366.0,194.78,0,No Failure,210.0,89.4
H,8.99,3597.73,249.3,3.7,802.0,236.11,0,No Failure,136.5,63.3
L,9.72,2834.69,247.55,4.47,253.0,237.3,0,No Failure,162.3,72.5
M,10.13,3205.82,231.23,3.38,331.0,230.91,0,No Failure,168.7,74.7
M,10.59,3563.79,249.75,4.65,202.0,188.57,0,No Failure,172.1,76.0
H,11.13,2790.81,197.85,5.1,773.0,203.28,0,No Failure,152.1,68.9
H,8.5,3394.91,100.527,4.68,106.0,188.7,0,No Failure,158.4,71.1
L,11.09,3131.13,228.16,5.99,807.0,214.71,0,No Failure,149.0,67.8
L,13.818,3301.02,207.3,4.44,386.0,209.28,0,No Failure,207.9,88.6
L,9.66,2935.38,205.0,5.4,366.0,160.76,0,No Failure,164.2,73.2
M,9.55,3737.44,259.58,4.46,608.0,176.94,0,No Failure,158.0,71.0
M,11.82,3452.43,217.16,7.4,616.0,265.04,0,No Failure,109.5,53.8
M,10.22,3356.36,174.31,4.35,189.0,168.65,0,No Failure,159.2,71.4
H,10.39,3790.16,204.84,6.17,613.0,160.1,0,No Failure,134.4,62.6
L,8.28,3440.64,233.08,5.14,150.0,210.16,0,No Failure,181.8,79.4
M,8.88,3351.71,251.83,4.54,427.0,190.14,0,No Failure,187.0,81.2
L,8.87,3371.85,210.65,3.9,401.0,236.09,0,No Failure,185.3,80.6
M,10.47,3390.93,229.8,5.32,353.0,194.72,0,No Failure,196.7,84.7
L,9.65,3541.9,162.94,3.3,737.0,211.45,0,No Failure,151.5,68.7
L,10.06,2800.96,177.61,4.77,612.0,210.03,0,No Failure,178.8,78.3
H,10.23,3516.88,216.08,7.31,157.0,123.87,0,No Failure,182.8,79.7
L,7.78,3344.7,198.91,5.48,747.0,202.61,0,No Failure,158.9,71.3
H,8.76,3129.9,242.35,4.56,59.0,245.97,0,No Failure,146.6,66.9
L,9.22,3460.34,235.17,5.03,246.0,167.91,0,No Failure,174.3,76.7
M,9.8,3628.14,285.66,4.5,370.0,239.62,0,No Failure,165.6,73.7
M,9.38,3355.0,209.92,4.85,643.0,208.22,0,No Failure,212.2,90.2
H,9.27,3058.74,285.02,5.52,536.0,212.66,0,No Failure,158.2,71.0
H,9.03,3551.51,193.94,4.21,310.0,240.91,0,No Failure,171.4,75.7
L,11.14,3250.65,197.83,4.8,378.0,243.27,0,No Failure,180.6,79.0
L,9.0,3201.86,211.2,3.59,472.0,196.85,0,No Failure,180.0,78.8
H,9.15,3217.1,274.79,5.04,348.0,216.02,0,No Failure,179.0,78.4
M,9.74,3113.32,188.27,4.52,85.0,222.78,0,No Failure,176.8,77.6
L,9.84,3413.36,266.5,5.75,68.0,206.14,0,No Failure,157.7,70.8
M,10.84,2894.23,231.47,4.54,882.0,183.04,0,No Failure,141.1,65.0
H,10.7,3148.88,166.53,3.9,922.0,209.23,0,No Failure,138.9,64.2
M,7.51,3574.27,200.32,5.12,505.0,221.6,0,No Failure,171.8,75.9
M,8.12,3211.75,170.16,5.64,615.0,169.69,0,No Failure,127.5,60.2
L,10.12,3579.12,212.26,3.92,366.0,190.4,0,No Failure,191.1,82.7
L,9.31,3189.98,161.96,6.2,408.0,217.69,0,No Failure,161.7,72.3
H,9.01,3815.56,206.29,4.16,540.0,190.81,0,No Failure,172.3,76.0
H,10.42,4000.4,231.39,4.96,123.0,189.77,0,No Failure,160.9,72.0
L,10.94,2986.11,212.25,4.52,633.0,206.61,0,No Failure,182.2,79.5
M,8.53,3366.65,253.98,5.04,465.0,185.43,0,No Failure,176.1,77.4
M,9.64,3748.17,192.29,4.18,353.0,196.23,0,No Failure,184.8,80.4
H,9.66,3434.64,184.45,4.81,700.0,143.3,0,No Failure,158.0,70.9
M,11.23,3491.49,202.45,5.86,734.0,238.45,0,No Failure,146.6,66.9
L,9.19,3485.41,236.94,3.61,134.0,196.13,0,No Failure,162.9,72.7
L,10.45,3440.04,219.8,5.46,633.0,205.46,0,No Failure,195.1,84.1
L,10.05,2569.26,212.97,4.95,395.0,202.71,0,No Failure,190.7,82.5
M,9.04,3209.32,242.58,3.92,392.0,193.96,0,No Failure,175.8,77.3
L,10.74,3761.66,243.11,3.98,584.0,216.64,0,No Failure,164.2,73.1
L,9.56,3170.2,220.78,4.64,328.0,189.05,0,No Failure,200.4,86.0
L,11.7,3394.4,241.83,4.65,406.0,218.18,0,No Failure,189.2,82.0
L,10.17,3453.01,178.29,5.0,111.0,185.67,0,No Failure,172.9,76.2
L,10.54,3184.1,193.73,5.67,394.0,202.06,0,No Failure,184.0,80.1
M,11.13,3469.26,209.42,3.5,608.0,204.31,0,No Failure,171.0,75.6
L,8.64,3685.68,243.21,4.02,284.0,154.97,0,No Failure,136.8,63.4
H,11.61,3957.31,240.82,4.61,764.0,217.25,0,No Failure,145.3,66.5
L,11.12,3217.13,329.231,4.47,392.0,219.47,0,No Failure,194.7,84.0
H,10.97,4040.88,194.05,3.97,443.0,154.73,0,No Failure,129.3,60.8
M,10.47,3801.26,261.66,4.08,362.0,205.31,0,No Failure,167.6,74.4
L,8.98,3079.77,235.78,5.04,361.0,227.09,0,No Failure,183.8,80.1
M,11.94,2810.67,193.38,4.7,374.0,167.69,1,Weld Expulsion & Splash,2.8,19.5
L,9.47,2625.58,215.25,4.65,651.0,265.87,0,No Failure,146.7,67.0
M,10.4,3506.87,245.63,4.73,218.0,227.86,0,No Failure,184.6,80.4
M,8.46,3624.61,158.21,3.15,238.0,193.24,0,No Failure,124.1,59.0
H,8.98,3413.91,211.77,5.4,313.0,212.74,0,No Failure,204.0,87.3
H,12.2,3109.67,169.19,4.57,1.0,236.46,0,No Failure,119.4,57.3
L,10.45,2940.02,221.34,4.23,473.0,235.34,0,No Failure,175.4,77.1
M,10.61,3440.51,188.58,4.02,267.0,171.44,0,No Failure,160.7,71.9
H,9.65,3300.64,208.12,5.54,659.0,161.2,0,No Failure,165.9,73.7
M,9.4,3242.62,192.8,5.26,245.0,182.56,0,No Failure,176.6,77.5
M,10.18,3634.45,199.09,4.96,133.0,214.85,0,No Failure,190.8,82.6
H,9.45,2778.17,231.81,5.09,817.0,239.12,0,No Failure,148.3,67.5
L,8.88,3124.21,184.33,4.41,376.0,178.64,0,No Failure,167.6,74.4
M,11.58,4233.79,246.32,4.25,729.0,233.98,0,No Failure,115.0,55.7
M,9.23,3312.32,243.76,5.45,420.0,258.4,0,No Failure,167.6,74.3
L,11.24,2920.05,216.4,5.46,524.0,205.04,1,Weld Expulsion & Splash,12.1,31.6
L,10.68,3217.41,276.39,5.3,545.0,206.52,0,No Failure,167.4,74.3
M,8.18,3036.28,227.45,4.5,349.0,235.55,0,No Failure,166.7,74.0
L,8.58,2997.36,220.48,4.01,301.0,234.12,0,No Failure,161.9,72.3
M,9.91,3910.24,304.97,5.86,353.0,236.18,0,No Failure,127.5,60.2
L,10.04,2997.53,221.0,4.52,434.0,198.46,0,No Failure,202.0,86.6
M,11.52,3668.55,150.05,5.0,669.0,181.2,0,No Failure,131.1,61.4
H,10.62,2722.07,207.76,5.47,730.0,242.9,0,No Failure,139.1,64.3
L,12.51,3158.33,205.87,3.33,479.0,176.55,0,No Failure,128.3,60.4
L,10.22,3466.98,329.231,5.58,308.0,231.03,0,No Failure,185.4,80.7
L,11.6,3382.78,165.33,5.8,535.0,203.26,0,No Failure,154.8,69.8
L,7.02,3524.3,146.76,4.28,245.0,166.54,0,No Failure,108.3,53.4
L,8.39,2893.54,218.55,5.06,577.0,211.87,0,No Failure,179.2,78.5
M,9.92,2782.64,256.26,3.74,429.0,231.29,0,No Failure,154.2,69.6
L,9.91,3211.23,221.01,4.76,203.0,249.83,0,No Failure,185.6,80.7
H,9.22,3356.95,196.29,5.76,681.0,166.54,0,No Failure,153.7,69.4
L,8.47,3786.49,221.99,3.7,779.0,187.44,0,No Failure,138.4,64.0
L,8.77,2978.34,199.56,4.88,526.0,248.34,0,No Failure,165.2,73.5
L,9.78,4398.26,199.42,4.34,530.0,200.6,0,No Failure,166.5,74.0
H,9.11,3253.74,245.15,4.36,501.0,173.98,0,No Failure,170.0,75.2
M,7.63,3625.44,176.86,5.52,588.0,174.82,0,No Failure,129.9,61.0
L,7.87,3193.75,230.93,4.52,656.0,198.69,0,No Failure,166.0,73.8
M,8.62,3143.54,218.66,4.01,236.0,298.49,0,No Failure,176.4,77.5
L,9.67,3270.59,190.73,6.11,555.0,186.96,0,No Failure,168.3,74.6
M,7.61,2978.89,242.55,4.85,289.0,235.27,0,No Failure,150.1,68.1
L,7.39,3217.68,244.06,5.28,308.0,228.04,0,No Failure,153.0,69.2
H,10.33,3414.21,222.81,3.69,485.0,219.99,0,No Failure,193.0,83.4
M,10.58,3877.25,212.06,4.86,400.0,211.75,0,No Failure,203.2,87.0
L,9.77,3651.69,172.33,6.22,610.0,235.17,0,No Failure,147.9,67.4
H,11.26,2842.27,199.3,3.84,218.0,194.06,1,Weld Expulsion & Splash,6.0,20.6
H,10.06,3321.2,184.69,3.46,378.0,184.84,0,No Failure,169.4,75.0
L,9.45,2992.16,178.59,4.81,819.0,227.28,0,No Failure,161.2,72.1
H,9.47,3277.1,224.78,5.77,419.0,214.29,0,No Failure,173.7,76.5
L,12.19,3357.59,203.97,5.4,78.0,259.96,0,No Failure,129.0,60.7
L,11.56,2719.89,197.56,5.23,311.0,218.29,1,Weld Expulsion & Splash,6.6,24.9
L,9.13,3093.61,203.18,5.01,347.0,201.28,0,No Failure,196.3,84.5
L,10.69,3462.17,265.76,5.63,673.0,230.99,0,No Failure,150.5,68.3
H,9.48,3713.45,204.17,4.51,853.0,227.17,0,No Failure,170.3,75.3
M,9.14,3205.29,175.13,3.78,303.0,204.13,0,No Failure,168.8,74.8
L,7.46,2636.73,220.28,4.28,228.0,160.98,0,No Failure,114.6,55.6
M,8.89,3124.22,209.25,5.59,103.0,204.17,0,No Failure,170.5,75.4
L,11.63,3618.7,100.527,4.58,55.0,198.02,0,No Failure,159.9,71.6
M,9.84,3385.54,191.95,5.16,172.0,222.67,0,No Failure,194.5,83.9
L,12.35,3565.86,197.02,4.4,532.0,190.94,0,No Failure,158.3,71.1
H,8.15,3376.1,224.09,4.1,635.0,233.73,0,No Failure,165.4,73.6
M,10.53,3259.46,208.59,5.08,416.0,208.49,0,No Failure,213.0,90.4
M,10.13,4107.94,270.03,4.05,715.0,211.75,0,No Failure,140.9,64.9
L,10.37,3131.49,291.39,4.28,533.0,237.1,0,No Failure,145.5,66.5
M,8.72,4009.05,265.7,5.39,507.0,215.28,0,No Failure,151.3,68.6
M,9.09,3722.44,209.54,5.1,599.0,204.16,0,No Failure,191.1,82.7
M,9.34,2939.32,207.56,4.83,226.0,239.78,0,No Failure,176.8,77.6
L,8.05,2943.2,203.13,5.19,748.0,153.69,0,No Failure,121.6,58.1
H,8.35,3804.21,236.69,5.12,1.0,164.1,0,No Failure,125.7,59.5
L,12.71,4153.95,185.06,3.84,726.0,215.32,0,No Failure,106.7,52.8
L,8.28,3204.15,176.79,5.11,392.0,206.61,0,No Failure,179.8,78.7
L,10.3,3938.4,153.34,4.28,128.0,212.31,0,No Failure,147.0,67.1
M,9.61,3021.75,219.24,4.92,594.0,225.27,0,No Failure,195.0,84.0
L,11.5,3642.03,181.52,3.1,432.0,180.99,0,No Failure,131.9,61.7
H,10.97,3303.18,195.56,4.52,50.0,229.83,0,No Failure,165.2,73.5
L,8.9,3210.06,221.52,5.48,203.0,221.1,0,No Failure,179.2,78.5
M,9.59,3295.64,222.19,3.66,311.0,199.16,0,No Failure,190.1,82.3
M,9.95,2899.58,225.89,4.03,514.0,244.45,0,No Failure,165.6,73.7
L,9.58,2996.35,217.58,4.27,186.0,174.55,0,No Failure,168.1,74.5
M,7.78,4762.043,232.9,4.1,493.0,220.05,0,No Failure,162.7,72.6
L,10.0,3064.78,192.52,4.3,500.0,183.35,0,No Failure,178.0,78.0
L,10.61,3721.78,216.17,4.98,488.0,221.4,0,No Failure,198.2,85.2
L,8.5,3200.7,262.05,4.97,643.0,227.24,0,No Failure,159.1,71.3
H,9.58,3230.37,229.47,6.04,285.0,219.58,0,No Failure,180.5,78.9
M,11.34,2655.27,193.44,4.35,550.0,186.2,1,Weld Expulsion & Splash,6.7,20.1
L,9.78,4105.33,183.66,4.33,169.0,213.22,0,No Failure,154.8,69.8
H,8.48,3555.94,212.49,3.67,768.0,211.45,0,No Failure,164.6,73.3
M,9.6,3284.43,148.14,5.26,303.0,200.88,0,No Failure,175.1,77.0
L,9.43,3670.67,100.527,4.62,649.0,214.72,0,No Failure,195.4,84.2
M,11.03,3265.14,229.77,4.58,218.0,191.77,0,No Failure,178.8,78.3
L,10.15,2525.23,191.93,4.19,668.0,230.19,0,No Failure,143.5,65.8
L,9.31,3219.45,223.22,5.41,539.0,203.45,0,No Failure,195.8,84.3
H,10.18,4100.72,169.15,4.64,268.0,164.47,0,No Failure,138.3,64.0
L,8.59,2656.21,259.68,4.8,242.0,181.48,0,No Failure,137.7,63.8
L,11.31,4083.59,185.31,5.24,374.0,211.81,0,No Failure,160.7,71.9
L,7.85,3268.44,199.05,4.65,168.0,226.6,0,No Failure,167.2,74.2
H,8.74,3069.64,224.89,5.16,256.0,195.16,0,No Failure,177.2,77.7
M,9.71,3779.55,213.66,3.74,236.0,235.24,0,No Failure,170.3,75.3
M,9.59,3571.48,242.24,6.89,448.0,176.76,0,No Failure,147.5,67.2
M,7.28,3264.16,257.98,3.74,615.0,253.04,0,No Failure,111.8,54.6
M,9.18,3395.13,281.9,4.91,788.0,156.9,1,Electrode Cap Mushrooming,9.2,10.7
M,8.64,2970.16,192.78,3.69,291.0,187.52,0,No Failure,146.6,66.9
H,10.47,3089.15,265.87,5.27,423.0,199.55,0,No Failure,174.6,76.8
M,9.74,3495.49,195.25,4.21,290.0,179.61,0,No Failure,183.8,80.1
M,12.05,3043.53,266.68,4.43,271.0,216.07,1,Weld Expulsion & Splash,7.8,21.2
L,10.37,3515.51,283.25,5.33,508.0,209.06,0,No Failure,160.1,71.7
M,7.92,2604.3,219.22,4.94,143.0,168.05,0,No Failure,127.6,60.2
L,9.63,3101.83,215.68,5.37,337.0,203.75,0,No Failure,202.7,86.8
M,10.16,3689.65,178.32,4.98,105.0,179.58,0,No Failure,159.2,71.4
H,11.13,2025.12,195.18,4.85,791.0,218.01,0,No Failure,157.1,70.6
L,10.96,4048.13,208.17,4.96,549.0,202.26,0,No Failure,175.3,77.1
L,9.55,3994.58,215.24,4.13,719.0,241.95,0,No Failure,135.0,62.8
L,8.17,3126.36,224.48,3.5,381.0,212.31,0,No Failure,168.2,74.6
L,6.36,3287.84,239.95,5.29,274.0,212.61,0,No Failure,171.4,75.7
L,9.2,3377.46,221.49,5.39,429.0,247.04,0,No Failure,189.2,82.0
L,9.5,3589.01,189.72,4.01,49.0,170.69,0,No Failure,147.3,67.2
M,9.55,3703.91,185.98,4.51,146.0,199.9,0,No Failure,177.9,78.0
M,9.04,3632.71,227.3,4.5,343.0,224.75,0,No Failure,191.5,82.8
L,12.13,3481.94,196.73,5.28,765.0,198.28,0,No Failure,152.4,69.0
M,10.16,3176.98,236.83,4.45,499.0,232.24,0,No Failure,186.8,81.2
H,8.21,3756.21,143.31,6.57,496.0,233.53,0,No Failure,107.4,53.0
H,9.21,3623.9,217.53,4.6,445.0,218.63,0,No Failure,209.0,89.0
L,9.92,3634.11,221.52,5.29,550.0,230.41,0,No Failure,192.4,83.2
M,9.76,3048.12,153.74,4.75,333.0,278.35,1,Torch Cooling Restriction,2.9,10.5
H,8.61,3809.88,225.65,5.04,464.0,181.31,0,No Failure,172.9,76.2
H,9.59,4071.15,270.79,4.6,417.0,223.41,0,No Failure,167.3,74.3
L,10.73,3605.03,209.84,3.36,430.0,250.46,1,Torch Cooling Restriction,5.2,25.6
H,11.79,3602.07,192.72,5.22,380.0,220.45,0,No Failure,172.7,76.2
L,10.93,3440.07,211.78,3.91,906.0,195.17,0,No Failure,158.9,71.3
L,9.15,2873.97,237.04,4.93,256.0,180.17,0,No Failure,163.8,73.0
M,9.69,3246.53,219.96,5.38,327.0,179.48,0,No Failure,190.6,82.5
M,10.05,2752.22,190.01,4.49,719.0,216.78,0,No Failure,165.4,73.6
M,7.69,3948.71,212.05,4.21,331.0,208.07,0,No Failure,164.9,73.4
M,9.41,3299.28,226.77,5.22,510.0,205.07,0,No Failure,206.0,88.0
M,9.57,3615.19,262.28,3.62,328.0,244.22,1,Torch Cooling Restriction,2.3,23.0
H,9.65,2278.25,233.49,5.26,503.0,238.46,0,No Failure,147.0,67.1
M,12.07,2890.27,223.36,4.79,267.0,186.76,1,Weld Expulsion & Splash,5.1,25.0
L,9.78,3721.82,186.02,5.39,725.0,298.49,0,No Failure,167.0,74.2
H,8.66,3207.62,173.67,5.28,87.0,203.91,0,No Failure,158.1,71.0
L,9.63,3222.63,188.47,4.36,467.0,233.86,0,No Failure,188.3,81.7
H,10.3,3280.36,243.21,4.61,447.0,214.38,0,No Failure,204.8,87.5
M,8.75,2875.68,232.68,5.67,409.0,190.75,0,No Failure,161.7,72.3
H,7.84,3359.35,231.51,5.76,397.0,242.71,0,No Failure,157.6,70.8
L,11.35,3067.74,246.36,6.29,566.0,204.62,1,Weld Expulsion & Splash,8.5,20.6
M,9.27,2907.75,212.49,4.68,505.0,263.33,0,No Failure,166.6,74.0
M,9.26,3596.72,245.45,4.43,781.0,262.72,0,No Failure,141.5,65.1
L,9.17,4041.54,221.71,4.35,176.0,221.38,0,No Failure,167.0,74.2
M,9.35,3094.52,225.08,4.2,472.0,208.61,0,No Failure,198.3,85.2
L,9.19,3168.91,264.49,3.21,469.0,196.67,0,No Failure,150.6,68.3
M,9.6,3167.9,203.84,4.74,585.0,216.33,0,No Failure,205.1,87.6
L,10.11,3853.86,210.32,5.54,412.0,243.87,0,No Failure,175.2,77.0
H,10.15,3724.9,251.99,4.74,464.0,224.49,0,No Failure,188.8,81.9
L,8.59,3861.32,188.34,6.07,261.0,222.74,0,No Failure,143.4,65.8
H,8.81,3887.64,266.77,4.87,315.0,206.99,0,No Failure,168.6,74.7
M,7.71,3298.41,236.77,6.75,151.0,243.05,0,No Failure,113.0,55.0
M,9.68,3053.23,199.69,4.35,364.0,215.22,0,No Failure,199.2,85.6
L,10.23,4383.96,159.98,4.33,771.0,207.13,0,No Failure,129.6,60.9
M,9.97,2960.43,194.61,4.68,734.0,223.99,0,No Failure,176.0,77.3
M,10.18,3860.84,238.52,7.0,1.0,189.84,0,No Failure,114.9,55.7
L,9.21,3520.97,229.65,4.8,426.0,186.88,0,No Failure,203.1,86.9
L,10.13,3262.19,169.7,3.52,373.0,185.54,0,No Failure,160.1,71.7
L,9.68,3331.93,100.527,4.62,99.0,207.27,0,No Failure,198.8,85.4
L,9.63,3884.79,237.58,4.7,639.0,200.3,0,No Failure,182.7,79.7
H,9.75,3099.36,238.17,4.22,79.0,214.59,0,No Failure,176.8,77.6
H,8.66,3664.02,222.54,4.4,588.0,223.23,0,No Failure,180.0,78.8
L,8.67,3133.74,208.43,5.7,33.0,246.56,0,No Failure,139.8,64.5
H,8.62,3807.49,189.51,3.84,359.0,238.97,0,No Failure,149.0,67.8
L,10.13,2914.95,167.26,3.58,466.0,205.85,0,No Failure,159.0,71.3
M,8.84,3085.21,232.99,5.34,649.0,248.81,0,No Failure,151.2,68.6
H,8.43,3256.02,225.14,4.91,65.0,192.55,0,No Failure,171.2,75.6
L,10.54,2961.33,231.07,4.9,787.0,191.55,0,No Failure,163.8,73.0
L,8.79,3523.96,213.2,4.87,447.0,228.27,0,No Failure,203.7,87.1
L,11.04,3120.57,180.3,3.45,1.0,222.73,0,No Failure,127.7,60.2
H,8.69,2845.1,237.89,5.0,604.0,196.68,0,No Failure,163.7,73.0
M,9.66,3691.87,238.6,4.48,241.0,228.09,0,No Failure,182.9,79.8
M,7.78,3855.07,200.4,4.27,222.0,201.88,0,No Failure,154.4,69.7
M,9.78,3480.2,227.89,5.01,375.0,223.16,0,No Failure,213.6,90.7
H,9.58,3281.79,180.22,5.83,499.0,204.39,0,No Failure,183.4,79.9
M,9.41,2696.41,195.76,4.71,245.0,197.08,0,No Failure,172.8,76.2
L,11.85,4762.043,225.31,3.66,1.0,181.31,0,No Failure,133.5,62.3
M,9.43,3392.42,203.48,5.28,111.0,207.92,0,No Failure,196.4,84.6
M,8.49,4207.2,179.69,4.9,237.0,207.69,0,No Failure,153.5,69.4
M,12.3,3835.01,185.65,5.78,316.0,204.59,0,No Failure,139.2,64.3
L,8.13,3359.69,201.52,5.7,665.0,201.29,0,No Failure,165.8,73.7
M,9.17,3793.19,194.84,3.51,526.0,213.84,0,No Failure,167.1,74.2
L,10.81,3456.16,242.12,5.08,49.0,202.49,0,No Failure,173.7,76.5
L,10.19,3115.63,221.53,4.69,660.0,235.13,0,No Failure,183.8,80.1
M,10.9,3168.05,220.01,5.39,540.0,260.83,0,No Failure,157.2,70.7
H,10.63,3254.17,189.21,3.34,413.0,195.39,0,No Failure,167.5,74.3
M,10.72,3424.96,204.94,4.27,-451.0,223.4,0,No Failure,193.7,83.6
L,10.04,3347.53,215.39,4.55,374.0,236.46,0,No Failure,208.2,88.7
M,9.32,3687.32,200.15,5.91,234.0,236.8,0,No Failure,159.4,71.5
L,11.3,4161.85,265.06,5.45,385.0,225.76,0,No Failure,134.5,62.6
L,11.08,2881.13,182.15,4.89,406.0,226.84,0,No Failure,169.2,74.9
H,9.02,4186.59,214.57,4.54,311.0,259.52,0,No Failure,149.5,68.0
L,9.52,3257.79,180.35,4.69,31.0,220.04,0,No Failure,177.6,77.9
L,8.43,3049.12,237.05,5.12,547.0,197.98,0,No Failure,170.9,75.5
M,10.04,3077.43,192.61,5.57,479.0,275.7,0,No Failure,147.6,67.3
M,8.59,3558.58,145.37,4.73,602.0,211.5,0,No Failure,166.2,73.9
H,11.88,2876.99,251.58,5.56,673.0,210.315,1,Weld Expulsion & Splash,4.6,17.2
L,9.3,3673.8,222.9,3.16,520.0,181.98,0,No Failure,156.9,70.6
M,11.83,3758.45,229.67,3.65,170.0,224.78,0,No Failure,136.9,63.5
M,8.33,3581.37,244.31,5.33,591.0,238.11,0,No Failure,154.8,69.8
M,10.34,3080.12,233.11,5.69,435.0,177.35,0,No Failure,167.9,74.5
M,12.98,3282.15,243.08,6.68,442.0,207.36,0,No Failure,131.4,61.5
L,9.36,3835.86,185.89,5.25,356.0,212.33,0,No Failure,185.4,80.6
M,8.83,3026.53,219.08,4.77,502.0,233.41,0,No Failure,186.4,81.0
L,10.68,3278.67,215.24,5.19,118.0,224.45,0,No Failure,163.2,72.8
L,11.09,2931.23,198.48,4.81,421.0,221.62,0,No Failure,185.1,80.6
M,10.28,3776.83,248.06,4.68,198.0,209.99,0,No Failure,183.1,79.9
H,11.08,2742.53,284.25,4.49,321.0,187.15,0,No Failure,130.7,61.3
M,9.13,3554.19,215.13,5.42,384.0,231.62,0,No Failure,193.7,83.6
M,10.84,3117.65,200.78,5.01,433.0,197.16,0,No Failure,191.9,83.0
H,12.2,3531.74,211.67,3.89,655.0,212.46,0,No Failure,161.2,72.1
M,8.46,4075.56,221.79,4.64,784.0,181.4,0,No Failure,141.9,65.3
L,9.24,3248.84,160.92,5.03,414.0,191.31,0,No Failure,180.8,79.0
L,10.19,3792.24,160.53,4.9,429.0,207.36,0,No Failure,186.0,80.9
M,10.92,3088.11,216.48,5.26,351.0,245.63,0,No Failure,171.6,75.8
M,9.33,4596.77,232.37,5.25,-451.0,234.68,0,No Failure,157.3,70.7
L,8.45,3132.27,215.24,4.71,712.0,211.67,0,No Failure,160.0,71.7
H,8.55,3449.92,225.24,4.56,480.0,229.3,0,No Failure,192.8,83.3
L,11.42,3389.37,329.231,5.01,567.0,226.28,0,No Failure,181.8,79.4
L,8.99,3177.95,194.3,5.82,551.0,193.05,0,No Failure,166.8,74.1
M,10.6,3381.31,219.55,4.81,325.0,212.29,0,No Failure,217.2,91.9
L,9.58,3521.66,218.93,4.83,839.0,201.24,0,No Failure,195.3,84.2
M,9.65,3549.95,243.36,4.35,145.0,222.7,0,No Failure,180.9,79.1
M,11.33,3534.6,204.01,4.75,1.0,188.34,0,No Failure,163.1,72.8
L,9.47,3657.61,174.15,4.37,437.0,208.82,0,No Failure,192.7,83.3
M,8.88,3187.9,159.05,5.06,8.0,235.03,0,No Failure,140.1,64.6
M,12.26,3947.51,210.55,5.02,523.0,212.22,0,No Failure,165.9,73.8
L,8.06,3109.35,266.4,4.85,115.0,201.06,0,No Failure,149.4,67.9
M,10.03,3326.44,225.99,3.01,47.0,200.01,0,No Failure,158.2,71.0
L,9.23,3058.91,211.25,4.06,258.0,223.09,0,No Failure,180.1,78.8
L,10.19,3719.92,188.3,4.9,655.0,229.05,0,No Failure,176.9,77.7
L,10.54,2963.42,243.43,4.76,341.0,180.35,0,No Failure,170.6,75.4
M,10.08,3349.5,100.527,6.19,1100.0,206.37,0,No Failure,149.1,67.8
M,10.05,3477.17,227.41,3.45,256.0,195.14,0,No Failure,177.3,77.8
L,10.72,3479.39,211.15,5.59,301.0,183.74,0,No Failure,179.2,78.5
L,9.12,2908.81,254.95,4.15,802.0,211.81,1,Electrode Cap Mushrooming,10.2,22.8
L,10.44,3929.81,201.15,6.14,635.0,234.83,0,No Failure,141.9,65.2
L,10.96,3154.48,150.66,6.06,403.0,201.66,0,No Failure,147.0,67.1
L,9.75,3949.84,254.25,5.68,659.0,243.17,0,No Failure,139.6,64.4
M,9.81,3492.44,197.53,5.61,171.0,207.84,0,No Failure,191.9,83.0
L,9.55,2530.67,254.94,4.52,550.0,218.95,0,No Failure,159.1,71.3
H,9.05,3317.47,252.92,3.33,483.0,224.18,0,No Failure,161.7,72.3
L,10.95,3690.56,219.39,5.02,557.0,168.39,0,No Failure,167.3,74.3
L,9.37,3528.72,225.19,4.35,528.0,182.3,0,No Failure,188.1,81.6
M,10.6,4041.26,198.89,4.9,277.0,190.68,0,No Failure,168.9,74.8
M,9.38,3567.35,246.55,4.21,330.0,203.35,0,No Failure,188.0,81.6
H,10.61,3114.8,184.31,4.56,172.0,197.45,0,No Failure,170.8,75.5
M,10.52,3662.75,204.57,4.95,409.0,219.48,0,No Failure,203.1,86.9
H,11.04,3728.14,203.73,3.93,78.0,253.35,0,No Failure,132.1,61.8
M,8.06,3504.92,227.87,5.54,328.0,182.39,0,No Failure,163.5,72.9
M,9.58,4144.68,260.41,4.8,1.0,202.21,0,No Failure,149.6,68.0
L,10.34,3682.23,180.55,5.75,429.0,200.38,0,No Failure,175.8,77.3
M,8.67,3829.72,207.21,4.8,249.0,225.4,0,No Failure,179.9,78.7
M,9.19,3473.09,171.37,3.6,505.0,176.51,0,No Failure,152.7,69.1
H,10.7,3677.72,191.29,4.92,542.0,236.64,0,No Failure,175.0,77.0
M,12.05,3844.12,254.95,3.59,519.0,227.25,0,No Failure,124.6,59.1
L,11.55,2958.93,239.47,4.4,379.0,209.45,1,Weld Expulsion & Splash,5.0,30.9
H,8.78,3467.92,250.74,5.01,131.0,231.6,0,No Failure,166.3,73.9
L,10.02,3384.65,215.0,5.58,907.0,193.38,0,No Failure,176.0,77.3
H,8.95,4762.043,211.48,4.15,586.0,219.82,0,No Failure,176.3,77.4
M,8.66,3973.6,251.82,5.23,828.0,216.8,1,Electrode Cap Mushrooming,2.4,19.6
H,8.88,3644.87,286.84,5.47,659.0,202.58,0,No Failure,145.3,66.4
L,9.65,3150.92,171.94,3.76,404.0,220.43,0,No Failure,175.6,77.2
M,9.36,3373.57,248.99,5.59,571.0,178.19,0,No Failure,167.4,74.3
L,9.04,4762.043,207.78,4.86,316.0,231.16,0,No Failure,194.0,83.7
L,10.7,3634.46,179.84,4.98,701.0,255.79,0,No Failure,146.3,66.8
M,9.7,2854.78,221.22,5.16,147.0,241.54,0,No Failure,165.5,73.6
H,9.46,3529.54,216.94,4.51,241.0,202.24,0,No Failure,205.5,87.8
L,9.2,3802.64,210.62,5.4,311.0,187.47,0,No Failure,177.1,77.7
L,9.4,4347.68,153.37,5.72,482.0,222.71,0,No Failure,140.8,64.9
H,8.53,3981.73,255.56,4.49,646.0,215.18,0,No Failure,151.6,68.7
M,9.24,3637.16,214.84,5.6,387.0,193.25,0,No Failure,191.4,82.8
H,11.33,2654.04,208.55,5.06,677.0,158.24,1,Weld Expulsion & Splash,13.3,14.6
H,9.73,3523.1,203.68,3.91,990.0,210.22,0,No Failure,171.1,75.6
M,10.11,4129.43,189.85,3.41,441.0,176.24,0,No Failure,138.7,64.1
M,8.09,3608.58,217.57,5.81,522.0,216.04,0,No Failure,172.8,76.2
H,8.92,3395.85,184.8,3.47,432.0,238.63,1,Torch Cooling Restriction,2.1,18.5
M,9.93,3435.96,239.88,4.38,212.0,234.11,0,No Failure,185.4,80.7
M,5.772,3146.64,213.98,3.98,180.0,185.24,0,No Failure,171.6,75.8
M,8.99,3454.61,264.56,4.75,1002.0,242.44,1,Electrode Cap Mushrooming,6.1,19.1
M,9.17,3061.16,214.015,4.49,55.0,200.33,0,No Failure,177.8,78.0
L,10.29,3448.42,188.59,5.07,541.0,189.56,0,No Failure,190.1,82.3
M,9.74,3092.45,151.88,6.01,10.0,202.71,0,No Failure,136.5,63.4
M,8.88,3299.87,177.26,3.98,39.0,298.49,0,No Failure,141.4,65.1
L,9.57,3327.06,235.54,3.23,797.0,197.28,0,No Failure,156.2,70.3
M,11.47,3683.39,236.3,4.75,230.0,242.92,0,No Failure,157.5,70.8
L,9.08,3430.6,258.36,4.99,489.0,198.39,0,No Failure,190.1,82.3
L,11.42,3499.15,220.74,5.23,637.0,236.67,0,No Failure,167.9,74.4
H,10.56,3994.98,100.527,3.93,998.0,230.44,0,No Failure,124.0,58.9
L,9.89,3494.97,243.95,4.44,710.0,197.64,0,No Failure,184.9,80.5
M,9.18,3406.46,223.18,5.3,658.0,217.77,0,No Failure,194.9,84.0
L,8.86,3932.82,220.35,4.51,671.0,227.04,0,No Failure,167.1,74.2
L,10.91,4035.99,203.37,4.92,931.0,217.58,0,No Failure,149.6,68.0
M,9.82,3140.19,237.28,4.33,132.0,215.05,0,No Failure,185.0,80.5
M,9.95,3704.6,212.47,4.1,182.0,202.77,0,No Failure,188.0,81.6
L,7.1,3182.7,100.527,5.26,856.0,209.06,0,No Failure,148.2,67.5
M,10.94,3217.15,185.89,4.74,236.0,226.51,0,No Failure,176.7,77.6
M,9.03,3105.89,198.1,4.73,419.0,217.04,0,No Failure,201.7,86.4
L,10.41,4165.6,199.22,4.61,549.0,182.67,0,No Failure,160.2,71.7
M,10.99,3593.32,232.84,5.83,1.0,204.77,0,No Failure,152.2,68.9
M,10.25,2834.72,248.82,3.13,270.0,219.05,0,No Failure,141.0,64.9
L,9.09,3676.15,252.77,5.08,697.0,195.38,0,No Failure,165.1,73.5
M,10.51,3677.92,271.26,4.8,896.0,229.51,1,Electrode Cap Mushrooming,5.9,21.4
H,9.44,3395.85,213.13,5.16,545.0,202.26,0,No Failure,193.8,83.7
M,10.41,3069.72,201.28,5.95,402.0,184.94,0,No Failure,167.9,74.5
M,10.02,4064.28,223.07,6.1,351.0,229.1,0,No Failure,159.9,71.6
H,10.14,3181.01,226.42,5.71,564.0,241.91,0,No Failure,169.9,75.2
M,9.6,3549.42,206.75,4.49,372.0,252.18,0,No Failure,188.7,81.8
L,9.77,3295.84,192.83,6.54,223.0,252.21,0,No Failure,145.6,66.6
H,8.99,3476.28,237.41,5.01,789.0,206.64,0,No Failure,182.5,79.6
M,8.98,3551.14,329.231,4.78,119.0,220.37,0,No Failure,192.7,83.3
L,9.72,3510.31,255.32,5.73,247.0,207.45,0,No Failure,180.9,79.1
M,10.28,3019.6,260.23,3.89,1.0,277.81,0,No Failure,101.9,51.1
M,10.94,3190.71,197.66,4.39,86.0,227.93,0,No Failure,162.9,72.7
L,10.32,3841.02,226.7,5.16,177.0,168.92,0,No Failure,156.8,70.5
L,8.01,3706.06,262.98,5.98,663.0,223.7,0,No Failure,126.6,59.9
L,10.0,3889.46,253.24,4.81,559.0,196.57,0,No Failure,179.0,78.4
M,11.24,3302.77,240.83,4.49,1.0,232.7,0,No Failure,152.5,69.0
H,8.95,3443.04,198.41,3.9,738.0,226.64,0,No Failure,166.0,73.8
H,7.57,3156.69,212.77,4.66,443.0,184.61,0,No Failure,174.6,76.8
L,8.52,3222.23,181.02,4.3,772.0,188.72,0,No Failure,148.6,67.6
L,8.57,3500.31,254.1,3.09,526.0,196.59,0,No Failure,145.8,66.6
L,7.9,3770.66,199.67,3.62,54.0,200.27,0,No Failure,133.2,62.2
H,9.54,3707.63,204.67,4.26,978.0,204.35,0,No Failure,165.8,73.7
H,10.88,2889.63,247.24,4.84,257.0,232.12,0,No Failure,160.3,71.8
L,8.4,3928.98,329.231,3.78,471.0,226.05,0,No Failure,157.0,70.6
L,7.93,3413.36,153.69,5.11,318.0,172.68,0,No Failure,107.3,53.0
M,9.3,3346.04,228.73,7.542,388.0,216.89,0,No Failure,211.1,89.8
L,10.37,3413.36,231.12,4.59,243.0,239.69,0,No Failure,168.1,74.6
H,7.34,3801.53,329.231,4.41,708.0,168.48,0,No Failure,96.7,49.3
L,8.4,2880.43,195.4,5.12,725.0,199.0,0,No Failure,153.4,69.3
M,10.19,3653.57,165.22,4.59,565.0,212.0,0,No Failure,183.2,79.9
M,10.73,3514.71,242.26,4.76,-451.0,172.58,0,No Failure,181.7,79.4
L,9.78,3528.72,205.83,4.39,767.0,211.71,0,No Failure,195.9,84.4
L,9.52,3338.95,262.08,4.49,343.0,183.75,0,No Failure,180.6,79.0
M,8.15,3289.25,236.82,5.28,719.0,190.9,0,No Failure,157.5,70.8
H,10.45,4039.81,273.17,4.38,330.0,204.02,0,No Failure,155.5,70.1
L,9.0,3012.22,209.33,5.23,89.0,176.31,0,No Failure,155.6,70.1
H,9.57,3357.56,226.18,6.15,501.0,203.61,0,No Failure,190.8,82.6
M,11.3,3579.0,222.74,4.06,379.0,213.63,0,No Failure,186.0,80.9
L,9.68,3028.71,238.29,4.19,1.0,239.97,0,No Failure,150.0,68.1
L,10.38,3530.91,190.87,4.68,103.0,204.58,0,No Failure,186.6,81.1
L,8.62,3361.57,218.98,4.03,350.0,203.57,0,No Failure,193.9,83.7
M,8.29,3182.37,220.77,4.93,737.0,232.0,0,No Failure,167.4,74.3
L,10.19,3549.08,222.25,7.29,646.0,211.73,0,No Failure,176.9,77.6
M,9.14,3392.31,222.2,5.43,790.0,206.37,0,No Failure,186.0,80.9
H,8.95,3655.94,182.85,4.69,343.0,219.35,0,No Failure,187.1,81.3
H,8.03,3238.57,231.84,4.72,84.0,224.56,0,No Failure,165.4,73.6
L,9.92,3807.83,233.6,4.18,619.0,185.5,0,No Failure,168.9,74.8
H,6.09,3057.92,263.46,4.65,263.0,149.53,1,Weld Expulsion & Splash,10.5,14.3
L,11.93,3392.65,263.99,5.48,622.0,206.7,0,No Failure,154.1,69.6
L,10.31,4059.93,194.09,4.91,776.0,208.37,0,No Failure,167.2,74.2
L,8.77,3156.79,207.44,4.51,594.0,187.39,0,No Failure,178.1,78.1
L,8.96,3173.85,267.64,6.95,618.0,232.28,0,No Failure,118.1,56.8
H,10.19,4126.67,255.19,6.68,536.0,121.087,0,No Failure,132.6,62.0
M,7.6,4316.22,216.95,4.34,650.0,167.14,0,No Failure,114.8,55.7
M,10.9,4191.41,219.38,4.14,396.0,198.31,0,No Failure,164.9,73.4
M,9.48,3877.97,210.87,3.81,41.0,207.86,0,No Failure,165.3,73.5
L,8.31,3761.0,230.92,4.19,706.0,207.56,0,No Failure,161.5,72.2
H,10.35,3419.67,194.08,4.9,548.0,166.72,0,No Failure,181.3,79.2
H,9.81,2999.3,255.82,5.37,310.0,216.51,0,No Failure,178.7,78.3
M,11.0,3664.0,151.45,4.93,35.0,206.06,0,No Failure,148.5,67.6
H,8.28,3471.62,277.88,5.45,782.0,216.55,1,Electrode Cap Mushrooming,8.5,19.9
L,9.13,3540.65,234.05,6.33,325.0,192.09,0,No Failure,163.8,73.0
L,9.85,3569.48,224.7,5.45,234.0,244.17,0,No Failure,178.2,78.1
H,9.22,3592.62,212.03,4.44,318.0,193.11,0,No Failure,196.2,84.5
M,8.37,3249.13,202.67,3.25,418.0,224.51,0,No Failure,163.9,73.0
H,9.07,3579.78,235.37,4.66,574.0,209.82,0,No Failure,198.3,85.2
M,9.27,3698.22,194.11,6.01,1.0,211.32,0,No Failure,154.8,69.8
L,8.36,3565.82,153.12,4.95,386.0,227.4,0,No Failure,164.1,73.1
H,11.17,3491.92,198.34,5.66,106.0,239.63,0,No Failure,148.9,67.7
L,8.89,3059.57,235.76,5.15,197.0,211.92,0,No Failure,178.5,78.2
H,9.87,3226.97,239.2,4.75,564.0,203.91,0,No Failure,204.9,87.6
L,12.81,2883.34,237.62,4.24,926.0,166.77,1,Weld Expulsion & Splash,11.8,1.4
L,8.15,3146.34,206.23,3.78,79.0,211.54,0,No Failure,155.5,70.1
M,7.91,3113.9,225.96,5.74,446.0,157.37,0,No Failure,138.1,63.9
M,11.8,3046.24,226.18,4.99,410.0,193.31,1,Weld Expulsion & Splash,10.3,31.9
M,8.38,3419.7,235.23,4.54,593.0,201.76,0,No Failure,185.8,80.8
M,9.33,3307.51,225.32,5.14,395.0,196.03,0,No Failure,205.8,87.9
M,8.26,3395.13,242.43,5.0,149.0,195.59,0,No Failure,153.5,69.4
M,8.23,2796.9,219.16,4.41,374.0,226.82,0,No Failure,167.2,74.2
H,9.45,3512.05,159.27,5.26,260.0,218.84,0,No Failure,176.0,77.3
L,9.86,3817.22,188.93,4.99,390.0,222.07,0,No Failure,194.5,83.9
L,10.0,3270.72,187.18,4.89,303.0,183.48,0,No Failure,190.3,82.4
L,11.13,3574.24,234.17,5.52,672.0,201.73,0,No Failure,166.0,73.8
L,7.21,2922.29,215.43,4.21,217.0,189.32,0,No Failure,142.1,65.3
L,9.59,3720.18,229.43,4.65,283.0,197.32,0,No Failure,195.4,84.2
H,9.94,4762.043,228.73,5.28,544.0,207.04,0,No Failure,207.3,88.4
M,10.47,3437.64,266.38,4.14,71.0,169.66,0,No Failure,138.7,64.1
M,9.07,3448.87,225.25,4.62,183.0,203.32,0,No Failure,198.1,85.2
L,11.84,2285.67,223.18,4.56,538.0,224.42,1,Weld Expulsion & Splash,12.2,18.4
H,13.818,3279.54,219.95,3.68,397.0,211.82,0,No Failure,190.2,82.3
L,10.75,3746.89,224.43,4.78,533.0,221.84,0,No Failure,190.9,82.6
H,9.25,2838.33,158.77,6.43,235.0,199.4,0,No Failure,126.1,59.7
M,11.36,3307.01,176.2,6.55,1267.0,180.27,0,No Failure,118.6,57.0
L,10.86,3700.81,221.39,5.21,249.0,182.91,0,No Failure,170.5,75.4
M,9.68,3159.1,214.015,6.47,263.0,257.22,0,No Failure,148.5,67.6
L,9.02,3161.43,220.74,5.97,356.0,233.82,0,No Failure,170.7,75.5
L,8.14,3704.83,213.49,5.08,689.0,218.48,0,No Failure,172.7,76.2
H,10.91,2915.08,211.86,4.16,303.0,199.89,0,No Failure,173.6,76.5
M,12.86,2610.23,192.69,4.75,286.0,216.24,1,Weld Expulsion & Splash,8.8,18.5
M,8.79,3894.28,234.11,4.1,205.0,191.4,0,No Failure,153.4,69.3
L,10.21,3551.95,251.99,5.08,563.0,168.55,0,No Failure,165.9,73.8
H,9.61,2862.54,246.88,5.23,260.0,225.59,0,No Failure,168.5,74.7
L,11.16,3502.25,211.64,5.0,324.0,175.36,0,No Failure,180.5,78.9
L,9.52,3517.34,205.16,3.57,407.0,231.77,0,No Failure,184.4,80.3
H,9.85,3089.02,196.82,4.81,367.0,201.9,0,No Failure,208.1,88.7
M,7.79,2950.11,151.96,6.0,261.0,256.31,0,No Failure,93.2,48.0
L,8.62,3207.59,213.27,3.8,803.0,178.86,0,No Failure,146.3,66.8
M,9.39,3329.81,220.09,3.6,349.0,210.65,0,No Failure,197.7,85.0
L,9.15,3069.66,223.04,5.65,527.0,210.3,0,No Failure,187.2,81.3
L,9.95,4235.89,251.29,4.07,658.0,234.74,0,No Failure,136.6,63.4
M,8.28,3554.13,226.79,4.22,204.0,194.47,0,No Failure,168.2,74.6
L,10.63,3516.08,236.76,4.83,274.0,184.69,0,No Failure,185.0,80.5
H,10.25,3638.5,216.62,6.98,573.0,229.48,0,No Failure,152.9,69.1
L,9.83,3830.26,221.42,5.21,714.0,207.34,0,No Failure,188.1,81.6
L,13.818,3047.95,221.41,4.87,640.0,201.6,0,No Failure,197.7,85.0
L,8.37,4762.043,178.89,4.62,548.0,218.03,0,No Failure,172.5,76.1
H,10.86,3289.8,192.63,5.42,-451.0,251.5,0,No Failure,158.0,70.9
M,11.14,3546.65,213.64,5.93,704.0,203.87,0,No Failure,166.6,74.0
L,8.72,3796.91,237.27,5.75,239.0,209.06,0,No Failure,154.6,69.8
L,9.98,4141.52,271.04,5.03,582.0,209.06,0,No Failure,161.7,72.3
L,8.3,3684.78,177.24,5.82,356.0,244.0,0,No Failure,138.6,64.1
L,5.772,3471.76,220.11,4.32,76.0,204.44,0,No Failure,188.7,81.8
L,9.47,4067.68,171.1,4.93,275.0,227.24,0,No Failure,161.2,72.1
M,11.07,3838.3,100.527,4.22,626.0,202.01,0,No Failure,158.2,71.0
H,8.06,3822.06,260.96,5.42,179.0,218.28,0,No Failure,139.1,64.2
L,10.59,4381.0,300.67,5.3,1.0,220.13,0,No Failure,99.0,50.1
M,9.1,3472.97,209.39,4.86,492.0,203.69,0,No Failure,213.6,90.6
M,9.25,2858.82,118.36,4.84,474.0,206.33,0,No Failure,179.0,78.4
L,8.57,3387.31,223.04,5.1,530.0,243.44,0,No Failure,181.6,79.3
L,9.86,3642.41,220.54,5.4,681.0,272.76,0,No Failure,154.2,69.6
L,8.87,3337.71,241.88,5.22,507.0,239.74,0,No Failure,175.7,77.2
L,8.64,3108.35,141.35,3.85,355.0,228.13,0,No Failure,137.4,63.7
L,10.22,2892.91,201.55,4.09,171.0,205.6,0,No Failure,171.2,75.6
M,8.13,3470.13,224.24,4.71,260.0,227.37,0,No Failure,183.9,80.1
L,8.94,3447.2,215.24,4.17,474.0,175.19,0,No Failure,156.9,70.6
L,9.78,3251.36,229.81,4.03,757.0,222.94,0,No Failure,178.4,78.2
M,9.73,3580.96,190.08,5.45,196.0,230.21,0,No Failure,176.6,77.5
L,9.85,3470.49,203.88,5.68,547.0,184.88,0,No Failure,186.8,81.1
M,11.1,3771.21,192.42,3.63,520.0,178.38,0,No Failure,141.6,65.1
L,8.24,3918.59,316.91,4.43,314.0,184.22,0,No Failure,115.4,55.9
L,11.47,4110.19,100.527,4.82,574.0,190.75,0,No Failure,156.0,70.3
M,9.94,3180.88,208.77,4.27,521.0,235.19,0,No Failure,190.7,82.5
L,9.97,3102.53,253.58,4.93,652.0,227.69,0,No Failure,175.5,77.2
M,10.2,2595.89,207.48,4.9,76.0,200.95,0,No Failure,165.4,73.6
M,9.11,2875.73,175.55,4.71,616.0,200.56,0,No Failure,166.8,74.1
M,10.97,2663.88,187.0,3.39,461.0,215.41,0,No Failure,141.6,65.2
M,9.6,3137.82,231.25,4.64,295.0,217.23,0,No Failure,201.4,86.3
M,9.1,3510.96,219.58,4.76,539.0,197.92,0,No Failure,206.1,88.0
L,9.12,2926.58,199.93,5.29,1267.0,182.93,0,No Failure,147.2,67.1
H,7.81,3439.59,190.59,4.97,695.0,190.19,0,No Failure,162.0,72.4
L,9.91,3216.44,226.79,5.88,697.0,201.0,0,No Failure,177.3,77.8
L,10.88,3413.36,229.62,6.02,432.0,260.44,0,No Failure,135.3,62.9
L,10.45,3998.13,208.42,4.11,1.0,218.31,0,No Failure,153.9,69.5
L,5.772,3928.69,250.94,5.15,306.0,253.28,0,No Failure,145.2,66.4
M,11.38,3528.64,171.9,4.97,465.0,182.04,0,No Failure,164.7,73.3
L,11.36,3610.78,211.64,5.06,839.0,227.98,0,No Failure,161.2,72.1
H,10.27,3725.5,247.51,4.42,598.0,203.96,0,No Failure,179.3,78.5
L,11.07,4042.81,209.9,4.94,1.0,189.14,0,No Failure,147.0,67.1
L,9.36,3580.66,156.29,4.24,622.0,298.49,0,No Failure,167.2,74.2
H,10.77,2717.64,220.91,5.31,236.0,201.76,0,No Failure,165.5,73.6
L,9.73,3287.36,219.09,5.2,356.0,196.46,0,No Failure,210.3,89.5
L,8.27,3733.32,100.527,5.05,142.0,223.78,0,No Failure,169.6,75.1
L,10.67,3572.37,214.16,3.76,487.0,204.63,0,No Failure,189.4,82.1
L,7.81,3629.15,219.52,3.46,196.0,203.82,0,No Failure,151.6,68.7
M,8.9,3627.56,202.36,4.25,675.0,224.0,0,No Failure,173.0,76.3
M,9.07,3491.28,193.13,6.01,545.0,256.39,0,No Failure,149.4,67.9
L,10.87,3710.37,218.51,4.88,139.0,222.1,0,No Failure,181.3,79.2
M,11.5,3370.44,208.74,3.87,105.0,224.56,0,No Failure,160.5,71.8
H,10.99,3147.66,222.68,5.27,453.0,233.47,0,No Failure,180.4,78.9
M,9.91,3709.42,215.67,4.97,359.0,241.74,0,No Failure,196.1,84.4
H,10.97,3424.96,241.21,4.12,784.0,208.12,0,No Failure,168.7,74.8
L,10.36,3883.39,203.87,3.78,253.0,287.87,0,No Failure,125.1,59.3
L,9.93,3520.31,211.23,2.02,75.0,227.45,0,No Failure,188.4,81.7
L,10.08,3248.91,212.2,6.19,205.0,228.69,0,No Failure,171.8,75.8
L,10.5,3673.6,231.61,4.77,284.0,195.63,0,No Failure,190.8,82.6
L,8.59,3010.76,271.16,4.22,455.0,193.15,0,No Failure,152.0,68.8
L,10.27,2703.24,208.17,4.79,319.0,219.14,0,No Failure,187.4,81.4
M,12.08,3077.83,214.015,5.33,427.0,191.8,1,Weld Expulsion & Splash,11.8,28.9
L,9.82,3562.72,167.53,3.63,371.0,182.01,0,No Failure,162.3,72.5
M,9.15,3707.2,259.46,4.78,-451.0,221.95,0,No Failure,186.6,81.1
M,10.61,3490.2,223.98,5.65,538.0,230.2,0,No Failure,180.6,79.0
M,10.27,3418.85,260.37,5.92,125.0,186.61,0,No Failure,150.5,68.3
M,10.03,3067.21,160.63,4.51,291.0,218.74,0,No Failure,174.9,76.9
H,8.29,3484.5,188.04,5.52,508.0,205.64,0,No Failure,176.9,77.6
L,9.25,2721.22,230.14,4.69,424.0,196.71,0,No Failure,184.4,80.3
M,9.22,3749.4,179.37,4.49,350.0,201.2,0,No Failure,181.8,79.4
H,8.45,3447.42,277.12,4.37,346.0,266.3,0,No Failure,135.7,63.0
L,8.75,3537.37,280.27,5.69,290.0,209.06,0,No Failure,146.0,66.7
M,8.71,4034.61,220.02,5.2,510.0,260.04,0,No Failure,147.0,67.0
L,10.66,3220.82,190.27,5.27,441.0,218.76,0,No Failure,190.5,82.5
M,9.05,3062.69,243.17,3.96,448.0,227.13,0,No Failure,169.6,75.1
H,10.75,3831.43,250.96,4.48,294.0,221.98,0,No Failure,167.0,74.1
L,10.94,3069.08,246.24,4.28,353.0,193.0,0,No Failure,167.1,74.2
L,9.19,3194.49,230.35,5.03,167.0,226.12,0,No Failure,182.4,79.6
L,8.78,3218.73,204.11,5.13,12.0,219.64,0,No Failure,171.5,75.7
M,13.818,2846.6,247.58,4.55,70.0,241.02,0,No Failure,144.8,66.3
L,8.29,3631.78,243.84,5.64,1267.0,183.45,0,No Failure,145.6,66.6
H,9.79,3285.65,203.39,5.09,333.0,229.16,0,No Failure,204.5,87.4
M,11.08,3876.07,220.24,2.02,76.0,175.41,0,No Failure,152.5,69.0
M,9.3,3411.2,197.66,6.69,251.0,218.8,0,No Failure,166.2,73.9
M,8.96,3356.91,210.59,3.91,751.0,199.81,0,No Failure,175.9,77.3
L,10.32,2679.93,100.527,4.63,457.0,232.98,0,No Failure,147.8,67.3
M,8.4,3568.42,168.65,5.03,306.0,257.54,0,No Failure,145.1,66.4
M,10.23,2025.12,262.08,4.41,747.0,234.57,1,Electrode Cap Mushrooming,6.1,22.0
L,10.12,3506.12,237.49,4.49,367.0,180.34,0,No Failure,189.7,82.2
H,10.6,3009.49,175.13,4.05,627.0,189.82,0,No Failure,148.8,67.7
M,10.59,3089.24,205.98,4.2,441.0,248.82,0,No Failure,170.9,75.5
L,10.29,3479.85,228.34,3.95,567.0,227.83,0,No Failure,183.0,79.8
L,10.01,3131.02,252.04,5.31,-451.0,250.11,0,No Failure,154.2,69.6
M,10.37,3757.52,270.88,4.48,961.0,228.7,1,Electrode Cap Mushrooming,12.4,17.2
L,11.06,3482.62,191.74,4.36,375.0,202.29,0,No Failure,189.1,82.0
H,9.33,3220.82,210.5,4.64,686.0,242.64,0,No Failure,180.5,78.9
H,11.69,4173.11,238.36,4.98,388.0,170.42,0,No Failure,135.9,63.1
L,10.32,3545.16,255.81,4.75,317.0,225.23,0,No Failure,188.0,81.6
L,11.78,3413.36,200.95,4.67,207.0,186.38,0,No Failure,160.7,71.9
L,8.93,3232.05,187.37,4.18,353.0,238.09,0,No Failure,170.0,75.2
H,8.28,3543.18,176.72,4.85,477.0,213.33,0,No Failure,185.7,80.8
L,9.08,3658.65,219.46,5.34,252.0,230.76,0,No Failure,179.8,78.7
L,10.1,3031.37,236.1,4.52,356.0,240.95,0,No Failure,178.5,78.2
M,9.31,3421.63,246.68,3.87,1100.0,183.19,0,No Failure,133.0,62.1
H,13.818,3797.94,214.46,3.71,266.0,204.3,0,No Failure,181.4,79.2
M,9.54,3725.02,191.4,6.3,186.0,179.48,0,No Failure,142.8,65.6
L,10.62,2818.46,211.88,6.1,459.0,215.97,0,No Failure,167.7,74.4
L,9.53,3566.46,260.7,5.27,458.0,196.32,0,No Failure,184.5,80.4
M,10.78,3047.85,247.33,4.59,1.0,190.16,0,No Failure,149.1,67.8
H,8.11,3215.86,179.8,4.27,865.0,201.22,0,No Failure,143.2,65.7
H,11.0,3044.63,329.231,3.76,438.0,173.84,0,No Failure,160.1,71.7
L,9.22,3214.09,235.65,4.18,297.0,199.5,0,No Failure,185.1,80.6
H,11.93,3067.63,220.32,4.24,797.0,223.86,1,Weld Expulsion & Splash,5.8,21.7
L,11.23,3307.88,234.28,5.19,345.0,255.77,0,No Failure,161.9,72.3
L,9.14,3578.24,213.78,4.32,189.0,233.44,0,No Failure,181.0,79.1
H,10.21,2814.41,196.35,4.81,612.0,204.08,0,No Failure,162.7,72.6
M,9.64,3566.24,250.42,4.43,27.0,170.59,0,No Failure,152.4,69.0
H,9.11,3001.44,240.03,5.19,1.0,164.31,0,No Failure,134.0,62.4
M,9.83,3106.37,234.59,5.89,555.0,201.37,0,No Failure,179.4,78.6
H,8.98,3803.04,244.44,4.01,319.0,182.64,0,No Failure,154.5,69.7
H,10.79,3332.59,198.49,4.5,276.0,188.94,0,No Failure,184.4,80.3
M,9.21,3042.96,210.4,3.65,548.0,197.22,0,No Failure,172.5,76.1
L,11.05,3390.9,185.54,4.95,807.0,196.45,0,No Failure,168.8,74.8
H,8.81,3533.28,250.94,4.83,516.0,232.15,0,No Failure,180.1,78.8
L,10.33,3318.25,229.6,6.3,212.0,189.04,0,No Failure,161.8,72.3
M,10.0,3771.94,223.48,4.85,682.0,209.4,0,No Failure,198.3,85.2
M,10.09,3243.84,208.54,5.47,1.0,235.54,0,No Failure,166.7,74.0
M,10.09,3395.81,230.49,4.57,571.0,207.89,0,No Failure,211.6,89.9
M,9.56,3288.89,229.43,4.52,506.0,251.63,0,No Failure,185.1,80.6
M,9.7,3316.69,260.39,5.05,373.0,171.86,0,No Failure,178.4,78.2
L,10.33,2857.38,261.84,3.19,599.0,207.71,0,No Failure,138.1,63.9
L,8.92,3131.49,146.32,6.02,386.0,197.09,0,No Failure,144.8,66.3
H,8.54,3434.24,212.24,3.99,454.0,206.32,0,No Failure,196.8,84.7
L,9.91,3783.02,254.01,5.08,156.0,210.18,0,No Failure,179.0,78.4
L,8.46,2965.49,218.26,4.76,848.0,232.03,0,No Failure,156.6,70.5
L,8.7,3085.44,207.27,3.99,156.0,213.21,0,No Failure,169.9,75.2
M,8.68,2808.5,169.75,3.62,548.0,192.72,0,No Failure,131.0,61.4
L,8.89,3450.12,190.39,4.14,548.0,205.11,0,No Failure,186.4,81.0
L,11.66,3304.33,215.24,3.53,276.0,246.65,1,Torch Cooling Restriction,11.7,17.3
L,9.9,2958.01,302.46,5.07,271.0,211.32,0,No Failure,159.6,71.5
M,11.49,3569.81,185.84,5.57,220.0,175.14,0,No Failure,140.6,64.8
M,10.0,3479.73,174.46,4.71,408.0,208.67,0,No Failure,209.8,89.3
L,11.27,2025.12,227.26,4.73,157.0,198.77,1,Weld Expulsion & Splash,10.0,28.2
L,9.58,3911.38,239.79,5.34,1100.0,209.41,0,No Failure,145.5,66.5
L,11.49,3681.97,134.39,4.47,467.0,238.39,0,No Failure,134.1,62.5
L,9.53,3593.25,236.76,5.45,67.0,206.69,0,No Failure,177.4,77.8
H,10.8,3364.73,209.87,5.33,555.0,218.18,0,No Failure,195.8,84.3
H,8.87,3458.0,241.11,4.62,709.0,171.37,0,No Failure,162.1,72.4
M,8.91,3203.81,214.71,4.57,483.0,226.41,0,No Failure,198.5,85.3
M,10.95,3732.9,245.27,5.38,267.0,234.5,0,No Failure,155.1,69.9
M,9.07,3314.13,181.42,4.78,86.0,233.57,0,No Failure,170.7,75.5
M,11.06,3777.69,166.28,4.28,271.0,205.44,0,No Failure,157.4,70.7
L,8.28,2689.57,235.83,6.1,149.0,230.19,0,No Failure,118.1,56.8
M,8.35,3170.87,164.72,3.13,754.0,211.13,0,No Failure,125.3,59.4
M,10.36,3793.15,194.08,5.55,-451.0,232.36,0,No Failure,173.2,76.3
M,9.4,3247.94,217.27,3.9,829.0,270.74,0,No Failure,139.7,64.5
M,9.58,3048.56,183.82,5.3,250.0,191.6,0,No Failure,172.0,75.9
L,8.0,3117.57,196.02,5.07,1.0,215.32,0,No Failure,155.2,70.0
L,10.88,3583.09,253.85,5.16,664.0,174.42,0,No Failure,149.4,67.9
L,9.29,3629.92,238.65,3.59,378.0,196.57,0,No Failure,173.5,76.4
L,11.13,3538.81,274.72,5.17,405.0,224.03,0,No Failure,166.7,74.0
L,11.36,4222.15,200.48,3.21,562.0,192.0,0,No Failure,120.0,57.5
L,9.38,2928.18,217.43,5.28,509.0,213.64,0,No Failure,194.2,83.8
L,11.44,4254.32,205.15,5.72,608.0,209.06,0,No Failure,135.3,62.9
H,9.79,3395.85,171.61,3.99,545.0,173.48,0,No Failure,164.2,73.1
M,10.82,2025.12,207.22,4.84,296.0,183.9,0,No Failure,186.8,81.2
L,10.13,3650.57,254.82,3.65,365.0,269.4,1,Torch Cooling Restriction,2.1,18.5
M,9.43,3219.87,272.23,5.21,29.0,172.83,0,No Failure,138.8,64.2
M,10.32,4041.18,188.87,3.97,270.0,210.26,0,No Failure,164.5,73.3
M,8.52,3354.52,226.74,4.66,573.0,213.81,0,No Failure,197.9,85.1
H,13.2,3457.83,227.42,3.12,52.0,241.86,1,Torch Cooling Restriction,4.7,6.0
L,9.15,3715.51,247.49,5.01,171.0,221.68,0,No Failure,172.3,76.0
L,10.15,2993.46,200.4,5.06,287.0,175.28,0,No Failure,172.9,76.2
L,11.53,3831.84,205.21,4.82,588.0,189.5,0,No Failure,166.5,74.0
H,8.53,3610.8,177.63,3.66,788.0,165.93,0,No Failure,115.6,55.9
M,6.36,3357.67,247.4,4.76,537.0,222.48,0,No Failure,157.0,70.6
L,8.75,3535.25,246.08,4.57,335.0,204.9,0,No Failure,189.6,82.1
L,11.06,3494.17,221.68,5.61,543.0,231.1,0,No Failure,174.8,76.9
M,10.94,3330.08,235.68,5.3,57.0,206.63,0,No Failure,173.1,76.3
L,9.35,2968.06,261.29,5.6,129.0,158.84,0,No Failure,121.7,58.1
M,10.9,3495.68,242.5,4.9,472.0,175.84,0,No Failure,177.8,78.0
M,10.9,3482.68,199.95,3.9,1.0,200.93,0,No Failure,159.8,71.6
L,9.55,3405.83,272.01,7.542,587.0,235.74,0,No Failure,174.7,76.9
M,10.48,4365.88,242.91,4.7,366.0,184.22,0,No Failure,152.6,69.0
L,9.25,2986.95,174.66,5.58,694.0,195.08,0,No Failure,149.7,68.0
M,10.14,3861.27,206.24,4.33,530.0,207.16,0,No Failure,192.1,83.0
H,9.97,3141.57,240.73,5.39,627.0,218.24,0,No Failure,181.8,79.4
H,9.76,3760.83,211.28,5.29,461.0,193.31,0,No Failure,198.1,85.1
M,11.5,3315.27,252.01,5.51,179.0,199.11,0,No Failure,154.7,69.8
L,9.49,2692.55,209.93,4.96,335.0,237.0,0,No Failure,176.1,77.4
L,8.78,3382.45,217.27,3.39,-451.0,205.09,0,No Failure,188.8,81.9
L,8.48,3686.88,203.63,4.32,136.0,198.33,0,No Failure,166.2,73.9
M,8.99,2979.11,205.95,4.06,220.0,206.33,0,No Failure,174.4,76.8
M,8.37,3401.12,222.64,3.79,484.0,298.49,0,No Failure,186.3,81.0
H,11.72,3909.75,208.72,4.01,192.0,175.32,0,No Failure,132.2,61.8
L,9.39,3105.02,200.34,4.97,210.0,204.87,0,No Failure,193.3,83.4
L,11.5,3814.75,199.62,5.32,157.0,165.49,0,No Failure,131.8,61.7
L,9.35,3467.47,222.04,5.48,550.0,234.5,0,No Failure,187.7,81.5
H,9.07,3860.05,169.46,4.91,347.0,216.2,0,No Failure,176.0,77.3
L,9.16,3180.99,235.34,4.31,231.0,198.81,0,No Failure,180.7,79.0
M,12.62,3587.45,213.95,3.96,467.0,150.24,0,No Failure,129.6,60.9
H,10.8,2977.85,236.0,3.87,662.0,230.87,0,No Failure,147.2,67.1
L,10.56,3075.67,288.42,5.02,531.0,192.1,0,No Failure,154.5,69.7
L,10.39,3547.54,177.73,5.64,383.0,202.78,0,No Failure,181.3,79.2
L,10.23,3585.18,218.37,4.27,462.0,153.73,0,No Failure,172.7,76.2
M,10.88,2826.22,162.97,4.48,223.0,207.13,0,No Failure,152.3,68.9
M,9.61,2849.93,198.19,5.32,201.0,240.37,0,No Failure,159.8,71.6
L,7.88,3435.65,218.89,5.94,502.0,200.85,0,No Failure,172.6,76.1
M,8.78,3584.54,166.25,4.22,1.0,220.41,0,No Failure,145.8,66.6
H,10.23,4031.37,209.71,4.96,244.0,184.86,0,No Failure,172.6,76.1
L,10.53,3292.03,233.24,2.02,1.0,183.06,0,No Failure,166.4,73.9
M,7.9,3633.92,237.95,5.76,1.0,189.78,0,No Failure,129.1,60.7
M,8.54,3135.68,231.64,5.3,567.0,237.2,0,No Failure,163.7,73.0
M,9.38,4075.34,118.64,3.87,803.0,254.06,0,No Failure,82.8,44.3
L,9.33,3437.24,227.06,4.08,46.0,198.41,0,No Failure,177.6,77.9
M,10.9,3745.74,198.21,5.33,294.0,202.68,0,No Failure,176.4,77.5
H,8.08,3142.76,196.08,3.56,567.0,254.18,1,Torch Cooling Restriction,2.6,15.6
H,10.26,4029.0,202.82,4.4,675.0,226.88,0,No Failure,164.0,73.1
L,9.55,3431.18,219.92,4.93,327.0,224.53,0,No Failure,213.9,90.8
L,8.92,3607.46,257.1,6.04,492.0,212.17,0,No Failure,164.8,73.4
L,10.28,3249.33,215.11,4.79,825.0,154.16,0,No Failure,162.1,72.4
L,9.9,3280.95,208.84,4.2,75.0,200.48,0,No Failure,188.2,81.7
M,10.72,2817.12,232.24,4.18,746.0,183.14,0,No Failure,140.7,64.8
H,9.24,3048.21,281.67,4.74,381.0,216.63,0,No Failure,175.5,77.1
H,10.75,3087.88,230.73,4.74,478.0,216.81,0,No Failure,195.4,84.2
M,8.64,2413.62,192.07,4.69,319.0,218.77,0,No Failure,155.1,69.9
H,11.52,3394.1,233.83,5.06,410.0,229.56,0,No Failure,186.1,80.9
M,10.95,3833.13,225.16,2.02,1.0,197.55,0,No Failure,151.5,68.7
M,10.46,3479.64,195.55,4.08,444.0,226.12,0,No Failure,189.7,82.2
H,13.818,3707.83,270.12,5.05,562.0,237.96,0,No Failure,159.6,71.5
L,10.85,3654.99,241.21,4.2,452.0,230.51,0,No Failure,172.3,76.0
H,9.68,4014.12,165.29,4.24,1267.0,229.76,0,No Failure,150.8,68.4
L,8.6,3613.23,223.0,4.44,361.0,218.7,0,No Failure,192.0,83.0
L,11.05,3355.29,174.63,5.5,1.0,246.22,0,No Failure,132.9,62.1
L,11.03,3606.97,206.03,4.74,1.0,209.6,0,No Failure,179.5,78.6
L,8.48,3599.69,205.92,6.12,207.0,219.92,0,No Failure,158.9,71.3
L,10.92,3408.91,181.69,3.03,163.0,171.33,0,No Failure,125.9,59.6
L,8.26,3711.94,225.94,4.77,170.0,172.28,0,No Failure,156.6,70.4
M,8.97,3491.96,171.1,4.57,552.0,190.36,0,No Failure,175.4,77.1
L,10.28,4085.7,205.03,5.01,351.0,207.43,0,No Failure,188.4,81.7
M,9.07,3328.31,202.46,5.51,670.0,227.21,0,No Failure,176.7,77.6
L,11.0,3580.44,219.96,5.02,547.0,194.74,0,No Failure,189.1,82.0
L,10.82,3296.79,217.79,4.94,263.0,184.9,0,No Failure,189.2,82.0
M,10.13,2858.81,200.37,3.9,307.0,224.53,0,No Failure,168.6,74.7
M,7.72,3997.09,216.51,4.59,31.0,250.7,0,No Failure,126.3,59.7
M,10.02,3384.53,207.42,4.86,388.0,213.46,0,No Failure,226.6,95.2
L,8.1,3611.07,241.69,4.7,165.0,242.05,0,No Failure,152.6,69.1
L,9.08,3191.33,215.24,5.18,421.0,179.83,0,No Failure,163.5,72.9
L,10.09,2844.59,232.68,3.45,313.0,216.42,0,No Failure,163.3,72.8
M,9.72,4629.56,181.14,3.99,402.0,191.33,0,No Failure,143.0,65.7
L,9.31,3579.14,247.1,4.31,769.0,207.28,0,No Failure,173.8,76.6
L,11.73,3400.51,257.67,4.94,594.0,232.71,0,No Failure,160.9,72.0
M,9.39,3758.3,233.05,5.53,691.0,163.61,0,No Failure,145.2,66.4
L,10.71,3439.49,185.74,5.33,541.0,206.31,0,No Failure,188.7,81.8
H,8.69,3522.93,251.24,3.85,861.0,220.43,1,Electrode Cap Mushrooming,11.9,21.0
M,9.78,3265.09,206.27,5.73,373.0,172.63,0,No Failure,181.9,79.4
L,8.63,2955.71,256.76,4.51,128.0,121.087,0,No Failure,154.9,69.9
M,8.32,3048.82,243.25,4.14,303.0,217.79,0,No Failure,162.4,72.5
H,8.89,3452.02,225.2,3.72,357.0,205.26,0,No Failure,189.0,81.9
M,7.61,3890.33,244.77,5.04,425.0,225.01,0,No Failure,157.3,70.7
L,8.91,3273.02,260.15,4.92,405.0,192.43,0,No Failure,184.0,80.2
H,10.44,4399.17,201.91,5.39,527.0,199.87,0,No Failure,155.5,70.1
H,8.56,3783.51,100.527,4.66,301.0,200.69,0,No Failure,175.4,77.1
M,9.01,3143.97,249.19,3.85,1.0,172.98,0,No Failure,127.8,60.3
M,10.83,3388.03,245.16,4.38,305.0,189.81,0,No Failure,179.4,78.5
M,9.4,3791.67,214.92,4.39,1.0,187.33,0,No Failure,165.8,73.7
L,8.41,3557.17,198.04,4.22,198.0,221.94,0,No Failure,169.5,75.0
L,10.98,3849.68,100.527,6.03,570.0,207.52,0,No Failure,155.3,70.0
L,9.62,2975.17,148.95,5.18,383.0,256.75,0,No Failure,144.7,66.2
M,10.04,2853.1,178.5,4.56,584.0,207.06,0,No Failure,177.2,77.7
L,9.84,3958.15,189.52,5.64,769.0,174.86,0,No Failure,138.6,64.1
M,9.96,3403.05,278.39,3.43,147.0,209.81,1,Torch Cooling Restriction,13.3,17.0
L,10.67,3541.14,256.71,5.97,1100.0,231.86,1,Electrode Cap Mushrooming,13.9,11.0
H,8.97,3297.46,222.93,4.68,555.0,188.45,0,No Failure,193.7,83.6
M,10.36,3506.27,303.53,5.72,945.0,205.53,1,Electrode Cap Mushrooming,4.1,14.4
M,11.15,3076.64,195.9,5.15,123.0,196.44,0,No Failure,160.9,72.0
H,9.76,3792.83,264.19,4.92,419.0,179.98,0,No Failure,166.4,73.9
H,7.89,3642.45,220.81,4.28,26.0,141.02,0,No Failure,115.7,56.0
H,11.21,2593.83,224.54,5.68,85.0,217.06,1,Weld Expulsion & Splash,4.7,17.8
M,11.02,2687.25,234.82,5.6,245.0,246.7,0,No Failure,129.2,60.7
H,10.03,3843.66,183.05,4.51,793.0,191.35,0,No Failure,158.7,71.2
M,8.72,3082.81,233.92,5.15,1.0,245.33,0,No Failure,142.6,65.5
H,11.4,3600.11,181.56,5.27,461.0,192.41,0,No Failure,167.2,74.2
M,9.61,3394.45,226.17,5.48,191.0,185.07,0,No Failure,185.1,80.5
M,9.86,3410.37,203.62,5.02,344.0,202.33,0,No Failure,218.1,92.2
L,8.74,3697.28,220.95,5.03,540.0,190.86,0,No Failure,183.5,80.0
L,7.96,2967.06,165.46,5.76,344.0,216.87,1,Weld Expulsion & Splash,2.5,13.8
M,8.97,3276.09,164.05,3.31,239.0,217.34,0,No Failure,148.5,67.6
L,11.45,2969.1,208.92,4.03,694.0,268.51,1,Weld Expulsion & Splash,6.0,12.9
L,8.6,3175.12,234.09,3.98,623.0,159.0,0,No Failure,138.5,64.0
M,10.04,3326.0,225.46,4.48,268.0,121.087,0,No Failure,181.6,79.3
M,10.63,3115.1,184.16,3.61,576.0,168.33,0,No Failure,137.0,63.5
L,9.22,3505.76,186.22,4.72,226.0,253.95,0,No Failure,168.7,74.8
H,9.26,3986.19,222.91,4.76,391.0,211.29,0,No Failure,199.8,85.8
L,8.54,2918.83,232.76,4.52,446.0,210.8,0,No Failure,184.2,80.2
L,8.04,3742.93,226.86,4.72,415.0,240.17,0,No Failure,146.6,66.9
L,8.83,4053.9,203.29,4.59,518.0,256.24,0,No Failure,150.8,68.4
L,10.94,3231.93,211.87,4.38,204.0,286.47,0,No Failure,143.5,65.8
M,7.65,3902.05,257.64,4.47,655.0,227.91,0,No Failure,131.7,61.6
L,10.68,3433.53,200.21,5.37,408.0,216.43,0,No Failure,201.2,86.3
H,7.76,3301.34,242.26,5.19,525.0,219.12,0,No Failure,171.1,75.6
L,9.09,3487.03,230.25,4.91,354.0,218.48,0,No Failure,205.8,87.9
L,10.74,3167.33,247.04,4.76,500.0,207.48,0,No Failure,192.7,83.2
M,9.54,3587.37,241.45,5.4,466.0,224.65,0,No Failure,189.5,82.1
L,9.78,3542.35,202.76,4.5,543.0,246.93,0,No Failure,169.1,74.9
H,11.97,3640.45,236.38,5.22,191.0,197.62,0,No Failure,155.1,69.9
L,9.24,2748.75,187.98,4.06,497.0,195.6,0,No Failure,160.3,71.8
M,10.17,2775.21,199.6,4.8,274.0,201.75,0,No Failure,185.3,80.6
L,10.61,4236.75,249.44,4.43,611.0,222.33,0,No Failure,146.8,67.0
H,10.22,3303.04,233.21,4.72,569.0,220.75,0,No Failure,201.9,86.5
M,8.81,3563.72,234.41,4.13,571.0,255.2,0,No Failure,154.5,69.7
L,9.63,2493.48,231.64,4.44,393.0,197.36,0,No Failure,173.1,76.3
L,9.57,3049.37,229.7,5.53,749.0,226.92,0,No Failure,165.8,73.7
L,10.11,2680.13,221.37,4.75,372.0,233.05,0,No Failure,182.2,79.5
L,9.42,3819.3,209.27,3.86,366.0,224.73,0,No Failure,180.5,78.9
L,11.46,3304.92,243.49,4.82,553.0,208.3,0,No Failure,187.3,81.3
L,10.19,3479.09,250.07,5.49,181.0,234.77,0,No Failure,166.2,73.9
L,10.83,3815.56,223.41,4.99,136.0,171.67,0,No Failure,154.7,69.8
L,10.59,3677.04,221.67,4.24,527.0,217.96,0,No Failure,189.2,82.0
L,10.2,3413.36,266.92,3.59,415.0,228.24,0,No Failure,157.3,70.7
L,11.05,3584.99,221.17,3.52,489.0,200.6,0,No Failure,172.8,76.2
H,9.97,3915.0,264.5,5.55,41.0,213.47,0,No Failure,147.6,67.3
L,10.41,3430.63,269.2,6.63,114.0,200.58,0,No Failure,137.1,63.6
H,9.16,2832.65,175.21,3.97,493.0,226.6,0,No Failure,153.2,69.3
L,7.81,2936.89,239.21,5.66,1.0,135.0,0,No Failure,85.3,45.2
H,12.12,3014.57,255.6,4.53,572.0,279.07,1,Weld Expulsion & Splash,10.6,8.2
L,9.58,3792.04,243.94,4.36,235.0,219.31,0,No Failure,178.0,78.0
H,11.3,3632.71,277.21,4.66,478.0,223.75,0,No Failure,161.2,72.1
M,9.5,3456.49,233.48,5.95,282.0,171.28,0,No Failure,164.5,73.3
M,10.52,3534.97,251.17,4.43,704.0,193.29,0,No Failure,167.9,74.4
L,8.82,3341.99,251.75,5.55,748.0,206.29,1,Electrode Cap Mushrooming,7.8,28.3
L,10.38,3292.19,212.48,5.73,357.0,179.41,0,No Failure,181.4,79.3
L,8.91,3251.93,209.03,5.22,289.0,191.77,0,No Failure,188.0,81.6
H,9.26,3186.42,206.91,7.27,452.0,204.83,0,No Failure,191.4,82.8
L,7.72,3117.0,160.29,5.34,-451.0,224.44,0,No Failure,148.4,67.5
H,9.61,3925.79,167.19,4.51,685.0,222.62,0,No Failure,158.9,71.3
M,9.69,3188.77,150.04,5.0,395.0,189.77,0,No Failure,177.5,77.9
M,10.89,2025.12,231.67,4.24,606.0,225.1,0,No Failure,171.1,75.6
L,10.94,3651.63,187.97,5.35,1.0,206.3,0,No Failure,157.3,70.7
M,10.01,3540.76,221.86,4.03,283.0,197.68,0,No Failure,193.9,83.7
L,9.78,2676.87,199.31,4.59,190.0,206.55,0,No Failure,164.4,73.2
M,9.33,3174.58,249.06,3.18,1.0,171.73,0,No Failure,118.7,57.0
M,11.84,4095.06,235.87,5.92,554.0,209.29,0,No Failure,137.3,63.6
M,10.33,3243.5,275.52,3.67,361.0,196.46,0,No Failure,158.5,71.1
L,9.78,3871.7,208.92,3.83,739.0,190.17,0,No Failure,161.6,72.2
M,8.29,4087.91,247.64,5.61,478.0,219.84,0,No Failure,145.0,66.4
M,7.91,3395.13,264.49,4.16,526.0,250.37,0,No Failure,137.2,63.6
L,8.37,3271.9,158.61,4.65,474.0,217.72,0,No Failure,173.6,76.5
L,9.47,2697.32,217.13,3.83,896.0,237.12,0,No Failure,134.1,62.5
L,13.818,2633.21,218.39,5.65,472.0,163.63,0,No Failure,152.5,69.0
M,11.1,3926.22,221.49,4.16,146.0,196.96,0,No Failure,155.1,69.9
H,10.41,3029.27,213.75,4.86,562.0,219.03,0,No Failure,198.1,85.2
M,9.97,3115.51,205.84,4.83,524.0,182.38,0,No Failure,195.1,84.1
L,11.23,3435.89,250.85,5.39,378.0,203.95,0,No Failure,180.3,78.9
H,9.9,3559.3,191.25,4.62,324.0,236.12,0,No Failure,192.3,83.1
L,9.7,3161.31,226.56,4.67,448.0,219.52,0,No Failure,211.6,90.0
L,10.54,3326.4,167.08,6.89,644.0,222.2,0,No Failure,134.6,62.7
L,6.74,3118.28,238.38,5.13,336.0,230.14,0,No Failure,145.9,66.7
H,10.23,3297.84,207.08,4.64,298.0,181.7,0,No Failure,195.2,84.1
L,9.72,3348.19,223.84,4.8,448.0,195.14,0,No Failure,220.4,93.1
L,9.4,2732.76,244.99,3.62,542.0,165.12,0,No Failure,128.0,60.3
M,10.42,3236.68,216.46,5.24,507.0,219.73,0,No Failure,201.6,86.4
M,10.42,3537.63,235.55,4.59,742.0,254.03,0,No Failure,159.6,71.5
H,9.88,3195.52,200.62,4.13,525.0,219.3,0,No Failure,195.5,84.2
M,9.89,3161.17,213.95,5.04,790.0,230.35,0,No Failure,184.7,80.4
L,8.69,4235.28,204.25,4.74,415.0,209.97,0,No Failure,179.5,78.6
H,10.31,3040.32,238.82,5.69,159.0,214.86,0,No Failure,165.9,73.8
M,9.06,3135.82,241.59,5.25,495.0,243.31,0,No Failure,167.9,74.5
L,10.43,3922.3,262.21,3.5,291.0,202.39,0,No Failure,143.8,65.9
L,9.14,3647.12,245.27,5.14,556.0,212.66,0,No Failure,186.8,81.1
M,10.47,2876.62,195.14,5.5,551.0,247.72,0,No Failure,149.5,68.0
M,11.55,3749.68,235.48,4.85,367.0,251.17,0,No Failure,157.5,70.8
H,9.36,3824.09,178.95,4.43,621.0,178.12,0,No Failure,155.3,70.0
L,9.68,3753.15,193.73,4.88,545.0,248.92,0,No Failure,176.7,77.6
M,9.08,3544.34,212.43,5.34,428.0,161.27,0,No Failure,177.7,77.9
M,11.21,3210.83,220.29,4.27,701.0,208.61,0,No Failure,177.9,78.0
M,10.43,2932.99,247.88,4.7,215.0,245.83,0,No Failure,155.1,69.9
M,11.31,2729.84,206.17,4.95,1.0,228.25,1,Weld Expulsion & Splash,4.3,20.3
L,10.32,3180.52,206.23,2.97,617.0,189.24,0,No Failure,152.7,69.1
H,12.89,3888.47,204.46,4.9,469.0,179.82,0,No Failure,143.7,65.9
M,9.54,3328.84,186.27,5.08,493.0,187.84,0,No Failure,193.2,83.4
L,10.72,3113.05,213.45,5.39,507.0,237.85,0,No Failure,176.9,77.6
M,9.09,3280.31,222.72,5.64,158.0,170.54,0,No Failure,159.1,71.3
L,10.68,3545.16,196.57,5.16,969.0,233.62,0,No Failure,160.5,71.8
L,7.93,3831.28,287.78,3.3,46.0,175.71,0,No Failure,78.4,42.8
H,9.82,3069.86,216.65,7.542,22.0,187.83,0,No Failure,166.5,74.0
M,10.12,3692.61,204.12,3.97,456.0,202.21,0,No Failure,192.3,83.1
H,9.42,3859.04,178.76,6.28,470.0,232.87,0,No Failure,146.7,67.0
L,12.12,3454.68,215.24,6.2,450.0,196.63,0,No Failure,156.4,70.4
M,9.41,3221.68,226.43,5.22,451.0,205.02,0,No Failure,206.9,88.3
M,7.73,3914.3,260.12,5.41,701.0,203.17,0,No Failure,129.6,60.9
L,9.13,3622.54,249.95,5.04,688.0,196.36,0,No Failure,171.4,75.7
L,8.58,3672.14,198.07,5.59,304.0,178.14,0,No Failure,156.6,70.4
L,11.19,3413.36,217.4,5.08,263.0,230.66,0,No Failure,162.5,72.5
M,8.92,3952.68,257.79,4.54,401.0,232.7,0,No Failure,160.6,71.9
M,12.34,3232.94,215.97,5.66,766.0,221.82,0,No Failure,146.3,66.8
H,9.73,3365.14,197.98,6.51,334.0,231.16,0,No Failure,172.5,76.1
M,9.49,3844.07,233.85,4.51,347.0,247.77,0,No Failure,171.2,75.6
L,9.12,3242.73,122.69,3.68,504.0,253.85,1,Torch Cooling Restriction,7.5,12.0
M,11.6,3174.14,180.73,3.95,491.0,204.15,0,No Failure,160.4,71.8
L,10.39,3186.97,177.18,4.99,424.0,159.5,0,No Failure,165.6,73.6
L,9.78,3420.05,190.1,4.13,769.0,209.06,0,No Failure,155.9,70.2
L,9.91,2471.6,201.43,6.76,1.0,256.22,0,No Failure,92.1,47.6
H,10.73,3627.86,210.79,5.17,372.0,253.87,0,No Failure,174.5,76.8
L,12.17,3390.09,203.02,5.29,310.0,203.84,0,No Failure,177.4,77.8
L,9.53,3636.59,279.97,4.58,448.0,225.18,0,No Failure,176.9,77.7
M,10.7,3168.16,211.9,5.14,170.0,208.57,0,No Failure,190.7,82.6
H,10.63,3461.58,230.02,4.24,526.0,204.92,0,No Failure,195.4,84.2
M,8.76,3395.13,207.54,4.49,137.0,206.36,0,No Failure,188.3,81.7
M,11.78,3083.43,174.06,5.52,670.0,189.8,1,Weld Expulsion & Splash,10.1,16.8
L,10.21,3840.83,224.11,5.26,423.0,170.35,0,No Failure,174.5,76.8
H,9.9,3402.14,216.01,4.51,280.0,211.0,0,No Failure,221.7,93.5
H,12.71,3177.28,214.3,4.15,412.0,239.27,0,No Failure,154.1,69.6
M,9.64,3537.64,329.231,4.25,518.0,213.43,0,No Failure,194.1,83.7
H,5.772,3957.67,223.05,5.02,359.0,215.01,0,No Failure,192.2,83.1
L,9.13,3033.83,221.84,4.97,842.0,171.32,0,No Failure,153.8,69.5
M,9.74,3896.88,211.1,4.86,887.0,220.62,0,No Failure,176.7,77.6
M,9.98,3904.53,210.0,3.2,451.0,164.43,0,No Failure,147.0,67.1
M,9.94,4085.69,220.21,2.65,399.0,232.5,0,No Failure,144.2,66.1
L,10.12,3808.35,204.49,6.2,1.0,184.95,0,No Failure,138.5,64.0
L,8.65,3390.59,214.7,4.01,769.0,191.75,0,No Failure,170.4,75.4
H,10.64,3371.21,214.85,4.43,160.0,213.33,0,No Failure,199.0,85.5
M,9.37,3308.71,257.44,5.99,658.0,188.75,0,No Failure,153.2,69.3
H,7.31,2563.45,276.16,4.05,419.0,202.36,0,No Failure,88.9,46.5
L,8.59,4023.35,295.52,3.24,425.0,236.52,1,Torch Cooling Restriction,1.8,8.7
L,6.56,4150.27,190.36,3.51,275.0,198.99,0,No Failure,104.4,52.0
L,8.59,3890.68,269.57,4.4,343.0,217.18,0,No Failure,156.0,70.2
H,10.54,2846.86,208.57,4.01,1267.0,215.54,0,No Failure,161.0,72.0
M,7.96,3662.9,209.28,4.32,402.0,179.1,0,No Failure,167.1,74.2
L,10.69,3160.69,239.98,5.14,592.0,242.78,0,No Failure,163.7,73.0
M,9.57,3360.29,227.12,4.77,1.0,222.23,0,No Failure,192.2,83.1
M,10.94,2949.12,195.41,4.26,123.0,218.12,0,No Failure,157.9,70.9
L,9.68,3799.38,227.59,5.95,722.0,217.03,0,No Failure,165.8,73.7
L,8.0,3644.37,169.17,5.34,474.0,197.4,0,No Failure,157.2,70.7
L,11.54,3066.19,242.2,4.64,510.0,185.41,1,Weld Expulsion & Splash,9.3,27.1
M,9.97,3395.13,211.67,5.3,267.0,224.34,0,No Failure,197.9,85.1
M,10.03,2929.54,212.06,4.36,435.0,218.68,0,No Failure,199.2,85.5
M,10.03,4323.73,195.1,3.13,590.0,232.25,0,No Failure,126.2,59.7
H,10.06,3156.39,295.53,5.06,265.0,189.05,0,No Failure,155.8,70.2
M,9.34,3046.05,167.41,5.57,759.0,223.84,0,No Failure,146.2,66.8
L,11.72,3506.75,205.0,3.79,361.0,225.26,0,No Failure,167.0,74.2
M,10.29,3816.14,191.84,3.51,156.0,258.72,1,Torch Cooling Restriction,8.1,14.7
L,9.77,3716.21,175.49,6.64,570.0,190.7,0,No Failure,144.4,66.2
L,9.78,3348.64,179.45,5.21,348.0,208.85,0,No Failure,180.8,79.0
L,10.3,3504.92,269.6,6.28,401.0,209.06,0,No Failure,155.2,70.0
M,10.51,3458.68,221.72,4.96,519.0,238.45,0,No Failure,194.8,84.0
H,10.29,4032.71,212.99,3.8,270.0,230.29,0,No Failure,160.3,71.8
L,11.21,2970.43,196.63,3.64,59.0,232.09,1,Weld Expulsion & Splash,3.8,15.6
M,9.59,2495.2,209.27,5.05,650.0,214.41,0,No Failure,172.5,76.1
L,9.21,3242.43,152.15,5.02,150.0,241.76,0,No Failure,149.4,67.9
H,9.95,3848.48,197.17,5.41,417.0,254.22,0,No Failure,167.4,74.3
H,8.91,3530.47,186.17,4.03,260.0,197.99,0,No Failure,172.1,75.9
L,9.18,3359.55,203.22,6.2,487.0,216.22,0,No Failure,185.1,80.5
M,7.89,3762.18,241.56,5.6,43.0,216.32,0,No Failure,137.3,63.6
H,9.73,3256.16,211.74,5.71,292.0,211.82,0,No Failure,202.2,86.6
L,9.78,2831.57,223.03,5.19,562.0,168.69,0,No Failure,151.0,68.5
M,9.37,3510.69,194.54,6.14,340.0,187.17,0,No Failure,169.7,75.1
H,8.5,3702.06,192.54,5.83,891.0,244.84,0,No Failure,120.5,57.7
H,9.32,4029.47,191.95,4.68,553.0,198.96,0,No Failure,176.1,77.4
L,8.94,3481.4,224.16,4.6,254.0,194.91,0,No Failure,194.2,83.8
L,9.22,3301.29,197.02,5.78,180.0,208.06,0,No Failure,180.1,78.8
H,10.06,3503.17,259.82,4.15,213.0,196.48,0,No Failure,172.9,76.2
M,9.31,3743.04,192.39,6.58,334.0,214.01,0,No Failure,160.8,72.0
M,8.5,3714.15,220.48,4.88,270.0,208.41,0,No Failure,192.3,83.1
H,9.1,3540.91,227.29,4.82,561.0,211.42,0,No Failure,206.9,88.3
M,8.49,3494.95,215.9,3.27,215.0,215.24,0,No Failure,166.8,74.1
L,8.29,3420.64,208.92,5.36,425.0,183.9,0,No Failure,184.4,80.3
M,10.68,2992.82,214.13,4.75,419.0,208.87,0,No Failure,205.7,87.9
L,8.04,3087.11,240.42,6.23,543.0,198.02,0,No Failure,141.9,65.2
H,10.66,3413.31,213.81,5.97,607.0,217.21,0,No Failure,184.1,80.2
L,8.13,3547.78,204.09,6.17,1.0,194.23,0,No Failure,136.5,63.3
H,10.71,3096.13,181.48,4.39,529.0,220.03,0,No Failure,174.5,76.8
M,9.16,2780.38,162.68,3.44,566.0,211.21,0,No Failure,138.7,64.1
L,9.3,3439.57,208.1,3.81,777.0,207.25,0,No Failure,180.9,79.1
M,11.55,3171.21,163.37,5.43,563.0,188.82,0,No Failure,142.0,65.3
H,9.53,3814.38,219.92,3.92,522.0,202.78,0,No Failure,185.7,80.8
H,9.92,3179.81,235.62,4.88,438.0,218.63,0,No Failure,210.1,89.4
M,7.38,3355.7,252.58,4.05,972.0,214.46,1,Electrode Cap Mushrooming,4.9,15.5
L,7.98,3893.16,171.43,4.94,651.0,225.98,0,No Failure,141.8,65.2
L,8.71,3218.69,292.08,4.8,600.0,164.62,0,No Failure,135.7,63.1
L,6.8,3157.47,209.12,5.89,400.0,232.07,0,No Failure,144.1,66.0
H,10.45,3623.22,202.72,4.16,526.0,179.03,0,No Failure,173.7,76.5
H,9.23,2952.86,204.07,5.31,264.0,222.74,0,No Failure,177.7,77.9
M,9.94,2379.39,181.08,5.32,396.0,233.32,0,No Failure,149.8,68.1
M,8.86,3174.68,219.13,5.0,373.0,179.29,0,No Failure,186.9,81.2
M,10.84,2856.5,289.98,3.9,341.0,221.32,0,No Failure,132.4,61.9
M,9.49,2856.01,192.18,3.53,493.0,228.13,0,No Failure,157.2,70.7
H,10.48,3018.04,159.0,3.21,282.0,226.36,0,No Failure,132.1,61.8
M,7.87,3849.94,216.8,4.04,752.0,121.087,0,No Failure,151.1,68.5
L,10.41,3165.45,219.75,4.68,557.0,185.6,0,No Failure,191.0,82.6
M,10.61,3344.92,189.43,4.47,612.0,225.88,0,No Failure,182.7,79.7
H,9.34,2711.48,188.9,4.83,676.0,216.47,0,No Failure,169.3,75.0
M,10.34,3457.42,224.26,5.28,546.0,205.58,0,No Failure,203.6,87.1
M,8.17,3602.42,216.41,5.03,422.0,178.24,0,No Failure,180.9,79.1
L,8.08,2805.25,218.76,4.98,631.0,186.62,0,No Failure,154.5,69.7
L,7.37,3289.11,225.81,5.69,98.0,212.71,0,No Failure,152.4,69.0
M,10.8,3563.4,242.57,4.56,304.0,243.29,0,No Failure,169.6,75.1
L,10.13,3022.98,227.31,4.61,259.0,125.91,0,No Failure,178.9,78.3
M,8.72,3525.19,198.23,5.75,265.0,156.79,0,No Failure,144.4,66.1
M,8.73,4210.37,242.04,5.96,842.0,196.87,0,No Failure,115.3,55.8
H,9.43,3481.5,240.13,3.99,43.0,229.64,0,No Failure,163.1,72.8
H,10.76,3747.19,216.73,4.26,46.0,218.04,0,No Failure,168.8,74.8
H,9.68,3137.93,253.86,4.13,539.0,232.84,0,No Failure,170.2,75.3
M,8.85,3696.46,222.46,3.9,509.0,235.42,0,No Failure,168.0,74.5
L,10.28,3099.38,204.56,4.54,359.0,216.21,0,No Failure,201.4,86.3
M,9.35,2990.21,200.32,5.29,319.0,220.34,0,No Failure,184.8,80.5
L,9.97,4140.72,207.78,4.71,359.0,225.73,0,No Failure,186.2,80.9
L,9.58,3293.58,192.18,5.09,401.0,203.24,0,No Failure,208.8,89.0
L,9.75,3123.9,193.82,4.25,105.0,181.83,0,No Failure,165.6,73.6
H,11.06,3003.81,220.43,3.67,1.0,216.02,0,No Failure,146.3,66.8
H,9.54,4018.36,183.71,5.52,157.0,229.12,0,No Failure,148.8,67.7
L,9.04,3863.55,155.6,5.71,219.0,181.73,0,No Failure,128.1,60.4
L,7.92,3867.75,187.69,4.36,473.0,251.09,0,No Failure,139.0,64.2
M,11.56,3141.03,219.73,4.74,187.0,187.04,0,No Failure,168.9,74.8
M,10.47,2881.35,191.3,5.66,600.0,210.58,0,No Failure,165.9,73.8
M,7.83,3257.77,233.8,4.63,522.0,197.98,0,No Failure,177.4,77.8
L,8.17,3527.32,230.12,4.26,1.0,193.04,0,No Failure,152.6,69.0
L,9.78,3054.74,234.34,3.54,218.0,221.24,0,No Failure,166.4,73.9
L,9.36,3641.73,193.43,4.45,307.0,214.91,0,No Failure,194.4,83.9
H,11.57,3878.43,211.59,3.25,213.0,215.93,0,No Failure,141.5,65.1
L,9.05,3405.84,235.11,4.79,714.0,225.32,0,No Failure,188.8,81.9
M,9.6,3676.51,219.98,4.13,518.0,234.61,0,No Failure,185.7,80.8
H,11.76,3810.49,210.96,5.19,191.0,214.69,0,No Failure,165.5,73.6
L,12.5,3019.48,120.62,5.8,173.0,201.13,1,Weld Expulsion & Splash,13.2,3.2
M,8.97,2700.52,222.75,3.76,341.0,182.74,0,No Failure,148.9,67.7
M,10.17,4017.72,256.08,6.32,168.0,194.32,0,No Failure,128.4,60.5
M,10.04,3754.43,233.81,3.21,528.0,210.51,0,No Failure,170.8,75.5
L,9.78,3533.26,221.74,6.5,306.0,214.52,0,No Failure,164.6,73.3
H,9.91,3822.11,240.1,4.18,818.0,196.09,0,No Failure,158.9,71.3
H,10.23,2900.93,207.22,3.46,398.0,230.37,0,No Failure,165.2,73.5
L,8.75,3666.62,191.15,5.25,398.0,121.087,0,No Failure,184.8,80.4
M,11.18,3214.65,228.17,5.51,339.0,220.95,0,No Failure,177.6,77.9
M,9.55,3415.6,188.12,3.42,207.0,207.57,0,No Failure,177.0,77.7
M,10.8,3105.29,173.06,3.49,390.0,230.9,0,No Failure,148.1,67.5
L,9.2,3628.38,204.1,3.67,922.0,212.45,0,No Failure,157.0,70.6
M,10.56,2923.77,182.83,4.78,553.0,177.54,0,No Failure,161.9,72.3
M,10.74,3769.48,174.87,6.06,516.0,189.37,0,No Failure,143.5,65.8
M,8.8,3718.12,233.46,4.77,291.0,226.84,0,No Failure,182.5,79.6
H,10.33,2770.59,210.16,5.46,531.0,191.53,0,No Failure,169.7,75.1
L,8.76,3217.03,262.05,5.0,242.0,210.49,0,No Failure,177.2,77.7
L,9.64,3963.56,245.72,5.32,456.0,274.34,0,No Failure,142.2,65.4
L,10.62,3602.69,182.9,5.49,342.0,186.4,0,No Failure,167.8,74.4
L,11.47,3633.76,166.24,5.08,596.0,227.29,0,No Failure,152.3,68.9
M,10.51,2825.16,265.65,3.66,422.0,214.06,0,No Failure,152.9,69.2
H,9.39,3524.11,235.64,4.22,366.0,188.98,0,No Failure,188.7,81.8
M,9.61,3395.13,172.66,4.02,1002.0,210.45,0,No Failure,135.8,63.1
H,13.818,3623.9,230.69,4.37,558.0,229.7,0,No Failure,186.4,81.0
L,9.71,3389.01,227.7,5.21,532.0,254.71,0,No Failure,185.9,80.8
L,10.42,3853.8,249.24,5.38,502.0,203.96,0,No Failure,172.8,76.2
L,9.47,2892.48,123.38,4.99,566.0,189.2,0,No Failure,140.3,64.7
L,11.27,3375.36,201.09,5.83,560.0,191.27,0,No Failure,166.8,74.1
L,9.7,2916.94,194.76,4.56,483.0,226.26,0,No Failure,187.8,81.5
L,10.2,4118.69,201.51,3.52,347.0,184.21,0,No Failure,147.8,67.4
M,10.92,3410.64,254.67,4.26,299.0,217.15,0,No Failure,179.1,78.4
L,11.49,3242.24,174.72,6.33,291.0,209.97,0,No Failure,147.4,67.2
H,10.25,3532.38,248.92,5.01,359.0,261.1,0,No Failure,168.3,74.6
L,7.92,3053.32,196.17,4.26,606.0,216.96,0,No Failure,160.1,71.7
L,9.4,3000.01,240.63,3.9,420.0,210.31,0,No Failure,185.0,80.5
M,8.89,3191.34,192.46,5.43,329.0,191.81,0,No Failure,175.0,77.0
M,11.57,3852.84,221.84,5.38,427.0,215.6,0,No Failure,175.2,77.0
L,10.55,3053.85,207.02,6.53,292.0,205.55,0,No Failure,162.0,72.4
L,10.09,3143.63,216.88,4.45,742.0,202.47,0,No Failure,190.1,82.3
M,10.64,2968.01,191.65,5.19,202.0,220.36,0,No Failure,168.1,74.5
L,10.22,3189.43,173.75,5.75,308.0,212.58,0,No Failure,175.0,77.0
L,9.68,3803.44,193.58,6.28,671.0,194.63,0,No Failure,152.0,68.8
H,10.04,3958.67,226.05,6.3,403.0,217.54,0,No Failure,169.4,75.0
L,7.42,3140.72,161.15,4.82,251.0,207.46,0,No Failure,153.3,69.3
H,8.92,3156.82,220.92,5.43,274.0,186.53,0,No Failure,175.2,77.0
H,9.55,2647.74,270.47,4.02,340.0,193.21,0,No Failure,143.8,65.9
M,11.44,2025.12,223.12,5.74,158.0,249.89,0,No Failure,144.5,66.2
M,10.07,3860.57,213.18,4.69,720.0,232.52,0,No Failure,178.6,78.2
M,8.1,3158.14,264.32,3.86,164.0,190.71,0,No Failure,130.5,61.2
M,11.85,3172.85,185.2,4.85,316.0,199.52,0,No Failure,170.6,75.4
L,11.44,3425.08,180.96,3.61,319.0,230.71,0,No Failure,152.2,68.9
L,8.76,3261.51,258.12,5.97,409.0,198.69,0,No Failure,164.4,73.2
H,9.41,3596.33,223.63,5.52,251.0,231.82,0,No Failure,180.6,79.0
L,5.772,3575.21,196.61,4.85,458.0,219.66,0,No Failure,210.6,89.6
L,10.66,3555.43,208.93,5.87,391.0,218.56,0,No Failure,187.6,81.4
L,11.4,3413.36,194.38,4.88,240.0,208.75,0,No Failure,184.0,80.2
L,9.81,3311.91,221.06,4.82,633.0,236.35,0,No Failure,192.2,83.1
M,10.19,3817.13,206.46,5.63,368.0,244.56,0,No Failure,168.4,74.6
M,11.06,2742.8,189.65,4.63,249.0,193.17,0,No Failure,155.1,69.9
L,9.53,3723.42,288.11,4.92,619.0,191.45,0,No Failure,157.6,70.8
L,9.23,3378.82,211.87,5.52,418.0,243.47,0,No Failure,191.6,82.8
M,9.91,3485.67,158.97,6.05,657.0,189.25,0,No Failure,150.5,68.3
M,7.64,3856.72,195.16,3.93,432.0,234.17,0,No Failure,143.9,66.0
H,10.65,3033.82,190.17,4.61,526.0,188.33,0,No Failure,174.2,76.7
M,10.1,3332.78,175.35,4.29,974.0,190.68,0,No Failure,152.2,68.9
H,9.55,2918.52,185.88,3.78,262.0,230.52,0,No Failure,155.5,70.1
L,9.57,3458.72,237.56,5.27,410.0,245.37,0,No Failure,188.7,81.8
M,9.38,3892.93,215.68,5.49,287.0,202.63,0,No Failure,184.3,80.3
H,10.27,3610.19,238.85,4.92,420.0,216.22,0,No Failure,205.6,87.8
M,9.8,3059.97,250.11,6.0,543.0,174.22,0,No Failure,150.5,68.3
L,9.22,3337.89,119.06,5.05,725.0,217.38,0,No Failure,150.4,68.3
L,7.64,2626.43,242.04,3.87,95.0,225.7,0,No Failure,110.5,54.1
M,10.81,4018.11,219.94,7.542,624.0,185.02,0,No Failure,161.8,72.3
M,9.97,3413.05,182.79,4.74,-309.0,187.13,0,No Failure,184.4,80.3
M,8.84,3637.1,257.59,3.9,698.0,209.87,0,No Failure,156.8,70.6
L,9.62,3264.04,232.74,5.43,143.0,220.03,0,No Failure,184.2,80.2
L,11.17,2200.04,208.93,4.91,465.0,183.21,0,No Failure,145.8,66.6
L,9.83,3611.87,212.11,5.29,1267.0,277.93,0,No Failure,190.9,82.6
H,9.35,3609.91,204.5,5.29,843.0,177.78,0,No Failure,159.1,71.3
M,10.08,3022.29,177.46,4.29,271.0,231.15,0,No Failure,166.2,73.9
M,11.39,3744.25,175.34,5.28,423.0,215.91,0,No Failure,168.2,74.6
L,9.59,3323.38,226.89,4.4,199.0,196.2,0,No Failure,195.2,84.1
L,9.63,4617.54,231.94,4.74,644.0,199.3,0,No Failure,157.7,70.9
L,6.5,3277.3,212.68,5.07,745.0,173.58,0,No Failure,133.9,62.4
M,10.21,3089.04,162.95,4.66,437.0,213.55,0,No Failure,188.4,81.7
L,8.08,3928.89,270.05,5.44,272.0,170.09,0,No Failure,115.2,55.8
H,9.67,2731.7,203.37,4.04,415.0,219.56,0,No Failure,181.3,79.2
M,10.89,3776.28,166.54,3.45,573.0,192.49,0,No Failure,133.4,62.3
L,10.9,4206.26,154.94,4.76,723.0,179.52,0,No Failure,118.6,57.0
M,8.86,3483.57,237.42,3.62,116.0,192.81,0,No Failure,154.8,69.8
L,10.22,3046.79,329.231,4.82,944.0,219.86,1,Electrode Cap Mushrooming,10.4,20.6
L,8.27,3562.87,183.7,4.91,531.0,188.76,0,No Failure,171.4,75.7
M,9.43,3168.42,218.42,4.3,248.0,225.73,0,No Failure,190.5,82.5
M,8.87,3403.88,228.54,5.45,274.0,233.13,0,No Failure,180.6,79.0
M,11.2,3175.23,224.46,4.87,469.0,191.42,0,No Failure,188.3,81.7
M,10.51,3030.45,204.91,4.99,1.0,222.62,0,No Failure,168.6,74.7
L,10.94,4283.05,274.61,4.93,524.0,208.15,0,No Failure,145.5,66.5
M,8.58,3473.93,168.76,4.53,294.0,179.65,0,No Failure,161.7,72.3
M,9.73,3053.37,178.89,4.44,402.0,238.95,0,No Failure,178.1,78.1
H,11.9,3406.07,163.92,5.72,768.0,226.88,0,No Failure,129.8,61.0
L,10.28,3360.39,244.68,5.69,127.0,240.11,0,No Failure,158.0,70.9
L,10.67,3417.72,184.32,7.542,865.0,210.25,0,No Failure,176.6,77.5
M,11.16,3346.07,229.35,4.78,330.0,223.55,0,No Failure,195.3,84.2
L,11.68,3098.26,244.02,4.19,571.0,201.63,1,Weld Expulsion & Splash,2.1,25.5
M,10.56,3425.88,208.18,3.81,706.0,229.76,0,No Failure,171.1,75.6
H,8.96,2406.6,240.19,5.41,1.0,231.61,0,No Failure,118.0,56.8
H,7.34,3275.77,210.48,5.03,470.0,206.23,0,No Failure,185.9,80.8
H,10.64,4138.31,207.16,4.53,406.0,233.49,0,No Failure,170.4,75.3
M,8.65,3758.78,207.7,4.82,114.0,241.96,0,No Failure,162.5,72.5
H,9.9,3584.53,169.84,4.17,266.0,210.58,0,No Failure,184.1,80.2
H,10.11,3969.4,210.29,5.64,427.0,226.27,0,No Failure,180.1,78.8
H,10.59,3533.09,210.18,5.1,598.0,184.94,0,No Failure,185.6,80.7
M,12.18,3553.44,209.25,5.3,1267.0,216.74,0,No Failure,178.6,78.3
M,9.74,3262.6,193.93,4.75,400.0,175.19,0,No Failure,185.4,80.7
L,10.98,3425.14,217.28,5.46,804.0,219.03,0,No Failure,174.8,76.9
L,9.39,4080.8,195.02,5.15,562.0,178.45,0,No Failure,157.4,70.8
H,9.15,2303.43,231.36,4.06,385.0,193.63,0,No Failure,147.2,67.1
M,9.06,3741.34,242.87,5.12,1267.0,171.06,0,No Failure,162.7,72.6
L,10.31,3334.63,190.75,5.51,682.0,247.45,0,No Failure,160.1,71.7
M,9.03,3440.9,213.21,4.45,203.0,237.44,0,No Failure,186.2,80.9
L,8.18,3049.23,271.07,4.5,1267.0,231.45,0,No Failure,143.2,65.7
H,9.94,3365.96,193.39,5.69,93.0,219.0,0,No Failure,178.8,78.3
L,9.05,3274.86,168.87,3.83,304.0,247.35,0,No Failure,147.5,67.3
H,9.63,4762.043,272.96,5.53,197.0,254.19,0,No Failure,131.1,61.4
L,8.95,3522.23,256.97,5.9,836.0,208.59,1,Electrode Cap Mushrooming,6.3,22.9
L,9.95,4040.58,243.5,4.11,189.0,207.62,0,No Failure,164.8,73.4
L,9.7,3738.67,250.63,3.53,365.0,194.09,0,No Failure,165.0,73.5
L,9.45,3327.18,227.15,6.22,312.0,169.27,0,No Failure,161.3,72.1
L,8.71,3328.44,176.28,4.54,322.0,221.12,0,No Failure,182.2,79.5
M,9.5,3744.5,197.02,5.34,646.0,214.79,0,No Failure,182.4,79.6
L,9.78,3459.28,258.27,5.06,640.0,196.66,0,No Failure,180.1,78.8
L,11.25,3213.2,226.92,5.44,321.0,241.93,0,No Failure,163.5,72.9
M,10.05,2779.38,179.22,5.69,191.0,196.91,0,No Failure,149.4,67.9
M,10.23,2890.82,157.12,5.07,216.0,235.78,0,No Failure,147.0,67.1
M,7.81,3486.09,265.28,5.69,135.0,188.87,0,No Failure,130.2,61.1
L,13.818,3348.26,253.23,3.81,534.0,211.19,0,No Failure,177.8,78.0
M,9.84,4317.14,184.53,4.05,368.0,226.58,0,No Failure,155.1,69.9
L,9.86,3130.49,283.91,4.22,82.0,218.17,0,No Failure,153.0,69.2
M,9.54,2575.95,167.23,4.75,176.0,184.66,0,No Failure,125.6,59.5
L,9.11,3833.26,182.59,6.0,1.0,204.48,0,No Failure,138.3,64.0
L,9.41,3576.63,208.42,4.13,160.0,254.21,0,No Failure,162.6,72.6
L,10.88,3562.21,168.48,3.83,526.0,205.14,0,No Failure,163.3,72.8
L,6.31,3691.54,155.31,5.34,291.0,243.26,0,No Failure,107.6,53.1
L,10.45,3097.28,225.34,3.89,666.0,214.19,0,No Failure,174.0,76.6
L,7.48,3538.13,228.75,5.36,-451.0,220.57,0,No Failure,173.0,76.3
M,10.58,3024.95,228.6,3.91,323.0,219.45,0,No Failure,174.4,76.8
M,8.59,2870.21,246.9,5.1,765.0,194.11,0,No Failure,144.3,66.1
H,9.09,3395.85,251.42,5.42,568.0,238.04,0,No Failure,164.9,73.4
M,9.8,4079.92,189.2,5.57,830.0,203.56,0,No Failure,150.5,68.3
L,9.03,2987.26,271.97,3.72,347.0,151.79,0,No Failure,116.1,56.1
L,10.38,3613.63,254.17,4.91,519.0,174.23,0,No Failure,170.2,75.3
H,8.99,3112.36,213.77,3.31,439.0,233.92,0,No Failure,166.6,74.0
L,8.61,3440.26,239.07,6.02,635.0,179.21,0,No Failure,148.0,67.4
M,8.45,3389.57,150.85,4.62,541.0,206.45,0,No Failure,173.5,76.4
H,10.86,2894.84,204.89,3.76,321.0,222.06,0,No Failure,161.3,72.1
L,8.41,3440.22,213.92,4.38,1.0,216.58,0,No Failure,176.4,77.5
M,9.77,3690.83,241.41,4.99,491.0,217.96,0,No Failure,200.0,85.8
L,9.79,3403.22,190.03,3.19,613.0,205.86,0,No Failure,177.2,77.8
L,10.25,3765.05,179.72,6.36,221.0,167.6,0,No Failure,125.7,59.5
M,8.77,3340.08,194.84,4.97,399.0,214.27,0,No Failure,179.9,78.7
M,9.6,3826.54,183.86,2.61,1.0,179.94,0,No Failure,108.8,53.5
M,9.53,3132.12,171.51,4.57,387.0,234.55,0,No Failure,179.6,78.6
L,9.39,3527.15,199.15,5.13,828.0,255.48,0,No Failure,156.3,70.3
M,9.44,2753.04,181.28,3.97,413.0,190.22,0,No Failure,159.4,71.4
M,12.43,3915.98,191.11,4.27,425.0,204.59,0,No Failure,152.7,69.1
L,10.34,3259.51,206.83,5.22,95.0,181.38,0,No Failure,172.6,76.1
M,11.79,3571.04,234.61,4.91,360.0,210.74,0,No Failure,187.3,81.3
L,11.43,3548.37,216.33,6.5,516.0,235.11,0,No Failure,150.0,68.1
H,9.6,2767.96,213.5,3.28,389.0,172.45,0,No Failure,150.2,68.2
M,9.32,3565.65,190.85,4.06,450.0,233.36,0,No Failure,180.6,79.0
M,9.17,3612.79,245.94,4.47,1.0,232.59,0,No Failure,156.3,70.4
H,10.77,3202.19,197.37,4.01,8.0,182.24,0,No Failure,145.9,66.7
M,9.14,2624.9,224.54,4.75,162.0,197.96,0,No Failure,163.5,72.9
M,9.68,3342.8,206.89,5.0,485.0,135.0,0,No Failure,175.3,77.1
L,7.52,3413.36,270.64,5.1,408.0,236.66,0,No Failure,151.1,68.5
M,10.34,3349.83,210.44,6.45,897.0,254.96,0,No Failure,130.8,61.3
L,8.93,3764.91,209.68,3.67,360.0,182.57,0,No Failure,162.9,72.7
L,10.68,3633.54,228.75,5.6,289.0,237.14,0,No Failure,166.7,74.0
L,8.78,4039.7,207.85,4.53,926.0,220.99,0,No Failure,147.8,67.3
M,10.59,2909.95,185.28,5.07,399.0,239.63,0,No Failure,166.0,73.8
M,10.4,3119.87,143.86,5.84,378.0,183.62,0,No Failure,141.4,65.1
M,9.84,3389.26,190.96,4.97,270.0,256.76,0,No Failure,182.2,79.5
H,10.05,3883.82,217.09,5.74,261.0,210.315,0,No Failure,176.4,77.5
M,10.16,2594.86,166.01,4.94,526.0,194.18,0,No Failure,155.7,70.1
L,10.38,3286.14,284.92,3.65,284.0,207.17,0,No Failure,156.4,70.4
H,9.17,2768.84,213.47,5.25,869.0,204.19,0,No Failure,160.1,71.7
M,11.02,3236.86,211.22,4.27,242.0,201.03,0,No Failure,184.4,80.3
L,10.61,3482.03,194.45,3.53,256.0,224.64,0,No Failure,166.8,74.1
H,9.18,3183.01,180.31,3.91,433.0,192.19,0,No Failure,172.8,76.2
L,11.53,2979.45,237.44,5.03,499.0,220.95,1,Weld Expulsion & Splash,8.5,29.7
L,10.27,3177.27,196.18,4.7,669.0,185.5,0,No Failure,179.3,78.5
M,10.63,3641.6,186.71,3.27,766.0,206.76,0,No Failure,145.7,66.6
L,10.84,3554.15,220.63,4.77,130.0,163.26,0,No Failure,164.5,73.3
M,9.59,3658.9,247.06,4.58,695.0,249.31,0,No Failure,160.7,71.9
L,11.32,3149.08,274.12,4.34,451.0,206.16,0,No Failure,163.4,72.9
L,10.69,3430.84,214.61,4.9,883.0,298.49,0,No Failure,189.5,82.1
L,10.99,3785.32,329.231,3.22,531.0,216.3,0,No Failure,156.2,70.3
L,11.62,3430.34,195.07,4.41,1.0,184.26,0,No Failure,148.9,67.7
L,10.01,3438.11,202.83,5.16,465.0,212.83,0,No Failure,216.7,91.7
L,10.05,3734.88,211.59,4.7,329.0,196.8,0,No Failure,203.4,87.1
M,10.23,3572.94,180.4,6.03,599.0,212.84,0,No Failure,169.2,74.9
M,9.73,3764.41,198.01,5.71,439.0,228.21,0,No Failure,182.4,79.6
L,9.73,3176.92,235.5,5.73,694.0,191.29,0,No Failure,168.8,74.8
M,9.3,3287.64,208.62,4.42,638.0,180.77,0,No Failure,182.8,79.7
M,11.75,3346.04,211.41,4.71,86.0,246.87,0,No Failure,158.9,71.3
L,8.77,3512.2,189.78,5.89,-451.0,209.38,0,No Failure,173.0,76.3
M,9.51,3096.59,290.69,4.47,408.0,192.25,0,No Failure,165.5,73.6
M,9.38,3208.66,203.47,3.53,344.0,203.94,0,No Failure,183.9,80.1
M,12.05,3164.74,226.91,3.9,407.0,237.31,0,No Failure,153.2,69.3
L,7.8,3065.78,207.01,3.54,185.0,221.97,0,No Failure,142.3,65.4
L,10.97,3337.31,253.04,4.82,498.0,223.73,0,No Failure,179.9,78.7
M,8.26,3028.45,230.91,5.33,851.0,210.08,0,No Failure,153.9,69.5
L,7.82,3302.9,204.39,5.33,362.0,177.56,0,No Failure,165.0,73.4
M,9.34,3297.0,213.72,3.97,33.0,199.59,0,No Failure,178.0,78.0
M,9.5,3415.65,211.44,4.86,489.0,206.7,0,No Failure,225.0,94.7
M,9.56,2765.65,173.8,6.45,144.0,225.59,0,No Failure,125.3,59.4
L,11.2,3374.19,282.38,5.03,483.0,186.78,0,No Failure,160.2,71.7
H,10.17,3895.87,216.3,5.2,614.0,201.11,0,No Failure,185.7,80.8
L,10.71,3115.42,238.68,4.89,537.0,153.0,0,No Failure,155.3,70.0
H,11.18,3413.35,209.87,5.08,181.0,192.41,0,No Failure,183.1,79.9
M,10.31,3414.25,181.32,5.9,338.0,230.3,0,No Failure,172.7,76.2
L,11.08,3323.18,235.44,4.01,451.0,209.06,0,No Failure,175.2,77.1
L,9.36,3407.69,242.73,4.04,574.0,240.28,0,No Failure,172.9,76.2
M,9.24,3171.32,156.51,5.96,549.0,227.37,0,No Failure,147.9,67.4
M,9.05,3907.61,237.42,5.74,605.0,209.81,0,No Failure,156.7,70.5
M,10.44,3364.65,207.61,5.45,419.0,185.7,0,No Failure,195.2,84.2
M,8.79,3250.9,172.38,4.31,176.0,178.43,0,No Failure,149.8,68.1
L,8.14,3301.52,219.58,4.87,170.0,218.51,0,No Failure,185.6,80.7
L,10.11,3492.46,204.51,4.89,245.0,184.0,0,No Failure,195.4,84.2
M,10.01,3091.86,228.2,5.34,545.0,210.83,0,No Failure,197.0,84.8
M,8.65,2829.9,219.6,3.35,16.0,199.66,0,No Failure,132.2,61.8
M,10.82,2775.86,212.2,5.22,735.0,190.88,0,No Failure,154.8,69.8
L,13.818,3559.44,227.94,4.36,540.0,188.7,0,No Failure,190.8,82.6
H,10.51,2999.59,230.67,5.4,1.0,203.44,0,No Failure,160.0,71.7
H,8.95,3887.95,164.86,3.42,438.0,205.05,0,No Failure,148.2,67.5
L,10.03,3295.94,186.02,4.6,314.0,200.43,0,No Failure,200.2,85.9
M,8.11,3313.4,253.88,5.34,230.0,236.95,0,No Failure,150.2,68.2
H,7.98,3586.49,239.85,3.47,304.0,223.67,0,No Failure,148.0,67.4
H,10.51,3235.15,242.74,4.7,720.0,213.54,0,No Failure,184.5,80.3
L,9.54,2954.99,260.43,4.22,612.0,212.77,0,No Failure,167.9,74.5
M,10.18,3881.85,211.33,4.2,410.0,229.68,0,No Failure,185.6,80.7
L,9.23,2572.39,168.91,3.12,373.0,222.99,0,No Failure,126.3,59.7
H,9.71,3422.09,240.87,5.45,1.0,229.13,0,No Failure,170.2,75.3
L,10.4,3379.9,237.02,4.82,431.0,196.94,0,No Failure,209.7,89.3
M,10.2,3725.85,264.87,3.85,63.0,180.14,0,No Failure,131.4,61.6
M,10.15,4381.3,237.47,4.05,427.0,233.56,0,No Failure,150.2,68.2
M,10.9,3539.06,273.87,4.33,214.0,256.72,0,No Failure,133.8,62.4
M,8.73,3480.38,272.81,4.73,346.0,250.37,0,No Failure,158.8,71.2
M,10.86,3446.98,254.36,4.82,421.0,175.08,0,No Failure,179.1,78.4
M,8.97,2784.87,205.4,4.23,358.0,190.95,0,No Failure,168.2,74.6
L,9.21,3225.59,167.39,4.45,457.0,197.45,0,No Failure,181.9,79.4
M,9.29,3044.71,192.34,5.02,413.0,209.68,0,No Failure,200.9,86.2
H,10.8,3250.64,201.61,4.88,354.0,188.9,0,No Failure,192.4,83.1
M,10.34,2809.59,230.05,5.1,453.0,201.33,0,No Failure,185.3,80.6
M,10.82,3623.24,198.44,4.93,459.0,175.34,0,No Failure,179.1,78.4
M,8.71,2820.17,226.15,3.5,234.0,221.87,0,No Failure,146.0,66.7
M,10.29,3799.42,175.13,5.33,-451.0,212.81,0,No Failure,176.5,77.5
H,10.18,3468.94,262.42,4.16,1267.0,269.52,1,Electrode Cap Mushrooming,10.1,17.2
H,8.78,3395.85,210.01,4.72,720.0,210.315,0,No Failure,177.6,77.9
L,9.23,3552.7,236.29,3.59,306.0,154.72,0,No Failure,144.4,66.2
L,11.37,3638.58,194.94,4.82,716.0,198.9,0,No Failure,165.7,73.7
H,9.27,3319.46,182.53,4.44,55.0,192.12,0,No Failure,168.8,74.8
M,10.25,2860.74,152.7,5.36,535.0,252.95,0,No Failure,131.3,61.5
L,12.19,3832.52,288.18,5.65,493.0,206.81,0,No Failure,125.4,59.4
M,8.53,3315.23,181.74,4.5,410.0,191.17,0,No Failure,181.7,79.4
L,11.8,3036.6,227.97,3.81,346.0,209.75,1,Weld Expulsion & Splash,11.9,27.7
L,8.61,3554.49,207.11,4.37,592.0,219.12,0,No Failure,185.5,80.7
L,6.85,3168.46,218.55,5.29,647.0,194.54,0,No Failure,149.6,68.0
M,11.16,3178.44,202.43,5.99,594.0,162.85,0,No Failure,136.3,63.3
M,8.86,3568.66,184.16,4.19,435.0,218.41,0,No Failure,184.1,80.2
L,11.08,3301.83,215.8,4.9,38.0,186.23,0,No Failure,173.5,76.4
M,8.71,3154.48,296.42,4.25,479.0,202.19,0,No Failure,152.2,68.9
H,10.53,3026.62,244.05,3.99,245.0,238.54,0,No Failure,151.2,68.6
M,12.61,3440.35,180.89,4.61,171.0,228.46,0,No Failure,147.4,67.2
M,7.92,2948.53,233.55,4.17,220.0,184.72,0,No Failure,140.7,64.8
M,10.59,2796.47,172.72,4.58,395.0,202.04,0,No Failure,170.4,75.4
L,9.7,3403.09,196.08,5.2,304.0,223.75,0,No Failure,203.4,87.1
M,9.75,3718.54,100.527,3.52,540.0,201.75,0,No Failure,163.5,72.9
L,9.87,3050.75,263.0,5.57,693.0,220.71,0,No Failure,158.6,71.2
L,9.9,2873.36,227.68,7.0,282.0,204.18,0,No Failure,175.9,77.3
L,10.05,3201.29,100.527,5.86,1.0,190.66,0,No Failure,145.7,66.6
L,11.48,3497.17,264.06,4.12,82.0,177.97,0,No Failure,128.5,60.5
L,8.86,3484.3,211.67,3.52,296.0,195.72,0,No Failure,176.1,77.4
H,10.67,3446.36,250.25,4.46,300.0,201.18,0,No Failure,186.6,81.1
M,9.14,3136.78,221.46,5.13,657.0,231.76,0,No Failure,178.8,78.3
M,8.64,3113.6,181.66,4.33,759.0,224.99,0,No Failure,151.7,68.7
M,7.76,3809.73,228.47,4.37,561.0,192.44,0,No Failure,156.0,70.3
L,10.83,2956.86,254.34,3.19,101.0,198.32,0,No Failure,123.4,58.7
L,10.07,2952.92,179.05,4.94,545.0,170.37,0,No Failure,161.5,72.2
M,9.35,3396.35,216.21,4.23,149.0,206.38,0,No Failure,200.0,85.8
L,11.46,3547.03,214.48,5.49,573.0,226.81,0,No Failure,173.4,76.4
M,10.87,3949.59,181.97,4.56,298.0,219.47,0,No Failure,165.3,73.5
L,10.73,3216.51,214.2,4.5,91.0,186.97,0,No Failure,174.7,76.9
M,9.63,3700.81,214.015,5.13,619.0,232.05,0,No Failure,181.8,79.4
L,9.23,3244.91,241.55,5.91,257.0,230.24,0,No Failure,163.8,73.0
L,10.94,3465.48,195.66,4.76,218.0,192.33,0,No Failure,184.8,80.4
L,9.78,3585.16,283.72,3.1,1.0,224.75,0,No Failure,119.5,57.3
M,10.14,3344.8,284.55,4.52,651.0,214.11,0,No Failure,173.7,76.5
H,9.76,3195.87,190.41,3.64,498.0,201.2,0,No Failure,182.7,79.7
H,8.46,3539.41,179.14,4.93,382.0,211.73,0,No Failure,190.1,82.3
M,10.11,2920.43,189.28,4.78,38.0,185.88,0,No Failure,160.5,71.8
L,9.29,3123.26,205.29,5.07,312.0,219.41,0,No Failure,196.7,84.7
L,7.6,2629.89,219.38,5.14,302.0,179.82,0,No Failure,138.1,63.9
L,11.35,3230.58,181.83,5.02,445.0,191.16,0,No Failure,174.8,76.9
M,9.39,4064.34,188.82,5.57,520.0,208.08,0,No Failure,168.6,74.7
L,8.7,2691.28,152.57,5.13,748.0,235.67,0,No Failure,116.9,56.4
M,11.14,2672.53,220.82,4.78,724.0,198.6,0,No Failure,158.6,71.2
H,12.38,2740.41,218.67,4.86,171.0,176.7,1,Weld Expulsion & Splash,3.6,17.0
H,10.05,3089.34,234.14,4.04,764.0,202.96,0,No Failure,169.9,75.2
H,8.99,3524.12,265.01,3.74,783.0,230.08,1,Electrode Cap Mushrooming,5.8,18.8
H,10.75,3289.06,225.28,7.19,636.0,178.77,0,No Failure,133.2,62.2
H,10.09,3790.44,180.14,4.97,746.0,215.36,0,No Failure,173.0,76.3
L,9.69,3379.79,199.21,4.61,347.0,217.19,0,No Failure,215.9,91.5
M,11.09,3258.75,268.86,4.19,438.0,209.81,0,No Failure,162.4,72.5
H,10.16,3350.08,205.38,4.18,496.0,233.03,0,No Failure,194.2,83.8
L,7.92,3636.59,250.38,5.27,1.0,188.41,0,No Failure,132.6,62.0
H,9.3,3481.64,216.74,4.26,1.0,231.95,0,No Failure,174.4,76.8
L,9.12,3671.22,157.09,4.47,515.0,184.43,0,No Failure,159.3,71.4
M,10.51,3779.27,222.24,3.89,516.0,202.23,0,No Failure,179.1,78.4
L,9.74,3217.68,260.81,5.65,585.0,238.32,0,No Failure,160.6,71.9
H,8.58,3047.99,154.3,4.84,553.0,214.56,0,No Failure,164.2,73.2
M,10.7,3710.93,240.43,4.92,416.0,239.92,0,No Failure,178.3,78.2
M,12.22,3636.75,142.94,4.4,573.0,169.32,0,No Failure,113.0,55.0
M,9.03,3584.69,212.11,6.02,155.0,227.17,0,No Failure,164.4,73.2
M,8.66,3291.51,236.58,4.68,843.0,221.41,0,No Failure,169.7,75.1
L,8.91,3661.34,212.99,5.32,534.0,199.9,0,No Failure,189.6,82.2
M,8.92,2609.62,253.99,4.15,971.0,227.38,1,Electrode Cap Mushrooming,13.6,9.8
L,9.32,4504.04,215.04,4.11,612.0,204.48,0,No Failure,155.2,70.0
L,10.21,2721.13,228.71,5.37,53.0,234.49,0,No Failure,145.7,66.6
L,9.57,2547.79,200.79,4.47,599.0,163.05,0,No Failure,143.5,65.8
H,9.54,3142.71,186.75,3.65,717.0,204.14,0,No Failure,163.1,72.7
L,9.78,3436.22,214.2,4.78,532.0,231.07,0,No Failure,206.0,88.0
M,9.67,4121.12,205.56,5.16,171.0,204.29,0,No Failure,175.1,77.0
L,9.25,2496.96,329.231,4.65,282.0,231.13,0,No Failure,157.4,70.7
H,9.91,3061.99,262.33,5.5,30.0,292.4,0,No Failure,111.4,54.5
M,10.21,3410.16,213.75,4.31,118.0,203.92,0,No Failure,198.4,85.3
L,8.96,3444.26,244.92,4.47,590.0,167.52,0,No Failure,164.2,73.2
L,8.71,3470.99,246.33,5.07,520.0,228.74,0,No Failure,180.7,79.0
M,9.71,3787.28,170.07,3.87,463.0,175.4,0,No Failure,154.1,69.6
L,10.05,2994.01,264.7,4.41,289.0,196.61,0,No Failure,168.4,74.7
L,11.75,2815.86,189.18,4.44,82.0,217.65,1,Weld Expulsion & Splash,13.4,19.2
H,8.88,3444.06,234.13,4.81,-451.0,196.94,0,No Failure,188.6,81.8
M,9.96,4063.26,218.43,4.72,325.0,208.41,0,No Failure,199.1,85.5
M,7.52,3532.3,208.39,4.79,199.0,209.57,0,No Failure,182.6,79.7
M,10.66,3448.98,228.25,4.58,330.0,169.39,0,No Failure,181.1,79.1
M,10.61,2889.36,203.13,4.13,812.0,224.0,0,No Failure,150.9,68.4
L,9.86,3497.12,227.27,4.5,238.0,245.77,0,No Failure,186.6,81.1
H,9.07,3061.92,274.45,4.12,402.0,224.62,0,No Failure,160.0,71.7
L,10.33,3739.52,244.98,5.03,8.0,209.06,0,No Failure,169.7,75.1
L,8.67,3417.0,207.4,3.46,582.0,227.12,0,No Failure,168.2,74.6
L,7.61,3449.91,164.82,4.66,152.0,175.84,0,No Failure,137.3,63.6
M,10.99,3643.54,191.77,5.21,459.0,206.23,0,No Failure,187.0,81.2
M,8.69,3833.13,202.97,4.22,266.0,176.26,0,No Failure,154.6,69.7
H,9.47,3595.57,162.94,5.01,88.0,230.01,0,No Failure,160.9,72.0
L,11.0,2875.41,230.94,5.3,535.0,173.87,0,No Failure,150.1,68.2
L,10.54,3697.51,239.02,5.89,458.0,232.56,0,No Failure,163.9,73.0
M,9.67,3403.4,188.18,5.01,248.0,265.04,0,No Failure,172.0,75.9
L,9.78,3540.04,139.26,5.42,415.0,269.64,0,No Failure,107.5,53.1
L,11.81,3257.67,232.45,4.52,513.0,222.45,0,No Failure,175.7,77.2
L,7.54,2891.44,172.86,6.98,632.0,236.31,0,No Failure,86.4,45.6
M,11.17,3414.02,230.23,4.76,415.0,198.0,0,No Failure,202.7,86.8
M,9.52,2894.55,221.43,4.77,523.0,199.73,0,No Failure,197.2,84.8
M,12.35,3622.86,218.9,3.25,421.0,197.21,0,No Failure,150.0,68.1
