Type,Chamber Pressure [mTorr],RF Forward Power [W],RF Reflected Power [W],Etch Gas Flow [sccm],Electrostatic Chuck Temp [C],Plasma Impedance [Ohm],DC Bias Voltage [V],Machine failure,Failure Mode,RUL [min],Health Index [%]
M,52.11,781.23,19.15,118.64,67.78,58.5,334.3,0,No Failure,170.7,75.5
H,44.49,728.87,26.7,132.33,60.17,59.85,310.67,0,No Failure,153.4,69.3
L,42.23,876.78,19.22,138.41,65.04,53.03,317.84,0,No Failure,201.9,86.5
M,44.28,653.88,10.93,133.52,63.1,52.53,251.85,0,No Failure,135.1,62.9
L,36.31,864.5,10.96,126.33,66.89,49.6,294.27,0,No Failure,182.2,79.5
L,45.14,889.87,29.27,122.21,69.43,31.842,309.09,0,No Failure,184.9,80.5
H,45.5,894.27,20.19,126.74,68.65,44.95,259.04,0,No Failure,166.8,74.1
M,51.21,832.11,4.59,123.36,64.53,52.28,319.62,0,No Failure,193.1,83.4
M,42.92,781.25,7.83,154.98,71.83,56.66,334.03,0,No Failure,129.0,60.7
L,51.9,927.86,7.22,107.43,65.96,54.95,279.35,0,No Failure,155.3,70.0
M,50.23,796.99,9.95,124.74,66.35,50.43,273.97,0,No Failure,175.6,77.2
M,32.87,879.9,12.14,112.78,67.69,47.35,304.2,0,No Failure,169.2,74.9
L,42.96,1089.352,17.24,91.34,58.9,56.22,342.6,0,No Failure,160.4,71.8
L,48.22,826.2,23.04,129.05,56.91,52.68,312.91,0,No Failure,185.5,80.7
L,40.45,893.75,41.84,103.1,71.49,49.18,324.57,0,No Failure,137.0,63.5
M,47.45,868.65,18.12,172.168,74.33,52.03,294.65,0,No Failure,174.0,76.6
M,40.47,858.1,26.81,111.14,71.31,54.69,295.91,0,No Failure,175.2,77.1
M,50.09,935.36,12.48,129.22,72.43,51.28,298.02,0,No Failure,164.9,73.4
M,53.05,786.63,18.35,125.8,66.08,47.28,293.8,0,No Failure,179.8,78.7
M,55.18,902.12,5.61,138.41,63.71,59.05,292.35,0,No Failure,140.6,64.8
M,41.55,871.04,21.63,112.5,63.79,54.47,310.41,0,No Failure,191.2,82.7
M,52.47,843.38,14.3,106.42,68.04,46.97,349.22,0,No Failure,163.0,72.7
H,42.62,811.48,26.83,112.9,73.59,53.93,313.35,0,No Failure,175.9,77.3
L,51.31,891.88,18.26,109.41,66.66,48.96,378.77,0,No Failure,160.5,71.8
L,46.36,893.33,14.72,101.76,67.36,55.36,272.54,0,No Failure,171.8,75.8
L,31.17,898.46,7.08,160.16,60.77,59.67,282.98,0,No Failure,99.6,50.3
M,37.37,802.66,25.68,91.74,60.06,47.55,300.92,0,No Failure,144.7,66.3
L,40.94,830.77,17.79,115.0,60.03,57.68,343.74,0,No Failure,176.9,77.6
L,53.64,893.76,27.12,111.61,69.64,46.09,341.34,0,No Failure,146.9,67.0
M,47.32,886.67,26.74,123.14,58.88,38.9,326.96,0,No Failure,153.0,69.2
L,59.53,814.74,19.79,116.55,71.02,64.09,312.6,0,No Failure,145.8,66.7
M,33.99,890.93,15.25,115.55,76.86,45.44,361.0,0,No Failure,123.5,58.7
M,34.87,835.77,19.64,128.89,63.86,53.41,289.82,0,No Failure,186.8,81.2
M,44.44,875.43,37.35,87.38,65.45,60.28,340.72,0,No Failure,119.4,57.3
M,55.54,783.26,20.21,132.45,74.0,47.67,340.91,0,No Failure,135.6,63.0
M,36.46,834.06,24.81,126.46,67.36,37.06,314.49,0,No Failure,171.9,75.9
L,48.8,765.69,24.45,119.31,54.44,50.66,295.18,0,No Failure,163.0,72.7
M,45.41,832.61,27.47,107.36,62.83,39.32,361.53,0,No Failure,146.3,66.8
L,39.76,867.67,7.2,135.65,70.87,54.74,342.24,0,No Failure,154.4,69.7
L,37.33,805.16,14.39,136.32,61.7,48.01,208.397,0,No Failure,157.9,70.9
M,39.31,916.68,17.2,111.45,69.13,48.51,314.08,0,No Failure,181.3,79.2
L,38.72,955.15,23.8,120.97,66.64,54.54,353.12,0,No Failure,162.5,72.5
M,45.98,737.03,2.2,109.62,66.22,51.14,326.59,0,No Failure,167.3,74.2
H,39.25,807.11,28.61,129.77,57.93,49.22,328.83,0,No Failure,157.0,70.6
H,50.66,936.71,17.66,114.23,60.65,54.35,283.29,0,No Failure,171.7,75.8
L,47.97,858.51,52.656,122.96,69.76,42.57,302.49,0,No Failure,184.6,80.4
L,45.75,828.05,30.64,131.37,62.55,51.03,362.76,0,No Failure,169.1,74.9
L,45.78,856.13,24.19,120.51,66.45,58.1,308.48,0,No Failure,207.5,88.5
M,54.45,800.19,26.64,125.09,69.33,50.22,305.42,0,No Failure,172.1,75.9
M,40.39,1089.352,16.17,117.64,66.19,48.4,330.57,0,No Failure,196.8,84.7
M,48.46,816.61,27.14,101.31,58.57,49.29,342.85,0,No Failure,152.6,69.0
H,67.68,959.76,17.33,88.73,72.15,46.71,303.62,0,No Failure,146.5,66.9
L,50.04,877.24,26.2,140.04,63.16,57.86,316.79,0,No Failure,168.5,74.7
H,50.92,973.6,13.68,134.03,78.4,59.65,302.24,1,Chuck Thermal Excursion,3.4,12.4
M,44.42,797.41,31.5,114.1,67.19,48.71,307.7,0,No Failure,186.8,81.1
L,49.99,809.49,7.91,68.002,67.83,52.84,283.2,0,No Failure,170.0,75.2
M,43.88,723.25,34.51,100.51,57.68,49.81,289.61,0,No Failure,131.5,61.6
L,41.42,917.75,10.34,105.91,60.6,58.9,316.52,0,No Failure,159.9,71.6
H,41.19,835.36,19.03,78.1,62.25,59.36,330.92,0,No Failure,149.5,68.0
M,51.27,844.94,19.05,140.15,61.97,60.54,345.56,0,No Failure,156.4,70.4
H,51.76,816.47,12.29,122.56,58.55,49.7,321.46,0,No Failure,177.4,77.8
L,42.35,806.95,29.97,109.54,62.18,54.32,325.26,0,No Failure,176.2,77.4
L,39.65,898.5,1.0,164.12,67.07,57.41,313.66,0,No Failure,131.1,61.4
H,46.42,870.63,-17.018,124.14,64.01,55.44,312.27,0,No Failure,204.2,87.3
L,48.51,764.48,19.4,120.41,71.1,53.83,256.36,0,No Failure,163.5,72.9
M,42.92,943.01,19.35,124.05,73.6,55.65,298.88,1,Chuck Thermal Excursion,4.7,30.5
L,48.91,774.17,37.28,135.81,68.54,58.46,297.06,0,No Failure,139.5,64.4
L,54.82,896.9,5.64,132.2,62.37,55.95,352.42,0,No Failure,140.4,64.7
L,36.65,773.45,12.6,104.79,61.41,59.2,324.11,0,No Failure,147.6,67.3
H,37.06,816.9,12.5,130.75,57.73,55.64,329.91,0,No Failure,157.4,70.7
L,49.61,880.6,20.3,117.71,62.85,53.39,305.63,0,No Failure,206.0,88.0
L,54.06,821.15,8.74,104.84,71.08,43.79,313.36,1,Chamber Vacuum Drift,4.9,21.8
L,43.92,913.09,21.68,136.66,65.29,59.25,274.42,0,No Failure,166.3,73.9
L,46.4,849.23,25.22,111.9,63.87,48.16,322.71,0,No Failure,199.4,85.6
H,23.77,853.03,20.89,114.78,73.9,43.48,330.42,0,No Failure,154.2,69.6
M,44.56,807.17,11.53,93.36,63.99,60.43,256.71,0,No Failure,144.6,66.2
L,42.47,851.36,23.69,102.52,75.3,60.8,297.8,0,No Failure,146.0,66.7
L,35.29,834.72,24.51,68.002,75.25,56.14,292.53,0,No Failure,136.0,63.2
L,45.63,782.31,20.95,119.43,68.17,54.06,274.31,0,No Failure,187.8,81.5
M,48.01,798.69,18.05,109.44,70.36,43.77,298.04,0,No Failure,145.9,66.7
L,45.09,914.93,11.81,108.88,55.87,53.72,318.55,0,No Failure,171.7,75.8
L,52.02,926.41,1.73,108.54,67.08,51.4,298.16,0,No Failure,160.4,71.8
H,49.66,930.6,23.87,132.62,63.58,54.96,336.89,0,No Failure,167.2,74.2
H,42.57,837.38,2.24,114.65,68.75,66.34,303.57,0,No Failure,154.3,69.7
M,44.83,873.33,33.71,153.02,69.64,55.39,307.66,0,No Failure,156.8,70.5
L,43.65,974.56,1.0,109.56,69.34,60.51,270.9,0,No Failure,123.2,58.6
M,30.96,804.41,25.91,123.61,66.42,46.05,268.61,0,No Failure,145.2,66.4
L,49.11,701.21,27.08,109.61,65.78,48.29,299.1,0,No Failure,159.4,71.5
M,38.75,813.15,1.0,102.75,61.41,51.23,346.89,0,No Failure,146.7,67.0
L,54.49,611.56,17.44,133.87,72.64,50.05,324.87,0,No Failure,163.8,73.0
M,46.11,886.19,33.75,100.53,64.35,53.47,318.32,0,No Failure,178.5,78.2
H,51.63,860.55,14.87,102.23,68.05,55.61,333.99,0,No Failure,171.7,75.8
H,47.56,841.93,20.88,119.45,64.31,48.2,298.52,0,No Failure,210.9,89.7
L,48.5,999.79,13.83,109.91,54.59,52.16,272.37,0,No Failure,136.2,63.2
L,43.72,837.37,23.89,113.36,66.95,56.18,352.98,0,No Failure,182.5,79.6
H,35.13,789.52,23.11,114.49,60.69,57.05,361.98,0,No Failure,142.3,65.4
M,42.24,859.06,17.81,90.13,68.34,43.72,324.86,0,No Failure,165.0,73.4
M,41.26,901.46,1.0,131.73,65.74,58.33,298.79,0,No Failure,161.5,72.2
H,43.49,875.7,31.51,135.61,58.3,52.16,282.09,0,No Failure,163.2,72.8
L,48.34,887.25,9.18,117.4,73.8,61.33,279.9,0,No Failure,146.3,66.8
H,47.93,856.83,15.24,95.81,61.7,55.5,289.7,0,No Failure,176.3,77.4
L,36.18,828.11,5.63,138.81,64.85,56.25,276.07,0,No Failure,152.0,68.8
M,37.52,877.44,-17.018,130.62,66.02,53.68,304.34,0,No Failure,189.1,82.0
M,45.54,893.49,22.09,121.64,57.89,40.88,300.97,0,No Failure,169.7,75.1
M,44.07,902.74,14.5,111.76,61.41,54.03,247.62,0,No Failure,167.8,74.4
M,47.34,760.13,1.0,94.63,61.32,51.87,344.91,0,No Failure,138.5,64.1
H,48.21,965.86,14.93,107.14,73.8,63.85,312.7,1,Chuck Thermal Excursion,2.4,18.0
H,39.46,790.12,9.85,114.92,57.6,46.36,392.84,0,No Failure,122.6,58.4
L,42.36,801.08,32.16,92.44,74.27,51.36,325.54,0,No Failure,140.7,64.8
L,59.08,882.61,37.83,126.02,60.76,51.87,293.11,0,No Failure,146.7,67.0
L,42.59,824.52,23.6,111.51,66.27,44.87,290.72,0,No Failure,182.0,79.5
H,49.98,755.72,11.35,110.68,75.75,52.24,312.72,0,No Failure,157.7,70.9
L,43.02,823.13,16.15,122.92,63.69,58.52,296.28,0,No Failure,197.7,85.0
M,47.34,930.37,1.0,119.39,63.73,59.03,330.95,0,No Failure,161.3,72.1
L,52.23,970.71,3.84,116.7,65.36,49.53,267.2,0,No Failure,146.7,67.0
M,40.57,900.33,26.76,112.63,68.01,44.65,311.18,0,No Failure,172.2,76.0
M,53.19,902.87,16.15,120.42,69.4,56.48,326.47,0,No Failure,175.8,77.3
M,45.93,909.24,19.98,117.33,62.45,51.07,331.14,0,No Failure,200.0,85.8
M,46.7,779.87,25.46,128.05,66.86,56.85,290.77,0,No Failure,176.0,77.3
L,53.79,919.3,18.62,112.61,66.74,52.38,354.86,0,No Failure,169.9,75.2
L,43.24,847.19,2.44,105.6,58.86,54.65,350.33,0,No Failure,155.0,69.9
M,52.54,898.75,12.18,154.16,66.25,53.94,276.0,0,No Failure,146.1,66.7
M,40.35,918.04,20.81,128.92,67.99,58.44,293.3,0,No Failure,169.8,75.1
M,40.38,802.86,20.76,133.34,64.63,53.77,275.01,0,No Failure,180.2,78.8
M,47.52,816.38,23.98,172.168,64.54,46.85,242.97,0,No Failure,169.2,74.9
L,31.86,908.26,5.52,101.64,66.11,49.98,292.74,0,No Failure,146.0,66.7
H,41.66,871.66,52.656,125.43,61.35,49.49,319.54,0,No Failure,183.5,80.0
H,60.35,838.51,7.52,124.88,68.28,56.7,305.74,0,No Failure,160.5,71.9
L,45.59,734.45,16.75,106.94,67.32,61.84,322.09,0,No Failure,162.6,72.6
L,39.78,895.37,18.76,140.68,65.3,57.43,320.76,0,No Failure,165.2,73.5
M,43.29,922.18,12.92,115.8,65.31,44.95,314.06,0,No Failure,189.1,82.0
L,57.05,859.74,15.3,94.84,69.56,47.81,281.32,1,Chamber Vacuum Drift,4.6,21.4
M,42.62,849.01,26.23,130.5,61.4,55.43,287.34,0,No Failure,174.0,76.6
L,41.92,951.64,5.5,129.51,68.79,51.17,303.4,0,No Failure,168.2,74.6
M,51.65,853.0,1.04,132.47,59.12,49.61,322.48,0,No Failure,159.1,71.3
L,54.84,755.48,15.34,139.13,67.62,50.0,306.83,0,No Failure,161.7,72.3
H,40.94,805.43,17.01,112.12,61.12,55.67,290.99,0,No Failure,182.9,79.8
L,46.87,798.66,5.46,137.24,68.79,55.87,278.89,0,No Failure,154.3,69.7
H,47.85,900.88,27.17,148.7,64.57,47.59,301.82,0,No Failure,165.4,73.6
L,45.41,801.2,30.68,106.27,66.04,52.32,360.28,0,No Failure,168.7,74.7
H,40.52,832.77,42.61,133.1,67.45,72.41,314.11,0,No Failure,164.5,73.3
H,35.74,864.22,19.62,78.55,65.81,54.12,261.39,0,No Failure,165.1,73.5
L,40.32,845.34,25.08,102.95,68.0,53.79,312.32,0,No Failure,187.6,81.4
M,41.86,782.56,23.57,121.37,62.72,57.33,287.96,0,No Failure,178.8,78.3
H,47.54,824.74,23.67,122.45,75.42,45.59,329.8,0,No Failure,163.0,72.7
L,47.21,892.63,20.17,136.82,65.91,56.34,338.94,0,No Failure,178.9,78.4
L,57.12,858.98,28.33,139.72,65.3,55.96,297.7,0,No Failure,153.5,69.4
L,35.2,815.1,28.7,128.16,68.99,31.842,294.89,0,No Failure,168.4,74.6
L,52.95,799.41,35.21,133.79,59.48,50.82,226.97,0,No Failure,114.0,55.4
L,44.95,828.35,30.2,100.77,70.41,60.67,264.88,0,No Failure,129.9,61.0
M,45.77,853.97,52.656,114.6,63.55,48.74,290.92,0,No Failure,198.8,85.4
H,42.52,957.95,21.15,117.04,62.54,48.02,324.5,0,No Failure,180.2,78.8
M,45.68,733.96,19.17,125.3,63.31,55.32,280.75,0,No Failure,179.7,78.6
L,35.2,863.61,33.36,122.59,59.5,57.61,354.22,1,Plasma Arcing Fault,12.6,19.4
M,48.95,963.75,26.32,115.7,68.8,54.41,337.01,0,No Failure,161.0,72.0
L,51.61,919.63,22.11,123.08,61.48,46.26,332.57,0,No Failure,166.3,73.9
L,51.83,914.46,26.2,112.74,64.69,53.43,322.33,0,No Failure,181.9,79.4
M,55.5,739.44,17.79,122.72,65.45,52.52,331.63,0,No Failure,175.8,77.3
L,44.57,786.64,10.47,169.06,57.08,39.55,312.53,0,No Failure,142.9,65.6
L,49.1,842.14,10.35,104.72,68.51,58.03,308.6,0,No Failure,177.5,77.9
M,38.22,609.643,36.66,130.42,58.97,50.86,227.85,1,Plasma Arcing Fault,2.3,20.6
L,48.53,826.37,24.55,123.09,64.07,50.03,337.06,0,No Failure,193.9,83.7
L,40.96,806.14,27.28,133.1,73.36,49.23,315.64,0,No Failure,162.0,72.4
H,51.31,775.23,14.81,143.67,62.5,58.05,288.93,0,No Failure,149.9,68.1
M,37.76,875.68,30.38,119.89,62.07,61.78,331.8,0,No Failure,157.1,70.7
M,44.85,830.43,14.42,119.42,63.5,44.57,276.91,0,No Failure,190.8,82.6
M,41.27,859.91,42.4,110.87,64.51,53.94,295.48,0,No Failure,172.2,76.0
L,55.2,866.0,20.83,124.87,61.67,54.62,294.82,0,No Failure,181.7,79.4
L,34.01,837.22,16.35,120.1,57.08,41.02,324.24,0,No Failure,149.8,68.1
L,47.09,767.11,19.97,116.07,70.56,52.24,294.02,0,No Failure,186.9,81.2
L,44.79,851.36,42.44,132.66,71.83,58.3,266.12,0,No Failure,118.4,56.9
L,49.04,825.19,7.32,105.08,63.02,48.18,344.53,0,No Failure,163.7,73.0
M,49.64,876.45,-17.018,119.54,64.32,62.63,330.77,0,No Failure,178.1,78.1
M,42.6,772.25,17.89,128.8,66.48,52.23,324.57,0,No Failure,197.6,85.0
M,46.11,796.27,14.2,134.58,57.17,51.48,314.35,0,No Failure,180.6,79.0
L,55.66,880.4,5.49,129.55,65.8,47.32,333.59,0,No Failure,157.1,70.6
H,45.17,878.04,23.37,109.63,62.13,44.11,323.35,0,No Failure,181.4,79.2
L,41.07,835.07,35.71,116.31,52.64,47.01,284.23,0,No Failure,138.6,64.1
M,56.24,933.82,21.24,97.52,64.38,51.48,290.88,1,Chamber Vacuum Drift,6.3,26.1
M,45.99,877.99,24.36,136.47,68.54,56.7,340.93,0,No Failure,169.6,75.1
M,48.16,936.37,1.0,142.07,66.06,56.24,294.75,0,No Failure,147.6,67.3
L,37.8,920.08,5.74,110.13,62.58,56.99,270.97,0,No Failure,143.5,65.8
M,53.56,923.18,17.29,116.45,62.05,45.76,317.03,0,No Failure,173.7,76.5
L,39.12,988.22,17.36,144.0,64.9,56.58,324.85,0,No Failure,154.4,69.7
H,57.27,925.32,10.78,123.18,62.65,51.22,285.86,0,No Failure,162.9,72.7
L,41.82,851.36,38.52,160.92,60.16,54.29,293.29,0,No Failure,134.5,62.6
L,38.27,909.18,6.59,121.96,66.07,48.66,306.91,0,No Failure,181.4,79.2
L,46.55,755.49,28.78,141.29,68.8,52.43,284.23,0,No Failure,155.7,70.1
M,55.48,891.76,18.05,116.13,67.57,46.68,318.83,0,No Failure,178.9,78.4
M,32.99,864.84,21.47,145.09,61.74,52.08,278.19,0,No Failure,155.6,70.1
M,54.84,760.47,10.07,142.18,67.67,57.72,279.3,0,No Failure,129.3,60.8
L,44.47,700.61,5.64,120.51,47.757,55.66,322.3,0,No Failure,162.9,72.7
M,44.21,876.12,30.81,109.59,69.93,54.31,297.12,0,No Failure,177.9,78.0
M,37.61,854.87,24.3,100.4,67.64,55.37,298.91,0,No Failure,173.0,76.3
H,31.54,761.07,13.89,116.71,71.71,57.91,320.96,0,No Failure,143.0,65.7
L,36.57,827.41,4.28,114.91,61.46,55.22,300.01,0,No Failure,168.8,74.8
H,39.49,806.22,14.15,100.38,67.33,56.26,294.23,0,No Failure,168.8,74.8
M,40.6,746.3,15.06,140.05,57.67,43.04,325.3,0,No Failure,133.7,62.4
L,42.72,969.4,13.3,144.41,68.05,49.7,330.3,0,No Failure,154.7,69.8
H,52.26,843.3,28.28,122.56,60.22,52.1,329.97,0,No Failure,181.5,79.3
H,44.82,964.58,23.82,103.12,65.75,52.04,304.23,0,No Failure,185.4,80.7
L,44.77,872.41,-1.68,138.82,66.77,52.33,321.17,0,No Failure,175.6,77.2
L,47.94,889.37,11.1,114.01,74.39,52.65,330.91,0,No Failure,170.7,75.4
H,41.97,856.69,7.61,126.84,62.92,50.32,348.7,0,No Failure,181.1,79.1
H,42.76,847.22,19.79,119.95,68.9,61.71,365.64,0,No Failure,169.2,74.9
M,22.55,1089.352,14.1,104.96,73.36,60.75,298.85,0,No Failure,153.4,69.3
M,41.46,779.05,7.34,107.76,67.88,58.57,253.44,0,No Failure,137.5,63.7
L,52.62,903.28,18.64,109.11,70.35,58.8,335.97,0,No Failure,155.3,70.0
M,43.22,729.37,15.61,108.17,62.34,55.61,309.81,0,No Failure,178.9,78.3
M,42.92,814.68,7.32,117.57,65.88,56.01,285.44,0,No Failure,185.6,80.7
M,37.45,863.37,24.14,114.47,74.65,62.7,299.27,0,No Failure,146.7,67.0
H,33.8,904.9,20.53,140.31,66.5,50.57,285.12,0,No Failure,160.1,71.7
M,54.89,917.15,18.88,120.03,69.86,59.07,294.42,0,No Failure,163.5,72.9
L,34.9,723.93,1.76,106.95,64.72,54.61,295.96,0,No Failure,140.7,64.8
L,47.65,869.34,1.21,114.41,66.34,49.97,346.5,0,No Failure,173.6,76.5
H,48.31,974.17,9.23,106.23,60.92,47.2,329.15,0,No Failure,147.3,67.2
M,37.16,751.43,34.91,129.18,69.87,44.93,304.88,0,No Failure,134.4,62.6
M,44.17,805.74,16.5,107.71,63.52,47.66,340.0,0,No Failure,184.9,80.5
H,41.69,870.56,16.95,151.55,70.32,51.78,311.01,0,No Failure,179.7,78.6
H,48.56,846.66,14.16,108.41,62.66,57.58,303.01,0,No Failure,190.5,82.5
L,43.69,825.77,16.89,100.37,59.46,60.56,275.28,0,No Failure,157.0,70.6
L,54.5,825.97,10.97,121.54,47.757,55.01,288.57,0,No Failure,183.6,80.0
M,41.57,845.65,18.73,111.14,67.98,54.89,292.85,0,No Failure,197.6,85.0
L,55.85,820.78,18.73,126.16,57.88,55.31,314.25,0,No Failure,172.1,75.9
L,44.74,792.21,26.13,119.51,63.87,57.6,289.43,0,No Failure,187.7,81.5
L,38.48,849.88,19.45,116.94,59.33,49.38,297.35,0,No Failure,191.5,82.8
M,49.57,926.72,24.61,147.32,65.91,65.98,410.991,0,No Failure,138.6,64.1
H,40.42,793.48,28.75,135.01,77.02,47.87,319.18,0,No Failure,138.6,64.1
L,42.74,831.97,28.28,88.36,68.66,51.62,335.37,0,No Failure,161.5,72.2
M,41.52,773.49,6.78,133.95,62.87,50.17,294.73,0,No Failure,168.2,74.6
L,44.95,890.2,30.19,101.35,61.86,52.85,259.84,0,No Failure,157.7,70.8
L,49.52,873.86,23.33,110.55,69.07,49.17,293.79,0,No Failure,181.4,79.2
L,49.45,1012.88,29.86,118.58,67.64,57.26,324.21,0,No Failure,149.7,68.0
L,56.25,882.54,37.95,136.18,67.8,54.0,280.14,0,No Failure,136.0,63.2
L,40.72,807.13,26.83,145.52,69.11,48.55,362.73,0,No Failure,137.6,63.7
L,40.47,955.53,9.97,110.63,68.52,57.06,304.39,0,No Failure,161.5,72.2
M,49.18,977.22,36.15,119.51,65.62,52.64,312.36,0,No Failure,172.7,76.2
L,37.63,874.01,13.73,110.55,67.57,61.91,291.9,0,No Failure,162.3,72.5
L,41.95,868.68,11.37,136.57,72.6,55.74,311.14,0,No Failure,171.9,75.9
L,50.69,861.17,22.01,112.21,67.77,52.35,291.1,0,No Failure,193.6,83.6
L,45.81,859.0,24.44,95.24,66.51,61.81,262.46,0,No Failure,150.7,68.4
H,47.33,719.95,23.7,96.39,71.03,49.1,320.87,0,No Failure,146.3,66.8
H,52.64,1089.352,16.07,121.15,56.51,46.22,378.41,0,No Failure,145.8,66.6
M,42.39,911.73,17.73,130.06,72.2,56.9,326.09,0,No Failure,170.3,75.3
H,49.82,1046.25,33.27,109.58,69.68,55.95,293.72,0,No Failure,124.8,59.2
L,38.35,908.28,1.0,99.49,64.57,57.28,342.59,0,No Failure,138.0,63.9
H,45.47,824.35,17.65,119.22,66.27,62.48,326.8,0,No Failure,194.3,83.8
H,44.74,770.97,18.56,152.63,60.3,59.85,283.79,0,No Failure,144.1,66.0
L,49.76,856.77,24.68,99.79,65.72,52.8,246.51,0,No Failure,163.4,72.9
M,31.76,827.11,28.28,110.91,62.64,45.82,316.02,0,No Failure,157.0,70.6
M,31.1,798.2,26.01,113.39,65.16,44.33,325.27,0,No Failure,153.2,69.3
M,46.87,779.19,18.1,99.56,58.45,56.95,309.37,0,No Failure,169.4,75.0
L,44.95,880.14,26.98,104.39,68.21,61.41,351.21,1,Chamber Vacuum Drift,2.6,11.6
M,52.27,926.0,10.71,117.27,61.97,52.73,286.46,0,No Failure,172.7,76.2
L,44.57,851.81,7.88,172.168,70.92,31.842,320.19,0,No Failure,186.0,80.9
M,52.57,860.83,11.15,129.04,67.17,59.69,308.5,0,No Failure,176.1,77.4
M,44.55,794.38,4.48,99.26,60.48,55.59,285.32,0,No Failure,153.5,69.4
L,43.74,862.09,15.8,132.09,66.49,44.3,264.29,0,No Failure,173.8,76.6
M,48.06,939.3,31.3,102.75,73.31,39.08,324.0,1,Chuck Thermal Excursion,13.8,10.9
M,22.185,695.45,5.05,118.81,69.56,56.19,309.57,0,No Failure,155.6,70.1
M,43.64,890.06,17.24,129.31,63.6,46.37,287.68,0,No Failure,189.4,82.1
M,51.2,750.94,28.1,129.27,66.22,59.45,297.33,0,No Failure,153.5,69.3
M,47.54,824.51,18.05,128.43,67.78,58.68,291.06,0,No Failure,178.0,78.0
H,44.41,811.07,29.81,120.54,63.72,52.99,327.22,0,No Failure,198.3,85.2
M,40.72,863.51,7.53,131.8,55.86,50.12,271.4,0,No Failure,151.3,68.6
L,42.33,764.55,13.93,118.32,73.39,50.57,339.87,0,No Failure,166.4,73.9
L,40.99,819.79,23.35,120.51,58.31,52.49,306.57,0,No Failure,194.5,83.9
H,44.64,951.44,16.52,93.31,60.85,43.59,353.83,0,No Failure,135.2,62.9
M,45.9,809.08,29.25,121.2,58.99,55.56,379.68,0,No Failure,151.8,68.8
L,48.17,785.01,19.59,120.44,47.757,50.16,326.17,0,No Failure,189.2,82.0
M,47.04,920.32,28.31,140.45,56.62,46.85,310.56,0,No Failure,148.7,67.6
M,49.95,790.63,14.69,127.1,67.84,62.61,315.08,0,No Failure,167.7,74.4
H,50.79,825.23,28.07,117.13,66.47,53.73,256.31,0,No Failure,169.8,75.1
M,37.96,777.46,18.05,107.79,67.41,43.44,317.45,0,No Failure,158.1,71.0
L,45.16,854.58,6.68,104.77,68.33,55.13,340.52,0,No Failure,175.2,77.0
H,40.91,772.52,11.72,124.96,65.54,53.71,289.28,0,No Failure,184.7,80.4
M,42.08,860.91,17.44,111.69,64.9,52.53,300.52,0,No Failure,207.9,88.6
H,49.7,781.63,2.49,141.83,69.54,47.38,305.69,0,No Failure,144.8,66.3
L,54.12,941.79,52.656,117.93,68.06,56.18,296.87,0,No Failure,167.3,74.2
H,48.24,781.4,24.64,94.35,65.99,66.13,311.09,0,No Failure,145.1,66.4
M,53.16,945.04,22.56,119.16,66.29,48.94,321.47,0,No Failure,177.6,77.9
L,44.14,895.22,14.46,134.27,70.94,54.1,248.9,0,No Failure,157.3,70.7
M,41.25,914.07,8.73,112.56,72.4,48.2,353.02,0,No Failure,145.8,66.6
L,53.45,828.48,16.15,120.8,60.29,47.74,354.4,0,No Failure,167.5,74.3
L,41.4,921.46,15.25,133.85,66.25,58.09,289.13,0,No Failure,170.4,75.4
H,49.02,829.9,24.27,105.0,66.14,50.47,294.27,0,No Failure,188.3,81.7
L,44.95,1005.79,33.29,105.83,65.3,54.55,316.48,0,No Failure,139.9,64.5
L,58.8,725.94,16.94,132.39,66.7,53.35,287.0,0,No Failure,150.1,68.2
L,39.89,786.92,6.58,135.36,59.48,50.53,320.9,0,No Failure,159.1,71.3
H,38.78,941.93,2.41,111.84,67.06,55.45,378.35,0,No Failure,128.4,60.5
L,39.9,838.85,6.5,107.48,47.757,53.74,262.88,0,No Failure,163.6,73.0
M,44.54,822.99,30.22,113.0,68.46,51.88,259.7,0,No Failure,174.0,76.6
M,44.64,1013.71,13.81,126.03,64.29,50.1,287.02,0,No Failure,174.7,76.9
M,54.29,868.84,17.88,138.03,65.73,51.09,357.28,0,No Failure,170.1,75.3
L,46.41,803.23,11.77,120.62,61.84,52.045,295.88,0,No Failure,199.8,85.8
L,44.95,881.64,9.24,113.69,76.97,50.13,309.09,0,No Failure,141.3,65.1
L,37.9,740.9,24.79,128.77,64.55,56.12,369.7,0,No Failure,142.1,65.3
L,38.53,942.94,13.93,114.18,69.37,49.86,285.74,0,No Failure,164.8,73.4
L,46.73,820.42,16.54,119.99,68.89,52.43,314.76,0,No Failure,213.3,90.5
H,39.98,946.09,21.85,120.21,64.32,55.57,282.27,0,No Failure,178.4,78.2
M,61.76,846.66,1.0,113.24,65.87,40.05,293.16,0,No Failure,130.5,61.2
M,43.57,830.84,34.36,125.84,78.1,46.8,337.75,0,No Failure,139.5,64.4
M,39.94,926.62,19.8,127.91,82.613,53.98,288.54,0,No Failure,186.3,81.0
M,40.24,771.55,12.07,122.45,69.34,51.71,278.94,0,No Failure,173.6,76.5
L,50.16,881.15,18.77,116.51,67.46,49.96,285.81,0,No Failure,193.5,83.5
L,24.0,901.31,8.02,104.45,70.99,45.39,329.61,0,No Failure,115.2,55.8
L,22.185,839.53,13.47,118.97,71.27,47.08,315.18,0,No Failure,179.7,78.6
L,48.52,813.88,11.87,91.28,65.85,48.47,300.59,0,No Failure,171.8,75.8
L,47.08,798.37,37.55,156.04,59.5,46.56,319.17,0,No Failure,127.2,60.1
L,42.57,750.11,16.33,122.04,60.59,47.71,325.49,0,No Failure,178.3,78.1
L,32.94,728.02,27.53,129.01,65.95,47.43,326.41,0,No Failure,142.9,65.6
H,51.15,932.79,1.58,117.98,68.63,53.04,281.15,0,No Failure,156.1,70.3
L,49.81,815.13,18.75,113.32,59.18,32.84,275.09,0,No Failure,163.3,72.8
L,44.95,910.95,23.3,129.49,64.9,43.35,310.85,0,No Failure,172.5,76.1
L,49.17,851.31,23.23,101.9,65.25,54.13,300.05,0,No Failure,194.3,83.8
L,63.05,767.15,20.02,109.54,68.32,48.13,287.71,0,No Failure,139.4,64.4
M,45.85,810.37,18.05,104.01,64.28,57.75,312.57,0,No Failure,196.4,84.5
L,40.83,935.31,1.0,120.74,65.96,39.08,302.47,0,No Failure,148.9,67.7
H,49.77,864.55,3.42,116.57,60.04,50.51,302.03,0,No Failure,180.2,78.8
L,53.68,830.31,16.3,122.41,67.13,55.09,309.31,0,No Failure,197.7,85.0
L,43.91,821.73,18.32,129.09,69.13,52.16,297.81,0,No Failure,192.1,83.1
H,45.05,799.29,7.17,122.73,51.12,61.53,357.21,0,No Failure,124.3,59.0
M,41.43,702.86,27.93,101.51,68.54,53.07,337.73,0,No Failure,142.2,65.4
M,46.27,887.95,30.08,118.12,58.05,43.25,316.98,0,No Failure,164.8,73.4
H,47.81,787.38,13.03,135.17,69.21,50.69,284.53,0,No Failure,170.8,75.5
M,37.65,932.94,13.31,114.63,58.89,51.33,311.11,0,No Failure,174.6,76.8
L,46.14,767.84,23.97,121.58,65.3,57.64,301.32,0,No Failure,156.8,70.5
L,46.5,853.85,23.01,117.27,68.76,53.51,301.24,0,No Failure,207.2,88.4
L,46.53,907.51,14.78,122.46,63.4,54.17,329.55,0,No Failure,197.9,85.1
L,53.74,730.0,13.77,134.47,65.57,36.29,252.73,0,No Failure,106.2,52.6
H,46.11,806.58,11.19,118.5,59.24,51.3,236.38,0,No Failure,162.8,72.7
H,54.44,894.09,16.38,128.8,74.58,53.27,310.67,0,No Failure,157.6,70.8
M,34.62,955.3,19.78,128.71,59.4,45.16,295.03,0,No Failure,143.3,65.8
L,44.78,813.73,14.89,131.24,64.8,53.88,267.02,0,No Failure,190.0,82.3
M,42.41,990.03,18.93,132.24,68.41,45.65,325.95,0,No Failure,158.0,71.0
M,46.83,899.91,8.74,112.96,62.8,50.99,291.13,0,No Failure,187.1,81.3
L,39.68,729.06,35.79,134.43,66.32,44.5,362.26,1,Plasma Arcing Fault,3.8,10.7
L,45.22,907.74,22.87,113.25,69.81,43.71,287.75,0,No Failure,168.4,74.6
L,52.52,826.45,16.78,108.03,70.61,62.11,359.34,0,No Failure,139.5,64.4
L,45.98,849.8,27.21,118.34,69.45,52.045,272.61,0,No Failure,178.9,78.4
H,33.93,904.8,9.14,126.48,63.4,49.95,334.76,0,No Failure,163.0,72.7
M,47.7,757.1,3.41,129.84,60.52,53.2,282.82,0,No Failure,154.6,69.8
M,38.61,794.27,13.11,147.45,58.91,58.21,332.38,0,No Failure,136.3,63.3
L,39.68,861.08,2.46,133.11,67.64,46.79,274.49,0,No Failure,152.7,69.1
L,24.0,897.43,7.9,122.35,65.31,51.07,315.9,0,No Failure,165.9,73.7
L,53.52,979.12,1.0,122.27,66.3,53.63,277.74,0,No Failure,143.6,65.8
H,44.39,800.56,11.95,120.71,68.06,49.3,288.75,0,No Failure,192.9,83.3
L,53.29,883.64,31.66,129.63,65.76,53.58,319.68,0,No Failure,174.6,76.8
L,48.79,863.92,17.17,114.39,67.48,47.33,283.45,0,No Failure,190.2,82.4
M,46.64,853.35,17.01,128.92,62.79,71.22,280.72,0,No Failure,163.7,73.0
L,47.1,858.83,9.3,114.44,65.0,50.3,317.96,0,No Failure,207.3,88.4
L,45.86,815.01,11.13,113.09,63.43,53.11,300.96,0,No Failure,202.3,86.7
L,49.64,1089.352,29.19,98.29,65.28,50.52,288.92,0,No Failure,174.0,76.6
L,53.89,913.23,23.36,109.81,67.03,47.96,379.88,0,No Failure,139.2,64.3
M,51.38,731.99,1.0,120.1,63.02,44.76,309.13,0,No Failure,152.2,68.9
H,38.69,862.07,17.845,128.31,65.94,48.58,273.33,0,No Failure,184.7,80.4
L,45.64,815.92,23.2,119.58,65.31,68.25,208.397,0,No Failure,194.5,83.9
L,44.6,848.54,29.36,112.19,66.17,54.69,292.04,0,No Failure,195.9,84.4
H,49.7,841.67,24.14,117.31,68.46,62.1,344.16,0,No Failure,164.6,73.3
L,44.95,901.0,20.82,99.21,64.57,46.52,269.89,0,No Failure,154.6,69.8
L,50.33,969.79,3.03,90.66,60.29,48.02,328.65,0,No Failure,120.1,57.5
H,54.66,977.56,14.41,124.93,72.63,55.08,344.72,1,Chuck Thermal Excursion,12.0,17.9
H,52.64,890.18,18.51,137.52,68.14,54.67,284.26,0,No Failure,168.5,74.7
L,40.89,801.76,20.78,109.61,66.03,52.24,357.29,0,No Failure,179.8,78.7
L,49.24,834.98,18.32,124.13,61.92,44.59,263.12,0,No Failure,155.6,70.1
H,43.13,898.24,2.3,125.3,65.15,49.52,283.72,0,No Failure,178.4,78.2
L,45.81,744.48,24.81,120.93,72.26,48.5,301.78,0,No Failure,171.7,75.8
M,50.46,801.29,19.2,121.27,61.43,52.96,338.87,0,No Failure,187.9,81.6
M,46.26,870.01,27.07,138.95,65.54,54.7,345.84,0,No Failure,175.5,77.2
L,44.08,802.12,12.81,127.98,69.52,45.09,254.99,0,No Failure,155.5,70.1
H,49.07,877.42,8.42,92.91,62.94,55.98,311.69,0,No Failure,168.2,74.6
M,59.9,841.18,9.34,130.87,64.91,61.01,284.8,0,No Failure,147.0,67.1
L,40.63,814.36,20.14,104.73,63.23,49.91,309.09,0,No Failure,158.0,70.9
H,43.94,825.47,34.62,131.15,59.86,47.6,274.9,0,No Failure,154.7,69.8
M,50.2,893.66,22.41,138.1,63.64,55.27,321.42,0,No Failure,177.6,77.9
L,47.76,837.87,25.9,128.58,67.08,43.81,343.45,0,No Failure,168.8,74.8
M,52.7,829.7,7.18,110.45,71.18,57.09,320.75,0,No Failure,158.1,71.0
M,47.2,869.33,22.48,109.04,64.43,52.18,295.4,0,No Failure,204.6,87.5
M,49.62,875.53,1.0,118.11,61.74,72.41,310.41,0,No Failure,168.9,74.8
L,40.83,887.83,14.15,98.57,55.3,57.83,265.92,0,No Failure,132.4,61.9
M,43.99,862.38,1.0,106.23,66.88,49.36,324.05,0,No Failure,178.3,78.1
M,32.68,846.79,25.82,94.88,71.63,46.16,351.98,0,No Failure,122.1,58.2
L,37.87,912.7,16.03,133.01,73.33,50.04,290.43,0,No Failure,157.1,70.7
L,40.12,826.53,14.15,130.72,68.3,49.49,350.11,0,No Failure,172.9,76.2
L,61.17,765.2,16.47,121.58,72.19,53.48,350.25,0,No Failure,138.6,64.1
M,32.89,883.87,25.86,122.91,66.84,51.97,301.89,0,No Failure,182.6,79.7
H,50.17,860.4,19.91,117.16,66.96,54.12,286.99,0,No Failure,198.7,85.4
M,48.03,1003.5,11.75,135.7,66.53,46.58,315.94,0,No Failure,155.7,70.2
H,47.61,869.58,28.35,113.06,66.67,39.85,311.43,0,No Failure,172.6,76.1
H,43.95,841.55,22.56,172.168,59.32,53.65,336.5,0,No Failure,186.2,81.0
L,41.46,826.06,4.43,119.64,60.37,51.02,276.43,0,No Failure,175.1,77.0
M,46.04,767.16,17.99,130.26,73.44,54.06,336.63,0,No Failure,167.9,74.5
L,49.65,928.88,9.84,124.77,65.96,55.27,324.79,0,No Failure,178.5,78.2
L,53.21,764.78,19.1,135.55,55.79,49.74,320.96,0,No Failure,149.8,68.0
L,44.17,832.29,28.82,142.22,69.62,41.27,352.93,0,No Failure,136.1,63.2
M,48.93,671.32,-17.018,107.62,60.95,50.21,337.54,0,No Failure,145.2,66.4
M,41.59,783.79,24.73,115.64,63.48,53.43,345.45,0,No Failure,179.2,78.5
L,51.09,844.86,31.68,115.28,59.04,46.39,290.79,0,No Failure,160.6,71.9
L,50.8,789.35,23.42,111.62,62.71,49.42,309.09,0,No Failure,178.5,78.2
L,44.49,868.35,8.05,121.54,65.79,58.04,338.72,0,No Failure,187.7,81.5
L,67.68,864.29,10.53,152.71,63.06,47.8,310.87,0,No Failure,177.1,77.7
L,50.7,810.07,22.05,110.91,63.5,47.45,318.04,0,No Failure,184.6,80.4
L,45.42,1089.352,11.74,116.62,68.63,54.12,327.67,0,No Failure,201.1,86.2
M,55.22,834.26,27.31,125.8,66.81,46.28,337.07,0,No Failure,162.2,72.5
H,45.59,609.643,34.94,126.8,61.2,45.36,249.0,0,No Failure,148.8,67.7
M,46.46,841.49,15.72,114.43,65.34,56.76,307.46,0,No Failure,212.2,90.1
H,38.97,805.65,15.6,130.88,65.74,41.24,322.4,0,No Failure,168.2,74.6
L,41.78,859.55,13.83,119.94,62.92,57.41,280.83,0,No Failure,191.1,82.7
H,36.37,842.14,17.09,117.88,63.76,46.29,246.3,0,No Failure,166.9,74.1
H,39.68,793.76,1.03,117.39,65.5,51.84,318.19,0,No Failure,183.5,80.0
L,42.87,850.48,35.88,95.25,63.02,48.76,272.62,0,No Failure,153.1,69.2
H,52.16,807.04,17.89,110.29,81.4,48.29,310.67,0,No Failure,183.0,79.8
H,53.33,1021.07,36.24,68.002,69.47,64.87,308.03,0,No Failure,112.8,55.0
M,49.75,854.17,1.0,117.49,61.24,49.89,285.54,0,No Failure,173.6,76.5
M,45.06,811.61,20.37,122.43,63.2,49.97,303.43,0,No Failure,212.6,90.3
L,36.07,984.68,16.69,114.4,58.42,51.87,314.57,0,No Failure,163.1,72.8
L,32.49,843.09,25.5,139.53,71.97,58.18,254.92,0,No Failure,118.6,57.0
L,47.36,711.8,3.96,117.04,58.8,45.02,286.59,0,No Failure,135.9,63.1
M,33.75,720.54,19.71,133.44,69.99,58.06,293.86,0,No Failure,134.9,62.8
M,40.92,878.53,1.0,129.5,61.99,48.3,261.89,0,No Failure,149.7,68.0
L,53.52,862.23,11.24,110.26,65.67,52.92,305.63,0,No Failure,192.9,83.3
L,52.75,899.44,24.99,124.56,65.85,48.61,280.18,0,No Failure,172.4,76.0
M,47.03,811.66,19.74,95.19,68.49,54.92,309.56,0,No Failure,183.1,79.9
L,44.95,912.27,10.12,99.72,69.76,50.69,340.5,0,No Failure,158.8,71.2
L,49.75,874.7,15.72,111.67,62.59,51.03,343.76,0,No Failure,187.0,81.2
L,37.07,855.16,17.7,126.93,71.28,51.6,276.6,0,No Failure,178.8,78.3
H,41.99,857.1,21.76,96.64,65.92,52.03,320.67,0,No Failure,195.6,84.3
H,62.77,891.95,21.31,108.74,65.35,49.29,335.19,0,No Failure,156.0,70.2
L,39.4,759.49,17.26,122.28,67.28,53.45,308.33,0,No Failure,194.3,83.8
L,38.92,875.98,12.24,104.23,60.05,48.39,290.72,0,No Failure,164.7,73.3
M,43.54,890.38,32.83,123.77,64.25,45.99,340.75,0,No Failure,171.0,75.5
L,44.83,849.49,14.28,128.35,69.43,54.09,346.03,0,No Failure,190.5,82.5
M,55.98,780.88,9.45,123.27,62.85,49.16,247.14,0,No Failure,141.6,65.1
H,48.91,861.9,5.35,149.44,54.11,55.48,332.73,0,No Failure,130.8,61.3
M,48.96,879.97,33.74,129.32,62.72,43.0,318.52,0,No Failure,159.9,71.6
M,44.07,831.91,34.65,110.38,67.96,50.72,302.58,0,No Failure,185.4,80.7
L,41.58,854.18,13.61,124.56,64.97,47.68,286.14,0,No Failure,198.2,85.2
M,42.51,984.58,16.76,132.97,65.37,41.24,338.88,0,No Failure,149.6,68.0
L,50.93,873.97,28.5,125.96,55.34,55.91,300.22,0,No Failure,158.7,71.2
M,46.13,901.83,6.74,110.88,69.87,54.2,343.08,0,No Failure,165.8,73.7
M,50.89,745.66,7.17,100.0,68.77,52.29,318.64,0,No Failure,154.0,69.5
M,45.1,793.7,31.61,116.12,70.25,65.69,333.11,0,No Failure,144.0,66.0
M,48.7,793.35,6.61,120.99,55.92,54.32,337.56,0,No Failure,157.3,70.7
M,49.26,782.55,2.76,126.11,68.15,31.842,344.28,0,No Failure,154.9,69.9
M,41.14,871.84,18.74,135.86,62.94,31.842,325.9,0,No Failure,185.7,80.8
L,46.25,778.26,7.03,96.97,60.63,54.9,354.65,0,No Failure,142.1,65.3
L,38.87,877.94,13.84,95.51,59.73,53.62,280.2,0,No Failure,156.9,70.6
H,52.64,843.05,25.84,103.82,62.2,49.28,291.0,0,No Failure,170.4,75.3
L,46.51,769.51,27.55,120.24,63.36,40.77,314.27,0,No Failure,170.9,75.5
L,35.84,857.47,28.63,137.68,65.85,52.51,410.991,0,No Failure,170.1,75.3
L,22.185,977.1,1.0,146.27,63.04,53.64,285.91,0,No Failure,139.4,64.4
L,35.78,862.09,1.74,132.46,65.22,54.93,286.42,0,No Failure,161.9,72.3
L,40.5,754.71,20.26,112.85,65.3,59.98,307.97,0,No Failure,159.2,71.4
M,35.17,896.74,27.95,127.66,76.45,48.2,280.12,0,No Failure,129.7,60.9
L,43.3,868.25,21.91,115.43,68.5,52.89,311.67,0,No Failure,209.2,89.1
L,47.57,827.8,13.27,129.15,70.59,54.54,303.03,0,No Failure,188.1,81.6
L,49.13,879.26,21.39,134.24,59.91,51.99,331.23,0,No Failure,180.9,79.1
L,45.19,805.21,33.21,124.04,64.32,43.85,341.88,0,No Failure,166.3,73.9
L,40.71,831.56,33.5,107.58,59.95,49.68,208.397,0,No Failure,165.3,73.5
L,46.08,854.26,13.68,120.1,63.77,48.97,253.69,0,No Failure,179.4,78.5
M,46.73,804.68,7.48,140.75,57.05,31.842,326.76,0,No Failure,160.2,71.7
L,47.96,884.24,31.42,99.44,71.89,49.34,335.53,0,No Failure,147.9,67.4
L,42.28,850.55,9.97,121.74,68.29,46.32,308.67,0,No Failure,196.3,84.5
L,34.85,800.14,22.53,110.15,62.58,55.23,347.56,0,No Failure,157.5,70.8
M,48.14,850.05,42.02,120.47,66.41,47.66,283.65,0,No Failure,170.2,75.3
L,48.57,1082.9,20.38,103.86,66.56,49.0,383.4,0,No Failure,141.5,65.1
L,53.55,847.21,34.31,123.85,67.46,51.86,255.97,0,No Failure,159.3,71.4
M,41.75,735.87,7.57,113.99,66.95,51.59,340.58,0,No Failure,166.2,73.9
M,49.16,845.23,4.37,116.24,68.85,52.53,319.43,0,No Failure,189.2,82.0
L,29.53,906.17,20.51,103.11,58.08,61.3,279.24,0,No Failure,115.7,56.0
M,37.16,811.19,26.34,110.44,68.94,68.03,338.46,0,No Failure,127.9,60.3
M,33.24,839.2,13.18,125.22,67.61,41.29,288.04,0,No Failure,154.7,69.8
H,50.91,929.49,19.24,118.3,63.38,60.87,300.52,0,No Failure,175.3,77.1
M,47.24,877.77,9.65,115.3,61.79,57.4,286.76,0,No Failure,178.5,78.2
L,41.75,893.09,3.79,118.47,64.87,56.93,285.38,0,No Failure,177.0,77.7
L,51.08,828.37,24.92,128.96,67.6,59.56,359.8,0,No Failure,152.6,69.0
H,51.18,878.33,17.845,131.23,58.2,54.84,281.59,0,No Failure,137.9,63.8
H,42.38,870.73,12.8,148.39,67.57,55.39,304.17,0,No Failure,175.9,77.3
L,49.54,1031.72,4.15,138.03,66.73,52.4,290.3,0,No Failure,138.4,64.0
M,44.92,824.22,11.85,134.24,65.99,47.29,382.06,0,No Failure,161.7,72.3
L,44.82,838.0,8.82,124.79,67.47,47.24,318.99,0,No Failure,195.8,84.3
M,45.85,1056.93,4.68,128.09,65.45,46.99,302.97,0,No Failure,167.3,74.2
M,39.8,918.14,8.11,110.26,67.98,56.49,331.5,0,No Failure,160.0,71.7
L,38.07,797.79,26.57,121.09,60.32,56.06,306.81,0,No Failure,175.2,77.0
M,39.98,677.94,7.26,107.45,66.22,54.47,310.41,0,No Failure,152.4,69.0
L,50.68,931.05,19.63,91.59,62.01,59.0,292.91,0,No Failure,145.8,66.6
H,40.79,862.21,22.07,111.19,70.32,51.89,327.78,0,No Failure,189.4,82.1
L,44.95,818.16,17.97,107.77,61.46,51.46,328.11,0,No Failure,195.6,84.3
M,52.18,945.94,14.21,133.04,72.39,52.99,246.76,0,No Failure,133.1,62.1
M,36.64,815.91,21.03,105.39,61.4,45.33,308.51,0,No Failure,168.0,74.5
L,39.31,836.93,29.26,121.59,63.72,56.24,310.89,0,No Failure,192.2,83.1
M,41.38,894.13,20.12,132.36,70.19,58.06,344.46,0,No Failure,160.7,71.9
M,47.76,733.29,9.49,129.29,72.53,57.08,307.13,0,No Failure,152.3,68.9
M,48.98,933.52,21.13,112.03,73.38,51.07,297.01,1,Chuck Thermal Excursion,8.6,29.7
L,44.65,933.22,5.31,119.52,65.78,41.92,282.32,0,No Failure,162.0,72.4
L,58.42,875.81,6.05,121.39,58.75,31.842,319.61,0,No Failure,162.1,72.4
M,44.34,710.5,7.59,112.47,65.95,50.23,286.46,0,No Failure,168.1,74.5
M,46.04,675.12,5.22,116.49,58.65,53.85,321.4,0,No Failure,150.6,68.3
L,52.99,894.79,24.0,147.1,60.81,55.22,330.99,0,No Failure,147.4,67.2
M,50.17,794.08,15.85,125.91,71.5,47.26,310.34,0,No Failure,177.3,77.8
L,57.99,829.85,15.84,126.26,64.87,45.76,304.65,0,No Failure,179.2,78.5
L,38.55,894.68,2.3,116.18,67.51,56.79,283.69,0,No Failure,157.9,70.9
L,62.48,862.87,17.65,130.71,70.13,56.52,312.37,0,No Failure,160.5,71.8
H,49.98,852.63,16.91,118.26,64.65,60.1,288.02,0,No Failure,193.2,83.4
H,40.48,862.57,18.19,139.02,63.56,53.12,297.82,0,No Failure,195.6,84.3
H,41.62,888.95,20.04,149.31,59.34,55.33,301.46,0,No Failure,164.0,73.1
L,22.185,841.2,40.07,122.43,54.84,53.97,322.25,0,No Failure,150.1,68.2
H,50.44,903.95,4.27,137.9,62.78,61.88,321.94,0,No Failure,142.4,65.4
L,67.68,721.71,5.7,68.002,61.67,58.11,333.48,0,No Failure,140.8,64.9
L,39.61,811.58,31.74,128.4,62.16,51.29,273.53,0,No Failure,164.2,73.1
L,50.68,790.3,19.21,126.04,72.05,59.43,325.39,0,No Failure,161.0,72.0
L,42.54,849.64,20.15,108.74,60.0,50.52,281.83,0,No Failure,188.6,81.8
L,44.95,733.49,39.15,172.168,66.63,54.88,262.08,1,Chamber Vacuum Drift,5.3,0.8
H,37.09,879.54,7.04,127.71,65.17,56.09,298.14,0,No Failure,163.7,73.0
L,46.65,892.66,1.0,129.23,67.98,49.36,309.09,0,No Failure,178.2,78.1
L,48.3,920.9,20.9,152.94,71.06,60.93,369.13,0,No Failure,112.8,54.9
L,44.81,820.86,1.0,123.31,58.18,58.8,267.69,0,No Failure,148.5,67.6
H,47.39,795.61,7.74,129.85,56.08,50.68,307.67,0,No Failure,168.9,74.8
L,48.11,899.43,22.26,116.5,65.64,51.27,334.63,0,No Failure,197.4,84.9
L,52.09,830.42,6.96,133.88,61.96,47.99,307.59,0,No Failure,170.8,75.5
L,47.76,929.61,18.64,114.46,53.74,51.65,338.24,0,No Failure,163.9,73.0
L,55.06,901.95,17.58,115.94,63.5,47.63,306.56,0,No Failure,185.3,80.6
L,48.63,745.96,5.06,97.35,64.42,57.31,333.17,0,No Failure,142.9,65.6
L,43.0,858.44,10.84,122.07,67.93,31.842,285.69,0,No Failure,191.7,82.9
L,50.08,796.97,9.66,107.67,65.73,61.05,302.0,0,No Failure,164.9,73.4
H,37.93,849.02,31.31,117.61,62.22,31.842,298.59,0,No Failure,177.4,77.8
L,45.52,776.94,18.83,104.92,63.22,56.46,295.5,0,No Failure,184.1,80.2
M,43.41,863.91,19.93,130.37,58.38,61.8,288.49,0,No Failure,166.7,74.0
M,48.85,904.96,20.69,116.17,69.94,44.13,329.15,0,No Failure,169.1,74.9
M,40.91,898.58,26.4,90.39,68.46,50.36,315.28,0,No Failure,163.0,72.7
M,50.55,872.26,23.66,101.92,66.62,46.98,259.94,0,No Failure,155.5,70.1
M,55.33,826.8,21.24,108.36,69.84,61.14,334.67,0,No Failure,147.5,67.2
L,40.02,856.01,24.42,124.22,68.29,56.95,363.39,0,No Failure,166.4,73.9
M,43.83,918.17,2.73,82.58,60.6,53.35,338.03,0,No Failure,134.7,62.7
M,32.69,915.97,24.48,125.09,64.89,55.6,304.75,0,No Failure,172.6,76.1
M,44.03,859.98,14.71,121.98,65.23,50.13,248.34,0,No Failure,193.5,83.5
L,41.4,792.22,27.48,113.77,59.75,42.84,345.57,0,No Failure,144.8,66.3
L,36.48,783.9,16.8,115.19,63.45,46.62,295.78,0,No Failure,176.0,77.3
H,67.68,912.22,19.21,134.88,65.69,49.53,331.22,0,No Failure,171.8,75.8
M,52.1,845.68,9.09,109.78,65.33,47.07,267.9,0,No Failure,166.6,74.0
L,43.38,866.46,6.09,105.38,71.9,57.39,314.93,0,No Failure,165.9,73.7
M,56.04,866.35,1.0,120.03,56.41,46.51,287.52,0,No Failure,136.5,63.4
L,53.37,869.13,15.51,116.97,65.86,53.88,328.71,0,No Failure,194.6,83.9
M,36.32,888.82,6.99,130.56,59.82,53.38,333.08,0,No Failure,156.8,70.5
H,59.35,836.71,5.77,97.87,70.65,54.17,293.31,1,Chamber Vacuum Drift,8.9,18.3
M,37.19,901.28,24.35,133.75,64.38,50.58,314.34,0,No Failure,181.8,79.4
L,48.22,937.46,10.27,172.168,53.6,44.73,303.31,0,No Failure,146.4,66.8
L,43.72,948.56,29.94,126.69,63.88,49.8,267.91,0,No Failure,163.3,72.8
M,50.06,832.14,9.97,118.1,59.83,57.94,291.31,0,No Failure,172.8,76.2
M,42.59,920.18,20.7,121.49,66.6,45.48,310.46,0,No Failure,193.4,83.5
L,45.55,803.77,8.27,131.88,68.36,53.39,321.96,0,No Failure,184.4,80.3
L,60.79,787.15,27.42,126.09,62.56,52.52,286.01,0,No Failure,152.2,68.9
H,43.48,732.84,14.53,110.78,63.66,45.02,308.87,0,No Failure,176.1,77.4
L,44.95,835.49,40.73,123.14,61.46,53.68,293.63,0,No Failure,174.2,76.7
L,46.04,863.04,14.47,117.37,69.05,48.96,299.02,0,No Failure,202.8,86.8
L,42.78,894.04,20.47,120.92,74.79,41.04,315.96,0,No Failure,163.1,72.8
L,38.06,835.34,9.58,134.08,66.19,57.01,331.22,0,No Failure,169.3,75.0
L,41.21,757.1,15.56,146.61,59.27,44.47,323.51,0,No Failure,140.7,64.8
L,46.34,963.32,1.0,120.1,67.07,53.6,344.28,0,No Failure,160.4,71.8
L,47.31,921.85,16.05,119.76,66.23,49.46,310.72,0,No Failure,206.5,88.1
M,48.21,758.28,20.55,113.31,68.29,55.84,319.69,0,No Failure,179.6,78.6
L,49.17,756.49,17.41,121.13,63.49,72.41,295.17,0,No Failure,175.2,77.1
L,33.04,862.62,1.0,128.46,62.95,42.53,321.77,0,No Failure,142.8,65.6
L,43.16,875.17,20.45,120.77,65.08,49.08,339.65,0,No Failure,204.3,87.4
L,44.95,864.15,18.56,134.31,65.33,55.13,296.09,0,No Failure,188.6,81.8
M,35.24,827.24,11.4,120.26,63.35,52.86,299.94,0,No Failure,192.0,83.0
M,45.83,802.46,18.3,127.0,63.7,52.18,259.31,0,No Failure,191.9,82.9
M,41.03,841.45,31.04,104.39,55.47,50.03,326.67,0,No Failure,155.0,69.9
L,44.95,875.32,9.07,131.51,61.65,50.65,333.09,0,No Failure,165.8,73.7
H,44.25,770.32,8.51,122.24,47.757,56.08,294.22,0,No Failure,171.3,75.7
L,41.98,791.9,20.86,123.7,67.42,58.73,274.68,0,No Failure,172.3,76.0
L,47.17,841.47,18.77,116.87,63.73,40.7,283.15,0,No Failure,184.3,80.3
L,45.83,884.59,21.39,127.21,68.05,57.94,301.3,0,No Failure,191.1,82.7
L,52.06,766.26,7.94,127.87,61.01,45.26,295.2,0,No Failure,149.0,67.8
L,44.95,757.31,12.06,140.89,65.39,52.23,287.47,0,No Failure,169.4,75.0
H,41.13,949.21,29.58,117.71,72.15,52.73,286.38,0,No Failure,157.7,70.9
L,49.58,976.63,30.31,107.54,59.42,52.22,280.39,0,No Failure,142.2,65.4
H,45.8,830.36,11.42,113.56,61.41,52.1,285.46,0,No Failure,195.8,84.3
M,40.63,965.66,10.82,101.91,75.21,56.6,300.22,1,Chuck Thermal Excursion,10.8,16.9
L,54.08,843.91,14.49,107.8,59.58,54.91,303.33,0,No Failure,175.6,77.2
H,49.19,808.1,14.81,109.17,63.32,41.02,290.64,0,No Failure,165.0,73.4
L,56.43,806.7,24.93,116.01,66.83,48.97,320.63,0,No Failure,173.7,76.5
L,44.16,822.92,25.03,114.12,61.92,49.21,303.88,0,No Failure,197.8,85.0
M,53.24,939.65,1.0,127.88,65.51,49.08,297.13,0,No Failure,155.5,70.1
L,37.83,767.38,10.99,108.67,49.31,47.49,304.22,0,No Failure,157.7,70.9
L,49.48,858.54,26.73,114.88,61.75,56.26,291.59,0,No Failure,181.7,79.4
M,45.81,805.11,19.9,121.78,60.94,52.53,338.64,0,No Failure,192.9,83.3
L,36.88,932.73,19.38,120.1,64.56,59.14,296.76,0,No Failure,160.4,71.8
H,51.28,819.02,23.99,121.56,67.01,56.0,331.65,0,No Failure,183.1,79.8
L,52.76,925.1,16.7,111.92,71.72,48.99,294.7,0,No Failure,163.0,72.7
L,50.67,896.75,9.44,130.1,59.73,40.26,279.11,0,No Failure,135.9,63.1
M,42.63,900.17,17.44,125.98,62.05,52.78,255.1,0,No Failure,180.2,78.8
L,38.05,853.5,14.2,121.57,58.32,54.56,353.2,0,No Failure,170.2,75.3
M,49.74,912.85,19.32,144.85,68.49,47.24,287.9,0,No Failure,157.3,70.7
L,44.21,910.79,8.55,101.88,72.63,61.91,265.69,0,No Failure,125.8,59.6
L,53.6,912.89,14.61,123.11,61.45,58.61,261.01,0,No Failure,149.1,67.8
L,37.83,940.95,30.94,129.84,64.9,52.87,297.88,0,No Failure,168.2,74.6
L,42.85,743.94,22.56,114.02,72.08,49.05,280.31,0,No Failure,158.3,71.1
M,38.74,835.62,10.19,144.0,73.25,55.35,345.33,0,No Failure,139.1,64.3
M,39.54,757.76,13.54,110.7,64.32,53.22,335.38,0,No Failure,175.5,77.2
L,46.19,910.2,23.52,140.51,60.44,48.18,329.14,0,No Failure,164.7,73.3
M,55.28,874.13,11.16,125.42,67.75,49.26,293.47,0,No Failure,174.2,76.7
L,42.95,770.04,22.61,154.96,66.19,56.57,322.6,0,No Failure,156.7,70.5
L,51.96,840.41,18.43,123.23,47.757,50.35,296.38,0,No Failure,207.2,88.4
L,48.64,797.01,15.21,114.03,65.79,60.33,322.78,0,No Failure,181.6,79.3
M,41.26,907.77,17.08,102.33,67.39,53.77,306.2,0,No Failure,187.8,81.5
L,34.98,919.86,23.47,141.87,69.3,60.44,314.17,0,No Failure,138.4,64.0
L,49.56,763.37,19.03,102.9,72.57,52.95,264.14,0,No Failure,146.9,67.0
M,52.05,852.27,18.74,113.88,62.52,41.58,299.1,0,No Failure,178.5,78.2
L,43.65,872.87,14.6,118.68,61.87,52.6,320.26,0,No Failure,210.5,89.6
M,39.85,825.45,6.68,129.91,64.33,42.36,319.5,0,No Failure,166.8,74.1
L,48.68,878.82,8.44,113.56,65.53,56.01,273.63,0,No Failure,176.3,77.5
L,45.95,839.43,30.27,131.74,63.91,49.11,324.75,0,No Failure,188.9,81.9
L,48.89,905.22,23.64,117.81,63.05,57.04,325.43,0,No Failure,183.7,80.1
L,42.32,971.38,22.71,116.36,59.64,59.41,265.57,0,No Failure,142.5,65.5
L,33.79,909.75,20.98,90.75,60.3,58.79,263.31,0,No Failure,116.4,56.2
L,40.67,934.71,34.22,109.34,47.757,54.23,369.13,1,Plasma Arcing Fault,7.9,14.1
H,37.77,981.55,15.15,127.17,63.27,55.75,294.28,0,No Failure,163.1,72.8
L,46.48,832.12,18.03,138.04,69.99,50.86,336.48,0,No Failure,185.2,80.6
M,50.77,869.19,14.22,121.24,60.59,51.78,324.34,0,No Failure,196.3,84.5
M,44.63,795.23,37.64,132.73,58.77,31.842,298.87,0,No Failure,149.1,67.8
M,43.57,842.89,12.89,99.28,63.04,54.18,318.3,0,No Failure,192.6,83.2
L,38.67,866.24,6.69,132.01,63.6,47.13,378.51,0,No Failure,144.8,66.3
L,48.54,814.18,20.55,113.38,63.51,53.68,208.397,0,No Failure,189.1,82.0
L,48.15,850.52,29.85,112.07,67.61,49.53,269.98,0,No Failure,174.8,76.9
M,52.43,975.27,11.66,119.5,60.63,53.12,307.87,0,No Failure,171.2,75.6
H,51.09,726.08,35.14,119.8,66.49,59.74,346.67,1,Plasma Arcing Fault,2.3,17.4
M,49.28,852.59,23.97,120.03,67.86,46.97,208.397,0,No Failure,175.9,77.3
L,48.36,816.35,1.97,127.02,68.82,47.65,276.97,0,No Failure,157.5,70.8
L,49.36,756.25,28.58,112.83,64.01,56.19,307.34,0,No Failure,173.7,76.5
L,46.73,884.59,15.21,107.78,62.33,56.37,305.95,0,No Failure,192.3,83.1
L,43.25,930.29,23.94,130.33,63.48,52.98,337.24,0,No Failure,180.4,78.9
H,48.33,847.13,24.19,128.87,47.757,50.82,277.88,0,No Failure,182.4,79.6
L,49.18,792.06,6.48,113.26,61.37,46.37,289.99,0,No Failure,161.1,72.0
L,45.75,844.58,11.1,110.7,71.09,54.53,326.99,0,No Failure,186.1,80.9
M,47.94,853.89,19.86,127.36,65.45,48.92,313.55,0,No Failure,199.8,85.8
H,57.18,839.47,15.94,113.42,55.78,50.92,260.79,0,No Failure,148.3,67.5
M,43.03,933.62,31.85,120.01,64.86,54.87,355.32,0,No Failure,168.3,74.6
M,56.76,876.4,7.95,126.1,70.77,59.81,316.91,0,No Failure,148.6,67.6
L,42.04,928.68,4.61,124.58,69.62,46.38,283.12,0,No Failure,152.6,69.1
M,50.31,903.09,17.81,172.168,59.7,55.79,208.397,0,No Failure,175.0,77.0
M,59.39,824.88,15.03,144.23,62.26,61.19,288.21,0,No Failure,133.4,62.3
M,39.18,849.31,28.05,99.07,64.82,72.41,362.06,0,No Failure,158.9,71.3
L,44.47,917.14,18.32,132.89,68.57,46.74,307.61,0,No Failure,187.1,81.3
L,39.26,825.23,13.46,114.43,56.71,54.73,342.99,0,No Failure,163.4,72.9
H,45.06,969.54,1.0,90.99,62.25,51.66,307.84,0,No Failure,151.9,68.8
H,67.68,867.32,30.3,120.61,62.49,49.67,333.36,0,No Failure,183.3,79.9
L,39.24,891.14,17.62,125.25,61.67,51.27,311.22,0,No Failure,201.0,86.2
M,44.31,892.87,31.04,127.43,68.64,52.4,322.94,0,No Failure,185.6,80.7
M,48.56,838.42,25.88,135.09,60.75,49.53,304.41,0,No Failure,182.5,79.6
L,45.73,971.39,20.1,119.65,65.84,62.55,355.55,0,No Failure,158.4,71.1
M,52.0,902.21,23.92,111.97,68.35,48.62,343.02,0,No Failure,162.9,72.7
L,39.45,859.47,23.92,129.21,61.57,58.1,351.91,0,No Failure,162.6,72.6
H,42.11,767.16,19.7,68.002,66.19,58.83,242.98,0,No Failure,136.4,63.3
H,45.75,894.8,43.83,166.01,68.13,45.12,332.0,0,No Failure,113.6,55.2
H,32.27,920.89,22.05,105.25,59.68,46.88,324.63,0,No Failure,141.5,65.1
L,44.61,789.53,24.85,151.61,59.61,38.93,315.36,0,No Failure,134.9,62.8
M,56.88,929.62,18.04,118.22,63.19,56.17,347.99,0,No Failure,160.9,72.0
H,38.73,782.89,17.48,135.21,70.38,52.33,304.14,0,No Failure,177.2,77.8
H,47.65,806.25,9.52,126.34,68.29,60.28,310.95,0,No Failure,176.0,77.3
M,52.41,802.76,14.61,118.9,62.52,41.66,287.68,0,No Failure,163.9,73.0
H,37.44,870.76,25.96,107.07,57.04,56.16,367.65,0,No Failure,133.4,62.2
L,45.92,890.06,9.76,122.73,75.82,55.97,328.79,0,No Failure,164.9,73.4
M,32.08,838.38,21.92,120.03,55.65,49.0,312.18,0,No Failure,152.0,68.8
H,58.63,847.38,12.49,125.22,61.21,54.04,298.51,0,No Failure,174.7,76.9
L,38.57,800.87,24.87,126.45,72.37,44.89,282.05,0,No Failure,146.7,67.0
M,30.17,988.61,19.96,107.83,69.6,47.05,283.19,0,No Failure,124.6,59.1
M,45.98,961.35,20.48,116.29,65.27,52.5,341.15,0,No Failure,189.8,82.2
L,44.98,841.29,34.04,140.21,57.91,46.09,305.92,0,No Failure,158.2,71.0
L,42.64,744.27,7.74,132.37,60.62,43.22,333.95,0,No Failure,139.4,64.4
L,40.39,780.03,18.68,118.66,68.86,70.11,345.49,0,No Failure,143.2,65.7
M,55.63,833.38,5.21,141.23,61.63,47.96,256.54,0,No Failure,127.8,60.3
L,51.18,975.3,19.5,144.86,62.81,47.02,307.34,0,No Failure,153.4,69.3
L,40.5,892.31,30.79,160.65,63.02,58.89,320.17,0,No Failure,135.0,62.8
L,46.5,843.36,32.01,137.63,53.27,53.88,295.48,0,No Failure,152.5,69.0
M,39.2,877.56,13.9,150.65,60.66,51.7,303.36,0,No Failure,169.0,74.9
L,48.61,827.77,21.25,131.03,66.38,62.3,399.69,0,No Failure,165.6,73.7
L,46.19,855.84,23.77,108.86,70.66,52.76,320.37,0,No Failure,193.8,83.6
H,49.49,771.06,19.0,107.1,69.13,34.7,288.48,0,No Failure,147.3,67.2
H,51.32,908.58,20.68,114.4,68.31,54.05,324.54,0,No Failure,182.6,79.7
L,40.69,882.55,20.07,108.51,67.73,48.83,356.59,0,No Failure,170.8,75.5
L,43.22,788.75,28.98,133.9,69.75,58.47,315.84,0,No Failure,161.1,72.1
M,47.26,906.18,27.17,141.23,53.16,58.28,356.94,0,No Failure,116.6,56.3
M,44.99,609.643,31.91,132.55,68.5,54.74,335.31,0,No Failure,167.7,74.4
L,47.65,809.96,24.89,122.41,63.68,52.38,342.75,0,No Failure,192.6,83.2
M,41.3,800.94,23.78,112.59,68.93,58.07,278.38,0,No Failure,164.0,73.1
L,44.06,961.05,14.31,126.44,66.17,51.81,312.07,0,No Failure,198.0,85.1
L,43.45,915.86,7.87,97.91,62.28,58.57,309.09,0,No Failure,151.8,68.7
H,46.16,763.4,16.14,132.94,76.12,60.91,320.23,0,No Failure,144.8,66.3
M,50.73,780.59,18.37,125.33,67.18,52.8,302.15,0,No Failure,194.9,84.0
L,44.68,866.47,36.88,111.29,65.74,44.92,359.09,1,Plasma Arcing Fault,3.2,25.3
M,36.45,850.74,33.9,107.47,65.25,59.5,298.53,0,No Failure,160.7,71.9
M,37.9,937.33,1.43,123.31,59.48,56.54,288.42,0,No Failure,141.1,65.0
L,46.98,932.25,25.89,118.15,61.68,57.02,340.06,0,No Failure,168.3,74.6
M,57.74,904.22,10.72,111.47,71.08,59.52,328.89,0,No Failure,136.1,63.2
L,45.58,777.35,1.0,91.32,70.55,54.24,353.56,0,No Failure,128.0,60.3
H,41.66,884.89,16.44,138.47,60.36,43.68,331.54,0,No Failure,160.3,71.8
L,44.95,854.15,16.51,107.53,69.3,57.1,281.75,0,No Failure,177.9,78.0
L,39.04,850.86,9.61,124.63,66.3,49.24,260.15,0,No Failure,175.0,77.0
M,48.7,832.88,20.98,123.39,69.23,48.89,335.26,0,No Failure,188.4,81.7
M,40.14,843.21,9.24,110.13,66.17,48.93,285.24,0,No Failure,182.4,79.6
L,52.37,893.77,20.86,109.1,60.72,50.95,304.24,0,No Failure,182.0,79.5
L,49.26,937.94,17.25,117.75,64.34,52.71,295.07,0,No Failure,197.8,85.1
M,46.55,793.06,21.57,121.01,60.42,61.31,410.991,0,No Failure,176.3,77.5
M,40.67,731.75,7.7,138.46,61.99,62.07,346.68,0,No Failure,120.8,57.8
M,46.95,797.62,20.51,137.34,65.28,51.12,260.17,0,No Failure,176.6,77.6
H,43.84,929.3,32.99,68.002,66.78,51.55,382.21,1,Plasma Arcing Fault,9.4,21.2
M,22.185,891.85,10.9,137.07,72.08,46.86,322.94,0,No Failure,152.6,69.0
L,47.81,722.62,11.34,134.28,59.17,53.86,334.06,0,No Failure,150.2,68.2
L,43.58,975.05,10.1,68.002,56.15,48.46,327.65,0,No Failure,153.4,69.3
L,57.95,928.05,16.42,147.44,68.68,59.42,208.397,0,No Failure,136.4,63.3
H,53.11,816.56,35.68,107.78,60.58,51.31,320.89,0,No Failure,157.8,70.9
H,44.96,908.78,52.656,143.91,59.87,40.07,246.14,0,No Failure,126.2,59.7
M,44.87,906.48,25.14,126.78,65.9,54.78,356.44,0,No Failure,178.6,78.3
H,42.22,843.63,14.66,123.6,74.63,45.81,304.18,0,No Failure,178.4,78.2
H,36.85,609.643,30.32,147.33,56.01,59.52,291.78,0,No Failure,119.4,57.3
H,43.29,778.33,34.16,108.78,68.51,55.11,324.72,0,No Failure,161.8,72.3
H,40.16,819.38,26.92,102.65,70.66,57.51,277.82,0,No Failure,147.3,67.2
H,55.94,780.04,17.61,130.74,67.18,52.34,312.38,0,No Failure,181.7,79.3
H,41.52,735.85,28.12,121.15,68.09,50.36,313.28,0,No Failure,177.9,78.0
H,38.44,874.41,13.05,136.67,68.08,52.79,336.67,0,No Failure,173.0,76.3
L,44.95,873.73,20.09,136.78,52.91,53.51,350.49,0,No Failure,148.3,67.5
L,45.68,807.85,20.76,134.53,65.3,55.08,351.32,0,No Failure,172.0,75.9
M,45.99,749.46,18.25,128.12,67.79,53.02,306.08,0,No Failure,195.9,84.4
L,54.94,822.19,23.69,104.01,63.18,57.11,313.35,1,Chamber Vacuum Drift,8.4,29.7
L,48.43,751.63,22.3,104.44,62.38,68.11,284.23,0,No Failure,129.9,61.0
M,44.44,868.74,1.0,133.64,61.79,47.83,332.65,0,No Failure,166.2,73.9
M,49.09,947.68,6.63,103.28,69.06,60.43,255.58,0,No Failure,118.3,56.9
M,54.15,862.71,21.63,106.93,64.93,55.47,323.24,0,No Failure,183.7,80.1
M,36.3,922.2,20.03,116.01,65.85,37.26,291.63,0,No Failure,150.5,68.3
H,44.42,847.02,21.66,119.0,62.03,51.63,263.34,0,No Failure,199.6,85.7
H,50.51,795.73,7.88,117.79,68.53,54.53,330.96,0,No Failure,172.9,76.2
M,40.91,847.99,26.55,103.41,69.88,58.1,256.17,0,No Failure,146.4,66.9
L,34.14,827.14,27.53,127.45,64.07,59.72,322.87,0,No Failure,161.9,72.3
H,67.68,829.11,11.78,111.22,59.53,49.32,318.96,0,No Failure,171.0,75.6
M,50.44,912.45,16.67,120.03,65.68,56.69,303.97,0,No Failure,194.8,84.0
L,40.14,886.01,18.92,119.81,69.25,54.73,270.66,0,No Failure,181.9,79.4
H,42.1,906.92,16.93,106.13,69.17,59.14,289.3,0,No Failure,166.6,74.0
M,47.35,816.17,19.93,135.03,64.12,53.82,349.07,0,No Failure,184.0,80.2
H,53.08,851.44,10.24,132.13,65.53,52.91,322.74,0,No Failure,188.7,81.8
M,33.07,978.33,11.84,118.21,73.67,61.46,306.86,1,Chuck Thermal Excursion,11.9,14.6
H,45.9,784.55,18.54,120.72,70.05,51.18,256.78,0,No Failure,180.2,78.8
H,39.3,789.27,2.27,130.67,71.85,56.21,324.98,0,No Failure,144.0,66.0
H,44.55,831.18,15.87,123.98,61.95,60.98,324.93,0,No Failure,189.7,82.2
H,39.55,655.01,9.78,110.33,63.23,64.95,310.67,0,No Failure,114.8,55.7
H,37.85,776.21,17.4,136.76,61.34,54.94,299.41,0,No Failure,168.3,74.6
L,43.2,831.83,30.21,106.75,68.97,48.63,295.58,0,No Failure,174.7,76.9
M,37.99,836.01,38.01,115.69,64.62,57.08,277.52,0,No Failure,158.8,71.2
L,40.13,740.37,2.85,111.88,65.87,53.73,304.23,0,No Failure,166.6,74.0
L,45.78,807.31,31.73,136.55,71.62,63.0,288.27,0,No Failure,136.2,63.2
M,47.66,731.46,26.35,123.83,69.45,52.53,292.93,0,No Failure,161.0,72.0
M,57.51,947.78,19.41,96.71,65.35,54.74,326.52,1,Chamber Vacuum Drift,5.3,23.5
M,51.46,786.53,27.72,118.08,60.89,57.34,255.13,0,No Failure,144.5,66.2
L,44.95,927.9,11.94,117.18,69.79,54.37,375.53,0,No Failure,156.9,70.6
M,51.21,776.47,17.29,142.11,67.56,55.07,324.74,0,No Failure,165.9,73.7
L,38.13,854.14,20.82,107.2,68.5,44.2,326.59,0,No Failure,169.7,75.1
L,52.71,852.16,11.79,121.5,66.02,46.96,330.96,0,No Failure,186.3,81.0
M,42.33,921.84,17.05,100.89,67.54,67.91,283.58,0,No Failure,139.0,64.2
L,51.08,864.59,52.656,151.8,65.88,47.35,269.55,0,No Failure,149.5,67.9
L,41.49,776.71,9.96,98.14,70.97,52.045,371.18,0,No Failure,111.6,54.5
H,41.1,746.53,46.17,124.94,65.88,49.0,341.5,0,No Failure,138.6,64.1
L,39.03,894.19,16.43,107.97,69.16,43.16,334.95,0,No Failure,157.3,70.7
L,58.51,1089.352,31.08,130.24,66.53,57.21,258.24,0,No Failure,130.4,61.2
H,46.63,708.68,19.58,115.92,69.38,46.76,292.88,0,No Failure,166.3,73.9
L,50.36,789.31,6.99,119.46,67.75,56.26,349.26,0,No Failure,161.2,72.1
H,51.61,882.5,7.85,134.84,56.02,58.19,319.7,0,No Failure,143.5,65.8
M,43.67,913.79,24.76,118.81,65.68,72.41,302.95,0,No Failure,196.1,84.4
M,48.09,828.5,4.38,141.21,64.35,63.02,316.49,0,No Failure,155.7,70.1
L,43.58,826.3,30.31,89.35,57.06,51.13,309.55,0,No Failure,159.0,71.3
L,49.14,917.79,24.8,87.35,64.14,57.75,347.31,0,No Failure,139.7,64.5
H,43.09,924.18,22.44,118.83,63.84,48.27,315.76,0,No Failure,197.1,84.8
M,43.78,833.08,12.08,122.92,67.44,41.5,325.91,0,No Failure,181.4,79.2
L,44.97,726.1,23.68,114.84,57.74,45.63,281.5,0,No Failure,150.0,68.1
L,44.22,843.4,15.0,92.76,59.38,46.5,363.35,0,No Failure,150.0,68.1
M,42.73,894.81,4.98,119.34,67.55,59.6,208.397,0,No Failure,178.8,78.3
L,39.47,919.7,15.72,124.74,67.5,48.75,279.77,0,No Failure,175.1,77.0
M,34.44,849.01,25.76,114.84,63.06,39.4,271.5,0,No Failure,142.2,65.4
L,41.83,871.05,1.0,109.15,68.54,62.75,294.81,0,No Failure,149.0,67.8
L,52.43,882.12,13.3,108.59,74.92,52.63,272.24,0,No Failure,150.4,68.3
L,32.19,873.57,19.71,127.47,65.92,42.14,246.67,0,No Failure,138.7,64.1
L,48.55,849.03,19.59,124.23,64.68,65.66,365.55,0,No Failure,163.3,72.9
H,39.15,869.24,19.71,111.25,62.2,48.31,302.16,0,No Failure,190.9,82.6
M,47.85,803.45,25.87,123.39,53.38,55.5,307.87,0,No Failure,166.2,73.9
L,45.25,992.16,22.41,137.07,63.33,48.02,294.97,0,No Failure,164.3,73.2
L,45.0,907.48,34.46,129.99,64.36,46.63,326.56,0,No Failure,171.0,75.6
L,38.08,750.35,10.22,127.21,67.17,48.45,301.33,0,No Failure,166.1,73.8
H,39.2,832.21,18.6,119.77,60.19,54.18,326.78,0,No Failure,194.9,84.0
L,53.34,818.9,10.87,110.69,59.19,59.97,363.78,0,No Failure,132.8,62.0
L,49.21,803.19,16.92,117.13,59.32,45.29,272.13,0,No Failure,164.9,73.4
H,55.39,873.76,5.05,128.79,56.63,44.08,283.33,0,No Failure,128.0,60.3
L,47.59,848.93,24.96,126.78,59.54,55.15,290.89,0,No Failure,184.5,80.4
H,51.37,726.91,25.9,122.64,64.28,47.88,302.12,0,No Failure,169.7,75.1
M,52.12,807.95,21.93,124.74,73.93,48.91,324.06,0,No Failure,165.0,73.4
M,46.73,860.31,15.9,123.8,63.99,58.61,316.42,0,No Failure,204.7,87.5
L,40.12,880.47,16.95,137.3,65.82,49.87,278.52,0,No Failure,181.2,79.2
M,45.61,798.06,34.23,138.71,65.58,57.17,347.21,1,Plasma Arcing Fault,10.3,24.2
M,50.24,743.48,16.39,106.22,59.1,49.36,277.61,0,No Failure,150.8,68.4
M,43.36,861.24,14.01,122.68,64.68,47.59,310.52,0,No Failure,213.4,90.6
H,45.07,712.45,9.89,140.41,72.38,49.33,318.67,0,No Failure,147.2,67.1
H,39.17,876.88,32.78,109.85,68.03,60.77,322.58,0,No Failure,153.5,69.4
H,49.33,861.72,20.23,121.29,67.85,57.87,308.82,0,No Failure,200.1,85.9
L,40.17,848.47,13.73,112.52,66.25,31.842,332.21,0,No Failure,200.7,86.1
L,42.25,750.39,1.91,104.16,60.0,52.23,287.21,0,No Failure,148.1,67.5
M,34.15,825.1,26.77,124.51,61.66,47.5,351.23,0,No Failure,152.7,69.1
H,58.92,859.76,37.29,97.47,64.94,48.49,316.55,1,Chamber Vacuum Drift,6.5,21.4
H,35.91,717.75,13.86,109.21,71.56,54.76,363.27,0,No Failure,123.7,58.8
L,46.12,893.39,21.59,127.01,59.27,55.3,316.64,0,No Failure,188.5,81.7
L,52.0,963.74,9.89,120.4,62.9,56.35,322.15,0,No Failure,165.6,73.7
H,45.61,858.24,16.11,100.85,65.41,50.1,320.9,0,No Failure,204.2,87.3
L,57.06,862.26,22.35,132.91,59.57,46.88,324.97,0,No Failure,156.2,70.3
M,45.76,919.55,8.09,129.59,69.59,55.07,303.27,0,No Failure,175.9,77.3
L,41.14,857.87,21.35,96.96,71.48,44.44,329.17,0,No Failure,155.7,70.1
L,48.22,820.63,21.59,112.94,65.3,52.045,321.75,0,No Failure,187.2,81.3
L,48.09,920.66,14.65,93.84,65.3,50.34,346.43,0,No Failure,165.0,73.4
H,47.62,859.5,36.46,110.14,76.7,51.6,315.49,0,No Failure,158.8,71.2
M,46.22,852.16,28.7,130.3,64.94,58.0,344.78,0,No Failure,179.2,78.4
H,57.01,808.57,23.13,130.38,55.2,53.91,324.49,0,No Failure,147.3,67.2
M,41.88,895.31,9.13,125.69,57.85,53.16,313.64,0,No Failure,180.1,78.8
L,53.13,879.24,21.33,110.05,66.86,53.35,285.66,0,No Failure,180.7,79.0
L,48.21,797.46,31.69,111.54,64.64,43.77,353.87,0,No Failure,150.7,68.4
M,67.68,925.12,5.79,122.97,65.5,61.36,261.44,0,No Failure,153.5,69.4
H,41.1,848.18,22.37,107.73,67.32,51.68,325.28,0,No Failure,197.8,85.0
M,45.9,788.98,11.62,141.29,62.83,62.29,410.991,0,No Failure,151.8,68.8
M,43.54,867.13,24.76,117.6,61.14,47.03,316.18,0,No Failure,194.6,83.9
L,46.55,845.15,18.74,122.06,61.43,55.89,298.12,0,No Failure,206.7,88.2
L,39.5,948.88,13.41,120.03,66.9,49.88,339.07,0,No Failure,175.4,77.1
L,54.01,609.643,13.9,99.32,67.86,63.4,298.63,1,Chamber Vacuum Drift,2.9,20.0
L,40.95,916.67,17.94,138.62,57.63,61.25,331.53,0,No Failure,144.0,66.0
M,49.42,887.81,37.04,108.63,71.58,60.74,294.4,0,No Failure,135.4,63.0
M,47.26,1001.01,52.656,122.5,65.07,55.64,348.81,0,No Failure,162.4,72.5
L,53.6,927.15,37.75,107.04,69.31,66.28,278.45,0,No Failure,100.1,50.5
M,50.37,894.79,18.05,92.69,60.1,57.03,324.08,0,No Failure,153.7,69.4
L,39.87,823.51,6.74,113.15,70.65,57.02,294.47,0,No Failure,163.9,73.0
L,51.3,690.46,10.6,115.39,61.85,53.68,355.38,0,No Failure,141.8,65.2
M,41.07,896.37,27.09,68.002,58.18,55.77,277.02,0,No Failure,158.3,71.1
M,53.11,797.2,5.31,112.15,67.65,52.36,322.21,0,No Failure,170.5,75.4
L,45.62,933.33,6.67,131.42,60.9,54.52,303.64,0,No Failure,172.4,76.1
L,55.65,1089.352,23.66,119.12,70.09,57.98,304.02,0,No Failure,172.2,76.0
H,50.99,868.06,1.0,131.17,65.27,50.56,322.9,0,No Failure,176.8,77.6
M,55.56,933.99,19.69,134.58,69.44,50.5,260.07,0,No Failure,141.3,65.0
M,39.68,855.1,10.2,121.8,67.86,55.69,285.55,0,No Failure,184.8,80.5
L,37.49,776.56,19.38,129.83,64.07,62.48,316.98,0,No Failure,164.1,73.1
L,37.54,914.43,16.77,110.31,70.27,46.73,276.08,0,No Failure,153.8,69.5
H,56.37,934.24,16.57,125.31,54.98,44.52,346.07,0,No Failure,124.9,59.2
M,60.7,872.8,14.22,103.84,62.81,49.03,336.24,1,Chamber Vacuum Drift,13.8,24.1
H,44.5,925.76,26.25,154.3,60.96,43.76,310.67,0,No Failure,138.8,64.2
L,47.41,909.59,19.73,106.15,71.69,62.16,297.47,0,No Failure,155.4,70.1
H,41.32,918.52,17.845,109.53,66.34,53.36,317.11,0,No Failure,194.3,83.8
M,40.07,831.72,3.32,104.78,66.13,49.51,333.94,0,No Failure,167.9,74.5
L,44.95,727.79,21.15,132.68,68.94,52.78,323.73,0,No Failure,162.4,72.5
M,42.66,802.2,11.2,133.99,54.35,53.48,350.24,0,No Failure,147.4,67.2
L,46.34,837.24,19.75,113.43,61.27,46.9,320.42,0,No Failure,196.9,84.7
H,38.87,791.91,8.52,122.16,70.43,47.23,314.69,0,No Failure,168.7,74.7
M,34.87,773.5,27.76,114.56,71.16,52.32,351.22,0,No Failure,143.5,65.8
H,42.22,881.0,12.96,104.52,70.02,39.0,314.88,0,No Failure,155.7,70.1
H,39.41,810.14,1.0,135.74,59.21,49.58,330.88,0,No Failure,146.5,66.9
L,37.77,991.26,8.06,119.73,63.32,64.88,341.43,0,No Failure,127.3,60.1
H,45.94,788.82,5.5,131.07,55.64,45.61,315.08,0,No Failure,150.9,68.5
M,47.18,927.69,19.55,106.86,64.77,31.842,313.88,0,No Failure,191.7,82.9
H,37.9,822.53,9.36,125.48,62.2,54.68,335.36,0,No Failure,173.5,76.5
M,40.42,751.44,9.7,125.51,62.57,43.39,284.53,0,No Failure,150.8,68.4
M,50.68,835.8,23.2,112.68,64.3,48.78,263.47,0,No Failure,176.9,77.7
H,35.82,909.16,-17.018,146.15,62.01,59.33,322.99,0,No Failure,148.1,67.5
M,45.75,609.643,13.83,120.76,68.82,54.17,333.12,0,No Failure,201.9,86.5
L,47.04,693.89,4.1,117.7,66.66,59.43,290.63,0,No Failure,147.5,67.2
L,31.58,770.91,19.14,126.28,70.75,47.5,252.75,0,No Failure,130.1,61.1
L,38.05,953.7,7.28,124.36,62.04,54.77,295.4,0,No Failure,160.5,71.8
L,39.84,906.19,11.66,126.18,62.11,55.46,294.38,0,No Failure,177.0,77.7
H,56.98,759.06,19.4,117.78,71.63,54.81,326.08,0,No Failure,156.3,70.4
L,39.3,760.49,1.0,129.41,71.77,44.54,296.94,0,No Failure,130.4,61.2
L,44.03,840.13,17.43,114.77,67.89,58.34,208.397,0,No Failure,187.0,81.2
M,44.91,822.45,22.08,134.73,76.67,54.91,262.51,0,No Failure,149.8,68.1
L,61.78,906.44,-15.02,124.64,61.87,47.37,321.69,0,No Failure,143.8,65.9
L,36.8,806.48,10.52,114.38,54.61,49.98,283.79,0,No Failure,148.8,67.7
L,39.88,815.63,28.86,111.95,67.94,56.38,283.01,0,No Failure,165.3,73.5
L,42.58,875.94,9.47,121.55,69.63,43.38,299.4,0,No Failure,175.4,77.1
L,54.48,834.25,21.33,117.28,66.71,49.42,309.05,0,No Failure,196.5,84.6
L,40.83,871.95,10.16,93.31,66.56,50.34,282.35,0,No Failure,166.5,74.0
H,51.27,836.29,31.09,118.06,68.67,47.69,249.34,0,No Failure,151.5,68.7
M,48.83,731.19,22.75,134.8,61.44,51.82,324.45,0,No Failure,167.4,74.3
L,45.15,889.17,23.28,95.21,69.41,56.53,285.89,0,No Failure,163.8,73.0
L,36.39,935.62,18.32,153.99,69.5,45.14,346.7,0,No Failure,117.7,56.7
M,51.18,861.82,4.64,94.1,66.77,59.57,318.66,0,No Failure,151.0,68.5
M,42.56,751.83,25.16,110.89,65.15,51.37,297.25,0,No Failure,186.4,81.0
L,42.23,828.35,20.15,137.87,68.23,56.12,303.67,0,No Failure,186.1,80.9
L,61.17,856.65,29.23,100.11,69.27,50.96,305.99,1,Chamber Vacuum Drift,2.0,23.3
L,45.8,899.86,7.15,130.33,67.77,48.21,342.75,0,No Failure,168.5,74.7
L,34.23,811.66,1.0,123.34,60.51,46.17,353.35,0,No Failure,131.7,61.6
H,46.54,750.44,13.28,115.17,57.01,53.78,298.36,0,No Failure,171.1,75.6
M,36.72,841.73,34.51,96.38,62.78,31.842,281.67,0,No Failure,138.4,64.0
L,41.53,871.3,14.69,120.65,58.06,55.2,347.11,0,No Failure,176.4,77.5
L,40.14,897.55,20.7,125.91,65.61,54.18,370.73,0,No Failure,172.6,76.1
H,45.62,876.0,31.92,127.62,64.76,63.36,304.57,0,No Failure,173.9,76.6
L,49.56,908.34,16.16,119.55,69.44,48.37,334.87,0,No Failure,180.6,79.0
L,35.3,695.31,5.38,113.2,65.93,48.1,320.43,0,No Failure,143.5,65.8
L,44.36,849.28,23.33,153.96,67.31,42.71,271.67,0,No Failure,148.9,67.7
M,34.85,875.43,10.47,129.26,57.13,52.47,288.18,0,No Failure,157.9,70.9
M,54.37,849.93,23.57,124.35,57.36,45.77,361.34,0,No Failure,144.5,66.2
L,51.31,881.93,6.83,133.07,64.11,52.31,317.09,0,No Failure,183.6,80.0
H,47.97,880.16,26.7,116.59,60.33,48.18,294.67,0,No Failure,180.8,79.0
L,47.53,851.36,34.09,127.74,47.757,46.98,296.05,0,No Failure,154.9,69.9
M,45.9,858.06,24.35,128.36,64.77,44.27,302.86,0,No Failure,195.5,84.3
M,50.61,777.8,12.67,120.32,61.09,50.46,281.51,0,No Failure,175.4,77.1
M,40.46,856.41,1.0,116.25,67.63,49.56,273.82,0,No Failure,169.1,74.9
L,42.4,801.02,7.51,144.51,70.04,31.842,287.45,0,No Failure,157.2,70.7
L,48.92,783.02,6.79,121.16,64.16,53.06,275.14,0,No Failure,177.8,78.0
L,33.58,914.69,9.92,134.04,64.73,48.1,288.74,0,No Failure,154.8,69.8
M,41.4,751.01,12.3,115.34,71.51,57.5,307.3,0,No Failure,164.7,73.3
L,44.95,843.13,42.86,90.36,58.49,51.08,292.89,0,No Failure,129.4,60.8
M,41.41,851.97,24.6,139.42,73.58,46.95,292.45,0,No Failure,157.4,70.7
L,47.98,886.53,1.85,103.24,61.68,45.99,293.01,0,No Failure,153.2,69.3
L,47.34,745.32,10.12,111.99,56.02,57.41,345.12,0,No Failure,137.2,63.6
L,36.34,903.78,16.27,131.91,66.46,52.045,316.49,0,No Failure,178.1,78.1
M,41.86,765.28,16.11,104.22,67.12,48.4,313.44,0,No Failure,180.3,78.8
H,44.05,841.99,3.33,116.27,61.53,49.5,294.44,0,No Failure,187.6,81.5
M,41.78,914.47,52.656,121.84,63.55,59.66,335.48,0,No Failure,165.7,73.7
H,40.93,789.31,31.0,93.88,56.8,52.19,291.37,0,No Failure,140.8,64.9
M,48.93,738.55,15.65,134.85,72.88,49.29,308.2,0,No Failure,159.7,71.6
M,43.33,946.76,-17.018,114.28,65.28,56.12,323.85,0,No Failure,189.5,82.1
M,49.65,891.77,25.99,113.41,62.38,56.68,300.66,0,No Failure,179.2,78.5
L,49.31,841.62,3.91,132.35,58.4,31.842,337.37,0,No Failure,158.9,71.3
H,49.26,724.85,12.14,117.36,67.86,46.57,309.97,0,No Failure,171.4,75.7
L,41.92,775.12,20.56,120.9,66.36,46.94,292.57,0,No Failure,187.8,81.5
M,38.33,740.2,26.31,68.002,72.4,53.08,335.39,0,No Failure,129.3,60.8
L,36.45,899.03,19.97,82.82,74.35,53.92,311.14,0,No Failure,139.4,64.4
M,42.08,751.1,24.26,120.33,58.06,51.24,290.77,0,No Failure,172.2,76.0
M,53.05,849.01,6.93,94.43,64.26,45.58,322.96,0,No Failure,156.2,70.3
H,33.4,790.51,9.38,108.68,64.22,51.13,376.91,0,No Failure,141.1,65.0
L,44.95,804.89,14.38,114.02,69.31,48.86,268.52,0,No Failure,174.7,76.9
L,42.39,826.61,10.1,131.82,56.68,48.74,284.27,0,No Failure,161.8,72.3
M,42.76,787.02,9.59,111.96,71.22,45.56,284.36,0,No Failure,155.4,70.0
H,42.99,851.3,6.24,124.69,59.13,52.75,304.35,0,No Failure,192.3,83.1
L,33.14,803.75,17.48,148.32,62.15,50.55,298.53,0,No Failure,158.1,71.0
L,49.76,876.39,29.91,101.9,71.03,52.77,264.99,0,No Failure,147.8,67.3
L,38.95,836.88,20.01,119.37,82.613,53.83,289.76,0,No Failure,198.7,85.4
L,57.21,943.12,21.26,119.73,68.52,53.38,272.46,0,No Failure,156.5,70.4
L,40.2,968.04,23.08,92.25,56.36,52.86,309.34,0,No Failure,142.8,65.6
M,53.04,874.87,26.13,107.01,67.93,54.57,324.23,0,No Failure,170.8,75.5
M,45.62,903.9,17.13,125.81,70.65,55.36,322.57,0,No Failure,189.6,82.2
M,44.12,794.86,10.95,110.94,65.52,55.81,304.94,0,No Failure,193.9,83.7
M,46.71,864.84,28.54,80.58,68.95,59.46,303.11,0,No Failure,146.0,66.7
L,40.76,905.08,13.75,108.67,60.97,48.2,287.58,0,No Failure,169.8,75.1
H,43.1,791.3,12.22,135.31,59.79,43.96,334.88,0,No Failure,152.9,69.2
M,33.85,829.13,23.18,120.47,75.62,48.67,283.16,0,No Failure,151.2,68.5
L,47.4,919.59,27.85,94.2,76.88,51.29,279.25,0,No Failure,129.7,61.0
L,59.92,788.11,22.38,90.34,59.37,55.85,328.8,1,Chamber Vacuum Drift,8.3,13.8
L,48.46,910.2,24.37,115.95,61.85,59.73,348.3,0,No Failure,159.4,71.5
L,36.28,858.19,19.65,118.79,61.45,55.87,327.56,0,No Failure,187.0,81.2
L,46.72,822.12,23.38,136.18,61.71,48.77,320.96,0,No Failure,183.9,80.1
H,37.86,977.16,15.48,140.02,66.97,43.03,300.44,0,No Failure,141.4,65.1
L,41.93,910.43,12.21,124.58,63.73,51.71,332.26,0,No Failure,192.4,83.1
L,39.88,738.14,30.24,131.48,61.35,44.66,410.991,0,No Failure,133.9,62.4
M,38.75,785.71,15.0,116.58,55.63,46.4,303.58,0,No Failure,161.1,72.0
H,53.58,812.14,26.99,122.66,72.58,62.18,298.43,0,No Failure,144.7,66.3
L,41.47,777.7,27.99,105.13,67.35,58.89,303.59,0,No Failure,160.9,72.0
L,57.2,903.91,13.94,140.15,60.6,54.52,312.64,0,No Failure,155.9,70.2
M,50.27,907.83,6.61,125.39,68.1,44.31,311.6,0,No Failure,165.6,73.7
L,45.89,839.36,15.65,172.168,60.93,43.56,296.76,0,No Failure,188.5,81.8
L,41.92,715.1,13.35,100.11,68.81,55.5,330.52,0,No Failure,148.9,67.7
L,47.17,776.33,8.43,104.14,74.45,55.64,270.72,0,No Failure,135.0,62.8
L,43.69,1022.55,1.0,144.15,61.67,45.65,315.69,0,No Failure,124.4,59.0
H,53.22,835.4,21.49,145.34,69.95,51.15,298.33,0,No Failure,166.9,74.1
L,49.84,896.54,23.63,110.38,60.3,57.61,348.01,0,No Failure,155.9,70.2
M,42.69,753.27,25.99,122.3,67.56,51.54,296.45,0,No Failure,185.6,80.7
L,39.83,863.75,8.4,101.89,65.47,46.94,283.22,0,No Failure,167.0,74.1
L,54.56,824.92,12.0,122.17,69.58,52.75,295.53,0,No Failure,180.7,79.0
L,51.0,992.49,25.12,136.81,59.69,54.43,305.2,0,No Failure,146.4,66.8
H,53.42,825.73,1.26,137.66,62.19,50.81,307.59,0,No Failure,162.6,72.6
L,50.3,857.63,18.0,104.64,59.18,49.87,410.991,0,No Failure,187.7,81.5
L,40.03,851.36,2.25,125.27,54.03,50.34,303.2,0,No Failure,161.3,72.1
H,39.49,875.95,12.19,141.31,63.79,54.28,315.04,0,No Failure,181.5,79.3
L,50.28,909.18,37.18,122.51,61.24,53.68,264.57,0,No Failure,148.5,67.6
M,49.4,829.8,23.12,133.84,60.14,59.1,344.75,0,No Failure,156.4,70.4
L,52.0,965.35,26.45,123.22,67.97,53.45,327.34,0,No Failure,164.3,73.2
L,56.83,844.25,13.67,121.03,69.37,56.75,300.93,0,No Failure,176.6,77.5
M,41.23,859.33,1.0,131.67,58.3,55.13,208.397,0,No Failure,151.3,68.6
L,44.54,858.21,11.57,101.55,60.83,48.98,280.94,0,No Failure,176.2,77.4
M,42.97,849.01,16.46,107.13,59.05,39.03,323.5,0,No Failure,144.2,66.1
L,43.17,706.77,26.18,105.15,65.8,52.79,320.47,0,No Failure,170.0,75.2
L,35.84,810.18,23.8,110.16,64.73,52.25,306.1,0,No Failure,190.0,82.3
H,36.54,824.18,17.95,107.96,66.69,47.06,314.21,0,No Failure,184.8,80.4
H,49.07,815.21,37.07,120.9,69.76,45.79,351.32,1,Plasma Arcing Fault,1.8,21.7
L,50.93,986.26,14.64,120.83,58.94,49.91,285.21,0,No Failure,157.8,70.9
L,37.4,892.48,7.45,125.23,68.59,50.67,318.05,0,No Failure,176.4,77.5
M,40.11,780.75,24.5,103.19,65.44,56.2,286.64,0,No Failure,165.6,73.6
H,41.3,940.33,9.31,127.05,65.19,52.94,360.78,0,No Failure,165.5,73.6
M,41.6,745.53,20.6,128.69,64.53,43.16,360.43,0,No Failure,150.1,68.2
M,53.62,771.95,1.0,122.37,71.1,55.15,308.76,0,No Failure,151.7,68.7
L,45.86,794.9,16.79,95.18,64.86,53.26,286.47,0,No Failure,185.4,80.6
L,43.18,706.83,14.64,117.55,54.58,55.84,290.0,0,No Failure,149.4,67.9
L,59.79,779.11,32.84,129.5,68.18,51.93,287.68,0,No Failure,141.4,65.1
M,30.63,820.75,17.81,110.72,60.33,47.28,318.76,0,No Failure,163.3,72.8
L,50.95,744.43,20.23,112.12,71.43,55.74,263.02,0,No Failure,142.9,65.6
M,43.47,874.82,21.09,129.01,61.19,55.04,302.3,0,No Failure,195.9,84.4
L,43.95,788.97,18.65,127.98,61.7,51.45,288.27,0,No Failure,194.6,83.9
L,48.24,775.11,14.86,113.01,72.68,56.15,346.1,0,No Failure,155.7,70.1
L,44.0,870.1,26.4,129.64,61.08,52.61,279.52,0,No Failure,184.3,80.3
M,42.73,980.12,9.14,116.99,60.6,50.49,282.59,0,No Failure,162.0,72.4
M,42.17,828.86,18.09,117.27,67.15,48.27,337.87,0,No Failure,197.4,84.9
M,44.06,892.01,18.29,123.73,68.42,43.95,289.51,0,No Failure,185.1,80.6
L,40.2,852.7,10.23,112.71,70.29,50.19,266.11,0,No Failure,169.3,75.0
L,49.74,906.24,28.39,122.26,70.5,48.22,304.87,0,No Failure,172.8,76.2
L,45.28,822.9,24.5,172.168,72.59,49.4,324.52,0,No Failure,180.6,79.0
L,38.31,884.31,9.17,101.72,74.09,48.94,280.35,0,No Failure,139.2,64.3
M,31.66,918.06,18.05,125.76,65.41,48.27,388.15,0,No Failure,125.2,59.3
H,44.5,689.78,1.0,119.77,51.91,55.33,308.61,0,No Failure,146.4,66.8
H,49.6,791.41,13.12,145.34,59.93,43.07,294.12,0,No Failure,141.1,65.0
L,45.51,797.78,9.49,131.73,64.44,62.5,345.9,0,No Failure,158.7,71.2
M,44.52,609.643,25.89,106.98,58.36,54.48,308.29,0,No Failure,180.6,79.0
M,50.88,748.86,6.78,117.05,74.85,51.56,350.46,0,No Failure,137.5,63.7
M,43.68,896.9,6.19,110.56,68.64,42.9,308.54,0,No Failure,167.1,74.2
M,40.45,786.21,19.26,116.93,65.45,59.03,339.77,0,No Failure,170.8,75.5
L,46.92,921.19,16.91,95.34,63.46,48.16,326.23,0,No Failure,173.1,76.3
L,38.73,809.57,7.67,105.82,63.41,55.81,332.97,0,No Failure,163.5,72.9
H,42.51,783.39,29.86,125.36,54.26,58.46,300.02,0,No Failure,146.4,66.8
L,41.91,897.05,21.46,113.33,67.58,43.79,330.4,0,No Failure,173.9,76.6
H,67.68,810.75,10.02,116.38,62.95,52.04,301.38,0,No Failure,203.0,86.9
M,49.85,937.28,13.09,147.79,62.86,56.52,298.17,0,No Failure,153.4,69.3
L,56.06,953.75,26.27,136.57,60.96,47.64,318.92,0,No Failure,138.7,64.1
M,40.93,908.85,15.27,102.27,70.32,59.99,333.35,0,No Failure,150.7,68.4
L,36.79,924.84,7.72,102.76,70.21,52.47,307.98,0,No Failure,157.3,70.7
M,49.9,860.44,8.52,89.11,70.71,59.37,369.88,0,No Failure,119.0,57.1
L,57.26,888.53,17.35,108.67,66.06,72.41,306.07,0,No Failure,173.8,76.5
M,47.81,964.07,21.06,120.23,82.613,40.45,331.35,0,No Failure,161.9,72.3
H,50.38,726.0,7.3,122.4,64.32,51.0,317.49,0,No Failure,176.0,77.3
L,36.74,851.36,28.2,100.89,71.27,57.31,280.14,0,No Failure,128.0,60.3
L,47.06,784.29,17.81,123.2,60.14,58.6,263.16,0,No Failure,164.9,73.4
H,42.14,830.91,17.68,124.64,62.64,57.34,267.97,0,No Failure,184.0,80.2
M,39.43,796.83,19.73,117.1,66.97,48.69,220.43,0,No Failure,156.1,70.3
L,40.68,963.86,19.6,172.168,73.15,45.4,370.57,1,Chuck Thermal Excursion,12.5,16.7
L,45.44,830.67,21.99,126.7,57.47,34.7,295.58,0,No Failure,179.6,78.6
M,42.21,902.61,1.0,104.06,62.85,52.58,317.35,0,No Failure,171.4,75.7
H,56.19,839.64,33.25,120.37,55.58,57.52,366.61,1,Plasma Arcing Fault,9.7,13.0
L,46.8,895.19,32.87,144.26,62.18,50.65,315.09,0,No Failure,167.4,74.3
M,44.29,964.05,16.51,114.88,71.63,42.65,338.01,0,No Failure,151.2,68.6
L,37.19,773.76,18.01,127.29,71.61,54.24,298.85,0,No Failure,169.5,75.0
L,48.37,840.2,18.18,121.1,66.62,47.01,334.05,0,No Failure,200.3,85.9
L,45.12,835.58,4.0,128.0,58.88,38.61,314.61,0,No Failure,155.5,70.1
M,46.95,865.61,25.13,111.6,67.52,61.03,259.59,0,No Failure,159.5,71.5
M,45.16,829.43,11.05,123.19,65.26,50.35,310.41,0,No Failure,188.3,81.7
M,33.37,855.53,10.37,111.52,63.59,48.19,294.79,0,No Failure,172.8,76.2
M,39.24,766.28,22.7,127.01,68.37,50.47,303.51,0,No Failure,179.3,78.5
M,41.9,855.44,16.46,87.08,57.79,63.49,335.52,0,No Failure,135.8,63.1
M,40.94,898.33,10.8,120.88,68.95,60.45,315.27,0,No Failure,174.6,76.8
L,36.51,771.27,7.42,145.05,71.14,55.42,298.68,0,No Failure,133.2,62.2
L,41.83,894.11,26.97,112.55,64.3,49.47,298.15,0,No Failure,189.3,82.0
L,45.1,871.78,26.01,132.64,62.57,60.09,307.1,0,No Failure,182.7,79.7
L,48.82,828.49,23.23,109.1,63.13,54.62,337.74,0,No Failure,183.3,79.9
M,34.93,879.01,27.96,109.28,73.51,57.81,316.66,0,No Failure,144.7,66.2
L,41.14,766.31,24.46,134.18,68.2,41.04,208.397,0,No Failure,149.6,68.0
L,43.44,726.06,29.87,104.96,66.67,52.16,314.86,0,No Failure,171.0,75.6
M,51.28,820.01,15.62,127.24,65.24,53.77,302.42,0,No Failure,200.4,86.0
L,53.18,789.76,32.52,126.72,65.05,47.88,333.82,0,No Failure,159.6,71.5
L,42.52,861.91,23.22,117.76,58.61,56.95,316.24,0,No Failure,188.6,81.8
M,34.93,732.55,5.42,122.74,51.55,49.94,293.33,0,No Failure,120.4,57.6
L,42.33,901.2,2.66,117.9,71.47,43.86,313.83,0,No Failure,158.4,71.1
M,49.45,780.14,9.27,146.54,65.01,47.55,342.16,0,No Failure,150.0,68.1
L,54.5,807.16,6.42,111.45,60.39,54.46,306.95,0,No Failure,164.0,73.1
M,42.82,892.74,2.18,106.59,68.23,50.8,311.01,0,No Failure,177.5,77.9
L,48.22,762.19,19.7,129.32,70.95,41.87,296.17,0,No Failure,153.8,69.5
L,38.64,868.56,19.16,129.27,68.3,56.1,308.92,0,No Failure,191.1,82.7
M,46.86,849.73,25.97,111.27,79.51,52.78,324.79,0,No Failure,165.5,73.6
L,50.22,811.66,23.24,87.66,65.85,48.17,309.94,0,No Failure,169.1,74.9
M,32.05,728.61,28.65,118.43,61.74,57.71,350.74,0,No Failure,125.3,59.4
L,61.4,823.7,21.24,121.23,62.98,40.78,294.1,0,No Failure,150.8,68.4
H,43.07,828.82,7.95,108.55,66.46,46.59,309.42,0,No Failure,187.6,81.4
L,33.15,796.02,1.57,107.88,58.25,51.9,313.96,0,No Failure,145.3,66.5
L,47.05,891.45,23.67,116.08,65.04,44.9,264.94,0,No Failure,174.8,76.9
L,39.53,851.36,12.93,117.47,66.03,53.64,297.61,0,No Failure,200.3,86.0
L,26.43,882.21,-17.018,126.43,63.55,72.41,293.42,0,No Failure,164.0,73.1
M,56.82,945.82,15.48,116.8,65.48,52.62,261.55,0,No Failure,160.2,71.7
L,54.61,903.85,17.84,141.06,66.66,47.22,315.05,0,No Failure,167.4,74.3
H,52.35,827.79,7.91,113.31,64.56,52.88,305.67,0,No Failure,192.4,83.1
M,38.52,945.71,21.05,116.84,72.43,50.39,304.15,0,No Failure,169.9,75.2
L,35.17,955.91,26.01,145.81,62.37,43.04,208.397,0,No Failure,91.2,47.3
L,45.76,747.74,36.98,120.83,69.18,53.39,371.37,1,Plasma Arcing Fault,5.9,20.7
L,42.34,851.77,32.02,94.79,76.52,49.74,309.02,0,No Failure,149.8,68.1
H,35.39,957.1,12.79,143.06,61.01,51.37,298.23,0,No Failure,147.3,67.2
L,39.99,861.83,18.93,108.4,69.52,44.87,334.9,0,No Failure,170.8,75.5
M,35.74,859.23,20.23,101.96,58.26,54.83,367.19,0,No Failure,142.4,65.4
L,44.54,874.13,17.61,96.28,60.09,50.57,293.8,0,No Failure,184.6,80.4
H,44.4,796.69,26.93,116.0,66.22,58.87,310.31,0,No Failure,189.8,82.2
M,52.21,852.56,23.85,143.17,79.99,55.11,349.39,0,No Failure,124.2,59.0
M,57.86,842.62,33.5,123.94,65.16,40.23,348.98,1,Plasma Arcing Fault,6.0,17.8
M,43.18,808.52,1.58,104.68,62.29,47.04,324.16,0,No Failure,161.5,72.2
M,54.02,827.87,5.21,111.0,70.76,50.44,308.49,0,No Failure,167.0,74.1
L,34.63,858.71,23.71,112.53,66.0,60.38,352.88,0,No Failure,154.9,69.9
M,50.67,906.12,27.53,123.46,62.13,48.41,308.34,0,No Failure,180.5,78.9
M,41.52,840.42,1.0,141.85,65.85,56.8,342.61,0,No Failure,153.9,69.5
L,43.58,831.14,28.22,120.73,66.07,45.64,300.37,0,No Failure,193.8,83.6
L,49.76,931.53,23.44,144.23,64.1,50.6,283.92,0,No Failure,161.8,72.3
M,39.02,935.32,23.61,112.15,70.56,56.18,314.36,0,No Failure,164.5,73.3
M,33.29,973.75,7.92,117.51,67.77,55.51,367.59,0,No Failure,126.1,59.7
H,48.92,958.71,16.51,127.74,62.55,48.73,331.33,0,No Failure,173.0,76.3
H,42.05,824.3,17.38,90.3,62.89,51.45,377.27,0,No Failure,157.7,70.9
L,45.11,799.0,24.15,125.55,69.65,49.47,302.26,0,No Failure,191.3,82.7
L,40.36,844.87,31.48,119.09,58.44,50.07,285.2,0,No Failure,172.6,76.1
M,48.5,768.31,18.05,110.4,61.42,60.01,267.94,0,No Failure,133.2,62.2
M,40.32,785.36,29.36,126.66,67.99,58.76,335.8,0,No Failure,155.1,69.9
M,52.13,892.75,18.53,104.89,58.98,51.74,310.41,0,No Failure,175.9,77.3
M,45.64,801.99,26.25,101.28,62.02,49.32,277.59,0,No Failure,167.1,74.2
M,41.72,896.85,35.76,133.91,77.76,45.57,324.69,0,No Failure,123.9,58.9
M,51.48,924.2,-17.018,107.4,61.74,48.15,323.56,0,No Failure,163.0,72.7
L,44.95,920.85,1.0,114.23,54.48,63.43,247.07,0,No Failure,105.3,52.3
L,58.76,822.02,19.12,127.96,63.91,55.6,303.89,0,No Failure,179.2,78.5
L,32.3,842.96,21.83,133.33,54.8,57.91,293.63,0,No Failure,140.0,64.6
M,46.15,934.09,6.28,108.46,64.89,52.61,321.72,0,No Failure,183.9,80.1
M,46.75,998.72,39.5,113.88,70.33,47.51,333.96,0,No Failure,129.6,60.9
M,42.23,891.06,7.1,108.83,59.03,48.37,319.1,0,No Failure,168.0,74.5
M,40.55,918.18,14.8,98.24,69.12,47.64,346.25,0,No Failure,149.5,67.9
H,35.0,739.77,25.43,119.19,65.26,52.29,326.57,0,No Failure,173.5,76.5
L,43.77,793.33,33.25,124.03,64.88,53.58,245.49,0,No Failure,163.5,72.9
L,44.96,822.7,21.29,99.26,74.06,54.71,337.84,0,No Failure,162.8,72.7
M,54.32,844.43,1.0,116.6,63.43,41.78,319.09,0,No Failure,155.9,70.2
M,33.23,833.36,23.92,121.47,71.7,57.49,286.78,0,No Failure,156.3,70.4
H,39.72,910.73,15.42,122.96,66.24,59.0,344.07,0,No Failure,171.2,75.6
H,39.34,905.08,2.04,114.12,65.82,56.71,368.45,0,No Failure,144.3,66.1
M,48.53,913.13,15.61,139.49,61.01,47.72,299.7,0,No Failure,169.2,74.9
M,44.31,794.92,30.72,139.27,67.69,50.64,319.38,0,No Failure,173.9,76.6
H,41.75,961.99,1.0,95.02,70.49,51.89,269.69,0,No Failure,103.4,51.6
L,39.19,788.19,1.0,114.93,56.29,51.37,259.08,0,No Failure,133.2,62.2
M,38.27,846.64,16.84,125.78,64.54,54.41,285.76,0,No Failure,197.8,85.1
M,46.76,966.02,16.59,138.77,61.92,48.14,277.23,0,No Failure,156.7,70.5
L,47.41,800.81,16.25,125.09,59.65,59.83,313.59,0,No Failure,180.2,78.8
M,46.86,914.68,16.58,110.52,60.22,54.49,298.34,0,No Failure,185.3,80.6
M,49.16,784.12,30.73,118.39,71.41,53.09,345.35,0,No Failure,158.6,71.2
M,42.54,849.01,1.0,117.77,55.6,49.54,307.74,0,No Failure,164.5,73.3
M,37.47,844.03,11.93,138.94,62.3,48.09,259.77,0,No Failure,152.7,69.1
L,47.46,958.11,9.39,117.38,67.72,51.42,304.31,0,No Failure,184.7,80.4
M,35.05,874.88,15.71,141.27,59.54,54.73,315.48,0,No Failure,163.5,72.9
H,53.26,776.31,33.61,115.05,47.757,44.67,274.86,0,No Failure,139.7,64.5
H,37.13,786.39,13.03,130.13,60.9,57.54,307.13,0,No Failure,165.1,73.5
H,37.73,889.97,14.08,87.92,55.32,52.99,285.52,0,No Failure,136.3,63.3
M,48.41,800.25,6.98,99.67,55.43,48.61,365.09,0,No Failure,123.4,58.7
M,55.16,723.69,22.33,97.56,70.4,57.02,279.95,1,Chamber Vacuum Drift,5.3,12.5
M,52.72,985.24,29.44,119.01,65.15,55.87,325.17,0,No Failure,159.4,71.4
H,22.185,794.24,7.29,124.98,63.23,43.31,314.96,0,No Failure,153.5,69.4
L,58.28,946.69,30.07,115.79,65.59,61.93,286.37,0,No Failure,130.7,61.3
L,43.64,894.9,25.72,112.94,65.68,37.46,324.15,0,No Failure,164.3,73.2
M,42.13,839.27,10.9,125.16,65.45,53.56,293.03,0,No Failure,202.6,86.8
M,46.57,772.38,17.27,129.01,62.82,62.26,340.43,0,No Failure,163.6,72.9
L,43.02,871.79,10.08,104.44,62.86,47.17,267.44,0,No Failure,165.4,73.6
M,52.19,882.37,27.23,132.95,72.67,53.4,342.1,0,No Failure,150.1,68.2
M,45.68,892.8,14.52,102.73,64.31,58.05,322.19,0,No Failure,184.5,80.3
L,47.47,936.5,21.17,107.51,55.83,49.68,354.69,0,No Failure,145.6,66.6
M,47.44,849.01,32.9,119.0,69.0,33.77,235.84,0,No Failure,136.1,63.2
M,38.67,961.6,15.83,118.38,62.7,47.73,307.36,0,No Failure,179.2,78.5
L,46.24,791.41,19.76,120.1,65.52,56.86,278.76,0,No Failure,175.9,77.3
L,39.85,927.01,10.79,132.39,61.71,57.18,361.25,0,No Failure,142.4,65.4
L,45.65,923.6,14.06,136.52,65.57,50.74,297.18,0,No Failure,190.1,82.3
H,47.48,806.54,1.65,107.0,66.79,59.07,301.08,0,No Failure,161.9,72.3
H,43.54,872.91,11.19,107.82,66.22,54.63,314.0,0,No Failure,198.2,85.2
L,43.29,791.82,21.5,112.5,66.3,48.39,292.2,0,No Failure,190.1,82.3
M,42.9,877.88,25.06,122.21,63.31,49.81,300.76,0,No Failure,202.3,86.6
M,51.08,786.61,35.17,124.45,63.23,53.89,345.36,1,Plasma Arcing Fault,2.9,25.6
M,43.46,771.48,8.63,117.79,59.45,55.01,344.65,0,No Failure,164.0,73.1
H,41.4,770.31,9.03,135.88,66.46,54.15,335.55,0,No Failure,164.7,73.3
L,48.25,747.23,20.93,111.38,67.36,51.83,337.33,0,No Failure,177.9,78.0
H,38.79,892.16,24.18,139.34,82.613,45.99,349.16,0,No Failure,151.7,68.7
H,40.75,815.1,22.5,122.8,63.46,45.18,346.28,0,No Failure,174.8,76.9
L,35.72,842.45,15.13,139.05,56.42,41.31,380.47,0,No Failure,109.4,53.7
L,54.96,792.3,14.79,144.22,67.3,46.51,296.34,0,No Failure,150.5,68.3
H,49.69,812.72,14.13,133.41,68.06,65.25,350.49,0,No Failure,141.4,65.1
H,45.39,841.63,27.29,119.0,59.28,47.71,301.69,0,No Failure,191.9,83.0
H,37.39,903.05,18.92,172.168,59.4,53.14,313.03,0,No Failure,160.3,71.8
L,51.06,862.6,17.49,101.99,61.86,53.73,290.64,0,No Failure,182.8,79.7
M,42.52,826.89,1.0,114.33,65.08,49.4,252.54,0,No Failure,164.7,73.3
L,67.68,870.81,27.31,131.89,72.39,59.01,308.44,0,No Failure,164.4,73.2
L,46.8,829.72,26.12,94.75,71.21,47.93,286.96,0,No Failure,156.1,70.3
H,45.42,695.6,3.63,118.11,61.24,62.39,319.24,0,No Failure,142.7,65.5
H,49.92,847.02,19.02,120.16,66.47,56.57,306.49,0,No Failure,209.5,89.2
M,47.85,837.03,26.39,127.08,62.92,49.63,340.5,0,No Failure,185.1,80.6
H,50.1,757.6,22.94,137.93,73.79,51.84,324.55,0,No Failure,151.9,68.8
L,43.53,850.04,22.79,100.27,66.27,45.69,374.15,0,No Failure,159.7,71.6
H,50.05,791.77,14.78,138.86,66.22,49.15,410.991,0,No Failure,176.6,77.6
L,50.8,866.57,9.91,118.93,62.01,54.68,286.31,0,No Failure,184.1,80.2
L,49.82,792.03,17.18,143.25,57.29,53.16,322.05,0,No Failure,162.3,72.5
L,48.99,679.29,24.68,125.43,71.93,49.33,296.7,0,No Failure,147.2,67.1
L,57.72,741.32,1.29,143.28,60.22,59.1,292.01,0,No Failure,101.8,51.1
H,46.2,842.62,31.48,103.26,65.37,57.14,348.82,0,No Failure,162.1,72.4
M,52.46,828.96,8.43,114.52,61.23,53.05,308.64,0,No Failure,185.8,80.8
M,42.33,727.83,13.71,172.168,69.51,54.77,277.84,0,No Failure,145.6,66.6
H,46.16,828.11,16.75,139.66,74.04,53.71,322.71,0,No Failure,175.4,77.1
H,38.32,843.04,19.79,115.61,68.54,45.99,334.88,0,No Failure,179.6,78.6
L,49.84,861.99,22.15,124.33,69.19,59.29,273.05,0,No Failure,168.3,74.6
H,48.73,852.63,20.79,110.44,64.9,42.37,283.37,0,No Failure,180.4,78.9
L,38.87,772.35,2.66,118.77,67.45,47.56,304.92,0,No Failure,166.2,73.9
L,51.15,829.36,12.89,138.98,63.46,57.55,311.66,0,No Failure,177.0,77.7
M,52.52,868.51,24.57,124.03,61.49,54.97,301.86,0,No Failure,184.6,80.4
L,44.95,933.92,14.79,101.35,74.09,56.28,295.99,1,Chuck Thermal Excursion,13.1,23.0
M,41.87,812.24,13.03,92.61,68.42,56.83,327.3,0,No Failure,160.8,72.0
L,40.46,769.6,20.33,122.99,71.17,51.94,314.35,0,No Failure,186.8,81.2
L,37.76,839.69,14.49,138.48,57.03,45.22,304.97,0,No Failure,156.5,70.4
H,44.59,842.62,11.01,120.17,74.76,48.6,335.46,0,No Failure,163.4,72.9
L,40.91,788.64,22.52,106.04,70.73,54.3,248.97,0,No Failure,145.8,66.6
H,50.77,834.97,17.845,124.17,65.4,50.0,274.3,0,No Failure,184.0,80.2
L,48.1,809.45,15.55,143.59,73.01,47.79,317.54,0,No Failure,160.9,72.0
L,46.62,749.54,1.0,120.51,60.39,41.81,259.6,0,No Failure,126.9,59.9
L,44.99,827.3,26.59,126.17,68.39,52.83,331.83,0,No Failure,194.3,83.8
M,46.14,848.26,29.33,105.86,60.25,50.45,378.76,0,No Failure,155.8,70.2
L,53.14,868.95,26.83,122.0,70.04,43.79,329.11,0,No Failure,159.0,71.3
M,35.2,882.87,17.88,120.63,65.3,50.8,292.88,0,No Failure,198.4,85.3
M,42.85,912.59,28.15,132.4,75.23,48.24,351.2,0,No Failure,136.5,63.3
M,41.29,822.49,13.64,114.77,64.69,50.57,277.77,0,No Failure,194.3,83.8
L,44.32,757.2,19.92,134.55,60.22,55.8,294.81,0,No Failure,171.3,75.7
L,46.03,842.03,19.37,115.4,73.72,57.85,330.87,0,No Failure,179.8,78.7
M,30.43,971.36,12.23,112.08,65.89,42.9,311.2,0,No Failure,140.3,64.7
L,46.63,967.05,19.44,121.7,67.06,31.842,341.72,0,No Failure,170.4,75.3
L,47.3,844.14,12.91,131.92,59.45,53.82,328.1,0,No Failure,185.4,80.7
L,40.27,852.85,18.32,131.45,65.53,49.56,325.81,0,No Failure,201.9,86.5
L,39.26,862.84,11.29,132.39,65.07,55.61,296.93,0,No Failure,187.2,81.3
M,38.09,910.79,30.4,111.58,61.09,47.34,320.39,0,No Failure,157.9,70.9
H,38.79,892.21,29.09,115.48,63.74,47.02,291.44,0,No Failure,171.8,75.9
M,45.53,788.4,27.14,114.75,71.9,49.33,208.397,0,No Failure,171.0,75.6
M,50.17,866.83,23.33,129.34,72.39,60.71,301.57,0,No Failure,161.2,72.1
L,41.02,868.0,9.81,101.79,61.85,59.12,356.57,0,No Failure,148.2,67.5
L,51.03,790.69,20.73,140.17,58.75,51.84,325.99,0,No Failure,164.3,73.2
L,44.81,819.57,10.94,129.28,69.64,53.56,324.92,0,No Failure,189.4,82.1
M,43.32,736.8,19.25,126.59,61.46,53.79,303.92,0,No Failure,186.6,81.1
M,53.96,921.16,9.73,122.62,61.64,52.01,281.68,0,No Failure,167.2,74.2
M,40.21,762.23,11.27,98.82,63.86,45.9,298.3,0,No Failure,156.2,70.3
M,48.33,916.03,12.64,115.35,69.81,59.08,324.63,0,No Failure,167.8,74.4
M,57.77,916.97,16.26,119.38,62.22,55.51,310.41,0,No Failure,167.8,74.4
M,44.65,852.5,7.24,113.64,72.5,50.28,348.55,0,No Failure,172.3,76.0
M,43.28,876.65,25.71,118.22,67.83,55.67,310.55,0,No Failure,200.2,85.9
M,38.62,861.16,18.34,115.87,68.86,54.64,327.53,0,No Failure,192.8,83.3
M,42.4,939.37,21.41,132.21,72.88,60.48,289.41,1,Chuck Thermal Excursion,3.6,21.3
M,49.92,794.98,20.56,109.52,72.39,54.48,316.3,0,No Failure,173.1,76.3
L,48.67,791.37,18.32,117.9,62.01,46.76,282.23,0,No Failure,175.3,77.1
H,45.32,886.84,14.18,139.59,61.59,55.38,273.92,0,No Failure,171.0,75.5
H,39.87,726.53,10.38,115.59,71.3,61.36,312.03,0,No Failure,144.9,66.3
L,67.68,824.8,1.04,129.94,65.39,46.75,354.27,0,No Failure,160.8,72.0
L,57.69,931.11,7.2,105.73,67.21,44.76,299.47,0,No Failure,135.7,63.1
H,47.02,914.66,15.13,117.58,64.76,52.31,344.7,0,No Failure,196.9,84.7
L,57.73,829.48,19.38,99.69,66.13,50.78,305.97,1,Chamber Vacuum Drift,8.2,32.8
L,48.06,825.26,21.15,120.1,67.89,53.28,325.66,0,No Failure,202.5,86.7
L,53.68,848.56,26.45,99.93,57.34,55.95,287.76,0,No Failure,146.0,66.7
M,53.41,918.19,-17.018,99.45,66.58,53.44,310.22,0,No Failure,157.6,70.8
H,45.53,893.11,24.09,87.46,59.99,51.87,322.43,0,No Failure,168.3,74.6
M,53.94,715.33,16.64,126.08,67.37,51.53,276.3,0,No Failure,159.5,71.5
M,44.0,716.06,27.01,134.93,59.4,60.83,304.43,0,No Failure,141.2,65.0
M,49.38,847.74,-17.018,93.52,60.83,48.59,344.69,0,No Failure,157.8,70.9
M,47.85,908.78,15.71,102.27,58.42,50.02,326.81,0,No Failure,168.7,74.7
L,38.9,856.24,52.656,107.34,72.12,46.39,319.87,0,No Failure,147.1,67.1
M,49.8,869.62,32.35,68.002,69.47,53.96,311.29,0,No Failure,178.2,78.1
M,50.28,798.79,18.05,106.58,69.54,46.15,312.06,0,No Failure,174.0,76.6
M,53.24,878.49,7.62,122.93,65.45,52.04,316.33,0,No Failure,192.9,83.3
M,48.16,817.3,31.42,111.86,63.3,72.41,281.47,0,No Failure,178.2,78.1
L,46.09,761.13,16.31,113.58,67.08,55.54,295.81,0,No Failure,188.4,81.7
H,36.34,903.51,26.22,119.4,64.55,46.14,333.26,0,No Failure,169.8,75.1
M,47.09,840.46,24.79,126.03,61.46,60.15,344.9,0,No Failure,170.1,75.3
L,41.55,824.43,29.34,107.37,56.11,57.35,332.31,0,No Failure,148.6,67.6
L,49.02,882.76,15.14,112.58,60.67,31.842,280.57,0,No Failure,175.8,77.3
H,43.71,884.93,27.54,103.05,65.12,47.9,297.32,0,No Failure,182.6,79.7
L,49.42,821.42,19.26,122.47,66.26,49.14,329.66,0,No Failure,199.6,85.7
L,51.58,852.0,33.39,105.63,67.34,47.17,298.57,0,No Failure,164.4,73.2
L,37.6,948.93,16.62,122.15,63.68,47.04,286.12,0,No Failure,170.8,75.5
L,40.61,897.98,1.0,140.79,65.1,57.64,330.24,0,No Failure,151.0,68.5
M,49.56,884.59,14.39,113.63,68.34,57.06,292.69,0,No Failure,180.5,78.9
M,51.87,883.84,32.94,129.48,69.64,50.02,296.71,0,No Failure,162.1,72.4
M,40.15,856.94,17.81,128.26,68.74,53.2,323.95,0,No Failure,198.9,85.5
L,45.5,965.78,16.16,156.03,70.3,45.44,298.0,0,No Failure,139.1,64.3
M,47.95,862.01,14.99,131.0,58.75,50.42,311.0,0,No Failure,193.5,83.5
M,45.68,1052.77,40.98,134.46,59.15,53.17,301.82,0,No Failure,126.4,59.8
L,47.24,901.28,16.53,100.09,65.97,46.95,279.41,0,No Failure,172.2,76.0
M,46.26,784.45,20.22,105.97,65.26,48.57,310.6,0,No Failure,196.8,84.7
M,55.97,920.56,1.17,118.46,63.33,48.66,311.73,0,No Failure,161.1,72.1
L,53.34,884.24,20.92,94.48,64.46,53.64,321.64,0,No Failure,173.8,76.5
L,43.39,820.97,14.26,134.82,67.16,51.59,338.95,0,No Failure,189.0,81.9
M,51.2,903.47,4.89,112.8,63.5,53.21,346.14,0,No Failure,164.0,73.1
L,50.61,926.75,16.01,105.41,67.46,61.83,347.44,0,No Failure,144.4,66.1
M,51.48,928.92,19.17,100.77,64.53,49.32,296.1,0,No Failure,173.7,76.5
H,44.42,864.89,17.29,130.16,65.25,51.93,303.09,0,No Failure,220.3,93.0
L,43.29,944.72,21.04,117.84,65.3,50.71,282.23,0,No Failure,179.5,78.6
M,50.79,847.94,25.47,120.74,68.43,59.87,344.22,0,No Failure,169.0,74.9
M,38.16,982.1,38.45,110.81,67.87,64.56,304.97,0,No Failure,116.5,56.3
H,40.74,864.32,30.43,96.27,68.9,58.77,269.4,0,No Failure,138.5,64.0
M,41.8,860.5,20.08,130.17,67.81,61.98,279.22,0,No Failure,169.7,75.1
L,46.98,908.57,11.54,125.67,68.49,57.33,279.9,0,No Failure,170.4,75.3
H,50.55,896.53,37.73,120.37,65.95,40.14,292.46,0,No Failure,142.9,65.6
H,42.98,871.41,6.38,119.93,62.59,58.93,312.19,0,No Failure,188.9,81.9
L,47.45,953.02,8.35,105.98,70.65,58.65,311.82,0,No Failure,151.6,68.7
L,35.58,838.01,22.23,123.37,65.02,48.26,320.05,0,No Failure,192.9,83.3
L,48.23,846.93,22.73,115.22,61.07,70.85,287.31,0,No Failure,157.2,70.7
M,31.81,757.57,5.85,116.57,69.97,53.7,269.2,0,No Failure,132.0,61.7
M,57.03,882.22,3.4,102.71,67.16,54.41,271.9,1,Chamber Vacuum Drift,6.1,18.8
L,39.74,839.57,17.74,149.94,60.62,54.22,313.44,0,No Failure,176.7,77.6
M,41.92,725.03,14.09,106.91,65.45,57.77,335.16,0,No Failure,151.3,68.6
M,42.19,857.29,22.04,120.03,64.97,42.25,269.06,0,No Failure,173.5,76.5
L,50.47,946.9,52.656,126.63,60.5,61.39,276.05,0,No Failure,145.9,66.7
L,40.83,936.68,6.57,101.73,72.16,58.22,299.51,0,No Failure,137.0,63.5
M,24.75,817.44,26.97,153.15,63.03,51.86,260.56,0,No Failure,116.4,56.2
H,30.49,754.24,29.73,103.82,66.63,51.16,316.2,1,Chamber Vacuum Drift,10.3,20.6
H,47.8,869.24,30.1,121.68,62.68,67.41,321.23,0,No Failure,160.1,71.7
M,53.99,952.36,13.32,97.09,65.34,52.7,298.15,0,No Failure,160.8,72.0
M,36.93,835.06,22.51,130.86,62.35,43.64,321.44,0,No Failure,167.8,74.4
L,46.72,916.8,21.02,130.37,61.34,59.78,295.78,0,No Failure,170.7,75.5
M,49.1,787.36,18.4,106.52,77.03,50.42,332.51,0,No Failure,154.6,69.8
L,45.12,867.79,14.21,92.83,73.07,46.6,282.56,0,No Failure,153.9,69.5
L,49.7,785.67,6.9,122.14,61.8,58.91,277.34,0,No Failure,155.5,70.1
M,41.11,798.21,9.71,123.03,64.61,56.06,328.39,0,No Failure,185.3,80.6
H,46.6,842.62,6.87,141.18,60.91,48.93,313.6,0,No Failure,172.4,76.1
L,49.85,1089.352,18.8,110.57,63.54,46.67,208.397,0,No Failure,197.9,85.1
H,42.35,792.99,13.57,125.15,70.39,49.62,301.06,0,No Failure,185.0,80.5
L,36.0,959.77,1.0,140.85,64.37,54.84,334.65,0,No Failure,131.0,61.4
M,45.76,843.12,18.2,135.3,70.63,48.23,330.6,0,No Failure,186.0,80.9
M,40.95,823.75,13.8,155.98,64.82,52.9,265.68,0,No Failure,159.7,71.6
H,56.44,953.49,2.97,120.63,64.51,52.32,317.35,0,No Failure,164.8,73.4
L,43.31,807.93,26.76,136.75,67.75,49.02,312.13,0,No Failure,182.0,79.5
L,36.46,873.46,14.89,111.95,73.83,58.92,282.51,0,No Failure,147.8,67.4
L,40.68,829.78,11.64,106.66,68.95,43.11,316.18,0,No Failure,167.5,74.3
M,38.63,819.26,29.43,117.94,60.97,40.78,323.04,0,No Failure,155.0,69.9
L,47.66,922.78,28.38,111.42,57.41,47.71,363.48,0,No Failure,136.8,63.4
M,54.08,893.71,22.64,134.66,66.18,50.96,292.65,0,No Failure,175.2,77.0
L,43.74,843.32,19.14,106.33,57.44,42.86,277.85,0,No Failure,160.6,71.9
M,51.84,876.55,16.18,132.24,67.15,51.66,296.02,0,No Failure,190.8,82.6
L,51.51,883.47,33.01,105.95,65.39,49.19,314.48,0,No Failure,172.8,76.2
L,43.17,741.04,25.68,141.33,60.74,48.04,286.79,0,No Failure,147.6,67.3
M,67.68,911.67,35.11,125.79,67.92,41.63,298.5,0,No Failure,146.8,67.0
M,45.88,747.43,27.85,100.88,66.14,52.63,242.89,0,No Failure,145.8,66.6
L,46.22,857.86,24.54,112.23,70.15,49.45,329.75,0,No Failure,187.8,81.5
L,40.58,761.15,17.59,127.36,65.3,45.99,208.397,0,No Failure,168.6,74.7
L,54.45,855.76,1.0,118.49,71.16,45.74,249.71,0,No Failure,129.1,60.7
H,57.37,854.97,17.32,136.85,71.17,47.01,313.18,0,No Failure,162.5,72.5
H,46.82,901.28,10.59,136.13,72.3,48.05,310.67,0,No Failure,150.4,68.3
H,43.4,752.07,27.78,116.01,67.97,46.06,317.73,0,No Failure,170.7,75.5
L,47.84,840.88,16.64,118.94,63.1,46.59,299.12,0,No Failure,204.6,87.4
M,43.3,904.2,13.8,121.82,61.81,52.92,319.11,0,No Failure,201.1,86.2
L,57.28,967.67,32.38,123.03,55.11,37.83,278.01,0,No Failure,85.0,45.1
L,44.95,806.12,9.72,115.35,63.86,51.91,324.53,0,No Failure,192.6,83.2
M,42.4,837.41,22.33,117.61,62.1,51.97,328.11,0,No Failure,205.8,87.9
H,57.62,811.77,17.37,107.98,64.62,51.66,265.53,0,No Failure,167.6,74.4
M,36.31,835.58,1.0,118.46,57.92,62.01,312.98,0,No Failure,145.0,66.4
L,50.03,945.59,18.11,115.27,62.0,46.8,332.96,0,No Failure,171.1,75.6
H,34.56,856.47,6.4,127.97,66.03,44.32,315.03,0,No Failure,166.4,73.9
L,45.66,836.84,24.67,105.45,74.63,51.51,323.17,0,No Failure,176.7,77.6
M,33.06,812.18,9.15,116.35,65.7,51.35,313.24,0,No Failure,184.1,80.2
M,44.14,847.52,31.05,90.79,65.33,42.46,329.22,0,No Failure,156.0,70.2
M,45.31,810.76,18.68,134.84,59.83,50.43,348.85,0,No Failure,177.8,78.0
M,48.2,855.91,29.46,109.12,59.17,49.27,301.09,0,No Failure,176.7,77.6
L,44.06,946.37,17.03,121.0,56.8,57.97,408.5,0,No Failure,159.8,71.6
H,41.35,761.4,13.85,125.54,66.55,56.2,368.63,0,No Failure,158.2,71.0
L,54.45,769.2,22.57,92.9,61.87,54.33,294.64,1,Chamber Vacuum Drift,7.2,21.9
L,60.25,744.35,6.6,96.36,67.24,51.16,342.48,1,Chamber Vacuum Drift,2.0,12.5
M,37.4,753.6,34.42,138.0,67.63,59.49,317.17,0,No Failure,131.8,61.7
M,52.18,874.0,17.34,119.38,73.21,46.05,410.991,0,No Failure,172.8,76.2
L,55.55,989.64,11.07,115.21,60.43,52.52,322.14,0,No Failure,152.2,68.9
H,45.85,819.97,17.845,123.92,54.37,58.85,285.48,0,No Failure,146.0,66.7
H,41.25,699.02,11.42,115.43,63.06,51.23,319.65,0,No Failure,173.7,76.5
H,42.91,856.97,20.35,111.48,61.57,60.19,351.03,0,No Failure,171.8,75.9
M,42.19,878.01,32.79,127.37,69.75,62.57,339.24,0,No Failure,145.1,66.4
L,43.3,877.05,7.38,144.9,61.99,43.7,350.18,0,No Failure,141.8,65.2
M,48.51,951.97,10.69,123.35,66.67,52.41,326.09,0,No Failure,183.2,79.9
M,47.93,800.76,17.3,100.08,63.04,67.59,267.07,0,No Failure,137.1,63.6
M,49.55,894.44,27.97,116.71,66.86,43.84,316.79,0,No Failure,174.0,76.6
L,41.33,867.62,18.42,97.65,71.4,55.85,410.991,0,No Failure,165.4,73.6
L,48.56,932.98,9.01,131.8,67.81,53.92,266.69,0,No Failure,156.0,70.3
H,39.89,854.82,12.5,115.82,71.51,56.88,326.89,0,No Failure,176.6,77.6
M,41.7,808.24,32.95,125.9,66.62,46.07,303.3,0,No Failure,173.9,76.6
L,54.09,769.0,11.0,105.66,64.59,56.63,323.04,0,No Failure,159.5,71.5
H,48.04,878.95,1.0,95.63,59.89,51.43,367.7,0,No Failure,134.4,62.6
M,39.68,877.05,12.81,121.39,64.91,45.39,310.41,0,No Failure,185.8,80.8
L,39.4,609.643,11.05,134.54,65.3,57.57,286.89,0,No Failure,164.5,73.3
L,44.95,851.36,15.16,133.79,67.27,51.02,318.66,0,No Failure,162.5,72.5
L,51.02,783.32,20.06,121.66,68.0,59.17,307.56,0,No Failure,180.4,78.9
M,48.39,889.95,24.86,142.32,67.09,51.58,325.94,0,No Failure,177.5,77.9
L,44.29,911.79,25.45,124.22,57.12,53.76,303.66,0,No Failure,180.5,78.9
L,51.03,920.31,1.87,119.95,64.04,56.63,305.4,0,No Failure,172.0,75.9
M,44.18,826.64,27.51,101.81,65.11,55.02,340.4,0,No Failure,179.0,78.4
L,43.57,768.33,15.62,115.97,66.06,48.11,311.02,0,No Failure,199.0,85.5
L,52.56,864.74,21.48,123.84,68.91,46.19,336.42,0,No Failure,172.8,76.2
L,49.86,906.97,27.7,120.1,71.78,52.66,273.88,0,No Failure,143.6,65.9
H,43.76,842.12,27.29,125.35,60.58,52.75,344.74,0,No Failure,185.5,80.7
M,48.97,764.09,8.16,137.01,71.88,48.58,297.2,0,No Failure,147.8,67.3
M,43.61,914.85,3.93,110.85,65.79,53.16,285.77,0,No Failure,176.9,77.7
H,41.17,975.59,14.86,113.23,66.66,40.81,304.22,0,No Failure,158.4,71.1
L,34.62,910.59,24.69,143.8,60.59,53.64,317.81,0,No Failure,150.8,68.4
M,40.52,813.47,30.3,97.42,61.04,45.17,331.82,0,No Failure,143.5,65.8
M,45.08,800.16,17.88,134.3,66.79,48.52,336.02,0,No Failure,188.6,81.8
L,49.3,829.97,14.54,122.76,65.3,54.08,294.86,0,No Failure,204.9,87.6
L,51.0,779.68,12.6,103.29,68.45,62.45,360.8,0,No Failure,126.9,60.0
H,44.33,706.75,27.42,116.0,59.22,48.68,368.85,0,No Failure,137.2,63.6
L,44.13,842.2,14.32,126.42,63.25,47.22,315.17,0,No Failure,205.3,87.7
M,53.46,982.3,24.39,134.48,74.27,44.53,299.58,1,Chuck Thermal Excursion,7.0,12.4
M,40.96,892.97,15.93,119.95,63.08,50.98,275.36,0,No Failure,194.0,83.7
M,39.23,781.15,1.34,132.85,64.41,50.71,243.91,0,No Failure,138.8,64.2
L,45.16,964.69,3.11,132.14,66.32,49.27,275.44,0,No Failure,154.6,69.7
L,47.56,960.42,8.51,135.17,63.45,51.7,313.48,0,No Failure,175.6,77.2
L,67.68,921.61,21.3,150.01,70.52,53.45,340.36,0,No Failure,147.3,67.2
L,44.5,848.38,17.13,127.29,63.64,43.88,340.19,0,No Failure,191.2,82.7
M,38.84,743.95,1.0,120.05,74.54,51.88,298.07,0,No Failure,146.0,66.7
H,39.08,890.69,25.39,114.37,64.41,45.57,297.29,0,No Failure,178.2,78.1
L,31.42,863.21,13.23,129.28,67.35,55.64,306.18,0,No Failure,173.6,76.5
L,41.74,863.51,16.49,97.4,69.14,47.91,354.72,0,No Failure,161.7,72.3
H,41.22,720.57,3.33,125.51,69.76,55.23,307.05,0,No Failure,154.7,69.8
L,37.09,821.26,12.56,123.16,67.96,49.95,309.09,0,No Failure,181.0,79.1
M,47.26,818.02,10.04,121.78,82.613,59.98,293.8,0,No Failure,157.9,70.9
L,50.29,805.85,33.52,119.2,67.47,53.71,318.31,0,No Failure,180.4,78.9
L,41.49,936.41,31.18,149.48,63.59,50.3,282.06,0,No Failure,144.1,66.0
M,67.68,835.73,17.7,124.01,67.07,53.71,340.64,0,No Failure,200.8,86.1
L,53.22,872.09,27.66,133.36,59.84,57.87,338.52,0,No Failure,146.8,67.0
M,32.31,928.63,27.65,125.62,68.32,55.96,358.23,0,No Failure,132.9,62.1
H,44.66,747.26,14.24,124.77,52.28,57.85,333.73,0,No Failure,144.9,66.3
M,40.52,849.01,27.72,124.17,82.613,47.47,301.28,0,No Failure,191.0,82.6
H,35.05,741.75,23.37,116.12,65.29,60.47,286.5,0,No Failure,150.1,68.2
M,48.11,823.57,14.94,114.52,64.17,54.64,333.68,0,No Failure,197.2,84.8
M,52.81,876.02,10.47,114.61,64.52,51.1,313.26,0,No Failure,195.9,84.4
M,49.06,879.55,1.0,129.42,68.9,51.8,334.57,0,No Failure,167.3,74.3
L,41.7,784.65,23.53,132.79,53.34,52.32,303.68,0,No Failure,161.2,72.1
H,44.71,790.4,17.82,119.84,62.22,63.89,313.96,0,No Failure,186.8,81.2
M,42.58,788.57,24.89,136.45,64.06,53.22,314.67,0,No Failure,187.6,81.5
M,46.14,952.41,17.99,105.69,63.47,52.59,297.25,0,No Failure,189.7,82.2
M,40.11,969.09,20.92,142.18,72.65,50.76,308.29,1,Chuck Thermal Excursion,4.7,24.0
H,42.42,922.67,36.37,123.24,72.55,48.21,250.45,0,No Failure,129.1,60.7
L,35.73,831.48,28.28,116.58,55.92,45.74,302.44,0,No Failure,152.1,68.9
L,41.36,930.53,18.36,125.43,65.31,56.86,330.38,0,No Failure,186.1,80.9
L,34.33,903.4,5.08,117.24,70.56,52.46,286.87,0,No Failure,155.4,70.0
L,47.43,779.06,28.32,120.95,58.57,55.82,312.57,0,No Failure,174.7,76.9
L,37.97,906.63,18.73,127.18,70.73,54.77,309.16,0,No Failure,180.7,79.0
M,43.61,864.11,16.95,68.002,62.54,46.81,350.99,0,No Failure,191.9,83.0
L,47.3,840.21,27.42,93.36,65.49,53.67,321.46,0,No Failure,182.0,79.5
L,45.34,902.97,16.92,104.77,64.29,56.71,331.3,0,No Failure,187.4,81.4
L,55.26,805.45,8.23,122.21,65.82,48.47,245.96,0,No Failure,149.1,67.8
H,35.51,861.38,16.53,146.37,61.47,49.58,322.34,0,No Failure,166.5,74.0
M,34.11,823.03,13.6,105.76,61.07,61.31,258.8,0,No Failure,130.4,61.2
H,39.08,773.08,12.96,108.97,70.99,50.19,256.41,0,No Failure,144.7,66.3
L,40.65,835.18,9.43,133.86,69.66,50.45,305.83,0,No Failure,182.1,79.5
M,44.05,930.39,6.9,141.82,75.99,47.82,320.06,1,Chuck Thermal Excursion,6.7,18.5
L,48.68,917.9,21.8,108.07,56.06,46.76,310.99,0,No Failure,161.3,72.1
L,40.24,726.3,1.0,124.38,71.37,53.43,291.67,0,No Failure,143.8,65.9
M,39.37,812.09,16.59,154.24,66.26,53.83,290.28,0,No Failure,166.2,73.9
M,57.19,843.28,22.19,120.44,61.48,50.64,343.23,0,No Failure,175.4,77.1
M,42.96,891.99,7.67,110.92,56.46,72.41,330.85,0,No Failure,163.0,72.7
M,38.45,875.87,10.91,141.78,57.99,56.24,291.68,0,No Failure,148.9,67.7
M,49.35,877.61,12.5,115.2,69.7,49.47,305.9,0,No Failure,190.1,82.3
L,33.7,784.2,33.32,157.87,59.77,44.61,262.24,0,No Failure,85.1,45.2
L,52.91,868.67,18.32,105.21,68.05,52.28,278.99,0,No Failure,179.2,78.5
M,40.59,886.44,3.45,120.7,69.05,50.81,355.82,0,No Failure,163.9,73.0
M,47.75,907.6,5.04,119.67,65.95,58.99,350.74,0,No Failure,162.6,72.6
M,45.1,881.36,18.05,133.66,65.81,52.6,379.91,0,No Failure,175.3,77.1
L,40.08,869.24,20.48,120.22,62.79,49.76,337.07,0,No Failure,196.1,84.5
L,40.27,928.92,18.32,124.36,72.55,56.69,310.25,0,No Failure,158.9,71.3
L,41.18,840.92,22.41,104.73,72.39,53.54,335.09,0,No Failure,171.1,75.6
L,43.69,786.8,15.64,108.9,56.35,46.63,329.23,0,No Failure,162.0,72.4
M,40.62,955.06,11.56,102.67,65.93,54.85,278.89,0,No Failure,156.9,70.6
H,37.53,770.35,32.6,172.168,66.79,50.48,288.91,0,No Failure,150.8,68.4
M,48.63,973.7,8.81,129.1,56.17,52.84,266.13,0,No Failure,134.9,62.8
M,42.45,918.56,30.34,103.71,65.36,54.55,287.44,0,No Failure,167.7,74.4
M,54.06,866.05,21.56,129.19,65.26,52.24,284.17,0,No Failure,188.4,81.7
M,33.48,865.77,26.11,120.03,70.1,53.29,332.17,0,No Failure,164.1,73.1
H,50.84,842.62,13.95,132.75,68.01,58.5,346.99,0,No Failure,151.2,68.6
L,45.96,898.26,19.34,107.8,66.29,59.54,269.2,0,No Failure,171.3,75.7
M,47.13,839.96,19.52,108.96,65.48,51.11,339.21,0,No Failure,202.3,86.6
M,39.06,853.13,6.59,106.46,66.47,44.32,374.3,0,No Failure,141.6,65.2
M,39.99,870.83,19.94,112.01,67.41,39.94,338.01,0,No Failure,163.2,72.8
L,30.94,894.3,1.69,130.74,67.26,49.45,298.72,0,No Failure,147.1,67.1
L,39.88,609.643,33.63,117.09,58.86,44.51,336.86,0,No Failure,137.9,63.8
H,43.71,844.63,16.77,116.67,60.95,47.27,334.91,0,No Failure,195.4,84.2
H,51.38,835.69,28.45,126.25,59.27,49.64,320.31,0,No Failure,174.3,76.7
M,36.35,813.46,5.18,132.46,65.44,45.6,332.0,0,No Failure,154.4,69.7
L,54.32,871.85,1.0,132.3,67.24,52.045,298.49,0,No Failure,162.8,72.6
M,46.37,810.9,7.85,128.76,68.81,54.7,267.71,0,No Failure,167.1,74.2
M,41.72,818.56,21.59,110.39,63.57,53.24,410.991,0,No Failure,200.6,86.0
M,40.85,882.29,21.91,143.07,67.76,62.04,336.43,0,No Failure,149.9,68.1
M,49.18,819.26,20.67,100.85,72.05,46.34,410.991,0,No Failure,160.8,72.0
L,35.34,835.58,28.82,128.66,61.92,46.99,303.25,0,No Failure,166.9,74.1
L,48.29,790.29,14.98,132.91,58.91,48.12,287.91,0,No Failure,165.3,73.5
L,46.11,799.97,12.18,109.63,66.4,48.36,290.33,0,No Failure,185.7,80.8
H,37.43,850.08,10.24,102.6,59.7,56.55,315.49,0,No Failure,165.8,73.7
M,49.12,918.33,34.21,98.94,73.62,49.18,334.54,0,No Failure,128.8,60.6
M,44.62,816.9,7.91,138.1,62.06,52.53,315.81,0,No Failure,182.8,79.7
M,44.43,876.88,29.13,172.168,68.81,45.53,268.55,0,No Failure,165.4,73.6
L,45.66,966.82,26.46,126.6,70.32,57.0,289.33,0,No Failure,157.4,70.7
M,45.58,752.39,9.93,122.57,65.27,55.24,291.96,0,No Failure,186.3,81.0
L,38.52,964.19,3.93,119.96,67.42,55.18,248.26,0,No Failure,136.1,63.2
L,38.4,890.02,23.68,139.32,68.09,44.93,288.87,0,No Failure,153.0,69.2
L,39.37,846.82,25.0,134.26,65.18,46.02,344.92,0,No Failure,170.3,75.3
M,34.38,771.85,7.33,136.26,68.26,61.85,329.99,0,No Failure,125.0,59.3
H,51.83,792.69,18.01,131.59,57.54,51.31,313.67,0,No Failure,176.6,77.5
L,41.72,870.6,30.35,107.89,62.63,48.77,296.93,0,No Failure,177.5,77.9
M,42.92,819.47,21.07,118.5,68.49,57.72,307.72,0,No Failure,197.7,85.0
L,45.46,748.65,11.36,106.26,76.32,55.28,266.77,0,No Failure,132.8,62.0
M,46.59,922.02,25.7,101.61,66.92,46.38,277.97,0,No Failure,157.0,70.6
H,43.56,801.74,13.44,136.32,67.47,49.39,311.6,0,No Failure,189.7,82.2
L,45.84,904.41,21.85,131.55,69.61,47.31,314.81,0,No Failure,182.6,79.7
M,41.01,829.28,13.99,150.93,58.92,62.83,353.34,0,No Failure,125.1,59.3
H,40.44,876.94,20.44,112.6,73.89,55.73,287.97,0,No Failure,168.0,74.5
L,40.86,832.13,17.68,109.94,68.28,52.045,315.3,0,No Failure,202.9,86.9
L,47.44,923.98,29.85,152.98,57.1,52.42,307.1,0,No Failure,144.5,66.2
M,42.6,864.7,29.86,103.53,59.96,45.19,303.5,0,No Failure,163.8,73.0
L,54.4,818.19,10.81,102.39,54.23,51.66,337.39,1,Chamber Vacuum Drift,8.8,19.5
M,50.6,879.61,10.9,124.55,70.82,44.79,307.29,0,No Failure,170.7,75.5
L,41.23,916.93,24.97,105.43,64.36,53.08,295.71,0,No Failure,181.7,79.4
H,41.18,883.02,37.87,122.95,67.79,45.9,282.09,0,No Failure,156.1,70.3
L,42.78,861.91,31.14,119.24,60.77,57.72,311.48,0,No Failure,185.8,80.8
L,46.1,855.12,20.66,132.4,61.87,54.91,309.09,0,No Failure,203.9,87.2
H,44.84,717.67,52.656,120.78,61.84,46.34,288.53,0,No Failure,169.5,75.0
L,50.85,893.51,24.77,95.86,63.33,54.68,328.57,0,No Failure,163.9,73.1
M,51.68,891.85,24.95,101.44,64.51,47.79,346.54,0,No Failure,158.4,71.1
L,44.01,793.0,23.1,130.44,61.6,44.87,313.59,0,No Failure,179.0,78.4
M,47.19,869.6,22.69,109.34,70.54,61.69,271.12,0,No Failure,154.8,69.8
L,46.21,831.67,14.81,116.6,76.99,52.99,330.9,0,No Failure,178.5,78.2
H,40.22,766.06,22.27,131.08,57.71,44.95,314.11,0,No Failure,154.3,69.6
M,49.68,895.81,28.1,120.03,67.8,52.89,251.25,0,No Failure,158.6,71.2
L,48.31,846.12,11.82,94.36,64.22,47.83,337.24,0,No Failure,171.8,75.9
L,46.01,927.93,4.56,87.72,62.91,51.87,321.63,0,No Failure,158.3,71.1
L,40.72,870.69,30.09,109.36,59.41,53.25,309.09,0,No Failure,158.2,71.0
M,31.13,757.69,5.7,118.56,60.76,51.48,320.52,0,No Failure,152.1,68.9
L,41.96,880.41,15.56,124.3,64.3,46.39,289.0,0,No Failure,192.9,83.3
H,48.15,988.15,10.39,101.05,67.42,65.39,299.11,0,No Failure,128.7,60.6
M,47.19,890.44,25.95,110.73,70.76,46.84,321.27,0,No Failure,171.2,75.6
M,38.05,801.72,22.78,125.72,56.14,52.86,302.09,0,No Failure,170.6,75.4
M,47.5,868.17,21.28,113.26,55.95,72.41,351.12,0,No Failure,167.2,74.2
L,31.69,831.97,20.57,105.35,65.71,47.43,323.68,0,No Failure,168.6,74.7
H,40.17,787.46,24.82,98.12,68.11,51.38,311.63,0,No Failure,173.6,76.5
L,41.49,823.28,16.26,113.38,72.09,51.68,339.56,0,No Failure,182.1,79.5
M,48.17,847.55,19.7,101.42,71.39,50.82,295.36,0,No Failure,183.5,80.0
L,44.41,832.35,24.78,123.62,56.37,46.66,318.52,0,No Failure,179.5,78.6
M,48.87,743.01,17.95,125.33,61.71,52.23,303.33,0,No Failure,190.3,82.4
M,43.8,881.4,19.18,121.92,61.59,55.07,340.99,0,No Failure,194.6,83.9
M,41.1,862.63,28.36,120.79,60.41,43.77,270.88,0,No Failure,160.2,71.7
M,38.25,874.38,33.47,86.87,63.9,51.19,327.56,0,No Failure,151.4,68.6
M,46.85,919.98,8.14,124.36,67.55,50.81,253.44,0,No Failure,164.7,73.3
H,51.01,788.48,10.1,124.83,58.43,46.09,306.58,0,No Failure,162.4,72.5
L,44.95,977.95,22.04,121.69,61.51,55.74,320.89,0,No Failure,160.4,71.8
M,34.78,829.15,20.95,107.42,67.37,58.86,325.5,0,No Failure,165.0,73.4
L,50.62,821.86,6.14,133.42,68.45,53.78,272.06,0,No Failure,158.5,71.1
L,43.02,924.62,9.22,142.6,54.8,45.31,308.87,0,No Failure,138.7,64.1
L,40.29,884.13,29.51,111.59,61.53,64.92,330.29,0,No Failure,145.5,66.5
L,51.31,672.84,5.61,132.51,80.6,45.7,318.37,0,No Failure,120.2,57.6
L,46.69,885.84,9.29,127.34,63.44,45.16,264.06,0,No Failure,164.9,73.4
L,37.42,883.64,28.36,118.37,61.49,50.78,305.48,0,No Failure,184.3,80.3
L,37.3,902.33,9.93,126.62,59.11,53.11,345.44,0,No Failure,156.8,70.5
H,36.94,735.82,19.55,120.54,64.56,45.09,300.46,0,No Failure,172.1,76.0
M,57.04,873.76,12.42,87.17,71.4,57.61,319.63,1,Chamber Vacuum Drift,10.0,16.5
L,50.68,885.27,12.65,133.33,50.92,46.63,299.46,0,No Failure,140.4,64.7
H,43.4,804.96,17.09,128.44,60.15,51.89,291.49,0,No Failure,167.6,74.4
L,37.06,884.94,18.66,159.93,51.83,45.24,353.27,0,No Failure,115.0,55.7
L,38.02,750.53,32.63,131.53,70.01,48.53,300.28,0,No Failure,143.4,65.8
L,46.47,974.22,12.01,139.33,71.93,47.24,335.73,0,No Failure,138.7,64.1
M,58.72,956.18,16.22,138.29,68.77,51.14,333.19,0,No Failure,142.5,65.5
L,48.26,919.66,33.26,124.5,47.8,59.18,288.21,0,No Failure,151.6,68.7
L,37.82,822.05,17.03,117.26,66.02,51.26,312.03,0,No Failure,208.4,88.8
M,45.42,767.95,30.35,120.03,47.757,48.6,323.56,0,No Failure,170.8,75.5
M,40.13,964.4,18.2,111.94,80.75,55.13,366.18,1,Chuck Thermal Excursion,10.7,12.7
L,42.63,911.43,34.97,128.87,64.67,56.89,289.26,0,No Failure,165.3,73.5
H,46.92,840.61,12.7,121.28,67.38,55.72,356.0,0,No Failure,186.2,81.0
H,38.31,756.87,5.59,101.63,62.87,60.93,295.15,0,No Failure,134.0,62.5
M,49.28,811.05,29.39,118.64,63.86,51.58,288.01,0,No Failure,189.5,82.1
L,47.93,880.36,31.63,147.25,67.09,62.55,319.19,0,No Failure,143.9,66.0
M,29.98,916.81,27.76,92.47,65.13,56.58,361.84,0,No Failure,114.4,55.5
M,54.95,866.84,19.14,123.3,57.14,56.96,251.9,0,No Failure,146.3,66.8
M,37.62,958.58,26.91,110.41,66.89,54.77,279.85,0,No Failure,151.5,68.6
H,61.62,794.31,1.0,118.9,67.77,49.31,329.59,0,No Failure,141.7,65.2
M,50.93,933.51,16.82,107.69,68.68,44.28,353.2,0,No Failure,144.6,66.2
M,50.81,846.88,21.13,120.72,62.77,57.63,322.65,0,No Failure,194.7,83.9
H,53.21,733.25,23.63,116.5,68.03,55.36,323.4,0,No Failure,162.1,72.4
L,40.68,896.52,12.48,143.27,62.61,56.23,387.85,0,No Failure,134.4,62.6
L,53.15,922.78,23.21,131.38,68.31,48.37,319.5,0,No Failure,164.8,73.4
L,46.87,809.04,14.8,134.65,68.08,45.77,284.8,0,No Failure,171.5,75.8
H,32.82,835.55,6.2,127.19,70.51,42.24,360.84,0,No Failure,120.9,57.8
L,46.12,849.77,19.67,108.53,54.6,49.21,315.78,0,No Failure,184.3,80.3
H,35.07,826.54,31.47,117.35,64.45,51.72,336.95,0,No Failure,175.6,77.2
L,36.89,792.55,35.47,125.72,65.28,48.52,287.79,0,No Failure,158.8,71.2
M,50.43,930.4,14.61,121.87,71.19,52.36,308.99,0,No Failure,185.2,80.6
H,52.32,837.9,28.04,129.28,64.37,56.8,287.68,0,No Failure,173.0,76.3
M,39.43,846.78,16.1,140.59,59.37,57.01,349.99,0,No Failure,155.9,70.2
L,39.95,876.11,9.99,118.05,65.3,58.55,329.96,0,No Failure,172.2,76.0
H,44.02,832.2,15.43,116.05,67.17,45.27,276.11,0,No Failure,186.9,81.2
H,54.59,761.12,17.28,96.0,68.58,54.59,311.49,1,Chamber Vacuum Drift,5.5,26.0
M,38.49,930.81,20.41,110.26,62.49,44.61,324.59,0,No Failure,162.8,72.7
H,41.11,904.28,14.01,129.73,65.11,45.55,268.77,0,No Failure,168.0,74.5
L,49.79,888.05,26.2,110.26,56.01,51.38,274.68,0,No Failure,155.5,70.1
L,46.38,852.82,26.02,112.15,66.05,31.842,286.69,0,No Failure,199.1,85.5
L,41.27,761.43,20.29,136.33,64.42,54.54,237.08,0,No Failure,150.0,68.1
L,45.41,902.73,23.15,134.34,79.53,44.36,346.95,0,No Failure,149.1,67.8
L,40.4,769.01,19.15,113.18,63.77,54.16,321.67,0,No Failure,189.8,82.2
H,42.19,866.9,18.41,128.07,66.04,46.4,320.56,0,No Failure,199.6,85.7
L,39.29,819.89,16.32,101.74,61.21,58.64,343.16,0,No Failure,157.1,70.6
H,51.31,804.41,31.48,120.37,71.29,56.95,298.33,0,No Failure,152.1,68.9
L,41.92,773.91,9.58,129.03,65.06,31.842,295.88,0,No Failure,166.8,74.1
M,50.1,830.68,27.82,136.62,62.92,48.5,313.15,0,No Failure,178.0,78.0
M,37.77,767.04,28.63,124.8,60.2,55.97,295.93,0,No Failure,155.9,70.2
H,43.16,877.66,14.22,101.88,65.72,48.71,269.0,0,No Failure,176.6,77.5
L,46.0,874.52,15.6,109.29,62.28,54.95,332.28,0,No Failure,192.6,83.2
M,45.58,914.05,19.84,120.03,59.41,54.91,324.05,0,No Failure,181.1,79.2
L,43.4,889.01,32.13,143.79,57.67,52.58,358.96,1,Plasma Arcing Fault,11.3,18.9
L,45.25,835.63,28.07,103.1,71.52,51.57,234.19,0,No Failure,148.5,67.6
L,43.31,609.643,23.33,113.44,63.93,64.4,318.12,0,No Failure,172.6,76.1
M,43.24,824.82,22.14,78.56,65.22,57.35,287.72,0,No Failure,170.0,75.2
L,41.17,839.05,1.0,106.44,72.99,42.55,291.74,0,No Failure,136.0,63.2
M,42.77,772.46,28.43,97.66,68.47,54.82,280.99,0,No Failure,150.6,68.3
M,41.46,743.11,14.09,120.55,68.3,47.34,288.57,0,No Failure,171.9,75.9
L,45.51,870.67,18.51,134.72,68.65,52.89,268.77,0,No Failure,186.5,81.0
M,36.45,726.36,20.7,99.24,69.67,55.66,337.12,0,No Failure,135.0,62.8
L,41.44,891.08,37.95,115.88,64.61,59.79,277.07,0,No Failure,154.0,69.5
M,46.33,839.74,12.34,120.6,65.1,66.96,315.34,0,No Failure,185.9,80.8
L,31.38,858.48,16.9,91.51,71.13,49.39,317.44,0,No Failure,150.9,68.4
M,34.82,937.39,4.42,118.73,62.6,59.4,336.29,0,No Failure,140.0,64.6
H,42.87,991.56,14.2,142.29,63.97,46.38,342.94,0,No Failure,145.0,66.4
L,47.25,868.86,22.66,122.64,60.77,60.56,299.6,0,No Failure,183.2,79.9
L,53.41,792.0,12.83,106.51,60.73,54.55,306.47,0,No Failure,168.2,74.6
M,49.94,722.34,13.83,101.16,57.06,52.15,410.991,0,No Failure,138.1,63.9
M,41.72,874.56,6.48,110.25,70.33,51.29,349.18,0,No Failure,165.2,73.5
M,52.65,774.98,19.87,136.66,72.58,56.4,307.97,0,No Failure,154.6,69.8
M,55.68,931.6,18.65,133.0,70.48,57.19,303.36,0,No Failure,153.6,69.4
L,45.18,893.71,21.86,111.82,59.35,60.73,295.13,0,No Failure,171.6,75.8
M,37.36,810.54,24.28,99.62,64.28,44.44,318.09,0,No Failure,160.9,72.0
L,35.76,788.52,5.12,113.22,66.38,42.15,324.06,0,No Failure,146.0,66.7
L,47.26,857.63,16.01,107.37,70.82,31.842,309.81,0,No Failure,192.1,83.0
L,40.23,895.6,24.29,130.8,52.91,41.81,325.61,0,No Failure,132.6,62.0
L,47.21,924.38,19.92,100.56,59.92,43.74,317.4,0,No Failure,158.9,71.3
L,40.3,889.35,18.27,110.95,61.42,67.27,208.397,0,No Failure,160.1,71.7
L,41.3,943.74,7.83,99.15,60.94,55.3,350.4,0,No Failure,137.3,63.6
M,50.75,839.51,18.71,118.4,63.52,60.25,317.73,0,No Failure,193.9,83.7
H,43.14,875.24,13.59,124.48,63.63,50.88,288.25,0,No Failure,202.5,86.7
L,47.37,782.24,23.56,126.05,63.72,49.33,305.9,0,No Failure,194.2,83.8
H,48.91,778.52,36.81,109.5,72.58,56.74,315.64,0,No Failure,142.6,65.5
L,39.44,803.05,10.28,112.51,66.17,38.46,309.09,0,No Failure,155.0,69.9
L,47.37,947.26,27.14,118.94,65.31,53.52,377.54,0,No Failure,162.3,72.5
L,52.96,820.13,18.32,124.87,67.1,53.07,268.26,0,No Failure,159.1,71.3
L,39.63,841.21,18.26,112.21,69.9,51.3,357.71,0,No Failure,179.1,78.4
M,54.71,804.78,22.75,117.1,71.0,45.19,347.67,0,No Failure,146.7,67.0
L,43.58,823.17,19.48,123.76,66.31,55.2,288.54,0,No Failure,203.1,86.9
M,45.72,836.71,11.62,113.89,71.62,48.13,260.27,0,No Failure,167.5,74.3
L,52.38,863.0,18.32,123.55,65.77,41.81,288.87,0,No Failure,169.0,74.8
H,46.91,764.25,52.656,89.52,59.85,56.52,330.6,0,No Failure,134.7,62.7
M,36.42,799.3,1.0,119.62,64.71,42.53,284.62,0,No Failure,148.6,67.6
L,49.17,750.83,16.24,151.37,63.36,54.42,369.03,0,No Failure,136.9,63.5
L,32.27,916.35,11.83,120.26,63.11,49.49,308.22,0,No Failure,176.1,77.4
H,42.01,922.79,24.66,109.85,73.92,40.65,280.16,0,No Failure,130.1,61.1
L,44.74,786.72,23.53,124.76,71.89,45.33,320.14,0,No Failure,172.1,76.0
L,36.15,735.86,32.4,109.86,73.15,64.23,299.4,0,No Failure,106.6,52.8
L,44.95,784.71,1.0,131.98,69.16,50.89,320.37,0,No Failure,149.5,68.0
L,42.79,898.86,37.31,105.12,68.69,47.92,309.09,0,No Failure,150.0,68.1
L,37.8,828.27,18.91,112.82,47.757,56.14,309.09,0,No Failure,186.0,80.9
L,38.49,896.58,36.67,120.1,63.94,49.04,307.78,0,No Failure,168.5,74.7
M,43.29,932.37,19.63,121.65,66.06,45.65,268.53,0,No Failure,175.7,77.2
L,43.93,800.99,6.21,132.11,69.32,51.29,346.07,0,No Failure,166.6,74.0
M,45.09,873.71,33.21,123.54,61.07,56.17,319.31,0,No Failure,183.2,79.9
H,51.86,715.85,21.55,91.01,67.33,56.57,322.46,0,No Failure,138.9,64.2
M,48.92,786.89,13.7,121.47,63.66,42.99,311.98,0,No Failure,183.1,79.9
H,43.35,809.23,28.57,120.18,74.91,48.86,292.54,0,No Failure,167.6,74.4
L,49.0,916.32,28.68,113.41,60.27,51.84,332.39,0,No Failure,170.4,75.4
M,43.22,768.45,9.32,123.48,61.85,48.99,290.97,0,No Failure,177.1,77.7
H,46.4,866.63,21.04,101.19,65.04,58.2,303.51,0,No Failure,191.8,82.9
L,45.37,828.66,24.58,119.97,67.0,55.8,251.58,0,No Failure,181.4,79.2
M,46.54,848.56,11.96,112.92,62.8,53.1,309.79,0,No Failure,211.5,89.9
L,45.78,843.39,3.73,121.79,72.54,53.33,343.44,0,No Failure,173.3,76.4
L,47.92,806.63,18.25,130.79,71.0,44.03,358.58,0,No Failure,152.6,69.1
L,38.54,891.58,5.33,129.85,60.97,41.68,319.41,0,No Failure,147.1,67.1
M,35.93,837.59,32.43,131.82,65.37,51.71,286.76,0,No Failure,171.8,75.8
L,46.36,1044.9,10.97,142.96,61.71,56.03,235.48,0,No Failure,107.3,53.0
L,49.64,916.01,14.48,109.15,72.96,54.15,289.22,0,No Failure,161.8,72.3
M,31.37,879.04,27.79,121.91,65.57,60.07,286.05,0,No Failure,154.2,69.6
H,40.93,1089.352,15.18,125.4,56.34,59.95,410.991,0,No Failure,166.3,73.9
L,39.0,884.49,24.34,115.05,76.81,57.47,300.76,0,No Failure,153.6,69.4
L,43.23,791.69,1.66,108.68,70.51,60.51,341.85,0,No Failure,136.5,63.4
L,37.24,845.42,24.31,122.99,65.66,61.77,340.64,0,No Failure,168.6,74.7
L,38.1,841.86,27.87,127.05,65.66,46.8,348.67,0,No Failure,168.1,74.5
M,44.85,849.01,27.42,107.21,66.71,63.6,208.397,0,No Failure,161.4,72.2
M,40.41,725.45,12.32,140.1,65.62,51.53,299.91,0,No Failure,167.8,74.4
L,46.24,885.53,14.9,137.43,65.9,57.17,296.42,0,No Failure,186.1,80.9
L,39.27,718.94,4.17,104.33,65.4,49.08,299.02,0,No Failure,150.6,68.3
M,33.37,787.49,27.86,109.31,66.69,59.63,324.64,0,No Failure,145.3,66.5
L,45.17,739.34,14.19,105.58,60.71,52.18,352.91,0,No Failure,162.9,72.7
L,44.95,695.43,9.45,123.68,62.43,54.18,333.19,0,No Failure,161.4,72.2
M,40.97,895.62,8.32,134.53,52.17,53.41,318.63,0,No Failure,148.9,67.7
L,43.8,840.05,1.0,112.13,61.43,48.95,321.84,0,No Failure,179.4,78.5
M,53.09,850.87,22.67,118.87,70.16,51.24,295.0,0,No Failure,190.1,82.3
H,41.46,850.25,12.27,118.99,71.08,49.04,288.88,0,No Failure,187.8,81.5
M,46.22,833.62,38.01,108.4,63.19,51.93,300.85,0,No Failure,183.8,80.1
L,47.04,888.18,18.32,130.94,61.35,41.5,281.06,0,No Failure,145.8,66.6
M,43.96,891.25,12.29,114.41,60.45,52.08,314.42,0,No Failure,199.9,85.8
M,49.99,818.63,24.15,116.45,63.95,45.36,251.58,0,No Failure,161.8,72.3
H,46.15,885.88,20.59,125.32,67.17,46.18,281.48,0,No Failure,186.3,81.0
L,42.56,1013.75,11.69,103.87,63.53,45.14,292.51,0,No Failure,145.3,66.5
L,49.78,909.67,31.0,129.38,72.65,52.86,343.06,0,No Failure,148.7,67.7
L,47.11,822.65,15.57,117.63,57.82,51.95,310.54,0,No Failure,202.8,86.8
M,38.75,835.67,28.03,128.14,65.04,55.72,310.34,0,No Failure,191.1,82.7
M,44.78,839.43,3.16,144.59,62.52,53.88,302.65,0,No Failure,176.4,77.5
L,40.11,783.38,22.1,135.21,47.757,60.71,357.21,0,No Failure,140.9,64.9
M,47.46,901.4,17.81,129.55,64.99,52.53,285.39,0,No Failure,186.8,81.2
M,49.54,757.91,6.89,99.83,66.18,53.89,355.71,0,No Failure,144.2,66.1
L,52.12,894.83,27.51,99.55,58.28,51.18,278.92,0,No Failure,144.6,66.2
M,47.86,814.68,10.63,134.2,67.61,54.02,307.59,0,No Failure,188.0,81.6
L,47.61,797.16,19.17,110.21,66.44,55.98,331.55,0,No Failure,187.2,81.3
H,39.73,813.04,22.57,121.38,68.67,53.79,308.36,0,No Failure,196.9,84.7
M,43.75,902.06,31.31,142.57,66.3,53.32,320.47,0,No Failure,172.8,76.2
M,42.88,774.0,7.1,84.99,60.0,49.29,327.24,0,No Failure,139.8,64.5
H,49.34,886.81,19.38,138.84,70.13,50.5,304.48,0,No Failure,181.1,79.1
M,37.88,911.88,34.41,115.22,63.31,57.55,317.66,0,No Failure,160.4,71.8
M,44.84,843.78,5.53,125.29,65.78,48.05,339.08,0,No Failure,188.8,81.9
H,40.08,800.21,17.54,140.73,62.27,47.42,308.69,0,No Failure,177.8,78.0
L,39.47,966.68,17.16,68.002,59.41,47.77,317.36,0,No Failure,161.2,72.1
M,49.74,847.99,29.62,122.7,64.11,53.06,292.21,0,No Failure,195.8,84.3
M,45.81,833.75,3.1,102.82,69.38,51.32,298.19,0,No Failure,176.5,77.5
L,41.67,853.53,18.32,132.24,55.27,56.8,312.77,0,No Failure,178.6,78.2
H,44.77,784.16,28.92,73.16,70.66,49.18,336.24,0,No Failure,151.6,68.7
L,47.66,831.57,13.86,86.83,69.02,52.0,289.58,0,No Failure,170.3,75.3
L,42.12,609.643,18.4,139.93,65.3,56.84,410.991,0,No Failure,166.5,74.0
H,59.04,899.78,25.91,118.92,66.43,48.52,281.31,0,No Failure,159.2,71.4
L,32.71,756.9,23.85,108.66,60.43,57.91,317.3,0,No Failure,142.3,65.4
L,44.61,954.36,20.0,126.11,64.59,56.25,356.12,0,No Failure,173.9,76.6
L,48.22,938.57,24.1,152.06,67.46,31.842,343.88,0,No Failure,143.3,65.8
L,55.99,898.91,11.61,135.34,65.24,63.3,283.57,0,No Failure,139.3,64.3
L,43.29,896.9,22.76,124.33,61.7,60.38,313.67,0,No Failure,183.1,79.8
M,44.63,772.49,9.05,108.86,63.21,51.83,313.42,0,No Failure,191.8,82.9
L,31.41,939.82,2.63,120.56,69.33,47.01,303.01,0,No Failure,140.0,64.6
L,58.5,1010.85,22.38,113.95,78.31,51.96,297.8,1,Chuck Thermal Excursion,9.9,12.4
H,39.43,959.53,19.86,121.34,69.51,51.53,264.36,0,No Failure,164.1,73.1
L,44.95,755.97,12.1,98.65,59.96,52.56,313.99,0,No Failure,156.2,70.3
H,51.29,911.8,16.87,127.01,72.51,54.04,313.76,0,No Failure,176.1,77.4
L,40.92,827.72,13.0,138.55,67.31,34.0,332.75,0,No Failure,142.0,65.3
H,49.53,811.09,9.64,87.03,69.58,50.03,310.08,0,No Failure,159.3,71.4
L,45.03,776.39,10.67,115.21,63.62,55.4,283.29,0,No Failure,183.6,80.0
H,52.75,843.02,1.67,95.18,64.52,44.68,316.28,0,No Failure,150.8,68.4
L,34.98,825.05,8.21,121.72,59.86,43.87,351.51,0,No Failure,141.5,65.1
H,38.19,747.14,21.83,113.0,67.02,53.04,281.14,0,No Failure,168.3,74.6
L,52.83,810.47,1.0,109.5,64.57,50.93,309.09,0,No Failure,164.2,73.1
L,40.16,816.94,21.88,135.21,62.55,54.62,360.15,0,No Failure,163.7,73.0
M,35.53,825.13,5.7,149.95,59.74,47.76,310.8,0,No Failure,140.7,64.8
L,41.28,850.28,32.11,113.94,57.53,46.88,242.55,0,No Failure,138.3,64.0
L,49.2,779.56,24.24,147.03,69.53,56.97,340.21,0,No Failure,140.2,64.7
L,43.37,897.83,20.1,103.01,63.77,52.87,320.08,0,No Failure,196.0,84.4
L,44.42,919.79,5.31,107.16,65.01,53.56,339.16,0,No Failure,174.9,76.9
L,44.3,818.3,11.05,133.78,65.04,58.17,301.7,0,No Failure,188.7,81.8
H,30.31,936.84,12.06,130.36,65.46,51.48,255.5,0,No Failure,141.2,65.0
L,52.62,895.08,3.22,124.89,65.56,51.59,288.37,0,No Failure,174.3,76.7
H,43.34,862.48,28.95,120.31,68.64,55.03,287.26,0,No Failure,188.5,81.8
H,36.08,809.96,19.53,112.25,70.58,36.62,341.85,0,No Failure,132.1,61.8
H,54.58,828.26,29.89,116.12,66.96,54.08,282.22,0,No Failure,168.9,74.8
L,57.4,861.76,23.53,112.51,75.47,51.26,343.58,0,No Failure,146.6,66.9
H,58.95,727.81,29.13,104.51,60.66,50.9,286.67,1,Chamber Vacuum Drift,4.2,14.5
L,58.05,931.05,6.84,131.53,67.96,54.89,365.17,0,No Failure,123.9,58.9
H,51.02,781.86,4.14,127.94,68.65,53.54,279.12,0,No Failure,155.1,69.9
L,51.35,805.56,15.81,147.73,71.29,49.2,352.58,0,No Failure,140.5,64.7
L,43.69,868.17,21.24,130.14,66.04,40.55,269.25,0,No Failure,167.2,74.2
M,35.07,752.19,18.04,101.69,59.72,54.45,309.96,0,No Failure,158.2,71.0
M,45.06,817.15,8.94,119.94,71.1,60.47,335.81,0,No Failure,168.6,74.7
L,39.4,837.2,30.67,125.83,61.67,50.9,308.11,0,No Failure,187.7,81.5
M,45.38,762.08,16.25,134.46,63.6,54.53,318.29,0,No Failure,189.5,82.1
H,41.33,813.4,11.45,139.39,63.76,57.51,267.04,0,No Failure,157.4,70.7
H,49.49,775.52,30.65,150.16,66.24,51.04,288.5,0,No Failure,150.1,68.2
L,48.68,879.88,4.13,123.77,58.07,48.78,335.01,0,No Failure,161.8,72.3
M,45.58,913.4,7.21,129.84,66.94,54.97,305.7,0,No Failure,185.1,80.5
L,49.38,875.63,26.99,106.37,64.8,49.72,328.51,0,No Failure,183.3,79.9
L,50.48,849.4,17.71,137.47,62.04,49.56,329.87,0,No Failure,186.0,80.9
L,49.88,851.36,13.11,88.38,51.2,50.51,288.53,0,No Failure,128.7,60.6
M,22.185,827.4,33.84,130.33,65.51,56.04,323.29,0,No Failure,177.6,77.9
H,49.25,834.4,8.42,122.43,60.76,58.54,310.87,0,No Failure,182.2,79.5
L,44.97,887.53,9.9,125.12,72.53,52.045,289.32,0,No Failure,177.6,77.9
M,54.49,713.12,23.68,138.46,65.14,48.23,309.55,0,No Failure,153.8,69.5
M,48.24,851.4,2.2,112.62,70.34,42.04,375.53,0,No Failure,130.3,61.1
H,46.06,823.3,9.14,121.13,59.99,39.89,302.24,0,No Failure,169.8,75.1
H,47.83,790.67,-17.018,172.168,75.27,51.63,313.84,0,No Failure,183.4,80.0
L,42.91,827.19,27.58,91.09,65.79,47.95,346.85,0,No Failure,158.0,71.0
L,46.93,851.69,22.45,104.0,67.74,53.82,311.27,0,No Failure,200.3,85.9
H,36.08,1022.7,13.36,119.22,65.67,58.08,301.95,0,No Failure,155.4,70.0
M,46.95,924.55,30.93,135.03,63.2,48.36,286.63,0,No Failure,160.9,72.0
M,47.18,911.84,11.88,98.69,59.27,56.01,378.61,0,No Failure,132.5,61.9
M,37.16,861.87,10.83,112.16,67.0,58.42,314.49,0,No Failure,178.2,78.1
H,44.49,904.1,1.0,116.07,74.81,62.47,319.73,0,No Failure,140.2,64.6
L,51.86,921.15,5.26,112.61,65.71,52.42,300.58,0,No Failure,176.5,77.5
M,45.73,798.16,9.49,136.43,71.98,47.27,302.82,0,No Failure,163.8,73.0
L,37.87,735.05,9.8,124.11,57.98,58.45,321.16,0,No Failure,142.5,65.5
M,39.56,781.07,19.67,101.57,69.76,43.54,279.07,0,No Failure,143.1,65.7
L,53.11,904.42,19.85,103.26,72.85,55.09,287.47,0,No Failure,150.3,68.2
L,36.49,1089.352,24.18,133.35,68.8,54.03,271.89,0,No Failure,163.7,73.0
H,38.98,842.62,26.24,100.92,59.28,47.8,320.46,0,No Failure,152.5,69.0
M,48.89,855.3,19.49,116.04,74.49,50.86,308.82,0,No Failure,193.7,83.6
M,67.68,872.76,5.12,121.6,65.01,47.08,299.54,0,No Failure,194.9,84.0
L,36.65,851.36,27.19,134.28,65.3,48.69,341.52,0,No Failure,157.3,70.7
M,40.66,792.19,27.81,105.26,78.65,48.86,312.45,0,No Failure,141.6,65.1
L,36.56,792.44,19.6,135.18,63.18,51.13,336.15,0,No Failure,171.8,75.9
M,45.08,824.32,6.84,124.19,64.44,53.41,287.7,0,No Failure,198.2,85.2
L,51.24,903.34,14.12,111.8,57.65,46.13,305.05,0,No Failure,163.2,72.8
M,53.11,816.81,22.7,112.88,70.96,54.29,319.54,0,No Failure,173.9,76.6
L,45.05,998.06,43.24,111.57,65.22,48.58,322.14,0,No Failure,148.8,67.7
M,49.27,854.01,10.23,121.74,65.74,41.22,310.55,0,No Failure,187.5,81.4
H,22.185,834.04,6.89,118.0,63.49,52.48,279.04,0,No Failure,190.8,82.6
L,52.8,795.41,17.47,110.25,60.36,54.3,289.06,0,No Failure,171.7,75.8
M,46.74,917.24,12.07,123.67,82.613,51.74,302.33,0,No Failure,178.3,78.1
L,45.53,898.25,18.25,121.0,60.92,47.64,345.75,0,No Failure,187.3,81.3
H,56.88,790.84,10.02,120.65,68.95,54.68,344.47,0,No Failure,154.2,69.6
H,40.18,741.61,23.71,121.6,62.06,51.03,272.15,0,No Failure,167.3,74.3
L,43.35,793.31,14.83,128.23,64.28,55.96,273.17,0,No Failure,181.8,79.4
L,43.64,850.67,16.32,120.03,77.74,53.34,363.7,0,No Failure,168.4,74.6
M,56.94,904.89,15.06,116.8,66.39,42.85,336.25,0,No Failure,155.0,69.9
H,50.72,770.54,8.04,129.53,63.38,49.67,304.52,0,No Failure,173.7,76.5
L,46.24,836.57,19.79,120.1,59.95,50.01,271.77,0,No Failure,183.9,80.1
L,58.1,781.59,5.89,91.02,62.89,49.48,223.67,1,Chamber Vacuum Drift,13.7,4.4
L,46.53,741.26,1.0,135.99,73.38,52.05,286.74,0,No Failure,138.0,63.9
L,41.03,994.27,9.86,114.58,64.92,54.27,255.94,0,No Failure,151.3,68.6
L,40.73,894.1,1.0,132.13,67.31,49.95,290.84,0,No Failure,163.7,73.0
L,50.89,899.18,30.6,136.57,61.99,55.32,331.63,0,No Failure,154.7,69.8
L,47.81,947.0,10.61,134.67,64.89,49.0,308.42,0,No Failure,179.7,78.6
M,52.88,865.99,28.44,113.52,64.01,45.51,299.04,0,No Failure,173.4,76.4
M,31.48,840.61,4.96,137.4,63.61,72.41,326.35,0,No Failure,157.5,70.8
L,47.0,796.49,9.38,127.84,62.47,52.71,313.32,0,No Failure,193.5,83.5
M,46.76,843.93,3.08,140.68,62.95,53.79,325.97,0,No Failure,174.9,76.9
L,38.37,609.643,34.66,121.99,64.94,51.25,332.94,0,No Failure,167.4,74.3
H,32.34,736.36,21.51,125.39,66.82,50.79,306.02,0,No Failure,167.5,74.3
L,38.47,787.41,17.96,128.42,57.48,49.25,307.59,0,No Failure,174.5,76.8
L,41.78,728.28,19.18,129.84,67.27,57.87,276.32,0,No Failure,158.2,71.0
H,41.2,827.81,10.57,107.82,64.4,49.07,310.98,0,No Failure,194.8,84.0
L,45.58,956.66,24.79,130.48,66.08,51.88,303.28,0,No Failure,189.5,82.1
L,49.72,851.73,28.91,96.56,65.99,61.8,410.991,0,No Failure,162.4,72.5
M,46.42,844.59,19.57,123.01,59.57,47.29,282.38,0,No Failure,189.7,82.2
L,67.68,860.02,17.99,134.35,58.58,53.48,303.95,0,No Failure,193.0,83.3
L,40.25,835.99,14.36,152.45,71.08,52.82,328.45,0,No Failure,161.0,72.0
M,44.94,736.56,19.35,100.32,68.15,60.08,366.38,0,No Failure,138.0,63.9
L,47.65,929.45,16.04,97.14,65.09,54.03,296.66,0,No Failure,180.3,78.9
M,49.57,782.29,11.45,120.57,70.82,53.51,304.0,0,No Failure,182.3,79.6
L,44.98,919.79,24.02,106.92,61.12,48.68,316.03,0,No Failure,181.4,79.2
L,33.03,872.52,36.19,140.59,68.0,46.85,316.98,0,No Failure,137.5,63.7
M,52.4,787.08,13.79,112.32,66.65,62.91,290.94,0,No Failure,155.5,70.1
M,36.06,720.13,38.99,104.16,64.63,52.75,328.02,0,No Failure,135.3,62.9
M,57.31,809.51,20.28,129.63,68.52,59.72,349.44,0,No Failure,142.9,65.6
L,38.0,916.83,16.18,134.67,61.45,54.66,297.72,0,No Failure,170.6,75.4
H,53.11,903.67,17.38,121.61,64.51,51.0,299.8,0,No Failure,199.4,85.6
M,59.9,720.22,19.38,111.08,64.43,48.91,306.53,0,No Failure,157.9,70.9
M,40.09,830.25,34.63,146.7,68.39,54.3,328.16,0,No Failure,150.5,68.3
M,48.59,895.83,13.14,107.58,61.7,57.57,385.79,0,No Failure,142.8,65.6
L,37.57,817.47,15.55,142.7,68.94,49.01,324.54,0,No Failure,165.1,73.5
L,39.93,840.04,33.31,108.71,59.98,48.22,284.59,0,No Failure,157.3,70.7
L,49.47,883.18,9.85,130.45,63.22,53.22,300.47,0,No Failure,188.3,81.7
M,42.45,833.75,10.1,133.12,69.06,50.82,275.11,0,No Failure,175.0,77.0
L,50.76,813.45,25.61,147.28,68.09,51.88,339.38,0,No Failure,158.3,71.1
L,45.26,793.41,6.73,114.24,71.33,48.89,319.33,0,No Failure,175.2,77.0
L,46.13,876.95,12.88,132.61,62.78,55.38,300.8,0,No Failure,192.8,83.3
L,48.32,853.85,46.29,114.11,61.51,60.45,370.24,1,Plasma Arcing Fault,6.8,14.2
M,41.64,827.33,20.78,111.16,66.39,52.68,233.71,0,No Failure,172.1,75.9
H,52.23,850.88,1.0,144.62,72.68,45.94,307.38,0,No Failure,136.8,63.5
H,43.72,903.49,7.64,124.18,70.0,56.92,361.91,0,No Failure,154.8,69.8
L,42.8,851.66,11.53,115.23,79.5,52.51,355.98,0,No Failure,155.8,70.2
M,51.52,843.65,9.96,107.64,77.85,49.02,296.08,0,No Failure,149.6,68.0
L,56.64,761.63,11.46,119.92,63.36,47.23,309.98,0,No Failure,169.5,75.0
L,47.93,771.54,10.18,117.14,67.55,48.42,330.47,0,No Failure,176.6,77.6
L,32.05,766.14,14.71,107.08,64.74,52.97,330.65,0,No Failure,163.0,72.7
M,22.185,695.57,39.27,144.84,68.77,56.66,299.16,0,No Failure,105.6,52.4
M,45.31,803.01,14.97,122.1,74.96,52.24,312.54,0,No Failure,192.7,83.2
L,37.99,850.82,32.77,119.21,63.3,57.1,335.06,0,No Failure,172.4,76.1
M,45.69,876.55,27.08,131.85,65.7,51.77,260.83,0,No Failure,181.5,79.3
M,49.24,813.13,20.68,126.92,61.96,60.42,259.86,0,No Failure,157.9,70.9
M,45.77,963.57,21.21,155.63,65.27,50.97,338.33,0,No Failure,157.6,70.8
M,52.92,952.32,14.9,105.2,69.51,46.56,322.69,0,No Failure,149.3,67.9
H,43.79,822.13,10.34,128.2,69.39,46.92,346.02,0,No Failure,169.5,75.0
L,50.27,1089.352,35.19,132.38,70.41,52.3,355.36,1,Plasma Arcing Fault,12.4,16.7
H,41.94,931.95,18.1,137.74,69.52,49.96,304.31,0,No Failure,177.6,77.9
L,30.32,856.47,15.87,109.72,66.3,60.6,289.08,0,No Failure,157.6,70.8
L,53.21,838.43,21.4,135.65,66.2,52.46,295.08,0,No Failure,187.3,81.3
M,38.09,722.91,13.44,93.6,63.47,59.32,347.87,0,No Failure,124.3,59.0
M,39.55,820.72,1.0,128.46,65.89,56.91,307.69,0,No Failure,173.0,76.3
L,44.59,876.1,23.7,150.21,66.76,52.34,309.09,0,No Failure,184.2,80.2
L,47.6,864.07,27.11,120.18,70.6,59.73,305.0,0,No Failure,180.2,78.8
M,43.54,787.27,13.27,110.76,61.51,48.78,319.56,0,No Failure,185.0,80.5
H,42.71,819.37,20.7,113.42,47.757,44.26,305.03,0,No Failure,194.7,84.0
L,45.79,748.75,52.656,115.23,65.84,48.64,294.55,0,No Failure,182.6,79.7
M,45.99,798.61,19.76,125.09,69.35,61.58,346.46,0,No Failure,165.3,73.5
M,55.34,979.16,27.51,134.71,66.52,55.1,367.58,0,No Failure,121.5,58.0
L,37.14,917.7,39.27,127.44,64.72,49.55,289.89,0,No Failure,153.6,69.4
M,56.71,824.38,14.54,118.19,62.56,50.14,274.58,0,No Failure,173.0,76.3
L,44.88,900.57,21.24,108.28,66.25,54.64,303.16,0,No Failure,199.4,85.6
L,45.26,846.15,19.63,122.74,75.59,49.74,325.17,0,No Failure,190.3,82.4
M,46.19,967.65,8.61,119.18,59.41,56.06,410.991,0,No Failure,160.3,71.8
H,36.82,861.24,21.3,172.168,62.48,58.75,352.36,0,No Failure,157.1,70.7
H,44.08,815.92,11.65,117.7,60.2,42.78,329.7,0,No Failure,173.0,76.3
M,53.43,836.85,7.79,114.74,67.41,56.86,284.54,0,No Failure,167.2,74.2
L,42.89,927.12,14.8,131.25,69.92,50.62,364.92,0,No Failure,159.0,71.3
L,39.42,839.42,22.67,108.57,63.46,54.65,289.36,0,No Failure,186.4,81.0
M,54.67,810.54,10.28,124.36,65.89,48.78,291.2,0,No Failure,175.1,77.0
M,58.52,927.49,11.49,120.03,72.59,53.36,327.27,0,No Failure,147.9,67.4
L,44.95,875.35,18.52,120.28,62.27,51.08,266.9,0,No Failure,202.3,86.6
L,58.03,835.33,28.91,102.04,63.11,72.41,294.92,1,Chamber Vacuum Drift,6.3,25.4
L,39.03,899.33,28.22,110.71,56.2,57.88,336.18,0,No Failure,139.9,64.6
L,43.25,856.66,3.67,121.15,62.45,72.41,331.03,0,No Failure,186.9,81.2
M,37.98,846.47,14.12,117.92,68.86,60.1,300.24,0,No Failure,180.1,78.8
H,45.09,884.11,18.18,123.25,58.71,62.54,312.61,0,No Failure,183.6,80.0
M,36.8,853.93,15.56,90.17,64.15,65.41,353.14,0,No Failure,131.3,61.5
L,45.29,780.97,27.41,97.7,69.22,49.24,318.04,0,No Failure,166.5,74.0
H,52.72,836.19,16.61,160.01,61.16,54.25,353.97,0,No Failure,140.7,64.8
M,45.87,862.86,14.63,99.6,56.3,62.16,314.08,0,No Failure,158.3,71.1
M,35.15,773.76,13.41,133.72,69.89,51.61,335.96,0,No Failure,154.4,69.7
M,42.01,898.63,26.33,113.29,68.87,48.63,304.04,0,No Failure,182.2,79.5
M,45.02,803.22,23.12,122.29,58.35,44.41,309.79,0,No Failure,182.4,79.6
M,41.75,892.89,27.25,130.89,59.38,57.71,339.03,0,No Failure,155.2,70.0
L,48.57,927.16,14.44,134.96,57.97,47.45,254.63,0,No Failure,137.5,63.7
H,49.27,813.63,26.69,147.05,65.75,43.62,327.11,0,No Failure,152.4,69.0
M,39.77,900.22,20.87,123.83,68.12,47.5,280.71,0,No Failure,175.4,77.1
M,42.14,785.41,25.58,110.71,73.42,56.33,296.08,0,No Failure,158.3,71.1
L,51.52,743.11,34.5,133.27,65.31,58.98,293.67,0,No Failure,139.9,64.5
L,49.82,802.06,15.38,115.16,72.15,56.04,309.85,0,No Failure,180.1,78.8
L,47.05,872.07,19.6,118.6,65.33,45.28,321.18,0,No Failure,204.0,87.2
M,39.76,798.12,16.55,101.0,63.98,43.73,271.57,0,No Failure,154.4,69.7
M,35.62,972.28,39.5,106.37,67.22,55.23,311.12,0,No Failure,134.1,62.5
M,51.01,1001.61,25.79,120.03,65.18,36.85,385.61,0,No Failure,94.0,48.3
L,36.4,900.21,22.4,120.1,72.54,51.09,313.54,0,No Failure,162.1,72.4
L,59.53,828.33,25.23,144.29,57.25,47.04,310.55,0,No Failure,134.3,62.6
L,38.35,882.3,17.08,132.58,70.7,48.7,302.61,0,No Failure,176.7,77.6
M,51.58,803.83,12.61,136.26,60.72,45.99,329.08,0,No Failure,155.4,70.1
M,36.97,906.99,1.0,85.54,65.56,53.75,330.99,0,No Failure,135.7,63.1
H,44.47,872.3,28.21,118.58,58.91,55.04,294.32,0,No Failure,185.3,80.6
L,33.68,911.87,28.95,121.71,64.05,54.27,331.15,0,No Failure,165.7,73.7
L,38.18,873.8,18.88,136.97,67.85,52.36,303.27,0,No Failure,189.6,82.2
M,38.36,834.29,12.41,122.07,70.22,41.04,279.43,0,No Failure,154.7,69.8
L,51.62,930.53,14.96,140.42,66.43,52.97,337.46,0,No Failure,164.0,73.1
L,44.42,754.7,7.44,117.43,62.06,55.92,315.8,0,No Failure,179.8,78.7
M,53.16,832.84,24.04,115.67,60.33,54.28,345.7,0,No Failure,168.9,74.8
H,42.97,879.92,12.57,150.58,66.23,51.91,298.05,0,No Failure,181.8,79.4
M,55.87,841.86,15.43,111.76,64.07,43.92,332.9,0,No Failure,168.4,74.7
L,39.57,872.2,22.87,117.12,68.45,45.89,299.5,0,No Failure,183.2,79.9
M,46.5,889.28,23.58,116.14,65.04,52.58,329.03,0,No Failure,205.7,87.8
M,48.99,802.52,16.19,116.0,67.11,55.72,341.61,0,No Failure,183.8,80.1
M,45.89,889.92,1.0,132.1,62.08,50.11,317.43,0,No Failure,176.5,77.5
L,32.01,769.98,2.36,133.57,53.59,54.56,313.74,0,No Failure,117.7,56.7
L,46.72,882.31,47.42,99.16,53.63,61.34,298.89,0,No Failure,106.6,52.8
M,45.51,779.6,9.54,127.13,65.06,52.26,317.94,0,No Failure,200.1,85.9
M,45.96,817.45,1.0,120.07,59.85,46.83,340.73,0,No Failure,163.8,73.0
L,36.51,891.27,19.83,122.21,72.08,64.84,403.42,0,No Failure,136.8,63.4
L,42.13,876.23,22.2,152.29,63.55,58.75,337.04,0,No Failure,156.2,70.3
M,42.32,772.82,10.42,120.92,63.75,59.75,290.42,0,No Failure,173.5,76.4
M,40.24,886.39,37.21,97.83,69.43,46.98,258.74,0,No Failure,122.1,58.2
M,46.42,889.29,23.4,140.73,66.18,54.71,308.14,0,No Failure,189.4,82.1
H,44.76,855.81,23.25,115.06,57.43,55.09,343.75,0,No Failure,180.0,78.7
L,54.67,941.46,21.1,96.04,58.22,50.88,310.5,1,Chamber Vacuum Drift,10.0,22.8
L,44.21,811.07,27.84,118.48,61.15,62.48,271.1,0,No Failure,158.1,71.0
L,42.69,871.02,15.81,116.69,58.42,51.22,345.48,0,No Failure,185.9,80.9
L,44.95,753.77,21.07,141.54,71.16,51.18,355.45,0,No Failure,145.4,66.5
L,45.72,809.79,34.87,114.14,59.9,46.28,319.12,0,No Failure,166.5,74.0
H,50.26,846.09,13.84,141.2,68.65,62.38,307.81,0,No Failure,163.4,72.9
M,51.45,715.36,18.05,103.74,68.79,47.73,347.56,0,No Failure,123.5,58.7
L,39.69,811.9,1.0,134.19,69.64,51.6,311.17,0,No Failure,167.0,74.1
L,51.46,883.7,15.59,128.65,68.25,44.59,302.99,0,No Failure,175.5,77.1
M,35.79,908.64,13.87,107.93,65.9,50.2,306.82,0,No Failure,180.9,79.1
M,36.97,824.16,21.39,111.87,66.26,61.28,315.78,0,No Failure,174.3,76.7
L,36.27,813.99,27.44,126.66,60.19,57.08,291.23,0,No Failure,157.4,70.7
M,46.56,930.08,9.56,118.33,64.6,41.24,326.64,0,No Failure,169.7,75.1
H,43.23,967.72,19.55,83.26,70.22,57.66,245.88,0,No Failure,112.6,54.9
L,40.49,963.58,17.98,128.85,60.61,56.53,344.24,0,No Failure,156.7,70.5
M,45.9,835.51,33.27,111.95,63.0,37.12,262.46,0,No Failure,150.2,68.2
L,53.81,773.18,12.02,116.39,67.34,56.23,347.14,0,No Failure,156.7,70.5
L,47.47,822.36,24.04,126.2,65.59,41.49,301.98,0,No Failure,182.1,79.5
L,37.99,938.29,28.51,116.03,63.35,53.27,356.59,0,No Failure,156.1,70.3
L,40.8,925.87,32.37,99.37,62.77,53.37,363.67,1,Plasma Arcing Fault,1.8,18.8
H,59.85,913.1,18.18,136.76,73.94,56.17,302.05,0,No Failure,137.3,63.6
H,56.64,916.43,24.85,88.42,57.6,44.62,291.2,1,Chamber Vacuum Drift,3.6,9.2
M,67.68,821.28,9.83,133.6,70.06,43.93,255.5,0,No Failure,136.2,63.2
L,53.86,922.2,22.07,125.74,60.42,53.58,335.44,0,No Failure,164.2,73.2
H,44.11,814.3,52.38,100.1,61.13,51.48,245.68,0,No Failure,159.5,71.5
H,49.84,759.3,15.29,125.44,69.48,46.01,279.86,0,No Failure,158.4,71.1
H,45.52,796.49,17.63,95.47,70.54,53.55,286.58,0,No Failure,171.8,75.9
M,37.32,704.33,4.96,97.06,60.47,53.76,302.27,0,No Failure,129.9,61.0
L,40.88,835.86,20.99,115.82,70.42,47.5,341.67,0,No Failure,177.3,77.8
L,43.02,943.52,16.87,121.72,66.33,55.79,306.17,0,No Failure,197.4,84.9
M,37.62,739.4,23.67,104.83,68.78,55.39,305.16,0,No Failure,155.7,70.1
L,55.47,788.06,16.71,118.78,61.76,51.91,286.33,0,No Failure,179.6,78.6
M,45.59,823.08,23.01,133.05,67.38,47.84,324.54,0,No Failure,188.7,81.8
H,46.03,833.01,29.82,129.66,60.89,50.19,335.06,0,No Failure,179.1,78.4
M,40.84,911.57,18.98,131.79,68.22,55.34,327.69,0,No Failure,178.7,78.3
L,47.26,791.77,20.68,137.51,68.96,44.64,337.61,0,No Failure,158.5,71.1
L,34.01,936.92,16.1,120.1,69.83,56.03,305.0,0,No Failure,154.2,69.6
L,40.13,894.43,16.87,127.84,70.76,53.4,273.11,0,No Failure,172.6,76.1
H,50.87,829.98,20.4,113.23,63.79,52.25,291.55,0,No Failure,199.6,85.7
H,42.23,842.62,1.0,130.04,69.45,44.11,319.44,0,No Failure,156.6,70.5
M,33.48,951.53,24.27,98.5,65.22,53.54,283.5,0,No Failure,145.5,66.5
M,43.02,874.01,20.81,109.3,74.43,64.45,325.42,0,No Failure,150.5,68.3
M,44.81,811.59,33.21,121.08,63.92,49.88,314.48,0,No Failure,197.9,85.1
L,39.33,895.47,1.0,137.89,64.48,52.04,360.7,0,No Failure,149.4,67.9
M,39.67,739.32,11.24,119.32,68.87,53.59,278.82,0,No Failure,164.1,73.1
L,44.77,847.81,13.59,134.88,61.52,50.78,310.15,0,No Failure,205.0,87.6
L,42.48,922.09,21.36,119.38,65.3,53.42,244.79,0,No Failure,172.0,75.9
H,38.57,939.22,25.23,110.47,70.75,49.4,305.85,0,No Failure,162.2,72.5
M,37.39,932.98,17.57,100.71,82.613,48.07,337.72,0,No Failure,155.2,70.0
M,51.24,775.82,24.39,103.54,67.91,60.75,310.41,0,No Failure,133.3,62.2
L,34.35,785.41,1.0,134.73,62.91,55.08,287.16,0,No Failure,139.0,64.2
M,46.98,814.99,20.32,133.6,63.57,62.09,289.63,0,No Failure,172.3,76.0
H,48.94,844.05,15.84,109.51,65.81,54.81,342.25,0,No Failure,191.5,82.8
H,39.73,874.62,21.44,120.91,57.01,54.81,310.15,0,No Failure,187.4,81.4
M,53.77,860.59,19.95,114.67,78.14,48.49,323.99,0,No Failure,157.2,70.7
L,53.13,829.72,21.11,102.32,63.08,45.5,301.3,0,No Failure,170.0,75.2
L,47.47,893.25,24.77,107.61,63.25,57.51,299.72,0,No Failure,179.7,78.7
L,45.8,735.51,19.99,116.37,57.49,40.72,292.34,0,No Failure,149.4,67.9
L,46.69,954.02,10.89,121.27,63.62,42.95,297.2,0,No Failure,170.0,75.2
M,45.47,776.52,11.35,119.47,66.7,50.73,308.85,0,No Failure,204.7,87.5
L,49.0,1012.2,8.96,133.51,69.02,36.29,307.4,0,No Failure,118.7,57.0
H,47.98,937.45,10.16,103.18,63.01,54.57,300.22,0,No Failure,170.3,75.3
H,44.99,836.99,9.65,120.61,66.62,55.06,338.69,0,No Failure,198.3,85.2
L,45.17,804.35,37.59,105.46,70.04,55.5,267.48,0,No Failure,143.5,65.8
L,48.33,898.19,7.35,107.37,65.34,52.32,324.48,0,No Failure,185.9,80.8
M,50.44,889.45,52.656,126.32,66.14,53.48,250.51,0,No Failure,165.5,73.6
L,47.22,852.64,21.95,107.68,64.83,57.23,330.47,0,No Failure,193.2,83.4
L,43.11,788.12,4.33,109.12,74.29,49.99,314.01,0,No Failure,158.8,71.3
H,43.4,800.63,13.28,134.75,60.11,53.71,263.39,0,No Failure,163.7,73.0
L,48.5,813.41,15.25,140.76,55.18,53.72,296.45,0,No Failure,161.2,72.1
H,35.28,1029.14,11.34,121.16,66.84,43.47,280.17,0,No Failure,128.8,60.6
H,32.45,834.54,21.2,112.66,67.15,56.55,316.39,0,No Failure,176.5,77.5
M,43.32,877.88,23.12,116.54,57.09,48.24,349.54,0,No Failure,168.3,74.6
L,37.88,869.41,13.32,112.1,60.89,56.65,321.14,0,No Failure,176.9,77.6
M,35.53,840.29,19.21,128.87,60.83,46.15,289.93,0,No Failure,170.2,75.3
L,42.31,955.22,11.37,130.79,59.64,53.2,309.09,0,No Failure,171.2,75.6
M,48.37,883.16,23.77,118.47,76.38,49.05,260.67,0,No Failure,151.7,68.7
L,43.33,775.23,25.43,91.64,65.72,59.14,320.47,0,No Failure,157.0,70.6
M,43.33,871.02,21.49,122.82,69.3,57.75,275.65,0,No Failure,180.6,79.0
L,56.03,872.41,31.11,130.01,64.81,50.0,208.397,0,No Failure,168.9,74.8
L,40.69,736.0,18.67,129.09,64.8,45.06,282.67,0,No Failure,165.3,73.5
M,44.52,807.07,25.45,111.54,61.03,50.77,336.01,0,No Failure,183.7,80.1
H,31.4,886.78,32.54,128.74,63.85,55.12,335.56,0,No Failure,149.0,67.8
M,44.03,900.98,28.1,109.16,65.84,49.43,258.29,0,No Failure,167.8,74.4
L,33.44,649.11,18.09,113.7,67.76,56.03,289.43,0,No Failure,139.0,64.2
L,67.68,864.12,21.51,129.43,63.73,31.842,305.35,0,No Failure,197.9,85.1
L,28.46,919.13,12.83,93.18,68.75,50.99,271.73,0,No Failure,123.1,58.6
M,47.9,880.02,15.58,104.5,70.09,52.53,263.15,0,No Failure,170.2,75.3
L,22.185,852.07,14.32,127.4,66.06,51.1,342.45,0,No Failure,202.5,86.7
L,47.48,765.94,40.67,120.45,67.07,45.28,377.43,1,Plasma Arcing Fault,8.1,15.3
M,38.91,984.66,5.68,107.56,75.34,49.77,319.9,1,Chuck Thermal Excursion,12.8,15.4
M,47.62,915.57,17.65,130.65,62.87,57.7,304.25,0,No Failure,186.3,81.0
L,46.45,774.82,13.44,116.98,68.6,53.75,317.04,0,No Failure,193.3,83.5
M,39.75,860.36,17.99,123.62,62.89,51.91,301.09,0,No Failure,212.0,90.1
M,39.56,860.23,16.16,134.18,66.77,52.39,259.29,0,No Failure,178.4,78.2
M,46.02,799.25,31.79,115.12,73.55,49.16,275.3,0,No Failure,153.8,69.5
H,42.16,899.21,22.01,130.85,68.01,47.71,245.67,0,No Failure,156.1,70.3
M,41.59,913.45,23.15,115.8,62.63,54.92,355.32,0,No Failure,171.3,75.7
M,46.48,837.5,21.49,112.31,59.79,57.78,354.17,0,No Failure,170.6,75.4
L,40.02,882.45,23.33,99.35,67.12,43.61,325.73,0,No Failure,159.6,71.5
L,45.83,983.29,3.0,104.78,68.4,53.74,290.02,0,No Failure,149.7,68.0
L,35.82,862.82,35.35,97.04,72.24,44.07,297.46,0,No Failure,122.8,58.5
M,48.01,804.45,3.04,127.15,68.9,57.51,279.69,0,No Failure,155.4,70.0
L,46.02,783.78,15.44,119.67,61.49,51.84,339.4,0,No Failure,194.9,84.0
H,48.71,1089.352,16.71,68.002,69.36,51.6,317.46,0,No Failure,201.6,86.4
L,44.41,827.56,8.67,124.01,71.15,45.42,318.0,0,No Failure,178.7,78.3
M,37.78,951.12,2.44,101.19,69.21,53.53,309.62,0,No Failure,145.8,66.6
H,46.63,856.23,10.33,117.5,64.28,55.3,298.66,0,No Failure,205.7,87.8
L,29.88,869.92,10.27,138.5,67.33,49.22,309.56,0,No Failure,159.2,71.4
M,47.02,798.16,11.95,121.84,66.88,45.0,248.44,0,No Failure,161.1,72.1
M,44.85,855.21,8.67,122.4,62.69,53.64,296.74,0,No Failure,205.6,87.8
L,41.49,798.89,11.01,115.08,72.76,62.27,301.55,0,No Failure,154.7,69.8
H,36.99,912.71,27.28,149.9,63.17,48.54,319.95,0,No Failure,147.6,67.3
M,43.53,796.41,21.6,131.23,64.26,59.4,305.76,0,No Failure,186.6,81.1
H,46.2,824.19,22.06,121.98,67.6,54.62,291.8,0,No Failure,201.2,86.3
L,47.11,810.82,19.65,128.87,69.73,49.6,330.89,0,No Failure,186.3,81.0
L,45.35,805.85,19.16,116.07,65.01,48.49,320.66,0,No Failure,210.4,89.5
M,47.68,867.05,18.0,137.84,61.84,53.63,324.58,0,No Failure,192.8,83.3
M,35.18,934.24,18.65,136.98,66.24,57.92,291.45,0,No Failure,155.5,70.1
M,44.44,863.48,18.05,117.79,64.06,50.2,326.31,0,No Failure,200.2,85.9
M,52.63,950.25,22.94,101.56,66.9,53.67,295.86,0,No Failure,160.3,71.8
M,43.42,806.57,18.81,115.97,61.16,55.41,281.2,0,No Failure,188.6,81.8
M,60.37,738.14,31.25,120.42,68.27,49.46,317.19,0,No Failure,143.6,65.9
M,47.6,805.47,20.73,102.96,73.81,53.1,280.98,0,No Failure,162.1,72.4
L,39.38,746.0,18.32,144.87,62.01,48.53,302.7,0,No Failure,139.1,64.2
L,36.09,956.88,16.0,102.18,61.88,56.56,320.51,0,No Failure,151.9,68.8
H,33.45,878.56,6.72,129.2,65.17,47.56,318.99,0,No Failure,154.3,69.7
H,31.6,822.14,19.31,109.5,66.08,52.91,289.64,0,No Failure,176.9,77.7
L,41.64,897.39,10.48,120.1,56.91,43.48,292.36,0,No Failure,151.7,68.7
H,45.29,897.63,1.0,109.07,64.56,47.76,342.37,0,No Failure,166.4,73.9
H,38.3,895.15,15.43,149.06,62.82,46.36,295.07,0,No Failure,155.9,70.2
M,48.96,817.19,20.64,92.54,61.61,51.14,345.48,0,No Failure,164.4,73.2
H,39.06,881.25,1.0,131.24,66.17,56.76,309.4,0,No Failure,169.2,74.9
M,42.1,809.51,13.79,113.86,60.96,54.67,305.27,0,No Failure,192.4,83.2
L,39.87,863.54,25.83,98.98,66.42,63.35,299.88,0,No Failure,156.6,70.5
H,38.64,858.29,19.86,126.68,68.98,55.47,284.94,0,No Failure,182.6,79.7
M,45.82,847.82,37.64,96.93,57.2,56.23,283.56,0,No Failure,141.0,64.9
L,47.42,857.66,3.49,104.31,65.53,46.24,331.23,0,No Failure,170.4,75.4
L,42.92,898.64,19.03,108.43,62.38,50.58,289.54,0,No Failure,191.3,82.7
M,38.07,909.76,14.28,110.36,68.33,54.8,362.79,0,No Failure,154.9,69.9
H,53.08,730.07,14.8,113.81,64.31,72.41,310.54,0,No Failure,179.4,78.5
L,46.86,848.82,13.06,109.12,65.49,54.42,299.75,0,No Failure,205.4,87.7
L,44.39,719.95,21.95,110.38,66.55,67.74,321.49,0,No Failure,146.7,67.0
M,49.22,913.96,15.2,132.13,76.72,44.86,297.13,0,No Failure,143.6,65.9
L,53.96,891.26,23.94,136.93,66.05,50.2,315.65,0,No Failure,176.1,77.4
M,41.49,862.57,37.06,89.96,62.33,48.1,330.81,0,No Failure,145.1,66.4
H,55.73,802.1,12.14,112.15,60.95,48.91,270.55,0,No Failure,151.4,68.6
H,51.83,909.36,28.05,115.9,61.93,52.27,280.77,0,No Failure,170.1,75.2
M,48.59,782.25,2.55,136.03,68.29,49.14,328.82,0,No Failure,154.0,69.5
M,55.92,865.6,22.54,136.71,62.03,52.54,280.57,0,No Failure,165.4,73.6
M,52.66,843.02,16.64,130.08,56.51,51.54,364.33,0,No Failure,157.7,70.9
L,40.64,818.14,38.96,107.63,70.54,50.07,295.38,0,No Failure,153.5,69.3
L,40.22,821.32,22.82,113.61,64.73,39.14,339.24,0,No Failure,160.5,71.9
M,41.59,905.69,3.51,109.09,64.25,62.37,372.22,0,No Failure,130.6,61.3
L,39.77,898.5,1.84,100.53,64.7,49.05,343.35,0,No Failure,151.3,68.6
L,35.39,1044.75,23.67,126.06,62.16,55.98,322.2,0,No Failure,139.5,64.4
L,39.52,848.75,18.32,148.19,69.09,47.78,287.5,0,No Failure,163.2,72.8
H,56.59,808.71,16.33,125.29,62.55,59.47,340.76,0,No Failure,157.4,70.7
H,46.15,818.7,13.99,109.8,70.79,58.55,319.07,0,No Failure,177.8,78.0
M,42.88,958.3,35.23,115.06,73.09,52.45,319.92,1,Chuck Thermal Excursion,9.5,24.4
L,50.3,820.17,24.3,93.35,60.69,51.94,329.91,0,No Failure,164.6,73.3
M,36.08,901.93,11.12,107.11,66.35,67.89,322.16,0,No Failure,137.3,63.6
L,42.57,789.96,15.77,115.46,57.27,52.82,303.16,0,No Failure,186.8,81.2
L,33.49,711.01,21.33,125.02,71.01,50.01,338.45,0,No Failure,139.4,64.4
H,50.86,803.4,7.45,150.01,63.25,50.62,321.57,0,No Failure,158.5,71.1
L,41.23,952.91,21.75,146.55,60.44,46.34,365.41,0,No Failure,124.2,59.0
L,49.98,814.72,8.89,122.22,64.12,58.23,335.4,0,No Failure,175.7,77.2
H,42.08,757.17,10.14,130.7,64.13,38.5,335.58,0,No Failure,143.5,65.8
H,49.85,861.42,1.08,111.59,66.36,50.64,300.92,0,No Failure,182.5,79.6
H,41.05,808.07,11.52,132.18,60.11,59.94,315.81,0,No Failure,164.5,73.3
L,39.41,873.28,14.67,144.24,71.93,48.52,287.86,0,No Failure,154.8,69.8
M,47.78,906.92,19.03,120.03,64.35,72.41,311.37,0,No Failure,201.5,86.4
H,54.1,716.56,11.71,114.32,61.0,59.0,270.38,0,No Failure,128.8,60.6
H,41.45,853.81,21.76,129.32,56.95,54.46,273.37,0,No Failure,169.7,75.1
M,47.14,886.98,14.51,139.68,61.31,48.84,324.85,0,No Failure,177.5,77.9
L,42.27,899.18,10.15,130.03,76.02,41.59,298.78,0,No Failure,139.5,64.4
L,47.22,866.42,1.0,130.0,71.32,63.47,324.08,0,No Failure,143.7,65.9
H,45.55,892.5,35.46,140.51,63.13,60.32,321.41,0,No Failure,152.8,69.1
H,39.37,782.72,22.49,101.56,59.21,57.32,310.0,0,No Failure,159.0,71.3
L,40.48,794.08,21.85,108.53,61.74,48.46,313.89,0,No Failure,181.4,79.2
L,44.95,832.25,17.44,132.07,70.72,49.88,296.42,0,No Failure,180.1,78.8
H,41.53,869.79,21.56,106.2,60.84,45.54,319.77,0,No Failure,176.7,77.6
M,50.97,832.03,24.11,120.68,66.87,44.48,331.12,0,No Failure,179.1,78.4
L,51.04,695.76,26.2,122.91,67.57,47.68,308.39,0,No Failure,160.5,71.8
M,42.11,901.98,23.6,102.39,70.72,50.65,322.7,0,No Failure,171.4,75.7
M,34.65,819.59,23.98,103.52,59.65,57.36,329.43,0,No Failure,147.7,67.3
L,50.89,935.93,38.82,106.63,68.98,49.29,291.72,0,No Failure,138.6,64.1
M,34.49,885.56,20.22,122.29,71.85,57.48,293.31,0,No Failure,162.4,72.5
L,50.07,1007.95,26.74,111.22,59.04,52.045,316.18,0,No Failure,146.5,66.9
L,47.29,750.99,19.88,129.06,82.613,58.07,302.35,0,No Failure,181.8,79.4
M,32.74,754.93,27.16,109.19,63.07,50.54,276.07,0,No Failure,143.2,65.7
M,50.82,1037.29,7.57,143.76,62.89,56.84,336.25,0,No Failure,123.3,58.7
L,33.52,859.33,46.06,123.1,64.77,50.27,352.07,1,Plasma Arcing Fault,11.8,20.8
L,38.62,841.41,17.9,139.81,62.38,51.09,288.59,0,No Failure,184.3,80.3
M,46.53,795.48,6.14,102.87,64.32,52.66,315.64,0,No Failure,184.9,80.5
L,49.33,891.11,15.82,117.29,59.47,53.56,269.4,0,No Failure,176.3,77.5
M,51.85,851.14,22.33,119.53,68.57,50.4,324.9,0,No Failure,196.4,84.6
M,44.31,734.66,32.04,134.86,63.8,60.35,263.05,0,No Failure,132.1,61.8
M,47.42,861.02,52.656,106.63,66.74,60.26,269.15,0,No Failure,166.7,74.1
L,41.17,830.3,19.3,126.57,64.19,42.48,305.31,0,No Failure,190.7,82.5
H,47.59,829.28,-17.018,105.7,69.77,53.27,208.397,0,No Failure,189.0,81.9
L,44.81,895.81,29.85,117.85,66.25,62.41,289.86,0,No Failure,171.3,75.7
H,31.37,927.73,2.5,101.3,72.41,50.28,336.25,0,No Failure,114.4,55.5
H,36.42,852.53,38.33,113.35,70.53,58.17,298.42,0,No Failure,147.8,67.3
L,56.21,851.36,19.76,120.78,65.95,64.26,342.74,0,No Failure,162.3,72.5
L,48.25,773.51,18.32,113.19,63.35,56.54,366.22,0,No Failure,162.7,72.6
L,54.1,838.84,18.29,121.75,67.6,52.66,336.76,0,No Failure,193.2,83.4
M,48.13,745.3,19.46,124.6,60.01,50.69,303.5,0,No Failure,183.7,80.0
M,46.26,802.64,37.82,136.04,69.06,49.9,348.93,1,Plasma Arcing Fault,9.1,22.1
L,39.49,840.03,26.07,114.18,62.2,49.54,325.79,0,No Failure,186.5,81.0
L,41.74,758.94,14.67,128.94,70.21,58.2,410.991,0,No Failure,161.9,72.3
M,51.41,808.13,21.58,107.46,65.55,51.15,345.5,0,No Failure,178.4,78.2
M,57.66,846.24,10.54,114.24,67.21,44.46,290.27,0,No Failure,160.0,71.7
M,53.87,884.51,27.82,140.61,68.18,58.9,301.37,0,No Failure,148.2,67.5
M,31.06,837.97,16.89,125.94,63.36,50.03,318.99,0,No Failure,185.2,80.6
M,42.94,834.01,11.51,99.65,63.5,60.27,314.65,0,No Failure,175.6,77.2
L,49.57,939.22,28.39,115.15,67.49,43.41,341.43,0,No Failure,147.4,67.2
H,42.46,820.43,6.88,112.11,63.56,48.37,253.88,0,No Failure,163.7,73.0
L,47.93,942.34,20.96,119.26,65.23,49.59,290.84,0,No Failure,193.0,83.4
L,33.21,787.25,21.38,129.71,66.07,51.62,270.06,0,No Failure,162.7,72.6
H,39.26,857.78,15.52,105.79,57.52,49.21,309.24,0,No Failure,179.4,78.6
M,42.77,873.61,17.69,119.27,80.23,56.04,279.71,0,No Failure,162.9,72.7
H,53.73,918.63,4.76,123.18,70.6,47.88,297.34,0,No Failure,151.5,68.7
L,42.36,791.42,13.61,101.18,69.68,56.48,342.86,0,No Failure,156.4,70.4
L,45.91,773.8,20.93,144.93,57.39,49.03,315.0,0,No Failure,161.7,72.3
H,42.17,867.51,3.94,117.21,69.95,47.99,309.7,0,No Failure,182.7,79.7
L,42.12,870.4,28.13,99.71,60.47,60.9,335.6,0,No Failure,147.2,67.1
L,44.13,832.7,21.19,119.18,66.72,54.62,214.08,0,No Failure,207.4,88.4
M,49.83,846.38,22.18,118.15,73.91,52.4,329.79,0,No Failure,184.6,80.4
L,42.46,978.66,7.18,99.18,68.56,51.96,322.07,0,No Failure,155.1,69.9
L,55.01,783.74,21.91,122.81,56.91,49.21,334.69,0,No Failure,153.3,69.3
M,49.23,869.57,15.32,119.42,75.62,51.71,320.84,0,No Failure,185.7,80.8
M,42.67,889.83,6.59,143.67,63.32,53.21,312.75,0,No Failure,177.6,77.9
L,48.2,888.83,23.7,132.15,58.27,50.19,338.08,0,No Failure,167.1,74.2
L,39.53,818.81,13.88,139.56,61.42,59.63,326.56,0,No Failure,158.8,71.3
L,42.0,917.69,24.28,113.52,63.29,57.68,265.88,0,No Failure,163.0,72.7
M,49.24,922.61,13.12,110.06,68.95,57.42,303.61,0,No Failure,170.6,75.4
M,31.24,789.88,17.15,121.1,62.2,54.2,292.72,0,No Failure,172.6,76.1
L,44.07,890.35,4.01,104.04,62.08,49.26,314.44,0,No Failure,176.2,77.4
M,47.17,960.02,20.59,140.11,67.38,52.11,304.1,0,No Failure,178.6,78.2
L,48.94,836.03,31.28,148.32,66.72,47.95,317.45,0,No Failure,162.8,72.6
H,29.11,847.85,8.07,120.37,65.46,46.8,323.19,0,No Failure,164.4,73.2
L,30.71,853.43,14.89,98.39,68.66,42.22,314.51,0,No Failure,145.0,66.3
L,50.67,827.46,9.08,122.5,74.06,52.045,309.52,0,No Failure,164.8,73.4
M,50.93,812.94,10.89,136.48,67.97,57.13,309.88,0,No Failure,171.3,75.7
L,51.07,890.59,7.61,121.71,71.8,40.83,326.96,0,No Failure,145.7,66.6
M,44.78,805.86,1.0,170.81,67.95,50.85,326.68,0,No Failure,157.1,70.6
L,45.15,840.76,15.91,143.77,65.2,50.32,326.41,0,No Failure,198.6,85.4
M,35.04,890.18,16.48,130.84,71.15,57.2,303.92,0,No Failure,163.2,72.8
M,39.64,842.36,23.71,103.6,67.34,42.04,271.74,0,No Failure,152.0,68.8
L,41.96,920.2,7.1,82.38,67.68,52.97,273.54,0,No Failure,138.0,63.9
L,32.19,848.56,16.32,97.82,66.71,45.58,275.29,0,No Failure,149.3,67.9
M,47.69,790.22,41.2,110.95,62.2,64.97,357.69,1,Plasma Arcing Fault,4.2,10.9
L,49.78,913.84,9.0,139.72,71.55,51.44,311.5,0,No Failure,162.8,72.7
L,45.49,808.92,16.32,122.19,64.86,50.01,288.72,0,No Failure,209.9,89.3
H,43.36,1021.61,1.0,119.44,69.7,50.6,334.65,0,No Failure,146.1,66.7
M,48.39,791.5,11.48,112.2,65.45,60.95,288.34,0,No Failure,167.0,74.2
L,44.72,850.43,25.71,116.77,72.94,43.8,379.07,0,No Failure,148.1,67.4
L,48.78,883.79,30.56,103.29,66.77,62.66,355.32,0,No Failure,136.2,63.2
M,42.43,862.83,3.46,134.82,54.13,46.2,229.49,0,No Failure,111.2,54.4
L,53.79,981.31,15.53,113.02,68.79,50.97,315.76,0,No Failure,166.2,73.9
M,44.0,1089.352,38.74,108.42,74.51,60.43,254.11,0,No Failure,117.6,56.7
L,44.18,921.82,37.6,124.09,70.34,53.07,306.95,0,No Failure,171.3,75.7
M,42.4,819.95,35.89,121.78,59.96,53.0,306.11,0,No Failure,181.6,79.3
M,54.74,819.93,15.47,117.28,58.43,43.32,291.84,0,No Failure,156.5,70.4
L,48.07,871.84,18.39,114.18,68.28,72.41,284.83,0,No Failure,196.0,84.4
L,42.57,955.63,21.85,138.53,62.04,54.3,330.18,0,No Failure,164.5,73.3
M,49.18,809.29,20.32,129.29,67.63,51.74,329.43,0,No Failure,192.0,83.0
L,51.0,907.7,22.33,138.09,60.52,52.86,299.23,0,No Failure,170.4,75.3
H,49.76,726.05,29.44,134.23,60.75,47.86,317.0,0,No Failure,147.0,67.0
H,44.54,910.84,16.59,121.04,64.84,60.43,302.0,0,No Failure,197.7,85.0
L,52.87,882.83,24.77,119.99,62.85,51.23,292.96,0,No Failure,189.5,82.1
H,54.04,902.0,17.95,125.04,65.17,62.41,332.24,0,No Failure,164.9,73.4
L,38.99,870.56,21.15,85.91,56.72,61.91,342.5,0,No Failure,120.1,57.6
L,45.76,828.87,18.36,120.1,73.06,57.46,329.7,0,No Failure,182.5,79.6
H,45.68,834.01,14.93,119.47,61.34,47.33,311.51,0,No Failure,207.3,88.4
M,46.78,894.06,4.92,129.26,62.73,55.32,348.36,0,No Failure,165.3,73.5
H,46.11,965.18,7.51,118.07,68.97,50.61,272.28,0,No Failure,162.9,72.7
L,51.18,795.28,3.53,172.168,62.69,43.37,293.66,0,No Failure,128.7,60.6
L,47.37,836.12,9.89,94.92,62.15,51.6,325.32,0,No Failure,178.9,78.4
M,41.05,985.96,31.65,95.54,61.61,54.04,299.14,0,No Failure,138.8,64.2
H,49.45,800.5,18.52,116.45,70.57,43.77,285.41,0,No Failure,167.0,74.1
H,42.81,771.37,30.79,110.54,73.24,42.5,310.67,0,No Failure,140.5,64.8
M,57.31,859.24,9.01,131.54,59.64,54.83,314.08,0,No Failure,162.2,72.4
M,42.74,949.33,15.7,97.5,72.38,55.24,359.0,0,No Failure,135.5,63.0
M,66.2,796.63,21.92,124.91,66.99,58.35,332.75,0,No Failure,144.5,66.2
M,51.72,935.27,20.15,134.51,64.75,46.96,310.41,0,No Failure,169.8,75.1
L,51.15,939.5,6.28,105.39,62.73,53.12,283.68,0,No Failure,154.1,69.6
L,49.89,856.47,11.39,124.19,59.8,62.15,307.1,0,No Failure,172.6,76.1
L,50.65,795.78,6.84,120.71,82.613,51.52,293.58,0,No Failure,172.5,76.1
L,42.8,905.29,22.86,140.89,69.24,56.67,368.29,0,No Failure,143.7,65.9
M,41.38,811.44,25.76,122.49,67.44,55.24,277.63,0,No Failure,179.3,78.5
H,36.74,809.0,21.96,110.76,56.21,57.74,289.44,0,No Failure,148.8,67.7
H,45.58,844.19,5.41,130.98,71.24,55.77,313.99,0,No Failure,179.4,78.5
H,42.63,765.62,30.8,104.27,67.84,48.62,293.86,0,No Failure,158.6,71.2
L,44.45,718.61,14.28,120.1,64.3,54.1,282.67,0,No Failure,183.3,79.9
L,24.05,948.76,17.82,107.93,59.62,65.67,339.56,0,No Failure,102.0,51.1
L,43.34,895.65,1.0,107.24,62.16,58.7,330.11,0,No Failure,155.0,69.9
H,43.7,841.72,13.89,116.42,57.34,31.842,347.79,0,No Failure,178.5,78.2
M,43.0,913.09,4.98,115.76,71.54,49.42,317.23,0,No Failure,170.7,75.4
H,38.55,890.69,12.58,124.03,57.77,63.83,337.64,0,No Failure,141.7,65.2
L,43.02,917.83,25.72,105.79,72.15,57.29,303.79,0,No Failure,159.6,71.5
H,49.06,842.62,14.38,124.56,59.53,51.86,308.45,0,No Failure,198.1,85.1
M,49.55,804.57,16.51,109.77,56.52,57.08,309.94,0,No Failure,171.3,75.7
H,51.71,758.9,18.8,95.06,65.17,38.13,313.87,0,No Failure,141.4,65.1
L,34.67,848.72,15.85,125.36,67.57,54.84,285.53,0,No Failure,182.1,79.5
L,40.01,789.96,18.5,105.6,63.02,55.51,371.1,0,No Failure,157.1,70.6
H,43.7,784.18,19.53,111.21,69.5,51.11,331.58,0,No Failure,186.8,81.1
L,39.15,901.97,29.42,117.24,62.38,48.96,320.45,0,No Failure,176.7,77.6
M,52.7,779.68,17.72,119.18,68.77,57.12,341.87,0,No Failure,167.8,74.4
M,37.07,833.38,11.56,129.95,64.41,43.27,332.49,0,No Failure,165.5,73.6
L,47.29,850.07,23.43,109.47,61.34,47.62,278.61,0,No Failure,180.0,78.7
M,45.91,822.85,38.39,107.63,76.15,52.91,294.78,0,No Failure,149.1,67.8
H,46.73,839.52,26.91,144.2,66.07,47.53,294.18,0,No Failure,175.4,77.1
L,44.57,931.7,1.98,127.15,69.32,51.13,322.72,0,No Failure,170.9,75.5
L,54.07,760.56,38.34,102.94,70.38,52.5,345.48,1,Chamber Vacuum Drift,8.3,12.8
L,39.29,856.36,11.36,123.87,65.45,50.19,410.991,0,No Failure,200.7,86.1
H,41.45,804.42,18.48,121.0,60.45,46.98,314.64,0,No Failure,193.1,83.4
M,42.25,908.07,25.87,126.08,68.23,47.17,410.991,0,No Failure,173.3,76.4
L,52.3,812.25,30.21,120.1,58.83,60.88,254.35,0,No Failure,122.1,58.2
L,38.54,836.4,24.78,125.87,65.76,43.63,289.12,0,No Failure,174.0,76.6
H,47.7,636.42,19.72,121.42,66.87,45.5,310.27,0,No Failure,192.1,83.0
M,43.73,794.85,6.78,121.62,63.65,46.18,309.77,0,No Failure,189.3,82.0
M,47.65,936.92,30.0,114.74,62.69,53.1,283.4,0,No Failure,171.0,75.6
M,33.64,831.58,20.83,171.64,62.44,55.19,310.41,0,No Failure,161.5,72.2
M,53.08,724.53,12.31,120.17,60.3,56.64,307.27,0,No Failure,160.9,72.0
L,46.93,936.7,6.64,113.42,66.56,51.85,281.99,0,No Failure,176.0,77.3
M,38.79,787.54,25.36,108.02,67.32,59.43,301.71,0,No Failure,161.5,72.2
M,55.61,883.3,23.17,102.84,65.99,46.22,291.39,1,Chamber Vacuum Drift,8.6,26.3
H,49.89,879.52,29.31,120.37,67.68,51.69,338.0,0,No Failure,172.5,76.1
M,40.85,748.25,28.19,101.58,71.84,53.54,354.87,0,No Failure,131.2,61.5
L,45.0,851.51,14.28,124.82,64.05,48.35,262.94,0,No Failure,194.7,84.0
M,47.36,743.35,13.99,147.43,71.73,52.53,308.54,0,No Failure,157.8,70.9
L,40.17,851.36,34.44,126.04,69.92,51.61,318.21,0,No Failure,171.3,75.7
M,44.23,836.44,19.7,114.86,70.6,49.48,328.29,0,No Failure,196.7,84.7
L,37.82,786.26,13.68,107.44,58.23,41.87,322.41,0,No Failure,141.4,65.1
L,29.19,822.64,25.26,106.85,67.41,59.72,347.81,0,No Failure,131.2,61.5
M,45.54,888.79,31.25,129.02,63.53,52.4,360.48,0,No Failure,172.7,76.2
L,57.53,921.22,27.93,111.74,60.48,51.82,332.53,0,No Failure,150.4,68.3
M,49.0,855.24,23.91,108.39,57.92,52.53,351.64,0,No Failure,143.7,65.9
M,45.57,829.12,10.69,91.72,56.61,58.16,314.68,0,No Failure,154.4,69.7
M,47.08,881.84,31.41,136.18,57.43,48.38,322.68,0,No Failure,156.6,70.5
M,43.98,853.7,14.2,116.04,67.26,48.77,329.47,0,No Failure,203.5,87.1
L,52.05,942.87,25.13,160.21,59.7,55.39,344.05,0,No Failure,114.9,55.7
L,40.07,782.42,18.64,121.87,66.15,37.26,337.17,0,No Failure,158.7,71.2
L,46.0,901.7,31.22,147.91,66.43,50.15,356.47,0,No Failure,149.0,67.8
H,44.31,899.7,18.97,147.75,64.9,50.38,307.71,0,No Failure,193.9,83.7
H,52.85,812.22,26.34,110.89,64.57,41.06,319.67,0,No Failure,160.5,71.8
M,52.44,870.32,17.71,110.35,63.09,44.13,301.19,0,No Failure,180.0,78.7
M,50.11,878.08,16.25,106.35,60.57,40.36,320.27,0,No Failure,160.2,71.7
L,47.52,969.65,27.39,112.93,66.14,52.045,309.09,0,No Failure,168.1,74.5
M,39.43,804.99,13.63,118.91,56.45,72.41,344.12,0,No Failure,165.4,73.6
M,45.13,783.04,28.21,106.39,65.97,48.72,310.74,0,No Failure,186.2,80.9
L,49.21,851.36,26.96,119.25,64.4,56.79,308.13,0,No Failure,189.0,82.0
M,42.11,846.06,17.29,119.02,76.31,45.91,337.55,0,No Failure,169.8,75.1
L,32.81,971.32,20.6,101.71,66.65,50.52,285.84,0,No Failure,145.5,66.5
M,48.06,808.58,7.5,103.74,63.09,45.81,289.86,0,No Failure,162.6,72.6
L,43.3,847.68,31.7,123.25,65.89,51.46,296.16,0,No Failure,202.1,86.6
H,42.81,746.32,25.12,107.72,60.39,48.26,328.94,0,No Failure,159.2,71.4
H,44.78,962.75,20.71,126.85,65.66,53.38,318.4,0,No Failure,195.7,84.3
H,42.95,868.49,17.44,109.95,47.757,48.61,306.95,0,No Failure,200.0,85.8
M,25.66,914.73,13.35,102.82,67.9,47.38,254.32,1,Chamber Vacuum Drift,2.1,16.7
M,45.21,732.63,25.31,141.57,62.3,49.6,345.35,0,No Failure,152.1,68.9
H,34.4,869.47,18.7,132.05,61.96,50.49,328.27,0,No Failure,178.2,78.1
M,37.8,817.57,38.38,102.35,65.12,61.35,343.6,0,No Failure,130.4,61.2
M,46.17,795.27,20.92,143.24,62.01,55.4,259.43,0,No Failure,157.1,70.6
M,41.08,816.01,25.13,115.68,68.52,54.73,353.57,0,No Failure,171.4,75.7
L,52.09,902.96,5.12,128.78,67.21,54.0,265.77,0,No Failure,153.0,69.2
L,42.58,739.52,7.44,123.58,65.91,57.28,332.02,0,No Failure,166.0,73.8
L,40.43,812.67,25.07,108.41,65.93,54.13,270.36,0,No Failure,173.1,76.3
H,39.74,861.15,24.37,128.24,61.39,41.88,353.06,0,No Failure,152.1,68.9
H,47.3,835.22,22.39,127.93,67.1,52.61,295.52,0,No Failure,203.1,86.9
L,34.0,839.57,2.82,105.97,62.97,50.59,208.397,0,No Failure,160.9,72.0
M,44.66,828.07,18.46,104.22,61.48,54.43,288.15,0,No Failure,191.7,82.9
M,44.39,865.64,11.88,129.94,59.27,56.52,329.1,0,No Failure,179.8,78.7
H,50.0,871.75,34.97,107.09,62.26,56.76,410.991,0,No Failure,162.6,72.6
L,47.03,890.8,31.16,156.17,65.53,64.05,314.12,0,No Failure,138.9,64.2
H,34.81,856.26,6.69,114.23,72.51,59.52,262.94,0,No Failure,130.9,61.4
L,38.19,855.26,22.12,128.95,65.55,43.7,295.62,0,No Failure,179.8,78.7
L,41.26,845.02,34.73,91.52,67.57,56.62,288.75,0,No Failure,149.4,67.9
L,44.95,834.95,34.61,108.07,70.37,52.94,278.65,0,No Failure,149.8,68.1
M,67.68,966.06,16.66,110.4,58.89,52.46,256.02,0,No Failure,156.9,70.6
H,54.96,916.58,15.45,120.3,72.13,50.0,271.19,0,No Failure,155.6,70.1
L,44.82,819.16,19.62,103.23,68.15,55.18,318.3,0,No Failure,193.3,83.5
L,44.63,856.11,16.91,125.98,63.73,58.77,298.3,0,No Failure,204.2,87.3
H,41.04,901.08,21.56,110.35,63.89,61.46,299.66,0,No Failure,174.0,76.6
M,40.99,859.04,23.59,121.31,64.64,46.27,318.18,0,No Failure,200.6,86.0
H,39.64,824.69,18.32,146.22,65.57,52.94,350.75,0,No Failure,172.7,76.2
M,36.36,718.89,17.52,116.83,65.84,50.21,304.07,0,No Failure,179.7,78.6
L,46.02,886.34,18.22,125.32,67.17,52.06,274.4,0,No Failure,200.8,86.1
L,50.06,733.92,19.69,114.96,63.63,48.71,290.08,0,No Failure,175.1,77.0
M,34.69,880.54,3.79,123.26,59.02,57.13,325.67,0,No Failure,149.5,67.9
L,43.4,897.26,32.97,123.71,64.65,43.98,297.28,0,No Failure,174.0,76.6
M,46.59,835.15,32.27,125.41,66.15,46.51,393.9,0,No Failure,171.1,75.6
L,44.87,849.06,18.26,123.77,67.78,54.14,342.74,0,No Failure,206.1,88.0
H,43.2,813.98,20.22,141.33,65.09,49.05,303.41,0,No Failure,193.5,83.5
M,53.88,834.98,22.82,134.01,71.58,44.54,273.75,0,No Failure,141.3,65.1
L,39.14,962.76,22.88,131.68,69.27,56.81,299.56,0,No Failure,155.4,70.1
L,47.92,899.48,8.45,119.53,65.73,68.68,268.29,0,No Failure,145.2,66.4
M,44.83,897.69,5.15,133.97,74.89,51.46,329.65,0,No Failure,158.1,71.0
H,48.39,835.97,19.13,113.22,67.58,56.77,348.61,0,No Failure,183.1,79.9
H,52.64,904.58,20.09,146.13,68.2,48.12,289.74,0,No Failure,154.2,69.6
L,42.99,795.18,30.12,140.33,64.65,40.84,282.72,0,No Failure,144.4,66.1
M,49.23,809.85,18.55,147.45,65.45,53.74,299.21,0,No Failure,183.8,80.1
L,35.68,816.59,14.36,102.93,60.2,49.29,295.37,0,No Failure,162.7,72.6
L,44.95,831.22,10.32,119.67,58.73,54.79,318.21,0,No Failure,191.4,82.8
L,43.42,741.4,19.22,87.79,68.41,46.93,345.48,0,No Failure,140.5,64.8
M,40.16,977.66,23.39,124.28,65.4,50.29,309.53,0,No Failure,184.7,80.4
M,44.98,808.37,23.56,97.64,67.34,49.62,275.54,0,No Failure,171.7,75.8
L,50.69,723.72,11.69,114.23,68.09,46.11,320.41,0,No Failure,157.4,70.7
M,38.64,925.14,31.34,138.45,66.03,51.21,326.54,0,No Failure,159.7,71.6
M,64.28,844.28,9.42,133.68,65.14,53.52,292.59,0,No Failure,183.6,80.0
L,43.41,887.84,17.02,125.75,65.3,54.55,327.34,0,No Failure,205.7,87.9
L,30.66,815.01,26.54,86.47,69.92,51.58,309.64,0,No Failure,140.4,64.7
M,47.56,1014.66,18.34,111.14,62.27,59.15,316.57,0,No Failure,170.6,75.4
H,55.98,929.3,20.83,137.14,66.0,47.58,268.99,0,No Failure,144.1,66.0
M,43.05,809.72,10.64,132.41,62.85,53.25,313.8,0,No Failure,193.3,83.5
M,40.47,777.87,21.01,106.91,63.35,61.5,290.76,0,No Failure,159.8,71.6
L,47.86,873.19,45.39,114.32,67.29,51.93,281.81,0,No Failure,163.2,72.8
H,45.66,1089.352,15.89,100.79,75.38,51.67,287.21,0,No Failure,163.5,72.9
L,43.9,812.33,29.42,131.68,67.18,31.842,303.79,0,No Failure,182.2,79.5
M,50.47,945.66,24.07,126.06,64.53,58.01,314.72,0,No Failure,174.4,76.8
H,50.51,848.93,5.62,130.7,63.26,55.57,308.48,0,No Failure,184.6,80.4
L,52.88,803.7,34.71,115.02,60.34,55.3,323.21,0,No Failure,155.8,70.2
M,46.67,987.68,23.97,106.12,60.83,55.79,283.31,0,No Failure,150.6,68.3
M,44.22,864.7,20.4,113.07,66.79,45.19,287.76,0,No Failure,191.9,83.0
M,40.13,732.98,28.74,109.79,65.62,55.25,288.31,0,No Failure,158.5,71.1
M,44.15,894.31,29.43,120.03,72.47,50.68,410.991,0,No Failure,146.7,67.0
H,53.06,859.19,15.14,139.36,70.45,50.86,304.15,0,No Failure,175.9,77.3
L,43.23,878.7,25.26,122.91,66.69,53.62,301.55,0,No Failure,203.7,87.1
M,51.53,826.83,18.44,122.98,71.26,52.2,295.79,0,No Failure,191.8,82.9
H,47.3,861.66,23.43,137.21,62.88,60.25,338.01,0,No Failure,167.4,74.3
M,45.69,890.27,20.19,108.31,62.1,52.08,305.32,0,No Failure,204.6,87.5
M,43.85,871.26,12.78,110.84,65.28,55.31,282.48,0,No Failure,193.9,83.7
L,48.21,896.45,13.35,133.28,67.16,52.22,311.73,0,No Failure,195.8,84.3
M,42.19,866.61,26.45,128.97,67.55,54.73,313.91,0,No Failure,193.3,83.5
L,50.33,858.35,18.62,124.41,60.26,43.28,208.397,0,No Failure,182.1,79.5
M,33.91,751.2,1.0,139.27,69.15,46.47,275.33,0,No Failure,108.6,53.5
L,35.62,806.67,1.0,128.92,60.25,54.72,310.28,0,No Failure,156.3,70.4
M,48.16,841.02,29.07,109.8,61.75,57.93,307.67,0,No Failure,179.9,78.7
L,50.53,719.64,37.69,116.32,63.91,50.47,303.56,0,No Failure,158.2,71.0
L,43.97,879.75,28.7,150.35,67.05,42.0,254.84,0,No Failure,128.4,60.5
M,44.86,872.93,32.5,147.32,64.64,59.04,278.41,0,No Failure,153.1,69.2
L,48.97,839.34,26.21,115.22,61.02,53.66,311.78,0,No Failure,196.0,84.4
M,40.17,864.23,12.09,91.84,65.88,51.13,282.84,0,No Failure,172.2,76.0
M,53.81,917.59,19.42,127.84,67.18,54.65,340.71,0,No Failure,168.7,74.7
H,44.47,896.04,15.77,120.37,62.36,57.29,309.99,0,No Failure,197.9,85.1
L,45.08,797.77,26.12,68.002,62.67,49.86,365.41,0,No Failure,168.4,74.6
L,50.83,860.33,7.89,116.19,58.85,55.31,308.28,0,No Failure,179.9,78.7
M,41.62,839.32,14.1,113.44,59.11,53.64,365.4,0,No Failure,170.1,75.3
H,51.97,759.03,23.23,111.48,63.87,59.17,341.3,0,No Failure,153.1,69.2
M,52.08,812.47,23.51,124.73,64.29,54.68,368.06,0,No Failure,166.7,74.0
H,47.96,857.13,18.03,136.01,55.63,43.34,287.95,0,No Failure,157.1,70.6
M,40.92,927.3,18.25,101.31,61.56,56.09,288.87,0,No Failure,165.6,73.7
L,47.97,902.69,23.82,127.15,66.98,46.28,321.05,0,No Failure,181.5,79.3
L,41.81,823.89,1.0,121.54,68.18,45.36,318.07,0,No Failure,171.8,75.8
L,45.6,931.71,1.0,116.46,70.15,43.13,328.32,0,No Failure,147.6,67.3
L,38.15,797.5,22.49,129.58,62.23,51.04,320.27,0,No Failure,182.6,79.7
M,42.57,935.06,14.88,119.98,60.78,42.13,310.41,0,No Failure,167.0,74.2
M,46.31,861.82,21.07,142.74,70.02,48.58,319.32,0,No Failure,180.5,78.9
H,40.45,875.01,2.12,123.45,69.46,55.61,268.25,0,No Failure,156.2,70.3
L,47.45,831.92,19.7,120.19,67.49,58.31,287.42,0,No Failure,194.2,83.8
L,47.63,860.95,11.66,106.99,65.58,51.88,276.43,0,No Failure,191.6,82.9
L,49.17,803.88,6.18,101.74,65.81,55.25,322.42,0,No Failure,169.6,75.1
H,50.66,791.69,19.35,142.85,62.65,47.34,289.87,0,No Failure,162.7,72.6
M,38.8,883.89,20.28,96.53,68.47,44.53,339.98,0,No Failure,149.6,68.0
L,52.0,851.3,13.07,157.91,51.04,49.18,293.54,0,No Failure,139.9,64.5
L,42.5,735.87,7.06,144.08,64.16,53.11,313.04,0,No Failure,164.4,73.2
L,45.81,813.37,11.07,120.1,68.35,57.54,366.8,0,No Failure,128.1,60.4
L,46.45,729.97,4.29,99.67,72.55,51.98,335.51,0,No Failure,137.6,63.8
H,41.69,757.34,18.28,135.58,58.94,59.35,311.75,0,No Failure,161.0,72.0
L,49.13,748.24,23.32,118.41,62.06,52.46,273.12,0,No Failure,172.5,76.1
L,43.55,844.65,19.76,115.45,65.84,48.0,346.55,0,No Failure,198.4,85.3
L,45.6,942.23,15.22,131.38,59.23,47.22,303.37,0,No Failure,172.4,76.1
H,47.33,799.04,11.1,116.34,65.17,63.9,333.19,0,No Failure,167.9,74.5
L,61.93,862.67,21.92,150.03,66.49,52.73,320.44,0,No Failure,153.6,69.4
L,46.08,875.02,10.04,127.34,56.07,62.47,318.97,0,No Failure,157.7,70.8
L,41.17,871.2,16.06,125.96,70.63,40.83,310.98,0,No Failure,174.0,76.6
M,42.25,857.44,11.14,127.23,69.69,56.62,318.04,0,No Failure,186.5,81.0
L,43.93,1013.24,11.32,142.84,68.89,51.64,287.1,0,No Failure,147.9,67.4
L,47.35,919.86,25.52,139.07,62.86,45.81,292.14,0,No Failure,160.2,71.8
H,22.185,831.71,13.12,127.42,61.06,44.7,257.02,0,No Failure,156.2,70.3
L,38.08,866.08,11.16,132.62,66.21,47.35,330.78,0,No Failure,173.8,76.6
L,47.7,717.4,-17.018,98.54,59.76,31.842,295.57,0,No Failure,149.2,67.8
L,44.95,817.87,8.54,129.03,61.7,56.74,283.46,0,No Failure,158.4,71.1
L,45.04,924.47,26.73,106.93,65.98,49.73,312.65,0,No Failure,189.0,81.9
L,48.76,851.36,31.41,134.59,51.94,72.41,296.35,0,No Failure,130.9,61.4
H,22.185,846.84,21.77,121.03,57.69,46.87,262.72,0,No Failure,153.9,69.5
H,57.48,804.83,21.04,132.05,69.21,43.02,295.77,0,No Failure,145.3,66.5
M,45.69,751.46,35.62,133.22,71.09,51.45,375.44,1,Plasma Arcing Fault,7.2,15.5
L,35.26,839.69,1.0,92.69,70.24,53.21,356.69,0,No Failure,124.1,59.0
H,43.92,850.45,1.0,122.92,66.72,55.04,325.44,0,No Failure,190.0,82.3
L,40.38,821.2,12.54,119.97,60.75,50.77,306.6,0,No Failure,198.9,85.4
M,42.28,823.75,18.05,118.59,56.23,56.27,366.86,0,No Failure,155.7,70.2
M,45.53,909.87,14.01,110.58,66.62,59.87,316.22,0,No Failure,183.9,80.1
L,46.49,846.15,9.26,140.04,61.5,56.63,319.01,0,No Failure,177.7,77.9
M,39.35,784.63,22.28,133.28,63.55,49.37,329.6,0,No Failure,174.2,76.7
L,44.7,609.643,21.04,122.82,65.44,43.51,333.68,0,No Failure,176.3,77.4
M,40.97,824.62,22.08,140.27,54.42,43.06,300.81,0,No Failure,143.0,65.6
M,38.45,822.86,30.35,106.5,55.63,65.9,314.86,0,No Failure,124.9,59.2
H,44.68,966.92,19.69,88.5,74.59,48.09,352.24,1,Chuck Thermal Excursion,4.7,13.7
M,40.4,882.24,14.49,140.63,59.59,47.01,208.397,0,No Failure,169.3,75.0
M,41.71,886.82,14.87,118.92,65.98,56.47,330.4,0,No Failure,195.4,84.2
H,38.0,944.53,28.19,132.8,65.43,42.11,310.67,0,No Failure,135.1,62.9
L,51.88,904.81,24.95,146.54,65.82,58.68,293.78,0,No Failure,150.2,68.2
H,54.87,770.12,19.26,124.96,75.22,55.78,337.92,0,No Failure,142.3,65.4
H,38.24,822.8,6.5,102.37,65.89,52.8,295.23,0,No Failure,173.7,76.5
L,38.32,883.2,10.55,117.86,62.23,61.78,312.45,0,No Failure,171.9,75.9
L,43.39,744.74,5.39,118.01,69.11,57.62,277.1,0,No Failure,152.2,68.9
L,40.33,806.01,28.97,128.96,64.63,51.88,314.83,0,No Failure,192.1,83.0
L,53.91,804.19,16.11,109.44,67.9,52.61,320.73,0,No Failure,182.5,79.6
L,39.34,896.68,15.13,119.47,64.4,47.99,310.38,0,No Failure,201.0,86.2
M,41.72,772.54,24.23,118.47,75.17,50.2,306.17,0,No Failure,170.5,75.4
H,48.28,809.17,16.5,118.9,68.85,33.08,302.9,0,No Failure,185.1,80.6
M,50.06,720.97,32.65,106.05,66.38,40.52,304.59,0,No Failure,131.5,61.6
M,40.8,854.22,12.41,112.62,60.86,47.59,271.81,0,No Failure,173.0,76.3
M,38.88,982.78,18.94,115.59,59.19,50.05,383.89,0,No Failure,135.1,62.8
L,43.67,947.62,31.09,108.56,62.92,52.65,274.96,0,No Failure,161.7,72.3
M,49.38,835.46,18.41,117.17,68.34,47.38,367.97,0,No Failure,174.4,76.8
M,42.09,841.65,24.28,117.23,62.23,55.17,313.04,0,No Failure,202.7,86.8
L,49.07,760.7,21.89,152.1,65.71,53.27,313.73,0,No Failure,168.1,74.5
L,40.15,909.18,1.0,119.42,69.95,50.86,275.27,0,No Failure,157.7,70.8
H,28.28,850.98,25.64,128.04,60.11,52.4,283.41,0,No Failure,155.9,70.2
H,49.04,949.44,31.91,140.88,62.4,47.92,358.35,0,No Failure,128.3,60.4
L,45.67,877.45,9.66,129.58,75.27,60.24,311.31,0,No Failure,160.8,71.9
L,44.53,888.54,1.0,117.61,67.07,53.94,292.55,0,No Failure,184.6,80.4
H,50.72,770.95,19.13,127.22,74.9,55.08,309.0,0,No Failure,165.5,73.6
L,50.57,825.88,9.65,106.15,65.62,41.91,250.27,0,No Failure,140.8,64.9
M,38.51,895.83,22.72,125.16,73.5,55.19,315.08,0,No Failure,169.4,75.0
L,38.62,788.89,12.68,126.29,60.02,44.35,286.84,0,No Failure,154.5,69.7
L,48.16,752.33,4.87,125.31,65.63,62.76,261.82,0,No Failure,136.0,63.2
L,44.29,857.17,18.19,144.08,63.07,51.97,299.02,0,No Failure,202.1,86.6
M,40.94,739.05,20.99,125.43,65.38,56.55,318.55,0,No Failure,181.3,79.2
M,40.74,728.5,1.0,126.12,65.21,46.72,275.93,0,No Failure,143.9,66.0
M,41.71,775.52,1.34,121.87,62.91,43.35,351.13,0,No Failure,143.4,65.8
H,52.02,849.95,24.77,96.52,55.6,55.37,296.48,0,No Failure,149.8,68.1
H,46.8,963.65,18.81,121.84,59.73,52.35,279.02,0,No Failure,178.0,78.0
L,38.45,828.86,20.4,106.23,65.38,51.11,410.991,0,No Failure,199.8,85.8
H,37.73,891.01,18.35,128.86,65.95,48.63,326.9,0,No Failure,186.7,81.1
H,46.83,817.77,29.79,132.8,60.38,48.45,304.18,0,No Failure,174.7,76.9
L,35.21,824.52,23.39,117.75,70.43,31.842,334.79,0,No Failure,154.2,69.6
L,44.66,820.37,24.18,115.39,66.71,41.92,308.69,0,No Failure,188.9,81.9
L,39.84,935.0,17.25,140.18,58.66,52.5,313.52,0,No Failure,168.7,74.8
H,46.83,819.89,11.8,113.59,65.35,50.16,330.15,0,No Failure,198.9,85.5
L,40.56,839.88,52.656,128.79,69.81,50.34,316.89,0,No Failure,172.6,76.1
M,52.18,836.81,25.15,115.56,62.54,46.55,310.41,0,No Failure,180.4,78.9
M,50.06,865.17,34.0,132.07,68.76,58.9,353.51,1,Plasma Arcing Fault,8.8,20.1
M,45.66,871.66,18.44,105.62,66.54,57.41,305.78,0,No Failure,199.3,85.6
H,49.3,870.07,14.13,129.36,64.68,48.92,301.31,0,No Failure,198.6,85.4
M,53.89,737.58,20.49,100.23,60.56,52.15,339.91,0,No Failure,145.9,66.7
M,48.46,823.65,17.28,101.31,67.4,50.74,351.95,0,No Failure,176.9,77.7
L,41.28,823.9,4.02,105.45,61.4,46.24,266.23,0,No Failure,145.7,66.6
L,49.36,872.31,23.63,122.3,65.22,59.4,288.49,0,No Failure,185.7,80.8
H,39.69,821.62,24.62,114.07,63.2,50.15,320.82,0,No Failure,191.8,82.9
M,48.33,774.37,4.7,126.02,60.36,48.79,354.9,0,No Failure,148.3,67.5
H,40.44,819.08,28.9,117.23,56.1,43.12,263.3,0,No Failure,134.5,62.6
H,41.73,931.04,8.36,127.9,47.757,59.17,300.43,0,No Failure,156.3,70.3
L,32.52,876.97,18.05,112.52,66.17,43.26,303.71,0,No Failure,171.1,75.6
H,52.3,875.35,15.29,94.05,66.17,56.3,313.19,0,No Failure,173.6,76.5
H,34.79,797.86,21.64,112.73,64.1,50.41,268.22,0,No Failure,167.0,74.2
L,49.99,825.51,4.74,98.38,64.92,48.64,269.59,0,No Failure,155.1,69.9
M,49.62,760.69,37.39,122.42,65.92,62.97,328.07,0,No Failure,141.8,65.2
H,53.47,953.95,21.6,117.23,62.23,47.7,311.91,0,No Failure,171.9,75.9
M,41.73,810.87,25.08,131.15,66.14,50.61,309.64,0,No Failure,196.5,84.6
H,51.25,792.46,7.13,146.41,75.05,44.27,314.08,0,No Failure,122.5,58.4
H,46.86,784.74,23.8,116.82,78.0,50.93,340.37,0,No Failure,155.9,70.2
L,45.48,844.98,10.35,110.23,72.78,58.38,320.43,0,No Failure,174.0,76.6
L,41.95,742.33,9.34,143.56,62.0,49.57,318.73,0,No Failure,156.1,70.3
L,41.89,853.87,19.06,114.06,58.93,47.71,295.59,0,No Failure,189.9,82.2
L,49.34,1061.32,16.47,107.38,60.35,49.08,338.26,0,No Failure,140.3,64.7
H,47.52,795.48,30.01,112.49,64.28,55.45,254.35,0,No Failure,160.3,71.8
H,55.76,897.48,23.26,114.22,71.72,58.82,323.4,0,No Failure,150.2,68.2
M,44.92,782.67,22.01,114.17,67.69,48.39,297.29,0,No Failure,191.2,82.7
M,61.77,902.94,23.14,172.168,59.12,52.53,297.8,0,No Failure,139.0,64.2
M,37.17,865.77,29.89,137.67,60.36,51.65,325.55,0,No Failure,163.1,72.8
M,36.93,846.21,25.99,129.95,64.14,45.24,291.56,0,No Failure,171.7,75.8
L,53.32,857.72,1.0,89.4,57.93,56.73,318.76,0,No Failure,129.2,60.8
L,56.2,895.95,29.23,120.44,63.6,52.59,270.57,0,No Failure,164.1,73.1
L,53.9,894.94,22.4,146.61,69.44,53.03,314.31,0,No Failure,161.0,72.0
L,40.71,829.96,18.44,133.74,64.64,57.49,332.54,0,No Failure,186.4,81.0
M,37.3,795.08,9.42,131.91,59.66,55.9,410.991,0,No Failure,152.2,68.9
M,35.22,933.87,14.6,131.36,65.2,51.16,306.38,0,No Failure,180.2,78.8
L,44.95,809.82,15.91,126.99,67.27,58.06,344.05,0,No Failure,183.3,79.9
L,37.36,897.46,13.32,101.52,58.68,56.89,336.91,0,No Failure,144.8,66.3
H,50.78,800.37,22.79,113.0,69.17,50.76,308.54,0,No Failure,187.3,81.3
L,33.42,799.24,12.88,125.84,70.32,51.74,300.62,0,No Failure,170.1,75.3
M,36.13,840.89,19.45,125.49,66.49,67.39,326.89,0,No Failure,160.1,71.7
H,33.73,840.38,11.59,94.5,79.42,49.83,325.21,0,No Failure,124.8,59.2
M,30.73,967.49,17.03,125.49,73.51,57.85,312.91,1,Chuck Thermal Excursion,2.0,18.4
M,46.72,725.21,19.43,135.94,62.1,48.92,299.88,0,No Failure,171.3,75.7
L,45.08,825.47,10.39,143.49,68.58,47.52,348.11,0,No Failure,160.6,71.9
H,44.87,794.39,6.14,134.3,64.51,54.69,314.55,0,No Failure,186.5,81.1
M,47.15,837.8,2.99,143.1,66.91,60.47,342.54,0,No Failure,145.8,66.7
H,49.38,804.86,31.42,139.47,56.88,50.15,373.46,0,No Failure,123.5,58.7
H,49.83,772.07,10.14,126.01,72.71,58.28,334.9,0,No Failure,145.8,66.6
M,44.78,870.49,18.16,99.14,58.23,48.74,289.66,0,No Failure,177.1,77.7
M,42.95,888.05,10.94,119.19,67.81,59.22,235.49,0,No Failure,153.9,69.5
M,42.23,829.18,16.69,109.18,63.41,53.59,327.81,0,No Failure,199.7,85.7
L,50.45,979.13,27.36,98.7,77.19,51.42,309.67,1,Chuck Thermal Excursion,1.5,16.0
L,50.83,770.43,18.41,118.01,68.34,56.88,334.2,0,No Failure,174.2,76.7
L,44.95,966.88,20.47,139.19,63.83,51.55,318.73,0,No Failure,173.8,76.6
L,50.7,847.38,18.64,98.37,68.46,51.62,312.35,0,No Failure,192.7,83.3
L,43.59,791.01,17.66,110.98,65.3,45.75,301.39,0,No Failure,185.5,80.7
M,35.73,804.46,1.0,135.29,64.64,50.46,324.99,0,No Failure,158.2,71.0
M,34.97,865.9,10.85,124.85,78.24,53.63,303.04,0,No Failure,154.1,69.6
L,37.05,838.92,27.9,105.79,69.15,53.23,310.22,0,No Failure,176.8,77.6
H,47.65,906.25,25.93,138.03,71.77,53.96,322.72,0,No Failure,162.7,72.6
M,41.16,905.82,18.79,125.59,65.08,53.67,265.51,0,No Failure,186.9,81.2
M,33.97,849.24,15.73,104.45,66.5,55.91,333.91,0,No Failure,171.2,75.6
M,56.79,789.47,18.54,130.0,61.21,58.88,279.77,0,No Failure,147.8,67.3
M,47.18,801.88,16.64,127.13,66.11,50.54,284.17,0,No Failure,196.6,84.6
L,44.36,827.14,9.39,152.71,61.3,51.76,323.07,0,No Failure,171.7,75.8
L,41.99,891.86,7.18,107.45,71.5,55.82,315.76,0,No Failure,165.7,73.7
L,38.12,925.62,32.14,125.86,67.18,50.61,247.21,0,No Failure,142.2,65.4
L,44.46,773.33,19.19,86.74,69.08,51.75,239.14,0,No Failure,141.3,65.1
L,42.87,882.66,10.37,124.85,68.0,52.83,263.5,0,No Failure,179.2,78.5
L,47.27,842.9,1.0,124.99,70.66,56.19,340.81,0,No Failure,162.3,72.5
L,45.2,894.89,-17.018,111.74,60.86,49.43,350.51,0,No Failure,177.3,77.8
L,56.64,849.3,17.18,114.8,63.24,47.42,326.18,0,No Failure,183.5,80.0
H,45.48,742.99,1.91,149.22,62.33,52.39,301.69,0,No Failure,151.8,68.8
H,44.97,673.54,16.35,104.12,66.14,51.84,378.66,0,No Failure,147.5,67.2
M,39.79,760.19,16.69,115.65,57.2,54.76,305.24,0,No Failure,171.9,75.9
M,22.185,871.16,15.62,124.89,66.35,53.94,340.82,0,No Failure,194.5,83.9
H,46.89,874.53,52.656,103.0,61.66,48.89,325.38,0,No Failure,183.1,79.8
L,46.33,768.58,18.13,144.72,60.22,47.21,267.13,0,No Failure,148.9,67.7
M,56.88,770.49,3.95,172.168,61.57,41.69,346.96,0,No Failure,121.3,58.0
H,37.21,786.29,28.65,136.96,70.0,54.63,272.49,0,No Failure,138.1,63.9
H,40.99,741.65,11.68,120.37,70.17,42.07,346.87,0,No Failure,136.8,63.5
M,60.29,850.59,12.25,127.22,65.41,58.19,299.13,0,No Failure,168.8,74.8
M,45.94,870.81,30.44,109.78,61.34,48.37,273.11,0,No Failure,168.0,74.5
L,50.83,891.22,6.33,113.67,65.49,53.93,329.79,0,No Failure,179.4,78.6
M,45.63,810.67,21.76,104.2,63.77,54.02,288.54,0,No Failure,190.3,82.4
M,47.29,778.51,20.43,141.84,60.43,47.97,269.44,0,No Failure,152.0,68.8
L,55.19,934.61,27.31,122.58,69.54,52.76,322.81,0,No Failure,162.5,72.6
L,37.37,914.98,32.22,91.9,73.11,58.31,277.14,0,No Failure,106.4,52.7
L,45.81,827.2,20.24,121.49,60.33,54.45,322.5,0,No Failure,203.1,86.9
M,42.43,892.0,26.7,121.72,59.83,43.19,383.66,0,No Failure,138.4,64.0
L,36.54,920.16,25.32,129.77,77.41,54.96,253.77,0,No Failure,116.0,56.1
L,46.74,915.52,19.72,118.34,58.17,53.83,264.84,0,No Failure,172.0,75.9
L,30.15,843.72,8.78,137.86,71.05,58.7,313.05,0,No Failure,139.5,64.4
L,51.42,943.92,22.76,111.24,63.32,58.03,294.63,0,No Failure,163.2,72.8
M,44.05,882.74,21.65,137.62,68.93,50.71,281.63,0,No Failure,180.1,78.8
L,51.08,1089.352,16.85,112.16,63.66,53.21,357.59,0,No Failure,180.5,78.9
L,36.29,893.13,20.35,108.27,64.41,50.3,285.53,0,No Failure,178.8,78.3
H,53.92,870.75,13.42,172.168,62.18,51.89,307.88,0,No Failure,164.4,73.2
L,51.15,836.41,44.24,104.63,60.19,51.81,291.25,0,No Failure,147.2,67.1
L,47.4,789.87,9.91,138.09,68.99,50.53,299.9,0,No Failure,172.6,76.1
M,41.29,861.91,3.55,114.76,61.03,50.88,291.31,0,No Failure,180.0,78.8
L,51.78,804.99,5.71,126.34,64.14,55.3,312.48,0,No Failure,179.7,78.6
L,44.95,913.83,29.87,120.65,68.54,54.28,302.18,0,No Failure,166.5,74.0
L,42.02,774.62,28.89,130.45,60.05,52.97,335.23,0,No Failure,162.6,72.6
M,47.89,792.26,1.0,116.96,63.1,48.34,336.67,0,No Failure,166.3,73.9
L,40.73,871.19,29.45,128.13,58.65,41.78,296.84,0,No Failure,151.5,68.7
L,42.96,741.89,18.27,108.1,55.85,45.17,293.13,0,No Failure,149.2,67.8
L,50.96,867.2,9.47,111.2,57.68,49.43,307.59,0,No Failure,173.7,76.5
L,47.79,761.73,1.0,123.28,68.53,50.31,319.91,0,No Failure,168.3,74.6
H,33.44,724.96,14.21,113.1,73.17,50.26,325.71,0,No Failure,140.5,64.7
L,37.71,880.87,1.0,137.86,67.14,62.92,286.43,0,No Failure,130.4,61.2
L,48.25,711.34,22.03,105.86,59.87,49.69,246.32,0,No Failure,132.3,61.9
M,29.1,896.59,17.36,122.58,67.27,53.15,321.48,0,No Failure,176.6,77.5
H,44.18,814.61,6.82,118.21,66.36,49.93,325.2,0,No Failure,196.3,84.5
H,44.9,808.49,10.83,157.07,60.35,53.72,312.36,0,No Failure,165.6,73.7
L,44.61,930.5,-17.018,113.97,66.31,53.76,291.49,0,No Failure,174.5,76.8
H,39.42,830.65,1.0,136.41,66.29,57.24,308.26,0,No Failure,165.4,73.6
M,52.21,1059.36,18.67,117.15,70.68,52.92,306.03,0,No Failure,158.7,71.2
M,52.22,853.95,15.1,126.61,61.19,49.57,296.15,0,No Failure,188.8,81.9
M,63.59,856.0,1.0,114.26,69.36,45.11,330.05,0,No Failure,128.0,60.3
L,48.4,907.14,20.17,107.57,69.59,53.89,272.35,0,No Failure,168.8,74.8
L,46.29,839.47,30.07,116.25,70.59,43.72,351.11,0,No Failure,157.1,70.6
L,52.12,914.93,13.29,112.94,66.62,48.1,312.42,0,No Failure,181.3,79.2
L,44.95,777.85,25.42,127.46,63.69,39.37,375.2,0,No Failure,116.4,56.2
M,53.23,817.76,15.3,101.6,64.33,52.52,313.12,0,No Failure,188.3,81.7
H,48.43,881.45,17.53,136.38,66.65,48.48,356.81,0,No Failure,172.6,76.1
L,48.98,823.29,14.93,95.43,67.67,54.74,345.35,0,No Failure,165.3,73.5
L,45.18,742.24,8.85,102.04,63.24,52.42,305.33,0,No Failure,177.7,77.9
M,41.61,756.32,18.05,99.75,56.76,45.61,313.49,0,No Failure,149.0,67.8
H,45.01,843.02,9.37,148.34,62.98,55.65,303.91,0,No Failure,180.5,78.9
L,45.32,875.16,22.66,124.97,64.88,50.19,293.29,0,No Failure,209.3,89.1
L,41.85,1001.19,5.32,108.22,61.4,40.1,281.36,0,No Failure,117.3,56.6
L,52.13,828.45,29.03,141.11,63.22,57.08,285.99,0,No Failure,153.6,69.4
L,43.36,901.35,9.81,123.81,61.31,58.91,336.29,0,No Failure,169.3,75.0
M,41.17,965.44,4.88,109.68,66.77,54.97,303.83,0,No Failure,162.6,72.6
L,42.52,803.23,13.64,98.6,64.16,52.67,348.47,0,No Failure,174.5,76.8
L,42.77,816.34,24.49,86.85,65.7,53.92,317.42,0,No Failure,175.7,77.2
M,34.22,910.3,3.59,102.8,66.68,54.12,259.03,0,No Failure,130.7,61.3
M,44.86,839.08,30.99,106.24,62.42,52.92,301.16,0,No Failure,191.2,82.7
L,50.15,813.12,4.94,163.25,66.1,52.52,332.03,0,No Failure,145.6,66.6
H,51.71,884.33,1.52,124.53,75.4,50.31,259.79,0,No Failure,131.2,61.5
H,41.41,825.0,12.75,131.79,63.64,49.81,313.82,0,No Failure,196.4,84.6
M,51.44,764.31,24.65,112.64,65.42,46.92,290.14,0,No Failure,167.3,74.2
L,46.4,763.64,16.85,112.98,65.03,45.27,346.76,0,No Failure,175.3,77.1
L,51.57,806.17,27.37,114.28,66.08,53.2,304.5,0,No Failure,188.3,81.7
M,32.64,849.01,23.91,146.61,68.12,54.93,326.57,0,No Failure,130.0,61.1
H,33.39,824.96,17.2,70.63,55.79,58.49,343.88,0,No Failure,138.2,63.9
M,36.98,747.93,30.95,115.42,72.33,58.33,315.07,0,No Failure,138.3,64.0
L,48.93,727.56,34.41,151.06,63.51,53.04,316.42,0,No Failure,141.3,65.1
M,48.59,924.53,13.26,68.002,64.43,43.35,319.55,0,No Failure,178.2,78.1
M,52.52,878.17,6.83,141.54,56.76,56.34,300.45,0,No Failure,141.1,65.0
H,38.12,969.15,20.9,109.22,63.86,54.15,290.06,0,No Failure,166.5,74.0
L,53.5,789.91,1.0,129.77,73.49,48.64,268.63,0,No Failure,121.5,58.0
M,57.18,770.33,32.84,137.48,54.79,45.28,326.14,0,No Failure,103.9,51.8
L,36.51,872.32,1.0,108.7,59.72,56.7,295.66,0,No Failure,147.1,67.1
L,43.19,850.91,28.49,128.58,70.93,58.87,262.74,0,No Failure,155.0,69.9
L,43.05,948.1,32.86,116.55,70.05,54.75,329.82,0,No Failure,159.1,71.4
H,54.74,768.4,8.71,106.48,47.757,49.06,277.34,0,No Failure,138.0,63.9
M,42.23,794.42,31.09,113.58,69.27,57.96,296.45,0,No Failure,163.3,72.8
L,59.73,861.06,8.89,114.85,70.2,48.93,328.85,0,No Failure,155.1,69.9
L,62.11,918.01,8.51,117.85,60.23,55.67,271.9,0,No Failure,130.6,61.2
H,50.53,825.04,25.46,105.48,61.43,57.22,293.72,0,No Failure,166.3,73.9
M,40.66,955.54,12.56,122.89,67.32,61.36,350.13,0,No Failure,147.8,67.4
L,47.02,834.21,20.44,129.65,64.79,52.0,322.78,0,No Failure,212.4,90.2
M,51.96,689.57,19.46,127.23,61.79,50.5,320.3,0,No Failure,163.6,72.9
L,38.21,848.44,8.11,105.74,69.42,55.19,365.05,0,No Failure,148.9,67.7
L,33.69,793.64,3.68,124.09,75.54,45.32,324.89,0,No Failure,124.4,59.0
L,47.37,817.28,4.37,122.68,65.42,46.74,318.64,0,No Failure,187.0,81.2
H,46.08,860.14,17.3,115.71,68.19,72.41,291.05,0,No Failure,202.4,86.7
L,46.56,887.95,33.8,132.58,59.42,54.71,320.19,0,No Failure,165.7,73.7
L,22.185,915.2,18.32,132.65,67.8,52.82,349.88,0,No Failure,178.1,78.1
L,42.37,733.83,17.64,115.1,62.37,52.07,310.23,0,No Failure,196.5,84.6
H,34.81,846.54,9.41,116.77,71.25,53.82,314.46,0,No Failure,176.6,77.5
M,51.44,747.98,18.1,108.57,67.09,63.06,314.83,0,No Failure,157.0,70.6
M,46.66,880.25,24.01,120.03,68.62,59.72,310.41,0,No Failure,174.5,76.8
H,45.44,824.79,20.2,117.74,55.69,43.32,307.69,0,No Failure,179.0,78.4
L,41.54,870.54,11.61,153.83,66.56,51.9,301.39,0,No Failure,176.7,77.6
M,44.1,876.69,17.43,122.04,55.81,52.24,285.28,0,No Failure,190.6,82.5
H,55.26,848.66,11.85,138.01,66.95,47.79,288.28,0,No Failure,163.8,73.0
M,44.8,916.77,15.73,162.42,64.0,38.48,410.991,0,No Failure,121.4,58.0
L,43.01,948.24,1.0,101.03,65.58,59.23,305.95,0,No Failure,150.1,68.1
H,43.88,847.74,17.21,119.86,65.76,48.54,314.41,0,No Failure,222.8,93.9
L,58.41,925.94,22.47,112.93,63.56,46.72,277.65,0,No Failure,147.8,67.4
M,37.98,884.73,32.86,100.38,61.9,53.76,371.25,1,Plasma Arcing Fault,7.3,17.2
M,40.39,1089.352,2.51,102.7,58.26,59.95,333.09,0,No Failure,137.4,63.7
M,48.71,815.44,20.67,107.33,66.83,65.52,313.12,0,No Failure,167.8,74.4
M,42.65,819.06,11.62,112.37,57.17,52.53,336.99,0,No Failure,159.4,71.5
M,34.12,900.96,24.7,101.82,63.07,48.88,318.98,0,No Failure,160.0,71.7
L,46.7,916.36,1.0,104.49,60.49,52.14,410.991,0,No Failure,151.3,68.6
L,44.08,853.41,1.0,115.8,72.45,47.68,307.99,0,No Failure,175.5,77.2
M,48.41,738.75,15.34,119.65,64.05,55.82,307.41,0,No Failure,191.3,82.7
M,42.85,734.22,26.14,140.08,77.18,54.15,293.95,0,No Failure,131.4,61.5
M,52.11,864.39,15.45,126.56,54.09,54.07,361.76,0,No Failure,149.4,67.9
H,38.44,845.75,22.54,103.77,73.74,61.95,377.26,0,No Failure,119.4,57.3
L,42.1,992.71,27.44,105.43,67.76,62.22,309.09,0,No Failure,133.7,62.4
L,47.43,870.74,24.02,118.84,61.49,47.4,315.64,0,No Failure,196.2,84.5
H,43.93,836.19,19.51,124.11,64.87,54.63,357.48,0,No Failure,198.3,85.2
H,39.51,953.69,20.45,126.44,65.14,48.18,297.84,0,No Failure,180.2,78.8
H,49.04,846.77,1.0,123.36,60.99,46.63,297.54,0,No Failure,171.6,75.8
M,33.75,845.89,15.39,115.34,60.85,51.0,316.11,0,No Failure,188.6,81.8
L,50.82,897.57,20.12,117.67,54.1,49.83,306.53,0,No Failure,173.5,76.4
L,47.44,896.35,21.54,98.39,62.17,48.66,314.63,0,No Failure,179.9,78.7
L,42.36,924.38,23.74,139.22,68.53,50.34,320.07,0,No Failure,172.2,76.0
L,46.18,845.38,27.31,107.47,57.43,54.46,272.6,0,No Failure,164.6,73.3
M,53.2,949.94,17.73,132.03,63.72,51.08,254.69,0,No Failure,155.6,70.1
L,52.64,796.69,1.11,122.17,53.99,44.05,287.25,0,No Failure,122.9,58.5
M,45.33,796.55,5.1,106.72,67.79,59.22,320.87,0,No Failure,165.1,73.5
H,46.01,868.46,15.58,130.31,67.41,51.57,295.73,0,No Failure,205.3,87.7
M,48.31,835.8,15.57,119.9,69.81,56.93,297.73,0,No Failure,194.0,83.7
M,44.46,880.35,18.6,140.68,67.77,58.28,347.73,0,No Failure,169.2,74.9
M,48.39,841.17,26.15,101.05,72.5,56.72,291.94,0,No Failure,158.3,71.1
M,51.58,838.39,24.39,137.95,69.16,58.66,237.18,0,No Failure,132.0,61.8
L,45.01,825.33,22.82,129.76,62.02,44.47,305.81,0,No Failure,188.9,81.9
M,48.58,833.71,37.43,107.35,66.15,56.99,277.95,0,No Failure,156.8,70.5
H,43.92,860.44,19.32,107.72,67.0,57.18,264.09,0,No Failure,180.4,78.9
M,47.21,909.94,18.64,109.54,62.99,52.87,319.23,0,No Failure,198.8,85.4
H,34.12,810.6,9.11,73.19,67.4,51.18,355.48,0,No Failure,122.5,58.4
L,59.11,804.97,19.15,133.24,64.22,72.41,337.92,0,No Failure,158.7,71.2
M,47.61,895.18,5.56,95.49,62.15,44.74,273.76,0,No Failure,138.7,64.1
M,48.82,875.17,24.9,110.46,67.31,49.5,349.16,0,No Failure,174.9,76.9
M,46.33,879.18,3.07,152.06,61.17,64.35,374.51,0,No Failure,104.6,52.1
L,46.07,878.62,27.04,130.15,65.31,53.63,345.95,0,No Failure,186.0,80.9
L,50.21,854.57,24.72,104.85,61.55,54.1,287.82,0,No Failure,177.0,77.7
L,22.185,903.87,16.46,109.08,65.99,51.38,290.65,0,No Failure,184.7,80.4
L,45.45,728.95,25.83,122.27,72.26,44.33,307.96,0,No Failure,159.1,71.3
M,51.64,798.83,19.65,139.41,64.1,42.17,305.9,0,No Failure,164.0,73.1
L,49.47,916.19,14.56,105.77,64.08,55.78,288.87,0,No Failure,174.8,76.9
L,40.34,928.39,23.91,127.37,51.2,42.71,299.3,0,No Failure,129.6,60.9
M,45.93,914.59,2.59,102.71,67.47,49.81,267.33,0,No Failure,151.7,68.7
L,35.57,773.38,35.23,92.42,60.55,50.63,317.23,0,No Failure,131.4,61.5
L,36.28,794.61,13.51,124.99,73.06,49.47,330.2,0,No Failure,158.4,71.1
M,49.84,909.89,3.81,106.2,70.2,50.85,291.99,0,No Failure,156.1,70.3
H,48.8,905.15,7.48,118.77,71.41,57.6,319.82,0,No Failure,166.5,74.0
L,50.57,916.61,23.65,128.53,62.23,48.99,290.67,0,No Failure,172.2,76.0
L,37.33,675.83,9.96,115.24,61.06,52.83,313.96,0,No Failure,154.7,69.8
H,42.11,837.52,26.76,117.68,60.61,50.76,337.53,0,No Failure,186.9,81.2
M,40.57,822.14,28.25,120.48,71.89,31.842,328.87,0,No Failure,173.8,76.6
L,40.11,838.46,36.4,127.56,65.32,37.62,327.72,0,No Failure,147.3,67.2
H,54.11,808.47,31.6,127.41,66.57,56.39,391.71,0,No Failure,128.7,60.6
H,40.58,821.0,20.53,138.28,58.89,52.57,303.72,0,No Failure,180.6,79.0
L,45.89,973.02,23.32,116.67,65.89,52.19,328.85,0,No Failure,188.9,81.9
H,48.22,864.82,20.03,99.0,67.64,51.15,302.76,0,No Failure,193.0,83.4
L,31.26,916.9,3.44,142.56,59.96,53.72,319.79,0,No Failure,128.9,60.6
H,47.22,962.31,15.76,103.15,66.43,51.33,297.0,0,No Failure,179.5,78.6
L,51.76,914.92,16.59,96.25,62.01,64.03,323.18,0,No Failure,141.1,65.0
M,36.92,894.55,19.32,116.58,69.57,51.5,280.8,0,No Failure,178.9,78.3
L,32.31,783.36,13.03,112.36,66.27,53.66,303.57,0,No Failure,172.3,76.0
L,63.26,896.0,22.05,109.73,65.47,47.08,311.79,0,No Failure,159.5,71.5
L,48.23,841.03,13.76,134.45,58.35,52.55,297.97,0,No Failure,184.4,80.3
M,37.45,881.94,11.93,112.33,63.48,64.93,322.57,0,No Failure,157.5,70.8
M,42.27,802.25,9.91,125.56,61.99,44.26,290.33,0,No Failure,169.2,74.9
H,47.41,897.96,17.08,124.11,64.27,56.38,296.03,0,No Failure,199.4,85.6
M,40.01,902.99,13.87,122.61,66.89,55.4,341.82,0,No Failure,179.8,78.7
L,67.68,760.87,13.46,117.96,66.07,46.29,322.97,0,No Failure,168.1,74.5
M,43.66,898.33,31.75,124.49,82.613,41.15,297.08,0,No Failure,151.5,68.6
L,48.92,858.73,17.51,144.97,58.04,58.88,253.23,0,No Failure,139.5,64.4
M,46.83,961.05,20.29,128.88,66.5,52.52,313.9,0,No Failure,193.0,83.4
L,42.83,858.03,34.0,112.55,65.3,46.94,298.37,0,No Failure,174.7,76.9
M,42.93,839.53,3.79,110.37,62.96,44.9,306.76,0,No Failure,178.1,78.1
L,37.96,809.72,10.59,103.79,65.94,46.6,329.24,0,No Failure,163.8,73.0
L,44.95,811.37,36.51,104.52,61.76,47.02,316.56,0,No Failure,162.1,72.4
H,36.14,732.26,23.77,96.77,65.17,49.22,300.38,0,No Failure,122.2,58.3
L,50.64,776.01,18.32,105.77,63.92,58.56,269.35,0,No Failure,146.5,66.9
M,41.92,914.8,21.32,143.33,68.31,51.27,307.71,0,No Failure,179.5,78.6
M,42.14,846.97,31.43,135.22,70.78,54.85,275.95,0,No Failure,158.4,71.1
M,41.74,921.5,13.94,120.13,58.91,43.32,272.8,0,No Failure,154.5,69.7
L,44.24,770.8,1.04,126.12,63.65,45.4,314.77,0,No Failure,168.5,74.7
M,43.73,880.17,17.27,117.26,62.55,64.1,342.69,0,No Failure,173.9,76.6
H,32.22,929.43,5.96,125.9,66.97,54.9,337.77,0,No Failure,145.3,66.5
L,36.64,777.21,2.06,117.32,77.98,60.16,354.59,0,No Failure,101.2,50.9
M,67.68,834.32,6.1,123.54,69.84,51.95,331.52,0,No Failure,173.5,76.5
L,50.26,845.24,16.54,124.24,62.28,50.59,304.94,0,No Failure,207.4,88.4
M,40.86,952.56,20.15,123.49,63.23,49.81,289.55,0,No Failure,182.1,79.5
M,41.5,866.04,28.65,130.86,71.67,57.11,299.64,0,No Failure,166.0,73.8
H,41.79,934.34,25.81,108.92,67.06,41.21,321.36,0,No Failure,154.6,69.8
M,46.12,778.28,12.65,128.72,62.09,53.71,260.92,0,No Failure,169.5,75.0
H,45.89,847.96,18.53,125.4,66.52,51.32,314.19,0,No Failure,223.5,94.1
M,41.7,872.35,13.27,118.47,65.52,56.84,299.85,0,No Failure,201.2,86.2
L,28.44,846.17,13.85,68.002,61.43,62.01,291.29,0,No Failure,148.7,67.7
H,50.27,879.56,40.1,119.75,57.51,45.39,314.46,0,No Failure,149.9,68.1
H,50.2,826.76,52.656,121.89,64.86,60.62,295.17,0,No Failure,168.6,74.7
M,43.86,743.75,24.77,107.38,66.79,44.68,353.76,0,No Failure,148.1,67.5
M,51.28,938.3,15.24,118.98,68.81,31.842,266.11,0,No Failure,147.2,67.1
M,45.5,790.37,3.35,107.23,57.09,45.79,332.02,0,No Failure,143.8,65.9
L,45.7,867.92,20.35,133.85,69.0,57.22,297.33,0,No Failure,187.1,81.3
H,41.55,800.69,31.2,106.54,64.9,46.91,274.15,0,No Failure,159.2,71.4
H,49.47,876.44,7.3,89.94,67.56,40.81,275.41,0,No Failure,127.5,60.2
M,32.8,837.55,6.89,121.97,61.99,52.17,292.24,0,No Failure,174.7,76.9
L,36.86,758.56,19.82,103.11,70.5,44.61,282.72,0,No Failure,136.0,63.2
H,49.98,813.61,8.36,113.3,74.23,51.54,287.69,0,No Failure,162.4,72.5
H,43.58,740.95,13.79,99.33,66.73,48.69,330.69,0,No Failure,164.2,73.1
H,42.41,708.02,19.02,99.21,61.92,52.43,298.3,0,No Failure,166.9,74.1
M,49.9,853.7,6.36,110.19,63.73,44.85,389.24,0,No Failure,141.7,65.2
M,41.89,840.37,7.85,116.86,69.8,53.37,296.5,0,No Failure,189.6,82.2
L,29.42,834.55,7.92,122.18,60.98,42.44,285.58,0,No Failure,138.3,64.0
L,38.66,665.34,17.86,128.7,67.21,52.43,319.51,0,No Failure,166.2,73.9
M,45.24,792.42,24.87,136.11,56.36,46.43,267.77,0,No Failure,142.4,65.4
M,44.91,911.21,13.55,104.2,70.05,50.33,318.8,0,No Failure,182.1,79.5
H,43.25,801.12,17.31,106.07,69.17,45.3,324.49,0,No Failure,175.5,77.1
M,50.38,873.39,24.39,125.06,58.51,57.42,309.1,0,No Failure,176.5,77.5
M,58.09,862.51,13.85,127.62,59.16,44.26,279.39,0,No Failure,144.0,66.0
L,41.62,882.41,28.55,126.87,66.05,62.32,288.16,0,No Failure,164.3,73.2
H,48.48,842.62,24.47,89.89,67.92,62.93,313.06,0,No Failure,139.6,64.5
H,53.11,780.46,33.63,120.37,62.86,55.04,236.59,0,No Failure,120.4,57.7
M,44.6,851.1,11.97,121.82,61.77,54.21,302.82,0,No Failure,210.1,89.4
M,43.94,878.92,21.54,117.97,60.32,56.38,338.48,0,No Failure,186.2,81.0
H,44.01,873.88,42.09,104.95,67.48,54.93,272.08,0,No Failure,150.3,68.2
L,45.46,851.36,21.5,103.13,70.43,44.15,310.75,0,No Failure,163.5,72.9
M,45.76,910.11,11.32,113.61,77.55,55.7,289.28,0,No Failure,154.5,69.7
L,43.71,788.41,19.89,114.61,60.85,43.84,280.5,0,No Failure,169.5,75.0
L,45.27,985.55,3.41,109.01,62.57,63.47,278.01,0,No Failure,127.8,60.2
L,45.27,886.99,14.92,120.1,60.95,52.2,312.87,0,No Failure,200.3,85.9
M,44.03,810.04,20.03,109.44,61.44,44.96,294.5,0,No Failure,180.8,79.0
M,50.34,812.19,1.0,131.61,63.18,47.97,270.44,0,No Failure,149.7,68.0
M,40.22,826.48,23.07,136.97,66.88,48.79,331.48,0,No Failure,176.6,77.6
L,41.76,861.59,13.19,113.27,62.92,37.49,347.87,0,No Failure,156.2,70.3
L,46.57,828.85,6.66,132.91,62.67,48.35,351.62,0,No Failure,166.9,74.1
H,43.0,713.0,30.0,115.91,82.613,55.22,316.45,0,No Failure,162.7,72.6
L,43.46,984.3,38.5,98.64,67.9,49.19,294.06,0,No Failure,134.6,62.7
L,44.95,795.42,1.0,110.0,61.17,56.06,251.33,0,No Failure,144.3,66.1
H,49.49,1089.352,36.75,113.59,67.76,42.49,306.37,0,No Failure,141.8,65.2
H,50.79,875.79,8.94,123.71,76.77,60.42,313.1,0,No Failure,148.9,67.7
H,42.29,831.88,12.26,101.3,64.28,50.75,290.09,0,No Failure,188.7,81.8
M,37.15,856.71,8.39,141.84,65.45,67.44,331.51,0,No Failure,108.7,53.5
M,52.76,821.64,13.91,122.12,56.74,51.54,327.54,0,No Failure,175.5,77.2
M,45.63,814.41,18.34,126.36,67.58,51.82,325.17,0,No Failure,209.1,89.1
L,52.97,805.4,24.57,116.16,67.47,46.78,311.38,0,No Failure,179.0,78.4
M,46.55,754.58,14.49,107.31,67.04,53.9,297.37,0,No Failure,182.2,79.5
L,41.68,874.41,17.02,128.26,63.89,50.79,251.29,0,No Failure,183.1,79.8
M,45.88,803.95,14.36,144.82,61.6,53.95,336.98,0,No Failure,171.0,75.6
H,42.36,861.57,10.34,107.93,52.09,63.26,322.33,0,No Failure,137.8,63.8
M,41.66,893.62,7.63,121.19,59.61,54.98,319.82,0,No Failure,179.7,78.6
M,45.55,839.13,17.49,131.97,67.23,56.84,355.65,0,No Failure,183.2,79.9
L,44.95,851.36,26.35,120.1,61.25,56.21,323.91,0,No Failure,185.8,80.8
H,47.46,904.0,7.69,117.42,47.757,62.73,368.04,0,No Failure,147.1,67.1
L,47.84,810.77,12.93,130.62,66.03,42.16,290.53,0,No Failure,170.7,75.5
M,36.63,849.01,5.18,117.44,62.9,50.58,317.0,0,No Failure,181.2,79.2
H,50.56,902.23,17.13,101.84,63.74,60.2,332.06,0,No Failure,162.8,72.6
H,62.63,816.31,9.28,135.28,55.59,56.71,329.26,0,No Failure,118.3,56.9
L,49.11,853.56,3.83,133.81,65.86,56.05,283.98,0,No Failure,170.9,75.5
M,37.64,833.65,3.27,134.54,68.08,53.28,339.19,0,No Failure,158.5,71.1
H,34.0,966.22,13.39,114.67,61.22,52.24,330.1,0,No Failure,158.0,71.0
L,54.66,828.61,7.05,116.6,69.47,45.97,361.39,0,No Failure,142.0,65.3
M,46.63,913.04,23.36,131.41,66.49,54.55,303.67,0,No Failure,190.5,82.5
L,42.8,823.28,20.84,141.09,54.24,50.29,339.42,0,No Failure,155.3,70.0
M,33.97,756.05,29.08,145.9,67.77,53.88,310.07,0,No Failure,141.8,65.2
L,37.28,762.06,33.42,129.92,72.52,58.08,316.01,0,No Failure,132.8,62.0
H,45.72,804.78,11.2,123.1,63.74,47.46,306.32,0,No Failure,199.3,85.6
L,42.89,803.98,17.45,120.5,62.79,65.01,305.19,0,No Failure,183.2,79.9
M,30.55,800.5,32.05,111.89,66.66,53.93,335.3,0,No Failure,147.4,67.2
L,40.38,974.27,18.33,123.26,65.47,62.76,372.64,0,No Failure,141.0,64.9
L,41.59,944.5,29.48,68.002,68.82,56.28,343.95,0,No Failure,148.6,67.6
M,42.57,782.86,18.67,135.75,68.34,59.37,299.92,0,No Failure,171.2,75.6
M,50.5,715.79,18.46,128.43,64.28,65.01,333.79,0,No Failure,144.4,66.2
L,38.76,837.31,20.71,109.01,67.03,58.72,261.63,0,No Failure,162.6,72.6
L,35.01,747.83,3.05,131.42,68.4,47.7,316.1,0,No Failure,140.1,64.6
L,29.92,874.18,21.04,114.69,66.45,62.51,326.66,0,No Failure,145.6,66.6
M,58.67,871.8,17.23,126.66,61.91,51.58,304.76,0,No Failure,185.1,80.6
L,47.82,679.86,12.72,104.66,63.6,47.04,352.5,0,No Failure,138.0,63.9
M,46.48,829.68,10.23,129.08,62.51,57.06,258.23,0,No Failure,167.2,74.2
M,37.81,830.68,24.82,153.14,60.87,56.66,340.85,0,No Failure,139.2,64.3
L,52.82,832.54,26.85,113.26,59.1,60.87,303.96,0,No Failure,157.7,70.9
H,43.48,959.87,1.0,135.18,61.54,72.41,303.97,0,No Failure,158.6,71.2
L,50.84,803.75,3.91,133.69,64.23,62.2,295.4,0,No Failure,148.8,67.7
L,54.79,943.63,22.47,143.12,59.94,53.08,316.19,0,No Failure,149.3,67.9
L,56.63,792.99,1.0,145.73,69.17,49.08,313.43,0,No Failure,131.6,61.6
H,44.95,845.91,36.73,94.12,65.61,55.43,322.91,0,No Failure,170.0,75.2
M,44.64,886.45,1.0,110.34,63.97,48.64,315.0,0,No Failure,183.7,80.1
M,44.49,905.68,20.74,128.97,67.22,54.81,270.01,0,No Failure,181.4,79.3
H,47.92,854.81,35.38,139.38,66.04,49.52,352.18,1,Plasma Arcing Fault,2.6,26.2
H,48.98,833.74,34.5,139.87,67.66,40.21,325.15,0,No Failure,140.1,64.6
L,44.35,850.61,19.9,156.46,62.24,51.56,335.31,0,No Failure,178.6,78.3
L,41.12,884.48,23.91,120.27,64.46,51.77,311.22,0,No Failure,212.6,90.3
L,37.0,914.02,6.67,125.93,59.18,48.85,328.74,0,No Failure,153.0,69.2
L,48.37,871.4,26.4,139.88,47.757,49.43,316.27,0,No Failure,181.6,79.3
M,43.02,906.46,16.27,124.72,65.93,46.72,299.88,0,No Failure,195.8,84.3
L,43.51,833.04,24.87,129.51,47.757,50.97,277.71,0,No Failure,189.0,81.9
M,50.96,609.643,8.92,114.33,66.44,44.48,360.24,0,No Failure,157.3,70.7
L,41.16,957.63,17.52,131.33,72.91,48.52,262.81,1,Chuck Thermal Excursion,6.3,20.5
L,53.15,888.78,24.95,116.31,62.9,60.66,301.98,0,No Failure,168.6,74.7
H,43.03,924.61,20.02,102.23,67.04,46.49,272.42,0,No Failure,161.6,72.2
L,42.36,905.92,23.21,120.05,65.88,54.45,289.07,0,No Failure,195.9,84.4
M,38.43,975.14,17.03,140.35,65.11,36.6,312.56,0,No Failure,137.8,63.8
L,38.56,853.31,2.91,116.3,62.55,53.25,309.09,0,No Failure,178.0,78.0
L,51.69,883.87,14.89,97.96,58.92,31.842,278.81,0,No Failure,155.6,70.1
L,48.0,788.55,3.78,106.37,60.82,56.38,333.87,0,No Failure,152.0,68.8
L,48.36,734.23,11.55,146.13,61.37,47.89,303.77,0,No Failure,149.5,68.0
L,36.18,930.16,26.2,126.18,68.18,61.18,298.23,0,No Failure,147.9,67.4
L,39.35,927.97,31.91,115.8,64.83,53.29,299.97,0,No Failure,178.2,78.1
L,55.16,782.98,21.19,96.02,57.92,66.22,363.06,1,Chamber Vacuum Drift,7.2,3.2
L,50.11,845.06,14.45,126.09,54.67,47.55,320.74,0,No Failure,170.7,75.4
H,42.45,762.44,17.77,128.92,71.04,41.95,334.66,0,No Failure,152.4,69.0
M,38.05,873.09,26.79,131.6,68.42,52.77,301.35,0,No Failure,179.8,78.7
L,44.33,792.59,16.11,118.24,69.94,55.37,335.48,0,No Failure,186.9,81.2
M,57.55,826.28,-17.018,122.97,64.19,54.21,287.77,0,No Failure,183.0,79.8
M,40.07,841.1,7.17,112.24,56.72,50.88,349.3,0,No Failure,158.3,71.1
H,48.07,883.02,26.5,99.68,71.21,47.3,336.51,0,No Failure,151.6,68.7
M,50.63,765.61,16.01,119.26,65.18,54.43,262.8,0,No Failure,176.4,77.5
H,40.68,893.88,5.95,129.56,63.0,53.7,291.51,0,No Failure,175.4,77.1
L,49.22,712.34,16.4,151.38,64.94,49.6,293.78,0,No Failure,154.5,69.7
M,41.64,768.87,4.16,126.11,72.75,64.64,325.46,0,No Failure,128.3,60.4
L,26.59,822.3,10.81,105.72,68.38,53.64,346.96,0,No Failure,137.2,63.6
L,47.49,857.07,9.96,107.99,58.81,52.95,263.77,0,No Failure,166.9,74.1
H,35.64,609.643,5.26,116.21,59.78,59.67,342.54,0,No Failure,141.6,65.2
L,44.27,928.44,6.6,140.33,64.54,40.51,288.65,0,No Failure,145.0,66.4
L,51.42,926.03,33.43,139.5,65.53,49.63,356.49,1,Plasma Arcing Fault,8.8,18.9
M,41.6,869.78,38.47,135.3,65.65,60.47,325.88,0,No Failure,153.0,69.2
L,44.3,806.63,32.24,102.25,62.06,54.34,284.18,0,No Failure,164.5,73.3
L,37.67,839.71,2.97,107.52,66.91,54.68,286.49,0,No Failure,164.0,73.1
L,43.47,876.7,28.33,100.14,73.55,65.47,295.7,0,No Failure,131.6,61.6
L,43.28,987.21,29.21,121.03,54.22,52.96,340.93,0,No Failure,141.7,65.2
M,39.25,846.82,52.656,130.99,64.73,52.49,294.77,0,No Failure,204.1,87.3
H,56.2,1089.352,24.23,146.84,68.34,55.53,339.13,0,No Failure,136.5,63.3
L,48.96,898.6,19.08,118.3,71.63,58.3,298.59,0,No Failure,177.5,77.9
L,54.45,891.86,12.03,141.34,68.8,44.96,312.49,0,No Failure,151.1,68.5
L,45.81,807.95,32.23,111.31,73.6,59.41,301.82,0,No Failure,153.2,69.3
H,22.83,807.75,8.23,119.42,68.1,50.22,218.86,0,No Failure,141.8,65.2
H,22.185,919.98,22.67,138.91,66.11,51.48,307.53,0,No Failure,182.6,79.7
M,57.82,770.36,9.41,116.14,56.05,51.5,294.89,0,No Failure,144.4,66.2
L,47.24,860.91,11.67,133.06,60.15,58.3,289.66,0,No Failure,171.3,75.7
L,53.07,825.75,13.86,126.09,60.2,49.55,322.69,0,No Failure,179.0,78.4
H,46.25,829.9,22.93,136.82,68.73,36.2,319.37,0,No Failure,154.8,69.8
L,44.01,882.98,-17.018,131.39,64.96,61.49,330.34,0,No Failure,172.7,76.2
M,44.55,900.89,17.0,125.46,71.39,49.52,282.02,0,No Failure,183.3,79.9
L,51.95,849.45,4.54,140.97,67.7,66.4,309.09,0,No Failure,130.9,61.4
L,49.37,946.34,31.92,126.99,60.61,59.39,303.5,0,No Failure,148.9,67.7
L,34.9,791.31,11.58,113.15,60.7,49.29,309.89,0,No Failure,170.2,75.3
L,44.69,823.11,8.98,97.68,64.59,47.15,271.78,0,No Failure,166.8,74.1
M,46.38,840.45,6.95,126.47,56.7,53.22,280.22,0,No Failure,171.3,75.7
L,49.9,609.643,22.96,115.37,67.5,57.11,272.06,0,No Failure,169.4,75.0
M,58.11,866.79,11.62,132.54,65.45,72.41,316.27,0,No Failure,173.5,76.4
L,48.3,725.37,24.27,132.43,62.32,50.15,292.45,0,No Failure,164.3,73.2
L,52.23,789.03,20.08,128.37,68.36,59.18,276.9,0,No Failure,156.2,70.3
L,39.76,745.44,1.0,111.29,56.62,44.99,278.61,0,No Failure,116.4,56.2
L,45.67,967.47,8.84,108.63,69.18,41.78,296.11,0,No Failure,145.1,66.4
M,50.12,918.47,15.12,107.49,56.8,53.54,306.25,0,No Failure,168.7,74.8
L,47.18,831.91,13.3,104.62,68.44,49.15,338.4,0,No Failure,178.7,78.3
M,47.99,908.98,4.55,145.2,63.53,64.58,306.61,0,No Failure,139.6,64.4
L,39.49,906.5,30.66,100.79,73.99,44.38,327.01,0,No Failure,125.8,59.5
L,39.45,910.9,34.24,111.55,67.81,52.0,329.46,0,No Failure,165.6,73.6
M,39.26,861.11,31.89,119.25,56.82,57.58,256.93,0,No Failure,140.9,64.9
L,48.73,901.25,24.6,133.94,60.28,47.17,284.1,0,No Failure,159.5,71.5
H,51.51,729.93,8.61,92.48,65.17,48.25,285.14,0,No Failure,137.8,63.8
M,67.68,933.74,19.06,117.13,67.84,54.06,319.48,0,No Failure,199.3,85.6
M,52.35,880.02,20.72,94.13,65.24,51.91,334.74,0,No Failure,175.1,77.0
H,41.34,916.98,14.05,118.15,63.16,52.01,357.92,0,No Failure,181.5,79.3
L,41.92,915.95,6.84,146.74,61.54,59.02,372.17,0,No Failure,119.1,57.2
M,36.95,901.22,12.64,119.93,66.93,54.57,266.34,0,No Failure,170.3,75.3
M,37.02,860.75,27.08,102.13,63.73,61.49,340.19,0,No Failure,147.4,67.2
H,37.36,796.81,8.97,132.87,61.57,57.44,296.65,0,No Failure,156.3,70.4
M,51.0,929.84,24.26,127.64,55.93,52.83,323.22,0,No Failure,158.9,71.3
L,44.95,832.33,1.0,115.64,62.99,54.12,291.93,0,No Failure,167.0,74.2
H,42.22,851.79,15.28,91.82,63.63,56.08,342.73,0,No Failure,171.8,75.9
L,41.25,864.11,9.85,128.05,63.82,53.48,367.94,0,No Failure,173.6,76.5
L,44.3,903.8,20.86,130.81,69.04,47.5,274.43,0,No Failure,172.2,76.0
L,42.67,858.39,2.75,105.7,60.45,47.15,328.3,0,No Failure,163.0,72.7
L,44.03,808.26,1.0,135.4,61.89,48.18,343.0,0,No Failure,154.8,69.8
L,35.38,840.05,14.44,121.46,65.54,43.54,249.48,0,No Failure,157.8,70.9
L,47.22,852.08,8.51,132.7,62.81,48.34,300.27,0,No Failure,188.4,81.7
L,44.58,846.52,11.36,126.01,68.32,56.65,294.3,0,No Failure,194.1,83.7
M,37.17,887.33,13.53,148.77,69.07,57.12,330.28,0,No Failure,145.8,66.6
H,44.27,826.92,18.07,143.12,63.59,54.35,334.32,0,No Failure,189.0,81.9
M,44.29,788.5,27.16,126.9,69.74,52.97,264.47,0,No Failure,167.2,74.2
M,40.44,767.7,1.84,110.93,64.6,50.2,312.43,0,No Failure,173.5,76.5
H,43.52,792.59,19.09,116.1,75.89,49.87,247.24,0,No Failure,152.1,68.9
H,40.46,959.93,37.57,105.11,72.3,60.69,317.49,0,No Failure,117.7,56.7
L,47.73,825.95,13.96,119.63,56.35,56.12,301.55,0,No Failure,183.5,80.0
L,38.37,732.61,20.28,134.72,62.0,46.95,271.81,0,No Failure,143.0,65.6
M,47.41,753.63,26.92,120.32,70.04,57.9,304.09,0,No Failure,169.1,74.9
L,40.98,835.98,19.36,139.44,64.34,51.49,327.64,0,No Failure,195.4,84.2
L,42.26,763.86,29.43,102.65,71.2,61.44,336.33,0,No Failure,128.1,60.4
L,50.08,904.38,15.28,115.65,65.3,40.52,294.29,0,No Failure,153.8,69.5
M,56.57,881.37,52.656,137.43,82.613,52.2,308.42,0,No Failure,160.7,71.9
L,43.27,846.09,8.02,143.04,68.23,48.93,304.85,0,No Failure,179.0,78.4
H,39.73,824.2,39.19,134.92,68.76,49.47,293.01,0,No Failure,152.3,68.9
L,45.71,874.3,12.47,117.05,68.43,56.57,294.1,0,No Failure,193.4,83.5
L,49.07,734.14,19.54,114.72,76.81,62.9,275.56,0,No Failure,121.4,58.0
M,42.12,961.41,18.78,108.35,56.87,48.5,366.52,0,No Failure,138.0,63.9
L,43.02,842.76,1.0,116.97,63.54,44.19,300.32,0,No Failure,178.2,78.1
M,42.98,856.31,18.05,129.64,74.82,48.57,288.73,0,No Failure,177.7,77.9
M,40.05,894.54,33.7,146.85,63.09,47.88,300.0,0,No Failure,150.0,68.1
L,60.22,846.57,10.22,113.35,58.55,45.55,313.32,0,No Failure,151.7,68.7
L,37.67,919.11,15.25,115.5,70.02,48.06,341.86,0,No Failure,161.0,72.0
H,41.95,694.14,18.38,138.13,62.87,53.52,300.92,0,No Failure,167.7,74.4
H,44.72,911.08,9.01,124.81,69.4,52.56,301.34,0,No Failure,190.6,82.5
M,55.25,815.55,20.28,136.0,65.25,52.58,321.45,0,No Failure,183.3,79.9
M,38.48,913.6,15.02,121.65,66.21,53.16,323.3,0,No Failure,193.4,83.5
M,51.81,933.66,1.0,135.94,65.45,50.3,312.79,0,No Failure,150.7,68.4
M,38.11,843.42,11.96,108.1,70.92,49.3,313.18,0,No Failure,177.8,78.0
L,47.67,700.64,26.24,153.12,70.8,48.2,391.43,0,No Failure,104.0,51.8
M,52.16,794.88,23.57,114.54,77.6,48.48,280.21,0,No Failure,139.7,64.5
M,47.46,931.65,8.44,130.95,69.18,52.64,355.34,0,No Failure,157.0,70.6
H,43.37,765.35,26.73,138.6,66.24,54.16,272.78,0,No Failure,160.5,71.9
M,43.1,878.43,13.27,110.12,65.2,50.72,315.62,0,No Failure,206.8,88.2
L,50.57,838.96,30.29,135.9,66.12,54.08,274.97,0,No Failure,166.5,74.0
M,42.97,897.49,26.31,119.08,70.94,53.86,325.48,0,No Failure,183.4,80.0
L,57.18,885.61,13.09,113.22,56.91,54.39,299.29,0,No Failure,157.5,70.8
H,33.03,842.86,43.66,108.54,66.64,52.48,330.59,0,No Failure,147.8,67.3
M,46.87,865.4,20.58,99.53,61.53,61.61,288.07,0,No Failure,164.2,73.2
H,44.73,812.86,35.22,122.75,62.51,46.47,289.87,0,No Failure,173.3,76.4
M,38.07,962.3,20.96,126.12,69.1,57.48,277.23,0,No Failure,149.3,67.9
H,45.71,810.74,18.01,124.29,70.0,62.85,279.06,0,No Failure,169.4,75.0
M,41.58,908.23,19.26,146.12,67.06,58.88,348.26,0,No Failure,151.0,68.5
H,33.6,898.15,-17.018,130.29,63.88,65.22,302.24,0,No Failure,152.2,68.9
M,48.16,866.5,19.64,124.9,70.01,45.8,246.02,0,No Failure,161.2,72.1
M,53.53,720.82,26.24,107.47,66.44,47.34,261.82,0,No Failure,130.4,61.2
L,46.8,804.86,29.7,129.27,63.52,49.23,312.63,0,No Failure,188.1,81.6
L,53.07,1089.352,21.41,132.96,59.75,47.41,274.12,0,No Failure,159.0,71.3
H,45.03,773.04,12.82,86.94,68.06,50.51,271.19,0,No Failure,152.4,69.0
L,51.66,884.51,8.44,92.08,65.72,50.62,292.0,0,No Failure,162.5,72.6
L,53.49,788.72,37.28,125.58,65.44,50.5,297.68,0,No Failure,163.9,73.1
H,44.84,835.19,1.0,104.02,65.17,53.29,358.43,0,No Failure,168.9,74.8
L,51.12,873.43,24.74,129.83,64.87,49.79,321.28,0,No Failure,190.7,82.6
L,49.83,877.98,2.48,140.7,73.63,54.7,294.39,0,No Failure,141.7,65.2
H,40.43,875.28,27.88,96.46,56.86,55.65,328.63,0,No Failure,145.7,66.6
H,52.12,789.19,14.89,113.02,61.25,54.46,250.93,0,No Failure,154.3,69.7
H,37.87,827.21,12.18,120.37,69.71,45.85,300.73,0,No Failure,159.5,71.5
L,44.24,824.41,1.0,117.29,68.64,51.19,312.3,0,No Failure,192.2,83.1
H,44.43,783.46,24.29,125.09,61.4,53.95,344.56,0,No Failure,178.5,78.2
H,46.23,813.44,18.28,109.83,82.613,54.93,282.16,0,No Failure,180.7,79.0
H,39.21,1014.8,21.85,127.09,60.0,51.33,302.22,0,No Failure,160.2,71.7
L,44.95,897.63,27.85,146.38,68.55,53.91,331.13,0,No Failure,163.6,73.0
M,45.62,1021.88,30.06,132.77,69.25,48.97,297.15,0,No Failure,146.5,66.9
L,43.71,765.77,19.24,111.52,55.92,62.3,279.03,0,No Failure,142.5,65.5
H,37.47,770.87,28.65,120.37,69.2,48.35,295.12,0,No Failure,141.5,65.1
L,46.62,869.95,26.75,120.1,82.613,72.41,266.8,0,No Failure,165.6,73.7
L,50.19,799.02,31.89,134.63,71.81,60.03,275.9,0,No Failure,127.2,60.1
H,36.3,906.06,30.67,96.63,72.28,41.35,378.09,0,No Failure,87.0,45.8
L,51.48,758.57,16.35,115.75,66.43,57.2,268.14,0,No Failure,162.3,72.5
H,39.87,863.15,26.6,133.78,65.45,40.7,279.72,0,No Failure,155.7,70.1
H,43.31,839.49,32.47,141.91,63.18,40.91,307.62,0,No Failure,157.7,70.8
M,43.3,741.26,25.22,103.88,66.1,45.7,285.69,0,No Failure,156.3,70.4
M,32.73,861.28,13.71,129.09,66.49,63.87,269.11,0,No Failure,141.5,65.1
L,47.53,768.64,15.79,149.0,64.11,46.32,364.01,0,No Failure,142.5,65.5
H,46.19,883.63,20.53,117.95,66.78,56.43,319.39,0,No Failure,203.9,87.2
L,32.35,858.02,-17.018,96.98,68.15,60.63,319.6,0,No Failure,149.1,67.8
M,50.52,766.82,3.27,133.62,64.21,51.51,322.38,0,No Failure,166.1,73.8
H,36.22,899.09,18.41,145.0,62.97,55.8,375.51,0,No Failure,137.7,63.8
L,43.2,823.66,21.75,114.29,66.0,53.44,317.88,0,No Failure,209.2,89.1
L,56.89,841.41,12.09,111.63,65.05,48.27,299.7,0,No Failure,180.7,79.0
L,44.61,877.36,24.51,136.97,74.11,51.32,290.25,0,No Failure,169.9,75.2
L,41.22,829.57,8.11,116.31,62.33,45.69,327.35,0,No Failure,177.6,77.9
H,44.06,947.8,36.51,136.52,66.92,53.22,292.29,0,No Failure,157.2,70.7
L,43.74,869.09,26.37,120.96,61.22,54.57,289.34,0,No Failure,192.8,83.3
H,38.65,861.93,16.15,155.17,61.55,49.34,355.0,0,No Failure,147.8,67.3
H,48.87,923.86,19.89,131.57,65.83,53.17,293.21,0,No Failure,188.3,81.7
M,38.05,869.16,14.37,87.91,67.42,42.02,335.07,0,No Failure,139.8,64.5
L,51.35,760.85,2.49,125.14,60.12,45.31,323.8,0,No Failure,142.3,65.4
L,41.98,818.57,19.15,130.23,64.46,58.0,313.16,0,No Failure,197.0,84.8
H,55.73,801.95,12.07,117.79,65.17,53.68,280.02,0,No Failure,175.6,77.2
H,46.99,878.74,38.6,146.2,65.61,48.36,325.97,0,No Failure,155.5,70.1
L,44.04,793.21,21.53,134.17,68.92,54.52,273.63,0,No Failure,171.6,75.8
M,46.96,798.84,36.13,116.52,67.14,46.77,307.66,0,No Failure,175.0,77.0
M,48.45,841.36,4.77,114.99,68.01,45.89,268.77,0,No Failure,162.5,72.6
H,47.65,835.57,24.62,111.54,64.29,52.95,321.31,0,No Failure,203.3,87.0
H,59.09,815.55,15.41,107.42,66.34,52.96,332.96,0,No Failure,168.0,74.5
M,36.23,798.42,21.63,129.2,63.09,51.47,283.75,0,No Failure,175.9,77.3
M,50.94,880.75,52.656,129.82,74.46,55.16,271.87,0,No Failure,147.7,67.3
M,52.67,884.08,1.0,115.7,63.08,57.08,208.397,0,No Failure,156.1,70.3
M,34.62,927.59,10.58,135.92,60.79,43.08,286.21,0,No Failure,128.4,60.5
L,55.76,918.11,16.15,137.85,60.42,56.18,240.24,0,No Failure,124.0,58.9
H,53.24,876.16,26.75,133.44,61.12,61.57,285.16,0,No Failure,143.3,65.8
M,51.17,825.84,10.4,115.28,63.01,55.74,316.53,0,No Failure,187.4,81.4
M,35.88,849.01,16.63,146.38,65.45,57.17,320.39,0,No Failure,169.1,74.9
M,46.43,762.98,6.88,105.75,71.79,54.91,263.46,0,No Failure,139.0,64.2
L,42.42,918.31,20.73,117.4,55.55,44.27,297.09,0,No Failure,160.8,71.9
L,42.82,867.44,19.41,89.79,64.62,52.2,284.01,0,No Failure,185.6,80.7
H,46.12,801.84,2.86,144.99,61.5,55.88,295.27,0,No Failure,154.1,69.6
L,50.6,860.34,14.8,108.18,63.59,56.4,322.6,0,No Failure,188.1,81.6
L,41.63,821.44,26.57,120.1,68.4,52.81,299.45,0,No Failure,192.2,83.1
H,49.02,896.07,26.23,112.46,59.74,53.04,306.46,0,No Failure,182.8,79.7
M,45.98,689.66,16.2,135.93,64.02,56.93,287.71,0,No Failure,159.8,71.6
H,37.8,769.94,13.92,138.51,48.0,49.55,305.84,0,No Failure,133.9,62.4
M,46.45,1005.46,12.8,100.01,70.18,58.41,308.35,0,No Failure,145.3,66.5
H,46.62,852.36,14.17,124.17,63.02,52.13,325.89,0,No Failure,212.5,90.3
L,38.13,867.35,8.01,113.98,65.46,50.54,333.25,0,No Failure,184.5,80.3
H,44.21,829.76,28.65,107.52,64.89,49.91,300.79,0,No Failure,196.4,84.5
M,38.03,889.24,11.04,124.45,65.1,53.07,263.33,0,No Failure,176.1,77.4
L,55.22,834.97,14.68,110.47,61.02,41.22,334.85,0,No Failure,149.7,68.0
L,47.36,877.69,23.59,135.75,63.19,53.53,290.8,0,No Failure,187.0,81.2
M,38.22,821.51,18.05,112.36,60.68,55.79,301.59,0,No Failure,167.5,74.3
H,42.59,851.8,5.34,91.48,58.62,48.91,316.07,0,No Failure,159.2,71.4
L,39.48,851.36,20.9,117.67,68.83,57.3,321.4,0,No Failure,179.8,78.7
M,48.12,792.37,4.71,110.37,63.91,48.59,298.19,0,No Failure,174.9,77.0
M,54.56,805.98,17.15,126.64,63.23,46.94,302.76,0,No Failure,180.6,79.0
H,48.16,913.85,10.78,135.37,62.91,47.06,317.96,0,No Failure,171.9,75.9
M,40.35,723.33,18.05,127.85,64.59,48.46,312.56,0,No Failure,178.1,78.1
M,44.0,918.97,18.07,123.35,66.54,59.21,306.97,0,No Failure,196.0,84.4
L,52.97,925.89,17.64,95.8,75.51,53.78,344.34,0,No Failure,130.8,61.3
L,40.34,880.12,20.13,136.69,61.22,50.01,346.85,0,No Failure,170.1,75.2
H,47.37,864.24,15.57,116.76,60.38,43.87,288.58,0,No Failure,181.1,79.1
M,54.25,833.93,13.09,120.03,66.78,44.63,293.22,0,No Failure,161.1,72.1
L,50.89,757.48,8.11,101.15,72.87,57.28,319.27,0,No Failure,134.5,62.6
M,34.43,1089.352,23.65,104.76,70.32,62.86,318.88,0,No Failure,144.5,66.2
H,48.21,776.57,1.0,133.73,59.12,54.79,355.07,0,No Failure,133.6,62.3
H,43.0,940.34,12.8,125.5,59.37,56.43,358.0,0,No Failure,153.0,69.2
L,47.22,911.72,16.32,154.3,67.26,52.22,342.92,0,No Failure,162.9,72.7
H,43.0,863.11,29.19,105.43,73.86,51.81,269.44,0,No Failure,156.7,70.5
L,50.89,710.14,14.82,91.23,72.98,46.35,322.81,0,No Failure,121.5,58.0
L,44.56,878.4,23.48,120.15,65.47,53.62,302.58,0,No Failure,216.0,91.5
L,53.33,873.3,38.81,125.35,68.91,51.06,350.24,1,Plasma Arcing Fault,11.4,22.5
L,44.47,858.23,33.17,102.37,62.36,47.45,310.55,0,No Failure,178.8,78.3
L,67.68,850.77,27.49,108.52,77.44,59.59,247.97,0,No Failure,120.2,57.6
L,49.11,875.19,19.57,127.24,59.41,46.34,309.81,0,No Failure,186.1,80.9
M,51.42,836.43,5.54,132.13,63.18,58.34,333.82,0,No Failure,160.4,71.8
M,43.96,858.04,27.89,93.29,63.25,49.11,316.85,0,No Failure,180.0,78.8
L,52.12,762.33,14.71,124.85,63.04,59.05,297.56,0,No Failure,167.0,74.1
L,45.64,802.64,20.09,130.49,64.7,50.24,266.78,0,No Failure,188.9,81.9
L,44.23,879.81,19.12,124.13,58.55,57.37,249.41,0,No Failure,164.8,73.4
L,37.37,852.62,1.0,106.03,73.37,56.38,315.08,0,No Failure,147.0,67.1
H,57.95,824.53,17.56,116.59,65.91,53.42,287.54,0,No Failure,184.8,80.5
H,46.69,896.83,21.75,116.5,72.99,54.77,315.96,0,No Failure,184.9,80.5
L,52.39,903.56,17.15,114.81,63.0,56.34,318.34,0,No Failure,185.4,80.7
M,51.55,917.48,36.93,118.95,63.55,55.76,298.64,0,No Failure,163.8,73.0
H,51.44,765.57,6.78,109.31,65.23,54.65,310.67,0,No Failure,163.2,72.8
M,42.85,761.24,21.58,134.94,59.05,51.06,284.13,0,No Failure,164.7,73.3
H,45.76,867.38,7.25,138.98,69.91,51.29,323.16,0,No Failure,178.3,78.1
M,40.64,865.77,26.85,124.55,73.33,50.77,265.77,0,No Failure,161.3,72.1
M,44.16,941.77,7.17,141.35,55.44,46.29,334.84,0,No Failure,128.5,60.5
L,43.73,692.62,16.02,130.6,63.82,45.78,297.23,0,No Failure,165.6,73.7
H,40.75,814.84,2.05,115.15,61.9,60.04,285.55,0,No Failure,154.5,69.7
M,41.09,685.1,13.82,131.01,71.56,59.85,313.19,0,No Failure,139.9,64.5
L,32.41,837.75,25.0,114.99,65.01,59.69,323.05,0,No Failure,168.9,74.8
H,40.48,925.71,33.55,116.77,70.04,48.14,349.83,1,Plasma Arcing Fault,13.6,21.3
H,35.48,832.19,16.55,117.11,63.22,58.73,285.17,0,No Failure,176.2,77.4
L,36.7,749.14,1.0,113.77,54.42,48.94,287.92,0,No Failure,121.0,57.9
L,43.24,821.74,21.25,145.94,72.12,59.16,318.83,0,No Failure,157.5,70.8
H,43.03,850.86,11.62,139.35,60.03,58.93,344.49,0,No Failure,158.9,71.3
L,48.9,859.8,22.96,113.48,61.03,47.86,327.45,0,No Failure,185.6,80.7
L,43.96,893.53,31.5,128.25,71.51,50.31,315.27,0,No Failure,175.6,77.2
H,40.0,912.15,18.14,136.2,64.86,42.09,341.26,0,No Failure,159.3,71.4
L,41.81,921.39,16.6,115.54,65.58,60.14,324.46,0,No Failure,182.5,79.6
L,53.16,795.7,10.51,107.36,67.02,51.39,301.27,0,No Failure,175.7,77.2
L,53.49,779.78,18.43,146.92,65.18,47.5,320.3,0,No Failure,162.6,72.6
M,46.1,844.57,20.85,114.57,74.16,51.31,311.78,0,No Failure,198.2,85.2
L,36.68,868.72,20.06,139.89,71.96,49.61,255.09,0,No Failure,142.4,65.4
M,48.34,851.56,17.97,122.13,63.29,54.82,208.397,0,No Failure,212.6,90.3
L,33.59,785.63,27.03,157.14,67.55,48.82,290.54,0,No Failure,127.0,60.0
M,40.77,757.49,29.74,134.18,65.02,53.79,280.71,0,No Failure,161.4,72.2
L,43.89,967.93,20.0,105.98,75.15,48.45,319.61,1,Chuck Thermal Excursion,3.3,24.4
M,41.43,830.83,18.05,103.7,62.74,49.0,325.48,0,No Failure,172.7,76.2
H,46.58,869.54,25.27,126.65,57.6,54.72,324.16,0,No Failure,180.5,78.9
M,31.05,647.81,23.11,114.55,74.41,54.29,296.41,0,No Failure,116.1,56.1
M,42.77,888.18,15.86,120.03,64.07,52.17,321.65,0,No Failure,177.4,77.8
H,46.65,929.76,19.21,122.54,60.05,54.5,283.83,0,No Failure,182.1,79.5
L,38.89,902.28,15.11,124.77,72.03,48.19,313.85,0,No Failure,175.1,77.0
L,40.44,904.6,17.91,117.74,57.04,46.41,309.09,0,No Failure,142.6,65.5
M,43.78,864.91,14.36,124.36,65.73,58.16,257.53,0,No Failure,181.5,79.3
L,35.39,829.04,41.02,124.51,47.757,43.29,292.57,0,No Failure,128.6,60.5
M,37.93,879.02,18.0,129.08,64.25,44.2,306.25,0,No Failure,185.9,80.8
M,54.03,738.89,1.0,93.83,64.85,72.41,340.1,1,Chamber Vacuum Drift,11.8,16.0
L,32.17,915.36,18.56,103.3,70.24,43.27,318.31,0,No Failure,139.9,64.5
L,38.78,888.48,1.0,122.52,69.75,51.55,297.7,0,No Failure,170.4,75.3
M,50.87,899.26,44.2,126.46,58.21,52.85,339.7,0,No Failure,136.4,63.3
M,44.39,853.28,1.0,137.18,60.16,55.68,281.29,0,No Failure,159.5,71.5
M,52.71,745.38,1.0,110.98,69.03,48.5,322.06,0,No Failure,141.4,65.1
M,39.73,926.76,18.59,116.27,57.44,49.75,299.61,0,No Failure,175.3,77.1
L,41.5,912.46,52.656,128.9,66.5,46.59,303.34,0,No Failure,181.6,79.3
M,42.27,792.97,15.24,130.47,61.24,44.49,310.54,0,No Failure,178.0,78.0
M,34.34,864.68,26.55,105.83,68.67,54.16,324.79,0,No Failure,164.0,73.1
L,51.19,822.32,12.25,126.43,62.42,51.13,338.67,0,No Failure,182.3,79.6
H,40.7,798.78,9.19,95.36,59.47,40.22,286.73,0,No Failure,126.2,59.7
H,40.34,773.29,27.32,142.44,62.19,61.8,337.92,0,No Failure,131.9,61.7
M,56.78,852.2,18.03,121.98,66.88,40.63,312.39,0,No Failure,176.6,77.5
M,43.09,875.63,11.66,110.92,67.24,58.99,300.99,0,No Failure,184.1,80.2
L,41.7,808.73,24.69,114.33,65.3,60.61,313.44,0,No Failure,176.2,77.4
L,49.87,775.41,13.51,117.38,62.81,58.52,294.12,0,No Failure,174.2,76.7
H,47.36,799.21,20.11,111.39,64.92,49.26,318.3,0,No Failure,201.5,86.4
H,36.78,789.34,16.79,124.41,62.01,31.842,244.27,0,No Failure,147.1,67.1
L,44.95,893.51,21.23,125.82,66.82,51.81,300.99,0,No Failure,197.6,85.0
M,55.43,916.46,6.61,116.51,58.71,57.9,298.76,0,No Failure,144.8,66.3
M,55.9,914.64,17.28,68.002,69.43,55.31,347.21,0,No Failure,159.4,71.5
H,36.59,776.72,19.95,127.96,60.68,47.67,308.54,0,No Failure,171.5,75.7
M,57.2,722.17,21.29,105.32,64.65,53.79,324.9,0,No Failure,154.1,69.6
M,49.08,868.14,7.8,131.64,68.62,62.36,347.24,0,No Failure,146.6,66.9
L,52.92,813.06,22.71,113.82,63.51,60.24,283.11,0,No Failure,163.9,73.0
L,41.87,818.91,43.65,121.25,66.61,67.11,309.23,0,No Failure,145.6,66.6
H,35.69,1060.88,8.67,115.92,69.41,37.02,331.12,0,No Failure,120.8,57.8
H,38.64,825.01,28.09,125.07,68.4,48.17,317.38,0,No Failure,178.2,78.1
M,46.37,881.78,23.23,123.6,64.61,51.25,323.16,0,No Failure,209.8,89.3
H,45.66,859.25,10.45,128.89,59.7,54.37,320.61,0,No Failure,190.7,82.5
M,44.09,887.84,17.21,138.14,74.22,65.03,309.82,0,No Failure,156.2,70.3
M,44.07,876.77,14.88,119.3,68.79,45.27,273.34,0,No Failure,181.6,79.3
M,45.23,911.67,25.64,118.33,72.97,53.95,312.84,0,No Failure,184.8,80.4
L,39.21,858.05,1.2,129.74,72.14,56.66,329.08,0,No Failure,150.3,68.2
M,37.77,932.42,3.16,136.26,70.99,46.91,316.01,0,No Failure,136.5,63.4
M,35.45,830.64,8.11,128.75,67.29,57.55,351.07,0,No Failure,151.4,68.6
H,37.99,864.39,22.29,119.07,64.08,38.31,318.13,0,No Failure,173.6,76.5
L,36.25,822.43,9.24,94.44,66.98,56.22,317.32,0,No Failure,157.4,70.7
M,50.1,893.14,8.19,124.75,59.77,51.35,300.92,0,No Failure,179.8,78.7
M,29.58,790.0,13.25,121.77,62.96,52.67,299.7,0,No Failure,172.1,76.0
L,45.63,860.61,12.64,133.8,58.89,31.842,334.29,0,No Failure,177.5,77.9
H,42.87,824.57,23.22,129.08,69.83,51.77,338.92,0,No Failure,185.0,80.5
L,38.58,810.37,17.41,117.29,56.95,53.08,292.33,0,No Failure,179.6,78.6
L,51.34,773.14,18.32,123.33,70.38,52.2,317.25,0,No Failure,186.0,80.9
L,58.27,804.17,15.04,124.73,67.07,65.05,296.39,0,No Failure,147.0,67.1
L,45.28,844.63,25.82,158.43,65.87,62.97,410.991,0,No Failure,149.6,68.0
L,38.31,818.27,22.3,172.168,62.99,55.28,303.13,0,No Failure,194.0,83.7
L,53.36,839.92,5.97,111.5,53.24,46.75,289.46,0,No Failure,136.9,63.5
L,51.29,820.19,19.42,140.49,57.95,44.5,306.64,0,No Failure,157.2,70.7
L,58.73,1089.352,23.95,124.14,64.72,47.08,314.05,0,No Failure,174.7,76.9
L,45.72,878.66,22.06,132.06,58.18,58.39,218.0,0,No Failure,138.1,63.9
L,43.72,834.43,18.31,110.77,68.61,53.95,325.21,0,No Failure,201.7,86.5
H,57.85,879.23,27.57,121.77,69.21,51.48,328.31,0,No Failure,167.6,74.3
L,38.11,851.36,16.59,115.72,66.75,47.2,305.79,0,No Failure,178.5,78.2
M,46.05,910.32,27.73,116.98,65.8,54.76,326.68,0,No Failure,190.6,82.5
M,50.17,872.09,23.95,92.09,65.82,62.66,307.03,0,No Failure,157.6,70.8
M,40.72,887.08,18.76,124.97,68.72,59.17,296.81,0,No Failure,181.8,79.4
M,43.37,881.91,14.01,117.74,58.44,47.86,354.94,0,No Failure,170.6,75.4
M,49.62,909.46,8.48,96.87,69.23,59.05,277.62,0,No Failure,135.3,62.9
H,41.39,765.84,6.86,119.69,67.95,65.52,328.46,0,No Failure,146.7,66.9
H,39.67,906.83,18.46,100.03,65.01,48.37,324.19,0,No Failure,179.9,78.7
L,48.07,784.48,14.62,123.13,64.54,57.42,332.67,0,No Failure,185.5,80.7
L,40.6,815.17,23.52,110.29,60.3,61.11,285.17,0,No Failure,157.1,70.6
H,38.29,822.63,11.39,132.08,69.15,62.53,300.03,0,No Failure,155.0,69.9
L,41.25,889.07,14.79,139.43,58.12,54.33,302.46,0,No Failure,170.6,75.4
L,52.3,815.48,4.59,110.2,56.85,55.35,325.41,0,No Failure,148.4,67.6
M,53.06,1057.51,52.656,109.47,58.66,54.06,313.68,0,No Failure,138.9,64.2
M,39.15,810.49,19.21,111.98,63.12,54.1,288.8,0,No Failure,188.1,81.6
M,41.88,986.44,20.7,127.77,73.42,61.5,305.44,1,Chuck Thermal Excursion,5.7,20.6
L,48.52,797.44,41.05,134.04,65.1,48.21,329.82,0,No Failure,154.6,69.8
M,42.85,929.71,32.04,135.69,61.66,43.74,295.87,0,No Failure,145.7,66.6
M,41.52,865.92,14.16,108.35,65.49,53.58,287.56,0,No Failure,195.6,84.3
H,51.57,849.65,37.17,142.8,68.14,57.1,361.65,1,Plasma Arcing Fault,4.4,15.5
M,45.57,834.04,9.27,130.5,68.94,56.9,286.64,0,No Failure,177.6,77.9
H,42.9,869.4,52.656,131.32,63.65,45.74,308.63,0,No Failure,193.3,83.5
L,35.27,878.03,13.94,122.94,73.49,46.57,252.61,0,No Failure,137.9,63.9
M,37.3,716.19,21.96,103.4,62.77,48.06,285.19,0,No Failure,144.4,66.1
M,39.42,919.16,6.36,114.03,56.76,52.58,297.52,0,No Failure,159.3,71.4
M,40.71,739.4,-10.13,129.42,71.41,58.01,314.78,0,No Failure,128.5,60.5
L,46.01,892.88,37.96,122.68,61.4,37.66,276.46,0,No Failure,134.8,62.7
H,49.9,776.16,23.35,121.22,64.81,42.36,326.71,0,No Failure,171.9,75.9
L,47.46,897.09,17.93,111.35,66.25,46.99,273.92,0,No Failure,182.3,79.6
L,44.95,926.44,9.06,123.73,75.11,51.65,287.09,0,No Failure,162.9,72.7
L,34.39,786.45,23.85,105.8,71.4,43.46,350.26,0,No Failure,121.5,58.0
M,44.63,844.94,27.12,124.02,69.76,50.31,267.7,0,No Failure,182.5,79.6
L,22.185,780.55,3.0,120.42,63.7,47.94,303.57,0,No Failure,182.8,79.7
M,45.74,755.76,3.18,104.53,73.07,45.53,316.59,0,No Failure,139.5,64.4
H,48.5,809.89,23.24,113.12,68.43,62.94,252.79,0,No Failure,144.4,66.1
H,32.93,1041.11,20.84,129.98,67.12,55.64,288.35,0,No Failure,133.4,62.2
L,39.04,854.85,20.99,136.27,64.74,49.8,289.4,0,No Failure,189.2,82.0
L,39.75,829.3,27.05,107.77,75.15,44.89,339.83,0,No Failure,137.7,63.8
M,40.52,843.8,12.82,129.55,62.12,50.99,340.88,0,No Failure,186.1,80.9
L,49.13,834.73,52.656,172.168,71.21,51.76,306.6,0,No Failure,191.5,82.8
L,25.45,869.87,41.1,103.27,64.73,46.81,288.63,0,No Failure,120.8,57.8
M,39.47,830.56,31.68,132.27,66.46,65.33,311.68,0,No Failure,153.7,69.4
M,51.21,833.43,12.59,111.21,68.3,59.67,344.3,0,No Failure,161.0,72.0
M,40.89,895.15,22.89,99.43,63.69,54.59,335.91,0,No Failure,171.3,75.7
L,44.48,883.05,1.0,108.93,67.1,47.41,325.95,0,No Failure,171.2,75.6
H,42.4,922.38,25.65,157.76,68.13,49.7,314.96,0,No Failure,153.8,69.5
L,36.2,726.58,23.99,127.12,69.66,63.98,314.09,0,No Failure,133.7,62.3
L,49.46,849.13,34.83,127.48,52.16,55.98,256.28,0,No Failure,125.4,59.4
L,54.64,859.36,31.13,124.21,71.58,52.85,313.81,0,No Failure,170.8,75.5
L,54.57,745.28,10.48,123.09,65.44,54.09,339.17,0,No Failure,162.1,72.4
L,54.29,773.44,21.55,141.28,64.67,56.47,283.64,0,No Failure,152.3,69.0
M,67.68,843.9,1.0,135.35,69.67,60.92,296.49,0,No Failure,155.5,70.1
L,38.65,898.58,17.42,142.17,63.62,47.94,316.45,0,No Failure,175.9,77.3
L,44.67,853.65,9.88,116.45,62.72,49.85,312.43,0,No Failure,210.2,89.5
H,40.42,842.62,22.35,144.69,57.58,52.05,342.09,0,No Failure,160.8,72.0
M,43.91,792.29,4.94,120.96,68.99,47.25,326.27,0,No Failure,174.4,76.8
L,32.04,851.04,15.48,136.68,71.2,51.11,320.21,0,No Failure,166.2,73.9
M,53.33,877.95,20.6,111.26,67.64,44.89,300.03,0,No Failure,173.2,76.3
L,46.24,731.26,10.08,118.94,66.81,58.79,307.33,0,No Failure,176.3,77.4
L,55.26,797.24,19.01,136.32,66.3,47.73,328.97,0,No Failure,165.1,73.5
L,42.81,819.94,21.01,103.92,69.89,55.32,313.76,0,No Failure,184.6,80.4
L,25.42,839.73,26.85,116.59,65.86,46.67,331.18,0,No Failure,154.4,69.7
M,48.87,787.59,34.51,134.62,64.4,55.97,294.36,0,No Failure,160.8,72.0
H,39.8,833.24,18.6,103.61,64.34,52.68,302.67,0,No Failure,200.9,86.1
H,49.01,730.76,6.51,125.1,61.59,52.3,310.67,0,No Failure,161.7,72.3
M,40.01,779.9,31.08,122.35,59.43,54.72,320.54,0,No Failure,165.1,73.5
H,34.43,971.9,26.05,138.48,68.15,59.89,313.04,0,No Failure,131.0,61.4
M,33.57,1025.73,9.35,120.77,65.71,47.35,332.59,0,No Failure,139.7,64.5
L,43.19,953.42,10.14,122.64,69.92,55.8,302.86,0,No Failure,173.2,76.3
L,42.91,794.64,24.87,109.71,63.31,57.41,305.6,0,No Failure,183.2,79.9
L,36.69,979.81,16.57,118.84,73.38,44.22,324.1,1,Chuck Thermal Excursion,12.8,19.9
L,43.55,820.98,30.16,112.4,62.26,47.05,306.49,0,No Failure,183.8,80.1
M,54.58,739.51,19.54,103.56,65.45,57.08,311.06,1,Chamber Vacuum Drift,4.6,27.6
L,50.23,816.98,5.64,144.81,57.57,52.37,214.98,0,No Failure,116.0,56.1
L,37.32,765.36,19.55,140.12,69.93,56.08,318.52,0,No Failure,154.8,69.8
H,52.74,823.84,15.04,140.59,78.28,47.74,308.87,0,No Failure,143.8,65.9
L,45.21,829.64,24.92,124.59,66.79,53.25,285.15,0,No Failure,200.3,86.0
M,54.29,814.44,26.28,108.01,61.61,55.86,286.71,0,No Failure,157.5,70.8
H,45.06,870.38,30.14,120.29,62.99,64.73,324.0,0,No Failure,173.4,76.4
M,47.11,881.23,18.91,104.74,57.49,50.28,282.74,0,No Failure,173.4,76.4
M,51.54,701.16,2.37,121.18,70.94,46.63,345.6,0,No Failure,122.6,58.4
L,41.53,827.25,8.8,129.04,65.63,54.4,321.41,0,No Failure,192.0,83.0
L,42.48,950.05,28.53,87.6,61.81,58.96,286.8,0,No Failure,128.6,60.5
L,42.21,851.89,4.05,122.17,65.38,50.28,270.57,0,No Failure,186.5,81.0
H,46.66,739.73,52.656,147.46,58.98,45.95,314.52,0,No Failure,141.9,65.3
L,46.31,926.42,12.71,137.56,61.11,50.18,294.1,0,No Failure,172.7,76.2
L,47.62,780.48,23.61,109.15,62.87,49.17,298.31,0,No Failure,181.9,79.4
M,49.37,788.41,39.04,135.98,58.39,40.53,250.72,0,No Failure,94.8,48.6
L,40.67,854.67,1.52,137.85,58.68,55.49,294.42,0,No Failure,153.8,69.5
L,40.54,835.89,5.6,124.5,61.2,52.31,291.36,0,No Failure,184.1,80.2
L,46.64,832.29,4.82,112.84,60.98,53.53,375.95,0,No Failure,159.0,71.3
L,51.97,843.64,2.61,115.35,63.74,48.73,302.7,0,No Failure,181.1,79.2
M,42.64,902.73,33.86,103.82,67.24,48.75,285.5,0,No Failure,158.4,71.1
H,46.8,903.94,24.79,105.58,68.06,54.06,300.89,0,No Failure,182.4,79.6
L,55.79,756.58,17.26,90.89,65.05,51.49,312.17,1,Chamber Vacuum Drift,10.3,28.2
M,52.28,867.75,17.58,140.14,64.63,44.48,289.63,0,No Failure,170.0,75.2
L,38.2,868.74,34.9,135.41,59.15,57.86,314.64,0,No Failure,147.9,67.4
M,38.31,781.54,25.5,141.12,58.45,51.95,305.44,0,No Failure,158.2,71.0
L,57.1,929.03,14.71,122.45,67.44,52.39,293.43,0,No Failure,173.3,76.4
M,56.98,845.02,13.7,118.75,54.06,50.23,349.85,0,No Failure,149.8,68.1
L,44.32,737.8,-17.018,114.68,70.98,61.7,335.37,0,No Failure,155.1,69.9
M,50.03,734.59,21.93,131.32,61.06,56.38,267.98,0,No Failure,145.0,66.4
L,54.03,782.24,22.13,97.6,68.37,59.0,305.75,1,Chamber Vacuum Drift,9.0,22.7
M,51.22,847.47,17.81,129.7,68.59,49.59,299.05,0,No Failure,194.3,83.8
M,38.82,787.1,1.27,122.71,68.18,48.37,304.28,0,No Failure,165.3,73.6
L,50.21,906.0,10.21,125.59,65.3,68.83,316.6,0,No Failure,152.3,68.9
L,45.57,935.39,10.36,137.71,67.0,55.44,293.63,0,No Failure,170.0,75.2
M,47.34,997.65,1.09,122.47,71.67,49.45,273.22,0,No Failure,133.4,62.2
M,35.56,906.41,18.55,100.4,66.41,61.15,332.29,0,No Failure,149.4,67.9
L,40.55,886.72,22.59,104.26,64.81,49.41,313.77,0,No Failure,191.5,82.8
L,43.43,919.75,28.92,105.82,64.6,46.21,316.34,0,No Failure,173.5,76.4
L,38.84,823.41,16.87,133.38,63.58,56.67,288.18,0,No Failure,179.6,78.6
H,31.29,748.6,18.46,147.48,73.48,56.88,289.78,0,No Failure,114.4,55.5
M,36.66,799.72,20.38,131.8,66.31,43.38,317.32,0,No Failure,167.1,74.2
L,41.36,771.38,23.82,110.32,47.757,54.81,274.69,0,No Failure,172.8,76.2
M,48.35,829.85,24.53,121.58,67.62,53.3,350.36,0,No Failure,186.9,81.2
M,52.34,874.91,5.84,142.97,57.24,51.76,310.14,0,No Failure,155.6,70.1
M,51.76,952.59,18.13,139.13,62.54,45.02,362.88,0,No Failure,134.2,62.5
M,48.76,875.06,28.54,100.38,65.71,55.7,296.01,0,No Failure,173.9,76.6
L,46.51,867.05,27.57,99.27,72.2,48.6,300.03,0,No Failure,165.0,73.4
L,47.87,609.643,17.55,116.48,66.63,31.842,285.49,0,No Failure,192.5,83.2
L,52.15,967.4,13.82,135.03,61.51,52.87,330.79,0,No Failure,156.3,70.4
L,44.95,810.63,15.71,136.37,63.92,58.33,293.57,0,No Failure,163.9,73.0
L,47.74,817.99,7.19,109.36,64.99,42.69,298.22,0,No Failure,172.1,76.0
L,45.24,864.25,23.32,136.31,71.45,55.77,329.5,0,No Failure,175.4,77.1
H,40.59,864.92,12.14,121.22,64.66,52.4,322.78,0,No Failure,209.2,89.1
L,52.23,890.77,19.03,157.35,67.85,50.97,330.29,0,No Failure,156.7,70.5
L,55.23,799.26,1.0,130.11,59.84,52.04,331.29,0,No Failure,147.0,67.0
M,48.81,899.78,20.36,115.71,63.75,49.97,296.84,0,No Failure,198.4,85.3
L,22.185,831.91,18.71,116.33,82.613,53.92,269.14,0,No Failure,193.3,83.5
M,48.87,793.02,16.03,112.48,63.79,42.58,321.13,0,No Failure,176.8,77.6
L,39.33,813.27,12.13,130.72,67.38,56.28,265.26,0,No Failure,161.3,72.1
L,44.95,853.82,36.82,128.57,69.6,45.5,309.84,0,No Failure,170.2,75.3
M,49.51,826.28,18.05,106.44,73.96,51.29,306.9,0,No Failure,179.2,78.5
L,40.76,956.2,33.92,118.56,66.46,61.18,305.89,0,No Failure,154.7,69.8
L,43.25,839.79,12.13,144.09,61.59,59.98,268.78,0,No Failure,152.1,68.9
M,46.34,769.92,11.08,119.9,68.31,52.84,361.18,0,No Failure,173.4,76.4
M,46.86,822.39,13.56,138.87,62.94,43.23,315.92,0,No Failure,174.5,76.8
M,55.83,913.75,6.01,114.42,56.73,54.2,323.14,0,No Failure,144.2,66.1
M,40.59,824.84,52.656,128.46,63.46,48.62,275.02,0,No Failure,181.8,79.4
M,47.73,860.17,7.3,111.6,56.92,50.47,296.23,0,No Failure,174.5,76.8
L,51.68,853.83,1.6,112.97,55.3,62.9,343.69,0,No Failure,122.5,58.4
M,42.59,810.54,19.74,114.62,65.35,54.12,299.44,0,No Failure,207.1,88.4
L,57.19,1089.352,17.56,107.19,70.59,47.7,285.7,0,No Failure,156.4,70.4
M,48.89,841.58,17.45,154.87,55.28,59.81,254.81,0,No Failure,120.4,57.6
M,41.57,831.37,8.24,120.03,61.5,51.63,308.19,0,No Failure,199.5,85.6
L,53.47,672.04,3.08,119.1,66.72,50.66,294.48,0,No Failure,145.4,66.5
L,45.89,918.35,13.63,111.03,65.28,49.89,321.05,0,No Failure,197.0,84.8
M,49.49,876.59,9.55,121.72,67.38,52.74,255.45,0,No Failure,175.2,77.1
H,39.72,816.81,8.68,116.74,61.69,53.87,317.67,0,No Failure,186.8,81.2
L,46.16,922.88,24.73,118.85,61.82,47.28,318.32,0,No Failure,186.3,81.0
L,40.7,782.21,19.5,119.37,71.92,49.77,309.52,0,No Failure,187.9,81.5
M,48.64,772.83,14.89,125.86,68.22,56.46,346.9,0,No Failure,167.1,74.2
M,37.14,853.56,4.66,135.78,64.49,47.24,233.48,0,No Failure,136.3,63.3
L,57.48,873.86,27.28,110.03,59.64,61.96,310.46,0,No Failure,143.8,65.9
L,45.24,858.81,7.62,115.29,65.82,49.97,326.47,0,No Failure,202.6,86.7
L,36.76,916.86,22.64,138.9,61.34,51.85,295.57,0,No Failure,164.6,73.3
L,53.29,883.84,14.06,113.62,73.63,54.1,302.03,0,No Failure,168.8,74.8
M,42.64,939.49,28.36,132.08,62.32,51.0,311.96,0,No Failure,178.0,78.0
M,35.53,838.67,13.08,94.94,58.4,58.72,291.06,0,No Failure,140.1,64.6
H,42.93,819.08,16.06,94.74,65.72,53.67,349.91,0,No Failure,175.6,77.2
L,42.19,807.41,27.79,103.5,74.86,50.39,350.63,0,No Failure,142.4,65.4
L,44.95,843.48,15.39,112.64,65.27,52.99,326.74,0,No Failure,212.5,90.3
H,39.5,777.74,4.1,100.34,70.24,52.38,357.41,0,No Failure,134.1,62.5
M,61.35,738.44,3.31,114.75,65.62,46.92,281.1,0,No Failure,125.3,59.4
L,40.41,791.57,5.37,115.16,70.72,44.23,314.25,0,No Failure,156.7,70.5
L,40.71,927.58,21.7,107.03,71.28,57.65,301.82,0,No Failure,160.1,71.7
L,58.37,839.7,25.48,142.2,63.61,60.23,289.89,0,No Failure,141.4,65.1
L,39.1,859.15,30.26,135.59,58.66,56.36,290.42,0,No Failure,153.5,69.4
M,42.47,743.44,34.92,119.43,70.21,53.03,276.87,0,No Failure,153.2,69.3
M,49.8,924.33,26.46,90.74,63.2,63.85,327.72,0,No Failure,129.5,60.9
L,51.92,892.79,36.31,120.68,64.82,48.46,263.76,0,No Failure,156.6,70.5
H,44.64,844.32,26.99,120.37,57.9,52.71,278.86,0,No Failure,187.4,81.4
L,41.76,824.11,30.92,92.08,73.23,53.8,293.05,0,No Failure,145.1,66.4
L,29.87,876.39,10.33,138.91,61.19,56.64,346.67,0,No Failure,130.9,61.4
L,42.31,783.54,1.84,120.1,68.48,43.0,309.09,0,No Failure,137.2,63.6
H,50.26,757.21,23.23,129.19,64.97,62.46,299.4,0,No Failure,160.9,72.0
H,44.98,806.66,28.36,115.03,61.93,56.37,339.16,0,No Failure,177.0,77.7
M,45.41,917.95,26.98,133.76,65.84,50.81,341.62,0,No Failure,177.5,77.9
M,46.17,716.18,18.0,140.77,68.35,46.26,326.78,0,No Failure,156.7,70.5
H,43.63,948.09,26.0,107.57,63.29,44.25,296.97,0,No Failure,162.0,72.4
M,40.05,785.11,23.57,126.74,68.66,44.87,322.84,0,No Failure,166.2,73.9
L,47.12,924.25,26.85,123.97,59.12,51.33,304.31,0,No Failure,181.8,79.4
L,55.3,924.36,13.6,129.26,56.8,54.07,323.73,0,No Failure,150.8,68.4
M,36.79,1089.352,37.53,136.46,71.16,58.44,293.92,0,No Failure,125.6,59.5
L,40.63,848.15,28.88,115.47,57.3,45.47,255.21,0,No Failure,144.7,66.2
H,46.41,959.17,21.33,107.97,60.86,42.37,356.35,0,No Failure,138.7,64.1
H,52.98,852.02,16.42,103.91,61.57,56.98,380.46,0,No Failure,147.1,67.1
H,47.9,865.88,16.43,120.15,61.71,54.21,286.09,0,No Failure,201.2,86.3
M,42.8,918.48,33.47,120.56,59.41,58.93,280.99,0,No Failure,150.3,68.2
M,49.51,936.65,29.04,106.53,60.2,47.17,350.53,0,No Failure,137.0,63.5
L,39.46,786.57,8.24,118.84,68.02,60.57,326.43,0,No Failure,161.1,72.1
L,46.83,789.1,33.1,123.69,61.87,56.67,308.84,0,No Failure,176.5,77.5
M,50.03,897.24,13.92,133.66,66.91,57.38,310.33,0,No Failure,180.6,79.0
H,51.11,784.96,5.83,140.46,67.96,42.17,290.48,0,No Failure,132.6,62.0
H,38.81,834.94,17.4,115.2,64.83,53.45,303.76,0,No Failure,210.4,89.5
L,55.89,850.84,18.06,143.8,56.02,49.24,297.97,0,No Failure,153.9,69.5
M,43.78,764.12,26.11,153.46,64.3,57.87,303.68,0,No Failure,155.0,69.9
H,50.22,879.01,20.11,124.25,65.92,72.41,307.98,0,No Failure,203.1,86.9
H,32.76,911.61,25.96,68.002,58.38,51.53,357.03,0,No Failure,130.6,61.3
M,38.11,932.95,18.95,117.77,61.63,50.59,328.82,0,No Failure,181.3,79.2
L,40.32,888.13,1.0,111.47,64.47,52.19,344.0,0,No Failure,170.1,75.2
M,44.61,842.52,20.66,121.45,66.64,59.79,301.67,0,No Failure,204.1,87.3
L,44.95,825.24,16.53,110.06,58.37,54.75,290.7,0,No Failure,178.8,78.3
H,39.45,765.01,16.59,121.0,70.05,47.53,337.65,0,No Failure,167.7,74.4
H,46.0,925.28,22.73,99.15,68.64,56.24,279.5,0,No Failure,158.7,71.2
M,48.89,868.77,18.24,102.71,67.78,53.63,306.21,0,No Failure,196.3,84.5
H,41.28,843.24,13.52,132.81,63.17,60.25,295.47,0,No Failure,178.4,78.2
L,42.76,840.08,17.51,100.75,72.49,47.76,243.29,0,No Failure,148.7,67.7
L,38.81,810.89,4.75,120.16,58.84,47.42,262.8,0,No Failure,146.6,66.9
H,46.03,819.78,24.7,87.25,69.33,45.71,332.46,0,No Failure,150.5,68.3
L,34.61,792.0,16.08,125.97,68.46,49.41,309.92,0,No Failure,179.8,78.7
H,45.31,888.97,9.41,130.23,73.59,59.47,300.5,0,No Failure,160.9,72.0
L,49.36,822.08,28.88,104.36,64.75,40.92,279.79,0,No Failure,150.3,68.2
M,42.04,701.42,11.52,137.29,64.03,45.25,284.29,0,No Failure,143.6,65.9
M,46.32,754.77,21.1,126.76,66.28,50.49,278.0,0,No Failure,182.8,79.7
L,52.03,786.73,7.19,118.05,71.36,50.21,261.07,0,No Failure,147.0,67.1
M,49.45,799.36,24.43,126.81,62.87,39.05,316.67,0,No Failure,161.9,72.3
L,47.32,790.12,10.7,149.94,65.84,60.41,268.1,0,No Failure,138.5,64.0
M,38.1,928.41,17.23,123.61,66.78,50.0,273.04,0,No Failure,175.4,77.1
L,50.99,836.16,16.31,113.78,64.79,52.74,309.36,0,No Failure,212.5,90.3
L,48.03,809.58,14.98,107.92,64.97,49.06,319.87,0,No Failure,196.3,84.5
L,45.98,809.24,1.0,124.56,56.8,46.91,312.15,0,No Failure,163.1,72.7
H,54.39,842.11,18.44,119.09,64.84,54.09,308.16,0,No Failure,209.5,89.2
L,41.1,876.38,25.36,137.47,63.13,48.68,367.61,0,No Failure,156.2,70.3
M,41.46,849.01,10.26,111.12,65.0,55.6,309.25,0,No Failure,201.9,86.5
H,44.13,841.2,7.35,118.63,70.45,51.96,264.78,0,No Failure,181.7,79.4
M,31.22,1008.96,19.63,114.05,69.64,41.46,261.31,0,No Failure,104.4,52.0
L,42.4,762.68,16.64,98.93,64.03,53.81,273.91,0,No Failure,168.3,74.6
L,37.2,739.56,17.62,130.21,60.38,46.23,300.03,0,No Failure,156.4,70.4
M,46.2,774.9,19.49,130.27,71.83,43.67,354.47,0,No Failure,147.2,67.1
L,59.91,851.36,21.23,106.12,62.65,57.03,332.69,0,No Failure,149.4,67.9
H,40.63,974.24,27.9,123.45,65.38,51.41,282.64,0,No Failure,170.5,75.4
H,67.68,882.17,19.12,111.76,62.53,52.89,294.15,0,No Failure,202.5,86.7
H,36.26,870.62,2.39,83.14,64.69,61.34,281.3,0,No Failure,119.4,57.3
M,37.38,876.21,30.17,112.02,65.52,56.82,346.05,0,No Failure,161.1,72.0
L,44.47,849.91,13.19,138.52,64.71,56.54,327.12,0,No Failure,193.2,83.4
M,45.89,879.05,7.56,137.47,65.25,59.19,338.52,0,No Failure,167.1,74.2
M,38.28,834.86,8.28,101.76,54.68,44.3,327.33,0,No Failure,132.9,62.1
L,39.71,869.62,14.05,117.12,68.06,53.34,355.05,0,No Failure,181.5,79.3
H,38.39,922.71,20.55,127.4,66.48,58.76,287.05,0,No Failure,166.8,74.1
L,50.9,948.26,12.89,130.25,59.7,58.92,351.13,0,No Failure,136.2,63.2
L,44.4,760.44,25.9,145.58,64.28,52.27,338.86,0,No Failure,166.4,73.9
M,46.53,891.8,18.47,68.002,67.91,52.38,283.59,0,No Failure,198.0,85.1
L,42.02,978.4,19.54,115.39,66.31,52.3,268.95,0,No Failure,175.0,77.0
L,39.51,898.56,27.7,103.41,72.64,49.52,338.78,0,No Failure,145.2,66.4
H,43.89,798.23,16.32,129.73,63.38,46.08,208.397,0,No Failure,186.1,80.9
M,34.74,842.77,17.4,110.68,63.27,52.28,288.61,0,No Failure,189.7,82.2
H,47.89,984.07,39.43,96.17,69.49,56.96,315.46,0,No Failure,123.2,58.6
M,53.71,838.2,16.04,116.69,69.46,45.29,339.39,0,No Failure,168.3,74.6
L,59.94,838.61,10.7,135.71,66.17,52.67,290.01,0,No Failure,163.8,73.0
M,45.75,794.07,15.11,101.55,68.06,56.47,262.2,0,No Failure,161.0,72.0
L,48.59,867.5,17.31,127.44,47.757,51.43,260.43,0,No Failure,185.2,80.6
M,45.77,860.44,13.88,105.91,64.73,52.69,320.65,0,No Failure,208.6,88.9
H,40.94,804.99,18.62,124.73,72.27,58.55,325.3,0,No Failure,171.4,75.7
M,45.51,861.06,19.99,116.96,65.67,58.82,330.57,0,No Failure,201.7,86.4
L,38.21,953.39,14.52,118.37,71.39,53.22,308.31,0,No Failure,174.4,76.8
L,50.72,780.9,7.91,135.26,63.92,48.54,340.51,0,No Failure,156.6,70.5
M,37.57,849.01,29.94,121.09,72.39,53.91,327.25,0,No Failure,146.8,67.0
M,49.3,787.7,16.97,134.25,70.57,52.96,208.397,0,No Failure,180.9,79.1
M,31.55,921.9,25.47,118.52,61.14,56.62,332.86,0,No Failure,149.1,67.8
M,62.83,791.56,15.76,118.92,71.09,51.25,304.11,0,No Failure,161.8,72.3
M,43.4,853.27,10.81,103.99,62.09,48.69,354.46,0,No Failure,171.4,75.7
M,43.25,856.16,1.0,108.82,77.03,58.47,338.4,0,No Failure,134.9,62.8
L,43.37,918.43,11.46,121.56,69.12,51.69,277.14,0,No Failure,182.4,79.6
L,53.16,796.26,16.63,110.88,64.88,47.42,314.77,0,No Failure,185.6,80.7
H,22.185,766.78,18.56,120.2,72.13,49.83,310.67,0,No Failure,183.3,79.9
M,43.43,937.97,11.89,93.92,61.39,50.61,330.72,0,No Failure,159.7,71.5
M,45.61,858.12,20.47,106.87,64.5,58.49,323.15,0,No Failure,196.5,84.6
M,52.92,848.63,21.12,119.05,68.92,59.47,267.19,0,No Failure,166.0,73.8
M,47.63,732.25,35.21,144.64,62.81,51.8,261.12,0,No Failure,129.7,60.9
H,51.56,899.26,17.87,117.55,65.67,47.56,340.83,0,No Failure,184.4,80.3
L,46.69,792.95,31.84,109.21,58.2,48.38,292.08,0,No Failure,156.4,70.4
L,39.28,1089.352,18.24,112.59,62.7,58.08,304.55,0,No Failure,189.9,82.2
M,44.01,899.4,18.05,108.49,58.0,54.17,310.67,0,No Failure,169.8,75.1
L,38.94,898.18,15.49,107.09,62.09,51.6,348.83,0,No Failure,171.8,75.9
L,35.59,843.29,21.95,97.75,69.27,58.95,267.8,0,No Failure,140.1,64.6
H,44.17,880.45,8.74,122.89,72.67,60.5,291.23,0,No Failure,163.2,72.8
L,53.44,894.02,4.34,134.2,63.14,55.13,296.33,0,No Failure,158.6,71.2
L,47.09,728.03,18.98,142.85,62.08,46.44,282.52,0,No Failure,150.2,68.2
M,50.17,851.77,15.52,94.47,53.98,49.24,299.89,0,No Failure,156.3,70.3
H,49.38,740.92,9.39,117.22,58.55,49.86,329.61,0,No Failure,158.8,71.2
L,51.09,823.02,22.35,98.6,69.33,58.52,311.73,0,No Failure,164.1,73.1
M,54.34,827.67,8.25,120.33,82.613,42.72,290.47,0,No Failure,150.2,68.2
M,41.94,892.09,1.0,113.34,67.08,56.82,325.85,0,No Failure,167.6,74.3
L,43.38,864.13,12.13,122.41,69.8,58.81,305.32,0,No Failure,189.6,82.2
H,46.67,874.86,15.34,127.84,60.99,52.07,278.49,0,No Failure,192.5,83.2
H,53.9,1001.75,11.42,134.14,56.21,51.89,345.93,0,No Failure,105.6,52.4
L,38.54,859.97,24.74,152.84,74.02,44.95,314.47,0,No Failure,136.2,63.2
M,47.8,876.13,-17.018,103.51,63.49,50.25,310.41,0,No Failure,176.9,77.6
H,43.63,890.97,12.78,132.36,51.78,44.12,300.11,0,No Failure,153.5,69.4
L,42.41,875.77,14.85,133.09,73.23,52.85,286.08,0,No Failure,174.1,76.7
L,45.03,864.24,26.11,110.69,63.59,46.25,279.33,0,No Failure,182.7,79.7
L,31.24,846.54,27.6,135.54,64.81,66.26,343.12,0,No Failure,127.4,60.1
M,37.28,830.96,32.17,132.54,59.77,47.42,310.41,0,No Failure,155.1,69.9
L,45.11,780.96,25.03,114.13,64.02,52.13,287.49,0,No Failure,195.1,84.1
H,47.49,1042.77,26.97,134.02,59.74,53.92,269.35,0,No Failure,127.4,60.1
L,44.95,1089.352,9.28,118.0,76.7,53.2,325.03,0,No Failure,156.8,70.6
L,50.68,935.25,3.96,112.63,69.67,44.13,305.18,0,No Failure,146.7,66.9
H,34.76,963.5,1.0,111.56,67.59,42.82,281.09,0,No Failure,116.1,56.1
M,40.48,793.05,23.85,125.69,66.44,50.93,292.05,0,No Failure,188.4,81.7
H,43.87,794.64,17.38,130.51,74.96,51.04,347.99,0,No Failure,165.2,73.5
H,41.27,874.16,13.2,116.71,74.39,59.42,327.44,0,No Failure,162.6,72.6
L,44.45,1087.58,19.72,124.83,72.79,53.77,334.38,0,No Failure,180.9,79.1
M,41.53,853.04,9.42,130.84,61.68,48.36,343.94,0,No Failure,173.5,76.4
L,33.58,787.46,52.656,118.33,58.05,48.52,295.25,0,No Failure,157.1,70.6
M,46.0,804.12,19.68,136.29,62.92,45.43,317.12,0,No Failure,183.9,80.1
L,53.78,872.78,15.26,98.3,61.57,50.29,317.17,0,No Failure,173.0,76.3
L,41.74,789.0,15.81,109.03,55.44,54.48,302.13,0,No Failure,168.6,74.7
L,40.77,881.72,24.53,90.15,65.09,50.1,332.83,0,No Failure,169.1,74.9
M,44.72,824.4,17.7,117.46,67.95,45.99,330.13,0,No Failure,197.8,85.0
H,54.46,850.27,32.43,126.4,61.55,56.71,259.04,0,No Failure,145.4,66.5
L,44.7,896.87,3.77,68.002,69.1,66.1,312.18,0,No Failure,141.5,65.1
L,33.41,780.45,8.01,129.65,61.85,47.8,365.79,0,No Failure,129.0,60.7
M,39.7,788.29,27.57,117.43,59.45,47.9,294.24,0,No Failure,165.1,73.5
L,57.16,742.6,18.69,112.97,67.56,40.14,322.0,0,No Failure,139.8,64.5
H,45.55,849.56,20.12,125.97,69.02,55.68,289.9,0,No Failure,199.3,85.6
L,44.35,762.94,21.43,98.33,61.04,49.36,363.13,0,No Failure,150.1,68.2
L,44.95,884.74,26.97,110.65,71.08,51.1,352.94,0,No Failure,169.5,75.0
M,44.44,779.54,19.04,117.73,60.82,59.51,325.77,0,No Failure,181.8,79.4
M,41.82,842.13,1.0,112.38,61.42,53.0,302.57,0,No Failure,182.9,79.8
M,54.33,932.99,24.21,133.59,74.17,49.04,292.8,1,Chuck Thermal Excursion,11.8,18.7
M,53.48,799.22,9.57,125.71,64.01,50.14,321.43,0,No Failure,179.7,78.6
M,39.4,790.4,12.72,149.52,71.9,54.72,283.85,0,No Failure,139.2,64.3
L,44.49,853.81,17.95,126.73,74.27,57.93,365.44,0,No Failure,163.0,72.7
H,39.25,858.48,1.0,109.72,56.91,50.13,381.0,0,No Failure,128.3,60.5
L,50.9,738.8,36.82,114.6,47.757,49.8,316.54,0,No Failure,151.1,68.5
L,50.94,870.72,11.41,130.37,64.31,48.99,305.35,0,No Failure,191.0,82.7
H,51.18,849.81,16.82,138.53,65.71,44.67,345.85,0,No Failure,168.6,74.7
M,40.2,956.61,8.87,96.01,63.4,51.08,314.97,0,No Failure,160.9,72.0
M,48.99,793.51,22.47,125.17,67.58,58.17,340.6,0,No Failure,170.0,75.2
H,35.5,795.57,27.1,110.69,54.55,40.56,336.51,0,No Failure,113.9,55.3
M,47.65,964.8,34.61,119.92,66.22,59.96,269.49,0,No Failure,142.7,65.5
H,43.24,709.51,15.45,117.0,60.78,51.37,339.49,0,No Failure,171.8,75.8
H,40.81,840.36,7.36,111.29,64.4,51.8,328.43,0,No Failure,193.6,83.6
L,41.9,932.47,32.68,99.5,71.15,42.6,330.73,0,No Failure,123.3,58.7
H,38.46,1017.48,21.79,109.33,63.41,60.43,310.48,0,No Failure,148.5,67.6
H,42.15,760.25,17.78,119.33,64.33,45.0,303.55,0,No Failure,191.3,82.7
M,54.4,838.33,11.83,118.29,71.07,58.8,305.68,0,No Failure,169.7,75.1
M,36.66,957.15,15.32,120.62,67.43,56.95,315.37,0,No Failure,172.6,76.1
M,46.62,879.16,17.03,124.22,69.69,52.42,354.43,0,No Failure,188.5,81.8
H,53.57,873.09,14.71,132.64,76.41,53.58,274.66,0,No Failure,145.2,66.4
L,38.62,823.16,19.06,102.3,62.01,57.13,313.53,0,No Failure,178.3,78.2
H,54.88,804.41,30.14,94.68,74.23,41.58,322.13,1,Chamber Vacuum Drift,12.6,8.2
L,42.75,864.88,33.83,158.61,58.74,48.54,265.66,0,No Failure,123.0,58.6
M,39.59,883.39,23.23,120.42,65.22,55.48,316.91,0,No Failure,200.3,85.9
L,42.41,787.29,15.66,130.95,58.02,43.81,319.46,0,No Failure,162.0,72.4
M,54.71,797.21,6.39,115.75,60.8,52.07,222.62,0,No Failure,140.3,64.7
L,38.14,861.46,21.79,108.1,64.75,46.67,251.19,0,No Failure,162.5,72.6
M,49.08,882.17,28.84,123.99,73.98,59.94,310.41,0,No Failure,144.7,66.3
H,43.04,795.33,1.0,106.12,64.15,49.81,268.9,0,No Failure,158.0,71.0
M,38.75,609.643,22.78,135.96,74.96,53.13,279.32,0,No Failure,147.0,67.1
L,42.03,901.87,23.29,93.39,70.09,57.19,302.0,0,No Failure,157.4,70.7
M,41.75,848.39,39.31,172.168,74.02,54.99,330.78,0,No Failure,155.6,70.1
M,49.1,809.98,10.74,100.3,66.47,59.75,312.78,0,No Failure,167.8,74.4
H,37.87,958.3,23.05,113.88,63.39,48.7,292.3,0,No Failure,166.6,74.0
H,54.15,806.19,30.29,117.1,68.51,55.86,306.25,0,No Failure,168.4,74.7
M,32.11,817.73,2.15,116.9,68.09,42.85,316.53,0,No Failure,143.9,66.0
L,49.91,819.39,32.09,148.37,66.72,54.31,319.97,0,No Failure,159.0,71.3
M,37.24,811.95,32.25,126.41,63.67,49.98,306.97,0,No Failure,177.7,77.9
L,57.15,938.11,13.33,120.6,68.61,60.05,324.46,0,No Failure,149.7,68.0
M,46.44,890.76,23.37,116.64,70.98,52.68,295.95,0,No Failure,191.5,82.8
H,44.58,742.01,9.32,121.98,63.4,53.54,307.85,0,No Failure,192.4,83.1
L,53.94,826.69,7.59,115.44,57.95,50.9,365.19,0,No Failure,145.9,66.7
M,56.18,609.643,36.05,120.08,72.29,55.31,329.89,0,No Failure,140.8,64.9
L,35.91,841.26,28.8,108.37,67.23,60.71,287.86,0,No Failure,152.1,68.9
L,41.05,786.14,23.05,124.38,62.2,60.18,339.29,0,No Failure,163.5,72.9
L,41.67,888.75,22.8,101.71,68.46,53.85,309.84,0,No Failure,185.0,80.5
M,50.16,790.92,15.16,129.42,68.95,52.09,260.0,0,No Failure,166.8,74.1
L,38.67,840.7,10.44,116.13,65.75,52.52,327.65,0,No Failure,197.2,84.9
M,48.39,930.81,18.52,122.01,64.72,56.29,300.79,0,No Failure,196.7,84.7
L,32.72,934.4,20.62,136.66,61.7,56.86,317.85,0,No Failure,149.5,68.0
L,40.33,837.84,28.09,140.55,59.91,42.36,334.66,0,No Failure,141.7,65.2
L,37.85,1089.352,1.0,115.27,67.22,46.81,309.09,0,No Failure,150.8,68.4
M,46.07,849.01,1.0,108.27,69.1,56.07,280.86,0,No Failure,164.5,73.3
H,41.47,823.58,22.61,108.42,67.83,52.84,327.21,0,No Failure,190.0,82.3
H,43.01,847.87,20.97,110.31,64.08,40.48,333.45,0,No Failure,178.5,78.2
L,40.14,1089.352,25.1,145.31,72.44,52.6,336.79,0,No Failure,117.2,56.5
M,40.89,792.45,5.29,103.05,66.05,47.91,297.65,0,No Failure,164.6,73.3
M,44.71,929.85,19.98,129.86,67.7,46.66,311.43,0,No Failure,188.2,81.7
H,46.86,804.61,14.86,121.61,68.87,54.36,410.991,0,No Failure,193.1,83.4
L,67.68,829.02,21.36,107.98,68.63,53.93,351.26,0,No Failure,180.0,78.8
L,36.17,901.31,25.36,116.04,65.21,42.84,306.74,0,No Failure,170.1,75.2
L,43.32,914.97,14.03,124.53,65.3,46.88,322.38,0,No Failure,191.6,82.9
L,44.84,830.25,45.18,130.14,63.99,45.14,319.77,0,No Failure,161.5,72.2
M,49.6,701.16,11.73,137.0,72.82,41.86,316.84,0,No Failure,121.7,58.1
L,49.95,873.48,18.54,92.23,72.68,50.38,360.85,0,No Failure,145.2,66.4
H,58.31,609.643,17.26,111.37,69.97,48.68,310.84,0,No Failure,177.6,77.9
H,40.6,809.0,21.43,132.75,62.99,51.21,346.52,0,No Failure,178.6,78.2
M,43.94,820.74,2.05,117.9,59.26,58.09,281.5,0,No Failure,160.9,72.0
L,44.95,833.87,20.28,128.69,67.67,50.29,352.13,0,No Failure,176.2,77.4
L,42.17,861.07,18.32,107.13,72.31,49.52,303.34,0,No Failure,177.8,78.0
H,42.74,818.06,26.49,129.74,75.41,47.97,322.02,0,No Failure,160.8,71.9
L,37.7,822.5,1.0,104.28,65.47,50.24,286.76,0,No Failure,161.0,72.0
M,41.31,818.26,15.9,123.29,65.49,57.91,345.14,0,No Failure,185.6,80.7
M,40.46,804.57,17.14,108.06,66.74,50.45,290.37,0,No Failure,189.0,81.9
M,47.55,823.38,1.0,86.25,67.16,47.93,267.6,0,No Failure,134.1,62.5
H,43.02,818.57,9.49,108.43,68.91,50.0,297.78,0,No Failure,183.2,79.9
M,42.52,887.1,29.99,125.61,61.34,55.38,303.85,0,No Failure,182.0,79.5
L,37.74,864.73,17.36,99.28,63.39,48.11,284.79,0,No Failure,173.0,76.3
L,49.17,792.14,10.68,130.79,61.11,59.08,314.43,0,No Failure,166.5,74.0
H,43.53,843.5,21.94,129.62,63.52,63.44,316.63,0,No Failure,184.3,80.3
H,43.52,874.38,35.16,110.65,67.53,51.34,287.84,0,No Failure,177.9,78.0
L,36.91,835.24,38.17,117.62,61.87,49.24,328.66,0,No Failure,162.5,72.6
L,47.96,853.28,1.0,123.57,70.59,47.64,284.3,0,No Failure,165.3,73.5
L,35.88,899.55,21.1,91.46,67.1,53.69,305.6,0,No Failure,164.6,73.3
M,49.13,824.51,23.52,119.46,63.6,43.83,276.99,0,No Failure,176.5,77.5
H,48.16,929.98,27.01,127.62,68.78,63.45,340.07,0,No Failure,141.6,65.2
L,53.21,914.68,21.67,121.32,64.86,41.43,280.42,0,No Failure,160.4,71.8
M,32.44,889.13,20.99,102.62,74.52,55.88,336.01,0,No Failure,133.0,62.1
L,41.2,824.55,21.4,118.88,66.01,51.58,338.2,0,No Failure,202.5,86.7
H,40.86,871.94,28.19,103.89,60.08,54.8,357.76,0,No Failure,151.3,68.6
L,44.95,968.68,27.75,121.71,63.41,65.4,328.93,0,No Failure,142.2,65.4
M,42.7,815.55,29.61,123.75,69.01,45.91,337.59,0,No Failure,167.0,74.2
M,55.9,896.97,26.45,124.25,66.97,53.88,306.35,0,No Failure,177.5,77.9
M,46.36,958.76,22.62,91.77,61.27,60.99,318.26,0,No Failure,142.6,65.5
M,29.43,877.41,20.28,124.62,73.13,51.81,334.77,0,No Failure,156.1,70.3
L,53.43,755.66,13.65,87.29,65.37,39.66,342.29,0,No Failure,115.5,55.9
M,43.17,804.23,18.46,128.93,60.66,51.29,328.19,0,No Failure,193.8,83.6
L,38.28,744.98,24.38,130.15,64.7,53.66,297.47,0,No Failure,172.7,76.2
L,43.98,1023.96,13.6,123.49,60.85,47.4,337.96,0,No Failure,154.2,69.6
M,43.88,899.17,10.85,147.89,67.02,54.2,362.53,0,No Failure,152.5,69.0
H,40.92,776.06,4.24,120.93,65.28,51.91,333.65,0,No Failure,182.0,79.5
L,44.79,845.71,19.24,105.03,61.42,50.56,249.52,0,No Failure,178.7,78.3
