Type,Gearbox Oil Temp [C],HSS Bearing Vibration [mm/s],Generator Winding Temp [C],Rotor Speed [rpm],Active Power Output [kW],Main Shaft Torque [kNm],Blade Pitch Angle [deg],Machine failure,Failure Mode,RUL [min],Health Index [%]
H,64.66,2.72,83.72,17.0,1674.77,1224.07,4.45,0,No Failure,205.5,87.8
M,68.91,3.65,77.29,11.0,1632.86,945.96,7.76,0,No Failure,157.6,70.8
L,63.55,3.6,79.5,10.0,2249.54,1520.24,6.27,1,High-Torque Shaft Fatigue,4.9,19.7
L,59.72,2.67,73.82,17.0,2415.05,1306.52,5.12,0,No Failure,157.7,70.9
L,63.89,2.0,79.85,14.0,2136.14,952.74,1.13,0,No Failure,169.9,75.2
L,82.38,2.32,87.6,12.0,1968.13,1238.48,1.94,0,No Failure,165.9,73.8
M,65.51,1.37,68.18,15.0,2318.67,1021.18,1.32,0,No Failure,152.6,69.0
H,71.76,2.68,85.57,14.0,1971.53,1109.77,8.25,0,No Failure,196.2,84.5
L,59.73,4.41,43.151,16.0,2013.37,1146.09,7.86,0,No Failure,169.1,74.9
M,60.67,2.58,78.01,14.0,1350.93,1154.29,4.7,0,No Failure,176.4,77.5
M,71.77,3.27,78.75,10.0,1746.22,1193.5,10.67,0,No Failure,159.8,71.6
M,67.73,1.86,75.01,13.0,1398.79,1431.66,7.42,0,No Failure,159.9,71.6
L,69.93,6.53,85.69,16.0,1734.25,1172.16,4.8,0,No Failure,177.3,77.8
L,74.86,2.48,77.13,16.0,1238.38,1069.95,1.8,0,No Failure,160.0,71.7
H,85.14,1.35,81.715,12.0,1435.81,743.86,6.14,0,No Failure,111.0,54.3
L,91.06,3.52,77.35,14.0,1712.99,943.21,8.57,0,No Failure,138.9,64.2
L,64.52,6.76,80.02,14.0,1922.5,1893.461,3.59,0,No Failure,161.2,72.1
L,58.26,3.05,69.81,9.0,2241.38,1133.53,3.42,0,No Failure,147.6,67.3
M,84.82,2.54,86.07,15.0,1714.29,1176.11,7.84,0,No Failure,176.6,77.6
H,67.06,2.52,95.92,18.0,2020.37,1272.8,2.91,0,No Failure,170.5,75.4
L,65.75,2.19,73.47,12.0,1789.31,470.614,4.67,0,No Failure,183.1,79.9
M,66.83,4.25,98.66,12.0,926.16,971.86,0.19,0,No Failure,109.0,53.6
L,67.71,2.62,65.64,10.0,1922.92,1146.82,0.65,0,No Failure,163.8,73.0
H,50.82,3.35,84.38,15.0,1817.89,935.47,3.45,0,No Failure,173.3,76.4
L,72.61,3.82,84.55,16.0,1922.37,1279.91,3.1,0,No Failure,188.7,81.8
M,71.82,1.97,69.69,15.0,1605.23,969.82,8.02,0,No Failure,158.9,71.3
M,69.06,3.51,69.84,6.0,2037.45,969.52,4.62,0,No Failure,179.4,78.5
H,63.6,2.54,101.69,14.0,1580.3,1468.64,4.27,0,No Failure,165.6,73.6
M,74.5,3.44,83.28,14.0,1567.43,1050.31,0.31,0,No Failure,178.7,78.3
L,74.52,1.35,100.65,14.0,1757.85,989.33,1.64,0,No Failure,154.0,69.5
H,84.2,2.93,94.94,14.0,1885.75,1732.83,4.61,0,No Failure,147.4,67.2
L,81.3,1.75,87.56,15.0,2046.46,877.28,1.49,0,No Failure,149.1,67.8
L,75.05,1.01,78.21,12.0,1472.11,1229.55,2.93,0,No Failure,155.3,70.0
L,72.57,3.31,80.91,19.0,683.517,864.28,2.03,0,No Failure,154.5,69.7
L,71.42,3.31,87.57,14.0,1311.12,967.47,5.11,0,No Failure,177.1,77.7
L,76.98,3.08,84.15,18.0,1637.54,1445.12,6.05,0,No Failure,163.5,72.9
H,87.43,0.81,84.59,14.0,2009.59,1318.9,6.09,0,No Failure,151.7,68.7
H,80.12,3.59,90.01,17.0,1840.73,1157.57,5.93,0,No Failure,174.0,76.6
L,79.72,3.26,99.98,12.0,1516.76,1144.07,5.7,0,No Failure,152.6,69.0
L,60.86,3.31,87.12,15.0,1690.13,1246.69,1.48,0,No Failure,184.3,80.3
L,63.94,2.41,82.56,13.0,1681.51,1092.36,2.65,0,No Failure,196.3,84.5
M,64.62,0.66,82.03,15.0,2323.31,1143.14,1.38,0,No Failure,169.5,75.0
L,71.84,2.41,67.9,14.0,2476.36,1066.08,7.17,0,No Failure,157.3,70.7
M,66.18,1.37,86.77,16.0,2009.58,1535.4,5.63,0,No Failure,168.8,74.8
L,74.22,4.24,98.97,13.0,1642.52,1114.91,0.0,0,No Failure,144.1,66.0
M,68.61,3.04,85.52,13.0,1182.29,1085.89,9.06,0,No Failure,168.3,74.6
L,59.98,2.0,88.58,14.0,1596.55,959.56,7.82,0,No Failure,159.5,71.5
H,65.61,2.22,83.7,17.0,2484.21,974.38,0.0,0,No Failure,148.1,67.4
H,49.49,1.44,66.59,12.0,1862.87,1509.96,6.7,1,High-Torque Shaft Fatigue,4.7,12.8
L,62.81,2.88,82.33,17.0,1537.44,1158.29,6.16,0,No Failure,183.9,80.1
H,67.95,3.31,97.25,15.0,1829.02,1151.0,5.77,0,No Failure,205.5,87.8
L,75.48,3.17,79.88,15.0,1582.84,1240.41,7.44,0,No Failure,188.9,81.9
L,66.13,2.88,79.37,12.0,2386.4,1150.98,7.19,0,No Failure,164.5,73.3
H,71.4,3.4,94.23,14.0,1773.41,909.0,7.56,0,No Failure,169.5,75.0
M,65.57,5.23,75.05,15.0,1278.73,816.75,1.77,0,No Failure,133.3,62.2
L,82.74,2.55,106.59,17.0,2240.2,1096.26,5.41,1,Stator Insulation Thermal Fault,5.8,19.0
L,75.92,3.41,120.399,14.0,1354.42,1119.24,4.31,0,No Failure,168.4,74.6
L,87.89,3.26,78.35,17.0,1502.91,1160.52,14.772,0,No Failure,153.3,69.3
L,71.62,1.43,93.93,17.0,1345.59,1413.01,2.57,0,No Failure,138.2,63.9
M,82.04,5.0,107.59,13.0,2508.41,1413.6,4.56,1,Stator Insulation Thermal Fault,11.2,3.2
M,70.87,4.88,72.74,11.0,1149.66,1379.19,4.06,0,No Failure,133.5,62.3
M,72.26,3.16,94.27,16.0,2049.42,1022.13,3.7,0,No Failure,180.9,79.1
L,59.41,3.14,70.11,14.0,1272.03,902.99,1.39,0,No Failure,145.9,66.7
L,68.92,2.07,79.68,15.0,1452.83,1135.81,5.65,0,No Failure,194.7,84.0
L,61.19,1.98,90.11,15.0,1883.58,1311.15,4.5,0,No Failure,194.9,84.0
L,71.47,2.44,85.52,16.0,1796.6,1316.29,6.73,0,No Failure,192.0,83.0
L,77.98,2.67,83.61,15.0,1967.38,1053.87,2.85,0,No Failure,191.4,82.8
L,72.15,1.8,99.31,12.0,2850.0,1251.13,1.55,1,Stator Insulation Thermal Fault,3.6,13.5
L,56.17,5.12,99.01,14.0,1666.96,896.95,8.25,0,No Failure,117.5,56.6
M,52.0,2.44,97.47,14.0,1926.07,1174.71,0.0,0,No Failure,157.4,70.7
L,73.51,3.69,83.32,12.0,1622.12,885.84,5.54,0,No Failure,168.6,74.7
H,56.29,3.83,82.08,16.0,2076.13,1453.22,8.36,0,No Failure,153.9,69.5
H,96.271,5.18,73.62,12.0,1696.22,1101.2,6.92,0,No Failure,165.6,73.6
M,69.95,2.42,76.61,15.0,1691.49,1295.15,11.26,0,No Failure,173.6,76.5
M,62.23,3.84,92.26,15.0,1843.45,1088.1,4.56,0,No Failure,193.6,83.6
L,71.25,4.8,91.66,17.0,1912.11,1338.24,3.49,0,No Failure,167.6,74.4
M,66.32,2.8,92.22,15.0,2273.28,1150.49,4.23,0,No Failure,200.2,85.9
L,80.48,1.76,76.95,15.0,2167.35,1156.42,4.76,0,No Failure,181.2,79.2
L,65.8,4.14,69.3,12.0,2523.43,1450.58,4.5,1,High-Torque Shaft Fatigue,8.8,20.6
M,70.14,4.51,75.51,14.0,683.517,1174.01,4.37,0,No Failure,197.5,85.0
L,52.83,3.53,85.14,15.0,1814.05,988.67,1.44,0,No Failure,166.8,74.1
H,56.37,5.74,80.31,18.0,1457.92,1302.16,4.68,0,No Failure,136.9,63.5
L,62.43,4.3,92.39,15.0,1844.805,1254.57,6.71,0,No Failure,168.6,74.7
M,68.92,2.44,88.32,15.0,1529.14,1166.28,8.73,0,No Failure,185.4,80.7
M,66.91,1.68,69.28,14.0,2087.22,1222.17,2.17,0,No Failure,181.2,79.2
M,65.17,3.74,83.46,16.0,1946.2,1183.52,2.94,0,No Failure,201.5,86.4
H,74.27,3.38,99.49,11.0,2037.56,1305.81,3.98,0,No Failure,157.5,70.8
H,82.06,2.69,75.0,13.0,1940.57,1147.91,6.73,0,No Failure,178.5,78.2
L,69.92,2.75,80.11,14.0,1633.09,1073.12,1.67,0,No Failure,199.9,85.8
L,63.57,4.16,84.48,15.0,1399.92,988.83,4.02,0,No Failure,175.7,77.2
M,62.82,3.39,85.23,13.0,2355.3,1240.77,0.48,0,No Failure,167.9,74.5
M,87.4,3.21,66.91,13.0,1444.98,1301.58,4.86,0,No Failure,144.9,66.3
M,63.26,4.6,72.02,16.0,1947.66,1115.76,2.34,0,No Failure,168.9,74.8
M,55.47,3.97,68.44,17.0,2058.75,1195.69,4.38,0,No Failure,162.9,72.7
L,83.45,1.95,86.92,15.0,1501.3,1257.8,1.83,0,No Failure,156.7,70.5
L,63.92,3.36,73.93,15.0,1971.41,873.63,8.1,0,No Failure,167.7,74.4
M,71.97,2.5,89.49,16.0,1495.15,1096.77,4.53,0,No Failure,187.5,81.4
M,72.93,2.68,80.04,14.0,1875.31,1188.75,7.65,0,No Failure,204.3,87.3
H,62.58,3.27,78.52,14.0,2106.19,1410.23,3.36,0,No Failure,185.0,80.5
M,73.51,3.52,81.17,16.0,1998.37,1102.76,7.13,0,No Failure,187.3,81.3
L,84.76,1.4,86.88,16.0,3021.596,877.78,1.92,0,No Failure,134.6,62.7
M,79.28,3.85,96.93,14.0,2091.16,1433.67,3.79,0,No Failure,156.8,70.5
M,74.85,4.45,82.82,15.0,2299.99,902.67,6.26,0,No Failure,161.0,72.0
H,72.1,5.49,91.53,15.0,2074.08,1147.0,4.89,0,No Failure,173.3,76.4
M,64.6,0.95,72.42,12.0,1945.02,901.22,9.28,0,No Failure,139.2,64.3
M,69.62,2.6,90.56,15.0,1711.12,1216.41,3.68,0,No Failure,209.3,89.1
H,68.11,2.58,79.48,14.0,1466.4,1230.12,3.94,0,No Failure,208.0,88.7
L,74.44,2.25,72.47,14.0,2039.53,765.52,5.92,0,No Failure,162.6,72.6
M,56.08,2.89,86.62,19.0,1598.9,1336.97,1.51,0,No Failure,149.3,67.9
L,54.93,1.14,71.56,15.0,1844.805,996.52,6.71,0,No Failure,129.9,61.0
M,70.21,5.43,91.3,14.0,1975.06,739.11,6.34,0,No Failure,147.9,67.4
L,59.57,4.87,77.41,16.0,1908.48,1138.11,1.24,0,No Failure,165.8,73.7
L,73.22,1.69,80.35,15.0,1820.3,1530.48,3.6,0,No Failure,179.6,78.6
M,67.62,3.94,65.24,15.0,2063.41,1364.78,5.74,0,No Failure,173.1,76.3
L,79.6,1.2,98.69,11.0,1784.71,1374.9,6.71,0,No Failure,128.3,60.5
L,67.35,3.86,87.58,10.0,2243.94,1249.78,5.85,0,No Failure,167.3,74.3
M,60.38,5.32,88.16,14.0,1938.9,1459.49,3.68,0,No Failure,160.1,71.7
L,39.666,4.28,43.151,15.0,1756.98,1023.94,8.77,0,No Failure,163.5,72.9
M,76.34,4.95,89.23,16.0,1879.55,1111.27,4.84,0,No Failure,176.0,77.3
M,72.62,0.86,94.88,12.0,1831.88,1144.36,1.37,0,No Failure,160.7,71.9
H,63.23,0.76,75.11,12.0,2160.0,1449.52,6.51,1,High-Torque Shaft Fatigue,13.3,20.4
L,68.7,0.96,96.87,19.0,1813.85,1160.06,4.05,0,No Failure,166.0,73.8
L,56.26,3.53,84.94,15.0,2463.33,1344.85,6.1,0,No Failure,161.6,72.2
M,78.17,2.44,77.81,17.0,1317.71,1538.24,8.6,0,No Failure,127.9,60.3
L,53.63,7.148,69.18,17.0,1751.22,840.52,2.44,0,No Failure,134.2,62.5
M,64.91,2.94,74.41,12.0,2021.92,1134.18,2.45,0,No Failure,186.2,80.9
H,58.64,1.03,92.69,11.0,2142.64,937.03,5.64,0,No Failure,133.7,62.3
M,59.23,3.27,74.68,17.0,1852.78,1132.44,4.54,0,No Failure,192.2,83.1
M,60.67,2.47,76.44,16.0,2704.77,1457.76,-5.802,0,No Failure,131.1,61.4
H,70.27,5.98,60.17,13.0,1951.89,1458.38,4.13,1,High-Torque Shaft Fatigue,1.8,17.6
H,67.44,3.31,79.68,13.0,1468.36,1224.01,4.03,0,No Failure,200.2,85.9
H,72.55,0.5,88.97,16.0,2141.0,1096.11,5.28,0,No Failure,162.2,72.5
M,52.57,2.65,65.23,13.0,1713.07,1400.61,5.44,0,No Failure,154.7,69.8
L,52.6,2.49,88.65,19.0,1969.95,1338.13,1.6,0,No Failure,139.1,64.3
L,65.39,2.52,83.91,12.0,2339.68,1256.97,4.44,0,No Failure,187.2,81.3
L,56.34,2.88,75.06,15.0,1792.87,901.72,2.92,0,No Failure,178.6,78.3
M,71.9,3.1,76.71,14.0,1664.15,1346.61,3.51,0,No Failure,193.6,83.6
H,68.42,2.81,78.91,14.0,1798.28,1398.04,2.3,0,No Failure,198.1,85.2
L,72.86,1.59,92.47,12.0,1800.69,1177.905,2.56,0,No Failure,172.1,76.0
H,49.78,4.86,93.27,11.0,2301.6,1348.26,7.83,0,No Failure,103.8,51.7
L,67.06,2.73,79.88,14.0,1782.54,1260.71,3.41,0,No Failure,204.8,87.5
L,64.59,3.04,69.94,14.0,1249.61,1105.91,3.93,0,No Failure,181.6,79.3
L,71.47,1.86,103.13,14.0,2356.39,743.55,2.44,1,Stator Insulation Thermal Fault,9.9,15.1
L,62.22,2.13,62.11,16.0,1709.68,1275.26,1.93,0,No Failure,158.6,71.2
L,61.88,1.69,65.47,16.0,2105.63,1893.461,4.55,0,No Failure,158.6,71.2
M,83.19,2.21,61.94,16.0,2134.69,921.25,2.92,0,No Failure,128.7,60.6
M,54.57,3.85,100.69,19.0,1643.56,1409.65,2.07,0,No Failure,116.7,56.3
M,75.44,3.49,81.15,14.0,1655.81,1172.25,3.92,0,No Failure,196.2,84.5
M,68.79,1.69,86.1,17.0,1881.52,1162.24,4.78,0,No Failure,197.8,85.0
H,76.07,5.36,89.79,14.0,1692.69,1205.84,4.66,0,No Failure,174.9,77.0
H,64.35,1.78,89.11,12.0,1492.93,1183.87,6.89,0,No Failure,169.2,74.9
M,66.03,5.05,81.24,13.0,1653.04,1513.62,3.05,0,No Failure,165.0,73.4
H,70.57,5.68,91.23,14.0,1844.18,1379.87,-5.802,0,No Failure,155.1,69.9
L,54.51,0.86,78.87,13.0,1530.62,1178.46,2.47,0,No Failure,153.3,69.3
H,73.24,2.67,87.99,13.0,1356.95,1083.08,6.14,0,No Failure,177.8,78.0
L,75.15,3.09,59.49,11.0,1318.75,1178.19,0.0,0,No Failure,132.0,61.7
L,66.04,1.01,84.81,11.0,1913.15,1221.97,5.16,0,No Failure,178.5,78.2
M,76.58,5.41,73.44,17.0,2279.3,1187.25,3.1,0,No Failure,146.3,66.8
L,72.44,4.03,99.98,11.0,1263.2,1395.3,3.97,0,No Failure,133.1,62.1
H,57.74,1.5,77.64,16.0,1518.79,1086.92,1.43,0,No Failure,152.1,68.9
L,71.45,1.42,91.64,18.0,2194.19,1311.53,6.25,0,No Failure,152.8,69.1
L,53.27,2.6,83.58,17.0,2191.36,1255.21,-5.802,0,No Failure,165.8,73.7
L,61.0,2.81,76.37,15.0,1614.65,1224.21,2.25,0,No Failure,190.2,82.4
H,68.94,3.37,78.66,14.0,2335.98,1118.22,6.97,0,No Failure,189.9,82.2
L,80.87,4.43,76.25,14.0,1581.98,1015.71,4.43,1,Planetary Gearbox Overheat,9.9,27.7
M,76.11,5.0,68.16,16.0,1854.65,1018.38,3.03,0,No Failure,154.2,69.6
H,76.35,3.6,103.62,17.0,1913.25,1109.92,2.2,0,No Failure,155.3,70.0
H,70.25,4.25,59.38,13.0,1473.13,1091.05,10.63,0,No Failure,130.0,61.0
M,58.41,3.64,97.2,17.0,1364.67,1019.08,7.48,0,No Failure,132.2,61.8
M,68.64,2.34,82.99,15.0,1748.82,1094.54,2.69,0,No Failure,206.8,88.2
M,79.2,3.26,71.54,12.0,1575.34,1893.461,0.63,0,No Failure,145.1,66.4
M,81.26,2.03,69.52,13.0,1619.29,1267.19,0.0,0,No Failure,140.5,64.8
L,60.25,2.44,53.38,13.0,2118.86,1389.63,4.63,0,No Failure,149.5,67.9
M,59.04,3.71,94.01,19.0,2343.28,1022.39,2.88,0,No Failure,133.7,62.4
L,65.61,2.43,82.67,14.0,2084.5,1036.67,4.71,0,No Failure,189.3,82.0
M,84.03,0.5,80.48,16.0,1203.78,1830.78,0.0,0,No Failure,84.0,44.7
L,70.52,0.69,76.99,14.0,2510.76,1366.51,6.01,0,No Failure,151.1,68.5
H,60.98,3.2,96.89,13.0,1936.76,1233.37,4.23,0,No Failure,188.0,81.6
L,71.99,3.12,65.69,13.0,1604.32,1212.5,3.74,0,No Failure,181.6,79.3
L,71.54,3.3,56.35,13.0,1420.26,1110.52,11.2,0,No Failure,133.2,62.2
L,65.56,1.9,87.46,13.0,2093.73,1119.64,2.78,0,No Failure,182.5,79.6
H,74.65,0.69,87.16,12.0,1768.74,1503.31,0.87,1,High-Torque Shaft Fatigue,12.8,18.8
H,74.32,0.53,98.05,14.0,1582.9,1048.31,0.0,0,No Failure,135.6,63.0
M,62.16,2.56,95.61,14.0,1910.24,1429.58,0.2,0,No Failure,165.9,73.8
L,59.23,3.25,64.05,18.0,2060.45,1302.37,4.06,0,No Failure,152.5,69.0
M,65.38,0.5,86.55,16.0,1675.3,1268.4,3.14,0,No Failure,170.4,75.3
M,73.41,2.27,43.151,13.0,1657.21,1146.39,5.42,0,No Failure,198.9,85.5
H,67.38,2.86,89.38,13.0,1762.64,1367.9,0.18,0,No Failure,182.5,79.6
H,71.0,1.63,81.02,12.0,2001.47,967.19,3.59,0,No Failure,175.2,77.1
L,63.52,2.8,75.06,16.0,1922.63,1264.54,6.34,0,No Failure,196.4,84.6
L,71.56,3.54,73.12,12.0,1427.55,1220.33,1.58,0,No Failure,166.2,73.9
M,56.76,0.5,74.71,13.0,1184.81,1050.24,9.77,0,No Failure,110.2,54.0
L,73.41,4.28,83.85,13.0,1289.74,921.53,4.36,0,No Failure,161.0,72.0
L,75.6,2.57,76.16,12.0,1419.38,1459.95,4.09,1,High-Torque Shaft Fatigue,8.7,26.4
M,67.5,2.93,78.6,9.0,1932.89,1335.38,4.44,0,No Failure,186.5,81.1
L,65.99,3.56,85.54,16.0,2084.71,1010.74,0.0,0,No Failure,172.6,76.1
L,61.42,2.82,61.72,17.0,1523.02,1064.2,6.73,0,No Failure,153.8,69.5
H,62.56,3.85,81.53,13.0,2254.69,1094.92,3.01,0,No Failure,181.5,79.3
M,54.81,2.47,78.94,12.0,1968.11,1154.88,3.96,0,No Failure,185.1,80.6
L,62.85,2.75,56.28,15.0,1968.76,1401.9,4.67,0,No Failure,171.3,75.7
L,75.33,1.54,73.32,14.0,1939.49,1012.08,6.25,0,No Failure,173.4,76.4
M,66.4,4.03,66.84,11.0,1509.83,1063.04,4.56,0,No Failure,155.3,70.0
L,58.81,3.25,98.61,16.0,1813.19,745.51,3.9,0,No Failure,154.2,69.6
H,70.45,0.5,83.52,18.0,2148.78,614.11,0.0,0,No Failure,111.1,54.4
M,71.33,2.62,87.21,13.0,2223.96,1121.6,5.5,0,No Failure,190.4,82.4
L,78.19,1.89,81.37,13.0,1548.01,1192.24,9.41,0,No Failure,160.3,71.8
L,70.02,3.12,52.0,15.0,1993.66,1118.46,8.18,0,No Failure,164.8,73.4
H,68.55,2.93,77.1,16.0,1349.38,965.7,5.09,0,No Failure,185.6,80.7
H,67.86,0.52,120.399,14.0,2064.79,1209.54,6.0,0,No Failure,169.3,75.0
M,62.54,3.13,77.12,15.0,2068.55,1247.81,3.17,0,No Failure,195.1,84.1
L,73.07,1.32,90.71,16.0,2032.99,1219.84,11.04,0,No Failure,150.7,68.4
L,68.05,1.95,80.63,13.0,1873.47,1069.15,3.13,0,No Failure,200.9,86.1
L,70.49,2.59,78.67,13.0,1648.0,1200.98,8.69,0,No Failure,190.0,82.3
L,62.16,2.78,62.09,12.0,1929.16,470.614,5.69,0,No Failure,173.8,76.6
L,71.79,4.29,62.73,16.0,1825.1,1079.9,0.88,0,No Failure,158.7,71.2
M,96.271,3.1,84.03,12.0,1980.53,1413.87,2.8,0,No Failure,172.0,75.9
L,77.56,1.85,97.33,15.0,2184.42,1024.66,1.19,0,No Failure,149.3,67.9
H,74.25,2.62,79.54,12.0,1517.33,1375.32,3.3,0,No Failure,176.2,77.4
M,63.68,1.92,71.92,13.0,2068.29,1256.3,6.68,0,No Failure,174.9,77.0
M,59.41,2.58,59.81,14.0,2208.58,1373.52,4.46,0,No Failure,159.4,71.5
M,62.49,4.36,74.71,16.0,1816.19,1307.08,5.79,0,No Failure,179.0,78.4
L,75.63,3.46,76.83,16.0,1773.67,1143.58,6.29,0,No Failure,192.2,83.1
L,69.69,2.78,92.92,14.0,2164.31,1266.44,6.04,0,No Failure,191.1,82.7
L,64.3,1.88,80.45,12.0,2129.42,1194.49,7.49,0,No Failure,174.4,76.8
H,76.15,2.39,78.09,17.0,1664.26,831.99,2.98,0,No Failure,159.8,71.6
L,61.49,1.78,69.06,16.0,1630.19,1348.75,6.81,0,No Failure,155.0,69.9
H,74.71,1.39,88.8,17.0,1687.62,1306.46,7.4,0,No Failure,158.6,71.2
M,61.31,2.55,87.81,18.0,1702.14,1025.11,7.72,0,No Failure,163.6,72.9
M,70.42,3.34,88.46,15.0,1681.95,1119.37,4.46,0,No Failure,207.8,88.6
H,59.81,2.58,77.01,12.0,2071.57,1276.62,0.21,0,No Failure,162.4,72.5
M,76.62,2.62,94.07,14.0,1720.57,1079.18,6.01,0,No Failure,180.0,78.8
L,61.31,3.09,88.74,14.0,1612.57,1399.01,4.19,0,No Failure,185.2,80.6
L,64.7,2.13,83.85,18.0,1505.68,927.52,7.51,0,No Failure,153.5,69.4
M,69.68,3.41,86.14,14.0,1326.75,1176.93,2.64,0,No Failure,193.9,83.7
L,82.04,4.71,82.86,14.0,2284.08,1310.82,0.92,1,Planetary Gearbox Overheat,13.0,20.6
L,70.55,3.63,46.29,15.0,1745.69,1052.0,0.0,0,No Failure,158.8,71.3
M,76.05,3.58,85.31,11.0,1323.31,1365.07,0.11,0,No Failure,133.1,62.2
L,67.85,0.91,75.25,13.0,3021.596,1186.0,7.51,0,No Failure,169.5,75.0
M,69.91,2.8,83.7,14.0,1733.53,1460.3,3.57,0,No Failure,199.9,85.8
H,65.98,3.18,68.13,17.0,2375.04,1016.3,4.98,0,No Failure,162.8,72.7
M,66.24,2.37,94.83,10.0,1939.94,1593.16,0.67,1,High-Torque Shaft Fatigue,2.3,18.6
L,63.57,3.3,62.16,15.0,2617.47,1039.49,6.96,0,No Failure,142.7,65.6
M,66.15,3.51,82.81,15.0,2060.42,1224.48,5.33,0,No Failure,211.4,89.9
H,70.78,4.66,86.19,12.0,1543.07,1035.46,5.42,0,No Failure,165.5,73.6
L,67.19,1.48,75.9,14.0,1439.8,1210.23,1.82,0,No Failure,175.8,77.3
L,73.88,4.33,93.15,14.0,1427.29,1148.35,2.97,0,No Failure,170.6,75.4
L,67.68,4.48,77.38,16.0,1542.76,1242.25,2.66,0,No Failure,181.7,79.3
M,65.19,2.07,74.86,13.0,1922.98,1325.92,7.45,0,No Failure,177.2,77.8
L,69.51,4.91,90.56,14.0,2004.14,942.84,6.24,0,No Failure,146.4,66.9
M,72.68,1.36,91.45,14.0,1974.29,1256.03,3.66,0,No Failure,184.6,80.4
H,60.15,0.5,72.61,20.0,1984.86,1310.9,6.04,0,No Failure,129.5,60.9
L,68.83,3.91,89.16,16.0,2020.47,1277.26,5.28,0,No Failure,192.4,83.1
M,69.75,0.5,90.68,15.0,2253.99,1317.18,5.74,0,No Failure,160.9,72.0
L,69.06,3.28,92.05,13.0,1873.85,1200.93,3.03,0,No Failure,204.0,87.2
M,69.09,2.4,82.63,12.0,1985.7,1655.31,7.34,1,High-Torque Shaft Fatigue,2.0,28.7
M,62.29,4.06,82.1,18.0,1849.14,1361.7,3.45,0,No Failure,175.1,77.0
L,76.77,3.33,93.74,12.0,683.517,724.84,3.71,0,No Failure,146.9,67.0
L,82.37,1.85,72.55,14.0,2274.35,850.04,5.04,0,No Failure,144.9,66.3
L,75.59,2.76,86.7,12.0,2174.17,880.17,5.42,0,No Failure,160.9,72.0
L,60.08,2.06,76.64,12.0,1761.45,1321.88,4.75,0,No Failure,180.3,78.9
L,68.69,2.54,79.57,12.0,2040.17,993.15,4.59,0,No Failure,171.7,75.8
M,80.66,1.35,75.51,16.0,1117.91,1483.14,5.93,0,No Failure,122.9,58.5
H,66.08,3.17,86.41,15.0,1589.21,1080.66,8.66,0,No Failure,187.6,81.4
M,68.92,2.73,77.93,15.0,1847.41,1337.58,8.02,0,No Failure,202.7,86.8
H,68.9,1.72,66.66,18.0,2136.01,1133.29,0.0,0,No Failure,145.2,66.4
H,55.78,1.89,93.53,15.0,2075.85,1232.25,2.72,0,No Failure,167.6,74.4
L,71.13,4.8,85.94,14.0,2005.24,1393.22,9.0,0,No Failure,162.9,72.7
H,54.13,2.31,103.96,14.0,1740.3,1315.88,0.01,0,No Failure,138.3,64.0
M,66.57,3.9,78.68,12.0,1501.74,910.63,7.76,0,No Failure,154.1,69.6
L,72.68,3.15,99.26,13.0,1469.22,1147.79,2.46,0,No Failure,166.8,74.1
L,39.666,3.68,43.151,12.0,1404.75,1222.28,7.39,0,No Failure,170.3,75.3
H,66.99,2.2,80.4,14.0,1287.72,1893.461,6.47,0,No Failure,180.6,79.0
L,71.82,2.37,66.78,18.0,1383.69,1104.37,2.6,0,No Failure,154.0,69.5
H,69.23,2.86,83.03,16.0,1636.98,1223.6,1.54,0,No Failure,197.7,85.0
M,66.12,3.91,96.33,14.0,1806.67,928.21,6.91,0,No Failure,171.7,75.8
L,61.2,2.16,77.09,15.0,1814.55,1268.31,4.42,0,No Failure,199.0,85.5
L,76.2,3.39,80.34,14.0,2243.55,1489.63,3.52,0,No Failure,170.4,75.3
H,75.49,2.57,80.62,13.0,1441.85,1177.28,4.15,0,No Failure,190.3,82.4
L,65.35,3.24,76.69,18.0,2353.16,1304.69,3.94,0,No Failure,170.5,75.4
M,72.47,7.148,87.93,17.0,2543.26,1174.19,5.98,0,No Failure,162.7,72.6
L,63.71,-1.438,65.69,10.0,1562.68,1096.95,1.88,0,No Failure,151.7,68.7
H,73.7,3.24,81.74,15.0,2033.06,1113.04,5.1,0,No Failure,205.5,87.8
H,72.37,3.43,82.56,17.0,1904.13,1234.9,1.96,0,No Failure,194.0,83.7
M,49.86,1.92,79.0,14.0,683.517,1076.78,7.02,0,No Failure,172.3,76.0
L,63.73,3.37,79.28,11.0,1882.87,1427.87,2.73,0,No Failure,175.0,77.0
M,64.83,2.37,69.58,14.0,1802.49,1378.67,4.65,0,No Failure,189.9,82.3
L,68.88,1.91,94.31,19.0,1492.17,1401.39,1.45,0,No Failure,138.2,63.9
L,54.73,2.67,79.2,15.0,2535.92,1353.09,4.39,0,No Failure,162.7,72.6
M,56.73,3.63,97.5,15.0,2759.36,1256.36,2.64,1,Stator Insulation Thermal Fault,6.1,17.7
L,63.51,2.08,81.59,9.0,2080.2,1155.65,3.73,0,No Failure,173.7,76.5
L,69.99,2.51,74.44,13.0,2130.93,983.88,4.48,0,No Failure,186.3,81.0
H,58.51,3.57,72.31,16.0,1382.28,1472.04,4.53,0,No Failure,155.0,69.9
H,67.77,2.2,76.01,14.0,1057.44,946.96,4.53,0,No Failure,166.3,73.9
H,68.57,1.51,76.9,16.0,1313.65,1246.16,4.55,0,No Failure,178.0,78.0
M,64.03,1.81,88.87,17.0,3021.596,1032.48,3.28,0,No Failure,175.5,77.1
L,51.63,3.65,84.24,17.0,1567.25,1136.64,6.21,0,No Failure,162.3,72.5
H,75.0,3.24,84.28,6.0,2145.07,825.19,2.51,0,No Failure,151.7,68.7
M,64.82,1.79,58.53,13.0,2162.79,1555.65,6.75,1,High-Torque Shaft Fatigue,9.5,15.7
H,63.36,3.35,99.33,14.0,1519.14,1361.25,0.0,0,No Failure,153.2,69.2
M,77.35,4.24,72.08,11.0,2129.84,1449.46,9.19,1,High-Torque Shaft Fatigue,6.9,13.2
L,57.86,1.04,76.68,16.0,1849.86,1164.71,5.11,0,No Failure,181.4,79.2
H,80.87,2.19,101.27,16.0,1948.78,1282.54,3.25,0,No Failure,158.3,71.1
L,66.48,0.62,85.37,19.0,2156.07,1224.66,6.7,0,No Failure,151.6,68.7
L,47.0,4.68,101.85,12.0,1829.67,1186.65,2.76,0,No Failure,132.5,61.9
H,75.88,2.48,81.88,16.0,1918.42,973.87,2.27,0,No Failure,180.4,78.9
L,80.1,1.72,83.02,14.0,1749.49,1010.68,5.65,0,No Failure,181.2,79.2
L,86.39,1.85,80.29,15.0,2191.38,809.96,4.78,0,No Failure,150.4,68.3
M,58.22,3.05,79.94,13.0,2112.22,1090.93,3.47,0,No Failure,185.6,80.7
L,72.8,2.1,75.37,14.0,1197.85,1334.72,4.45,0,No Failure,174.0,76.6
M,65.13,1.72,84.16,20.0,683.517,1249.2,11.4,0,No Failure,142.6,65.5
L,64.4,2.82,71.24,14.0,1809.51,1294.23,1.06,0,No Failure,188.7,81.8
L,75.49,3.0,90.64,14.0,2284.79,1198.87,4.98,0,No Failure,190.0,82.3
M,84.52,0.5,64.56,14.0,2224.08,980.95,4.41,0,No Failure,128.4,60.5
H,61.45,0.97,120.399,9.0,1971.99,1230.84,4.35,0,No Failure,145.0,66.4
M,71.37,2.11,79.82,15.0,1733.29,1144.07,3.02,0,No Failure,204.1,87.3
L,64.93,2.82,81.79,14.0,1880.66,1356.07,3.66,0,No Failure,211.4,89.9
M,68.11,5.42,73.16,16.0,1850.49,925.63,7.66,0,No Failure,137.5,63.7
H,55.83,2.68,93.53,14.0,1815.26,1214.32,-5.802,0,No Failure,191.3,82.8
H,82.4,1.15,76.53,13.0,1383.14,1291.66,1.42,0,No Failure,134.7,62.7
M,76.94,1.72,87.59,10.0,1088.41,890.84,6.31,0,No Failure,112.9,55.0
L,75.92,4.35,101.24,12.0,1901.08,870.22,5.88,0,No Failure,139.9,64.6
M,65.78,4.11,58.38,16.0,1981.32,1313.46,0.0,0,No Failure,146.8,67.0
M,66.71,2.92,92.43,13.0,2623.35,1212.99,5.52,0,No Failure,175.0,77.0
L,63.38,1.26,87.9,14.0,2091.16,1261.77,5.82,0,No Failure,182.0,79.5
L,62.41,0.93,93.24,19.0,1410.72,1444.46,8.3,0,No Failure,106.4,52.7
L,75.15,1.99,86.95,14.0,1626.45,1534.66,4.71,0,No Failure,172.0,75.9
L,66.63,3.01,95.97,15.0,1955.38,1394.18,3.59,0,No Failure,193.8,83.6
L,52.88,2.88,105.52,16.0,1864.76,1301.48,7.57,0,No Failure,139.1,64.2
M,64.89,3.25,81.15,13.0,683.517,1369.41,6.53,0,No Failure,191.8,82.9
H,74.94,3.49,73.2,14.0,1700.79,1383.51,3.44,0,No Failure,183.0,79.8
H,62.32,2.33,83.32,8.0,1156.2,1021.16,1.19,0,No Failure,125.3,59.4
M,74.09,0.88,79.28,15.0,1759.59,1025.17,6.78,0,No Failure,171.2,75.6
M,52.97,5.62,71.27,15.0,2197.16,987.25,9.83,0,No Failure,113.6,55.2
H,78.7,1.12,66.35,16.0,1955.79,952.39,6.03,0,No Failure,140.4,64.7
L,61.06,4.69,90.29,15.0,1649.83,1309.46,-5.802,0,No Failure,173.5,76.4
M,64.01,3.21,89.46,18.0,2318.51,1347.1,5.22,0,No Failure,165.3,73.5
L,72.78,2.93,74.42,15.0,1912.42,1380.8,1.84,0,No Failure,188.5,81.8
L,60.35,4.11,91.58,15.0,1585.6,1348.24,7.63,0,No Failure,160.0,71.7
L,59.15,1.38,86.7,15.0,2153.08,1404.97,5.26,0,No Failure,163.3,72.8
M,78.73,4.03,72.43,17.0,2358.52,803.51,2.53,0,No Failure,125.0,59.3
L,83.75,2.98,86.8,17.0,1647.15,1268.97,9.29,0,No Failure,150.3,68.2
L,74.28,3.46,92.83,15.0,1844.805,1491.26,6.01,0,No Failure,166.3,73.9
M,55.41,3.04,97.73,15.0,1505.52,1259.68,3.7,0,No Failure,166.1,73.8
M,50.61,3.56,78.04,14.0,1905.27,1080.58,4.09,0,No Failure,179.3,78.5
M,71.82,2.79,74.94,12.0,1724.05,970.5,4.03,0,No Failure,187.6,81.4
M,84.84,2.52,76.6,20.0,1596.74,1161.82,6.34,0,No Failure,144.0,66.0
M,77.52,2.65,81.15,16.0,1527.05,1482.99,0.0,0,No Failure,146.4,66.8
L,71.51,3.08,69.15,16.0,1467.33,1179.57,0.0,0,No Failure,167.8,74.4
M,58.78,2.08,67.16,14.0,2004.26,954.56,1.47,0,No Failure,153.6,69.4
M,71.63,1.74,75.83,17.0,1797.66,1224.34,10.04,0,No Failure,162.0,72.4
H,72.33,3.34,81.69,18.0,1927.6,1293.92,6.76,0,No Failure,184.2,80.2
L,69.11,3.99,86.41,12.0,1768.39,1352.08,0.0,0,No Failure,167.7,74.4
L,62.49,-1.438,78.01,16.0,1890.31,1168.0,4.59,0,No Failure,207.4,88.5
M,62.27,3.83,94.28,14.0,1927.85,1392.8,0.98,0,No Failure,162.9,72.7
L,76.8,5.12,103.35,12.0,961.71,1171.51,2.39,0,No Failure,109.6,53.8
M,69.19,4.73,89.84,17.0,1997.17,1485.07,4.92,0,No Failure,160.9,72.0
L,61.14,3.77,74.83,13.0,1622.43,1099.15,2.64,0,No Failure,175.1,77.0
M,75.41,0.78,72.14,12.0,2255.69,1053.92,7.1,0,No Failure,135.3,62.9
L,65.77,1.88,80.76,18.0,1317.34,1556.47,2.22,0,No Failure,142.6,65.5
M,67.59,2.92,71.62,15.0,1562.54,1321.6,3.07,0,No Failure,180.6,79.0
H,67.41,1.4,84.58,13.0,2347.7,976.11,1.02,0,No Failure,158.6,71.2
M,76.26,5.93,65.07,15.0,1670.05,1315.06,6.95,0,No Failure,136.0,63.2
M,65.44,3.28,90.26,12.0,2009.8,1604.56,5.13,1,High-Torque Shaft Fatigue,2.8,28.6
L,76.01,2.94,62.88,14.0,2246.88,1064.24,3.84,0,No Failure,171.1,75.6
H,56.18,2.55,77.49,13.0,2152.68,1059.78,8.17,0,No Failure,158.7,71.2
L,68.74,2.79,67.55,15.0,2079.53,1012.82,7.32,0,No Failure,179.7,78.7
M,70.34,3.79,79.25,15.0,1855.25,1204.44,3.2,0,No Failure,208.7,88.9
M,68.09,2.81,81.9,17.0,1439.32,1046.65,0.08,0,No Failure,173.5,76.5
L,79.25,3.78,89.36,12.0,2392.8,1384.12,4.56,0,No Failure,144.8,66.3
L,69.85,6.12,87.91,15.0,2341.22,1471.26,0.0,0,No Failure,127.2,60.1
M,66.41,1.95,76.94,13.0,1454.44,917.69,7.45,0,No Failure,157.5,70.8
L,67.97,3.2,90.25,15.0,1748.94,1568.86,4.42,0,No Failure,149.2,67.8
H,67.41,1.45,71.19,13.0,1358.87,1012.31,9.57,0,No Failure,141.2,65.0
L,67.97,2.98,70.09,13.0,1953.56,699.97,3.94,0,No Failure,155.6,70.1
M,69.77,1.61,79.24,16.0,1871.68,1512.65,4.08,0,No Failure,182.8,79.7
L,63.09,2.59,84.25,6.0,1402.93,1172.54,0.0,0,No Failure,177.3,77.8
L,74.63,3.7,95.54,15.0,2152.75,1265.64,2.69,0,No Failure,168.9,74.8
L,75.91,5.09,84.56,13.0,1724.28,1483.94,0.0,1,High-Torque Shaft Fatigue,5.2,18.9
L,66.24,2.13,68.54,16.0,1440.43,1167.39,6.73,0,No Failure,169.2,74.9
M,73.3,2.25,79.84,12.0,1821.82,1243.53,2.35,0,No Failure,186.8,81.2
M,49.62,3.52,83.08,18.0,1967.87,1217.68,6.25,0,No Failure,164.2,73.1
H,76.92,0.56,82.77,17.0,1924.03,1056.81,2.7,0,No Failure,161.9,72.4
L,59.09,3.22,86.9,19.0,1086.76,930.79,3.65,0,No Failure,130.1,61.1
L,74.22,3.27,94.35,15.0,2296.83,1186.99,3.36,0,No Failure,177.9,78.0
L,67.97,1.69,69.76,17.0,2120.44,995.98,6.04,0,No Failure,149.0,67.8
L,80.1,3.53,74.72,14.0,1956.93,1236.22,6.44,0,No Failure,178.4,78.2
L,59.68,2.8,91.59,13.0,2282.74,1375.07,8.41,0,No Failure,150.4,68.3
H,60.93,4.17,67.9,15.0,3021.596,881.52,2.5,0,No Failure,148.3,67.5
H,76.29,2.17,103.19,13.0,2116.88,1151.03,3.82,0,No Failure,163.8,73.0
L,62.26,2.91,98.44,11.0,1767.2,1429.85,2.35,0,No Failure,156.4,70.4
M,66.31,1.85,91.36,12.0,1655.36,1003.59,2.96,0,No Failure,167.9,74.5
M,58.27,2.85,84.08,15.0,1888.21,1432.37,5.5,0,No Failure,195.0,84.1
L,57.93,2.79,70.47,23.0,2136.19,1068.75,9.48,0,No Failure,152.7,69.1
M,63.41,3.62,73.32,14.0,1921.58,1260.35,4.58,0,No Failure,203.0,86.9
M,73.41,2.89,84.29,17.0,1227.58,1263.55,7.69,0,No Failure,166.2,73.8
H,55.84,4.12,97.01,14.0,1337.71,1036.21,7.57,0,No Failure,134.5,62.6
M,58.0,2.34,78.82,16.0,1835.68,1101.85,4.59,0,No Failure,196.1,84.4
M,62.96,2.71,63.39,17.0,1618.74,869.45,1.06,0,No Failure,140.9,64.9
L,69.69,2.63,91.3,14.0,2286.53,1245.75,1.92,0,No Failure,183.9,80.1
L,62.23,3.61,92.03,15.0,2082.37,1038.78,9.75,0,No Failure,158.9,71.3
L,59.69,4.84,80.13,17.0,2593.32,1244.17,1.25,0,No Failure,132.4,61.9
L,71.4,3.74,96.64,13.0,1383.09,1010.44,2.03,0,No Failure,154.9,69.9
H,64.67,2.22,81.53,12.0,1650.21,1017.43,5.59,0,No Failure,184.5,80.3
M,65.62,2.82,82.36,15.0,1862.26,1332.23,6.99,0,No Failure,206.5,88.1
M,81.74,2.06,76.62,16.0,982.83,1464.14,1.34,0,No Failure,116.2,56.2
L,62.08,3.26,120.399,17.0,2188.11,1334.0,0.0,0,No Failure,156.6,70.5
L,67.74,3.41,70.37,15.0,1961.68,1212.71,4.92,0,No Failure,206.0,88.0
M,69.11,3.93,79.69,10.0,1612.33,1292.66,6.53,0,No Failure,170.2,75.3
L,73.25,3.36,72.02,15.0,2241.99,1118.56,5.01,0,No Failure,187.0,81.2
L,63.66,2.4,76.73,15.0,2146.68,1180.09,2.86,0,No Failure,198.0,85.1
M,76.86,3.91,86.58,13.0,1652.88,1006.87,1.82,0,No Failure,163.8,73.0
M,74.92,4.05,89.15,12.0,1289.66,1190.74,4.83,0,No Failure,163.0,72.7
L,69.24,3.17,59.95,14.0,1916.65,1259.15,3.3,0,No Failure,187.0,81.2
H,67.67,4.89,90.18,18.0,1599.4,1147.8,4.51,0,No Failure,170.6,75.4
L,63.47,4.65,75.16,16.0,1696.06,1068.1,6.78,0,No Failure,166.1,73.8
L,67.97,2.86,86.91,13.0,1282.09,1354.83,0.0,0,No Failure,153.9,69.5
L,61.67,3.52,82.67,17.0,1713.62,1185.59,4.62,0,No Failure,192.4,83.1
M,76.85,2.41,76.43,14.0,1591.32,1168.73,8.37,0,No Failure,180.2,78.8
L,67.33,1.9,82.67,12.0,2057.78,1203.82,5.43,0,No Failure,175.7,77.2
L,62.13,4.13,84.21,12.0,2119.7,1409.64,5.48,0,No Failure,167.4,74.3
H,68.73,3.79,80.41,14.0,2259.12,1522.45,4.03,0,No Failure,179.6,78.6
L,57.75,2.52,76.71,12.0,1808.03,1489.83,7.1,1,High-Torque Shaft Fatigue,11.6,26.2
L,77.61,3.31,76.76,23.0,1979.56,1199.61,3.84,0,No Failure,201.2,86.2
M,79.66,3.89,77.31,14.0,2091.14,1361.35,5.53,0,No Failure,170.6,75.4
M,60.67,3.59,98.0,16.0,1673.75,1202.88,7.31,0,No Failure,164.1,73.1
L,75.1,4.08,87.66,15.0,1409.0,1286.06,2.84,0,No Failure,166.7,74.0
L,63.39,0.51,96.86,10.0,1776.83,1116.51,3.06,0,No Failure,143.8,65.9
L,63.02,1.7,53.77,13.0,1526.85,925.4,7.33,0,No Failure,122.9,58.5
M,73.38,3.3,88.76,10.0,1423.53,924.82,4.53,0,No Failure,151.9,68.8
L,62.9,1.16,78.52,13.0,1920.25,1171.24,1.86,0,No Failure,178.1,78.1
L,66.88,3.99,82.38,10.0,1617.01,998.61,1.48,0,No Failure,158.0,71.0
M,52.0,2.31,83.84,13.0,1420.81,1748.98,5.29,0,No Failure,131.9,61.7
M,39.666,2.58,83.93,15.0,2827.11,1186.77,7.33,0,No Failure,171.4,75.7
L,70.56,4.07,82.67,16.0,1724.53,1608.8,1.75,0,No Failure,139.2,64.3
L,63.97,1.55,76.09,10.0,1724.32,1597.02,4.86,1,High-Torque Shaft Fatigue,7.1,22.2
L,68.26,4.08,120.399,12.0,2065.64,880.22,1.6,0,No Failure,152.5,69.0
M,83.71,4.91,75.74,14.0,2082.55,1446.91,3.05,1,Planetary Gearbox Overheat,1.7,21.4
M,68.9,2.87,75.46,13.0,1937.61,1207.33,4.73,0,No Failure,214.0,90.8
H,65.35,3.32,85.84,16.0,2014.88,1160.66,4.18,0,No Failure,205.7,87.8
M,69.74,4.59,92.84,15.0,1991.7,1379.86,7.14,0,No Failure,167.3,74.3
H,65.41,3.44,75.59,12.0,1774.19,1488.88,5.67,1,High-Torque Shaft Fatigue,3.9,31.9
L,77.07,4.2,64.47,14.0,1970.12,1377.07,1.78,0,No Failure,152.3,69.0
L,65.31,3.72,85.33,16.0,1988.97,1106.62,4.62,0,No Failure,199.8,85.8
M,71.14,1.05,64.7,14.0,2319.67,1568.03,9.56,0,No Failure,112.7,54.9
L,66.87,1.48,104.61,12.0,1760.42,1386.39,6.04,0,No Failure,152.5,69.0
L,68.83,2.42,88.18,12.0,1330.35,1047.05,3.88,0,No Failure,174.2,76.7
L,67.97,5.27,70.01,17.0,1425.88,909.69,4.62,0,No Failure,141.0,64.9
H,70.49,0.5,74.7,14.0,1595.48,1315.21,3.89,0,No Failure,175.1,77.0
H,69.88,7.148,85.32,14.0,1859.33,990.1,11.36,0,No Failure,153.5,69.4
M,70.64,3.29,93.1,11.0,1222.63,1651.71,7.08,1,High-Torque Shaft Fatigue,2.8,14.0
L,62.37,1.94,82.88,17.0,2002.45,1468.23,7.86,0,No Failure,159.8,71.6
L,65.57,1.38,82.52,14.0,2471.66,1584.8,3.65,0,No Failure,154.8,69.8
M,70.56,1.55,79.12,15.0,2331.88,1222.84,2.92,0,No Failure,180.1,78.8
L,72.21,1.8,86.95,13.0,1880.75,1110.04,3.24,0,No Failure,193.5,83.5
L,54.26,4.36,76.56,14.0,2242.16,992.56,3.97,0,No Failure,156.5,70.4
H,66.83,3.88,100.22,17.0,2022.32,1006.51,2.93,0,No Failure,163.1,72.8
L,75.28,4.78,61.97,10.0,1671.6,1194.14,0.27,0,No Failure,122.4,58.3
M,59.87,2.0,78.89,12.0,1615.23,1223.98,2.72,0,No Failure,175.0,77.0
H,69.3,2.89,88.45,11.0,1900.01,1229.79,7.01,0,No Failure,192.3,83.1
M,74.34,4.89,87.0,13.0,1644.0,1129.68,1.52,0,No Failure,161.0,72.0
M,96.271,4.25,85.3,12.0,2199.9,1639.65,3.07,1,High-Torque Shaft Fatigue,12.2,19.1
H,82.83,2.48,81.67,16.0,1772.64,1302.07,9.61,0,No Failure,157.6,70.8
H,65.64,2.79,89.05,11.0,1322.66,1151.94,0.0,0,No Failure,158.2,71.0
L,77.92,4.24,84.63,13.0,1928.58,1106.1,6.14,0,No Failure,177.4,77.8
M,53.47,1.19,67.34,16.0,1530.86,818.13,6.91,0,No Failure,116.2,56.2
H,82.81,5.6,82.2,18.0,1775.73,1096.43,3.72,1,Planetary Gearbox Overheat,1.9,21.4
L,77.11,4.74,80.63,14.0,1657.44,1045.96,6.16,0,No Failure,170.1,75.3
M,73.81,0.81,100.75,14.0,2155.0,1162.11,5.93,0,No Failure,156.4,70.4
H,63.99,0.5,77.7,16.0,2103.19,1364.28,6.47,0,No Failure,155.7,70.1
M,62.98,4.02,79.59,19.0,1486.56,1391.44,4.41,0,No Failure,156.3,70.4
L,69.01,2.42,88.0,12.0,1768.28,1338.85,1.37,0,No Failure,178.1,78.1
L,66.67,4.16,82.67,19.0,1868.91,942.89,0.0,0,No Failure,133.6,62.3
M,76.76,1.77,84.81,16.0,1811.83,1372.24,6.33,0,No Failure,172.7,76.2
M,70.01,4.41,81.15,13.0,1956.28,1526.69,0.0,0,No Failure,157.4,70.8
L,69.2,3.25,67.11,15.0,1859.17,1020.36,6.11,0,No Failure,190.6,82.5
L,79.74,3.55,77.23,18.0,1935.41,1454.77,1.34,0,No Failure,148.1,67.4
L,63.41,3.04,76.15,13.0,1463.35,1351.42,6.02,0,No Failure,177.9,78.0
L,70.41,3.09,97.65,14.0,1716.04,1206.51,11.41,0,No Failure,171.0,75.6
M,61.01,1.11,84.49,12.0,1950.95,1352.92,0.66,0,No Failure,152.6,69.0
L,59.06,1.52,97.47,14.0,1831.66,1240.67,5.11,0,No Failure,176.9,77.7
M,65.97,4.43,85.52,16.0,1412.61,858.97,3.31,0,No Failure,159.4,71.5
M,76.26,3.27,52.0,15.0,1997.7,1145.84,2.93,0,No Failure,161.7,72.3
L,82.78,2.42,84.13,16.0,2542.18,930.48,6.68,0,No Failure,141.6,65.1
L,70.09,1.78,76.83,16.0,2091.12,1135.51,9.47,0,No Failure,169.3,75.0
L,72.27,3.77,73.74,13.0,1456.44,1416.09,7.76,0,No Failure,155.3,70.0
H,93.14,2.3,87.74,14.0,1942.85,1133.28,3.83,0,No Failure,167.8,74.4
L,77.79,3.67,82.08,14.0,2380.71,952.48,4.39,0,No Failure,170.8,75.5
L,72.58,3.66,91.99,15.0,1661.01,1566.38,7.33,0,No Failure,155.3,70.0
M,58.54,2.65,78.74,13.0,2383.46,1447.5,6.7,0,No Failure,155.1,69.9
H,72.51,4.31,86.39,17.0,1799.01,1219.04,1.33,0,No Failure,172.9,76.2
H,69.1,2.44,91.7,14.0,1618.84,1470.79,5.09,0,No Failure,185.6,80.8
L,70.64,0.5,73.91,15.0,1942.54,1210.58,4.36,0,No Failure,186.7,81.1
M,58.58,4.03,92.88,16.0,1538.73,1702.9,2.26,0,No Failure,128.6,60.5
H,73.83,2.67,71.59,15.0,1489.19,1123.51,5.45,0,No Failure,189.3,82.0
H,58.8,3.2,88.43,13.0,2260.94,1298.72,4.64,0,No Failure,175.1,77.0
L,62.81,3.43,92.7,10.0,1823.52,1193.42,1.48,0,No Failure,164.2,73.1
L,67.69,3.87,77.14,17.0,2136.78,884.17,7.4,0,No Failure,161.3,72.1
L,69.05,4.65,88.66,14.0,1311.23,739.2,6.53,0,No Failure,144.4,66.1
M,64.35,3.75,75.33,11.0,1813.94,1222.05,5.33,0,No Failure,187.4,81.4
H,66.81,6.04,73.46,10.0,1879.53,1117.3,4.15,0,No Failure,154.9,69.9
M,66.39,3.14,100.23,16.0,1975.6,1351.94,8.26,0,No Failure,167.9,74.5
L,52.86,2.24,109.98,16.0,1566.24,1397.02,5.68,0,No Failure,129.3,60.8
L,67.97,3.69,90.87,15.0,1414.3,1073.41,3.39,0,No Failure,180.0,78.7
H,85.66,3.69,87.29,20.0,1740.06,922.4,4.77,0,No Failure,133.4,62.2
L,75.37,4.24,82.6,11.0,1948.29,1411.98,10.36,0,No Failure,140.2,64.6
L,84.92,3.29,100.81,14.0,2076.78,800.84,4.79,0,No Failure,143.2,65.7
M,59.76,3.92,62.02,10.0,2387.97,1116.59,3.96,0,No Failure,130.1,61.1
H,74.19,2.32,85.99,16.0,2192.01,1396.77,1.53,0,No Failure,161.7,72.3
M,49.89,2.96,75.03,10.0,1850.49,1137.35,7.16,0,No Failure,146.9,67.0
M,65.1,1.3,73.06,16.0,2199.71,1182.78,5.2,0,No Failure,179.0,78.4
L,74.25,3.05,88.04,14.0,2103.19,1052.28,2.89,0,No Failure,188.4,81.7
M,75.78,2.42,85.14,16.0,1875.72,1464.67,12.61,0,No Failure,146.0,66.7
M,72.83,3.09,70.85,16.0,1856.19,1135.12,6.84,0,No Failure,188.1,81.6
L,76.45,1.58,64.38,12.0,2534.02,1268.22,5.99,0,No Failure,126.3,59.7
L,65.01,0.83,68.86,13.0,2001.73,857.18,5.32,0,No Failure,149.3,67.9
M,54.56,2.66,69.0,14.0,2102.34,1407.76,5.4,0,No Failure,161.8,72.3
M,75.86,2.05,96.73,12.0,2020.9,1377.82,4.46,0,No Failure,160.4,71.8
L,70.14,2.54,85.48,12.0,2047.41,1236.22,5.35,0,No Failure,194.0,83.7
H,74.08,3.38,76.9,6.0,1549.88,1120.64,3.29,0,No Failure,188.3,81.7
L,63.35,2.4,75.87,11.0,1857.16,1111.47,8.75,0,No Failure,169.5,75.0
M,81.14,1.78,79.53,15.0,1716.95,1368.64,6.08,0,No Failure,171.8,75.8
M,73.58,4.13,68.41,13.0,1970.79,881.24,1.95,0,No Failure,149.4,67.9
L,60.72,4.57,94.55,14.0,1964.15,1046.45,0.39,0,No Failure,156.6,70.5
M,71.93,4.0,94.83,14.0,1867.15,1667.68,3.36,0,No Failure,160.6,71.9
L,59.27,3.15,90.95,14.0,2000.53,917.85,4.09,0,No Failure,180.8,79.0
L,68.04,3.3,89.58,16.0,1360.49,1029.76,4.54,0,No Failure,183.9,80.1
H,70.78,0.5,67.29,18.0,2183.75,1377.21,5.54,0,No Failure,132.2,61.8
L,61.8,3.3,72.68,18.0,2431.42,1197.2,2.53,0,No Failure,157.8,70.9
H,69.47,2.07,73.68,14.0,2429.31,1212.33,2.36,0,No Failure,179.3,78.5
M,67.87,2.02,90.86,12.0,1872.19,1412.48,6.05,0,No Failure,177.3,77.8
H,60.24,2.48,69.87,16.0,1889.82,1511.64,5.92,0,No Failure,161.3,72.1
H,61.87,4.35,80.27,16.0,1356.38,1055.34,4.37,0,No Failure,170.5,75.4
M,75.12,3.14,97.56,11.0,1702.34,1224.33,0.0,0,No Failure,153.3,69.3
M,66.29,1.67,79.6,14.0,1537.31,1149.0,3.54,0,No Failure,195.5,84.2
M,55.53,2.22,86.11,13.0,1337.99,1116.33,6.88,0,No Failure,155.9,70.2
H,73.04,4.9,80.84,17.0,1786.71,1336.62,5.44,0,No Failure,171.8,75.9
M,78.06,3.56,79.79,18.0,2423.69,1218.6,6.42,0,No Failure,151.8,68.7
L,72.85,3.44,91.84,18.0,1699.31,942.1,7.09,0,No Failure,156.4,70.4
M,73.9,1.12,92.93,14.0,1701.37,1389.36,5.4,0,No Failure,167.2,74.2
L,64.79,2.09,87.81,15.0,1644.69,1123.91,2.63,0,No Failure,195.2,84.1
H,69.91,2.61,78.18,20.0,1611.58,1490.54,6.74,0,No Failure,148.2,67.5
M,66.06,1.78,84.07,15.0,1969.77,1397.17,3.83,0,No Failure,196.9,84.7
M,72.32,3.43,82.59,16.0,2244.39,1069.31,14.772,0,No Failure,190.0,82.3
L,67.39,3.64,84.07,14.0,2754.8,1043.38,2.49,0,No Failure,168.1,74.5
M,62.89,3.28,80.81,16.0,1714.04,1128.8,6.13,0,No Failure,201.0,86.2
L,61.53,2.62,108.44,11.0,1926.65,782.98,4.93,0,No Failure,136.6,63.4
M,68.92,2.97,78.27,14.0,2012.3,1405.31,4.44,0,No Failure,206.0,88.0
L,65.03,1.19,73.01,17.0,2045.68,1368.54,0.0,0,No Failure,143.6,65.9
H,58.78,3.95,76.76,15.0,1675.56,1122.41,6.89,0,No Failure,178.4,78.2
M,53.34,3.39,89.89,15.0,1721.0,1286.26,5.67,0,No Failure,177.9,78.0
L,55.12,1.74,81.67,12.0,2397.4,1569.9,5.0,1,High-Torque Shaft Fatigue,7.1,18.6
H,83.66,3.73,61.11,13.0,1003.03,770.2,7.63,0,No Failure,83.2,44.5
M,62.82,1.66,83.45,17.0,2596.54,1619.17,4.96,0,No Failure,133.7,62.4
L,72.82,1.69,85.99,11.0,2002.37,1175.44,10.35,0,No Failure,155.6,70.1
M,85.51,3.94,98.47,13.0,1756.49,996.32,6.73,0,No Failure,140.9,64.9
L,63.09,3.56,94.56,14.0,1688.68,897.84,5.24,0,No Failure,172.9,76.2
L,66.23,1.91,90.29,15.0,2072.93,1246.54,1.77,0,No Failure,185.6,80.7
M,62.32,3.91,68.52,17.0,1819.77,1447.07,5.46,0,No Failure,163.5,72.9
L,67.97,7.148,83.67,18.0,1496.1,1083.69,5.4,0,No Failure,164.1,73.1
L,59.11,1.5,63.02,11.0,1643.53,1472.34,3.82,1,High-Torque Shaft Fatigue,10.1,15.6
L,77.89,1.61,66.31,18.0,2233.92,1182.79,7.32,0,No Failure,137.3,63.6
L,58.92,1.76,87.89,10.0,1781.61,1103.46,8.22,0,No Failure,149.0,67.8
L,65.06,3.09,86.65,14.0,1903.55,1448.44,1.66,0,No Failure,190.1,82.3
L,60.12,4.87,82.94,16.0,1777.77,1034.93,7.66,0,No Failure,164.0,73.1
M,66.77,2.15,84.87,17.0,1323.84,1439.0,0.5,0,No Failure,147.2,67.1
M,65.13,3.0,91.67,17.0,1484.77,1111.85,9.03,0,No Failure,160.2,71.7
M,65.24,3.57,90.46,14.0,1809.11,1414.55,6.13,0,No Failure,187.5,81.4
L,54.92,3.48,66.07,13.0,1024.63,1191.59,6.69,0,No Failure,135.1,62.9
L,71.24,2.26,83.91,14.0,2417.93,1254.84,7.01,0,No Failure,182.0,79.5
L,61.27,4.02,88.83,15.0,2084.18,958.9,1.26,0,No Failure,160.2,71.7
L,82.21,2.65,68.27,15.0,1403.1,1224.62,1.37,0,No Failure,152.9,69.2
H,62.35,5.25,86.65,15.0,1654.44,1404.89,2.11,0,No Failure,157.3,70.7
M,72.05,1.37,83.69,17.0,2175.86,1105.81,7.87,0,No Failure,163.2,72.8
M,68.9,3.11,94.85,13.0,1898.69,1149.82,0.67,0,No Failure,187.2,81.3
M,69.26,3.35,98.07,17.0,1394.13,1142.65,7.12,0,No Failure,158.6,71.2
M,77.42,3.55,80.71,17.0,2056.35,1229.22,6.76,0,No Failure,176.8,77.6
L,56.57,4.31,67.34,15.0,1803.75,831.87,3.18,0,No Failure,149.0,67.8
H,54.07,2.68,78.26,17.0,1795.95,1140.16,4.81,0,No Failure,187.3,81.3
L,73.28,2.75,82.67,14.0,1609.07,1177.905,6.62,0,No Failure,160.0,71.7
L,81.79,3.31,68.75,14.0,2015.3,1472.99,5.41,0,No Failure,160.0,71.7
L,53.04,4.27,78.01,15.0,1864.35,1177.905,3.66,0,No Failure,185.0,80.5
M,67.87,2.35,80.38,17.0,1488.35,658.37,4.39,0,No Failure,164.2,73.2
L,58.94,3.33,78.71,15.0,3021.596,1375.06,0.55,0,No Failure,170.5,75.4
L,70.43,1.93,87.28,17.0,2375.11,1068.32,4.6,0,No Failure,171.1,75.6
M,73.38,2.35,90.48,23.0,1979.78,1183.51,5.23,0,No Failure,202.4,86.7
H,64.45,0.52,73.89,13.0,1612.09,1134.28,3.51,0,No Failure,167.0,74.1
L,68.06,4.24,78.01,15.0,1884.49,1038.61,0.76,0,No Failure,185.9,80.8
H,67.88,2.38,97.54,15.0,1922.37,1071.05,2.74,0,No Failure,190.3,82.4
L,80.58,0.93,74.09,16.0,1543.78,757.77,5.61,0,No Failure,127.2,60.0
M,64.43,3.04,92.99,17.0,2142.77,1167.59,2.17,0,No Failure,177.3,77.8
L,61.47,3.11,87.89,15.0,2036.23,1012.33,1.68,0,No Failure,184.8,80.4
L,58.29,1.42,86.51,15.0,2803.02,1147.39,1.87,0,No Failure,140.1,64.6
L,57.98,2.17,83.23,14.0,1981.75,1266.84,5.87,0,No Failure,192.9,83.3
L,64.76,3.71,82.67,14.0,1854.53,960.02,2.99,0,No Failure,190.8,82.6
L,59.18,2.0,84.58,18.0,1206.29,1339.54,14.772,0,No Failure,128.9,60.7
M,67.41,2.92,90.84,16.0,1083.88,812.55,5.44,0,No Failure,149.4,67.9
M,65.17,2.51,75.94,16.0,2083.14,1403.84,5.31,0,No Failure,184.0,80.2
M,77.99,3.6,75.15,16.0,1907.19,956.18,0.0,0,No Failure,156.9,70.6
L,60.45,2.26,85.47,16.0,2249.44,1165.87,2.55,0,No Failure,177.0,77.7
L,78.32,4.94,67.39,17.0,1642.7,1590.83,6.17,0,No Failure,118.9,57.1
M,74.68,1.08,74.69,14.0,2066.96,1735.53,3.51,0,No Failure,142.4,65.4
M,62.36,1.68,76.72,12.0,2002.39,909.35,7.85,0,No Failure,151.3,68.6
L,71.71,5.21,74.49,15.0,1893.63,1071.15,3.96,0,No Failure,182.6,79.7
L,60.06,3.05,67.24,17.0,2346.37,1223.23,6.18,0,No Failure,158.8,71.2
L,73.05,3.75,84.79,15.0,1999.72,1294.41,9.18,0,No Failure,175.6,77.2
L,71.17,2.91,94.87,15.0,1996.04,1434.4,0.0,0,No Failure,169.9,75.2
L,75.73,2.34,78.28,16.0,2051.21,1400.58,0.08,0,No Failure,161.3,72.1
L,70.87,1.02,79.41,12.0,1937.09,1063.14,3.04,0,No Failure,173.0,76.3
L,63.02,2.54,81.0,14.0,1605.11,1279.38,7.84,0,No Failure,186.4,81.0
L,63.53,2.09,65.6,20.0,1959.98,1269.19,2.21,0,No Failure,146.7,67.0
L,63.22,1.8,73.38,13.0,1605.46,1165.25,0.0,0,No Failure,165.1,73.5
M,71.61,2.46,84.58,9.0,2293.48,1560.56,14.772,1,High-Torque Shaft Fatigue,12.4,16.3
M,52.09,3.74,82.96,16.0,1696.01,1111.93,0.0,0,No Failure,159.3,71.4
M,71.91,2.93,86.11,6.0,1506.51,1269.65,0.0,0,No Failure,169.2,74.9
H,64.91,2.5,78.08,12.0,1410.93,1308.18,4.495,0,No Failure,159.8,71.6
M,77.65,2.41,91.66,18.0,1733.18,1001.92,3.86,0,No Failure,160.1,71.7
M,67.03,3.25,88.29,15.0,1567.58,1381.65,5.29,0,No Failure,193.8,83.6
M,76.88,2.21,71.11,16.0,2191.83,1335.45,7.01,0,No Failure,154.8,69.8
M,75.08,3.79,65.73,16.0,2063.35,894.41,0.45,0,No Failure,136.3,63.3
M,75.91,2.72,90.79,13.0,2132.85,1237.37,10.26,0,No Failure,161.3,72.1
M,73.67,3.59,85.92,17.0,1983.87,992.28,0.0,0,No Failure,162.7,72.6
M,65.92,5.51,90.57,6.0,2528.54,850.33,8.1,0,No Failure,109.6,53.8
M,67.05,2.2,67.33,13.0,2141.65,1286.88,4.3,0,No Failure,180.9,79.1
M,63.18,1.86,95.07,15.0,1643.24,1141.42,2.4,0,No Failure,178.5,78.2
L,69.54,2.88,83.4,15.0,1793.13,1417.02,4.25,0,No Failure,212.1,90.1
H,57.67,2.97,80.39,12.0,1893.36,1138.89,8.63,0,No Failure,176.6,77.6
L,69.76,2.17,74.12,14.0,2359.69,1201.24,2.58,0,No Failure,184.6,80.4
H,68.14,3.11,96.29,16.0,1868.27,1216.23,5.16,0,No Failure,202.8,86.8
H,68.66,4.7,77.12,13.0,1400.89,1063.91,5.76,0,No Failure,166.0,73.8
H,69.69,4.91,82.67,14.0,2214.28,888.32,5.35,0,No Failure,163.9,73.1
L,61.68,4.72,83.66,18.0,1903.63,1265.42,0.1,0,No Failure,155.7,70.2
L,70.29,4.13,65.94,13.0,1956.48,1124.59,3.89,0,No Failure,181.4,79.2
H,81.75,3.05,68.0,12.0,1669.73,1295.89,4.0,0,No Failure,160.8,72.0
M,65.3,3.65,72.62,15.0,1336.32,1250.71,0.0,0,No Failure,160.3,71.8
L,78.46,2.61,70.3,14.0,1087.07,1188.46,2.38,0,No Failure,153.9,69.5
H,69.14,1.71,76.58,13.0,2197.82,1295.59,3.51,0,No Failure,178.9,78.4
H,80.95,3.69,81.715,15.0,1674.0,1528.75,4.45,0,No Failure,173.3,76.4
L,67.65,4.19,69.41,13.0,1557.58,1059.17,11.39,0,No Failure,144.2,66.1
L,68.41,2.83,72.35,13.0,2544.53,873.52,5.29,0,No Failure,158.5,71.1
L,71.5,1.56,93.63,13.0,1756.66,1177.905,8.51,0,No Failure,154.3,69.7
M,66.29,3.91,86.61,15.0,1832.37,1492.82,0.0,0,No Failure,168.7,74.8
L,69.53,2.6,88.24,11.0,2102.03,944.03,5.55,0,No Failure,171.2,75.6
L,77.83,3.63,72.95,17.0,1859.71,1056.43,1.85,0,No Failure,167.8,74.4
L,68.22,2.8,77.72,14.0,2027.0,1074.56,6.77,0,No Failure,203.3,87.0
L,67.97,2.56,83.21,16.0,3021.596,1177.905,7.59,0,No Failure,177.8,78.0
L,66.22,0.5,91.64,16.0,1956.76,1031.0,0.0,0,No Failure,152.1,68.9
M,68.05,4.08,101.63,14.0,2342.02,1181.53,2.46,1,Stator Insulation Thermal Fault,8.2,28.3
L,64.55,5.34,99.27,16.0,2350.53,1893.461,6.63,1,Stator Insulation Thermal Fault,9.3,19.7
M,63.68,0.76,85.09,16.0,1571.49,1097.86,5.91,0,No Failure,171.8,75.8
L,61.48,1.87,67.57,14.0,2090.64,890.77,7.39,0,No Failure,150.0,68.1
L,68.56,3.43,82.67,13.0,2212.81,844.71,8.39,0,No Failure,149.7,68.0
M,74.88,2.75,76.65,16.0,1689.67,1352.36,5.81,0,No Failure,183.5,80.0
M,66.33,1.75,79.36,16.0,1412.39,1383.61,6.72,0,No Failure,167.4,74.3
H,73.44,0.5,65.79,17.0,1717.33,1893.461,0.0,0,No Failure,133.3,62.2
M,64.5,3.82,78.8,15.0,683.517,1052.42,5.46,0,No Failure,196.6,84.6
M,56.06,2.44,75.59,12.0,1696.81,1403.73,2.77,0,No Failure,161.5,72.2
M,96.271,4.29,90.84,15.0,2038.37,1191.73,9.53,0,No Failure,168.5,74.7
L,63.37,-1.438,70.14,17.0,1776.52,1563.48,6.5,0,No Failure,157.1,70.6
M,66.15,3.76,85.46,15.0,1895.95,1085.47,5.17,0,No Failure,207.4,88.4
L,66.01,0.5,71.46,15.0,2060.03,1094.51,3.59,0,No Failure,171.7,75.8
H,65.68,2.08,75.52,14.0,2160.84,1231.69,6.06,0,No Failure,191.0,82.6
M,60.05,3.08,79.55,14.0,1466.27,1238.5,5.63,0,No Failure,188.8,81.9
M,65.23,3.63,94.67,9.0,1781.45,1299.58,10.08,0,No Failure,139.6,64.4
H,69.76,1.92,72.6,14.0,1993.42,1177.73,8.44,0,No Failure,186.6,81.1
H,57.98,3.12,95.03,13.0,1963.61,942.66,4.495,0,No Failure,169.7,75.1
L,39.666,3.65,91.66,14.0,1602.79,1364.14,6.08,0,No Failure,171.6,75.8
L,67.88,1.7,75.22,13.0,2061.08,1227.8,3.52,0,No Failure,193.6,83.6
L,74.29,1.38,73.3,12.0,3021.596,1285.68,3.87,0,No Failure,162.9,72.7
L,87.56,3.21,81.05,11.0,683.517,1475.95,7.32,1,High-Torque Shaft Fatigue,9.7,18.6
H,63.43,2.06,102.14,13.0,1155.14,1177.73,1.59,0,No Failure,143.8,65.9
H,78.67,5.8,74.32,13.0,1872.29,1405.49,1.9,0,No Failure,138.4,64.0
L,64.69,1.19,86.12,14.0,1562.13,892.65,0.03,0,No Failure,151.7,68.7
L,64.22,3.45,90.14,11.0,1396.25,1318.33,6.35,0,No Failure,157.6,70.8
L,68.01,2.92,68.04,14.0,2398.17,1475.65,6.54,0,No Failure,164.2,73.2
M,63.56,2.16,72.09,13.0,1096.74,872.66,6.26,0,No Failure,137.0,63.5
L,64.75,2.14,85.87,17.0,1415.19,1377.16,3.6,0,No Failure,169.0,74.9
L,83.52,5.18,67.85,14.0,2479.13,1320.57,11.68,1,Planetary Gearbox Overheat,8.6,3.2
M,77.31,3.01,86.51,14.0,1563.43,771.06,9.36,0,No Failure,149.9,68.1
M,70.07,2.86,76.96,10.0,1869.24,909.96,0.0,0,No Failure,159.6,71.5
M,61.3,5.15,99.28,13.0,1968.6,1405.64,4.73,0,No Failure,151.4,68.6
L,60.05,3.32,84.95,12.0,1800.3,1161.05,7.07,0,No Failure,186.8,81.2
L,56.76,1.99,79.78,12.0,1486.53,1080.14,3.53,0,No Failure,164.5,73.2
H,65.16,2.825,94.11,15.0,2215.14,1258.2,5.69,0,No Failure,185.2,80.6
H,70.86,1.51,97.17,13.0,1999.76,1095.04,2.7,0,No Failure,167.8,74.4
H,70.45,1.15,59.95,20.0,2230.58,1512.92,0.93,0,No Failure,95.1,48.7
M,78.23,2.79,71.78,14.0,1824.39,1229.48,4.56,0,No Failure,179.4,78.5
M,66.04,2.35,70.61,12.0,2201.85,1128.52,1.89,0,No Failure,169.3,75.0
L,69.78,3.21,82.12,11.0,2320.16,898.31,6.7,0,No Failure,161.0,72.0
M,82.97,3.98,92.34,16.0,2396.78,1279.75,6.24,0,No Failure,138.1,63.9
L,62.17,1.35,71.14,8.0,1844.805,551.24,10.86,0,No Failure,78.5,42.8
M,59.91,3.91,102.02,15.0,2908.23,1223.41,0.0,0,No Failure,137.3,63.6
L,55.24,0.5,97.67,12.0,2091.84,1215.5,5.92,0,No Failure,132.4,61.9
L,88.58,1.78,86.26,16.0,1887.45,1140.78,4.09,0,No Failure,169.3,75.0
L,70.57,2.26,80.04,16.0,1294.21,1280.2,5.56,0,No Failure,179.2,78.5
L,74.13,2.65,73.45,14.0,1498.91,1201.33,2.84,0,No Failure,187.0,81.2
H,59.3,2.45,80.13,15.0,1312.37,918.71,3.87,0,No Failure,170.7,75.4
L,62.58,2.98,65.17,17.0,2068.73,1194.85,4.93,0,No Failure,178.2,78.1
L,80.34,2.88,95.85,15.0,1656.69,1422.7,1.67,0,No Failure,158.2,71.0
M,64.11,3.84,81.51,16.0,2087.03,1205.87,3.91,0,No Failure,199.8,85.8
H,67.05,2.79,72.59,19.0,2190.87,952.56,7.27,0,No Failure,152.7,69.1
L,67.47,4.49,90.84,12.0,2319.84,1006.49,4.2,0,No Failure,156.9,70.6
L,66.82,1.57,81.17,14.0,1721.29,914.36,0.77,0,No Failure,178.5,78.2
M,64.92,4.64,91.74,9.0,1550.82,1143.92,8.44,0,No Failure,135.2,62.9
L,60.17,2.61,84.87,13.0,1897.49,1371.03,1.28,0,No Failure,176.7,77.6
L,60.93,-0.89,102.01,13.0,1737.21,1195.45,0.0,0,No Failure,144.9,66.3
H,81.74,3.84,77.84,18.0,1789.65,1008.46,4.75,0,No Failure,162.2,72.5
L,63.17,1.36,58.21,15.0,1899.71,1121.5,8.73,0,No Failure,154.0,69.5
M,56.14,-1.438,89.4,15.0,2226.25,822.64,0.0,0,No Failure,122.2,58.3
H,64.34,2.57,75.37,12.0,1384.46,1060.91,3.43,0,No Failure,171.0,75.6
L,62.53,1.77,76.78,16.0,2369.51,1176.08,0.0,0,No Failure,156.7,70.5
H,76.09,3.23,92.64,15.0,1776.8,873.55,2.48,0,No Failure,169.9,75.2
L,72.64,1.87,88.99,13.0,1764.06,1305.2,9.29,0,No Failure,164.9,73.4
H,62.09,3.02,82.09,17.0,1992.1,1262.23,0.0,0,No Failure,178.9,78.4
M,62.97,3.45,92.57,16.0,1589.04,769.11,7.7,0,No Failure,148.0,67.4
M,59.74,2.89,84.11,7.0,1632.82,1461.01,12.18,1,High-Torque Shaft Fatigue,6.4,10.7
M,54.32,3.53,81.4,14.0,1380.71,1267.06,6.3,0,No Failure,170.2,75.3
H,72.59,2.69,58.81,15.0,2383.56,1165.98,6.32,0,No Failure,162.8,72.7
L,48.48,3.63,43.151,13.0,2230.25,1313.64,6.67,0,No Failure,152.4,69.0
H,63.99,3.97,78.07,16.0,2056.3,1440.98,4.37,0,No Failure,175.5,77.1
L,65.8,1.14,85.51,15.0,1765.84,981.82,5.42,0,No Failure,186.9,81.2
M,70.48,2.96,79.63,14.0,1417.86,1183.1,6.42,0,No Failure,199.9,85.8
L,69.57,2.58,76.33,23.0,1401.97,1335.86,1.94,0,No Failure,170.2,75.3
M,64.15,1.72,86.02,12.0,1766.35,1250.14,0.15,0,No Failure,170.2,75.3
L,71.85,2.1,91.98,18.0,2076.3,1459.62,11.38,0,No Failure,126.8,59.9
M,73.41,3.68,85.67,12.0,2236.06,1391.34,1.12,0,No Failure,155.0,69.9
H,54.56,4.06,90.16,14.0,1597.41,1448.31,6.95,0,No Failure,147.2,67.1
H,65.25,5.21,82.63,16.0,1786.22,1142.97,2.37,0,No Failure,181.5,79.3
M,68.8,3.1,87.31,13.0,2107.85,1315.01,2.9,0,No Failure,194.5,83.9
M,66.88,3.42,83.15,12.0,1800.86,1342.19,6.25,0,No Failure,191.5,82.8
M,75.54,3.13,73.73,11.0,1983.77,1260.01,5.3,0,No Failure,177.4,77.8
L,65.22,2.68,66.63,15.0,2001.71,1190.17,2.48,0,No Failure,192.5,83.2
M,81.74,3.17,108.61,14.0,1347.77,1337.96,5.37,0,No Failure,136.3,63.3
L,63.0,1.08,98.08,16.0,2485.09,1467.68,6.35,1,Stator Insulation Thermal Fault,5.8,14.7
M,64.95,2.14,59.98,13.0,1469.28,1137.0,6.69,0,No Failure,156.0,70.3
L,60.93,3.12,83.78,16.0,1787.34,934.05,6.93,0,No Failure,181.5,79.3
H,76.37,3.07,87.24,12.0,1684.78,470.614,2.49,0,No Failure,180.8,79.0
M,58.45,2.62,90.5,14.0,1865.97,1345.47,5.41,0,No Failure,189.4,82.1
M,70.82,3.81,69.65,13.0,1987.4,1028.19,2.87,0,No Failure,171.6,75.8
M,70.39,3.75,70.6,18.0,2207.32,470.614,0.86,0,No Failure,147.7,67.3
M,72.17,2.61,70.91,11.0,2122.9,1304.71,0.83,0,No Failure,153.5,69.4
M,74.66,3.24,69.27,19.0,1954.51,1040.6,5.65,0,No Failure,158.6,71.2
M,67.11,1.28,43.151,18.0,1707.24,1224.08,7.74,0,No Failure,167.3,74.2
L,61.25,0.71,88.24,15.0,2393.01,1893.461,5.08,0,No Failure,149.1,67.8
H,60.14,3.39,82.53,16.0,2110.02,1068.28,6.51,0,No Failure,184.4,80.3
L,67.97,3.0,57.79,16.0,2016.98,1519.11,-5.802,0,No Failure,153.8,69.5
L,65.56,2.51,88.96,16.0,1718.66,1260.35,5.49,0,No Failure,196.0,84.4
M,71.8,3.29,96.88,16.0,1693.73,949.74,5.69,0,No Failure,173.2,76.3
M,69.55,2.56,78.36,10.0,2219.82,1088.71,8.25,0,No Failure,159.6,71.5
H,66.53,3.88,60.32,11.0,1887.72,1289.35,2.59,0,No Failure,156.8,70.5
L,62.62,2.65,91.55,17.0,1790.38,923.85,6.89,0,No Failure,166.6,74.0
M,60.03,2.33,80.86,13.0,2004.62,1117.83,0.0,0,No Failure,172.8,76.2
M,75.67,3.0,63.39,11.0,2710.42,1288.12,3.63,0,No Failure,131.5,61.6
L,64.41,2.44,63.98,6.0,2091.68,1067.9,4.75,0,No Failure,184.2,80.2
L,64.58,4.2,76.75,14.0,1662.91,1031.25,5.54,0,No Failure,185.7,80.8
M,69.49,3.92,87.21,14.0,1908.13,1138.27,3.73,0,No Failure,206.2,88.0
L,75.9,2.87,93.3,16.0,2314.15,1177.905,6.32,0,No Failure,160.8,72.0
H,73.92,1.87,61.95,13.0,2007.21,1419.81,3.69,0,No Failure,154.9,69.9
M,73.29,5.11,68.43,13.0,2305.41,971.79,1.01,0,No Failure,126.3,59.7
H,61.78,3.39,82.7,15.0,1588.26,1038.16,5.69,0,No Failure,190.1,82.3
M,60.48,5.61,83.67,12.0,1948.21,1200.58,6.72,0,No Failure,159.8,71.6
M,72.85,4.69,84.16,16.0,1673.04,1002.66,0.0,0,No Failure,159.9,71.6
M,58.27,5.87,74.47,11.0,1595.71,1413.62,4.01,0,No Failure,129.7,60.9
H,71.19,4.09,80.04,15.0,1460.79,1293.52,4.42,0,No Failure,187.7,81.5
L,62.67,3.28,53.4,16.0,1465.4,1002.19,10.49,0,No Failure,120.8,57.8
M,68.1,3.6,67.7,13.0,1649.35,1095.05,6.06,0,No Failure,182.9,79.8
M,63.14,1.39,88.02,13.0,1808.81,1217.66,7.43,0,No Failure,181.1,79.2
M,66.61,0.5,74.48,19.0,1622.54,892.11,2.08,0,No Failure,131.3,61.5
H,75.87,1.81,90.32,16.0,2264.06,977.2,8.49,0,No Failure,139.9,64.6
L,74.2,3.04,76.84,12.0,2358.59,1222.24,5.33,0,No Failure,174.2,76.7
M,68.52,1.74,86.67,18.0,1380.75,1189.91,6.24,0,No Failure,168.0,74.5
M,62.5,4.37,70.49,12.0,1609.21,1018.77,1.56,0,No Failure,143.7,65.9
L,66.56,4.77,88.35,14.0,2330.75,925.36,4.56,0,No Failure,164.3,73.2
L,67.97,2.63,89.62,12.0,1630.48,1893.461,5.63,0,No Failure,176.9,77.6
M,66.5,3.45,97.12,16.0,1660.78,1111.32,4.53,0,No Failure,187.1,81.3
L,69.62,2.58,86.95,19.0,1844.805,1076.1,4.59,0,No Failure,180.9,79.1
L,71.91,1.91,79.93,12.0,1922.76,1296.42,3.96,0,No Failure,191.5,82.8
L,69.48,2.64,82.73,14.0,1741.62,1428.75,2.12,0,No Failure,193.7,83.6
L,76.52,0.83,69.4,16.0,1311.88,1271.22,3.82,0,No Failure,145.2,66.4
M,75.64,2.48,64.39,15.0,2298.84,1116.61,7.78,0,No Failure,156.3,70.4
L,71.81,1.28,88.82,12.0,2170.87,723.8,4.08,0,No Failure,144.0,66.0
M,77.29,5.09,98.0,14.0,1850.49,1187.89,3.5,0,No Failure,157.5,70.8
H,81.06,1.8,98.85,16.0,1811.04,979.42,1.53,0,No Failure,143.9,66.0
M,71.75,2.36,68.13,17.0,1833.7,1065.76,1.42,0,No Failure,166.9,74.1
M,87.71,2.5,83.03,16.0,1735.64,944.67,0.0,0,No Failure,149.4,67.9
L,75.13,3.18,85.17,17.0,1862.19,1245.6,3.19,0,No Failure,191.6,82.8
L,59.82,1.1,87.01,18.0,1920.51,821.2,9.08,0,No Failure,124.2,59.0
L,76.7,0.5,92.24,17.0,2023.31,1278.94,2.89,0,No Failure,143.7,65.9
M,69.92,2.53,82.49,16.0,2164.64,1294.65,1.3,0,No Failure,187.1,81.3
H,66.71,2.46,85.89,13.0,1918.73,1247.47,5.27,0,No Failure,204.4,87.4
H,84.76,2.96,78.05,13.0,1905.45,991.03,7.06,0,No Failure,167.7,74.4
L,63.99,3.08,87.33,14.0,1875.3,988.82,2.12,0,No Failure,194.1,83.7
L,67.97,3.25,82.42,16.0,2326.77,1165.83,2.72,0,No Failure,188.4,81.7
L,65.14,3.86,76.04,17.0,1531.54,1029.9,0.65,0,No Failure,156.9,70.6
M,74.52,3.77,81.15,15.0,1877.14,1060.31,0.79,0,No Failure,181.3,79.2
L,75.12,0.58,87.5,15.0,1791.44,1099.14,11.39,0,No Failure,148.5,67.6
H,51.66,2.9,94.42,13.0,1885.1,1041.37,7.97,0,No Failure,155.7,70.2
L,69.24,4.26,82.61,12.0,1921.51,1094.59,4.97,0,No Failure,193.1,83.4
L,63.4,3.59,88.79,7.0,2119.01,837.88,2.36,0,No Failure,128.0,60.3
L,72.08,4.06,83.31,13.0,1858.42,760.57,5.3,0,No Failure,176.9,77.7
H,52.71,1.99,90.71,16.0,1953.65,956.46,5.01,0,No Failure,157.6,70.8
M,70.87,4.44,87.78,15.0,1888.68,1371.56,4.5,0,No Failure,192.4,83.1
M,70.69,1.6,81.19,14.0,1559.06,1368.84,11.18,0,No Failure,157.9,70.9
H,66.03,3.0,83.43,15.0,2009.47,1423.7,3.72,0,No Failure,205.5,87.8
M,64.82,2.63,78.91,12.0,2088.62,1191.73,0.87,0,No Failure,172.5,76.1
L,68.18,5.28,87.13,18.0,2124.01,907.92,2.69,0,No Failure,144.4,66.1
M,72.06,1.24,68.21,14.0,1869.78,1153.69,3.29,0,No Failure,186.9,81.2
H,73.48,2.58,88.92,16.0,1794.73,1584.98,0.0,0,No Failure,155.1,69.9
H,72.5,2.21,103.63,13.0,2118.16,1233.42,6.93,0,No Failure,158.5,71.1
L,61.97,1.93,95.8,13.0,1156.04,1073.03,7.81,0,No Failure,135.5,63.0
H,65.07,2.2,66.32,17.0,1963.37,1318.08,3.79,0,No Failure,175.7,77.2
M,78.21,2.78,81.15,13.0,1384.0,1010.31,2.18,0,No Failure,162.1,72.4
M,81.67,3.69,81.15,13.0,1654.51,1209.82,2.55,0,No Failure,170.4,75.4
M,67.12,3.78,80.66,15.0,1777.43,1654.25,7.52,0,No Failure,170.7,75.5
M,72.32,3.7,79.62,15.0,2049.39,1318.6,2.36,0,No Failure,186.6,81.1
L,69.13,0.74,80.51,15.0,2516.85,1177.905,0.0,0,No Failure,126.6,59.8
M,64.33,3.31,86.41,10.0,2227.03,1026.77,0.0,0,No Failure,146.5,66.9
M,76.87,2.32,77.44,12.0,1809.92,1159.72,3.55,0,No Failure,185.7,80.8
L,69.81,2.93,79.77,18.0,2437.48,1221.33,7.81,0,No Failure,170.3,75.3
L,58.75,4.03,71.71,15.0,1955.3,1149.88,7.94,0,No Failure,172.8,76.2
M,70.55,3.06,68.82,14.0,2147.11,1194.89,7.96,0,No Failure,183.8,80.1
M,76.59,2.66,78.31,14.0,1239.27,1440.1,4.65,0,No Failure,170.6,75.4
L,78.91,7.148,90.16,15.0,1836.01,1339.37,2.92,0,No Failure,180.1,78.8
L,75.89,1.53,63.71,15.0,3021.596,956.8,1.82,0,No Failure,150.2,68.2
H,70.97,1.55,73.46,15.0,1806.67,1037.77,3.39,0,No Failure,185.3,80.6
M,67.81,3.08,77.11,11.0,1904.14,1320.65,6.47,0,No Failure,189.6,82.1
M,77.68,4.64,79.19,17.0,1290.26,1213.64,3.16,0,No Failure,152.5,69.0
M,60.35,0.5,86.09,11.0,2196.41,849.06,4.09,0,No Failure,134.0,62.5
L,63.85,2.83,92.66,11.0,1961.16,1418.72,3.73,0,No Failure,168.9,74.8
M,58.89,0.5,74.08,14.0,2179.64,711.9,3.68,0,No Failure,134.0,62.5
H,59.2,3.18,84.22,11.0,1049.89,1243.92,6.44,0,No Failure,149.3,67.9
H,80.73,1.2,90.91,17.0,1248.18,1291.72,4.63,0,No Failure,134.1,62.5
L,62.08,4.77,74.14,12.0,1752.89,1893.461,1.58,0,No Failure,154.8,69.8
H,60.69,3.85,89.12,12.0,2445.27,1108.06,6.4,0,No Failure,148.8,67.7
M,66.57,4.62,81.39,17.0,1536.22,1305.31,5.79,0,No Failure,175.0,77.0
L,72.96,3.31,83.44,12.0,2144.02,1292.17,6.8,0,No Failure,179.7,78.6
L,59.16,2.7,79.47,16.0,1638.79,505.79,2.91,0,No Failure,170.6,75.4
M,64.55,0.95,87.79,17.0,2073.15,1057.49,4.67,0,No Failure,169.5,75.0
M,63.35,2.92,93.89,21.0,1608.87,1473.19,0.89,0,No Failure,112.8,55.0
M,71.71,2.89,88.84,12.0,1708.46,1176.01,4.19,0,No Failure,202.9,86.9
M,67.96,2.0,63.53,17.0,1742.8,1104.08,6.72,0,No Failure,172.0,75.9
L,61.53,1.47,77.4,15.0,2120.48,1191.94,0.89,0,No Failure,170.6,75.4
L,69.15,2.29,83.22,15.0,2124.23,1121.09,7.37,0,No Failure,196.9,84.7
H,76.87,2.0,87.24,12.0,1617.37,1188.61,5.71,0,No Failure,177.5,77.9
M,72.42,1.49,79.7,17.0,1747.29,1235.4,3.77,0,No Failure,187.3,81.3
L,65.66,4.49,92.82,16.0,1735.91,1456.19,6.03,0,No Failure,161.3,72.1
L,69.04,1.94,69.19,15.0,2466.12,1181.08,4.41,0,No Failure,178.8,78.3
L,61.64,5.94,80.85,12.0,2018.89,1260.43,4.91,0,No Failure,162.3,72.5
M,64.77,1.32,101.6,13.0,1897.69,972.12,5.14,0,No Failure,161.4,72.2
L,69.2,3.5,72.71,19.0,2033.1,975.17,8.86,0,No Failure,149.4,67.9
H,68.45,1.62,74.88,12.0,2133.57,1436.81,0.0,0,No Failure,148.3,67.5
M,77.74,3.12,82.47,6.0,2201.06,1348.11,3.09,0,No Failure,181.5,79.3
L,66.25,1.95,73.74,16.0,1535.07,1205.83,0.97,0,No Failure,171.7,75.8
L,57.94,3.25,64.94,15.0,2391.06,1094.97,8.91,0,No Failure,139.2,64.3
H,77.86,3.86,75.2,15.0,1603.21,1533.87,7.64,0,No Failure,150.2,68.2
M,63.49,4.22,81.3,14.0,1656.39,1104.78,4.02,0,No Failure,198.5,85.3
M,70.52,2.22,90.42,14.0,1347.67,1267.84,6.09,0,No Failure,180.9,79.1
M,67.38,2.92,80.6,14.0,1579.82,1223.16,4.1,0,No Failure,187.5,81.4
H,64.62,1.75,77.61,13.0,1296.39,1167.82,12.03,0,No Failure,145.4,66.5
H,78.09,3.49,84.7,14.0,1935.17,1308.11,1.54,0,No Failure,183.5,80.0
M,96.271,1.27,80.82,12.0,1301.71,1171.93,3.91,0,No Failure,163.3,72.8
L,74.61,2.9,85.82,17.0,1973.99,1113.51,3.99,0,No Failure,192.9,83.3
L,75.48,3.15,97.53,17.0,1330.6,1120.3,7.93,0,No Failure,144.8,66.3
L,74.22,1.95,87.64,10.0,1953.21,1287.58,5.54,0,No Failure,168.1,74.6
L,65.47,2.2,82.98,13.0,1943.55,1105.14,4.88,0,No Failure,204.5,87.4
H,58.95,6.18,81.64,12.0,1213.12,877.61,3.33,0,No Failure,118.6,57.0
L,69.47,2.32,78.16,14.0,1272.08,1207.97,9.07,0,No Failure,174.2,76.7
M,73.53,2.06,76.01,19.0,1536.01,1553.07,7.68,0,No Failure,130.8,61.3
L,61.13,-1.438,96.02,16.0,1895.86,1512.94,5.25,0,No Failure,153.7,69.4
M,74.44,4.87,80.2,13.0,2256.21,968.84,3.15,0,No Failure,155.5,70.1
L,69.11,2.39,83.07,15.0,1971.08,1008.52,11.62,0,No Failure,178.2,78.1
L,75.0,3.49,61.89,18.0,1561.44,1033.78,9.14,0,No Failure,125.6,59.5
L,60.36,1.96,81.19,16.0,1505.11,1235.9,3.51,0,No Failure,178.9,78.4
L,68.51,3.12,79.18,15.0,1760.52,1337.16,4.53,0,No Failure,212.0,90.1
L,71.47,2.15,93.21,16.0,1855.77,1154.97,4.11,0,No Failure,197.7,85.0
M,71.61,5.29,84.66,17.0,1218.59,1372.22,7.97,0,No Failure,131.3,61.5
M,67.28,2.62,79.26,17.0,2026.78,1406.47,8.31,0,No Failure,172.1,76.0
L,64.13,2.74,81.63,15.0,1342.07,999.9,0.71,0,No Failure,177.2,77.8
H,72.03,2.78,88.53,12.0,1959.69,1202.55,0.0,0,No Failure,181.9,79.4
M,58.53,2.92,100.54,13.0,2073.69,1273.56,4.43,0,No Failure,166.7,74.0
L,71.84,4.26,74.46,14.0,1636.64,816.88,4.27,0,No Failure,171.5,75.8
M,64.93,2.85,76.91,18.0,2215.47,1197.85,3.75,0,No Failure,186.8,81.2
M,57.48,3.49,80.97,12.0,1604.54,1319.54,7.02,0,No Failure,165.6,73.7
L,70.41,3.88,86.5,21.0,1867.1,1144.9,4.79,0,No Failure,176.4,77.5
M,61.75,3.37,74.8,15.0,2066.41,1386.9,3.78,0,No Failure,182.6,79.7
M,75.8,4.51,82.03,12.0,1892.93,921.43,0.23,0,No Failure,148.8,67.7
L,67.34,1.71,62.37,17.0,1369.07,988.7,8.09,0,No Failure,131.5,61.6
H,71.58,2.03,94.25,16.0,1795.73,1414.29,7.88,0,No Failure,162.9,72.7
L,69.27,1.35,92.01,10.0,1659.56,985.75,5.35,0,No Failure,155.3,70.0
L,59.88,3.15,76.87,16.0,2249.07,803.85,0.58,0,No Failure,143.0,65.6
L,72.71,0.5,82.41,12.0,1508.95,1203.79,5.18,0,No Failure,171.4,75.7
H,67.6,2.79,96.42,12.0,2070.14,1259.26,4.25,0,No Failure,189.6,82.2
L,71.67,3.7,70.92,16.0,1695.39,1210.29,6.91,0,No Failure,181.0,79.1
L,72.57,7.148,80.28,9.0,1763.63,1195.22,4.95,0,No Failure,181.6,79.3
H,62.13,2.25,74.83,16.0,1767.07,1664.43,2.55,0,No Failure,156.8,70.5
L,88.52,3.79,85.98,14.0,2056.96,1166.1,1.8,0,No Failure,171.5,75.7
H,76.81,3.43,81.11,12.0,2134.14,1001.38,5.9,0,No Failure,167.0,74.1
L,61.46,2.27,105.74,17.0,1692.67,1287.76,1.09,0,No Failure,146.5,66.9
L,39.666,2.71,71.47,12.0,1898.69,1160.39,0.0,0,No Failure,167.4,74.3
L,63.05,3.34,99.27,16.0,1437.53,1257.83,3.73,0,No Failure,165.9,73.7
M,72.42,1.74,65.0,15.0,1809.49,1132.03,2.48,0,No Failure,176.2,77.4
H,79.42,2.1,82.58,11.0,1624.19,1240.22,9.06,0,No Failure,151.5,68.7
L,68.53,3.5,77.76,14.0,2189.11,801.09,5.46,0,No Failure,179.4,78.5
L,72.37,2.88,78.99,14.0,1835.26,1281.45,4.85,0,No Failure,189.3,82.0
M,61.61,3.46,71.89,11.0,2118.42,968.58,4.56,0,No Failure,135.4,62.9
M,59.15,4.29,83.21,15.0,1895.74,790.72,5.77,0,No Failure,171.0,75.6
H,64.95,5.04,80.93,16.0,1815.97,1097.43,2.41,0,No Failure,180.3,78.9
L,73.26,2.34,100.52,15.0,1517.17,1328.95,6.68,0,No Failure,162.8,72.7
M,71.93,4.13,55.36,12.0,1973.18,1213.05,4.5,0,No Failure,163.0,72.7
L,68.25,3.54,91.35,14.0,1560.92,1376.63,6.44,0,No Failure,178.4,78.2
H,63.12,3.26,80.26,12.0,2047.4,833.23,8.81,0,No Failure,156.1,70.3
L,64.69,1.16,85.12,14.0,1763.23,1268.78,7.47,0,No Failure,180.2,78.8
M,72.76,3.28,85.6,11.0,2232.62,982.64,4.48,0,No Failure,167.8,74.4
L,71.35,2.86,82.67,14.0,1748.12,1040.27,9.11,0,No Failure,189.2,82.0
L,65.76,2.34,120.399,13.0,1683.08,891.39,4.54,0,No Failure,181.0,79.1
L,57.48,4.13,85.22,18.0,2018.95,1322.2,9.7,0,No Failure,138.2,63.9
L,71.84,3.01,97.07,16.0,1987.14,1537.69,5.66,0,No Failure,168.4,74.6
L,64.47,2.71,87.32,12.0,1628.34,1195.59,14.772,0,No Failure,191.0,82.6
L,67.97,2.16,89.03,16.0,1949.79,1125.84,2.92,0,No Failure,194.0,83.7
L,75.22,2.24,82.73,13.0,1644.73,1323.93,0.0,0,No Failure,171.0,75.6
L,60.83,5.8,81.82,15.0,1621.26,1271.88,3.25,0,No Failure,171.2,75.6
M,70.05,1.63,84.94,14.0,2245.5,1101.32,0.0,0,No Failure,167.6,74.4
H,65.33,3.25,83.75,20.0,2087.9,1373.61,3.44,0,No Failure,168.5,74.7
M,61.46,1.8,76.04,16.0,2387.59,1153.13,3.84,0,No Failure,171.6,75.8
M,58.35,1.79,77.16,15.0,2034.77,1543.17,5.26,0,No Failure,161.5,72.2
M,78.57,4.05,74.47,17.0,1700.29,984.46,5.91,0,No Failure,156.6,70.5
H,79.39,4.04,77.79,10.0,1129.09,1122.85,4.36,0,No Failure,140.5,64.8
L,76.25,4.03,63.05,15.0,1244.55,1213.57,4.22,0,No Failure,152.2,68.9
H,78.14,1.09,83.62,13.0,1558.7,864.39,0.0,0,No Failure,133.0,62.1
M,62.36,3.19,111.24,17.0,1936.79,1134.35,5.09,0,No Failure,162.9,72.7
M,63.84,3.18,77.11,14.0,2178.53,1150.62,4.7,0,No Failure,200.3,85.9
M,83.7,4.9,73.9,13.0,2374.06,1143.6,8.68,1,Planetary Gearbox Overheat,9.3,13.5
H,53.23,2.55,83.48,18.0,2180.31,1184.65,4.08,0,No Failure,166.6,74.0
M,67.72,2.11,80.42,14.0,2038.65,833.58,1.03,0,No Failure,174.1,76.7
L,76.14,1.7,101.71,12.0,2436.12,1337.1,7.01,1,Stator Insulation Thermal Fault,13.3,13.1
L,73.65,1.16,82.4,16.0,2144.12,993.59,4.94,0,No Failure,173.5,76.5
H,72.62,3.9,65.44,12.0,1882.07,1059.35,2.93,0,No Failure,166.0,73.8
H,79.37,1.94,63.75,12.0,2108.43,1253.28,8.12,0,No Failure,133.5,62.3
L,62.3,2.82,101.3,15.0,1662.32,1195.48,2.53,0,No Failure,181.2,79.2
M,68.37,3.49,106.87,16.0,2067.83,1147.88,0.41,0,No Failure,157.3,70.7
L,82.14,3.07,72.66,12.0,2027.36,1138.34,6.35,0,No Failure,166.6,74.0
M,81.42,5.16,94.32,12.0,2405.01,1152.0,7.75,1,Planetary Gearbox Overheat,5.3,12.1
L,66.64,3.45,95.99,15.0,1623.5,1260.53,2.97,0,No Failure,186.8,81.2
H,64.98,3.52,66.01,7.0,2063.68,975.58,4.495,0,No Failure,159.8,71.6
M,59.94,3.95,78.79,14.0,1885.99,1175.4,3.73,0,No Failure,197.9,85.1
M,56.88,2.63,80.34,17.0,1610.78,1381.69,1.83,0,No Failure,163.5,72.9
M,67.52,3.72,79.29,12.0,1325.46,938.32,4.32,0,No Failure,168.4,74.6
M,80.07,2.32,67.31,17.0,2104.17,1099.23,4.61,0,No Failure,162.9,72.7
L,65.73,4.21,76.06,13.0,1945.83,1006.77,3.43,0,No Failure,182.7,79.7
M,78.0,4.43,87.38,15.0,1911.21,1115.7,0.0,0,No Failure,165.9,73.8
L,57.92,1.29,89.77,16.0,1340.1,946.01,6.25,0,No Failure,136.2,63.2
L,60.75,4.74,84.43,13.0,2020.74,901.31,1.85,0,No Failure,152.3,68.9
M,72.52,3.64,67.67,15.0,2228.19,1044.06,10.65,0,No Failure,148.9,67.7
M,69.03,3.03,84.16,13.0,1204.16,1893.461,7.01,0,No Failure,168.7,74.7
H,67.82,4.56,88.95,18.0,2130.0,1055.8,7.97,0,No Failure,154.9,69.9
M,77.24,1.54,95.81,10.0,2275.69,1219.07,3.5,0,No Failure,138.2,63.9
M,75.27,2.89,51.63,14.0,2145.24,1289.68,3.77,0,No Failure,176.1,77.4
L,78.45,2.62,72.65,13.0,1702.54,1048.44,9.79,0,No Failure,155.8,70.2
H,74.91,2.21,91.13,14.0,2013.78,1274.9,3.5,0,No Failure,185.1,80.5
M,58.8,3.16,81.47,15.0,2186.94,1329.65,0.0,0,No Failure,170.1,75.2
L,59.49,3.81,75.81,17.0,1623.83,1278.21,4.6,0,No Failure,172.1,75.9
M,75.44,2.58,77.7,14.0,2143.99,1286.92,6.04,0,No Failure,185.0,80.5
H,66.59,2.58,87.56,13.0,1943.36,1243.24,7.9,0,No Failure,190.8,82.6
L,59.68,3.61,89.18,12.0,1870.4,1287.67,4.17,0,No Failure,179.8,78.7
M,76.9,2.51,72.78,14.0,1565.88,910.15,4.97,0,No Failure,171.0,75.5
L,67.5,3.03,84.7,13.0,1902.2,1063.2,0.0,0,No Failure,189.7,82.2
M,78.68,2.71,83.27,17.0,1783.99,1131.15,4.64,0,No Failure,197.3,84.9
L,96.07,3.79,73.66,14.0,2381.6,874.1,6.3,0,No Failure,122.1,58.2
H,61.38,2.91,88.86,13.0,2011.02,1057.11,5.57,0,No Failure,191.5,82.8
H,68.58,3.3,78.07,16.0,1733.85,1421.59,5.29,0,No Failure,194.5,83.9
M,80.84,3.09,68.29,14.0,1710.75,1302.29,2.97,0,No Failure,174.9,76.9
H,59.32,3.76,91.54,16.0,2420.47,1355.94,1.3,0,No Failure,142.0,65.3
L,62.87,2.5,71.5,12.0,2400.98,907.7,7.34,0,No Failure,141.1,65.0
M,74.38,2.78,77.49,16.0,1908.95,944.31,3.73,0,No Failure,191.9,83.0
L,75.71,3.18,78.92,13.0,1509.72,1004.42,0.58,0,No Failure,163.3,72.8
H,63.65,2.87,79.21,14.0,683.517,973.17,0.0,0,No Failure,181.2,79.2
H,75.3,3.3,70.61,15.0,2109.17,1515.45,2.18,0,No Failure,159.7,71.5
L,66.37,2.49,95.06,16.0,1929.09,951.02,1.24,0,No Failure,167.6,74.4
L,67.41,0.62,63.54,12.0,1589.25,1392.37,8.0,0,No Failure,128.8,60.6
M,74.2,2.05,81.41,13.0,1674.12,1253.17,10.28,0,No Failure,170.0,75.2
M,46.23,4.7,65.5,16.0,1221.73,1095.6,3.22,0,No Failure,108.1,53.3
L,51.17,4.46,76.17,15.0,1629.05,1159.83,3.16,0,No Failure,164.0,73.1
M,74.93,3.11,72.76,16.0,2004.24,876.96,0.36,0,No Failure,155.9,70.2
L,62.73,3.3,100.04,16.0,3021.596,1093.66,8.24,0,No Failure,152.3,68.9
L,69.77,1.52,43.151,15.0,2336.56,1159.72,7.22,0,No Failure,168.8,74.8
L,76.32,5.24,87.48,16.0,1698.67,999.28,7.78,0,No Failure,144.5,66.2
L,73.21,2.19,92.26,16.0,2786.73,1027.9,0.0,0,No Failure,143.2,65.7
M,55.18,3.32,91.9,13.0,1912.89,916.13,7.66,0,No Failure,153.3,69.3
L,69.63,2.51,97.95,13.0,2019.74,1176.08,5.79,0,No Failure,189.0,81.9
M,69.16,4.41,91.95,18.0,1536.17,1362.31,9.4,0,No Failure,135.8,63.1
L,57.82,5.22,80.74,15.0,1932.35,1170.87,4.29,0,No Failure,187.1,81.3
M,71.94,3.25,86.25,16.0,2001.67,1205.21,2.49,0,No Failure,197.3,84.9
M,84.22,4.05,70.09,16.0,2274.88,1316.82,4.18,0,No Failure,143.4,65.8
L,67.52,3.4,77.93,15.0,2148.54,1185.22,4.54,0,No Failure,211.0,89.7
M,75.63,2.98,89.71,15.0,1854.81,1431.59,-5.802,0,No Failure,188.4,81.7
L,72.95,2.95,80.6,12.0,2099.33,1417.4,8.49,0,No Failure,169.1,74.9
M,67.5,7.148,65.54,12.0,2039.79,1166.48,0.0,0,No Failure,169.6,75.1
L,71.17,2.22,97.77,12.0,1989.57,1305.94,6.5,0,No Failure,165.1,73.5
H,73.24,3.46,79.39,18.0,1903.05,1655.16,2.51,0,No Failure,151.8,68.8
L,68.55,2.54,88.16,18.0,2182.0,1143.48,3.55,0,No Failure,184.4,80.3
H,74.2,2.65,77.74,16.0,2175.89,962.68,4.78,0,No Failure,183.4,79.9
L,68.4,2.36,81.55,12.0,1781.3,1150.54,5.79,0,No Failure,205.8,87.9
M,55.07,3.79,81.88,11.0,1773.37,1381.57,8.79,0,No Failure,146.1,66.7
L,70.92,2.41,87.91,14.0,3021.596,1219.76,1.27,0,No Failure,191.3,82.8
L,67.15,4.26,90.31,16.0,1834.9,1212.95,2.3,0,No Failure,189.9,82.2
L,60.42,2.54,75.01,15.0,1924.2,1520.55,7.6,0,No Failure,169.1,74.9
L,75.14,2.67,84.9,14.0,1467.76,1303.47,4.19,0,No Failure,188.2,81.7
M,77.89,3.75,85.99,12.0,1488.02,966.93,6.56,0,No Failure,150.9,68.4
H,59.44,1.69,43.151,13.0,1783.63,769.05,5.9,0,No Failure,161.6,72.2
L,71.87,2.84,78.63,17.0,1844.805,1044.55,5.11,0,No Failure,161.6,72.2
L,67.77,2.93,82.71,14.0,1670.58,1177.905,9.61,0,No Failure,202.7,86.8
L,75.03,3.35,75.91,17.0,1842.04,1315.01,3.98,0,No Failure,187.9,81.5
L,48.5,1.58,72.06,11.0,2120.59,971.07,6.23,0,No Failure,122.8,58.5
M,71.65,4.55,101.87,15.0,1850.49,1154.84,3.82,0,No Failure,161.9,72.3
M,62.18,1.67,66.38,16.0,1465.64,970.3,6.79,0,No Failure,144.8,66.3
L,75.99,2.96,75.9,15.0,2036.75,1392.76,5.34,0,No Failure,188.3,81.7
M,71.37,2.39,90.5,16.0,2016.01,1099.68,2.29,0,No Failure,182.1,79.5
M,61.58,3.25,77.12,12.0,1249.62,942.48,8.76,0,No Failure,141.5,65.1
M,78.73,2.5,78.08,13.0,2006.92,1293.45,9.1,0,No Failure,165.8,73.7
L,77.14,3.61,73.4,15.0,1414.61,1112.86,2.52,0,No Failure,166.8,74.1
L,65.58,2.71,79.76,13.0,1363.97,1068.4,4.13,0,No Failure,192.5,83.2
L,54.2,3.64,103.98,16.0,1963.93,1203.99,3.83,0,No Failure,156.8,70.5
H,60.11,2.77,73.05,14.0,2062.25,1189.02,5.97,0,No Failure,190.9,82.6
L,77.9,2.11,79.68,10.0,1381.05,1513.26,6.16,1,High-Torque Shaft Fatigue,2.1,15.8
M,39.666,4.11,95.37,15.0,1358.9,1099.86,9.07,0,No Failure,151.6,68.7
L,65.11,3.0,68.49,13.0,1849.62,1126.56,3.55,0,No Failure,196.6,84.6
L,70.75,0.68,95.15,13.0,1622.11,1196.68,3.96,0,No Failure,168.3,74.6
L,82.27,3.53,77.42,15.0,2038.75,1315.15,4.08,0,No Failure,178.7,78.3
L,55.23,4.08,71.11,13.0,1678.22,1013.67,0.0,0,No Failure,140.7,64.8
L,65.81,5.43,92.34,16.0,1850.89,1004.24,3.24,0,No Failure,164.0,73.1
L,78.71,2.57,74.16,11.0,1221.2,1298.54,4.66,0,No Failure,149.8,68.1
H,71.09,3.76,94.73,15.0,1359.04,1114.97,2.37,0,No Failure,166.3,73.9
M,55.5,2.23,79.66,11.0,2380.63,1348.01,2.28,0,No Failure,142.9,65.6
L,70.71,2.34,84.15,18.0,1368.16,1449.05,1.85,0,No Failure,154.5,69.7
M,65.47,4.02,87.3,17.0,1042.88,1367.22,2.08,0,No Failure,139.0,64.2
L,70.83,1.76,91.58,12.0,1730.35,1261.71,6.25,0,No Failure,175.5,77.1
H,69.74,2.86,72.5,16.0,2063.15,1153.35,3.17,0,No Failure,194.6,83.9
L,72.09,2.03,77.91,11.0,1719.7,1120.25,2.46,0,No Failure,177.7,77.9
H,61.0,4.05,69.08,18.0,1959.95,1247.79,5.78,0,No Failure,161.1,72.1
L,72.85,4.0,79.3,15.0,1543.11,760.96,6.46,0,No Failure,163.0,72.7
H,60.38,2.33,88.25,16.0,1939.08,1143.35,8.27,0,No Failure,180.6,79.0
M,74.46,2.28,74.93,15.0,1367.64,1232.78,3.76,0,No Failure,181.0,79.1
L,74.73,4.15,43.151,11.0,2010.47,1316.2,3.19,0,No Failure,153.3,69.3
M,65.63,4.72,84.36,13.0,1842.09,1141.13,1.23,0,No Failure,185.2,80.6
M,49.36,2.86,81.06,14.0,1879.51,1389.24,5.99,0,No Failure,179.6,78.6
L,76.72,3.19,81.05,14.0,2491.45,1173.47,1.43,0,No Failure,168.7,74.8
L,67.97,3.74,99.53,15.0,1992.81,1893.461,3.23,0,No Failure,178.4,78.2
M,63.12,2.51,72.01,11.0,1794.04,1100.68,6.66,0,No Failure,170.6,75.4
M,79.48,5.28,84.26,17.0,1681.79,1229.65,7.53,1,Planetary Gearbox Overheat,3.7,23.7
M,73.74,2.22,93.34,17.0,2047.08,1290.04,5.05,0,No Failure,172.6,76.1
L,67.97,2.32,93.28,12.0,2266.43,1239.84,3.64,0,No Failure,169.7,75.1
H,67.91,1.48,92.69,16.0,2338.41,1177.73,5.68,0,No Failure,159.7,71.5
M,55.71,4.79,78.26,17.0,1248.19,1408.58,3.83,0,No Failure,130.9,61.4
M,69.71,2.92,90.23,13.0,2030.73,1283.23,5.16,0,No Failure,191.7,82.9
M,57.6,2.52,76.23,13.0,1579.4,1459.98,7.28,1,High-Torque Shaft Fatigue,4.5,24.2
L,68.47,5.67,72.74,17.0,1895.41,1281.01,6.21,0,No Failure,160.9,72.0
L,89.27,1.82,120.399,16.0,1584.51,1599.14,3.88,0,No Failure,130.3,61.1
H,58.0,2.18,83.58,16.0,2309.58,1294.66,4.84,0,No Failure,175.9,77.3
H,70.06,2.76,85.86,15.0,1782.05,985.91,4.35,0,No Failure,208.7,88.9
L,57.02,1.86,84.64,16.0,1806.26,1239.01,3.38,0,No Failure,185.5,80.7
L,79.08,4.5,83.38,16.0,1941.5,1091.92,2.58,1,Planetary Gearbox Overheat,6.3,31.5
L,66.68,2.13,100.73,16.0,2129.23,1091.97,4.36,0,No Failure,176.5,77.5
L,66.23,3.6,76.17,17.0,1699.38,984.38,1.28,0,No Failure,168.6,74.7
H,80.7,2.3,95.0,14.0,1837.07,1089.79,6.63,0,No Failure,174.3,76.7
L,79.32,3.28,92.08,14.0,1899.24,1225.97,4.86,0,No Failure,192.7,83.3
M,61.78,3.83,81.74,13.0,1759.51,1328.13,5.05,0,No Failure,194.3,83.8
L,71.91,3.55,88.74,15.0,2266.84,1497.97,6.93,0,No Failure,163.7,73.0
M,59.42,1.79,71.4,14.0,1996.42,1365.59,3.38,0,No Failure,170.4,75.4
M,61.62,3.55,88.28,14.0,1792.31,1050.91,2.36,0,No Failure,186.0,80.9
L,68.77,4.88,66.11,16.0,2017.71,1495.74,3.22,0,No Failure,151.6,68.7
M,69.87,1.34,92.61,13.0,1479.69,1139.05,2.85,0,No Failure,170.1,75.2
M,65.01,2.45,101.57,16.0,1675.06,1592.88,6.34,0,No Failure,146.1,66.8
M,72.89,1.78,71.59,13.0,2156.17,979.36,0.0,0,No Failure,145.7,66.6
M,55.23,2.82,87.23,14.0,2368.11,1396.31,2.04,0,No Failure,155.6,70.1
M,77.32,2.96,89.85,16.0,1663.3,1582.73,5.81,0,No Failure,159.0,71.3
M,73.31,3.31,89.82,10.0,1964.66,988.4,0.0,0,No Failure,149.7,68.0
M,73.0,2.47,70.24,14.0,683.517,1497.43,3.86,0,No Failure,172.0,75.9
M,63.42,2.45,88.8,14.0,2283.74,740.6,5.58,0,No Failure,158.9,71.3
M,65.28,4.19,98.68,15.0,1470.95,1384.4,3.3,0,No Failure,160.4,71.8
M,96.271,3.63,91.58,17.0,3021.596,1315.18,7.72,0,No Failure,161.1,72.1
M,62.7,3.63,94.65,17.0,1754.09,1571.46,0.88,0,No Failure,138.6,64.1
H,76.21,3.31,83.89,15.0,1366.88,1411.4,4.76,0,No Failure,176.4,77.5
L,73.17,2.68,94.75,12.0,1181.82,1131.83,0.96,0,No Failure,146.4,66.9
L,78.58,5.2,79.64,13.0,1889.55,1327.59,8.63,0,No Failure,151.7,68.7
L,73.03,0.5,73.75,11.0,2283.83,470.614,10.38,0,No Failure,108.2,53.3
L,65.81,4.42,87.98,13.0,1693.1,1302.67,0.14,0,No Failure,164.0,73.1
H,72.31,3.43,75.17,14.0,1306.27,1311.87,8.12,0,No Failure,164.7,73.3
L,77.62,3.88,79.53,14.0,2046.39,1320.16,9.25,0,No Failure,164.7,73.3
L,74.65,2.2,75.28,13.0,1950.99,1036.19,0.0,0,No Failure,166.6,74.0
H,68.27,2.23,82.49,14.0,1780.59,1068.03,3.98,0,No Failure,211.9,90.0
M,66.03,-1.438,88.61,15.0,2025.7,1270.98,6.91,0,No Failure,183.3,79.9
H,72.4,3.84,81.64,15.0,1685.01,758.12,9.62,0,No Failure,156.3,70.3
L,75.89,1.37,76.9,18.0,1539.82,1101.72,8.09,0,No Failure,143.3,65.8
H,64.68,4.1,91.47,16.0,1856.83,1134.26,0.0,0,No Failure,174.7,76.9
M,61.27,1.99,70.02,17.0,2592.83,1238.22,5.7,0,No Failure,146.3,66.8
L,70.77,2.75,74.55,17.0,1443.29,1194.91,4.28,0,No Failure,190.1,82.3
H,53.54,2.82,96.59,17.0,1581.53,1255.32,2.42,0,No Failure,153.8,69.5
L,66.6,4.13,79.29,12.0,1673.61,1177.905,6.52,1,High-Torque Shaft Fatigue,5.9,23.4
H,76.5,1.87,84.97,15.0,1829.65,1604.74,3.47,0,No Failure,171.0,75.6
M,72.28,2.81,81.67,14.0,2248.7,989.35,5.64,0,No Failure,188.8,81.8
M,64.16,3.48,87.31,11.0,2255.6,925.56,1.75,0,No Failure,149.4,67.9
L,69.52,3.43,87.04,14.0,2040.04,937.13,5.66,0,No Failure,193.6,83.6
H,58.91,2.72,74.88,13.0,1808.35,914.57,7.81,0,No Failure,168.1,74.5
L,66.13,3.2,83.55,15.0,2258.91,1178.71,3.82,0,No Failure,208.1,88.7
M,76.6,2.12,89.56,13.0,1331.51,942.12,5.67,0,No Failure,154.0,69.6
H,84.71,3.26,73.54,17.0,2270.9,1368.43,0.86,0,No Failure,133.5,62.3
L,74.13,2.69,91.62,14.0,1766.92,1244.11,0.38,0,No Failure,183.4,80.0
L,67.97,1.59,70.47,12.0,1404.42,1287.9,1.8,0,No Failure,125.0,59.3
H,75.73,2.1,88.67,10.0,1700.61,1259.99,10.83,0,No Failure,140.5,64.8
L,65.56,5.17,84.04,18.0,1887.96,974.97,1.58,0,No Failure,153.9,69.5
L,77.09,2.57,101.26,10.0,1634.32,1170.25,6.35,0,No Failure,149.1,67.8
H,76.36,3.73,82.63,15.0,1887.25,1487.09,1.36,0,No Failure,171.8,75.8
H,74.97,2.57,91.68,14.0,1958.77,1190.48,7.25,0,No Failure,187.2,81.3
L,58.08,3.62,79.0,19.0,2080.55,1294.59,8.3,0,No Failure,147.6,67.3
M,68.55,5.0,104.13,14.0,2173.21,939.63,3.9,0,No Failure,151.4,68.6
M,73.6,2.42,83.35,15.0,2080.19,1102.11,5.08,0,No Failure,204.0,87.2
L,67.84,2.31,79.28,13.0,1726.89,1107.09,3.66,0,No Failure,204.1,87.3
L,67.97,2.96,95.06,14.0,1985.19,1177.905,3.15,0,No Failure,177.7,77.9
H,61.82,0.5,89.43,10.0,1684.84,1197.88,0.0,0,No Failure,131.5,61.6
M,69.0,3.45,66.98,14.0,2387.03,1336.32,14.772,0,No Failure,158.5,71.1
M,53.81,2.18,71.8,15.0,1777.35,1448.11,2.37,0,No Failure,159.4,71.4
L,59.21,1.42,70.78,20.0,1914.13,1173.69,4.33,0,No Failure,156.0,70.2
L,59.68,3.82,68.79,13.0,1197.47,1274.2,5.9,0,No Failure,149.3,67.9
L,59.07,4.22,87.57,14.0,1683.16,1148.11,0.0,0,No Failure,167.8,74.4
L,70.45,2.05,75.92,15.0,1858.58,1379.62,3.36,0,No Failure,192.9,83.3
L,69.24,4.05,71.42,14.0,1834.0,965.71,6.35,0,No Failure,180.2,78.8
L,80.99,3.72,84.77,17.0,1854.97,1112.73,4.7,0,No Failure,180.5,78.9
H,66.75,2.04,71.14,12.0,1823.89,1492.68,1.82,1,High-Torque Shaft Fatigue,3.7,27.3
L,69.58,5.1,95.63,15.0,1888.64,1308.88,3.34,0,No Failure,177.4,77.8
H,52.75,2.825,69.51,14.0,2056.55,1155.04,4.39,0,No Failure,181.1,79.1
M,57.27,2.7,59.69,14.0,2490.29,1436.15,3.21,0,No Failure,133.7,62.3
L,65.46,3.8,87.74,19.0,2002.59,1300.71,10.15,0,No Failure,146.2,66.8
L,61.08,4.42,80.52,15.0,1683.13,1006.0,8.98,0,No Failure,163.3,72.8
H,65.81,1.89,80.14,15.0,2155.65,1047.32,0.0,0,No Failure,172.6,76.1
L,57.07,1.99,104.48,17.0,683.517,1155.54,3.17,0,No Failure,145.6,66.6
M,72.49,1.35,87.99,16.0,2003.81,895.12,4.5,0,No Failure,169.8,75.1
M,71.99,4.05,89.36,14.0,1617.32,1269.19,4.2,0,No Failure,188.8,81.8
M,68.87,-1.438,92.07,11.0,1888.6,1354.78,0.0,0,No Failure,145.0,66.4
L,78.48,1.46,120.399,10.0,2506.22,1643.39,3.52,1,High-Torque Shaft Fatigue,12.6,6.6
L,72.49,2.39,81.24,11.0,2160.27,1270.05,4.54,0,No Failure,185.7,80.8
M,57.99,0.51,64.11,15.0,2146.42,874.05,6.94,0,No Failure,120.4,57.6
L,67.97,1.35,88.73,14.0,1776.59,1198.0,6.89,0,No Failure,188.6,81.8
M,71.31,3.04,92.32,15.0,1833.43,1390.71,8.6,0,No Failure,178.4,78.2
M,75.55,3.32,90.53,11.0,1843.09,1527.93,2.38,1,High-Torque Shaft Fatigue,8.6,23.8
M,66.85,2.95,95.9,14.0,1873.11,1358.16,2.38,0,No Failure,193.4,83.5
M,78.54,0.5,78.2,16.0,1850.49,1191.73,5.68,0,No Failure,168.1,74.5
M,67.87,3.83,69.55,16.0,1752.39,1068.51,1.28,0,No Failure,176.8,77.6
M,75.48,2.42,84.65,17.0,2023.49,989.45,5.86,0,No Failure,177.4,77.8
L,70.98,0.5,77.46,14.0,2131.43,1080.35,1.07,0,No Failure,162.3,72.5
H,73.3,2.1,115.79,12.0,1971.16,970.63,5.09,0,No Failure,139.0,64.2
L,68.93,2.44,84.95,13.0,1941.25,1120.07,4.35,0,No Failure,214.0,90.8
L,65.12,3.76,92.2,14.0,2112.82,1197.92,4.98,0,No Failure,194.5,83.9
L,63.46,0.5,82.78,15.0,1811.11,1043.97,11.12,0,No Failure,155.7,70.2
L,79.53,3.14,72.24,14.0,2339.57,852.63,6.48,0,No Failure,150.0,68.1
L,66.84,2.03,89.74,17.0,1810.03,973.91,9.38,0,No Failure,160.8,71.9
M,65.66,2.13,76.71,16.0,1896.73,1208.72,0.0,0,No Failure,186.1,80.9
M,56.93,2.26,79.76,15.0,1741.6,1130.21,0.51,0,No Failure,179.8,78.7
L,60.78,4.62,75.43,12.0,1871.96,1087.02,8.44,0,No Failure,156.6,70.5
M,72.7,1.78,69.19,17.0,2109.8,1420.36,6.28,0,No Failure,147.8,67.3
L,49.49,4.67,73.36,17.0,1827.97,962.94,5.68,0,No Failure,140.3,64.7
L,69.69,2.94,75.89,16.0,1315.56,1395.07,5.72,0,No Failure,173.8,76.6
M,74.28,4.49,77.86,20.0,1760.2,1069.26,4.56,0,No Failure,158.0,71.0
M,75.52,2.26,78.15,14.0,1921.87,1499.22,0.39,0,No Failure,167.9,74.5
L,68.18,2.51,80.42,15.0,1597.17,1408.92,2.17,0,No Failure,189.5,82.1
L,55.57,3.77,89.16,15.0,2003.27,1476.07,9.79,0,No Failure,145.5,66.5
L,73.24,4.08,80.24,14.0,1864.58,1138.3,7.54,0,No Failure,190.6,82.5
H,70.1,4.67,70.63,15.0,1307.85,1311.43,1.5,0,No Failure,150.5,68.3
M,67.19,3.6,72.29,15.0,1736.4,1248.56,0.19,0,No Failure,182.3,79.6
L,68.01,-1.438,87.77,14.0,1631.11,888.47,7.7,0,No Failure,174.1,76.7
M,59.02,1.55,86.5,17.0,1502.33,627.83,5.97,0,No Failure,128.2,60.4
L,68.61,3.45,87.22,16.0,1478.04,1273.45,3.12,0,No Failure,188.0,81.6
L,69.82,1.79,84.93,13.0,1891.84,1233.59,5.83,0,No Failure,196.6,84.6
M,61.59,4.28,93.36,12.0,1603.87,899.36,7.77,0,No Failure,136.7,63.4
M,81.6,3.24,73.25,13.0,1985.27,1134.7,1.53,0,No Failure,167.2,74.2
M,56.27,3.58,95.49,17.0,2052.91,991.39,5.49,0,No Failure,153.6,69.4
M,58.38,2.56,72.87,13.0,1560.66,1215.48,5.18,0,No Failure,178.0,78.0
M,79.41,2.08,63.82,14.0,2362.01,1264.82,7.91,0,No Failure,138.1,63.9
M,64.94,4.09,80.34,17.0,1586.3,1219.86,10.12,0,No Failure,163.1,72.8
H,74.63,2.91,78.7,15.0,1584.95,1074.0,11.76,0,No Failure,168.3,74.6
M,67.4,2.14,77.66,14.0,1824.84,882.37,1.99,0,No Failure,188.9,81.9
M,62.18,5.34,101.66,16.0,1971.2,1386.16,2.61,0,No Failure,135.2,62.9
M,59.5,3.88,95.24,13.0,2005.0,1457.08,7.12,0,No Failure,149.1,67.8
M,61.24,2.48,84.81,17.0,2441.36,1109.49,3.32,0,No Failure,168.6,74.7
M,75.83,4.3,83.6,14.0,2361.49,1006.57,7.27,0,No Failure,159.1,71.3
L,89.74,3.99,64.4,14.0,1529.92,770.52,4.39,0,No Failure,119.2,57.2
M,68.66,1.56,76.81,13.0,2171.74,940.88,6.15,0,No Failure,169.0,74.8
M,62.13,3.0,80.39,16.0,1439.03,1272.81,0.0,0,No Failure,172.5,76.1
L,67.74,0.5,87.85,10.0,1589.82,1443.57,5.08,1,High-Torque Shaft Fatigue,2.0,21.9
L,67.83,2.88,74.47,17.0,1740.79,1435.67,7.1,0,No Failure,151.9,68.8
L,62.59,1.92,82.99,17.0,1844.805,1410.65,3.63,0,No Failure,155.5,70.1
L,52.99,3.26,70.08,12.0,2276.84,1217.04,5.92,0,No Failure,152.4,69.0
L,69.42,2.61,83.17,9.0,1811.23,1300.91,3.45,0,No Failure,185.4,80.7
M,54.22,4.13,70.58,14.0,1696.65,1185.65,7.14,0,No Failure,161.0,72.0
M,67.62,3.93,74.17,12.0,2234.74,1029.62,2.52,0,No Failure,166.1,73.8
H,71.57,4.25,61.79,19.0,1895.76,933.9,10.85,0,No Failure,111.6,54.5
M,71.42,1.64,77.28,16.0,1796.75,1272.97,7.63,0,No Failure,178.2,78.1
M,75.1,3.35,85.93,13.0,1738.64,1486.17,4.61,1,High-Torque Shaft Fatigue,11.9,33.7
L,68.22,2.85,100.31,16.0,1789.21,1150.46,5.43,0,No Failure,195.8,84.4
M,65.61,2.08,59.07,14.0,1836.75,1064.23,2.64,0,No Failure,176.4,77.5
M,70.25,3.45,77.62,17.0,2133.62,1179.01,3.55,0,No Failure,191.4,82.8
L,59.1,0.98,82.44,17.0,1812.1,1489.06,8.56,0,No Failure,141.3,65.1
M,82.68,3.44,87.78,17.0,1540.73,1391.51,1.5,0,No Failure,140.6,64.8
H,69.03,4.08,66.65,13.0,1914.02,1393.78,0.0,0,No Failure,157.7,70.8
M,58.09,2.61,81.03,14.0,1850.49,887.87,2.47,0,No Failure,177.6,77.9
L,68.31,2.56,76.93,7.0,2033.81,1301.54,11.06,0,No Failure,139.2,64.3
M,59.97,3.91,95.29,12.0,1833.88,1463.06,3.67,1,High-Torque Shaft Fatigue,6.4,24.6
H,72.18,2.8,95.32,12.0,1966.65,1355.42,1.29,0,No Failure,167.0,74.1
M,69.29,2.34,80.86,14.0,1860.57,1217.7,6.3,0,No Failure,216.7,91.8
L,64.88,1.49,75.6,12.0,1590.43,1251.15,7.36,0,No Failure,167.0,74.1
M,57.46,2.92,100.98,15.0,1636.08,1186.09,5.39,0,No Failure,179.1,78.4
L,67.95,2.14,72.04,17.0,2305.39,1043.23,1.97,0,No Failure,162.3,72.5
M,77.58,1.83,79.39,16.0,1999.84,1345.07,4.88,0,No Failure,180.3,78.9
L,75.01,2.92,71.68,17.0,1847.31,1014.22,0.84,0,No Failure,166.5,74.0
H,70.43,4.01,103.59,11.0,1704.87,1196.61,0.52,0,No Failure,146.8,67.0
H,57.49,2.0,90.31,12.0,2551.93,1177.13,4.94,0,No Failure,154.2,69.6
L,66.06,3.56,95.23,13.0,1589.97,1187.22,5.48,0,No Failure,185.2,80.6
L,62.85,4.03,93.15,14.0,1392.84,972.96,1.43,0,No Failure,152.2,68.9
L,79.3,2.63,85.72,12.0,1957.35,1286.36,0.0,0,No Failure,161.2,72.1
L,75.4,5.07,85.1,15.0,1901.83,1353.18,6.89,0,No Failure,167.4,74.3
L,63.12,0.52,80.87,15.0,1642.79,802.04,6.96,0,No Failure,154.2,69.6
M,66.73,4.3,79.68,12.0,956.55,1168.99,5.43,0,No Failure,159.5,71.5
M,69.5,1.98,85.34,13.0,1523.27,1149.0,6.01,0,No Failure,186.6,81.1
L,62.1,5.24,64.93,15.0,2083.33,1160.07,6.22,0,No Failure,155.9,70.2
M,78.08,0.98,87.88,14.0,1743.05,1171.47,4.67,0,No Failure,185.5,80.7
L,56.97,2.96,75.69,15.0,2280.71,1165.58,1.54,0,No Failure,177.1,77.7
M,67.24,4.65,87.41,16.0,1503.11,1361.6,5.45,0,No Failure,171.2,75.6
M,63.68,2.19,78.85,15.0,2365.87,591.4,0.0,0,No Failure,130.3,61.1
L,69.01,4.7,62.42,13.0,1400.68,1581.75,3.63,1,High-Torque Shaft Fatigue,14.0,15.6
M,62.44,1.28,57.62,16.0,1578.72,1173.25,3.89,0,No Failure,158.1,71.0
H,65.59,2.75,62.89,19.0,1927.33,1031.43,6.42,0,No Failure,159.3,71.4
M,55.99,1.36,66.57,12.0,2394.8,888.11,5.16,0,No Failure,120.9,57.8
M,57.59,2.92,73.43,11.0,2260.54,988.3,4.4,0,No Failure,154.6,69.8
L,77.21,1.68,79.28,17.0,3021.596,1377.04,6.7,0,No Failure,162.7,72.6
H,64.82,3.3,77.72,16.0,1409.79,1245.29,6.71,0,No Failure,181.2,79.2
L,64.69,4.98,68.65,14.0,1538.43,1427.03,4.32,0,No Failure,157.1,70.6
M,60.89,2.08,82.36,17.0,2168.84,1119.44,5.27,0,No Failure,181.3,79.2
L,72.93,1.81,86.98,15.0,1996.23,679.82,4.61,0,No Failure,167.0,74.1
M,81.08,4.39,67.84,18.0,2234.24,1047.06,6.54,1,Planetary Gearbox Overheat,10.1,14.5
L,39.666,0.5,73.4,14.0,1928.49,1221.05,7.68,0,No Failure,147.9,67.4
H,80.0,2.63,83.6,12.0,1767.09,1367.83,7.11,0,No Failure,169.4,75.0
L,71.85,4.98,79.91,20.0,2017.57,1019.17,1.22,0,No Failure,139.0,64.2
L,63.55,2.81,89.98,13.0,1583.52,470.614,4.67,0,No Failure,198.3,85.2
M,60.22,2.21,74.7,13.0,1702.41,936.75,7.44,0,No Failure,160.7,71.9
M,61.07,3.32,81.33,15.0,1238.1,1290.3,6.43,0,No Failure,177.3,77.8
L,83.21,2.88,71.33,14.0,1899.49,1348.45,1.09,0,No Failure,158.2,71.0
L,67.97,1.41,74.65,14.0,2190.8,912.03,3.74,0,No Failure,148.9,67.7
L,63.37,2.81,86.63,13.0,1122.84,1188.53,6.64,0,No Failure,173.7,76.5
L,59.93,4.58,82.67,15.0,2136.26,1265.23,4.57,0,No Failure,167.7,74.4
M,61.22,2.42,84.69,14.0,2563.34,1482.62,2.17,0,No Failure,152.8,69.1
M,75.81,3.04,89.93,15.0,1713.68,1150.66,4.35,0,No Failure,202.4,86.7
M,67.14,1.0,76.79,13.0,1978.11,894.02,7.44,0,No Failure,161.3,72.1
M,80.51,1.89,91.97,11.0,2045.19,1524.7,3.33,1,High-Torque Shaft Fatigue,10.2,16.9
H,67.65,0.5,79.95,12.0,1389.24,1297.64,5.69,0,No Failure,160.8,72.0
M,58.58,3.56,81.79,16.0,1392.05,1239.08,0.0,0,No Failure,158.3,71.1
M,72.25,3.16,83.16,16.0,1593.57,1314.67,5.94,0,No Failure,191.8,82.9
L,70.05,2.02,68.78,14.0,1678.1,1363.36,0.0,0,No Failure,163.6,72.9
L,68.44,2.12,87.64,15.0,1251.49,1273.45,8.02,0,No Failure,172.8,76.2
L,74.71,1.98,89.49,14.0,1880.36,1085.92,3.68,0,No Failure,193.6,83.6
L,59.24,2.75,84.82,18.0,2101.7,919.74,5.37,0,No Failure,164.9,73.4
M,39.666,3.64,116.5,16.0,1814.3,1576.64,3.17,0,No Failure,133.8,62.4
H,62.62,-1.438,93.31,15.0,1562.56,1237.57,0.0,0,No Failure,162.6,72.6
L,68.63,3.13,88.85,14.0,2020.57,967.15,5.05,0,No Failure,198.5,85.3
L,62.74,4.11,95.07,11.0,2415.35,1356.06,2.77,0,No Failure,132.9,62.1
H,68.62,3.33,78.14,17.0,1792.91,1177.73,1.6,0,No Failure,178.6,78.2
H,67.51,2.57,91.86,14.0,1678.45,1062.84,2.55,0,No Failure,193.5,83.5
H,67.85,2.89,75.65,18.0,1644.53,1179.43,6.16,0,No Failure,195.1,84.1
L,63.65,4.34,80.76,11.0,2267.01,1142.55,2.8,0,No Failure,164.4,73.2
L,57.42,3.59,85.37,15.0,1718.75,1050.57,5.05,0,No Failure,186.0,80.9
L,74.96,4.39,73.44,11.0,2054.13,1192.8,4.73,0,No Failure,168.4,74.7
M,78.94,2.82,82.33,12.0,1958.16,1070.29,4.06,0,No Failure,186.6,81.1
M,72.21,3.96,76.68,16.0,1738.13,1256.31,1.51,0,No Failure,182.0,79.5
M,92.66,1.6,107.14,16.0,1461.97,1119.35,6.63,0,No Failure,109.2,53.7
M,71.43,0.5,90.11,14.0,2231.2,1074.98,2.2,0,No Failure,158.6,71.2
M,72.94,2.95,103.9,12.0,1826.75,965.54,4.74,0,No Failure,168.5,74.7
L,58.11,3.1,88.3,16.0,1449.9,967.43,2.6,0,No Failure,159.7,71.6
L,66.01,2.2,71.08,15.0,1659.35,959.37,3.29,0,No Failure,180.9,79.1
M,57.83,3.97,73.82,17.0,2004.39,1033.24,0.0,0,No Failure,146.7,67.0
L,65.43,2.54,80.63,13.0,2510.75,1119.92,6.97,0,No Failure,174.3,76.7
H,62.2,0.87,98.31,14.0,1707.92,972.35,3.36,0,No Failure,156.3,70.4
L,55.16,3.75,89.36,9.0,2139.92,1408.48,10.63,0,No Failure,107.5,53.1
M,77.71,3.12,79.24,16.0,1547.4,976.82,1.55,0,No Failure,165.1,73.5
M,59.35,1.61,43.151,23.0,1848.88,951.08,3.25,0,No Failure,186.9,81.2
L,64.04,3.1,76.14,15.0,966.4,1661.44,7.1,0,No Failure,133.0,62.1
M,70.15,2.83,68.23,17.0,2466.58,1571.43,3.21,0,No Failure,139.7,64.5
M,66.18,2.17,79.63,14.0,2672.56,1009.63,3.21,0,No Failure,168.9,74.8
H,74.25,2.0,79.48,15.0,1999.17,1027.05,5.91,0,No Failure,187.2,81.3
M,71.26,6.26,77.67,15.0,2178.77,885.07,3.28,0,No Failure,160.7,71.9
M,59.01,3.66,78.12,14.0,1904.0,1364.6,4.18,0,No Failure,192.8,83.3
M,62.75,2.74,68.49,13.0,1842.16,1126.83,4.93,0,No Failure,193.3,83.5
H,62.63,1.89,85.25,14.0,1581.2,1067.05,4.71,0,No Failure,188.7,81.8
H,70.59,-1.438,68.18,13.0,1302.0,1371.65,3.31,0,No Failure,151.9,68.8
M,70.1,3.67,84.73,15.0,2016.34,1143.93,6.97,0,No Failure,200.7,86.1
M,62.76,3.61,92.11,16.0,1850.49,1357.64,2.13,0,No Failure,167.6,74.4
H,67.95,3.62,81.06,16.0,1520.16,1310.16,3.23,0,No Failure,192.0,83.0
L,58.45,3.81,74.37,15.0,1979.46,1056.43,2.64,0,No Failure,176.7,77.6
M,71.16,3.56,79.56,15.0,2089.52,1327.21,2.78,0,No Failure,190.0,82.3
H,77.42,1.19,77.48,14.0,1805.08,1097.32,2.35,0,No Failure,173.9,76.6
H,64.01,4.43,77.54,14.0,1685.31,1062.56,6.39,0,No Failure,178.9,78.4
L,60.63,4.36,74.07,17.0,1983.4,1110.21,5.62,0,No Failure,169.8,75.1
M,72.8,3.87,90.06,12.0,1636.36,1443.16,4.71,1,High-Torque Shaft Fatigue,12.7,27.7
M,68.91,3.55,83.55,14.0,1587.7,991.29,7.24,0,No Failure,190.3,82.4
L,66.94,1.39,86.78,11.0,2215.49,1474.67,8.0,1,High-Torque Shaft Fatigue,7.0,19.9
H,76.77,0.88,81.715,14.0,1730.39,1525.93,1.25,0,No Failure,147.1,67.1
L,68.12,1.55,87.22,11.0,1714.61,1107.88,3.77,0,No Failure,178.8,78.3
H,65.06,1.34,86.09,14.0,1750.31,1412.67,3.48,0,No Failure,183.7,80.1
M,54.61,2.73,107.65,14.0,1837.29,1192.3,4.55,0,No Failure,175.8,77.3
L,62.45,5.35,94.79,17.0,1877.48,1136.77,4.45,0,No Failure,167.1,74.2
L,64.0,0.56,86.04,15.0,2249.55,1526.62,4.87,0,No Failure,156.4,70.4
L,65.42,1.11,94.17,14.0,2073.56,1297.85,2.38,0,No Failure,170.4,75.4
L,65.37,3.6,88.31,10.0,1320.05,926.62,5.29,0,No Failure,146.9,67.0
L,67.97,3.06,76.67,16.0,1639.87,985.35,7.24,0,No Failure,184.0,80.2
M,62.99,1.51,95.96,15.0,1605.75,1893.461,10.58,0,No Failure,143.2,65.7
L,60.56,3.05,114.29,15.0,1874.49,1609.92,6.26,0,No Failure,139.3,64.3
L,63.81,2.35,80.06,16.0,1835.28,1292.62,0.46,0,No Failure,185.5,80.7
L,62.55,2.8,81.9,16.0,1858.15,1077.0,-5.802,0,No Failure,207.6,88.5
L,73.93,1.87,70.52,10.0,2604.51,947.31,0.87,0,No Failure,108.4,53.4
H,54.01,2.29,83.8,16.0,1836.53,866.95,4.15,0,No Failure,172.8,76.2
M,85.16,-1.438,80.06,11.0,1575.62,1270.53,3.29,0,No Failure,159.4,71.4
L,58.26,2.63,81.43,15.0,2056.21,1090.17,6.7,0,No Failure,188.7,81.8
M,70.48,2.79,68.43,12.0,2093.75,1174.17,3.69,0,No Failure,186.4,81.0
L,73.5,2.89,84.31,23.0,1668.91,1218.43,0.39,0,No Failure,196.4,84.6
H,64.97,0.5,84.13,14.0,1752.36,470.614,5.51,0,No Failure,179.8,78.7
L,66.66,0.67,69.78,12.0,1767.62,1196.15,2.08,0,No Failure,165.3,73.5
L,71.18,4.76,102.58,16.0,1764.6,1465.8,4.11,0,No Failure,152.1,68.9
L,56.71,3.79,82.97,13.0,2421.41,1140.64,6.08,0,No Failure,163.6,72.9
L,74.16,2.58,100.59,15.0,1275.91,664.19,0.0,0,No Failure,114.4,55.5
L,63.96,3.37,89.43,15.0,1781.42,1228.54,7.06,0,No Failure,197.0,84.8
M,76.67,2.51,84.93,14.0,2191.71,1409.08,6.09,0,No Failure,175.8,77.3
M,58.19,3.42,68.23,16.0,2493.94,1306.68,4.87,0,No Failure,152.2,68.9
M,69.49,2.75,80.99,15.0,1739.49,1116.46,4.26,0,No Failure,218.9,92.5
L,71.19,2.68,74.45,17.0,1816.78,1090.93,3.91,0,No Failure,195.2,84.1
M,53.99,1.33,62.2,13.0,1262.39,1298.67,4.14,0,No Failure,129.6,60.9
L,64.51,3.01,87.33,16.0,1782.97,1471.88,8.65,0,No Failure,174.1,76.7
L,54.74,1.73,98.3,14.0,2069.97,919.82,0.61,0,No Failure,133.0,62.1
M,72.93,3.88,102.08,14.0,2071.27,961.24,5.59,0,No Failure,161.9,72.3
L,58.21,7.148,65.36,12.0,1399.93,1068.84,5.13,0,No Failure,149.4,67.9
H,62.96,1.64,71.17,16.0,2838.7,1023.94,6.7,0,No Failure,151.5,68.7
M,73.0,3.35,92.81,17.0,1730.14,1651.39,3.23,0,No Failure,153.4,69.3
L,68.7,2.71,99.36,15.0,2045.76,1077.16,5.09,0,No Failure,190.4,82.4
L,69.47,1.64,72.07,14.0,3021.596,1304.94,6.61,0,No Failure,177.5,77.9
M,61.65,5.97,96.74,12.0,2346.06,1149.09,0.0,1,Stator Insulation Thermal Fault,5.9,10.8
H,62.64,2.86,75.09,9.0,1758.79,1246.93,1.48,0,No Failure,162.6,72.6
L,65.48,2.72,82.81,14.0,1391.77,1100.83,4.09,0,No Failure,200.5,86.0
H,62.52,1.6,87.24,12.0,1798.91,1351.18,5.14,0,No Failure,173.8,76.5
H,75.32,2.63,78.86,15.0,2337.87,1166.57,0.09,0,No Failure,173.7,76.5
L,74.71,3.42,91.54,16.0,1946.5,1059.83,2.09,0,No Failure,178.9,78.4
H,59.84,3.37,86.06,13.0,2449.15,1117.5,1.92,0,No Failure,165.4,73.6
M,70.1,3.0,74.31,14.0,1600.1,1419.78,7.65,0,No Failure,176.0,77.3
M,67.69,2.42,43.151,17.0,1850.49,990.11,3.52,0,No Failure,179.4,78.5
M,51.72,4.29,88.81,18.0,2153.87,969.34,3.74,0,No Failure,136.0,63.2
H,63.62,4.78,69.7,13.0,1365.03,842.75,1.67,0,No Failure,130.0,61.0
M,80.6,2.61,73.81,16.0,1545.01,1207.04,7.05,0,No Failure,168.1,74.5
M,59.51,1.82,67.68,15.0,1920.39,1302.94,5.71,0,No Failure,173.1,76.3
L,76.22,2.72,64.32,6.0,2488.61,1277.91,3.23,0,No Failure,144.1,66.0
H,69.5,2.64,99.9,13.0,1577.44,1498.75,3.9,1,High-Torque Shaft Fatigue,3.7,27.4
L,73.28,3.16,86.44,17.0,2072.85,1013.05,6.48,0,No Failure,175.9,77.3
M,64.63,1.23,82.53,13.0,2173.28,1169.15,1.46,0,No Failure,178.3,78.1
L,58.63,2.33,66.72,17.0,1844.805,1203.36,2.79,0,No Failure,161.6,72.2
H,76.03,1.22,82.81,11.0,3021.596,1191.09,0.0,0,No Failure,143.0,65.6
M,71.78,3.25,66.55,17.0,2006.59,908.33,0.0,0,No Failure,146.7,66.9
L,68.18,2.79,79.7,12.0,1813.93,1124.3,3.07,0,No Failure,208.4,88.8
H,64.84,4.23,67.25,14.0,1889.91,1297.45,0.0,0,No Failure,164.5,73.3
L,69.98,0.75,96.92,11.0,1858.57,1148.97,7.18,0,No Failure,156.5,70.4
L,63.56,1.09,87.97,15.0,1784.96,1122.57,2.04,0,No Failure,184.4,80.3
L,62.23,3.12,74.05,16.0,2232.23,1248.5,4.59,0,No Failure,174.5,76.8
M,65.88,3.81,72.92,17.0,1745.7,1286.59,6.24,0,No Failure,176.6,77.6
M,62.01,4.81,96.19,10.0,1591.51,1187.61,4.72,0,No Failure,145.8,66.6
H,78.84,3.13,86.26,14.0,1852.08,931.51,2.85,0,No Failure,182.9,79.8
L,66.68,3.36,98.93,13.0,1722.75,1235.12,4.87,0,No Failure,190.0,82.3
L,74.77,2.88,77.04,13.0,2218.91,1058.6,3.39,0,No Failure,181.6,79.3
M,57.76,1.06,94.28,15.0,2104.47,1413.0,1.89,0,No Failure,143.4,65.8
L,67.53,0.56,71.86,13.0,2102.05,1032.57,9.43,0,No Failure,142.0,65.3
M,57.37,3.44,91.57,13.0,1604.31,1078.89,5.89,0,No Failure,171.3,75.7
L,64.4,2.38,78.57,10.0,1735.43,1013.39,5.36,0,No Failure,177.1,77.7
M,70.03,1.5,96.48,15.0,1922.65,1019.9,5.14,0,No Failure,183.3,79.9
L,65.99,3.48,88.76,16.0,1575.03,1111.16,11.04,0,No Failure,163.0,72.7
H,83.73,1.36,64.63,16.0,2090.51,1437.47,8.92,0,No Failure,110.4,54.1
L,69.33,3.08,77.4,13.0,1960.06,1197.82,6.95,0,No Failure,199.9,85.8
M,75.21,2.67,71.88,17.0,2134.37,1404.27,5.13,0,No Failure,163.7,73.0
M,64.41,1.62,84.17,15.0,2012.36,1254.74,2.77,0,No Failure,194.8,84.0
M,82.04,2.49,67.48,18.0,1659.92,1081.14,2.4,0,No Failure,145.7,66.6
L,61.72,1.44,74.86,12.0,1632.58,1326.92,2.58,0,No Failure,160.5,71.9
M,68.72,1.91,87.62,12.0,1875.93,1019.96,3.57,0,No Failure,187.5,81.4
L,64.1,4.26,80.86,15.0,1617.75,1528.25,0.98,0,No Failure,161.7,72.3
M,67.98,2.06,77.55,16.0,1911.54,1152.2,6.08,0,No Failure,201.8,86.5
M,96.271,0.56,67.84,12.0,1961.73,1307.34,1.19,0,No Failure,141.8,65.2
M,76.17,1.01,74.25,14.0,1927.61,1309.22,7.58,0,No Failure,166.4,73.9
M,71.06,3.98,66.92,17.0,1273.97,1224.77,10.26,0,No Failure,131.8,61.7
M,69.07,4.8,88.33,13.0,2035.55,1141.65,2.22,0,No Failure,178.4,78.2
L,56.99,2.31,93.05,6.0,1238.51,1115.57,3.95,0,No Failure,153.9,69.5
L,62.5,4.39,98.83,8.0,1129.49,1173.77,3.99,0,No Failure,116.4,56.2
M,59.41,2.94,120.399,16.0,1278.73,987.34,8.47,0,No Failure,139.1,64.3
M,65.13,2.95,88.04,13.0,1882.64,1258.02,2.0,0,No Failure,200.1,85.9
M,79.24,0.5,103.01,12.0,1653.86,1133.33,7.44,0,No Failure,124.4,59.1
L,63.39,3.7,83.11,16.0,1929.28,1492.04,2.0,0,No Failure,175.6,77.2
M,65.49,4.45,72.32,16.0,1393.72,1115.46,6.6,0,No Failure,162.7,72.6
L,62.03,1.96,85.88,14.0,1957.88,1162.92,9.24,0,No Failure,182.7,79.7
L,55.72,3.51,82.47,15.0,1977.1,1252.62,1.81,0,No Failure,184.9,80.5
M,71.42,4.09,68.11,15.0,1869.17,1131.67,7.97,0,No Failure,179.4,78.6
M,62.06,3.9,81.83,16.0,2053.83,1472.52,6.31,0,No Failure,170.2,75.3
M,66.11,3.44,76.68,10.0,1781.83,1198.04,0.0,0,No Failure,171.2,75.6
M,58.21,1.84,91.78,12.0,1707.95,1209.24,4.48,0,No Failure,177.1,77.7
H,47.05,0.71,92.38,11.0,1005.92,1392.28,3.08,0,No Failure,83.8,44.7
M,85.25,4.09,67.47,9.0,2438.33,1137.11,5.19,0,No Failure,110.0,54.0
M,65.22,3.26,85.29,14.0,1715.23,1433.41,4.28,0,No Failure,184.9,80.5
L,63.68,2.77,68.1,14.0,1539.21,1523.37,1.33,0,No Failure,158.0,71.0
L,73.79,2.03,91.76,11.0,1960.45,1299.74,2.89,0,No Failure,162.2,72.4
H,74.16,3.07,77.39,15.0,1628.72,1020.75,1.38,0,No Failure,183.1,79.8
L,60.78,1.63,71.91,16.0,1909.83,1297.32,7.82,0,No Failure,161.8,72.3
M,63.37,3.73,81.06,13.0,2163.87,1276.02,2.57,0,No Failure,183.6,80.0
H,68.92,3.07,73.42,17.0,1535.18,1213.94,8.04,0,No Failure,177.9,78.0
L,54.72,1.78,105.08,12.0,2228.7,1312.84,4.11,1,Stator Insulation Thermal Fault,5.0,16.0
M,73.75,3.72,78.22,14.0,1529.49,1041.66,5.48,0,No Failure,184.2,80.2
L,73.58,2.55,74.2,12.0,1771.94,1262.36,7.99,0,No Failure,174.1,76.7
L,68.26,3.21,79.65,18.0,2601.26,1324.18,3.17,0,No Failure,163.2,72.8
L,83.82,2.78,86.51,18.0,1398.01,1138.8,5.17,0,No Failure,157.4,70.7
H,66.14,3.68,83.08,15.0,2045.28,825.14,6.88,0,No Failure,180.5,78.9
L,81.73,3.5,82.74,10.0,2231.46,1302.5,2.65,0,No Failure,148.2,67.5
M,62.03,2.97,87.29,12.0,1552.99,1381.11,3.62,0,No Failure,177.5,77.9
L,67.97,1.88,88.01,13.0,2042.69,1486.85,3.35,0,No Failure,168.5,74.7
M,73.07,3.28,99.53,14.0,683.517,1250.18,6.05,1,Stator Insulation Thermal Fault,7.5,30.4
M,77.71,2.49,79.01,10.0,1303.35,938.63,3.71,0,No Failure,142.7,65.5
M,61.69,2.76,98.24,14.0,3021.596,1058.75,8.25,0,No Failure,173.3,76.4
M,63.95,2.16,89.65,13.0,2414.89,1491.63,1.97,0,No Failure,149.0,67.8
M,62.79,2.6,84.44,11.0,2028.78,1220.22,8.79,0,No Failure,171.1,75.6
L,75.13,4.84,92.23,17.0,1909.12,1053.17,8.67,0,No Failure,146.7,67.0
H,57.26,0.5,85.27,16.0,1887.33,848.0,5.56,0,No Failure,151.7,68.7
M,57.1,2.82,87.96,15.0,1964.45,960.52,3.94,0,No Failure,188.7,81.8
L,69.07,1.45,120.399,18.0,1642.12,1032.6,5.85,0,No Failure,172.8,76.2
L,74.7,1.36,61.05,13.0,2057.18,894.77,1.92,0,No Failure,135.0,62.8
H,58.31,3.2,90.68,16.0,2116.69,1403.48,5.8,0,No Failure,168.2,74.6
H,65.09,1.71,96.45,10.0,1796.03,1308.12,6.56,0,No Failure,150.7,68.4
L,57.31,4.05,83.73,14.0,1853.17,1495.97,4.02,0,No Failure,180.7,79.0
M,69.64,2.76,98.72,14.0,1568.3,1089.39,2.91,0,No Failure,186.5,81.1
L,78.9,4.2,84.59,17.0,1941.87,1494.35,7.46,0,No Failure,144.1,66.0
H,62.71,4.4,53.85,17.0,2361.99,1383.12,1.68,0,No Failure,113.0,55.0
M,58.86,3.13,81.25,15.0,1791.38,1414.21,4.99,0,No Failure,193.8,83.6
L,63.08,2.59,109.28,14.0,1901.6,1326.04,0.0,0,No Failure,157.5,70.8
M,61.99,3.04,105.09,15.0,1857.24,1255.67,7.01,0,No Failure,176.2,77.4
H,55.67,4.56,100.17,16.0,2144.33,1479.71,8.42,0,No Failure,113.2,55.1
L,73.04,0.5,80.79,12.0,1542.16,995.98,0.0,0,No Failure,139.8,64.5
M,81.33,2.7,81.36,6.0,2080.04,991.32,4.55,0,No Failure,174.6,76.8
H,68.78,2.51,43.151,12.0,1667.13,1258.48,5.57,0,No Failure,173.9,76.6
M,56.89,1.62,84.65,15.0,1766.33,1416.95,5.93,0,No Failure,174.1,76.7
M,75.89,0.5,83.75,12.0,1909.25,843.98,8.28,0,No Failure,134.5,62.6
M,68.71,2.65,78.78,14.0,2051.84,1256.53,4.06,0,No Failure,213.1,90.5
L,67.97,3.16,100.13,15.0,2182.61,1196.53,5.61,0,No Failure,186.6,81.1
L,62.81,1.69,95.61,14.0,1780.6,1305.55,4.59,0,No Failure,176.4,77.5
L,80.79,1.98,86.36,14.0,1822.32,1379.14,4.59,0,No Failure,176.2,77.4
L,71.66,4.19,85.52,18.0,1938.63,1014.94,2.45,0,No Failure,163.9,73.0
L,58.43,3.74,87.04,17.0,1500.11,1217.99,6.71,0,No Failure,165.2,73.5
L,81.1,4.72,85.91,17.0,1295.61,1477.9,3.01,1,Planetary Gearbox Overheat,1.8,12.9
M,72.8,2.67,91.18,13.0,1542.16,1326.12,8.28,0,No Failure,167.5,74.3
M,68.14,4.22,95.29,16.0,1603.31,936.64,6.27,0,No Failure,164.4,73.2
L,78.96,2.05,95.42,17.0,1668.27,1193.36,3.23,0,No Failure,163.6,72.9
L,70.58,2.92,80.04,18.0,1900.34,1203.04,9.04,0,No Failure,188.0,81.6
L,81.28,3.98,99.08,11.0,2200.6,920.52,3.7,1,Stator Insulation Thermal Fault,14.0,14.2
L,81.19,3.28,64.19,18.0,2190.05,1011.25,7.94,0,No Failure,127.0,60.0
L,72.3,2.18,77.17,14.0,1937.75,1190.61,0.0,0,No Failure,190.9,82.6
L,70.13,3.42,93.1,11.0,2558.06,992.65,3.22,0,No Failure,145.9,66.7
L,64.95,2.56,69.15,14.0,1770.2,887.4,1.78,0,No Failure,173.5,76.4
H,52.5,3.78,60.35,14.0,2284.49,1130.99,6.57,0,No Failure,138.0,63.9
L,67.95,3.99,75.81,16.0,1759.71,994.35,5.06,0,No Failure,192.7,83.2
L,59.42,1.04,83.0,20.0,1972.45,1235.33,6.99,0,No Failure,149.0,67.8
L,73.56,0.72,73.81,17.0,1535.0,912.69,3.94,0,No Failure,141.7,65.2
M,79.62,1.37,75.02,12.0,1894.66,1412.13,7.81,0,No Failure,140.6,64.8
L,78.99,2.2,95.24,14.0,1650.87,1036.39,8.88,0,No Failure,153.5,69.4
L,71.34,2.01,94.61,12.0,2061.92,1212.99,3.96,0,No Failure,175.3,77.1
M,59.5,3.81,78.02,10.0,2085.78,1186.37,4.63,0,No Failure,167.1,74.2
M,79.76,2.49,43.151,6.0,1596.86,1296.19,0.0,0,No Failure,141.2,65.0
M,76.29,2.97,78.92,12.0,1482.7,1007.82,3.35,0,No Failure,170.7,75.5
L,60.91,3.16,87.85,15.0,1744.4,1194.7,1.98,0,No Failure,196.4,84.6
M,71.38,3.49,52.0,13.0,1978.79,1625.34,8.7,1,High-Torque Shaft Fatigue,6.6,12.9
L,68.93,2.05,63.75,12.0,2014.49,1464.82,5.7,1,High-Torque Shaft Fatigue,10.5,24.8
M,70.83,1.31,94.96,16.0,1848.93,925.13,1.45,0,No Failure,154.6,69.8
M,58.39,4.84,81.15,13.0,2071.27,949.22,6.45,0,No Failure,142.9,65.6
L,65.23,4.7,95.38,16.0,2252.0,946.97,5.14,0,No Failure,148.3,67.5
H,70.36,2.47,88.04,14.0,1546.74,1233.99,4.02,0,No Failure,203.3,87.0
H,72.49,2.67,94.01,6.0,1467.93,1046.63,6.94,0,No Failure,161.6,72.2
L,80.79,2.71,85.55,13.0,1573.39,974.36,2.09,0,No Failure,162.9,72.7
L,80.48,2.38,83.3,13.0,2109.99,1090.95,0.74,0,No Failure,166.1,73.8
L,67.97,2.69,85.72,18.0,1869.45,1322.08,5.74,0,No Failure,196.7,84.6
L,76.25,5.63,76.52,14.0,1638.43,1082.36,5.82,0,No Failure,161.8,72.3
L,67.97,4.16,58.03,11.0,1674.74,1164.25,4.0,0,No Failure,159.4,71.5
H,68.88,2.15,66.27,13.0,1852.08,1048.39,7.0,0,No Failure,151.3,68.6
M,61.69,2.16,74.01,12.0,1944.6,751.38,6.35,0,No Failure,154.2,69.6
M,65.78,3.02,84.77,16.0,2199.77,778.91,4.56,0,No Failure,177.1,77.7
L,63.34,1.34,59.46,14.0,1736.96,1325.12,3.99,0,No Failure,166.0,73.8
L,68.51,3.81,79.46,14.0,1755.68,1175.49,3.87,0,No Failure,214.0,90.8
M,67.53,3.67,84.62,13.0,1932.31,1509.56,3.15,1,High-Torque Shaft Fatigue,3.1,34.8
M,70.76,0.5,80.13,12.0,1906.98,1234.48,7.27,0,No Failure,169.8,75.2
M,61.95,-1.438,87.8,16.0,2131.31,1893.461,1.51,0,No Failure,173.7,76.5
H,80.54,3.63,79.16,13.0,1225.83,1168.12,6.29,0,No Failure,158.0,71.0
M,58.88,3.26,83.61,16.0,1689.06,1509.2,1.43,0,No Failure,160.9,72.0
M,60.46,2.55,82.19,15.0,1143.08,1256.44,4.01,0,No Failure,181.0,79.1
H,61.82,2.22,81.4,16.0,1852.08,1064.26,1.88,0,No Failure,187.8,81.5
L,58.13,3.62,71.33,11.0,1733.88,1214.75,5.7,0,No Failure,164.3,73.2
L,61.16,3.11,76.73,19.0,1854.28,1161.97,14.772,0,No Failure,183.4,80.0
M,65.76,2.73,71.2,14.0,2231.95,1369.51,5.9,0,No Failure,179.0,78.4
M,68.83,0.66,81.52,15.0,1837.2,1080.31,0.71,0,No Failure,180.3,78.9
H,77.03,2.19,68.98,16.0,1655.74,1394.97,3.51,0,No Failure,159.6,71.5
H,68.33,1.76,84.93,21.0,683.517,1188.14,3.62,0,No Failure,154.9,69.9
L,69.73,4.08,94.85,15.0,1720.42,1453.46,7.31,0,No Failure,164.3,73.2
H,85.46,3.69,80.03,16.0,2661.35,1162.92,3.43,0,No Failure,147.2,67.1
H,72.1,2.76,102.71,15.0,1659.34,1501.48,0.0,0,No Failure,150.1,68.2
H,73.52,0.94,76.22,15.0,1258.94,1116.02,9.11,0,No Failure,143.7,65.9
L,67.97,2.49,99.34,11.0,1597.45,1077.98,5.57,0,No Failure,162.3,72.5
H,73.52,1.9,78.53,12.0,1465.06,1423.84,5.38,0,No Failure,163.2,72.8
L,64.63,0.82,84.59,16.0,1625.42,1177.905,8.57,0,No Failure,164.0,73.1
L,60.17,2.77,75.46,21.0,1831.6,1220.36,0.0,0,No Failure,171.6,75.8
L,68.75,3.07,82.81,13.0,2280.72,1003.18,8.49,0,No Failure,177.8,78.0
L,88.5,2.73,79.78,14.0,1504.23,1442.13,4.82,0,No Failure,161.8,72.3
M,68.33,1.01,72.65,13.0,1828.76,1244.58,6.86,0,No Failure,176.3,77.4
M,64.75,2.92,76.61,13.0,1958.34,1282.07,6.49,0,No Failure,172.1,75.9
L,72.83,3.5,86.7,17.0,1975.5,1268.2,7.46,0,No Failure,177.7,77.9
M,59.39,2.92,73.57,13.0,1512.06,1482.35,0.0,0,No Failure,145.8,66.6
M,69.21,2.63,73.42,12.0,1575.38,1422.44,7.68,0,No Failure,165.0,73.4
H,78.82,4.52,83.75,16.0,1852.08,1067.14,3.36,0,No Failure,164.0,73.1
M,61.53,4.13,86.83,13.0,1519.77,1037.14,4.37,0,No Failure,172.9,76.2
L,69.94,2.05,90.06,17.0,1814.34,1159.36,2.48,0,No Failure,189.6,82.1
M,67.51,4.64,74.38,16.0,1828.89,1013.42,4.56,0,No Failure,177.7,77.9
M,69.81,1.54,68.86,15.0,2145.45,1485.24,6.08,0,No Failure,159.3,71.4
L,70.7,3.64,73.96,14.0,957.54,1099.59,4.51,0,No Failure,167.0,74.1
L,58.36,3.1,80.48,15.0,1637.57,1270.26,3.54,0,No Failure,197.4,84.9
M,60.24,1.64,88.54,14.0,1660.84,1307.24,1.16,0,No Failure,168.5,74.7
M,58.14,2.09,63.27,17.0,2160.74,1893.461,0.0,0,No Failure,136.5,63.3
M,74.94,2.43,65.27,15.0,1834.03,1018.33,4.21,0,No Failure,184.2,80.3
M,68.81,3.33,99.63,16.0,2336.89,1693.33,1.4,1,Stator Insulation Thermal Fault,9.9,15.1
L,69.27,2.51,64.51,15.0,1879.56,1220.43,0.94,0,No Failure,183.5,80.0
M,72.6,4.9,81.13,16.0,1684.62,1044.6,6.46,0,No Failure,174.5,76.8
L,70.15,3.0,78.76,14.0,1752.37,917.64,3.55,0,No Failure,201.9,86.5
L,62.17,2.52,80.16,16.0,1896.57,1294.69,11.92,0,No Failure,184.8,80.4
M,70.31,2.6,88.42,16.0,1174.25,1169.69,6.23,0,No Failure,177.9,78.0
H,67.7,2.49,66.33,12.0,2004.98,987.99,5.77,0,No Failure,170.5,75.4
M,72.05,1.02,96.25,13.0,2068.33,1378.5,6.07,0,No Failure,153.6,69.4
L,85.56,4.83,82.36,18.0,1872.47,1311.89,5.85,1,Planetary Gearbox Overheat,13.2,22.3
L,76.77,4.77,87.78,15.0,2319.59,470.614,4.82,0,No Failure,159.0,71.3
H,70.34,2.07,74.23,14.0,2638.9,928.02,6.86,0,No Failure,147.5,67.2
L,70.13,2.08,73.23,17.0,1703.5,1410.57,1.91,0,No Failure,166.9,74.1
L,64.84,4.12,64.81,17.0,1912.7,859.9,6.56,0,No Failure,147.1,67.1
M,75.12,2.81,70.62,13.0,2569.28,1340.82,0.0,0,No Failure,135.2,62.9
L,39.666,0.7,73.58,6.0,1629.18,1087.14,4.02,0,No Failure,152.7,69.1
M,68.43,3.49,82.62,23.0,1639.63,1618.76,3.73,0,No Failure,176.3,77.5
L,73.77,2.76,78.36,13.0,1582.21,1311.77,6.86,0,No Failure,181.6,79.3
L,75.86,1.65,83.42,15.0,1387.81,1218.86,4.5,0,No Failure,185.2,80.6
L,73.24,1.22,84.66,13.0,1818.19,1370.43,3.47,0,No Failure,178.9,78.4
L,64.52,2.94,66.55,14.0,1338.42,1215.85,4.94,0,No Failure,180.4,78.9
M,68.99,0.5,87.19,13.0,1607.31,1247.83,10.27,0,No Failure,152.1,68.9
H,65.3,1.35,83.62,17.0,1862.42,899.94,0.0,0,No Failure,158.2,71.0
H,60.06,6.2,83.72,19.0,2025.42,1493.24,11.18,0,No Failure,93.4,48.1
M,68.33,1.33,91.24,13.0,1778.63,1198.13,1.64,0,No Failure,183.7,80.1
L,65.27,2.54,68.37,17.0,1747.45,1067.47,1.69,0,No Failure,173.1,76.3
H,74.72,2.23,76.52,13.0,1541.86,921.87,4.82,0,No Failure,169.9,75.2
L,66.36,3.9,100.37,14.0,1511.13,1051.79,3.43,0,No Failure,169.5,75.0
H,54.79,3.42,68.73,12.0,1906.69,1689.82,5.87,1,High-Torque Shaft Fatigue,13.7,17.7
M,68.25,0.95,70.94,13.0,1596.27,1442.86,1.38,0,No Failure,149.9,68.1
H,64.74,2.825,66.18,14.0,1377.58,822.55,4.96,0,No Failure,165.5,73.6
L,76.96,3.51,106.16,17.0,1915.47,1163.58,9.53,0,No Failure,142.1,65.3
M,70.21,1.78,65.16,14.0,1401.35,1340.16,5.51,0,No Failure,164.0,73.1
M,69.14,1.9,94.06,14.0,2206.82,897.29,3.1,0,No Failure,164.0,73.1
L,79.8,5.32,94.04,14.0,1378.45,1100.32,7.28,1,Planetary Gearbox Overheat,13.1,16.6
L,82.78,3.26,81.1,15.0,1489.9,1457.11,2.18,0,No Failure,160.9,72.0
M,74.62,1.57,88.31,16.0,1960.23,1893.461,5.38,0,No Failure,183.8,80.1
L,68.57,1.59,87.13,14.0,2287.25,645.95,6.11,0,No Failure,145.4,66.5
M,78.82,4.58,58.99,11.0,1983.87,944.03,1.08,0,No Failure,110.0,54.0
H,64.07,3.03,89.18,17.0,1524.0,1208.95,6.0,0,No Failure,183.4,79.9
L,60.98,1.22,59.92,18.0,2017.26,1377.15,3.36,0,No Failure,130.9,61.3
L,81.01,6.34,68.29,13.0,2056.06,1211.91,3.15,0,No Failure,156.3,70.4
M,66.82,3.0,70.07,10.0,3021.596,1299.85,3.15,0,No Failure,156.9,70.6
H,64.78,4.83,77.49,12.0,2019.75,946.92,5.68,0,No Failure,161.6,72.2
L,62.18,1.76,89.72,15.0,2073.88,1221.57,3.41,0,No Failure,188.6,81.8
L,69.05,2.99,102.56,16.0,1152.27,1129.95,6.69,0,No Failure,156.8,70.5
M,75.9,3.6,76.29,16.0,1360.21,986.91,0.0,0,No Failure,143.8,65.9
L,78.92,2.81,101.01,13.0,1732.29,1107.85,4.09,0,No Failure,171.1,75.6
H,62.0,3.44,78.49,14.0,1898.25,845.46,4.03,0,No Failure,190.5,82.5
M,71.25,3.01,64.19,18.0,2073.41,1275.98,2.43,0,No Failure,161.0,72.0
L,65.64,1.32,79.4,14.0,1646.83,1377.55,4.04,0,No Failure,183.9,80.1
H,62.91,3.11,73.73,16.0,2056.73,815.3,7.84,0,No Failure,157.7,70.8
L,82.73,1.52,73.77,11.0,3021.596,1369.46,3.59,0,No Failure,139.1,64.3
H,59.45,2.74,82.62,9.0,1590.7,1185.6,7.45,0,No Failure,163.5,72.9
L,64.04,3.32,76.61,18.0,2542.72,651.53,4.82,0,No Failure,133.9,62.4
H,66.05,1.79,69.43,16.0,1992.74,1096.04,9.1,0,No Failure,166.0,73.8
L,79.41,7.148,76.82,12.0,1641.22,1186.84,0.0,0,No Failure,166.3,73.9
H,79.13,1.85,91.17,13.0,2032.07,1444.19,6.29,0,No Failure,152.5,69.0
M,72.61,3.99,93.89,11.0,1732.8,1256.22,8.99,0,No Failure,147.8,67.3
H,76.03,3.43,69.13,14.0,2104.94,470.614,6.74,0,No Failure,164.6,73.3
H,58.61,2.53,73.06,6.0,1898.27,1049.79,4.2,0,No Failure,174.3,76.7
L,70.74,3.19,85.84,19.0,1096.77,913.52,9.37,0,No Failure,124.7,59.2
L,68.25,1.96,83.41,14.0,2074.38,1280.08,6.98,0,No Failure,196.3,84.5
L,81.79,3.8,84.77,15.0,2553.7,1003.2,3.67,0,No Failure,152.6,69.0
M,75.42,2.75,81.15,15.0,1343.96,1091.17,3.13,0,No Failure,174.1,76.7
M,76.76,1.21,83.69,14.0,1876.25,1113.09,6.29,0,No Failure,183.8,80.1
L,69.34,1.89,74.2,11.0,1858.86,860.48,7.49,0,No Failure,158.7,71.2
M,66.84,3.35,87.07,18.0,2152.49,1127.33,5.12,0,No Failure,187.5,81.4
H,70.16,0.75,71.95,17.0,1835.73,974.64,0.77,0,No Failure,147.8,67.4
H,85.87,4.23,74.94,11.0,1259.18,1253.21,7.93,1,Planetary Gearbox Overheat,4.4,11.7
L,67.97,3.49,79.44,16.0,1470.51,1200.33,6.35,0,No Failure,178.7,78.3
M,73.15,3.27,80.66,14.0,1925.59,1343.5,7.4,0,No Failure,191.2,82.7
L,88.68,3.22,79.72,14.0,1502.2,1382.31,0.73,0,No Failure,148.5,67.6
L,54.03,2.04,92.39,16.0,1869.95,1298.72,1.96,0,No Failure,159.3,71.4
L,70.11,2.84,82.84,14.0,2610.48,1035.84,6.44,0,No Failure,178.2,78.1
L,70.16,1.97,86.92,16.0,1332.15,1256.55,2.76,0,No Failure,170.6,75.4
L,74.78,1.33,81.82,18.0,2066.74,1407.37,5.8,0,No Failure,155.7,70.1
H,67.11,1.02,82.64,18.0,2175.08,1503.65,4.88,0,No Failure,154.3,69.7
L,66.45,1.02,86.67,11.0,1946.23,817.87,2.68,0,No Failure,147.7,67.3
M,65.05,3.12,66.58,15.0,2080.17,1248.64,2.61,0,No Failure,182.4,79.6
M,70.65,1.84,82.85,12.0,2204.31,1018.97,11.69,0,No Failure,143.3,65.7
H,52.56,2.81,84.11,13.0,2436.94,834.5,5.55,0,No Failure,143.7,65.9
H,69.9,2.27,73.39,14.0,1755.21,1020.63,0.46,0,No Failure,181.2,79.2
H,96.271,4.26,78.89,14.0,1989.99,957.45,1.64,0,No Failure,177.2,77.8
L,61.57,3.22,88.54,15.0,1729.82,1502.38,5.4,0,No Failure,179.1,78.4
L,63.6,2.11,91.19,15.0,1434.8,1377.25,4.06,0,No Failure,174.4,76.8
M,76.93,5.05,91.28,14.0,1293.16,973.04,0.0,0,No Failure,122.4,58.4
H,66.61,2.11,77.74,11.0,2613.17,929.31,11.08,0,No Failure,120.2,57.6
L,67.66,1.77,89.25,12.0,1773.35,1117.01,8.46,0,No Failure,177.1,77.7
L,62.0,2.2,101.1,14.0,1962.88,1201.95,7.74,0,No Failure,168.7,74.7
M,55.55,3.05,69.22,20.0,1694.19,1463.6,3.22,0,No Failure,131.4,61.5
M,55.48,2.75,77.58,14.0,1980.81,1205.22,2.13,0,No Failure,186.5,81.1
L,70.12,3.1,95.71,18.0,1733.13,1345.07,4.88,0,No Failure,177.9,78.0
M,57.44,3.64,83.99,17.0,1753.29,1054.59,0.75,0,No Failure,164.4,73.2
L,69.72,2.73,92.13,14.0,2613.87,1641.58,3.4,0,No Failure,146.8,67.0
M,74.59,2.41,67.98,17.0,1664.68,1101.46,4.56,0,No Failure,178.0,78.0
M,62.26,2.21,58.94,15.0,1734.09,1201.37,2.86,0,No Failure,175.1,77.0
M,74.41,2.21,98.42,14.0,1877.53,1091.3,3.99,0,No Failure,189.2,82.0
L,47.77,2.3,84.34,16.0,1799.8,1154.68,0.96,0,No Failure,162.4,72.5
L,62.09,2.17,78.99,9.0,1630.59,751.93,5.85,0,No Failure,137.4,63.7
H,58.22,2.22,74.98,13.0,2102.21,928.93,5.58,0,No Failure,164.3,73.2
M,75.22,1.69,80.48,20.0,1622.91,1125.59,0.0,0,No Failure,144.3,66.1
L,67.19,4.41,86.46,17.0,1927.67,1294.42,4.65,0,No Failure,187.8,81.5
L,70.05,3.53,87.67,17.0,1814.87,1330.21,0.68,0,No Failure,175.2,77.1
M,69.76,2.37,71.39,14.0,2525.78,1442.4,6.3,0,No Failure,159.7,71.5
L,69.03,3.32,98.91,15.0,1670.15,1083.37,7.25,0,No Failure,178.8,78.3
M,59.27,3.65,87.67,11.0,1782.98,1567.25,8.67,1,High-Torque Shaft Fatigue,4.9,18.8
L,69.11,0.5,82.18,12.0,1977.64,1177.905,2.1,0,No Failure,172.5,76.1
M,78.31,3.97,78.89,14.0,1787.53,1166.81,10.38,0,No Failure,169.5,75.0
M,73.76,3.9,59.95,18.0,2386.0,1007.19,5.38,0,No Failure,127.8,60.3
H,50.12,2.77,80.64,13.0,1791.16,1528.61,4.37,0,No Failure,169.6,75.1
L,60.88,2.95,82.34,14.0,1841.84,902.09,5.79,0,No Failure,194.9,84.0
L,67.97,1.82,82.62,11.0,2145.92,1244.5,6.17,0,No Failure,176.9,77.7
H,54.61,5.66,94.04,11.0,1786.62,1303.5,3.83,0,No Failure,130.8,61.3
H,65.16,2.42,73.09,17.0,2096.38,1170.06,0.0,0,No Failure,170.9,75.5
M,53.1,3.01,92.45,17.0,2150.75,1478.75,6.05,0,No Failure,140.1,64.6
H,62.71,2.1,89.2,15.0,2028.36,1167.79,6.03,0,No Failure,193.3,83.5
L,80.0,2.17,93.15,21.0,2354.27,1122.21,4.48,0,No Failure,129.8,61.0
L,66.16,1.87,76.37,15.0,1941.72,1222.1,6.21,0,No Failure,200.0,85.8
L,56.65,3.6,67.81,14.0,2403.68,1342.89,6.93,0,No Failure,146.4,66.8
H,62.49,2.81,74.0,17.0,1485.24,886.66,4.07,0,No Failure,166.4,73.9
M,55.21,1.54,82.42,17.0,1464.89,1381.08,4.61,0,No Failure,154.0,69.5
M,63.73,1.0,95.77,14.0,2128.15,935.06,2.78,0,No Failure,152.9,69.1
H,66.23,2.41,81.74,17.0,2029.0,890.39,5.39,0,No Failure,185.2,80.6
M,71.72,2.48,94.42,10.0,1706.17,1178.84,6.67,0,No Failure,168.0,74.5
M,70.78,4.82,92.4,16.0,1563.34,1462.93,4.75,0,No Failure,154.2,69.6
M,70.42,1.03,77.64,16.0,2225.21,1065.12,7.43,0,No Failure,159.9,71.6
L,66.16,1.28,92.97,17.0,1737.32,925.97,2.47,0,No Failure,154.1,69.6
H,83.56,1.96,87.73,12.0,2191.32,1041.96,9.01,0,No Failure,134.2,62.5
H,62.61,4.94,84.42,16.0,1139.14,1105.92,9.3,0,No Failure,138.5,64.0
H,62.75,3.55,81.83,14.0,2015.57,1214.98,0.99,0,No Failure,190.2,82.4
L,67.22,2.01,74.6,14.0,1712.33,1033.75,3.09,0,No Failure,194.2,83.8
M,58.42,2.58,69.23,14.0,1331.26,470.614,5.07,0,No Failure,175.4,77.1
L,69.3,2.79,96.52,13.0,2147.52,954.93,1.2,0,No Failure,165.7,73.7
M,61.55,3.37,67.22,14.0,1929.7,1019.49,3.94,0,No Failure,182.5,79.6
M,73.53,1.73,92.1,17.0,1609.63,1149.31,8.04,0,No Failure,156.1,70.3
L,71.71,1.32,82.55,13.0,1807.01,1226.17,5.0,0,No Failure,197.3,84.9
M,73.13,4.18,52.0,13.0,1835.87,1165.06,3.17,0,No Failure,159.4,71.4
M,75.77,4.41,85.31,12.0,1678.41,1057.99,8.24,0,No Failure,154.4,69.7
M,69.11,4.4,94.32,17.0,2025.64,997.37,1.35,0,No Failure,152.2,68.9
L,56.9,3.04,102.88,16.0,2212.37,1191.91,1.56,1,Stator Insulation Thermal Fault,4.3,24.1
L,61.59,2.38,94.84,17.0,1667.44,1445.87,8.46,0,No Failure,145.5,66.5
L,74.84,2.88,82.67,12.0,1808.72,1104.65,0.63,0,No Failure,175.1,77.0
M,63.94,1.75,83.8,13.0,2011.03,791.34,5.92,0,No Failure,165.5,73.6
H,74.27,0.64,90.13,15.0,2175.8,1379.67,4.41,0,No Failure,157.9,70.9
L,75.59,1.93,83.24,12.0,1659.29,1435.31,6.42,0,No Failure,162.6,72.6
L,68.16,2.87,86.47,14.0,1675.88,1145.03,6.78,0,No Failure,206.9,88.3
M,65.2,4.73,89.32,12.0,1626.99,822.02,2.92,0,No Failure,144.9,66.3
L,67.03,4.79,86.39,13.0,1958.11,1046.65,12.22,0,No Failure,166.7,74.0
L,77.58,3.43,78.81,15.0,2191.86,1455.66,3.85,0,No Failure,174.0,76.6
L,59.18,1.93,72.91,15.0,2095.45,1205.24,0.0,0,No Failure,164.1,73.1
L,72.75,1.61,73.37,15.0,1704.09,1002.18,3.98,0,No Failure,182.4,79.6
M,48.6,2.72,74.92,17.0,1583.75,1206.8,4.56,0,No Failure,160.0,71.7
M,43.55,1.57,89.4,19.0,1875.99,953.77,2.21,0,No Failure,145.7,66.6
M,64.88,4.34,59.58,13.0,683.517,1169.91,5.77,0,No Failure,167.3,74.2
L,67.97,2.08,73.65,17.0,2274.72,1481.3,-5.802,0,No Failure,125.7,59.5
L,67.97,3.06,72.17,12.0,2390.06,1283.33,1.04,0,No Failure,161.0,72.0
H,63.69,2.04,73.96,13.0,1831.43,1236.83,8.23,0,No Failure,180.0,78.8
M,68.8,4.2,80.42,14.0,1719.91,1356.21,0.67,0,No Failure,182.4,79.6
H,80.23,1.52,106.68,17.0,1555.71,1055.47,6.81,0,No Failure,121.5,58.0
M,61.45,2.09,76.25,12.0,2398.85,1251.79,4.0,0,No Failure,167.1,74.2
L,72.52,1.7,85.72,13.0,2040.94,1337.24,2.67,0,No Failure,178.6,78.3
L,58.29,2.81,68.45,15.0,1848.11,1327.43,2.43,0,No Failure,178.0,78.0
L,68.75,0.5,81.54,13.0,2271.23,955.44,1.68,0,No Failure,151.5,68.7
L,62.28,3.79,97.7,13.0,1904.68,1486.9,2.65,1,High-Torque Shaft Fatigue,13.7,24.9
H,66.99,2.46,89.45,19.0,2195.15,1367.34,6.04,0,No Failure,162.5,72.6
M,73.68,3.63,84.86,14.0,1941.25,1063.32,-5.802,0,No Failure,180.6,78.9
M,61.57,2.88,73.27,17.0,2100.96,1422.49,5.69,0,No Failure,170.4,75.3
L,55.49,1.47,87.69,13.0,1675.25,1461.87,5.28,0,No Failure,155.5,70.1
L,50.26,4.4,96.05,15.0,1882.0,1069.93,8.12,0,No Failure,144.9,66.3
L,74.19,2.24,62.64,17.0,1471.41,931.1,7.36,0,No Failure,132.6,62.0
M,69.63,3.27,81.63,17.0,1661.45,985.25,6.97,0,No Failure,181.4,79.3
L,67.97,3.93,86.0,15.0,1985.72,1260.16,6.88,0,No Failure,192.0,83.0
H,96.271,3.18,63.83,14.0,2003.0,1238.16,2.48,0,No Failure,187.9,81.5
L,58.33,2.32,81.84,16.0,2138.38,1177.905,0.7,0,No Failure,145.2,66.4
H,64.12,1.86,77.64,15.0,1934.78,1391.75,6.2,0,No Failure,187.2,81.3
H,66.21,0.56,85.31,16.0,1900.8,975.1,1.47,0,No Failure,163.3,72.8
L,60.99,4.22,93.74,12.0,1414.6,1083.09,5.99,0,No Failure,150.4,68.3
H,69.42,2.19,84.24,13.0,1819.51,1189.43,3.56,0,No Failure,210.3,89.5
H,66.98,3.13,80.67,11.0,2071.61,937.33,4.495,0,No Failure,180.8,79.0
M,62.99,2.13,90.04,14.0,2070.73,1073.0,4.43,0,No Failure,189.8,82.2
L,71.34,1.51,83.94,17.0,2022.42,1046.67,1.8,0,No Failure,169.7,75.1
H,70.47,2.77,72.91,12.0,1873.76,913.04,5.34,0,No Failure,183.4,80.0
H,70.54,3.58,84.58,13.0,1231.12,960.6,5.77,0,No Failure,163.9,73.0
M,61.79,3.95,79.26,18.0,2132.02,1101.9,4.73,0,No Failure,173.2,76.3
H,59.26,3.54,85.3,15.0,1701.01,1067.25,0.87,0,No Failure,175.5,77.1
H,49.92,3.62,43.151,15.0,1835.59,1617.35,5.15,0,No Failure,153.6,69.4
L,65.66,2.21,85.0,13.0,2370.06,1098.7,2.63,0,No Failure,179.5,78.6
H,72.58,4.86,74.42,17.0,1633.44,1261.48,3.48,0,No Failure,162.9,72.7
L,73.16,3.01,72.97,13.0,1832.29,1600.28,4.92,0,No Failure,178.2,78.1
L,63.66,3.43,106.05,16.0,1507.28,1109.63,3.47,0,No Failure,159.1,71.3
L,60.96,1.9,55.44,12.0,1879.5,1375.94,3.91,0,No Failure,146.5,66.9
L,51.81,4.69,94.32,14.0,1684.53,1057.58,5.78,0,No Failure,150.8,68.4
M,74.1,0.5,93.27,12.0,1809.15,1137.44,4.49,0,No Failure,167.3,74.3
M,66.0,1.4,61.25,14.0,1683.35,795.34,0.0,0,No Failure,132.8,62.0
L,70.67,1.89,74.37,16.0,1692.36,807.3,6.38,0,No Failure,165.3,73.5
L,84.26,2.88,100.41,17.0,1355.24,1282.11,4.75,0,No Failure,134.8,62.7
L,65.92,1.72,82.08,16.0,1993.59,1262.34,3.55,0,No Failure,197.4,84.9
M,61.7,2.37,78.22,14.0,1850.49,1134.68,0.0,0,No Failure,175.7,77.2
M,67.6,2.45,91.91,23.0,1852.45,1404.7,0.0,0,No Failure,178.4,78.2
H,76.82,5.15,81.48,13.0,1978.56,1133.73,1.96,0,No Failure,167.1,74.2
L,64.96,5.1,106.32,12.0,2233.89,1072.87,5.36,1,Stator Insulation Thermal Fault,6.5,17.5
L,66.81,3.21,54.87,15.0,1844.16,1173.32,3.92,0,No Failure,189.5,82.1
M,67.98,3.43,90.7,13.0,1677.7,1093.27,2.79,0,No Failure,194.1,83.7
M,39.666,3.73,91.77,12.0,2503.66,1114.6,3.62,0,No Failure,152.7,69.1
L,76.08,3.96,84.46,14.0,2074.52,884.2,5.45,0,No Failure,174.9,76.9
L,67.51,3.89,83.16,15.0,1701.13,964.49,0.0,0,No Failure,180.6,79.0
M,55.09,0.5,79.29,16.0,1832.36,1221.33,6.57,0,No Failure,163.5,72.9
M,76.94,3.18,92.71,12.0,1350.98,899.44,1.88,0,No Failure,139.7,64.5
L,62.12,2.23,82.9,13.0,1565.4,1108.54,7.25,0,No Failure,181.2,79.2
L,60.99,4.41,91.05,16.0,2026.37,1001.02,5.16,0,No Failure,165.6,73.7
L,65.68,3.06,87.97,12.0,1656.96,994.81,2.29,0,No Failure,179.2,78.5
L,66.11,3.88,94.19,13.0,1730.97,1236.65,6.24,0,No Failure,182.0,79.5
L,80.69,4.19,90.8,14.0,1712.18,470.614,4.59,0,No Failure,145.1,66.4
M,62.52,4.9,84.39,15.0,1987.84,1030.51,6.18,0,No Failure,174.0,76.6
L,73.06,2.06,91.86,13.0,1890.59,1293.5,1.44,0,No Failure,172.1,76.0
M,69.26,4.24,72.57,12.0,2002.88,1168.44,6.09,0,No Failure,177.3,77.8
M,66.23,4.98,85.6,14.0,2150.86,1065.51,1.4,0,No Failure,169.9,75.2
H,63.71,0.6,82.86,16.0,1772.55,1400.6,5.51,0,No Failure,169.8,75.1
H,58.71,0.53,69.75,16.0,2049.19,897.6,6.1,0,No Failure,137.6,63.7
L,60.56,2.83,78.94,16.0,2314.52,1299.79,0.0,0,No Failure,162.2,72.5
L,58.55,1.79,92.36,16.0,1961.4,1318.07,6.3,0,No Failure,161.7,72.3
L,67.75,2.68,100.66,18.0,2073.79,838.54,5.89,0,No Failure,153.3,69.3
M,66.17,1.04,88.12,17.0,2343.63,866.85,2.59,0,No Failure,139.2,64.3
L,58.95,2.97,97.77,15.0,1754.5,1020.52,4.43,0,No Failure,183.4,80.0
L,62.7,2.48,67.75,13.0,1564.12,1204.27,6.64,0,No Failure,171.5,75.7
L,57.95,4.43,87.93,12.0,1123.77,1435.76,0.0,0,No Failure,110.7,54.2
M,65.57,3.41,90.18,16.0,1869.7,1463.05,5.21,0,No Failure,183.6,80.0
L,77.59,2.96,80.08,17.0,1963.59,1260.28,0.6,0,No Failure,177.0,77.7
H,73.73,3.26,82.34,13.0,2062.38,976.91,5.5,0,No Failure,188.3,81.7
H,63.18,4.03,79.81,15.0,2142.32,852.16,4.69,0,No Failure,179.1,78.4
M,68.31,1.49,81.15,14.0,1811.41,1157.97,4.88,0,No Failure,213.7,90.7
H,63.7,2.98,70.0,16.0,1635.97,1333.86,4.23,0,No Failure,182.4,79.6
M,70.12,2.03,88.45,6.0,1729.24,1083.46,5.95,0,No Failure,157.8,70.9
H,77.5,3.61,75.36,12.0,1597.9,965.85,8.38,0,No Failure,148.7,67.7
L,59.71,5.42,86.49,11.0,1450.85,989.37,2.17,0,No Failure,127.5,60.2
L,68.19,4.09,59.49,13.0,1820.24,1175.21,5.82,0,No Failure,178.0,78.0
M,79.13,1.09,90.65,16.0,2290.8,1503.3,1.2,0,No Failure,120.8,57.8
H,66.25,1.92,86.35,16.0,1898.7,932.22,0.87,0,No Failure,172.4,76.0
H,79.3,3.21,71.46,15.0,1876.2,1493.32,1.66,0,No Failure,164.9,73.4
H,79.73,3.53,81.16,15.0,1657.83,955.86,0.97,0,No Failure,168.6,74.7
L,75.61,5.45,76.35,17.0,1690.59,1342.16,5.8,0,No Failure,152.0,68.8
M,55.71,1.96,91.84,13.0,1931.62,1361.89,2.15,0,No Failure,160.6,71.9
L,68.36,1.48,96.44,13.0,1430.25,1134.67,7.08,0,No Failure,159.0,71.3
L,69.09,4.81,71.26,13.0,1569.77,889.77,5.63,0,No Failure,157.5,70.8
H,66.96,7.148,102.98,14.0,1736.18,906.8,3.31,0,No Failure,151.3,68.6
L,68.8,2.41,86.39,14.0,1527.07,1307.91,8.85,0,No Failure,182.5,79.6
M,62.58,1.52,79.78,14.0,2395.75,1054.94,3.69,0,No Failure,173.5,76.5
L,66.8,4.99,76.07,12.0,1460.59,1139.88,10.04,0,No Failure,145.0,66.3
L,67.52,3.03,82.67,12.0,1889.33,1088.57,3.51,0,No Failure,186.6,81.1
L,76.15,4.51,86.27,18.0,2197.16,1264.06,2.33,0,No Failure,147.6,67.3
L,70.7,3.5,79.72,10.0,1728.8,872.57,0.21,0,No Failure,151.5,68.6
M,75.15,1.36,95.43,13.0,1383.12,1169.93,5.91,0,No Failure,156.5,70.4
L,60.73,1.39,86.32,17.0,2013.14,1055.8,5.96,0,No Failure,165.7,73.7
M,74.99,2.69,94.31,16.0,1647.07,1518.15,4.42,0,No Failure,168.7,74.7
L,65.2,4.4,86.04,23.0,1584.88,1309.7,7.43,0,No Failure,174.6,76.8
M,90.26,0.56,72.77,13.0,1513.35,1208.92,4.56,0,No Failure,112.8,55.0
L,56.6,2.01,102.59,16.0,2295.71,1019.17,5.83,1,Stator Insulation Thermal Fault,4.5,19.1
H,76.27,4.6,79.41,13.0,1876.26,1658.81,5.24,1,High-Torque Shaft Fatigue,4.3,24.8
M,86.14,2.19,73.9,16.0,1787.27,1197.96,0.0,0,No Failure,153.9,69.5
M,78.21,2.25,91.98,12.0,1696.0,1313.53,8.97,0,No Failure,148.1,67.4
M,61.35,0.95,99.72,13.0,1635.42,1127.35,7.84,0,No Failure,144.4,66.2
L,70.92,3.47,86.62,9.0,1619.2,1324.42,5.16,0,No Failure,166.6,74.0
L,64.95,2.59,100.11,14.0,1339.39,1187.6,2.81,0,No Failure,171.8,75.9
L,70.33,1.85,84.83,15.0,1668.36,1089.89,0.0,0,No Failure,178.1,78.1
H,68.63,5.37,54.95,17.0,2099.65,1459.76,3.81,0,No Failure,136.8,63.4
L,73.68,4.13,76.54,14.0,1639.07,1044.39,6.4,0,No Failure,179.6,78.6
L,61.51,3.55,91.81,12.0,1804.05,1132.43,4.19,0,No Failure,185.8,80.8
M,80.62,2.21,74.59,13.0,2356.01,1074.41,0.0,0,No Failure,142.3,65.4
L,71.21,2.9,64.7,13.0,2120.87,1192.01,6.3,0,No Failure,182.2,79.5
M,59.5,2.61,85.8,16.0,1590.58,1368.35,8.36,0,No Failure,166.6,74.0
H,74.26,2.8,90.91,17.0,1675.96,733.31,2.11,0,No Failure,149.3,67.9
M,73.94,2.19,74.19,16.0,2205.7,1309.53,4.56,0,No Failure,172.8,76.2
L,62.99,2.59,72.74,12.0,1571.57,1109.24,0.0,0,No Failure,160.3,71.8
L,61.83,3.51,87.64,15.0,1700.34,1353.31,6.91,0,No Failure,182.4,79.6
L,73.2,0.5,98.28,20.0,1034.03,1019.76,0.0,0,No Failure,82.3,44.1
H,64.9,2.45,68.18,13.0,1988.07,1173.41,5.72,0,No Failure,189.6,82.1
L,55.23,3.13,82.67,14.0,2107.6,1258.76,9.47,0,No Failure,161.6,72.2
M,39.666,2.48,80.42,16.0,1741.31,1295.55,6.7,0,No Failure,189.4,82.1
H,67.24,0.66,75.85,14.0,1778.69,1645.27,14.772,0,No Failure,161.0,72.0
M,75.36,4.2,80.86,18.0,2251.35,1055.65,6.15,0,No Failure,155.3,70.0
L,73.47,3.11,86.0,16.0,1782.12,1022.89,1.14,0,No Failure,180.8,79.0
L,72.83,2.54,77.58,11.0,1419.8,825.51,7.76,0,No Failure,137.5,63.7
L,65.29,2.68,94.13,15.0,2433.78,1159.82,6.38,0,No Failure,179.8,78.7
L,67.14,2.95,95.43,14.0,1909.11,1079.09,12.49,0,No Failure,167.4,74.3
L,61.65,2.34,60.34,14.0,1748.74,1180.0,6.15,0,No Failure,180.9,79.1
H,66.24,3.37,73.75,20.0,1980.73,1823.31,9.5,0,No Failure,117.8,56.7
M,66.16,3.46,77.92,16.0,1973.21,1170.97,6.27,0,No Failure,202.2,86.6
H,58.56,1.6,85.57,14.0,1547.21,1098.01,9.04,0,No Failure,158.7,71.2
M,68.89,3.59,73.12,13.0,1731.32,1045.93,5.75,0,No Failure,188.2,81.6
H,71.47,3.01,75.99,16.0,2028.75,1135.13,5.72,0,No Failure,201.8,86.5
L,78.38,1.96,58.37,13.0,1603.66,1071.04,3.17,0,No Failure,147.7,67.3
M,68.13,1.83,95.52,15.0,1667.46,1317.52,7.53,0,No Failure,172.8,76.2
M,76.67,3.2,94.14,11.0,2053.33,1013.4,6.86,0,No Failure,150.9,68.5
L,58.4,1.87,84.84,14.0,1818.13,1122.6,9.51,0,No Failure,176.4,77.5
L,71.54,4.73,67.09,10.0,2428.87,1071.42,4.53,0,No Failure,134.1,62.5
H,73.65,3.08,98.58,14.0,1922.46,1686.31,4.49,0,No Failure,163.6,73.0
H,64.51,1.6,60.98,14.0,2405.16,1572.24,3.66,0,No Failure,131.1,61.4
L,76.35,3.77,88.67,14.0,1217.72,1341.48,3.25,0,No Failure,159.6,71.5
M,59.18,4.29,87.39,18.0,1968.48,1107.04,6.8,0,No Failure,159.7,71.5
M,68.04,3.33,61.4,17.0,1074.75,1701.59,6.72,0,No Failure,122.7,58.4
H,66.18,3.31,79.15,16.0,2095.62,1069.62,2.2,0,No Failure,190.6,82.5
H,62.52,3.53,66.66,16.0,1531.48,1297.08,5.66,0,No Failure,164.7,73.3
M,66.12,3.16,85.72,12.0,1573.26,1276.82,3.24,0,No Failure,191.0,82.6
M,73.33,3.02,86.97,14.0,1773.54,1200.56,2.19,0,No Failure,206.2,88.0
L,62.46,3.37,86.29,16.0,1645.28,1272.19,6.57,0,No Failure,186.0,80.9
L,69.13,2.66,92.22,14.0,1961.15,1241.05,1.8,0,No Failure,195.3,84.2
M,73.31,3.18,52.0,13.0,1746.32,1368.09,4.4,0,No Failure,162.0,72.4
L,68.68,3.22,85.14,16.0,1659.35,1424.75,0.0,0,No Failure,177.4,77.8
L,62.82,2.38,104.91,11.0,1671.48,1311.68,0.29,0,No Failure,134.7,62.7
M,55.53,2.02,82.91,21.0,1182.54,1361.82,4.95,0,No Failure,123.5,58.7
L,62.14,3.82,80.27,10.0,1728.78,1272.32,5.16,0,No Failure,173.1,76.3
H,61.55,1.63,81.1,14.0,1332.66,1053.84,4.29,0,No Failure,176.8,77.6
M,60.45,1.78,64.17,18.0,1850.49,1306.36,5.63,0,No Failure,136.2,63.2
M,76.41,3.0,54.6,13.0,1604.98,1382.37,5.4,0,No Failure,152.4,69.0
H,66.94,4.07,96.58,13.0,1817.2,1223.95,3.12,0,No Failure,183.8,80.1
L,63.45,1.36,94.52,15.0,1689.84,1357.75,7.47,0,No Failure,161.9,72.3
L,67.97,4.2,89.87,18.0,2083.14,933.92,1.0,0,No Failure,138.9,64.2
M,74.68,2.3,94.29,15.0,1668.86,711.96,1.38,0,No Failure,148.4,67.6
L,67.97,2.55,84.61,17.0,1649.54,1137.14,7.03,0,No Failure,166.3,73.9
L,65.17,2.42,89.08,16.0,1815.25,1353.91,9.6,0,No Failure,170.1,75.2
M,64.61,7.148,81.62,16.0,1581.05,1073.99,0.58,0,No Failure,156.1,70.3
M,74.4,3.8,80.92,13.0,2131.96,1061.29,0.16,0,No Failure,163.9,73.1
L,63.49,2.08,85.87,14.0,1863.93,1046.18,7.96,0,No Failure,185.4,80.7
L,79.45,1.87,71.96,15.0,2509.74,1033.65,8.1,0,No Failure,133.2,62.2
M,69.14,3.68,57.35,17.0,1728.88,1191.73,5.73,0,No Failure,161.0,72.0
M,96.271,3.99,83.48,14.0,1975.48,470.614,3.95,0,No Failure,203.1,86.9
L,70.79,4.2,82.72,14.0,1425.64,1240.92,9.19,0,No Failure,173.0,76.3
M,65.14,6.17,65.34,15.0,1808.71,1059.36,3.49,0,No Failure,155.7,70.1
M,73.04,3.58,78.9,11.0,1867.34,1155.5,5.38,0,No Failure,191.3,82.8
L,59.99,2.2,54.06,22.0,2278.45,1503.03,5.05,1,High-Torque Shaft Fatigue,9.5,8.7
H,79.13,3.03,96.12,12.0,2018.64,1185.07,2.79,0,No Failure,167.3,74.3
M,63.43,3.19,77.33,11.0,1763.11,1101.79,4.07,0,No Failure,190.7,82.5
L,52.4,3.28,74.99,15.0,1834.93,1284.47,1.91,0,No Failure,174.4,76.8
M,67.08,2.82,88.71,13.0,1593.84,1384.72,6.53,0,No Failure,182.4,79.6
M,54.94,5.42,78.0,16.0,2071.26,994.68,3.38,0,No Failure,145.3,66.5
H,77.76,2.58,95.42,14.0,1706.43,1197.29,8.06,0,No Failure,171.9,75.9
H,69.55,4.21,94.4,16.0,2101.38,1270.9,7.8,0,No Failure,164.5,73.3
L,51.32,3.29,70.46,13.0,2022.7,1006.56,0.0,0,No Failure,141.5,65.1
M,76.8,1.51,68.65,11.0,1592.14,1191.73,6.01,0,No Failure,140.2,64.6
M,54.61,3.36,77.35,16.0,2634.86,1305.05,4.4,0,No Failure,150.4,68.3
L,77.26,4.37,85.36,10.0,1599.6,950.65,3.41,0,No Failure,144.3,66.1
M,63.31,3.02,69.64,19.0,1972.17,952.5,3.77,0,No Failure,164.2,73.2
H,67.7,5.87,72.11,15.0,1921.01,1197.07,2.04,0,No Failure,176.0,77.3
L,70.46,3.38,97.99,21.0,1589.73,1230.52,1.93,0,No Failure,141.9,65.2
H,65.58,2.79,85.01,14.0,1674.57,882.73,5.15,0,No Failure,192.8,83.3
L,61.62,4.18,78.6,14.0,2203.68,1156.54,7.59,0,No Failure,171.8,75.9
L,71.61,5.48,64.09,15.0,1594.95,1034.83,7.13,0,No Failure,146.1,66.8
L,62.7,4.44,78.46,15.0,2705.49,894.48,2.31,0,No Failure,138.5,64.1
M,60.02,3.63,93.98,16.0,1872.45,1079.9,4.29,0,No Failure,184.1,80.2
L,70.62,5.41,105.81,11.0,1356.54,1177.905,8.87,0,No Failure,109.3,53.7
H,57.87,5.73,78.66,10.0,1269.16,1073.6,7.42,0,No Failure,113.5,55.2
L,78.77,6.74,94.19,15.0,1812.49,1205.77,12.3,0,No Failure,120.0,57.5
M,81.73,1.03,64.69,13.0,1837.47,1510.54,1.11,0,No Failure,124.2,59.0
M,73.37,2.29,88.01,15.0,1566.42,1018.46,7.6,0,No Failure,176.8,77.6
M,69.82,2.99,79.1,13.0,1857.91,1206.64,3.93,0,No Failure,217.4,92.0
M,69.27,4.03,73.59,15.0,1901.38,1076.3,5.66,0,No Failure,196.9,84.7
L,62.17,1.36,64.2,12.0,1966.15,1362.64,4.45,0,No Failure,155.1,69.9
M,55.64,2.56,73.25,15.0,2144.19,1309.73,3.52,0,No Failure,172.7,76.2
L,51.96,5.34,90.44,15.0,1969.83,871.4,2.58,0,No Failure,132.6,62.0
L,79.74,4.01,84.63,14.0,1169.5,1186.66,1.2,0,No Failure,155.3,70.0
L,68.56,3.62,81.68,14.0,1780.55,868.83,7.49,0,No Failure,186.8,81.2
M,59.36,2.37,88.14,22.0,1624.38,1312.07,0.76,0,No Failure,152.4,69.0
H,49.26,2.57,68.61,13.0,1626.36,1270.61,8.61,0,No Failure,142.8,65.6
L,58.02,3.12,79.9,14.0,1991.9,1430.36,9.72,0,No Failure,165.5,73.6
M,69.51,3.41,91.76,13.0,2105.94,1265.36,5.95,0,No Failure,186.0,80.9
L,75.68,1.63,92.68,13.0,1897.14,1067.44,5.93,0,No Failure,172.0,75.9
L,61.74,4.62,87.38,10.0,1305.6,1168.95,0.0,0,No Failure,126.4,59.8
H,69.78,4.42,68.01,15.0,2248.05,1067.11,6.57,0,No Failure,160.6,71.9
L,62.96,2.5,87.66,16.0,2373.76,1164.94,5.58,0,No Failure,182.7,79.7
L,59.31,0.5,78.36,17.0,1533.07,1110.9,0.12,0,No Failure,138.1,63.9
M,65.88,3.34,70.38,14.0,2157.46,1164.92,1.01,0,No Failure,179.8,78.7
L,70.12,5.33,80.15,16.0,2517.88,1011.32,2.57,0,No Failure,149.9,68.1
H,80.86,2.49,72.81,17.0,1573.85,933.52,1.34,0,No Failure,142.3,65.4
H,52.71,4.43,71.97,15.0,1498.03,715.43,0.2,0,No Failure,108.1,53.3
M,63.13,5.02,73.89,13.0,2240.66,978.15,2.64,0,No Failure,146.9,67.0
H,74.82,4.21,98.73,13.0,2201.11,1247.99,1.05,1,Stator Insulation Thermal Fault,11.5,21.4
M,49.04,2.71,85.38,15.0,1951.91,1134.13,6.18,0,No Failure,180.4,78.9
H,96.271,2.13,73.12,12.0,1839.61,1054.69,5.81,0,No Failure,187.0,81.2
L,77.51,5.72,76.95,19.0,2415.02,1429.4,5.99,0,No Failure,109.3,53.7
L,68.4,3.13,91.36,15.0,1699.02,775.54,5.58,0,No Failure,182.7,79.7
L,64.29,4.11,92.56,12.0,2160.0,1396.44,4.36,0,No Failure,161.6,72.2
L,60.41,2.81,104.62,15.0,1655.43,1375.54,2.02,0,No Failure,158.9,71.3
L,73.99,2.51,75.98,16.0,1951.73,1080.73,1.43,0,No Failure,180.9,79.1
L,52.75,0.99,84.61,14.0,1954.8,1302.81,8.64,0,No Failure,153.7,69.4
L,69.83,2.61,71.69,18.0,2231.63,1206.29,3.19,0,No Failure,176.7,77.6
H,72.53,3.6,86.6,15.0,1642.62,1072.85,6.29,0,No Failure,192.7,83.3
M,64.51,2.05,81.35,12.0,1654.0,1270.22,-5.802,0,No Failure,193.1,83.4
L,60.02,3.18,79.56,11.0,2025.56,1543.78,3.55,1,High-Torque Shaft Fatigue,2.3,26.0
L,68.5,4.3,74.68,15.0,2044.68,1052.5,2.84,0,No Failure,183.7,80.0
L,73.7,3.19,74.18,16.0,2455.75,1177.905,0.94,0,No Failure,150.7,68.4
L,66.23,3.84,61.68,12.0,1927.63,1150.76,3.19,0,No Failure,174.5,76.8
L,92.3,3.23,97.53,16.0,1745.02,1017.85,2.47,0,No Failure,139.0,64.2
L,65.12,3.56,76.61,15.0,1527.32,1367.63,7.66,0,No Failure,176.4,77.5
M,69.9,5.91,84.69,16.0,1884.08,1115.74,6.29,0,No Failure,174.3,76.7
L,55.42,2.01,74.57,12.0,2107.41,1343.21,1.02,0,No Failure,144.3,66.1
H,55.54,3.43,79.18,18.0,1582.94,1276.17,6.6,0,No Failure,157.7,70.8
H,79.92,2.83,82.52,14.0,1634.61,1133.04,4.27,0,No Failure,202.8,86.8
L,76.58,5.21,102.87,19.0,1604.52,1168.23,7.05,0,No Failure,122.3,58.3
L,63.17,3.02,87.8,15.0,2316.28,1255.35,1.08,0,No Failure,175.5,77.2
H,67.41,0.5,80.19,19.0,1638.7,1647.9,4.74,0,No Failure,135.7,63.1
H,74.07,1.71,101.93,19.0,1738.67,1050.68,1.85,0,No Failure,135.1,62.9
M,88.5,0.53,112.05,16.0,1850.49,1163.99,5.08,0,No Failure,112.8,54.9
M,72.35,4.79,68.89,13.0,1368.39,1333.71,4.57,0,No Failure,151.4,68.6
H,63.06,2.39,77.68,13.0,2134.13,1129.24,1.61,0,No Failure,181.2,79.2
H,56.38,1.54,84.7,14.0,2386.4,611.0,0.0,0,No Failure,110.0,53.9
L,96.271,4.48,97.1,12.0,1810.08,1131.54,1.01,0,No Failure,160.6,71.9
L,72.97,0.5,81.45,13.0,2258.7,1893.461,2.22,0,No Failure,147.6,67.3
L,64.04,2.26,81.19,15.0,1632.51,1306.52,6.48,0,No Failure,195.3,84.2
H,59.1,3.77,64.07,13.0,1580.24,966.97,3.48,0,No Failure,151.8,68.8
M,79.43,4.39,76.5,16.0,1370.52,1446.54,2.9,1,Planetary Gearbox Overheat,7.9,20.1
M,73.94,1.26,76.95,20.0,1733.4,1265.46,6.58,0,No Failure,150.1,68.2
L,64.74,4.84,86.42,19.0,2111.57,1252.35,4.44,0,No Failure,164.1,73.1
M,75.83,2.58,95.38,10.0,1158.98,1197.12,-5.802,0,No Failure,144.1,66.1
M,78.79,2.29,77.76,10.0,2107.84,1850.0,0.0,1,High-Torque Shaft Fatigue,5.1,8.0
L,63.49,1.92,75.54,18.0,1784.3,1442.83,8.54,0,No Failure,152.4,69.0
M,81.82,3.14,64.94,17.0,1519.31,1126.95,5.96,0,No Failure,149.1,67.8
M,81.33,4.01,78.88,14.0,1729.88,1106.81,3.72,0,No Failure,185.0,80.5
M,75.2,1.99,88.03,17.0,1595.06,1390.42,7.33,0,No Failure,156.8,70.5
L,64.9,2.77,75.46,15.0,2143.02,908.38,6.63,0,No Failure,179.4,78.5
H,53.46,2.67,74.06,17.0,683.517,1543.42,2.61,0,No Failure,147.7,67.3
M,65.98,0.5,83.77,14.0,2013.63,1365.93,1.86,0,No Failure,170.2,75.3
L,65.07,2.65,70.58,10.0,2055.02,1138.83,6.95,0,No Failure,167.9,74.5
H,80.91,0.82,61.56,18.0,2153.6,1314.72,6.03,0,No Failure,116.8,56.4
H,54.57,3.86,97.67,13.0,1852.08,1137.53,2.05,0,No Failure,146.6,66.9
L,75.33,3.94,86.1,18.0,1850.71,1361.54,5.52,0,No Failure,172.7,76.2
L,63.37,1.77,71.43,14.0,1762.16,1148.28,3.13,0,No Failure,186.5,81.0
M,48.51,2.92,82.9,10.0,2262.18,1377.69,3.04,0,No Failure,126.3,59.7
L,66.59,3.13,112.59,16.0,1630.97,1251.76,1.28,0,No Failure,158.1,71.0
M,64.81,4.06,78.47,16.0,1432.55,1155.38,2.8,0,No Failure,179.1,78.4
L,72.78,2.08,67.09,12.0,1657.57,1319.17,7.11,0,No Failure,157.9,70.9
M,77.85,3.71,77.58,15.0,1842.86,1111.44,3.25,0,No Failure,192.2,83.1
H,70.25,2.88,66.38,18.0,1059.67,892.68,0.0,0,No Failure,118.1,56.8
L,79.12,2.9,70.22,16.0,2795.26,470.614,0.93,0,No Failure,120.2,57.6
L,73.16,1.84,83.05,11.0,1971.81,886.49,0.0,0,No Failure,149.0,67.8
L,77.22,3.78,98.19,13.0,2240.27,1021.49,6.92,1,Stator Insulation Thermal Fault,13.2,21.8
M,75.33,1.94,78.73,16.0,2442.93,1201.72,7.76,0,No Failure,160.9,72.0
L,78.81,4.01,52.57,10.0,1533.36,1398.03,7.77,0,No Failure,95.3,48.7
H,83.91,3.73,77.54,14.0,1739.63,1091.11,8.22,0,No Failure,164.1,73.1
M,66.57,3.1,87.92,13.0,1977.66,1246.81,1.05,0,No Failure,192.8,83.3
L,64.81,2.35,74.54,14.0,1697.57,1164.08,6.73,0,No Failure,196.2,84.5
M,65.51,3.02,84.76,17.0,1820.05,1343.43,2.7,0,No Failure,193.6,83.6
L,57.57,1.96,88.55,12.0,2080.6,1464.66,2.34,1,High-Torque Shaft Fatigue,13.9,21.1
H,61.84,4.05,106.11,15.0,2619.16,1042.8,6.02,1,Stator Insulation Thermal Fault,6.1,16.6
M,65.06,5.0,94.5,12.0,1690.15,1373.17,5.7,0,No Failure,152.6,69.0
L,86.14,2.88,68.97,11.0,1955.04,1351.63,6.37,0,No Failure,134.9,62.8
M,80.37,3.68,84.6,15.0,1553.97,1191.73,6.66,0,No Failure,177.5,77.9
L,67.68,5.24,71.79,15.0,1324.87,1329.2,7.99,0,No Failure,148.2,67.5
M,69.17,2.85,75.83,16.0,2176.3,1266.12,4.21,0,No Failure,197.8,85.1
H,65.43,3.07,79.22,14.0,1797.02,1267.7,5.81,0,No Failure,214.5,91.0
M,72.53,3.8,80.87,17.0,1886.26,1362.33,7.44,0,No Failure,178.6,78.2
L,75.46,5.33,61.63,15.0,2779.22,937.01,2.46,0,No Failure,100.1,50.5
L,72.81,3.23,78.03,14.0,1478.27,1207.44,2.42,0,No Failure,193.0,83.4
M,70.29,2.01,90.54,15.0,1513.41,1176.8,5.22,0,No Failure,194.9,84.0
H,69.79,1.42,85.26,16.0,2268.09,1026.0,3.23,0,No Failure,168.9,74.8
H,60.19,1.51,66.05,15.0,1536.1,1310.15,8.68,0,No Failure,143.2,65.7
L,67.97,2.99,86.54,17.0,2454.73,1093.51,3.83,0,No Failure,178.4,78.2
H,66.2,2.09,74.39,15.0,1957.43,1094.98,2.34,0,No Failure,191.5,82.8
M,74.9,0.5,120.399,15.0,2113.31,988.03,1.51,0,No Failure,154.6,69.8
M,66.5,3.7,99.9,11.0,1850.49,1306.71,5.08,0,No Failure,167.1,74.2
L,74.82,1.03,85.93,14.0,1738.71,470.614,2.7,0,No Failure,168.9,74.8
M,72.1,4.67,93.83,13.0,1552.33,1413.26,2.43,0,No Failure,148.1,67.4
L,69.46,3.17,76.72,16.0,1715.56,1356.38,4.43,0,No Failure,197.7,85.0
M,69.41,4.09,120.399,11.0,2190.85,1127.55,1.57,0,No Failure,159.3,71.4
L,61.64,3.38,82.52,14.0,1625.55,1313.91,8.01,0,No Failure,181.5,79.3
M,66.99,2.26,88.1,20.0,1908.7,1328.54,6.01,0,No Failure,169.9,75.2
L,62.45,1.19,87.45,16.0,1855.5,1296.62,12.04,0,No Failure,151.6,68.7
L,63.68,0.5,72.39,15.0,1715.16,1197.71,1.68,0,No Failure,166.9,74.1
L,73.21,1.01,87.49,14.0,1353.13,792.66,5.03,0,No Failure,150.8,68.4
M,59.53,1.89,80.75,13.0,1137.68,933.98,5.55,0,No Failure,147.8,67.3
H,62.86,2.14,82.22,13.0,1678.91,1036.63,0.0,0,No Failure,172.8,76.2
M,64.69,0.77,61.23,18.0,1668.18,1235.0,5.3,0,No Failure,147.7,67.3
L,73.9,3.55,77.39,13.0,2358.88,1600.47,4.2,1,High-Torque Shaft Fatigue,3.7,23.6
M,73.21,3.99,99.06,17.0,1834.26,1202.48,7.35,0,No Failure,165.0,73.4
H,80.82,1.96,87.62,12.0,1932.99,1238.12,5.49,0,No Failure,172.9,76.2
M,77.7,3.67,82.54,18.0,2117.62,1057.19,0.83,0,No Failure,156.7,70.5
M,58.23,1.0,66.74,13.0,1833.4,1135.05,0.91,0,No Failure,148.8,67.7
M,68.51,4.27,76.62,14.0,1884.82,1460.84,7.95,0,No Failure,173.6,76.5
L,64.53,1.0,76.28,15.0,2125.8,1143.3,0.3,0,No Failure,166.1,73.8
M,61.88,3.4,79.33,13.0,1650.53,1263.39,5.24,0,No Failure,190.6,82.5
L,83.05,4.18,78.41,20.0,1546.15,1167.4,7.87,0,No Failure,130.0,61.0
H,68.48,1.18,88.72,17.0,1486.56,1226.94,6.99,0,No Failure,164.7,73.3
M,66.0,2.56,83.61,15.0,2449.57,971.26,0.0,0,No Failure,164.2,73.2
L,84.01,2.7,74.54,12.0,1656.31,1473.73,8.87,1,High-Torque Shaft Fatigue,3.4,16.9
H,60.98,3.67,70.68,13.0,2077.91,1174.85,11.26,0,No Failure,148.6,67.6
L,69.5,3.34,81.18,14.0,2201.48,1215.27,5.92,0,No Failure,201.2,86.3
L,72.61,4.27,83.38,15.0,2037.92,1177.905,2.47,0,No Failure,187.8,81.5
H,63.53,2.17,87.77,16.0,1839.9,1252.36,5.98,0,No Failure,195.4,84.2
L,75.38,2.27,78.63,13.0,1961.5,1059.69,0.0,0,No Failure,171.2,75.7
H,88.08,3.1,75.34,16.0,1883.95,1274.87,5.23,0,No Failure,171.7,75.8
L,59.09,3.17,84.75,15.0,1957.75,1177.905,10.46,0,No Failure,178.7,78.3
L,73.18,0.5,59.34,10.0,2085.96,990.42,3.07,0,No Failure,112.4,54.8
H,65.56,2.85,68.83,14.0,1736.24,1114.88,2.23,0,No Failure,194.7,84.0
L,65.47,5.41,69.78,14.0,1564.02,1172.74,0.88,0,No Failure,154.6,69.8
H,82.0,2.63,81.13,13.0,1939.87,991.8,7.28,0,No Failure,168.9,74.8
M,48.12,2.76,81.74,17.0,2430.48,1281.91,2.15,0,No Failure,142.4,65.4
L,69.23,3.1,78.95,18.0,2243.16,1465.6,2.06,0,No Failure,162.1,72.4
M,77.45,3.65,69.52,18.0,1809.09,1516.67,3.95,0,No Failure,150.6,68.3
L,67.73,3.69,96.69,12.0,1793.75,1324.95,2.91,0,No Failure,173.9,76.6
L,67.22,3.88,87.03,13.0,2150.48,1132.94,-5.802,0,No Failure,176.4,77.5
M,75.45,5.18,93.83,12.0,1359.69,1252.41,3.96,0,No Failure,142.1,65.3
M,72.5,4.92,79.18,10.0,1482.94,962.47,10.06,0,No Failure,120.3,57.6
L,78.24,-1.438,78.96,12.0,1655.94,1397.4,5.86,0,No Failure,155.5,70.1
M,70.2,2.15,120.399,14.0,952.63,1217.47,7.1,0,No Failure,175.0,77.0
M,66.68,1.29,82.49,12.0,2158.9,1243.39,3.6,0,No Failure,181.6,79.3
H,83.91,3.89,84.4,18.0,2293.96,1100.93,4.02,0,No Failure,151.2,68.6
L,66.81,4.21,68.14,13.0,2125.93,1323.34,4.02,0,No Failure,170.1,75.3
L,64.51,3.79,80.23,13.0,1946.82,1244.31,0.09,0,No Failure,180.1,78.8
H,59.62,2.56,85.01,17.0,1796.49,1371.72,4.09,0,No Failure,184.0,80.2
M,73.45,3.17,86.32,15.0,2236.12,987.22,5.57,0,No Failure,180.8,79.0
L,70.76,2.21,86.15,14.0,1698.24,1518.93,5.88,1,High-Torque Shaft Fatigue,10.0,31.5
L,59.71,2.0,78.46,14.0,1840.02,1495.49,6.94,0,No Failure,174.3,76.7
M,72.4,6.73,101.6,12.0,1649.93,1093.02,6.24,0,No Failure,129.0,60.7
M,70.73,4.41,69.02,14.0,2080.58,1150.62,1.98,0,No Failure,170.8,75.5
H,77.2,1.79,83.8,15.0,2446.83,1526.08,6.0,0,No Failure,151.2,68.6
M,71.83,2.3,82.2,14.0,1189.84,1236.72,6.85,0,No Failure,179.0,78.4
H,39.666,3.1,96.32,13.0,2653.0,1036.68,11.77,1,Stator Insulation Thermal Fault,2.6,11.9
M,56.49,4.63,65.76,14.0,1998.49,1214.72,4.49,0,No Failure,165.3,73.5
M,71.8,3.33,82.44,15.0,1526.85,1412.59,5.07,0,No Failure,194.2,83.8
L,69.25,0.73,77.75,17.0,2246.97,1500.12,1.74,0,No Failure,140.1,64.6
M,60.73,2.83,82.8,15.0,2149.42,1479.0,4.19,0,No Failure,189.2,82.0
L,66.15,5.13,93.0,14.0,1574.9,1250.59,6.59,0,No Failure,168.7,74.7
M,63.42,2.69,70.04,14.0,2181.35,946.79,5.1,0,No Failure,166.0,73.8
L,65.66,2.06,61.79,16.0,2233.3,1297.74,5.64,0,No Failure,159.2,71.4
H,50.54,3.41,89.42,13.0,1842.27,1255.12,2.98,0,No Failure,173.8,76.5
M,63.11,2.93,91.17,15.0,2090.77,950.08,3.38,0,No Failure,182.6,79.7
M,68.59,2.84,81.91,11.0,2444.27,1213.95,1.13,0,No Failure,174.3,76.7
M,64.26,1.24,92.62,18.0,2028.04,1468.55,6.99,0,No Failure,141.4,65.1
H,70.21,1.62,81.715,18.0,1781.03,1676.04,9.39,0,No Failure,127.1,60.0
L,65.05,2.91,82.63,14.0,1418.95,1351.86,4.91,0,No Failure,196.3,84.5
M,63.6,1.41,63.89,14.0,1519.54,1322.98,4.83,0,No Failure,165.0,73.5
H,58.97,1.05,76.8,7.0,1882.57,1430.0,5.48,0,No Failure,155.0,69.9
L,47.39,4.46,61.85,10.0,1773.59,748.73,2.38,1,Planetary Gearbox Overheat,5.9,5.7
H,61.84,4.53,83.27,15.0,1925.11,1579.38,2.89,0,No Failure,165.1,73.5
L,61.69,-1.438,94.22,17.0,2295.26,1089.69,7.2,0,No Failure,155.8,70.2
H,75.49,2.7,83.41,17.0,2046.54,1446.72,6.37,0,No Failure,171.4,75.7
H,74.16,1.48,77.85,16.0,1988.22,1051.01,10.21,0,No Failure,154.1,69.6
L,67.97,1.98,87.26,15.0,2125.66,1250.77,7.56,0,No Failure,176.9,77.6
L,68.89,0.5,73.1,12.0,1641.9,988.63,4.98,0,No Failure,158.4,71.1
H,76.05,2.5,64.88,14.0,683.517,1278.62,4.36,0,No Failure,171.8,75.8
M,63.89,3.22,65.54,18.0,1701.73,1296.39,5.9,0,No Failure,163.2,72.8
H,64.73,2.07,72.35,12.0,2033.11,1065.02,8.29,0,No Failure,160.8,71.9
M,68.92,2.74,77.9,16.0,1714.29,1346.69,9.36,0,No Failure,180.3,78.9
L,71.63,2.88,74.17,15.0,1894.33,1124.65,5.5,0,No Failure,201.2,86.3
L,94.01,3.54,71.42,18.0,1257.99,1136.18,0.0,0,No Failure,107.3,53.0
L,61.73,3.54,68.19,16.0,1867.02,1370.31,0.68,0,No Failure,160.8,71.9
M,71.7,4.04,89.28,17.0,2076.17,806.35,2.2,0,No Failure,148.2,67.5
M,66.27,2.14,63.31,14.0,1126.78,1299.42,9.18,0,No Failure,141.2,65.0
M,66.16,1.76,120.399,12.0,1933.59,936.69,4.63,0,No Failure,185.6,80.7
L,80.89,2.65,88.8,13.0,1816.95,1481.6,1.66,0,No Failure,160.5,71.8
L,54.94,2.01,86.56,17.0,1728.29,1219.74,3.57,0,No Failure,174.6,76.8
M,64.2,3.69,66.69,11.0,1772.42,1045.3,4.15,0,No Failure,166.9,74.1
L,78.55,2.95,65.54,14.0,1861.86,884.34,9.08,0,No Failure,154.3,69.6
L,78.58,2.41,75.55,16.0,1521.68,1228.11,3.62,0,No Failure,178.7,78.3
M,65.68,2.46,69.79,17.0,2020.67,1018.49,2.39,0,No Failure,167.7,74.4
M,65.98,4.64,69.42,15.0,2168.37,880.06,0.01,0,No Failure,139.2,64.3
M,52.56,3.25,93.25,15.0,3021.596,1095.53,10.93,0,No Failure,146.6,66.9
M,69.31,1.59,65.55,10.0,1687.25,1386.45,0.0,0,No Failure,130.0,61.0
M,56.65,4.02,100.82,12.0,2352.08,1076.19,5.9,1,Stator Insulation Thermal Fault,2.8,16.7
H,71.09,3.3,93.76,18.0,2356.94,1473.78,0.0,0,No Failure,125.5,59.5
M,66.39,4.8,94.12,18.0,1714.02,1148.15,6.36,0,No Failure,162.7,72.6
L,67.78,4.13,90.26,12.0,1546.64,1286.65,8.14,0,No Failure,163.0,72.7
M,67.3,4.92,73.02,16.0,1621.29,1284.46,7.44,0,No Failure,161.8,72.3
H,79.54,1.32,69.11,12.0,1595.85,1322.12,10.19,0,No Failure,121.2,57.9
L,73.24,3.57,82.75,12.0,1657.47,1106.41,7.5,0,No Failure,180.2,78.8
M,65.23,3.23,80.21,12.0,2208.84,1009.18,6.74,0,No Failure,176.3,77.4
L,70.37,3.38,81.08,12.0,1942.59,1247.36,4.04,0,No Failure,204.5,87.4
L,56.12,1.2,75.81,13.0,1509.74,1529.92,6.15,0,No Failure,135.0,62.8
H,61.62,1.77,64.67,15.0,1561.4,1575.81,6.0,0,No Failure,143.1,65.7
L,67.4,1.63,84.67,15.0,2222.59,1213.37,2.0,0,No Failure,188.8,81.9
H,75.67,1.62,90.82,16.0,1692.02,940.66,6.3,0,No Failure,156.2,70.3
M,73.54,1.06,91.7,14.0,1140.57,1014.63,2.97,0,No Failure,143.7,65.9
M,79.56,3.36,100.66,15.0,1742.87,1247.76,6.01,0,No Failure,173.1,76.3
L,60.01,3.09,79.3,14.0,1879.32,883.89,5.23,0,No Failure,190.6,82.5
L,67.1,1.71,81.91,15.0,1557.55,1340.27,1.56,0,No Failure,186.2,80.9
H,73.01,0.5,85.68,11.0,1182.31,1165.13,5.75,0,No Failure,144.3,66.1
L,58.78,5.07,107.27,9.0,1188.85,1400.19,6.0,0,No Failure,81.5,43.9
H,65.84,1.69,59.88,11.0,1024.17,995.84,3.88,0,No Failure,118.4,56.9
L,60.7,4.46,72.83,14.0,2311.55,1024.05,5.79,0,No Failure,155.1,69.9
H,69.34,1.84,74.15,13.0,1852.08,966.98,9.82,0,No Failure,164.6,73.3
H,69.59,2.825,113.9,14.0,1636.7,1158.31,1.88,0,No Failure,141.2,65.0
M,86.64,3.49,68.06,12.0,2025.4,963.65,5.12,0,No Failure,138.8,64.1
L,68.62,1.64,80.57,14.0,2407.21,1893.461,3.76,0,No Failure,179.0,78.4
L,67.62,4.22,93.68,11.0,1363.62,1364.24,2.58,0,No Failure,140.9,64.9
M,78.68,2.82,70.36,14.0,1889.79,1001.46,4.56,0,No Failure,187.1,81.3
M,73.07,2.07,95.05,15.0,1669.87,1075.28,6.11,0,No Failure,181.1,79.1
H,63.15,1.11,88.04,15.0,1859.49,966.98,9.26,0,No Failure,158.9,71.3
M,64.9,5.75,100.39,16.0,1528.05,1416.44,14.772,0,No Failure,134.5,62.6
M,63.27,3.08,61.35,10.0,1724.78,1251.11,0.0,0,No Failure,140.3,64.7
H,63.03,2.825,81.19,15.0,2051.75,1428.45,1.18,0,No Failure,164.2,73.1
L,79.92,1.9,72.17,16.0,2102.46,1222.46,3.94,0,No Failure,168.1,74.5
H,61.65,1.12,97.6,15.0,1858.04,1267.29,4.45,0,No Failure,177.4,77.8
M,73.3,3.56,71.23,16.0,1400.15,1369.42,5.02,0,No Failure,165.9,73.8
L,67.97,5.03,96.3,12.0,1917.25,1450.23,2.32,1,High-Torque Shaft Fatigue,11.4,19.3
L,71.41,3.42,109.14,16.0,2217.68,1096.25,4.7,1,Stator Insulation Thermal Fault,7.6,26.8
H,69.06,4.43,92.67,16.0,2054.83,890.72,5.83,0,No Failure,158.5,71.1
L,71.74,3.13,70.36,18.0,1534.22,1243.56,4.93,0,No Failure,174.3,76.7
H,70.61,1.31,106.59,10.0,1754.3,1295.53,0.0,0,No Failure,121.9,58.2
M,64.31,4.11,93.45,14.0,1372.18,1033.34,9.61,0,No Failure,148.4,67.5
L,67.55,2.25,77.02,13.0,1562.35,1136.22,2.17,0,No Failure,188.7,81.8
M,72.27,1.5,90.68,14.0,1474.84,815.88,2.11,0,No Failure,151.0,68.5
H,75.37,3.52,73.59,15.0,1014.19,1251.82,3.75,0,No Failure,162.0,72.4
H,81.8,2.92,81.86,13.0,1583.44,1166.53,2.58,0,No Failure,184.2,80.2
L,75.57,1.52,85.55,13.0,1901.59,1036.52,3.87,0,No Failure,179.0,78.4
M,72.87,3.65,77.48,13.0,1628.63,1017.78,5.5,0,No Failure,184.9,80.5
L,73.41,2.67,71.09,14.0,2283.92,1292.96,3.98,0,No Failure,182.1,79.5
M,75.31,2.12,70.98,14.0,1876.59,1169.57,2.05,0,No Failure,190.0,82.3
M,62.79,4.18,84.33,16.0,1375.49,1246.52,0.0,0,No Failure,158.6,71.2
M,70.51,-0.74,84.22,15.0,3021.596,1209.24,7.26,0,No Failure,181.6,79.3
M,80.28,2.94,79.25,13.0,1832.72,1060.32,6.43,0,No Failure,188.0,81.6
L,67.3,4.97,84.99,14.0,1750.04,1150.52,4.08,0,No Failure,198.3,85.2
M,64.79,4.02,70.64,17.0,2003.13,1344.86,5.68,0,No Failure,164.6,73.3
L,66.56,4.01,75.42,16.0,1538.65,1318.71,3.15,0,No Failure,180.0,78.8
L,72.73,2.7,89.18,14.0,2005.28,929.81,3.0,0,No Failure,185.1,80.5
L,76.43,3.75,78.71,15.0,1659.69,690.04,5.56,0,No Failure,162.0,72.4
L,77.19,3.61,85.97,14.0,2425.11,955.57,4.57,0,No Failure,163.7,73.0
M,68.07,1.18,80.17,12.0,2069.15,1120.56,5.66,0,No Failure,181.7,79.4
M,65.0,2.8,57.7,16.0,2787.39,1012.64,6.09,0,No Failure,131.3,61.5
L,64.95,3.55,84.6,17.0,1590.58,978.33,3.94,0,No Failure,182.5,79.6
H,57.06,3.33,59.5,18.0,1958.14,1091.84,6.87,0,No Failure,144.8,66.3
H,59.64,2.67,91.49,15.0,1412.88,1046.3,10.57,0,No Failure,148.8,67.7
L,65.28,2.95,92.27,13.0,1829.0,1100.69,6.37,0,No Failure,194.4,83.8
L,62.74,2.94,77.15,12.0,2566.0,1098.12,4.59,0,No Failure,170.2,75.3
M,60.96,0.5,81.78,15.0,1455.34,1373.96,2.68,0,No Failure,159.2,71.4
L,63.56,1.66,71.39,15.0,1380.79,1281.89,0.0,0,No Failure,151.6,68.7
M,54.23,3.25,87.15,11.0,1676.51,1089.84,4.61,0,No Failure,171.2,75.6
L,73.52,3.07,71.41,15.0,1876.15,1219.21,5.42,0,No Failure,205.8,87.9
L,69.76,3.89,72.14,13.0,1778.1,1206.12,5.6,0,No Failure,191.1,82.7
L,62.07,4.2,69.83,12.0,1460.26,1055.47,0.13,0,No Failure,133.3,62.2
L,67.97,1.83,69.62,14.0,1625.39,869.63,5.62,0,No Failure,168.9,74.8
M,67.95,1.93,92.9,12.0,2044.38,1356.39,7.45,0,No Failure,163.2,72.8
L,42.0,1.46,80.59,14.0,1978.47,1194.39,4.09,0,No Failure,168.2,74.6
L,70.7,3.62,73.22,14.0,1968.55,1445.96,0.0,0,No Failure,165.7,73.7
M,72.3,2.7,68.39,11.0,1205.56,1154.15,0.0,0,No Failure,139.0,64.2
L,84.09,2.51,78.77,14.0,2002.35,1102.86,4.1,0,No Failure,183.2,79.9
M,70.46,3.37,94.07,14.0,2214.31,1163.68,2.93,0,No Failure,185.4,80.7
L,80.88,4.07,74.68,14.0,1914.57,787.27,6.71,0,No Failure,148.9,67.7
L,72.17,4.08,95.23,16.0,2279.17,1274.81,3.77,0,No Failure,166.3,73.9
L,76.59,3.58,92.0,15.0,2048.21,969.4,5.79,0,No Failure,171.3,75.7
M,64.45,3.91,95.28,14.0,2113.81,1404.19,3.73,0,No Failure,169.3,74.9
L,59.13,3.29,82.67,16.0,2012.56,1053.84,9.32,0,No Failure,156.5,70.4
M,72.79,1.49,78.61,16.0,2097.03,1394.88,5.36,0,No Failure,174.8,76.9
H,80.09,0.82,78.96,14.0,1958.85,1206.14,3.0,0,No Failure,176.6,77.5
H,70.64,2.78,73.4,13.0,1593.35,1405.31,7.59,0,No Failure,168.9,74.8
M,73.91,4.2,93.69,15.0,2185.06,1120.94,2.5,0,No Failure,166.8,74.1
H,66.74,4.38,93.18,15.0,2084.58,1073.03,4.5,0,No Failure,187.5,81.4
L,74.85,1.31,74.03,13.0,1456.59,1441.49,9.36,1,High-Torque Shaft Fatigue,13.4,15.8
L,71.13,3.99,103.44,12.0,1281.26,1111.48,7.58,0,No Failure,131.3,61.5
H,68.12,3.3,81.715,14.0,1735.02,1191.32,4.495,0,No Failure,220.3,93.0
L,85.16,2.47,78.11,16.0,1942.43,1273.99,1.54,0,No Failure,167.7,74.4
L,78.25,1.61,73.07,14.0,1887.04,1302.15,7.65,0,No Failure,167.0,74.1
L,39.666,2.88,88.87,16.0,1483.65,1128.7,4.87,0,No Failure,184.6,80.4
L,72.49,2.28,86.29,14.0,1839.4,990.83,6.43,0,No Failure,193.0,83.4
H,42.83,2.39,92.57,17.0,1704.79,943.67,4.18,0,No Failure,137.3,63.6
H,77.66,0.9,63.79,16.0,1431.22,1400.74,4.58,0,No Failure,135.3,62.9
L,79.88,0.58,89.18,17.0,2134.51,940.7,2.8,0,No Failure,130.3,61.1
M,72.46,3.78,100.43,16.0,1850.49,1327.38,10.32,0,No Failure,134.5,62.6
L,63.6,1.48,84.53,17.0,1509.36,844.89,9.16,0,No Failure,138.5,64.0
L,71.54,-1.438,83.83,14.0,2379.02,1229.01,7.31,0,No Failure,187.5,81.4
L,61.57,2.9,105.08,12.0,1923.5,970.75,4.43,0,No Failure,166.7,74.0
L,76.2,2.9,88.6,14.0,1670.5,1171.6,14.772,0,No Failure,200.8,86.1
M,72.51,0.5,63.85,16.0,1894.64,1095.67,3.7,0,No Failure,162.3,72.5
M,89.23,3.93,107.42,16.0,1495.36,1288.88,3.34,0,No Failure,118.1,56.8
M,56.98,3.78,88.65,11.0,1479.53,1179.15,2.06,0,No Failure,152.6,69.0
M,72.33,5.35,81.72,14.0,1272.17,1318.08,2.66,0,No Failure,157.1,70.6
L,74.26,3.5,84.03,17.0,1238.6,1220.1,1.7,0,No Failure,159.8,71.6
L,70.83,2.45,63.77,16.0,1534.44,1352.76,3.66,0,No Failure,165.9,73.7
M,77.61,1.63,97.14,14.0,2309.14,1551.04,3.95,1,Stator Insulation Thermal Fault,6.4,18.2
L,60.43,3.4,85.55,18.0,1183.39,1457.43,6.96,0,No Failure,136.0,63.2
H,52.23,4.09,63.72,15.0,1892.77,1568.04,1.55,0,No Failure,128.9,60.7
H,52.55,4.7,87.47,16.0,729.27,1331.28,1.45,0,No Failure,136.8,63.4
L,73.99,2.97,79.01,16.0,1825.03,1111.7,4.82,0,No Failure,206.9,88.3
L,81.44,3.07,90.61,15.0,1437.42,1119.37,5.08,0,No Failure,177.5,77.9
L,57.0,4.6,87.48,18.0,2105.28,1173.88,8.24,0,No Failure,142.1,65.3
H,67.54,0.83,73.88,17.0,1865.3,892.77,6.24,0,No Failure,160.2,71.7
M,65.05,1.12,87.99,12.0,1599.14,1099.61,1.44,0,No Failure,157.9,70.9
M,66.44,7.148,90.32,14.0,2091.8,1537.26,5.27,0,No Failure,181.1,79.1
M,77.08,4.09,59.34,15.0,1592.34,1237.25,1.54,0,No Failure,148.9,67.7
M,74.84,1.55,96.49,13.0,1657.76,1152.63,6.52,0,No Failure,167.1,74.2
H,70.57,1.49,81.35,17.0,1644.07,1488.88,2.35,0,No Failure,162.1,72.4
L,48.68,2.37,62.61,14.0,1330.84,1006.62,0.0,0,No Failure,116.3,56.2
M,65.86,2.19,72.46,18.0,2074.79,1217.06,6.89,0,No Failure,172.3,76.0
M,76.11,2.74,76.29,14.0,1657.33,1201.3,5.47,0,No Failure,199.8,85.8
L,60.59,3.57,76.11,13.0,2144.78,1495.36,6.59,0,No Failure,159.7,71.5
L,74.48,2.16,88.45,11.0,2163.12,1111.97,2.61,0,No Failure,164.2,73.2
L,39.666,1.47,84.91,16.0,2268.99,1290.36,11.42,0,No Failure,150.1,68.2
L,76.88,5.14,72.01,16.0,1537.33,1516.58,2.87,0,No Failure,130.9,61.4
H,63.93,0.72,79.33,23.0,2338.68,1211.78,3.94,0,No Failure,173.4,76.4
M,81.76,2.92,75.55,18.0,1784.72,1020.22,9.15,0,No Failure,137.5,63.7
L,89.86,2.42,74.86,17.0,1577.21,1133.98,1.19,0,No Failure,140.5,64.8
H,81.79,2.39,89.97,13.0,1854.11,1196.47,4.5,0,No Failure,187.9,81.5
H,62.52,2.11,64.23,16.0,1833.53,1160.21,3.95,0,No Failure,186.5,81.0
H,67.52,2.62,78.86,17.0,1773.67,1079.32,0.82,0,No Failure,190.5,82.5
L,64.04,3.59,96.47,17.0,1675.23,1144.41,3.88,0,No Failure,178.6,78.2
M,76.61,2.63,79.56,18.0,1884.2,1240.04,8.35,0,No Failure,173.5,76.4
L,67.45,1.08,84.24,15.0,1812.16,1128.21,5.07,0,No Failure,202.2,86.6
M,58.33,3.58,81.15,11.0,2293.42,1091.98,6.08,0,No Failure,160.2,71.8
M,67.48,2.0,71.67,16.0,1666.98,1344.31,2.7,0,No Failure,179.1,78.4
L,71.04,1.47,84.46,15.0,1815.76,1207.65,4.5,0,No Failure,211.4,89.9
M,72.78,3.63,76.51,16.0,1321.9,1122.55,0.89,0,No Failure,165.4,73.6
H,74.2,0.62,85.64,14.0,1959.97,955.25,0.41,0,No Failure,152.8,69.1
H,67.91,1.1,74.54,15.0,1797.92,1420.33,7.23,0,No Failure,175.3,77.1
M,53.64,2.63,105.1,13.0,2068.95,1112.38,3.15,0,No Failure,153.6,69.4
M,59.44,2.13,81.93,15.0,1483.48,1129.05,0.22,0,No Failure,174.8,76.9
M,75.03,3.42,71.68,18.0,2176.25,1246.1,0.0,0,No Failure,147.7,67.3
L,73.71,3.05,91.72,18.0,1700.97,997.18,3.42,0,No Failure,170.1,75.2
H,60.74,3.88,86.09,13.0,1735.89,1048.77,4.24,0,No Failure,184.5,80.4
L,76.31,2.56,75.65,16.0,1584.93,1334.44,8.9,0,No Failure,161.7,72.3
L,63.08,4.0,89.93,14.0,1581.1,631.69,4.43,0,No Failure,157.0,70.6
H,55.56,3.44,88.74,12.0,1970.76,939.33,1.2,0,No Failure,147.6,67.3
M,80.93,3.48,80.35,15.0,1805.47,1190.4,9.09,0,No Failure,180.2,78.8
M,67.9,2.95,100.8,15.0,2253.19,1422.23,3.95,1,Stator Insulation Thermal Fault,3.7,32.5
L,69.5,4.38,78.03,17.0,1680.97,776.58,0.66,0,No Failure,147.4,67.2
M,75.25,3.84,82.63,15.0,1746.25,1245.66,0.94,0,No Failure,183.7,80.1
M,70.08,2.51,89.08,11.0,1866.6,1359.54,5.21,0,No Failure,186.1,80.9
H,56.27,3.27,82.47,11.0,2215.81,1157.4,1.66,0,No Failure,164.3,73.2
L,61.27,3.45,84.18,15.0,1675.18,1013.74,7.24,0,No Failure,186.2,81.0
L,70.88,0.89,88.66,13.0,1644.47,1370.32,4.72,0,No Failure,172.2,76.0
M,61.17,5.15,81.15,19.0,1849.43,1191.73,1.41,0,No Failure,139.9,64.6
L,60.88,1.5,85.39,12.0,1874.66,752.31,5.71,0,No Failure,156.1,70.3
L,73.22,4.13,74.68,15.0,1963.95,1110.68,0.0,0,No Failure,171.4,75.7
M,76.58,2.08,79.64,16.0,2191.13,1301.52,4.53,0,No Failure,177.1,77.7
M,62.17,1.3,103.8,14.0,1850.49,1182.35,7.15,0,No Failure,143.3,65.7
M,63.63,0.5,86.0,12.0,1943.58,929.97,9.59,0,No Failure,139.9,64.6
M,75.69,1.6,69.06,14.0,1634.95,1491.27,5.83,0,No Failure,153.0,69.2
L,67.97,4.01,71.09,13.0,1808.34,1135.46,2.75,0,No Failure,192.2,83.1
M,58.69,4.18,59.25,11.0,1893.34,1470.64,2.42,1,High-Torque Shaft Fatigue,11.5,15.0
M,63.49,0.76,82.12,17.0,1992.35,1048.51,3.19,0,No Failure,170.6,75.4
M,79.55,3.01,79.43,11.0,2537.54,1195.95,1.81,0,No Failure,150.2,68.2
L,62.22,2.71,87.46,19.0,1754.41,1253.64,4.62,0,No Failure,184.5,80.4
L,68.88,1.21,97.32,13.0,2131.23,1004.54,4.25,0,No Failure,164.3,73.2
L,53.65,2.16,104.76,15.0,1684.17,1092.77,7.79,0,No Failure,146.9,67.0
L,62.65,1.93,70.44,14.0,1960.81,1050.99,3.34,0,No Failure,184.1,80.2
M,66.85,4.83,81.29,18.0,2850.0,1185.98,3.26,0,No Failure,148.3,67.5
M,76.77,3.51,70.6,17.0,1377.9,1104.52,3.04,0,No Failure,153.7,69.4
H,66.01,4.69,65.26,14.0,2069.01,1005.61,4.98,0,No Failure,165.3,73.5
L,62.14,3.67,85.28,15.0,1341.04,1168.65,3.98,0,No Failure,190.4,82.4
M,66.34,2.34,81.42,16.0,1525.46,1475.94,9.3,0,No Failure,165.0,73.5
L,62.76,0.5,78.25,14.0,2356.98,1197.57,3.81,0,No Failure,167.2,74.2
H,76.31,4.75,82.08,20.0,1855.27,983.48,4.38,0,No Failure,158.1,71.0
H,68.67,1.76,73.62,20.0,1806.66,968.86,6.84,0,No Failure,155.2,70.0
L,72.83,3.65,98.71,14.0,1961.19,1349.09,6.91,0,No Failure,166.5,74.0
L,72.67,1.75,92.2,16.0,2153.76,1383.37,5.81,0,No Failure,160.5,71.8
L,65.95,4.03,63.64,14.0,2121.42,1253.07,6.28,0,No Failure,172.5,76.1
M,50.07,2.69,91.43,13.0,1817.71,1029.35,4.64,0,No Failure,170.0,75.2
H,59.17,4.29,82.0,15.0,1027.73,1400.89,5.92,0,No Failure,148.6,67.6
M,52.13,1.91,102.97,21.0,1723.22,1386.54,0.0,0,No Failure,90.4,47.0
L,65.51,3.54,57.62,15.0,1815.88,1485.29,1.5,0,No Failure,158.5,71.1
H,75.23,1.61,79.19,23.0,2092.72,1218.67,5.66,0,No Failure,166.9,74.1
H,57.3,4.55,83.38,14.0,2048.35,999.56,3.42,0,No Failure,168.2,74.6
H,66.54,2.23,58.7,14.0,1955.65,1334.07,8.71,0,No Failure,160.9,72.0
L,70.81,0.5,88.16,14.0,1951.48,1180.99,9.37,0,No Failure,165.2,73.5
M,64.21,1.43,56.59,15.0,1785.84,1037.94,7.14,0,No Failure,156.4,70.4
M,63.67,2.48,64.37,16.0,2203.48,1379.87,6.04,0,No Failure,160.4,71.8
L,62.15,2.01,79.69,14.0,1716.77,1194.37,0.0,0,No Failure,187.1,81.3
H,84.26,3.41,80.4,11.0,1405.09,1569.24,6.56,1,High-Torque Shaft Fatigue,5.6,15.3
L,70.04,0.5,84.49,18.0,1899.14,1299.04,5.78,0,No Failure,165.0,73.4
L,67.73,2.18,67.68,15.0,1483.08,1265.52,5.48,0,No Failure,183.0,79.8
M,82.27,2.77,96.45,12.0,1798.72,923.11,2.26,0,No Failure,147.9,67.4
L,76.57,3.29,90.28,14.0,1535.71,1048.53,-5.802,0,No Failure,172.8,76.2
M,71.92,3.71,68.36,16.0,1926.75,1422.18,1.75,0,No Failure,160.2,71.7
M,71.88,5.13,97.96,12.0,1380.67,894.92,6.74,0,No Failure,121.0,57.8
M,54.15,1.74,81.15,12.0,2110.65,1357.34,2.97,0,No Failure,145.9,66.7
H,62.58,2.96,66.74,11.0,2282.78,1304.48,7.39,0,No Failure,144.8,66.3
H,71.45,2.62,91.51,6.0,1499.0,825.5,2.53,0,No Failure,161.9,72.3
M,77.16,3.69,76.71,16.0,2041.22,964.18,2.43,0,No Failure,164.9,73.4
M,51.09,3.16,97.77,11.0,1297.41,1163.27,3.5,0,No Failure,138.0,63.9
L,62.52,2.69,87.23,14.0,1442.36,1341.82,6.65,0,No Failure,181.2,79.2
L,71.21,4.85,67.49,14.0,1635.74,1286.89,5.61,0,No Failure,169.2,74.9
L,69.04,2.75,67.01,15.0,1534.24,1203.51,5.25,0,No Failure,197.3,84.9
M,72.65,3.16,77.48,13.0,1921.6,1490.42,5.78,1,High-Torque Shaft Fatigue,6.9,34.4
L,75.14,3.88,82.84,19.0,1772.29,1298.46,1.85,0,No Failure,160.1,71.7
M,69.92,2.89,81.15,13.0,2365.15,1356.11,0.0,1,Stator Insulation Thermal Fault,6.6,23.5
M,72.48,2.72,94.13,13.0,1465.12,1241.69,2.76,0,No Failure,175.8,77.3
L,68.76,2.34,82.03,17.0,1970.96,1177.62,7.02,0,No Failure,200.0,85.8
L,68.36,0.5,79.65,18.0,1762.76,1176.7,9.69,0,No Failure,157.9,70.9
H,71.1,1.7,78.31,18.0,1626.55,1203.15,2.71,0,No Failure,176.4,77.5
L,48.19,3.52,94.5,14.0,2039.79,1407.57,2.13,0,No Failure,141.6,65.1
H,72.95,3.73,81.34,17.0,2073.49,1146.43,3.73,0,No Failure,189.1,82.0
H,70.79,2.45,82.68,17.0,1452.96,1357.06,0.45,0,No Failure,166.8,74.1
H,70.25,5.06,84.42,14.0,1673.33,1149.34,7.87,0,No Failure,176.2,77.4
H,71.83,1.36,93.37,12.0,1663.09,1089.68,3.1,0,No Failure,163.8,73.0
M,64.63,2.33,94.14,8.0,2204.33,1276.37,4.91,0,No Failure,148.6,67.6
M,69.59,2.6,78.8,23.0,2850.0,1186.23,3.04,0,No Failure,174.1,76.7
L,69.12,2.01,92.03,13.0,2172.42,1052.73,5.98,0,No Failure,174.8,76.9
M,71.1,4.87,92.83,15.0,1608.32,1068.42,5.42,0,No Failure,172.3,76.0
L,73.89,3.35,79.66,13.0,1294.44,1388.36,11.31,0,No Failure,138.8,64.2
M,61.51,2.68,120.399,12.0,2201.33,1265.49,2.79,0,No Failure,180.0,78.7
M,65.99,3.98,80.35,15.0,2220.59,1044.47,6.5,0,No Failure,185.6,80.7
H,63.32,3.15,84.91,23.0,1778.03,1314.63,0.0,0,No Failure,188.0,81.6
M,63.03,1.8,80.42,14.0,1306.57,1053.87,6.29,0,No Failure,170.3,75.3
M,74.76,2.51,83.13,15.0,1629.43,1413.21,2.09,0,No Failure,180.8,79.0
L,74.23,2.38,102.71,13.0,2124.92,1500.39,0.0,1,High-Torque Shaft Fatigue,7.9,15.5
L,67.18,3.44,67.79,15.0,1941.23,1357.6,0.04,0,No Failure,172.8,76.2
L,57.57,3.74,95.72,12.0,1985.45,965.75,2.01,0,No Failure,146.6,66.9
M,81.33,2.45,85.07,16.0,1791.48,1063.88,4.63,0,No Failure,183.7,80.1
L,76.71,1.71,93.11,15.0,1638.94,1191.51,4.51,0,No Failure,185.3,80.6
L,60.57,2.94,69.88,18.0,1933.65,948.67,3.19,0,No Failure,165.1,73.5
L,55.9,2.59,85.77,14.0,1663.83,933.63,9.96,0,No Failure,158.0,70.9
L,70.01,3.5,73.28,16.0,1844.805,1022.02,2.34,0,No Failure,162.6,72.6
M,77.49,1.2,74.74,14.0,3021.596,966.48,6.09,0,No Failure,155.3,70.0
L,73.77,1.46,73.94,14.0,1369.41,1177.01,10.13,0,No Failure,151.0,68.5
L,77.84,2.71,83.51,18.0,1844.805,1416.59,3.01,0,No Failure,156.3,70.3
H,56.35,0.5,99.56,14.0,1648.2,1421.94,7.17,0,No Failure,125.3,59.4
L,68.23,0.5,93.79,14.0,1131.36,898.7,6.86,0,No Failure,129.6,60.9
L,70.38,2.17,85.65,17.0,1414.1,1245.55,4.59,0,No Failure,175.2,77.0
M,61.57,4.21,95.26,17.0,2495.62,1167.6,2.88,0,No Failure,145.5,66.5
L,72.17,4.18,86.44,16.0,2092.97,1520.38,0.03,0,No Failure,145.1,66.4
L,77.73,3.21,91.22,16.0,1899.68,1415.02,4.6,0,No Failure,176.7,77.6
L,71.22,1.24,81.72,13.0,2115.5,898.58,2.91,0,No Failure,167.2,74.2
L,66.22,2.0,80.42,16.0,1781.36,1335.46,1.58,0,No Failure,184.5,80.3
M,70.11,2.03,100.4,13.0,1860.68,1215.24,9.55,0,No Failure,168.1,74.5
L,54.71,2.93,96.26,14.0,2101.98,1087.96,9.01,0,No Failure,154.7,69.8
L,66.07,2.89,71.6,15.0,2520.74,761.93,4.17,0,No Failure,160.2,71.7
L,72.07,1.7,96.86,13.0,1332.28,1214.87,1.78,0,No Failure,153.5,69.4
L,64.11,5.8,67.79,11.0,1367.77,1078.32,4.12,0,No Failure,130.6,61.3
L,66.84,2.02,87.64,17.0,2466.02,1371.75,3.22,0,No Failure,159.3,71.4
M,71.67,2.64,83.31,23.0,1847.07,1277.53,7.29,0,No Failure,206.3,88.1
M,74.79,2.37,72.23,14.0,1753.78,1373.17,2.82,0,No Failure,181.1,79.1
L,75.32,1.72,81.85,13.0,1813.18,1291.67,6.84,0,No Failure,186.0,80.9
L,80.94,2.4,72.24,12.0,1971.48,995.62,5.54,0,No Failure,157.7,70.9
L,76.28,3.37,82.99,20.0,1953.18,1106.08,2.82,0,No Failure,164.0,73.1
L,74.15,5.24,81.88,18.0,2005.9,997.64,8.69,0,No Failure,143.3,65.8
L,67.59,3.01,84.03,12.0,1645.74,470.614,7.4,0,No Failure,191.8,82.9
L,61.87,3.83,93.46,15.0,2029.0,1107.5,0.0,0,No Failure,163.5,72.9
L,60.88,3.23,81.58,13.0,1516.6,1171.46,0.0,0,No Failure,174.8,76.9
L,68.18,6.01,85.18,16.0,2054.31,1476.99,4.07,0,No Failure,160.8,71.9
L,70.96,5.1,61.98,15.0,1326.9,1104.12,6.67,0,No Failure,140.3,64.7
M,60.59,2.3,94.17,18.0,2713.63,1374.71,2.72,0,No Failure,120.3,57.6
M,60.05,1.19,92.1,12.0,1669.67,1284.07,6.32,0,No Failure,154.3,69.7
H,70.64,5.61,106.76,13.0,2104.13,1450.75,6.72,0,No Failure,122.2,58.3
L,45.29,1.99,74.97,14.0,1880.0,1272.63,2.93,0,No Failure,162.6,72.6
H,70.12,5.96,88.33,17.0,1199.42,990.45,6.36,0,No Failure,130.2,61.1
L,66.3,3.69,77.4,12.0,1655.4,1089.86,5.46,0,No Failure,185.1,80.6
L,62.57,2.85,74.71,16.0,1203.72,1429.6,2.35,0,No Failure,156.8,70.6
M,56.17,2.35,73.46,13.0,2054.47,1297.34,2.63,0,No Failure,166.0,73.8
M,67.7,4.77,74.31,14.0,2243.81,1102.61,2.48,0,No Failure,171.0,75.6
H,79.71,2.02,85.51,15.0,1654.67,1585.86,7.45,0,No Failure,150.8,68.4
H,75.45,2.79,69.08,13.0,2165.56,1106.3,11.12,0,No Failure,150.5,68.3
M,64.78,2.47,69.45,13.0,1613.93,1340.02,0.73,0,No Failure,160.9,72.0
L,74.38,5.75,71.61,13.0,1497.87,1213.31,5.0,0,No Failure,152.8,69.1
L,57.36,3.75,59.92,17.0,1482.43,1310.41,6.36,0,No Failure,131.9,61.7
M,70.71,0.5,97.48,16.0,1956.78,1084.86,2.9,0,No Failure,161.8,72.3
L,53.07,5.22,64.76,14.0,1954.21,972.23,1.89,0,No Failure,130.2,61.1
L,65.91,0.96,94.69,16.0,1852.57,1237.73,4.48,0,No Failure,185.8,80.8
M,96.271,1.78,72.03,15.0,1482.42,1279.82,1.81,0,No Failure,174.4,76.8
M,67.85,1.66,83.61,15.0,2301.18,1096.17,0.67,0,No Failure,174.7,76.9
M,68.23,3.64,99.42,14.0,1828.49,1579.87,6.2,0,No Failure,167.2,74.2
L,65.18,2.51,92.65,12.0,1970.71,1232.33,5.71,0,No Failure,185.0,80.5
H,73.74,4.25,91.36,14.0,1827.14,1242.4,4.78,0,No Failure,186.0,80.9
M,70.83,2.97,77.21,13.0,2316.95,1211.96,4.41,0,No Failure,193.6,83.6
M,54.49,3.26,82.13,15.0,1870.28,872.75,5.48,0,No Failure,180.4,78.9
H,56.03,0.98,69.66,12.0,1827.75,1349.92,7.29,0,No Failure,141.3,65.1
M,86.33,3.53,66.49,16.0,1493.42,1209.41,7.98,0,No Failure,137.6,63.7
H,77.05,2.65,78.03,19.0,2236.25,889.5,4.89,0,No Failure,148.9,67.7
L,39.666,3.04,96.88,12.0,1588.18,1270.99,4.9,0,No Failure,165.3,73.5
L,69.32,3.52,73.13,14.0,1839.31,1035.28,5.46,0,No Failure,203.7,87.1
H,67.25,3.96,65.01,14.0,1710.09,1024.06,5.2,0,No Failure,180.7,79.0
H,72.74,7.148,87.85,19.0,2231.81,1446.67,4.55,0,No Failure,148.9,67.7
L,55.87,3.44,82.45,15.0,2022.32,1323.85,6.32,0,No Failure,183.9,80.1
L,67.97,3.05,93.87,12.0,1654.17,1252.63,5.79,0,No Failure,162.5,72.6
L,71.25,5.01,73.52,16.0,2310.76,760.63,1.03,0,No Failure,122.1,58.2
H,61.51,2.31,74.53,16.0,1464.34,1271.34,6.57,0,No Failure,171.3,75.7
L,72.01,2.24,73.92,13.0,1643.0,1291.42,1.8,0,No Failure,173.6,76.5
L,68.65,2.75,64.7,14.0,3021.596,944.71,6.58,0,No Failure,177.4,77.8
L,64.92,3.36,91.16,19.0,1658.27,1145.07,9.55,0,No Failure,155.3,70.0
L,72.97,2.15,90.59,16.0,1959.69,1174.45,0.0,0,No Failure,172.7,76.2
M,65.39,1.91,74.39,15.0,2575.34,1111.35,4.05,0,No Failure,171.8,75.8
H,67.83,4.31,68.84,14.0,2132.61,847.36,6.86,0,No Failure,159.3,71.4
L,62.31,4.3,73.05,16.0,2033.06,1072.56,4.92,0,No Failure,177.9,78.0
M,65.97,4.5,73.48,19.0,1956.45,976.79,2.48,0,No Failure,148.4,67.6
M,77.35,3.08,92.83,13.0,1570.45,1178.39,0.0,0,No Failure,164.0,73.1
L,66.11,6.53,90.1,12.0,2096.13,926.78,6.78,0,No Failure,145.2,66.4
M,82.03,3.67,86.08,12.0,1989.15,1280.71,3.82,0,No Failure,168.9,74.8
H,82.14,3.23,69.98,12.0,683.517,1106.81,3.75,0,No Failure,162.3,72.5
M,57.03,5.84,62.26,13.0,1607.05,1154.18,1.56,0,No Failure,127.4,60.1
M,72.94,1.6,79.48,16.0,1674.34,1177.7,14.772,0,No Failure,186.7,81.1
L,67.97,3.28,79.71,18.0,2348.06,1123.54,2.21,0,No Failure,172.8,76.2
H,83.83,3.48,72.69,17.0,1714.61,1211.5,1.16,0,No Failure,153.0,69.2
H,76.29,2.25,93.69,12.0,2307.13,1437.69,1.56,0,No Failure,133.1,62.1
M,71.51,4.2,73.2,12.0,1694.04,1135.57,0.0,0,No Failure,157.2,70.7
L,68.02,0.98,85.55,14.0,1374.07,1366.66,4.45,0,No Failure,174.0,76.6
L,58.81,1.29,98.35,20.0,1622.78,1194.6,2.92,0,No Failure,129.2,60.8
M,64.02,3.81,74.85,18.0,1967.59,1127.04,8.84,0,No Failure,159.6,71.5
L,64.65,2.5,86.6,14.0,1994.14,1749.81,10.7,0,No Failure,120.5,57.7
M,75.85,4.21,77.01,13.0,1320.2,1348.01,6.56,0,No Failure,149.2,67.9
H,64.15,2.52,76.53,16.0,2007.88,1272.57,1.2,0,No Failure,180.8,79.0
M,60.75,2.99,86.29,16.0,2201.65,1385.74,6.15,0,No Failure,171.7,75.8
L,59.82,1.54,84.43,16.0,2088.25,1252.8,0.0,0,No Failure,159.4,71.5
M,69.92,3.25,72.38,18.0,2061.55,1435.71,3.23,0,No Failure,164.1,73.1
L,61.44,3.93,69.57,10.0,2355.05,857.09,2.86,0,No Failure,119.5,57.3
L,52.28,3.31,101.78,12.0,2206.06,1119.94,3.39,1,Stator Insulation Thermal Fault,2.3,19.8
L,66.44,2.06,84.53,12.0,1417.03,1290.91,7.66,0,No Failure,169.5,75.0
M,62.73,2.88,76.53,15.0,1853.68,1418.71,4.35,0,No Failure,205.0,87.6
L,70.74,2.54,73.11,12.0,2049.95,1351.9,3.02,0,No Failure,175.5,77.2
H,60.64,2.66,100.05,14.0,1735.01,1200.14,1.52,0,No Failure,174.7,76.9
H,79.08,1.63,89.58,16.0,1852.08,872.3,3.73,0,No Failure,150.2,68.2
L,72.04,0.89,96.37,11.0,1774.76,1086.62,1.28,0,No Failure,146.0,66.7
M,60.59,3.98,120.399,16.0,2090.62,927.33,4.56,0,No Failure,159.3,71.4
L,66.71,3.78,66.13,23.0,1941.84,1893.461,1.52,0,No Failure,165.3,73.5
L,70.48,2.85,84.6,13.0,683.517,1222.42,4.77,0,No Failure,204.2,87.3
L,74.79,2.34,102.52,18.0,2081.62,1051.71,4.55,0,No Failure,156.7,70.5
M,71.07,4.46,79.42,14.0,2360.93,1133.67,5.86,0,No Failure,176.8,77.6
M,59.98,1.69,84.31,15.0,2476.94,928.87,8.8,0,No Failure,142.2,65.4
L,57.7,2.63,74.89,11.0,1941.02,1128.56,7.71,0,No Failure,166.6,74.0
L,64.84,3.57,102.53,17.0,1577.67,1121.99,1.65,0,No Failure,157.0,70.6
M,58.32,2.97,84.12,16.0,1996.07,1254.11,4.97,0,No Failure,197.9,85.1
M,84.0,2.18,88.96,17.0,2094.03,684.04,5.79,0,No Failure,130.2,61.1
L,64.84,3.95,84.12,16.0,2141.17,1165.1,6.93,0,No Failure,184.4,80.3
M,75.12,3.38,82.51,16.0,1234.16,933.38,3.25,0,No Failure,164.8,73.3
L,69.06,0.5,89.49,14.0,2266.94,1119.25,0.0,0,No Failure,155.1,69.9
L,63.3,2.95,82.67,14.0,1571.37,1180.93,6.93,0,No Failure,197.3,84.9
L,62.56,4.24,75.41,12.0,1866.34,1323.34,2.91,0,No Failure,169.9,75.2
L,74.02,4.55,73.31,15.0,1794.43,1090.08,6.2,0,No Failure,182.1,79.5
L,63.78,2.27,78.88,14.0,1881.27,854.68,0.61,0,No Failure,175.6,77.2
L,69.41,1.91,73.8,11.0,1898.32,1523.66,4.42,1,High-Torque Shaft Fatigue,8.0,29.8
M,84.35,4.72,72.73,17.0,1560.67,1288.6,0.0,1,Planetary Gearbox Overheat,10.1,12.8
M,69.85,1.81,82.45,14.0,2401.04,1201.06,6.47,0,No Failure,188.4,81.7
M,52.49,3.86,95.89,11.0,2021.19,1635.77,5.3,1,High-Torque Shaft Fatigue,4.4,11.7
L,66.59,2.44,67.95,11.0,2181.12,990.26,5.44,0,No Failure,160.1,71.7
H,60.86,3.98,83.29,14.0,1787.11,1290.76,0.47,0,No Failure,180.1,78.8
L,67.92,3.91,86.24,15.0,1764.03,1277.64,7.84,0,No Failure,191.6,82.9
L,65.57,5.48,54.57,16.0,1708.32,852.15,1.47,0,No Failure,118.0,56.8
H,70.5,0.7,74.56,10.0,1228.33,1356.46,6.62,0,No Failure,125.1,59.3
M,58.53,3.03,86.16,16.0,2377.14,1043.58,3.7,0,No Failure,174.0,76.6
L,73.59,3.5,60.84,16.0,1748.89,1234.26,2.17,0,No Failure,168.8,74.8
L,69.63,3.83,85.3,16.0,2063.29,1297.2,5.1,0,No Failure,194.5,83.9
M,69.11,0.68,76.22,13.0,1679.27,1254.14,6.14,0,No Failure,172.6,76.1
L,76.63,2.7,62.56,15.0,1853.86,1382.64,7.13,0,No Failure,167.7,74.4
L,73.05,4.67,83.11,15.0,1882.48,1633.88,8.34,0,No Failure,152.4,69.0
M,78.32,3.8,85.23,15.0,2141.17,1379.95,9.08,0,No Failure,153.0,69.2
M,83.08,4.22,72.55,14.0,1668.85,1351.97,11.82,1,Planetary Gearbox Overheat,11.0,15.5
M,67.45,4.66,86.58,15.0,1049.88,1258.14,4.96,0,No Failure,166.1,73.8
L,73.33,2.43,95.23,18.0,2632.0,1189.99,5.97,0,No Failure,142.7,65.5
L,71.35,3.35,64.18,16.0,1833.04,1767.99,2.72,0,No Failure,143.9,66.0
H,76.44,3.43,114.63,15.0,2009.58,886.39,4.47,0,No Failure,169.3,75.0
H,65.57,1.91,82.45,15.0,1746.15,1111.52,3.98,0,No Failure,208.0,88.7
L,70.31,2.96,83.72,13.0,2360.86,1239.94,7.22,0,No Failure,184.5,80.4
L,63.06,3.33,87.42,16.0,1822.77,934.69,8.06,0,No Failure,174.0,76.6
H,58.72,4.59,74.44,16.0,1691.17,1297.3,0.58,0,No Failure,154.0,69.5
L,66.71,1.78,88.0,17.0,1852.01,1301.12,2.46,0,No Failure,183.4,80.0
H,63.53,1.77,78.67,17.0,1931.27,1277.38,4.38,0,No Failure,187.0,81.2
L,69.95,2.79,63.44,12.0,1559.34,1190.58,7.36,0,No Failure,168.8,74.8
H,66.54,4.08,86.41,12.0,1944.7,1168.0,1.27,0,No Failure,178.9,78.4
L,73.04,4.36,97.9,17.0,2292.49,1377.09,5.56,1,Stator Insulation Thermal Fault,5.0,20.1
M,62.55,2.06,90.45,15.0,1682.53,1075.01,-3.36,0,No Failure,170.7,75.5
M,66.87,3.67,83.06,13.0,2009.98,1098.21,3.48,0,No Failure,198.6,85.4
H,61.19,1.12,96.99,11.0,1852.08,1200.82,0.0,0,No Failure,143.4,65.8
L,60.94,4.25,63.33,6.0,1726.33,1630.77,1.46,0,No Failure,128.6,60.6
L,74.28,3.56,72.27,14.0,1992.29,1048.3,7.3,0,No Failure,177.7,77.9
M,70.93,3.94,92.21,12.0,1906.87,1065.91,5.6,0,No Failure,179.5,78.6
H,55.96,2.87,78.39,18.0,2213.2,1496.58,2.8,0,No Failure,147.7,67.3
M,71.07,3.12,91.01,15.0,2113.05,897.02,8.71,0,No Failure,166.7,74.0
M,67.2,1.39,76.55,15.0,2093.96,1018.4,3.25,0,No Failure,182.9,79.8
L,74.55,2.06,82.67,17.0,1093.03,1033.4,1.95,0,No Failure,105.9,52.5
L,73.59,2.39,97.15,16.0,1649.61,1040.91,7.47,0,No Failure,160.7,71.9
L,71.47,2.86,72.3,14.0,1962.85,896.49,5.98,0,No Failure,188.5,81.7
H,70.83,1.38,94.42,10.0,2308.76,880.92,14.772,0,No Failure,132.0,61.7
L,64.94,2.86,92.48,18.0,1806.8,1291.6,12.19,0,No Failure,153.2,69.3
L,72.54,2.63,68.65,11.0,1764.13,911.31,10.27,0,No Failure,140.8,64.9
L,63.29,0.94,100.5,14.0,1785.73,1012.32,5.64,0,No Failure,161.6,72.2
M,58.08,1.5,82.48,13.0,1618.11,1261.94,7.09,0,No Failure,165.7,73.7
M,68.42,1.49,70.17,17.0,1708.32,1191.73,1.59,0,No Failure,165.6,73.7
M,72.95,3.57,90.9,15.0,1706.2,1224.4,4.89,0,No Failure,195.7,84.3
L,64.96,1.66,76.52,15.0,683.517,1158.01,4.95,0,No Failure,204.8,87.5
L,61.36,3.05,81.9,12.0,1364.16,1420.17,5.16,0,No Failure,169.6,75.1
L,59.81,1.6,91.72,13.0,2148.36,1006.98,6.2,0,No Failure,155.1,69.9
L,65.69,2.51,94.16,17.0,1536.57,1247.62,2.0,0,No Failure,169.2,74.9
H,68.68,4.22,73.92,14.0,2212.17,590.2,5.83,0,No Failure,149.5,68.0
M,79.25,3.45,86.8,14.0,1537.13,1306.64,6.36,0,No Failure,170.5,75.4
L,77.11,3.36,84.64,16.0,1426.76,1371.33,1.71,0,No Failure,159.7,71.6
M,74.11,4.33,77.13,16.0,1771.98,1111.28,6.62,0,No Failure,181.7,79.4
M,62.56,3.07,94.69,14.0,2035.81,1500.07,3.09,0,No Failure,170.1,75.3
M,75.62,3.49,78.88,15.0,1942.23,1366.43,3.25,0,No Failure,190.6,82.5
L,67.76,3.7,87.37,20.0,1472.33,1382.26,2.8,0,No Failure,153.3,69.3
M,68.61,4.25,103.58,17.0,1989.93,1111.16,4.17,0,No Failure,169.1,74.9
H,83.02,3.18,84.13,13.0,2226.95,1368.15,5.01,0,No Failure,168.1,74.5
M,74.59,3.27,83.28,16.0,1930.52,1174.54,3.42,0,No Failure,203.5,87.1
H,63.73,3.28,93.2,14.0,1597.68,964.16,7.13,0,No Failure,173.8,76.6
M,72.5,2.65,65.95,13.0,1293.52,1067.97,7.89,0,No Failure,147.5,67.3
H,58.73,2.29,95.49,13.0,1955.37,1404.41,5.6,0,No Failure,162.4,72.5
M,85.85,2.6,89.86,11.0,1462.19,1213.96,0.76,0,No Failure,138.0,63.9
H,57.33,0.5,83.25,19.0,1686.68,1238.88,3.83,0,No Failure,150.5,68.3
L,66.84,2.87,81.65,6.0,1769.68,1551.29,-5.802,0,No Failure,192.4,83.1
M,62.73,3.82,102.29,14.0,1793.61,1230.35,1.08,0,No Failure,168.5,74.7
L,63.69,2.75,67.72,17.0,1849.85,939.64,0.01,0,No Failure,158.8,71.2
L,76.31,1.99,60.33,15.0,1689.86,1762.6,4.59,0,No Failure,137.8,63.8
H,61.32,3.25,97.04,14.0,2096.88,1052.32,5.92,0,No Failure,166.6,74.0
M,69.67,1.48,90.85,15.0,1819.34,1005.12,5.2,0,No Failure,186.9,81.2
L,67.97,1.89,82.41,19.0,2060.11,814.43,6.45,0,No Failure,152.7,69.1
L,39.666,1.76,79.22,12.0,1561.3,744.54,7.88,0,No Failure,139.1,64.3
L,72.28,3.68,85.63,12.0,1754.55,887.09,9.23,0,No Failure,155.0,69.9
L,65.65,1.47,89.84,14.0,2072.82,1226.48,1.2,0,No Failure,177.0,77.7
M,73.91,2.27,66.87,10.0,1478.9,1373.0,5.54,0,No Failure,141.3,65.0
M,59.65,5.42,64.48,13.0,2435.18,1077.9,2.08,0,No Failure,119.1,57.2
H,74.59,2.16,98.33,11.0,1607.23,1209.31,6.37,0,No Failure,154.9,69.9
L,68.46,0.5,94.97,18.0,1578.65,1255.36,6.7,0,No Failure,147.9,67.4
L,67.57,3.9,103.48,10.0,1904.83,1094.62,4.22,0,No Failure,163.9,73.1
L,60.55,2.25,68.76,13.0,1817.99,1240.57,6.88,0,No Failure,176.3,77.5
H,75.99,3.28,82.91,18.0,2518.38,1418.37,1.97,0,No Failure,142.2,65.4
M,70.42,4.88,91.44,15.0,1727.75,1088.05,3.03,0,No Failure,176.2,77.4
L,65.09,2.81,70.93,11.0,1770.22,1109.73,5.1,0,No Failure,187.7,81.5
L,75.0,2.3,77.95,15.0,1676.79,1470.94,0.0,0,No Failure,164.9,73.4
L,70.76,2.79,98.66,12.0,2411.2,888.25,0.26,1,Stator Insulation Thermal Fault,9.5,16.1
M,70.2,0.5,82.39,15.0,1909.9,950.1,7.1,0,No Failure,170.7,75.5
L,61.53,2.8,77.89,13.0,1715.15,751.71,6.07,0,No Failure,168.1,74.6
L,53.06,3.38,90.58,10.0,2036.1,1085.11,4.16,0,No Failure,150.6,68.3
L,74.77,4.24,64.52,16.0,2187.11,941.41,3.64,0,No Failure,147.5,67.2
H,70.79,2.19,101.53,13.0,1114.36,948.25,0.0,0,No Failure,125.1,59.3
H,64.41,3.28,63.74,16.0,2181.67,884.5,7.64,0,No Failure,145.4,66.5
L,73.99,5.9,79.22,17.0,1715.69,1264.78,2.97,0,No Failure,154.4,69.7
L,75.82,3.76,91.89,17.0,1905.6,917.12,3.59,0,No Failure,163.8,73.0
H,64.6,1.54,63.29,15.0,1479.65,1532.63,3.62,0,No Failure,145.7,66.6
H,39.666,3.11,77.03,18.0,2276.4,470.614,2.22,0,No Failure,172.4,76.0
L,65.56,3.38,79.44,16.0,1718.36,1218.13,7.01,0,No Failure,195.0,84.1
H,68.54,3.19,78.65,18.0,1392.29,1330.63,5.96,0,No Failure,173.0,76.3
H,77.13,2.61,81.715,16.0,1648.43,1098.91,0.18,0,No Failure,167.5,74.3
L,61.5,1.95,84.36,16.0,2183.29,1012.08,4.91,0,No Failure,179.2,78.5
L,79.29,4.2,69.29,15.0,1804.14,1226.47,0.0,0,No Failure,159.6,71.5
L,74.36,3.87,80.14,13.0,2008.99,934.79,5.38,0,No Failure,180.3,78.8
M,67.3,3.53,79.72,17.0,1552.54,1838.8,5.16,0,No Failure,180.1,78.8
L,64.63,3.55,75.2,14.0,1635.52,1119.04,1.84,0,No Failure,188.9,81.9
L,69.79,3.26,76.82,12.0,683.517,1347.71,9.7,0,No Failure,155.6,70.1
L,54.84,3.24,86.81,13.0,2108.34,1015.59,2.08,0,No Failure,161.0,72.0
M,65.55,1.74,84.59,19.0,2000.87,1438.73,2.84,0,No Failure,158.8,71.2
H,67.32,3.33,84.1,17.0,1964.95,1299.4,3.57,0,No Failure,196.2,84.5
L,63.79,3.12,96.58,15.0,1844.805,1117.37,6.52,0,No Failure,178.5,78.2
M,69.69,2.2,85.05,18.0,2106.27,1191.73,5.5,0,No Failure,164.9,73.4
M,66.49,1.59,83.84,14.0,1335.38,1258.9,8.24,0,No Failure,169.1,74.9
L,71.68,4.66,79.31,15.0,1741.76,1117.37,6.24,0,No Failure,187.3,81.3
L,79.55,3.74,91.49,15.0,2281.85,1171.89,9.03,0,No Failure,156.2,70.3
H,63.46,4.02,75.36,13.0,1879.14,1439.51,4.84,0,No Failure,182.1,79.5
M,75.45,3.59,81.44,15.0,1605.42,1035.16,4.08,0,No Failure,191.9,82.9
M,65.35,3.1,71.4,11.0,1732.19,1143.94,2.1,0,No Failure,175.8,77.3
H,60.82,3.92,89.46,12.0,1209.53,1235.96,1.75,0,No Failure,146.9,67.0
M,56.44,3.1,77.12,15.0,1956.99,1113.99,3.68,0,No Failure,193.5,83.5
L,62.56,3.39,99.83,11.0,1504.33,1468.61,0.92,1,High-Torque Shaft Fatigue,13.0,15.8
M,52.74,1.55,90.27,8.0,1390.5,1076.89,7.79,0,No Failure,105.6,52.4
M,64.83,4.41,74.38,14.0,1497.41,862.68,9.39,0,No Failure,145.0,66.3
M,70.51,2.92,95.21,18.0,2006.75,1117.78,3.75,0,No Failure,159.7,71.5
M,66.99,2.3,76.96,13.0,1817.83,1072.33,4.28,0,No Failure,204.6,87.5
L,75.71,1.28,43.151,16.0,1887.08,1095.56,1.99,0,No Failure,170.1,75.2
M,64.01,1.86,106.31,14.0,1788.02,1351.47,1.77,0,No Failure,156.5,70.4
H,53.18,3.84,72.45,15.0,1774.76,1412.98,6.28,0,No Failure,157.9,70.9
L,58.96,4.25,56.66,17.0,2169.06,1407.78,7.05,0,No Failure,116.2,56.2
L,67.15,6.61,59.94,17.0,1732.34,1107.36,6.72,0,No Failure,131.6,61.6
M,71.27,-1.438,105.36,20.0,1487.94,1381.04,5.59,0,No Failure,119.4,57.3
H,76.29,3.13,91.45,15.0,1852.08,1498.58,3.61,0,No Failure,169.2,74.9
M,68.68,2.86,78.63,17.0,2309.75,1526.3,6.87,0,No Failure,160.7,71.9
M,63.91,4.06,69.04,12.0,2069.62,1065.03,7.3,0,No Failure,157.6,70.8
L,59.3,1.11,75.84,9.0,1765.37,1362.74,1.5,0,No Failure,131.2,61.5
M,56.13,2.49,78.23,11.0,2340.4,1394.12,0.0,0,No Failure,129.1,60.7
H,66.87,4.89,77.15,14.0,2104.52,1086.61,6.61,0,No Failure,178.5,78.2
L,55.78,2.52,69.41,17.0,2905.57,1445.1,6.57,0,No Failure,140.5,64.8
M,71.35,1.5,78.23,10.0,2157.87,1257.82,14.772,0,No Failure,158.6,71.2
L,86.83,3.55,97.4,15.0,2148.52,1091.82,6.65,0,No Failure,145.8,66.6
M,71.98,1.48,80.95,17.0,2404.38,1147.63,4.54,0,No Failure,174.4,76.8
L,80.89,3.08,93.08,10.0,1931.93,1185.58,5.74,0,No Failure,164.5,73.3
H,67.58,3.93,70.8,14.0,2022.31,1155.94,9.71,0,No Failure,176.4,77.5
L,67.1,3.27,86.56,15.0,2003.33,957.7,4.1,0,No Failure,198.8,85.4
L,69.76,3.97,92.46,14.0,2154.01,889.28,9.11,0,No Failure,150.3,68.2
L,58.82,1.7,91.11,16.0,1678.05,1089.1,8.7,0,No Failure,153.5,69.4
H,71.17,0.5,67.18,12.0,2611.08,1152.3,1.2,0,No Failure,124.4,59.1
M,72.96,2.26,117.77,14.0,2198.38,1378.98,1.65,0,No Failure,140.2,64.7
H,71.94,1.74,79.54,16.0,1195.11,946.35,8.92,0,No Failure,142.7,65.5
L,72.21,2.28,67.14,15.0,2227.43,1390.95,6.36,0,No Failure,164.2,73.2
L,53.9,2.05,61.95,13.0,1729.38,1302.31,7.54,0,No Failure,139.3,64.3
L,59.89,5.63,43.151,13.0,2196.47,1529.02,8.87,1,High-Torque Shaft Fatigue,11.4,7.2
H,66.18,3.39,90.51,10.0,1797.47,1177.73,6.8,0,No Failure,166.7,74.0
L,68.78,7.148,81.82,12.0,1131.31,1192.29,5.46,0,No Failure,174.5,76.8
L,64.71,3.55,87.62,13.0,1948.92,957.45,4.23,0,No Failure,186.8,81.2
H,71.86,2.34,83.38,15.0,1580.31,1033.88,4.86,0,No Failure,200.0,85.8
L,75.57,3.5,91.35,13.0,1688.59,1330.18,1.36,0,No Failure,167.5,74.3
L,64.82,3.63,94.98,16.0,2690.67,1063.85,5.27,0,No Failure,151.6,68.7
L,69.7,3.37,104.88,14.0,1991.07,1098.8,6.79,0,No Failure,173.2,76.3
L,60.39,3.37,84.52,14.0,1394.6,1431.38,1.43,0,No Failure,162.1,72.4
L,73.48,2.1,98.33,13.0,2426.95,722.58,7.19,1,Stator Insulation Thermal Fault,11.8,13.2
L,80.49,3.36,73.82,14.0,1887.9,1322.39,0.0,0,No Failure,164.5,73.3
H,61.37,2.28,95.49,14.0,1572.56,1137.92,2.43,0,No Failure,177.7,77.9
L,64.16,1.9,77.18,15.0,1580.67,1097.89,3.61,0,No Failure,188.0,81.6
M,45.2,4.06,90.79,15.0,1967.54,1297.84,6.95,0,No Failure,145.6,66.6
L,66.74,4.37,69.53,12.0,1700.66,1426.27,4.59,0,No Failure,166.8,74.1
M,65.56,1.96,92.72,15.0,1802.87,1130.33,10.16,0,No Failure,175.4,77.1
H,59.51,2.99,81.715,14.0,2126.13,957.16,7.61,0,No Failure,155.0,69.9
M,57.09,3.73,81.64,11.0,1761.07,1273.72,5.16,0,No Failure,175.6,77.2
L,61.48,3.66,77.8,18.0,1988.58,1075.22,7.9,0,No Failure,160.6,71.9
M,68.63,2.37,94.44,16.0,1755.37,1142.65,2.12,0,No Failure,187.4,81.4
M,80.09,2.79,73.88,15.0,1375.63,1239.13,2.22,0,No Failure,170.7,75.4
H,44.82,3.41,78.94,19.0,2289.21,1359.33,3.78,0,No Failure,126.8,59.9
L,71.84,3.68,83.38,19.0,1526.67,1213.73,6.51,0,No Failure,171.4,75.7
M,49.81,1.94,67.06,15.0,1899.93,1320.39,4.97,0,No Failure,160.5,71.9
M,55.57,2.55,73.48,17.0,2150.49,1321.33,6.09,0,No Failure,157.7,70.9
L,49.22,3.68,88.91,19.0,1800.76,730.11,4.99,0,No Failure,122.4,58.3
H,78.47,3.38,82.08,13.0,1916.72,1384.92,3.8,0,No Failure,186.5,81.1
M,61.78,2.41,102.62,16.0,1815.13,1275.96,4.16,0,No Failure,174.9,76.9
L,63.81,2.51,70.23,10.0,2295.08,1658.17,2.65,1,High-Torque Shaft Fatigue,10.2,13.2
M,57.04,4.84,78.09,14.0,1127.84,907.53,7.72,0,No Failure,126.8,59.9
H,63.43,3.07,68.66,13.0,1867.06,1012.63,7.09,0,No Failure,175.5,77.2
M,39.666,0.5,97.54,14.0,3021.596,1158.82,7.02,0,No Failure,151.9,68.8
M,57.84,1.99,79.5,13.0,1878.83,1311.35,7.91,0,No Failure,174.9,76.9
H,65.83,3.75,93.01,17.0,1234.44,1153.97,6.3,0,No Failure,158.0,70.9
L,58.99,3.12,88.56,11.0,1647.78,1080.67,4.71,0,No Failure,176.7,77.6
H,73.94,2.94,76.57,10.0,1887.91,1119.1,5.57,0,No Failure,184.9,80.5
L,70.98,3.69,101.01,15.0,2083.49,1144.13,0.5,0,No Failure,165.4,73.6
L,67.29,3.65,73.3,16.0,2107.37,1309.53,5.34,0,No Failure,185.5,80.7
M,74.84,2.24,96.46,13.0,1469.08,1498.82,7.87,0,No Failure,139.2,64.3
H,60.39,3.78,64.77,14.0,2104.93,1204.02,6.56,0,No Failure,170.0,75.2
H,76.61,4.3,85.39,16.0,2079.64,1237.01,4.7,0,No Failure,183.4,79.9
M,72.0,0.5,66.42,15.0,2369.34,859.53,5.66,0,No Failure,131.2,61.5
L,68.08,2.07,82.21,13.0,2098.93,1284.8,3.44,0,No Failure,197.7,85.0
H,56.96,2.5,90.24,14.0,1311.28,1129.56,4.29,0,No Failure,174.7,76.9
L,67.7,2.3,68.11,16.0,2080.07,1893.461,7.6,0,No Failure,170.2,75.3
M,59.41,1.08,91.52,13.0,1755.68,1153.55,5.86,0,No Failure,169.4,75.0
M,68.63,2.0,73.52,15.0,929.58,1396.48,3.85,0,No Failure,154.9,69.8
M,53.69,4.16,70.71,20.0,1997.49,1370.38,3.9,0,No Failure,130.6,61.3
M,59.55,1.97,74.9,11.0,1916.39,1749.37,2.44,1,High-Torque Shaft Fatigue,2.5,17.2
H,79.37,1.61,73.53,15.0,2197.98,1351.72,9.85,0,No Failure,139.9,64.5
M,73.95,2.88,54.7,6.0,1740.44,1329.23,-4.08,0,No Failure,158.3,71.1
L,61.98,3.38,73.2,12.0,1437.71,995.74,2.89,0,No Failure,158.1,71.0
M,66.95,3.39,86.26,15.0,1654.73,1366.95,3.73,0,No Failure,199.3,85.6
M,75.57,2.73,66.87,14.0,1883.75,1584.14,4.76,0,No Failure,169.7,75.1
H,59.57,2.47,75.6,17.0,1738.47,925.13,0.0,0,No Failure,152.1,68.9
L,80.62,1.41,82.8,15.0,2472.54,1255.31,1.91,0,No Failure,151.9,68.8
M,75.07,2.47,87.03,15.0,1606.18,847.73,4.87,0,No Failure,177.1,77.7
L,71.49,3.91,90.15,15.0,2131.33,1283.57,1.71,0,No Failure,178.3,78.1
L,68.1,-1.438,61.81,16.0,1671.06,1059.86,9.84,0,No Failure,154.6,69.8
M,74.92,2.52,71.28,13.0,1841.24,926.91,3.34,0,No Failure,178.5,78.2
L,57.82,2.66,78.74,14.0,2214.93,1062.57,7.57,0,No Failure,175.6,77.2
H,56.1,2.43,80.81,14.0,1066.35,1556.22,5.18,0,No Failure,148.4,67.6
H,74.57,4.44,84.09,19.0,1452.91,923.13,4.8,0,No Failure,145.8,66.6
H,66.06,0.5,75.87,19.0,2259.9,1330.7,6.48,0,No Failure,136.5,63.3
M,68.57,2.24,86.91,14.0,1775.95,1192.75,7.18,0,No Failure,203.3,87.0
H,70.3,3.46,81.31,16.0,1640.21,574.23,5.06,0,No Failure,168.5,74.7
M,39.666,2.86,71.61,14.0,1351.91,1395.22,3.54,0,No Failure,163.2,72.8
M,79.49,3.35,74.82,12.0,1584.14,1213.57,5.66,0,No Failure,172.8,76.2
H,75.9,3.92,70.43,14.0,683.517,1157.52,0.98,0,No Failure,172.9,76.3
M,62.79,2.7,78.89,12.0,1760.35,1428.85,10.22,0,No Failure,158.5,71.1
L,54.13,2.8,79.04,15.0,2046.43,1068.54,4.69,0,No Failure,187.3,81.3
M,85.1,2.81,84.92,9.0,1999.47,1234.76,0.27,0,No Failure,141.4,65.1
M,73.65,1.31,97.29,12.0,2017.98,994.82,1.12,0,No Failure,140.6,64.8
L,60.65,2.62,59.1,13.0,1793.64,931.56,3.41,0,No Failure,161.4,72.2
L,69.38,4.82,80.55,17.0,1816.42,1294.56,4.63,0,No Failure,186.2,80.9
M,79.93,3.57,78.37,17.0,1585.76,470.614,5.09,0,No Failure,162.7,72.6
L,96.271,4.12,81.32,6.0,1644.72,1031.29,8.01,0,No Failure,131.6,61.6
H,62.62,3.25,99.11,15.0,1049.75,1009.35,4.91,0,No Failure,153.6,69.4
M,65.95,4.93,76.36,14.0,1987.09,1121.54,4.78,0,No Failure,193.4,83.5
L,75.75,3.11,80.88,15.0,1574.65,1332.35,5.46,0,No Failure,191.7,82.9
L,76.72,3.6,76.8,17.0,1425.71,1126.65,12.5,0,No Failure,131.6,61.6
M,72.09,3.62,120.399,13.0,1592.33,1176.47,0.0,0,No Failure,178.9,78.4
M,60.99,3.99,78.0,15.0,1980.25,1384.37,5.93,0,No Failure,180.1,78.8
H,66.53,0.99,56.93,16.0,2681.43,1116.1,2.06,0,No Failure,118.8,57.1
L,71.95,2.47,81.62,15.0,1403.97,1071.93,7.1,0,No Failure,185.3,80.6
L,75.82,2.67,66.88,14.0,1736.58,1377.15,7.19,0,No Failure,170.2,75.3
M,61.72,2.53,68.7,19.0,2515.4,1893.461,2.94,0,No Failure,124.9,59.2
H,73.51,1.78,80.16,12.0,1342.69,1302.9,6.22,0,No Failure,161.4,72.2
M,67.05,3.77,71.9,12.0,2322.37,1077.44,3.69,0,No Failure,171.3,75.7
H,70.46,1.8,89.19,16.0,1654.77,991.62,8.78,0,No Failure,164.0,73.1
M,63.16,3.92,43.151,11.0,1639.4,1272.56,2.09,0,No Failure,162.4,72.5
L,67.44,2.74,85.8,9.0,2333.26,1227.6,4.08,0,No Failure,174.0,76.6
L,67.5,1.76,83.71,13.0,1399.98,1467.61,4.41,1,High-Torque Shaft Fatigue,10.7,31.1
L,69.52,3.3,77.6,14.0,2158.71,1214.79,8.24,0,No Failure,189.8,82.2
H,39.666,0.87,77.9,13.0,2208.42,520.0,3.38,0,No Failure,115.3,55.8
M,63.36,3.16,97.17,16.0,2051.18,1078.08,4.32,0,No Failure,182.3,79.6
L,67.12,0.5,88.04,15.0,1281.42,897.9,0.39,0,No Failure,137.0,63.5
L,64.93,4.27,83.66,15.0,2140.69,964.29,3.64,0,No Failure,180.1,78.8
M,76.81,1.77,87.24,14.0,2007.18,1149.95,0.0,0,No Failure,173.3,76.4
H,67.82,2.57,75.81,15.0,2132.85,1434.5,5.99,0,No Failure,186.7,81.1
L,78.54,3.99,77.9,12.0,1619.4,1224.42,2.17,0,No Failure,165.7,73.7
M,69.75,3.07,87.32,14.0,1778.16,1327.56,1.2,0,No Failure,198.4,85.3
L,65.43,1.24,90.85,14.0,1412.91,1181.4,8.86,0,No Failure,163.4,72.9
L,72.33,3.53,89.61,16.0,1748.83,1449.53,3.73,0,No Failure,180.9,79.1
M,59.96,3.59,81.15,15.0,2341.36,1287.59,9.26,0,No Failure,155.8,70.2
L,62.54,2.25,88.59,13.0,2206.82,1234.29,1.68,0,No Failure,175.0,77.0
L,59.35,2.72,78.31,16.0,1844.805,1168.61,6.86,0,No Failure,188.9,81.9
M,83.67,5.55,64.23,11.0,1570.31,1329.75,4.79,1,Planetary Gearbox Overheat,4.6,10.9
M,73.33,3.07,88.32,14.0,1811.06,1058.01,4.54,0,No Failure,205.9,87.9
M,63.57,4.5,81.76,16.0,2522.57,1065.93,10.26,0,No Failure,138.0,63.9
H,78.38,1.69,91.67,14.0,2028.07,1025.54,5.06,0,No Failure,171.1,75.6
M,76.53,2.23,73.44,16.0,1512.28,927.3,7.56,0,No Failure,152.1,68.9
M,65.82,4.17,75.53,14.0,1802.9,951.67,6.36,0,No Failure,183.3,79.9
M,77.51,3.39,65.08,16.0,1585.41,1145.63,1.69,0,No Failure,160.1,71.7
M,68.13,2.68,90.54,14.0,1526.29,1093.52,4.07,0,No Failure,186.3,81.0
M,75.98,3.13,72.35,14.0,1567.39,1111.35,5.23,0,No Failure,189.1,82.0
M,57.74,2.85,82.37,17.0,1816.73,1385.11,1.75,0,No Failure,177.5,77.9
L,71.0,3.77,92.34,11.0,2143.48,1054.57,0.0,0,No Failure,146.6,66.9
H,62.89,5.41,79.49,18.0,1409.4,1800.03,7.21,0,No Failure,105.3,52.3
L,57.69,3.8,81.96,18.0,2024.28,987.85,4.08,0,No Failure,164.9,73.4
M,59.21,2.81,86.01,16.0,1657.23,1039.5,5.13,0,No Failure,189.1,82.0
H,71.49,3.86,73.22,13.0,1851.45,1383.57,5.63,0,No Failure,182.5,79.6
L,73.02,2.61,81.34,16.0,1645.45,935.08,3.1,0,No Failure,184.5,80.4
L,73.84,2.76,70.65,16.0,1669.8,1258.85,1.55,0,No Failure,177.1,77.7
M,75.45,0.86,83.77,14.0,1508.2,868.44,0.0,0,No Failure,142.2,65.4
M,61.76,1.5,76.29,17.0,2335.95,952.02,0.0,0,No Failure,129.1,60.7
L,63.9,2.06,76.76,14.0,2371.47,883.54,4.74,0,No Failure,167.9,74.5
H,68.72,5.21,77.43,16.0,1904.63,1222.97,6.09,0,No Failure,182.3,79.6
M,66.86,1.52,76.57,14.0,1838.54,1302.29,5.91,0,No Failure,198.4,85.3
L,66.18,1.64,81.7,13.0,1445.54,988.96,2.95,0,No Failure,174.5,76.8
H,78.18,2.07,85.92,10.0,1562.18,1453.13,4.06,1,High-Torque Shaft Fatigue,9.3,22.7
L,70.28,3.34,100.46,16.0,2182.87,1308.94,3.58,0,No Failure,171.5,75.7
M,56.38,4.92,83.68,14.0,1390.85,1089.8,2.86,0,No Failure,156.8,70.5
M,69.07,4.04,94.35,15.0,1988.21,1272.96,7.1,0,No Failure,183.4,79.9
L,68.29,3.17,94.2,15.0,1802.54,1032.04,2.79,0,No Failure,194.7,83.9
H,60.2,2.19,86.6,14.0,1905.62,1365.45,4.495,0,No Failure,171.2,75.6
H,70.87,3.76,120.399,15.0,1912.04,1505.84,1.9,0,No Failure,182.1,79.5
M,68.99,3.38,75.92,15.0,1783.47,1200.96,4.31,0,No Failure,213.7,90.7
L,60.12,1.67,74.74,16.0,1786.95,800.38,5.89,0,No Failure,156.3,70.3
M,58.16,2.01,88.37,13.0,2104.01,931.77,10.16,0,No Failure,139.8,64.5
L,75.08,2.39,70.12,13.0,2012.95,1149.02,2.82,0,No Failure,178.1,78.1
H,67.9,1.7,104.39,14.0,1630.83,1418.08,2.35,0,No Failure,155.7,70.1
M,61.46,2.71,77.47,10.0,1572.58,1366.8,6.89,0,No Failure,154.0,69.5
M,76.62,1.58,57.96,11.0,1399.87,1250.33,1.02,0,No Failure,117.5,56.6
M,51.0,4.71,84.4,11.0,2364.42,1061.05,4.05,0,No Failure,134.6,62.7
L,59.97,2.43,83.47,16.0,1772.56,941.61,1.26,0,No Failure,176.0,77.3
L,67.97,3.24,91.84,11.0,1521.05,1332.02,6.37,0,No Failure,161.9,72.3
L,76.32,1.59,99.15,14.0,1745.3,1143.44,3.55,0,No Failure,171.4,75.7
L,73.18,1.51,83.88,17.0,1710.66,984.07,5.95,0,No Failure,172.5,76.1
L,65.97,3.8,80.51,14.0,2027.97,1192.29,4.37,0,No Failure,209.3,89.1
M,65.29,4.12,97.13,15.0,3021.596,985.72,4.58,0,No Failure,169.7,75.1
L,96.271,2.07,100.62,17.0,1681.04,1199.94,4.83,0,No Failure,171.4,75.7
M,63.23,7.148,99.86,14.0,2018.22,1176.91,6.45,0,No Failure,185.6,80.7
M,58.88,0.99,43.151,11.0,1793.94,1174.44,6.64,0,No Failure,162.1,72.4
H,96.271,3.41,89.55,13.0,2379.86,853.91,0.46,0,No Failure,144.5,66.2
H,72.31,3.21,82.58,15.0,2314.78,1168.11,8.54,0,No Failure,185.8,80.8
H,69.36,2.9,91.91,14.0,1672.47,1277.49,1.89,0,No Failure,196.9,84.7
M,77.67,3.16,75.29,16.0,1906.6,1602.21,2.63,0,No Failure,162.4,72.5
L,69.26,0.99,69.64,16.0,1609.51,971.48,4.08,0,No Failure,161.1,72.0
L,68.81,2.05,85.73,14.0,1963.1,926.71,5.69,0,No Failure,191.3,82.7
L,81.06,3.56,88.5,13.0,1846.92,1482.53,4.3,1,High-Torque Shaft Fatigue,9.6,29.6
L,67.97,3.43,76.81,18.0,2338.71,1544.71,2.01,0,No Failure,134.8,62.7
L,61.02,3.29,80.0,13.0,1868.17,1309.82,2.42,0,No Failure,191.8,82.9
M,65.1,2.81,79.85,18.0,1706.24,1434.08,6.55,0,No Failure,174.1,76.7
H,58.23,3.09,70.75,17.0,1736.05,1070.59,2.23,0,No Failure,168.8,74.8
L,79.93,2.79,82.47,15.0,1468.01,1177.905,1.48,0,No Failure,167.6,74.4
L,74.99,4.84,99.46,18.0,1893.37,1089.74,7.35,0,No Failure,141.3,65.0
L,65.82,5.43,67.25,9.0,2068.8,1099.3,0.0,0,No Failure,118.3,56.9
L,81.83,1.62,83.76,15.0,1936.35,941.75,6.1,0,No Failure,170.2,75.3
L,72.39,4.39,74.09,17.0,1960.48,1256.15,4.98,0,No Failure,179.1,78.4
L,67.47,3.13,85.92,11.0,1621.54,1114.13,1.08,0,No Failure,176.8,77.6
M,73.06,3.03,75.05,13.0,1745.12,1274.21,0.0,0,No Failure,181.1,79.1
M,61.83,2.68,91.57,16.0,2474.2,1217.12,5.78,0,No Failure,166.5,74.0
L,81.39,4.98,75.14,13.0,1578.48,1294.85,3.78,1,Planetary Gearbox Overheat,5.6,23.1
H,74.36,4.36,85.67,16.0,1666.77,1143.73,4.45,0,No Failure,185.9,80.8
H,71.33,-1.438,70.94,13.0,1760.36,997.89,6.17,0,No Failure,183.7,80.1
L,67.1,5.09,78.32,15.0,1765.8,1285.07,6.83,0,No Failure,184.6,80.4
L,70.72,3.01,92.07,15.0,2131.78,1517.49,3.19,0,No Failure,177.5,77.9
L,65.13,2.08,73.85,17.0,1745.13,1038.67,7.79,0,No Failure,170.9,75.5
H,65.67,3.68,73.72,15.0,1780.24,684.85,3.31,0,No Failure,170.9,75.5
L,96.271,2.51,68.49,15.0,1136.54,1166.41,8.09,0,No Failure,128.3,60.4
H,60.96,2.825,82.5,13.0,2186.77,948.23,3.79,0,No Failure,152.3,68.9
L,72.76,2.18,64.86,9.0,2117.81,1545.07,7.85,1,High-Torque Shaft Fatigue,7.4,11.1
M,72.32,3.56,80.01,15.0,2008.9,1191.73,4.12,0,No Failure,203.8,87.2
L,74.3,2.5,88.72,23.0,1704.79,1059.78,6.71,0,No Failure,178.6,78.2
H,70.11,2.67,69.5,10.0,1870.94,1091.07,0.0,0,No Failure,157.6,70.8
L,60.89,0.92,78.31,12.0,1718.03,1197.03,6.91,0,No Failure,167.9,74.5
M,69.09,4.3,107.17,16.0,1675.3,1034.51,1.92,0,No Failure,150.5,68.3
L,59.1,3.68,64.48,22.0,3021.596,1249.54,5.67,0,No Failure,130.0,61.0
M,70.24,1.47,80.82,14.0,1964.71,1204.65,6.34,0,No Failure,196.8,84.7
M,81.29,4.6,96.24,14.0,1636.7,1212.64,4.71,1,Planetary Gearbox Overheat,1.7,26.9
M,66.5,3.11,90.47,8.0,1629.23,964.15,10.34,0,No Failure,129.8,61.0
M,67.92,7.148,83.04,16.0,1903.54,1042.62,9.09,0,No Failure,184.1,80.2
M,39.666,4.13,88.09,15.0,2045.19,1129.13,7.09,0,No Failure,179.2,78.5
L,69.41,2.48,79.62,14.0,1518.48,1223.17,3.07,0,No Failure,201.0,86.2
M,61.81,1.83,86.47,13.0,1413.42,1146.14,6.57,0,No Failure,170.8,75.5
H,70.72,2.76,86.63,12.0,2166.75,1215.61,0.0,0,No Failure,175.2,77.1
M,80.61,2.92,83.3,14.0,1834.07,908.61,4.52,0,No Failure,184.9,80.5
M,62.92,3.02,87.92,17.0,1605.67,1154.58,6.28,0,No Failure,186.1,80.9
M,71.54,0.62,62.02,15.0,1646.32,962.45,8.78,0,No Failure,133.1,62.2
L,73.37,3.79,100.52,15.0,1606.69,1263.75,2.38,0,No Failure,169.1,74.9
L,80.49,4.39,83.32,16.0,1405.09,1039.29,3.29,1,Planetary Gearbox Overheat,6.4,24.8
L,60.93,2.06,92.35,13.0,2292.0,1161.96,3.25,0,No Failure,171.7,75.8
H,64.8,2.46,85.52,20.0,1852.08,1315.8,6.57,0,No Failure,163.6,72.9
L,79.16,2.81,85.12,15.0,1900.48,1274.78,6.32,0,No Failure,196.3,84.5
H,71.22,2.95,74.42,14.0,1839.84,788.01,8.15,0,No Failure,173.4,76.4
L,68.38,2.87,101.04,13.0,1650.53,1352.3,5.0,0,No Failure,184.4,80.3
M,67.29,3.73,74.0,15.0,2161.71,1325.88,0.44,0,No Failure,171.3,75.7
M,82.44,1.58,89.12,23.0,2116.92,1324.45,2.4,0,No Failure,145.3,66.5
H,66.39,0.74,90.26,17.0,2522.42,816.47,4.495,0,No Failure,109.5,53.8
L,64.08,1.26,87.24,12.0,1902.79,931.34,5.37,0,No Failure,168.8,74.8
L,64.28,0.92,94.94,13.0,2060.38,1524.93,10.05,1,High-Torque Shaft Fatigue,2.3,13.8
M,39.666,3.5,70.07,11.0,2052.99,1019.93,8.39,0,No Failure,158.7,71.2
L,39.666,2.67,73.6,18.0,1986.59,1199.3,1.71,0,No Failure,177.3,77.8
H,71.61,1.26,89.05,16.0,3021.596,1198.34,0.0,0,No Failure,170.9,75.5
H,63.74,3.82,87.55,15.0,1748.6,1180.41,5.21,0,No Failure,203.7,87.1
L,56.05,3.6,67.97,13.0,1988.39,963.86,6.15,0,No Failure,151.7,68.7
L,59.06,3.3,73.95,13.0,2085.96,974.29,2.69,0,No Failure,166.5,74.0
M,61.27,3.11,78.93,13.0,1725.71,1240.22,5.41,0,No Failure,200.7,86.1
M,71.55,0.5,77.22,19.0,2662.91,1363.84,4.56,0,No Failure,120.7,57.7
M,65.05,2.79,84.91,15.0,1576.03,1413.52,4.59,0,No Failure,200.4,86.0
H,72.72,1.97,69.64,17.0,1738.09,1306.41,2.11,0,No Failure,166.0,73.8
L,62.98,3.64,72.54,15.0,1761.95,1204.91,5.57,0,No Failure,194.2,83.8
M,56.47,0.59,71.69,13.0,1312.25,1233.09,0.48,0,No Failure,124.4,59.1
H,68.49,2.41,94.27,14.0,3021.596,1008.71,5.57,0,No Failure,193.4,83.5
M,62.81,2.04,52.25,15.0,1369.67,1246.59,2.94,0,No Failure,148.0,67.4
L,56.31,1.98,98.38,13.0,1535.63,881.59,6.62,0,No Failure,132.8,62.0
M,69.2,2.66,81.52,16.0,1994.09,974.02,0.0,0,No Failure,179.6,78.6
M,53.45,4.08,96.4,16.0,2089.3,1631.92,3.98,0,No Failure,131.1,61.4
L,74.0,3.38,73.21,13.0,1603.0,1379.4,7.25,0,No Failure,166.4,73.9
M,49.15,0.5,79.22,14.0,1710.87,1174.7,5.51,0,No Failure,163.1,72.8
M,68.52,2.91,86.73,13.0,1130.57,1546.09,5.18,0,No Failure,166.2,73.9
L,76.19,2.31,80.92,13.0,1777.93,881.53,3.52,0,No Failure,177.1,77.7
L,66.84,1.75,83.64,13.0,1814.78,921.18,8.04,0,No Failure,177.6,77.9
M,59.73,0.5,83.8,15.0,1903.35,1077.12,5.18,0,No Failure,178.8,78.3
H,72.23,3.46,76.2,14.0,1655.02,1460.72,3.81,0,No Failure,185.6,80.7
L,63.54,0.85,78.87,17.0,1631.74,1075.85,8.85,0,No Failure,153.2,69.3
M,96.271,3.62,79.23,13.0,2076.6,1244.85,11.91,0,No Failure,163.1,72.8
M,53.47,3.56,92.72,16.0,1995.73,1231.87,2.06,0,No Failure,161.8,72.3
L,59.1,2.75,81.29,16.0,1975.25,966.59,0.0,0,No Failure,168.6,74.7
H,59.71,1.97,82.52,19.0,2348.7,1177.73,2.53,0,No Failure,147.5,67.2
L,65.05,2.88,69.14,13.0,2234.62,1172.55,6.37,0,No Failure,155.5,70.1
L,66.17,2.69,74.59,13.0,1433.78,1221.47,5.27,0,No Failure,189.2,82.0
H,68.39,7.148,83.91,16.0,1730.44,1054.88,10.61,0,No Failure,174.4,76.8
L,62.03,5.08,78.88,16.0,1949.61,1418.56,3.89,0,No Failure,169.9,75.2
M,67.92,3.6,87.45,16.0,1644.61,1493.3,3.32,0,No Failure,181.1,79.1
M,74.13,2.57,74.87,14.0,2000.71,1275.6,4.78,0,No Failure,197.9,85.1
H,71.76,3.32,83.91,19.0,683.517,1363.55,6.88,0,No Failure,163.7,73.0
L,60.61,2.98,81.12,11.0,1565.5,980.06,0.46,0,No Failure,156.7,70.5
L,70.8,4.33,88.37,14.0,1579.92,833.31,0.0,0,No Failure,148.7,67.7
M,68.9,1.72,77.94,23.0,1767.14,915.53,8.61,0,No Failure,176.9,77.7
M,68.39,1.98,92.69,13.0,2184.92,1166.73,0.03,0,No Failure,170.3,75.3
L,63.89,2.44,83.38,12.0,1535.07,1118.01,8.12,0,No Failure,177.2,77.8
L,74.71,2.71,84.28,18.0,1787.0,1096.13,7.99,0,No Failure,173.0,76.3
L,69.65,3.63,85.59,14.0,1511.0,1471.06,6.65,0,No Failure,177.8,78.0
L,67.97,3.3,76.51,14.0,1606.16,1137.76,6.53,0,No Failure,198.1,85.1
L,65.16,1.57,80.38,14.0,2402.88,971.94,6.2,0,No Failure,167.0,74.1
H,64.55,2.89,96.72,13.0,1770.25,1203.74,2.09,0,No Failure,185.8,80.8
H,61.69,0.8,74.11,13.0,1804.52,913.02,2.81,0,No Failure,158.3,71.1
L,72.1,3.65,75.64,18.0,1737.48,1170.27,7.7,0,No Failure,175.3,77.1
M,62.65,0.81,81.06,15.0,1865.47,1097.15,3.94,0,No Failure,196.2,84.5
L,75.2,3.32,90.53,13.0,2065.38,1559.12,0.0,1,High-Torque Shaft Fatigue,3.9,20.3
H,68.78,2.25,83.2,18.0,1781.87,1441.86,4.87,0,No Failure,184.0,80.2
M,85.35,1.96,77.96,14.0,2458.71,1348.89,7.28,0,No Failure,138.9,64.2
L,59.5,3.01,67.44,19.0,2134.92,783.09,0.0,0,No Failure,117.5,56.6
H,55.95,2.77,79.38,16.0,1890.35,1154.64,2.85,0,No Failure,195.4,84.2
H,70.92,2.65,89.13,15.0,2054.32,1356.31,1.86,0,No Failure,187.7,81.5
M,69.87,3.28,65.43,15.0,3021.596,964.98,6.91,0,No Failure,152.7,69.1
M,76.54,2.98,92.13,15.0,1328.61,1067.62,10.1,0,No Failure,148.6,67.6
M,79.69,4.07,75.1,17.0,1702.85,990.55,4.68,0,No Failure,160.0,71.7
L,70.68,2.26,95.1,14.0,1644.9,1324.35,3.84,0,No Failure,187.5,81.4
L,66.14,2.22,79.35,13.0,1597.23,1079.36,6.24,0,No Failure,189.1,82.0
H,69.61,4.05,74.42,17.0,1673.97,998.68,3.26,0,No Failure,173.6,76.5
M,68.11,2.17,43.151,16.0,1982.42,1370.51,0.85,0,No Failure,162.2,72.5
L,88.55,-1.438,93.21,13.0,2315.42,1040.83,6.81,0,No Failure,137.3,63.6
M,70.17,5.5,77.11,12.0,2158.44,1509.61,6.24,1,High-Torque Shaft Fatigue,12.5,19.9
L,57.31,1.92,76.86,15.0,2372.61,1010.4,3.85,0,No Failure,164.0,73.1
M,78.15,2.78,80.86,19.0,1840.71,1328.06,4.36,0,No Failure,180.6,79.0
H,63.1,2.825,96.11,12.0,1700.07,1134.25,4.15,0,No Failure,166.6,74.0
M,55.77,2.68,88.26,16.0,1820.95,1148.78,4.63,0,No Failure,195.1,84.1
L,75.39,2.28,67.21,12.0,1911.0,1189.5,3.88,0,No Failure,178.5,78.2
L,61.84,3.5,84.44,14.0,1401.11,1224.69,7.38,0,No Failure,181.4,79.2
H,71.31,3.52,67.38,21.0,1370.44,1389.12,3.39,0,No Failure,127.5,60.2
L,66.3,4.74,78.56,17.0,2155.18,1076.5,3.42,0,No Failure,172.8,76.2
L,55.03,2.06,89.35,12.0,1410.07,1155.67,6.16,0,No Failure,154.3,69.7
M,60.28,3.0,96.81,18.0,2120.56,1082.11,0.67,0,No Failure,149.1,67.8
L,70.04,4.5,84.32,14.0,1914.13,1131.07,7.76,0,No Failure,192.9,83.3
L,65.94,2.59,92.45,15.0,2139.74,1032.9,1.89,0,No Failure,180.2,78.8
H,71.86,3.4,87.19,14.0,1951.78,1151.62,3.69,0,No Failure,208.6,88.9
L,96.271,1.77,89.18,15.0,2190.84,1314.89,3.76,0,No Failure,166.0,73.8
M,72.41,1.76,81.54,12.0,1815.26,1217.07,8.42,0,No Failure,180.3,78.9
M,63.22,1.42,86.63,14.0,2139.4,904.15,1.91,0,No Failure,161.1,72.0
L,49.69,1.46,95.53,10.0,2222.8,1338.19,4.42,0,No Failure,118.7,57.0
M,59.76,4.32,64.36,17.0,1624.87,1224.6,2.82,0,No Failure,150.9,68.4
L,75.16,2.56,90.07,16.0,1880.72,1212.27,1.27,0,No Failure,181.5,79.3
M,76.2,3.95,68.13,14.0,1626.9,1094.3,6.25,0,No Failure,167.0,74.1
L,66.18,3.5,69.01,17.0,1755.77,945.71,4.64,0,No Failure,176.8,77.6
L,75.42,2.79,74.49,12.0,2142.3,1248.55,10.02,0,No Failure,152.7,69.1
L,52.28,1.85,74.56,14.0,1797.91,1213.08,1.46,0,No Failure,167.1,74.2
H,68.2,3.48,96.6,14.0,2183.36,1082.76,4.19,0,No Failure,189.6,82.1
L,74.44,4.11,62.45,13.0,2025.02,903.98,6.31,0,No Failure,144.7,66.3
M,83.57,3.88,84.11,14.0,2126.11,1217.24,8.79,0,No Failure,161.6,72.2
M,67.23,3.12,100.3,16.0,1934.77,1067.72,7.84,0,No Failure,173.1,76.3
M,60.65,4.4,80.23,13.0,2192.57,1475.11,4.79,0,No Failure,163.5,72.9
L,73.21,0.8,80.7,17.0,1529.74,1101.97,1.96,0,No Failure,157.2,70.7
M,64.91,4.08,64.17,10.0,2238.44,1603.16,7.59,1,High-Torque Shaft Fatigue,12.5,9.4
M,71.46,0.86,84.82,15.0,1127.17,1125.37,3.65,0,No Failure,162.1,72.4
L,67.74,2.74,73.33,13.0,1583.66,762.81,8.81,0,No Failure,155.7,70.2
H,75.85,1.53,104.89,15.0,1532.6,1049.83,2.78,0,No Failure,144.2,66.1
H,58.25,2.39,69.2,15.0,1720.0,1594.91,6.36,0,No Failure,154.4,69.7
L,54.5,4.19,78.87,13.0,2132.91,1265.84,2.6,0,No Failure,160.0,71.7
M,69.93,3.03,67.56,14.0,1663.04,960.76,0.0,0,No Failure,166.1,73.8
L,68.36,3.14,91.1,18.0,2143.53,1452.58,2.16,0,No Failure,160.2,71.7
M,73.09,1.94,84.54,15.0,1322.34,1005.25,4.48,0,No Failure,176.4,77.5
M,73.91,2.23,64.26,16.0,2004.5,1197.45,3.39,0,No Failure,175.7,77.2
L,73.34,1.24,84.05,17.0,1536.46,1364.46,5.61,0,No Failure,163.2,72.8
L,58.62,2.31,79.98,17.0,1632.6,1550.32,3.36,0,No Failure,157.2,70.7
L,73.9,2.39,85.23,18.0,1541.82,1514.07,4.13,0,No Failure,158.8,71.2
L,61.76,1.61,83.4,13.0,1652.23,1263.64,2.65,0,No Failure,179.1,78.4
L,42.0,1.2,80.68,11.0,1487.78,1250.25,6.0,0,No Failure,130.4,61.2
H,63.06,3.41,92.06,15.0,1812.9,1513.16,7.86,0,No Failure,169.5,75.0
H,71.18,-1.438,102.24,15.0,2153.94,1487.27,11.26,0,No Failure,130.4,61.2
L,70.55,3.28,85.33,12.0,1855.73,728.08,2.97,0,No Failure,172.8,76.2
L,74.55,3.37,89.0,15.0,2116.58,1095.64,5.83,0,No Failure,184.8,80.5
M,73.48,3.36,100.68,12.0,2380.31,754.93,0.87,1,Stator Insulation Thermal Fault,7.2,11.1
H,64.56,1.58,95.78,15.0,2363.56,796.69,5.02,0,No Failure,146.2,66.8
L,45.82,2.14,89.0,14.0,1652.01,1419.3,1.73,0,No Failure,143.5,65.8
M,63.38,1.05,53.82,15.0,1737.49,1273.9,4.18,0,No Failure,158.6,71.2
L,96.271,3.72,85.03,13.0,1985.29,1221.59,5.79,0,No Failure,197.2,84.9
M,60.37,5.22,68.79,17.0,1534.29,1262.68,2.19,0,No Failure,136.8,63.5
M,61.89,1.47,100.54,14.0,2133.4,1109.81,8.31,0,No Failure,150.5,68.3
H,53.14,0.71,94.64,17.0,1914.81,1471.96,6.33,0,No Failure,125.9,59.6
M,56.1,3.94,80.47,13.0,1623.15,1258.59,4.7,0,No Failure,181.6,79.3
L,72.63,1.04,64.77,16.0,2016.99,1329.93,6.35,0,No Failure,154.7,69.8
H,64.74,3.99,71.04,18.0,1765.9,916.77,9.7,0,No Failure,138.3,64.0
H,82.18,4.16,69.72,14.0,1791.14,1114.13,6.0,0,No Failure,170.1,75.2
M,71.14,1.55,66.38,17.0,1919.72,1122.89,3.55,0,No Failure,173.4,76.4
M,73.77,4.96,77.58,15.0,2021.05,1489.87,3.77,0,No Failure,164.0,73.1
L,77.25,6.15,76.74,15.0,1371.76,1208.24,3.94,0,No Failure,149.2,67.9
L,71.67,4.0,69.04,14.0,1522.65,1091.41,6.75,0,No Failure,170.6,75.4
L,60.38,1.55,79.87,17.0,2297.7,1298.57,8.08,0,No Failure,148.9,67.7
H,68.0,-1.438,89.22,13.0,2496.48,1203.72,11.09,0,No Failure,147.4,67.2
H,50.14,4.37,88.55,14.0,1854.47,1893.461,4.75,0,No Failure,171.5,75.7
M,70.66,2.55,77.13,16.0,1751.22,1610.15,3.05,0,No Failure,173.5,76.5
H,66.42,3.24,80.71,13.0,2007.84,775.82,6.97,0,No Failure,174.3,76.7
H,77.9,3.41,85.67,15.0,2340.59,1275.97,1.94,0,No Failure,166.6,74.0
L,57.34,4.05,79.53,14.0,2100.88,1048.77,0.0,0,No Failure,157.9,70.9
H,83.42,3.36,83.84,10.0,1808.78,1445.48,4.62,1,High-Torque Shaft Fatigue,1.8,26.1
L,96.271,4.86,76.48,11.0,1843.98,936.83,2.23,0,No Failure,154.6,69.8
L,71.8,2.37,61.25,14.0,1687.27,1022.52,8.91,0,No Failure,158.7,71.2
M,56.63,2.64,74.53,14.0,1801.75,1642.73,4.08,0,No Failure,165.6,73.6
H,88.07,2.66,75.37,13.0,1468.39,1059.52,2.78,0,No Failure,148.7,67.7
M,63.52,2.45,70.0,15.0,1775.46,975.35,5.28,0,No Failure,184.0,80.2
M,62.95,1.57,76.04,14.0,1171.87,1152.19,4.56,0,No Failure,162.1,72.4
L,60.07,1.88,84.8,12.0,1561.71,644.81,6.55,0,No Failure,137.8,63.8
L,65.1,2.93,80.24,20.0,2231.8,1332.67,9.33,0,No Failure,146.0,66.7
M,60.22,2.07,66.94,14.0,1688.11,1153.67,5.07,0,No Failure,183.7,80.1
H,78.44,0.5,66.59,15.0,1707.67,890.75,1.18,0,No Failure,128.1,60.4
H,72.82,2.71,88.81,14.0,1755.44,1483.39,4.36,0,No Failure,189.4,82.1
L,68.68,2.81,91.96,13.0,2182.57,845.79,7.69,0,No Failure,159.9,71.6
L,60.96,1.3,83.53,14.0,683.517,943.79,7.84,0,No Failure,150.0,68.1
H,77.92,3.21,91.54,12.0,2162.58,1212.15,0.0,0,No Failure,152.1,68.9
L,67.6,3.26,82.83,14.0,1746.85,1129.73,2.98,0,No Failure,215.4,91.3
M,61.29,2.31,80.26,15.0,1474.57,897.87,6.6,0,No Failure,167.8,74.4
M,64.62,2.97,76.1,14.0,2037.33,1218.16,7.81,0,No Failure,197.8,85.0
L,63.8,1.71,84.83,13.0,1445.27,883.6,4.93,0,No Failure,168.3,74.6
L,67.97,3.85,68.04,17.0,1588.92,1164.48,6.18,0,No Failure,170.2,75.3
H,80.9,2.94,77.84,13.0,2133.81,766.47,2.04,0,No Failure,148.0,67.4
L,65.0,1.32,91.96,13.0,2622.0,1042.34,7.45,0,No Failure,139.6,64.4
M,67.7,3.01,120.399,11.0,1502.18,1437.4,0.0,0,No Failure,149.8,68.0
L,69.99,3.29,43.151,16.0,1632.15,1273.12,3.45,0,No Failure,191.5,82.8
L,73.32,3.37,70.9,16.0,1844.27,1071.4,5.77,0,No Failure,185.3,80.6
L,64.22,2.5,108.36,15.0,1615.78,1029.51,7.45,0,No Failure,155.2,70.0
L,71.08,2.47,98.59,18.0,2167.54,800.92,9.8,0,No Failure,122.5,58.4
L,78.51,3.78,78.92,18.0,1677.44,1056.23,8.45,0,No Failure,148.3,67.5
L,75.6,2.69,77.99,13.0,2100.43,1197.02,6.14,0,No Failure,191.9,83.0
L,80.98,2.74,85.59,20.0,1660.54,1130.62,4.21,0,No Failure,166.1,73.8
M,63.56,2.47,86.45,15.0,2203.61,1065.02,7.02,0,No Failure,183.6,80.0
H,68.41,3.05,67.44,17.0,2144.91,1283.68,7.37,0,No Failure,170.9,75.5
H,71.28,0.61,84.27,15.0,2409.0,1113.5,7.73,0,No Failure,159.4,71.4
L,67.72,0.94,90.15,12.0,1693.92,1052.11,2.32,0,No Failure,163.2,72.8
L,72.24,3.03,91.69,19.0,2267.66,903.98,4.75,0,No Failure,152.3,68.9
M,60.43,4.41,83.43,14.0,1218.91,1205.09,0.1,0,No Failure,153.7,69.4
M,67.64,2.39,63.1,14.0,2100.16,1135.35,6.83,0,No Failure,180.2,78.8
M,60.83,1.75,73.17,17.0,1995.4,1515.5,1.07,0,No Failure,141.4,65.1
L,61.94,2.43,82.67,14.0,1871.21,1096.96,1.43,0,No Failure,184.7,80.4
H,55.22,2.2,87.38,12.0,1497.67,1267.69,3.95,0,No Failure,160.2,71.7
M,60.0,3.77,82.09,16.0,1730.49,1172.85,2.46,0,No Failure,193.7,83.6
L,72.69,0.56,86.74,12.0,1948.52,1309.59,4.72,0,No Failure,170.1,75.2
L,76.52,0.72,77.5,13.0,1975.77,1054.34,5.06,0,No Failure,165.8,73.7
L,58.7,0.56,79.65,16.0,2236.99,1177.905,1.83,0,No Failure,156.2,70.3
L,63.0,2.46,86.47,22.0,1880.72,1132.13,1.31,0,No Failure,158.9,71.3
L,72.35,3.81,79.52,17.0,1611.61,1548.89,7.02,0,No Failure,153.0,69.2
L,68.37,2.95,86.59,16.0,1941.55,1133.53,2.58,0,No Failure,206.9,88.3
H,53.43,2.73,94.61,17.0,1633.1,1306.79,1.56,0,No Failure,146.9,67.0
L,64.93,3.61,71.92,15.0,1621.57,1361.93,6.53,0,No Failure,174.8,76.9
L,57.79,1.54,100.36,18.0,1995.54,1117.78,6.24,0,No Failure,142.0,65.3
M,76.15,4.21,77.54,15.0,1716.69,952.58,5.82,0,No Failure,173.1,76.3
H,72.21,2.33,73.56,16.0,2197.03,1179.62,4.65,0,No Failure,187.5,81.4
M,61.23,4.23,79.89,13.0,2244.09,1176.67,4.24,0,No Failure,181.4,79.2
M,63.92,3.8,99.12,14.0,2453.18,867.35,1.01,1,Stator Insulation Thermal Fault,4.4,15.8
M,73.54,2.81,78.38,21.0,2344.92,1202.43,3.52,0,No Failure,180.7,79.0
L,64.24,2.57,70.76,14.0,1647.57,1359.57,4.82,0,No Failure,190.0,82.3
M,62.77,3.39,80.51,11.0,2043.67,1139.75,6.5,0,No Failure,178.1,78.1
H,59.27,1.49,74.32,14.0,2324.11,1163.89,2.53,0,No Failure,161.8,72.3
M,75.48,3.0,69.15,14.0,1910.59,1314.57,10.33,0,No Failure,166.9,74.1
L,47.73,6.34,78.96,13.0,2063.38,1220.05,11.6,1,Planetary Gearbox Overheat,5.8,11.0
L,70.51,2.88,73.26,16.0,2738.28,1030.21,5.24,0,No Failure,157.3,70.7
L,72.15,2.95,89.02,16.0,1699.14,1311.1,6.39,0,No Failure,190.1,82.3
L,84.84,3.56,73.22,13.0,1684.62,1184.69,0.0,0,No Failure,151.1,68.5
L,58.23,3.03,85.49,15.0,1665.23,1145.18,3.49,0,No Failure,200.5,86.0
M,61.08,5.4,93.67,14.0,1294.27,1182.83,7.0,0,No Failure,147.6,67.3
H,62.52,5.02,86.43,10.0,1885.67,921.49,4.46,0,No Failure,150.5,68.3
L,65.23,2.73,93.19,16.0,1918.25,1277.39,3.46,0,No Failure,195.8,84.4
L,66.25,2.01,68.18,17.0,3021.596,1216.42,3.72,0,No Failure,162.6,72.6
L,64.74,4.55,69.72,18.0,1686.05,1177.905,7.24,0,No Failure,153.3,69.3
M,72.7,0.95,91.68,15.0,2164.18,1090.18,4.66,0,No Failure,175.5,77.2
H,62.72,1.97,79.35,12.0,1950.57,1124.31,5.24,0,No Failure,189.7,82.2
L,78.83,2.17,74.93,17.0,1328.05,1368.55,5.24,0,No Failure,151.5,68.6
H,58.4,1.53,70.91,10.0,1968.5,928.27,3.79,0,No Failure,141.1,65.0
H,64.14,3.14,52.0,13.0,2174.72,1318.31,1.83,0,No Failure,145.5,66.5
L,44.68,3.37,81.14,17.0,2129.77,1225.89,6.26,0,No Failure,151.0,68.5
M,64.38,2.74,85.53,14.0,1624.99,839.09,3.85,0,No Failure,186.4,81.0
M,71.82,2.11,82.31,14.0,2149.66,1004.84,9.1,0,No Failure,170.8,75.5
M,65.16,4.1,90.55,17.0,2056.36,1253.62,7.52,0,No Failure,167.1,74.2
H,67.99,3.6,80.57,15.0,1509.0,1432.97,6.64,0,No Failure,181.4,79.2
M,68.72,2.58,72.14,12.0,2006.87,1166.8,4.4,0,No Failure,197.3,84.9
M,76.23,4.64,75.72,12.0,1755.91,1320.47,1.81,0,No Failure,157.0,70.6
L,65.18,3.19,76.5,16.0,1890.26,996.47,6.06,0,No Failure,195.7,84.3
H,59.7,0.5,78.33,14.0,1892.36,1286.54,8.71,0,No Failure,161.2,72.1
H,67.02,2.32,76.71,13.0,2004.88,1234.57,6.0,0,No Failure,198.5,85.3
M,62.28,3.36,80.99,16.0,2122.24,1135.14,5.32,0,No Failure,195.3,84.2
M,82.66,3.01,79.5,13.0,2098.85,1117.51,5.5,0,No Failure,183.3,79.9
L,66.34,-1.438,91.1,15.0,2222.21,1236.13,1.54,0,No Failure,181.1,79.1
L,82.79,6.08,82.95,16.0,2098.66,1056.08,14.772,1,Planetary Gearbox Overheat,3.1,22.2
L,72.41,4.65,82.75,11.0,1884.77,1242.57,0.0,0,No Failure,146.8,67.0
H,68.15,4.94,73.23,17.0,1940.2,838.59,3.62,0,No Failure,159.4,71.5
L,83.03,4.13,89.62,16.0,2307.57,932.06,6.55,0,No Failure,134.1,62.5
L,69.94,0.83,97.65,15.0,1990.35,1403.33,3.07,0,No Failure,158.5,71.1
L,68.96,4.97,70.09,17.0,2362.39,1057.71,6.07,0,No Failure,146.9,67.0
M,66.31,3.98,80.09,16.0,1856.0,1271.52,14.772,0,No Failure,197.6,85.0
L,75.28,2.38,53.91,15.0,2328.53,1325.65,4.98,0,No Failure,147.8,67.3
L,54.78,2.44,52.55,19.0,1902.57,1372.35,1.29,0,No Failure,116.0,56.1
M,63.16,1.8,81.82,14.0,1947.16,1009.66,8.03,0,No Failure,181.8,79.4
H,72.13,1.86,91.21,18.0,2540.67,1132.25,5.3,0,No Failure,151.9,68.8
H,71.86,1.72,80.02,14.0,2100.08,1291.85,4.34,0,No Failure,196.9,84.7
L,65.2,4.1,85.43,14.0,1968.64,741.61,1.94,0,No Failure,172.1,76.0
L,75.93,1.04,73.67,11.0,2097.8,1240.38,0.0,0,No Failure,135.7,63.1
M,46.65,3.58,86.65,17.0,1481.87,1207.02,5.19,0,No Failure,152.6,69.0
L,71.53,2.52,75.46,16.0,1282.37,1267.7,7.1,0,No Failure,170.0,75.2
H,70.08,7.148,88.74,14.0,2126.39,778.29,4.81,0,No Failure,168.8,74.8
H,64.27,3.88,89.59,18.0,2009.02,985.35,3.56,0,No Failure,168.3,74.6
L,60.2,1.75,120.399,16.0,1529.05,1019.66,8.11,0,No Failure,156.8,70.5
L,60.62,1.52,94.97,15.0,1689.83,1004.01,2.61,0,No Failure,160.2,71.7
L,76.82,3.96,75.24,16.0,2270.69,1143.98,0.41,0,No Failure,152.1,68.9
M,65.28,1.38,43.151,15.0,1688.38,1071.87,2.51,0,No Failure,180.5,78.9
H,67.33,1.61,93.42,17.0,1615.15,1263.97,7.09,0,No Failure,166.3,73.9
L,53.29,0.77,68.44,10.0,1761.26,794.24,4.8,0,No Failure,114.1,55.4
M,60.93,2.1,75.06,11.0,1649.01,978.49,4.86,0,No Failure,160.8,71.9
L,57.03,1.92,74.88,17.0,1558.06,971.71,7.71,0,No Failure,142.6,65.5
L,62.85,1.27,71.51,15.0,2485.84,1177.905,6.09,0,No Failure,147.1,67.1
H,59.35,2.28,89.17,14.0,1581.38,1893.461,5.05,0,No Failure,186.8,81.2
L,72.96,2.69,71.0,14.0,1853.48,1402.78,8.05,0,No Failure,178.0,78.0
H,81.16,2.68,77.36,11.0,993.31,1467.34,0.0,1,High-Torque Shaft Fatigue,7.3,8.7
L,78.45,3.77,96.38,9.0,2048.74,1388.68,6.3,0,No Failure,126.1,59.7
M,74.7,1.06,65.47,13.0,1879.68,1893.461,5.59,0,No Failure,158.5,71.1
M,61.83,2.56,98.14,12.0,1421.34,1191.73,2.58,0,No Failure,142.8,65.6
L,72.64,1.59,85.07,14.0,1486.89,824.07,14.34,0,No Failure,139.3,64.3
L,57.8,3.27,86.58,12.0,1657.99,1070.64,1.9,0,No Failure,167.5,74.3
M,63.17,0.86,84.1,14.0,1850.49,820.51,3.02,0,No Failure,162.0,72.4
L,74.68,2.71,103.8,19.0,1623.74,1018.96,8.51,0,No Failure,128.6,60.6
M,96.271,4.22,87.57,12.0,1892.5,872.98,5.41,0,No Failure,171.7,75.8
H,64.26,1.05,95.99,16.0,1266.93,1319.73,3.42,0,No Failure,146.4,66.8
L,72.65,3.54,85.13,14.0,1836.88,1306.3,0.0,0,No Failure,188.6,81.8
M,62.37,2.77,78.88,16.0,1594.15,1024.7,3.89,0,No Failure,187.6,81.5
L,61.05,3.01,78.58,19.0,2036.83,1102.01,5.42,0,No Failure,175.7,77.2
H,69.28,4.99,76.37,13.0,2171.07,1396.17,8.11,0,No Failure,150.5,68.3
H,53.68,3.49,92.97,15.0,981.7,1371.64,6.37,0,No Failure,130.6,61.2
L,72.18,3.35,81.27,16.0,1987.71,1148.07,9.63,0,No Failure,184.1,80.2
M,64.7,2.3,77.17,13.0,2237.05,1363.45,6.77,0,No Failure,169.1,74.9
H,63.02,2.9,80.04,10.0,1943.18,1467.25,3.96,1,High-Torque Shaft Fatigue,11.8,31.8
H,77.67,1.12,78.47,14.0,2257.09,1218.09,1.7,0,No Failure,159.1,71.3
H,73.06,2.82,92.12,13.0,1917.97,1272.6,0.25,0,No Failure,179.5,78.6
H,65.67,3.42,77.26,16.0,1668.21,1315.68,5.35,0,No Failure,190.9,82.6
H,77.31,5.15,120.399,13.0,2039.29,1477.43,2.98,0,No Failure,138.7,64.1
L,60.01,1.31,83.86,12.0,2222.14,1300.39,8.2,0,No Failure,147.9,67.4
M,75.31,2.14,61.31,16.0,1767.1,470.614,1.02,0,No Failure,162.1,72.4
M,65.44,3.67,67.58,13.0,1345.48,1093.63,4.93,0,No Failure,165.6,73.7
L,67.27,2.98,91.74,18.0,1362.9,1330.85,2.07,0,No Failure,159.8,71.6
L,71.41,3.33,77.9,15.0,2375.26,976.93,1.12,0,No Failure,165.4,73.6
L,61.33,3.99,73.73,13.0,1827.74,1277.51,5.82,0,No Failure,181.8,79.4
L,57.92,2.88,82.86,8.0,1310.76,944.07,3.36,0,No Failure,124.1,59.0
H,57.03,6.06,88.35,12.0,1693.34,1072.46,7.13,0,No Failure,131.4,61.5
H,63.47,3.16,80.31,14.0,1626.23,1125.19,4.79,0,No Failure,210.5,89.6
H,59.82,4.19,64.34,15.0,1466.6,1415.83,8.6,0,No Failure,131.3,61.5
M,63.77,4.49,93.76,17.0,1808.14,1304.75,0.0,0,No Failure,149.8,68.0
L,83.63,3.31,78.94,14.0,1638.54,1378.19,8.78,0,No Failure,153.8,69.5
M,62.75,2.8,62.5,14.0,1549.31,1464.02,7.52,0,No Failure,153.8,69.5
M,57.05,2.26,96.53,14.0,2011.13,1893.461,6.23,0,No Failure,173.9,76.6
H,75.04,2.0,86.41,14.0,1934.54,1031.33,4.96,0,No Failure,195.0,84.1
L,79.08,2.62,74.82,16.0,1472.32,856.97,2.66,0,No Failure,153.1,69.2
L,56.3,3.73,76.9,16.0,1497.8,1040.56,8.76,0,No Failure,145.5,66.5
L,68.51,2.05,71.85,18.0,1752.38,1365.95,11.39,0,No Failure,141.1,65.0
H,65.74,2.57,85.7,13.0,2509.61,874.0,3.71,0,No Failure,166.3,73.9
L,56.26,2.19,65.26,22.0,1748.15,1172.45,3.14,0,No Failure,136.7,63.4
M,63.93,2.79,79.07,18.0,1873.67,956.72,0.0,0,No Failure,164.9,73.4
L,72.57,3.43,72.62,13.0,1827.91,1159.9,6.72,0,No Failure,193.2,83.4
H,74.33,4.27,86.54,13.0,1778.59,856.14,5.55,0,No Failure,169.6,75.1
H,73.75,3.2,91.83,17.0,1462.31,968.9,10.19,0,No Failure,141.4,65.1
H,72.47,3.1,77.5,12.0,2250.26,1370.81,2.02,0,No Failure,162.9,72.7
M,59.92,4.98,87.0,13.0,1721.46,982.96,4.65,0,No Failure,167.3,74.3
M,66.3,3.64,95.51,17.0,1722.75,1300.27,5.25,0,No Failure,176.2,77.4
M,82.68,3.64,74.39,13.0,1759.83,995.78,7.28,0,No Failure,153.8,69.5
H,64.85,2.14,61.88,12.0,1575.45,1059.75,6.03,0,No Failure,155.6,70.1
M,66.73,3.49,93.87,17.0,2000.86,1156.43,5.7,0,No Failure,187.6,81.4
M,78.54,3.08,87.84,11.0,1449.41,948.55,5.04,0,No Failure,156.6,70.4
M,76.64,2.34,60.97,16.0,2026.45,1140.54,2.47,0,No Failure,163.2,72.8
L,63.84,2.65,82.67,12.0,1488.45,1436.93,4.44,0,No Failure,173.8,76.6
L,73.34,3.99,87.66,18.0,2525.56,1178.77,0.91,0,No Failure,142.3,65.4
L,64.56,3.6,88.74,14.0,2164.99,1283.99,7.12,0,No Failure,179.4,78.5
L,65.82,2.98,75.75,18.0,1504.04,1271.38,5.35,0,No Failure,178.5,78.2
M,64.35,1.6,76.15,16.0,2113.92,1281.96,4.12,0,No Failure,181.5,79.3
M,64.88,3.08,86.26,15.0,3021.596,1011.14,9.46,0,No Failure,184.7,80.4
H,77.49,3.8,85.2,11.0,1600.03,1098.23,2.9,0,No Failure,164.4,73.2
M,69.93,4.53,71.76,14.0,1379.61,1191.73,8.83,0,No Failure,157.3,70.7
M,61.5,3.72,72.64,12.0,1382.31,1396.2,6.58,0,No Failure,144.4,66.1
L,60.37,2.66,92.59,15.0,1838.51,1107.55,5.38,0,No Failure,199.7,85.7
M,59.52,3.75,77.41,7.0,1444.15,1264.77,1.59,0,No Failure,130.6,61.3
H,56.3,4.58,61.51,14.0,1860.23,1041.61,4.59,0,No Failure,162.5,72.6
L,69.17,2.06,92.81,14.0,2220.23,1083.21,2.15,0,No Failure,177.7,77.9
L,62.84,1.74,78.6,15.0,1465.04,1168.23,2.98,0,No Failure,187.6,81.4
M,69.51,2.11,74.57,13.0,2057.19,986.85,7.91,0,No Failure,168.4,74.6
M,60.1,1.82,85.91,14.0,1476.3,1226.25,9.89,0,No Failure,158.2,71.0
L,68.63,3.01,83.48,10.0,1305.94,1617.22,4.59,1,High-Torque Shaft Fatigue,12.4,17.0
L,56.6,3.39,66.1,13.0,1795.98,1108.17,4.13,0,No Failure,174.8,76.9
M,61.06,2.89,80.35,12.0,1328.32,948.7,3.35,0,No Failure,164.0,73.1
L,67.29,3.31,74.42,17.0,1708.23,1118.86,1.0,0,No Failure,183.3,79.9
L,58.05,3.38,77.39,14.0,1659.81,952.98,0.0,0,No Failure,160.7,71.9
M,80.9,3.3,87.03,14.0,1428.01,1111.9,8.07,0,No Failure,165.7,73.7
M,61.69,3.0,78.46,16.0,1620.93,1249.53,6.84,0,No Failure,186.0,80.9
M,76.23,6.33,71.97,15.0,2066.49,887.11,4.26,0,No Failure,136.9,63.5
M,75.68,1.98,68.9,15.0,2166.55,890.97,1.98,0,No Failure,152.4,69.0
M,70.97,3.19,59.57,14.0,1663.84,1245.93,3.92,0,No Failure,165.3,73.5
M,71.3,2.84,64.21,16.0,1907.33,1250.2,3.54,0,No Failure,188.8,81.9
M,51.69,1.23,69.46,15.0,2248.26,1270.82,0.55,0,No Failure,132.5,61.9
M,58.17,3.34,81.65,15.0,2449.54,1066.91,6.99,0,No Failure,169.3,75.0
L,71.56,2.53,72.99,18.0,1746.81,1228.77,6.41,0,No Failure,179.4,78.6
L,66.07,1.42,68.23,19.0,1925.09,1268.87,5.69,0,No Failure,157.8,70.9
L,74.59,4.56,79.45,15.0,1825.16,1299.89,4.83,0,No Failure,193.2,83.4
M,71.01,3.14,81.07,16.0,2347.27,1022.73,6.52,0,No Failure,181.0,79.1
L,67.97,2.08,93.06,18.0,1377.48,1398.22,0.82,0,No Failure,100.0,50.4
L,83.29,2.12,83.02,17.0,2158.83,1077.29,4.54,0,No Failure,167.3,74.3
L,76.77,0.78,80.24,18.0,2262.08,1104.89,6.35,0,No Failure,146.8,67.0
L,70.65,1.39,88.63,14.0,1818.61,1224.54,0.66,0,No Failure,180.1,78.8
L,74.31,5.45,80.36,13.0,2040.31,1110.47,3.96,0,No Failure,169.9,75.2
L,68.28,3.12,94.56,13.0,1826.17,1226.9,4.27,0,No Failure,204.4,87.4
L,65.32,2.8,78.33,19.0,1530.49,1229.29,2.42,0,No Failure,173.4,76.4
M,74.22,2.39,72.33,12.0,1971.47,844.29,3.06,0,No Failure,161.4,72.2
L,68.45,3.08,71.04,15.0,2046.51,942.08,5.9,0,No Failure,190.6,82.5
L,63.99,3.11,83.84,12.0,1773.51,1388.19,0.47,0,No Failure,175.0,77.0
H,58.04,3.02,102.06,12.0,2252.84,1399.79,5.53,1,Stator Insulation Thermal Fault,7.7,20.1
M,72.92,2.08,84.74,17.0,2124.89,1408.09,0.74,0,No Failure,155.7,70.1
M,71.68,4.27,90.42,16.0,1458.33,994.81,9.96,0,No Failure,143.3,65.8
L,73.84,2.48,71.73,18.0,1945.16,1151.49,6.38,0,No Failure,175.1,77.0
L,70.52,3.37,70.21,14.0,1377.4,1011.15,3.6,0,No Failure,173.1,76.3
M,52.98,2.24,77.52,14.0,2314.91,1224.45,5.52,0,No Failure,167.5,74.3
L,58.59,3.46,88.7,15.0,1712.2,903.31,3.49,0,No Failure,172.0,75.9
L,65.89,2.28,82.68,16.0,2704.0,978.51,1.82,0,No Failure,156.6,70.4
L,60.71,4.12,94.65,13.0,1672.66,1113.58,2.47,0,No Failure,167.9,74.5
L,64.28,3.63,80.21,18.0,1942.75,999.04,4.21,0,No Failure,181.5,79.3
L,65.7,0.5,71.08,14.0,1592.5,1369.29,5.11,0,No Failure,166.5,74.0
L,68.07,3.17,61.59,9.0,2149.84,1302.12,3.89,0,No Failure,152.0,68.8
M,74.69,-1.438,88.66,15.0,1747.37,1230.88,7.73,0,No Failure,173.9,76.6
L,77.32,4.76,81.28,23.0,1673.77,1185.5,5.76,0,No Failure,180.6,79.0
L,70.37,1.58,84.16,11.0,1723.22,897.22,7.8,0,No Failure,152.0,68.8
M,57.77,2.4,77.16,17.0,2096.66,1400.47,4.61,0,No Failure,170.6,75.4
M,57.68,2.41,101.09,17.0,1886.01,1258.52,0.0,0,No Failure,144.5,66.2
M,57.74,2.45,83.44,12.0,1436.41,1237.17,2.19,0,No Failure,166.4,73.9
L,68.26,2.02,76.43,14.0,1870.61,851.93,4.92,0,No Failure,191.3,82.7
M,72.18,2.91,88.07,10.0,1873.01,930.39,-5.802,0,No Failure,167.8,74.4
H,56.65,4.23,90.9,10.0,2169.56,1257.36,3.04,0,No Failure,138.3,64.0
L,63.14,1.59,86.01,13.0,1835.19,1660.17,7.86,1,High-Torque Shaft Fatigue,10.4,23.0
L,80.06,3.75,84.77,13.0,1689.21,1244.15,4.29,0,No Failure,184.9,80.5
L,78.91,3.66,78.26,14.0,1862.04,971.8,2.31,0,No Failure,180.0,78.8
M,58.09,3.04,75.17,18.0,1687.12,1148.86,3.56,0,No Failure,174.3,76.7
L,73.03,3.67,91.67,11.0,1639.17,878.9,2.02,0,No Failure,143.9,66.0
M,78.08,2.35,108.4,17.0,1853.76,1268.36,3.68,0,No Failure,156.1,70.3
L,62.2,2.9,80.44,13.0,1806.34,1005.44,1.92,0,No Failure,193.0,83.4
M,75.07,4.18,92.39,14.0,1681.35,866.57,2.47,0,No Failure,154.0,69.5
H,59.67,3.97,97.71,12.0,2096.39,1229.03,4.97,0,No Failure,159.4,71.4
L,61.24,1.95,66.22,15.0,2158.48,814.54,4.64,0,No Failure,155.0,69.9
L,69.6,3.58,72.86,17.0,1970.18,1517.99,7.4,0,No Failure,159.1,71.3
L,61.67,2.97,82.24,13.0,3021.596,1236.3,8.84,0,No Failure,184.5,80.4
L,81.84,2.36,92.45,13.0,1621.81,1208.08,6.56,0,No Failure,163.4,72.9
H,70.43,2.98,75.66,13.0,1206.41,1361.18,3.88,0,No Failure,171.2,75.6
M,61.87,2.9,84.93,16.0,1762.35,1135.21,3.76,0,No Failure,202.5,86.7
H,61.35,3.72,107.66,15.0,1904.29,1604.56,2.08,0,No Failure,141.1,65.0
H,54.93,2.47,91.95,14.0,1701.3,851.51,8.09,0,No Failure,147.9,67.4
L,51.96,3.58,62.03,15.0,1839.64,1169.02,4.58,0,No Failure,174.7,76.9
M,63.87,2.13,67.82,16.0,2033.26,1027.39,4.71,0,No Failure,177.0,77.7
L,79.88,3.79,76.62,14.0,1733.28,1294.01,4.59,0,No Failure,158.2,71.0
L,51.71,2.32,87.87,15.0,2093.86,1176.92,9.69,0,No Failure,160.4,71.8
L,73.01,2.26,79.57,12.0,2050.51,1893.461,4.55,0,No Failure,189.4,82.1
L,60.4,4.89,77.71,13.0,1897.43,1006.02,5.56,0,No Failure,171.3,75.7
L,67.57,1.83,85.73,19.0,2072.98,1132.84,8.78,0,No Failure,157.6,70.8
M,83.1,2.37,84.24,16.0,2037.63,1158.71,6.57,0,No Failure,174.5,76.8
H,68.64,3.31,91.96,12.0,1496.92,1168.31,3.66,0,No Failure,184.5,80.4
M,71.84,3.33,64.4,13.0,1451.36,1240.01,6.04,0,No Failure,165.9,73.8
H,70.76,1.9,104.53,14.0,2075.54,1430.32,4.34,0,No Failure,165.7,73.7
M,70.31,1.2,75.71,14.0,2182.72,895.88,-5.74,0,No Failure,151.4,68.6
H,75.11,3.55,64.94,11.0,1773.11,996.37,3.85,0,No Failure,155.9,70.2
L,68.58,2.23,92.46,12.0,2229.09,855.06,7.7,0,No Failure,144.9,66.3
L,78.97,2.97,87.61,14.0,2095.32,470.614,5.34,0,No Failure,182.8,79.7
M,72.47,3.4,72.56,15.0,2003.05,1252.78,4.76,0,No Failure,197.8,85.1
M,69.42,3.63,83.86,15.0,2138.78,1133.23,6.06,0,No Failure,200.3,86.0
H,81.33,3.41,94.08,18.0,1614.26,1382.97,0.0,0,No Failure,128.5,60.5
H,72.89,1.94,99.53,13.0,1591.72,1105.0,4.19,0,No Failure,171.7,75.8
M,57.15,2.02,68.96,17.0,1490.52,1237.79,0.59,0,No Failure,137.7,63.8
M,76.98,3.22,67.76,16.0,3021.596,933.95,4.34,0,No Failure,168.8,74.8
M,70.65,3.78,77.52,13.0,2283.32,1374.09,8.2,0,No Failure,159.4,71.5
L,61.11,3.12,82.41,16.0,2016.07,1215.63,3.1,0,No Failure,197.6,85.0
H,64.86,2.22,110.8,17.0,1867.52,1239.86,4.65,0,No Failure,165.7,73.7
M,66.6,2.2,84.72,14.0,2024.14,1256.48,6.42,0,No Failure,200.7,86.1
M,70.13,1.9,71.96,17.0,2064.79,1110.47,7.27,0,No Failure,170.5,75.4
M,61.98,3.93,88.85,12.0,1966.81,1312.86,3.97,0,No Failure,177.4,77.8
L,66.58,3.59,81.83,16.0,2063.93,1370.24,8.95,0,No Failure,175.5,77.1
H,70.87,3.64,81.715,17.0,1552.4,1041.61,0.0,0,No Failure,162.0,72.4
L,66.27,3.68,81.37,16.0,2055.91,1106.61,2.78,0,No Failure,195.0,84.1
M,82.27,2.96,84.6,16.0,1977.38,1220.58,4.85,0,No Failure,194.4,83.9
L,72.62,2.88,90.95,15.0,2623.51,1507.09,8.64,0,No Failure,134.7,62.7
L,68.61,4.12,96.46,13.0,2109.81,1066.69,2.47,0,No Failure,170.2,75.3
L,60.0,2.89,86.3,14.0,2118.18,905.9,3.78,0,No Failure,179.8,78.7
H,52.27,3.36,70.72,13.0,2682.1,1451.58,0.99,0,No Failure,112.0,54.7
M,65.55,3.56,88.21,16.0,1822.39,1272.7,4.73,0,No Failure,204.5,87.4
H,65.7,4.0,70.35,13.0,1967.1,915.87,4.27,0,No Failure,176.0,77.3
L,56.65,2.64,78.16,17.0,1601.71,859.98,4.05,0,No Failure,163.0,72.7
M,67.32,0.98,82.77,14.0,1505.53,992.11,5.15,0,No Failure,182.2,79.5
M,62.88,0.83,70.43,12.0,1992.93,1163.16,1.53,0,No Failure,157.7,70.9
H,67.74,0.5,70.2,12.0,2139.82,1286.75,5.8,0,No Failure,156.9,70.6
M,66.0,2.95,97.27,16.0,1654.73,826.67,9.2,0,No Failure,151.4,68.6
H,65.91,2.825,80.34,13.0,1762.57,850.37,2.52,0,No Failure,179.9,78.7
M,74.55,3.41,64.84,17.0,1741.75,1045.0,4.98,0,No Failure,166.4,73.9
L,48.68,1.35,98.71,12.0,1758.43,1138.75,6.35,0,No Failure,134.1,62.5
L,69.35,4.3,94.83,17.0,1656.37,858.29,14.772,0,No Failure,155.5,70.1
L,77.32,2.6,74.94,15.0,1813.87,1265.43,7.6,0,No Failure,186.8,81.2
M,64.87,3.36,73.97,14.0,1046.57,1319.27,4.2,0,No Failure,168.9,74.8
L,61.78,3.78,77.59,14.0,1601.03,1187.22,3.33,0,No Failure,193.5,83.5
L,56.75,3.23,67.09,12.0,2194.57,1457.44,6.36,1,High-Torque Shaft Fatigue,2.6,18.6
M,68.1,3.07,76.42,16.0,1959.98,1061.54,6.47,0,No Failure,197.3,84.9
M,53.74,1.97,95.11,11.0,1680.55,1299.79,3.96,0,No Failure,145.0,66.4
H,67.14,4.15,95.89,16.0,1684.43,1418.14,4.04,0,No Failure,171.4,75.7
M,63.39,2.09,92.53,17.0,1819.8,1377.56,4.64,0,No Failure,179.8,78.7
L,66.93,4.05,89.27,16.0,1995.63,1215.52,4.46,0,No Failure,195.3,84.2
L,61.01,2.4,120.399,12.0,1711.82,1342.64,3.54,0,No Failure,164.4,73.2
M,94.64,3.18,98.54,16.0,1377.58,1277.18,4.23,0,No Failure,136.2,63.2
H,71.54,2.825,73.49,13.0,2066.4,1010.65,4.48,0,No Failure,186.9,81.2
L,68.64,1.88,90.07,14.0,2640.94,1280.36,7.94,0,No Failure,153.3,69.3
M,66.29,3.47,91.94,15.0,2279.6,1362.1,6.65,0,No Failure,170.3,75.3
L,74.67,2.51,74.89,14.0,1591.55,1034.81,6.54,0,No Failure,181.8,79.4
H,53.05,5.57,81.49,13.0,1891.03,1348.9,0.96,0,No Failure,145.1,66.4
M,72.53,1.28,69.23,18.0,1829.74,1294.9,0.0,0,No Failure,144.9,66.3
M,58.65,2.94,69.44,15.0,1539.49,1393.8,5.08,0,No Failure,172.1,76.0
H,72.31,3.81,76.13,14.0,2147.78,1405.67,5.32,0,No Failure,179.1,78.4
L,67.74,2.5,86.68,18.0,1943.89,1386.13,8.27,0,No Failure,170.6,75.4
M,68.8,5.0,79.71,16.0,1563.89,1110.44,4.05,0,No Failure,182.4,79.6
M,65.79,3.39,77.23,13.0,1870.57,1232.3,3.71,0,No Failure,207.2,88.4
M,63.25,2.78,98.07,18.0,1641.3,941.14,7.5,0,No Failure,148.5,67.6
L,59.07,3.27,98.96,14.0,1810.53,1358.73,0.0,0,No Failure,156.2,70.3
L,66.93,1.34,91.27,14.0,2252.64,1056.03,0.0,0,No Failure,155.5,70.1
M,83.75,2.5,77.5,14.0,2156.15,1173.19,3.44,0,No Failure,177.6,77.9
M,72.1,2.87,76.78,12.0,2534.39,1052.94,4.18,0,No Failure,173.3,76.4
M,68.11,2.58,80.53,14.0,1611.83,1398.73,3.23,0,No Failure,196.9,84.7
H,51.21,2.74,83.02,10.0,2000.17,877.83,2.43,0,No Failure,140.9,64.9
L,60.71,3.2,67.19,14.0,2104.85,969.98,5.01,0,No Failure,173.0,76.3
M,63.91,2.96,81.09,12.0,2099.49,1158.4,2.23,0,No Failure,194.6,83.9
M,74.45,2.91,93.85,14.0,1382.64,789.84,5.57,0,No Failure,156.0,70.2
M,73.87,3.29,73.65,15.0,1791.95,1244.83,0.0,0,No Failure,184.7,80.4
M,76.92,0.7,90.59,14.0,1687.34,1254.5,4.36,0,No Failure,171.8,75.8
M,69.97,3.01,76.57,17.0,1483.52,943.51,5.49,0,No Failure,174.7,76.9
H,65.56,2.57,120.399,10.0,1858.15,1355.43,4.22,0,No Failure,167.6,74.4
L,68.86,2.99,83.15,16.0,1820.3,1056.57,3.82,0,No Failure,215.2,91.2
H,63.96,1.88,81.6,14.0,2171.1,911.5,1.16,0,No Failure,170.2,75.3
M,71.87,1.34,64.77,17.0,1999.2,1270.0,3.38,0,No Failure,157.0,70.6
M,65.48,2.77,81.15,17.0,1931.61,739.72,4.26,0,No Failure,171.2,75.6
H,69.92,3.46,87.4,16.0,1801.55,940.94,0.0,0,No Failure,173.7,76.5
M,70.15,2.16,73.08,16.0,2557.63,1198.94,7.36,0,No Failure,158.1,71.0
M,57.31,4.01,74.08,17.0,2134.65,916.33,5.95,0,No Failure,143.4,65.8
M,61.9,1.75,85.33,13.0,1729.31,1320.57,1.54,0,No Failure,173.7,76.5
L,61.18,4.76,70.19,10.0,2058.06,1210.19,3.95,0,No Failure,150.5,68.3
M,43.69,3.38,64.53,12.0,2170.82,1114.92,4.63,0,No Failure,138.4,64.0
L,65.13,2.71,77.38,13.0,2030.01,1324.38,5.13,0,No Failure,197.8,85.1
M,71.71,2.39,91.15,9.0,1511.91,1353.62,1.79,0,No Failure,140.4,64.7
L,73.22,2.5,62.25,12.0,1657.9,1269.13,5.7,0,No Failure,163.7,73.0
L,77.25,0.92,86.66,16.0,2571.42,1517.36,0.0,0,No Failure,107.1,52.9
M,63.09,3.35,72.66,15.0,1836.57,790.78,6.68,0,No Failure,174.4,76.8
H,90.43,2.58,86.14,11.0,1885.97,994.79,1.85,0,No Failure,144.5,66.2
H,66.84,2.23,86.8,15.0,2105.88,1247.55,4.52,0,No Failure,203.5,87.1
M,70.75,2.21,80.03,16.0,1850.49,938.41,2.0,0,No Failure,169.5,75.0
M,64.27,4.84,91.05,14.0,1214.7,994.13,2.26,0,No Failure,146.1,66.8
L,75.9,1.97,82.3,13.0,1464.21,926.64,4.59,0,No Failure,170.8,75.5
L,67.97,2.72,84.61,16.0,1335.01,1392.79,4.16,0,No Failure,179.1,78.4
M,71.79,2.35,59.02,14.0,1468.5,1512.64,4.85,0,No Failure,150.4,68.3
H,96.04,1.8,73.01,14.0,1814.03,1398.05,1.56,0,No Failure,167.8,74.4
L,80.21,1.77,75.57,13.0,1585.07,1006.38,0.0,0,No Failure,141.2,65.0
M,59.28,2.1,43.151,17.0,1529.54,1480.89,6.36,0,No Failure,154.0,69.6
M,62.18,3.5,87.17,16.0,1839.07,1122.82,5.24,0,No Failure,200.5,86.0
L,64.66,3.63,74.03,16.0,1893.27,1008.61,5.35,0,No Failure,187.5,81.4
L,68.38,1.7,94.67,14.0,1425.09,839.0,2.16,0,No Failure,152.6,69.1
L,64.97,1.17,83.72,11.0,2323.81,1271.43,8.41,0,No Failure,144.5,66.2
L,74.89,2.31,83.98,12.0,1384.45,1394.24,5.46,0,No Failure,160.6,71.9
M,60.62,1.22,97.57,13.0,1783.15,1342.24,11.19,0,No Failure,144.2,66.1
H,66.97,3.92,82.4,18.0,1852.08,1135.75,6.31,0,No Failure,184.0,80.2
L,67.97,3.33,94.73,16.0,2081.77,1136.19,3.05,0,No Failure,173.7,76.5
L,66.66,3.23,86.23,13.0,1081.52,1449.56,8.58,1,High-Torque Shaft Fatigue,3.1,21.5
M,68.47,4.1,79.44,11.0,1971.49,1209.89,6.9,0,No Failure,182.0,79.5
L,72.03,2.01,85.12,9.0,1566.71,1048.51,5.3,0,No Failure,159.7,71.6
H,76.62,4.29,70.67,15.0,2169.26,1247.07,5.8,0,No Failure,167.5,74.3
H,53.3,1.98,103.96,21.0,1372.74,990.79,2.19,0,No Failure,90.6,47.1
L,78.64,3.95,87.46,15.0,2274.18,882.47,5.41,0,No Failure,154.7,69.8
L,63.31,0.85,94.06,13.0,1959.9,1133.35,9.15,0,No Failure,153.8,69.5
M,75.25,2.72,86.53,14.0,2029.13,1076.51,0.9,0,No Failure,186.1,80.9
L,67.97,2.0,69.65,17.0,1807.36,1161.78,4.24,0,No Failure,185.9,80.8
M,81.66,1.93,73.22,11.0,1726.36,1247.51,6.05,0,No Failure,155.1,69.9
M,75.79,3.06,73.71,15.0,1927.32,1354.0,6.73,0,No Failure,185.8,80.8
L,71.08,3.86,108.04,16.0,2172.12,1258.93,0.89,0,No Failure,140.3,64.7
M,70.51,0.54,89.35,15.0,1936.52,1184.66,7.96,0,No Failure,177.5,77.9
L,77.27,1.99,84.94,14.0,1308.78,1544.57,8.85,0,No Failure,138.4,64.0
M,68.83,4.35,65.04,18.0,2112.15,983.9,3.37,0,No Failure,147.0,67.1
L,67.97,0.93,98.14,15.0,2072.57,887.93,14.772,0,No Failure,148.0,67.4
L,70.14,3.18,90.69,16.0,2213.03,1035.79,2.12,0,No Failure,176.7,77.6
M,60.34,2.61,69.47,13.0,2272.68,1302.63,1.68,0,No Failure,159.2,71.4
L,56.38,5.79,80.1,16.0,1708.61,1174.97,4.9,0,No Failure,164.2,73.2
L,67.12,3.44,100.67,12.0,1660.93,1501.98,7.16,1,High-Torque Shaft Fatigue,2.5,21.8
L,66.3,3.09,100.4,17.0,1971.26,1334.08,1.85,0,No Failure,168.6,74.7
L,78.38,3.68,111.12,13.0,1831.12,1026.11,2.8,0,No Failure,145.4,66.5
M,66.59,3.34,62.95,16.0,1382.1,1238.09,6.55,0,No Failure,166.1,73.8
M,66.84,2.21,69.16,14.0,2077.32,1125.86,7.29,0,No Failure,181.7,79.4
L,58.9,1.38,96.01,17.0,2226.42,1186.27,4.23,1,Stator Insulation Thermal Fault,13.3,23.9
H,63.86,4.84,77.83,17.0,2249.58,947.84,10.1,0,No Failure,130.1,61.1
H,70.16,4.36,77.99,17.0,1808.29,1198.2,3.97,0,No Failure,192.5,83.2
L,64.51,2.87,76.29,16.0,1946.31,956.1,2.57,0,No Failure,189.5,82.1
H,71.71,2.32,86.72,15.0,1950.04,1292.36,1.55,0,No Failure,192.1,83.0
L,68.53,3.63,82.53,11.0,2069.49,1333.94,6.32,0,No Failure,179.8,78.7
H,65.63,0.71,81.715,15.0,2211.12,1277.8,4.7,0,No Failure,175.9,77.3
L,67.26,1.27,67.71,13.0,1940.77,1384.51,6.99,0,No Failure,163.9,73.0
M,61.0,2.36,98.05,12.0,2099.78,1197.33,2.95,0,No Failure,166.3,73.9
M,85.96,3.22,83.46,16.0,2127.34,1893.461,6.0,0,No Failure,165.9,73.8
M,70.88,3.36,65.62,18.0,2198.54,1343.23,8.42,0,No Failure,140.7,64.8
L,56.07,4.0,87.02,13.0,2004.16,1341.44,1.64,0,No Failure,159.3,71.4
M,71.45,1.8,93.32,17.0,1713.13,1161.78,5.36,0,No Failure,176.8,77.6
M,64.48,3.82,81.15,16.0,2007.45,924.15,0.98,0,No Failure,162.4,72.5
M,77.33,3.65,63.91,15.0,1589.58,1455.92,4.11,0,No Failure,157.0,70.6
L,67.11,1.94,84.93,13.0,1685.56,796.83,2.67,0,No Failure,169.8,75.1
L,58.76,4.3,80.08,12.0,1784.48,1168.71,2.71,0,No Failure,179.7,78.6
M,69.56,2.73,90.99,15.0,2184.49,1322.48,3.93,0,No Failure,190.2,82.4
M,63.67,3.48,82.39,19.0,1970.35,1313.74,0.0,0,No Failure,159.4,71.5
H,61.99,1.62,95.61,14.0,2196.83,989.17,0.0,0,No Failure,141.4,65.1
M,74.14,1.38,60.37,14.0,1872.6,1488.26,4.69,0,No Failure,155.3,70.0
L,65.64,3.21,76.77,12.0,1544.97,1086.83,0.42,0,No Failure,173.2,76.3
H,59.64,4.64,86.06,12.0,1567.49,1035.39,5.17,0,No Failure,160.1,71.7
L,52.28,1.54,89.82,15.0,1633.28,1047.86,1.59,0,No Failure,151.3,68.6
L,74.69,2.06,120.399,19.0,1606.24,1221.76,4.61,0,No Failure,159.0,71.3
L,75.59,4.96,91.31,13.0,1904.81,1424.35,4.39,0,No Failure,161.5,72.2
L,72.1,4.23,98.65,14.0,2182.32,1003.4,3.08,0,No Failure,158.5,71.1
M,61.0,4.79,80.36,10.0,1988.24,991.45,3.49,0,No Failure,154.8,69.8
L,56.24,0.5,103.63,14.0,1437.18,941.77,2.87,0,No Failure,119.4,57.3
M,82.09,1.08,79.49,14.0,1837.16,1649.86,4.4,0,No Failure,144.7,66.3
M,64.6,2.73,58.24,17.0,2503.2,1309.36,1.32,0,No Failure,130.2,61.1
M,66.43,2.87,76.63,16.0,1903.97,938.29,8.18,0,No Failure,181.0,79.1
M,67.83,4.27,85.87,16.0,2101.36,1225.07,7.31,0,No Failure,183.1,79.9
L,69.66,2.91,82.94,19.0,1902.93,883.03,1.47,0,No Failure,171.5,75.8
L,72.15,3.08,94.14,12.0,1804.06,1302.38,6.8,0,No Failure,174.5,76.8
M,63.28,3.07,87.86,13.0,1688.44,1594.89,1.04,1,High-Torque Shaft Fatigue,7.2,25.6
L,55.21,1.68,87.0,17.0,1985.6,1200.06,6.93,0,No Failure,160.7,71.9
M,69.9,3.6,64.36,20.0,1900.47,1105.72,0.0,0,No Failure,139.1,64.3
L,75.06,4.01,72.61,13.0,1754.99,1019.52,3.94,0,No Failure,175.3,77.1
L,62.05,4.49,81.87,17.0,1850.3,1097.08,4.59,0,No Failure,183.8,80.1
M,59.0,3.72,93.79,15.0,1807.81,1231.74,3.39,0,No Failure,186.3,81.0
L,70.71,4.65,89.75,16.0,1779.66,1196.46,1.06,0,No Failure,175.2,77.1
M,56.7,3.26,78.91,13.0,2050.46,1066.8,8.5,0,No Failure,164.3,73.2
L,70.51,4.76,80.77,12.0,2098.56,1474.51,0.17,1,High-Torque Shaft Fatigue,10.7,21.9
M,68.65,1.97,82.09,14.0,2333.43,1083.39,0.0,0,No Failure,173.3,76.4
H,62.59,3.51,86.57,14.0,1850.8,1242.05,0.0,0,No Failure,184.9,80.5
L,72.88,2.08,108.31,14.0,1656.19,1175.69,7.27,0,No Failure,162.5,72.6
L,71.42,1.43,89.32,14.0,1460.25,1069.76,3.28,0,No Failure,171.5,75.7
L,57.56,0.5,108.85,18.0,1818.72,1281.65,6.26,0,No Failure,120.7,57.7
M,65.64,-1.438,84.69,14.0,2164.07,1137.14,6.73,0,No Failure,198.1,85.1
L,62.11,3.65,81.94,11.0,1519.09,1018.64,4.81,0,No Failure,170.1,75.2
M,60.62,2.0,82.66,12.0,1720.72,1199.1,1.0,0,No Failure,174.2,76.7
L,67.25,3.89,81.48,9.0,1811.91,1684.17,2.28,1,High-Torque Shaft Fatigue,2.8,21.9
L,65.83,0.5,78.53,13.0,2159.47,1135.08,6.63,0,No Failure,166.0,73.8
L,73.81,1.73,97.47,14.0,683.517,1159.86,5.81,0,No Failure,182.0,79.5
H,66.88,4.74,67.16,15.0,1981.47,1068.27,2.01,0,No Failure,171.3,75.7
L,78.48,3.09,94.52,13.0,1745.27,1043.1,8.58,0,No Failure,160.0,71.7
L,51.02,3.45,74.19,14.0,1717.47,954.82,2.43,0,No Failure,158.5,71.2
L,70.78,1.84,102.33,13.0,1995.04,1686.48,1.37,1,High-Torque Shaft Fatigue,3.2,15.0
M,66.67,2.82,79.36,19.0,2149.07,1426.12,3.12,0,No Failure,166.9,74.1
L,58.8,1.72,91.17,12.0,1748.08,1651.71,0.88,1,High-Torque Shaft Fatigue,7.8,15.0
M,58.92,2.92,100.06,16.0,1779.78,1513.57,3.66,0,No Failure,162.7,72.6
L,78.8,3.05,79.38,14.0,1563.52,1041.08,3.27,0,No Failure,182.2,79.5
L,72.89,4.44,79.29,14.0,1799.48,1130.3,6.13,0,No Failure,194.0,83.7
L,86.62,3.91,85.11,14.0,2182.85,980.42,4.31,0,No Failure,162.0,72.4
L,59.78,2.28,76.48,17.0,2085.59,912.76,5.24,0,No Failure,161.2,72.1
L,76.89,2.61,76.39,14.0,1807.96,1191.29,8.67,0,No Failure,185.0,80.5
L,74.98,1.63,78.3,16.0,1842.78,1003.39,4.83,0,No Failure,185.3,80.6
M,74.28,1.91,76.25,16.0,1978.54,1386.83,6.48,0,No Failure,171.6,75.8
M,69.12,4.45,69.17,15.0,1555.2,1563.6,6.02,0,No Failure,154.0,69.5
H,61.32,4.65,84.78,14.0,683.517,1227.71,3.09,0,No Failure,188.5,81.8
M,70.26,2.44,74.09,13.0,2282.17,1036.59,4.05,0,No Failure,182.9,79.8
L,75.96,2.46,79.86,16.0,1728.28,1236.6,4.39,0,No Failure,201.2,86.2
M,74.71,3.22,66.11,12.0,1439.49,1432.98,5.82,0,No Failure,145.8,66.6
H,73.11,5.22,59.96,18.0,2162.29,1617.7,3.57,0,No Failure,105.5,52.4
L,67.97,3.71,74.33,14.0,2421.84,1241.79,8.6,0,No Failure,168.4,74.6
M,60.81,7.148,79.12,14.0,1908.16,906.44,4.94,0,No Failure,186.5,81.1
M,58.79,2.84,97.47,14.0,2020.46,1283.65,8.35,0,No Failure,168.9,74.8
M,55.48,1.96,83.3,16.0,1885.1,1261.83,2.54,0,No Failure,177.8,78.0
L,72.39,2.5,82.68,17.0,2020.83,921.97,2.75,0,No Failure,178.8,78.3
H,81.27,0.81,90.02,12.0,1535.96,824.37,6.58,0,No Failure,119.6,57.4
M,63.48,2.49,84.16,14.0,1422.7,1233.45,7.53,0,No Failure,178.1,78.1
L,75.6,3.5,79.56,12.0,1978.98,1174.39,7.26,0,No Failure,183.3,79.9
L,68.87,2.56,93.95,12.0,2132.69,1234.98,3.76,0,No Failure,186.1,80.9
H,58.31,2.48,43.151,17.0,1275.92,940.55,7.38,0,No Failure,133.0,62.1
M,74.45,3.18,75.8,17.0,1470.24,917.03,3.24,0,No Failure,162.0,72.4
M,60.49,3.16,78.19,10.0,1480.02,1558.35,2.71,1,High-Torque Shaft Fatigue,1.7,20.3
L,57.73,2.88,85.6,17.0,1319.87,983.22,2.0,0,No Failure,140.3,64.7
H,68.6,1.89,87.93,14.0,1722.62,812.48,0.0,0,No Failure,160.5,71.9
L,69.67,2.71,99.04,12.0,1668.3,1144.26,0.0,0,No Failure,167.2,74.2
L,69.19,1.57,86.31,15.0,1761.88,1188.73,3.01,0,No Failure,201.3,86.3
M,75.68,3.59,68.67,16.0,2036.21,1231.44,5.73,0,No Failure,171.1,75.6
L,67.97,1.17,77.33,16.0,1898.52,1574.16,1.93,0,No Failure,160.2,71.8
L,72.16,2.21,57.95,14.0,1683.39,1343.42,4.39,0,No Failure,174.1,76.7
M,63.53,4.21,98.35,13.0,2097.62,1240.47,0.53,0,No Failure,150.3,68.2
M,57.01,5.7,72.86,16.0,1861.12,1011.8,0.01,0,No Failure,130.5,61.2
M,70.69,1.16,68.66,14.0,1028.59,1028.28,7.36,0,No Failure,146.2,66.8
L,61.03,2.71,97.14,23.0,2195.06,1087.78,6.04,0,No Failure,175.7,77.2
H,74.5,2.98,68.12,12.0,2311.27,1094.8,2.65,0,No Failure,157.9,70.9
M,76.29,2.01,76.57,15.0,2033.9,1093.1,4.34,0,No Failure,187.4,81.4
M,61.75,2.89,120.399,19.0,2016.63,980.14,5.4,0,No Failure,171.5,75.7
H,61.71,1.88,105.46,17.0,2198.91,1243.1,8.64,0,No Failure,130.3,61.1
L,69.7,3.37,71.89,15.0,2210.43,1270.4,5.82,0,No Failure,187.8,81.5
H,80.75,2.55,82.35,17.0,1719.62,1098.01,5.23,0,No Failure,182.3,79.6
M,69.28,1.81,71.03,23.0,1963.79,996.02,0.54,0,No Failure,166.9,74.1
H,72.43,0.91,75.24,17.0,1869.17,1006.41,5.63,0,No Failure,166.9,74.1
M,81.2,2.52,89.87,13.0,2367.7,1007.53,5.9,0,No Failure,151.5,68.7
M,61.35,1.13,98.06,16.0,1395.1,1225.4,0.98,0,No Failure,135.3,62.9
H,81.92,1.11,78.29,17.0,2113.76,1308.75,2.61,0,No Failure,145.2,66.4
M,82.52,1.52,75.33,13.0,1275.95,1271.11,6.72,0,No Failure,141.2,65.0
H,67.95,7.148,67.25,11.0,1828.29,644.47,7.07,1,High-Torque Shaft Fatigue,6.2,27.6
L,62.62,3.17,85.85,16.0,1568.32,1307.67,1.27,0,No Failure,179.2,78.5
M,76.26,2.75,99.4,14.0,2215.02,1295.87,0.24,1,Stator Insulation Thermal Fault,9.4,25.0
M,60.38,2.4,89.02,16.0,3021.596,1377.53,1.22,0,No Failure,167.9,74.5
L,73.69,2.25,81.19,14.0,1638.55,1162.0,6.28,0,No Failure,197.8,85.1
H,67.83,3.37,90.43,13.0,943.96,1348.83,4.97,0,No Failure,159.9,71.6
M,70.57,4.16,90.51,10.0,2081.62,1155.74,-5.802,0,No Failure,167.6,74.4
M,49.68,0.65,91.39,15.0,2157.89,1198.65,0.24,0,No Failure,129.1,60.7
M,39.666,5.29,75.93,13.0,1822.75,997.98,10.34,0,No Failure,151.8,68.8
M,73.76,4.58,88.15,14.0,1486.39,1123.38,4.0,0,No Failure,179.5,78.6
H,63.09,5.21,81.93,14.0,2282.33,1563.94,6.26,0,No Failure,149.2,67.8
L,70.8,1.74,91.33,14.0,1845.21,1012.15,0.0,0,No Failure,169.6,75.1
L,57.69,1.81,93.84,14.0,2418.93,1344.48,6.65,0,No Failure,147.2,67.1
H,80.79,3.31,87.79,15.0,1441.14,1314.02,6.16,0,No Failure,168.5,74.7
M,71.49,3.15,72.02,18.0,1996.06,1003.37,1.8,0,No Failure,161.5,72.2
H,71.32,3.81,72.79,23.0,1471.48,1244.09,1.12,0,No Failure,152.6,69.0
M,79.76,4.62,86.32,16.0,1800.74,889.46,3.84,1,Planetary Gearbox Overheat,2.3,26.5
L,55.33,4.03,78.6,16.0,1482.02,1125.28,0.0,0,No Failure,152.5,69.0
H,60.2,4.74,101.72,11.0,1830.38,1217.89,5.05,0,No Failure,150.0,68.1
M,78.83,0.93,63.74,15.0,1490.41,1267.1,3.53,0,No Failure,146.9,67.0
H,66.93,3.05,95.17,10.0,2205.12,996.3,7.27,0,No Failure,147.7,67.3
M,70.93,1.89,90.9,15.0,1438.99,1213.51,8.34,0,No Failure,167.5,74.3
H,62.9,3.26,43.151,16.0,2422.98,914.95,0.0,0,No Failure,147.5,67.2
M,74.11,2.84,84.58,15.0,1517.55,1343.63,5.0,0,No Failure,193.9,83.7
L,71.76,1.96,85.73,14.0,1834.39,1029.02,6.81,0,No Failure,191.8,82.9
M,62.56,3.88,43.151,13.0,2170.82,1029.79,4.63,0,No Failure,179.9,78.7
L,71.35,0.6,92.49,16.0,1763.32,1077.75,3.17,0,No Failure,170.1,75.2
H,57.05,3.04,105.83,23.0,1669.7,1265.07,1.59,0,No Failure,143.9,66.0
L,62.36,2.11,83.71,16.0,1674.18,1527.33,5.1,0,No Failure,174.8,76.9
H,71.94,2.92,83.44,16.0,1749.53,1070.58,6.14,0,No Failure,201.0,86.2
L,66.22,0.5,86.88,16.0,2140.24,1286.81,4.33,0,No Failure,171.5,75.7
L,73.87,4.48,84.83,13.0,1575.31,1060.58,0.79,0,No Failure,161.5,72.2
H,63.16,2.22,74.46,14.0,2109.55,1073.66,0.4,0,No Failure,170.0,75.2
L,73.07,2.52,93.95,15.0,1839.89,775.09,6.61,0,No Failure,169.5,75.0
H,68.75,2.54,75.8,11.0,2013.38,1192.99,7.73,0,No Failure,180.8,79.0
M,61.14,1.91,90.0,14.0,1730.08,1057.23,3.77,0,No Failure,187.3,81.4
L,84.59,2.97,90.74,17.0,1608.33,1088.06,5.33,0,No Failure,159.6,71.5
M,60.05,2.38,72.1,15.0,2414.37,1176.66,6.27,0,No Failure,169.9,75.2
L,96.271,3.34,90.75,21.0,1839.98,1274.51,4.57,0,No Failure,171.9,75.9
L,73.71,1.4,88.95,16.0,1709.55,648.98,4.96,0,No Failure,149.1,67.8
L,47.84,0.69,99.99,11.0,1364.58,1269.8,2.93,0,No Failure,99.8,50.3
M,78.49,4.74,85.6,15.0,2042.16,974.07,1.97,0,No Failure,155.5,70.1
L,60.91,3.49,88.62,16.0,1617.48,1116.59,2.82,0,No Failure,177.2,77.8
L,61.49,2.4,84.68,14.0,2039.5,1053.06,7.77,0,No Failure,184.0,80.2
L,70.57,2.73,86.72,18.0,2096.76,1463.34,6.37,0,No Failure,167.0,74.2
L,63.04,4.58,90.73,15.0,1792.09,1279.36,5.42,0,No Failure,181.4,79.3
L,58.32,3.05,89.92,12.0,1915.24,1231.68,3.48,0,No Failure,181.4,79.2
M,62.36,1.62,72.15,15.0,2290.71,914.44,0.0,0,No Failure,138.6,64.1
L,60.8,2.37,90.2,13.0,1751.81,1321.18,5.26,0,No Failure,183.7,80.1
L,39.666,5.11,75.52,15.0,1395.64,1627.02,9.27,0,No Failure,122.5,58.4
L,59.31,4.89,83.94,9.0,1821.86,1243.62,0.0,0,No Failure,140.4,64.7
L,69.22,2.74,63.32,11.0,2043.06,1488.58,5.33,1,High-Torque Shaft Fatigue,4.0,25.8
M,69.47,5.68,62.98,15.0,1928.41,1016.88,7.06,0,No Failure,153.2,69.2
L,73.92,1.15,84.87,13.0,1812.11,1216.57,10.01,0,No Failure,168.2,74.6
H,82.48,3.6,79.5,14.0,1769.8,1222.71,5.73,0,No Failure,185.9,80.9
L,62.59,-1.438,72.47,15.0,2419.17,988.04,4.25,0,No Failure,168.6,74.7
M,65.17,3.17,96.23,13.0,1827.13,1139.78,3.25,0,No Failure,192.6,83.2
L,57.21,1.58,94.55,15.0,1456.45,845.96,5.31,0,No Failure,142.9,65.6
L,74.07,3.08,78.0,12.0,1510.18,1236.41,2.38,0,No Failure,180.4,78.9
M,59.83,2.12,60.08,17.0,1704.2,1129.17,8.64,0,No Failure,140.6,64.8
M,70.76,1.48,93.65,16.0,1502.15,1012.88,4.56,0,No Failure,169.3,75.0
H,64.84,3.94,85.66,13.0,1948.74,1273.1,9.7,0,No Failure,171.7,75.8
M,73.13,3.23,93.99,17.0,1833.1,1194.51,5.59,0,No Failure,188.7,81.8
H,45.54,3.49,92.38,18.0,1863.72,1179.31,1.25,0,No Failure,139.7,64.5
L,54.51,0.81,65.47,16.0,2190.29,1063.76,11.07,0,No Failure,108.2,53.3
L,72.82,1.49,87.69,12.0,2005.77,1028.32,4.61,0,No Failure,177.3,77.8
H,67.36,4.55,95.54,12.0,2053.0,723.63,1.75,0,No Failure,132.2,61.8
L,61.99,0.5,81.27,13.0,1864.48,1390.08,3.14,0,No Failure,167.4,74.3
L,69.07,3.96,80.13,15.0,2053.56,1237.73,6.62,0,No Failure,194.3,83.8
M,73.47,3.53,93.74,16.0,1998.29,1563.8,5.78,0,No Failure,158.9,71.3
L,69.19,4.53,83.13,15.0,2127.03,1255.44,1.87,0,No Failure,185.1,80.6
H,71.8,1.53,57.14,16.0,2525.61,1177.73,4.59,0,No Failure,135.5,63.0
L,61.28,4.73,73.35,13.0,2576.75,1129.75,2.25,0,No Failure,140.3,64.7
M,70.64,1.86,99.9,12.0,2850.0,1082.73,6.74,1,Stator Insulation Thermal Fault,13.0,15.2
H,79.68,2.15,78.99,10.0,2051.19,1401.46,6.47,0,No Failure,145.7,66.6
M,62.29,0.6,80.36,18.0,1056.96,1092.08,5.67,0,No Failure,136.7,63.4
H,65.17,1.42,74.63,17.0,1894.6,1046.66,5.48,0,No Failure,176.0,77.3
L,57.99,3.98,52.0,16.0,2167.09,1131.24,1.87,0,No Failure,130.6,61.3
H,70.94,2.44,89.14,16.0,2783.69,1349.68,4.59,0,No Failure,158.0,71.0
H,65.09,0.54,97.68,11.0,1772.31,1373.26,11.21,0,No Failure,114.6,55.6
L,68.23,3.15,81.31,14.0,1912.35,1119.63,7.36,0,No Failure,214.9,91.1
M,73.86,4.19,89.51,11.0,1788.39,1197.87,6.12,0,No Failure,172.7,76.2
M,86.87,5.55,96.38,19.0,2007.5,1232.6,4.16,1,Planetary Gearbox Overheat,1.7,12.2
L,60.03,3.26,89.0,18.0,2100.79,1172.4,3.82,0,No Failure,175.3,77.1
H,78.69,3.73,81.715,16.0,1705.9,1210.39,3.36,0,No Failure,188.3,81.7
M,75.48,3.48,73.27,15.0,2075.26,1013.54,1.11,0,No Failure,164.8,73.4
L,79.32,3.47,91.04,14.0,2279.87,1177.905,4.0,0,No Failure,176.4,77.5
H,76.09,4.24,102.61,14.0,1963.25,1300.73,14.772,0,No Failure,151.1,68.5
L,70.97,1.67,93.48,10.0,2221.89,927.71,3.36,0,No Failure,140.4,64.7
L,66.89,1.59,73.52,12.0,1256.61,1043.17,7.75,0,No Failure,144.6,66.2
M,63.82,3.94,85.64,14.0,1958.6,1219.06,5.48,0,No Failure,197.7,85.0
H,71.07,3.55,82.91,13.0,1531.39,1064.0,4.31,0,No Failure,194.5,83.9
M,71.74,0.83,88.11,17.0,1568.43,1109.87,0.72,0,No Failure,151.8,68.8
H,69.04,2.83,71.91,18.0,1043.87,1120.84,5.51,0,No Failure,159.6,71.5
M,58.82,2.92,78.93,13.0,2292.09,1055.3,6.93,0,No Failure,170.5,75.4
M,51.81,2.54,86.95,15.0,1988.97,1218.84,2.2,0,No Failure,177.9,78.0
M,96.271,2.65,98.94,15.0,1468.58,1406.43,8.64,0,No Failure,156.5,70.4
L,65.26,3.42,78.62,12.0,1351.45,1274.32,0.0,0,No Failure,158.5,71.2
L,63.47,4.12,57.31,16.0,1425.76,1078.21,6.72,0,No Failure,141.7,65.2
H,71.67,4.74,87.75,11.0,2291.63,1079.03,5.29,0,No Failure,155.9,70.2
M,75.86,3.89,80.6,12.0,1625.08,1419.66,7.09,0,No Failure,156.2,70.3
M,71.25,2.03,64.45,13.0,1033.78,1013.35,6.39,0,No Failure,136.7,63.4
L,53.78,1.77,68.61,14.0,2273.67,1177.905,7.23,0,No Failure,134.1,62.5
L,77.43,1.48,73.28,9.0,2287.43,1494.1,0.62,1,High-Torque Shaft Fatigue,2.1,6.8
L,74.54,4.28,58.45,12.0,2040.6,990.59,2.57,0,No Failure,138.5,64.1
H,52.37,4.68,64.27,14.0,1704.86,1309.18,6.6,0,No Failure,140.9,64.9
L,63.03,2.55,100.81,15.0,2172.07,754.84,6.29,0,No Failure,144.8,66.3
L,68.21,4.44,95.82,18.0,1853.03,1163.89,4.5,0,No Failure,182.3,79.6
H,75.81,3.22,107.35,13.0,1845.55,1458.35,6.94,0,No Failure,150.7,68.4
M,46.39,1.3,67.9,18.0,1443.05,1436.14,5.12,0,No Failure,104.8,52.1
M,59.53,3.31,80.98,12.0,1313.06,867.06,1.59,0,No Failure,146.8,67.0
L,66.91,4.06,91.59,17.0,1669.23,1198.91,2.98,0,No Failure,182.2,79.5
M,65.68,2.96,88.2,13.0,1676.68,1432.24,5.4,0,No Failure,187.0,81.2
L,77.68,1.75,85.83,19.0,1752.0,858.08,7.27,0,No Failure,134.1,62.5
H,63.55,3.86,80.08,13.0,1793.98,1128.5,4.48,0,No Failure,202.0,86.5
H,60.49,2.26,67.76,15.0,1562.42,1344.95,3.63,0,No Failure,170.1,75.2
L,69.24,2.93,91.86,12.0,1616.47,1239.38,3.84,0,No Failure,192.5,83.2
L,79.28,2.19,66.46,14.0,1772.24,1033.45,8.73,0,No Failure,152.9,69.2
L,60.88,1.93,66.91,14.0,2093.53,1130.61,6.5,0,No Failure,171.7,75.8
L,79.67,2.22,100.98,16.0,1542.53,1062.56,2.55,0,No Failure,148.4,67.6
H,65.48,4.69,81.715,13.0,2198.88,1231.89,7.12,0,No Failure,163.1,72.8
H,67.23,3.99,74.78,13.0,2064.92,1152.27,1.72,0,No Failure,182.6,79.7
L,68.69,3.75,68.64,17.0,1308.5,1268.47,3.32,0,No Failure,162.7,72.6
M,50.15,3.49,70.33,14.0,1825.27,1127.44,0.0,0,No Failure,157.5,70.8
H,61.36,4.45,63.24,13.0,1600.53,938.55,1.83,0,No Failure,139.0,64.2
M,63.99,2.38,87.45,12.0,2258.14,1516.37,0.0,1,High-Torque Shaft Fatigue,5.3,19.5
M,54.02,4.04,81.8,14.0,2535.99,1378.16,5.24,0,No Failure,151.0,68.5
M,68.89,4.29,67.82,17.0,1740.7,960.56,8.18,0,No Failure,151.5,68.7
M,70.88,2.11,82.5,18.0,2558.16,1212.49,4.62,0,No Failure,168.2,74.6
L,82.04,2.39,77.52,11.0,1930.21,1236.37,8.36,0,No Failure,155.6,70.1
M,63.86,2.72,86.53,15.0,2181.54,1602.41,5.19,0,No Failure,175.6,77.2
M,75.22,1.84,90.32,15.0,1354.16,908.25,3.51,0,No Failure,153.6,69.4
M,60.95,1.62,74.46,15.0,2210.92,1162.43,5.55,0,No Failure,179.1,78.4
L,64.13,3.22,93.01,17.0,1619.5,1353.44,6.02,0,No Failure,170.6,75.4
L,60.5,2.2,80.08,9.0,2321.38,1111.06,2.58,0,No Failure,148.8,67.7
L,63.03,0.96,77.47,16.0,2380.56,1252.2,2.7,0,No Failure,157.5,70.8
M,61.73,5.48,63.53,17.0,1703.91,1114.01,5.33,0,No Failure,147.3,67.2
M,71.11,2.34,86.44,14.0,1650.73,1077.05,9.48,0,No Failure,176.9,77.7
M,71.39,2.14,97.52,17.0,1828.23,1209.52,3.73,0,No Failure,185.4,80.7
L,58.56,3.25,82.35,20.0,1871.48,875.76,7.36,0,No Failure,147.1,67.1
M,73.05,2.94,93.89,17.0,1715.92,1208.45,3.66,0,No Failure,188.6,81.8
H,68.38,1.45,81.65,13.0,1786.37,1183.79,2.26,0,No Failure,197.9,85.1
L,72.06,2.81,88.88,17.0,1200.92,1379.15,3.27,0,No Failure,157.5,70.8
L,68.63,5.67,72.88,14.0,1572.19,1140.22,2.25,0,No Failure,166.8,74.1
M,65.1,0.8,69.04,12.0,1671.36,1172.12,6.76,0,No Failure,162.1,72.4
H,69.0,1.11,74.12,17.0,1491.26,1102.91,4.6,0,No Failure,168.7,74.8
L,68.2,4.42,86.43,11.0,1586.14,893.13,7.08,0,No Failure,152.3,68.9
L,69.76,3.4,79.79,19.0,1702.56,1199.52,4.9,0,No Failure,189.5,82.1
L,66.82,1.32,101.65,13.0,1365.01,1350.16,6.08,0,No Failure,145.3,66.5
M,58.29,1.38,72.06,16.0,2015.66,1177.3,1.5,0,No Failure,164.4,73.2
H,65.63,1.87,92.84,13.0,1678.4,1300.93,4.74,0,No Failure,186.1,80.9
M,76.45,4.22,56.71,17.0,1838.85,1210.85,-5.802,0,No Failure,156.5,70.4
L,77.52,7.148,81.56,12.0,1798.79,1363.41,5.3,0,No Failure,173.9,76.6
M,65.85,-1.438,112.02,14.0,1955.24,1180.23,8.24,0,No Failure,172.3,76.0
M,74.97,4.32,101.92,15.0,2226.65,1382.0,0.93,1,Stator Insulation Thermal Fault,3.6,16.9
M,65.51,4.41,75.24,16.0,1340.41,1208.14,4.94,0,No Failure,176.1,77.4
H,63.81,1.19,75.52,13.0,1610.28,1176.98,0.45,0,No Failure,167.8,74.4
H,48.67,2.41,91.8,13.0,1754.48,1066.58,1.09,0,No Failure,148.0,67.4
M,70.17,1.95,70.06,14.0,1824.03,1445.4,6.52,0,No Failure,177.9,78.0
L,59.07,3.71,84.45,17.0,1420.06,1379.01,2.81,0,No Failure,153.8,69.5
M,60.99,2.97,72.42,14.0,1456.24,1257.09,2.83,0,No Failure,178.2,78.1
M,78.9,3.01,76.85,13.0,1500.98,1321.14,2.02,0,No Failure,169.0,74.8
M,61.58,4.03,70.93,12.0,2301.31,1433.5,0.98,0,No Failure,133.7,62.4
L,58.93,2.43,67.16,12.0,1587.3,1279.06,0.55,0,No Failure,148.2,67.5
H,67.27,3.02,76.85,15.0,1505.93,1379.66,4.57,0,No Failure,197.9,85.1
M,78.03,2.94,81.33,13.0,2118.4,1107.94,4.84,0,No Failure,192.8,83.3
L,60.55,3.83,120.399,9.0,1651.78,927.79,3.65,0,No Failure,152.5,69.0
M,75.52,1.75,83.81,15.0,1978.53,1039.2,0.17,0,No Failure,171.0,75.6
M,68.79,3.49,58.79,12.0,1579.28,1305.31,0.0,0,No Failure,143.8,65.9
M,50.36,5.62,117.66,8.0,2340.85,1335.08,6.59,0,No Failure,77.7,42.5
M,75.43,2.96,76.76,16.0,1925.96,1429.32,4.85,0,No Failure,188.1,81.6
L,68.45,3.67,73.16,15.0,2375.49,1277.86,4.84,0,No Failure,182.6,79.7
L,65.68,2.8,76.56,16.0,1469.9,1110.94,11.48,0,No Failure,164.3,73.2
L,39.666,5.61,86.17,6.0,1378.56,1184.58,7.62,0,No Failure,155.1,69.9
M,77.37,0.71,75.9,12.0,1781.04,902.44,4.83,0,No Failure,151.2,68.5
H,63.52,3.41,80.64,13.0,1953.05,1094.08,5.12,0,No Failure,204.2,87.3
M,80.54,3.63,72.86,16.0,1778.91,1117.09,2.14,0,No Failure,171.4,75.7
L,61.7,4.02,61.94,12.0,1709.59,1480.31,8.63,1,High-Torque Shaft Fatigue,7.1,12.1
H,87.83,0.5,92.85,13.0,2200.34,1268.4,4.62,0,No Failure,130.7,61.3
M,70.81,0.85,88.39,11.0,1997.41,1317.3,4.83,0,No Failure,161.1,72.0
M,77.51,3.74,72.31,16.0,1815.26,1152.68,0.19,0,No Failure,168.1,74.6
L,70.55,1.32,99.52,15.0,1700.08,1175.93,0.0,0,No Failure,160.9,72.0
L,71.29,1.51,87.44,14.0,1878.88,1488.42,6.21,0,No Failure,176.8,77.6
H,61.63,3.25,78.21,17.0,1888.46,1106.35,5.79,0,No Failure,190.1,82.3
M,77.06,3.04,90.55,13.0,1803.09,913.44,4.59,0,No Failure,181.2,79.2
L,76.06,4.08,88.3,13.0,1482.34,1180.8,3.87,0,No Failure,173.4,76.4
M,76.21,3.57,78.93,15.0,1636.03,1000.52,2.2,0,No Failure,180.2,78.8
L,58.03,2.78,78.86,15.0,2134.21,1177.905,1.58,0,No Failure,179.1,78.4
M,44.94,2.15,84.87,13.0,2486.13,1350.11,4.09,0,No Failure,139.1,64.3
H,69.75,4.37,74.77,14.0,1835.49,1234.33,9.43,0,No Failure,176.8,77.6
L,76.17,2.59,98.57,15.0,2108.71,794.37,7.59,0,No Failure,142.9,65.6
H,70.97,2.76,70.42,16.0,1429.89,824.75,3.57,0,No Failure,158.8,71.2
M,60.06,2.54,120.399,15.0,1505.4,1237.89,3.68,0,No Failure,183.1,79.9
M,73.84,3.92,102.69,16.0,1849.85,958.33,4.34,0,No Failure,166.7,74.1
H,62.68,2.53,91.24,15.0,1801.54,729.63,6.49,0,No Failure,165.7,73.7
L,96.271,2.51,57.01,16.0,1648.25,1392.55,5.77,0,No Failure,133.3,62.2
L,72.21,3.84,72.76,14.0,1878.14,858.59,4.95,0,No Failure,178.0,78.0
L,60.88,3.64,62.68,13.0,1635.1,1473.27,0.0,0,No Failure,134.0,62.4
L,64.2,0.5,74.19,15.0,1534.71,1100.45,2.31,0,No Failure,161.8,72.3
L,59.68,4.44,116.07,11.0,2171.05,1191.03,4.0,0,No Failure,130.6,61.2
L,69.47,3.6,87.5,15.0,1880.56,1167.0,6.86,0,No Failure,203.2,87.0
M,75.0,0.85,72.59,13.0,2190.33,1263.34,4.02,0,No Failure,158.1,71.0
L,68.09,1.73,96.06,14.0,2221.57,1173.18,7.11,1,Stator Insulation Thermal Fault,4.5,31.8
M,66.36,3.03,79.54,8.0,1943.7,1602.61,7.83,1,High-Torque Shaft Fatigue,5.2,20.6
L,77.84,3.25,57.98,16.0,1950.37,763.77,4.71,0,No Failure,141.5,65.1
M,78.39,4.18,88.17,11.0,1688.35,1697.6,0.0,1,High-Torque Shaft Fatigue,5.7,10.3
M,65.09,4.48,73.22,14.0,1427.7,1120.43,5.15,0,No Failure,174.7,76.9
L,61.76,3.06,86.4,16.0,2294.04,1371.73,0.93,0,No Failure,164.7,73.3
H,82.52,1.61,98.15,16.0,2158.71,1519.77,5.88,0,No Failure,125.4,59.4
L,55.95,1.29,80.78,17.0,1647.4,1028.13,3.5,0,No Failure,159.9,71.6
M,83.13,2.32,59.7,16.0,1684.08,802.05,2.94,0,No Failure,127.1,60.0
M,73.39,2.95,84.64,17.0,1685.4,1422.56,2.79,0,No Failure,176.5,77.5
L,58.7,3.49,92.63,17.0,1990.45,1130.89,3.19,0,No Failure,169.8,75.1
M,39.666,2.96,81.02,13.0,2323.88,1637.16,0.65,0,No Failure,133.0,62.1
M,70.92,-1.438,70.9,11.0,2022.15,883.84,5.09,0,No Failure,168.6,74.7
H,76.49,1.73,75.89,17.0,1621.24,1275.49,0.0,0,No Failure,146.8,67.0
M,64.76,2.92,97.44,10.0,1348.42,1147.87,10.95,0,No Failure,113.3,55.1
L,67.04,3.21,95.97,13.0,1968.3,1014.48,0.0,0,No Failure,167.9,74.5
L,58.9,2.68,80.98,14.0,1644.11,905.29,3.89,0,No Failure,185.5,80.7
M,84.93,0.5,88.05,14.0,1946.45,1072.71,5.99,0,No Failure,154.5,69.7
M,64.36,1.9,86.3,12.0,1974.86,1082.68,7.62,0,No Failure,172.3,76.0
M,64.42,1.57,104.37,14.0,2540.09,1157.16,5.51,1,Stator Insulation Thermal Fault,9.5,22.1
L,73.61,2.01,82.65,14.0,1822.59,1584.13,3.71,0,No Failure,184.3,80.3
M,73.74,2.13,78.51,14.0,2320.56,1334.27,2.1,0,No Failure,171.7,75.8
H,66.3,4.14,89.46,18.0,2092.85,1164.48,6.61,0,No Failure,166.9,74.1
M,80.05,1.89,85.32,12.0,1430.97,1272.2,4.28,0,No Failure,162.8,72.6
M,78.99,0.5,86.29,16.0,2021.06,1426.75,4.47,0,No Failure,152.8,69.1
M,82.52,2.04,77.82,16.0,2254.46,906.87,0.77,0,No Failure,138.2,63.9
H,55.55,2.02,120.399,13.0,1756.45,1138.88,2.31,0,No Failure,161.7,72.3
L,69.77,-1.438,88.04,15.0,1956.83,1052.88,9.65,0,No Failure,166.9,74.1
M,64.64,1.87,85.76,6.0,1669.53,1238.34,0.0,0,No Failure,168.3,74.6
H,67.85,-1.438,62.55,16.0,1146.49,1260.84,6.3,0,No Failure,158.1,71.0
M,63.06,2.87,82.18,14.0,1972.83,1242.35,3.82,0,No Failure,217.2,91.9
L,63.24,1.46,86.04,16.0,1602.1,1519.61,6.31,0,No Failure,158.9,71.3
L,66.61,3.31,101.63,14.0,1369.77,1195.2,5.46,0,No Failure,177.6,77.9
M,65.02,0.5,82.59,15.0,2056.04,1243.73,2.05,0,No Failure,180.3,78.9
H,69.99,1.67,81.715,16.0,2374.93,1172.99,8.19,0,No Failure,164.7,73.3
L,67.65,3.87,68.76,14.0,1801.94,1150.02,5.67,0,No Failure,199.4,85.6
L,83.74,1.95,83.26,14.0,1790.23,1089.17,0.37,0,No Failure,164.6,73.3
L,59.53,1.8,82.66,17.0,1544.69,1254.15,6.4,0,No Failure,168.6,74.7
L,66.25,1.61,80.04,14.0,1352.77,1403.62,1.88,0,No Failure,168.8,74.8
L,75.83,2.36,71.94,15.0,1814.5,1288.36,6.1,0,No Failure,184.4,80.3
L,69.18,3.49,78.58,11.0,1435.45,1424.29,3.07,0,No Failure,163.4,72.9
L,73.25,1.52,82.02,15.0,1919.55,1408.21,5.59,0,No Failure,187.5,81.4
L,62.95,2.27,105.52,15.0,1639.33,1206.7,3.83,0,No Failure,174.4,76.8
L,62.71,2.65,63.44,14.0,1265.95,1315.04,4.59,0,No Failure,158.9,71.3
H,65.83,5.0,100.64,13.0,2036.99,1304.71,0.74,0,No Failure,143.3,65.8
H,66.58,4.05,83.46,12.0,2121.0,1065.3,2.53,0,No Failure,177.7,77.9
L,63.97,2.42,66.63,19.0,2309.6,1188.69,0.0,0,No Failure,136.1,63.2
L,84.81,3.9,80.19,12.0,1948.89,1292.21,1.68,0,No Failure,155.9,70.2
H,68.75,3.42,95.63,15.0,1402.5,1161.53,4.18,0,No Failure,192.5,83.2
M,63.86,3.39,79.95,14.0,1591.47,1191.2,4.54,0,No Failure,209.3,89.1
L,65.0,3.8,85.34,17.0,1990.53,1201.43,1.77,0,No Failure,181.1,79.1
M,68.69,2.57,90.15,23.0,1662.42,1248.58,6.3,0,No Failure,200.6,86.0
L,68.66,1.39,78.83,14.0,1409.37,986.99,6.03,0,No Failure,175.7,77.2
L,76.78,3.93,78.17,14.0,1757.57,1389.79,1.57,0,No Failure,170.8,75.5
L,61.27,1.64,85.2,18.0,2272.21,968.23,1.97,0,No Failure,144.8,66.3
H,96.271,3.27,79.86,17.0,2322.43,1310.18,4.93,0,No Failure,174.5,76.8
M,88.65,1.63,83.21,15.0,1592.55,1321.96,0.37,0,No Failure,142.1,65.3
H,63.82,3.84,75.39,15.0,1723.83,1172.39,1.85,0,No Failure,191.4,82.8
M,73.08,4.0,76.51,11.0,1343.87,1042.78,1.91,0,No Failure,145.1,66.4
M,65.68,3.15,70.72,16.0,1499.75,900.65,1.37,0,No Failure,161.1,72.1
M,64.22,2.59,72.01,13.0,2250.95,1237.16,6.43,0,No Failure,177.9,78.0
M,68.82,3.89,86.46,20.0,2065.29,1190.15,7.98,0,No Failure,162.8,72.7
L,71.35,6.31,80.39,10.0,2397.36,1414.13,10.13,0,No Failure,97.6,49.6
M,75.31,3.93,95.11,11.0,2069.68,1399.71,5.75,0,No Failure,147.1,67.1
H,74.01,4.04,65.23,14.0,1860.49,1079.51,4.42,0,No Failure,183.0,79.8
H,71.42,2.88,79.96,12.0,1907.01,1178.54,7.33,0,No Failure,199.6,85.7
M,46.15,1.68,94.14,16.0,1635.25,1036.17,2.92,0,No Failure,134.2,62.5
M,64.99,4.17,85.46,12.0,1789.31,1187.41,12.43,0,No Failure,161.0,72.0
L,63.6,0.77,66.67,14.0,1346.42,1058.59,5.87,0,No Failure,147.2,67.1
L,64.61,4.21,85.95,18.0,1844.4,1181.23,5.88,0,No Failure,183.4,79.9
L,55.62,2.76,74.91,15.0,1720.62,1247.3,4.74,0,No Failure,190.3,82.4
H,70.52,3.68,63.98,15.0,1726.01,844.11,1.84,0,No Failure,155.8,70.2
L,70.2,0.97,74.9,17.0,1793.92,1218.46,4.9,0,No Failure,185.2,80.6
L,76.55,3.16,97.32,14.0,1808.44,1329.08,1.76,0,No Failure,170.6,75.4
H,85.43,2.45,71.57,14.0,1800.21,1227.51,0.53,0,No Failure,164.3,73.2
L,63.49,3.97,73.09,10.0,1900.94,1047.81,5.33,0,No Failure,167.2,74.2
L,63.18,3.27,94.79,14.0,1537.67,996.53,5.02,0,No Failure,158.3,71.1
L,74.6,2.29,92.87,13.0,1932.11,1303.49,9.63,0,No Failure,158.9,71.3
L,63.06,7.148,72.14,12.0,1724.14,1287.95,3.86,0,No Failure,183.9,80.1
L,64.33,3.13,91.17,19.0,1612.84,470.614,4.81,0,No Failure,158.5,71.1
M,65.47,2.66,74.34,13.0,1572.89,916.98,3.02,0,No Failure,178.3,78.2
M,62.69,1.76,77.19,15.0,1682.58,1103.07,8.71,0,No Failure,177.0,77.7
M,78.0,3.9,81.86,14.0,2615.92,1104.5,3.05,0,No Failure,161.3,72.1
L,65.29,7.148,84.03,15.0,2097.07,1077.54,3.26,0,No Failure,191.1,82.7
M,71.97,3.94,81.88,9.0,1803.53,1342.46,8.72,0,No Failure,152.9,69.2
L,66.37,0.5,78.92,19.0,2082.17,1064.47,8.38,0,No Failure,141.8,65.2
H,73.41,3.64,106.73,13.0,2375.86,1346.8,1.61,1,Stator Insulation Thermal Fault,8.9,16.2
L,77.73,4.6,64.78,18.0,2389.8,1270.58,0.0,0,No Failure,110.5,54.1
L,71.56,3.55,71.59,17.0,1752.59,1278.51,5.77,0,No Failure,182.4,79.6
H,73.8,3.44,83.21,12.0,2078.95,1075.09,2.65,0,No Failure,181.2,79.2
H,60.05,3.43,111.26,18.0,1427.16,1428.61,3.14,0,No Failure,119.4,57.3
M,78.55,0.72,81.97,15.0,2498.32,1366.65,4.74,0,No Failure,153.5,69.4
H,62.71,3.69,71.86,16.0,1980.43,1359.34,6.33,0,No Failure,173.8,76.6
H,56.71,3.22,80.88,17.0,1466.01,1123.18,7.94,0,No Failure,163.7,73.0
L,74.91,1.65,92.96,14.0,1863.46,984.84,1.52,0,No Failure,164.3,73.2
L,61.26,2.33,93.74,14.0,2249.56,1363.47,7.98,0,No Failure,157.6,70.8
H,56.36,2.82,87.85,15.0,2102.63,1504.75,6.65,0,No Failure,162.9,72.7
H,73.17,4.13,87.46,15.0,2064.27,1532.38,5.79,0,No Failure,165.0,73.4
L,63.65,2.9,74.69,11.0,1648.77,1756.76,3.63,1,High-Torque Shaft Fatigue,12.2,22.1
L,80.59,4.2,69.86,12.0,1919.04,702.55,1.44,0,No Failure,119.8,57.4
M,70.97,3.17,83.87,12.0,1774.55,1393.69,7.44,0,No Failure,183.1,79.9
L,77.5,1.83,81.22,14.0,2015.92,1304.43,10.78,0,No Failure,160.4,71.8
L,68.62,3.64,80.01,16.0,1901.48,1448.04,3.72,0,No Failure,191.4,82.8
L,66.03,3.87,87.96,12.0,2239.52,1272.17,3.73,0,No Failure,176.0,77.3
H,54.76,2.79,88.19,14.0,1605.7,973.59,3.25,0,No Failure,176.1,77.4
H,57.86,1.9,81.715,19.0,2048.06,1170.69,5.88,0,No Failure,154.2,69.6
L,63.58,0.87,101.44,16.0,1742.99,1481.02,4.57,0,No Failure,146.8,67.0
L,53.87,3.75,82.62,17.0,2586.6,1520.94,1.59,0,No Failure,116.5,56.3
M,69.06,3.94,92.04,10.0,1803.76,1283.59,2.52,0,No Failure,168.7,74.8
M,69.34,3.57,77.85,16.0,1880.51,1450.13,6.99,0,No Failure,183.0,79.8
H,56.45,3.77,84.19,15.0,2283.5,799.57,0.44,0,No Failure,136.6,63.4
M,77.91,1.65,86.05,13.0,1889.06,1001.41,5.23,0,No Failure,177.1,77.7
H,66.79,4.12,80.62,14.0,1559.15,1235.39,0.0,0,No Failure,181.3,79.2
L,66.78,2.63,85.41,10.0,1863.24,942.15,6.38,0,No Failure,178.5,78.2
M,71.14,2.1,80.64,15.0,1676.48,1407.58,5.84,0,No Failure,191.4,82.8
L,69.51,2.05,81.62,6.0,2186.34,1591.85,4.91,0,No Failure,173.9,76.6
M,68.31,3.17,78.05,16.0,1452.01,1202.52,4.09,0,No Failure,202.1,86.6
L,78.29,2.67,82.79,15.0,1929.24,1092.95,7.5,0,No Failure,194.0,83.7
L,61.18,2.07,88.27,14.0,1541.36,1187.07,2.17,0,No Failure,181.5,79.3
M,70.7,3.62,76.82,12.0,1711.37,1124.4,4.56,0,No Failure,178.2,78.1
H,69.96,1.43,73.79,14.0,2056.08,1151.8,3.4,0,No Failure,186.8,81.1
M,65.36,2.9,89.23,15.0,1449.27,1001.73,3.19,0,No Failure,187.6,81.5
L,72.42,4.03,68.65,14.0,2112.29,1491.73,5.04,0,No Failure,161.8,72.3
L,62.24,4.38,91.01,13.0,1666.53,1320.85,6.92,0,No Failure,162.6,72.6
M,66.37,2.54,97.6,17.0,2133.87,1191.73,5.89,0,No Failure,177.1,77.7
H,69.39,3.67,81.21,14.0,1325.64,1250.74,8.58,0,No Failure,176.2,77.4
L,72.82,3.23,90.11,13.0,1749.66,1374.93,4.29,0,No Failure,186.5,81.1
M,68.98,2.65,80.21,14.0,1253.05,1165.93,8.27,0,No Failure,182.7,79.7
M,63.38,3.03,98.77,13.0,1835.25,1118.81,2.04,0,No Failure,179.3,78.5
M,73.84,2.92,70.28,12.0,1771.09,1252.19,9.66,0,No Failure,164.9,73.4
H,82.31,4.56,76.6,14.0,1626.23,708.87,3.9,1,Planetary Gearbox Overheat,4.5,20.0
L,66.89,4.18,86.99,18.0,2045.94,1412.52,1.56,0,No Failure,159.0,71.3
H,74.63,2.88,81.01,20.0,1489.73,1207.25,3.93,0,No Failure,171.2,75.6
L,62.98,1.7,80.93,13.0,1715.92,1205.1,3.93,0,No Failure,194.7,84.0
M,75.33,2.41,80.51,13.0,1851.22,1413.06,3.61,0,No Failure,192.3,83.1
L,64.25,2.44,87.37,16.0,2555.52,995.76,9.81,0,No Failure,142.5,65.5
L,65.42,4.07,69.57,14.0,2058.21,905.08,8.88,0,No Failure,151.6,68.7
L,63.08,3.96,88.78,14.0,1783.74,1455.52,0.0,0,No Failure,164.6,73.3
H,57.46,3.28,78.94,16.0,2059.92,1116.78,2.35,0,No Failure,182.5,79.6
L,70.96,2.62,74.01,12.0,2312.19,1163.5,6.95,0,No Failure,175.7,77.2
M,64.22,4.48,87.93,15.0,1649.63,1055.81,6.54,0,No Failure,177.6,77.9
L,79.71,2.51,95.45,16.0,1996.8,1064.35,7.21,0,No Failure,160.1,71.7
L,77.63,5.06,83.21,15.0,1557.2,1432.22,9.22,0,No Failure,141.2,65.0
L,70.35,4.06,77.08,13.0,1158.73,1086.77,2.81,0,No Failure,163.1,72.8
M,62.99,3.1,75.16,10.0,1999.37,1158.52,2.05,0,No Failure,174.6,76.9
L,73.39,2.93,83.96,17.0,1507.66,1367.18,3.99,0,No Failure,181.1,79.1
L,66.47,-1.438,91.7,14.0,2353.2,1334.76,4.78,0,No Failure,183.4,79.9
H,82.44,2.1,76.44,14.0,2309.61,1104.75,0.0,0,No Failure,149.3,67.9
L,77.2,3.45,92.69,12.0,1840.67,1264.62,10.53,0,No Failure,154.4,69.7
L,53.91,1.64,89.43,14.0,1539.95,1062.98,7.64,0,No Failure,149.7,68.0
M,66.21,1.89,83.06,14.0,2780.27,1008.15,6.69,0,No Failure,159.4,71.4
M,62.83,5.58,73.21,11.0,1387.95,1489.14,6.37,1,High-Torque Shaft Fatigue,7.3,12.1
M,73.08,3.18,84.62,12.0,1553.5,1018.91,1.56,0,No Failure,169.7,75.1
M,64.75,3.43,104.27,15.0,1850.49,1166.96,0.81,0,No Failure,175.9,77.3
M,75.92,2.1,73.51,18.0,1880.83,1135.07,6.43,0,No Failure,169.1,74.9
M,66.97,3.27,65.69,10.0,1804.39,1450.36,6.32,1,High-Torque Shaft Fatigue,5.2,25.6
M,66.12,3.89,70.05,16.0,1393.76,1267.01,1.91,0,No Failure,160.5,71.9
H,63.04,2.83,70.41,13.0,1842.38,1455.75,4.07,0,No Failure,186.1,80.9
M,72.81,0.59,64.89,15.0,1364.27,943.41,7.5,0,No Failure,129.7,60.9
